timestamp,SE1,SE2,SE3,SE4
2030-01-01 00:00:00,0.00010602091673785321,0.00010231020412777205,9.339577606940573e-05,8.271930718551192e-05
2030-01-01 01:00:00,0.00010700089025820626,0.00010135851158528562,9.308657028960381e-05,8.220167229255073e-05
2030-01-01 02:00:00,0.0001067615209701989,0.00010064585016593556,9.257865745972048e-05,8.176381394564543e-05
2030-01-01 03:00:00,0.00010590653682452335,0.00010021497791534504,9.210084790244153e-05,8.153719702275643e-05
2030-01-01 04:00:00,0.00010760236470167873,0.0001003894822175846,9.248321702154535e-05,8.172965738505141e-05
2030-01-01 05:00:00,0.00010836682135097494,0.00010235533968724715,9.383580419876665e-05,8.329576819277118e-05
2030-01-01 06:00:00,0.00011110877993269398,0.00010661021634838398,9.680845957137279e-05,8.695196927797318e-05
2030-01-01 07:00:00,0.00011260162920388514,0.0001103683002468565,9.996323866258753e-05,8.961070042722316e-05
2030-01-01 08:00:00,0.00011286095298399123,0.00011217820701517878,0.00010204109438266176,9.092346955941671e-05
2030-01-01 09:00:00,0.00011429606812633089,0.00011496429696247526,0.00010258696774248315,9.084186216922426e-05
2030-01-01 10:00:00,0.00011388169493183039,0.00011637838249313561,0.00010373385247671178,9.283589810686202e-05
2030-01-01 11:00:00,0.00011400274694667869,0.00011585783775833589,0.0001049489200482263,9.378814942159852e-05
2030-01-01 12:00:00,0.00011482657760035291,0.00011548578369276357,0.0001058744110676047,9.462489475526988e-05
2030-01-01 13:00:00,0.00011745092174104415,0.00011634248883738412,0.00010706525735225873,9.498392174887588e-05
2030-01-01 14:00:00,0.00011770709753034584,0.00011892418620527618,0.00010866278275963507,9.622723171299845e-05
2030-01-01 15:00:00,0.00011841241118332903,0.00012163877615662206,0.0001109960451599828,9.819885704415946e-05
2030-01-01 16:00:00,0.00011806781505727535,0.00012137179571251798,0.00011214349485916484,0.00010089834143552794
2030-01-01 17:00:00,0.00011836762086508837,0.00012082957536345685,0.0001114672596127189,0.00010033981304726427
2030-01-01 18:00:00,0.00011725886679871647,0.0001180588326742844,0.00010988748319764323,9.87106911073002e-05
2030-01-01 19:00:00,0.00011565073775086825,0.00011552559960630284,0.00010826685015897207,9.711042662502041e-05
2030-01-01 20:00:00,0.00011439599842515912,0.00011302145996261441,0.00010597561923358424,9.460463809111727e-05
2030-01-01 21:00:00,0.00011427529706340006,0.00011030404351705955,0.0001032784099183265,9.243326161982352e-05
2030-01-01 22:00:00,0.0001122432674300164,0.00010829463063948091,0.00010114173298479122,9.012365147091511e-05
2030-01-01 23:00:00,0.00010973715992734049,0.00010596388254105388,9.948934458574042e-05,8.926002765430191e-05
2030-01-02 00:00:00,0.0001130989475708745,0.00011425319671458306,0.00010444128032630709,9.362418153693232e-05
2030-01-02 01:00:00,0.00011090693399590751,0.00011280807036818407,0.00010290578741530133,9.274467375402054e-05
2030-01-02 02:00:00,0.0001103136569829306,0.00011183873855571151,0.00010176014021446638,9.159138179973556e-05
2030-01-02 03:00:00,0.00011022044545034966,0.00011188657699690388,0.00010210918867245115,9.099910021936174e-05
2030-01-02 04:00:00,0.000112318030623858,0.00011361272889463467,0.00010268202824824301,9.239873096169996e-05
2030-01-02 05:00:00,0.00011363658490246652,0.00011683063699622376,0.00010546692885402165,9.659636211210001e-05
2030-01-02 06:00:00,0.00011729484823064628,0.00012524680220950927,0.00011336795673203945,0.00010650681480843397
2030-01-02 07:00:00,0.00012116541452046736,0.00013410007987286785,0.00012159491474133964,0.00011652888740903745
2030-01-02 08:00:00,0.00012310223580527406,0.00013909217490148468,0.00012501373056560805,0.00012067593312114267
2030-01-02 09:00:00,0.00012483555958527656,0.0001416760789612307,0.0001267339930965025,0.00012235300827791274
2030-01-02 10:00:00,0.00012527524457718825,0.00014145163892900244,0.00012897992223094218,0.00012385921416437933
2030-01-02 11:00:00,0.0001259212455503771,0.00014167712464990324,0.00012910528474027088,0.00012468077933275697
2030-01-02 12:00:00,0.00012686965837086108,0.00014091320502121886,0.00012910293713340278,0.00012318579934371968
2030-01-02 13:00:00,0.0001279409188196337,0.00014093957668056224,0.0001278821055713411,0.0001229927208329671
2030-01-02 14:00:00,0.00012705336304884513,0.00014196964823568817,0.00012776884143094985,0.00012180694725035496
2030-01-02 15:00:00,0.00012743727019463635,0.0001415441445109222,0.00012763729616516178,0.0001202566082991291
2030-01-02 16:00:00,0.00012514559398615454,0.00013854503628007116,0.00012663919013777201,0.00011836664429816653
2030-01-02 17:00:00,0.00012293522890889337,0.00013541561517507806,0.00012513175311096251,0.0001166453337013736
2030-01-02 18:00:00,0.00012055343415105285,0.0001315056617300167,0.00012160968962557496,0.00011306057926855247
2030-01-02 19:00:00,0.00012014923420564925,0.0001276816657236979,0.0001184545540930905,0.00011029072205900574
2030-01-02 20:00:00,0.00011791737678990004,0.00012468139519714817,0.00011576490814703855,0.00010697530565825577
2030-01-02 21:00:00,0.00011695260293862205,0.00012125924512432344,0.00011191207095949067,0.00010302382506746351
2030-01-02 22:00:00,0.00011402157713760582,0.00011745076984550442,0.00010771514386854805,9.975645595443406e-05
2030-01-02 23:00:00,0.00011111004355341275,0.0001149975989147779,0.0001059601647303902,9.745347896803149e-05
2030-01-03 00:00:00,0.00011037460217218173,0.00011731020531095216,0.00010603539326791641,9.709619601354893e-05
2030-01-03 01:00:00,0.00010950409609068,0.00011441035401374506,0.0001049089023164443,9.664716468757267e-05
2030-01-03 02:00:00,0.00010981894025490337,0.00011406242359156813,0.00010364460508765193,9.596555614373189e-05
2030-01-03 03:00:00,0.00011071514178665495,0.00011411924852476816,0.00010388079788790771,9.524087174969068e-05
2030-01-03 04:00:00,0.00011195091936102092,0.00011578713267485349,0.00010492350069536791,9.747512296008604e-05
2030-01-03 05:00:00,0.00011367288369860066,0.00012108598603806118,0.00010898985241718253,0.00010195755902026229
2030-01-03 06:00:00,0.00011913064026057625,0.00013352465928261403,0.00011894613915476513,0.00011498306908661507
2030-01-03 07:00:00,0.0001222607832552713,0.00014246268508959914,0.0001282271084864063,0.0001260244758720267
2030-01-03 08:00:00,0.00012424665419627517,0.00014865588396791005,0.00013260216503565078,0.00012962089301467596
2030-01-03 09:00:00,0.0001278269975035831,0.00014964640353283366,0.00013350721073248834,0.00013118118617200217
2030-01-03 10:00:00,0.0001276624070969454,0.00014995637202402205,0.00013515439534733128,0.00013234567472745264
2030-01-03 11:00:00,0.00012696165116574094,0.000150974393543681,0.00013619990329612428,0.0001318087084499472
2030-01-03 12:00:00,0.00012881146821524462,0.0001490425019530679,0.0001356874182508624,0.00013101762857537885
2030-01-03 13:00:00,0.00012999496063264779,0.000149011490355836,0.00013550270683271442,0.00013070151353044478
2030-01-03 14:00:00,0.0001290107789871762,0.00014871587625436668,0.0001350981157568194,0.00012875264699135333
2030-01-03 15:00:00,0.00012748783460770962,0.00014742521439070695,0.00013514484228106563,0.00012801931027568727
2030-01-03 16:00:00,0.00012451931594159474,0.0001417176224339364,0.00013350827769753018,0.0001251350815031441
2030-01-03 17:00:00,0.00012372888776395822,0.00013933450692180888,0.00013203593595010604,0.0001234948768383469
2030-01-03 18:00:00,0.00012269739803642035,0.00013694808317788487,0.00012943498278860632,0.00012137358347728273
2030-01-03 19:00:00,0.00012136022936693224,0.00013369646562592493,0.00012589049618113557,0.00011878910816290504
2030-01-03 20:00:00,0.00012112038487243929,0.00013016541519893303,0.00012256072506004615,0.00011424575502969956
2030-01-03 21:00:00,0.00012100989491240538,0.00012695659808849538,0.00011843470670714772,0.00011075581754019096
2030-01-03 22:00:00,0.00011808917500628254,0.0001236178385513891,0.00011442861245055248,0.00010728835809693906
2030-01-03 23:00:00,0.0001155596651275401,0.00012099791144252949,0.00011139552516989707,0.00010457585291907137
2030-01-04 00:00:00,0.00010977264842521958,0.00011370540783815074,0.00010756724563363409,0.00010146457698480914
2030-01-04 01:00:00,0.00011017238395222653,0.00011458172017373371,0.00010739680134410454,0.00010041356250910158
2030-01-04 02:00:00,0.00011011129902619465,0.00011494692407509298,0.00010711991378400783,0.00010056328471881673
2030-01-04 03:00:00,0.00010939739585407498,0.00011610616175914185,0.00010787573707707297,0.00010215073818641221
2030-01-04 04:00:00,0.00011129901548486042,0.00011949911386747387,0.0001117384319318402,0.00010713869762583898
2030-01-04 05:00:00,0.00011551052339335568,0.0001303221192657588,0.00012156280220726009,0.00011981583642924079
2030-01-04 06:00:00,0.00012154248834749376,0.00014533037778175745,0.00013551540678382787,0.00013649635924246344
2030-01-04 07:00:00,0.00012581639105796585,0.00015575989668593598,0.0001444177621811852,0.00014937383602162986
2030-01-04 08:00:00,0.00012772356703701104,0.00015646786512621094,0.00014685586131262467,0.00015234990079826874
2030-01-04 09:00:00,0.00012736220433048385,0.0001561595335189355,0.00014680565916287084,0.00015252563646576768
2030-01-04 10:00:00,0.00012712159982509737,0.00015638836014471007,0.00014715912462696725,0.0001528470259301311
2030-01-04 11:00:00,0.00012709315281391465,0.0001568902582703759,0.0001462109130632841,0.00015135537337288338
2030-01-04 12:00:00,0.00012814934763381866,0.00015542639790389084,0.00014558366005580384,0.00014953146791123382
2030-01-04 13:00:00,0.0001281678134195028,0.00015666538394454126,0.00014545238404236664,0.00014956660457749658
2030-01-04 14:00:00,0.0001277934164166162,0.00015773594385504959,0.00014487986790958713,0.0001479456767456171
2030-01-04 15:00:00,0.00012602169603160757,0.0001539551190679221,0.00014323086500188248,0.00014327496722923611
2030-01-04 16:00:00,0.0001237596215216898,0.00014581320031654033,0.00013996938127022014,0.00013740592872128773
2030-01-04 17:00:00,0.00012262314470988045,0.00014052352749790786,0.00013699116901483464,0.00013289330837377655
2030-01-04 18:00:00,0.00012139685776355402,0.00013767820658085536,0.00013365040909630303,0.00012884862352106045
2030-01-04 19:00:00,0.00012072131504500569,0.00013493530634295768,0.000130904868056864,0.0001267274841361011
2030-01-04 20:00:00,0.00011875265704462187,0.00013106490501109343,0.00012717644879281842,0.00012236694450738767
2030-01-04 21:00:00,0.00011719711409576327,0.00012736421208199724,0.00012247823261052871,0.00011728937517491988
2030-01-04 22:00:00,0.00011449899468634166,0.00012372257902747106,0.00011798633568505879,0.0001126491584816479
2030-01-04 23:00:00,0.00011194497103149547,0.0001195217113796446,0.0001140083818886006,0.0001083750939942663
2030-01-05 00:00:00,0.00011016646776990128,0.00011516427801596154,0.0001092091858431837,0.00010182331004839704
2030-01-05 01:00:00,0.00010969911587806067,0.00011425966951605081,0.0001073578656699832,9.979554819662744e-05
2030-01-05 02:00:00,0.00010838943496585902,0.0001122765082382762,0.00010629529086007277,9.940443328630179e-05
2030-01-05 03:00:00,0.00010809940218434752,0.00011244159392486097,0.0001062142237961748,0.00010040451238611381
2030-01-05 04:00:00,0.0001097276740916318,0.00011431237394125588,0.00010719871376421985,0.00010135846753780558
2030-01-05 05:00:00,0.0001118621477468964,0.00011986849927231469,0.00011230583882348997,0.000107266084860618
2030-01-05 06:00:00,0.0001176038497105236,0.00013156952865803548,0.00012296985234018862,0.00012100106526539029
2030-01-05 07:00:00,0.00011905458579308537,0.0001417414601458891,0.00013264052944709877,0.0001339179061044738
2030-01-05 08:00:00,0.00012099592714358069,0.0001452887869748236,0.00013633415471200783,0.0001373696966585064
2030-01-05 09:00:00,0.00012205159276989494,0.00014659151834224037,0.00013709657023424396,0.0001377438951050117
2030-01-05 10:00:00,0.00012170658988630285,0.00014631294574525468,0.00013810503814874414,0.00013956204163420574
2030-01-05 11:00:00,0.00012217303013725743,0.00014698715548747794,0.00013762961487225834,0.00013911766733760265
2030-01-05 12:00:00,0.00012305236292692578,0.0001459674552754839,0.0001368085149052333,0.00013722686179420978
2030-01-05 13:00:00,0.0001231546146060319,0.00014642866466425063,0.000136165965166927,0.0001372096328652751
2030-01-05 14:00:00,0.00012274571388253013,0.00014786059113121503,0.0001362259037995205,0.00013639464376045293
2030-01-05 15:00:00,0.00012063031345095348,0.00014640968833981742,0.00013608958790306845,0.00013449632260548812
2030-01-05 16:00:00,0.00011885123848573525,0.00014160911017948742,0.00013487482001532354,0.00012989665656267454
2030-01-05 17:00:00,0.00011812433002280877,0.0001369177445135391,0.00013218723119498734,0.0001259312804347148
2030-01-05 18:00:00,0.00011782924059453536,0.00013331722901135972,0.00012812063864923832,0.00012176855969307812
2030-01-05 19:00:00,0.0001173224556680206,0.00013020245345755753,0.00012490559668139963,0.00011918769100518385
2030-01-05 20:00:00,0.00011631585110155928,0.0001266489170452444,0.0001219473282994429,0.00011587179512179692
2030-01-05 21:00:00,0.00011584431440480897,0.0001250461193856861,0.00011758669494191387,0.00011128861502259204
2030-01-05 22:00:00,0.00011267764030565612,0.000121092966672944,0.00011441083402089343,0.00010730407355494055
2030-01-05 23:00:00,0.00010976727598002831,0.00011766023978160422,0.00011201037897284852,0.0001039910568817539
2030-01-06 00:00:00,0.00010733331684581831,0.00011164606847524079,0.00010892911074289195,9.861291497351568e-05
2030-01-06 01:00:00,0.00010702812312363204,0.00010992044584418148,0.0001079718998114156,9.758017094780608e-05
2030-01-06 02:00:00,0.00010584729438274738,0.00010705479036591372,0.00010671085142779569,9.71645407372309e-05
2030-01-06 03:00:00,0.00010598257269210877,0.000106807317937032,0.00010656145722703486,9.618714219304197e-05
2030-01-06 04:00:00,0.00010711878608908471,0.0001082769481236572,0.0001074025668313865,9.7765518142853e-05
2030-01-06 05:00:00,0.00010933646594993247,0.00011159562713310302,0.00010952222883204753,0.00010013829412480327
2030-01-06 06:00:00,0.00011200297862402867,0.00011820311053389654,0.00011463499764766976,0.00010565382213420646
2030-01-06 07:00:00,0.00011369694840090718,0.000122331916618172,0.00011864868160225731,0.00011028139423437976
2030-01-06 08:00:00,0.00011662000452284438,0.00012598698458447604,0.00012167484361842669,0.00011261280297247182
2030-01-06 09:00:00,0.00011708012905685782,0.00012833631970783198,0.00012283924508715225,0.00011410338682664837
2030-01-06 10:00:00,0.00011702392105976227,0.0001293176349938288,0.0001249603117615098,0.00011600852380373775
2030-01-06 11:00:00,0.00011704116492757878,0.00012920278925559407,0.00012577784326192417,0.00011694697732259109
2030-01-06 12:00:00,0.00011816948657291766,0.0001283449009144876,0.0001255183175953479,0.0001170562739843732
2030-01-06 13:00:00,0.00011925150381508866,0.00012761368787387684,0.00012489015938803546,0.00011572674631938755
2030-01-06 14:00:00,0.0001185561749000058,0.00012794350097534442,0.00012517227977468004,0.00011453634589273651
2030-01-06 15:00:00,0.00011957299687632766,0.00012935520123978043,0.00012594159581627692,0.00011575117853202972
2030-01-06 16:00:00,0.00011851808203204292,0.0001272990377877403,0.00012607919609503986,0.00011589910502271106
2030-01-06 17:00:00,0.00011660986611608236,0.0001240065618694498,0.0001242892296290028,0.00011447663811110937
2030-01-06 18:00:00,0.00011354448531529217,0.0001212437046243824,0.0001217633309657269,0.0001114863064986196
2030-01-06 19:00:00,0.00011294539625705199,0.00011878665017281704,0.0001192988447361608,0.00010857163174347391
2030-01-06 20:00:00,0.00011298771523219047,0.00011682877081699289,0.00011699079587754398,0.00010526255329495972
2030-01-06 21:00:00,0.00011245359245053288,0.0001143300643060177,0.00011432933361214718,0.00010263811157726277
2030-01-06 22:00:00,0.00010962620108012146,0.00011191033065328237,0.00011122645155743152,9.97605910284434e-05
2030-01-06 23:00:00,0.00010750703689494326,0.00011045876894166717,0.00010937120530484613,9.81612409995079e-05
2030-01-07 00:00:00,0.00010701930865118778,0.00010846506231170676,0.00010730319713086527,9.847390498115195e-05
2030-01-07 01:00:00,0.00010637966898726334,0.00010545769760829195,0.0001064948975968624,9.762896251075404e-05
2030-01-07 02:00:00,0.00010585049211358333,0.00010603701999830888,0.00010532330879976456,9.632688065161047e-05
2030-01-07 03:00:00,0.00010659860145894265,0.00010584882973971455,0.0001052811544240728,9.647425422288357e-05
2030-01-07 04:00:00,0.0001090655497907864,0.0001077952542855983,0.00010705420759536933,9.897330718063758e-05
2030-01-07 05:00:00,0.00011109428009762408,0.00011580772336811882,0.00011317052101452344,0.00010731989331297208
2030-01-07 06:00:00,0.00011615630993906986,0.00012702132489562552,0.00012422507725641575,0.00011965193164327966
2030-01-07 07:00:00,0.00011971240718233851,0.00013561700632999638,0.00013167907325741538,0.0001307179763704492
2030-01-07 08:00:00,0.00012206468460352102,0.00013949831570190922,0.00013533765240982717,0.00013399647149448343
2030-01-07 09:00:00,0.00012313656690137877,0.00014153150646939263,0.00013674926542517313,0.00013621722878962125
2030-01-07 10:00:00,0.00012172311923833512,0.00014200146498339117,0.0001379561202902541,0.0001387634129410357
2030-01-07 11:00:00,0.00012204754275536721,0.00014283736933128532,0.000138302481874658,0.00013746481394160632
2030-01-07 12:00:00,0.00012236504854542718,0.00014197336287816157,0.0001378813270425979,0.00013734705577891885
2030-01-07 13:00:00,0.0001234382267312352,0.0001419191759517529,0.00013751270807249434,0.00013663855665359492
2030-01-07 14:00:00,0.00012348171233628495,0.00014233826805799338,0.00013719133008400743,0.0001347101524129214
2030-01-07 15:00:00,0.00012411241335652157,0.00013945732167931505,0.00013620280027327168,0.000131716763518325
2030-01-07 16:00:00,0.00012208180649506738,0.00013441781216481658,0.0001332872247191384,0.0001285176987139323
2030-01-07 17:00:00,0.00012024179775653487,0.00013054813944575773,0.00012954554025165256,0.00012382108763590288
2030-01-07 18:00:00,0.0001197076090578997,0.00012575634299598316,0.0001253549999805525,0.00011919642523937032
2030-01-07 19:00:00,0.000120122252185719,0.00012219397173876667,0.00012140116224969358,0.00011482708413116014
2030-01-07 20:00:00,0.00011882466972324164,0.00011963771998750239,0.00011809845522683934,0.00011121552393432637
2030-01-07 21:00:00,0.00011810084157198041,0.0001157197219203225,0.0001141663101987985,0.00010772582827507421
2030-01-07 22:00:00,0.0001157159262574464,0.0001128239769627384,0.0001109304630815759,0.00010271166426386353
2030-01-07 23:00:00,0.00011409558022605955,0.00010918759778036798,0.00010819968681123183,9.989144963204715e-05
2030-01-08 00:00:00,0.0001131497916337915,0.00010480986767118176,0.0001030210740184788,9.333066782633478e-05
2030-01-08 01:00:00,0.00011261846470243872,0.00010372208360883307,0.00010184936635703533,9.162500899158465e-05
2030-01-08 02:00:00,0.0001120520848133204,0.00010233393684271668,0.00010098369867201757,9.092071073531156e-05
2030-01-08 03:00:00,0.00011141491791495074,0.00010210016947736525,0.00010062227046725821,9.209812220626263e-05
2030-01-08 04:00:00,0.00011303288433791228,0.00010391074572696149,0.00010093727486668711,9.343497152549687e-05
2030-01-08 05:00:00,0.00011661984734468571,0.00010942033118668934,0.00010501208645145441,9.864172917457783e-05
2030-01-08 06:00:00,0.00011998898445387743,0.00011702895781778177,0.00011198781594416168,0.00010808785290350876
2030-01-08 07:00:00,0.00012285740813056188,0.00012270894118316953,0.00011740119162494864,0.00011595404198409104
2030-01-08 08:00:00,0.0001237696385028478,0.00012550123768945886,0.00011998732377118155,0.00011884093097563631
2030-01-08 09:00:00,0.000125238400209143,0.00012785549372923373,0.00012143697928855554,0.00012082839935821185
2030-01-08 10:00:00,0.00012439344914456262,0.00012734520732217856,0.00012383497354068106,0.00012340231664533153
2030-01-08 11:00:00,0.0001246819021253304,0.00012892132633698935,0.00012406162356568633,0.000123437728907459
2030-01-08 12:00:00,0.00012599010839724087,0.0001285378786628938,0.00012429958376564623,0.00012362681181347256
2030-01-08 13:00:00,0.0001269538539060357,0.00012742062688599998,0.0001231616242807213,0.00012242662416490083
2030-01-08 14:00:00,0.00012609128561430323,0.00012722110275671842,0.0001230005903615052,0.00012028151191399239
2030-01-08 15:00:00,0.00012497162880725687,0.00012482575121461353,0.00012232938635319676,0.00011818938061787518
2030-01-08 16:00:00,0.0001238736497389145,0.0001222181230480809,0.00012198293204244832,0.00011671795706055807
2030-01-08 17:00:00,0.00012310343594159215,0.00011888190935274831,0.00011937672258488225,0.00011406517633803944
2030-01-08 18:00:00,0.00012043428084854775,0.00011616341015501541,0.00011628184395442346,0.00011057497574530807
2030-01-08 19:00:00,0.00011968593653730847,0.000112210020932444,0.00011266830549262497,0.0001062565415232839
2030-01-08 20:00:00,0.00011889182465627108,0.00010931186085134638,0.00011000200244428869,0.00010279270959227161
2030-01-08 21:00:00,0.00011771430835646625,0.00010797874891388729,0.00010729256257805879,9.899758168614424e-05
2030-01-08 22:00:00,0.0001155956846074177,0.00010388823770478507,0.00010401662830294116,9.615334451664137e-05
2030-01-08 23:00:00,0.00011352903726338939,0.00010191462360049753,0.0001013967304750245,9.40289678362956e-05
2030-01-09 00:00:00,0.00011153058771071542,0.00010314389490519063,0.00010140778812444225,9.269391170856394e-05
2030-01-09 01:00:00,0.00011075719466093908,0.00010049361682996341,9.998651656853435e-05,9.175043423807054e-05
2030-01-09 02:00:00,0.00010977898506737068,0.000100562249162677,9.959313527511879e-05,9.138335551926419e-05
2030-01-09 03:00:00,0.00011039069358399843,0.00010133333671216951,9.894147223913895e-05,9.151161134664196e-05
2030-01-09 04:00:00,0.00011238272077542477,0.00010263551672978316,9.962642362546542e-05,9.267213815432156e-05
2030-01-09 05:00:00,0.00011343132197695648,0.00010531433414068272,0.00010229436250786724,9.541114067080318e-05
2030-01-09 06:00:00,0.00011512679388291674,0.00011155683075451775,0.00010787749904405457,0.00010360783504744907
2030-01-09 07:00:00,0.00011669662954876058,0.0001165937062998941,0.00011393794974813827,0.00011186132235235663
2030-01-09 08:00:00,0.00011837294646329654,0.00012232658296424097,0.0001176246572139954,0.00011478980598345108
2030-01-09 09:00:00,0.00011967113182866623,0.00012454119372859327,0.00011931097734124523,0.00011594782812199557
2030-01-09 10:00:00,0.00011941005810849506,0.0001254098658925057,0.00012175272162883248,0.0001179805446719348
2030-01-09 11:00:00,0.00012015079070653027,0.00012729793389798803,0.0001226021526158034,0.00011856045286245949
2030-01-09 12:00:00,0.00012042308164122694,0.0001271995318590661,0.00012198434983748258,0.00011787456367073989
2030-01-09 13:00:00,0.0001196643580365784,0.0001255651212478825,0.00012195707366853413,0.00011811156822727445
2030-01-09 14:00:00,0.00011969605472606054,0.00012559692824951968,0.00012203086869778539,0.00011783096239838774
2030-01-09 15:00:00,0.00012050982192601184,0.00012633226988497962,0.00012350964664490605,0.00011853721810484359
2030-01-09 16:00:00,0.00011955599099148462,0.0001238654956718053,0.0001235949911109957,0.00011726812467081484
2030-01-09 17:00:00,0.00011943261872836054,0.00012068719402857182,0.00012244827236067665,0.00011568362545675914
2030-01-09 18:00:00,0.00011858414310804096,0.0001184977527569608,0.00011977121286935871,0.00011232086280528025
2030-01-09 19:00:00,0.00011713350742265509,0.00011559573764606666,0.00011791036321096577,0.0001112624467285643
2030-01-09 20:00:00,0.00011540565966198058,0.00011260458325823768,0.00011468078107105357,0.00010786630179464994
2030-01-09 21:00:00,0.00011400337825912407,0.00010912541430392498,0.0001117070771145218,0.00010449706872723351
2030-01-09 22:00:00,0.00011183810580813626,0.00010620397203938494,0.0001085255025972838,0.00010133827495872465
2030-01-09 23:00:00,0.00010967104823029122,0.00010421088655298834,0.00010614618211656184,9.880133358988375e-05
2030-01-10 00:00:00,0.00010672122533234726,0.00010632434309571921,0.00010727114256470128,0.00010064585595362712
2030-01-10 01:00:00,0.00010641224771632949,0.00010582219176493162,0.00010577728222088773,9.933726850549633e-05
2030-01-10 02:00:00,0.00010596600452607738,0.00010536100656740968,0.00010532541834384225,9.91560585346916e-05
2030-01-10 03:00:00,0.00010638634499595751,0.00010601109714836009,0.00010583965956301102,9.936314404591229e-05
2030-01-10 04:00:00,0.00010788189606442568,0.00010977073246357501,0.00010875864099290622,0.0001032079695402912
2030-01-10 05:00:00,0.00011073241888582403,0.00011811640683209165,0.0001155157156030183,0.00011267210331349458
2030-01-10 06:00:00,0.00011652836276278898,0.00013071591614108308,0.00012698436613065237,0.00012781199647194942
2030-01-10 07:00:00,0.000120319945991392,0.00014040994969781166,0.00013572756344211554,0.00014001092345059072
2030-01-10 08:00:00,0.00012272033085873574,0.0001449872878985674,0.00013860789207964622,0.0001428602233267779
2030-01-10 09:00:00,0.00012393795760803496,0.00014544434085015062,0.0001389149308659569,0.0001425495667666142
2030-01-10 10:00:00,0.00012382291552730698,0.0001456956530116754,0.00014050135347046976,0.0001432654157776251
2030-01-10 11:00:00,0.00012530616450383397,0.00014620699986791222,0.00014043917190569274,0.0001426600017923183
2030-01-10 12:00:00,0.00012675258382146556,0.0001467433517215701,0.00014049777117678205,0.00014165493682283275
2030-01-10 13:00:00,0.0001280068828464156,0.0001464543925573038,0.0001399289073022411,0.00014156217695683587
2030-01-10 14:00:00,0.00012845403078240388,0.00014648968889328703,0.0001400384559785658,0.00014020174085516902
2030-01-10 15:00:00,0.00012818335445117677,0.0001442996284848799,0.00013891604776507181,0.00013919001324040687
2030-01-10 16:00:00,0.00012530894732489228,0.00013928584990068486,0.0001370060637638285,0.00013414278383617193
2030-01-10 17:00:00,0.00012088136964304077,0.00013412376192023355,0.00013470150454354378,0.0001313964688565255
2030-01-10 18:00:00,0.00011899170843988094,0.00013011655893712846,0.00013160108246895114,0.0001282145995257917
2030-01-10 19:00:00,0.00011801309405346303,0.00012723594544071702,0.00012804924446783837,0.00012471949654004565
2030-01-10 20:00:00,0.00011662356738487689,0.00012418952005885256,0.00012454518213856833,0.00012052657826238159
2030-01-10 21:00:00,0.0001153671349263806,0.00012113030620796213,0.00012011805681318312,0.00011593309204807908
2030-01-10 22:00:00,0.00011290232285135246,0.00011742388844647068,0.00011537445751684067,0.00011149992324055813
2030-01-10 23:00:00,0.00010957093841068493,0.00011310363388862299,0.00011226377736199928,0.00010786807873770871
2030-01-11 00:00:00,0.00011357052433859477,0.00011595011183054745,0.00011280796205231229,0.00010645158626065257
2030-01-11 01:00:00,0.00011282856255539772,0.00011463582180801512,0.0001112848395652768,0.0001046810944694912
2030-01-11 02:00:00,0.00011163833875576716,0.00011353854555690691,0.00011064941926165159,0.00010398677077115311
2030-01-11 03:00:00,0.00011063053290998543,0.00011359092372076839,0.00011100102256819557,0.0001044047009828913
2030-01-11 04:00:00,0.00011279309846783388,0.00011810882742807106,0.00011220656688887543,0.00010665013420769401
2030-01-11 05:00:00,0.00011540498606452488,0.00012577632283462925,0.0001185216462819616,0.00011459120240811744
2030-01-11 06:00:00,0.00012441586422877205,0.00014133994942647216,0.0001340230817022886,0.0001338987365101832
2030-01-11 07:00:00,0.00012660478108706723,0.0001539153373262242,0.00014747257234668995,0.00015230092442641122
2030-01-11 08:00:00,0.0001287101484613227,0.0001568240025264911,0.00015263601077226407,0.00015875417265155458
2030-01-11 09:00:00,0.00013069971001440352,0.00015656926171948532,0.00015290635931374856,0.00015770269768423223
2030-01-11 10:00:00,0.00013176951053695544,0.00015646727645975638,0.00015283397370228008,0.00015913534559135802
2030-01-11 11:00:00,0.00012981285775425346,0.00015601895759435218,0.00015257026956221224,0.00015721848075682415
2030-01-11 12:00:00,0.00013007623876569867,0.00015497861422359208,0.00015125685006115816,0.00015426442362942729
2030-01-11 13:00:00,0.00013118978615351895,0.00015404821599231626,0.0001495878835973578,0.00015327594479015534
2030-01-11 14:00:00,0.00013109834779183785,0.00015397745017561382,0.00014903241717704845,0.000151935991999089
2030-01-11 15:00:00,0.0001316936621239551,0.0001531385463346468,0.00014811692796205177,0.0001500758769639995
2030-01-11 16:00:00,0.00012738174642162306,0.00014576558452813093,0.00014488050612725286,0.00014366754390942313
2030-01-11 17:00:00,0.00012619388541529935,0.0001396527959356638,0.00014146538645884183,0.0001391264999782345
2030-01-11 18:00:00,0.0001226788744087702,0.00013390409885116663,0.00013565183588755368,0.00013274932911360162
2030-01-11 19:00:00,0.00012262808935938497,0.00012817457927912933,0.0001317384947471963,0.00012816899496018275
2030-01-11 20:00:00,0.00012117330832211449,0.00012458182866148163,0.00012710993364464492,0.0001232143501363615
2030-01-11 21:00:00,0.00011971681315623656,0.00012151395945762174,0.00012205850173145107,0.00011836787617510969
2030-01-11 22:00:00,0.00011734355952179907,0.00011725830872844397,0.00011698329660205013,0.00011393686622586784
2030-01-11 23:00:00,0.00011617443452585196,0.00011605768527157788,0.00011303222038711426,0.00010854727617888276
2030-01-12 00:00:00,0.00011588789541303835,0.00011532282331097134,0.00011286668255131434,0.000106556934049556
2030-01-12 01:00:00,0.00011476615794017555,0.00011297665262170944,0.00011102048701371148,0.00010500803496461902
2030-01-12 02:00:00,0.00011357529665240659,0.00011124696786654373,0.00011013093291504454,0.00010427148307674285
2030-01-12 03:00:00,0.00011291112986760592,0.0001100837063512336,0.00011000596569216431,0.00010417268735895836
2030-01-12 04:00:00,0.00011434956609872085,0.00011295742394356914,0.00011143601085026742,0.00010559308911622697
2030-01-12 05:00:00,0.00011584566550499867,0.00011812111460595335,0.00011697504123884785,0.00011212999127088272
2030-01-12 06:00:00,0.00012202764656290086,0.0001308129226255176,0.00012929140299126126,0.0001276206324822558
2030-01-12 07:00:00,0.00012601289278536403,0.00014197918876141343,0.0001408984162277029,0.00014301211840656754
2030-01-12 08:00:00,0.00012871138506269846,0.00014610563991563437,0.00014534557472345243,0.0001477970922445967
2030-01-12 09:00:00,0.00013027043936094675,0.00014822070647858165,0.00014601159885280527,0.0001465668717107897
2030-01-12 10:00:00,0.00012857595904125935,0.00014905683059921986,0.0001469052242212362,0.00014834918630696257
2030-01-12 11:00:00,0.0001272891984289792,0.00014771802514159554,0.00014657939165149412,0.00014757660013345756
2030-01-12 12:00:00,0.0001291648654489678,0.00014815133114003202,0.00014519873400828536,0.0001457331417271744
2030-01-12 13:00:00,0.00013094212654139959,0.00014853500787262862,0.00014481474386610112,0.00014587737602383917
2030-01-12 14:00:00,0.0001317181025177848,0.0001481573123029083,0.00014504375501236182,0.00014617264352595005
2030-01-12 15:00:00,0.00013152804062416205,0.0001494087207049195,0.00014539283922666824,0.0001460343629248289
2030-01-12 16:00:00,0.00012839238490367923,0.0001438287624699494,0.00014325559356369284,0.00014108703652134264
2030-01-12 17:00:00,0.00012705186972612054,0.00013737252722865095,0.0001399935950671739,0.0001375739860942728
2030-01-12 18:00:00,0.00012466522424629697,0.0001335770548229443,0.0001363275159286543,0.00013198451632945746
2030-01-12 19:00:00,0.00012462358559635507,0.00013133788486333268,0.00013204495396605207,0.00012748450736601956
2030-01-12 20:00:00,0.0001235371635492571,0.0001280227306828428,0.00012885786294335072,0.00012345770605932
2030-01-12 21:00:00,0.0001221921254371279,0.00012435821977539545,0.00012479818557881303,0.00011824948897341025
2030-01-12 22:00:00,0.00012024390445498758,0.00012008023462899577,0.00012023773181573638,0.0001137325812684619
2030-01-12 23:00:00,0.00011891013950120755,0.00011632830816110899,0.00011690560189511161,0.00011032061672062821
2030-01-13 00:00:00,0.00011392036037797856,0.00010830193438896275,0.00011070906619095658,0.00010365326768432266
2030-01-13 01:00:00,0.00011266493871544937,0.00010718790551951601,0.00010966350494969151,0.00010228723614683569
2030-01-13 02:00:00,0.00011303538989619322,0.00010691920925871708,0.00010855613854882147,0.0001010969999961396
2030-01-13 03:00:00,0.0001132834511010981,0.00010713182550701854,0.00010864731700914808,0.00010172822215640656
2030-01-13 04:00:00,0.00011509532716168587,0.00010996145549890414,0.00011046749458164746,0.00010303779395474621
2030-01-13 05:00:00,0.00011749224713354523,0.00011656319529353367,0.00011605341434711514,0.00010957103617365566
2030-01-13 06:00:00,0.00012476274976598085,0.00013196544615533783,0.00012916848417432567,0.00012594457192596835
2030-01-13 07:00:00,0.00012805035764770268,0.00014653795971789123,0.00014133151394342609,0.0001432955880149639
2030-01-13 08:00:00,0.0001304043408165632,0.0001512547448208893,0.0001463346188925471,0.00014862547939614197
2030-01-13 09:00:00,0.00013126957106099924,0.00015193249964880364,0.00014636281662952312,0.00014769724675654504
2030-01-13 10:00:00,0.00013000693335602572,0.0001523226556501514,0.00014712589428748959,0.00014942563262958697
2030-01-13 11:00:00,0.00013009211486700716,0.00015201185920714076,0.00014682428241869402,0.00014957997762815521
2030-01-13 12:00:00,0.00013242813022250783,0.0001516316280073315,0.00014600035137185668,0.00014667752002736688
2030-01-13 13:00:00,0.00013346263755481153,0.00015170724404635312,0.00014495002285604792,0.00014673735005845382
2030-01-13 14:00:00,0.00013391527566981428,0.00015374857247570382,0.00014471872582015109,0.0001449718950889492
2030-01-13 15:00:00,0.00013462978345536717,0.0001546857472619169,0.00014450440929271243,0.0001435903727915586
2030-01-13 16:00:00,0.0001313009620306402,0.00014828270728197736,0.00014217413947170124,0.0001382992359628923
2030-01-13 17:00:00,0.00013017212904542938,0.00014199035441053135,0.00013857322606271452,0.00013329170912462107
2030-01-13 18:00:00,0.00012710492856784356,0.00013660548781166951,0.0001343628434678635,0.0001281047159584616
2030-01-13 19:00:00,0.00012655368213070162,0.00013306463066239103,0.0001305999396708372,0.0001247239902252178
2030-01-13 20:00:00,0.0001250186365259999,0.00012932829914238256,0.00012633369464689294,0.0001203820023424678
2030-01-13 21:00:00,0.00012530599609055778,0.00012712182278343747,0.00012231097335480885,0.00011543434818284025
2030-01-13 22:00:00,0.00012188942699884592,0.00012242470661829309,0.00011734500080420396,0.00011115958929356406
2030-01-13 23:00:00,0.0001199851905379818,0.00011862835790008648,0.00011372274555392844,0.00010682860424596774
2030-01-14 00:00:00,0.00011863700018278159,0.00011464753791730936,0.00011127286633126819,0.00010430784234284516
2030-01-14 01:00:00,0.00011874095657970804,0.00011275630686627016,0.00010994213763855371,0.00010372546478505405
2030-01-14 02:00:00,0.00011831463175102441,0.00011225532986730276,0.00010933994330681107,0.00010258289727229756
2030-01-14 03:00:00,0.0001183578110259093,0.00011260795264980365,0.00010947549674101288,0.00010339020929292157
2030-01-14 04:00:00,0.0001197418470238924,0.00011569399040645,0.0001118352259736933,0.0001048266484239042
2030-01-14 05:00:00,0.00012187917201381395,0.00012161518681495483,0.00011695222131919531,0.00011177821212974919
2030-01-14 06:00:00,0.0001285712433851601,0.00013643866750726806,0.00013054197482117845,0.0001290050084269781
2030-01-14 07:00:00,0.00013401917410558965,0.000149981746821445,0.00014423860957321638,0.00014720775557875356
2030-01-14 08:00:00,0.00013668166144165437,0.00015551605274667733,0.0001490204586559307,0.00015298324707293292
2030-01-14 09:00:00,0.00013810479172756158,0.00015767929677479214,0.0001499591755137072,0.00015276619568756455
2030-01-14 10:00:00,0.0001371424105914567,0.00015686798600030944,0.0001503026667994722,0.00015440473315808366
2030-01-14 11:00:00,0.0001373009152121781,0.00015652810353739585,0.00014967004218962147,0.0001534480465665376
2030-01-14 12:00:00,0.00013735560299509448,0.00015665737969892883,0.00014888016839269055,0.00015040054110867487
2030-01-14 13:00:00,0.00013843985848467855,0.00015638487834976648,0.00014780921756977813,0.00015082821724959647
2030-01-14 14:00:00,0.00013691986732148416,0.0001571430655577435,0.00014666308547822622,0.0001487205137585262
2030-01-14 15:00:00,0.00013561222294589272,0.00015638379708640804,0.0001466087454908746,0.00014764225308876375
2030-01-14 16:00:00,0.00013217780445029764,0.00014905493335131656,0.0001445788215162062,0.00014253244323151644
2030-01-14 17:00:00,0.00013028910112023047,0.00014221628030787486,0.00014127698087274484,0.00013815821982010565
2030-01-14 18:00:00,0.0001292404882603041,0.00013729634055474328,0.00013619607825195233,0.00013223635580395844
2030-01-14 19:00:00,0.00012730423925973782,0.0001333689770783028,0.0001321077667934322,0.00012795265224010733
2030-01-14 20:00:00,0.0001256209274820555,0.0001304473378725369,0.00012825826902093928,0.00012396764558719064
2030-01-14 21:00:00,0.0001241487561329445,0.00012684623958213534,0.00012382202328446916,0.00011876786658364279
2030-01-14 22:00:00,0.00012037435067153575,0.00012179362937280289,0.00011889019616312887,0.0001139327634829072
2030-01-14 23:00:00,0.00011852061001778918,0.00011931701444492512,0.00011595194853380097,0.00011007457331654658
2030-01-15 00:00:00,0.00011682246080995978,0.00011768922723485778,0.00011309573559412884,0.00010700629220097128
2030-01-15 01:00:00,0.00011563599606242002,0.00011657711488895633,0.00011135825159074624,0.00010591194056957432
2030-01-15 02:00:00,0.00011523286598798534,0.00011476768008112403,0.00011089359912693275,0.00010509752993888787
2030-01-15 03:00:00,0.00011541219526613438,0.0001145697774631258,0.00011092715250168217,0.00010508365857143649
2030-01-15 04:00:00,0.00011674007356917081,0.00011727476850094325,0.0001115482073029184,0.00010651610722753772
2030-01-15 05:00:00,0.00011964732961061808,0.00012401681742374147,0.00011586011922553096,0.00011315410938450832
2030-01-15 06:00:00,0.00012701117548309687,0.0001363548296499535,0.0001266408085493921,0.0001266069076432766
2030-01-15 07:00:00,0.0001300734663283708,0.0001474868082169851,0.00013835153714553112,0.00014136140838025212
2030-01-15 08:00:00,0.00013130731983290533,0.0001524448578605073,0.00014269112603796633,0.00014631292420258068
2030-01-15 09:00:00,0.00013328962085847425,0.0001517783498638387,0.00014413932696650926,0.00014619669736922679
2030-01-15 10:00:00,0.0001324722047365959,0.00015158175407610332,0.0001451456034293876,0.00014797916044152122
2030-01-15 11:00:00,0.00013215654661483909,0.00015054592558921698,0.00014570258448429765,0.00014705715560952524
2030-01-15 12:00:00,0.00013343180521049213,0.00014899387196780535,0.00014466516129833082,0.00014453519184412503
2030-01-15 13:00:00,0.00013362053443723913,0.00014833411846458473,0.00014384311968316605,0.00014355529497798482
2030-01-15 14:00:00,0.00013370139848747721,0.00014893565355635123,0.00014364277459495958,0.00014266973363998402
2030-01-15 15:00:00,0.0001339082286742871,0.0001483991611019283,0.00014320183774932312,0.00014156713520826277
2030-01-15 16:00:00,0.00013150306286600195,0.00014222192787009276,0.0001417520010901769,0.0001380683049812548
2030-01-15 17:00:00,0.0001296210433347819,0.0001373726827190637,0.00013860810414862405,0.00013466043836566307
2030-01-15 18:00:00,0.00012758877227030926,0.00013356480537533925,0.0001349486833813331,0.0001286986052141704
2030-01-15 19:00:00,0.00012521026888073864,0.00012939586862455803,0.00013065925152576092,0.0001248758977369041
2030-01-15 20:00:00,0.00012376015751847162,0.00012786961411322058,0.00012728206940005468,0.00012091304730397572
2030-01-15 21:00:00,0.00012402376877796925,0.0001242295159519278,0.00012277689485949407,0.00011622194382329553
2030-01-15 22:00:00,0.00012088699481109833,0.00011993540440676561,0.00011748784059847021,0.00011214974453263604
2030-01-15 23:00:00,0.00011860068421138243,0.0001174642251161702,0.00011392667796736276,0.0001081346624529174
2030-01-16 00:00:00,0.00011579931901832924,0.00011432823093511617,0.00011191199682179954,0.00010573662329560838
2030-01-16 01:00:00,0.0001166308430184356,0.00011276901216326075,0.00010989898382886768,0.00010412928432469708
2030-01-16 02:00:00,0.000116346960725363,0.00011196385987866495,0.00010931869407111005,0.00010252627358919642
2030-01-16 03:00:00,0.00011609482068912563,0.00011302456632534699,0.00010933077255713267,0.00010305203326308474
2030-01-16 04:00:00,0.00011735749017868387,0.00011452190365336535,0.00011071711609786098,0.00010514445300960321
2030-01-16 05:00:00,0.00011932111962534707,0.00011956692331864921,0.00011559153449940823,0.00011058519036741671
2030-01-16 06:00:00,0.00012546739899812443,0.0001321395211880608,0.00012669122396818816,0.00012493575027763593
2030-01-16 07:00:00,0.00012912604645802113,0.00014524945261320938,0.0001387406437799142,0.0001396145025800618
2030-01-16 08:00:00,0.00013060949226787892,0.00015038406755908928,0.0001425132760656174,0.00014430949091303187
2030-01-16 09:00:00,0.00013160435224152974,0.00015150422593443485,0.00014332219400748817,0.00014390726612276107
2030-01-16 10:00:00,0.00013071540023468266,0.00015155697335052942,0.00014448675791776141,0.00014555982145240934
2030-01-16 11:00:00,0.00013031091995106616,0.00015183505041073034,0.00014435436945220548,0.00014590890919744236
2030-01-16 12:00:00,0.0001321176811301159,0.0001524297657774166,0.00014316984868870645,0.00014310855281244157
2030-01-16 13:00:00,0.00013488430704167094,0.00015325547337707821,0.0001427719693089965,0.00014282415444528124
2030-01-16 14:00:00,0.0001355709190547442,0.00015417577182728098,0.00014254598527911039,0.00014173525507502147
2030-01-16 15:00:00,0.0001360987293539315,0.000155322301493838,0.00014241195679804124,0.00014111659113463286
2030-01-16 16:00:00,0.00013299135597883246,0.0001502678059938859,0.00014093277856379907,0.00013798302687425022
2030-01-16 17:00:00,0.0001318379832260227,0.0001446337397944596,0.0001383117831912859,0.00013417143847927528
2030-01-16 18:00:00,0.00012962346187756616,0.00013907310719422938,0.00013417367170548566,0.00012973824732200582
2030-01-16 19:00:00,0.00012946341178646988,0.00013626305422023973,0.00013052790710191045,0.00012672517004900605
2030-01-16 20:00:00,0.000126602701638201,0.00013321870384571706,0.00012695842677673837,0.00012197903294805094
2030-01-16 21:00:00,0.00012510687208084232,0.00012959677508656066,0.00012286049333609864,0.00011833345790687888
2030-01-16 22:00:00,0.00012190709780324997,0.00012549370109887404,0.00011804713891659824,0.00011335411082571923
2030-01-16 23:00:00,0.00012008493474300083,0.00012119842512824593,0.00011428945033698301,0.00010968045217693651
2030-01-17 00:00:00,0.00011813647615230432,0.00011777773150488686,0.00011132152267885247,0.00010633333533636288
2030-01-17 01:00:00,0.0001179497897758752,0.00011804439407537561,0.00011005771051815329,0.00010481351825461602
2030-01-17 02:00:00,0.00011822692873079003,0.00011701250131474334,0.00010971803528057761,0.00010417983611274164
2030-01-17 03:00:00,0.00011809651635856055,0.00011687048528864045,0.00010990625134669643,0.00010431500604405708
2030-01-17 04:00:00,0.0001190773396122677,0.00011931707151081582,0.00011131665001528337,0.00010642319271192951
2030-01-17 05:00:00,0.00011963448555555949,0.0001257723664671844,0.0001170400559103148,0.00011333358973318756
2030-01-17 06:00:00,0.00012676386101414624,0.00014107407877119192,0.00013093848398439408,0.0001304791417113386
2030-01-17 07:00:00,0.00013236874341579757,0.00015446261829762687,0.00014399748517555716,0.00014834508957590017
2030-01-17 08:00:00,0.00013495543733313032,0.00016012863214768695,0.00014910185378850185,0.0001538077711725857
2030-01-17 09:00:00,0.00013677838022534911,0.00016048650798215547,0.00014907265786085229,0.00015299279310678312
2030-01-17 10:00:00,0.00013683512115909526,0.00016060935142979695,0.00015012999018884117,0.0001543321157025872
2030-01-17 11:00:00,0.0001365788592388353,0.00016012208866907958,0.00014984461944449922,0.00015362495519570887
2030-01-17 12:00:00,0.00013668625045734655,0.00016020395979718388,0.00014938078205218268,0.0001500499694195754
2030-01-17 13:00:00,0.00013762851584298773,0.00015917796492611035,0.0001483708350281023,0.00014984342124950997
2030-01-17 14:00:00,0.0001367645280319606,0.00015822592888902945,0.00014785716825403624,0.00014820376476634608
2030-01-17 15:00:00,0.0001371657729792098,0.0001568258262016465,0.00014774132468208382,0.00014720887638461992
2030-01-17 16:00:00,0.0001335081920282882,0.00014944507296116234,0.00014587603877648034,0.00014236243153247714
2030-01-17 17:00:00,0.00013031831933181306,0.00014410998915480994,0.00014268671749358917,0.00013874188995170728
2030-01-17 18:00:00,0.0001290399283304949,0.00013846605346959733,0.00013797078276291415,0.00013364971127543998
2030-01-17 19:00:00,0.00012803731393258713,0.00013550026728927019,0.00013388870666075766,0.00013024642932245805
2030-01-17 20:00:00,0.00012657612074264658,0.0001328228310687299,0.00012966046098478312,0.00012553419695127143
2030-01-17 21:00:00,0.00012595616305302297,0.0001285896039689227,0.0001251472638337408,0.00012084000537911756
2030-01-17 22:00:00,0.00012341470124333423,0.00012375040463812368,0.00012030569173848448,0.00011584165479907328
2030-01-17 23:00:00,0.00012066854981758728,0.00011920490323436118,0.00011670869295048152,0.00011266208577958579
2030-01-18 00:00:00,0.0001173094528031224,0.00011627684804487129,0.00011405557173406453,0.00010996904832158608
2030-01-18 01:00:00,0.0001162085406101875,0.00011526179407392011,0.00011205218924822006,0.00010863471644016445
2030-01-18 02:00:00,0.0001159079118035151,0.00011297721892274785,0.00011140983526828667,0.00010780931366122237
2030-01-18 03:00:00,0.0001161733567324386,0.00011326127074615146,0.00011118157435074019,0.00010813107268048886
2030-01-18 04:00:00,0.0001176577228243777,0.00011697715274379059,0.00011291759715028101,0.00010990999441968254
2030-01-18 05:00:00,0.00011980050365371956,0.0001238917282070986,0.00011870944736574419,0.00011730307822840585
2030-01-18 06:00:00,0.00012733221090353947,0.00013824362685546554,0.0001328585729531186,0.0001334481051651998
2030-01-18 07:00:00,0.00013226219826082664,0.00015201465718942607,0.0001462810928634903,0.00015124176346378867
2030-01-18 08:00:00,0.00013331996570131437,0.00015741156165961036,0.000150926943192084,0.0001562304883489332
2030-01-18 09:00:00,0.00013565189852621847,0.0001585134637372465,0.00015123672498077722,0.00015517856020054753
2030-01-18 10:00:00,0.00013490828424364104,0.0001589431304242865,0.00015187488209433933,0.00015620730721662468
2030-01-18 11:00:00,0.0001340282670003365,0.000158173106319606,0.00015088545125245832,0.00015506232931504965
2030-01-18 12:00:00,0.00013473395058259083,0.00015753252684397694,0.0001502127009213879,0.00015194347977613465
2030-01-18 13:00:00,0.00013656230656755008,0.0001576729749366615,0.00014851578648115095,0.00015214005321671997
2030-01-18 14:00:00,0.0001356876274626041,0.00015639075490501422,0.00014771573903277584,0.00014932153647124942
2030-01-18 15:00:00,0.00013507657411701302,0.00015715689269332677,0.00014696055538308733,0.00014701473867752144
2030-01-18 16:00:00,0.00013174811575299893,0.000149792399468761,0.00014511188894624134,0.00014176744177264315
2030-01-18 17:00:00,0.00012989891226130088,0.000143665906972325,0.00014249673992719762,0.00013740986678734908
2030-01-18 18:00:00,0.00012892716472987092,0.0001377582360634614,0.00013774414133902114,0.00013187868821869572
2030-01-18 19:00:00,0.00012910108879653836,0.0001340772901710578,0.0001335473069860166,0.0001278527150523759
2030-01-18 20:00:00,0.00012558475817468073,0.00013017178517457656,0.00012987727025500626,0.00012271777493980278
2030-01-18 21:00:00,0.00012398385379928746,0.00012592344910314146,0.00012456921036780487,0.00011798933845895197
2030-01-18 22:00:00,0.00011990486167373938,0.00012142887735808869,0.00011997277761969286,0.00011323930963901563
2030-01-18 23:00:00,0.00011773160967068038,0.00011887378731005976,0.00011616428826399241,0.00010995841161403097
2030-01-19 00:00:00,0.00011607857713947488,0.0001140636101014558,0.00011348371146015709,0.00010628354902339615
2030-01-19 01:00:00,0.00011531711167764574,0.00011301102589916013,0.00011171274119682632,0.00010441317305135861
2030-01-19 02:00:00,0.00011445116924189397,0.00011247332884557767,0.00011025960645944916,0.00010451943053348722
2030-01-19 03:00:00,0.00011359699980223116,0.0001131264155368929,0.00011001480043260974,0.0001051929471574392
2030-01-19 04:00:00,0.00011520429811149308,0.00011516610603418389,0.00011094196540520647,0.0001071361226257772
2030-01-19 05:00:00,0.00011608095945482715,0.00012004241965521654,0.00011520021122829453,0.0001122276308429621
2030-01-19 06:00:00,0.00012236127933648407,0.00013091337620990885,0.00012630841639358365,0.00012536413553363535
2030-01-19 07:00:00,0.00012727027177834762,0.0001420718992862072,0.00013612719621291657,0.00013903872842707638
2030-01-19 08:00:00,0.0001287413621569136,0.0001481807026870998,0.00014074932383340515,0.00014297955772158566
2030-01-19 09:00:00,0.00012968304896168902,0.0001491922530432697,0.00014167323469139247,0.00014346504753542935
2030-01-19 10:00:00,0.00012988686536430214,0.0001502482242819563,0.00014242510628071747,0.00014470601116069236
2030-01-19 11:00:00,0.00013075634646243138,0.00015020787472659895,0.0001420849663167411,0.00014514011674375977
2030-01-19 12:00:00,0.0001313993749447059,0.00014965246665498105,0.00014156316453592643,0.0001426414092790634
2030-01-19 13:00:00,0.0001324676626240812,0.00015034193539060765,0.00014114611177609276,0.00014361254707492512
2030-01-19 14:00:00,0.0001325457973627276,0.0001508111392508363,0.00014060708104148296,0.00014299089625345048
2030-01-19 15:00:00,0.00013339641362685614,0.0001511819612529949,0.00014108718234489567,0.0001417310078197866
2030-01-19 16:00:00,0.000130002990230249,0.0001458874243092786,0.0001401845727781477,0.0001380738813019254
2030-01-19 17:00:00,0.00012797861323428475,0.00014145934701632307,0.00013780066065463645,0.00013499338175094653
2030-01-19 18:00:00,0.00012680124733387412,0.000137115243162963,0.00013415704283276545,0.00013022022729915645
2030-01-19 19:00:00,0.00012695708200093897,0.00013346300405842087,0.00013083735458978312,0.00012708413320239184
2030-01-19 20:00:00,0.0001236234535978823,0.00013010375143715405,0.00012752225780268014,0.00012383120340352192
2030-01-19 21:00:00,0.00012317077444175584,0.00012660873307548053,0.00012318582512818444,0.00011906984534760192
2030-01-19 22:00:00,0.00012084481693734371,0.00012254613906929754,0.00011918892233221368,0.00011422363831692737
2030-01-19 23:00:00,0.00011797464342015135,0.00011862163078806321,0.00011608156978578064,0.0001104494327977906
2030-01-20 00:00:00,0.00011557389378017444,0.00011499456433198131,0.00011384402578596252,0.00010858232792762064
2030-01-20 01:00:00,0.00011515241558292225,0.00011318605701461412,0.00011239086478525874,0.00010600112124317123
2030-01-20 02:00:00,0.00011378836002841713,0.00011274952307316192,0.00011173447207150008,0.00010533508992457836
2030-01-20 03:00:00,0.00011378531850327829,0.00011243879204881612,0.0001120317410225551,0.00010577298488645732
2030-01-20 04:00:00,0.00011589130930740844,0.00011541644144752252,0.00011343655333026551,0.00010713362124333249
2030-01-20 05:00:00,0.00011852320402821154,0.00012171402723693166,0.00011904631195266159,0.00011469646699478175
2030-01-20 06:00:00,0.00012550663177238715,0.00013662733231334823,0.00013293506122678445,0.00013107697690774794
2030-01-20 07:00:00,0.00013064399231819786,0.00014820674288854268,0.00014611138509734145,0.000148624136946327
2030-01-20 08:00:00,0.00013198145040782061,0.00015448441065827993,0.000150417191273457,0.0001537433973687017
2030-01-20 09:00:00,0.000134281935905295,0.00015713571838468494,0.00015147307148426933,0.00015333935092818804
2030-01-20 10:00:00,0.00013392460037000518,0.00015834505428514065,0.0001519490719803992,0.0001543400807528382
2030-01-20 11:00:00,0.00013224506262147573,0.00015641620380880104,0.000151545796909537,0.0001547067199837063
2030-01-20 12:00:00,0.00013192254070424378,0.00015458052417596666,0.00015054580567757872,0.00015167182279160945
2030-01-20 13:00:00,0.00013314897617284862,0.00015372771481354008,0.00014945543142836742,0.00015157238391612577
2030-01-20 14:00:00,0.000133739093146609,0.00015317919059847242,0.00014898421748311058,0.00014951101593958468
2030-01-20 15:00:00,0.00013406018419221638,0.0001539530885088719,0.00014869421664961345,0.00014849858555562656
2030-01-20 16:00:00,0.00013117057273548524,0.00014640127252701977,0.00014704570660589074,0.00014300225539641478
2030-01-20 17:00:00,0.00012954866379134099,0.00014182094559646004,0.0001439387577191773,0.00013985146746372566
2030-01-20 18:00:00,0.0001272335016049614,0.00013749366100946513,0.0001389057106071418,0.00013454263194008883
2030-01-20 19:00:00,0.00012603702785255009,0.0001344233228264034,0.0001348316529870405,0.00013047140613361096
2030-01-20 20:00:00,0.00012479627146424961,0.00013203877563392358,0.00013109125653803833,0.00012537066886040242
2030-01-20 21:00:00,0.00012456249175824973,0.00012692770084601755,0.00012668142357221253,0.00012037477618106512
2030-01-20 22:00:00,0.00012050937306341911,0.0001233220350502049,0.00012182741089280295,0.00011598201297255528
2030-01-20 23:00:00,0.00011867920861988637,0.0001190030850159334,0.00011821752868413778,0.00011202243274153657
2030-01-21 00:00:00,0.00011594687433140435,0.0001156342948057449,0.00011521244425561844,0.00010958557817305166
2030-01-21 01:00:00,0.00011546072359092184,0.00011409716497562453,0.000113635094756708,0.00010778533399496135
2030-01-21 02:00:00,0.0001149586737217409,0.00011341368224219166,0.00011283501147182932,0.00010627139735754011
2030-01-21 03:00:00,0.00011462713522061448,0.00011479782899909395,0.00011238470802684561,0.00010685679152867959
2030-01-21 04:00:00,0.00011706123603639679,0.00011636277212786609,0.00011377066539962839,0.00010893632081120574
2030-01-21 05:00:00,0.00011936285167388505,0.00012371510459191967,0.00011916142719954618,0.000116382216426457
2030-01-21 06:00:00,0.00012752305021441996,0.0001383504982043798,0.00013303946826077862,0.00013293741223814484
2030-01-21 07:00:00,0.00013297734923875095,0.00015306244704931226,0.0001471109424149061,0.0001513827071075071
2030-01-21 08:00:00,0.0001369519448230359,0.00015944680070846523,0.00015174142297085143,0.00015658762466356067
2030-01-21 09:00:00,0.0001378069189955314,0.000160077254957058,0.00015211111007323326,0.00015583176116627106
2030-01-21 10:00:00,0.00013658536973885351,0.0001626214442593202,0.00015303974144393963,0.00015782742717856203
2030-01-21 11:00:00,0.0001362644067084163,0.00015991043847818234,0.00015269785241746258,0.00015586046576478727
2030-01-21 12:00:00,0.00013805839421560651,0.00015829509795114733,0.00015117757118059943,0.00015298804291357626
2030-01-21 13:00:00,0.00013840136872069294,0.00015752779215855734,0.0001499082988619706,0.00015220449470545978
2030-01-21 14:00:00,0.00013885090682468328,0.0001574286955870924,0.000148978951896722,0.00015002333550887952
2030-01-21 15:00:00,0.00013936092479887487,0.0001563150963085755,0.00014869097269353413,0.0001483768218802322
2030-01-21 16:00:00,0.00013583191511527023,0.00014969413518316208,0.0001465175593708369,0.0001433681239026377
2030-01-21 17:00:00,0.0001340884019476397,0.0001436609239131967,0.00014367988016063886,0.00013940559143621906
2030-01-21 18:00:00,0.0001323445223973768,0.00013928758034609338,0.00013884349623288149,0.00013361261959149337
2030-01-21 19:00:00,0.0001303749184902793,0.00013662816418011467,0.00013457325279512758,0.00012833356074035043
2030-01-21 20:00:00,0.00012858434783298147,0.00013279774660765112,0.00013046151921045524,0.0001234531814724317
2030-01-21 21:00:00,0.0001263547625516411,0.00012940118415196477,0.00012566490703414386,0.00011906803168476395
2030-01-21 22:00:00,0.00012199274735934999,0.00012564358358558317,0.0001206454544578896,0.00011377430821072638
2030-01-21 23:00:00,0.00011892738583373407,0.00012311703973523518,0.00011677732683511329,0.0001104139046388735
2030-01-22 00:00:00,0.00011708005994889876,0.00011804722896273299,0.00011389140097948704,0.00010770737598266463
2030-01-22 01:00:00,0.00011752315561914216,0.00011649090830928657,0.00011242195109894236,0.00010652804723172899
2030-01-22 02:00:00,0.00011790650011363267,0.0001161881857184154,0.00011194772278524124,0.00010509541308326991
2030-01-22 03:00:00,0.00011753807777724569,0.0001165556905991361,0.00011164071159778994,0.00010483911419692498
2030-01-22 04:00:00,0.00011807799373961685,0.00011846591754952088,0.00011257516998179203,0.00010666184713711831
2030-01-22 05:00:00,0.00011937263488640402,0.0001232989061018318,0.00011705745440116082,0.00011271305760505693
2030-01-22 06:00:00,0.00012567826645988486,0.0001374201062192078,0.00012905758266975063,0.00012669621004278848
2030-01-22 07:00:00,0.00013023476487347582,0.0001488302962112375,0.00014010897787377987,0.00014168954824435553
2030-01-22 08:00:00,0.00013204294372405595,0.00015350184750986188,0.00014379946074569806,0.0001460121790490457
2030-01-22 09:00:00,0.00013262718694903293,0.0001541319889448867,0.0001444110601714051,0.000145773842734103
2030-01-22 10:00:00,0.00013110036533027123,0.00015439040680781206,0.000145808956592995,0.00014736380215093174
2030-01-22 11:00:00,0.0001304731342091201,0.00015414986526749328,0.0001460448935624672,0.00014595555261541927
2030-01-22 12:00:00,0.00013252743820840222,0.00015286545593770222,0.00014547208542045853,0.00014306703694760484
2030-01-22 13:00:00,0.00013463219904534402,0.00015250397312606631,0.00014362487124265955,0.00014199488781188827
2030-01-22 14:00:00,0.00013396588416626177,0.00015226436072320575,0.00014284132443110432,0.00014011440105573958
2030-01-22 15:00:00,0.0001347795216590267,0.00015268211170830733,0.00014270911143268755,0.0001392539610790289
2030-01-22 16:00:00,0.0001307846637507143,0.00014813978718350093,0.00014163452869014743,0.00013614724889749187
2030-01-22 17:00:00,0.00012920943524586287,0.0001440817274648127,0.00013926208095899707,0.00013321661627424796
2030-01-22 18:00:00,0.00012763992185047058,0.0001393171213621208,0.0001351531088279674,0.00012915601950930173
2030-01-22 19:00:00,0.0001265938337970804,0.0001364864572240621,0.00013121795768567668,0.0001243604053117313
2030-01-22 20:00:00,0.0001250070498005821,0.00013252311744831264,0.00012856216751870502,0.00011985546226250293
2030-01-22 21:00:00,0.00012473351079224167,0.0001292025810317649,0.00012417039831381956,0.00011519214231350011
2030-01-22 22:00:00,0.00012281565261567534,0.00012495372859760195,0.00011971406239221394,0.00011044904370063218
2030-01-22 23:00:00,0.00011956769021473786,0.00012159450044803458,0.00011637901021521323,0.00010605291219811673
2030-01-23 00:00:00,0.00011652775889306696,0.00011834962262799811,0.00011395275905499195,0.00010450320375708878
2030-01-23 01:00:00,0.0001164793193371866,0.000116581694267697,0.00011173715597885066,0.00010310148905513805
2030-01-23 02:00:00,0.0001150874588943359,0.00011469520631211321,0.00011101692456901364,0.00010271500858081018
2030-01-23 03:00:00,0.00011455412553364984,0.00011460698599837361,0.00011094498549065607,0.00010315519765451779
2030-01-23 04:00:00,0.00011611961279161399,0.00011711889253704125,0.00011195209986084396,0.00010504070527363096
2030-01-23 05:00:00,0.0001179535348031792,0.0001224452098213286,0.00011645181378738905,0.00011129816074295583
2030-01-23 06:00:00,0.000123999994256802,0.00013566184106131502,0.0001273433917642738,0.00012591158665057586
2030-01-23 07:00:00,0.0001282100776957147,0.00014753514835523743,0.00013856568057096894,0.00014105422167403004
2030-01-23 08:00:00,0.00013065808645793027,0.00015184393710906112,0.00014264690494172693,0.00014527156374774262
2030-01-23 09:00:00,0.0001316302996570967,0.00015219725885678434,0.00014334622284336632,0.00014546302577367855
2030-01-23 10:00:00,0.00013108486762108623,0.00015170893256856744,0.00014499667222926178,0.00014733696727354972
2030-01-23 11:00:00,0.00012985319427047192,0.00015080165096725186,0.0001450013006583421,0.00014652806267542975
2030-01-23 12:00:00,0.00013107040586136449,0.0001490058774299387,0.00014416509656611085,0.00014397021679709898
2030-01-23 13:00:00,0.00013321172459020652,0.0001498986300933283,0.00014352878826545836,0.00014407771273967072
2030-01-23 14:00:00,0.0001331845367514863,0.00015063079190903673,0.00014283209122099,0.0001426946564408157
2030-01-23 15:00:00,0.00013407028427504813,0.00015163364092440445,0.00014330417330124095,0.00014136409803338536
2030-01-23 16:00:00,0.00013197348547367658,0.00014627148112364048,0.00014227838821661431,0.00013689588637312054
2030-01-23 17:00:00,0.00013003480571312128,0.00014092148116501052,0.00013970619795492596,0.0001348545634144662
2030-01-23 18:00:00,0.00012853559669518948,0.00013845230473434142,0.0001352127215523128,0.00013039942352670127
2030-01-23 19:00:00,0.0001275128754556149,0.00013559526457748402,0.00013139545546997543,0.00012722241201003462
2030-01-23 20:00:00,0.00012579603339558847,0.00013301731345889472,0.00012815180089177457,0.00012239723994667652
2030-01-23 21:00:00,0.0001257090542168693,0.0001278289460650205,0.00012368359717131167,0.00011782350083876427
2030-01-23 22:00:00,0.0001235798644944698,0.00012342602127757258,0.00011904325568419187,0.00011435966337465188
2030-01-23 23:00:00,0.00012061681258416399,0.00012000163711609278,0.00011623368509570565,0.00010958535523566955
2030-01-24 00:00:00,0.00011812149832150041,0.00011661831002270843,0.00011340830157909299,0.00010591868608131193
2030-01-24 01:00:00,0.00011757035733969813,0.00011517028274778914,0.00011149202699958454,0.00010533799673567465
2030-01-24 02:00:00,0.00011617135403674385,0.00011456074620237757,0.00011076717007084503,0.00010419493718791091
2030-01-24 03:00:00,0.00011506527168614318,0.00011459227201526783,0.0001104485141563656,0.00010505568114740826
2030-01-24 04:00:00,0.0001166083445706885,0.00011772087328391395,0.0001118029354523328,0.00010767072338349929
2030-01-24 05:00:00,0.00011816545593017764,0.00012456603813977966,0.00011701336408743196,0.00011496844818482527
2030-01-24 06:00:00,0.00012544618223851636,0.0001400974144809972,0.00013068592488241906,0.00013138683593965972
2030-01-24 07:00:00,0.00012991101452833488,0.00015346171422059678,0.00014356965966921554,0.00014942928328120995
2030-01-24 08:00:00,0.00013344415153747742,0.00015906364394500027,0.0001478842858819226,0.0001537989968759446
2030-01-24 09:00:00,0.00013577811404201457,0.00015741094564949865,0.000147465542371143,0.00015396335010015857
2030-01-24 10:00:00,0.00013528337202241774,0.00015609044340471882,0.00014863906643956394,0.0001554332655569511
2030-01-24 11:00:00,0.00013476244984777418,0.0001544552215487506,0.0001476699431536569,0.00015459811862387644
2030-01-24 12:00:00,0.00013601682903429096,0.00015287443770098803,0.00014706290911591313,0.00015207787015372444
2030-01-24 13:00:00,0.0001368198516899172,0.0001520289332667195,0.00014592364562255708,0.00015183269988259455
2030-01-24 14:00:00,0.00013625881551160448,0.00015256177200528607,0.00014491883142883554,0.00014976263617899038
2030-01-24 15:00:00,0.00013635693660002342,0.0001516922791887811,0.0001440481730814297,0.00014720779715304524
2030-01-24 16:00:00,0.00013309138877184794,0.00014659196621526538,0.00014272090986665282,0.00014231008239501972
2030-01-24 17:00:00,0.00013122343303763865,0.0001415265084564133,0.00013964197156200443,0.0001378346146162943
2030-01-24 18:00:00,0.00012828234773312516,0.00013812166991411393,0.00013514967543400922,0.00013287033540731848
2030-01-24 19:00:00,0.00012889319845917638,0.0001342350845473655,0.00013152497227557558,0.00012928132511258691
2030-01-24 20:00:00,0.00012726098296019192,0.00013130762039750718,0.00012838330318261249,0.0001248988909828104
2030-01-24 21:00:00,0.0001255095706514553,0.00012806220118379206,0.00012355353385254145,0.00012022734587173257
2030-01-24 22:00:00,0.00012337123641447672,0.00012294001131191352,0.00011894495951977196,0.00011526551511480236
2030-01-24 23:00:00,0.00012057061424110209,0.00011900059364722062,0.00011546294737579983,0.00011190454016792416
2030-01-25 00:00:00,0.0001182451274118724,0.0001151635519855162,0.00011253951085954304,0.00010894787043717183
2030-01-25 01:00:00,0.0001171059665907237,0.00011486886513284534,0.00011080654988830264,0.00010730930517919176
2030-01-25 02:00:00,0.00011577076545278518,0.0001146813428295101,0.00011029529641326881,0.00010574762313760016
2030-01-25 03:00:00,0.00011558745796892014,0.00011438420507636741,0.00010959118602386695,0.00010641273614129779
2030-01-25 04:00:00,0.00011568941640237068,0.00011593002364938151,0.00011087441580600804,0.00010895755050873989
2030-01-25 05:00:00,0.0001181528704844988,0.00012215561216287856,0.0001165494160988129,0.00011562998113453214
2030-01-25 06:00:00,0.0001256215063866958,0.00013715679641731815,0.00013075788688412382,0.0001316373146085153
2030-01-25 07:00:00,0.00013066278399610602,0.00015177494376247556,0.0001444793871301175,0.00014909225438475876
2030-01-25 08:00:00,0.00013278131133793213,0.00015635350156604575,0.00014886836942094847,0.00015389827282405615
2030-01-25 09:00:00,0.00013392473919783462,0.00015622249971826392,0.0001494597481124858,0.00015406572446426817
2030-01-25 10:00:00,0.00013242298801013525,0.00015745220805036576,0.00014968658805822722,0.00015585230326647928
2030-01-25 11:00:00,0.00013249855620883034,0.00015687277028287558,0.0001492851635046336,0.00015517465475641275
2030-01-25 12:00:00,0.00013374485446484386,0.00015599098676993806,0.00014815000981002204,0.000151910185182479
2030-01-25 13:00:00,0.00013489432669978142,0.00015540097534169406,0.00014653415424998358,0.00015169813031463113
2030-01-25 14:00:00,0.00013315028740617946,0.00015528417317231132,0.00014590922808835124,0.00014934581567048436
2030-01-25 15:00:00,0.000133559134440495,0.00015425718814944973,0.00014519938864170694,0.0001470371257059747
2030-01-25 16:00:00,0.0001305942313337287,0.0001483659510718859,0.0001437289084904799,0.00014268314700467292
2030-01-25 17:00:00,0.00012931414245158504,0.00014278779081026857,0.0001418991522381856,0.00013921129918380076
2030-01-25 18:00:00,0.00012875040433663645,0.00013726522178018706,0.00013756796965745075,0.00013356877312950668
2030-01-25 19:00:00,0.00012725612685921166,0.0001338674898563724,0.0001330199925477209,0.00012949578743769413
2030-01-25 20:00:00,0.00012494034182555056,0.0001288790213197327,0.00012915684812274273,0.00012495703275837487
2030-01-25 21:00:00,0.00012307780269545115,0.00012703042210069818,0.00012456419393525205,0.00011952867571388361
2030-01-25 22:00:00,0.00011931632907705282,0.00012319477727176334,0.00011905378644798195,0.00011549518812341098
2030-01-25 23:00:00,0.00011626661123476053,0.00011913350505118505,0.00011506480471643063,0.0001099341451301858
2030-01-26 00:00:00,0.00011437034169475003,0.00011547306142005152,0.00011170446857105693,0.00010708805317939734
2030-01-26 01:00:00,0.00011334780503501136,0.00011365631438248308,0.00010907320983828952,0.00010490267879563077
2030-01-26 02:00:00,0.00011233918272938107,0.00011309394696364304,0.00010815234954126029,0.00010313994076806442
2030-01-26 03:00:00,0.00011172694712063627,0.00011240174478590429,0.00010784515042037888,0.00010375943079915983
2030-01-26 04:00:00,0.00011426823177240148,0.00011413073983337651,0.0001087783070778517,0.00010493111756914484
2030-01-26 05:00:00,0.00011521859876454812,0.00011902467464209167,0.00011325752675941686,0.00011018524691124761
2030-01-26 06:00:00,0.00012096050667965306,0.00013129763469512147,0.00012335379258447525,0.00012378189561585145
2030-01-26 07:00:00,0.00012479135091639744,0.0001430208977205844,0.00013429406427754355,0.00013726014094737334
2030-01-26 08:00:00,0.0001267293380284987,0.0001466447685942043,0.00013789152765512682,0.00014194658664254045
2030-01-26 09:00:00,0.00012850142179967906,0.0001472832367924258,0.0001390284805155893,0.00014221327141031455
2030-01-26 10:00:00,0.00012772967158772522,0.00014738434253028866,0.000140629665118643,0.00014409187342029884
2030-01-26 11:00:00,0.00012748608451973025,0.00014755312474068412,0.0001405542347888985,0.00014418151145694375
2030-01-26 12:00:00,0.0001289177400037493,0.00014651448266549816,0.0001398084022605337,0.00014210787995590926
2030-01-26 13:00:00,0.00013001232006969104,0.00014767369230956723,0.00013866211288422837,0.00014239519665035875
2030-01-26 14:00:00,0.00013018558705296044,0.00014840297870902185,0.0001388568988461979,0.00014104625685900973
2030-01-26 15:00:00,0.00013151044630177184,0.0001479774171325562,0.00013919556353098457,0.00013924701702137376
2030-01-26 16:00:00,0.0001294719047689157,0.00014364820314640244,0.0001386845071101717,0.00013555547326586783
2030-01-26 17:00:00,0.00013007877465784004,0.00014052022592781773,0.00013775211174358253,0.0001340032792387712
2030-01-26 18:00:00,0.00012943609383972492,0.00013593130191040273,0.00013394445551405257,0.00012973320912572164
2030-01-26 19:00:00,0.00012798856003057638,0.00013429606693556406,0.0001302403347021853,0.00012597109457141304
2030-01-26 20:00:00,0.0001267466763345592,0.00013163380789628707,0.00012680593349912497,0.00012183214120677725
2030-01-26 21:00:00,0.00012664350836403908,0.00012713593825150002,0.00012296767542164144,0.00011700787766776529
2030-01-26 22:00:00,0.00012377465084605194,0.00012370420391642339,0.000118512889069681,0.00011316040428984945
2030-01-26 23:00:00,0.00012113475075413457,0.00012079086564445217,0.00011566070483781726,0.00011006044171065594
2030-01-27 00:00:00,0.00011861287928043829,0.00011674146975412659,0.00011347233098087922,0.00010789789638394826
2030-01-27 01:00:00,0.00011711934539828009,0.00011579370852743921,0.00011212492718437545,0.00010638091929234107
2030-01-27 02:00:00,0.00011650338545206261,0.00011400680040399443,0.00011066804689419123,0.00010530172207029348
2030-01-27 03:00:00,0.00011617616486494795,0.00011373350317788063,0.0001105883130716756,0.00010581945095050843
2030-01-27 04:00:00,0.00011723781196560376,0.00011748867563209095,0.0001120782347096094,0.00010784468124027812
2030-01-27 05:00:00,0.0001189532341574293,0.00012345007590979572,0.00011787999572324665,0.00011518958717905805
2030-01-27 06:00:00,0.0001264565675661587,0.0001394219225992054,0.00013197833642460466,0.000131633036295906
2030-01-27 07:00:00,0.00013214773478760632,0.00015408878717539876,0.00014535303237740265,0.0001490794585816045
2030-01-27 08:00:00,0.0001331973406690551,0.00015883157116011422,0.00014900383589113196,0.00015352968973938305
2030-01-27 09:00:00,0.00013461233876656248,0.00015997647590652956,0.00014999639411949854,0.00015340724802231437
2030-01-27 10:00:00,0.00013389876138084525,0.00015930314803924405,0.0001509777315241602,0.00015406127512760919
2030-01-27 11:00:00,0.00013365183646231034,0.0001588751822142572,0.00015045297879246383,0.0001530067622192315
2030-01-27 12:00:00,0.00013547235505020168,0.0001575501645555291,0.00014905001630558822,0.00014971066832325107
2030-01-27 13:00:00,0.00013626549536103908,0.00015642593998303392,0.00014826967301702,0.000148879350593856
2030-01-27 14:00:00,0.0001349309650667989,0.00015583663556986656,0.00014696294842084654,0.00014759220709185435
2030-01-27 15:00:00,0.00013545131765870351,0.0001555991280754886,0.00014635283075304156,0.00014572758419711813
2030-01-27 16:00:00,0.00013183243580886864,0.00014929820294351745,0.00014501841967810668,0.00014176447643597006
2030-01-27 17:00:00,0.00013012183197395102,0.00014490604900891375,0.00014296497939569885,0.00013926175280741158
2030-01-27 18:00:00,0.00012805992705026034,0.00014106252907555855,0.00013846992322164375,0.0001335778567094279
2030-01-27 19:00:00,0.00012699241927838562,0.0001384016633237133,0.0001348760433822085,0.0001305053305814223
2030-01-27 20:00:00,0.0001239888805751432,0.0001340179575350457,0.00013105293435161807,0.00012531879017660668
2030-01-27 21:00:00,0.00012257354124312089,0.00013032148870463828,0.00012677108037775246,0.00012082118909536605
2030-01-27 22:00:00,0.00012106928707320106,0.00012664124167950967,0.00012200886254275513,0.00011607131308820503
2030-01-27 23:00:00,0.00011892408656388735,0.00012341461772695292,0.00011886003525543915,0.00011151129500887446
2030-01-28 00:00:00,0.00011699528628218894,0.00012065427620427623,0.00011579848131771139,0.00010900567983255886
2030-01-28 01:00:00,0.00011684970952362099,0.00011711819339454799,0.00011425072733526709,0.0001080594592319617
2030-01-28 02:00:00,0.00011493595927990984,0.00011682881179486337,0.00011374368523812961,0.00010690581615020091
2030-01-28 03:00:00,0.00011464932930558346,0.0001168968922657759,0.0001134612588847951,0.0001069339664288114
2030-01-28 04:00:00,0.00011670776174972273,0.00011994344750106695,0.00011541408739008962,0.00010994879583847532
2030-01-28 05:00:00,0.00011959099275093622,0.0001249690151982982,0.00012078959284594288,0.0001170422046404348
2030-01-28 06:00:00,0.00012808412676729107,0.00014009239143091196,0.00013422253609925923,0.00013411761690399098
2030-01-28 07:00:00,0.00013272778428290063,0.0001547488154467948,0.0001471467735474697,0.00015187609293596416
2030-01-28 08:00:00,0.00013374936260234895,0.0001600044908605049,0.00015123059951424006,0.00015618636495181383
2030-01-28 09:00:00,0.00013584245416217898,0.00016150996732391146,0.00015158648106666529,0.0001559838026017416
2030-01-28 10:00:00,0.00013403856091817978,0.00016216866646029176,0.00015218501230717448,0.00015809097797505651
2030-01-28 11:00:00,0.00013333659020309648,0.0001617435741455988,0.00015118763595834897,0.00015776583232712525
2030-01-28 12:00:00,0.00013445147670303062,0.0001609023040353819,0.00014998200070230605,0.00015468633058590497
2030-01-28 13:00:00,0.0001348747815206472,0.00016004140228190734,0.00014876880328183463,0.0001538830963494867
2030-01-28 14:00:00,0.00013326978633496073,0.00016094625787971332,0.0001478036109061605,0.0001527671891320773
2030-01-28 15:00:00,0.00013423384887942865,0.00016108530860113246,0.0001471527606247519,0.00015072990941774684
2030-01-28 16:00:00,0.00013106270817698915,0.00015479614160110604,0.0001453287936133909,0.00014519916174032672
2030-01-28 17:00:00,0.0001283030967051956,0.00014711807857545139,0.0001429712678866564,0.00014227785255072913
2030-01-28 18:00:00,0.0001265311353656557,0.00014254369723211159,0.00013816251337944594,0.00013692534743614147
2030-01-28 19:00:00,0.00012587827823104986,0.00013895544964192554,0.00013392810397921674,0.0001314781693815936
2030-01-28 20:00:00,0.00012454364246892037,0.00013468063489222498,0.00012973271037307584,0.0001262633033683662
2030-01-28 21:00:00,0.00012262372824546516,0.000130626934663674,0.00012468329901706626,0.00012165433364069531
2030-01-28 22:00:00,0.00011905766520462582,0.00012559378421750394,0.00011980577455350445,0.00011611688682496959
2030-01-28 23:00:00,0.00011688783436209892,0.0001222098944663635,0.00011614526756179937,0.00011171877205688375
2030-01-29 00:00:00,0.00011548204821724946,0.00012053267106419356,0.00011346909000747052,0.00010836209742913295
2030-01-29 01:00:00,0.00011510351475901234,0.00011712176922634517,0.00011239966126732595,0.00010695647476441456
2030-01-29 02:00:00,0.00011389329632524817,0.00011652892953714405,0.00011137608579971262,0.00010652938852490365
2030-01-29 03:00:00,0.0001136809007890704,0.00011697209021496308,0.00011014864706273215,0.0001062229854589779
2030-01-29 04:00:00,0.000116554207398806,0.00011868291915301219,0.00011119963874897086,0.00010795096249980796
2030-01-29 05:00:00,0.0001185198822918855,0.00012377142669144406,0.00011636121005331661,0.00011392676910350294
2030-01-29 06:00:00,0.00012542322946590686,0.0001369295902001643,0.00012761219334983016,0.00012791034052296647
2030-01-29 07:00:00,0.00013012805743854453,0.00014919444757937025,0.00013840595080465173,0.0001423934167698406
2030-01-29 08:00:00,0.00012962438713193442,0.00015260073113777133,0.00014203756984208963,0.00014613168889602882
2030-01-29 09:00:00,0.00013172403134347602,0.0001543671377264765,0.00014347410625505794,0.00014631690156871854
2030-01-29 10:00:00,0.00013137216806992808,0.00015601806593848501,0.0001451409097757777,0.00014843534528875173
2030-01-29 11:00:00,0.00013166772146591685,0.00015583787005206515,0.00014507763541624002,0.00014754903542868269
2030-01-29 12:00:00,0.00013340027212400924,0.00015579397626441847,0.0001441019919862523,0.00014461678372326096
2030-01-29 13:00:00,0.00013397246704998058,0.0001539719853238504,0.0001428976430875116,0.00014459161462669704
2030-01-29 14:00:00,0.00013284529931372184,0.0001540043271489745,0.00014214864808606974,0.00014258958831675858
2030-01-29 15:00:00,0.00013347996600995393,0.0001551693564842825,0.0001411650407005726,0.0001413605028991163
2030-01-29 16:00:00,0.00013203011717384598,0.00015164373923434133,0.00013979843489646043,0.00013692424211395184
2030-01-29 17:00:00,0.00013016621318522156,0.00014565345773018363,0.00013762449099122016,0.00013477595674295988
2030-01-29 18:00:00,0.00012826740381905447,0.00014200313234393508,0.0001340284025925209,0.0001289806264846393
2030-01-29 19:00:00,0.00012632936851413149,0.00013835748762005797,0.00012999682538720266,0.00012492878575379895
2030-01-29 20:00:00,0.00012533540396091945,0.00013419498797847515,0.00012711190739548667,0.00012047106947166496
2030-01-29 21:00:00,0.00012334423339108676,0.00013072056513535629,0.00012290907110072973,0.00011627046824802401
2030-01-29 22:00:00,0.00012001966046375914,0.00012634093767611754,0.0001178206765179682,0.00011285372512474982
2030-01-29 23:00:00,0.00011800661772184662,0.00012261487227156672,0.00011515179460961215,0.00010884291364181983
2030-01-30 00:00:00,0.00011519783221330749,0.00012036271828082829,0.00011324976617281451,0.00010616531289523272
2030-01-30 01:00:00,0.00011446466229460193,0.00011864753832821423,0.00011193116323383073,0.00010508203205121126
2030-01-30 02:00:00,0.00011275306201668039,0.00011785525262565202,0.00011110593473941269,0.00010539998891103571
2030-01-30 03:00:00,0.00011156834714615504,0.00011740628610639376,0.0001113928932942417,0.00010430652686169881
2030-01-30 04:00:00,0.00011341042300894719,0.00011997151861765218,0.00011273390224763348,0.00010682139433170366
2030-01-30 05:00:00,0.00011486694448488288,0.00012629083573414932,0.00011755639278544251,0.00011212498617845345
2030-01-30 06:00:00,0.00012120095896783936,0.00013922326295968864,0.00012970086024854295,0.0001270282969395654
2030-01-30 07:00:00,0.00012699520767093386,0.00015026091496923125,0.0001413433800266651,0.00014181405739715976
2030-01-30 08:00:00,0.0001294490666917589,0.0001560098320698883,0.00014511750967945107,0.00014573441289564358
2030-01-30 09:00:00,0.00013114837997359402,0.00015674058709543118,0.00014599938243837094,0.00014486600863192415
2030-01-30 10:00:00,0.00013093852947703536,0.00015795140727704933,0.00014772446435855688,0.00014642060770942984
2030-01-30 11:00:00,0.00013094310663695953,0.00015722358107997592,0.0001472615814548709,0.00014646674345044809
2030-01-30 12:00:00,0.00013182766356060303,0.00015647460821421343,0.00014658138340694948,0.00014342310583569996
2030-01-30 13:00:00,0.000132466345962237,0.0001560918964913905,0.00014573768189695503,0.0001440613375563675
2030-01-30 14:00:00,0.0001322962660144887,0.0001561058777427964,0.00014525021043306304,0.00014254003759344659
2030-01-30 15:00:00,0.00013309649477155253,0.0001554256478963016,0.00014511133875762375,0.00014184026304041373
2030-01-30 16:00:00,0.0001304316710674771,0.00015263118223437095,0.00014388686424061253,0.0001379609198098274
2030-01-30 17:00:00,0.00012863236714337825,0.00014890949909508334,0.0001432381645080927,0.00013744070396424842
2030-01-30 18:00:00,0.0001273442097597678,0.0001454150317823158,0.00013865554205626094,0.00013321548626972507
2030-01-30 19:00:00,0.0001269342697190479,0.00014118472665629398,0.00013509953591649387,0.00012924458385522067
2030-01-30 20:00:00,0.00012587337495785828,0.0001380197701554516,0.0001315200011245454,0.00012536926193138707
2030-01-30 21:00:00,0.00012515360630132357,0.00013441933864658548,0.00012701318343112333,0.00012114841207648056
2030-01-30 22:00:00,0.00012182123574396176,0.0001296980812006754,0.0001226111343221312,0.0001170082068121091
2030-01-30 23:00:00,0.00011950388393402516,0.0001261729382212347,0.00011901497212180464,0.0001129495269005229
2030-01-31 00:00:00,0.0001175970343336045,0.00012188142517609107,0.00011617658092358823,0.00011028693972340386
2030-01-31 01:00:00,0.00011620683486601185,0.00011934060922767697,0.00011459979251456766,0.00010936091384102185
2030-01-31 02:00:00,0.00011589634887000908,0.00011863921539923914,0.00011298544462478941,0.00010820384879313993
2030-01-31 03:00:00,0.00011587139814181703,0.00011960593468126064,0.00011323614462650108,0.00010837512103984291
2030-01-31 04:00:00,0.00011812682574494249,0.00012329724172637256,0.00011475316420177096,0.00011044502713195173
2030-01-31 05:00:00,0.00012141374990392094,0.00012837032642652285,0.00012054493859461561,0.00011705068083841233
2030-01-31 06:00:00,0.0001292921933491372,0.000143410581577524,0.00013485223292033417,0.00013423651145509215
2030-01-31 07:00:00,0.00013430276785514873,0.0001571057457133332,0.00014855945291938547,0.0001509929896007697
2030-01-31 08:00:00,0.00013603589329819833,0.0001609737004289122,0.00015213157805127317,0.00015570481942838514
2030-01-31 09:00:00,0.0001383434476240005,0.00016233345793057325,0.000152903423055064,0.00015477396677231927
2030-01-31 10:00:00,0.00013777954580522487,0.00016355170023064574,0.00015364336077953658,0.00015605781248300977
2030-01-31 11:00:00,0.00013714973621325373,0.00016401558664831724,0.00015271755250992713,0.00015552396337074553
2030-01-31 12:00:00,0.00013804393787695553,0.0001610102206201676,0.00015143900411053332,0.00015229641914787725
2030-01-31 13:00:00,0.0001371384675514478,0.00016020969954839357,0.00015011759948240652,0.00015128916951803127
2030-01-31 14:00:00,0.00013700991127948636,0.0001606661983586222,0.00014967166275647748,0.00014930257794647182
2030-01-31 15:00:00,0.00013727143992955427,0.00016157552817924422,0.0001488627562601195,0.00014802282849134594
2030-01-31 16:00:00,0.00013343841479652644,0.00015616399038313384,0.00014685920890443162,0.00014261784988344904
2030-01-31 17:00:00,0.00013266262300531885,0.00015181640340241188,0.00014496177676498524,0.00014059689194071426
2030-01-31 18:00:00,0.00013006321601520687,0.00014754281045750492,0.00014085363259415867,0.00013542317712937288
2030-01-31 19:00:00,0.0001295751098209084,0.00014336170394971755,0.00013741900313513417,0.0001314034117075649
2030-01-31 20:00:00,0.0001269327310167647,0.00013999347438173071,0.0001331221230994453,0.00012689756362666205
2030-01-31 21:00:00,0.00012606611090395985,0.00013692689476370575,0.00012846862695477558,0.00012201485675645094
2030-01-31 22:00:00,0.0001234012016412069,0.00013336117016398541,0.00012314677119137403,0.00011737249482635899
2030-01-31 23:00:00,0.00012119602290460522,0.00012864056906277993,0.00011938606504163538,0.00011349216656281365
2030-02-01 00:00:00,0.00011219561419535535,0.00011533856362780048,0.00010992928925429625,0.0001047903343522299
2030-02-01 01:00:00,0.00011106054496460018,0.00011585885262897751,0.00010796784952873573,0.00010376594752117923
2030-02-01 02:00:00,0.00011051062766239672,0.00011569551257446345,0.00010810002894250273,0.00010284605097277686
2030-02-01 03:00:00,0.00011084077552506709,0.00011727317853328088,0.00010785364085044553,0.00010374125972414522
2030-02-01 04:00:00,0.00011378865153053664,0.00012033270055060976,0.0001100558996759318,0.00010613723789951169
2030-02-01 05:00:00,0.00011612588151524948,0.00012639148157994303,0.0001160108481032731,0.00011423463389338558
2030-02-01 06:00:00,0.00012363331217504054,0.0001402502787026126,0.00013069579704732466,0.00013283696950006638
2030-02-01 07:00:00,0.00012777112595660224,0.00015412717288707344,0.00014496670043771183,0.00015120194497032506
2030-02-01 08:00:00,0.0001293474795043464,0.00015930559530199584,0.00015029012549654325,0.0001561817929658179
2030-02-01 09:00:00,0.00013184124246403396,0.00016109255494693294,0.00015030603326932852,0.00015590206724440072
2030-02-01 10:00:00,0.0001310452046138892,0.00016119939559820548,0.00015107434881922967,0.0001565942702944571
2030-02-01 11:00:00,0.00013076198022562085,0.00015907515232272394,0.00015082659919449167,0.00015658302371448623
2030-02-01 12:00:00,0.00013221179698137402,0.0001585342917703809,0.00015060107541669027,0.00015444671302977745
2030-02-01 13:00:00,0.00013377119024299595,0.00015797044845049433,0.00015015840242343603,0.0001556605262181732
2030-02-01 14:00:00,0.0001330020216732787,0.00015883257023093433,0.00015043935722504662,0.00015450341211655142
2030-02-01 15:00:00,0.0001331766088355136,0.00015941653850860244,0.00015020938743878575,0.00015318079751247817
2030-02-01 16:00:00,0.00012980753932004737,0.00015243381443722626,0.0001477093507197489,0.00014649481242090217
2030-02-01 17:00:00,0.000127717010258407,0.00014738653932815532,0.00014524504975644488,0.00014299456736622336
2030-02-01 18:00:00,0.00012581461689272253,0.00014271187302740312,0.00014032127502119598,0.00013683614999289377
2030-02-01 19:00:00,0.00012425335112470524,0.00013908203745749856,0.00013666215878208464,0.0001323712613015377
2030-02-01 20:00:00,0.0001225799227062315,0.00013554629979377445,0.00013316718295195774,0.0001273263942185498
2030-02-01 21:00:00,0.00012198905225993297,0.00013204077319728142,0.0001279122731144602,0.00012243533717831175
2030-02-01 22:00:00,0.00011981960349013152,0.00013005069697957918,0.00012230737359581763,0.00011720569237157865
2030-02-01 23:00:00,0.00011791818155148885,0.0001265338338769568,0.00011908173473309208,0.00011241279022327334
2030-02-02 00:00:00,0.00011548855746816803,0.0001255559415074315,0.00011506569211274206,0.00010764354580790843
2030-02-02 01:00:00,0.00011577728136884565,0.0001248929463582766,0.00011364415926442517,0.00010571848316061184
2030-02-02 02:00:00,0.00011506840274424322,0.00012309529737273265,0.00011304016469277072,0.00010540894565644913
2030-02-02 03:00:00,0.00011470274761547201,0.00012309837148802725,0.0001123795604591919,0.00010539089697673017
2030-02-02 04:00:00,0.00011662119271740328,0.0001253827236980046,0.00011274453448698594,0.00010670189928407113
2030-02-02 05:00:00,0.00011949381513189926,0.00013070585786199233,0.00011773849453739922,0.00011307292267291053
2030-02-02 06:00:00,0.00012437103148601618,0.00014157783793340944,0.0001285237381593931,0.0001266124537076557
2030-02-02 07:00:00,0.0001288950846593142,0.0001501071735527285,0.00013898123145837958,0.00014037596448502094
2030-02-02 08:00:00,0.00012936961352815948,0.0001544027995423579,0.00014294460366906313,0.00014371171488778944
2030-02-02 09:00:00,0.0001311342612979525,0.00015590920010004005,0.00014365696794722745,0.00014454125414182112
2030-02-02 10:00:00,0.00013198113612496773,0.00015739316240371697,0.00014526081781477844,0.00014487172868059658
2030-02-02 11:00:00,0.00013288555805405605,0.0001557016255591583,0.0001452629323396289,0.0001432793553639972
2030-02-02 12:00:00,0.00013463481613986238,0.0001549588263915591,0.00014352387603363913,0.00014076479081855326
2030-02-02 13:00:00,0.00013450971517765822,0.00015488599911126394,0.0001431363031722802,0.00013997853877980806
2030-02-02 14:00:00,0.0001339632826429288,0.0001547085342255156,0.00014324450716958245,0.00013901967494967524
2030-02-02 15:00:00,0.0001341680405059082,0.00015453020393951973,0.00014247923310398172,0.0001395876235841515
2030-02-02 16:00:00,0.00013248216427485903,0.00015143488851421157,0.00014225851149489384,0.0001369533610532213
2030-02-02 17:00:00,0.00013105272478237923,0.00014761178457355092,0.0001421249493338964,0.00013664214116206134
2030-02-02 18:00:00,0.0001293492025010523,0.00014448347717021541,0.00013848738406094637,0.0001324147227520213
2030-02-02 19:00:00,0.0001282547387241859,0.00014028187906083234,0.00013480953968863962,0.00013015313783916804
2030-02-02 20:00:00,0.00012655797106161736,0.00013761650398534634,0.00013162084910453407,0.00012619323313399028
2030-02-02 21:00:00,0.00012663610783621753,0.0001336908591900397,0.0001275865764159778,0.00012229491104001985
2030-02-02 22:00:00,0.0001235669350898409,0.00012979324318031482,0.00012345267620045774,0.00011773875599362926
2030-02-02 23:00:00,0.00012132763572527674,0.0001278931217544654,0.00011960503792070047,0.00011405174630574589
2030-02-03 00:00:00,0.00011973971576706469,0.0001266670894672308,0.0001167449292698602,0.00011069814477387503
2030-02-03 01:00:00,0.00011900392315819289,0.00012490637688719963,0.00011518619985449379,0.00010937480708414734
2030-02-03 02:00:00,0.0001186240897514098,0.0001240377600030714,0.00011455186999741822,0.00010833103520798645
2030-02-03 03:00:00,0.00011836577011224265,0.00012524858538331659,0.00011460796815935818,0.00011012845537635976
2030-02-03 04:00:00,0.000120355196640023,0.00012831558884755196,0.00011559280899179891,0.00011214020774524857
2030-02-03 05:00:00,0.00012315869906875655,0.00013514755623771107,0.00012132384062781343,0.00011873300900059952
2030-02-03 06:00:00,0.00013036030051382226,0.0001500124277869031,0.00013530963176243746,0.00013519221279007762
2030-02-03 07:00:00,0.00013432928298399416,0.00016098018794459792,0.0001467856844391627,0.0001511867573836943
2030-02-03 08:00:00,0.000136145180160515,0.00016557799279581,0.00015105050788465999,0.000155860899397723
2030-02-03 09:00:00,0.0001376183093891809,0.00016745486468787215,0.00015178442923545848,0.00015676785815346483
2030-02-03 10:00:00,0.00013687022018897492,0.00016676690404581794,0.00015226139018109975,0.0001581495944851477
2030-02-03 11:00:00,0.00013690539492876405,0.00016637963116031317,0.00015066113743668317,0.00015652918821111665
2030-02-03 12:00:00,0.00013763550726561771,0.0001651105853496232,0.0001487845502625395,0.0001542726851596447
2030-02-03 13:00:00,0.000138018198054231,0.00016415027307623998,0.0001478770530809054,0.00015371995754027474
2030-02-03 14:00:00,0.00013576884915180847,0.000162919210975352,0.0001464630610011819,0.00015126548401918463
2030-02-03 15:00:00,0.00013535643620927145,0.00016056417732867033,0.00014473926778072672,0.0001471807768281405
2030-02-03 16:00:00,0.00013288354352212844,0.00015584802566095583,0.00014281657334002323,0.0001412355127652939
2030-02-03 17:00:00,0.000132085060572576,0.0001522481999671096,0.0001414268036809469,0.00013880027644260293
2030-02-03 18:00:00,0.000130965822666557,0.00014789561601134067,0.00013764261291707248,0.00013468167878007896
2030-02-03 19:00:00,0.00013061403073901895,0.00014412486591446107,0.0001331291822960249,0.00013075240391182823
2030-02-03 20:00:00,0.00012838919215943322,0.00014046198993662013,0.00012977697337007425,0.00012568555933660421
2030-02-03 21:00:00,0.00012788480259652113,0.00013533472081699727,0.00012568584049377123,0.00011997290908503232
2030-02-03 22:00:00,0.00012612481141592013,0.0001308588066353263,0.00012114855145542471,0.00011538721992260497
2030-02-03 23:00:00,0.00012433234113527492,0.00012727631087426186,0.00011723927245165407,0.00011075534887171436
2030-02-04 00:00:00,0.00011386562481864467,0.00011913879635877429,0.00011500791098684323,0.00011029369552964501
2030-02-04 01:00:00,0.00011352311703978787,0.00011850121049852909,0.00011370152704506585,0.0001086799217323367
2030-02-04 02:00:00,0.00011295961358873019,0.00011841263994569984,0.00011315990994585387,0.00010841823176910795
2030-02-04 03:00:00,0.00011448435954974573,0.00012006564339589999,0.00011400196601349794,0.00010902961590982942
2030-02-04 04:00:00,0.00011699630390582625,0.00012409147318393556,0.00011727480853256007,0.0001137722618123637
2030-02-04 05:00:00,0.00012019108780647184,0.00013537932108574402,0.00012542409164983186,0.0001252088357193721
2030-02-04 06:00:00,0.00012628275371091103,0.00014934047790229448,0.00013769313235331652,0.00014076168309371315
2030-02-04 07:00:00,0.000129758263851022,0.00015806558308313967,0.0001455375787200401,0.00015234533092613723
2030-02-04 08:00:00,0.0001311536602013932,0.00015937118883362723,0.00014762598885336684,0.00015456111281396138
2030-02-04 09:00:00,0.000131293556267638,0.0001597384093262639,0.00014846889717951413,0.00015476618008111932
2030-02-04 10:00:00,0.0001295030965728569,0.0001588640531088909,0.00014788782750498855,0.00015404649678684045
2030-02-04 11:00:00,0.00013057332701023843,0.00015719564779822305,0.00014650473163808626,0.00015186532258721903
2030-02-04 12:00:00,0.0001311614463107263,0.00015468065982726144,0.0001457553622245236,0.0001494743981774598
2030-02-04 13:00:00,0.0001303987968553351,0.00015362426256511474,0.00014364516790867264,0.00014768532082282023
2030-02-04 14:00:00,0.00012983125640568874,0.00015182182901489488,0.00014233827492291345,0.00014421260378601325
2030-02-04 15:00:00,0.00012905309625432473,0.0001474854618194168,0.00013977811868749285,0.00013874776062583843
2030-02-04 16:00:00,0.00012744494911927687,0.00014278497149579884,0.00013807632321999658,0.0001352926624731568
2030-02-04 17:00:00,0.00012700176287432124,0.00013935910200820218,0.000136465126507019,0.0001337736157832592
2030-02-04 18:00:00,0.0001267571060748871,0.00013533343537810056,0.00013380881661257093,0.0001300292317326224
2030-02-04 19:00:00,0.00012535629522922835,0.00013308475131199163,0.00013182805061757107,0.00012719144363902848
2030-02-04 20:00:00,0.0001236094536119665,0.00013001803457066957,0.0001278208210994087,0.0001227339244069836
2030-02-04 21:00:00,0.00012204462202626502,0.00012675281384302148,0.0001234968684099312,0.00011783918451552804
2030-02-04 22:00:00,0.00011971449206962022,0.00012363467499718652,0.00011948430502227165,0.00011372759729291317
2030-02-04 23:00:00,0.00011629477999361575,0.0001205395010032043,0.00011651445142423219,0.00011031784213841329
2030-02-05 00:00:00,0.00011543390076608136,0.00011567362110303443,0.0001125417229228587,0.00010675436946933019
2030-02-05 01:00:00,0.00011397597000553399,0.00011261603504245245,0.00011157266498717902,0.00010637525922315314
2030-02-05 02:00:00,0.00011277827258071567,0.00011266999608450909,0.00011118367517164309,0.00010583565507128051
2030-02-05 03:00:00,0.00011363786849630215,0.0001136770185427262,0.00011099113511377562,0.00010688626307895908
2030-02-05 04:00:00,0.0001148042844446368,0.00011444375136237221,0.00011243763893334598,0.00010910690482532778
2030-02-05 05:00:00,0.00011686612672514033,0.00012171249831590852,0.00011849650453559783,0.00011781255064183758
2030-02-05 06:00:00,0.00012121853375675519,0.00013173963164166225,0.00012769066887888383,0.00012936400356469198
2030-02-05 07:00:00,0.00012471261334800592,0.00013926063714999446,0.00013428119871504538,0.00013798781013141327
2030-02-05 08:00:00,0.00012625963022290702,0.00014194689426079966,0.00013625005885516654,0.0001395653070804248
2030-02-05 09:00:00,0.0001274828093081054,0.00014380863440604356,0.00013804299660993515,0.00014097411709462502
2030-02-05 10:00:00,0.00012758205917485463,0.0001445616916244936,0.00013904257173735372,0.0001417434974461364
2030-02-05 11:00:00,0.00012772460500742948,0.00014188510924927717,0.0001389238664472971,0.00013968782145852722
2030-02-05 12:00:00,0.0001281062893499432,0.00014056115557729224,0.00013812383057629622,0.00013781777132699
2030-02-05 13:00:00,0.00012714990214854148,0.00013951242825373236,0.00013672106118130497,0.00013592851446360605
2030-02-05 14:00:00,0.00012584771083744905,0.00013859071033834502,0.0001356771487871427,0.00013197737291351073
2030-02-05 15:00:00,0.00012578152240843945,0.0001371807253401899,0.00013370228233432167,0.00012891616337614445
2030-02-05 16:00:00,0.00012435877307327456,0.00013500632917253167,0.0001333563868458691,0.00012766159678760533
2030-02-05 17:00:00,0.00012318097397746245,0.0001312196382204887,0.00013301473275354904,0.00012693452118341033
2030-02-05 18:00:00,0.00012199251890708026,0.00012996676245994625,0.0001299629407328752,0.00012314088584127223
2030-02-05 19:00:00,0.0001200776131563664,0.00012772344448141632,0.0001272897273599473,0.00011927671643054593
2030-02-05 20:00:00,0.0001213401027405636,0.00012488744877534624,0.00012452974354307012,0.00011604334018563295
2030-02-05 21:00:00,0.00011958421456801192,0.00012241844019980847,0.00012122848354639716,0.00011188511725443814
2030-02-05 22:00:00,0.00011735601322041193,0.00011866293730453258,0.00011724017310538488,0.00010780015499108087
2030-02-05 23:00:00,0.00011429282927914622,0.0001157321281681132,0.00011498051069534718,0.00010589285896409357
2030-02-06 00:00:00,0.00010804074774636976,0.00011034113702462382,0.00010905028917591038,0.00010073601581877167
2030-02-06 01:00:00,0.00010850664410888363,0.00010885712908205683,0.00010822395316085964,9.99717854032421e-05
2030-02-06 02:00:00,0.00010773890588453598,0.00010826039046538494,0.00010777682240144541,9.981840646558607e-05
2030-02-06 03:00:00,0.00010757655280410062,0.00010748236697987368,0.00010766364731432835,9.91823506465075e-05
2030-02-06 04:00:00,0.0001098076184915049,0.00010887212254301553,0.00010713112886127869,0.00010009839475038279
2030-02-06 05:00:00,0.00011121553888346464,0.00011198046696600308,0.00011069128064598773,0.00010322258374613922
2030-02-06 06:00:00,0.00011511356175011286,0.00011992919541847056,0.00011716798727303582,0.00011194923935861459
2030-02-06 07:00:00,0.00011774890709878697,0.00012645422277266644,0.00012310860286105174,0.00012002936026591738
2030-02-06 08:00:00,0.00011951788263291077,0.00012967370910853417,0.0001256354699211739,0.00012300109763345787
2030-02-06 09:00:00,0.00012124194868880594,0.00012981044219111346,0.00012744053899138076,0.00012459988829012186
2030-02-06 10:00:00,0.00012102542683436327,0.00013038454120735242,0.00012857408667738262,0.0001254797692866222
2030-02-06 11:00:00,0.00012068410663882212,0.0001297827703626972,0.0001280858577180567,0.00012482864379326745
2030-02-06 12:00:00,0.00012081872299986117,0.00012913585448695187,0.0001267454203020852,0.00012358378064759314
2030-02-06 13:00:00,0.00012152211876662324,0.0001298074718568598,0.0001256215997896323,0.00012319610457061769
2030-02-06 14:00:00,0.00011975383811442606,0.00012847998895589165,0.00012498459487673034,0.00012208323882390782
2030-02-06 15:00:00,0.00012134366098940692,0.0001284516063838458,0.00012504140204995181,0.00012296043917257008
2030-02-06 16:00:00,0.00012109829744479683,0.00012760171457766795,0.0001258937734346397,0.00012217111729411216
2030-02-06 17:00:00,0.00012055358034255377,0.00012765632282791525,0.00012704858825028688,0.0001229288738730437
2030-02-06 18:00:00,0.00011943716316766231,0.00012491735441537937,0.000124869809748843,0.00012030105028174249
2030-02-06 19:00:00,0.00011756318126679796,0.00012271586632557206,0.00012269043951105212,0.00011806790426433943
2030-02-06 20:00:00,0.0001170227670568901,0.00012016052067224569,0.00012054343706323454,0.00011489483976681315
2030-02-06 21:00:00,0.00011534489811893111,0.00011701699663355077,0.0001175250051472814,0.00011326220251145461
2030-02-06 22:00:00,0.00011318554910728462,0.00011338651633236116,0.0001143064541663493,0.00011028401640994171
2030-02-06 23:00:00,0.0001111022396175123,0.00011195187379353975,0.00011181522089427115,0.00010889849325573191
2030-02-07 00:00:00,0.00011290299280328645,0.00011110556350739395,0.00011042858862799423,0.00010865030911491448
2030-02-07 01:00:00,0.00011182558048937304,0.00010973951962819917,0.00010974147636369853,0.00010754557781471158
2030-02-07 02:00:00,0.00011151816217743406,0.00010896149028573461,0.00010861612454523787,0.00010703905571957913
2030-02-07 03:00:00,0.0001114156873854951,0.00010914686238350615,0.00010888031806101755,0.00010730337550716205
2030-02-07 04:00:00,0.00011426141085409976,0.00011175413577261586,0.00011070250930504523,0.00011008157420553963
2030-02-07 05:00:00,0.00011500329318681751,0.00012003064064643388,0.00011798714709167577,0.00011788342291276162
2030-02-07 06:00:00,0.0001222758098196738,0.00013315271754719222,0.00013006860213716763,0.00013309582086640907
2030-02-07 07:00:00,0.00012403487533598037,0.0001425043476687364,0.00013916204436781817,0.00014475681985417636
2030-02-07 08:00:00,0.00012461761139752645,0.00014500840706275668,0.00014197224107095118,0.00014728193853241216
2030-02-07 09:00:00,0.0001247994635264443,0.00014549907732649736,0.0001424824636583676,0.0001486324647618481
2030-02-07 10:00:00,0.00012414127428411037,0.00014521264037374845,0.00014334264998801228,0.00014825502285887717
2030-02-07 11:00:00,0.00012500839198215398,0.00014576860999044512,0.00014255835100318126,0.00014647334242968337
2030-02-07 12:00:00,0.00012528454469813726,0.00014418104800763184,0.00014149985914271268,0.00014519992598074335
2030-02-07 13:00:00,0.00012517152059231046,0.0001436483089093994,0.00014080100463624573,0.00014585936300048316
2030-02-07 14:00:00,0.00012309034319922519,0.00014258024239823083,0.000140127860000674,0.00014479648804279708
2030-02-07 15:00:00,0.00012339833207454336,0.00014174241656188211,0.0001387041537214814,0.0001420757959558309
2030-02-07 16:00:00,0.00012376098127151087,0.00013838110983134533,0.00013731346430061737,0.00013686864825868987
2030-02-07 17:00:00,0.0001244614234892959,0.0001345313023638981,0.00013619680066026795,0.0001355700210300671
2030-02-07 18:00:00,0.00012308979383619936,0.0001303882821087915,0.00013288006041243475,0.00013122765374240053
2030-02-07 19:00:00,0.00012240451555208204,0.000128660913766612,0.00012918687206896732,0.0001279492649152864
2030-02-07 20:00:00,0.00012138965500097849,0.00012628546517035397,0.00012495319791522302,0.0001240505877510454
2030-02-07 21:00:00,0.00012104484971754958,0.0001231557613810656,0.00012194617608130083,0.00011977554076081445
2030-02-07 22:00:00,0.00011896886473991276,0.00012034078423647288,0.00011780442948089465,0.00011542982576817469
2030-02-07 23:00:00,0.00011630384743207518,0.00011710736640288204,0.00011331976450649511,0.00011189982456864842
2030-02-08 00:00:00,0.00011355644266572558,0.0001109389854159271,0.0001082482407131084,0.00010526600344597684
2030-02-08 01:00:00,0.00011263673911984623,0.00010877249325791044,0.00010630581946643044,0.00010398973186100097
2030-02-08 02:00:00,0.00011165661741600739,0.00010878465550052912,0.000106248459034935,0.00010347030231123152
2030-02-08 03:00:00,0.0001100608360661023,0.00010929079883638161,0.00010665329164276708,0.00010420343857668985
2030-02-08 04:00:00,0.00011152743818749716,0.00011249197171248018,0.0001085465449223986,0.00010684621503524185
2030-02-08 05:00:00,0.00011438670977826371,0.00011984763726871373,0.00011521907440601372,0.00011566485871339276
2030-02-08 06:00:00,0.00012138900028418228,0.00013618211718777683,0.00012953377691150812,0.0001335993577450393
2030-02-08 07:00:00,0.00012560964870951443,0.00014832614586475477,0.00014132166455144713,0.0001488470081662186
2030-02-08 08:00:00,0.0001283517162045784,0.00015167008895856728,0.00014466744096525098,0.00015290375506919613
2030-02-08 09:00:00,0.00012965661563973892,0.00014868045998241202,0.0001456494745182309,0.00015379665153802716
2030-02-08 10:00:00,0.00012807730516637718,0.0001482575162812744,0.00014535412240429099,0.00015350859761991743
2030-02-08 11:00:00,0.00012832050644900596,0.000146740874215387,0.0001444050165526631,0.00015149160208167102
2030-02-08 12:00:00,0.00013008378410159585,0.00014518646555082974,0.00014273643342089013,0.0001486220940423697
2030-02-08 13:00:00,0.0001305591844463819,0.00014414373364874148,0.0001407178685201839,0.00014737490616142473
2030-02-08 14:00:00,0.00012939858006358887,0.00014417927910404974,0.00014032542663339578,0.0001456359281608383
2030-02-08 15:00:00,0.00012944309520805804,0.00014280137700912584,0.00013949992250131965,0.00014357353556910635
2030-02-08 16:00:00,0.00012708382176278055,0.0001383347379587383,0.00013709545446913908,0.00013788908557981172
2030-02-08 17:00:00,0.00012619950789427334,0.0001347707522596128,0.00013556237201325073,0.0001363949898641926
2030-02-08 18:00:00,0.0001240445566990845,0.0001294951922597874,0.00013169411384515893,0.00013191720016965844
2030-02-08 19:00:00,0.00012377735031360873,0.00012724935380047285,0.00012791826738062494,0.0001283360238925399
2030-02-08 20:00:00,0.00012220868006699822,0.0001236687050983823,0.00012518029949806875,0.00012402090612313222
2030-02-08 21:00:00,0.00012113962484106667,0.0001217488982291752,0.00012087203250768291,0.00011977376193393263
2030-02-08 22:00:00,0.00011801180784729049,0.00011959525225105325,0.00011639106820022958,0.00011420581111798469
2030-02-08 23:00:00,0.00011594833387014705,0.00011580779813097082,0.00011283633676010632,0.00010988074552732275
2030-02-09 00:00:00,0.000112241351061968,0.00011477672099485572,0.00011279181329842084,0.00010980294817774645
2030-02-09 01:00:00,0.00011137685355414379,0.00011338771615978572,0.00011167764286150998,0.00010863997812884325
2030-02-09 02:00:00,0.00011034666004576586,0.00011035015212880792,0.00011150078582630553,0.00010889414929117117
2030-02-09 03:00:00,0.00010816084154129868,0.00011164449449147452,0.00011172407505863788,0.00010890878227070016
2030-02-09 04:00:00,0.00011061605540169757,0.00011732214214692845,0.00011397241960154875,0.00011216909681979458
2030-02-09 05:00:00,0.00011462096753506512,0.00012570720554488723,0.00012276302064314937,0.00012314783337165016
2030-02-09 06:00:00,0.00012185821287415279,0.00014086483746814408,0.0001379793763967237,0.00014254199921298773
2030-02-09 07:00:00,0.0001262947395352227,0.00015458193367087902,0.00015098582795675783,0.0001582795447970313
2030-02-09 08:00:00,0.00012705737713443425,0.00015875677783901363,0.00015393954444795782,0.0001621261981986706
2030-02-09 09:00:00,0.00012861402323368663,0.00015965221379121797,0.00015351892591536202,0.00016189424329273133
2030-02-09 10:00:00,0.0001283016590950384,0.0001582793860305777,0.00015388841633315244,0.00016236598784107243
2030-02-09 11:00:00,0.00012826107301494423,0.00015424725868308544,0.00015244474606519745,0.0001600664409341883
2030-02-09 12:00:00,0.00012667207101831675,0.00015127211876437722,0.0001513485733095236,0.00015926914642769687
2030-02-09 13:00:00,0.00012662140984016397,0.00015227551624874506,0.00015007485157821846,0.00015963809026618003
2030-02-09 14:00:00,0.00012724126194619436,0.00015267459408885615,0.00014926809237971256,0.00015814639349777556
2030-02-09 15:00:00,0.00012764257013294898,0.0001492242033075669,0.00014708863195526855,0.00015375448597620983
2030-02-09 16:00:00,0.00012501160662231205,0.00014566604164853168,0.00014417022995488372,0.0001465952693243602
2030-02-09 17:00:00,0.00012300401562953913,0.00013993596391102407,0.00014231957053432678,0.00014299225177211186
2030-02-09 18:00:00,0.00012090595622390601,0.00013561853730317206,0.00013836930332928815,0.00013871340582562964
2030-02-09 19:00:00,0.00012080350468345963,0.00013355360968896174,0.00013507028186645324,0.000135642146148145
2030-02-09 20:00:00,0.00011799931612614674,0.0001290451443499146,0.00013165682947380788,0.00012948513380489738
2030-02-09 21:00:00,0.00011670394020465226,0.00012569534916804202,0.00012699942522183703,0.00012419542186194445
2030-02-09 22:00:00,0.0001113091086714888,0.00012216684759014653,0.00012225896011691374,0.00011854841061155176
2030-02-09 23:00:00,0.00010995889624329935,0.0001164178924365013,0.0001179752774964673,0.00011429532666842686
2030-02-10 00:00:00,0.0001069037351715735,0.00011475798226231208,0.00011551845934143864,0.00011318557405887245
2030-02-10 01:00:00,0.00010642971124832167,0.00011262435783240307,0.0001140222455315989,0.00011051291132138015
2030-02-10 02:00:00,0.00010475640042842783,0.00011255016359255626,0.00011384877192698828,0.00010949791906927412
2030-02-10 03:00:00,0.00010543426759916175,0.00011407065976255033,0.00011371839964485929,0.00011023389106527364
2030-02-10 04:00:00,0.00010823341491924334,0.00011862588958897045,0.00011704223622082467,0.00011411617854337213
2030-02-10 05:00:00,0.00011227687197129346,0.00012906674546856736,0.00012599916618429683,0.00012490397368445323
2030-02-10 06:00:00,0.00011844453131135078,0.00014682444260683447,0.0001405032310080149,0.0001441688006187674
2030-02-10 07:00:00,0.00012253210001333337,0.00015862866010437786,0.00015228624018595417,0.00015940861672714102
2030-02-10 08:00:00,0.0001234322952248167,0.00016014021312546738,0.0001541457827465264,0.00016191452132711438
2030-02-10 09:00:00,0.00012369161691702272,0.00016139056915496006,0.00015367847661475816,0.00016064440494927877
2030-02-10 10:00:00,0.00012287526121826581,0.00016144965232557814,0.00015246682439658057,0.00015992807883436318
2030-02-10 11:00:00,0.0001226012165362677,0.00015825483110736997,0.00015123850009853595,0.00015737445473624562
2030-02-10 12:00:00,0.0001244786446339684,0.00015760605336727907,0.00014955475851304606,0.00015398148536543215
2030-02-10 13:00:00,0.00012425738696857298,0.00015697758891967291,0.00014820646948686563,0.0001534363361785717
2030-02-10 14:00:00,0.00012332153692341504,0.00015459913324972555,0.00014692480340253053,0.00015140578333583754
2030-02-10 15:00:00,0.00012336681477255815,0.00015270027653959122,0.0001453177661597961,0.00014785881167517402
2030-02-10 16:00:00,0.00012111102534626499,0.00014833087846310977,0.00014351945690118973,0.00014175335783983724
2030-02-10 17:00:00,0.00011979823288097329,0.00014509368921389142,0.00014299961538044833,0.0001402418948196114
2030-02-10 18:00:00,0.00011858712130822285,0.00014109492286684225,0.00013928767450944259,0.00013639932421349784
2030-02-10 19:00:00,0.00011741717886232533,0.000137390867948395,0.00013454391908500742,0.00013217984846601463
2030-02-10 20:00:00,0.00011582983374416466,0.00013301325024929936,0.00013052726845213684,0.00012663905245200672
2030-02-10 21:00:00,0.00011577388811468502,0.00013075594181124277,0.00012497717786520024,0.00012036323265114054
2030-02-10 22:00:00,0.00011265817654256929,0.00012516622591841138,0.00011988090762908934,0.0001147501314767159
2030-02-10 23:00:00,0.00011047867761916696,0.00012159906644343413,0.0001161498117296222,0.00011054034113724479
2030-02-11 00:00:00,0.00011256417076938223,0.00011793037229126972,0.00011266260239183718,0.00010700367803274116
2030-02-11 01:00:00,0.00011246287734212532,0.00011473573440478803,0.00011112987347085722,0.00010552041297113504
2030-02-11 02:00:00,0.00011251654060907878,0.0001148423500763069,0.00010993323753202361,0.00010384274745029462
2030-02-11 03:00:00,0.00011354838916544548,0.00011528015104021326,0.0001098955086474569,0.00010367955377086995
2030-02-11 04:00:00,0.0001150098013433215,0.0001172027627842823,0.00011117662714263952,0.00010474312270494215
2030-02-11 05:00:00,0.0001168031667352989,0.00012228813778308634,0.00011549170696305928,0.0001096840677268586
2030-02-11 06:00:00,0.00012223017932892215,0.00013329631503546162,0.00012543090852064454,0.00012069251927177406
2030-02-11 07:00:00,0.00012548890703360327,0.00014212785656769525,0.00013389448481130917,0.00013187944079389957
2030-02-11 08:00:00,0.0001279055339813354,0.0001451077742672128,0.00013758155849932747,0.00013598404102091837
2030-02-11 09:00:00,0.00012938144988171437,0.00014619147580494966,0.00013837943565026583,0.00013629597908918232
2030-02-11 10:00:00,0.00012742672039699475,0.00014551504118401874,0.00013878026768089958,0.00013750191149701442
2030-02-11 11:00:00,0.00012619279772351798,0.0001430146763289614,0.00013747477053936423,0.00013688875965670147
2030-02-11 12:00:00,0.0001272521135006649,0.0001417597788023719,0.0001358534099376528,0.00013417754412805194
2030-02-11 13:00:00,0.0001280006258584011,0.0001419479133924745,0.000134205711007528,0.0001322164566107585
2030-02-11 14:00:00,0.00012767643267353048,0.00014266716390131024,0.0001334694681490483,0.00012869098286191332
2030-02-11 15:00:00,0.000128634241565601,0.00014086067481593905,0.00013275239856981922,0.00012854392707910538
2030-02-11 16:00:00,0.00012824581989372125,0.0001391770951146436,0.00013263919168966543,0.00012657109822853595
2030-02-11 17:00:00,0.00012765955998646027,0.00013793322688367222,0.00013413659965815303,0.00012805073837828876
2030-02-11 18:00:00,0.00012600854623839546,0.0001344404290883097,0.00013158933622864783,0.0001250519293456998
2030-02-11 19:00:00,0.00012468285060544403,0.0001289878252396935,0.00012840118782129977,0.000120599844565686
2030-02-11 20:00:00,0.00012192468441566979,0.00012617810430034414,0.00012594595768469644,0.00011740368640250711
2030-02-11 21:00:00,0.00012085629467606089,0.00012490735920309956,0.00012215113276852252,0.00011326130019341369
2030-02-11 22:00:00,0.00011838489136157964,0.0001197149392073149,0.00011881335925400949,0.00011029918416074217
2030-02-11 23:00:00,0.0001173435799705279,0.00011730422227347985,0.00011572080685841791,0.00010778060855494031
2030-02-12 00:00:00,0.00011793880477565368,0.00012046074654385959,0.00011784975821774955,0.00011049306983531826
2030-02-12 01:00:00,0.00011756781404689259,0.00011691182087034162,0.00011662144753979772,0.00010940992451355769
2030-02-12 02:00:00,0.00011631073771764945,0.0001153625619747439,0.00011609482101080176,0.00010881454634530219
2030-02-12 03:00:00,0.00011618592818272698,0.00011517054835120079,0.00011622578415249933,0.00010979226413984187
2030-02-12 04:00:00,0.00011658662917419308,0.00011693193547743828,0.00011745780956044815,0.00011096397548505607
2030-02-12 05:00:00,0.00011754440247120453,0.00012273527355234374,0.00012151293803279052,0.00011519768183344603
2030-02-12 06:00:00,0.00012273069409853926,0.0001326769045637688,0.00013103762437095546,0.00012836312768319132
2030-02-12 07:00:00,0.00012632034053546563,0.00014098426367217289,0.00013988559095882538,0.00014072336726496707
2030-02-12 08:00:00,0.00012731981554394654,0.00014493989792018944,0.00014243920665474435,0.00014312971112918503
2030-02-12 09:00:00,0.00013024834318902965,0.00014715538264745276,0.00014334214679889444,0.0001426845207260054
2030-02-12 10:00:00,0.000129010050606073,0.0001453226736667811,0.00014466018862888575,0.0001435129118474625
2030-02-12 11:00:00,0.00012924590311200169,0.0001439534760351595,0.00014394363300985135,0.0001421437637356951
2030-02-12 12:00:00,0.00012952723590262138,0.00014239959081232458,0.00014217181481247427,0.00013877417092424322
2030-02-12 13:00:00,0.00012963723156774175,0.00014376628384308676,0.00014083124532179368,0.0001375048099978174
2030-02-12 14:00:00,0.00012866733381811273,0.00014348995001591496,0.00014005665405474502,0.00013568601879663972
2030-02-12 15:00:00,0.00012901087099685904,0.0001443483765302128,0.0001388225691183519,0.00013464628357968758
2030-02-12 16:00:00,0.00012762497671532454,0.0001404676240250026,0.0001381485273223163,0.00013229867995399652
2030-02-12 17:00:00,0.00012551891352131578,0.00013717247422829074,0.00013840599154408425,0.0001329424050718885
2030-02-12 18:00:00,0.00012444656453051896,0.0001352238468612206,0.0001356508216749462,0.00012986106115404227
2030-02-12 19:00:00,0.0001240063156268819,0.00013173602607545904,0.00013188570122467887,0.00012710796161991578
2030-02-12 20:00:00,0.0001227682980774136,0.0001285234412262485,0.00012799897346864206,0.00012132479281786047
2030-02-12 21:00:00,0.00012418410327412314,0.00012614269176579245,0.0001247626369363282,0.00011692642052904457
2030-02-12 22:00:00,0.00012125101053846524,0.00012129949066310569,0.00012088538191820662,0.00011356298824869571
2030-02-12 23:00:00,0.0001190663679681854,0.0001179816326707648,0.00011778721745719326,0.00011008953289865907
2030-02-13 00:00:00,0.00011871915248837649,0.00011607534944043434,0.00011436171197840245,0.00010869232093403305
2030-02-13 01:00:00,0.00011787736793114933,0.00011448290920420393,0.00011257221729757141,0.00010750595436938203
2030-02-13 02:00:00,0.00011706482247850105,0.00011104869530682466,0.0001116059212566423,0.0001068304433692609
2030-02-13 03:00:00,0.00011705584516056298,0.00011025160861178808,0.00011145211080416358,0.00010607162926232989
2030-02-13 04:00:00,0.00011903442752135814,0.00011186576481437725,0.00011263601547786164,0.00010797131626298282
2030-02-13 05:00:00,0.00012178311185151629,0.00011766794002862082,0.00011801502023774978,0.0001135436851609513
2030-02-13 06:00:00,0.00012751031387019606,0.00013199232142778006,0.00012907582901743617,0.00012822936871996867
2030-02-13 07:00:00,0.00013016955042627766,0.00014199000960448413,0.0001392360484168161,0.0001415418157633226
2030-02-13 08:00:00,0.00012984193959878095,0.0001451106499546496,0.0001420153782145052,0.00014440021326201274
2030-02-13 09:00:00,0.00013205500482139123,0.0001475634592799469,0.00014266852267406157,0.00014361214602085057
2030-02-13 10:00:00,0.0001317781370732169,0.00014728781420017388,0.00014266085722164642,0.00014416068228349658
2030-02-13 11:00:00,0.00013021819613048415,0.0001468069997528203,0.00014155743362643703,0.00014290709575090322
2030-02-13 12:00:00,0.00013077357679722965,0.00014368798043094122,0.00013995138696545068,0.00014042531779394856
2030-02-13 13:00:00,0.0001318779302902046,0.00014329874284326464,0.00013939098789713113,0.00013954606435391897
2030-02-13 14:00:00,0.00013066439071189682,0.00014323024697692448,0.00013828476271750544,0.0001380712953526369
2030-02-13 15:00:00,0.00013093488646684473,0.00014434953983287314,0.00013750477445703145,0.00013793749075195492
2030-02-13 16:00:00,0.00013029166656519363,0.0001411437074540976,0.00013607672837698172,0.00013385470653410958
2030-02-13 17:00:00,0.0001298063030695205,0.00013820655100407343,0.00013733403610896092,0.0001340254654176698
2030-02-13 18:00:00,0.0001280151750795363,0.0001336486659436995,0.00013396469201292822,0.00013149610599490279
2030-02-13 19:00:00,0.0001282178165011944,0.00012971376002840701,0.00013101730405406717,0.0001283677171724918
2030-02-13 20:00:00,0.0001265166875877056,0.00012594787265606992,0.00012767651167973245,0.0001237314010261174
2030-02-13 21:00:00,0.00012617954001147998,0.00012307297178336607,0.00012394695576835462,0.00012001251924984848
2030-02-13 22:00:00,0.00012414268617472554,0.00011979716421160053,0.00011953310690763254,0.00011620124153504676
2030-02-13 23:00:00,0.00012133530495022144,0.00011591396036877486,0.00011642841936550324,0.00011226333957358792
2030-02-14 00:00:00,0.00011819115312697865,0.00011242378844274743,0.00011303148143094514,0.00010972637413185832
2030-02-14 01:00:00,0.00011642950689075572,0.00011137850372566539,0.00011110469721441482,0.00010742322291953581
2030-02-14 02:00:00,0.00011650687652371893,0.00011070357835721362,0.00011086840766922268,0.0001064985652710296
2030-02-14 03:00:00,0.00011728123029116264,0.00011128981282534959,0.00011092138984199594,0.00010713227580917421
2030-02-14 04:00:00,0.0001195457468089764,0.00011551997549567267,0.00011304496087343431,0.00010820027561632843
2030-02-14 05:00:00,0.00012084896391838433,0.00012198949451140428,0.00011876747998047837,0.00011524663061572411
2030-02-14 06:00:00,0.00012957215626492564,0.0001384442738617606,0.00013332613323000625,0.00013235858970429997
2030-02-14 07:00:00,0.00013379910053017268,0.00015184307481199157,0.00014530003835036516,0.00014859384079262932
2030-02-14 08:00:00,0.00013415237612906272,0.00015560358398420155,0.0001484313317690076,0.00015273370979127166
2030-02-14 09:00:00,0.0001342139656646623,0.0001563865793357719,0.00014935115630352268,0.00015228473066273171
2030-02-14 10:00:00,0.00013336027855717728,0.00015494567683660816,0.00014955117915845897,0.00015241127572385757
2030-02-14 11:00:00,0.00013208573483782367,0.00015269203521398473,0.00014850730819928308,0.00015086109410775476
2030-02-14 12:00:00,0.00013262946857524083,0.0001494196483983398,0.00014629461298683695,0.0001480017983353379
2030-02-14 13:00:00,0.00013260036654640084,0.00014712637214306067,0.00014487621199716657,0.0001475531664662169
2030-02-14 14:00:00,0.00013079621254155852,0.0001462182473323743,0.00014330374876659493,0.00014592297350208736
2030-02-14 15:00:00,0.00013149278014745752,0.00014632093108086046,0.00014186232259140967,0.00014388759194289958
2030-02-14 16:00:00,0.0001296178103444022,0.00014138279512749988,0.00013966208000906047,0.0001375416445415389
2030-02-14 17:00:00,0.0001289452692350282,0.00013965652864675302,0.00013957862213805522,0.00013710629343929628
2030-02-14 18:00:00,0.0001275042412256625,0.00013820642172058972,0.00013527330965749948,0.00013163073733128973
2030-02-14 19:00:00,0.00012754953740499254,0.00013505572012636907,0.00013194594590631016,0.0001282648379857954
2030-02-14 20:00:00,0.00012593818027203582,0.00013220091293557993,0.00012796412062321465,0.00012466280054746626
2030-02-14 21:00:00,0.00012551529405310547,0.0001282878907054731,0.00012340023091894276,0.00011967612945864661
2030-02-14 22:00:00,0.00012200854736228123,0.0001242702085416298,0.00011871389917562027,0.00011545215828460513
2030-02-14 23:00:00,0.00012061163715495629,0.0001221085613152665,0.00011449708625455395,0.00011124377750917631
2030-02-15 00:00:00,0.00011711523073596443,0.0001183622419742594,0.00011214321336323477,0.00010822701788585095
2030-02-15 01:00:00,0.00011720022712547983,0.00011624330477246392,0.00011081499182171808,0.00010695834209010356
2030-02-15 02:00:00,0.00011695179848619417,0.00011605485220115041,0.00010960928461843109,0.0001065584226872172
2030-02-15 03:00:00,0.00011632309106552119,0.00011496109597738049,0.00011005457285160427,0.00010667271466648308
2030-02-15 04:00:00,0.00011839325663494918,0.00011781989658361865,0.00011075862002512461,0.00010824416260858013
2030-02-15 05:00:00,0.00012187724431170529,0.00012420462021712274,0.00011648713395609521,0.00011504445855312836
2030-02-15 06:00:00,0.0001290495947273567,0.00014013568380561638,0.0001300734221570769,0.00013136522928376243
2030-02-15 07:00:00,0.00013252545303233315,0.00015298466245227942,0.00014251366959133627,0.00014761613290522818
2030-02-15 08:00:00,0.0001336335382809358,0.0001564097538740419,0.00014606604870348437,0.0001525061211677558
2030-02-15 09:00:00,0.00013373447071604296,0.0001588117363545437,0.00014722480472365555,0.0001530396901883332
2030-02-15 10:00:00,0.00013311947018653474,0.00015913576980421362,0.00014784901823094947,0.00015414054316090968
2030-02-15 11:00:00,0.0001330837428648675,0.00015714117092674562,0.00014760530766215927,0.00015330448931925376
2030-02-15 12:00:00,0.0001334572722013404,0.00015402963085571754,0.0001460586051334365,0.00015000419592849112
2030-02-15 13:00:00,0.00013346138986580576,0.00015266779725349927,0.00014448180995801625,0.0001482974670356232
2030-02-15 14:00:00,0.00013257302367168942,0.0001524497090482146,0.00014240831775110717,0.0001461416562659304
2030-02-15 15:00:00,0.00013240353283775847,0.00015188311319431656,0.00014148593656484486,0.00014353195262456752
2030-02-15 16:00:00,0.00013138368359200825,0.00014685743190340371,0.00013850046036159748,0.00013742062175287547
2030-02-15 17:00:00,0.00013062109302510212,0.00014479344093845415,0.00013873244900040367,0.00013678539231660086
2030-02-15 18:00:00,0.00012900954319508835,0.00014044169900551218,0.00013500254872306894,0.0001320408185250306
2030-02-15 19:00:00,0.00012915976494412204,0.00013629179397535606,0.00013078401639174812,0.00012815268227634523
2030-02-15 20:00:00,0.00012759604778900932,0.000132596953088465,0.0001279665696759519,0.0001224359387074256
2030-02-15 21:00:00,0.00012551126634116906,0.00012951968163892584,0.00012303244531510315,0.00011779899980699639
2030-02-15 22:00:00,0.00012258722161515254,0.00012513515476486863,0.0001182989197559714,0.00011326032027569186
2030-02-15 23:00:00,0.00012044179832204848,0.00012119198838646981,0.00011496683646700163,0.00010897270690641738
2030-02-16 00:00:00,0.00011760788946008896,0.00011781195505070863,0.00011168569569898215,0.0001067263498854596
2030-02-16 01:00:00,0.0001165816805983921,0.00011456608737338675,0.00010994950919866496,0.00010518124971913416
2030-02-16 02:00:00,0.00011544929094020938,0.0001137755299514355,0.00010878378502430655,0.00010386348362709632
2030-02-16 03:00:00,0.00011560039162194519,0.00011425155746920922,0.00010890278775652076,0.00010409494519031516
2030-02-16 04:00:00,0.00011785750868994112,0.0001164211191577588,0.00010988449496651326,0.00010599258098034254
2030-02-16 05:00:00,0.0001196661718999117,0.00012202045940673921,0.00011353074173323669,0.0001106213637508754
2030-02-16 06:00:00,0.00012643978180043318,0.00013424459029569318,0.00012436281839332355,0.00012387746595145227
2030-02-16 07:00:00,0.0001289816353010109,0.0001428993397302964,0.0001339449043178298,0.00013625436627206206
2030-02-16 08:00:00,0.0001292019190148624,0.000145791963597199,0.00013702250390922258,0.00013978489900718817
2030-02-16 09:00:00,0.00012918843008321185,0.00014938416734933764,0.0001383093672263272,0.00014020953567242013
2030-02-16 10:00:00,0.00012948775139195177,0.00014884842725897105,0.00013994712379536883,0.00014193143149965944
2030-02-16 11:00:00,0.0001290450153469435,0.0001493056480854902,0.00013907869117622934,0.00014137693252777472
2030-02-16 12:00:00,0.00012986591812632603,0.00014718040766329403,0.00013840585135809204,0.00013964434144159805
2030-02-16 13:00:00,0.00013092985446877794,0.00014794025991076858,0.00013747593788130015,0.0001402647324819071
2030-02-16 14:00:00,0.00013068147547241606,0.00014750499647756568,0.00013675710257878785,0.0001381242332796727
2030-02-16 15:00:00,0.00013119554668669607,0.00014640922969410145,0.00013578297618537083,0.0001358400513037802
2030-02-16 16:00:00,0.0001296212623289331,0.00014434936509164146,0.00013427912221992695,0.00013116608487316297
2030-02-16 17:00:00,0.00012886219363318776,0.00014166034467502997,0.000134562755811194,0.00013117492910151785
2030-02-16 18:00:00,0.00012811563630539747,0.00013852523737948864,0.0001316843644391073,0.00012817339948719656
2030-02-16 19:00:00,0.0001281210049543474,0.00013524745217585423,0.00012832266515956837,0.00012494803567069548
2030-02-16 20:00:00,0.0001259270726075395,0.00013210188746496965,0.00012524186056405164,0.00012064517829778955
2030-02-16 21:00:00,0.0001247076868379485,0.00012840756295848558,0.00012105382439720235,0.00011600844775377964
2030-02-16 22:00:00,0.00012165298301774978,0.0001242584773390886,0.00011661139715795122,0.00011131824220543906
2030-02-16 23:00:00,0.0001198483813651194,0.00011969681220797216,0.00011296360297254659,0.00010781518361448745
2030-02-17 00:00:00,0.00011746320605167266,0.00011776436710990734,0.00011018448862823919,0.00010546724603512349
2030-02-17 01:00:00,0.00011901295512375993,0.00011695114355833548,0.000109738390353534,0.00010344942926547277
2030-02-17 02:00:00,0.00011865576281738282,0.00011612928417769975,0.00010883356505244648,0.00010355224555389033
2030-02-17 03:00:00,0.00011910945358809777,0.00011604804249075513,0.0001090304411660685,0.00010307783618823927
2030-02-17 04:00:00,0.0001204234951168216,0.00011849789625400471,0.00011002421246810118,0.00010519859538194433
2030-02-17 05:00:00,0.0001226542370446248,0.00012460812904223757,0.00011615423619811962,0.0001120775199364826
2030-02-17 06:00:00,0.00013140044783984658,0.0001377510648178873,0.00012941873210180283,0.00012808792272274086
2030-02-17 07:00:00,0.000134282449381627,0.00015002968070845906,0.00014156431564226686,0.00014405377864250363
2030-02-17 08:00:00,0.0001349342479446645,0.0001538758585268799,0.00014477219199337133,0.00014858439335735914
2030-02-17 09:00:00,0.0001361522927044794,0.00015513434175985048,0.00014581859260262906,0.0001490526268225967
2030-02-17 10:00:00,0.00013441883967865053,0.00015469106954237968,0.00014705525256621368,0.0001519001366365467
2030-02-17 11:00:00,0.0001339072300460658,0.00015147526882594033,0.0001472501929058724,0.00015155158001928308
2030-02-17 12:00:00,0.00013449574498606616,0.0001487025963415203,0.0001464372611025071,0.00014866487218122897
2030-02-17 13:00:00,0.00013491096466130686,0.0001492041468419836,0.000145834374558204,0.00014824907086547222
2030-02-17 14:00:00,0.00013337823105039152,0.00014866693795338254,0.0001452006651531912,0.00014540498286103905
2030-02-17 15:00:00,0.00013412262294855486,0.00014695972950847614,0.00014407056700528864,0.0001428039008554278
2030-02-17 16:00:00,0.00013319715104575624,0.0001428954147302557,0.00014102402178320454,0.00013606802704563237
2030-02-17 17:00:00,0.00013302954422282523,0.00014000704023100894,0.00014027927758175206,0.00013462987093144812
2030-02-17 18:00:00,0.00013003499545808503,0.00013765386090825542,0.00013706252868043593,0.00013110583963658063
2030-02-17 19:00:00,0.00012980757276893814,0.00013449398236042775,0.0001323723457994259,0.00012750847168109362
2030-02-17 20:00:00,0.0001280967779750247,0.00013105553109471016,0.00012824304839315756,0.00012293527669657287
2030-02-17 21:00:00,0.00012736357685717533,0.00012551821441064083,0.00012325890629524594,0.00011852373981315685
2030-02-17 22:00:00,0.0001241381191067603,0.00012014667704163689,0.0001191068367560044,0.00011400045833674728
2030-02-17 23:00:00,0.00012239324178196076,0.00011745837449957885,0.00011538589978419371,0.00010947881404170602
2030-02-18 00:00:00,0.00011950687461510699,0.00011420144158485568,0.00011233024246124705,0.0001066974273844896
2030-02-18 01:00:00,0.00011705547175311286,0.00011373104142484874,0.00011087982084146452,0.00010582978045992641
2030-02-18 02:00:00,0.00011705368201697843,0.00011209724250216908,0.00010966067953556756,0.00010455648982060058
2030-02-18 03:00:00,0.00011766173493092539,0.00011276689234117065,0.00010957195215119818,0.00010449829385200631
2030-02-18 04:00:00,0.00011835757520852162,0.00011509585898704928,0.00011119453529245299,0.00010750675202332684
2030-02-18 05:00:00,0.00012099725219691874,0.00012135769252014984,0.00011679541441585186,0.00011442472178793948
2030-02-18 06:00:00,0.00012894567873146875,0.00013738138081788,0.000130847003253971,0.00013205995086804862
2030-02-18 07:00:00,0.0001333098852609171,0.00014906542140799458,0.00014332580496771952,0.00014788500227885188
2030-02-18 08:00:00,0.00013544037488972283,0.00015307049664199218,0.00014693113903592792,0.0001520025778386854
2030-02-18 09:00:00,0.00013662607978269715,0.0001547673565079135,0.00014765145796870482,0.00015150345740040178
2030-02-18 10:00:00,0.0001361505193502572,0.0001547192724107127,0.0001485070847471945,0.00015225148987877416
2030-02-18 11:00:00,0.00013551412942900263,0.0001545977689305415,0.0001478702216575468,0.00015165596091184963
2030-02-18 12:00:00,0.00013598483064331297,0.00015244993110839067,0.00014615556311849777,0.0001491057586847123
2030-02-18 13:00:00,0.00013725588849648797,0.00014991907036000928,0.00014461726806451472,0.00014928572354272194
2030-02-18 14:00:00,0.00013536467383228702,0.00014975071210338058,0.0001429174168204022,0.00014764400233249
2030-02-18 15:00:00,0.00013521741036885788,0.0001481404436906317,0.0001416275997797953,0.0001450043024335027
2030-02-18 16:00:00,0.00013252120722563333,0.0001438855598647581,0.00013851092231050876,0.00013984608701655054
2030-02-18 17:00:00,0.0001315424074459183,0.00014246050103715525,0.00013812757228991266,0.00013823065550186753
2030-02-18 18:00:00,0.00013013055792093108,0.00013928363106658015,0.000135364734822346,0.00013412798537106775
2030-02-18 19:00:00,0.0001293517976406821,0.00013515715522033263,0.00013098838469896812,0.0001304094174409838
2030-02-18 20:00:00,0.00012732185847583549,0.00013119870768551833,0.00012738492181503769,0.00012506500140381928
2030-02-18 21:00:00,0.0001279052650744614,0.00012632247966243849,0.00012293140849457777,0.00012013036387598921
2030-02-18 22:00:00,0.00012529503996895356,0.00012338175512767896,0.00011789624587025085,0.00011442650083698962
2030-02-18 23:00:00,0.00012275109973740615,0.00012009053052354332,0.00011398621054567392,0.00011010666824261985
2030-02-19 00:00:00,0.00011979864778297797,0.00011695269475437494,0.00011094790076200556,0.00010685196661452536
2030-02-19 01:00:00,0.00011809282088423658,0.0001137166868980855,0.00010929009016410092,0.00010542577630242591
2030-02-19 02:00:00,0.00011748177324013159,0.00011308846466645634,0.0001084085387606852,0.00010355902046913577
2030-02-19 03:00:00,0.00011738958282778637,0.00011204857627105566,0.00010809704060293084,0.00010406974024345832
2030-02-19 04:00:00,0.00011979154671913643,0.00011396641556707062,0.00010926262635090212,0.00010581747836738796
2030-02-19 05:00:00,0.00012269687793601438,0.00012030107795057386,0.00011405340663682563,0.00011189521693546342
2030-02-19 06:00:00,0.00012882217315485851,0.00013424896572877715,0.00012530985543876484,0.00012631652351672364
2030-02-19 07:00:00,0.00013141490587174643,0.00014377518572240763,0.00013520002712751102,0.00013949622351466518
2030-02-19 08:00:00,0.00013240376234297492,0.00014810648805143654,0.0001383596512478616,0.00014228641808809337
2030-02-19 09:00:00,0.00013323894932722129,0.00014941009692598885,0.00013910063924605547,0.00014177264716270924
2030-02-19 10:00:00,0.0001327251837135338,0.00015027717462703574,0.00014056570096574248,0.00014353637835383772
2030-02-19 11:00:00,0.00013228102951049712,0.00014774844395586635,0.00013997382735505322,0.00014233116326075153
2030-02-19 12:00:00,0.00013313368039783038,0.00014635034929414247,0.000138404658919941,0.00013872914910727403
2030-02-19 13:00:00,0.00013232848544887836,0.0001442407816224708,0.00013656764849597085,0.00013755390401317755
2030-02-19 14:00:00,0.00013173520678752825,0.00014428799608225232,0.00013590540708619344,0.00013588782454268102
2030-02-19 15:00:00,0.0001324283325551054,0.0001428458320178233,0.0001344901434864154,0.00013426607380225664
2030-02-19 16:00:00,0.0001310998643743584,0.00014004278277382728,0.00013285107478043778,0.00013010630877678615
2030-02-19 17:00:00,0.00013217935170081063,0.00014186096157474295,0.0001339816796360874,0.00012938769028647312
2030-02-19 18:00:00,0.00013065083755588514,0.00013743171740803113,0.00013108733043947515,0.0001271360773644538
2030-02-19 19:00:00,0.00012966905176062883,0.00013323877932238447,0.00012765658687874886,0.00012291004881112807
2030-02-19 20:00:00,0.00012842547058731493,0.00012955001390695895,0.00012401890253392305,0.00011880578477361022
2030-02-19 21:00:00,0.00012714937199483702,0.00012601214621342835,0.00012015430404876447,0.00011455469045844949
2030-02-19 22:00:00,0.0001259728349167544,0.00012216940292954367,0.00011621049889215212,0.00010979398453343885
2030-02-19 23:00:00,0.00012472243459605146,0.00011872458691540627,0.0001127339675916326,0.00010668429674352313
2030-02-20 00:00:00,0.00012105443746881104,0.00011623724685094883,0.00011066265709595009,0.00010454175138708593
2030-02-20 01:00:00,0.00012177819269138058,0.00011499340712052707,0.00010980486053439824,0.00010270967674700427
2030-02-20 02:00:00,0.00012180950598354979,0.0001143330311818606,0.00010895234487962647,0.0001018003960977299
2030-02-20 03:00:00,0.00012155815311186678,0.00011482754590328127,0.00010879940439734771,0.00010170761551611218
2030-02-20 04:00:00,0.000123406763778682,0.00011777665683697842,0.00011049588073357287,0.00010397834757502895
2030-02-20 05:00:00,0.0001248145634443094,0.00012417800578718162,0.00011508875111804879,0.00010980753307019424
2030-02-20 06:00:00,0.00013117132718669502,0.00013715640476970865,0.00012624302456451625,0.00012346784044010563
2030-02-20 07:00:00,0.00013367829933535696,0.00014774993567740619,0.00013565955428879086,0.00013596412193096945
2030-02-20 08:00:00,0.00013562929909627613,0.0001508841168970368,0.0001392138339317538,0.0001387476629079115
2030-02-20 09:00:00,0.00013747624652516704,0.0001531371956127467,0.00014029750654133682,0.00013865075970597172
2030-02-20 10:00:00,0.00013615892753208252,0.00015301357267837282,0.0001405638261280131,0.00014064553492715125
2030-02-20 11:00:00,0.00013580896071380138,0.00015221785724878,0.00014036476933378141,0.00014050338176728756
2030-02-20 12:00:00,0.0001369256278621988,0.00015079534131314472,0.0001390740519763074,0.00013825491437286747
2030-02-20 13:00:00,0.00013697485278644036,0.00015088852970147383,0.00013792242859444006,0.00013951846083158368
2030-02-20 14:00:00,0.00013565737446680272,0.00015188466254629558,0.00013759484342330895,0.000138529732749802
2030-02-20 15:00:00,0.0001349168595678082,0.00015036361245794925,0.0001369276487580815,0.00013763082807861617
2030-02-20 16:00:00,0.0001334244942683175,0.00014572317986390827,0.00013525738105620193,0.00013245975205140542
2030-02-20 17:00:00,0.0001339116270744152,0.00014363987381795645,0.00013598123121943598,0.00013160780485274546
2030-02-20 18:00:00,0.00013169581786184672,0.00014075603051184695,0.0001327779104596762,0.0001287458182171812
2030-02-20 19:00:00,0.00013167085871614858,0.00013862760878165836,0.00012920929320696877,0.00012616110546392667
2030-02-20 20:00:00,0.0001305757671074111,0.00013424989371027383,0.00012589665703401917,0.00012189012073915849
2030-02-20 21:00:00,0.00013148446052098324,0.00013079678480906813,0.00012186040624553645,0.00011642126197662184
2030-02-20 22:00:00,0.0001283040889745656,0.00012607087149172253,0.00011723319578626858,0.00011239456635236536
2030-02-20 23:00:00,0.00012496895936076963,0.00012107853461965824,0.00011363645747475317,0.00010819695476541836
2030-02-21 00:00:00,0.00012192864502582083,0.00011897196101319197,0.00011088735129592795,0.00010514180388139316
2030-02-21 01:00:00,0.00012084789281324111,0.00011702137051951817,0.00010930125379516803,0.00010405524240984223
2030-02-21 02:00:00,0.00012055025133784667,0.00011758793922012878,0.000108196825620806,0.0001031740160493285
2030-02-21 03:00:00,0.00012047528138930434,0.00011724683285804492,0.00010792956453713228,0.00010385540127231072
2030-02-21 04:00:00,0.00012256119309047648,0.00011964777522770159,0.0001098111323323386,0.00010654456056521195
2030-02-21 05:00:00,0.00012428615688633247,0.00012515156604549346,0.00011551411090959644,0.00011240302535924773
2030-02-21 06:00:00,0.00013214974386859782,0.00014141584840540183,0.0001297048726197487,0.00012987111790644984
2030-02-21 07:00:00,0.0001343182714874406,0.00015323062738459916,0.00014145684177792117,0.0001436232061462415
2030-02-21 08:00:00,0.00013560683158126072,0.00015764559394425395,0.0001450313661646794,0.0001469384549819361
2030-02-21 09:00:00,0.00013696235881268992,0.00015964152375674625,0.0001457331212215716,0.00014600280984596877
2030-02-21 10:00:00,0.00013576933858794733,0.00015849273596870323,0.00014687674546392734,0.000147940360018613
2030-02-21 11:00:00,0.00013488401709549678,0.00015743954302954757,0.00014604587180726156,0.0001475968969174128
2030-02-21 12:00:00,0.0001343119843423894,0.00015482273398810504,0.0001450009891286669,0.00014445304094083078
2030-02-21 13:00:00,0.00013361600089810427,0.00015459585895031484,0.00014413463376233303,0.00014440976833395252
2030-02-21 14:00:00,0.00013325110781104688,0.0001530133420123301,0.00014331432573743636,0.00014253456896566404
2030-02-21 15:00:00,0.0001330196264442166,0.0001504481601276777,0.00014185019911024728,0.00014049035860313143
2030-02-21 16:00:00,0.00013126856221480984,0.00014475395493553095,0.0001389391423917299,0.0001348269235951272
2030-02-21 17:00:00,0.0001305631354964316,0.0001426751291093579,0.00013931746857268366,0.00013406846087244783
2030-02-21 18:00:00,0.0001296194425552775,0.00013938858649344788,0.0001357200440875533,0.00013158763521203733
2030-02-21 19:00:00,0.00012909137664407635,0.00013748559281593077,0.00013188987313889706,0.0001283569446106739
2030-02-21 20:00:00,0.00012782690772663503,0.00013186139654441974,0.0001280951877488256,0.0001239953820582305
2030-02-21 21:00:00,0.00012742325515768046,0.00012845220074167386,0.00012394423990249112,0.00011932329849388167
2030-02-21 22:00:00,0.00012478870731684732,0.0001238863477998368,0.00011913733395818287,0.00011515906009975994
2030-02-21 23:00:00,0.00012319412004845775,0.00012029880521290668,0.00011558807483196666,0.00011212228131227866
2030-02-22 00:00:00,0.00012209367532915402,0.00011653922132956278,0.00011284357484935435,0.00010923353707115762
2030-02-22 01:00:00,0.0001214794531692483,0.0001143364620586238,0.00011171771104206369,0.00010693784940890535
2030-02-22 02:00:00,0.00012082708640598983,0.00011310555425593383,0.00011056519585516081,0.00010702509166925353
2030-02-22 03:00:00,0.00012166034291333127,0.00011305158229388698,0.0001108679482022132,0.00010749154247812021
2030-02-22 04:00:00,0.00012298891539173803,0.00011686808411727421,0.00011270527049195604,0.00010952246270882607
2030-02-22 05:00:00,0.0001247967594341501,0.00012323202111703905,0.00011797622054042598,0.00011648432407800765
2030-02-22 06:00:00,0.0001320319691157916,0.0001393112570810612,0.00013255244561121487,0.0001324785721409916
2030-02-22 07:00:00,0.00013567578851245626,0.00015186104631987864,0.00014430882366686264,0.00014719052451547414
2030-02-22 08:00:00,0.0001370450311350505,0.00015657203739828537,0.000148101823871062,0.0001500871135097563
2030-02-22 09:00:00,0.00013830597918262048,0.00015694529268297516,0.0001485391462805943,0.00014875493852098485
2030-02-22 10:00:00,0.00013759274339148974,0.00015660452107927418,0.00014822950621313743,0.00014929147614027843
2030-02-22 11:00:00,0.0001355781412802829,0.00015508006823523592,0.0001477941706909704,0.00014766857690077799
2030-02-22 12:00:00,0.0001367979573832596,0.00015483618061190468,0.00014599601677730057,0.00014457541328439963
2030-02-22 13:00:00,0.00013750437009110375,0.0001558310932412227,0.0001447613370389547,0.0001440502843936833
2030-02-22 14:00:00,0.00013602328482505916,0.00015428569035163265,0.00014350000824303347,0.00014215823171214093
2030-02-22 15:00:00,0.00013521088028962264,0.00015057983180495838,0.0001425521737691236,0.00014057660606365028
2030-02-22 16:00:00,0.0001341316733913161,0.00014649437982988475,0.00013940918463133966,0.00013544999872136505
2030-02-22 17:00:00,0.0001331522741620346,0.00014373774737549914,0.00013976201824843088,0.00013496590395156136
2030-02-22 18:00:00,0.00013076628307102668,0.00013898761120585392,0.00013635918921311353,0.00013224473207755497
2030-02-22 19:00:00,0.00012959120397429722,0.00013523879408895974,0.0001323815809778568,0.00012749253324178308
2030-02-22 20:00:00,0.0001291248443693062,0.00013180878632891886,0.00012840892400293856,0.00012344841433749754
2030-02-22 21:00:00,0.0001277277562026194,0.00012753609290561073,0.00012396175839585123,0.00011847991103843819
2030-02-22 22:00:00,0.00012557155357640295,0.0001236609113794194,0.00011960806112295183,0.00011353000424425469
2030-02-22 23:00:00,0.0001221193377698926,0.00012009439560859824,0.00011586207698695956,0.00010965094988880178
2030-02-23 00:00:00,0.00012079785232722356,0.00011651392888065387,0.00011301749563458069,0.00010631580483718244
2030-02-23 01:00:00,0.0001198075026411031,0.00011616182822394121,0.00011058543840634013,0.0001038748720060793
2030-02-23 02:00:00,0.0001191030925706302,0.00011374396918786309,0.00010982503406141932,0.00010237616469021443
2030-02-23 03:00:00,0.0001182825909693724,0.00011379352057931476,0.0001091748157270778,0.0001023847821459405
2030-02-23 04:00:00,0.00011956712298961619,0.00011634631220872158,0.00010979456691024314,0.00010386698167286824
2030-02-23 05:00:00,0.00012053795609181934,0.00011886115234401319,0.00011410149818831567,0.0001092873493235785
2030-02-23 06:00:00,0.00012607035527300426,0.00013095360703440032,0.0001250476831816732,0.00012259840730489258
2030-02-23 07:00:00,0.00012902100762554966,0.00013934701016071952,0.0001344914305465481,0.0001331943272661742
2030-02-23 08:00:00,0.00013066205254374648,0.00014419224471268666,0.00013809374536426192,0.00013652435328317356
2030-02-23 09:00:00,0.00013308051979168787,0.00014582879763116034,0.00013944847408460723,0.00013715355648694566
2030-02-23 10:00:00,0.00013180875020052935,0.0001452020110108466,0.00014077867277240318,0.0001380387248190717
2030-02-23 11:00:00,0.0001313212613242512,0.00014364975446429007,0.00014023902086300963,0.0001372487888217071
2030-02-23 12:00:00,0.00013170250563638975,0.00014235546871423405,0.00013873814756142528,0.0001347954352237722
2030-02-23 13:00:00,0.0001322974629323031,0.00014063752040941233,0.0001377299888281369,0.00013510517555671446
2030-02-23 14:00:00,0.0001304672705155107,0.00014132420226555613,0.00013705063335076395,0.00013405917045950685
2030-02-23 15:00:00,0.00012945303365934362,0.00014041794135038539,0.00013624190836717217,0.00013301935855311234
2030-02-23 16:00:00,0.0001283402549503892,0.00013763765637495132,0.00013416990795464532,0.0001284441893263108
2030-02-23 17:00:00,0.00012763920489914157,0.00013785026260480288,0.00013489892138453347,0.00012828360269369465
2030-02-23 18:00:00,0.000126586899809509,0.0001346431545176825,0.000132601352912489,0.000125908289406002
2030-02-23 19:00:00,0.0001260148028867366,0.00013201451114092837,0.00012967820602527173,0.00012296520345082975
2030-02-23 20:00:00,0.00012387892705044448,0.00012866972418607725,0.00012602343254648605,0.00011867138921640148
2030-02-23 21:00:00,0.00012300710830179652,0.00012561695491193742,0.00012182206697191306,0.0001141891395930426
2030-02-23 22:00:00,0.00012033654483113886,0.0001206926688579379,0.00011728731380213097,0.00011006200378459405
2030-02-23 23:00:00,0.00011724939643633072,0.00011618354498727419,0.00011409495830391003,0.00010663010654986122
2030-02-24 00:00:00,0.0001154881511445636,0.00011426761443867211,0.00011193732635032946,0.000104065771443653
2030-02-24 01:00:00,0.00011451562780653003,0.00011298831661832281,0.00011028541284570869,0.00010290019923817962
2030-02-24 02:00:00,0.00011284861704117972,0.00011146161729003548,0.00010961289801162538,0.00010232253435309285
2030-02-24 03:00:00,0.00011168067029015589,0.00011184795937475766,0.00010921279208850527,0.0001030149501963104
2030-02-24 04:00:00,0.00011324765616535269,0.00011519991821769527,0.00011071155630903449,0.0001047153968454424
2030-02-24 05:00:00,0.00011609699009571847,0.00012065614716033057,0.00011552053910956407,0.00011140197656271608
2030-02-24 06:00:00,0.0001226685392859934,0.00013581377373970144,0.000128984319430302,0.00012847731287464231
2030-02-24 07:00:00,0.0001259476820755907,0.0001461565842491187,0.0001393677637501373,0.00014213483989846927
2030-02-24 08:00:00,0.0001265153110587623,0.0001505347344010946,0.00014366200288775432,0.00014571304661483534
2030-02-24 09:00:00,0.0001283535625701048,0.00015102700977713294,0.00014432407325941707,0.00014549957798030668
2030-02-24 10:00:00,0.0001274408447752442,0.00015054677324282203,0.00014491087796426798,0.000146602024155293
2030-02-24 11:00:00,0.00012718942904308631,0.00014828681284165252,0.00014428279958540535,0.00014612421552373083
2030-02-24 12:00:00,0.00012858937318639614,0.0001461491771934151,0.0001429291517158479,0.00014270969746636248
2030-02-24 13:00:00,0.0001296957504834457,0.0001456033536764212,0.00014167447848419012,0.00014241413831556174
2030-02-24 14:00:00,0.0001288977501786292,0.0001451277977307551,0.0001409438283203511,0.00014065950472171764
2030-02-24 15:00:00,0.0001288419304673237,0.00014406199805334132,0.00013979808778684285,0.00013932466872145066
2030-02-24 16:00:00,0.00012614045055036685,0.00013822958463832651,0.0001371657933542612,0.00013293805817328952
2030-02-24 17:00:00,0.0001269627699633026,0.0001362037166464947,0.00013724726197293457,0.00013241035789538077
2030-02-24 18:00:00,0.00012562115287997888,0.00013480730266438333,0.00013435203456970828,0.00012937982220761595
2030-02-24 19:00:00,0.00012534989741015936,0.0001326486419697152,0.00013043665060465912,0.00012589865330876849
2030-02-24 20:00:00,0.000123266324897609,0.00012910896496981573,0.00012636704466684786,0.00012097502379414618
2030-02-24 21:00:00,0.0001224646383038504,0.00012634216867861363,0.0001226344763807742,0.00011674769027962456
2030-02-24 22:00:00,0.00011991105907329523,0.0001223058866473247,0.00011788482813987231,0.0001118076283563131
2030-02-24 23:00:00,0.00011826299078431127,0.00011893058368424571,0.00011495735839808206,0.00010785226801819882
2030-02-25 00:00:00,0.0001162478968209088,0.0001165098951751962,0.00011228931613382754,0.00010573123212833358
2030-02-25 01:00:00,0.00011411561888435117,0.00011422830749926794,0.00011049566245642628,0.00010440446464362666
2030-02-25 02:00:00,0.00011376913839180184,0.00011331251510182125,0.0001096709218151239,0.00010374985293644726
2030-02-25 03:00:00,0.00011377008206966973,0.00011349464681097737,0.00010972452770038143,0.00010468520802900044
2030-02-25 04:00:00,0.000114704269576828,0.00011777096346783959,0.0001114433577652664,0.0001068620404511301
2030-02-25 05:00:00,0.00011774005112412801,0.00012497296479967743,0.00011752375847594682,0.0001140891864733233
2030-02-25 06:00:00,0.0001262251300023245,0.00014029791613082339,0.0001313972466710012,0.0001314553941431479
2030-02-25 07:00:00,0.00012970176113648936,0.00015235782813645673,0.00014178727839861651,0.00014592863699103357
2030-02-25 08:00:00,0.0001305652616647466,0.00015741018644807513,0.0001456256077625716,0.00015126080362630034
2030-02-25 09:00:00,0.00013112726523539596,0.0001570945729314155,0.00014697455097201494,0.00015096926500789658
2030-02-25 10:00:00,0.00013004097348836863,0.0001558675898227071,0.00014718825697366216,0.0001521112574793845
2030-02-25 11:00:00,0.00012984657539718078,0.000152551254335414,0.000145697287848024,0.00015083615699644474
2030-02-25 12:00:00,0.00013143821990745482,0.00015001697247707448,0.00014393606008152696,0.00014795528507778962
2030-02-25 13:00:00,0.0001303795640863156,0.000146915169624631,0.00014265324864602891,0.00014658075178330086
2030-02-25 14:00:00,0.0001287834460739927,0.00014640185758408293,0.0001413303652694921,0.000144173767145411
2030-02-25 15:00:00,0.00012904493160884465,0.00014628589266359502,0.00013960871246741942,0.00014257756103357695
2030-02-25 16:00:00,0.00012765975425564944,0.00014088270308962016,0.000137040773741893,0.00013647503813510022
2030-02-25 17:00:00,0.0001287656924472998,0.00013947042986895943,0.0001368730910665172,0.00013479387260812196
2030-02-25 18:00:00,0.00012716626617108453,0.00013506385828791995,0.00013477904881130053,0.0001323730267748703
2030-02-25 19:00:00,0.00012534748060640666,0.0001320688514772343,0.00013167328359313933,0.00012847398944107428
2030-02-25 20:00:00,0.00012328754406821108,0.0001278990576378707,0.0001280301160538905,0.0001238518803935224
2030-02-25 21:00:00,0.00012261429680518338,0.0001242476036195156,0.00012413321439235872,0.00011815907403108761
2030-02-25 22:00:00,0.00012019262676093097,0.00012058097047675522,0.00011967952927335215,0.00011405763682682094
2030-02-25 23:00:00,0.00011694747611800324,0.00011771595117701516,0.00011617568532992437,0.00011041922815977798
2030-02-26 00:00:00,0.00011503311035028717,0.00011552056743241103,0.00011315826715225784,0.00010762260059728303
2030-02-26 01:00:00,0.00011412091483600332,0.00011310626642695972,0.00011124329631203046,0.00010673809335607872
2030-02-26 02:00:00,0.00011406451007850112,0.00011194517497433722,0.00011077940592246864,0.00010578144136334506
2030-02-26 03:00:00,0.00011478575623117696,0.00011158383616946272,0.00011017283361406818,0.0001057307480430949
2030-02-26 04:00:00,0.00011577454576673475,0.00011461110523598866,0.00011133241980364964,0.0001078299601784726
2030-02-26 05:00:00,0.00011808976344123262,0.0001201501996314112,0.00011628513083314137,0.00011364287211017739
2030-02-26 06:00:00,0.00012476711106650267,0.00013358947853793992,0.00012779958178356284,0.00012862683635056032
2030-02-26 07:00:00,0.0001276992206339776,0.0001417514578838472,0.00013594795585219444,0.0001400276589325579
2030-02-26 08:00:00,0.00013072225238352353,0.0001460777256933465,0.00013831726259926183,0.0001430484776152417
2030-02-26 09:00:00,0.0001300939267805114,0.0001472172575619778,0.0001383468497555779,0.00014157717889195219
2030-02-26 10:00:00,0.0001284493466207,0.00014762719284753216,0.00013816097018700874,0.00014194630019132224
2030-02-26 11:00:00,0.00012700606616653678,0.00014625498325741097,0.00013709273076063504,0.0001406626629262127
2030-02-26 12:00:00,0.00012820377397094817,0.00014477200425901717,0.00013556410518893812,0.00013612222018236333
2030-02-26 13:00:00,0.00012795929944560267,0.0001428253485266399,0.00013390336148894918,0.00013598167770499585
2030-02-26 14:00:00,0.00012596555325972565,0.000140808879637579,0.00013328632547176752,0.00013375344828721406
2030-02-26 15:00:00,0.00012625451613958242,0.0001390379331088425,0.00013181006652045695,0.00013150876827668182
2030-02-26 16:00:00,0.00012523027429221908,0.00013595527382547612,0.00013048798292673007,0.00012816947189892984
2030-02-26 17:00:00,0.0001262615837551614,0.00013517479596300786,0.00013179148086145805,0.00012907181286385733
2030-02-26 18:00:00,0.0001246072432788791,0.00013360009379131767,0.00013052384400098887,0.00012880596932703884
2030-02-26 19:00:00,0.00012414069603001874,0.0001296127074986148,0.0001276315260148158,0.00012555972178684825
2030-02-26 20:00:00,0.0001227820714728065,0.00012638891827333314,0.0001243716929131368,0.00012098405589012005
2030-02-26 21:00:00,0.00012136268376866218,0.00012186158517615165,0.00012031617301569021,0.00011763130369531046
2030-02-26 22:00:00,0.00011904953507086125,0.00011771342302717425,0.00011637160005222777,0.00011382947649873193
2030-02-26 23:00:00,0.00011486016927718647,0.00011403344928191686,0.00011352247498993842,0.00011022371026405927
2030-02-27 00:00:00,0.00011252315380526099,0.00011151225686969824,0.00011146235229573845,0.00010719896665087863
2030-02-27 01:00:00,0.00011206270834344182,0.00011012034424889138,0.00011021511960129106,0.00010577034808018884
2030-02-27 02:00:00,0.00011097904589742213,0.00010996471611289101,0.00010960223209667054,0.00010609163861656455
2030-02-27 03:00:00,0.00011073490804979912,0.00010989477298930779,0.00010842228706835237,0.00010679054369162313
2030-02-27 04:00:00,0.00011231159144544454,0.00011456032219231054,0.00011046080739641124,0.00010974391495724087
2030-02-27 05:00:00,0.00011416593031481388,0.00011953704661940071,0.0001146416583281145,0.0001149932310511687
2030-02-27 06:00:00,0.00012077065265189509,0.00013130635173502393,0.00012605121198108168,0.00012931447259049772
2030-02-27 07:00:00,0.0001233814386750116,0.0001420375502507738,0.0001352105756959805,0.00014080578688244644
2030-02-27 08:00:00,0.00012608674538107885,0.00014596206956248264,0.00013802334692211257,0.00014393570441472193
2030-02-27 09:00:00,0.0001275656232085067,0.00014692924779510726,0.00013779378284966073,0.0001415011760749918
2030-02-27 10:00:00,0.0001262499817437214,0.00014592831763232905,0.00013802585166770463,0.00014147428930351473
2030-02-27 11:00:00,0.00012444218619137368,0.00014542575550696214,0.00013674595159949158,0.00013952407333116815
2030-02-27 12:00:00,0.00012572082949039196,0.00014360499062898369,0.00013551423596340744,0.00013607869501385973
2030-02-27 13:00:00,0.0001251501529900202,0.00014340935009254655,0.00013435409659328935,0.00013643701308705848
2030-02-27 14:00:00,0.0001237730110429046,0.00014312636361814757,0.00013303086750233556,0.00013437059512282312
2030-02-27 15:00:00,0.00012425474726677124,0.0001428241727567669,0.00013249269259111082,0.00013411556029371705
2030-02-27 16:00:00,0.0001226607459928586,0.00013855181394678968,0.00012964383313142548,0.00012936089071683305
2030-02-27 17:00:00,0.00012307083243538093,0.00013836128451526325,0.00013097535607966868,0.00012935938024412357
2030-02-27 18:00:00,0.00012183901084092904,0.00013649740645789698,0.00013052307521558166,0.0001282988882141522
2030-02-27 19:00:00,0.00012153777756445216,0.00013440067635395775,0.00012765420833106802,0.00012572936061973125
2030-02-27 20:00:00,0.00011931983216636583,0.00013187498094860967,0.0001249964077741407,0.00012266476535182047
2030-02-27 21:00:00,0.00012079879463883174,0.00012650630327719096,0.00012153022851687316,0.00011814700314309641
2030-02-27 22:00:00,0.00011838215353358222,0.0001221287472575863,0.00011768977911044001,0.00011304789149429569
2030-02-27 23:00:00,0.00011652438742767918,0.00011820108278463451,0.0001143854319144286,0.00010921375969218645
2030-02-28 00:00:00,0.00011446614861932863,0.00011384746916533397,0.00011162260557336825,0.00010685428415336646
2030-02-28 01:00:00,0.00011350590623820658,0.00011223931865993212,0.00010987555224159897,0.0001059434445089762
2030-02-28 02:00:00,0.00011215274496451028,0.00011052924519762144,0.00010910869967234322,0.0001053116097727253
2030-02-28 03:00:00,0.00011164008110830129,0.00011078196835422273,0.00010996202660982414,0.00010729602052515586
2030-02-28 04:00:00,0.00011271657542958828,0.00011425326082124007,0.00011121537633570504,0.00010792934403763217
2030-02-28 05:00:00,0.00011633876524907263,0.00012143577340873874,0.00011699152281772443,0.00011569769547909944
2030-02-28 06:00:00,0.00012361804895711617,0.0001359069433483672,0.0001307800445059624,0.0001319189246946328
2030-02-28 07:00:00,0.00012694913587199427,0.00014812748715813123,0.0001416226591345607,0.00014655512423456077
2030-02-28 08:00:00,0.00012736060783428098,0.0001533263935553965,0.000144102357723069,0.00014913088873665423
2030-02-28 09:00:00,0.00012996409390833428,0.00015404779879277754,0.00014352163931238534,0.00014748324154973742
2030-02-28 10:00:00,0.00012934029360056493,0.00015274635638145586,0.00014230214247121733,0.00014773024539364784
2030-02-28 11:00:00,0.00012823002979852924,0.00015165965501820976,0.00014053991252714338,0.0001459883617707573
2030-02-28 12:00:00,0.0001297759556252274,0.00015033712398671473,0.000138816387844245,0.00014216685460887346
2030-02-28 13:00:00,0.00013014749115930892,0.0001483282010373932,0.0001375966189984897,0.0001412552938335276
2030-02-28 14:00:00,0.00012841165126371742,0.00014652648683890457,0.0001366455187011544,0.00013793250412479674
2030-02-28 15:00:00,0.00012852693506769028,0.00014464564827154758,0.00013504107784225832,0.00013537886271257625
2030-02-28 16:00:00,0.00012717749592371414,0.0001394536202552138,0.00013269130963863314,0.00012928538590114373
2030-02-28 17:00:00,0.00012630797902778786,0.00013871926791041744,0.00013374948362922685,0.00012966959881337048
2030-02-28 18:00:00,0.00012474779107036113,0.00013698915450594603,0.00013336560372603827,0.0001294670172355667
2030-02-28 19:00:00,0.00012425945523414058,0.00013403432645985044,0.00013035335521529648,0.00012740221482089904
2030-02-28 20:00:00,0.00012188145255183115,0.00013042646825270189,0.00012694025266513797,0.00012378208295892303
2030-02-28 21:00:00,0.00012204189099266785,0.00012741878401000461,0.00012287085657796884,0.00011866428950562569
2030-02-28 22:00:00,0.0001206796120212655,0.00012201338404303911,0.00011893988717515396,0.00011484584393184353
2030-02-28 23:00:00,0.00011932472663479924,0.00011853121048747957,0.00011571970120117072,0.00011158279694153664
2030-03-01 00:00:00,0.00011385649716884338,0.00010991786708091154,0.0001112025161105267,0.00010876450009862808
2030-03-01 01:00:00,0.0001116388453923044,0.00010901915740825308,0.00010964152546006766,0.00010636016733705997
2030-03-01 02:00:00,0.00011066672244920432,0.00010696294036551203,0.00010899574096918825,0.00010585743836597885
2030-03-01 03:00:00,0.00010992357040747662,0.00010560288107245776,0.00010862450250201164,0.00010560976295379342
2030-03-01 04:00:00,0.00011079846876920433,0.00011011248029192306,0.00011051002722576567,0.0001074318915429047
2030-03-01 05:00:00,0.00011399196507874153,0.0001181652700419792,0.00011622260462931222,0.00011570274501649988
2030-03-01 06:00:00,0.00012246620236538013,0.0001338508252148474,0.00012998910451515896,0.00013353156397168843
2030-03-01 07:00:00,0.00012640499604127294,0.00014603824685647095,0.0001412090183008206,0.00014975422897775965
2030-03-01 08:00:00,0.00012863820809305295,0.00015079855719292567,0.00014494986672707028,0.00015361427683900807
2030-03-01 09:00:00,0.0001302625459588464,0.00014984270414776464,0.0001438231214479293,0.0001515525614358375
2030-03-01 10:00:00,0.0001283868880868317,0.0001495135918563604,0.0001440686224018208,0.00015202924918783687
2030-03-01 11:00:00,0.0001270717470209248,0.00015085076358001807,0.00014201923183958546,0.00015112245843048076
2030-03-01 12:00:00,0.00012807183671816806,0.000147577540556092,0.0001408679295352286,0.00014803571117453463
2030-03-01 13:00:00,0.00012822425974884816,0.00014716620368319805,0.00014000171911237206,0.00014818029223020085
2030-03-01 14:00:00,0.00012719727086125534,0.00014695308563907107,0.00014013267168616332,0.00014573929920144637
2030-03-01 15:00:00,0.00012628265850873755,0.0001452210057419626,0.0001396296392144488,0.0001449361483918187
2030-03-01 16:00:00,0.00012407516140909645,0.00013923630397437146,0.0001373219297492088,0.00013935378542634852
2030-03-01 17:00:00,0.0001241130182022021,0.00013603005321905908,0.00013583868276199006,0.00013695099572702082
2030-03-01 18:00:00,0.00012200438863323168,0.00013290094335995396,0.00013326220317282772,0.0001347800986930217
2030-03-01 19:00:00,0.00012202129460187625,0.0001298533348408286,0.00012950983610377935,0.00013029115650359672
2030-03-01 20:00:00,0.00012054334440855905,0.00012441118140689802,0.00012571801290214827,0.00012516935054969665
2030-03-01 21:00:00,0.00012063738278913676,0.00012066501364227555,0.0001209689367726832,0.00011988906712580478
2030-03-01 22:00:00,0.00011830405586378473,0.00011782540546362576,0.00011651553276776712,0.00011450230311534989
2030-03-01 23:00:00,0.00011624900021888186,0.00011474429217530807,0.00011312758798972245,0.00011022451979750894
2030-03-02 00:00:00,0.00011492878266514501,0.00011403300620282601,0.00011172537275385204,0.00010831721705693048
2030-03-02 01:00:00,0.00011422844036767277,0.00011232007100991635,0.00011056392322949163,0.00010728366681575993
2030-03-02 02:00:00,0.00011312686685370567,0.00011133972018108084,0.00010987712483881216,0.00010710696482205885
2030-03-02 03:00:00,0.00011320687870208288,0.00011068856691234157,0.00011012646285503073,0.00010746456378633222
2030-03-02 04:00:00,0.0001153523601617425,0.00011371262105958932,0.0001113108631682382,0.00011021850729448557
2030-03-02 05:00:00,0.00011794641959182691,0.00011969053496377951,0.00011715901322455441,0.00011792832725541103
2030-03-02 06:00:00,0.00012469482371863265,0.00013516929029371312,0.00013064928998195405,0.0001344247969845184
2030-03-02 07:00:00,0.0001294910350106582,0.00014787931554712176,0.00014249359871203957,0.00014963284116374076
2030-03-02 08:00:00,0.0001305727376052037,0.0001523612862694554,0.00014571260844596588,0.00015308628663941915
2030-03-02 09:00:00,0.00013135625110090166,0.00015285534519436363,0.0001444141165500607,0.00015159942325414805
2030-03-02 10:00:00,0.00013069306913254683,0.00015023994675438836,0.00014454041322508416,0.00015160783635291948
2030-03-02 11:00:00,0.0001307293962911704,0.00015016068513843347,0.00014333972329485845,0.0001499355319920341
2030-03-02 12:00:00,0.00013235190223574,0.0001496813059317173,0.00014213201625314656,0.00014697656760240258
2030-03-02 13:00:00,0.000132951542225571,0.00014882644322309206,0.0001414693740508777,0.00014646538419601468
2030-03-02 14:00:00,0.0001320874941396661,0.00014920632868420212,0.00014069925757248953,0.0001453504608226607
2030-03-02 15:00:00,0.00013313305422408395,0.00014929128280904064,0.00013995963065146973,0.00014321345303682987
2030-03-02 16:00:00,0.00013107807414526677,0.00014505340335853198,0.00013823445180210906,0.00013743060859628667
2030-03-02 17:00:00,0.00013090918577657022,0.00014302419538226162,0.0001387146131791849,0.00013676892353323413
2030-03-02 18:00:00,0.00013030960436973262,0.00014095310321467165,0.00013730596731789264,0.00013478847418397873
2030-03-02 19:00:00,0.00012930636587581574,0.00013819382477813316,0.00013413154378783687,0.00013244092943931414
2030-03-02 20:00:00,0.00012724555986500763,0.00013517063774767918,0.00013164021338480595,0.00012806370502733516
2030-03-02 21:00:00,0.00012674297879374096,0.0001310378347026817,0.00012768285709716944,0.00012368831242940125
2030-03-02 22:00:00,0.0001235610664128976,0.0001271175267403983,0.00012262790857333616,0.00011962195542958027
2030-03-02 23:00:00,0.00012172794049588557,0.00012307522133508565,0.00011892202902545566,0.00011509585199273334
2030-03-03 00:00:00,0.00011982805291849019,0.00011450706659278509,0.0001099982581166854,0.00010896536166154287
2030-03-03 01:00:00,0.0001182513877185559,0.00011197958394288356,0.00010858430275275826,0.00010759801521141692
2030-03-03 02:00:00,0.00011668285493151856,0.00011202062783272827,0.00010720407759998881,0.00010604727429980314
2030-03-03 03:00:00,0.00011642237100339464,0.00011290678912857541,0.00010714517447521455,0.0001069845811477787
2030-03-03 04:00:00,0.00011966099962122637,0.00011547461268479095,0.00010840045265003782,0.00010803103280845083
2030-03-03 05:00:00,0.00012305029058318526,0.00012182858008340054,0.00011462833378158514,0.0001155356952371608
2030-03-03 06:00:00,0.00012971693476116424,0.00013652147249703685,0.00012837411985453943,0.00013158853360415362
2030-03-03 07:00:00,0.00013325365848094212,0.00014726014582568404,0.00013805807184079523,0.00014651660876102923
2030-03-03 08:00:00,0.00013347890794477023,0.0001516433684815172,0.00014088277829709102,0.000150619186738458
2030-03-03 09:00:00,0.00013488811279964595,0.00015246518608025134,0.0001412687122082491,0.0001489211482900899
2030-03-03 10:00:00,0.00013319079702277375,0.00015192624531339957,0.00014220289935788815,0.00014967699109973687
2030-03-03 11:00:00,0.00013191128006657957,0.00015083272815702079,0.00014118989413469088,0.00014816398513968333
2030-03-03 12:00:00,0.00013306044406275022,0.00015022437594527195,0.00014043345850204086,0.00014470055124666823
2030-03-03 13:00:00,0.0001325563914839002,0.0001490110939197914,0.00013888566756467438,0.00014447118241758364
2030-03-03 14:00:00,0.0001313007258207716,0.0001487802530077654,0.00013723765946935346,0.000141753798864941
2030-03-03 15:00:00,0.0001303962953253975,0.0001476930345411839,0.00013618575487907517,0.0001401848738687603
2030-03-03 16:00:00,0.0001288572482860047,0.0001431143972638221,0.0001336566049977914,0.0001342320802539734
2030-03-03 17:00:00,0.00012997009391374864,0.00014183435669086475,0.00013373759437794385,0.00013378808586236813
2030-03-03 18:00:00,0.0001301152656612079,0.00014059534051801911,0.000131616326330857,0.0001324495128644289
2030-03-03 19:00:00,0.00012986274428263694,0.00013760245058319593,0.00012834455329813882,0.0001285752414703953
2030-03-03 20:00:00,0.00012758675229216967,0.0001344282635027247,0.00012554583577524615,0.00012344771497326462
2030-03-03 21:00:00,0.00012637253783992364,0.00013094369904932468,0.00012117928848394391,0.0001194084715100484
2030-03-03 22:00:00,0.00012398247631788167,0.00012719109028447046,0.00011697525299242131,0.00011463073345397451
2030-03-03 23:00:00,0.00012285990168905796,0.00012355470645509313,0.00011356143320301222,0.00011125227713742154
2030-03-04 00:00:00,0.0001135427963465836,0.00011572041059688674,0.00011093070353039166,0.00010706815853647373
2030-03-04 01:00:00,0.00011207488717067365,0.00011234921779094961,0.00010941660014228907,0.00010629271420589526
2030-03-04 02:00:00,0.00011196138062296035,0.00011210208957645861,0.00010961885933237748,0.00010514454400754934
2030-03-04 03:00:00,0.00011220610958127754,0.00011445069441573717,0.00011078716853614149,0.00010613511202528077
2030-03-04 04:00:00,0.00011498140800389871,0.00011880577100175835,0.00011401090256388564,0.00010992436501497881
2030-03-04 05:00:00,0.00011741003352421344,0.00012897737943016823,0.0001232801935374432,0.00012005516435201248
2030-03-04 06:00:00,0.00012214881585500198,0.00014238676949409533,0.00013462269235498575,0.00013618512374338607
2030-03-04 07:00:00,0.00012444787707157633,0.00014867187870986798,0.00014131647994482848,0.00014552654949515136
2030-03-04 08:00:00,0.00012635180603263836,0.0001491517255296835,0.00014183696896031232,0.00014654113861932593
2030-03-04 09:00:00,0.0001277465612591682,0.0001477556611607954,0.000141081083951994,0.00014644965221946802
2030-03-04 10:00:00,0.00012669916903583711,0.00014583658334300933,0.00014090383332751987,0.00014580963707669435
2030-03-04 11:00:00,0.00012570581979722865,0.00014409766516356744,0.00013815389535250017,0.00014314277463935675
2030-03-04 12:00:00,0.00012514581264879454,0.00014225082716552907,0.00013616718143753841,0.00014012501716453065
2030-03-04 13:00:00,0.000123660529847113,0.0001393344097714582,0.00013374576529834913,0.000137394565032112
2030-03-04 14:00:00,0.00012220454223836464,0.000137203440331664,0.00013251575579703562,0.0001339456435302158
2030-03-04 15:00:00,0.00012076299242266878,0.0001335716155820285,0.0001297173194946244,0.00012925472246846128
2030-03-04 16:00:00,0.00011931500116114128,0.00012923471737380713,0.0001272535666461533,0.0001246536191824975
2030-03-04 17:00:00,0.00011986794300293279,0.00012757197420277378,0.00012688684422409833,0.00012341107002875789
2030-03-04 18:00:00,0.00011941017660573299,0.00012778558095605426,0.00012614479009961623,0.00012355760323345347
2030-03-04 19:00:00,0.00011947644463177785,0.00012736624587261782,0.00012486317481404146,0.00012130834111737435
2030-03-04 20:00:00,0.00011862133203190328,0.00012258428586847602,0.00012131589068524226,0.00011750460067015974
2030-03-04 21:00:00,0.00011704585267537166,0.00011830278021580003,0.00011718557770080904,0.00011312943577522761
2030-03-04 22:00:00,0.00011469391504847683,0.00011449050628137506,0.00011353246953680162,0.00010920331985144831
2030-03-04 23:00:00,0.00011215328883286291,0.0001123953752075924,0.00011056557227991787,0.00010570176378179794
2030-03-05 00:00:00,0.00011421134786450567,0.00011027383296821237,0.00010938379785233484,0.00010512389122473148
2030-03-05 01:00:00,0.00011372570904926823,0.00011030279646333311,0.00010788712758654392,0.00010452455656380733
2030-03-05 02:00:00,0.00011250957999853538,0.00010990526285110269,0.00010764173145091875,0.00010465464860052247
2030-03-05 03:00:00,0.00011199340808924672,0.00010847571958043202,0.00010822175158205781,0.00010597486150755206
2030-03-05 04:00:00,0.00011320417061369011,0.000111441326974271,0.00011005348725382339,0.00010870843592009581
2030-03-05 05:00:00,0.00011654763081726479,0.00011964697402248131,0.00011664556721492902,0.00011662355331506611
2030-03-05 06:00:00,0.00012140896713487818,0.00012810107531324787,0.00012540890579504626,0.00012736412262572108
2030-03-05 07:00:00,0.00012448890700281508,0.00013416038053050278,0.00012974599685502676,0.0001335973401018877
2030-03-05 08:00:00,0.00012697473652165575,0.00013810440864566,0.00013012522984311473,0.0001327978810054723
2030-03-05 09:00:00,0.00012868453004745274,0.00013934141118381648,0.0001299800143147633,0.00013165703542185325
2030-03-05 10:00:00,0.00012738434094831285,0.0001370682779491101,0.00012952229438261922,0.00013019135782078856
2030-03-05 11:00:00,0.0001267797998818345,0.0001350745057452088,0.00012876207325048062,0.00012859675286730628
2030-03-05 12:00:00,0.00012679159682514108,0.00013300806392245993,0.00012717604731714521,0.00012525646856232332
2030-03-05 13:00:00,0.0001257294135443469,0.00013031149624388418,0.00012477044804657923,0.00012299862232340353
2030-03-05 14:00:00,0.00012439954415977272,0.00012839017152119355,0.0001237524402529567,0.00011980502603979603
2030-03-05 15:00:00,0.00012392718043135738,0.00012540188479407563,0.00012154307551442541,0.00011619247551072283
2030-03-05 16:00:00,0.0001236208288554473,0.00012247446584670937,0.00012091942544539339,0.00011470724575713587
2030-03-05 17:00:00,0.000123900929068037,0.00012191715031610233,0.00012154542046988706,0.00011413691910866147
2030-03-05 18:00:00,0.00012314070738705718,0.0001206753690644509,0.00012138402951358999,0.0001162012850966867
2030-03-05 19:00:00,0.00012202562853441298,0.00011655397700969269,0.00011967679484876272,0.00011313880050160295
2030-03-05 20:00:00,0.00012203329728074803,0.00011414009998198266,0.00011695883426169074,0.00011100979626872123
2030-03-05 21:00:00,0.00012154173543434932,0.00011115471172789068,0.00011360281453896628,0.00010644571083884069
2030-03-05 22:00:00,0.00011850219211229389,0.00010663589882155296,0.00011079192367190822,0.00010440461680865947
2030-03-05 23:00:00,0.00011640092853649808,0.00010375042289395166,0.00010821542065917933,0.00010227148910498955
2030-03-06 00:00:00,0.00010864525035268172,0.00010057233528071409,0.00010537282265417737,0.00010145062885013093
2030-03-06 01:00:00,0.00010733657478439164,9.997802054977478e-05,0.00010513111812369361,0.00010017964321951513
2030-03-06 02:00:00,0.00010747631297439862,9.916311599113057e-05,0.00010459125867403963,0.00010105411626664437
2030-03-06 03:00:00,0.0001074429107804369,9.93844177448146e-05,0.00010443389178506869,0.00010129574606935427
2030-03-06 04:00:00,0.00010990538569513325,0.00010285201761602266,0.00010633317704634849,0.00010426994251964909
2030-03-06 05:00:00,0.00011219405486165109,0.00010948890060042627,0.0001134011225489134,0.00011242216640539471
2030-03-06 06:00:00,0.00011620744662860483,0.00012019355463003666,0.00012268193291540072,0.00012453679723448233
2030-03-06 07:00:00,0.00011977969255938742,0.00012714249279772825,0.00012769944500555215,0.00013191487775315782
2030-03-06 08:00:00,0.00012007075788049861,0.00012840936442032693,0.0001296124530700862,0.00013235864332759254
2030-03-06 09:00:00,0.00012014333509575761,0.00012786640532682652,0.00012915426467488555,0.00013224799347559101
2030-03-06 10:00:00,0.00011876743292570392,0.00012734245469539073,0.00012927682202688019,0.0001330897551082725
2030-03-06 11:00:00,0.00011806486599184734,0.00012748698143480526,0.00012851679284990117,0.00013103373784356515
2030-03-06 12:00:00,0.00011819740801627262,0.00012518805124199484,0.0001267370854635772,0.00012924639465047348
2030-03-06 13:00:00,0.00011886294499417631,0.00012413376467204344,0.00012621936699264608,0.00012794379486725084
2030-03-06 14:00:00,0.00011792933393411146,0.00012406191806638774,0.00012544439647617218,0.00012554798953950675
2030-03-06 15:00:00,0.00011783943647694341,0.00012183857379585228,0.00012364473510569443,0.00012357454534419983
2030-03-06 16:00:00,0.0001169661439133651,0.0001195069785571086,0.000121699518498685,0.00012123870467239664
2030-03-06 17:00:00,0.00011810053286736912,0.00011923678766137428,0.0001226800151720946,0.00012066927924255866
2030-03-06 18:00:00,0.00011787208200583998,0.00011792054030503161,0.00012281755325444345,0.00012199559341702243
2030-03-06 19:00:00,0.00011707629499855509,0.00011755484009110003,0.00012024383863622234,0.00011965693512210942
2030-03-06 20:00:00,0.00011498479475295423,0.00011508114800776939,0.00011780103026461478,0.00011563909225352959
2030-03-06 21:00:00,0.00011567661253574733,0.0001110084931309653,0.00011447957624257392,0.00011280991036716372
2030-03-06 22:00:00,0.00011368756747786882,0.00010666077939621267,0.00011172965104928631,0.00010955475940131448
2030-03-06 23:00:00,0.00011107972900854275,0.00010297784205993383,0.00010939228051511735,0.00010692199332267651
2030-03-07 00:00:00,0.00011198186052226106,0.00010199846450880971,0.00010648140539085261,0.00010397379566638055
2030-03-07 01:00:00,0.0001110946638857702,0.00010217356613224434,0.0001057812704060274,0.00010253028792369176
2030-03-07 02:00:00,0.00011076075244527612,0.00010143786007538416,0.00010516994306791729,0.00010192046875165995
2030-03-07 03:00:00,0.0001099441063283145,0.00010150085764492821,0.00010502470452865781,0.00010186612329539291
2030-03-07 04:00:00,0.00011172105759161283,0.00010491247610138728,0.00010707509184376977,0.00010455885508245044
2030-03-07 05:00:00,0.00011492363530517755,0.00011290657798809568,0.00011448530804912469,0.00011318702080039359
2030-03-07 06:00:00,0.00011903218139614327,0.00012536732092733406,0.00012564642213220927,0.00012773528260207168
2030-03-07 07:00:00,0.00012188048484207692,0.00013242069902919874,0.00013369535729009112,0.00013805945702388773
2030-03-07 08:00:00,0.00012350555835061768,0.0001351574527285582,0.0001351187575948775,0.0001402512586936447
2030-03-07 09:00:00,0.00012461786887286958,0.00013393177327364895,0.00013519594962842416,0.00014135773452712112
2030-03-07 10:00:00,0.00012421721488707404,0.0001337842811288148,0.00013541101825434492,0.00014140123578885294
2030-03-07 11:00:00,0.00012449725140974163,0.0001322915206159377,0.00013530337290700145,0.00013924673399258062
2030-03-07 12:00:00,0.00012508156318735927,0.00013037182881960968,0.00013453566766326183,0.0001383249124539151
2030-03-07 13:00:00,0.00012471962793123248,0.00013074373042512566,0.00013406990954730085,0.00013782338743384556
2030-03-07 14:00:00,0.00012487559701022152,0.00013107158524755885,0.0001330023507650812,0.00013580063378780346
2030-03-07 15:00:00,0.0001239009184825129,0.0001279615322239901,0.00013144760927469719,0.0001329573489848094
2030-03-07 16:00:00,0.00012168460292958053,0.00012514234848373667,0.00012878668070875508,0.0001283082787343495
2030-03-07 17:00:00,0.00012120396419286751,0.0001233078194572828,0.00012810647881635287,0.00012762179046572027
2030-03-07 18:00:00,0.0001203151218961585,0.00012213049456333847,0.00012743114483182165,0.00012721129899923245
2030-03-07 19:00:00,0.00012134475651427325,0.00011950852792751873,0.00012471673369607994,0.00012457887474453692
2030-03-07 20:00:00,0.0001201545804387387,0.00011741807812173152,0.0001216914492801922,0.00012112316543452467
2030-03-07 21:00:00,0.00011983826242590906,0.00011550667705744985,0.00011806029818872343,0.00011826971424104328
2030-03-07 22:00:00,0.00011845247556110673,0.00011203258630760669,0.0001146041420345749,0.00011506765908904854
2030-03-07 23:00:00,0.00011639322094599035,0.00010736902691374969,0.0001111088893779978,0.0001116986809449173
2030-03-08 00:00:00,0.00011553823785771591,0.0001011578459626419,0.00010504309578241269,0.00010406041114499822
2030-03-08 01:00:00,0.00011387860126001648,0.00010050420861330397,0.00010367355782459044,0.00010287923078735307
2030-03-08 02:00:00,0.00011272910175210565,9.936444554968469e-05,0.00010344026076485688,0.00010242002302105273
2030-03-08 03:00:00,0.00011227558265658183,0.0001001251136526739,0.00010323447803282914,0.00010321335184750646
2030-03-08 04:00:00,0.00011485956966962845,0.0001028182903975245,0.00010481148203108452,0.00010527999424224354
2030-03-08 05:00:00,0.0001179585126295602,0.00011041772225137401,0.00011031081250994525,0.00011292445874973767
2030-03-08 06:00:00,0.00012528390526479318,0.00012351040520445017,0.00012216691540387246,0.00012803149631450002
2030-03-08 07:00:00,0.00012810846903775903,0.0001330296529752788,0.00013247814352886908,0.00014072892958717371
2030-03-08 08:00:00,0.00012974686071199668,0.00013542269172138932,0.00013508660523596502,0.00014279059045451547
2030-03-08 09:00:00,0.00013050010050034072,0.0001357579564213781,0.0001349386883362486,0.0001410867343714599
2030-03-08 10:00:00,0.00012948939553472175,0.00013472631529167173,0.0001348891920038592,0.00014088025357960381
2030-03-08 11:00:00,0.0001295018182435489,0.0001330070833634428,0.0001340500887001187,0.0001394230071553742
2030-03-08 12:00:00,0.0001306064518537535,0.00013241418398458903,0.00013240508048242703,0.0001370299483294975
2030-03-08 13:00:00,0.00013029268439274393,0.000132075143316571,0.00013105878684557115,0.00013635007082916196
2030-03-08 14:00:00,0.00012979539677196247,0.00013178396320231376,0.00013028775619781282,0.00013395483923436845
2030-03-08 15:00:00,0.00012949284872793763,0.0001311106984522034,0.00012939592909527443,0.0001326030922394669
2030-03-08 16:00:00,0.00012742502310497667,0.0001257844977665707,0.00012677036542156836,0.00012749538049083972
2030-03-08 17:00:00,0.00012754817919016353,0.00012362094224520752,0.00012710842730415475,0.00012681576970950394
2030-03-08 18:00:00,0.0001265090817096723,0.0001229170055444032,0.0001262467762903084,0.00012675526336662345
2030-03-08 19:00:00,0.00012535395226036516,0.00011993303338722876,0.00012322491699505786,0.00012487121962599212
2030-03-08 20:00:00,0.00012322470948960884,0.00011782324302150754,0.00012113139339949185,0.00012149673669055875
2030-03-08 21:00:00,0.0001241996931407558,0.00011544991781148995,0.00011735629015505071,0.00011764526376199719
2030-03-08 22:00:00,0.00012081725394337748,0.00011172838335793818,0.00011343175028740506,0.00011327467167960751
2030-03-08 23:00:00,0.00011975001441411896,0.00010955501274974686,0.00011042498593901969,0.0001095460831854731
2030-03-09 00:00:00,0.0001173412259105506,0.00011135755153154203,0.00011277003997190841,0.00011250202360608069
2030-03-09 01:00:00,0.00011605161520464419,0.00010817294596588159,0.00011149823834145967,0.0001114207675867186
2030-03-09 02:00:00,0.00011522350155235212,0.0001083265020309427,0.0001108017539336636,0.00011077188844727266
2030-03-09 03:00:00,0.00011366595868633541,0.0001102220703647805,0.00011110229236310315,0.00011209964595460195
2030-03-09 04:00:00,0.00011560783840249843,0.00011373638258402549,0.00011370447159019626,0.00011650386053175374
2030-03-09 05:00:00,0.00011880080842114921,0.00012178474943090465,0.0001223826904144708,0.00012740290593250792
2030-03-09 06:00:00,0.00012566872942070998,0.00013704907706390447,0.00013678444020021456,0.0001448985537173463
2030-03-09 07:00:00,0.0001294758612198991,0.00014763814895689175,0.000147154425644016,0.00015873133009653827
2030-03-09 08:00:00,0.00013177269670075037,0.00015009560970571549,0.00014963114866568437,0.0001591137852487535
2030-03-09 09:00:00,0.00013295479482233578,0.00015114235931266038,0.00014933652405366596,0.00015684344815598825
2030-03-09 10:00:00,0.00013163841836119215,0.00014986592495640805,0.00014808752161104074,0.00015617919020244274
2030-03-09 11:00:00,0.00013154906392078035,0.00014820118609414794,0.00014625342895224742,0.0001532281163141209
2030-03-09 12:00:00,0.00013145018970402682,0.0001474849601597066,0.00014497608306764055,0.00014992337498073027
2030-03-09 13:00:00,0.00013153743023462967,0.00014579590738243652,0.00014455715433517395,0.000149403281159656
2030-03-09 14:00:00,0.00013121780622597524,0.00014537413001872268,0.00014393610061684057,0.00014719665327742997
2030-03-09 15:00:00,0.0001303071693762245,0.0001421899945639232,0.00014211150728461825,0.00014404653464515074
2030-03-09 16:00:00,0.00012746175216987745,0.00013650248789084073,0.000138297195298222,0.00013731557359424726
2030-03-09 17:00:00,0.00012722263255553163,0.00013370742039361103,0.00013673801123381994,0.0001360941816485512
2030-03-09 18:00:00,0.00012582007475426686,0.0001310726791446834,0.0001353170510113574,0.00013489418597199707
2030-03-09 19:00:00,0.00012649833828980308,0.00012859951509891021,0.00013225936131087404,0.0001323439339750671
2030-03-09 20:00:00,0.00012571240057626806,0.00012598021325068394,0.00012851176396069268,0.0001281405281738309
2030-03-09 21:00:00,0.00012323697332060894,0.0001225686118901689,0.00012358060529384085,0.00012300269806577005
2030-03-09 22:00:00,0.00011983326635943667,0.00011780705892811497,0.00011865465682138463,0.00011743925012256629
2030-03-09 23:00:00,0.00011750715673733497,0.00011375668515296638,0.00011430306947730715,0.00011318950914788557
2030-03-10 00:00:00,0.00011419107315407571,0.0001134487219062573,0.0001133867413700937,0.00011084079636007905
2030-03-10 01:00:00,0.00011357196624325785,0.0001115559826035284,0.00011162664084257842,0.00010936272529885253
2030-03-10 02:00:00,0.000112818557833387,0.00011102180407547734,0.00011162098051106857,0.00010870640875406556
2030-03-10 03:00:00,0.00011347690080938346,0.00011179552205327651,0.00011170896796971825,0.00010992236375223651
2030-03-10 04:00:00,0.00011622288158556122,0.00011728401900803233,0.00011460850988291181,0.00011395705848778434
2030-03-10 05:00:00,0.00012026232904044468,0.00012873945738004817,0.0001234959909983559,0.00012548244387396867
2030-03-10 06:00:00,0.00012716791409775913,0.0001442628470064341,0.0001377950262413559,0.00014358705460297525
2030-03-10 07:00:00,0.00013039608701948804,0.0001544825138785461,0.00014835647610680718,0.00015696719550415154
2030-03-10 08:00:00,0.0001307211190250096,0.00015624861035831077,0.00015117462004813945,0.00015855405159318343
2030-03-10 09:00:00,0.00013158073168685462,0.0001546686605780415,0.0001512952046570668,0.00015716128061077852
2030-03-10 10:00:00,0.00013037057816625076,0.00015314994620599216,0.0001513515552969242,0.0001562297890888247
2030-03-10 11:00:00,0.00012940345169887732,0.00015046950483949445,0.00015002184652645567,0.0001549046100982627
2030-03-10 12:00:00,0.00013037714517747566,0.00014852071554396657,0.000148778795390102,0.0001522556289364086
2030-03-10 13:00:00,0.00013003526571970793,0.0001471049838238903,0.00014660672905500053,0.00015098727948245223
2030-03-10 14:00:00,0.00012905473108192376,0.0001463216484306607,0.00014430068387615033,0.00014797508637147365
2030-03-10 15:00:00,0.000129273989947742,0.00014252983504823885,0.0001418174212955416,0.000142765532425232
2030-03-10 16:00:00,0.0001269521779220886,0.00013787205747455263,0.00013829387040570888,0.0001361186153515919
2030-03-10 17:00:00,0.00012766869791191196,0.00013703353137954058,0.00013703271189808073,0.0001346833906416613
2030-03-10 18:00:00,0.00012670395850428658,0.00013485842206979672,0.0001363713118685108,0.00013381464346803808
2030-03-10 19:00:00,0.00012704364703841115,0.00013246110184476264,0.00013277704445023976,0.00013035479020744934
2030-03-10 20:00:00,0.00012501994481041394,0.00012831973482155322,0.00012846286922684364,0.0001248515524880671
2030-03-10 21:00:00,0.00012230291337836277,0.00012431558023799405,0.00012395998297119731,0.0001195471704756874
2030-03-10 22:00:00,0.00011863945227549058,0.00011926015723905711,0.0001192984719601307,0.00011442942472627623
2030-03-10 23:00:00,0.00011706253965778039,0.00011592719941030246,0.00011619600563928203,0.00011088047591320012
2030-03-11 00:00:00,0.000115915962717873,0.00010958080265885453,0.00011284310011901882,0.00010579325231185653
2030-03-11 01:00:00,0.00011597303435681909,0.00010756858098939629,0.00011130400280307006,0.00010369870345760895
2030-03-11 02:00:00,0.00011571874476107098,0.00010702062579609186,0.00011032435015600587,0.00010312594793503967
2030-03-11 03:00:00,0.00011592412560084214,0.00010688286864635031,0.00011018757986954174,0.00010336669748250175
2030-03-11 04:00:00,0.00011748562839223936,0.00010787722639608315,0.00011090074600436019,0.00010459976777836406
2030-03-11 05:00:00,0.00011788334892138469,0.00011303694051216279,0.00011494931312083097,0.00010959038628034911
2030-03-11 06:00:00,0.00012272305083767208,0.00012410666426884308,0.00012370736870311337,0.00011966857046946105
2030-03-11 07:00:00,0.00012457089770253,0.00013188428320997392,0.00013176734012455344,0.0001295038093575253
2030-03-11 08:00:00,0.00012548198262488834,0.0001329706262298668,0.00013475642192518062,0.00013199001767675694
2030-03-11 09:00:00,0.00012838048031794046,0.00013418796210965943,0.00013511701309025775,0.00013225387263936442
2030-03-11 10:00:00,0.00012628569934739696,0.00013457315490850817,0.00013578902521251042,0.0001342612746772594
2030-03-11 11:00:00,0.0001256351353130296,0.0001323827695136591,0.00013468154523799347,0.00013311140222601442
2030-03-11 12:00:00,0.00012653375247029827,0.00013160321380835488,0.00013299258590606186,0.00013017501405236483
2030-03-11 13:00:00,0.00012539102146321123,0.00013090394161094335,0.0001322098767860195,0.00012872041795629997
2030-03-11 14:00:00,0.00012209869563754378,0.00012944254466319932,0.00013108254540070377,0.0001271428514090733
2030-03-11 15:00:00,0.00012273307907586443,0.00012871137931987992,0.00012974567436487946,0.00012481060259013512
2030-03-11 16:00:00,0.00012221755738541117,0.00012588325950734964,0.00012871171968150568,0.00012141323598619498
2030-03-11 17:00:00,0.000122288751947903,0.00012535415365209416,0.00012908547695314828,0.0001222661587389198
2030-03-11 18:00:00,0.0001217134927992693,0.00012548410468194078,0.00012895326853978843,0.00012198883839605428
2030-03-11 19:00:00,0.00012075406454713793,0.00012221512144875942,0.00012596065730073082,0.0001188785701250937
2030-03-11 20:00:00,0.00011868462271745902,0.00011990106454012258,0.00012312203962661571,0.00011559882800138299
2030-03-11 21:00:00,0.00011885662286204742,0.00011729979873718455,0.0001198872772293952,0.00011119369797389197
2030-03-11 22:00:00,0.0001158353834147157,0.00011436938174210867,0.00011616814736141229,0.00010690343925999234
2030-03-11 23:00:00,0.00011468979144039121,0.00011031754493761964,0.00011374835410581576,0.00010464402774174493
2030-03-12 00:00:00,0.00011411663113140394,0.00011079474374710028,0.0001161396086696746,0.00010881877231962949
2030-03-12 01:00:00,0.00011408431168176235,0.00010997476964648125,0.00011511046415212341,0.00010696837762090794
2030-03-12 02:00:00,0.00011359008289093148,0.00010948384052107083,0.0001142125753629831,0.0001059246077062807
2030-03-12 03:00:00,0.00011350545697860545,0.00010996245710743703,0.0001146649175605959,0.00010544738769290234
2030-03-12 04:00:00,0.00011556576352244314,0.00011293012613835569,0.00011538602260568189,0.00010744021163861747
2030-03-12 05:00:00,0.00011666453654027429,0.00011715615044651024,0.00011988814490770864,0.00011298309034783533
2030-03-12 06:00:00,0.0001223549068648904,0.00012732149630363264,0.00012883998580466826,0.00012482228795972927
2030-03-12 07:00:00,0.00012475257772380605,0.000135088581049248,0.00013708434680556494,0.00013458379858118403
2030-03-12 08:00:00,0.00012649890204299456,0.00013886691073131796,0.0001395653953921033,0.00013678667293825543
2030-03-12 09:00:00,0.00012808472977727349,0.0001388934685762271,0.00013950980325018296,0.0001361751904399528
2030-03-12 10:00:00,0.0001272760087038428,0.00013837933115053033,0.00013976208659928914,0.00013683338203993866
2030-03-12 11:00:00,0.00012645215749226813,0.00013533341140145204,0.00013817715825989994,0.00013557093086247036
2030-03-12 12:00:00,0.0001275950987913159,0.00013333064850671255,0.00013682343162299098,0.00013209132856651843
2030-03-12 13:00:00,0.0001279837377340812,0.00013370584952155878,0.0001349908897114334,0.0001312351208796043
2030-03-12 14:00:00,0.00012654902454120302,0.00013304761426278605,0.0001330392044646814,0.00012902130993622718
2030-03-12 15:00:00,0.00012588296515752103,0.0001311666445359939,0.0001317473592348509,0.0001277652815352739
2030-03-12 16:00:00,0.00012466735886885867,0.00012733254765634906,0.0001301793033623622,0.00012427813403319081
2030-03-12 17:00:00,0.00012506409879165222,0.00012684370045789076,0.00013036713267149602,0.00012363716331556293
2030-03-12 18:00:00,0.00012455786161893917,0.00012690718569448528,0.0001298499786140782,0.00012320539648311303
2030-03-12 19:00:00,0.00012353286742462595,0.0001244653571542787,0.00012672217943727083,0.00012062891342427281
2030-03-12 20:00:00,0.00012225048216055922,0.00012149861518505555,0.00012392645773529921,0.00011653678857329194
2030-03-12 21:00:00,0.00012094117728106704,0.00011728444006628854,0.00011977870681088406,0.00011210416961376677
2030-03-12 22:00:00,0.00011888531803416381,0.00011367562127233102,0.00011555702553533268,0.00010817732122954737
2030-03-12 23:00:00,0.00011653633083118239,0.00011101931604270636,0.00011361752126764602,0.00010480497537048537
2030-03-13 00:00:00,0.00011685457964123265,0.00011462406500068168,0.00011296917406237683,0.00010481747612300129
2030-03-13 01:00:00,0.00011599470547902692,0.00011348640107645344,0.00011183503949558438,0.00010390678946645672
2030-03-13 02:00:00,0.0001147812979650077,0.00011399953002215909,0.00011110002972359952,0.00010307445569072057
2030-03-13 03:00:00,0.00011432643642981606,0.00011469366446992539,0.0001114680027161872,0.00010409406935500225
2030-03-13 04:00:00,0.0001167330832081777,0.00011740093442343294,0.0001124729372102159,0.0001055986483803179
2030-03-13 05:00:00,0.00011796501005457982,0.0001230092880203457,0.00011719898412427864,0.00011129255668268613
2030-03-13 06:00:00,0.00012367939264805404,0.00013484454990755397,0.0001272357402855797,0.00012319387600174292
2030-03-13 07:00:00,0.000127005059981898,0.0001441821988313535,0.00013605601189722093,0.0001348617131759411
2030-03-13 08:00:00,0.00012710114702929948,0.00014662728556687275,0.00013919764158988672,0.00013860714742943678
2030-03-13 09:00:00,0.00012828679330673988,0.00014630063778874942,0.0001402901663508409,0.00013849855585837005
2030-03-13 10:00:00,0.0001275748751622471,0.00014644633084579951,0.00014126692423108806,0.00013997834646569676
2030-03-13 11:00:00,0.00012688005428761155,0.00014435550840511871,0.000141361381296346,0.0001399658653927996
2030-03-13 12:00:00,0.00012766982994149922,0.00014265749889808506,0.0001400067773107768,0.0001374122050690776
2030-03-13 13:00:00,0.00012743523409638704,0.00014069403213297875,0.00013838544405068607,0.00013569019271369008
2030-03-13 14:00:00,0.00012756317681213383,0.00013917978606611163,0.00013680772058892793,0.00013501708642666026
2030-03-13 15:00:00,0.00012749320054263486,0.00013879867225405785,0.00013482687160150912,0.00013140573760347628
2030-03-13 16:00:00,0.00012496018988402915,0.0001331289366502964,0.0001314042518113383,0.00012626417625956793
2030-03-13 17:00:00,0.00012513915256177153,0.00013126659369181479,0.00013069088655094093,0.00012427709027718357
2030-03-13 18:00:00,0.00012486506594425433,0.00013058492380031467,0.00013066437157773886,0.00012377609646496557
2030-03-13 19:00:00,0.00012317125272840536,0.00012810429230196218,0.00012781521392438584,0.00012197067269169778
2030-03-13 20:00:00,0.00012194937373986193,0.00012591433078429175,0.00012418084539785298,0.0001173838135984687
2030-03-13 21:00:00,0.00012128607214786345,0.00012177513073387794,0.0001198963221549469,0.00011259985750974923
2030-03-13 22:00:00,0.00011761574116223401,0.00011791496073580291,0.00011579701685860477,0.00010875316632800072
2030-03-13 23:00:00,0.00011569362888668034,0.00011471904039680638,0.00011312801896380337,0.000105992041408833
2030-03-14 00:00:00,0.0001142636224437589,0.00011219347654700582,0.00011117254443097258,0.00010355081113761966
2030-03-14 01:00:00,0.00011325865223710419,0.00011070456326035222,0.00011049838432349796,0.000102874718403939
2030-03-14 02:00:00,0.00011253994482957035,0.000110742768683491,0.00010952963818643283,0.00010226536657970428
2030-03-14 03:00:00,0.00011178618422940788,0.0001102564723494126,0.00010931418806614769,0.00010242080557385431
2030-03-14 04:00:00,0.00011438569476777171,0.00011193793847784602,0.00011049999874008635,0.00010435846959246738
2030-03-14 05:00:00,0.00011598196113019317,0.00011704412745167728,0.0001150999641019321,0.00011083574803473573
2030-03-14 06:00:00,0.00012159032440070456,0.00012736238974424881,0.0001246358033504022,0.00012259769562864313
2030-03-14 07:00:00,0.00012482901986852744,0.00013712301566499004,0.00013358665630889047,0.0001332077666912981
2030-03-14 08:00:00,0.00012534525597823033,0.0001426932064075511,0.00013590323750160778,0.00013617446857525211
2030-03-14 09:00:00,0.00012739264432361423,0.00014161272838158126,0.0001358900413749624,0.0001361577844694492
2030-03-14 10:00:00,0.00012731419841409538,0.00014145654079067953,0.0001362721065166597,0.0001371850708631457
2030-03-14 11:00:00,0.00012703149227934898,0.00014009137039146033,0.00013532869698054404,0.0001368838081545007
2030-03-14 12:00:00,0.00012752347018470215,0.0001386163903804635,0.00013398627770839773,0.00013393733926256492
2030-03-14 13:00:00,0.00012737055170268917,0.00013711306764026097,0.0001328870154643702,0.0001333328444269997
2030-03-14 14:00:00,0.00012568612357731463,0.00013699925391070085,0.00013197870786637613,0.00013104246083339293
2030-03-14 15:00:00,0.00012584715669562368,0.0001365308982487834,0.0001318950563437221,0.00013063184096001376
2030-03-14 16:00:00,0.00012304587791604223,0.00013248356196664284,0.0001298286235000399,0.00012590848411898127
2030-03-14 17:00:00,0.0001232103542288477,0.00013106147333413694,0.00012963492448721643,0.000125267796506378
2030-03-14 18:00:00,0.00012182215716814112,0.00013143426972128094,0.0001302454998480463,0.0001256388769345828
2030-03-14 19:00:00,0.00012271659465395646,0.00012968014433186663,0.0001280061724351639,0.0001246407348480926
2030-03-14 20:00:00,0.00012073059318316913,0.00012600134265179533,0.00012476274251314038,0.0001208804681202462
2030-03-14 21:00:00,0.00012087971641572071,0.00012316415085489047,0.00012080825633053046,0.00011727186752960787
2030-03-14 22:00:00,0.00011826336903828462,0.0001191248381086907,0.0001173186900237253,0.00011326792284834142
2030-03-14 23:00:00,0.00011656601617095509,0.00011602327981932527,0.00011488002273328575,0.00011004524659463427
2030-03-15 00:00:00,0.00011489124336924515,0.00011306222787118156,0.00011239038001071208,0.0001074359068834686
2030-03-15 01:00:00,0.00011537036009532976,0.00011084027289752839,0.00011026365435052836,0.00010578280883388419
2030-03-15 02:00:00,0.00011450472612701142,0.00011171094242274106,0.0001098552360198709,0.00010517131104007468
2030-03-15 03:00:00,0.00011457459543458628,0.00011201268631980856,0.00011022586331656506,0.00010539535918580405
2030-03-15 04:00:00,0.00011582208860444563,0.00011467791308499467,0.00011188414502809395,0.00010742213931937009
2030-03-15 05:00:00,0.00011735465698040118,0.00012085622426587145,0.0001179911841624402,0.00011481793483609307
2030-03-15 06:00:00,0.00012383904204458292,0.00013243034651770868,0.0001294432816904605,0.0001287755826528648
2030-03-15 07:00:00,0.0001276784950403524,0.00014297071195500577,0.0001392421122709076,0.0001420992951193071
2030-03-15 08:00:00,0.00012694929154139748,0.0001470656257308621,0.00014224615076188847,0.00014618510326669485
2030-03-15 09:00:00,0.00012781734010917068,0.00014649155267596205,0.00014174384524016288,0.00014597677122930272
2030-03-15 10:00:00,0.00012733499247677356,0.00014448288107245802,0.00014196624474546366,0.00014664002624972138
2030-03-15 11:00:00,0.00012654163830303356,0.00014176444351763476,0.00014102423737649602,0.00014574474773445596
2030-03-15 12:00:00,0.00012674208376432984,0.00013972353032329525,0.0001394676492647899,0.0001432575008264214
2030-03-15 13:00:00,0.00012697612580421551,0.00013804665819033146,0.00013739644186618413,0.0001428186699430236
2030-03-15 14:00:00,0.0001257284749292587,0.00013703686398155358,0.00013653782176085085,0.00014069111375749274
2030-03-15 15:00:00,0.00012569660941109812,0.0001369571596396419,0.00013501735676220414,0.0001383621751980852
2030-03-15 16:00:00,0.0001238389607047957,0.00013127234894367662,0.0001313461236687542,0.00013199001420774608
2030-03-15 17:00:00,0.0001235752184934732,0.00012887705500098918,0.00013101061166096478,0.00012981302330177685
2030-03-15 18:00:00,0.00012315630261608513,0.00013046962832786264,0.00013089000324313722,0.00012951091237544893
2030-03-15 19:00:00,0.00012226816968750897,0.0001282599843572782,0.00012785926421281387,0.00012679796352377476
2030-03-15 20:00:00,0.00012064629530409817,0.0001258699376675919,0.00012456170907926577,0.0001222153227358279
2030-03-15 21:00:00,0.00012009862518522439,0.0001224785200449854,0.00012029388044773807,0.00011733641918194022
2030-03-15 22:00:00,0.00011788898209983128,0.0001180807300437672,0.00011605616285408773,0.00011185626087318423
2030-03-15 23:00:00,0.00011620675541560242,0.00011480216200029881,0.00011280992168041257,0.00010927968730814087
2030-03-16 00:00:00,0.00011486702693256109,0.00011098901008400892,0.00011055528466436652,0.00010723850079084134
2030-03-16 01:00:00,0.00011373249835146867,0.00011088374638236111,0.00010918613126870891,0.00010525839870527537
2030-03-16 02:00:00,0.00011347803739349951,0.00011039369637465293,0.00010872439110956299,0.00010407796150039349
2030-03-16 03:00:00,0.00011323744880374733,0.00011125758480849394,0.00010864523982255011,0.0001046854329649819
2030-03-16 04:00:00,0.00011478066912621666,0.00011386124459944007,0.00011055560589949933,0.00010693252470929992
2030-03-16 05:00:00,0.00011675497182269666,0.0001203752860808184,0.00011645539145834151,0.00011427318725255853
2030-03-16 06:00:00,0.0001229374638705701,0.0001336881510821469,0.0001294123955549712,0.00012968865998117015
2030-03-16 07:00:00,0.00012623390061256422,0.00014512229952170526,0.00014013334212289476,0.00014396007840026165
2030-03-16 08:00:00,0.00012700295138333323,0.00014787071640099582,0.00014244990101305668,0.00014783010562498472
2030-03-16 09:00:00,0.00012894443817228134,0.00014690660876281447,0.00014227761388926907,0.00014633380835685068
2030-03-16 10:00:00,0.0001264998144193985,0.00014463200761605168,0.00014195280272756924,0.00014686474043694366
2030-03-16 11:00:00,0.000126072188667048,0.00014209123104157599,0.00014083628476739603,0.0001439146883453934
2030-03-16 12:00:00,0.00012678217757594227,0.0001417638115479796,0.00013940311750830758,0.00014058696886817
2030-03-16 13:00:00,0.00012613658265779614,0.00013947442113898886,0.000137674142632494,0.0001405678088513219
2030-03-16 14:00:00,0.00012466939553384547,0.00013875270234727066,0.00013690401253492248,0.00013924373967060376
2030-03-16 15:00:00,0.00012567973948242507,0.0001371196433323132,0.0001357872821842541,0.0001374017554072738
2030-03-16 16:00:00,0.00012376835821126614,0.00013175065301003976,0.00013307792407162987,0.00013181072208956208
2030-03-16 17:00:00,0.00012397765962489783,0.00013010470442772305,0.00013265212881248136,0.00012994488611225416
2030-03-16 18:00:00,0.00012351418132497378,0.00012988412727920552,0.00013275262983169657,0.0001298478173930346
2030-03-16 19:00:00,0.00012366652397728797,0.00012938530086353323,0.00013031683742238947,0.00012845169543577529
2030-03-16 20:00:00,0.00012234115329771658,0.00012578266967415826,0.0001271235245365797,0.00012465622192039792
2030-03-16 21:00:00,0.0001208111697033594,0.00012146351228793138,0.00012307285598606253,0.00011904327548542498
2030-03-16 22:00:00,0.00011836925694999616,0.00011709896115978365,0.00011760558812115701,0.00011424053524002842
2030-03-16 23:00:00,0.00011754176111081598,0.0001133585229667799,0.00011379565697266426,0.0001102515469744991
2030-03-17 00:00:00,0.00011494306667444484,0.00010974799631131115,0.00011106572251333674,0.0001066498129943182
2030-03-17 01:00:00,0.0001141092994540934,0.00010699797392911136,0.00010966437240522387,0.00010581210465544022
2030-03-17 02:00:00,0.00011298016607274694,0.00010692294825780164,0.00010897522869958223,0.00010522382125922425
2030-03-17 03:00:00,0.00011316363282750149,0.0001072467703830242,0.00010905102886623244,0.00010540047136499818
2030-03-17 04:00:00,0.00011471972029669765,0.00011055477326037931,0.00011069136591528173,0.00010719707593107126
2030-03-17 05:00:00,0.00011663191048901604,0.00011689058599789713,0.00011589399893047524,0.0001138593114481605
2030-03-17 06:00:00,0.00012331934513015177,0.00013087049060960323,0.00012770180447459109,0.00012774410391854144
2030-03-17 07:00:00,0.00012758896656372984,0.0001430845858446631,0.00013831379941461446,0.0001426363133039106
2030-03-17 08:00:00,0.0001277277497829876,0.00014539983914372716,0.00014275699436301046,0.00014716259509331027
2030-03-17 09:00:00,0.00012813484003412675,0.00014568577352569892,0.00014242598378993597,0.00014629101788636448
2030-03-17 10:00:00,0.00012577763261695842,0.00014484136518483297,0.00014255186566174168,0.00014676979979562067
2030-03-17 11:00:00,0.00012475077283846664,0.0001437787369789005,0.00014158920709893597,0.0001450257534479456
2030-03-17 12:00:00,0.0001258376489437426,0.00014246007986426046,0.0001403531764152652,0.00014251830910820394
2030-03-17 13:00:00,0.00012615860727596158,0.00014113431750897412,0.00013982346549422283,0.00014187869052196042
2030-03-17 14:00:00,0.00012507205752596207,0.0001398137906241997,0.00013909454198035484,0.00013971003010093973
2030-03-17 15:00:00,0.00012463554759359306,0.0001391960166925189,0.0001373823013686186,0.00013805296554134544
2030-03-17 16:00:00,0.00012272370815257278,0.00013432190953021803,0.0001345003640630543,0.00013137095825531848
2030-03-17 17:00:00,0.00012194402688014965,0.00013112571256480184,0.00013319485428354535,0.0001292437623540678
2030-03-17 18:00:00,0.0001215941628706279,0.0001306302450750384,0.00013186612641873688,0.0001274083741964552
2030-03-17 19:00:00,0.000121908875638139,0.0001282965861772206,0.0001287819481116359,0.00012517051421145306
2030-03-17 20:00:00,0.00011943863359968971,0.00012449689468518974,0.00012516801561209687,0.00011998045118529022
2030-03-17 21:00:00,0.00011864357507129027,0.00012065399372347273,0.00012124158789412792,0.00011581483643769501
2030-03-17 22:00:00,0.00011629309130195549,0.00011566583631510466,0.00011670465130308748,0.00011101634927906652
2030-03-17 23:00:00,0.00011462676175233943,0.00011290010075874341,0.00011359033835627034,0.00010728627704321774
2030-03-18 00:00:00,0.00011283713230508506,0.00010873459799273459,0.00011032043824179381,0.00010522513435618033
2030-03-18 01:00:00,0.00011224798793140591,0.00010637480854722303,0.00010853402679938597,0.00010301869343149206
2030-03-18 02:00:00,0.00011196953912129936,0.00010647893405191957,0.00010786008582825898,0.00010281561383520404
2030-03-18 03:00:00,0.00011057913430947537,0.00010587318561603733,0.00010756497993721582,0.00010341205440110468
2030-03-18 04:00:00,0.00011308707907566352,0.00010843827914404438,0.00010874519571930639,0.00010475136248906574
2030-03-18 05:00:00,0.0001153343364612238,0.00011401297784706958,0.00011445576526658144,0.00011124410355181358
2030-03-18 06:00:00,0.0001216993218469726,0.00012753867565025505,0.00012630943055161607,0.00012742531339369405
2030-03-18 07:00:00,0.00012609173084400554,0.00014005207991970832,0.00013747209818150056,0.00014253298860154
2030-03-18 08:00:00,0.00012713649610837215,0.00014349795193352826,0.00014181416932355312,0.00014757327292845893
2030-03-18 09:00:00,0.00012741297919121214,0.00014556274850938437,0.00014296896268387575,0.0001475560835285565
2030-03-18 10:00:00,0.00012501648270515266,0.00014564520944110402,0.00014380818145579106,0.0001492507541541644
2030-03-18 11:00:00,0.00012357491473743496,0.00014463565826209726,0.00014265898141403103,0.0001474052512258017
2030-03-18 12:00:00,0.00012447887914064973,0.0001420926960486419,0.00014096394523629275,0.00014467506726942886
2030-03-18 13:00:00,0.00012452040604295095,0.00014035991282616167,0.0001396920912536089,0.00014387786301812137
2030-03-18 14:00:00,0.00012378373529953386,0.00013992444091201844,0.00013927350035049834,0.00014137792913239037
2030-03-18 15:00:00,0.0001230779825135773,0.0001378610904539956,0.00013738381399081874,0.0001382547713952821
2030-03-18 16:00:00,0.00012075130149584669,0.00013154925033534074,0.00013343649807898974,0.00013166014993168848
2030-03-18 17:00:00,0.00012008462788932598,0.00012777817414572404,0.00013187301445709962,0.0001289277357752775
2030-03-18 18:00:00,0.00012061073458227578,0.00012746917950253811,0.0001307622512890251,0.00012724663307599527
2030-03-18 19:00:00,0.00012061908120803146,0.00012545701284869638,0.00012815382301600023,0.00012545093554193677
2030-03-18 20:00:00,0.00011979562372209582,0.0001221899597677645,0.00012523768259864492,0.00012106591868708675
2030-03-18 21:00:00,0.00011873063644357462,0.00012028493474775765,0.00012078668890933587,0.00011664241175020138
2030-03-18 22:00:00,0.00011627543919057182,0.00011568123720384445,0.00011627244406920818,0.00011185932923886608
2030-03-18 23:00:00,0.00011443923393380056,0.00011295983312796675,0.0001123782151292404,0.00010777609757565431
2030-03-19 00:00:00,0.00011250645193122662,0.00011054658034988334,0.00010949468529935507,0.00010454344479343981
2030-03-19 01:00:00,0.00011130342833367238,0.00011020960881502877,0.00010779062940616748,0.00010340575851946884
2030-03-19 02:00:00,0.00011106186785544319,0.00010917359561195448,0.00010693749582900926,0.00010193146903445457
2030-03-19 03:00:00,0.00011100713568245094,0.0001091321389431369,0.00010708605127117694,0.00010230855763155525
2030-03-19 04:00:00,0.0001129710142595961,0.0001132739325272508,0.00010875750951037404,0.0001042999826097054
2030-03-19 05:00:00,0.000114168387670644,0.00011860996289415082,0.00011352056227542451,0.00011082010326889785
2030-03-19 06:00:00,0.00012040068290113687,0.0001276445302532474,0.00012260807880560865,0.00012254298671146796
2030-03-19 07:00:00,0.00012371528218561647,0.00013400691830724613,0.00013148100396003092,0.0001340420581026098
2030-03-19 08:00:00,0.00012414304263278758,0.00013555170817925548,0.00013344169554166093,0.00013666325753687608
2030-03-19 09:00:00,0.0001258120253046761,0.00013618951127913862,0.00013287310991726237,0.0001347840026445759
2030-03-19 10:00:00,0.0001244814503446008,0.00013527772735682852,0.00013351720948564984,0.0001353333297911061
2030-03-19 11:00:00,0.00012365185535949714,0.00013429185657121934,0.0001331911066671164,0.00013523616117021878
2030-03-19 12:00:00,0.00012351766466374143,0.0001343108722196489,0.00013153908270955005,0.00013171877448220684
2030-03-19 13:00:00,0.00012279898840359234,0.0001320945294519125,0.00012997035828044395,0.00013043980919116247
2030-03-19 14:00:00,0.00012063511301935966,0.000131835221058124,0.00012802054339724827,0.00012756255433246373
2030-03-19 15:00:00,0.00011998442287319731,0.00013100235652427813,0.00012727695230630728,0.00012517857364596237
2030-03-19 16:00:00,0.00011808957052800105,0.00012683242906556255,0.00012441082603705555,0.00012031255222129725
2030-03-19 17:00:00,0.00011890320339624475,0.0001241751976822978,0.00012392160841279923,0.00011949222946929907
2030-03-19 18:00:00,0.00011926516920253609,0.00012375073183813566,0.00012444684499698689,0.00011993595382189615
2030-03-19 19:00:00,0.00011973197122113468,0.00012170281437937273,0.0001230234992596577,0.00011921968002060447
2030-03-19 20:00:00,0.00011825797256690268,0.00011788715235509331,0.00012000221246545027,0.0001161326313525514
2030-03-19 21:00:00,0.00011762089319033947,0.0001148609755602903,0.00011659978906462654,0.00011197476215423681
2030-03-19 22:00:00,0.00011665716010532414,0.00011123606634823165,0.00011287669700105582,0.00010821715341828773
2030-03-19 23:00:00,0.00011386068175396726,0.000107046655600197,0.00010977718378191021,0.00010546157609751783
2030-03-20 00:00:00,0.00011178895420557476,0.00010466333981400239,0.00010730978876317878,0.00010327519794386458
2030-03-20 01:00:00,0.00011077318443418547,0.00010401664655073996,0.0001060910450980633,0.00010141083845134522
2030-03-20 02:00:00,0.00011020279993087627,0.00010301090779295422,0.00010577078157936168,0.00010087715411600143
2030-03-20 03:00:00,0.00010952712696519526,0.00010239773480180721,0.00010539806802708907,0.00010129828911738692
2030-03-20 04:00:00,0.00011083088391431598,0.000105560621031496,0.00010664726861849619,0.00010188531592309116
2030-03-20 05:00:00,0.00011127701841750447,0.00011059584096446742,0.00011089946654769076,0.00010769958719140154
2030-03-20 06:00:00,0.0001157361398930025,0.00012180729448183259,0.00012045624190870887,0.00011893093392877914
2030-03-20 07:00:00,0.00011842949821229735,0.00013161326008736437,0.00012926873012942663,0.00013101876540422307
2030-03-20 08:00:00,0.00011874169819420226,0.00013568132992193305,0.00013278570453041996,0.00013528697736054485
2030-03-20 09:00:00,0.00012083588314409014,0.00013502480363480275,0.00013276143485276232,0.0001357908107782762
2030-03-20 10:00:00,0.00011847406954140374,0.00013439774830515834,0.00013339784721803043,0.00013714676561440926
2030-03-20 11:00:00,0.00011880040940086911,0.00013302830705053898,0.00013280300734627276,0.00013643780512915323
2030-03-20 12:00:00,0.00012141984308543367,0.00013077004264634853,0.00013129947696329823,0.00013443148205092903
2030-03-20 13:00:00,0.00012065275195778465,0.00012913079051652394,0.00012966526470166846,0.0001334538826014667
2030-03-20 14:00:00,0.00011809418598705606,0.000127023280470604,0.0001282979669778605,0.00013068340274343277
2030-03-20 15:00:00,0.00011841720314320839,0.000126033776212744,0.00012668385107680107,0.00012780153102584562
2030-03-20 16:00:00,0.00011562495304734334,0.00012137537627732855,0.0001238877477246594,0.00012239674759764594
2030-03-20 17:00:00,0.00011611028549910107,0.00012011912610548998,0.00012379507729006842,0.00012047052608146975
2030-03-20 18:00:00,0.00011709090631991336,0.00012118734640173721,0.00012410594889775047,0.00011996875084978605
2030-03-20 19:00:00,0.00011797813114852005,0.00011989754965980742,0.0001232583704437814,0.000119119330151319
2030-03-20 20:00:00,0.00011548104848237241,0.00011873158492372537,0.00012062230646712269,0.00011471663583183303
2030-03-20 21:00:00,0.00011574128174181965,0.0001140694208966926,0.000117001359350901,0.00011127456122554048
2030-03-20 22:00:00,0.00011369046719532137,0.00011058165029012956,0.00011291483758493713,0.00010758289244530632
2030-03-20 23:00:00,0.00011117324872078815,0.0001074879649543167,0.00011017366230141523,0.00010459999513570853
2030-03-21 00:00:00,0.00011060973060354949,0.00010626978113357256,0.00010804643794080928,0.00010262595728664744
2030-03-21 01:00:00,0.00011038443114554299,0.00010486730834189927,0.00010653644957555105,0.00010108528497949877
2030-03-21 02:00:00,0.00010907141606110279,0.00010545059795018119,0.00010667828860013305,0.00010111559636644604
2030-03-21 03:00:00,0.00010928088003192806,0.00010578509901439513,0.00010659655223506201,0.00010165694819204562
2030-03-21 04:00:00,0.00011104096397924908,0.00010819367183314294,0.00010797911891539907,0.00010343981795404552
2030-03-21 05:00:00,0.00011185571215371459,0.0001129279107535423,0.00011237392509013116,0.00010796764403078624
2030-03-21 06:00:00,0.00011640433114102537,0.0001226284454117737,0.00012129956627416264,0.00011952550348970448
2030-03-21 07:00:00,0.00012079151595615705,0.00013134961264652195,0.00012957106986868442,0.0001298256106010921
2030-03-21 08:00:00,0.00012112812139018409,0.00013277592091999157,0.0001318869292268818,0.00013209889731503617
2030-03-21 09:00:00,0.00012173165381702825,0.00013311242105160334,0.000131275194397065,0.00013144367797062812
2030-03-21 10:00:00,0.00012036447429461762,0.00013138035439691303,0.00013196639277991985,0.00013218184611603402
2030-03-21 11:00:00,0.00012007921195900743,0.00013078134729882051,0.0001306572249745893,0.00013177277274244455
2030-03-21 12:00:00,0.00012107876981397505,0.000129809306458077,0.00012943150640709833,0.0001298781690710828
2030-03-21 13:00:00,0.00012092723216537264,0.0001272434056581121,0.000128617975224764,0.00012973755539413958
2030-03-21 14:00:00,0.0001202644433287516,0.00012650949230651193,0.00012847349791542755,0.00012870382598248925
2030-03-21 15:00:00,0.00012114613929519243,0.00012633810386588397,0.00012768828180913155,0.00012736226537883247
2030-03-21 16:00:00,0.000119229627875974,0.00012142347568695156,0.0001247852085093288,0.00012285498817519495
2030-03-21 17:00:00,0.0001185041944379251,0.00011974670522736384,0.00012444682340501483,0.000121199396294633
2030-03-21 18:00:00,0.00011920904816393457,0.00012254914057246733,0.00012509351337777058,0.00012092954146668957
2030-03-21 19:00:00,0.0001194327793958326,0.00012001771823442365,0.00012412897086844227,0.00012107516164613796
2030-03-21 20:00:00,0.00011800323932706098,0.00011793535319282517,0.00012184733397183135,0.00011703738060443104
2030-03-21 21:00:00,0.00011757769359597013,0.0001148470154018493,0.00011818237201277702,0.0001133215793646668
2030-03-21 22:00:00,0.00011572721197174091,0.00011172540166111526,0.0001146032762645446,0.00010948740357854584
2030-03-21 23:00:00,0.00011338888635756443,0.0001091960071037701,0.00011182104244679156,0.00010640167207103467
2030-03-22 00:00:00,0.00011130718983697308,0.00010720594685805664,0.00010890346026003329,0.00010460442244862596
2030-03-22 01:00:00,0.000110086041924171,0.00010541709055414056,0.00010752352166272332,0.00010291401277672866
2030-03-22 02:00:00,0.00010935821045318119,0.00010494571329355258,0.0001070449290969981,0.00010212340926505784
2030-03-22 03:00:00,0.00010913238842860719,0.00010558919727500995,0.00010771749798936176,0.00010290404630261675
2030-03-22 04:00:00,0.00011142941447689009,0.00010861006723362106,0.0001093450271931888,0.00010451463255927594
2030-03-22 05:00:00,0.00011315826425099727,0.00011385000217688205,0.00011523026492470867,0.00011198657415569904
2030-03-22 06:00:00,0.00012001102202276778,0.0001256958189162312,0.00012655998485944353,0.0001252168957323705
2030-03-22 07:00:00,0.00012294574904377724,0.00013566529256885373,0.0001372270805509732,0.00013937713549316177
2030-03-22 08:00:00,0.00012298555862203385,0.00013867906310168873,0.00013892907582817359,0.00014251606348817525
2030-03-22 09:00:00,0.00012340739549029334,0.00013961243867976824,0.00013783586454015133,0.00014097063250480867
2030-03-22 10:00:00,0.00012287611621806635,0.0001369163224880561,0.00013771812100359386,0.00014264692521941512
2030-03-22 11:00:00,0.00012220835371346418,0.00013400741828970816,0.00013588076653175184,0.00014073092040924368
2030-03-22 12:00:00,0.00012388194900408165,0.0001330590612325123,0.0001341846651466808,0.00013781943012451203
2030-03-22 13:00:00,0.00012307668682081941,0.00013336451486624222,0.00013232451210792536,0.00013720638631868956
2030-03-22 14:00:00,0.00012059072289726227,0.00013282283714998212,0.0001312818957405079,0.00013492858183280685
2030-03-22 15:00:00,0.00012078072603183068,0.00013151482677610632,0.00012980872152079306,0.0001323206417781999
2030-03-22 16:00:00,0.00011832312518311326,0.00012651858517481615,0.00012670810480373894,0.00012630124597402424
2030-03-22 17:00:00,0.00011883783512487778,0.00012270073579826723,0.00012585859150798199,0.00012430393588112429
2030-03-22 18:00:00,0.00011922296569364813,0.00012282329154213151,0.00012520588461753304,0.00012345095174085121
2030-03-22 19:00:00,0.00011995588636436797,0.0001214622695274392,0.00012385097061565773,0.00012277628240652227
2030-03-22 20:00:00,0.00011831532112159068,0.00011664625039441214,0.00012026445202570856,0.00011825215209019208
2030-03-22 21:00:00,0.00011836761189878177,0.0001131310561092664,0.00011614472697270696,0.00011352802530909044
2030-03-22 22:00:00,0.00011533636821915399,0.00010900075326971824,0.00011195264528080691,0.00010930494685877233
2030-03-22 23:00:00,0.00011346519056712654,0.00010588061373407296,0.00010844744888496571,0.00010471488433790517
2030-03-23 00:00:00,0.00011128702219963192,0.00010352390922853268,0.00010631941761147959,0.00010260973752644379
2030-03-23 01:00:00,0.00011009169166103037,0.00010195942080495503,0.00010519410543380896,0.00010125449449362902
2030-03-23 02:00:00,0.00010902415966825593,0.00010167427244757512,0.00010488522578346675,0.000100326590017123
2030-03-23 03:00:00,0.00010872315584299814,0.00010219571420772946,0.00010526040577995759,0.00010100426292886736
2030-03-23 04:00:00,0.0001107066679045159,0.00010620010688039647,0.00010656936324732842,0.00010293769887505897
2030-03-23 05:00:00,0.00011176302838465646,0.00011009341393724286,0.00011118402464977278,0.00011026181186105573
2030-03-23 06:00:00,0.0001175682901649305,0.00012273327124745492,0.00012291752135228654,0.00012524829971620395
2030-03-23 07:00:00,0.0001206738911039526,0.00013488929938197157,0.00013336797541599695,0.00013925041278160994
2030-03-23 08:00:00,0.00012127989031460828,0.0001375234975311109,0.0001362345767014005,0.0001424763858202409
2030-03-23 09:00:00,0.00012299341321657305,0.00013896980302824778,0.00013537185087188737,0.00014244066593298836
2030-03-23 10:00:00,0.00012163839438278029,0.00013756043609756296,0.0001356360127436421,0.0001439739636947138
2030-03-23 11:00:00,0.00011960769268148846,0.00013381783762452768,0.00013457610185260336,0.00014217518655322485
2030-03-23 12:00:00,0.00012004248777903997,0.00013238357006670174,0.00013323589354337207,0.0001382327685183678
2030-03-23 13:00:00,0.00012122555533115699,0.00013205252739479845,0.00013194019753800084,0.00013824814776701612
2030-03-23 14:00:00,0.00012003422149433399,0.00013113924962791665,0.00013047917360681837,0.00013677340840326604
2030-03-23 15:00:00,0.00011995260535941424,0.00013153272736122237,0.00012936563038838322,0.00013358648183082198
2030-03-23 16:00:00,0.00011762219105818672,0.00012571236814436812,0.00012559049676008177,0.00012593640365473902
2030-03-23 17:00:00,0.00011693715754665423,0.0001228748833382723,0.00012501523664375745,0.00012484200921567213
2030-03-23 18:00:00,0.00011733114907476002,0.00012149065655290795,0.00012508282872183472,0.00012380408952759683
2030-03-23 19:00:00,0.00011794880660733883,0.00012080524146047315,0.00012387822965686043,0.00012397076562714097
2030-03-23 20:00:00,0.00011639109017957602,0.00011666055290105912,0.00012135825668839302,0.0001200808114464845
2030-03-23 21:00:00,0.00011776757247417649,0.0001148796882295923,0.0001166159852628625,0.00011547498630328935
2030-03-23 22:00:00,0.00011554628729265178,0.0001110742225016033,0.00011169907597435944,0.00011072590301720449
2030-03-23 23:00:00,0.00011211989324965107,0.00010642404412356175,0.00010844020181380956,0.00010686173761755339
2030-03-24 00:00:00,0.00010987402568314861,0.00010394016203783214,0.0001058944587703793,0.00010420072831391494
2030-03-24 01:00:00,0.00010865077916315999,0.00010221535277863054,0.0001048547117936728,0.00010183674722764485
2030-03-24 02:00:00,0.00010736241934915435,0.00010169481609900437,0.00010359940044687987,0.00010197936407504139
2030-03-24 03:00:00,0.0001073454489621828,0.00010140747389899615,0.00010357543900226759,0.00010223325414506154
2030-03-24 04:00:00,0.00010909767926862899,0.00010436039902143491,0.00010517588451111747,0.00010374959848663328
2030-03-24 05:00:00,0.00011043607141207154,0.00010991521743837513,0.000110197296910231,0.00011085295586992451
2030-03-24 06:00:00,0.00011774996415473688,0.0001217475493013597,0.00012091672397086461,0.00012363065412037007
2030-03-24 07:00:00,0.00012165770761192846,0.00013244508356883284,0.00013150398599086487,0.00013734759122816274
2030-03-24 08:00:00,0.00012131787959792233,0.00013559462216623672,0.00013461944701349007,0.0001412347789675365
2030-03-24 09:00:00,0.0001227370794022288,0.00013696801259269396,0.00013461692537793075,0.00014100146256017942
2030-03-24 10:00:00,0.00012191515019494104,0.00013648045882051895,0.00013455166897786123,0.0001420692148680329
2030-03-24 11:00:00,0.00012184292294472842,0.00013590636433462734,0.00013414839391629837,0.00014034756747202264
2030-03-24 12:00:00,0.00012290767130218442,0.00013491851964344295,0.0001330232670436647,0.00013608109638682325
2030-03-24 13:00:00,0.00012181165226818101,0.00013456822527132436,0.00013167028323415476,0.00013466575655292465
2030-03-24 14:00:00,0.00012156521631579917,0.00013494858806232726,0.00013034283416401773,0.00013228530608873755
2030-03-24 15:00:00,0.00012057723765107062,0.00013093242282602127,0.00012850980055327548,0.0001296454279193262
2030-03-24 16:00:00,0.00011782413256618065,0.00012694603578011337,0.00012514684415056634,0.00012383416678905145
2030-03-24 17:00:00,0.00011684653578399626,0.0001230714121942813,0.000124608043468786,0.000121258621531436
2030-03-24 18:00:00,0.00011705273192019655,0.00012079353095556962,0.00012379163725805142,0.00012167244982691345
2030-03-24 19:00:00,0.00011759033372504253,0.00012006577031491851,0.00012216152658072718,0.0001204134922884258
2030-03-24 20:00:00,0.00011672614355030263,0.00011720351005866168,0.00011894248696602417,0.00011677885810393166
2030-03-24 21:00:00,0.00011608796688508895,0.00011397431159514163,0.00011455767281322959,0.00011204125922039804
2030-03-24 22:00:00,0.00011389887526678827,0.0001113289786553137,0.00011061279442205508,0.00010719723240936772
2030-03-24 23:00:00,0.00011157421444884914,0.00010796855725084308,0.0001073075400363367,0.00010328177895030056
2030-03-25 00:00:00,0.00010961442463213348,0.00010604573904264706,0.0001051934847140149,0.00010173052325495209
2030-03-25 01:00:00,0.00010795900945734791,0.00010440534760688462,0.00010428954351053422,0.00010025071829856489
2030-03-25 02:00:00,0.00010725203825902267,0.00010461970361544357,0.00010469952093076576,9.996784696927339e-05
2030-03-25 03:00:00,0.00010745482890802218,0.00010455183775582304,0.00010464604582473042,9.996677713302331e-05
2030-03-25 04:00:00,0.00010957349797987735,0.00010757626788955234,0.0001063437318729203,0.00010173306892125643
2030-03-25 05:00:00,0.00011163412074785656,0.00011177953338948446,0.00011120680764200581,0.00010799559100171026
2030-03-25 06:00:00,0.00011813736559289364,0.0001238841436100734,0.0001226245265108821,0.00012210050847593344
2030-03-25 07:00:00,0.00012198718300691638,0.0001352040340029723,0.000133582822514038,0.0001367756927057304
2030-03-25 08:00:00,0.0001234721129928891,0.00013931477739133645,0.00013719142215676904,0.00014144759534622068
2030-03-25 09:00:00,0.0001242723742737993,0.00013929727378307453,0.00013726716506025038,0.0001411588890561073
2030-03-25 10:00:00,0.00012300927625535866,0.00013892895175102467,0.00013765174497335037,0.00014237883841602145
2030-03-25 11:00:00,0.00012160511045036767,0.0001368597499722002,0.0001369214786004896,0.00014138523538161492
2030-03-25 12:00:00,0.00012344222191814505,0.00013638242879846104,0.00013571250349380862,0.00013752658296151788
2030-03-25 13:00:00,0.00012278908298664823,0.00013481204054903824,0.00013370632226953895,0.00013604059206831447
2030-03-25 14:00:00,0.0001204788116507426,0.00013396575410045617,0.00013242611675656928,0.0001329710932751864
2030-03-25 15:00:00,0.00012009796066994022,0.00013202477812257392,0.0001305484293224859,0.00013065342302122598
2030-03-25 16:00:00,0.00011831060678511216,0.0001267135770403018,0.00012718525399663518,0.00012320851478816723
2030-03-25 17:00:00,0.00011763494955318121,0.00012347749103818378,0.00012556794095240712,0.00012043513241837495
2030-03-25 18:00:00,0.00011711242227346487,0.00012303082786963577,0.00012473003896442062,0.00012026553393086575
2030-03-25 19:00:00,0.00011843861972155201,0.00012103628561523575,0.0001223907060199332,0.00012040223275925914
2030-03-25 20:00:00,0.00011830330201200816,0.0001178497336161943,0.00011934458057765503,0.00011572076463814551
2030-03-25 21:00:00,0.00011694734732663824,0.00011497566398514581,0.00011540147562644054,0.00011038695559809192
2030-03-25 22:00:00,0.00011487964581746095,0.00011137364490972239,0.00011097660261601735,0.0001068954381033366
2030-03-25 23:00:00,0.0001131081767865448,0.00010712543540925996,0.00010734095736919386,0.0001028124942252835
2030-03-26 00:00:00,0.00011115482127901024,0.00010483795316988907,0.0001050701283161488,9.993763868080163e-05
2030-03-26 01:00:00,0.00011180007378226112,0.00010299664508574219,0.00010440895136741934,9.834566045779357e-05
2030-03-26 02:00:00,0.00011138014514233284,0.00010323937812934577,0.0001031500923067147,9.735135880637563e-05
2030-03-26 03:00:00,0.00011148856548296082,0.0001041399283661453,0.00010387433967809342,9.802525831437697e-05
2030-03-26 04:00:00,0.00011305082367562805,0.00010837510833111643,0.00010507426392662108,9.98965611528024e-05
2030-03-26 05:00:00,0.0001147849783639116,0.00011409715744880467,0.00010976319233150676,0.00010544802456891344
2030-03-26 06:00:00,0.0001210706425709457,0.0001243893022955138,0.00011835003324723247,0.0001165340794146549
2030-03-26 07:00:00,0.00012462330758414585,0.0001324511536609214,0.00012711947214966184,0.00012824853507024088
2030-03-26 08:00:00,0.00012536664854050127,0.00013489537062969106,0.0001300300949038722,0.00013177807694259377
2030-03-26 09:00:00,0.00012543235052216473,0.0001339839204294786,0.00013051250581561923,0.00013098680414480948
2030-03-26 10:00:00,0.00012467001855909917,0.00013278194661653592,0.00013115029981140418,0.0001315008260202997
2030-03-26 11:00:00,0.00012422164823210313,0.00013122696916566538,0.0001305060455599644,0.0001308648663651138
2030-03-26 12:00:00,0.00012356561604481728,0.00013026101654038303,0.00012916799992608919,0.00012863391048268324
2030-03-26 13:00:00,0.0001226221960583431,0.00012945600065149805,0.00012840125436001335,0.00012769572675941102
2030-03-26 14:00:00,0.00012198601042653897,0.00012819996480245446,0.00012747474947910191,0.00012610193175881666
2030-03-26 15:00:00,0.00012166852638039737,0.0001264687589421152,0.0001255852630703426,0.0001246984147158544
2030-03-26 16:00:00,0.00011989407713231029,0.00012258710205096998,0.00012320714682376426,0.00011938443418031794
2030-03-26 17:00:00,0.00011799650932818302,0.00012020666632882861,0.00012222820919148648,0.0001179124716444883
2030-03-26 18:00:00,0.00011792659604337858,0.00012120525784786718,0.00012239240552981514,0.00011845628900433375
2030-03-26 19:00:00,0.00011840252834033646,0.00012047839400000174,0.00012183228647774167,0.00011769173077909793
2030-03-26 20:00:00,0.00011829679242090813,0.00011871462110066813,0.00011934604074438927,0.00011410608964699899
2030-03-26 21:00:00,0.00011718104254668537,0.00011616878477633038,0.00011628029774647898,0.00011026292358993395
2030-03-26 22:00:00,0.00011619585004406844,0.00011321148663131556,0.00011277745701352992,0.00010621811848130947
2030-03-26 23:00:00,0.00011301826822236684,0.00011067768164127367,0.00010963264052412083,0.00010285322382724303
2030-03-27 00:00:00,0.00011183690948194964,0.00010862112329663319,0.00010752397116691286,0.0001011461786849193
2030-03-27 01:00:00,0.00011081513590148579,0.00010569117781195211,0.00010728773780378769,9.976565062620258e-05
2030-03-27 02:00:00,0.00011062139751916191,0.00010481388617463241,0.00010703197642882548,0.00010006548289368932
2030-03-27 03:00:00,0.0001121339364116854,0.00010594684355921986,0.0001070541846139145,0.00010075336948650037
2030-03-27 04:00:00,0.00011383561821040847,0.00010751139488830104,0.00010944666723275778,0.00010412305347971772
2030-03-27 05:00:00,0.00011558787664173805,0.00011424385328448296,0.00011524328854327362,0.00011257874001282017
2030-03-27 06:00:00,0.00011994344334945459,0.00012172301838562846,0.00012365418488761163,0.00012311802852909136
2030-03-27 07:00:00,0.00012189973445394949,0.00012958293318176054,0.0001306409669449525,0.00013120301511466176
2030-03-27 08:00:00,0.0001228316623339764,0.00013375641127969965,0.00013212943335028055,0.0001320560298425252
2030-03-27 09:00:00,0.00012265324753133199,0.00013551717338780816,0.00013208503122095447,0.00013209490361245954
2030-03-27 10:00:00,0.00012094509856442186,0.00013431691989573193,0.0001321720629646289,0.0001326289569869205
2030-03-27 11:00:00,0.00012097766896057705,0.00013396451197175303,0.00013084476007242944,0.0001314066527763669
2030-03-27 12:00:00,0.00012376133101100174,0.00013219843718908372,0.00012975517892272725,0.00012929029184771755
2030-03-27 13:00:00,0.00012199405998759311,0.00013123307337483807,0.00012919895563658757,0.00012797747012241863
2030-03-27 14:00:00,0.00011948319711350497,0.00012810058903780637,0.00012753409481068258,0.00012511891783458418
2030-03-27 15:00:00,0.00011797897245081662,0.00012438876788660252,0.00012605986331779183,0.00012142787112198308
2030-03-27 16:00:00,0.00011631288140196076,0.00012047320627173205,0.00012306451701287724,0.00011730222046582356
2030-03-27 17:00:00,0.00011658067407995366,0.00011819193036486592,0.00012181078322081771,0.00011537985295418528
2030-03-27 18:00:00,0.00011825856381468148,0.00011823729769902752,0.0001223364308392691,0.0001158289552055032
2030-03-27 19:00:00,0.00011831508892221141,0.00011714564739335438,0.00012179805205480396,0.00011584802997744673
2030-03-27 20:00:00,0.00011753817528453729,0.00011315364891311083,0.00011922886318501067,0.00011192353676354119
2030-03-27 21:00:00,0.00011629405687624117,0.00011140574726566915,0.00011499858752423461,0.00010779267654250084
2030-03-27 22:00:00,0.00011386648114670795,0.00010964802599788796,0.00011134103794524657,0.00010426689834231603
2030-03-27 23:00:00,0.000112332585338566,0.00010751758463857104,0.00010909975030913964,0.0001022539094973299
2030-03-28 00:00:00,0.00011012405409031108,0.00010465802595834859,0.00010696835151095458,0.00010022726039822389
2030-03-28 01:00:00,0.00010905759982994087,0.00010423382405184173,0.00010559402005042647,9.941558889531635e-05
2030-03-28 02:00:00,0.00010902200035061113,0.00010267966076518311,0.00010542234600389982,9.90173887647562e-05
2030-03-28 03:00:00,0.00010920179078916822,0.00010527733337855358,0.00010622714932464936,0.00010085135336621114
2030-03-28 04:00:00,0.00011183665380482331,0.00010967273364239113,0.00010903172906170853,0.00010419946650220902
2030-03-28 05:00:00,0.00011649845885694853,0.00011773151258247069,0.00011653631014586614,0.00011440957739676852
2030-03-28 06:00:00,0.00012057298644111339,0.00012621050013649762,0.00012470109398746463,0.0001257253042803101
2030-03-28 07:00:00,0.00012265892475897083,0.0001327080404446012,0.00012910354539718798,0.0001314949209749906
2030-03-28 08:00:00,0.00012271225525087567,0.00013324946616652972,0.0001305205774643035,0.00013200664318753873
2030-03-28 09:00:00,0.00012343140917573753,0.0001338602124561242,0.0001303353295384957,0.00013248283056135207
2030-03-28 10:00:00,0.00012296568253279387,0.00013384653747493795,0.0001302067667217183,0.00013203990614452332
2030-03-28 11:00:00,0.00012293132154678205,0.00013220840042276995,0.00012999937542667843,0.000130097652688237
2030-03-28 12:00:00,0.0001229086997036447,0.0001324143035958293,0.0001285075249971808,0.00012909574045478293
2030-03-28 13:00:00,0.00012185231841189615,0.00013176774202947994,0.00012805550503117722,0.00012754771636579954
2030-03-28 14:00:00,0.0001217991778571814,0.00013164133354956343,0.00012680616616342794,0.0001256539265702546
2030-03-28 15:00:00,0.00012053225134993418,0.0001286793807374715,0.00012447795344282185,0.00012182612456282152
2030-03-28 16:00:00,0.00011898893882467771,0.00012546064883804908,0.00012180796334803614,0.00011838222397702416
2030-03-28 17:00:00,0.00011821866334387135,0.00012368864193823754,0.0001206858455456844,0.00011687787800937662
2030-03-28 18:00:00,0.00011953276587349613,0.00012149465079868123,0.00012107443854845199,0.00011781453017304408
2030-03-28 19:00:00,0.00011844183400027317,0.00012130532555175682,0.0001207496189288383,0.00011711390206026939
2030-03-28 20:00:00,0.00011753817575963707,0.00011843974647130879,0.00011749809643824237,0.00011416790420110474
2030-03-28 21:00:00,0.00011548968146784719,0.00011601152120919642,0.00011365197490090652,0.000109596976902312
2030-03-28 22:00:00,0.00011397704313461667,0.00011397083153365265,0.00010957882198656726,0.0001050618179566605
2030-03-28 23:00:00,0.0001111301889567847,0.00010849511627034972,0.00010760426442042556,0.00010217143268446928
2030-03-29 00:00:00,0.00011008395727851027,0.00010579692913282627,0.00010624590640284488,0.00010093017434930118
2030-03-29 01:00:00,0.00010985483972282214,0.00010811456836655226,0.00010580099984233078,9.994637058442284e-05
2030-03-29 02:00:00,0.00010955153352761978,0.00010788230099311605,0.00010570071957278252,0.00010032947653822427
2030-03-29 03:00:00,0.00011125237124506708,0.00011020266421531827,0.00010724648340003752,0.00010244812936328535
2030-03-29 04:00:00,0.00011264069933140221,0.00011510015684172204,0.00011149206516071577,0.00010790518229601444
2030-03-29 05:00:00,0.00011781777097500496,0.00012505333507043128,0.00012103772335128416,0.00012094271741790482
2030-03-29 06:00:00,0.0001225870504024529,0.00013630050809833704,0.00013188286167032385,0.000134675091753466
2030-03-29 07:00:00,0.0001256879542738064,0.00014158734819460033,0.0001374363616570798,0.0001419935715251113
2030-03-29 08:00:00,0.0001260758666564564,0.00014089441499244774,0.00013836141903774419,0.00014266890561837135
2030-03-29 09:00:00,0.00012596070278184646,0.00013841658897297704,0.00013862136201126392,0.00014298176077892811
2030-03-29 10:00:00,0.00012450939044164012,0.00013698551871496367,0.0001386640929889687,0.00014318483149474982
2030-03-29 11:00:00,0.0001258063470527591,0.00013596397046173816,0.0001373232618482386,0.00013951224940227759
2030-03-29 12:00:00,0.0001262948667404705,0.0001360792488049363,0.00013645131379413613,0.00013846078146050842
2030-03-29 13:00:00,0.0001256249871920712,0.00013421023292408776,0.0001345575712038707,0.00013685348786513722
2030-03-29 14:00:00,0.000125645618437524,0.00013207483090827603,0.00013265014756944521,0.00013357439534471044
2030-03-29 15:00:00,0.00012317600687278052,0.00012750671330428786,0.00012910817232859655,0.00012728896851892509
2030-03-29 16:00:00,0.00012074941628819488,0.00012363773350822132,0.00012682578860503724,0.00012309919199868813
2030-03-29 17:00:00,0.00011862088252457477,0.00012195441055914188,0.00012396751496640584,0.00012039598503620083
2030-03-29 18:00:00,0.0001191469217142301,0.00012071155622585161,0.00012377049302458154,0.00011970518927984026
2030-03-29 19:00:00,0.0001183639586053992,0.00012016270395628737,0.000123185707811093,0.00011854394278211741
2030-03-29 20:00:00,0.00011804755234897514,0.00011798016508498181,0.000119066567722103,0.00011395523387772943
2030-03-29 21:00:00,0.00011624292039527436,0.00011678563996938161,0.00011465547053353864,0.0001096250868615746
2030-03-29 22:00:00,0.00011416591245036185,0.0001149980968032363,0.00011116936127385625,0.0001050540697979622
2030-03-29 23:00:00,0.00011269462096500347,0.00010937871716349201,0.000108281011012302,0.00010147331282944626
2030-03-30 00:00:00,0.00011005857357132513,0.00010827185641590698,0.00010662116453656019,0.00010007757412625832
2030-03-30 01:00:00,0.00010943717360277845,0.00010790804572847527,0.00010575587228907809,9.945782839348343e-05
2030-03-30 02:00:00,0.0001094427576675547,0.00010902656680944463,0.00010595990103577765,9.97077437948295e-05
2030-03-30 03:00:00,0.00011147360645077254,0.00011053852581926499,0.00010749155256452162,0.00010191848848289729
2030-03-30 04:00:00,0.00011466625005529395,0.00011645429631641592,0.00011246926698108145,0.00010916709584601451
2030-03-30 05:00:00,0.00012089391396111668,0.0001298525642038036,0.00012498547240585148,0.00012425647379195494
2030-03-30 06:00:00,0.00012460576423803472,0.0001413807577240888,0.00013587008729518279,0.00013871844614588914
2030-03-30 07:00:00,0.00012623794054328254,0.000143605850399084,0.00013909177962605681,0.00014364628869286696
2030-03-30 08:00:00,0.00012770357495666166,0.00014240348238955385,0.00013848161139190304,0.00014281354576192487
2030-03-30 09:00:00,0.0001270863561927314,0.00014037819105555048,0.00013856362578361538,0.0001440348864855932
2030-03-30 10:00:00,0.0001267917654192442,0.00013910226697828017,0.00013756335011110148,0.00014338196642409298
2030-03-30 11:00:00,0.00012802374990094283,0.00013880538230136435,0.0001358535312647663,0.00014113154971873458
2030-03-30 12:00:00,0.0001277921786365001,0.00013897474608537627,0.00013531709819674794,0.00014082078519988859
2030-03-30 13:00:00,0.00012652916813159757,0.00013749659089313946,0.00013416414380828162,0.00013882718518863152
2030-03-30 14:00:00,0.00012551182597902823,0.000135278579041471,0.00013290849289632285,0.00013591906101379072
2030-03-30 15:00:00,0.00012296405824700432,0.00012809725378401076,0.00012914194363094974,0.00012834285120543577
2030-03-30 16:00:00,0.0001222964456907193,0.0001222571582230347,0.00012610933883879346,0.00012424730594186035
2030-03-30 17:00:00,0.00012129434671526268,0.00012037546334764122,0.0001236111219275468,0.00012131727267098122
2030-03-30 18:00:00,0.00012081586557284552,0.00012298143537415874,0.00012344772873656114,0.0001207051497350516
2030-03-30 19:00:00,0.00011987092084414413,0.00012170812325515995,0.00012329737907533196,0.00012035513826604545
2030-03-30 20:00:00,0.00011930671812152287,0.0001185532401646404,0.00011943005034950557,0.00011554672268060059
2030-03-30 21:00:00,0.00011622277476824126,0.00011381219749641256,0.00011488938813232667,0.00011055726786929278
2030-03-30 22:00:00,0.00011323886609774679,0.00010979788522464571,0.00011137023416138965,0.00010648567613102734
2030-03-30 23:00:00,0.00011011572278262586,0.00010713194821682873,0.00010811077324055802,0.0001041348959114125
2030-03-31 00:00:00,0.00010896100588020556,0.00010590908035771856,0.000106730268244059,0.00010247788091467289
2030-03-31 01:00:00,0.00010840726253258544,0.00010525277638010126,0.0001056875713904513,0.00010142941176644193
2030-03-31 02:00:00,0.0001075821730682418,0.0001058674571056524,0.00010524641229372974,0.00010213361265432874
2030-03-31 03:00:00,0.00010892536836902076,0.00010931810454587135,0.00010675609460050429,0.00010419947382662371
2030-03-31 04:00:00,0.0001114541869372703,0.00011528144395630252,0.00011219165585025671,0.00011057465651293248
2030-03-31 05:00:00,0.0001164897779451287,0.00012777347434871815,0.00012422048957551647,0.0001259820708477361
2030-03-31 06:00:00,0.00012037645813184141,0.00013709350689778736,0.00013446493128001783,0.0001403737309144787
2030-03-31 07:00:00,0.00011992989699095755,0.00014087701866144958,0.00013771318917788926,0.00014319221087411073
2030-03-31 08:00:00,0.00012070218766491369,0.00013923872856871772,0.00013695289085138206,0.0001412529987305926
2030-03-31 09:00:00,0.00011932801215285033,0.00013773462598847908,0.0001371886874854035,0.00014170774177139645
2030-03-31 10:00:00,0.00011776188099217415,0.0001351381091439292,0.00013612482439620058,0.000140384894391328
2030-03-31 11:00:00,0.00011978734458131451,0.00013341831722687614,0.00013477097100397833,0.00013646040237789145
2030-03-31 12:00:00,0.00011985606910195482,0.0001321222113460313,0.0001330462858368344,0.00013530569218846394
2030-03-31 13:00:00,0.00011869981470470834,0.0001293810424842795,0.0001312305594836657,0.00013303954447770825
2030-03-31 14:00:00,0.0001186698916804488,0.00012766770085718905,0.00012959744856671325,0.00013062915964648825
2030-03-31 15:00:00,0.00011654941542015083,0.00012317256037266928,0.00012575530604702113,0.00012369008670174998
2030-03-31 16:00:00,0.00011472249552340718,0.00011943553194981318,0.00012378170489282884,0.00012003211785516358
2030-03-31 17:00:00,0.00011341854674077373,0.00011682344397538687,0.00012171028821324662,0.0001188318828742224
2030-03-31 18:00:00,0.000115688939387381,0.00011788891813478884,0.00012119126876060208,0.0001182642324064357
2030-03-31 19:00:00,0.00011554734316228576,0.00012073799622757376,0.0001217278201198568,0.00011907377826207648
2030-03-31 20:00:00,0.00011526430177426629,0.00011729350660411493,0.0001180416316905659,0.00011469215784576066
2030-03-31 21:00:00,0.00011246724813266586,0.00011427761881442717,0.00011405178762102302,0.00011006254891147063
2030-03-31 22:00:00,0.00011098721673650845,0.00011222661888079896,0.00011097239903363912,0.0001064382855493047
2030-03-31 23:00:00,0.00010956764858850745,0.00010780419554160762,0.00010845329999932809,0.00010256302629326718
2030-04-01 00:00:00,0.0001121267510310745,0.00010761209015641441,0.0001089471798075397,0.00010181458495768351
2030-04-01 01:00:00,0.00011097696857915152,0.00010614777772056526,0.00010827486084556473,0.00010138979876296815
2030-04-01 02:00:00,0.00011097502374559338,0.00010701291226853907,0.000107969727366387,0.00010150140379538457
2030-04-01 03:00:00,0.00011204127399021446,0.0001095639473112683,0.0001089200569137408,0.0001021859406018445
2030-04-01 04:00:00,0.00011385500952291621,0.00011289469956926095,0.00011224922466408977,0.00010676003695707594
2030-04-01 05:00:00,0.00011757013214937228,0.00012109935912039323,0.00011938184853019645,0.00011668779881079361
2030-04-01 06:00:00,0.00012110714786630369,0.00013026916862514648,0.00012737788408047877,0.00012728958026199649
2030-04-01 07:00:00,0.00012240305206500925,0.0001344595046561679,0.0001320212573149493,0.0001330030569138034
2030-04-01 08:00:00,0.00012329293139280207,0.00013558475255348172,0.00013210300590780593,0.00013352964693563396
2030-04-01 09:00:00,0.000124404139554182,0.0001331797727265552,0.0001315253328512836,0.00013348687699364807
2030-04-01 10:00:00,0.00012320642971371228,0.00013144476245875866,0.00013102524861211565,0.00013325630482112838
2030-04-01 11:00:00,0.0001211439184558476,0.00013002001760893997,0.00012942833892071228,0.00013046327983765334
2030-04-01 12:00:00,0.00012045233541241333,0.00012775039932574135,0.00012697206324402527,0.00012766970918051202
2030-04-01 13:00:00,0.00011919331726455006,0.00012664689432010572,0.00012516604969244052,0.0001248178453996787
2030-04-01 14:00:00,0.00011907183857261822,0.00012602215653119804,0.00012271608822391817,0.00012066306658042118
2030-04-01 15:00:00,0.00011791163489774099,0.0001227555522431115,0.00012081108162835454,0.00011724586312224752
2030-04-01 16:00:00,0.00011718155213284742,0.00011974681202378133,0.00011959286457610631,0.00011568507347973333
2030-04-01 17:00:00,0.00011636064915258035,0.00011616559298963443,0.00011828835981994091,0.00011447601434188076
2030-04-01 18:00:00,0.00011732237874087601,0.00011531762109068312,0.00011697818769404611,0.00011304056513586516
2030-04-01 19:00:00,0.00011732517598615643,0.00011432209155977477,0.00011659823510758326,0.00011087537402725456
2030-04-01 20:00:00,0.00011669482666778268,0.00011081077049281602,0.00011391468935219335,0.00010686235964821644
2030-04-01 21:00:00,0.00011509183706062799,0.00010666735473467169,0.00011031025145351463,0.00010245613466191015
2030-04-01 22:00:00,0.00011282533242031498,0.00010421187650773926,0.00010729286365274492,0.00010001294173523151
2030-04-01 23:00:00,0.00011111956009381388,0.00010128613914260566,0.00010479582382753767,9.791859540206085e-05
2030-04-02 00:00:00,0.00011360951138235877,0.0001139135585656968,0.0001106293520209546,0.00010316948091238485
2030-04-02 01:00:00,0.00011311089789138029,0.00011135498496522356,0.00010965292202144614,0.00010200572764513685
2030-04-02 02:00:00,0.00011227602380531585,0.00011024835321472103,0.00010895932529973065,0.00010200047334138021
2030-04-02 03:00:00,0.000113104372852506,0.00011232878447346229,0.0001092376112725238,0.00010362880299013018
2030-04-02 04:00:00,0.0001144225987636902,0.00011566585256764471,0.00011159993102996483,0.00010539413594422963
2030-04-02 05:00:00,0.00011647916092122769,0.00012150961083002166,0.00011580288771717193,0.00011137190569786046
2030-04-02 06:00:00,0.00012043011258361554,0.0001307734492390691,0.0001236662196946716,0.00012046590650021825
2030-04-02 07:00:00,0.00012335544400082673,0.00013713587603931548,0.0001302722215995674,0.00012873892178038654
2030-04-02 08:00:00,0.0001245949667737468,0.00013880412819510172,0.00013281665895291338,0.0001309867380413977
2030-04-02 09:00:00,0.00012498696462686664,0.00014031550654314748,0.00013307812076599807,0.0001317743548924128
2030-04-02 10:00:00,0.0001253254773215076,0.00013999607318935023,0.00013351744019475786,0.00013080569926537675
2030-04-02 11:00:00,0.00012658167195368577,0.00013943668842075616,0.0001326445833953139,0.00012989740287433
2030-04-02 12:00:00,0.00012666348601757813,0.00013722662498832154,0.00013186652373075057,0.00012820261127623758
2030-04-02 13:00:00,0.0001262697306664173,0.00013772051237962796,0.00013170799829452642,0.00012895910484443735
2030-04-02 14:00:00,0.00012622266770818095,0.0001385892262850558,0.00013093162839662975,0.0001272372705942571
2030-04-02 15:00:00,0.000125312806241651,0.00013754384573785462,0.000129849192577632,0.00012527100969095189
2030-04-02 16:00:00,0.0001244937315244293,0.00013328588299397283,0.00012795984817326112,0.00012229732116844926
2030-04-02 17:00:00,0.00012224596603172314,0.00012913274299950367,0.0001263452969733262,0.00012077631624093777
2030-04-02 18:00:00,0.00012258261919099181,0.00012771799579636335,0.0001253609590756771,0.00011892644708153934
2030-04-02 19:00:00,0.0001226910327125857,0.000126296952659902,0.00012447189255623885,0.00011922332212792875
2030-04-02 20:00:00,0.00012224849516025507,0.00012306937847573202,0.0001216409818917004,0.00011491834788714165
2030-04-02 21:00:00,0.00012200325425170564,0.00012081440814783008,0.00011803373158223734,0.00011140591574172042
2030-04-02 22:00:00,0.00011906878050441867,0.00011782119565317358,0.00011427087921687415,0.00010771191964664589
2030-04-02 23:00:00,0.00011651771710689024,0.00011490600690796712,0.00011166503295018432,0.00010546868774577228
2030-04-03 00:00:00,0.00011306307777375938,0.00010682249405202774,0.00010511040809342372,9.987525812348785e-05
2030-04-03 01:00:00,0.00011251449217435463,0.00010590746175388592,0.00010422647051052929,9.913475444175423e-05
2030-04-03 02:00:00,0.00011152820724914274,0.00010578386705135659,0.00010418222121840363,9.924568148988266e-05
2030-04-03 03:00:00,0.00011251653779256279,0.000107396611174528,0.00010488448012833632,0.00010020090951891484
2030-04-03 04:00:00,0.00011337438761123476,0.00011109336765164879,0.00010825448100912894,0.00010436835541552291
2030-04-03 05:00:00,0.00011788366016569304,0.0001181348063434219,0.00011382748630442473,0.00011250483300156611
2030-04-03 06:00:00,0.00012282306306938122,0.00012943553528863843,0.00012365918256039015,0.00012449386672874784
2030-04-03 07:00:00,0.00012568454887297754,0.00013690332908632266,0.00012992653919517534,0.0001315606389841795
2030-04-03 08:00:00,0.0001259367663723093,0.00013766589246628496,0.0001319294120438836,0.00013387785279993925
2030-04-03 09:00:00,0.00012709279639867887,0.00013831054344309656,0.00013241699734738814,0.0001341221483145975
2030-04-03 10:00:00,0.0001247657723212175,0.00013907776392797343,0.0001324669419628737,0.00013440485715975954
2030-04-03 11:00:00,0.0001243523692181912,0.00013732663207321428,0.00013216477775848152,0.0001331742115693586
2030-04-03 12:00:00,0.00012493033194018992,0.00013560647362096057,0.00013059117377953302,0.0001314990817263089
2030-04-03 13:00:00,0.00012401579173759356,0.00013493182499694622,0.0001299073693829882,0.00013120005120166497
2030-04-03 14:00:00,0.00012420257118441394,0.00013510421494036925,0.00012898438873986735,0.0001291170858927905
2030-04-03 15:00:00,0.00012226393530046452,0.00013330343663341427,0.00012751354308939222,0.00012628638691889894
2030-04-03 16:00:00,0.00012024799986334604,0.0001287828239989959,0.00012499525330565096,0.00012199588619509624
2030-04-03 17:00:00,0.00012057372359598921,0.00012527207191306882,0.00012353178810736482,0.00012005587380941563
2030-04-03 18:00:00,0.00012084679212708651,0.00012502681093459167,0.00012334563920546419,0.0001202442771050665
2030-04-03 19:00:00,0.00012029618322922597,0.0001231725987465775,0.00012224297513445653,0.00012020511819998771
2030-04-03 20:00:00,0.0001200226343995692,0.00011976471358737541,0.0001188460402367177,0.00011654678982541992
2030-04-03 21:00:00,0.00011818366846401324,0.0001177825980393026,0.0001150440358259963,0.00011223142360481553
2030-04-03 22:00:00,0.00011576171529233025,0.00011315197769439101,0.00011126360892614426,0.00010840366148523654
2030-04-03 23:00:00,0.00011444920909712244,0.00010974220431209577,0.00010887241184956401,0.00010565995115998893
2030-04-04 00:00:00,0.00010657105208567092,9.783725646105617e-05,0.00010266948082834488,9.918627981737632e-05
2030-04-04 01:00:00,0.00010590565809305945,9.736242219139506e-05,0.00010274035032488947,0.00010006579742573364
2030-04-04 02:00:00,0.00010608974989179676,9.733055009559763e-05,0.00010232170207818824,0.00010077135025578804
2030-04-04 03:00:00,0.00010775084508015051,9.956835250780511e-05,0.00010419114648076201,0.00010202367100841381
2030-04-04 04:00:00,0.00010898567761238934,0.00010479418262708916,0.00010849933320031988,0.00010828838721438743
2030-04-04 05:00:00,0.0001143305491501781,0.00011603402443358533,0.00011842737418436135,0.00012041410686558954
2030-04-04 06:00:00,0.00011744439290796217,0.00012515052727811934,0.00012687892967007926,0.0001308965737486094
2030-04-04 07:00:00,0.00011799409587036741,0.00012854095034640505,0.00012889190592995308,0.0001337963433674042
2030-04-04 08:00:00,0.00011932164538497892,0.00012918535915350764,0.00012876592361572633,0.00013310148328013187
2030-04-04 09:00:00,0.00011763540165788644,0.00012908746886224005,0.0001285490918212639,0.00013352353138957964
2030-04-04 10:00:00,0.00011689360389190249,0.00012788163204385228,0.00012783895204500624,0.00013261817663975
2030-04-04 11:00:00,0.00011759550041372569,0.00012676872916584826,0.00012698649279698371,0.00013110621120150458
2030-04-04 12:00:00,0.00011736593972449761,0.00012686134347059252,0.00012583107509399983,0.00013116574329739925
2030-04-04 13:00:00,0.00011641967147069667,0.00012631016964891184,0.00012420872845773145,0.00012899431901095074
2030-04-04 14:00:00,0.00011633249414505858,0.00012592694861443473,0.00012344494192504207,0.00012691411974183981
2030-04-04 15:00:00,0.00011526810019597304,0.00012117736205746053,0.00011979339671600317,0.00012107721102024272
2030-04-04 16:00:00,0.0001141272673486072,0.0001182002291466557,0.00011820045923664479,0.00011810399930213117
2030-04-04 17:00:00,0.00011333655149179853,0.00011476914733520339,0.00011646464590659405,0.00011481588032023864
2030-04-04 18:00:00,0.00011450577638696484,0.00011506306994917709,0.00011620458278905738,0.00011464822151193173
2030-04-04 19:00:00,0.0001133820954350815,0.00011511602488448666,0.00011658451028033222,0.00011447087205804908
2030-04-04 20:00:00,0.00011463512429076524,0.00011308476089291293,0.00011347639816968926,0.00011068476113554873
2030-04-04 21:00:00,0.00011122568130706634,0.00011010017132930626,0.00011003464509997556,0.00010603241323994719
2030-04-04 22:00:00,0.00010950816892663457,0.00010683578466899306,0.0001069293571114573,0.00010211291206173843
2030-04-04 23:00:00,0.00010609008835120006,0.00010398433872021786,0.00010458475050852311,0.00010034259498904376
2030-04-05 00:00:00,0.00010661289717349372,0.00010030037033618869,0.00010300083717611214,9.773834127550516e-05
2030-04-05 01:00:00,0.00010514576706159231,9.991420543833124e-05,0.00010243688128875154,9.720784272535584e-05
2030-04-05 02:00:00,0.00010511371642623531,9.843011919810397e-05,0.00010248733694579899,9.825821566749456e-05
2030-04-05 03:00:00,0.00010706327455694702,0.00010050823881551284,0.00010347050432669126,9.954229140165304e-05
2030-04-05 04:00:00,0.00010813291260220065,0.00010512385279426036,0.00010815179741940328,0.0001049455803736092
2030-04-05 05:00:00,0.00011303183522966186,0.00011561025125285558,0.00011666696432629113,0.00011597021213950479
2030-04-05 06:00:00,0.00011596995919395007,0.00012300300145694852,0.00012522040099343274,0.00012501063540169455
2030-04-05 07:00:00,0.00011577310299705497,0.000124407428401931,0.00012760287272219384,0.00012853207728163573
2030-04-05 08:00:00,0.00011675656188337939,0.00012479282684070645,0.00012804284238347326,0.00012586258426443693
2030-04-05 09:00:00,0.00011667352167790855,0.00012374991579524482,0.0001280542370637671,0.00012681041173625714
2030-04-05 10:00:00,0.00011698393484978664,0.00012186473324801654,0.00012722529175854692,0.000125539133851711
2030-04-05 11:00:00,0.00011761681321539958,0.000119909536499278,0.0001263900199287765,0.00012408267553216053
2030-04-05 12:00:00,0.00011782976816624517,0.00011967397753095363,0.00012552402859012342,0.00012422516611636556
2030-04-05 13:00:00,0.00011633375774919358,0.0001193519812340712,0.00012479040281897314,0.000122603421047049
2030-04-05 14:00:00,0.00011626523551053187,0.00011832395425149885,0.00012398027643275786,0.00012093637795084243
2030-04-05 15:00:00,0.00011453987991540453,0.00011241588758813869,0.00012196713288844375,0.00011590062575911834
2030-04-05 16:00:00,0.00011344257339198992,0.0001094654958198865,0.00012075755353626528,0.00011435254489528915
2030-04-05 17:00:00,0.00011256984087545932,0.00010732189661867453,0.00011852855699729997,0.00011305639518185563
2030-04-05 18:00:00,0.00011338965620501597,0.00010820541964795408,0.00011770958299470107,0.00011283016082706465
2030-04-05 19:00:00,0.00011373317876872867,0.00010948164499217712,0.0001182870924179321,0.00011292310395092606
2030-04-05 20:00:00,0.00011454594005809454,0.00010795298659859485,0.00011628562906783067,0.0001101252983644167
2030-04-05 21:00:00,0.00011133962174387257,0.00010426845921481887,0.00011302854401579961,0.00010783891369720994
2030-04-05 22:00:00,0.00010997498956383164,0.00010316159834596175,0.00011065332724143066,0.00010444967054167454
2030-04-05 23:00:00,0.00010739544108196328,0.00010012886238336478,0.00010841012743066625,0.0001015764097201438
2030-04-06 00:00:00,0.00010312891077189518,9.760547997766324e-05,0.0001060608626382822,0.0001036370305075828
2030-04-06 01:00:00,0.00010310655233844421,9.655269283183564e-05,0.00010508700154749986,0.0001019544919870631
2030-04-06 02:00:00,0.00010275782584965096,9.660758604816237e-05,0.00010447576539196672,0.00010169396778100548
2030-04-06 03:00:00,0.00010428025659439666,9.964783847441722e-05,0.00010509847076087892,0.00010348710976313285
2030-04-06 04:00:00,0.00010452606549832326,0.00010372071532636211,0.00011105518237037907,0.0001112094037638342
2030-04-06 05:00:00,0.00011168617550505264,0.00012004285970985189,0.0001253933673768948,0.00012887088852411277
2030-04-06 06:00:00,0.00011416716652915965,0.0001323904358750168,0.0001381468864266538,0.00014613940664377897
2030-04-06 07:00:00,0.00011502778601610368,0.0001368970844286213,0.000142219406987813,0.00015167833151166776
2030-04-06 08:00:00,0.00011742772425225607,0.0001368780157536535,0.0001415910245972982,0.00015075627692986523
2030-04-06 09:00:00,0.00011685556409249094,0.00013710619659459448,0.00014075969669740583,0.00015221644211854685
2030-04-06 10:00:00,0.00011536011945488658,0.00013471072735115675,0.00013971814126912074,0.0001505601813954889
2030-04-06 11:00:00,0.00011727164944877092,0.0001337139484181733,0.00013775588103229772,0.00014765471945226967
2030-04-06 12:00:00,0.00011871933334346241,0.00013124266014821135,0.00013689137272023227,0.00014690903256255557
2030-04-06 13:00:00,0.00011729523632411298,0.00012940800807160108,0.00013518627476249612,0.00014434866863460537
2030-04-06 14:00:00,0.0001154438770785289,0.00012708021131152056,0.00013277343034839162,0.00014153431546647246
2030-04-06 15:00:00,0.00011302302238118613,0.00012333008393210112,0.00012865303036189594,0.0001326506874093911
2030-04-06 16:00:00,0.00011203457301564763,0.00012031884293862931,0.0001261471134342641,0.00012828106277604668
2030-04-06 17:00:00,0.00011119045187058575,0.00011554514035411613,0.00012222695331190518,0.00012361285922318747
2030-04-06 18:00:00,0.00011211507685927435,0.00011632531294780353,0.00012076232743058428,0.00012202579357630416
2030-04-06 19:00:00,0.00011127098408708237,0.00011328712997783739,0.00012009247119841814,0.00011988918998010278
2030-04-06 20:00:00,0.00011145173946731053,0.00010963363347275159,0.00011575045243744432,0.00011470818152036548
2030-04-06 21:00:00,0.00010891855007324434,0.00010649378334063025,0.00011208111661336056,0.0001112565902598245
2030-04-06 22:00:00,0.00010777738058030453,0.00010349938918418651,0.00010851538463810553,0.00010691551278731812
2030-04-06 23:00:00,0.00010510793245634507,9.917162826255455e-05,0.00010578324751128964,0.00010296544603091656
2030-04-07 00:00:00,0.00010605654685424306,9.711120676943157e-05,0.00010335019837073118,0.00010051692460885612
2030-04-07 01:00:00,0.00010548715310438853,9.56458882721853e-05,0.00010217832157503069,9.921279245453518e-05
2030-04-07 02:00:00,0.00010450340570753724,9.601445460389319e-05,0.00010173252720988311,9.952552829685545e-05
2030-04-07 03:00:00,0.00010480954972430944,9.87958547003841e-05,0.00010305269847324202,0.00010105473990879547
2030-04-07 04:00:00,0.00010675762630382909,0.00010456298819620391,0.00010822339854933394,0.00010714365658201887
2030-04-07 05:00:00,0.00011249089512495167,0.00011540927199621484,0.00011957462752912167,0.0001213916720168653
2030-04-07 06:00:00,0.00011568982233820511,0.00012612783175550268,0.0001300951875145221,0.00013484689369823555
2030-04-07 07:00:00,0.00011738024971364296,0.00012896100111065492,0.0001329324175729052,0.00013946720005799157
2030-04-07 08:00:00,0.0001184171399747323,0.0001292923336961163,0.0001335539798564954,0.0001393247295962189
2030-04-07 09:00:00,0.0001171841457064816,0.00012819264935215894,0.00013344776928019252,0.0001399892299306409
2030-04-07 10:00:00,0.00011594740058231335,0.00012720343524902215,0.00013282685642580173,0.0001387252920797868
2030-04-07 11:00:00,0.000116971746093736,0.00012519105052713367,0.00013151264065046995,0.00013708740398093568
2030-04-07 12:00:00,0.00011847646205089396,0.00012512281574361868,0.00013111411629158058,0.00013781164264363348
2030-04-07 13:00:00,0.00011843942518784711,0.00012339342858733122,0.0001307388530106845,0.00013647371745446524
2030-04-07 14:00:00,0.00011863664531618099,0.00012152756626692711,0.0001294259179327812,0.0001334777691284152
2030-04-07 15:00:00,0.00011745405211067842,0.00011796852255983486,0.00012599071190639744,0.00012686067652907738
2030-04-07 16:00:00,0.00011742439473479951,0.00011289011320074543,0.0001236609024014928,0.00012257819030397273
2030-04-07 17:00:00,0.00011590528009317906,0.0001112874838435835,0.00012067749131131438,0.00011888185787650176
2030-04-07 18:00:00,0.00011546473025706865,0.00011173984646106904,0.00011852966632982036,0.00011768637320630224
2030-04-07 19:00:00,0.00011482320127623793,0.0001115331037536714,0.00011817874906797741,0.0001161585010420272
2030-04-07 20:00:00,0.00011532879568184767,0.00010870368687313226,0.00011510004051116789,0.00011265638582421737
2030-04-07 21:00:00,0.00011185038848195714,0.00010611694225650176,0.00011119999252951285,0.0001081495393332384
2030-04-07 22:00:00,0.00011055753607405971,0.00010325537376695232,0.00010760018055669418,0.0001039077900418171
2030-04-07 23:00:00,0.000107491850486733,9.936041300578942e-05,0.00010510031289558862,0.00010031451103317138
2030-04-08 00:00:00,0.00010684629445546722,9.48164215809843e-05,9.906088327271901e-05,9.264161267358311e-05
2030-04-08 01:00:00,0.00010562217848609048,9.427306183869726e-05,9.856037607826656e-05,9.223024074690459e-05
2030-04-08 02:00:00,0.00010504593825335448,9.370124388766527e-05,9.7971754391938e-05,9.311817315633793e-05
2030-04-08 03:00:00,0.00010655853389701758,9.489801276069423e-05,9.905387605055208e-05,9.417384477722562e-05
2030-04-08 04:00:00,0.00010733000809494048,9.928167049255961e-05,0.00010257106589723869,9.877339267090843e-05
2030-04-08 05:00:00,0.00011276645486659862,0.00010676975190742683,0.00010921747754962046,0.00010790520190847569
2030-04-08 06:00:00,0.0001146733526796895,0.00011362553436875539,0.00011626882413800157,0.00011681614464477352
2030-04-08 07:00:00,0.00011543323793883363,0.00011676448538019473,0.00011912535428415335,0.00011938976896147953
2030-04-08 08:00:00,0.00011625100094085756,0.00011950352002283309,0.00012037906740707793,0.00011897312384655458
2030-04-08 09:00:00,0.00011547621945243764,0.00011962544780058147,0.00012014091465370451,0.0001194514424173551
2030-04-08 10:00:00,0.00011452050011105517,0.0001187420492732958,0.00011979198383509784,0.00011836191143224131
2030-04-08 11:00:00,0.0001135723421510171,0.0001174563662123657,0.00011852933476856097,0.00011785345664008687
2030-04-08 12:00:00,0.00011321742764170602,0.00011532138297723422,0.00011715538624481902,0.00011664634022809648
2030-04-08 13:00:00,0.00011139554837829701,0.00011342813774135364,0.00011609842432696053,0.00011448794624765635
2030-04-08 14:00:00,0.00011176925175389215,0.00011087560946072635,0.00011452961900692964,0.0001115435335780971
2030-04-08 15:00:00,0.00011016184937021119,0.00010685027186225437,0.00011167307301460668,0.00010692494112044947
2030-04-08 16:00:00,0.00010922992115179963,0.00010380554828265929,0.00011031044517188217,0.00010505211415247764
2030-04-08 17:00:00,0.00010854749913909605,0.00010166913417605741,0.00010830975337926328,0.00010343227453453308
2030-04-08 18:00:00,0.00010823192320816613,0.00010083525241246381,0.00010752548749963864,0.00010287479927749851
2030-04-08 19:00:00,0.00010710456535848855,0.00010135636039682939,0.00010792683955296146,0.00010263181251232111
2030-04-08 20:00:00,0.00010656722845296335,0.00010107375403523518,0.0001059524683565925,0.0001004572893169254
2030-04-08 21:00:00,0.00010525314489216115,9.803684118550536e-05,0.00010271770257995884,9.74013930669703e-05
2030-04-08 22:00:00,0.00010508557518929942,9.452850538778463e-05,0.0001006082282752557,9.454860280440836e-05
2030-04-08 23:00:00,0.00010365278042669891,9.291145060720607e-05,9.923533060262513e-05,9.23020347542013e-05
2030-04-09 00:00:00,0.00010565211164173096,9.610900053364207e-05,0.00010199812371402871,9.587610795488166e-05
2030-04-09 01:00:00,0.00010362283286167927,9.469570698768979e-05,0.00010150318158691137,9.455875885349314e-05
2030-04-09 02:00:00,0.00010359366446983069,9.496109052703025e-05,0.00010151648073846673,9.497969260531357e-05
2030-04-09 03:00:00,0.00010477067203739654,9.70971387230338e-05,0.00010265709109755518,9.630595581366175e-05
2030-04-09 04:00:00,0.00010625704702933763,0.00010046744317754428,0.00010631529298637044,0.0001018740708461255
2030-04-09 05:00:00,0.00011023887536239532,0.00010936629563537024,0.00011314335854703608,0.00011112950924682793
2030-04-09 06:00:00,0.0001128144879911465,0.0001169252606504511,0.00012002743906643888,0.00012125540539082848
2030-04-09 07:00:00,0.00011335232494859948,0.00012140147385871713,0.00012219400991342775,0.00012499064278740537
2030-04-09 08:00:00,0.000114750661132371,0.0001224635378584237,0.00012246354589025047,0.00012435003324437387
2030-04-09 09:00:00,0.00011451123881362388,0.0001222981441717355,0.00012309468462371904,0.00012639409792627226
2030-04-09 10:00:00,0.00011465938346057056,0.0001219788322168063,0.00012290687453024037,0.00012608184713221252
2030-04-09 11:00:00,0.00011503643766243719,0.00011928847156071584,0.00012226202047859721,0.0001231694894871896
2030-04-09 12:00:00,0.00011522259021479151,0.00011768841458509943,0.0001204120681534292,0.0001212204650809058
2030-04-09 13:00:00,0.00011331544009217097,0.00011575442643538295,0.00011912813614794429,0.00011822879148664193
2030-04-09 14:00:00,0.00011312012309916079,0.00011396098309850331,0.00011703092533882426,0.00011534251471503734
2030-04-09 15:00:00,0.00011117851955888887,0.00011115875095690881,0.00011429587602643002,0.00011067775327079726
2030-04-09 16:00:00,0.00011126943263626876,0.00010817308298318678,0.00011288914654220866,0.00010861828515112952
2030-04-09 17:00:00,0.00010971746924040847,0.00010645456842256221,0.00011087684268545187,0.0001062760427871765
2030-04-09 18:00:00,0.00011010290676717511,0.0001059294696928788,0.000110185430030581,0.0001059331072897361
2030-04-09 19:00:00,0.00010923751490937047,0.00010624613821812165,0.00011072160273390726,0.00010596300001423743
2030-04-09 20:00:00,0.00010805375931309218,0.00010460597399416887,0.00010822943955568517,0.00010238644471347898
2030-04-09 21:00:00,0.00010550653076880304,0.00010235546115297578,0.00010458109456197019,9.853638076411287e-05
2030-04-09 22:00:00,0.00010428832199847537,9.950557103132416e-05,0.00010127402875011754,9.567872386821176e-05
2030-04-09 23:00:00,0.00010390406671003009,9.620624015238441e-05,9.991175715613186e-05,9.430232278010316e-05
2030-04-10 00:00:00,0.00010427684797722913,0.0001017546555388717,0.00010107910708667278,9.482084286823136e-05
2030-04-10 01:00:00,0.00010360507278170127,0.00010051076572627392,0.00010035973636731259,9.420491815003271e-05
2030-04-10 02:00:00,0.00010311719093724913,9.949414303665126e-05,0.00010034484757334965,9.483292146326487e-05
2030-04-10 03:00:00,0.00010561757462129124,0.00010182902643663578,0.0001005848815070841,9.628711964087294e-05
2030-04-10 04:00:00,0.00010682786483735311,0.00010385101647326927,0.00010394865493129899,9.955676599810801e-05
2030-04-10 05:00:00,0.00011114072470215448,0.00010918843854079989,0.00010911587931957848,0.00010710055069993994
2030-04-10 06:00:00,0.00011245113355148706,0.00011421280121152628,0.00011368637888284263,0.00011338868653575985
2030-04-10 07:00:00,0.0001124667192951157,0.00011685559924251132,0.00011513010100317356,0.00011396738045851078
2030-04-10 08:00:00,0.0001139062462540969,0.00011827969705482121,0.0001156768785995431,0.00011393356207528861
2030-04-10 09:00:00,0.00011307184250359558,0.00011880049789910469,0.00011694940162544351,0.00011553078531663518
2030-04-10 10:00:00,0.00011173850152310005,0.00011821674572048945,0.00011622996266198154,0.00011373417114712886
2030-04-10 11:00:00,0.00011340105452447561,0.00011746545854002823,0.00011484744812712354,0.00011157194215587246
2030-04-10 12:00:00,0.00011346478191165695,0.00011566417310305024,0.0001137224482727518,0.00011025378753411941
2030-04-10 13:00:00,0.00011144376665150062,0.00011507848044848361,0.00011265636398642264,0.00010836151969032397
2030-04-10 14:00:00,0.00011087180913828575,0.00011420487312790894,0.00011113602362768867,0.00010520482071231827
2030-04-10 15:00:00,0.0001101400099552862,0.00011204254071336487,0.00010898745931560701,0.00010303518484344183
2030-04-10 16:00:00,0.00011061830250455281,0.00011013198555915891,0.00010875393705982777,0.00010223810426717365
2030-04-10 17:00:00,0.00011002096584753127,0.00010893755750203127,0.00010833543222720177,0.00010242195266617605
2030-04-10 18:00:00,0.0001107161550487254,0.00010775238783634997,0.00010866534212827371,0.00010234368861437958
2030-04-10 19:00:00,0.00010999812534389763,0.00010758339170033778,0.00010916386720831145,0.00010363895677515758
2030-04-10 20:00:00,0.00010939130394199483,0.00010524839860965526,0.00010695404468411477,0.00010129565573948463
2030-04-10 21:00:00,0.00010680988127755693,0.00010238245354803735,0.00010382154531329805,9.938747693304418e-05
2030-04-10 22:00:00,0.00010493438296062409,0.00010003777546953741,0.00010301616905561085,9.762397973008005e-05
2030-04-10 23:00:00,0.0001039754826561172,9.964346015443811e-05,0.00010144205248482002,9.648540995245335e-05
2030-04-11 00:00:00,0.0001054055526264913,9.974508485338058e-05,0.00010255619225841249,9.620616042282327e-05
2030-04-11 01:00:00,0.00010504226494549335,9.884051357802038e-05,0.0001021752289715401,9.644829965286282e-05
2030-04-11 02:00:00,0.00010426433430120583,9.969546936633008e-05,0.00010224894809067136,9.654859177272785e-05
2030-04-11 03:00:00,0.00010569666501876999,0.0001022953819814031,0.00010345566428826165,9.817368893775503e-05
2030-04-11 04:00:00,0.0001078430275516993,0.00010553747431611117,0.00010768039975073794,0.00010271128398796186
2030-04-11 05:00:00,0.00011249403679287585,0.00011695385302796638,0.00011620235404239574,0.00011400058561616787
2030-04-11 06:00:00,0.00011641459713633936,0.00012743307287227756,0.0001272206870547898,0.00012780985833884016
2030-04-11 07:00:00,0.00011956117580643942,0.00013429495668134105,0.00013216983738223253,0.0001359413872227089
2030-04-11 08:00:00,0.00012118876331525336,0.0001371776667789666,0.0001331060057542355,0.00013774865172715893
2030-04-11 09:00:00,0.0001207389635482456,0.00013730835424100973,0.00013337527844368397,0.0001399098632479511
2030-04-11 10:00:00,0.0001196389031452101,0.00013520357827958332,0.00013307654369858267,0.00014049349333981756
2030-04-11 11:00:00,0.00011964811964101742,0.00013399816847343464,0.00013237615429567234,0.00014006403535551059
2030-04-11 12:00:00,0.00012071254134712768,0.0001309073086702708,0.0001315387122333919,0.00014014745791474543
2030-04-11 13:00:00,0.00011930869938279318,0.00013299712114144455,0.0001308248384379301,0.0001388895563244298
2030-04-11 14:00:00,0.00011947328717938864,0.0001334467284044148,0.00013028152308337788,0.00013685691353850621
2030-04-11 15:00:00,0.00011770097186998281,0.00013053087320389955,0.000128366462003186,0.0001310801952162465
2030-04-11 16:00:00,0.00011593669323148788,0.0001271351921893357,0.00012708392548702738,0.00012709813618675628
2030-04-11 17:00:00,0.00011492185614529193,0.00012394892300770098,0.00012556257373814325,0.00012452095374118502
2030-04-11 18:00:00,0.00011661710068412323,0.0001228020578026341,0.00012384293634746282,0.00012275811165951024
2030-04-11 19:00:00,0.00011588132862066749,0.00012188353621358708,0.00012320283598114059,0.00012131434522029809
2030-04-11 20:00:00,0.00011576427349086017,0.00012064044101359866,0.00012024418761823212,0.00011744539477034934
2030-04-11 21:00:00,0.0001145704421239309,0.00011794742823659244,0.00011627587874367659,0.00011308483496827118
2030-04-11 22:00:00,0.0001116785753037241,0.00011402356241420614,0.00011242840215415109,0.00010951660661570754
2030-04-11 23:00:00,0.00010869841044331883,0.00011209624963837814,0.00010946824203341951,0.00010724910483915185
2030-04-12 00:00:00,0.0001061877264825556,0.0001048761600370546,0.00010759207304769257,0.00010480899080252575
2030-04-12 01:00:00,0.00010512448006566966,0.0001035427732239812,0.00010699908970810025,0.00010378988429637527
2030-04-12 02:00:00,0.00010502503571710334,0.00010382734840489198,0.00010619919065801283,0.00010464875632224258
2030-04-12 03:00:00,0.00010709655405035648,0.00010623939136921087,0.00010736298539456168,0.00010679992113629864
2030-04-12 04:00:00,0.00010870392447581154,0.00011177621622712133,0.0001125552124258954,0.00011419200025009158
2030-04-12 05:00:00,0.00011404859359217906,0.00012424830396816643,0.00012394165266889362,0.00012927906938417662
2030-04-12 06:00:00,0.00011976078950317574,0.00013757615699424626,0.00013669785425890553,0.0001463051478434823
2030-04-12 07:00:00,0.00012157961665913174,0.00014527309161482585,0.00014210351397440636,0.0001534577185648364
2030-04-12 08:00:00,0.00012146869764215147,0.0001474876978630311,0.0001427968598511578,0.0001529492716727998
2030-04-12 09:00:00,0.00012144471081897246,0.000146740850225166,0.0001421180315614889,0.0001515985343795955
2030-04-12 10:00:00,0.00012021724472423108,0.00014648668387077623,0.00014164926314326262,0.00015068123277519192
2030-04-12 11:00:00,0.0001222524308224892,0.00014607104280536538,0.00013995174955129706,0.0001482871297966471
2030-04-12 12:00:00,0.00012272334058832218,0.00014330596954387147,0.0001391659642556405,0.00014713886425805388
2030-04-12 13:00:00,0.00012119275879237575,0.00014343451814443736,0.0001386107548997611,0.00014619726706746692
2030-04-12 14:00:00,0.00012114340355239363,0.00014361635533674655,0.00013657767875284183,0.00014317853700356666
2030-04-12 15:00:00,0.00011973360729539598,0.00013862739503626368,0.0001329690301469554,0.0001367481485017965
2030-04-12 16:00:00,0.00011913463573150619,0.00013287400294249022,0.00013061207586466067,0.00013268983713663298
2030-04-12 17:00:00,0.00011810068193318235,0.0001283482521252362,0.00012706780818882218,0.00012845097848009638
2030-04-12 18:00:00,0.00011873766252023042,0.00012728079146623222,0.00012510009773018772,0.00012673217410120693
2030-04-12 19:00:00,0.0001185664581540764,0.00012538052207908374,0.0001241777974496651,0.00012622940669996028
2030-04-12 20:00:00,0.00011747246570315207,0.00012268415869408946,0.00012117010458502286,0.00012240078262614355
2030-04-12 21:00:00,0.00011493343868552873,0.00011922340185885534,0.00011662354987470851,0.00011697334217566261
2030-04-12 22:00:00,0.00011325548023570335,0.00011615602664830195,0.00011193580793309077,0.00011220200479666387
2030-04-12 23:00:00,0.00011038235166516285,0.00011313382736507289,0.0001089381699273002,0.00010893831975794903
2030-04-13 00:00:00,0.00010778713372757752,0.00010380526428991305,0.00010152142685304264,9.784555760161037e-05
2030-04-13 01:00:00,0.0001078532029890603,0.00010277200946726128,0.0001007982765838472,9.627826747342369e-05
2030-04-13 02:00:00,0.00010735945909718862,0.00010223665023042577,0.00010051934749236526,9.695764500782604e-05
2030-04-13 03:00:00,0.00010864666757930484,0.00010541480793822222,0.0001019411012411753,9.831718468592309e-05
2030-04-13 04:00:00,0.00010981335966928229,0.00010857254460439977,0.0001061565970122811,0.00010418179566368287
2030-04-13 05:00:00,0.00011504809087359721,0.00011874162520219962,0.00011484034037831167,0.00011538904055050385
2030-04-13 06:00:00,0.00011644444069258256,0.0001248168704407376,0.000122458088898309,0.00012685441805253132
2030-04-13 07:00:00,0.00011719579104886044,0.00012657877116152458,0.00012489890332870103,0.00013017698038756887
2030-04-13 08:00:00,0.00011838602911715777,0.000128353824016558,0.00012560630364088268,0.00013027957864158069
2030-04-13 09:00:00,0.00011714114108031367,0.00012744103229679106,0.00012598430584774822,0.00013101051289885848
2030-04-13 10:00:00,0.0001173228595270829,0.00012608561051148589,0.00012538869223119138,0.00012983104532619252
2030-04-13 11:00:00,0.00011839075605333006,0.00012532457352522046,0.00012496620055345206,0.00012740785215879774
2030-04-13 12:00:00,0.0001185838820371962,0.0001236327716995639,0.00012409800505544166,0.00012679665560772713
2030-04-13 13:00:00,0.00011646013307191737,0.00012313404683187958,0.0001236587954204274,0.00012486284682511342
2030-04-13 14:00:00,0.00011606709323625877,0.00012323579021219336,0.0001225741338274685,0.00012271454107640068
2030-04-13 15:00:00,0.00011430174760990286,0.00011910746950001192,0.00011937202469511289,0.00011709412086922792
2030-04-13 16:00:00,0.00011450189435568625,0.00011743553461234857,0.0001182728954275243,0.00011419285442176085
2030-04-13 17:00:00,0.00011323089063165019,0.00011484310226188728,0.00011628271703145565,0.00011152434117057081
2030-04-13 18:00:00,0.00011391347250004327,0.00011470380949330727,0.00011518156169924402,0.00011141620059788911
2030-04-13 19:00:00,0.00011343203831718168,0.00011529386407252025,0.00011557248941330526,0.00011204426453925785
2030-04-13 20:00:00,0.00011479083649047251,0.00011427342833786921,0.00011297877145629982,0.00011016531721876367
2030-04-13 21:00:00,0.00011264642745484597,0.0001116608559206421,0.00010937108369310421,0.0001064046699377071
2030-04-13 22:00:00,0.00011067235225236532,0.00010764145790722877,0.00010611358724581117,0.00010261150331869226
2030-04-13 23:00:00,0.00010850426492817344,0.0001043347011913843,0.00010392087163294577,0.00010061081270042809
2030-04-14 00:00:00,0.00010845338629644702,0.0001033319378913329,0.00010213955386862873,9.852682949625532e-05
2030-04-14 01:00:00,0.00010773026684516105,0.00010309612929079372,0.00010173532237567076,9.776128557341659e-05
2030-04-14 02:00:00,0.00010629953769452124,0.00010391053435742646,0.00010156331064102163,9.8303989592198e-05
2030-04-14 03:00:00,0.00010852690181908993,0.00010496140265833811,0.00010274727903647372,0.00010036569915976481
2030-04-14 04:00:00,0.00010981127164022013,0.00010845234358721205,0.0001080360740440958,0.00010747630625225443
2030-04-14 05:00:00,0.00011473996730655548,0.0001197935359659599,0.00011851597272620911,0.00012068005489547932
2030-04-14 06:00:00,0.00011744133791894798,0.0001301999635676966,0.00012861884191357834,0.00013434648840607755
2030-04-14 07:00:00,0.00011793932971370732,0.00013339184179049664,0.00013173565207957744,0.00013718172498929836
2030-04-14 08:00:00,0.00011887652653324722,0.0001325319880954476,0.00013168901902315007,0.0001363743206308833
2030-04-14 09:00:00,0.00011750880204199459,0.00013041391586775323,0.000132136461638222,0.000137584414480856
2030-04-14 10:00:00,0.00011701199979023717,0.00012943108829696032,0.0001316736088204791,0.00013645679243537038
2030-04-14 11:00:00,0.00011775917656192297,0.00012863190478541443,0.00013036508176699564,0.0001334931916365159
2030-04-14 12:00:00,0.00011675683049622906,0.00012722489952299003,0.00012948605911148952,0.00013277345634951152
2030-04-14 13:00:00,0.00011428678090150772,0.00012523141702108513,0.0001277476023648133,0.00012992329402538327
2030-04-14 14:00:00,0.00011447537364777337,0.0001230614880907251,0.00012569383416003382,0.00012694952639229911
2030-04-14 15:00:00,0.00011385600628198219,0.0001180852001663645,0.00012199895749029992,0.00012021537320136162
2030-04-14 16:00:00,0.00011408386199754039,0.00011551207196910406,0.0001199897778375891,0.0001170183510084234
2030-04-14 17:00:00,0.00011268782397705827,0.00011355330188202498,0.00011687094844920749,0.00011412037986184833
2030-04-14 18:00:00,0.00011246754188313376,0.00011099476332993526,0.00011546083176220312,0.0001120025251258772
2030-04-14 19:00:00,0.00011238804645213779,0.00011203542230539879,0.00011544730493829847,0.00011101851156933972
2030-04-14 20:00:00,0.00011398040091821038,0.00011093389253331683,0.00011273794459109679,0.0001070290027381327
2030-04-14 21:00:00,0.00011126856487027033,0.00010833651608448545,0.00010879411171278884,0.00010336184098330782
2030-04-14 22:00:00,0.00011010377960922783,0.00010594022548828625,0.00010586339931608316,0.00010027750455370928
2030-04-14 23:00:00,0.0001067163454810794,0.00010331721053602186,0.00010300199633172394,9.736596161443001e-05
2030-04-15 00:00:00,0.00010648036131851826,0.0001030384835552833,0.00010174676644388945,9.516328019802977e-05
2030-04-15 01:00:00,0.00010611898862406452,0.0001015208464138705,0.00010109955134852567,9.489395841239063e-05
2030-04-15 02:00:00,0.00010573274881981094,0.00010135950379553098,0.00010092300233609885,9.585028520477202e-05
2030-04-15 03:00:00,0.00010840307351111965,0.00010285154230706267,0.00010231066931653553,9.726632049490901e-05
2030-04-15 04:00:00,0.00010845846546550179,0.00010632664752574683,0.00010669849100446299,0.00010293427102716131
2030-04-15 05:00:00,0.00011326766373911666,0.00011624922861379266,0.00011548744288389902,0.00011553091266038008
2030-04-15 06:00:00,0.00011545821371305972,0.00012434960650644175,0.00012366251100191748,0.00012752263749038747
2030-04-15 07:00:00,0.00011546113689753805,0.0001274626001224588,0.0001253401097115409,0.00013129799982997207
2030-04-15 08:00:00,0.00011613784138209915,0.0001280540827592745,0.0001248236452594415,0.0001315601664301208
2030-04-15 09:00:00,0.00011489818711927339,0.00012584612384572462,0.0001250174126759945,0.00013255477919797717
2030-04-15 10:00:00,0.00011480339020441765,0.00012408853258380766,0.0001241086947904964,0.0001312271265272939
2030-04-15 11:00:00,0.0001155997840284663,0.00012223485083198807,0.0001224218216578441,0.00012709661102016772
2030-04-15 12:00:00,0.00011640973575633019,0.00012205203194882151,0.00012087388618452738,0.00012688659489574558
2030-04-15 13:00:00,0.00011448834325274705,0.00012148441319989835,0.00011982501603457333,0.00012491610134678232
2030-04-15 14:00:00,0.0001141949046047609,0.00011916305058035175,0.00011778572239234425,0.00012209428830644737
2030-04-15 15:00:00,0.00011208641248646035,0.00011335307047604473,0.00011452990337181056,0.0001154956265159899
2030-04-15 16:00:00,0.00011166168306309746,0.00011090511846178268,0.00011219517560258696,0.00011171520593217811
2030-04-15 17:00:00,0.00011125275444575497,0.00010799918018739992,0.00010945761307735527,0.00010930532273088103
2030-04-15 18:00:00,0.00011167733804120201,0.00010695363890001332,0.00010836324582592771,0.00010828589557239411
2030-04-15 19:00:00,0.00011161844746979646,0.00010724508262883876,0.00010977586603566329,0.00010887374235714407
2030-04-15 20:00:00,0.0001132916667055476,0.00010822433185051717,0.00010854180872844833,0.00010635295439104516
2030-04-15 21:00:00,0.00011137761946577935,0.00010613493256553704,0.00010486020036113942,0.00010242585738558172
2030-04-15 22:00:00,0.00010914539385141315,0.00010325250390239387,0.00010264912667212845,9.928458666593889e-05
2030-04-15 23:00:00,0.00010701288050666332,0.00010043245957300188,9.988746454790477e-05,9.671792705988916e-05
2030-04-16 00:00:00,0.00010643945032297868,9.913587047013386e-05,9.876478765163178e-05,9.544415987973712e-05
2030-04-16 01:00:00,0.00010528665716076414,9.829205726941939e-05,9.831502596774453e-05,9.432386774107534e-05
2030-04-16 02:00:00,0.0001054873638273728,9.864575698943862e-05,9.828663503784018e-05,9.463154602943634e-05
2030-04-16 03:00:00,0.00010750933360294387,0.00010128432921319558,9.997890456704213e-05,9.666592507645303e-05
2030-04-16 04:00:00,0.00010870074991857015,0.00010455728930898914,0.00010361541765650875,0.00010231328525712185
2030-04-16 05:00:00,0.0001133153284602469,0.00011313216443472124,0.00011181926932780071,0.00011267556743136436
2030-04-16 06:00:00,0.00011611198829582136,0.00012045299709116468,0.00011912967322916575,0.00012414160577448998
2030-04-16 07:00:00,0.00011724182234940587,0.00012224237994189826,0.00012106799234038444,0.0001263501064599362
2030-04-16 08:00:00,0.00011742301885289791,0.0001227889854589468,0.00012125816847586353,0.00012488600334854285
2030-04-16 09:00:00,0.00011679611571598084,0.000122938011268344,0.00012103746301742136,0.00012631637678651102
2030-04-16 10:00:00,0.00011575388315480772,0.00012149854393432734,0.00012041141313034163,0.00012434032187347513
2030-04-16 11:00:00,0.00011609968701120732,0.00012077002241759661,0.00011857870497842125,0.00012113670754403587
2030-04-16 12:00:00,0.00011551275186265002,0.00011946316700380752,0.00011691670574298904,0.00012005081282527972
2030-04-16 13:00:00,0.00011277968631483489,0.00011765895169797197,0.00011570415350957756,0.00011719832978359481
2030-04-16 14:00:00,0.0001127918891641611,0.00011657695853263424,0.00011391453513752808,0.00011383103844206633
2030-04-16 15:00:00,0.00011066271900168015,0.0001119551480966,0.00011040776127965351,0.00010887770109961563
2030-04-16 16:00:00,0.00011077841764670432,0.00010845557422710279,0.00010892053455016438,0.00010653377005152723
2030-04-16 17:00:00,0.0001104663451133745,0.00010641751540414998,0.00010711306755849155,0.00010423645370779045
2030-04-16 18:00:00,0.00011057904796341182,0.00010619746336347769,0.0001062509467859145,0.00010293465203974764
2030-04-16 19:00:00,0.00011100634638939747,0.00010564240817760148,0.00010691298732064727,0.0001036890080452497
2030-04-16 20:00:00,0.00011103895549449368,0.00010563966022121121,0.00010578417816185781,0.00010146996666051391
2030-04-16 21:00:00,0.00010929576323480243,0.00010259810429002225,0.00010281636214646412,9.858689416095054e-05
2030-04-16 22:00:00,0.00010815508060702663,0.00010016882994060067,0.00010070474093429508,9.5744674203246e-05
2030-04-16 23:00:00,0.00010527861762322104,9.725891081615809e-05,9.815009514801346e-05,9.362674325533631e-05
2030-04-17 00:00:00,0.00010497725044619614,9.556184096964528e-05,9.707875736220695e-05,9.244708005550056e-05
2030-04-17 01:00:00,0.00010498089746709532,9.521934033477181e-05,9.707638504004179e-05,9.178305994337974e-05
2030-04-17 02:00:00,0.00010541068318505166,9.496683560797817e-05,9.755529646715887e-05,9.282304120794475e-05
2030-04-17 03:00:00,0.00010726316785456425,9.663298313111752e-05,9.873161194168668e-05,9.44928155587865e-05
2030-04-17 04:00:00,0.00010748787456585308,9.99393096140927e-05,0.0001021952376755472,0.00010007247407993494
2030-04-17 05:00:00,0.00011196572814084996,0.00011203385002398497,0.00011062592191710841,0.00011037608375306133
2030-04-17 06:00:00,0.00011399494330907207,0.00011917332457544612,0.00011759667104704889,0.0001205732065624225
2030-04-17 07:00:00,0.00011441455810748582,0.00012182437344505705,0.00011911529900870762,0.00012313989197914585
2030-04-17 08:00:00,0.00011489823673407892,0.0001224725533857008,0.00011889999526878015,0.00012155241588059891
2030-04-17 09:00:00,0.00011432044199111426,0.00012133316372805753,0.00011813381238974765,0.00012212736851637896
2030-04-17 10:00:00,0.00011404991962769785,0.00012066850300646657,0.00011782667634550631,0.00012112566661281167
2030-04-17 11:00:00,0.00011546008204521224,0.00011819223894474857,0.00011663816400735315,0.00011801111009119077
2030-04-17 12:00:00,0.00011457152418510809,0.00011672607173930569,0.00011485824694254885,0.00011739182914080148
2030-04-17 13:00:00,0.00011252872078416113,0.00011492544065766172,0.0001134821426678666,0.00011452519382817723
2030-04-17 14:00:00,0.00011173599242851441,0.00011227260973617499,0.00011119999990932437,0.00011254669608435567
2030-04-17 15:00:00,0.00010912323251699991,0.00010810190793051852,0.00010783021762985658,0.00010670465223295642
2030-04-17 16:00:00,0.000108634702341853,0.00010644961844813591,0.00010614476396945555,0.00010338898491102088
2030-04-17 17:00:00,0.00010848469411236638,0.00010353388486251396,0.00010432537026804161,0.00010163076095883036
2030-04-17 18:00:00,0.00010925079805839868,0.00010280588819718208,0.00010288254610704337,0.00010078851080279195
2030-04-17 19:00:00,0.00010816163025449471,0.00010420821713484538,0.00010386087696172446,0.0001011859455509382
2030-04-17 20:00:00,0.00010964881657863954,0.0001030656768400758,0.00010251969622527045,0.00010017822572767168
2030-04-17 21:00:00,0.00010785037054162055,0.00010037321161763789,9.9369777017968e-05,9.673623961467577e-05
2030-04-17 22:00:00,0.00010582605220929217,9.694180395801722e-05,9.706506305783621e-05,9.428322436783045e-05
2030-04-17 23:00:00,0.00010356033545728981,9.70955399954418e-05,9.516266184549125e-05,9.200117222461089e-05
2030-04-18 00:00:00,0.00010352092216462388,9.664705353101613e-05,9.454092078064937e-05,9.121516194649938e-05
2030-04-18 01:00:00,0.00010306219290284381,9.563790798529302e-05,9.386783742949794e-05,9.08173763026455e-05
2030-04-18 02:00:00,0.00010184853647549146,9.615439840053916e-05,9.411482435171009e-05,9.173787889295134e-05
2030-04-18 03:00:00,0.00010390479136215063,9.83501036261393e-05,9.552096369894415e-05,9.31795358416169e-05
2030-04-18 04:00:00,0.00010371395283922092,0.00010119774358652554,9.818765023607279e-05,9.743899593294683e-05
2030-04-18 05:00:00,0.00010692196960845417,0.0001070880877311469,0.00010494452874955226,0.00010450601740552444
2030-04-18 06:00:00,0.00010881853570005914,0.00011234843087528099,0.00010981886578475048,0.00011198754652467081
2030-04-18 07:00:00,0.00010749174419101505,0.0001132012287021247,0.00011060263545076016,0.0001117221886760057
2030-04-18 08:00:00,0.00010870528413556537,0.00011251662864739665,0.00011035471864198096,0.00011179838221909107
2030-04-18 09:00:00,0.0001079800512713675,0.00011137019277859465,0.00011094881583052995,0.00011241927083885362
2030-04-18 10:00:00,0.0001071603690759129,0.00011092007454206859,0.00011074601161665921,0.00011189544260812589
2030-04-18 11:00:00,0.00010798893666851093,0.00010966709843992337,0.00010952737019700263,0.00010995528858533713
2030-04-18 12:00:00,0.00010857327774090587,0.00010895432837080958,0.00010855206446553666,0.0001086254649884647
2030-04-18 13:00:00,0.00010680615848370039,0.00010721180028759635,0.00010668207942920566,0.0001069789605961575
2030-04-18 14:00:00,0.00010731786637325702,0.00010612742122366043,0.00010509073286111726,0.00010477634929210276
2030-04-18 15:00:00,0.00010615607122656582,0.00010335558644429298,0.00010256924250837227,0.00010153868235370125
2030-04-18 16:00:00,0.00010646935511966092,0.0001010702534364519,0.00010190541452887567,9.976296811926397e-05
2030-04-18 17:00:00,0.00010487509429040738,9.944737219749625e-05,0.00010091432042576515,9.791371175416099e-05
2030-04-18 18:00:00,0.00010609134271831123,9.934725576502591e-05,0.00010015918583221577,9.837521007863329e-05
2030-04-18 19:00:00,0.0001055026249256739,0.00010076740900622261,0.00010129624047895825,9.929104968880759e-05
2030-04-18 20:00:00,0.00010655814930410993,0.00010100851767100938,0.00010055454924891597,9.8015100763286e-05
2030-04-18 21:00:00,0.0001053763745910208,9.774995139017094e-05,9.746655958154202e-05,9.51907093274849e-05
2030-04-18 22:00:00,0.00010273330124206667,9.544360965630615e-05,9.55213262742602e-05,9.220096677972731e-05
2030-04-18 23:00:00,9.970392445737859e-05,9.420962315909124e-05,9.313377824400876e-05,9.086708267345815e-05
2030-04-19 00:00:00,0.00010004102790176191,9.267758521041633e-05,9.27814757926127e-05,9.028772521205584e-05
2030-04-19 01:00:00,9.945276086241036e-05,9.20211265195657e-05,9.26072129298411e-05,8.979744788443152e-05
2030-04-19 02:00:00,9.970676973586172e-05,9.234251386413343e-05,9.313856005940452e-05,9.042144234410723e-05
2030-04-19 03:00:00,0.00010075046210380372,9.512832065037562e-05,9.438670494003109e-05,9.261369936799417e-05
2030-04-19 04:00:00,0.00010208575538119928,9.804745564737438e-05,9.868500488069244e-05,9.776243456437303e-05
2030-04-19 05:00:00,0.00010659901919399077,0.00010744597248813722,0.00010761381392832055,0.00010846874230790643
2030-04-19 06:00:00,0.00011008512262937917,0.00011383238160609762,0.00011494097306813367,0.00011858521131313433
2030-04-19 07:00:00,0.0001107188531824402,0.00011556962034256896,0.00011669868615043111,0.00011990102392452716
2030-04-19 08:00:00,0.00011161513157525806,0.00011566228577480746,0.00011608357625511507,0.00011882978303057674
2030-04-19 09:00:00,0.00011116495197613045,0.00011612299337481778,0.00011659897810297594,0.00011963347902329156
2030-04-19 10:00:00,0.00011080298973709626,0.00011511543470890545,0.00011610549789446383,0.00011862414799558314
2030-04-19 11:00:00,0.00011115682678856684,0.00011427855237242871,0.00011539480918971072,0.00011690974313555197
2030-04-19 12:00:00,0.00011128882094879524,0.00011264678522468103,0.00011440926135616644,0.00011770914019592462
2030-04-19 13:00:00,0.00010967819526807778,0.00011278026409245327,0.00011306686581720777,0.00011567917941964322
2030-04-19 14:00:00,0.00011007752030724352,0.00011106188315872397,0.00011183058775754274,0.0001138450388967434
2030-04-19 15:00:00,0.00010947937636127068,0.00010677345578774262,0.00010837725809244994,0.00010788303844578655
2030-04-19 16:00:00,0.00010927257317984286,0.00010279739913267334,0.00010657214286692452,0.0001054060537946573
2030-04-19 17:00:00,0.00010729681955791803,0.00010112109319097154,0.00010439687126087116,0.00010287027807206948
2030-04-19 18:00:00,0.00010809076473740292,0.00010060125638786791,0.00010236272732241126,0.00010312991410718721
2030-04-19 19:00:00,0.00010651774278838371,0.00010132684332687597,0.00010396210495790201,0.00010361650431150318
2030-04-19 20:00:00,0.00010663647714996221,0.00010206896263279608,0.00010303594160159507,0.00010198428639200071
2030-04-19 21:00:00,0.00010627618271854106,9.943109240455e-05,9.923721697381889e-05,9.835390710151615e-05
2030-04-19 22:00:00,0.00010499300947352807,9.839596601679853e-05,9.681348031328285e-05,9.549138992534192e-05
2030-04-19 23:00:00,0.0001034459550216452,9.590901637048695e-05,9.461569917053145e-05,9.301446420082474e-05
2030-04-20 00:00:00,0.00010270667049886238,9.431691120403944e-05,9.397508853051088e-05,9.150934526207848e-05
2030-04-20 01:00:00,0.00010175488159907952,9.45001211585169e-05,9.3948188621101e-05,9.127167211155668e-05
2030-04-20 02:00:00,0.00010114402903172634,9.506967742881421e-05,9.441887264518813e-05,9.178202157982481e-05
2030-04-20 03:00:00,0.00010260988610714794,9.676423635989694e-05,9.598834564478093e-05,9.434517337290725e-05
2030-04-20 04:00:00,0.00010260108319544443,0.00010093100213577912,0.00010041917576443233,0.00010099654173421728
2030-04-20 05:00:00,0.00010669314783250325,0.00011287915507449857,0.00011077271067881865,0.00011481345857095312
2030-04-20 06:00:00,0.0001082972431519855,0.00012330573768123948,0.00011993970964607962,0.00012739191918360952
2030-04-20 07:00:00,0.00010891860093934611,0.00012546122715436227,0.00012125691539187824,0.00012971878862019166
2030-04-20 08:00:00,0.00010983779822105888,0.00012557757628195318,0.00012064968027051923,0.00012908601270768318
2030-04-20 09:00:00,0.00010783292367643816,0.00012408673958187586,0.00012112666559308265,0.00013011828651403177
2030-04-20 10:00:00,0.0001082017477305941,0.0001225440390715117,0.00012044567591520364,0.00012804634411045773
2030-04-20 11:00:00,0.00010870447617742753,0.00012163836960186144,0.00011967712143766854,0.00012569036538878387
2030-04-20 12:00:00,0.00010910993162130884,0.00012081897383273065,0.00011793260533925173,0.00012614646377294918
2030-04-20 13:00:00,0.0001071139037855155,0.00011827354061630733,0.00011696308046346826,0.00012327995519777944
2030-04-20 14:00:00,0.0001072128318947376,0.00011578672163239291,0.00011481886736360386,0.00012139840450227683
2030-04-20 15:00:00,0.00010533136889933985,0.00011142970291158818,0.00011095284941273017,0.0001137039513649262
2030-04-20 16:00:00,0.00010482639610291254,0.00010764341212397412,0.00010810641792026693,0.00010931971587031346
2030-04-20 17:00:00,0.00010334564087228133,0.00010634567391294315,0.00010561790214781769,0.00010606307791854175
2030-04-20 18:00:00,0.0001043777153917024,0.00010496944059042652,0.0001041947811409684,0.00010551626401323158
2030-04-20 19:00:00,0.00010342694490646717,0.00010411011277528895,0.00010423424024384186,0.00010511759469617543
2030-04-20 20:00:00,0.00010381543098497657,0.00010348175303111814,0.0001035490346055878,0.00010354534372981712
2030-04-20 21:00:00,0.00010253764860244344,0.00010036632089257535,9.982682281880055e-05,0.00010046022282422643
2030-04-20 22:00:00,0.00010182961988003327,9.862695229493257e-05,9.667670964449908e-05,9.654508622814179e-05
2030-04-20 23:00:00,9.936713358618257e-05,9.574636883606677e-05,9.472752050020728e-05,9.29958244368964e-05
2030-04-21 00:00:00,9.809998201494653e-05,9.39407117946946e-05,9.301025065882205e-05,9.23740372708605e-05
2030-04-21 01:00:00,9.739455614857372e-05,9.364770203445641e-05,9.238892962456003e-05,9.18200686383486e-05
2030-04-21 02:00:00,9.770839426151401e-05,9.340074196770073e-05,9.238730317643472e-05,9.289504917895747e-05
2030-04-21 03:00:00,9.90633568982221e-05,9.487008419159265e-05,9.437390597109304e-05,9.468913358388407e-05
2030-04-21 04:00:00,0.00010117721335302402,9.806666858849184e-05,9.839360286773844e-05,0.0001008037931690099
2030-04-21 05:00:00,0.00010658554473171095,0.00010941347822752631,0.00010874927184530386,0.00011360462293403693
2030-04-21 06:00:00,0.00010927043525846617,0.0001180207849771046,0.00011737438526507595,0.00012558509662574196
2030-04-21 07:00:00,0.00011018588199565864,0.00012096979353609179,0.00011967326676534224,0.0001283816941619668
2030-04-21 08:00:00,0.00011096671438680781,0.00012001711864155361,0.00011917937582426963,0.00012665671426457346
2030-04-21 09:00:00,0.00011057626078609067,0.00011956287255897266,0.00011926463962106536,0.00012713112444774204
2030-04-21 10:00:00,0.00010933168819688716,0.00011806896414578716,0.00011920933306524589,0.00012598484820853134
2030-04-21 11:00:00,0.00010910874138415616,0.00011788828161265848,0.00011812397021367086,0.00012313621142912416
2030-04-21 12:00:00,0.00010985398639662269,0.00011788836174346086,0.00011644211714440585,0.00012371921145018066
2030-04-21 13:00:00,0.00010802160015152277,0.00011606350088431047,0.00011513679049905378,0.00012108042982379331
2030-04-21 14:00:00,0.00010807360006214142,0.00011250448059642714,0.00011395980363097665,0.0001176785215104282
2030-04-21 15:00:00,0.00010610998516420419,0.00010722265482554165,0.00011018327192506493,0.00011086483129349373
2030-04-21 16:00:00,0.00010526987958078056,0.00010408342335250996,0.00010796153590972294,0.00010705674055223341
2030-04-21 17:00:00,0.00010374330602176026,0.00010103489749651062,0.00010497022891471861,0.000103519157163166
2030-04-21 18:00:00,0.0001038844424707431,9.998812485183934e-05,0.000103298152990187,0.0001024036988796245
2030-04-21 19:00:00,0.00010325075506279914,0.00010028087423855912,0.00010306445736363565,0.00010181801920967723
2030-04-21 20:00:00,0.00010425550379275384,9.98356416824869e-05,0.00010178115530828948,0.00010023505619448094
2030-04-21 21:00:00,0.0001014477030877238,9.648569705665172e-05,9.815885304524312e-05,9.682207417287702e-05
2030-04-21 22:00:00,0.00010013535201242586,9.343413337377054e-05,9.568290047846925e-05,9.317330104517412e-05
2030-04-21 23:00:00,9.857189279869087e-05,9.165544387896457e-05,9.301378998839013e-05,9.082715768988421e-05
2030-04-22 00:00:00,9.847668913599847e-05,9.062395435261033e-05,9.199134644750353e-05,8.939421213847349e-05
2030-04-22 01:00:00,9.861676926911902e-05,9.066700030460594e-05,9.190333710302525e-05,8.894234698304306e-05
2030-04-22 02:00:00,9.830364646760106e-05,9.177320392161473e-05,9.17005362818419e-05,8.96779513008815e-05
2030-04-22 03:00:00,9.935899366233887e-05,9.271005706047128e-05,9.341662441150911e-05,9.150456336573473e-05
2030-04-22 04:00:00,0.00010155804366896201,9.684111809509634e-05,9.6467315278856e-05,9.682517666245009e-05
2030-04-22 05:00:00,0.00010669915912580834,0.00010674715581646943,0.00010489829351180886,0.00010788470410457701
2030-04-22 06:00:00,0.00010993383793079801,0.00011489973730383664,0.00011366628903895571,0.00011839025765606605
2030-04-22 07:00:00,0.00011240796484334844,0.00011631160276094862,0.00011650661435843632,0.00012027715623555023
2030-04-22 08:00:00,0.00011382097864311063,0.00011747694245485603,0.00011710454318201663,0.00012016143903943865
2030-04-22 09:00:00,0.00011352348211853881,0.00011434322829275139,0.00011781453918431472,0.00012175853831449156
2030-04-22 10:00:00,0.00011224994865110937,0.0001134415744996904,0.00011701533227691028,0.00012136371434960651
2030-04-22 11:00:00,0.00011186357087260012,0.00011194125497084795,0.00011610771225969451,0.0001185972624618289
2030-04-22 12:00:00,0.00011128820603213742,0.00011018702687685279,0.00011479882212203705,0.00011785721899124522
2030-04-22 13:00:00,0.00010915698999267183,0.0001097248903341671,0.00011350753027744181,0.00011585773805250813
2030-04-22 14:00:00,0.00010916785272597294,0.00010789747399889932,0.00011171046666567652,0.00011232781143228276
2030-04-22 15:00:00,0.00010807540769094681,0.00010403181262625251,0.00010818949442444638,0.00010653630888272126
2030-04-22 16:00:00,0.00010774050666217377,0.00010128836649810134,0.00010590954820014239,0.00010294229685879139
2030-04-22 17:00:00,0.00010746364313423354,9.891458175211126e-05,0.00010321977641557394,0.00010073935315866312
2030-04-22 18:00:00,0.00010766324692630322,9.762691177346507e-05,0.0001011774468176631,9.916418405704085e-05
2030-04-22 19:00:00,0.00010644204329458421,9.81700509830861e-05,0.00010121588459471914,9.900621558131444e-05
2030-04-22 20:00:00,0.00010696304325549665,9.861727280978592e-05,0.00010022903352344025,9.784369358837143e-05
2030-04-22 21:00:00,0.00010521744735877061,9.714972138208748e-05,9.701239973654664e-05,9.390196958860552e-05
2030-04-22 22:00:00,0.00010311263574470989,9.252447468161297e-05,9.505631305687645e-05,9.060564493965134e-05
2030-04-22 23:00:00,0.00010093925322518789,9.16278540778234e-05,9.341089509356994e-05,8.83780617525894e-05
2030-04-23 00:00:00,0.00010087589297762666,9.028909681193296e-05,9.229816867984576e-05,8.813438735588534e-05
2030-04-23 01:00:00,0.0001010973907258709,8.953225839763731e-05,9.151003130171214e-05,8.775858118789529e-05
2030-04-23 02:00:00,0.00010168804063358484,9.02729139275217e-05,9.160013697689436e-05,8.838963101519974e-05
2030-04-23 03:00:00,0.00010188568261039924,9.119184090224171e-05,9.328061936253666e-05,9.017787143765427e-05
2030-04-23 04:00:00,0.00010278975317673605,9.271599742917484e-05,9.614531582882695e-05,9.469260174271152e-05
2030-04-23 05:00:00,0.00010857664745260601,0.00010409038252320781,0.00010457738702012946,0.00010567464418497665
2030-04-23 06:00:00,0.0001115507935044129,0.00011312558579485593,0.00011271946822273161,0.00011607188094058852
2030-04-23 07:00:00,0.0001125224549771559,0.00011646216785260687,0.0001164987329741005,0.00011993277656595514
2030-04-23 08:00:00,0.00011365093695171256,0.00011765680383292667,0.00011737088132057298,0.00012058169298031177
2030-04-23 09:00:00,0.00011291111441324776,0.00011783108080408115,0.00011845540469857781,0.00012293998971741262
2030-04-23 10:00:00,0.00011236022022841045,0.00011703622690992211,0.00011865011551666097,0.00012236581174803772
2030-04-23 11:00:00,0.00011360617218322312,0.00011720219973902467,0.0001177742113007563,0.00012005106916293336
2030-04-23 12:00:00,0.00011337495881866707,0.00011809104218922975,0.0001170173739018441,0.00012022428428717692
2030-04-23 13:00:00,0.00011143373142786085,0.00011682690732447296,0.00011573899277333049,0.00011760836542556584
2030-04-23 14:00:00,0.00011051507697703616,0.0001172613795853719,0.00011397612234784787,0.000114199468150845
2030-04-23 15:00:00,0.00010833685759172162,0.0001115205776806729,0.00011051752130017463,0.00010734843782079805
2030-04-23 16:00:00,0.00010840572786184288,0.0001089329974485496,0.0001087278734563777,0.00010353742441939294
2030-04-23 17:00:00,0.00010730413411130953,0.00010577827931749873,0.00010591827447861849,0.00010039316448713493
2030-04-23 18:00:00,0.00010764411985456921,0.0001038346037890053,0.00010376899569702379,9.858494805044375e-05
2030-04-23 19:00:00,0.00010552893155129357,0.000105208838255785,0.00010344786313486943,9.813847640716516e-05
2030-04-23 20:00:00,0.00010590789520024198,0.00010515310332595866,0.00010233599448125506,9.735717243494764e-05
2030-04-23 21:00:00,0.0001047991413989317,0.00010149081319811378,9.93392385952986e-05,9.436439421451931e-05
2030-04-23 22:00:00,0.00010496219154086574,9.915640622871692e-05,9.662610343093223e-05,9.14670624277984e-05
2030-04-23 23:00:00,0.0001032856343545535,9.695821014451929e-05,9.476845471144968e-05,8.913431198786606e-05
2030-04-24 00:00:00,0.00010190560796584432,9.319660374486672e-05,9.388034698976726e-05,8.823288429390537e-05
2030-04-24 01:00:00,0.00010184643932516571,9.253176978079352e-05,9.348008212276035e-05,8.806909537474262e-05
2030-04-24 02:00:00,0.00010229115225671368,9.439239009134325e-05,9.33039993436279e-05,8.802881206021194e-05
2030-04-24 03:00:00,0.00010370722224888098,9.548365249130709e-05,9.417537303447157e-05,8.94851478948354e-05
2030-04-24 04:00:00,0.0001039487781495627,9.798205841851547e-05,9.740042481171002e-05,9.39929072011992e-05
2030-04-24 05:00:00,0.00010834050602722882,0.00010962258128790342,0.0001065234394786696,0.00010443099259445513
2030-04-24 06:00:00,0.00011035980116857913,0.00011807095562268058,0.00011439345818709361,0.00011513860885779088
2030-04-24 07:00:00,0.00011192026914719203,0.000119810414279329,0.00011845663834034355,0.0001198704086781131
2030-04-24 08:00:00,0.00011250746595232517,0.00012040495851955769,0.00011941204323522077,0.00011994053404117419
2030-04-24 09:00:00,0.00011185390134189331,0.00012019999015834768,0.00012096360785806525,0.00012220446645961068
2030-04-24 10:00:00,0.00011255237511336935,0.00012005552579978536,0.00012124504906002908,0.00012119933576490495
2030-04-24 11:00:00,0.00011354022824453255,0.0001192875137143399,0.0001202234815090363,0.00011919160467372994
2030-04-24 12:00:00,0.00011342449439032405,0.00011764405415559314,0.000119157953746278,0.0001179006108548222
2030-04-24 13:00:00,0.00011180269980874994,0.00011560229755590694,0.00011826962834614796,0.00011527772950541953
2030-04-24 14:00:00,0.00011064452479740672,0.00011368182469355032,0.00011636508955627269,0.00011289202968785964
2030-04-24 15:00:00,0.00010815423372577374,0.00010881256586181944,0.00011371796233053859,0.00010762263385718054
2030-04-24 16:00:00,0.0001078904094850944,0.00010587916468383267,0.00011166983206340238,0.0001047905901528338
2030-04-24 17:00:00,0.00010734973831752945,0.00010324381502229405,0.00010919020166692394,0.00010244085743711163
2030-04-24 18:00:00,0.00010666768676029911,0.0001018165271919293,0.00010745581588622191,0.00010165420372757383
2030-04-24 19:00:00,0.00010707287753540374,0.00010128617128991048,0.0001068563085088829,0.00010152407948818185
2030-04-24 20:00:00,0.0001079831997575223,0.00010115821822452073,0.00010521358496599937,0.00010020826186083426
2030-04-24 21:00:00,0.00010676431985432526,9.787432759051939e-05,0.00010159687742175287,9.657790166914376e-05
2030-04-24 22:00:00,0.00010449455329103211,9.474133652156782e-05,9.881695095578266e-05,9.390538541591945e-05
2030-04-24 23:00:00,0.0001030268058237699,9.231325674710677e-05,9.658419098135911e-05,9.107580063026618e-05
2030-04-25 00:00:00,0.00010237015774060641,9.078836843425659e-05,9.523370260056237e-05,8.995203895665386e-05
2030-04-25 01:00:00,0.00010175582295705505,9.149351395406175e-05,9.46607467413377e-05,8.914511659084263e-05
2030-04-25 02:00:00,0.00010138555897851628,9.012223713150069e-05,9.46544831416421e-05,8.976490597404183e-05
2030-04-25 03:00:00,0.00010238630795484453,9.214339068203893e-05,9.563266005242531e-05,9.095309633697706e-05
2030-04-25 04:00:00,0.00010418810760891807,9.504269983337203e-05,9.876917824776583e-05,9.507850155796347e-05
2030-04-25 05:00:00,0.0001094076191652429,0.00010565819312910805,0.00010800877742132709,0.00010633028619887793
2030-04-25 06:00:00,0.00011266967787701781,0.00011521499696592046,0.00011652009246107809,0.00011766371919302098
2030-04-25 07:00:00,0.00011380886679734387,0.00011812366812848089,0.00011931644207156862,0.00012143972137896126
2030-04-25 08:00:00,0.00011488354850962247,0.0001185351961500944,0.00012012128080519092,0.00012172485259450819
2030-04-25 09:00:00,0.00011442793967217527,0.00011837591975935738,0.00012113124499046322,0.00012406898819906754
2030-04-25 10:00:00,0.0001144132458868526,0.00011801683324008343,0.00012077450529804266,0.00012353906497155823
2030-04-25 11:00:00,0.00011500066567409727,0.0001183187256297196,0.00011969850182999672,0.00012256026227262662
2030-04-25 12:00:00,0.00011587210465223155,0.00011659515028519959,0.00011930213255978818,0.00012246145080463034
2030-04-25 13:00:00,0.0001139591853987334,0.00011488641174549178,0.00011933168397525726,0.00012188207471991405
2030-04-25 14:00:00,0.00011347116568054524,0.00011419213099174467,0.00011780760193930862,0.00011976827028550475
2030-04-25 15:00:00,0.00011086401367562709,0.0001099335463283101,0.00011432391759749728,0.00011364232509689467
2030-04-25 16:00:00,0.00011168037796885478,0.00010773521476176002,0.00011292428450473347,0.00011135904978156052
2030-04-25 17:00:00,0.00010942176265601525,0.00010484017215060877,0.00010986213584131465,0.00010880257682320259
2030-04-25 18:00:00,0.00011067267612810026,0.0001030951627892962,0.00010873079453078793,0.00010802726000560108
2030-04-25 19:00:00,0.00010963179933353513,0.00010243396151171579,0.00010834524260068827,0.00010747496811273681
2030-04-25 20:00:00,0.00011089355033322727,0.00010181657512035319,0.00010732289418601007,0.00010572430018458813
2030-04-25 21:00:00,0.00010893498454944872,0.00010044115948753937,0.00010388649827779027,0.00010256779225000798
2030-04-25 22:00:00,0.00010739946489820388,9.79655393132224e-05,0.00010108550117826222,9.872561313914871e-05
2030-04-25 23:00:00,0.00010565833521572632,9.46617485349096e-05,9.854305313865364e-05,9.668145233360924e-05
2030-04-26 00:00:00,0.00010560702058732153,9.412350837649533e-05,9.655740075942516e-05,9.47955738131369e-05
2030-04-26 01:00:00,0.00010543593302283644,9.320242398294392e-05,9.59442083522393e-05,9.412950596820781e-05
2030-04-26 02:00:00,0.00010498762281102433,9.4010662926968e-05,9.62516436536276e-05,9.424577660814917e-05
2030-04-26 03:00:00,0.00010614887153529572,9.665857469580483e-05,9.764392170016098e-05,9.655799453568028e-05
2030-04-26 04:00:00,0.00010784953852259237,0.00010138492450394495,0.00010180563181301657,0.00010251483097532395
2030-04-26 05:00:00,0.00011410680301530342,0.00011420104706849863,0.0001118747808769227,0.000115942645362127
2030-04-26 06:00:00,0.0001165620524763992,0.0001262759267871132,0.0001220867844817898,0.00012927458174384995
2030-04-26 07:00:00,0.00011767223219358997,0.00013002733554776983,0.00012607772060436805,0.00013198399799718678
2030-04-26 08:00:00,0.00011957964860515715,0.00013020917856130528,0.00012654080823076586,0.00013102587781840122
2030-04-26 09:00:00,0.00011840462516283555,0.00012903336089704277,0.00012746473712438815,0.00013282963512701505
2030-04-26 10:00:00,0.00011747559055983012,0.00012885072608660454,0.00012691066869507822,0.0001322404420468602
2030-04-26 11:00:00,0.00011853287718950095,0.00012759048093821792,0.00012547466472117707,0.00012941353202135976
2030-04-26 12:00:00,0.00011906122998034383,0.00012539310019541767,0.0001239372569567188,0.0001286133167017969
2030-04-26 13:00:00,0.00011800974424835838,0.00012288821252642385,0.00012257474497970027,0.00012681795413954704
2030-04-26 14:00:00,0.00011758037330373143,0.0001192017323100132,0.00012072036536014356,0.0001237061233567054
2030-04-26 15:00:00,0.00011580378542397334,0.00011322764572332623,0.000116983883029685,0.00011635236324030948
2030-04-26 16:00:00,0.0001149181761356259,0.00010933432481121875,0.00011485955749464033,0.0001126348767189631
2030-04-26 17:00:00,0.0001139481025085439,0.00010547551600450166,0.00011199514165681834,0.00011058170584288863
2030-04-26 18:00:00,0.00011437089602536704,0.00010339180173346002,0.00010983289314339492,0.00010883357159012493
2030-04-26 19:00:00,0.00011310711913762842,0.00010292313692500644,0.0001096046277036183,0.00010789516307900498
2030-04-26 20:00:00,0.00011368680731060619,0.00010411906681614459,0.000108916694702489,0.00010673417329001169
2030-04-26 21:00:00,0.00011105317889551443,0.00010136958161298404,0.00010552188934927044,0.00010196268536057012
2030-04-26 22:00:00,0.00010958627707861615,9.917785803361401e-05,0.00010267387263361597,9.805334311350632e-05
2030-04-26 23:00:00,0.00010604057110379661,9.438644372528925e-05,9.987267570132694e-05,9.500092529386053e-05
2030-04-27 00:00:00,0.00010502106932537476,9.288942579554945e-05,9.830109602120751e-05,9.407970852768875e-05
2030-04-27 01:00:00,0.00010425878545716027,9.335532911851524e-05,9.748620634321176e-05,9.304311931598203e-05
2030-04-27 02:00:00,0.00010358294717159968,9.350528915799577e-05,9.771251480875307e-05,9.385348282590607e-05
2030-04-27 03:00:00,0.00010432969870762505,9.557814679278279e-05,9.90222445880987e-05,9.626863792420755e-05
2030-04-27 04:00:00,0.00010559820603793022,9.966131304963547e-05,0.00010236577872241557,0.00010167286485901145
2030-04-27 05:00:00,0.00011130831281242497,0.00011134231159286716,0.00011357028468116125,0.00011555265140516574
2030-04-27 06:00:00,0.0001131547696459284,0.00012293461732453337,0.0001237548085001023,0.00012977354876018353
2030-04-27 07:00:00,0.00011347876081902768,0.0001264899921127896,0.00012648632810429667,0.00013358878256270116
2030-04-27 08:00:00,0.00011463641887776545,0.0001259078282560663,0.00012739425714604276,0.0001341937130336456
2030-04-27 09:00:00,0.00011444014631611398,0.00012516717472589763,0.0001281077255643526,0.0001352840276150957
2030-04-27 10:00:00,0.00011342649723972016,0.00012392177026431827,0.00012759957521692533,0.00013439059456067524
2030-04-27 11:00:00,0.00011452649848750092,0.00012334295906207832,0.0001272249665034439,0.00013245510878287403
2030-04-27 12:00:00,0.00011455886541561041,0.0001229710271914186,0.000125844035558184,0.00013250810404597633
2030-04-27 13:00:00,0.00011299069620321608,0.0001236566435524983,0.0001247512543621063,0.00013051674160902078
2030-04-27 14:00:00,0.00011270221825106835,0.0001225714977825969,0.00012305860822397916,0.0001277276706856138
2030-04-27 15:00:00,0.00011060661403131642,0.00011566866176608036,0.00011941087986090912,0.00011927111585085795
2030-04-27 16:00:00,0.00011027848758914287,0.00011259358270947063,0.00011738252229974704,0.000115747837538274
2030-04-27 17:00:00,0.00010918323016876537,0.00010895064389352456,0.00011430691187319692,0.000111721207276103
2030-04-27 18:00:00,0.00011044702097339734,0.00010841168086049344,0.00011283592238154308,0.00011037720438172001
2030-04-27 19:00:00,0.00011075944985090785,0.00010925666082107395,0.00011164980196058213,0.00010979072511209936
2030-04-27 20:00:00,0.00011199847880303504,0.00010935975461775119,0.00011043945544157682,0.00010800645463787334
2030-04-27 21:00:00,0.0001105916491219848,0.0001065418731584622,0.0001065078075887979,0.00010323749524861824
2030-04-27 22:00:00,0.00010908765037804516,0.0001027481891604836,0.00010252398140952917,9.926504151967529e-05
2030-04-27 23:00:00,0.00010682584093097405,9.900641961189415e-05,0.00010030301104918096,9.662355167783666e-05
2030-04-28 00:00:00,0.00010630238898270416,9.706039804279424e-05,9.893094249624381e-05,9.508406176982709e-05
2030-04-28 01:00:00,0.00010634761479287216,9.555453019272188e-05,9.834823186819256e-05,9.533825044674982e-05
2030-04-28 02:00:00,0.00010536504477779687,9.596710242024287e-05,9.816759865461664e-05,9.54850955414116e-05
2030-04-28 03:00:00,0.00010500162708005816,9.682434630182884e-05,9.962498978831618e-05,9.854382458006986e-05
2030-04-28 04:00:00,0.00010616339252074688,0.00010142997711677971,0.0001030620276687294,0.00010296115137688908
2030-04-28 05:00:00,0.00011227446251982812,0.00011407723490068919,0.00011417270765152344,0.0001167544101420943
2030-04-28 06:00:00,0.00011634815966244684,0.00012438797065836754,0.00012442213679554636,0.00013039968572048014
2030-04-28 07:00:00,0.00011780373343336441,0.00012668328760724628,0.000127340435326958,0.00013315235676466047
2030-04-28 08:00:00,0.0001204136183273481,0.00012627049172740103,0.0001270364138953439,0.00013302761976869608
2030-04-28 09:00:00,0.00011889178819259975,0.00012643473022793864,0.00012781953973584517,0.00013349481363236865
2030-04-28 10:00:00,0.00011827373869575356,0.00012543472275125414,0.00012725771452796187,0.0001324051130551493
2030-04-28 11:00:00,0.00011851768756662492,0.00012437651521351531,0.00012636742058096578,0.00012917641822785247
2030-04-28 12:00:00,0.00011743006297410784,0.0001236152401103901,0.00012483225391525006,0.0001289882883412109
2030-04-28 13:00:00,0.00011412914644045069,0.00012142892286501183,0.0001226851439531269,0.00012693767677104405
2030-04-28 14:00:00,0.00011422816982052067,0.0001197048775560076,0.00012064586336166568,0.00012288341509079099
2030-04-28 15:00:00,0.00011237525818134792,0.00011343854595505466,0.00011694456124037417,0.00011671378976866498
2030-04-28 16:00:00,0.00011116585416944139,0.00010990710874449495,0.0001143392018513784,0.0001128937779990784
2030-04-28 17:00:00,0.00010944218879189306,0.00010663988012433266,0.00011138344944857017,0.00010980543872201538
2030-04-28 18:00:00,0.00011036461830796192,0.00010457432589756988,0.00010979427211775795,0.00010825736339321124
2030-04-28 19:00:00,0.00011016715138584894,0.0001043602673536123,0.00010924122562222043,0.00010704243434421421
2030-04-28 20:00:00,0.00011102704332650545,0.00010501332068125658,0.00010849511823870538,0.00010620727051924558
2030-04-28 21:00:00,0.00010943659206040397,0.00010223715254330343,0.00010476242656740057,0.00010175216367659596
2030-04-28 22:00:00,0.00010903976296250178,0.00010044069631988796,0.00010175787426327169,9.838023355575247e-05
2030-04-28 23:00:00,0.00010725591255187897,9.798100255709407e-05,9.979246852180316e-05,9.554666657967837e-05
2030-04-29 00:00:00,0.00010598041601996117,9.531383274468774e-05,9.872230025750566e-05,9.470450106085575e-05
2030-04-29 01:00:00,0.00010607698766785224,9.527685254531727e-05,9.822262479978134e-05,9.353800175290366e-05
2030-04-29 02:00:00,0.00010537796204259864,9.495139698570884e-05,9.905933773329999e-05,9.43472370003403e-05
2030-04-29 03:00:00,0.00010602991232752942,9.664293416115777e-05,0.00010068911618633097,9.679980612638216e-05
2030-04-29 04:00:00,0.00010693349089140598,0.00010036565803970758,0.00010453486863706732,0.0001019034024170843
2030-04-29 05:00:00,0.0001134246589832688,0.00011222412649851273,0.00011506298042260785,0.00011592021738093086
2030-04-29 06:00:00,0.00011688835980424926,0.00012311696687274603,0.0001255018125510703,0.0001308841853394885
2030-04-29 07:00:00,0.00011823907629234843,0.00012669240358377038,0.00012815430427229858,0.00013516852450831093
2030-04-29 08:00:00,0.00011986830584193728,0.00012647505284928327,0.00012815671769538688,0.00013373336363079797
2030-04-29 09:00:00,0.00011855087601385637,0.00012662510636028806,0.00012872045097993547,0.00013487989963292452
2030-04-29 10:00:00,0.00011759708473880963,0.00012532432735676134,0.00012814650817438527,0.00013376365398320148
2030-04-29 11:00:00,0.00011878441819293099,0.00012593678006310636,0.00012687650558808466,0.00013065964234284383
2030-04-29 12:00:00,0.00011945196521190952,0.00012432004054311214,0.00012537787958668875,0.00012991829987302235
2030-04-29 13:00:00,0.0001174454343759687,0.00012255773179603097,0.00012385625247158524,0.00012818690722154495
2030-04-29 14:00:00,0.00011693397582879438,0.00012062119820474665,0.0001215361771959392,0.00012475819569652673
2030-04-29 15:00:00,0.00011413704613633124,0.0001141139413557495,0.00011736401566813528,0.00011807076580941285
2030-04-29 16:00:00,0.00011201910307216063,0.00011029879232979907,0.00011415869023649077,0.00011449881562090706
2030-04-29 17:00:00,0.00011039454065547112,0.00010800105529739524,0.00011112276985398235,0.00011035322119778454
2030-04-29 18:00:00,0.00011076192872165043,0.00010694504797452123,0.00010919097476372825,0.00010823203212924145
2030-04-29 19:00:00,0.00010969602998302076,0.00010563139064983132,0.00010817064388027819,0.00010670157855852935
2030-04-29 20:00:00,0.00011019004789317607,0.00010599387871112376,0.00010721194686060388,0.00010549735505968301
2030-04-29 21:00:00,0.00010886527139191763,0.0001033828143252352,0.00010366809726517242,0.00010069079806037157
2030-04-29 22:00:00,0.00010667971055431718,9.937662271646839e-05,0.00010143468257558391,9.742697048545194e-05
2030-04-29 23:00:00,0.00010454113043930763,9.508501145729979e-05,9.915929809224994e-05,9.496486410180506e-05
2030-04-30 00:00:00,0.00010401878282575227,9.496942799313566e-05,9.765348642613399e-05,9.396379077164071e-05
2030-04-30 01:00:00,0.00010328050988448588,9.520445731510942e-05,9.736222457115297e-05,9.23791156272989e-05
2030-04-30 02:00:00,0.00010199745292141028,9.460258607285396e-05,9.744781002272297e-05,9.314056337064491e-05
2030-04-30 03:00:00,0.00010248223188756407,9.521804630417684e-05,9.841879948394226e-05,9.467760660808137e-05
2030-04-30 04:00:00,0.00010315962912010716,9.685517117378201e-05,0.00010102373968950084,9.842995233421317e-05
2030-04-30 05:00:00,0.00010812090834661975,0.00010618112286558743,0.00010929926918369602,0.00010937101886812812
2030-04-30 06:00:00,0.00011073424689866716,0.00011569743512523489,0.00011633479469458016,0.0001201543215827061
2030-04-30 07:00:00,0.0001122806831237925,0.00011751305241758156,0.00011904172186125237,0.00012288425308550424
2030-04-30 08:00:00,0.00011298206470899833,0.00011638304006808112,0.00011950910739620922,0.0001233367164474298
2030-04-30 09:00:00,0.00011217105202561229,0.00011539046629432435,0.0001203331712210291,0.0001253200343683833
2030-04-30 10:00:00,0.00011127130735664773,0.0001157073990555901,0.00012046814469731675,0.00012333058488299786
2030-04-30 11:00:00,0.00011223088740587255,0.00011473192413755963,0.00011920053529397993,0.00012168330121141724
2030-04-30 12:00:00,0.00011123952834854354,0.00011294663409964787,0.00011754461287673515,0.0001200549746193554
2030-04-30 13:00:00,0.00010823946783258074,0.0001102412011010481,0.00011551637084271057,0.00011674550642308925
2030-04-30 14:00:00,0.00010850303555877408,0.0001072582356082391,0.00011329851592030546,0.00011326733995942583
2030-04-30 15:00:00,0.00010686287678211168,0.00010247041961412276,0.00010945968168717551,0.00010718833114744077
2030-04-30 16:00:00,0.00010563772343276392,9.973980309293267e-05,0.00010678207304324976,0.00010279667331676348
2030-04-30 17:00:00,0.00010536775446785132,9.670785464720727e-05,0.00010378970639900635,9.945943460035523e-05
2030-04-30 18:00:00,0.00010553983453830463,9.356072886414896e-05,0.00010159364965859241,9.694138639523455e-05
2030-04-30 19:00:00,0.00010482139597095121,9.253366796351586e-05,0.00010088963172477396,9.612960398739225e-05
2030-04-30 20:00:00,0.00010601404127430329,9.355178429345143e-05,0.00010077048443951059,9.591926486989505e-05
2030-04-30 21:00:00,0.00010522807904538138,9.24815295052615e-05,9.732075757143172e-05,9.140503169927558e-05
2030-04-30 22:00:00,0.00010313441100222849,9.011723209618833e-05,9.500466666528115e-05,8.862416617596091e-05
2030-04-30 23:00:00,0.00010189176639903964,8.771775938528347e-05,9.32197619022464e-05,8.684476676513648e-05
2030-05-01 00:00:00,0.00010678018174277849,9.033444021894659e-05,9.586179495218524e-05,8.873325243122579e-05
2030-05-01 01:00:00,0.00010636521205543314,8.965374592951126e-05,9.509977341992583e-05,8.842038577084491e-05
2030-05-01 02:00:00,0.00010593914939667749,8.911683649300718e-05,9.40818866867359e-05,8.811724248045798e-05
2030-05-01 03:00:00,0.0001067078130434756,8.912127548204332e-05,9.398965335593772e-05,8.834244834573726e-05
2030-05-01 04:00:00,0.00010722091608933242,8.974691353170264e-05,9.4362386653506e-05,8.906726093506246e-05
2030-05-01 05:00:00,0.00010793235479305967,9.242079201582911e-05,9.618814494762463e-05,9.134879538128737e-05
2030-05-01 06:00:00,0.0001101260152050132,9.510420174573701e-05,9.889714591968848e-05,9.380684317042079e-05
2030-05-01 07:00:00,0.0001104825098575998,9.73135950206526e-05,0.00010136807879376101,9.619547035816306e-05
2030-05-01 08:00:00,0.00011193481973240472,9.916024691348421e-05,0.00010344646802619522,9.74811209247663e-05
2030-05-01 09:00:00,0.00011285612597019823,0.00010053317934281994,0.00010596132692628748,9.838231373440467e-05
2030-05-01 10:00:00,0.00011229712738099698,0.00010189468375401511,0.00010727229603369567,9.840632469689758e-05
2030-05-01 11:00:00,0.00011290050276547414,0.00010150738928625588,0.00010785347789019366,9.828308189622019e-05
2030-05-01 12:00:00,0.0001130915758922305,0.00010114104053194542,0.00010783028504774252,9.793411226136758e-05
2030-05-01 13:00:00,0.00011253314544943924,0.00010180328562019686,0.0001077582373292568,9.744418561806223e-05
2030-05-01 14:00:00,0.0001125652752847353,0.00010246526234846765,0.0001077576004726951,9.689406992699723e-05
2030-05-01 15:00:00,0.00011258126416421551,0.00010366596488042499,0.00010761236998984199,9.679140322468728e-05
2030-05-01 16:00:00,0.00011291287727427259,0.00010186994899799497,0.00010746193622973051,9.722606821280882e-05
2030-05-01 17:00:00,0.00011216006861260325,0.00010054136850058073,0.00010698934639836757,9.695410814053623e-05
2030-05-01 18:00:00,0.00011121757548734218,9.897681954215675e-05,0.00010572436543416091,9.612884775341121e-05
2030-05-01 19:00:00,0.00011006044290388601,9.801198046604453e-05,0.00010441239203521208,9.594550123343393e-05
2030-05-01 20:00:00,0.00010964511839125341,9.618915794964007e-05,0.00010340627614071285,9.590242514924501e-05
2030-05-01 21:00:00,0.00010816220031628632,9.438184038835152e-05,0.00010044892796275613,9.345748358348909e-05
2030-05-01 22:00:00,0.00010599620169387531,9.280807695689895e-05,9.82073573062809e-05,9.114366023978226e-05
2030-05-01 23:00:00,0.00010396335969235554,9.112917552315986e-05,9.607828565892137e-05,8.976766592603233e-05
2030-05-02 00:00:00,0.00010917070090184709,0.00010249806137090272,0.00010085341893220313,9.507972199312164e-05
2030-05-02 01:00:00,0.00010834769442208973,0.00010125120625488341,0.00010051865180132906,9.460399369125554e-05
2030-05-02 02:00:00,0.00010763428776247235,0.00010051754344726688,0.00010068690291250338,9.50847567054166e-05
2030-05-02 03:00:00,0.00010769455045523073,0.00010117859812944857,0.00010157269132749862,9.636702490145544e-05
2030-05-02 04:00:00,0.00010796097540690796,0.00010413282763903485,0.00010356742366881145,9.903225554755612e-05
2030-05-02 05:00:00,0.00011142168417590038,0.00011331168626762729,0.00011104900972601314,0.00010846566134809779
2030-05-02 06:00:00,0.00011579498669213958,0.00012411661511563469,0.00012092048382670221,0.00012136610237452069
2030-05-02 07:00:00,0.00011994436788319146,0.00013166497434729475,0.00012873726838143329,0.00013054157175619412
2030-05-02 08:00:00,0.00012156569493145718,0.00013334054808536807,0.0001305105934692986,0.00013239030174930932
2030-05-02 09:00:00,0.00012204570876741507,0.0001335060674806117,0.00013084670072645798,0.00013266261653659277
2030-05-02 10:00:00,0.0001213719143403848,0.00013413413875531738,0.00013139134546079803,0.0001329344208037742
2030-05-02 11:00:00,0.00012134605670587689,0.00013338212339898223,0.00013039314087313737,0.00013194053738713112
2030-05-02 12:00:00,0.00012011745271572687,0.00013195119119561755,0.00012948002822410186,0.00013022976635752764
2030-05-02 13:00:00,0.00011916722496230023,0.0001312226886690771,0.00012855407573820178,0.0001301210973307503
2030-05-02 14:00:00,0.00011890010635688944,0.00013119662772994605,0.000127495129633127,0.00012715591634282033
2030-05-02 15:00:00,0.00011976219626813244,0.0001292317956859158,0.00012537342234222125,0.00012372442414627257
2030-05-02 16:00:00,0.00011878816010165344,0.00012458101552961798,0.00012327054093179738,0.0001189606521550358
2030-05-02 17:00:00,0.00011686709898816066,0.0001204432540578586,0.0001204853278787005,0.00011675087600531904
2030-05-02 18:00:00,0.00011585675404720404,0.00011772571335432976,0.00011832457398647073,0.00011475382945371939
2030-05-02 19:00:00,0.00011447925525340308,0.00011546709623804967,0.00011660162655787277,0.00011230476579681308
2030-05-02 20:00:00,0.00011459360341075049,0.00011512652363577358,0.00011543797838194641,0.00011096921282866984
2030-05-02 21:00:00,0.00011379571694447204,0.00011290386481609207,0.00011151146746368015,0.00010674635891321958
2030-05-02 22:00:00,0.00011164920017293132,0.00011019130425478498,0.00010763909869689334,0.00010330021521211183
2030-05-02 23:00:00,0.00010895339964707606,0.00010762328144160148,0.0001045002930681773,0.0001003089007551221
2030-05-03 00:00:00,0.00010675211576401663,0.00010405655579176307,0.00010114860877029374,9.6102636991786e-05
2030-05-03 01:00:00,0.00010669158258887531,0.00010271552284138023,0.00010041340831445422,9.551536920222738e-05
2030-05-03 02:00:00,0.00010641970544005376,0.00010189009431501514,0.00010038253689850593,9.572176936008263e-05
2030-05-03 03:00:00,0.0001070463438228919,0.00010401977650518873,0.00010103201067715482,9.718998800473329e-05
2030-05-03 04:00:00,0.0001085168760233716,0.00010862201855754017,0.00010362752838247321,0.00010104461794803003
2030-05-03 05:00:00,0.00011276298735190094,0.00011909022677813548,0.000112503071314903,0.00011260719382204487
2030-05-03 06:00:00,0.0001177166657773223,0.00012931691824291221,0.00012435753168159105,0.00012844663523140808
2030-05-03 07:00:00,0.00011959814922246228,0.00013487343142335473,0.00013100372494135942,0.000136918448117276
2030-05-03 08:00:00,0.00012152499303789911,0.0001375689588299647,0.00013337430657181783,0.0001390853431789061
2030-05-03 09:00:00,0.00012104414267071602,0.00013728387063050398,0.0001337771971659648,0.00014021363875044526
2030-05-03 10:00:00,0.00011973612711145699,0.00013670131240164216,0.00013365451405904395,0.00014020922058700732
2030-05-03 11:00:00,0.0001202742292766649,0.00013491910040123819,0.0001330175782070425,0.00013874632527760504
2030-05-03 12:00:00,0.00012095960745765848,0.0001344938629653997,0.00013219309428547107,0.00013757681708257148
2030-05-03 13:00:00,0.00012047579208402692,0.0001336463345082433,0.00013127498031728334,0.00013651451518776963
2030-05-03 14:00:00,0.00012108885730382055,0.0001330232768268578,0.0001304000280020312,0.0001343717763792269
2030-05-03 15:00:00,0.00011897142947493033,0.0001291626181505355,0.00012810960536049757,0.00012880154985354738
2030-05-03 16:00:00,0.00011690925177247902,0.00012472165459235528,0.00012482579155343807,0.00012336136152456509
2030-05-03 17:00:00,0.00011584473602036373,0.00012119355581174987,0.000122215124783494,0.00011954781490824302
2030-05-03 18:00:00,0.00011571686109715621,0.00012094477092287718,0.00011992633240003118,0.00011852063302436898
2030-05-03 19:00:00,0.00011453429744038317,0.0001198661434133758,0.00011838070534509017,0.00011676755988401387
2030-05-03 20:00:00,0.00011305638785334345,0.00011733660963458739,0.00011732740412569809,0.00011506906858076535
2030-05-03 21:00:00,0.00011229483057963634,0.00011485488014852758,0.00011319686111046342,0.00011043997268069717
2030-05-03 22:00:00,0.0001104897746109448,0.00011081960480841616,0.00010980290504524874,0.00010620275515966246
2030-05-03 23:00:00,0.00010735828542390403,0.00010854911171716242,0.00010676575463533886,0.00010190099306192297
2030-05-04 00:00:00,0.00010151662453285414,9.87468182408585e-05,9.850724994302903e-05,9.364497668587935e-05
2030-05-04 01:00:00,0.00010244316166109093,9.696927841278779e-05,9.869595961996361e-05,9.313896863001538e-05
2030-05-04 02:00:00,0.00010160280279967642,9.765810906892005e-05,9.880631178469194e-05,9.386970596019417e-05
2030-05-04 03:00:00,0.00010285020757002485,0.00010039056897707831,0.00010034816266752762,9.597624222246403e-05
2030-05-04 04:00:00,0.00010481718283598917,0.0001060336065757579,0.00010439893107154405,0.00010181748126750885
2030-05-04 05:00:00,0.00010984388873933543,0.00011847823932050598,0.00011612372889102664,0.00011618851252685871
2030-05-04 06:00:00,0.00011308273197621525,0.0001292964211755359,0.00012681437984492499,0.0001302621340504706
2030-05-04 07:00:00,0.00011498271020497692,0.00013314497676527467,0.00012986442948917108,0.00013502721433906182
2030-05-04 08:00:00,0.00011646301373021901,0.0001328520097360464,0.0001296961781428857,0.00013410206486300688
2030-05-04 09:00:00,0.00011449581493156206,0.00013151226930396853,0.00013010689825899022,0.00013562570563309382
2030-05-04 10:00:00,0.00011340557714373352,0.00013004901455535467,0.0001294036256057099,0.00013442175120380458
2030-05-04 11:00:00,0.00011478955924290249,0.00012961045261334142,0.00012817197749243994,0.00013162046003271973
2030-05-04 12:00:00,0.00011468822756473839,0.0001283969927650256,0.00012743472670760308,0.0001312659227844141
2030-05-04 13:00:00,0.00011275376957098301,0.00012681451440867882,0.00012597453058714632,0.00012846192187513045
2030-05-04 14:00:00,0.00011258675580608252,0.00012460907746888984,0.00012403692306525108,0.00012581800464789834
2030-05-04 15:00:00,0.00011020803277015734,0.00011964459677565149,0.0001195390471515728,0.00011798655966657139
2030-05-04 16:00:00,0.00010860332469937949,0.00011566077105017847,0.00011687092078712382,0.00011409162241422913
2030-05-04 17:00:00,0.00010795399926921413,0.00011332071924626651,0.00011417986189847481,0.00011023286446501942
2030-05-04 18:00:00,0.00010828856173825315,0.00011132783462223217,0.00011294459450229075,0.00010878817745943236
2030-05-04 19:00:00,0.00010870968012413167,0.000109799727738593,0.0001121542686778385,0.00010748563229476629
2030-05-04 20:00:00,0.0001089988415646867,0.00010935519817005789,0.00011051640952609633,0.00010643339803672317
2030-05-04 21:00:00,0.00010706683443531843,0.0001065217997248664,0.00010667219077137732,0.00010191476259279035
2030-05-04 22:00:00,0.0001050908716190712,0.00010095010076590814,0.00010316074513729164,9.807694929948317e-05
2030-05-04 23:00:00,0.00010274938272984242,9.735030229706455e-05,0.00010077133028286853,9.50366683460095e-05
2030-05-05 00:00:00,0.00010051911131336197,9.368588946658416e-05,9.874736440769003e-05,9.405302965453108e-05
2030-05-05 01:00:00,0.00010060641335001661,9.339366582265346e-05,9.815413395355176e-05,9.326456428351688e-05
2030-05-05 02:00:00,9.995845152649713e-05,9.385833472376213e-05,9.812259524280557e-05,9.388342970833258e-05
2030-05-05 03:00:00,0.00010175993635758827,9.499059508298182e-05,9.921340524427167e-05,9.553093235784294e-05
2030-05-05 04:00:00,0.00010278291832498082,9.828229744564183e-05,0.00010232476497351294,9.999842197986315e-05
2030-05-05 05:00:00,0.0001077290657031528,0.00010997378803722407,0.00011363507131396589,0.00011372022581144383
2030-05-05 06:00:00,0.00011065231542219467,0.00012066367856135592,0.0001232000284842755,0.00012704335826860193
2030-05-05 07:00:00,0.00011165304965688608,0.0001246836108395155,0.00012662044620709805,0.00013082812646877622
2030-05-05 08:00:00,0.00011257520227144022,0.00012412524131553886,0.000126673192957405,0.00013038895645167526
2030-05-05 09:00:00,0.00011266537017670497,0.00012441615005788373,0.00012771918714222103,0.0001322367790814334
2030-05-05 10:00:00,0.00011089425626829605,0.0001225939675391466,0.00012741562109023943,0.0001322071931415408
2030-05-05 11:00:00,0.00011253221340480262,0.000120301017388403,0.00012657074253009327,0.00012928871244107922
2030-05-05 12:00:00,0.00011293708787013683,0.00011838546680350999,0.0001250539151676093,0.00012946551372498225
2030-05-05 13:00:00,0.00011244675654025206,0.00011677135029080623,0.00012335911211286177,0.0001267259737882356
2030-05-05 14:00:00,0.00011104594353974753,0.0001149051398777941,0.00012157191123395173,0.0001237329608897739
2030-05-05 15:00:00,0.00010880019276385891,0.00011119958071103733,0.00011765712866725219,0.00011704892613477844
2030-05-05 16:00:00,0.00010841208642534338,0.00010721294613457564,0.00011512445809294639,0.00011358256488715075
2030-05-05 17:00:00,0.00010697047900912345,0.00010358665297394932,0.0001115229650839953,0.00011021613242844614
2030-05-05 18:00:00,0.00010617473117591775,0.00010265135603624487,0.0001097825406556334,0.00010880715603005485
2030-05-05 19:00:00,0.0001055803382654327,0.00010122644649671136,0.00010903406619736389,0.00010669854983225349
2030-05-05 20:00:00,0.00010632955489454609,0.00010198988681554763,0.00010788881119852458,0.00010605573363275593
2030-05-05 21:00:00,0.00010447364127665544,0.0001003013542041087,0.00010500422463876272,0.0001022542585977166
2030-05-05 22:00:00,0.00010277602782088942,9.703466895178487e-05,0.00010226940418264802,9.869474420873885e-05
2030-05-05 23:00:00,0.00010029313975941081,9.328835497442189e-05,0.00010018066147418452,9.586493023466538e-05
2030-05-06 00:00:00,9.616046928741125e-05,8.860659154613884e-05,9.76539835023724e-05,9.557200267610524e-05
2030-05-06 01:00:00,9.609643471999973e-05,8.777979356648831e-05,9.743318292694158e-05,9.455793405883495e-05
2030-05-06 02:00:00,9.567083202679734e-05,8.84271763477408e-05,9.732058081098675e-05,9.444199242142302e-05
2030-05-06 03:00:00,9.640975358363461e-05,8.927696689607531e-05,9.706337467111654e-05,9.620987246082163e-05
2030-05-06 04:00:00,9.80236145887067e-05,9.270114038886708e-05,9.997885729381907e-05,0.00010096204814477774
2030-05-06 05:00:00,0.0001038689645109079,0.0001051134109203413,0.00011094926169362104,0.00011418027319715595
2030-05-06 06:00:00,0.00010703760364414076,0.00011671678138321616,0.00012128048089769146,0.00012822894749864883
2030-05-06 07:00:00,0.00010783010347280041,0.00012023754209779822,0.0001250997509289772,0.0001332317818184162
2030-05-06 08:00:00,0.00010839238269258296,0.00012063383460337185,0.00012577982567508884,0.0001327542782615112
2030-05-06 09:00:00,0.00010716694161490615,0.00011908053954773881,0.00012705042816848125,0.00013459370229807784
2030-05-06 10:00:00,0.00010655123892050525,0.00011790096469959064,0.00012760052299824772,0.00013392606353455138
2030-05-06 11:00:00,0.00010736241850083073,0.00011776762632262111,0.00012585230812343925,0.00013156044011612233
2030-05-06 12:00:00,0.00010746730687270388,0.00011963946658853533,0.00012430255973839037,0.0001309927106444072
2030-05-06 13:00:00,0.00010544376998368845,0.00011586617849810457,0.00012314463270225517,0.00012799783106129983
2030-05-06 14:00:00,0.00010633087030936972,0.0001127324798192675,0.00012013571264292101,0.00012411758340679787
2030-05-06 15:00:00,0.00010465084208852532,0.0001067060565841323,0.00011605436552822902,0.00011661996800153528
2030-05-06 16:00:00,0.00010227896059893817,0.00010364029847228175,0.00011325742558966128,0.00011231757367384643
2030-05-06 17:00:00,0.00010095920333576044,9.851489650753672e-05,0.0001092854215131954,0.00010893965870940436
2030-05-06 18:00:00,9.990575438266337e-05,9.624001843811238e-05,0.0001069730550375906,0.00010658471725803414
2030-05-06 19:00:00,9.885963745463356e-05,9.563947418991492e-05,0.0001057547285067958,0.00010401778095305907
2030-05-06 20:00:00,9.909383370452667e-05,9.49716821902761e-05,0.00010433228830054341,0.00010257535945187803
2030-05-06 21:00:00,9.77560214920789e-05,9.305306914500968e-05,0.00010121434588639964,9.922427667014405e-05
2030-05-06 22:00:00,9.598273485958446e-05,9.109794305111239e-05,9.841309191396973e-05,9.498819341920988e-05
2030-05-06 23:00:00,9.240057384543562e-05,8.817036270747101e-05,9.64363675423303e-05,9.147046962388521e-05
2030-05-07 00:00:00,9.496182974979683e-05,8.737650593799188e-05,9.553189163606428e-05,9.086840884405113e-05
2030-05-07 01:00:00,9.425028774285896e-05,8.725096389426813e-05,9.502062865223356e-05,8.97881847924256e-05
2030-05-07 02:00:00,9.341826495870971e-05,8.661227127401005e-05,9.504362577276911e-05,9.031025645878029e-05
2030-05-07 03:00:00,9.510823612116812e-05,8.669376660463705e-05,9.445021112095825e-05,9.116461395554898e-05
2030-05-07 04:00:00,9.690338661322893e-05,8.935148260155939e-05,9.698997299385231e-05,9.515807655732782e-05
2030-05-07 05:00:00,0.00010236611340979809,9.809254007407419e-05,0.00010519545724452428,0.00010547745079990307
2030-05-07 06:00:00,0.00010579807482398194,0.00010659872803420135,0.0001126583700019901,0.00011633037538045005
2030-05-07 07:00:00,0.00010686312415542908,0.00010958730017825606,0.00011580883774177139,0.00012079816474815718
2030-05-07 08:00:00,0.00010744158339060156,0.0001093848126724491,0.00011712443143195186,0.00012044559596606667
2030-05-07 09:00:00,0.00010716348668558459,0.00010918488212620934,0.0001181606982510324,0.0001225358784147474
2030-05-07 10:00:00,0.00010696547050303262,0.0001100926680118433,0.00011835287948165198,0.0001210762522884691
2030-05-07 11:00:00,0.00010757380200002106,0.00010924325608294098,0.00011764970284852947,0.0001187946756615905
2030-05-07 12:00:00,0.00010635120220295864,0.0001074838760141997,0.0001161013481865313,0.00011775398832262046
2030-05-07 13:00:00,0.00010481905341612326,0.0001065259054729451,0.00011454087537656477,0.00011424613225276595
2030-05-07 14:00:00,0.00010459253989370909,0.00010418085666263994,0.00011179709439614711,0.0001099530633926115
2030-05-07 15:00:00,0.00010155278335828661,0.00010012848865696164,0.00010857958796546255,0.00010429381146911483
2030-05-07 16:00:00,0.00010087521474464013,9.759444203645434e-05,0.00010627404170890989,9.973727504089893e-05
2030-05-07 17:00:00,9.964146150378047e-05,9.423542904922609e-05,0.0001031720602530428,9.77087619094679e-05
2030-05-07 18:00:00,9.901860962468769e-05,9.282851364451153e-05,0.0001013440129883186,9.625393912936186e-05
2030-05-07 19:00:00,9.756934129867942e-05,9.215613641690906e-05,0.0001007419286576971,9.527946116593745e-05
2030-05-07 20:00:00,9.795955119654888e-05,9.002388503028216e-05,0.0001004602970249686,9.440528048892702e-05
2030-05-07 21:00:00,9.709779531217543e-05,8.951638426993055e-05,9.835248839971517e-05,9.210524005893841e-05
2030-05-07 22:00:00,9.667476703824788e-05,8.829156414837013e-05,9.633136747576971e-05,8.954016007788878e-05
2030-05-07 23:00:00,9.531522351499595e-05,8.786508142587727e-05,9.466787336578942e-05,8.689896586895215e-05
2030-05-08 00:00:00,9.428890638919465e-05,8.574385220849558e-05,9.127509095035018e-05,8.514524968846172e-05
2030-05-08 01:00:00,9.411259715469351e-05,8.539223441859583e-05,9.093548228907129e-05,8.456809557679873e-05
2030-05-08 02:00:00,9.278053903447113e-05,8.539327451357995e-05,9.085252053006189e-05,8.480423671038892e-05
2030-05-08 03:00:00,9.413713647014107e-05,8.428750139021366e-05,9.14523082305481e-05,8.63910350199812e-05
2030-05-08 04:00:00,9.504884451706354e-05,8.80724579899391e-05,9.367311880124298e-05,8.906417362129119e-05
2030-05-08 05:00:00,9.974742095125227e-05,9.703581530620641e-05,0.00010101219631008897,9.907864849048149e-05
2030-05-08 06:00:00,0.00010289859404291881,0.00010598589054104635,0.00010823808797703598,0.00011011605836955614
2030-05-08 07:00:00,0.00010471977166595814,0.00010903249473134794,0.00011133499735462435,0.00011378004391583948
2030-05-08 08:00:00,0.00010777204602445676,0.00010770234216611182,0.00011277569710231366,0.00011392980074016687
2030-05-08 09:00:00,0.0001080586107841149,0.00010762351320866402,0.0001136051457126495,0.00011596793242357312
2030-05-08 10:00:00,0.00010773840625069055,0.00010682312702525983,0.00011408636738240415,0.0001156830749271626
2030-05-08 11:00:00,0.00010939271728737876,0.00010646194312792139,0.00011312323860985577,0.00011437922792822458
2030-05-08 12:00:00,0.00010913251829516935,0.00010627710450391087,0.00011288343001625879,0.00011416559877643477
2030-05-08 13:00:00,0.00010721588652919505,0.0001048747451647017,0.00011146714518488315,0.0001115279066390811
2030-05-08 14:00:00,0.00010711754386941128,0.00010249897544481269,0.00010994554078852803,0.00010942380376576088
2030-05-08 15:00:00,0.00010544341705497062,9.895132954369384e-05,0.00010589747967587417,0.00010354495466518028
2030-05-08 16:00:00,0.00010484775816522974,9.651027271946101e-05,0.0001038363965075968,0.00010017846668037551
2030-05-08 17:00:00,0.00010367680014581002,9.236122474843004e-05,0.00010108478058072927,9.775035150996381e-05
2030-05-08 18:00:00,0.00010315423378902939,9.028026847366757e-05,9.960146603334645e-05,9.655293521937938e-05
2030-05-08 19:00:00,0.00010166435753858612,8.959437321218999e-05,9.855691573464017e-05,9.594412827503888e-05
2030-05-08 20:00:00,0.00010183837378922078,8.941079563014564e-05,9.867640187793646e-05,9.579091012734625e-05
2030-05-08 21:00:00,0.00010082302184815659,8.826132980104689e-05,9.60861371824526e-05,9.341745812888776e-05
2030-05-08 22:00:00,9.974000733294815e-05,8.725335196668e-05,9.372614611408068e-05,8.971624051924647e-05
2030-05-08 23:00:00,9.731033477819024e-05,8.703653543930776e-05,9.214525093435616e-05,8.748540273913241e-05
2030-05-09 00:00:00,9.670584632603771e-05,8.907787779475952e-05,9.369334210769444e-05,9.014211749713804e-05
2030-05-09 01:00:00,9.621906465040548e-05,8.999349077307298e-05,9.303891081162707e-05,8.806593722429865e-05
2030-05-09 02:00:00,9.520310297268272e-05,8.923294322847016e-05,9.308696550992542e-05,8.8582460630849e-05
2030-05-09 03:00:00,9.608757101571918e-05,8.892364861449939e-05,9.34791374048984e-05,8.981533775456055e-05
2030-05-09 04:00:00,9.755937966389819e-05,9.369102758439884e-05,9.618292468508102e-05,9.258758088701659e-05
2030-05-09 05:00:00,0.00010306628474080707,0.00010266277585023807,0.0001042955934682344,0.00010369985980389756
2030-05-09 06:00:00,0.00010664909415120905,0.0001112800650435195,0.00011232483486491788,0.00011491763510390322
2030-05-09 07:00:00,0.00010776109158950546,0.00011418433867502917,0.00011584972196194202,0.00011928899420326548
2030-05-09 08:00:00,0.00010948396512812307,0.00011372879497959677,0.00011640913215090752,0.0001189487673420362
2030-05-09 09:00:00,0.00010892562668140041,0.0001141411669337347,0.0001174293056606483,0.00012136860203996018
2030-05-09 10:00:00,0.00010874776803824597,0.00011420090830116511,0.00011774564952075728,0.00012080789903184305
2030-05-09 11:00:00,0.00010905207494228465,0.00011137372822431239,0.00011714226905291743,0.00011974957185098809
2030-05-09 12:00:00,0.0001087920921559943,0.00010963309123007442,0.00011614043633536265,0.00011951058015166037
2030-05-09 13:00:00,0.00010773243158938533,0.00010823077247476261,0.0001159624856829182,0.00011805684037011018
2030-05-09 14:00:00,0.00010807081275768624,0.00010628299054135044,0.0001148499505983759,0.00011567403256862032
2030-05-09 15:00:00,0.00010684276791142755,0.00010404808813383934,0.00011152291920311547,0.00010922789874350746
2030-05-09 16:00:00,0.00010583210094783214,0.00010060654169342093,0.0001095431825136702,0.00010641027937511956
2030-05-09 17:00:00,0.00010428512880474909,9.744829630385567e-05,0.00010727288613960329,0.0001026703619443786
2030-05-09 18:00:00,0.00010421098501258554,9.491481895602114e-05,0.00010539394199177473,0.00010158534696136483
2030-05-09 19:00:00,0.00010303941086765559,9.467491416754037e-05,0.00010432537124678947,0.00010174335354047126
2030-05-09 20:00:00,0.00010306854352321428,9.263067655042583e-05,0.00010304475585328702,0.00010040201877146394
2030-05-09 21:00:00,0.00010167126135336637,9.106711638569252e-05,9.966870443217349e-05,9.761044906533843e-05
2030-05-09 22:00:00,0.00010034324402839695,8.855537713923793e-05,9.679344751955361e-05,9.40110552867074e-05
2030-05-09 23:00:00,9.732392184182625e-05,8.606380046465092e-05,9.442806855412482e-05,9.105160300887076e-05
2030-05-10 00:00:00,9.745301725950053e-05,8.870900830199915e-05,9.354174065951742e-05,8.920104548529835e-05
2030-05-10 01:00:00,9.588708257758257e-05,8.780417906249254e-05,9.286197615835008e-05,8.781000423039066e-05
2030-05-10 02:00:00,9.483067938338233e-05,8.680513158282159e-05,9.241340149216318e-05,8.941728148754432e-05
2030-05-10 03:00:00,9.642050783541588e-05,8.691266312388416e-05,9.258545935867586e-05,9.036458380420519e-05
2030-05-10 04:00:00,9.781776539687758e-05,9.05223726916372e-05,9.465151503434103e-05,9.252677444760064e-05
2030-05-10 05:00:00,0.00010329357043373042,0.000100503174552011,0.00010352448436207583,0.0001038849971237314
2030-05-10 06:00:00,0.00010719872781573409,0.00010967767369196354,0.00011213046928103918,0.00011455166129735713
2030-05-10 07:00:00,0.00010799760089818766,0.0001130971484012171,0.00011562703639167977,0.00011783889731027172
2030-05-10 08:00:00,0.0001088328458946113,0.00011387826657224725,0.00011689828061755199,0.00011862047394003351
2030-05-10 09:00:00,0.00010784748854870294,0.00011272179051077921,0.00011812375468732284,0.0001195599612994821
2030-05-10 10:00:00,0.00010686014417538116,0.00011202591011679165,0.00011780836259378724,0.00012033653145036654
2030-05-10 11:00:00,0.0001083946269525007,0.00011091756598551687,0.00011718219252309389,0.0001176617833432888
2030-05-10 12:00:00,0.00010851029977315411,0.00010996249577020088,0.00011655824147713072,0.0001183603540237719
2030-05-10 13:00:00,0.00010735874531178107,0.00010977568263108574,0.00011598854891800605,0.0001165923458604773
2030-05-10 14:00:00,0.0001071393974877679,0.00010918827355477006,0.00011450569377762124,0.00011524825111227573
2030-05-10 15:00:00,0.00010531629689415217,0.00010483043232200424,0.00011175492186558285,0.00011011845961050516
2030-05-10 16:00:00,0.000105586355990161,0.00010226923378345515,0.00011011130995993569,0.00010753859392874081
2030-05-10 17:00:00,0.00010484621094128277,0.000100008855836169,0.00010850573629032681,0.00010529981692917296
2030-05-10 18:00:00,0.00010491908772092353,9.836108825870349e-05,0.0001071400211527095,0.00010487096977816123
2030-05-10 19:00:00,0.00010308290872742302,9.732092475588764e-05,0.00010495777762222337,0.00010337414453206309
2030-05-10 20:00:00,0.00010325053274582059,9.590677027064509e-05,0.00010387850102128002,0.0001015053657971396
2030-05-10 21:00:00,0.00010180706310508177,9.284815601583551e-05,0.00010134198225701962,9.816005644134583e-05
2030-05-10 22:00:00,9.950663379619423e-05,9.157452722510326e-05,9.807536429361407e-05,9.431673690821714e-05
2030-05-10 23:00:00,9.855062916584514e-05,9.025969160400692e-05,9.581245314401742e-05,9.141584263936034e-05
2030-05-11 00:00:00,0.00010111536902785033,9.353548234596256e-05,9.853027489168569e-05,9.26312601299472e-05
2030-05-11 01:00:00,0.00010148973602036068,9.294116908872247e-05,9.781391072384232e-05,9.185862822869763e-05
2030-05-11 02:00:00,0.00010100996154746541,9.28640085801829e-05,9.682115051871702e-05,9.226746569481443e-05
2030-05-11 03:00:00,0.00010242842412850352,9.33020170495999e-05,9.739148809004348e-05,9.36193898312924e-05
2030-05-11 04:00:00,0.00010425072483787086,9.902362459363093e-05,0.00010090171770673504,9.885584487970643e-05
2030-05-11 05:00:00,0.00011036583847499582,0.00011123788731601417,0.00011304835766898341,0.00011449198618528481
2030-05-11 06:00:00,0.00011611406883887223,0.00012460133036992874,0.00012652940166462697,0.0001315578301075916
2030-05-11 07:00:00,0.00011781781681492677,0.00013179153036609712,0.00013303120123909877,0.00014068944315420658
2030-05-11 08:00:00,0.00011865947496361255,0.00013194164357073994,0.00013441407274700944,0.0001419773898608042
2030-05-11 09:00:00,0.0001178990548448148,0.00013039487339748775,0.000134963880431867,0.00014355078096645973
2030-05-11 10:00:00,0.00011665702660242465,0.00012927850325976503,0.00013413688991103454,0.00014330468483903148
2030-05-11 11:00:00,0.00011759709369551868,0.00012890170385437816,0.0001329253054126577,0.0001410648505166213
2030-05-11 12:00:00,0.00011686501472609968,0.00012869485275337854,0.0001318259572228034,0.0001412125371553059
2030-05-11 13:00:00,0.00011547054900388565,0.00012846850441312313,0.00013065423693044663,0.00013988246973523208
2030-05-11 14:00:00,0.00011567920281074879,0.00012612703725159856,0.00012904604623831795,0.0001373337659950556
2030-05-11 15:00:00,0.00011384980300920878,0.00012032143262358163,0.00012507553402085696,0.0001298449734038289
2030-05-11 16:00:00,0.000111869824722859,0.00011539696172359702,0.00012179721732440705,0.00012458854202664573
2030-05-11 17:00:00,0.0001090386567041765,0.0001107387728468271,0.00011815951625283283,0.00012024216026712716
2030-05-11 18:00:00,0.00011036932863190965,0.00010865891282078892,0.00011521259841557796,0.00011741937141302975
2030-05-11 19:00:00,0.00010947809926224576,0.00010624833126705543,0.00011243077957016926,0.000114474341238431
2030-05-11 20:00:00,0.0001093342564084335,0.00010566755499234084,0.00011058435289329854,0.00011290328409203717
2030-05-11 21:00:00,0.00010785992439128083,0.00010374667449707025,0.00010752861153467211,0.00010786993174074434
2030-05-11 22:00:00,0.0001056416079027923,0.0001001028183273463,0.00010324171175488772,0.0001026908442566593
2030-05-11 23:00:00,0.00010211898686035345,9.88936247246084e-05,9.941541059787105e-05,9.871044327738237e-05
2030-05-12 00:00:00,9.89157641000849e-05,9.370021285280809e-05,9.568225749218386e-05,9.655750050352802e-05
2030-05-12 01:00:00,9.763900600984158e-05,9.217443488276461e-05,9.502678089359933e-05,9.56048249053439e-05
2030-05-12 02:00:00,9.759602156290202e-05,9.204183940539287e-05,9.497779160906493e-05,9.555002722268056e-05
2030-05-12 03:00:00,9.844049632497705e-05,9.307274215305999e-05,9.47316964003644e-05,9.73452826700797e-05
2030-05-12 04:00:00,9.983775644917198e-05,9.753873423524706e-05,9.860639671280883e-05,0.00010132186861550412
2030-05-12 05:00:00,0.00010556224999002373,0.00011011302481413494,0.00011077999366562212,0.00011583312094328112
2030-05-12 06:00:00,0.00011131976023540799,0.0001237170857302349,0.00012400597788979432,0.00013258356214089598
2030-05-12 07:00:00,0.00011314012842489655,0.00013162815998667894,0.0001302507039151652,0.00014148508140076629
2030-05-12 08:00:00,0.00011440971455226714,0.0001324323221682406,0.00013124625527821012,0.00014210639516719803
2030-05-12 09:00:00,0.0001137931460218671,0.00013001885458847927,0.0001321355063463708,0.00014380135216941845
2030-05-12 10:00:00,0.00011302286786128554,0.0001290205819373769,0.00013172983624145724,0.00014356774083455737
2030-05-12 11:00:00,0.00011353797034394763,0.00012856273622675543,0.00013075586004856086,0.00014092351395714897
2030-05-12 12:00:00,0.00011425839885247683,0.000126374533690202,0.0001294912773565314,0.00013963834892432927
2030-05-12 13:00:00,0.00011222578268567731,0.0001242583907088052,0.00012825819472336167,0.00013824507870963907
2030-05-12 14:00:00,0.00011178904161555476,0.0001223676564450423,0.00012620851081977759,0.00013535850363142625
2030-05-12 15:00:00,0.0001091206695273123,0.00011782825797245646,0.00012291987202511052,0.0001285887882991847
2030-05-12 16:00:00,0.00010764846081126127,0.00011243457712110447,0.00012005433466782309,0.00012412118191209036
2030-05-12 17:00:00,0.00010608015854828367,0.00010760031303578272,0.00011568840513454434,0.00011815264576714023
2030-05-12 18:00:00,0.00010659273577138555,0.00010483186411649678,0.00011163604707002553,0.00011406069383530543
2030-05-12 19:00:00,0.00010583789151074078,0.00010274906779641989,0.00010939331566046264,0.00011085835234123007
2030-05-12 20:00:00,0.00010510163890436563,0.00010160174925842855,0.0001069495274818594,0.00010857956835746208
2030-05-12 21:00:00,0.00010390199820132168,0.0001004990516825505,0.00010337737627883522,0.00010437252000070377
2030-05-12 22:00:00,0.00010245147185121144,9.740680617420436e-05,9.92936930030465e-05,9.914416152629737e-05
2030-05-12 23:00:00,9.97313940717988e-05,9.404159195132021e-05,9.657684775066313e-05,9.543119511465101e-05
2030-05-13 00:00:00,9.34494370967121e-05,8.900435192221059e-05,9.13413274588154e-05,8.972740177025944e-05
2030-05-13 01:00:00,9.315786003468606e-05,8.737342373017296e-05,9.055830928391775e-05,8.821334507260777e-05
2030-05-13 02:00:00,9.22145275806925e-05,8.501493050867861e-05,9.041298013882493e-05,8.86201103660654e-05
2030-05-13 03:00:00,9.315843192309427e-05,8.608557866753301e-05,9.028155060593647e-05,8.929961616351476e-05
2030-05-13 04:00:00,9.509694207556219e-05,9.09213796223834e-05,9.273886109386557e-05,9.241679760732436e-05
2030-05-13 05:00:00,9.931231384422772e-05,0.00010200638439387857,0.00010256391992403564,0.00010381865949392671
2030-05-13 06:00:00,0.00010175263159140614,0.00011141447433161103,0.00011176445338875636,0.00011632819462942151
2030-05-13 07:00:00,0.00010342528221448454,0.0001157748228148879,0.00011651975624081875,0.00012081642020106275
2030-05-13 08:00:00,0.00010490783640813991,0.00011618719271491334,0.00011813718550197718,0.00012153574599181713
2030-05-13 09:00:00,0.00010499840105405176,0.00011478851234675392,0.00011923337649712155,0.00012422636316997078
2030-05-13 10:00:00,0.00010407365165224084,0.00011302673698571235,0.00011940321231761592,0.00012314979381265493
2030-05-13 11:00:00,0.0001049594783582471,0.00011393475414287583,0.0001183868565170421,0.0001208208081908989
2030-05-13 12:00:00,0.00010450404302310712,0.00011223064777560667,0.00011693974143150629,0.00012062142499065149
2030-05-13 13:00:00,0.00010292451639703389,0.0001099341538731197,0.00011527864915298959,0.00011825210356826458
2030-05-13 14:00:00,0.00010318848254280777,0.00010785930862762319,0.00011274513552217548,0.00011500474025650595
2030-05-13 15:00:00,0.00010127855402413274,0.00010204016088851931,0.00010903661453970107,0.00010861399373431716
2030-05-13 16:00:00,0.00010071016540841536,9.753876499467885e-05,0.00010649115750874024,0.00010442279363602434
2030-05-13 17:00:00,9.913806199748982e-05,9.458539197674119e-05,0.00010306874513425467,0.00010113413725224395
2030-05-13 18:00:00,9.846622487775607e-05,9.393987382121437e-05,0.0001008953067132105,9.895784768376668e-05
2030-05-13 19:00:00,9.7576960282686e-05,9.293030347164245e-05,9.915904027676865e-05,9.736614041337806e-05
2030-05-13 20:00:00,9.775273490729159e-05,9.276577736631907e-05,9.784782097372554e-05,9.57267128659768e-05
2030-05-13 21:00:00,9.661753354117263e-05,9.302874714799175e-05,9.539515912354663e-05,9.295287480931735e-05
2030-05-13 22:00:00,9.537845101037603e-05,9.050041339120209e-05,9.288957828607549e-05,8.917621218246203e-05
2030-05-13 23:00:00,9.29370308512708e-05,8.75085280380019e-05,9.091665197190205e-05,8.670778685815191e-05
2030-05-14 00:00:00,9.173608600693731e-05,8.551636384467084e-05,8.940595748129477e-05,8.520922347629013e-05
2030-05-14 01:00:00,9.129356997779482e-05,8.357494764499744e-05,8.874380548644294e-05,8.498250039845083e-05
2030-05-14 02:00:00,8.9882485809225e-05,8.349274545596198e-05,8.86668702109932e-05,8.619882638602632e-05
2030-05-14 03:00:00,9.185833696825172e-05,8.411506688998147e-05,8.853969374924466e-05,8.691515086386366e-05
2030-05-14 04:00:00,9.3175876177275e-05,8.626114747729986e-05,9.04271076899173e-05,8.97186509522918e-05
2030-05-14 05:00:00,9.804085339186377e-05,9.5877241688561e-05,9.815702814621689e-05,9.927291068866251e-05
2030-05-14 06:00:00,0.0001008764709587426,0.0001052780979667296,0.00010605670703487656,0.000109589203901109
2030-05-14 07:00:00,0.0001024061506588059,0.00010684836969164118,0.00010934188805256024,0.00011332163606620517
2030-05-14 08:00:00,0.00010351751552133228,0.00010904591130916636,0.00011092706637050808,0.0001148482407585426
2030-05-14 09:00:00,0.00010323449786533148,0.00010887065790093713,0.00011233084527812792,0.00011647588755430193
2030-05-14 10:00:00,0.00010259173370230608,0.00011004285852539489,0.00011276614993404907,0.0001163254778397748
2030-05-14 11:00:00,0.00010394700633418437,0.00010941022438789747,0.00011234812612827304,0.00011438253018713754
2030-05-14 12:00:00,0.00010445429126847738,0.00010777889720239361,0.0001114079327442624,0.00011465014889965034
2030-05-14 13:00:00,0.00010195386370127355,0.00010610521911680307,0.0001109429276311097,0.00011294539665298065
2030-05-14 14:00:00,0.00010256993776746894,0.00010529415508403468,0.00010973580578199217,0.00011029861164652238
2030-05-14 15:00:00,0.00010069365967126605,0.00010269636475880746,0.00010708796626414153,0.00010533600400530426
2030-05-14 16:00:00,9.960128419619191e-05,9.943400891916429e-05,0.00010496738319020797,0.00010244380295458533
2030-05-14 17:00:00,9.787444644130774e-05,9.665126583057167e-05,0.00010254987757651025,9.890953510076335e-05
2030-05-14 18:00:00,9.738272009219884e-05,9.594420100156632e-05,0.00010092192497325972,9.748090172612325e-05
2030-05-14 19:00:00,9.616266679036735e-05,9.557022208598896e-05,9.836074966719883e-05,9.61410018286294e-05
2030-05-14 20:00:00,9.666342804693905e-05,9.361631944194012e-05,9.831910911872806e-05,9.550661756389212e-05
2030-05-14 21:00:00,9.62598173225668e-05,9.416223544238617e-05,9.583206921875664e-05,9.316793672181185e-05
2030-05-14 22:00:00,9.477949914882113e-05,9.111174340650557e-05,9.301613256632924e-05,8.95439368008289e-05
2030-05-14 23:00:00,9.26197584225974e-05,8.788679736174466e-05,9.098438261540168e-05,8.748464818813208e-05
2030-05-15 00:00:00,9.270927581336897e-05,8.57084317686599e-05,8.954804231541333e-05,8.627213344888592e-05
2030-05-15 01:00:00,9.165332521202557e-05,8.442525546052786e-05,8.928284649349913e-05,8.536855909831819e-05
2030-05-15 02:00:00,9.02553673747631e-05,8.357567258033386e-05,8.904444861046767e-05,8.536800329856562e-05
2030-05-15 03:00:00,9.165967847888004e-05,8.407836012087468e-05,8.93370802736647e-05,8.628881289754229e-05
2030-05-15 04:00:00,9.242349856516346e-05,8.68217609840792e-05,9.166139698198921e-05,8.949216235115076e-05
2030-05-15 05:00:00,9.728370095852782e-05,9.694282984961273e-05,9.971577886095245e-05,0.00010018246128506268
2030-05-15 06:00:00,0.00010081363294269828,0.00010540149103554784,0.00010764295365502603,0.00011156752104348743
2030-05-15 07:00:00,0.00010236304404400334,0.00010842034235249501,0.00011110629964688391,0.0001167307414547577
2030-05-15 08:00:00,0.000104520708888464,0.0001094964768464405,0.00011290998995866837,0.00011750011016284194
2030-05-15 09:00:00,0.0001022968102744394,0.00011078884167223536,0.0001147058374786152,0.00012074226900579074
2030-05-15 10:00:00,0.00010226673385973126,0.0001096631230939254,0.0001146236476238321,0.0001204370043753403
2030-05-15 11:00:00,0.00010383257917939417,0.00010914111265017968,0.00011415071967812255,0.00011718683626584558
2030-05-15 12:00:00,0.00010379156171220427,0.00010874224430241922,0.00011307687941352407,0.00011683681451186375
2030-05-15 13:00:00,0.00010181562695503036,0.00010720835997044837,0.00011226609392822415,0.00011444611287168278
2030-05-15 14:00:00,0.0001018452525770451,0.00010555514961615958,0.0001104704520820423,0.00011184636279645572
2030-05-15 15:00:00,0.00010053045090630196,0.00010120023487344024,0.00010711736219772052,0.00010562142032007035
2030-05-15 16:00:00,0.00010026658240622586,9.755930468852885e-05,0.00010517743640975511,0.00010278487296131776
2030-05-15 17:00:00,9.826626589565726e-05,9.459317033381515e-05,0.00010278472249380882,9.911831910969519e-05
2030-05-15 18:00:00,9.749718664838032e-05,9.288111368700928e-05,0.00010106580289595641,9.737232228776762e-05
2030-05-15 19:00:00,9.687631675825412e-05,9.159477715329508e-05,9.954558979894763e-05,9.556246834674712e-05
2030-05-15 20:00:00,9.625924543349323e-05,9.05235509336193e-05,9.808668719414036e-05,9.443957211752574e-05
2030-05-15 21:00:00,9.511757890368609e-05,9.065641100481911e-05,9.648826805836342e-05,9.22400468138396e-05
2030-05-15 22:00:00,9.356589906510794e-05,8.866835854835069e-05,9.373714522004037e-05,8.896114762647388e-05
2030-05-15 23:00:00,9.186464571319145e-05,8.596995455714137e-05,9.115161131394942e-05,8.728358900402943e-05
2030-05-16 00:00:00,9.123705684951063e-05,8.379621911016236e-05,9.024977261458242e-05,8.62808704117124e-05
2030-05-16 01:00:00,9.103062316766083e-05,8.359278495915933e-05,8.977294279309837e-05,8.550214287773755e-05
2030-05-16 02:00:00,9.094802844035929e-05,8.237476277684545e-05,8.945177124254951e-05,8.606804418870074e-05
2030-05-16 03:00:00,9.193543272292037e-05,8.290999842947648e-05,8.92290957639131e-05,8.712465618476516e-05
2030-05-16 04:00:00,9.329417674258841e-05,8.524117415481425e-05,9.16007720708943e-05,9.013249564138714e-05
2030-05-16 05:00:00,9.843084039543582e-05,9.663879710421189e-05,0.0001002564701139569,0.00010136196149516403
2030-05-16 06:00:00,0.00010186917105458443,0.00010517435347122388,0.0001089321825726776,0.00011424186645933568
2030-05-16 07:00:00,0.00010340197543246108,0.00010864440674754364,0.00011215007211247155,0.00011790602567177133
2030-05-16 08:00:00,0.00010564231768286835,0.0001103004790694322,0.00011334975059821253,0.00011864440418711628
2030-05-16 09:00:00,0.00010569393457460386,0.00011100074355372403,0.00011438564373845097,0.00012083247592349023
2030-05-16 10:00:00,0.00010540996461171302,0.00011219495063324843,0.00011476197322286534,0.00011999591024167537
2030-05-16 11:00:00,0.00010574513887333504,0.000110973980860865,0.00011396653249562817,0.00011891302334777232
2030-05-16 12:00:00,0.00010540381910594198,0.00011092324246044392,0.00011361380540447735,0.00011942086429314715
2030-05-16 13:00:00,0.00010410795110005582,0.0001093614332744379,0.00011277346319648904,0.0001182661211064641
2030-05-16 14:00:00,0.00010329978631398743,0.00010822869839334467,0.00011180929821862749,0.00011664946018276364
2030-05-16 15:00:00,0.00010227996371190054,0.00010434770890826771,0.00010916169741046321,0.00011053589462908938
2030-05-16 16:00:00,0.00010138532042430155,0.00010185042505009185,0.00010735228000313823,0.00010694833465470775
2030-05-16 17:00:00,9.9793896639599e-05,9.777499504570774e-05,0.00010401582326316795,0.00010369652204603547
2030-05-16 18:00:00,9.88628807175588e-05,9.537328531893997e-05,0.00010266798608921262,0.00010218374032164477
2030-05-16 19:00:00,9.799396716928675e-05,9.408834066899888e-05,0.0001012574658432557,0.00010079550612309142
2030-05-16 20:00:00,9.7892658849495e-05,9.319474731698919e-05,9.997052168356437e-05,0.00010008572271257752
2030-05-16 21:00:00,9.813152858625243e-05,9.260359022996375e-05,9.76477963587542e-05,9.735364312481293e-05
2030-05-16 22:00:00,9.605535936151968e-05,9.075985021491796e-05,9.53469025224992e-05,9.319225429083597e-05
2030-05-16 23:00:00,9.334994842550434e-05,8.820087880520005e-05,9.352272429646437e-05,9.041389931574384e-05
2030-05-17 00:00:00,9.223309131076225e-05,8.641581559830504e-05,9.272394465175385e-05,8.90511855460681e-05
2030-05-17 01:00:00,9.155587984028136e-05,8.56724478399068e-05,9.225469256824286e-05,8.854562104634719e-05
2030-05-17 02:00:00,9.149910202583009e-05,8.512443380245828e-05,9.212926963451675e-05,8.91699728430075e-05
2030-05-17 03:00:00,9.278133945629702e-05,8.695602017800042e-05,9.233690688677392e-05,9.067284844660062e-05
2030-05-17 04:00:00,9.498029048361768e-05,9.100764788603339e-05,9.587328811393928e-05,9.429531235699272e-05
2030-05-17 05:00:00,0.00010073167945237477,0.00010352213546945407,0.00010705951252352929,0.00010879752235416458
2030-05-17 06:00:00,0.00010573101936266674,0.00011510108591049474,0.00011771156661944419,0.00012347682798411237
2030-05-17 07:00:00,0.00010790670308570079,0.0001213333650540705,0.00012135644484602018,0.00012837522336486075
2030-05-17 08:00:00,0.00010922722391819211,0.0001211481706865265,0.00012240631860115032,0.00012825484133359346
2030-05-17 09:00:00,0.00010852016544420457,0.0001200264277222703,0.00012372739953613686,0.0001303505385778783
2030-05-17 10:00:00,0.00010744554803714354,0.000118767752147097,0.000123700950802741,0.00012997922337623188
2030-05-17 11:00:00,0.00010878817257867516,0.00011721374979383529,0.00012292387448998137,0.000126817988384496
2030-05-17 12:00:00,0.000107303917482647,0.0001149963413838622,0.00012122841048413896,0.00012672673874991337
2030-05-17 13:00:00,0.00010553942748196676,0.00011427310231471083,0.00011934600889897838,0.0001242778866056185
2030-05-17 14:00:00,0.00010458547623227156,0.00011132040755664849,0.00011675206517297613,0.00012070907469071193
2030-05-17 15:00:00,0.0001027041699116216,0.00010593456986876099,0.00011268499219395179,0.0001142461725809501
2030-05-17 16:00:00,0.00010290946081614708,0.00010205290724293061,0.00010954448782054117,0.00010959416726653306
2030-05-17 17:00:00,0.00010132857270379162,9.947846706442862e-05,0.00010622761827916009,0.00010588048317284604
2030-05-17 18:00:00,0.00010156932100264836,9.692406590659811e-05,0.00010425379192528877,0.0001039308435029722
2030-05-17 19:00:00,0.00010008883999685103,9.504846436999239e-05,0.00010254268554843412,0.00010167584153683549
2030-05-17 20:00:00,9.898045093247709e-05,9.458884820235928e-05,0.00010115186164292322,0.00010028945612639954
2030-05-17 21:00:00,9.735477747837449e-05,9.293572143421829e-05,9.941886349238194e-05,9.735933301472253e-05
2030-05-17 22:00:00,9.571124574457275e-05,9.117556977233333e-05,9.65671655316251e-05,9.258418685482783e-05
2030-05-17 23:00:00,9.361020732830995e-05,8.832008484258415e-05,9.470130247407576e-05,8.990201251841661e-05
2030-05-18 00:00:00,9.246282061817724e-05,8.660759211867315e-05,9.319314647189203e-05,8.785275776100679e-05
2030-05-18 01:00:00,9.164633038259962e-05,8.617394386635857e-05,9.254819734016097e-05,8.765538862974588e-05
2030-05-18 02:00:00,9.062579031394698e-05,8.611053298573614e-05,9.224509834348526e-05,8.819660819675787e-05
2030-05-18 03:00:00,9.261751995269814e-05,8.822383647962074e-05,9.176285300544391e-05,8.929137552345064e-05
2030-05-18 04:00:00,9.354168691926873e-05,9.23344419954198e-05,9.442791141789176e-05,9.159185698523782e-05
2030-05-18 05:00:00,9.893217922809381e-05,0.00010260554972026552,0.00010314821488470248,0.00010384118054713296
2030-05-18 06:00:00,0.0001027082130748478,0.00011074964272246308,0.00011212189609767927,0.00011544080572295277
2030-05-18 07:00:00,0.00010356408450394277,0.00011332218464855314,0.00011511962587710549,0.0001189708722810559
2030-05-18 08:00:00,0.00010453314762150928,0.00011391165983722106,0.00011625289952668229,0.00012036188704976846
2030-05-18 09:00:00,0.0001029143216224031,0.00011372190351039049,0.00011781501261824514,0.00012217483509824607
2030-05-18 10:00:00,0.00010238687880094639,0.00011282515452135432,0.00011805584122920269,0.00012173148542812362
2030-05-18 11:00:00,0.00010408065048404043,0.0001126048829444865,0.00011733061280899471,0.00011997763659794105
2030-05-18 12:00:00,0.00010324036814312397,0.0001109577053711258,0.00011622765060989372,0.00011999685997001797
2030-05-18 13:00:00,0.0001031857421992161,0.0001103425817854241,0.00011530969936252051,0.00011857405107315201
2030-05-18 14:00:00,0.00010250275391591478,0.00010763928591238756,0.00011318330532832616,0.00011569128069343197
2030-05-18 15:00:00,0.0001004270402583598,0.00010284648502591505,0.00011003353668714122,0.00010967393905647405
2030-05-18 16:00:00,0.00010016096902801036,9.982433461938842e-05,0.00010750166058508262,0.00010643404467940548
2030-05-18 17:00:00,9.822105322691895e-05,9.616931531513355e-05,0.00010433569328577143,0.00010304311381472085
2030-05-18 18:00:00,9.916127461439025e-05,9.436431039388733e-05,0.0001020340565972293,0.00010180102594749855
2030-05-18 19:00:00,9.714525169807042e-05,9.411913333000785e-05,0.00010041057903483082,9.904184512740576e-05
2030-05-18 20:00:00,9.639391678490833e-05,9.415546586470987e-05,9.892388120334416e-05,9.813371713842611e-05
2030-05-18 21:00:00,9.602588872662284e-05,9.436757098205019e-05,9.687362124236454e-05,9.478742595011826e-05
2030-05-18 22:00:00,9.378231961487083e-05,9.129249505297472e-05,9.347361899319002e-05,9.043884573265205e-05
2030-05-18 23:00:00,9.156855764629069e-05,8.677154489309855e-05,9.112541320560651e-05,8.785644711321122e-05
2030-05-19 00:00:00,9.154151298985575e-05,8.492763460389397e-05,9.005126537283256e-05,8.625435639292359e-05
2030-05-19 01:00:00,9.014434770935475e-05,8.303988091658022e-05,8.938531903102118e-05,8.550448522322605e-05
2030-05-19 02:00:00,8.935587505283372e-05,8.133225134990793e-05,8.905859174816887e-05,8.508828320104452e-05
2030-05-19 03:00:00,9.024178820600363e-05,8.111155091550704e-05,8.8844698293427e-05,8.648957489773955e-05
2030-05-19 04:00:00,9.298941598158701e-05,8.641440506179319e-05,9.211293544131682e-05,9.038704646262524e-05
2030-05-19 05:00:00,9.848451658514673e-05,9.842570559395207e-05,0.00010199593849940147,0.00010355323937154002
2030-05-19 06:00:00,0.00010181732198219628,0.00010735552107520933,0.00011263138435752936,0.00011518689860700649
2030-05-19 07:00:00,0.00010365200620342107,0.00010999943234462077,0.00011635028891813484,0.00012012389496427588
2030-05-19 08:00:00,0.00010571103418367623,0.00011138183712802668,0.00011708285124739056,0.00012050435555347881
2030-05-19 09:00:00,0.00010472930994457541,0.00011063506998656441,0.00011828650259537837,0.00012257425908817444
2030-05-19 10:00:00,0.0001039093864594734,0.00011042358421085429,0.0001183360746651822,0.00012256553998709165
2030-05-19 11:00:00,0.00010525292048458516,0.00010972954515305674,0.00011822264307732107,0.00012087780242604376
2030-05-19 12:00:00,0.00010531553466639043,0.00010934686210750994,0.0001173896418747363,0.00012132697025580559
2030-05-19 13:00:00,0.00010520978135357421,0.00010807179893943366,0.00011685714478649856,0.00011923281673011229
2030-05-19 14:00:00,0.00010517175770335294,0.00010578882264557113,0.00011529268095351227,0.00011754102970823329
2030-05-19 15:00:00,0.00010315373326194833,0.00010178974536179885,0.00011149527864737605,0.00011128451199770675
2030-05-19 16:00:00,0.00010255287588314393,9.854160364389823e-05,0.00010859975083498301,0.00010695065468145229
2030-05-19 17:00:00,0.00010091834462090748,9.568947496560067e-05,0.00010506294015190413,0.00010361143147840457
2030-05-19 18:00:00,0.00010190394338380974,9.293281849104078e-05,0.00010281409591390504,0.00010178049262950767
2030-05-19 19:00:00,9.967099815680192e-05,9.202987223177728e-05,0.00010109675879725003,9.89919233824732e-05
2030-05-19 20:00:00,9.937056894161433e-05,9.019514535173976e-05,9.954119196094259e-05,9.746842144007298e-05
2030-05-19 21:00:00,9.873809138836719e-05,8.92581507912603e-05,9.749488324065279e-05,9.540939347632976e-05
2030-05-19 22:00:00,9.724052258220915e-05,8.79241541844584e-05,9.410987070509382e-05,9.124055111598701e-05
2030-05-19 23:00:00,9.512924623093415e-05,8.640264821671966e-05,9.204713446223289e-05,8.914392776660606e-05
2030-05-20 00:00:00,9.316033718429876e-05,8.424407146923056e-05,9.08108788824745e-05,8.7545704085638e-05
2030-05-20 01:00:00,9.259898536283237e-05,8.400186742095461e-05,8.980934885845886e-05,8.70503822462954e-05
2030-05-20 02:00:00,9.212521875228182e-05,8.34240972369575e-05,9.041525800109057e-05,8.719542032246616e-05
2030-05-20 03:00:00,9.33782602977196e-05,8.432312811249103e-05,9.025560949661101e-05,8.86801654871959e-05
2030-05-20 04:00:00,9.376458934950173e-05,8.86881332704663e-05,9.393713613746119e-05,9.369232926583305e-05
2030-05-20 05:00:00,0.00010117881754554835,0.00010099684555894698,0.00010546881494374069,0.00010747169895267815
2030-05-20 06:00:00,0.00010566704253736929,0.00011047552247294679,0.00011635368559067955,0.00012109356307722168
2030-05-20 07:00:00,0.00010650173371312684,0.00011520892897719234,0.00012038777246973864,0.00012678837444827547
2030-05-20 08:00:00,0.00010661930148253153,0.00011532998226477544,0.00012126930838760905,0.00012715427989748595
2030-05-20 09:00:00,0.00010576740009368264,0.00011485346250283248,0.00012306779620769584,0.00013018545551891184
2030-05-20 10:00:00,0.00010492054363134243,0.0001143267481974012,0.00012264968971339882,0.00012977215843958825
2030-05-20 11:00:00,0.00010553042496961069,0.0001134780700544274,0.00012184282307490226,0.00012748079607473745
2030-05-20 12:00:00,0.00010565358629565536,0.00011300256016943528,0.00012068725710230161,0.0001267740351936878
2030-05-20 13:00:00,0.00010320380581268888,0.00011028034908567811,0.00011927968033641006,0.00012362987538857716
2030-05-20 14:00:00,0.0001039537218791087,0.00010794452125764383,0.00011687228753475135,0.00012025488646604905
2030-05-20 15:00:00,0.000101417118148251,0.00010302768063216669,0.00011291163487636656,0.00011262495064284866
2030-05-20 16:00:00,9.955533952288858e-05,9.781811296544897e-05,0.00010981234906109058,0.00010836091761076386
2030-05-20 17:00:00,9.666141080784656e-05,9.491627391443577e-05,0.0001057519277083051,0.00010404537839545779
2030-05-20 18:00:00,9.53004959035038e-05,9.259780812532056e-05,0.00010310443044175152,0.00010217637819476043
2030-05-20 19:00:00,9.408414734659326e-05,9.192719730586773e-05,0.00010129174004977462,9.911511645872652e-05
2030-05-20 20:00:00,9.46165490742651e-05,8.895417919968674e-05,9.959938353833639e-05,9.65133400699553e-05
2030-05-20 21:00:00,9.409958535106475e-05,8.807596610985858e-05,9.725234984104689e-05,9.373046329531376e-05
2030-05-20 22:00:00,9.365483186979316e-05,8.744781422822769e-05,9.42909780838573e-05,8.970200169773148e-05
2030-05-20 23:00:00,9.151471712167935e-05,8.622495757136681e-05,9.158810605591683e-05,8.719965559146573e-05
2030-05-21 00:00:00,9.109285737892188e-05,8.482887094560698e-05,9.035977875962098e-05,8.50362679077396e-05
2030-05-21 01:00:00,9.125530185010781e-05,8.268031207600976e-05,8.924974333995748e-05,8.41506078930395e-05
2030-05-21 02:00:00,9.005086826265273e-05,8.130410505731417e-05,8.876769172916495e-05,8.397921337190457e-05
2030-05-21 03:00:00,9.039694601079232e-05,8.119868515716953e-05,8.784841294881489e-05,8.440711767212761e-05
2030-05-21 04:00:00,9.134902838586519e-05,8.194184022800396e-05,8.928789924739591e-05,8.688599692667325e-05
2030-05-21 05:00:00,9.651403311467148e-05,9.080742410570651e-05,9.61316666379057e-05,9.495583808352851e-05
2030-05-21 06:00:00,9.94374024678557e-05,9.826257285189442e-05,0.0001028440122299299,0.00010476578401716222
2030-05-21 07:00:00,0.00010092544621288046,0.0001013254563644246,0.0001060972762936324,0.00010860087600741928
2030-05-21 08:00:00,0.00010280589435787846,0.00010276271626323885,0.00010761294809427618,0.00011028507883257235
2030-05-21 09:00:00,0.0001017806043391928,0.00010315299731512638,0.00011017142479985626,0.0001124961945705185
2030-05-21 10:00:00,0.0001021474921776502,0.00010394998901293976,0.00011091746410705969,0.00011268360181631693
2030-05-21 11:00:00,0.00010317183250383634,0.00010397028325897733,0.0001108020919077304,0.00011142847404377665
2030-05-21 12:00:00,0.00010307594361658439,0.000103253652171589,0.00010958057425577221,0.00011057421655662493
2030-05-21 13:00:00,9.999862004573122e-05,0.00010115276092048332,0.00010865342844852663,0.0001080834900759598
2030-05-21 14:00:00,0.00010061349882892849,9.97811551471855e-05,0.00010667359595584503,0.0001057631339288022
2030-05-21 15:00:00,9.940586928071685e-05,9.678650342466759e-05,0.00010429880631964613,0.00010078549145716823
2030-05-21 16:00:00,9.812761009960155e-05,9.361920021618983e-05,0.0001018172005628599,9.856828605871999e-05
2030-05-21 17:00:00,9.741352422415266e-05,9.05529415534573e-05,9.89679671769958e-05,9.58947361089456e-05
2030-05-21 18:00:00,9.776244103269194e-05,8.807520665819246e-05,9.706770489368141e-05,9.352750872993822e-05
2030-05-21 19:00:00,9.665919097882103e-05,8.672720146518916e-05,9.523702023971006e-05,9.124949659410815e-05
2030-05-21 20:00:00,9.7092546561755e-05,8.500391866544398e-05,9.397733152675509e-05,9.062568346670707e-05
2030-05-21 21:00:00,9.626229307418533e-05,8.423667243870252e-05,9.219648245772225e-05,8.815585373346012e-05
2030-05-21 22:00:00,9.524252044317084e-05,8.303984383905342e-05,8.959058552628353e-05,8.49337513765973e-05
2030-05-21 23:00:00,9.327328454301846e-05,8.176973681002797e-05,8.839893494141132e-05,8.213544678805284e-05
2030-05-22 00:00:00,9.2919330153467e-05,8.046440970955375e-05,8.745268735939996e-05,8.153860484049224e-05
2030-05-22 01:00:00,9.1282723178086e-05,7.98506315472812e-05,8.630062898550159e-05,8.023141215663881e-05
2030-05-22 02:00:00,9.0729895079763e-05,7.784076505412915e-05,8.661324468450904e-05,8.047431141492419e-05
2030-05-22 03:00:00,9.160451677508358e-05,7.797114478979767e-05,8.542184542955504e-05,8.088987280209392e-05
2030-05-22 04:00:00,9.308729946513582e-05,8.140587725235629e-05,8.763641229851765e-05,8.291103846408534e-05
2030-05-22 05:00:00,9.78553685720312e-05,9.048047141942688e-05,9.607665996298647e-05,9.343295674217344e-05
2030-05-22 06:00:00,0.00010139265080703615,9.856443938647475e-05,0.00010401435058559426,0.0001038952558637537
2030-05-22 07:00:00,0.00010283182552902283,0.00010359804977377154,0.0001075654376939223,0.00010828733265376626
2030-05-22 08:00:00,0.0001043006082089548,0.00010467788710530425,0.00010904818071201697,0.00010913494949897789
2030-05-22 09:00:00,0.00010342858390320277,0.0001050951989699184,0.00011115842675881689,0.00011190873174715002
2030-05-22 10:00:00,0.00010345547707758438,0.00010399858432812492,0.00011151870341566842,0.00011204547461941669
2030-05-22 11:00:00,0.0001048622122397721,0.00010370078103036766,0.00011055095172722342,0.00011020410534272173
2030-05-22 12:00:00,0.00010529402851933701,0.00010335768295109461,0.00010991527783715916,0.00011068359941489918
2030-05-22 13:00:00,0.00010420977783177356,0.00010238495256419212,0.00010934804138137875,0.0001097718684591519
2030-05-22 14:00:00,0.00010442513476330254,0.00010120728936596096,0.00010782872509294147,0.0001076461854473437
2030-05-22 15:00:00,0.000102777538844077,9.930001207889323e-05,0.00010491835437148424,0.00010337017708397767
2030-05-22 16:00:00,0.00010154857367300742,9.69823003115733e-05,0.00010277266615095734,0.00010053828216373092
2030-05-22 17:00:00,0.00010019607181749957,9.390196545770791e-05,0.0001000528479482733,9.757333847026317e-05
2030-05-22 18:00:00,9.986889254601621e-05,9.219008697250102e-05,9.858114659128296e-05,9.645921478568359e-05
2030-05-22 19:00:00,9.754898173083078e-05,9.02283878544391e-05,9.692079132223615e-05,9.4476663015311e-05
2030-05-22 20:00:00,9.725680873160747e-05,8.973734550840932e-05,9.55056148829372e-05,9.315735871791933e-05
2030-05-22 21:00:00,9.632074657649545e-05,8.821625598184774e-05,9.361273084339996e-05,9.151879028555913e-05
2030-05-22 22:00:00,9.563520656748128e-05,8.567402465006955e-05,9.093799902881513e-05,8.753085484166368e-05
2030-05-22 23:00:00,9.419844876711835e-05,8.39941447696105e-05,8.92508931109184e-05,8.494719918410661e-05
2030-05-23 00:00:00,9.43697651283172e-05,8.253082249643215e-05,8.8075840777413e-05,8.349751935337253e-05
2030-05-23 01:00:00,9.298654960949688e-05,8.308526270959347e-05,8.73439661245731e-05,8.344104215281142e-05
2030-05-23 02:00:00,9.307983997676992e-05,8.192876471297e-05,8.662414403853463e-05,8.336129732943851e-05
2030-05-23 03:00:00,9.473777325240008e-05,8.325129262025782e-05,8.618917044954002e-05,8.417104922539046e-05
2030-05-23 04:00:00,9.61176871606221e-05,8.75814667012074e-05,8.893429033683808e-05,8.778749694518348e-05
2030-05-23 05:00:00,0.00010104012842072274,9.638461849421558e-05,9.775140934485165e-05,9.94003514715917e-05
2030-05-23 06:00:00,0.00010446411751369041,0.00010522069369636248,0.00010707228084492779,0.00011120956627479788
2030-05-23 07:00:00,0.00010615103054840076,0.00010971580037945835,0.00011134946155163083,0.00011607396550164272
2030-05-23 08:00:00,0.0001079876484461904,0.00010978610922879678,0.00011304716997493627,0.00011715523369296484
2030-05-23 09:00:00,0.00010622241360418306,0.00011046506399938838,0.00011488839742194458,0.00011927710130052358
2030-05-23 10:00:00,0.0001060842585382515,0.00010949755280046678,0.00011530093327709891,0.00011884886141178542
2030-05-23 11:00:00,0.00010667701551279219,0.00010838880539120641,0.0001150604652787238,0.0001185132940776566
2030-05-23 12:00:00,0.00010552809557274477,0.00010794988601575571,0.00011490439537922403,0.00011885418686461591
2030-05-23 13:00:00,0.00010380256546494855,0.00010662710416915837,0.00011437716853026354,0.00011775299177027138
2030-05-23 14:00:00,0.00010331307028302313,0.00010536510651840327,0.00011345231815184417,0.00011640077202074967
2030-05-23 15:00:00,0.00010144514147109496,0.00010138399930843949,0.00011023261192602131,0.00011109329716504728
2030-05-23 16:00:00,0.00010128556512425005,9.840734010155394e-05,0.00010798291554187899,0.00010665131107195905
2030-05-23 17:00:00,0.00010023222640229354,9.515653943335341e-05,0.00010505085481812074,0.00010285491276676827
2030-05-23 18:00:00,9.856310159272609e-05,9.456895777568075e-05,0.0001023921115483032,0.00010100888087930166
2030-05-23 19:00:00,9.754755872050716e-05,9.188543098382807e-05,0.00010051875884825397,9.894686551745444e-05
2030-05-23 20:00:00,9.819076621496195e-05,8.957404033331455e-05,9.896903442583303e-05,9.763141295362601e-05
2030-05-23 21:00:00,9.719791328655008e-05,8.923401219891859e-05,9.679538220120092e-05,9.522388779626683e-05
2030-05-23 22:00:00,9.598610959860086e-05,8.670154783261745e-05,9.356140593917794e-05,9.171371806680202e-05
2030-05-23 23:00:00,9.333310809560443e-05,8.429007215596162e-05,9.135680842107753e-05,8.85915107445084e-05
2030-05-24 00:00:00,9.263190314175865e-05,8.365817806023273e-05,8.996879469230171e-05,8.74940619638822e-05
2030-05-24 01:00:00,9.122144554886001e-05,8.308814368089098e-05,8.9459187979892e-05,8.656205330349969e-05
2030-05-24 02:00:00,9.127904286621275e-05,8.22027467555712e-05,8.913698699480573e-05,8.68041332873755e-05
2030-05-24 03:00:00,9.17594368352798e-05,8.35693362362124e-05,8.87359502564432e-05,8.697802368467341e-05
2030-05-24 04:00:00,9.295520656688613e-05,8.874198353893886e-05,9.235596725518608e-05,9.114528824784929e-05
2030-05-24 05:00:00,0.00010000387636405046,0.00010170581946558918,0.00010322994415392034,0.00010551416606227803
2030-05-24 06:00:00,0.00010439490196030212,0.00011316803213543083,0.00011415392051389986,0.0001202686423746781
2030-05-24 07:00:00,0.00010571677104368187,0.00011875730242596604,0.00011828024113801961,0.00012435097740624807
2030-05-24 08:00:00,0.0001083051659707053,0.00011659085259418519,0.00011964467989997395,0.0001247850045862946
2030-05-24 09:00:00,0.00010753958425543005,0.00011732800615452813,0.00012131535137022637,0.00012821363313411717
2030-05-24 10:00:00,0.00010709084140002601,0.00011448077877581863,0.0001210753711749889,0.0001276014463485882
2030-05-24 11:00:00,0.00010782638751415823,0.00011383141087063042,0.0001206066842924393,0.00012493594635382545
2030-05-24 12:00:00,0.00010800821340539673,0.00011309624558036627,0.0001199236471695946,0.00012480256976689927
2030-05-24 13:00:00,0.00010648802847923246,0.00011196610356791598,0.0001190689208751445,0.00012282657610954595
2030-05-24 14:00:00,0.00010741679570103248,0.00010958332394256033,0.00011783788648289167,0.00012012460699445542
2030-05-24 15:00:00,0.00010483993953095772,0.00010415947780645453,0.00011386700562003547,0.00011224932484228334
2030-05-24 16:00:00,0.0001041679105216992,0.00010101806495604604,0.0001107870091093111,0.00010875710115455744
2030-05-24 17:00:00,0.00010200974956923827,9.934555832900672e-05,0.00010664390559922005,0.00010502124325433037
2030-05-24 18:00:00,0.00010267843763793034,9.58486691519814e-05,0.00010380328513651593,0.00010284129865279158
2030-05-24 19:00:00,0.00010121125342365874,9.497946479582089e-05,0.00010174446458188588,9.978077278979239e-05
2030-05-24 20:00:00,0.00010047236631682572,9.306420367314903e-05,9.889685914982126e-05,9.725234573002292e-05
2030-05-24 21:00:00,9.903695833278301e-05,9.129989485182264e-05,9.714486507343737e-05,9.529129673966154e-05
2030-05-24 22:00:00,9.750887949726815e-05,8.947216722264781e-05,9.348319041954092e-05,9.073367794726092e-05
2030-05-24 23:00:00,9.449804485999372e-05,8.671620454481602e-05,9.123435835135647e-05,8.842128052668985e-05
2030-05-25 00:00:00,9.317154033523282e-05,8.331327565629681e-05,8.985575001449657e-05,8.559736111473862e-05
2030-05-25 01:00:00,9.168327075230847e-05,8.287410486855688e-05,8.927985256695228e-05,8.547622837329092e-05
2030-05-25 02:00:00,9.166098277957925e-05,8.142044937267613e-05,8.893370728905978e-05,8.575084322209947e-05
2030-05-25 03:00:00,9.299926595461762e-05,8.247901262175546e-05,8.833824736253683e-05,8.663654411557545e-05
2030-05-25 04:00:00,9.465492850197418e-05,8.670880905346318e-05,9.187456487392962e-05,9.113252379923437e-05
2030-05-25 05:00:00,0.00010149535854957765,9.835974509694122e-05,0.00010326416811686626,0.00010623268652769199
2030-05-25 06:00:00,0.0001055118585100745,0.00011028062412742202,0.00011477213977914998,0.00012025013459725088
2030-05-25 07:00:00,0.00010644813894620533,0.00011514047518279695,0.00011947187249390341,0.0001257716132145612
2030-05-25 08:00:00,0.00010919650564568013,0.00011469883612205573,0.00012015411254020327,0.00012628241435112513
2030-05-25 09:00:00,0.00010814634800890809,0.00011467910471762619,0.0001213434123718485,0.00012874800706675
2030-05-25 10:00:00,0.00010703084426846999,0.00011495877205996515,0.00012199419530790026,0.00012806576552961378
2030-05-25 11:00:00,0.00010834644055569903,0.00011517698348671763,0.00012097926594904386,0.0001272698681522362
2030-05-25 12:00:00,0.00010916961416384139,0.00011432506700265069,0.00011994467557147703,0.00012716961716540784
2030-05-25 13:00:00,0.00010680755422317284,0.0001115275853548195,0.00011872260217020512,0.0001256789910780612
2030-05-25 14:00:00,0.00010673768949743998,0.00010923514237110458,0.00011736934589180513,0.0001226748156345688
2030-05-25 15:00:00,0.00010488379198517082,0.0001041019031196736,0.0001126927260109328,0.0001149488231720912
2030-05-25 16:00:00,0.00010400907941411786,9.93096164607315e-05,0.0001097668637988862,0.00011042847611325477
2030-05-25 17:00:00,0.00010219524227676575,9.65001464267433e-05,0.00010619037289992318,0.00010631207235237421
2030-05-25 18:00:00,0.000101308336000246,9.497815910878772e-05,0.00010361115565136176,0.00010477881288122324
2030-05-25 19:00:00,9.981717123647843e-05,9.347934211943734e-05,0.00010207545573456269,0.00010204259059178472
2030-05-25 20:00:00,9.883496981456388e-05,9.166961379307421e-05,9.965157456084494e-05,9.9728771632728e-05
2030-05-25 21:00:00,9.681841232194687e-05,9.029956221943127e-05,9.719751842756585e-05,9.66345609438516e-05
2030-05-25 22:00:00,9.712050717486242e-05,8.911127311030081e-05,9.431540771083107e-05,9.203832089231172e-05
2030-05-25 23:00:00,9.606781910832027e-05,8.763247489692956e-05,9.162675096560844e-05,8.822289445739717e-05
2030-05-26 00:00:00,9.46143048420371e-05,8.57758405379148e-05,8.95698313134677e-05,8.729826003390114e-05
2030-05-26 01:00:00,9.349763200559562e-05,8.452797742605176e-05,8.910186145294975e-05,8.608661919003762e-05
2030-05-26 02:00:00,9.288192688513288e-05,8.229183275938732e-05,8.850042876594194e-05,8.662419320432105e-05
2030-05-26 03:00:00,9.35271123452659e-05,8.178544514281852e-05,8.791471782270308e-05,8.696811693238082e-05
2030-05-26 04:00:00,9.496205781166151e-05,8.542879494614672e-05,8.999356653262072e-05,8.94309091173347e-05
2030-05-26 05:00:00,0.00010178083263860838,9.712064621874553e-05,9.965034433924592e-05,0.0001013011606119686
2030-05-26 06:00:00,0.00010560819974543311,0.00010617019037277723,0.00010835272084973478,0.00011239741647133241
2030-05-26 07:00:00,0.00010655271110995404,0.0001096856575468473,0.00011274811743763688,0.0001169336009092024
2030-05-26 08:00:00,0.00010883621207431475,0.00010976704087754337,0.00011395633234177394,0.000118166300309756
2030-05-26 09:00:00,0.00010889124254591744,0.00011007599750773609,0.00011649828521289427,0.00012059114580490276
2030-05-26 10:00:00,0.00010810824654875278,0.00010981930123186757,0.00011774793189308006,0.00012021975492670506
2030-05-26 11:00:00,0.00010942909499036034,0.00010801139438661432,0.00011776101982821188,0.0001183540313388589
2030-05-26 12:00:00,0.00011015694692668755,0.00010655218291345263,0.00011696509809590476,0.00011760506389225005
2030-05-26 13:00:00,0.00010756415275619513,0.00010500515399033611,0.00011575591591841839,0.00011566749575262063
2030-05-26 14:00:00,0.00010762192797842437,0.00010190354689362295,0.00011364053527001985,0.00011241579313104345
2030-05-26 15:00:00,0.00010609445308306833,9.754816809437208e-05,0.00011034232188842559,0.00010683457411941454
2030-05-26 16:00:00,0.0001047901527174716,9.545668798933404e-05,0.00010800950470634286,0.00010372746270937093
2030-05-26 17:00:00,0.00010327807130386929,9.236110833421103e-05,0.00010416630165287619,0.0001010270009801819
2030-05-26 18:00:00,0.00010231578764996452,9.017043659233814e-05,0.00010144932564407996,9.893008830987511e-05
2030-05-26 19:00:00,0.00010062434537453955,8.770066165781544e-05,9.93351480406131e-05,9.625364555515407e-05
2030-05-26 20:00:00,9.958929773478175e-05,8.631481630601871e-05,9.748358990741454e-05,9.545172703609778e-05
2030-05-26 21:00:00,9.851435845952548e-05,8.52683459223753e-05,9.563036239699665e-05,9.36908769935122e-05
2030-05-26 22:00:00,9.786174976830623e-05,8.407550059076927e-05,9.295062176881097e-05,9.029714420444116e-05
2030-05-26 23:00:00,9.610272164603994e-05,8.158822440310686e-05,9.109615484314439e-05,8.782261555001524e-05
2030-05-27 00:00:00,9.60242061731794e-05,7.982355918270516e-05,8.967645538303201e-05,8.608080440997907e-05
2030-05-27 01:00:00,9.57069756264515e-05,7.91471678519226e-05,8.96498212702135e-05,8.506005670839918e-05
2030-05-27 02:00:00,9.507701223788682e-05,7.801001431977308e-05,8.894336511220235e-05,8.574589245177317e-05
2030-05-27 03:00:00,9.528779628803482e-05,7.846694293587222e-05,8.896504810875781e-05,8.65622348790972e-05
2030-05-27 04:00:00,9.696871628859197e-05,8.269432719468183e-05,9.281636948254864e-05,9.080506069488301e-05
2030-05-27 05:00:00,0.00010335688688643348,9.53361333985806e-05,0.00010352975397618859,0.00010417348309762905
2030-05-27 06:00:00,0.00010615844499647906,0.00010699865695544078,0.00011393301401553492,0.00011797840920207822
2030-05-27 07:00:00,0.00010801528129155782,0.00011148583063062721,0.00011839386102902719,0.00012375801431463904
2030-05-27 08:00:00,0.00010972828575289134,0.00011257003950292964,0.00012002358871564614,0.00012424354468885872
2030-05-27 09:00:00,0.00010980900006670384,0.00011296266383997663,0.00012216136683972065,0.000126260661461225
2030-05-27 10:00:00,0.00010841496617706341,0.00011286294139617062,0.00012247563974806635,0.00012684297551796592
2030-05-27 11:00:00,0.00010925230991947728,0.00011257799846150415,0.00012223898496705393,0.00012429580685501925
2030-05-27 12:00:00,0.00010860169631411742,0.000111953417308502,0.0001210199456796038,0.00012455412246277394
2030-05-27 13:00:00,0.00010749781018140899,0.00011012911093146835,0.00012044515560344818,0.00012244794615558652
2030-05-27 14:00:00,0.00010828223862187517,0.00010855043195058764,0.00011867697680624494,0.00012035529835460678
2030-05-27 15:00:00,0.00010725873162454373,0.00010385369495463019,0.00011435137315185149,0.0001133941807972574
2030-05-27 16:00:00,0.00010667628368425013,0.00010013327326462154,0.00011183221600185068,0.00010812895916302962
2030-05-27 17:00:00,0.00010438768874932286,9.638912237989803e-05,0.00010824912571440284,0.00010414205860494287
2030-05-27 18:00:00,0.0001033015876603605,9.425671649700165e-05,0.00010511984602443192,0.00010104246124377836
2030-05-27 19:00:00,0.0001005420721774568,9.279568963758723e-05,0.00010295902578823922,9.926524321206294e-05
2030-05-27 20:00:00,9.908658395368793e-05,9.132091149075096e-05,0.00010029784645103018,9.722970179611599e-05
2030-05-27 21:00:00,9.67189823750465e-05,9.009689189904334e-05,9.821685403970978e-05,9.468514587640382e-05
2030-05-27 22:00:00,9.602646541842429e-05,8.84851933740088e-05,9.521144130463823e-05,9.116842612349924e-05
2030-05-27 23:00:00,9.366781175187134e-05,8.647775139984732e-05,9.311618139382606e-05,8.748048602394948e-05
2030-05-28 00:00:00,9.261996289693366e-05,8.39007481874205e-05,9.158115079601869e-05,8.576482469813616e-05
2030-05-28 01:00:00,9.21155077399709e-05,8.316117746470435e-05,9.090991938857842e-05,8.525899643795472e-05
2030-05-28 02:00:00,9.17655783894941e-05,8.14763219819545e-05,9.011806920131869e-05,8.496027471125765e-05
2030-05-28 03:00:00,9.323906369527141e-05,8.319612230259261e-05,8.927444463487986e-05,8.550487379786025e-05
2030-05-28 04:00:00,9.599824575886597e-05,8.582425906199867e-05,9.210225677184213e-05,8.944232061823391e-05
2030-05-28 05:00:00,0.0001022142984377898,9.508354464647474e-05,0.00010091966313615357,0.00010076104388824962
2030-05-28 06:00:00,0.00010508485088158005,0.0001039258244977025,0.00010994942080803078,0.0001126463779456119
2030-05-28 07:00:00,0.00010529099266304682,0.00010921412584018353,0.00011390902934985516,0.0001175637328268059
2030-05-28 08:00:00,0.00010697541734436783,0.00010999504190505383,0.00011552565620201555,0.00011887659563589715
2030-05-28 09:00:00,0.00010797294574028582,0.00011031124539724381,0.00011687771795071621,0.00012031165490887731
2030-05-28 10:00:00,0.00010764191079576339,0.00011001968813984988,0.00011704723223090981,0.00011971968986602597
2030-05-28 11:00:00,0.00010880535816599902,0.00010946158899405921,0.00011640681007582621,0.00011859828316967813
2030-05-28 12:00:00,0.00010749126785726274,0.00011001142465136202,0.00011516358458917363,0.0001180327429161966
2030-05-28 13:00:00,0.00010548567946519985,0.00010904745516934358,0.00011308737748127052,0.00011549001919553933
2030-05-28 14:00:00,0.00010469082731313301,0.00010678246603455441,0.00011127740024757248,0.00011214983460563748
2030-05-28 15:00:00,0.00010383291379384855,0.00010310661837006872,0.0001082612194747219,0.0001064365850386828
2030-05-28 16:00:00,0.00010233107362800644,9.995935806016093e-05,0.00010538762893792421,0.00010274545274824024
2030-05-28 17:00:00,0.00010222113417226036,9.577367866602542e-05,0.00010199854388114708,9.916054307119529e-05
2030-05-28 18:00:00,0.00010185515340144455,9.352431460538659e-05,9.9262096571568e-05,9.739661789994069e-05
2030-05-28 19:00:00,0.0001001353892272448,9.251436041310506e-05,9.750684569728825e-05,9.529631037593524e-05
2030-05-28 20:00:00,0.00010099744071162082,9.007314739539243e-05,9.580299335608032e-05,9.331090220824447e-05
2030-05-28 21:00:00,9.973304311055331e-05,8.961137054509952e-05,9.465279332050105e-05,9.159148169785418e-05
2030-05-28 22:00:00,9.780317679842052e-05,8.842720061335454e-05,9.226292274038653e-05,8.789382132785021e-05
2030-05-28 23:00:00,9.628331317069883e-05,8.58940821343009e-05,9.106080018579021e-05,8.597718790509271e-05
2030-05-29 00:00:00,9.561658360683604e-05,8.51173983260745e-05,8.99416658405461e-05,8.490228187807682e-05
2030-05-29 01:00:00,9.460365590324288e-05,8.430664006685896e-05,8.999559982425561e-05,8.471442958658725e-05
2030-05-29 02:00:00,9.3733223941264e-05,8.21536610053533e-05,8.888902871778085e-05,8.449399921127301e-05
2030-05-29 03:00:00,9.527686330771271e-05,8.274818766219236e-05,8.805901834946768e-05,8.406685855243226e-05
2030-05-29 04:00:00,9.532178984769132e-05,8.628206934577196e-05,9.057399432756941e-05,8.798289708350135e-05
2030-05-29 05:00:00,0.00010101884514987629,9.66139726739428e-05,9.89501833990073e-05,9.942710136488317e-05
2030-05-29 06:00:00,0.00010415694159132849,0.00010518455475506429,0.00010751952586243462,0.00011002433095566198
2030-05-29 07:00:00,0.00010507214236855488,0.00010863193332885021,0.00011082967103074612,0.00011474852011389403
2030-05-29 08:00:00,0.00010682109029828816,0.00010964020314057478,0.00011245034420329656,0.00011572149174136819
2030-05-29 09:00:00,0.00010654052681954977,0.00011045999840802266,0.0001139405279644475,0.00011803899577997501
2030-05-29 10:00:00,0.0001065561153809252,0.0001101024390592485,0.00011434452722190493,0.00011764391357425162
2030-05-29 11:00:00,0.00010704220120773223,0.00010970218751801108,0.0001136559062977792,0.00011651444015300747
2030-05-29 12:00:00,0.00010638522026563098,0.00010812720812142698,0.00011250110928272738,0.00011615741085321532
2030-05-29 13:00:00,0.00010428917582014793,0.00010578101108404083,0.0001117875674593732,0.00011414678678617659
2030-05-29 14:00:00,0.00010344236880779048,0.00010227827451197695,0.00010970566915389609,0.00011054769406332274
2030-05-29 15:00:00,0.00010285324289158656,9.638314116118921e-05,0.0001065150814599567,0.00010438352120161997
2030-05-29 16:00:00,0.0001025789469959648,9.299685592045073e-05,0.00010354309143273429,0.00010071647964685778
2030-05-29 17:00:00,0.0001005956677731249,9.06654453346937e-05,0.00010112075875820634,9.780041149446287e-05
2030-05-29 18:00:00,9.994816837511155e-05,8.96894324464496e-05,9.915170858166645e-05,9.61732292798051e-05
2030-05-29 19:00:00,9.942091679437976e-05,8.88190675122784e-05,9.726321008261739e-05,9.351410426968368e-05
2030-05-29 20:00:00,9.846388354183037e-05,8.737222623391148e-05,9.540693728166052e-05,9.259414679215874e-05
2030-05-29 21:00:00,9.665034014123231e-05,8.590149341780077e-05,9.468058293962113e-05,9.132853716942299e-05
2030-05-29 22:00:00,9.440372573520657e-05,8.483555292716766e-05,9.261526441564111e-05,8.806013373041957e-05
2030-05-29 23:00:00,9.228818087232636e-05,8.24962574900386e-05,8.988307823066455e-05,8.550376054687809e-05
2030-05-30 00:00:00,9.216043731675564e-05,8.081395716934754e-05,8.877041882572449e-05,8.420425628474098e-05
2030-05-30 01:00:00,9.1258742915371e-05,7.996982446019779e-05,8.851087340436084e-05,8.34346138124737e-05
2030-05-30 02:00:00,9.165153805094717e-05,7.836493467448848e-05,8.749443869746773e-05,8.318726785968788e-05
2030-05-30 03:00:00,9.232329057594658e-05,7.941355009211888e-05,8.649005182859631e-05,8.260662773671375e-05
2030-05-30 04:00:00,9.362153358315415e-05,8.059104791799705e-05,8.862642791138782e-05,8.502166425832761e-05
2030-05-30 05:00:00,9.83899072005503e-05,8.752872180250432e-05,9.497473600720989e-05,9.306409610569395e-05
2030-05-30 06:00:00,0.00010110029461060444,9.406165871789741e-05,0.0001017026323821535,0.00010231993822340151
2030-05-30 07:00:00,0.0001022861552438382,9.754753136438472e-05,0.00010485887677878311,0.00010578192130548275
2030-05-30 08:00:00,0.00010261083222093219,9.953658195226203e-05,0.00010706306698799039,0.00010739004203937322
2030-05-30 09:00:00,0.0001038247185932034,0.00010052674267240095,0.00010873643116367223,0.00010959961890888274
2030-05-30 10:00:00,0.00010225348516212781,0.00010102897903630135,0.00010952306428729606,0.00011020796979244872
2030-05-30 11:00:00,0.00010370569525345173,9.94815822974677e-05,0.00010940800608599886,0.00010857076816964742
2030-05-30 12:00:00,0.00010330704923379791,9.916986678540497e-05,0.00010884075885192015,0.00010936848424419792
2030-05-30 13:00:00,0.00010146433976990954,9.885733125431949e-05,0.00010857027650441271,0.00010784502467757712
2030-05-30 14:00:00,0.00010247116962480649,9.737652498678157e-05,0.00010727114587870191,0.00010610859726961688
2030-05-30 15:00:00,0.00010141054097233719,9.530534547412366e-05,0.00010485934308532109,0.00010179089284150971
2030-05-30 16:00:00,0.00010045010145762103,9.365637412839042e-05,0.00010289888719924788,9.984512548596373e-05
2030-05-30 17:00:00,9.873813081165573e-05,9.073841147704216e-05,0.00010057187657110636,9.674735540732122e-05
2030-05-30 18:00:00,9.838309214700342e-05,8.89426900431109e-05,9.855205255457208e-05,9.605139716880035e-05
2030-05-30 19:00:00,9.679738943743636e-05,8.72955851727342e-05,9.72711499371407e-05,9.537521089120053e-05
2030-05-30 20:00:00,9.626822886245093e-05,8.487079122295474e-05,9.557452250705737e-05,9.415578677173035e-05
2030-05-30 21:00:00,9.526523473257794e-05,8.492667421760654e-05,9.454324095038484e-05,9.233251629030101e-05
2030-05-30 22:00:00,9.471711735528695e-05,8.40290847552314e-05,9.257058123475395e-05,8.921682304690879e-05
2030-05-30 23:00:00,9.27636910151376e-05,8.36325678519434e-05,9.018382995066283e-05,8.690816612124755e-05
2030-05-31 00:00:00,9.104804967761724e-05,8.272225317621426e-05,8.914485227424869e-05,8.619577131986721e-05
2030-05-31 01:00:00,9.017312825438338e-05,8.111571263467307e-05,8.830253798179752e-05,8.519338070501883e-05
2030-05-31 02:00:00,9.07328475686408e-05,7.990888863140462e-05,8.794686270911704e-05,8.587766488458626e-05
2030-05-31 03:00:00,9.154817653338636e-05,8.054618730052433e-05,8.722759726162562e-05,8.599440004478497e-05
2030-05-31 04:00:00,9.343161025974884e-05,8.527167299337208e-05,9.067014390238366e-05,8.930923302566077e-05
2030-05-31 05:00:00,9.940986452531613e-05,9.65934709227499e-05,0.0001007076107854131,0.00010301574186279347
2030-05-31 06:00:00,0.00010297684563235609,0.00010554966726804925,0.00011025959930830234,0.00011651091874249676
2030-05-31 07:00:00,0.00010407820778172191,0.00011035021090820502,0.00011455727719311386,0.00012125572618393882
2030-05-31 08:00:00,0.00010630769289480964,0.00011064907410764627,0.00011593396041365449,0.0001219774830924275
2030-05-31 09:00:00,0.00010759862086694103,0.00011019574912319129,0.00011705189125554028,0.0001235171602763855
2030-05-31 10:00:00,0.0001068428288459818,0.0001110306093170109,0.00011676510155733685,0.00012347216776996024
2030-05-31 11:00:00,0.00010715213344857639,0.0001116449045020678,0.0001164924010170352,0.0001220726637761359
2030-05-31 12:00:00,0.00010766815956061697,0.00011003917886728492,0.00011565299114482746,0.000122119353437089
2030-05-31 13:00:00,0.00010682088037480787,0.0001085887497213797,0.00011493053847649768,0.00012019173903072625
2030-05-31 14:00:00,0.00010680584430741206,0.00010680074397223936,0.00011299430531835894,0.0001183296023079031
2030-05-31 15:00:00,0.00010417457551657862,0.00010315492725877845,0.00010936300798365408,0.00011246086292926365
2030-05-31 16:00:00,0.00010281335859994654,9.911553737839145e-05,0.00010672114266168506,0.00010835758957920434
2030-05-31 17:00:00,0.00010168590850931296,9.517768957777409e-05,0.00010331449062801558,0.00010450277114116241
2030-05-31 18:00:00,0.00010114850053839503,9.475883561995804e-05,0.00010076030819243032,0.00010296810332420735
2030-05-31 19:00:00,0.00010065359451737333,9.36732966025195e-05,9.83660561222318e-05,9.933895615429488e-05
2030-05-31 20:00:00,0.0001010690953669847,9.05178196867376e-05,9.676953880961825e-05,9.66125846944215e-05
2030-05-31 21:00:00,9.897964425770777e-05,8.8996341612332e-05,9.491215965230775e-05,9.566995230861742e-05
2030-05-31 22:00:00,9.730366966530362e-05,8.741833472162831e-05,9.269021418612383e-05,9.18399736580861e-05
2030-05-31 23:00:00,9.512749732302477e-05,8.647775174187732e-05,9.070032194033231e-05,8.924334322469697e-05
2030-06-01 00:00:00,0.00010006550813739678,8.894590224042824e-05,9.464275569813999e-05,9.075604789551675e-05
2030-06-01 01:00:00,9.88203712881169e-05,8.773009899050236e-05,9.330164406335052e-05,8.928919117234932e-05
2030-06-01 02:00:00,9.849772814424764e-05,8.698166961073933e-05,9.268160375359818e-05,8.918195970769077e-05
2030-06-01 03:00:00,9.849301998330645e-05,8.824913118533281e-05,9.217968260426025e-05,8.980808291749852e-05
2030-06-01 04:00:00,0.0001001511359385781,9.204689043610565e-05,9.53005806600502e-05,9.367616795554952e-05
2030-06-01 05:00:00,0.00010569538216074863,0.00010285660029012615,0.00010450124411513392,0.00010559985737619629
2030-06-01 06:00:00,0.00011034297745491017,0.00011290430522833,0.00011428561277547245,0.00011916976033953275
2030-06-01 07:00:00,0.000111922979402625,0.00011690680501749847,0.00011900920559645891,0.0001245837283944672
2030-06-01 08:00:00,0.00011325901512305042,0.00011834371632953868,0.00012049451191482776,0.000125754040600186
2030-06-01 09:00:00,0.00011307649682070505,0.00011962630429498439,0.00012168649749774186,0.0001276546298669672
2030-06-01 10:00:00,0.00011207949828204366,0.00011946228293805156,0.00012266460074150665,0.00012847668014968238
2030-06-01 11:00:00,0.00011330127313211224,0.00012004105687675974,0.00012328283670942928,0.0001271533876863636
2030-06-01 12:00:00,0.00011420194075260574,0.00011956729338913608,0.00012281177287825804,0.00012691139524161088
2030-06-01 13:00:00,0.00011247089554832481,0.0001197473655687612,0.0001226365579617456,0.0001262846175923036
2030-06-01 14:00:00,0.00011255830277082016,0.00011885089515630827,0.00012116897869261557,0.0001242518874187611
2030-06-01 15:00:00,0.00011163942767448412,0.0001173705936874144,0.00011895489655064117,0.00011864936034190082
2030-06-01 16:00:00,0.0001099993406906088,0.00011418773911943544,0.00011660143908106837,0.0001160998204869717
2030-06-01 17:00:00,0.0001094721964034031,0.00010976441771713543,0.00011319753964726475,0.00011277525870963415
2030-06-01 18:00:00,0.00010844921659561703,0.0001073437567367697,0.0001106745448071619,0.00011022365079288665
2030-06-01 19:00:00,0.00010680775952239047,0.00010429641244607483,0.00010867317274753311,0.0001071670602861905
2030-06-01 20:00:00,0.00010482004883092767,0.00010093250554164422,0.00010620083368377625,0.0001042161827082792
2030-06-01 21:00:00,0.00010310148947304574,9.966729019246295e-05,0.00010378648202902665,0.00010149311350064173
2030-06-01 22:00:00,0.00010143356081715792,9.736028031212035e-05,0.00010045745232334033,9.73877959636202e-05
2030-06-01 23:00:00,9.890498877611837e-05,9.380140802930008e-05,9.768053475955656e-05,9.445046121891764e-05
2030-06-02 00:00:00,0.00010142800440463995,0.00010111935923093098,0.00010096603359981897,9.748450894813749e-05
2030-06-02 01:00:00,0.00010111868872012568,0.00010070383060905085,9.963689446478178e-05,9.629471588939591e-05
2030-06-02 02:00:00,0.0001017323628051458,9.820265070674053e-05,9.8902768587532e-05,9.614834813249993e-05
2030-06-02 03:00:00,0.00010278303147224734,0.00010022601136349986,9.876896734698448e-05,9.588074396779855e-05
2030-06-02 04:00:00,0.00010521512347375745,0.00010378004418604809,0.00010265039797099467,0.00010004066721718372
2030-06-02 05:00:00,0.00011043006586994997,0.00011652595503497409,0.00011439896156751331,0.0001144010122449156
2030-06-02 06:00:00,0.00011596019460756008,0.00013188513726693812,0.00012851345932636337,0.00013272460342522786
2030-06-02 07:00:00,0.00011993248256980964,0.00014089192617205968,0.0001373930786358655,0.0001442873667200234
2030-06-02 08:00:00,0.0001210175648669456,0.0001425318104147019,0.00013951645483082265,0.00014632581823595942
2030-06-02 09:00:00,0.00012070105782574426,0.00014233492649903608,0.0001402404257093173,0.00014835767335874694
2030-06-02 10:00:00,0.00012003544939873089,0.0001402299975922211,0.00014035241124310421,0.0001483772159144941
2030-06-02 11:00:00,0.00012107493327809841,0.0001402313222485776,0.00013925912824258813,0.00014663577415218585
2030-06-02 12:00:00,0.00012096104999265187,0.00013859184951458262,0.000138209938642392,0.00014503126157828039
2030-06-02 13:00:00,0.00011955463984957176,0.0001388093188648237,0.00013693329333932432,0.00014353302463801696
2030-06-02 14:00:00,0.00011894416531961304,0.00013641802818092967,0.0001350725476887219,0.00014060244869153614
2030-06-02 15:00:00,0.0001176433815207256,0.0001312328585128707,0.00013163481620805402,0.00013447370170543892
2030-06-02 16:00:00,0.00011538689092270036,0.0001234503813471724,0.00012740869049575985,0.00012802320884542465
2030-06-02 17:00:00,0.00011423732511313449,0.000119315065098985,0.00012369921693072087,0.0001232000546971698
2030-06-02 18:00:00,0.00011216118073149184,0.00011755145310261371,0.00012006040247947027,0.00011934672616765664
2030-06-02 19:00:00,0.00011011543943281305,0.00011481159982610008,0.00011683249199093711,0.0001150759398865284
2030-06-02 20:00:00,0.00010970630906241314,0.00011212961434625907,0.00011345988578331052,0.00011167001863903797
2030-06-02 21:00:00,0.00010689636223125182,0.00010995905720301734,0.0001102891409430738,0.00010886686220568257
2030-06-02 22:00:00,0.00010475536567754385,0.00010694564262974116,0.00010659296957171965,0.00010308547754735415
2030-06-02 23:00:00,0.0001017198521287286,0.0001028770128267348,0.00010301697691597237,9.867898125789436e-05
2030-06-03 00:00:00,9.92149476997516e-05,9.899862380160372e-05,0.000100802167224046,9.646768226174625e-05
2030-06-03 01:00:00,9.919363370312028e-05,9.705606437145248e-05,0.0001000678067101743,9.59314625135808e-05
2030-06-03 02:00:00,9.901926309563505e-05,9.623797397807467e-05,9.939166365381956e-05,9.636605327754152e-05
2030-06-03 03:00:00,0.00010014052046706157,9.72515574067001e-05,9.898980793355287e-05,9.579517262988916e-05
2030-06-03 04:00:00,0.00010184157487540229,0.00010128606901354074,0.00010156503777134316,9.951927408151418e-05
2030-06-03 05:00:00,0.00010695033261320583,0.00011198585270016271,0.00011045630055008767,0.00011075664262987453
2030-06-03 06:00:00,0.00011190630477896622,0.00012398490952717788,0.00012299872551381683,0.00012699449600201744
2030-06-03 07:00:00,0.00011334231379403602,0.00013234232815393038,0.00013022803652767642,0.0001361375035071156
2030-06-03 08:00:00,0.00011576599425534814,0.00013369502857254768,0.00013275926471669088,0.000139599126291672
2030-06-03 09:00:00,0.00011712729448610283,0.00013377272384392056,0.00013326489392319717,0.00014043032848851014
2030-06-03 10:00:00,0.00011529675962986516,0.00013373882296317355,0.00013331233136376795,0.00014124594445771532
2030-06-03 11:00:00,0.00011493083416104482,0.00013062555887667366,0.00013191132479688502,0.00013895395757692645
2030-06-03 12:00:00,0.00011480528253183808,0.0001279037678728213,0.00013071686693893314,0.00013673879906508164
2030-06-03 13:00:00,0.00011349087639807031,0.00012607620308897072,0.00012903395884577543,0.0001340368217239826
2030-06-03 14:00:00,0.00011285033324506703,0.00012461399792998188,0.0001266358171043814,0.00013006738096273273
2030-06-03 15:00:00,0.00011156335905954217,0.00012121883250467325,0.00012304950199487386,0.00012388088310051005
2030-06-03 16:00:00,0.00011051010822894086,0.00011727692274087051,0.00011998438979298421,0.00011810440698614804
2030-06-03 17:00:00,0.00011004540445737897,0.00011335172402134232,0.00011675551834415512,0.00011344540506464362
2030-06-03 18:00:00,0.00010944259900503961,0.00011098480124755589,0.0001141453600465271,0.00011035467509960839
2030-06-03 19:00:00,0.00010852151708726377,0.00010898324853718336,0.00011128091809103213,0.00010728724964285078
2030-06-03 20:00:00,0.00010720464450045374,0.00010589785920661099,0.00010806127034967131,0.00010354872262781439
2030-06-03 21:00:00,0.00010537481439892395,0.00010465871593653231,0.00010510119983728887,0.00010073644166687765
2030-06-03 22:00:00,0.00010335507582430227,0.00010293576477116822,0.00010171075959728729,9.627024683642574e-05
2030-06-03 23:00:00,0.00010196900463018506,0.00010064990539604509,9.858603055692499e-05,9.3074877936812e-05
2030-06-04 00:00:00,9.642623009113969e-05,8.999770887905059e-05,9.165233697972453e-05,8.590837042914629e-05
2030-06-04 01:00:00,9.666756975186166e-05,8.961835043190635e-05,9.100529505018646e-05,8.506228839692419e-05
2030-06-04 02:00:00,9.648540314557508e-05,8.819775495584664e-05,9.045650357390415e-05,8.540009382815811e-05
2030-06-04 03:00:00,9.766490931633602e-05,8.871026235996707e-05,9.019223513215866e-05,8.532456236295184e-05
2030-06-04 04:00:00,9.965466116933142e-05,9.112344190673103e-05,9.288701900913325e-05,8.821431767690516e-05
2030-06-04 05:00:00,0.0001039636641483451,0.00010050903320101634,0.00010041026300993399,9.811714258556522e-05
2030-06-04 06:00:00,0.00010663730539058108,0.00010835442620480317,0.00010795249169607407,0.00010857847674324212
2030-06-04 07:00:00,0.0001080857847412442,0.00011180879325499233,0.0001111161874111732,0.00011273807092380293
2030-06-04 08:00:00,0.00010994548304661163,0.0001127987051408839,0.00011259274563635924,0.00011368008603740024
2030-06-04 09:00:00,0.00010938500020230497,0.00011320819363716426,0.00011434664150283082,0.00011594643457404587
2030-06-04 10:00:00,0.0001088679473123449,0.00011234075367089448,0.0001139588458430841,0.0001163379057748647
2030-06-04 11:00:00,0.000109205395544136,0.00011202327588060313,0.00011293672689884441,0.00011501259544020649
2030-06-04 12:00:00,0.00010953131970222878,0.00011013768025995928,0.0001115244399911153,0.00011455568983234576
2030-06-04 13:00:00,0.00010763071023627928,0.00010863836249123179,0.00011028639026437361,0.00011191484409405426
2030-06-04 14:00:00,0.00010740227900573582,0.00010658562796190625,0.00010872346656132436,0.0001093714341486999
2030-06-04 15:00:00,0.00010511686394738828,0.00010314028862286892,0.000105714724168336,0.0001043411680720332
2030-06-04 16:00:00,0.00010384010366700591,0.0001011084293357184,0.00010367055802723282,0.00010051980592607634
2030-06-04 17:00:00,0.0001026868833290347,9.756209081573789e-05,0.00010077623770351796,9.841020763300497e-05
2030-06-04 18:00:00,0.00010273516743452382,9.518527950154904e-05,9.927716601783299e-05,9.619635345275175e-05
2030-06-04 19:00:00,0.00010198559001762301,9.455452661866925e-05,9.862235688137718e-05,9.540941276026293e-05
2030-06-04 20:00:00,0.0001012752658279192,9.263174576074324e-05,9.675466866792706e-05,9.255775494748707e-05
2030-06-04 21:00:00,9.916051123084732e-05,9.01476793732757e-05,9.47961800303904e-05,9.047302160728588e-05
2030-06-04 22:00:00,9.776167943323682e-05,8.933633036484315e-05,9.277607738187763e-05,8.754249591362064e-05
2030-06-04 23:00:00,9.500522656343804e-05,8.824657710668642e-05,9.04491365131219e-05,8.491276908100728e-05
2030-06-05 00:00:00,9.220891356347389e-05,8.362891484721908e-05,8.775211291696001e-05,8.234661039838596e-05
2030-06-05 01:00:00,9.164320830672005e-05,8.30776762543541e-05,8.722633893606679e-05,8.209353609262787e-05
2030-06-05 02:00:00,9.165328764347967e-05,8.275806736076064e-05,8.670807848965644e-05,8.225094694694587e-05
2030-06-05 03:00:00,9.372308000792156e-05,8.321995211852358e-05,8.57124707262456e-05,8.248751721173783e-05
2030-06-05 04:00:00,9.509737527117742e-05,8.621304181479668e-05,8.813001287494026e-05,8.60842084335326e-05
2030-06-05 05:00:00,0.00010059495078040474,9.596644724816275e-05,9.671490532993114e-05,9.609220955834653e-05
2030-06-05 06:00:00,0.0001045284966081392,0.00010522445261771472,0.00010485933812390277,0.00010799737417486583
2030-06-05 07:00:00,0.0001064603747135385,0.00010899316368074628,0.00010937719509511383,0.00011309790069280225
2030-06-05 08:00:00,0.00010835367753033939,0.0001092919955745895,0.0001111455807502014,0.00011399179291530115
2030-06-05 09:00:00,0.00010960373583038946,0.00010939072766035186,0.0001132107949812032,0.00011716125436606467
2030-06-05 10:00:00,0.00010952413628743781,0.00010859653610391937,0.00011411406200365292,0.00011658303783324937
2030-06-05 11:00:00,0.00010919780886500857,0.00010790675046097283,0.0001132430867082648,0.00011464510240887043
2030-06-05 12:00:00,0.0001081027147227397,0.00010607947806961951,0.00011226118383361713,0.00011456793377996081
2030-06-05 13:00:00,0.00010650198244526181,0.00010621912063850749,0.00011138261757465205,0.00011285984715529775
2030-06-05 14:00:00,0.00010473842727828883,0.00010499141727681054,0.00010960984141944286,0.0001098753424091905
2030-06-05 15:00:00,0.00010302849064099343,0.00010181842804678722,0.00010657761288508793,0.00010439799603490844
2030-06-05 16:00:00,0.00010257129231941168,9.838597704283566e-05,0.00010430985108310928,0.0001011307410344818
2030-06-05 17:00:00,0.00010104265864909357,9.674978989261691e-05,0.0001008776921130748,9.759475410008849e-05
2030-06-05 18:00:00,0.00010126280738781477,9.468936444767531e-05,9.813012849078076e-05,9.522901486304767e-05
2030-06-05 19:00:00,9.899217218885447e-05,9.432330343940286e-05,9.629486924935577e-05,9.332903423997159e-05
2030-06-05 20:00:00,9.90362477260044e-05,9.295987169320723e-05,9.379499554732848e-05,9.101777898825338e-05
2030-06-05 21:00:00,9.688600825691988e-05,9.136403306033373e-05,9.208477702954358e-05,9.029275577536392e-05
2030-06-05 22:00:00,9.57439314163864e-05,9.017423570651067e-05,8.949164212227723e-05,8.58382235114435e-05
2030-06-05 23:00:00,9.520168392010474e-05,8.800408774562338e-05,8.740270066885008e-05,8.379118498109656e-05
2030-06-06 00:00:00,9.0870240620326e-05,8.256303367944204e-05,8.311542995462898e-05,7.945992047587197e-05
2030-06-06 01:00:00,9.02654929289509e-05,8.030042791298155e-05,8.179600033329645e-05,7.846566381450865e-05
2030-06-06 02:00:00,8.975809792590243e-05,7.86536634397679e-05,8.055058867740961e-05,7.85120334757436e-05
2030-06-06 03:00:00,9.118416714973355e-05,7.861085631854215e-05,7.88505669596278e-05,7.711561716021235e-05
2030-06-06 04:00:00,9.124144436001348e-05,8.068146209209626e-05,7.941257704936443e-05,7.748019230004798e-05
2030-06-06 05:00:00,9.385755027989994e-05,8.415666591056952e-05,8.175475105824803e-05,8.114276007301527e-05
2030-06-06 06:00:00,9.506822594857531e-05,8.783336485216619e-05,8.585536324125231e-05,8.608442418474222e-05
2030-06-06 07:00:00,9.621399366603951e-05,8.954513925942133e-05,8.874663722237851e-05,8.914124254462541e-05
2030-06-06 08:00:00,9.776125896684677e-05,9.139027076787469e-05,9.173110454946107e-05,9.201125199442043e-05
2030-06-06 09:00:00,9.815598796137632e-05,9.184680833805132e-05,9.433184681391253e-05,9.48178917656189e-05
2030-06-06 10:00:00,9.723157292368295e-05,9.133466081118484e-05,9.617662373963933e-05,9.62472719547462e-05
2030-06-06 11:00:00,9.932271912537586e-05,9.178808542090522e-05,9.659287279936799e-05,9.65917147269578e-05
2030-06-06 12:00:00,9.915101881553667e-05,9.158794043036335e-05,9.663504164236187e-05,9.66041215453433e-05
2030-06-06 13:00:00,9.772088658776008e-05,9.168265459694741e-05,9.635818698767396e-05,9.534404203242738e-05
2030-06-06 14:00:00,9.8118253192488e-05,9.154569085317299e-05,9.59787814115559e-05,9.501993842271858e-05
2030-06-06 15:00:00,9.860187599044304e-05,8.961304689592295e-05,9.453872023524001e-05,9.404929887486188e-05
2030-06-06 16:00:00,9.89023861404361e-05,8.827938007167242e-05,9.386697806517162e-05,9.248696397989566e-05
2030-06-06 17:00:00,9.919613891550562e-05,8.596095178338694e-05,9.246241178573291e-05,9.051684113822073e-05
2030-06-06 18:00:00,9.800599138148189e-05,8.482450846767033e-05,9.102235125615742e-05,8.868691617875034e-05
2030-06-06 19:00:00,9.703176505426419e-05,8.389310929928672e-05,9.043079003118689e-05,8.733836864431466e-05
2030-06-06 20:00:00,9.579308689430078e-05,8.348518927867599e-05,8.923194065466964e-05,8.635571912100012e-05
2030-06-06 21:00:00,9.38404347133333e-05,8.304720131197759e-05,8.830938036386893e-05,8.671336079183245e-05
2030-06-06 22:00:00,9.302346077955682e-05,8.214758824568264e-05,8.681242783357821e-05,8.508963544087758e-05
2030-06-06 23:00:00,9.051458363491493e-05,8.132665169068011e-05,8.551127511778797e-05,8.371693106274869e-05
2030-06-07 00:00:00,9.242404404218098e-05,7.973047406461471e-05,8.45808877891914e-05,8.157772021607804e-05
2030-06-07 01:00:00,9.115352761886493e-05,7.874692712865048e-05,8.414579153860684e-05,8.060177374431077e-05
2030-06-07 02:00:00,9.083438479634154e-05,7.770530254991728e-05,8.375856763250433e-05,8.138035721606127e-05
2030-06-07 03:00:00,9.183372984214553e-05,7.777009433553204e-05,8.283273775338784e-05,8.057362338664112e-05
2030-06-07 04:00:00,9.383025647759399e-05,8.069065829883649e-05,8.545349732941895e-05,8.464692812709643e-05
2030-06-07 05:00:00,9.965117291747447e-05,9.075552499858113e-05,9.475748383656051e-05,9.630412775951737e-05
2030-06-07 06:00:00,0.00010072718020351921,0.00010030684063020952,0.00010391406351052545,0.00010867104975056579
2030-06-07 07:00:00,0.00010213891730930985,0.00010497980773244132,0.00010848944417749732,0.00011420651376062445
2030-06-07 08:00:00,0.00010461987918091155,0.00010653302452234724,0.00011078977735232689,0.00011564484064370531
2030-06-07 09:00:00,0.00010579026586302528,0.00010706539687471922,0.00011314869365109245,0.00011874513675007816
2030-06-07 10:00:00,0.00010553145588695886,0.00010734911653573169,0.00011355188218080396,0.0001186692932709971
2030-06-07 11:00:00,0.00010614275802632914,0.00010670221834066114,0.00011350170369085232,0.0001177705684562587
2030-06-07 12:00:00,0.0001061957902587529,0.00010670270600508321,0.0001130592010073797,0.00011836497899422097
2030-06-07 13:00:00,0.00010370043471653247,0.00010662382915669374,0.00011235854454655135,0.00011745372708179096
2030-06-07 14:00:00,0.00010361632289713932,0.00010470100194809873,0.00011100052511680596,0.0001151337591438968
2030-06-07 15:00:00,0.00010277002105397964,9.910798448613687e-05,0.00010825777544548453,0.00010953188184088375
2030-06-07 16:00:00,0.00010287161192504496,9.634678104190807e-05,0.00010621443225637499,0.00010506124713073852
2030-06-07 17:00:00,0.00010120582940763572,9.347908904599527e-05,0.00010251001835215139,0.00010112789647316416
2030-06-07 18:00:00,9.959665522792328e-05,9.201779514178207e-05,0.00010028086167194496,9.985670449627138e-05
2030-06-07 19:00:00,9.773644395663685e-05,9.03820148181322e-05,9.817685685298118e-05,9.737985996123363e-05
2030-06-07 20:00:00,9.757243619742206e-05,8.857504668588012e-05,9.578508717304078e-05,9.548026543366048e-05
2030-06-07 21:00:00,9.506285216341769e-05,8.759513491403864e-05,9.429862627695176e-05,9.447163406080427e-05
2030-06-07 22:00:00,9.4811446691124e-05,8.562787931267166e-05,9.192050305049629e-05,9.075593056397154e-05
2030-06-07 23:00:00,9.266947338194015e-05,8.295834969951129e-05,8.870180484318537e-05,8.809213551207686e-05
2030-06-08 00:00:00,9.195694368778438e-05,8.24496981005103e-05,8.758683674551047e-05,8.736162948172188e-05
2030-06-08 01:00:00,9.046186740398604e-05,8.215320945868775e-05,8.717927412234875e-05,8.668152059239023e-05
2030-06-08 02:00:00,9.13300064601175e-05,8.207791622844666e-05,8.703612210303103e-05,8.731496629598168e-05
2030-06-08 03:00:00,9.263584542863903e-05,8.382764761471336e-05,8.658219821908906e-05,8.760253692482187e-05
2030-06-08 04:00:00,9.46603735659203e-05,8.769265526667801e-05,9.120164820064261e-05,9.293439925757469e-05
2030-06-08 05:00:00,0.00010241894033824841,0.00010220031045532623,0.00010449360714035434,0.00010973545559904621
2030-06-08 06:00:00,0.00010700148540052856,0.00011451745459951049,0.00011814885494021288,0.00012735141693887716
2030-06-08 07:00:00,0.00010827580218738125,0.00011832417225238469,0.00012320534399871936,0.00013412869980611585
2030-06-08 08:00:00,0.00011030647350700193,0.00011929451505597564,0.00012439750424477419,0.00013473533086535766
2030-06-08 09:00:00,0.0001116774232869994,0.00011955578079523359,0.00012582432140630673,0.00013746652591766035
2030-06-08 10:00:00,0.0001103639323398199,0.00011917886641351965,0.00012611315912964774,0.00013794209670068294
2030-06-08 11:00:00,0.00011211371903053447,0.00011961773155972053,0.00012494989725500208,0.00013633447524460756
2030-06-08 12:00:00,0.00011221604594892996,0.00011880828350634974,0.00012451010785232574,0.0001373355449082386
2030-06-08 13:00:00,0.00011058058210510274,0.00011902432608620222,0.00012324706432285314,0.00013544789779982458
2030-06-08 14:00:00,0.00010990980220358844,0.00011757214603875743,0.0001221835026304475,0.0001325042036846666
2030-06-08 15:00:00,0.00010799340200823094,0.00011040003292458979,0.00011771884349367814,0.00012310208252629874
2030-06-08 16:00:00,0.00010671862791102313,0.00010494777767120826,0.00011428254982923587,0.00011714891880158658
2030-06-08 17:00:00,0.0001053264975251998,0.00010114927261133208,0.00010977623255371401,0.00011186185883734444
2030-06-08 18:00:00,0.0001044664709579666,9.883811609061622e-05,0.00010637278775134644,0.00010953712215848815
2030-06-08 19:00:00,0.0001025389352353166,9.650437074919317e-05,0.00010374529743486919,0.0001058659484056694
2030-06-08 20:00:00,0.0001012234530938612,9.40512340579925e-05,0.00010136192370864398,0.00010287053956540071
2030-06-08 21:00:00,9.94420445720185e-05,9.150823609799113e-05,9.887475548539888e-05,0.0001003462600924907
2030-06-08 22:00:00,9.812189777746336e-05,8.97246974063057e-05,9.54539846701527e-05,9.548370127467339e-05
2030-06-08 23:00:00,9.568707157147003e-05,8.707630584521667e-05,9.244955085465418e-05,9.12547170791646e-05
2030-06-09 00:00:00,9.464491567222325e-05,8.588805537980304e-05,9.293868788749514e-05,9.075074552527577e-05
2030-06-09 01:00:00,9.443979175697797e-05,8.445831637437324e-05,9.171011822032113e-05,9.007733237802597e-05
2030-06-09 02:00:00,9.486179243684543e-05,8.322740056940696e-05,9.040810722375335e-05,9.062973051375293e-05
2030-06-09 03:00:00,9.550426976793526e-05,8.515435712834092e-05,9.055984947394375e-05,9.038476229756526e-05
2030-06-09 04:00:00,9.829611455230637e-05,9.036332529982056e-05,9.522611108097462e-05,9.575460435338365e-05
2030-06-09 05:00:00,0.00010628845417308462,0.00010590908499534726,0.00010833960847651106,0.00011275452124253008
2030-06-09 06:00:00,0.00010929847218503358,0.00011930098436600165,0.00012135636423742777,0.00012967089773227293
2030-06-09 07:00:00,0.00011037275858348502,0.00012333771955412868,0.00012587969098055648,0.00013581709557257898
2030-06-09 08:00:00,0.0001121481590655246,0.00012221823170681316,0.00012683969656243128,0.00013592080597361918
2030-06-09 09:00:00,0.00011286391747021901,0.00012163115109176356,0.0001279368551058841,0.00013938594408802342
2030-06-09 10:00:00,0.00011130360497264579,0.00012127493639319655,0.00012785042323052375,0.0001390836156689824
2030-06-09 11:00:00,0.00011238497483093978,0.00012001087097450844,0.00012722100089394514,0.00013580978130659584
2030-06-09 12:00:00,0.00011152364442551322,0.00011870788525688387,0.0001258505557309591,0.00013570681725707368
2030-06-09 13:00:00,0.00010942875737674186,0.00011572654306503268,0.00012392895593207277,0.00013269415807455742
2030-06-09 14:00:00,0.0001086751839036138,0.000112141111343613,0.0001216380466304546,0.00012814455491724213
2030-06-09 15:00:00,0.00010679260174611674,0.00010595359649241051,0.00011698132589352988,0.00011987152650669369
2030-06-09 16:00:00,0.00010587878161404949,0.0001018409132068126,0.00011278044858742311,0.00011451868742851762
2030-06-09 17:00:00,0.00010338684331049856,9.804072525611346e-05,0.00010816778810183497,0.00010912441054893
2030-06-09 18:00:00,0.0001026212571502227,9.617641203440307e-05,0.0001049738065618732,0.00010663484561546988
2030-06-09 19:00:00,0.00010182091269755462,9.537362130675206e-05,0.00010280336434615754,0.00010318201663566498
2030-06-09 20:00:00,0.00010018535763867177,9.357119521902152e-05,9.935563118808871e-05,9.985945023889404e-05
2030-06-09 21:00:00,9.788256332887666e-05,9.065879726677316e-05,9.719442202582912e-05,9.726637909310172e-05
2030-06-09 22:00:00,9.661442363680427e-05,8.923489337046515e-05,9.406949870626763e-05,9.207514567772515e-05
2030-06-09 23:00:00,9.410513989429593e-05,8.614042765102596e-05,9.129164827059484e-05,8.805919728745276e-05
2030-06-10 00:00:00,9.203960654899224e-05,8.584115981205022e-05,9.232092854601274e-05,8.815172406729552e-05
2030-06-10 01:00:00,9.185055742829039e-05,8.393731281065339e-05,9.11495073797409e-05,8.740886973668353e-05
2030-06-10 02:00:00,9.118160208034503e-05,8.326947205005401e-05,8.996741815507356e-05,8.772669206209232e-05
2030-06-10 03:00:00,9.230329406768336e-05,8.330281774720739e-05,8.952797708704365e-05,8.712297053396699e-05
2030-06-10 04:00:00,9.466902343464295e-05,8.666189735679166e-05,9.203354427936032e-05,9.027236774929542e-05
2030-06-10 05:00:00,0.00010079630333658082,9.650222019423836e-05,0.0001002492837990448,0.00010162212757103086
2030-06-10 06:00:00,0.00010347426683366377,0.0001050623134789555,0.00010862318894583392,0.00011349637787060624
2030-06-10 07:00:00,0.00010511743568297818,0.00010897029398188846,0.00011279237705322564,0.00011752327166132186
2030-06-10 08:00:00,0.00010693139682538665,0.00010947316964230919,0.00011465920016565177,0.00011913731209344649
2030-06-10 09:00:00,0.00010789381230568618,0.00010933564787680495,0.00011661566888934549,0.00012115064828874176
2030-06-10 10:00:00,0.00010666757932950037,0.00010974088460433094,0.00011668761819206807,0.00012167341700878452
2030-06-10 11:00:00,0.00010811564940086287,0.00010906883932619281,0.00011705061707241568,0.00011943905336000194
2030-06-10 12:00:00,0.00010612682494355535,0.00010868486712523576,0.00011578866357522568,0.00011917980209407285
2030-06-10 13:00:00,0.00010482226898404175,0.00010730127270829632,0.00011506505087088203,0.00011799769373870932
2030-06-10 14:00:00,0.00010455649179636998,0.00010552580739129564,0.00011339453367649075,0.0001150033967361805
2030-06-10 15:00:00,0.00010386157159250702,0.00010213897327962392,0.00011014661806385659,0.00010912386608197968
2030-06-10 16:00:00,0.00010246487905061278,9.999948106216793e-05,0.00010775708979620027,0.00010655714164145688
2030-06-10 17:00:00,0.00010209860825830547,9.772487224644411e-05,0.00010541167717447227,0.00010347625133030728
2030-06-10 18:00:00,0.0001009691466383378,9.522751351708969e-05,0.00010336074870903151,0.00010162123913656422
2030-06-10 19:00:00,9.931078701422341e-05,9.301245151678579e-05,0.00010156991591550135,9.820007211768159e-05
2030-06-10 20:00:00,9.830350814720747e-05,9.185569135054046e-05,9.879754459306861e-05,9.538333704437721e-05
2030-06-10 21:00:00,9.573507021533832e-05,8.903721993391301e-05,9.722163315759425e-05,9.430193315524652e-05
2030-06-10 22:00:00,9.407380582607993e-05,8.74300659576958e-05,9.497813056046504e-05,9.065648299415806e-05
2030-06-10 23:00:00,9.38642303303846e-05,8.469998261463881e-05,9.390230318222135e-05,8.854036057594499e-05
2030-06-11 00:00:00,9.73090881368858e-05,8.970438787905503e-05,9.533975750376181e-05,8.779478903289758e-05
2030-06-11 01:00:00,9.513315424346126e-05,8.896593442375776e-05,9.406601260380388e-05,8.659885005710901e-05
2030-06-11 02:00:00,9.471660938661146e-05,8.739708586248909e-05,9.256358970847335e-05,8.652477991482355e-05
2030-06-11 03:00:00,9.529294002380761e-05,8.893314614520909e-05,9.184618285571875e-05,8.570888565357122e-05
2030-06-11 04:00:00,9.780243789760043e-05,9.063053663603153e-05,9.37899330385019e-05,8.864342592353303e-05
2030-06-11 05:00:00,0.00010272734121366039,9.897557968355992e-05,0.00010035221005477023,9.8314394568579e-05
2030-06-11 06:00:00,0.00010621202185100952,0.00010848009785612768,0.0001100802211576918,0.00011117000380528651
2030-06-11 07:00:00,0.00010806178000292218,0.00011424275835975011,0.0001160433559189541,0.00011936605414575625
2030-06-11 08:00:00,0.00011069325531713964,0.00011713656975929001,0.0001188346309244038,0.00012170472085198647
2030-06-11 09:00:00,0.0001111942636268251,0.00011798538057505507,0.00012109176978935487,0.00012403432929700484
2030-06-11 10:00:00,0.00011017445511819613,0.00011767571064075062,0.00012191534855512636,0.00012511318708035882
2030-06-11 11:00:00,0.00010987988892721844,0.00011738050709913215,0.00012187513154009636,0.0001242153030756038
2030-06-11 12:00:00,0.0001109986728326091,0.00011546201980258005,0.00012101272536717473,0.00012355899469519536
2030-06-11 13:00:00,0.00011020026589521388,0.00011507561877209004,0.00012037254631066742,0.00012154745168834701
2030-06-11 14:00:00,0.00011139002393905377,0.00011474154582702036,0.00011845207499901608,0.00011894965732648151
2030-06-11 15:00:00,0.0001104403631925648,0.00011272582649390034,0.00011631279768822421,0.0001146279681702889
2030-06-11 16:00:00,0.00010884318755086187,0.00010914120686737359,0.00011432919831633785,0.00011060486978699902
2030-06-11 17:00:00,0.00010713086150000096,0.00010363194968662478,0.000110416631544388,0.00010668116402644126
2030-06-11 18:00:00,0.00010477735351211131,0.00010148710297859397,0.00010736061285961259,0.00010356118541818449
2030-06-11 19:00:00,0.00010391899686874599,9.914213444291763e-05,0.00010493292715270733,0.00010087016597124922
2030-06-11 20:00:00,0.00010293843980044104,9.717537090277342e-05,0.00010245117685774919,9.812753142867813e-05
2030-06-11 21:00:00,0.00010064259313451365,9.417273972292708e-05,0.00010013397311584695,9.588086708839575e-05
2030-06-11 22:00:00,9.881780463228398e-05,9.228371186140481e-05,9.7932330239479e-05,9.235883750895128e-05
2030-06-11 23:00:00,9.706950785388037e-05,9.064828009766394e-05,9.520154965786275e-05,8.913964442169855e-05
2030-06-12 00:00:00,9.748640729603904e-05,8.714159327046864e-05,9.2441976266083e-05,8.708617243961868e-05
2030-06-12 01:00:00,9.604470931800648e-05,8.524435873330412e-05,9.10371258281201e-05,8.619225538309461e-05
2030-06-12 02:00:00,9.473566614862485e-05,8.463587670327063e-05,8.999631541762039e-05,8.579527692469167e-05
2030-06-12 03:00:00,9.551063488102676e-05,8.457910854862827e-05,8.925180717058017e-05,8.51525964163964e-05
2030-06-12 04:00:00,9.760654829899505e-05,8.617571346799339e-05,9.098269376719134e-05,8.741631677731387e-05
2030-06-12 05:00:00,0.00010205248977798991,9.354853987804973e-05,9.733747241584782e-05,9.722788767004986e-05
2030-06-12 06:00:00,0.00010642983126982645,0.0001036680054494186,0.00010686219087853216,0.00010975558992517584
2030-06-12 07:00:00,0.00010816169938894838,0.00011136635336549431,0.00011298073166305716,0.00011740935601794096
2030-06-12 08:00:00,0.00011034000682933354,0.00011393610538366953,0.00011598413809664192,0.00012018795145332431
2030-06-12 09:00:00,0.00011221185224007005,0.00011424043528585555,0.00011802576853325502,0.00012327695781379948
2030-06-12 10:00:00,0.00011150578435156571,0.00011437269168140403,0.00011867560923758372,0.00012357583969383102
2030-06-12 11:00:00,0.00011115031710108811,0.00011311166623659166,0.00011894991546742152,0.00012236299990010113
2030-06-12 12:00:00,0.00011122906201648308,0.00011288412498150315,0.00011834963048108565,0.00012008620046231647
2030-06-12 13:00:00,0.00011025353276180452,0.00011078073099267831,0.00011701653474399838,0.00011763570013318376
2030-06-12 14:00:00,0.00010958876715637718,0.00010874021870981064,0.0001153681039954081,0.00011490965225931761
2030-06-12 15:00:00,0.00010738466042150702,0.00010397532523235005,0.00011239624674164847,0.00011024166586882684
2030-06-12 16:00:00,0.00010638178043629893,9.939262300848773e-05,0.00010978206526049322,0.0001066831316335652
2030-06-12 17:00:00,0.00010492283108075217,9.709217518722838e-05,0.000106382499788648,0.0001037310018629526
2030-06-12 18:00:00,0.00010306347116869423,9.238827097019077e-05,0.00010303654209513795,0.00010075346085996109
2030-06-12 19:00:00,0.0001018330675149783,9.096843633414041e-05,0.00010031442736392867,9.704965757598425e-05
2030-06-12 20:00:00,0.00010107408033844098,8.86450970031325e-05,9.776863668095944e-05,9.463432095684227e-05
2030-06-12 21:00:00,9.857322820938443e-05,8.68503367241016e-05,9.555132885068164e-05,9.289719414624211e-05
2030-06-12 22:00:00,9.72560438159054e-05,8.577914334225016e-05,9.363299245814435e-05,8.926335138101744e-05
2030-06-12 23:00:00,9.558346492782966e-05,8.548693843472076e-05,9.193093279308437e-05,8.666676109128224e-05
2030-06-13 00:00:00,9.158749967033931e-05,7.951133851783718e-05,8.937049546160282e-05,8.516296574357759e-05
2030-06-13 01:00:00,9.073426728774802e-05,7.872093957214649e-05,8.837862875654507e-05,8.499209602214788e-05
2030-06-13 02:00:00,9.111829707960731e-05,7.942118120437884e-05,8.675619598399267e-05,8.454698504955301e-05
2030-06-13 03:00:00,9.238344654722652e-05,8.094534847251907e-05,8.559502125535755e-05,8.441671775807301e-05
2030-06-13 04:00:00,9.416075123997297e-05,8.365373266255626e-05,8.840039074050277e-05,8.733435859030173e-05
2030-06-13 05:00:00,0.00010005157834144533,9.476225785471276e-05,9.716633069337009e-05,9.932339143149587e-05
2030-06-13 06:00:00,0.00010212686001589681,0.00010271644769760974,0.0001060258309028576,0.00011039556010385559
2030-06-13 07:00:00,0.0001033662262423702,0.00010676031662565305,0.00011077109554776237,0.00011612990139837128
2030-06-13 08:00:00,0.00010465595465841733,0.00010822912616956612,0.00011224546275652775,0.00011722052808231021
2030-06-13 09:00:00,0.00010526220559641593,0.00010839109008207984,0.00011442561892701044,0.00011992781209191812
2030-06-13 10:00:00,0.00010537321139477947,0.00010959321129865775,0.00011477036904570021,0.00012073149747676251
2030-06-13 11:00:00,0.00010637166573361655,0.00010843188223359664,0.00011507986879798519,0.00012055608518698425
2030-06-13 12:00:00,0.00010676849976739794,0.00010822937250994688,0.00011499736129733345,0.00012046724250950199
2030-06-13 13:00:00,0.00010514535042841404,0.00010675733733019291,0.00011469615068554701,0.0001189778420054776
2030-06-13 14:00:00,0.00010583046666301708,0.000104789959656414,0.00011353379875678146,0.00011811016306111887
2030-06-13 15:00:00,0.00010416844718392037,0.00010004816683966253,0.00011007883335830153,0.00011151379634225158
2030-06-13 16:00:00,0.00010310806616247298,9.68546790404295e-05,0.00010751830855930497,0.00010810326834176968
2030-06-13 17:00:00,0.00010199902060185616,9.331614624496204e-05,0.00010390430023081035,0.00010423262959374929
2030-06-13 18:00:00,9.99655569566709e-05,9.043861244519282e-05,0.00010166998154536198,0.00010163956439590137
2030-06-13 19:00:00,9.841805541290086e-05,8.852156030871989e-05,0.00010008586270961127,9.9888166019792e-05
2030-06-13 20:00:00,9.686124560399013e-05,8.73972400501281e-05,9.727034668229379e-05,9.605530425385833e-05
2030-06-13 21:00:00,9.503120565500144e-05,8.615425284473108e-05,9.534287178067184e-05,9.494446302037141e-05
2030-06-13 22:00:00,9.310075278516797e-05,8.4523472956101e-05,9.255813101900541e-05,9.214940271490731e-05
2030-06-13 23:00:00,9.14114065144692e-05,8.233774195290914e-05,9.054875229712558e-05,8.914498526500053e-05
2030-06-14 00:00:00,9.081589763457299e-05,8.029289146671356e-05,8.877322739791132e-05,8.72628486036989e-05
2030-06-14 01:00:00,9.084859932028644e-05,7.908196643985578e-05,8.796851302164689e-05,8.623432812490836e-05
2030-06-14 02:00:00,9.107462350637437e-05,7.691566329187413e-05,8.64820057919805e-05,8.598812131785865e-05
2030-06-14 03:00:00,9.140108455607144e-05,7.864872579135965e-05,8.592864430640418e-05,8.605420625159486e-05
2030-06-14 04:00:00,9.330036019070412e-05,8.367938486353001e-05,8.925993359376167e-05,9.039028999800728e-05
2030-06-14 05:00:00,9.950328392123449e-05,9.55436427932488e-05,0.00010075465197280404,0.00010454232485260504
2030-06-14 06:00:00,0.0001023584334880158,0.00010674069893407366,0.00011151786382774634,0.00011924088307285126
2030-06-14 07:00:00,0.00010357879147608675,0.00011066768815191439,0.00011557480106366515,0.00012470493227084215
2030-06-14 08:00:00,0.00010484578812060813,0.00011100280806778653,0.00011720062821388398,0.00012601174783302485
2030-06-14 09:00:00,0.00010676258776395004,0.00011141232465889194,0.00011956688679424607,0.0001295989180099799
2030-06-14 10:00:00,0.00010671560409397651,0.00011168642920766031,0.00011970544896544072,0.00012876824814910827
2030-06-14 11:00:00,0.00010746671671531832,0.00011201530399081613,0.00012031466742316147,0.00012703264346572196
2030-06-14 12:00:00,0.00010740600062417132,0.00011127218093034663,0.00011950503365902908,0.00012691603610902322
2030-06-14 13:00:00,0.00010570462362745286,0.0001094040211799454,0.00011825283747365926,0.00012480176454931924
2030-06-14 14:00:00,0.00010422642273945222,0.00010718901445592363,0.00011689306269597082,0.0001226309526174081
2030-06-14 15:00:00,0.00010300875761893731,0.00010189917764925377,0.000113140580525303,0.00011562361237905014
2030-06-14 16:00:00,0.0001021336076044184,9.791356741523183e-05,0.00010984985486642985,0.000111369505322915
2030-06-14 17:00:00,0.00010118079997603999,9.559877103209277e-05,0.0001061525776152406,0.00010680215723009396
2030-06-14 18:00:00,9.984412817113792e-05,9.280874833246698e-05,0.00010359638439241085,0.00010459620852966073
2030-06-14 19:00:00,9.806002202476226e-05,9.013966745249525e-05,0.00010119154673690994,0.0001011029148884219
2030-06-14 20:00:00,9.793516520134667e-05,8.861281114929129e-05,9.787335896580401e-05,9.721111150271058e-05
2030-06-14 21:00:00,9.60705341482192e-05,8.639799987608417e-05,9.602331769173435e-05,9.572811311585914e-05
2030-06-14 22:00:00,9.499499646456049e-05,8.50028114266043e-05,9.424082583955124e-05,9.241134612376196e-05
2030-06-14 23:00:00,9.175565731814428e-05,8.354591891718337e-05,9.146441316118329e-05,8.833081436839168e-05
2030-06-15 00:00:00,8.990715250641668e-05,8.18423275995321e-05,9.011952895307738e-05,8.728290903718175e-05
2030-06-15 01:00:00,8.942793842586452e-05,8.188316605062365e-05,8.899427957249383e-05,8.622015518588253e-05
2030-06-15 02:00:00,8.973361032147209e-05,7.98596328720866e-05,8.77432814934055e-05,8.583011161913614e-05
2030-06-15 03:00:00,9.136281781354847e-05,8.044904063712675e-05,8.736717345840558e-05,8.510744282539278e-05
2030-06-15 04:00:00,9.334507778441906e-05,8.380830618057648e-05,9.092279048800658e-05,8.939106636068988e-05
2030-06-15 05:00:00,9.95545371868516e-05,9.6723486026886e-05,0.000101842664998351,0.00010382129556793103
2030-06-15 06:00:00,0.00010414819417855069,0.0001063545647406012,0.00011298158184941054,0.00011873048163907153
2030-06-15 07:00:00,0.00010498337082341936,0.0001101523560142513,0.0001179766994601575,0.00012423187310158803
2030-06-15 08:00:00,0.00010358452369200403,0.00011099651312092661,0.00011955233725733134,0.00012608200808150876
2030-06-15 09:00:00,0.00010438595696095206,0.0001117639356480942,0.00012122607619225419,0.00012934354695016498
2030-06-15 10:00:00,0.00010375032169942853,0.00011122359721293814,0.00012171294707883992,0.0001293958039318321
2030-06-15 11:00:00,0.00010463643548382998,0.00011070520245157057,0.00012131551551357806,0.0001280755195985949
2030-06-15 12:00:00,0.00010541127369350893,0.00011100252769798068,0.00012185793032239746,0.0001295224401782363
2030-06-15 13:00:00,0.00010507022609541094,0.00011116786572434552,0.00012120696523817382,0.00012827633486046805
2030-06-15 14:00:00,0.00010482862182489177,0.00010936670405495368,0.0001191420892876413,0.0001257705377753252
2030-06-15 15:00:00,0.00010293133002806356,0.00010561050582370093,0.00011514590394281063,0.00011796299891612132
2030-06-15 16:00:00,0.00010168640886177426,0.00010066839299346185,0.00011249327235908119,0.00011371019096509105
2030-06-15 17:00:00,0.00010047718353246434,9.64788167154661e-05,0.00010789162200152032,0.00010839322235967436
2030-06-15 18:00:00,9.988289698560403e-05,9.466021674608699e-05,0.0001053058336426734,0.00010600756200221864
2030-06-15 19:00:00,9.766600488959337e-05,9.376626392325338e-05,0.00010262928202686518,0.00010305647969070985
2030-06-15 20:00:00,9.617500564087116e-05,9.195145357971327e-05,9.980661229226499e-05,9.986527902718801e-05
2030-06-15 21:00:00,9.448134668984081e-05,8.930404220840246e-05,9.73111447548674e-05,9.825357305090403e-05
2030-06-15 22:00:00,9.314701523902435e-05,8.807598562586795e-05,9.493423295395252e-05,9.348568283768744e-05
2030-06-15 23:00:00,9.151989639921858e-05,8.567417895642742e-05,9.14785249142745e-05,8.965441230649909e-05
2030-06-16 00:00:00,9.061929045618621e-05,8.413927203562203e-05,8.913077103858654e-05,8.784358670503656e-05
2030-06-16 01:00:00,9.157291116158964e-05,8.294964684510471e-05,8.833046409002729e-05,8.661715382720682e-05
2030-06-16 02:00:00,9.150432710899238e-05,8.027676722878127e-05,8.744442348228632e-05,8.673241521437975e-05
2030-06-16 03:00:00,9.191148907508336e-05,8.201465000121797e-05,8.666684907941023e-05,8.6284798910321e-05
2030-06-16 04:00:00,9.407106332560271e-05,8.578763753455169e-05,9.001385307690884e-05,9.029581045256997e-05
2030-06-16 05:00:00,0.00010042134993182689,9.789465656108106e-05,0.00010087571969931238,0.00010364116069918347
2030-06-16 06:00:00,0.0001042627004263346,0.0001090870214215943,0.00011197587907451855,0.00011849349442718789
2030-06-16 07:00:00,0.00010595469380608432,0.00011208783360257644,0.00011623175220283315,0.00012351253895503776
2030-06-16 08:00:00,0.00010637999265735422,0.00011513423544226318,0.0001185884496559144,0.00012518009016953155
2030-06-16 09:00:00,0.00010705124342598553,0.00011652500267741782,0.00012054360227840067,0.0001278768213750893
2030-06-16 10:00:00,0.00010675173416458323,0.00011622622643741315,0.00012131709194669095,0.0001282222475938629
2030-06-16 11:00:00,0.00010636500347533974,0.00011533497405407036,0.00012111127911431422,0.00012636086610104126
2030-06-16 12:00:00,0.00010582079580273918,0.00011452440752568163,0.00012049230954695736,0.00012789122126977267
2030-06-16 13:00:00,0.00010514908080131062,0.0001121049393741194,0.00011914985002402863,0.00012598443554677195
2030-06-16 14:00:00,0.00010544588817105618,0.00010801760314589601,0.00011766328850910368,0.00012302318652213527
2030-06-16 15:00:00,0.00010437386591185139,0.00010340918578624072,0.0001141385160871429,0.00011668102621946081
2030-06-16 16:00:00,0.00010349156259207829,9.939691597828513e-05,0.00011090061141040002,0.00011228882399265984
2030-06-16 17:00:00,0.00010293286811314641,9.529403839168597e-05,0.00010699514455514237,0.00010784669698666062
2030-06-16 18:00:00,0.00010192813828074999,9.326758172933137e-05,0.0001040204950190495,0.00010475255920514026
2030-06-16 19:00:00,0.00010018184747125669,9.143383553536155e-05,0.00010154069695888207,0.00010119629003750607
2030-06-16 20:00:00,9.860970406154389e-05,8.975460713178329e-05,9.82326286791644e-05,9.80817734705129e-05
2030-06-16 21:00:00,9.612080248553426e-05,8.620766223435806e-05,9.601134032539895e-05,9.65147303287922e-05
2030-06-16 22:00:00,9.555678408169862e-05,8.504136874092629e-05,9.408646504765667e-05,9.278689395105376e-05
2030-06-16 23:00:00,9.458490532578518e-05,8.242591663209049e-05,9.1042660913638e-05,8.966558768040349e-05
2030-06-17 00:00:00,9.286881555123488e-05,8.059036683413814e-05,8.954888429008719e-05,8.760395029042542e-05
2030-06-17 01:00:00,9.296155373234266e-05,7.937014929706159e-05,8.802123653174471e-05,8.678419724207214e-05
2030-06-17 02:00:00,9.287427279162976e-05,7.689269034073992e-05,8.700506017397368e-05,8.662086853664535e-05
2030-06-17 03:00:00,9.383403315799601e-05,7.7415603325501e-05,8.643788513364232e-05,8.570683708968238e-05
2030-06-17 04:00:00,9.59254104753424e-05,8.148776742079002e-05,8.955136801067431e-05,9.1596988314912e-05
2030-06-17 05:00:00,0.00010284280349947585,9.438797093791663e-05,0.00010109504885581763,0.00010564797245407247
2030-06-17 06:00:00,0.0001060029527837637,0.00010592092277803567,0.0001128374435074978,0.00012140271153555744
2030-06-17 07:00:00,0.00010599456720905727,0.00010984751623294706,0.00011791870760548323,0.00012702753757240682
2030-06-17 08:00:00,0.00010787132167937798,0.00011113248235656427,0.00012021695179467113,0.0001288128609889086
2030-06-17 09:00:00,0.00010870741532419432,0.0001123553821415728,0.00012272633440583376,0.0001323586782816748
2030-06-17 10:00:00,0.000107635860279672,0.00011210907972724288,0.00012329689480711123,0.00013281808118199525
2030-06-17 11:00:00,0.0001088629431538602,0.00011211683176600355,0.00012282843961288075,0.0001315462973966544
2030-06-17 12:00:00,0.00010683768196031215,0.00011148359203073707,0.00012233852195995632,0.0001323890549028356
2030-06-17 13:00:00,0.00010497489187639548,0.00010990336199543914,0.00012104921731927484,0.00013075738108743706
2030-06-17 14:00:00,0.00010494009170058779,0.00010741070405637601,0.00011972133113174926,0.00012728094562415546
2030-06-17 15:00:00,0.00010325497954860615,0.00010127820108788463,0.00011504263704646498,0.00012074310748852476
2030-06-17 16:00:00,0.00010291678392143256,9.599673735224265e-05,0.0001118308568383148,0.00011546091215314754
2030-06-17 17:00:00,0.00010266676157178081,9.23612126569658e-05,0.0001075307628422143,0.00011043072428915822
2030-06-17 18:00:00,0.00010210582593568657,8.965962084006755e-05,0.00010441388775371454,0.00010666222670080821
2030-06-17 19:00:00,0.00010090773477904965,8.745756357233393e-05,0.00010136576947805842,0.00010288355672037134
2030-06-17 20:00:00,0.00010080423149640785,8.43408530096821e-05,9.815394989215768e-05,9.892468945759166e-05
2030-06-17 21:00:00,9.780667017774734e-05,8.256290755053745e-05,9.587589398411811e-05,9.728775396205696e-05
2030-06-17 22:00:00,9.79734125691069e-05,8.298236280499893e-05,9.357289117494366e-05,9.201856179955281e-05
2030-06-17 23:00:00,9.558351258134953e-05,8.097966874712552e-05,9.032124443253101e-05,8.838980039644743e-05
2030-06-18 00:00:00,9.474679868701136e-05,7.946282824444471e-05,8.950590628929779e-05,8.596183720009286e-05
2030-06-18 01:00:00,9.380474544812373e-05,7.816478928636486e-05,8.811902710494221e-05,8.542770125704415e-05
2030-06-18 02:00:00,9.273962305075524e-05,7.618706006975991e-05,8.65109556480813e-05,8.485178260348178e-05
2030-06-18 03:00:00,9.258782617034127e-05,7.608328348759982e-05,8.536534174083972e-05,8.445021356086156e-05
2030-06-18 04:00:00,9.380796184414673e-05,7.9519854326625e-05,8.837547675184671e-05,8.756172245535979e-05
2030-06-18 05:00:00,9.946451175854552e-05,9.043746571920969e-05,9.740515785172524e-05,9.946279136663835e-05
2030-06-18 06:00:00,0.00010296189381457695,9.957622130757717e-05,0.00010649335895755428,0.00011193620778207503
2030-06-18 07:00:00,0.00010395123558564136,0.00010277230409212073,0.00011043330870859225,0.00011798643741646015
2030-06-18 08:00:00,0.00010553970004778671,0.00010386402174692022,0.00011342543921006368,0.00012025916130943161
2030-06-18 09:00:00,0.00010819484697055183,0.00010496605665422735,0.00011574000206431663,0.00012339974571874807
2030-06-18 10:00:00,0.00010767949469867102,0.00010520800749725927,0.00011665544071921591,0.0001237844593145029
2030-06-18 11:00:00,0.00011012205636594533,0.00010509096457362692,0.0001163222775423758,0.00012161680721645685
2030-06-18 12:00:00,0.00011035268582322833,0.00010453431369375538,0.00011528831335848221,0.00012083388580260684
2030-06-18 13:00:00,0.00010722743693727524,0.00010329811970441519,0.0001140586231516174,0.00011881143548968937
2030-06-18 14:00:00,0.00010641008230818664,0.00010076536555790221,0.00011162581597301008,0.00011565499493996368
2030-06-18 15:00:00,0.00010464137910930324,9.685286040345107e-05,0.00010822478363029459,0.00011015150318290814
2030-06-18 16:00:00,0.00010464618683062661,9.384272483808673e-05,0.00010533361377230337,0.00010704027682362144
2030-06-18 17:00:00,0.00010322788227408619,9.076669000130833e-05,0.00010135683932483192,0.00010273056558112105
2030-06-18 18:00:00,0.00010138455030287074,8.931669533203145e-05,9.833406781877231e-05,9.952127769328242e-05
2030-06-18 19:00:00,0.00010048865268272242,8.724196836231475e-05,9.590949681084562e-05,9.631395096104736e-05
2030-06-18 20:00:00,9.954959094093622e-05,8.343384074982665e-05,9.238950790484742e-05,9.323486038799022e-05
2030-06-18 21:00:00,9.756102728832826e-05,8.162229943491453e-05,9.028064385710784e-05,9.124617165305593e-05
2030-06-18 22:00:00,9.63219501297415e-05,8.033038557571109e-05,8.810430733377514e-05,8.786923270865093e-05
2030-06-18 23:00:00,9.438117579956874e-05,7.81656310372083e-05,8.563866284681086e-05,8.467994416149564e-05
2030-06-19 00:00:00,9.261409189831074e-05,7.778837866779907e-05,8.385698019023087e-05,8.296714915904585e-05
2030-06-19 01:00:00,9.127372818299336e-05,7.562474611737804e-05,8.307051154265402e-05,8.21945241044509e-05
2030-06-19 02:00:00,9.085166683645387e-05,7.507986275575202e-05,8.180417101439215e-05,8.193987595972095e-05
2030-06-19 03:00:00,9.101418142398528e-05,7.627033768968099e-05,8.125733991152399e-05,8.077385621805468e-05
2030-06-19 04:00:00,9.246250140278662e-05,7.697676083367533e-05,8.336763549064955e-05,8.301275516291772e-05
2030-06-19 05:00:00,9.73625837708653e-05,8.516970371456095e-05,9.059203354337691e-05,9.317156765356857e-05
2030-06-19 06:00:00,9.969898791933914e-05,9.331074759202462e-05,9.85606462268689e-05,0.00010259843428635041
2030-06-19 07:00:00,0.00010057445818570496,9.726799907910614e-05,0.00010233787734694772,0.00010855791830003073
2030-06-19 08:00:00,0.00010350393251684097,9.949178219608086e-05,0.0001056218095625544,0.00011061189357760093
2030-06-19 09:00:00,0.00010464870866188288,0.000100877456166978,0.00010787075382143275,0.00011449821831397478
2030-06-19 10:00:00,0.00010499048877641705,0.00010111457105237959,0.00010891138056570762,0.00011513599084545979
2030-06-19 11:00:00,0.00010487567528526052,0.00010104143948707154,0.00010886791824472213,0.00011479285580483106
2030-06-19 12:00:00,0.00010626469840800166,0.00010060335529576911,0.00010829299229511741,0.00011585816376405505
2030-06-19 13:00:00,0.00010446017084924485,9.996354210190669e-05,0.00010796204123356326,0.0001139020743577937
2030-06-19 14:00:00,0.00010367865995012285,9.825406220004668e-05,0.00010644211293737997,0.00011213818744211035
2030-06-19 15:00:00,0.00010372842788366606,9.45732930989746e-05,0.00010365784380986607,0.00010730005399681225
2030-06-19 16:00:00,0.0001035850937537072,9.130331792704408e-05,0.00010177826678051828,0.00010391050925153767
2030-06-19 17:00:00,0.00010223361740182562,8.784918574787417e-05,9.88022296216997e-05,0.00010077210750631192
2030-06-19 18:00:00,0.00010114787613675161,8.551754191471569e-05,9.66088396772875e-05,9.860408843614563e-05
2030-06-19 19:00:00,0.00010040387930565689,8.438778581355795e-05,9.510339660522685e-05,9.641867924680009e-05
2030-06-19 20:00:00,9.915969566872936e-05,8.214447601953366e-05,9.190773157510373e-05,9.353176275187563e-05
2030-06-19 21:00:00,9.781883487343813e-05,8.00090500967089e-05,8.976656205123272e-05,9.31995188600878e-05
2030-06-19 22:00:00,9.760904947476933e-05,7.87888814439529e-05,8.780330581940696e-05,9.068636664586981e-05
2030-06-19 23:00:00,9.635065576643468e-05,7.73267378486147e-05,8.575586310453472e-05,8.791586595603206e-05
2030-06-20 00:00:00,9.584917536837832e-05,7.56730901803402e-05,8.39240910957655e-05,8.577488647899837e-05
2030-06-20 01:00:00,9.455431437829261e-05,7.382207257313581e-05,8.310690565738803e-05,8.530236782517246e-05
2030-06-20 02:00:00,9.441868638917642e-05,7.23427657284224e-05,8.180252658098887e-05,8.42658646554633e-05
2030-06-20 03:00:00,9.504069388828186e-05,7.268087053790708e-05,8.075675597511502e-05,8.3701149250123e-05
2030-06-20 04:00:00,9.68697049817767e-05,7.480314876806337e-05,8.310741509868173e-05,8.645156186029011e-05
2030-06-20 05:00:00,0.0001029864907891832,8.449502150139505e-05,9.12763368446467e-05,9.689597484951657e-05
2030-06-20 06:00:00,0.00010506513261998613,9.296575017692698e-05,0.00010076942632826014,0.0001090202930584529
2030-06-20 07:00:00,0.00010564998179877221,9.708857720050688e-05,0.00010524484324148419,0.00011401709515740752
2030-06-20 08:00:00,0.0001080149668247643,9.782148380797087e-05,0.00010774009041724499,0.0001155879927691878
2030-06-20 09:00:00,0.00010775547210725263,9.86423686593957e-05,0.00011010107199379581,0.00011856586454347612
2030-06-20 10:00:00,0.00010690632247394496,9.852408143631773e-05,0.00011107980177867264,0.00011970504280688948
2030-06-20 11:00:00,0.00010800392805616693,9.895326868130671e-05,0.00011078226675095967,0.00011859922718538737
2030-06-20 12:00:00,0.00010742304167786983,9.867803799289624e-05,0.00011042043895709043,0.00011911304476506818
2030-06-20 13:00:00,0.00010552835668961855,9.857554030456824e-05,0.00010978370996400625,0.00011708420023349534
2030-06-20 14:00:00,0.00010655520942613435,9.646138491063669e-05,0.00010795329099660432,0.00011571629067154911
2030-06-20 15:00:00,0.00010644757979814953,9.290677512184904e-05,0.00010485590461127242,0.00010931446317187668
2030-06-20 16:00:00,0.00010551539291659358,9.023126250574035e-05,0.00010274485252158037,0.0001063898260798637
2030-06-20 17:00:00,0.00010403462277371167,8.824228408789866e-05,9.969831703980227e-05,0.00010358924325052643
2030-06-20 18:00:00,0.00010327245348079833,8.667551947699628e-05,9.742366163122415e-05,0.00010133356726816931
2030-06-20 19:00:00,0.00010154082144976091,8.452244359946623e-05,9.557334583588318e-05,9.808279223652348e-05
2030-06-20 20:00:00,0.00010031063438695363,8.260800223090759e-05,9.23832262637046e-05,9.499138601316855e-05
2030-06-20 21:00:00,9.875623760716837e-05,8.058024634685305e-05,9.053595694560422e-05,9.367509673653064e-05
2030-06-20 22:00:00,9.722863493837529e-05,8.016897680081112e-05,8.808496235801196e-05,8.953887476355747e-05
2030-06-20 23:00:00,9.442234261305265e-05,7.775944551025502e-05,8.575601884084041e-05,8.611765250561045e-05
2030-06-21 00:00:00,9.398685476872849e-05,7.571443761794237e-05,8.417405465198594e-05,8.372730769645701e-05
2030-06-21 01:00:00,9.398548870693035e-05,7.46192432276747e-05,8.305102760212205e-05,8.25464036852711e-05
2030-06-21 02:00:00,9.399519502568291e-05,7.325421096700514e-05,8.143802067551019e-05,8.257969157432837e-05
2030-06-21 03:00:00,9.500282300868785e-05,7.437710256528204e-05,8.057837329036685e-05,8.17524348082558e-05
2030-06-21 04:00:00,9.5908797730427e-05,7.830289706977873e-05,8.36913831455177e-05,8.512898638566775e-05
2030-06-21 05:00:00,0.00010055039733404204,8.75462238712549e-05,9.208576481404835e-05,9.661054038555134e-05
2030-06-21 06:00:00,0.00010274261062042097,9.695833370424898e-05,0.00010079705202182769,0.000108357969247267
2030-06-21 07:00:00,0.00010319153556391846,0.00010148192392801839,0.00010549444957919851,0.00011348550802126162
2030-06-21 08:00:00,0.00010544728112880225,0.00010232832735278011,0.0001076409741135987,0.00011551102116697255
2030-06-21 09:00:00,0.00010656781362565746,0.00010294894904667902,0.00011011750670917549,0.00011791380856524217
2030-06-21 10:00:00,0.00010512183429908493,0.00010325969771677075,0.00011044040940701001,0.00011782759660850291
2030-06-21 11:00:00,0.00010575322724295866,0.00010359704285663529,0.0001102413533386908,0.00011635630948263293
2030-06-21 12:00:00,0.00010726800914860111,0.00010320965160467016,0.0001102231384777977,0.00011791547448221898
2030-06-21 13:00:00,0.00010553182326666166,0.00010326187206251446,0.00011032359067036514,0.00011698855820625792
2030-06-21 14:00:00,0.00010480691012860765,0.00010170671946018636,0.00010938429902091255,0.0001151665707765028
2030-06-21 15:00:00,0.00010430042369916858,9.821690913056806e-05,0.00010652858133953316,0.0001090892691515443
2030-06-21 16:00:00,0.00010246032443434836,9.473990138654231e-05,0.00010362509521842636,0.00010574022081227276
2030-06-21 17:00:00,0.00010210764073194565,9.170272033938875e-05,0.00010052902657794285,0.00010239940568601738
2030-06-21 18:00:00,0.00010130164261634303,8.956802667961415e-05,9.77833747978139e-05,9.994660826663317e-05
2030-06-21 19:00:00,9.870124962890936e-05,8.771377711295169e-05,9.594483024054633e-05,9.715399302091509e-05
2030-06-21 20:00:00,9.764471653890476e-05,8.567206204091971e-05,9.348079264812265e-05,9.429533966718617e-05
2030-06-21 21:00:00,9.662962477421076e-05,8.413131025669223e-05,9.132681073650107e-05,9.306218463483242e-05
2030-06-21 22:00:00,9.559392539810266e-05,8.336186999547532e-05,8.913574027951277e-05,8.988341708804546e-05
2030-06-21 23:00:00,9.350850674117146e-05,8.171042148967346e-05,8.628310165330824e-05,8.768737906058121e-05
2030-06-22 00:00:00,9.256301329873353e-05,7.992146885819804e-05,8.464699314113112e-05,8.603182285765143e-05
2030-06-22 01:00:00,9.364964775024389e-05,7.929740329557604e-05,8.365986848824803e-05,8.521097833965368e-05
2030-06-22 02:00:00,9.313210292235399e-05,7.69625263000634e-05,8.250079979405848e-05,8.496110131602541e-05
2030-06-22 03:00:00,9.390284639993859e-05,7.726936100514023e-05,8.231479092299734e-05,8.383090563117909e-05
2030-06-22 04:00:00,9.619503950545751e-05,8.15344885678998e-05,8.57329098423415e-05,8.75695012653255e-05
2030-06-22 05:00:00,0.0001030767608657124,9.403901366490884e-05,9.663779397518255e-05,0.00010147417814324688
2030-06-22 06:00:00,0.0001067175625979003,0.00010520596539726318,0.0001072199458268717,0.00011552462544167392
2030-06-22 07:00:00,0.00010736360735755449,0.00010971737468603696,0.00011246692470256252,0.00012158172876545453
2030-06-22 08:00:00,0.00010900348831257305,0.00011062710735427373,0.00011461337455330621,0.00012181792297227042
2030-06-22 09:00:00,0.00011008829815500837,0.00011163204678089761,0.00011645433172353568,0.00012506325217349508
2030-06-22 10:00:00,0.00011054110839938075,0.00011005542517631393,0.00011729990693828092,0.00012589073995730545
2030-06-22 11:00:00,0.00011208707360461094,0.00010920941229607555,0.0001164878004062376,0.00012354657584961976
2030-06-22 12:00:00,0.00011194703014671321,0.00010882218247908922,0.00011672567911030756,0.00012437420586114222
2030-06-22 13:00:00,0.00011059264754728496,0.00010722519677611254,0.0001163393540370733,0.00012261142009961515
2030-06-22 14:00:00,0.0001099299942248227,0.00010483692846529554,0.0001146388863449147,0.00012065927681840195
2030-06-22 15:00:00,0.00010821838250547056,9.912000553203012e-05,0.00011046739962934026,0.00011409025404449092
2030-06-22 16:00:00,0.00010889079731346342,9.62166830641737e-05,0.00010751550494039836,0.00010913182571997476
2030-06-22 17:00:00,0.00010808711207080234,9.20581316728712e-05,0.00010273821112913169,0.000105297179738572
2030-06-22 18:00:00,0.00010654353563268263,8.89808306146301e-05,9.981410780848438e-05,0.0001022497047876143
2030-06-22 19:00:00,0.00010445041374713886,8.774081328745708e-05,9.724147286170244e-05,9.970074854544477e-05
2030-06-22 20:00:00,0.00010273033269662811,8.529719260475272e-05,9.447533177426565e-05,9.643016382314722e-05
2030-06-22 21:00:00,0.00010104950837384527,8.312062714934125e-05,9.213980516159616e-05,9.524178234879991e-05
2030-06-22 22:00:00,0.00010013500410923661,8.109404819701003e-05,9.006137162035144e-05,9.025817954530414e-05
2030-06-22 23:00:00,9.69680953753448e-05,7.894377919671982e-05,8.739191871114552e-05,8.683263424677088e-05
2030-06-23 00:00:00,9.56466707533012e-05,7.693833326567755e-05,8.550210058238472e-05,8.498462930743797e-05
2030-06-23 01:00:00,9.367754903311741e-05,7.544582444818382e-05,8.421764760224778e-05,8.378084757463794e-05
2030-06-23 02:00:00,9.358161422188102e-05,7.443992811226332e-05,8.365501498489552e-05,8.319697823487358e-05
2030-06-23 03:00:00,9.376814182601548e-05,7.428843457839651e-05,8.21994550188701e-05,8.271645638561319e-05
2030-06-23 04:00:00,9.602535797597876e-05,7.70992500570258e-05,8.50422041156351e-05,8.563449401437766e-05
2030-06-23 05:00:00,0.00010167106247596953,8.690879257831986e-05,9.313135400005637e-05,9.680069767366256e-05
2030-06-23 06:00:00,0.00010397546536947838,9.643499719179025e-05,0.00010221825780240452,0.00010863289195426812
2030-06-23 07:00:00,0.0001054654188190889,0.00010080076433801088,0.0001067122561124022,0.00011343266193818175
2030-06-23 08:00:00,0.00010812562198132041,0.00010247662061493494,0.00010880216719627548,0.0001153697407714442
2030-06-23 09:00:00,0.0001088039044256037,0.00010404142040298207,0.00011111695996506227,0.00011802590080704691
2030-06-23 10:00:00,0.00010936209960817483,0.00010381043159926902,0.00011147972298868112,0.00011913219576878647
2030-06-23 11:00:00,0.00010984286532048696,0.00010359238234471232,0.00011142706257219303,0.00011789945705313644
2030-06-23 12:00:00,0.00011001165994609513,0.00010313446978454806,0.00011100891653917239,0.00011771030242222203
2030-06-23 13:00:00,0.00010866484203364392,0.00010284866722415718,0.00010976044878837474,0.00011503010191851622
2030-06-23 14:00:00,0.00010840242456307989,0.00010113863907970267,0.00010837968792026925,0.00011357316365431512
2030-06-23 15:00:00,0.0001076248635390403,9.73097582497009e-05,0.00010527915102318004,0.0001075075960550496
2030-06-23 16:00:00,0.0001063676145500321,9.32379675345663e-05,0.00010246278232620796,0.00010332548417009129
2030-06-23 17:00:00,0.0001055330442262446,8.916169435797063e-05,9.858747913433496e-05,9.969299438939086e-05
2030-06-23 18:00:00,0.00010453462932791006,8.646550783240447e-05,9.641144177844962e-05,9.739746716291097e-05
2030-06-23 19:00:00,0.00010186699050320172,8.707091702499131e-05,9.432676189334127e-05,9.45957452438086e-05
2030-06-23 20:00:00,0.00010185628971414858,8.22521880411526e-05,9.189072933490358e-05,9.126918951067432e-05
2030-06-23 21:00:00,9.955502635216381e-05,7.94225836059584e-05,8.965510513549696e-05,9.026895804323963e-05
2030-06-23 22:00:00,9.91652794973687e-05,7.897217628522683e-05,8.844194626380955e-05,8.751717910402543e-05
2030-06-23 23:00:00,9.597925414665069e-05,7.762134155809793e-05,8.610433592657394e-05,8.51004423831373e-05
2030-06-24 00:00:00,9.553227492619709e-05,7.650617643809679e-05,8.466305052746153e-05,8.278121111798439e-05
2030-06-24 01:00:00,9.38629590362028e-05,7.439349464515308e-05,8.360578422114426e-05,8.255500838553372e-05
2030-06-24 02:00:00,9.255147297922233e-05,7.366300546132138e-05,8.19929168264929e-05,8.218443714103494e-05
2030-06-24 03:00:00,9.31322202852163e-05,7.449748694003731e-05,8.08990832879578e-05,8.096052852757859e-05
2030-06-24 04:00:00,9.587413736441766e-05,7.728569475337987e-05,8.358634407632778e-05,8.466668480450273e-05
2030-06-24 05:00:00,0.00010182252717543354,8.611336290175314e-05,9.256193342024765e-05,9.588216784608144e-05
2030-06-24 06:00:00,0.00010610273528127369,9.533431793309827e-05,0.00010209862405223792,0.00010780874914847058
2030-06-24 07:00:00,0.0001077441419019175,0.00010012675768905472,0.00010587917769119877,0.00011337548537325925
2030-06-24 08:00:00,0.00010992032488227885,0.00010190792630107481,0.0001086833200782808,0.00011558861065891079
2030-06-24 09:00:00,0.00011007321658883042,0.0001027123695813685,0.00011151936739596607,0.00011879022161405228
2030-06-24 10:00:00,0.0001095142538045708,0.00010248284279153663,0.00011179091654652566,0.0001194970366812982
2030-06-24 11:00:00,0.00011027080184235669,0.00010229100792366235,0.00011164930581943492,0.00011811801686015941
2030-06-24 12:00:00,0.00010991973654686511,0.00010090116079130135,0.000111178230986551,0.00011834449992992339
2030-06-24 13:00:00,0.00010868654228330063,0.00010007594248372556,0.00011110147541746702,0.00011663495324832631
2030-06-24 14:00:00,0.00010876274148482256,9.726480694302165e-05,0.00010934336971551347,0.00011426683375447778
2030-06-24 15:00:00,0.00010788620867384713,9.281312491749961e-05,0.00010579478441563902,0.00010817106483243517
2030-06-24 16:00:00,0.00010691922973044216,8.965461454910756e-05,0.00010298996076022656,0.00010374723105107485
2030-06-24 17:00:00,0.0001051308980291621,8.659491669697598e-05,9.796459164046348e-05,9.952799235635338e-05
2030-06-24 18:00:00,0.00010414990677643598,8.512213891541634e-05,9.63855068979157e-05,9.751210076929582e-05
2030-06-24 19:00:00,0.00010257021338612041,8.36952050128122e-05,9.429316361298908e-05,9.43095531571219e-05
2030-06-24 20:00:00,0.00010153406164628486,8.18799489942391e-05,9.116838106430991e-05,9.07740923774589e-05
2030-06-24 21:00:00,0.00010034606076865953,7.917160363192826e-05,8.922953660125358e-05,8.935412466318307e-05
2030-06-24 22:00:00,9.890569344849297e-05,7.77269938696963e-05,8.755418930894978e-05,8.630704554921052e-05
2030-06-24 23:00:00,9.691230221089091e-05,7.643381635680811e-05,8.55050678719105e-05,8.251974058089054e-05
2030-06-25 00:00:00,9.594184758032001e-05,7.513350171238175e-05,8.350912048386791e-05,8.055126395316253e-05
2030-06-25 01:00:00,9.487714114188935e-05,7.26226590000604e-05,8.247547753846234e-05,7.944825748763969e-05
2030-06-25 02:00:00,9.432369616826791e-05,7.076172523227337e-05,8.103700589958712e-05,7.88319830087777e-05
2030-06-25 03:00:00,9.453816121370156e-05,7.100016728804188e-05,7.982015620067409e-05,7.763109489822009e-05
2030-06-25 04:00:00,9.567971530276254e-05,7.292326357292461e-05,8.186729294227952e-05,7.974377221568022e-05
2030-06-25 05:00:00,0.00010011570297319551,7.983644291397089e-05,8.843077039455387e-05,8.849015278552844e-05
2030-06-25 06:00:00,0.00010318170975463705,8.783613245515235e-05,9.58416148884146e-05,9.77458744549113e-05
2030-06-25 07:00:00,0.00010442463823381998,9.231262396546466e-05,9.98528955491833e-05,0.00010332718404826635
2030-06-25 08:00:00,0.00010590404081948757,9.432535237108477e-05,0.00010200217021729145,0.00010608211959233314
2030-06-25 09:00:00,0.0001070264999941708,9.493976168194432e-05,0.00010417932854657468,0.00011006441964177196
2030-06-25 10:00:00,0.0001069111865676239,9.582336664880909e-05,0.0001052904688220884,0.00011044749277904199
2030-06-25 11:00:00,0.0001076716241505956,9.668565714294383e-05,0.00010577964173608745,0.00010970667482775869
2030-06-25 12:00:00,0.00010780954649007132,9.61979225307409e-05,0.00010582058724103638,0.00011030089283239185
2030-06-25 13:00:00,0.00010533220453051876,9.51308803822612e-05,0.0001050670753322366,0.00010972772924056076
2030-06-25 14:00:00,0.00010505203458456099,9.222414336268662e-05,0.00010435702438252419,0.00010832858148165375
2030-06-25 15:00:00,0.0001046644343132379,8.889039832601835e-05,0.00010150758066944914,0.00010344219471730484
2030-06-25 16:00:00,0.00010441491940805362,8.623231968107841e-05,9.912277110703711e-05,0.0001007174670525992
2030-06-25 17:00:00,0.00010309466339984042,8.350813707622365e-05,9.596172558008946e-05,9.735923195143069e-05
2030-06-25 18:00:00,0.00010250809571948463,8.285723165582946e-05,9.424522325531101e-05,9.519568233137666e-05
2030-06-25 19:00:00,0.0001018145779874196,8.160495012543715e-05,9.288971176894119e-05,9.299074416006552e-05
2030-06-25 20:00:00,0.00010112626907431014,7.923509077428117e-05,9.067967832726155e-05,9.005448971125693e-05
2030-06-25 21:00:00,9.909062468392899e-05,7.75534756833786e-05,8.867031509564302e-05,8.979950870557357e-05
2030-06-25 22:00:00,9.783030311722283e-05,7.632776528233089e-05,8.741157738572839e-05,8.697318227148901e-05
2030-06-25 23:00:00,9.627244493618336e-05,7.50320789169162e-05,8.543167884958607e-05,8.438086250924296e-05
2030-06-26 00:00:00,9.540080715236152e-05,7.2732219135863e-05,8.3671614961023e-05,8.239252840579604e-05
2030-06-26 01:00:00,9.676816194473364e-05,7.112578655552806e-05,8.301231455619501e-05,8.123504942086365e-05
2030-06-26 02:00:00,9.608695976126081e-05,7.057200669598708e-05,8.177111949522971e-05,8.131292535961562e-05
2030-06-26 03:00:00,9.662307588906284e-05,7.116403071841174e-05,8.100629029297792e-05,7.976979187310233e-05
2030-06-26 04:00:00,9.806726042391858e-05,7.429981549211622e-05,8.365729240328499e-05,8.253368548736685e-05
2030-06-26 05:00:00,0.0001025040154852703,8.434128911485686e-05,9.160554631829404e-05,9.349658090375567e-05
2030-06-26 06:00:00,0.00010458260831322525,9.429175987518614e-05,0.00010125057208120524,0.00010669186890210386
2030-06-26 07:00:00,0.00010544686691768123,9.796304207779279e-05,0.00010556193829919706,0.0001122775369570598
2030-06-26 08:00:00,0.00010751119611852877,9.98086878762503e-05,0.00010826616738359698,0.00011511718097597965
2030-06-26 09:00:00,0.00010845912642386369,0.00010135155288951722,0.00011151255945830913,0.00011911420013651238
2030-06-26 10:00:00,0.00010888442971855646,0.00010147605395499058,0.00011175404358097066,0.00011961360784306564
2030-06-26 11:00:00,0.00010936973807822807,0.00010094404529422104,0.0001120122652512214,0.00011920284177712395
2030-06-26 12:00:00,0.00010927003511328477,0.00010070481827244458,0.0001120355651756942,0.0001191377354023238
2030-06-26 13:00:00,0.00010715492016746075,9.853529075795073e-05,0.00011077328497763226,0.00011725580807987745
2030-06-26 14:00:00,0.00010593403720250223,9.601721579610497e-05,0.00010959012304859546,0.00011505395289510894
2030-06-26 15:00:00,0.00010493540185488036,9.183876831671628e-05,0.00010628748485172335,0.00011027486900201582
2030-06-26 16:00:00,0.00010451257062621725,8.921085206094596e-05,0.00010314912598570376,0.00010606360738594448
2030-06-26 17:00:00,0.00010335750687134314,8.74652732171073e-05,9.991918104909107e-05,0.00010228565571848659
2030-06-26 18:00:00,0.00010151097752686057,8.608936668062043e-05,9.757087754995005e-05,9.970359561067167e-05
2030-06-26 19:00:00,0.00010061335315888493,8.462101647660559e-05,9.621821522575141e-05,9.593180625184271e-05
2030-06-26 20:00:00,0.00010082460379154394,8.197374659338455e-05,9.299969036970595e-05,9.250345871951436e-05
2030-06-26 21:00:00,9.963469807776778e-05,7.89592439145042e-05,9.107771982117216e-05,9.161036377853969e-05
2030-06-26 22:00:00,9.889332933298676e-05,7.854369582213633e-05,8.926812395753187e-05,8.82394303304594e-05
2030-06-26 23:00:00,9.636276665075447e-05,7.674298051241611e-05,8.651147043569433e-05,8.531329330672709e-05
2030-06-27 00:00:00,9.537523446098016e-05,7.449210357259275e-05,8.4526420641161e-05,8.324498889195834e-05
2030-06-27 01:00:00,9.483263343876138e-05,7.230268697224718e-05,8.334680312084099e-05,8.235729783704544e-05
2030-06-27 02:00:00,9.412968665215672e-05,7.13402131193974e-05,8.230511710872244e-05,8.260850071615438e-05
2030-06-27 03:00:00,9.493229449440207e-05,7.146969063035953e-05,8.134675813872441e-05,8.14868703199482e-05
2030-06-27 04:00:00,9.720060848851458e-05,7.456275192620629e-05,8.40425086686776e-05,8.45646202630849e-05
2030-06-27 05:00:00,0.0001027952884445432,8.54332286626592e-05,9.282870375614398e-05,9.517118410835306e-05
2030-06-27 06:00:00,0.00010649534657341847,9.645483710019885e-05,0.00010224249837453709,0.00010782713393876218
2030-06-27 07:00:00,0.00010801497877582836,0.00010054625956938002,0.00010689227812308327,0.00011379960878955964
2030-06-27 08:00:00,0.000111175427416539,0.0001010978236688928,0.00010913100543615291,0.0001153689268475901
2030-06-27 09:00:00,0.00011128825204740017,0.00010177792680478252,0.00011167794649628374,0.00011903591712947415
2030-06-27 10:00:00,0.00011073017349441064,0.0001018812842534657,0.00011292793902771775,0.00012032492371813206
2030-06-27 11:00:00,0.0001124525297999055,0.00010251730885338073,0.00011268222161563753,0.00011970195668322972
2030-06-27 12:00:00,0.00011316789064148324,0.00010266012049347797,0.00011279704113314512,0.00012034155019840316
2030-06-27 13:00:00,0.00011127755625624575,0.00010142909275047498,0.00011243874574166678,0.00011911965258829685
2030-06-27 14:00:00,0.00010799251141304514,0.00010070895078954865,0.00011131097348533224,0.00011746905034655823
2030-06-27 15:00:00,0.00010660066236529296,9.704706236923892e-05,0.000107568669409655,0.00011131013782595466
2030-06-27 16:00:00,0.00010600566449214563,9.392070472443496e-05,0.00010470302489150889,0.00010852712789605516
2030-06-27 17:00:00,0.00010423028307056995,9.093932817686726e-05,0.000101698801176015,0.0001046146497465714
2030-06-27 18:00:00,0.0001034694678518129,9.071568558612865e-05,9.916484307639483e-05,0.00010247738806393152
2030-06-27 19:00:00,0.00010264620507983303,8.950450452099492e-05,9.755469398343626e-05,9.983817533793451e-05
2030-06-27 20:00:00,0.00010196857537777258,8.74180310663654e-05,9.477880332033353e-05,9.638917765054692e-05
2030-06-27 21:00:00,0.00010036645915567409,8.400825068464149e-05,9.282066866631207e-05,9.594497381160553e-05
2030-06-27 22:00:00,9.94406910208009e-05,8.311175555764328e-05,9.093235310123173e-05,9.242546696325203e-05
2030-06-27 23:00:00,9.676859983068258e-05,8.008818267620803e-05,8.824740847896011e-05,8.9371710132178e-05
2030-06-28 00:00:00,9.549471296942752e-05,7.835881336130902e-05,8.638983076354124e-05,8.750978013237743e-05
2030-06-28 01:00:00,9.445371078232793e-05,7.699569992206733e-05,8.515097866116129e-05,8.649474395285435e-05
2030-06-28 02:00:00,9.467778469531144e-05,7.524460200490407e-05,8.409403143333923e-05,8.628164238565983e-05
2030-06-28 03:00:00,9.625747940981974e-05,7.640943342109168e-05,8.404818724101682e-05,8.552163556748862e-05
2030-06-28 04:00:00,9.885793857464784e-05,7.958027495901426e-05,8.711378513381451e-05,8.945749812614468e-05
2030-06-28 05:00:00,0.0001043729240356065,9.271279886542446e-05,9.718027806257801e-05,0.00010302097398681785
2030-06-28 06:00:00,0.00010701464035760542,0.00010339466134472161,0.00010866796060074642,0.00011761245142299498
2030-06-28 07:00:00,0.00010888724405802438,0.00010778983942145443,0.00011372901314854547,0.00012415241503792326
2030-06-28 08:00:00,0.00010947290261252443,0.00010875072094806793,0.00011594141842007743,0.00012452488584493301
2030-06-28 09:00:00,0.00010813364781477404,0.00010944955170233848,0.00011868955217160162,0.00012841542668367846
2030-06-28 10:00:00,0.00010763703715347627,0.00010935561031211771,0.00011861448341031232,0.00012908166761678794
2030-06-28 11:00:00,0.00010927972550593514,0.00010898483357220986,0.00011898980056166367,0.00012766629977809337
2030-06-28 12:00:00,0.00011075865368536999,0.00010890050061929376,0.00011864709316755187,0.00012832495839986934
2030-06-28 13:00:00,0.00010906399994795877,0.00010832161459641996,0.00011729217469419147,0.0001261277830255885
2030-06-28 14:00:00,0.00010939768598190874,0.00010688056904659471,0.00011551587129611895,0.0001237776420058681
2030-06-28 15:00:00,0.00010970905844091228,0.00010098007865244458,0.00011112754257990328,0.0001171072576085
2030-06-28 16:00:00,0.00010782738468741271,9.703816456345795e-05,0.00010780353747935623,0.00011222436291447393
2030-06-28 17:00:00,0.00010587390069347868,9.399190516217739e-05,0.00010432250666050052,0.00010809434616048907
2030-06-28 18:00:00,0.00010448097089828751,9.207424790097596e-05,0.00010183846940428829,0.00010490774802587592
2030-06-28 19:00:00,0.00010320784937755474,8.94070428866329e-05,9.939860344526069e-05,0.00010194948586085073
2030-06-28 20:00:00,0.00010288620050326821,8.7240300402255e-05,9.636006189861379e-05,9.87813217159453e-05
2030-06-28 21:00:00,0.00010130305898368003,8.592382713260771e-05,9.41177445646039e-05,9.716030928037994e-05
2030-06-28 22:00:00,0.00010048203265866455,8.396199876506023e-05,9.200929169688626e-05,9.31778730525454e-05
2030-06-28 23:00:00,9.845877691329341e-05,8.208169975984542e-05,8.904578242915849e-05,8.979067698362967e-05
2030-06-29 00:00:00,9.760016864416755e-05,7.978165707789456e-05,8.761065728147257e-05,8.752126946903936e-05
2030-06-29 01:00:00,9.65723117372511e-05,7.881219348558812e-05,8.69297015142503e-05,8.558012728501925e-05
2030-06-29 02:00:00,9.571119440429272e-05,7.907549851466665e-05,8.59193260515401e-05,8.56631101323499e-05
2030-06-29 03:00:00,9.618484350421081e-05,8.008939979444378e-05,8.494443572007756e-05,8.393117651281404e-05
2030-06-29 04:00:00,9.83469379247624e-05,8.320776169689686e-05,8.758753495137119e-05,8.918445785920188e-05
2030-06-29 05:00:00,0.00010479827291917459,9.602135999664162e-05,9.794953491298137e-05,0.00010281811410124437
2030-06-29 06:00:00,0.00010773479006646342,0.00010770553842239139,0.00010880253871033438,0.0001175381081269223
2030-06-29 07:00:00,0.00010905827909256603,0.0001121535443098756,0.00011403431818022324,0.0001239754576256905
2030-06-29 08:00:00,0.000111202094850308,0.0001126987620256557,0.00011586260796018905,0.0001259262882297724
2030-06-29 09:00:00,0.00011027104921299664,0.00011337846711070602,0.00011812132698081454,0.00012983374741569052
2030-06-29 10:00:00,0.00010990950237546415,0.00011264726902814825,0.0001192285692258108,0.00013066465875302558
2030-06-29 11:00:00,0.00011103482879156392,0.00011342563720721907,0.00011873073896218377,0.0001286425582728561
2030-06-29 12:00:00,0.00011069021798155872,0.00011328351999257877,0.00011906785951794083,0.0001295735601482988
2030-06-29 13:00:00,0.00010963933334581666,0.00011317384424514192,0.00011867241235825391,0.00012835599861004736
2030-06-29 14:00:00,0.00010828039404461634,0.00011230474879507385,0.00011731397976238822,0.00012666090049058353
2030-06-29 15:00:00,0.00010593900518528535,0.00010663633422000531,0.00011323968191913253,0.0001191491795586864
2030-06-29 16:00:00,0.00010518146769836193,0.0001025966674263392,0.0001102163298261267,0.00011412959231299867
2030-06-29 17:00:00,0.00010362652998718398,9.854051499563953e-05,0.00010600105313633752,0.00010881011527436758
2030-06-29 18:00:00,0.0001018769463300426,9.62310123811695e-05,0.0001029081173264978,0.00010668676102322111
2030-06-29 19:00:00,0.00010032202556753017,9.427811327854764e-05,0.00010056680561076588,0.00010264925696310128
2030-06-29 20:00:00,0.00010074903411773611,9.217912417863194e-05,9.688023720578019e-05,9.90574712531034e-05
2030-06-29 21:00:00,9.959214817125694e-05,8.869921383116038e-05,9.553425456884621e-05,9.731650842566846e-05
2030-06-29 22:00:00,9.873563572218431e-05,8.612194954589281e-05,9.287817375646936e-05,9.329774883188829e-05
2030-06-29 23:00:00,9.576554168768035e-05,8.374145134654943e-05,9.013268314756774e-05,8.969891122450034e-05
2030-06-30 00:00:00,9.439427944036853e-05,8.170775650605521e-05,8.796193945254407e-05,8.677204138032595e-05
2030-06-30 01:00:00,9.358952275485708e-05,7.974847095089336e-05,8.706032124952334e-05,8.568827793608948e-05
2030-06-30 02:00:00,9.397444628899296e-05,7.9899308402762e-05,8.568170649284754e-05,8.55702994938194e-05
2030-06-30 03:00:00,9.504580228400332e-05,8.033857829855983e-05,8.502468907798684e-05,8.547468558019091e-05
2030-06-30 04:00:00,9.577135329638137e-05,8.337284435275074e-05,8.846034699688753e-05,8.891694007671077e-05
2030-06-30 05:00:00,0.00010205853861971195,9.421089052143786e-05,9.887567393325278e-05,0.00010290648080129904
2030-06-30 06:00:00,0.00010344301672297306,0.00010405238797953835,0.00010936998721142715,0.00011645028599300564
2030-06-30 07:00:00,0.0001055371318766592,0.00010850318789062895,0.00011406641527980343,0.00012197169126730951
2030-06-30 08:00:00,0.00010851713384864245,0.00011062916943161059,0.00011614424817685479,0.00012384915899005413
2030-06-30 09:00:00,0.00010987407723544989,0.00011167907274515587,0.00011864660546239448,0.00012695590150990158
2030-06-30 10:00:00,0.00010868657019236535,0.00011190072084431323,0.000119314117458316,0.00012641917825461637
2030-06-30 11:00:00,0.00010975510149436915,0.0001113818460638217,0.00011944191562829508,0.000125810548527011
2030-06-30 12:00:00,0.00010959447791120507,0.00011018802563964592,0.00011898761782736154,0.00012650297795531825
2030-06-30 13:00:00,0.00010885451872864906,0.00010970679358191017,0.00011769926662040383,0.0001247362319069668
2030-06-30 14:00:00,0.00010806662365241174,0.00010738295721836166,0.0001165927894173148,0.00012277566308185019
2030-06-30 15:00:00,0.00010648146115020915,0.00010243332390929956,0.0001119039374329318,0.00011622679383676009
2030-06-30 16:00:00,0.00010602769702758358,9.961661367759124e-05,0.00010940599745686542,0.00011203813736761793
2030-06-30 17:00:00,0.00010581732690019284,9.611077659078086e-05,0.000105189191693827,0.00010770028562568828
2030-06-30 18:00:00,0.00010527384291655767,9.46405386499965e-05,0.00010274538580274932,0.0001041477641889478
2030-06-30 19:00:00,0.00010321923830188748,9.290373811713295e-05,9.954941120389626e-05,0.00010081934952600074
2030-06-30 20:00:00,0.00010291489788634733,9.160189423106533e-05,9.675514688986729e-05,9.719485531816023e-05
2030-06-30 21:00:00,0.00010008362198318335,8.895840824904642e-05,9.458937663855812e-05,9.52319494984598e-05
2030-06-30 22:00:00,9.901883814986115e-05,8.681614113910847e-05,9.200223762605821e-05,9.087582503217249e-05
2030-06-30 23:00:00,9.796525867515676e-05,8.451983097440106e-05,8.940698647677512e-05,8.796836303460584e-05
2030-07-01 00:00:00,0.0001011169361988096,9.023688596432468e-05,9.375620984172267e-05,9.009894526697363e-05
2030-07-01 01:00:00,0.00010115015484095983,8.815160911851803e-05,9.287359522472173e-05,8.83501301232264e-05
2030-07-01 02:00:00,0.00010152075211228133,8.687771777428887e-05,9.225859741878878e-05,8.788436002105271e-05
2030-07-01 03:00:00,0.00010232129749260244,8.768867320523992e-05,9.182118725749014e-05,8.854947247090804e-05
2030-07-01 04:00:00,0.00010431903522785934,9.053188630407705e-05,9.40889468872603e-05,9.237262776560275e-05
2030-07-01 05:00:00,0.00010889002376887593,0.0001009313069641497,0.00010283098857944415,0.00010409984915166319
2030-07-01 06:00:00,0.00011398150209438243,0.00011323098529790003,0.00011517442820458791,0.00011987519554859176
2030-07-01 07:00:00,0.00011748322374982687,0.00012180600753849753,0.0001235831041562355,0.0001312560078838821
2030-07-01 08:00:00,0.00011906886514470711,0.00012488777867237762,0.00012724204823134983,0.0001349780840406592
2030-07-01 09:00:00,0.00012005917656856612,0.00012595354726436422,0.00012880347688405257,0.00013742291821642263
2030-07-01 10:00:00,0.00011959377049152837,0.00012597458349756965,0.00012948665717386223,0.00013873378645334227
2030-07-01 11:00:00,0.00012036258081716564,0.00012517727747093338,0.0001292411507881372,0.00013774122438564367
2030-07-01 12:00:00,0.00012003710246728291,0.00012554005223591814,0.00012886219786415536,0.00013651738494409676
2030-07-01 13:00:00,0.00011970313492614938,0.00012453724021427765,0.00012829994178129736,0.00013586632415915587
2030-07-01 14:00:00,0.00012008487554680419,0.00012470598654163454,0.00012763716665789142,0.00013313608878779833
2030-07-01 15:00:00,0.00011872387900617371,0.0001221266385257777,0.00012536409830409543,0.00012808926344675273
2030-07-01 16:00:00,0.00011661947397577074,0.00011587822479095552,0.00012147494097448566,0.00012180497300425882
2030-07-01 17:00:00,0.00011428552054463273,0.00011053892067162972,0.00011687950817341221,0.00011631834801143988
2030-07-01 18:00:00,0.00011187177562035931,0.00010738279209487717,0.00011365189768196716,0.00011240257583468842
2030-07-01 19:00:00,0.00011037011751725427,0.00010453642210649288,0.00010978877097256026,0.00010773376471542585
2030-07-01 20:00:00,0.00011023727070456596,0.00010187069698119207,0.00010666421953664474,0.00010388607627261858
2030-07-01 21:00:00,0.00010845989729989063,9.84713841004926e-05,0.00010346124471340155,0.00010046233857696395
2030-07-01 22:00:00,0.00010659749700614559,9.791343390904286e-05,9.978166255747129e-05,9.592690576972168e-05
2030-07-01 23:00:00,0.00010471368994887383,9.298885874214814e-05,9.657272353669659e-05,9.226713980825352e-05
2030-07-02 00:00:00,0.00010350340360140515,9.652968923190287e-05,9.658152545927375e-05,9.149972563816116e-05
2030-07-02 01:00:00,0.00010249592552954035,9.33166613264776e-05,9.485415032071621e-05,8.990809840042281e-05
2030-07-02 02:00:00,0.00010244438595661215,9.169557319650626e-05,9.358969969039735e-05,8.993287156229802e-05
2030-07-02 03:00:00,0.0001045748961402992,9.166400255598214e-05,9.29800942521575e-05,8.957502688578359e-05
2030-07-02 04:00:00,0.00010612900305933882,9.448426877914412e-05,9.484844237902418e-05,9.231432305015821e-05
2030-07-02 05:00:00,0.00011043940660133155,0.00010248443472935334,0.00010158150857482005,0.00010127136958601537
2030-07-02 06:00:00,0.00011492678311642468,0.00011430956602895697,0.00011209848436980335,0.00011551681602292304
2030-07-02 07:00:00,0.00011807086939195375,0.00012252742859017796,0.00011995470555303785,0.0001253836957754429
2030-07-02 08:00:00,0.0001196672939122717,0.00012449971473101488,0.00012300497089114736,0.0001289761499326527
2030-07-02 09:00:00,0.00012108666958740317,0.00012538892378115274,0.0001248034075694677,0.00013113066271339737
2030-07-02 10:00:00,0.00011988118929884614,0.00012484835042367323,0.00012579059455385583,0.00013213547091518764
2030-07-02 11:00:00,0.00012089730796822628,0.00012434301395454134,0.00012551247846744515,0.00013041537351560345
2030-07-02 12:00:00,0.00012132178673945845,0.00012411430613176478,0.00012495390655136224,0.00012885776151229874
2030-07-02 13:00:00,0.00012109833913825903,0.0001230155731420063,0.0001234767628169721,0.00012658873675078821
2030-07-02 14:00:00,0.00012122952026010114,0.00012111107438820888,0.00012180168405324915,0.00012436115223510874
2030-07-02 15:00:00,0.00012037067003393792,0.00011802887125046049,0.00011941454121342258,0.00011931022833416616
2030-07-02 16:00:00,0.00011839678034817925,0.0001136959048654046,0.00011670652991030195,0.00011431341113002433
2030-07-02 17:00:00,0.00011685155459454596,0.0001103670832577589,0.00011369416954875027,0.0001112216444038126
2030-07-02 18:00:00,0.00011549871917938439,0.00010748903966639827,0.0001101170096088775,0.00010630944695733153
2030-07-02 19:00:00,0.00011420778729264308,0.0001043469507771631,0.00010702131623944136,0.00010337231663185577
2030-07-02 20:00:00,0.00011316303616493688,0.00010195941549072587,0.0001035491527327297,9.96020563512324e-05
2030-07-02 21:00:00,0.00011048646726143573,9.823467966305526e-05,0.00010049182059881483,9.712469895193912e-05
2030-07-02 22:00:00,0.00010973724199561542,9.47452273939301e-05,9.746440648518124e-05,9.381689242493801e-05
2030-07-02 23:00:00,0.00010757836379738018,9.193866619459374e-05,9.459157839293994e-05,9.078798583391997e-05
2030-07-03 00:00:00,0.0001040753161532185,9.29138838966404e-05,9.320014722252424e-05,8.770001674422233e-05
2030-07-03 01:00:00,0.00010345218120451854,9.082105933225004e-05,9.21292546006201e-05,8.654173234248667e-05
2030-07-03 02:00:00,0.00010317967753943953,8.945214797101067e-05,9.071044007303138e-05,8.563675065270046e-05
2030-07-03 03:00:00,0.00010428595581665882,8.969593904057186e-05,8.977287666929003e-05,8.538529163340411e-05
2030-07-03 04:00:00,0.00010693800477457337,9.161173039026445e-05,9.146943085720403e-05,8.731155394353504e-05
2030-07-03 05:00:00,0.00011041175086402426,9.868622577363673e-05,9.707762785953862e-05,9.47677192163251e-05
2030-07-03 06:00:00,0.00011331822389778997,0.00010805836251701169,0.00010510370059897156,0.00010546636905783495
2030-07-03 07:00:00,0.00011704104439073044,0.00011156401363754811,0.00011054648088719127,0.00011227032089653513
2030-07-03 08:00:00,0.0001183890565826303,0.00011357025641739789,0.00011374511555683373,0.00011568085791593323
2030-07-03 09:00:00,0.0001184195007603859,0.00011570803126993198,0.0001163599353635991,0.00011832139748427815
2030-07-03 10:00:00,0.00011704277782581146,0.00011563561815016762,0.00011741852511503955,0.0001194848578630918
2030-07-03 11:00:00,0.00011710492341481453,0.00011407724573275276,0.00011720721701511496,0.00011840409100219646
2030-07-03 12:00:00,0.00011747879863362489,0.00011256757794725343,0.00011678653411686197,0.00011808609699737454
2030-07-03 13:00:00,0.00011607495202586167,0.00011182827827748354,0.00011539002497672837,0.00011635586603570527
2030-07-03 14:00:00,0.00011516875818595215,0.00011152342732721288,0.00011409086095479173,0.00011442321593408608
2030-07-03 15:00:00,0.00011486825860448034,0.0001092131530881273,0.00011165121256420066,0.00011055848158424778
2030-07-03 16:00:00,0.00011340601335493667,0.00010534969556495533,0.00010914538596354955,0.00010728216943726991
2030-07-03 17:00:00,0.00011282980180803712,0.00010289753606130472,0.00010753372559513042,0.00010454401715669752
2030-07-03 18:00:00,0.0001130193635706977,0.0001015943933152526,0.00010550637526329241,0.00010249306132723844
2030-07-03 19:00:00,0.00011196169933318666,9.96987855172631e-05,0.00010312224062385875,0.00010025160482426589
2030-07-03 20:00:00,0.00011169278270033795,9.790252587213489e-05,0.0001006257254396509,9.784896522641643e-05
2030-07-03 21:00:00,0.00010984209411845276,9.633450983220962e-05,9.88949253605634e-05,9.546240721946459e-05
2030-07-03 22:00:00,0.0001089680532369065,9.354172015131878e-05,9.60626947628027e-05,9.186350704509902e-05
2030-07-03 23:00:00,0.00010666964880527885,9.049395157594215e-05,9.403485078188438e-05,8.94826180836194e-05
2030-07-04 00:00:00,9.985111211434964e-05,8.499972528983187e-05,8.869819690371073e-05,8.373588049601885e-05
2030-07-04 01:00:00,9.949690250733994e-05,8.394456530860899e-05,8.756095109069185e-05,8.32179188646481e-05
2030-07-04 02:00:00,9.841461699010321e-05,8.259771866220602e-05,8.620705252944588e-05,8.334881187988824e-05
2030-07-04 03:00:00,9.960139976832102e-05,8.284320897785898e-05,8.622245980620655e-05,8.37642904399143e-05
2030-07-04 04:00:00,0.00010021562251243548,8.544089548633741e-05,8.885295113581968e-05,8.673784552728396e-05
2030-07-04 05:00:00,0.00010401951873966225,9.409308589949336e-05,9.552527598540137e-05,9.595370327234811e-05
2030-07-04 06:00:00,0.00010670172111367323,0.00010054982633237164,0.00010288669851830341,0.0001053021913875266
2030-07-04 07:00:00,0.00010762421412822692,0.00010487454080204251,0.00010627183432974398,0.00010971339637813691
2030-07-04 08:00:00,0.00010918007160789843,0.00010658477349285013,0.0001080564069369557,0.00011085426892969411
2030-07-04 09:00:00,0.00010947798208066528,0.0001076422902008568,0.00011053538956424321,0.00011358479334708809
2030-07-04 10:00:00,0.0001099926237878635,0.00010716544076949548,0.0001112145222126768,0.00011335460826705295
2030-07-04 11:00:00,0.00011128350598435657,0.00010690785725874831,0.00011135857094727492,0.00011262077010131737
2030-07-04 12:00:00,0.00011151551434815052,0.00010605508585189741,0.00011081083231781573,0.00011335874789898788
2030-07-04 13:00:00,0.00011007580445604105,0.00010584703991232466,0.0001100102256683813,0.0001123761195656387
2030-07-04 14:00:00,0.00010938536332209044,0.00010538176032534533,0.0001092217202211544,0.00011062407900959268
2030-07-04 15:00:00,0.00010846339309319162,0.00010099468530388675,0.00010640293054283981,0.00010535779931693446
2030-07-04 16:00:00,0.00010695404280825551,9.872618899968342e-05,0.00010426004027348455,0.00010263716732978212
2030-07-04 17:00:00,0.0001062060440109529,9.623567631747075e-05,0.00010120818916536759,0.0001002274216343869
2030-07-04 18:00:00,0.00010683329553980759,9.52765446919969e-05,9.986928166245283e-05,9.923724091910774e-05
2030-07-04 19:00:00,0.00010626821187213367,9.529911366579667e-05,9.966249761532577e-05,9.726952903628969e-05
2030-07-04 20:00:00,0.00010615157316497892,9.246546760940674e-05,9.719337147657972e-05,9.555931363205805e-05
2030-07-04 21:00:00,0.00010406194711829919,9.141029853832891e-05,9.510437105443403e-05,9.341714378184953e-05
2030-07-04 22:00:00,0.00010293870224228553,8.944365965698385e-05,9.321859127416265e-05,9.0472537783535e-05
2030-07-04 23:00:00,0.0001008522842918127,8.7328162928026e-05,9.072319944344104e-05,8.800524016400856e-05
2030-07-05 00:00:00,9.778929605911609e-05,8.0724733450726e-05,8.825245173393624e-05,8.596538184798495e-05
2030-07-05 01:00:00,9.81488581120786e-05,7.903356903938903e-05,8.745741302295289e-05,8.507334317746605e-05
2030-07-05 02:00:00,9.707516557865104e-05,7.845412844438076e-05,8.661839285443322e-05,8.523437013766137e-05
2030-07-05 03:00:00,9.775914026517873e-05,7.932177778387968e-05,8.668645345086833e-05,8.530021203340779e-05
2030-07-05 04:00:00,9.943579811487574e-05,8.291951595810786e-05,8.952572737381617e-05,8.893815344869867e-05
2030-07-05 05:00:00,0.0001048334449726753,9.40204922616992e-05,9.934488997441937e-05,0.00010207234996552662
2030-07-05 06:00:00,0.000108229925733339,0.00010457057649049554,0.00010967536693666803,0.00011676943502180985
2030-07-05 07:00:00,0.00010840524215026725,0.00010847333206686087,0.00011407044072581912,0.0001221078837142777
2030-07-05 08:00:00,0.00011079544681415841,0.00010958141987131763,0.00011520142787270908,0.00012332459411724578
2030-07-05 09:00:00,0.00011056845213051872,0.00011043051846717364,0.00011723840955521738,0.0001266954555293459
2030-07-05 10:00:00,0.00011098336562229873,0.00010957902868981078,0.00011775651496413901,0.00012728315432112742
2030-07-05 11:00:00,0.00011031931236928823,0.0001102802137180346,0.00011799962915117494,0.00012629927552950247
2030-07-05 12:00:00,0.00010969713486345342,0.00011109347415495341,0.00011833887781059109,0.0001270803000936668
2030-07-05 13:00:00,0.00010961844745664279,0.00011053268670507105,0.00011801355877655093,0.00012617023889570437
2030-07-05 14:00:00,0.00010993488875885942,0.00010844036764409695,0.00011645193481397678,0.00012458168285981223
2030-07-05 15:00:00,0.0001094805736028634,0.0001037736910141889,0.00011252662724264138,0.00011720127382121451
2030-07-05 16:00:00,0.00010845013513056084,0.00010137372709510375,0.00010950391160663878,0.00011230056455789202
2030-07-05 17:00:00,0.00010683088828313304,9.880365634340783e-05,0.00010561357844838574,0.00010746605197373925
2030-07-05 18:00:00,0.00010661852870532205,9.631619854052766e-05,0.00010273262201452422,0.0001051205741144368
2030-07-05 19:00:00,0.0001059389392328358,9.383033521074062e-05,0.00010084994434583238,0.00010256519818920632
2030-07-05 20:00:00,0.00010681820828268532,9.242517957372592e-05,9.833343952693173e-05,9.961423516912896e-05
2030-07-05 21:00:00,0.00010496643405448929,9.011180134421853e-05,9.598044977575269e-05,9.776793595583043e-05
2030-07-05 22:00:00,0.00010341581980020421,8.802220884120397e-05,9.363381281840631e-05,9.360484169652015e-05
2030-07-05 23:00:00,9.971375755513069e-05,8.478058194665108e-05,9.075220060348536e-05,9.006965425690109e-05
2030-07-06 00:00:00,9.423972919373772e-05,8.055013606646608e-05,8.491996359158179e-05,8.496568844489954e-05
2030-07-06 01:00:00,9.315579575734504e-05,7.935880496854711e-05,8.378043925394925e-05,8.383069148900385e-05
2030-07-06 02:00:00,9.216903036598401e-05,7.807849219279753e-05,8.267583960493705e-05,8.357174197353645e-05
2030-07-06 03:00:00,9.399779494727726e-05,7.821882166112707e-05,8.244850772141468e-05,8.335286646148508e-05
2030-07-06 04:00:00,9.613285173986169e-05,8.156491242124635e-05,8.661527510284516e-05,8.857684818466263e-05
2030-07-06 05:00:00,0.0001021189690408271,9.343376265536074e-05,9.805575331515096e-05,0.00010243422078878683
2030-07-06 06:00:00,0.00010464823409970444,0.00010414398360347422,0.00010838874689952037,0.00011748018521973356
2030-07-06 07:00:00,0.0001063015490137187,0.00010904390579933673,0.000113571974148022,0.0001233746368417101
2030-07-06 08:00:00,0.00010870085511679596,0.00011003421214923765,0.00011461803556833065,0.00012504703800267635
2030-07-06 09:00:00,0.00010852467847764472,0.00011025712533380369,0.00011662628664522697,0.00012784273709281495
2030-07-06 10:00:00,0.00010906732709143943,0.00010941713717444675,0.00011727435577394869,0.0001276115158084042
2030-07-06 11:00:00,0.00011057220855783284,0.0001105977081673776,0.00011680511162846723,0.00012626126970546872
2030-07-06 12:00:00,0.00011133679963822558,0.00010900278531702273,0.00011747083571977927,0.00012716353643394437
2030-07-06 13:00:00,0.00010933864500993545,0.00010825244344770685,0.0001161739665943097,0.00012603896305507934
2030-07-06 14:00:00,0.00010954472357488239,0.000107569723323135,0.0001146522640826343,0.00012276066560410948
2030-07-06 15:00:00,0.000105975643604206,0.00010432469288389245,0.00011074465511242496,0.00011603548363639578
2030-07-06 16:00:00,0.00010391944066128392,9.998861779081513e-05,0.00010721071811825823,0.00011161913735517715
2030-07-06 17:00:00,0.0001028220750091778,9.616112151357937e-05,0.00010264733119275156,0.00010712548332241891
2030-07-06 18:00:00,0.00010214389481205484,9.414366917244972e-05,9.998486202402289e-05,0.00010370065166484623
2030-07-06 19:00:00,9.85470707841325e-05,9.099303535145913e-05,9.705172891322012e-05,9.957444280011063e-05
2030-07-06 20:00:00,9.700577780346871e-05,8.771851557768488e-05,9.395514541604122e-05,9.634046297432914e-05
2030-07-06 21:00:00,9.694059262375347e-05,8.615434295651929e-05,9.186143678639473e-05,9.497805613312473e-05
2030-07-06 22:00:00,9.692906090338403e-05,8.436596982748515e-05,8.94112671037659e-05,9.039812629480796e-05
2030-07-06 23:00:00,9.562817091897145e-05,8.111876701819247e-05,8.646310892503543e-05,8.665800384381379e-05
2030-07-07 00:00:00,9.706619961567669e-05,7.941246749692407e-05,8.437840634728037e-05,8.403846224497186e-05
2030-07-07 01:00:00,9.671814632117583e-05,7.760346716585896e-05,8.382572083491166e-05,8.308035126333123e-05
2030-07-07 02:00:00,9.658351923832313e-05,7.530439155117031e-05,8.329683332781971e-05,8.316870483891485e-05
2030-07-07 03:00:00,9.770454768310988e-05,7.59036896523036e-05,8.250567147995372e-05,8.275414965360541e-05
2030-07-07 04:00:00,9.900005649876244e-05,8.000148010997101e-05,8.51191191662588e-05,8.611200999724319e-05
2030-07-07 05:00:00,0.00010415326263732105,9.019888910065502e-05,9.465718583236661e-05,9.815099716108129e-05
2030-07-07 06:00:00,0.00010586284055653664,9.775158380013484e-05,0.0001031765407175673,0.00011058763591938153
2030-07-07 07:00:00,0.00010645747219886416,0.00010258141614780758,0.0001070472479885532,0.00011549679549898626
2030-07-07 08:00:00,0.00010798457516801105,0.00010343010580595393,0.00010887248605991691,0.00011654179745529222
2030-07-07 09:00:00,0.00010864123926116254,0.00010474979436520145,0.00011107569074926339,0.00011916902030801456
2030-07-07 10:00:00,0.00010741612355725026,0.00010496068909899672,0.00011142049925423718,0.00011913961054274517
2030-07-07 11:00:00,0.00010909418554737394,0.00010438512212069249,0.00011103145177694988,0.00011724214067452646
2030-07-07 12:00:00,0.00010951665020371196,0.00010392679099032275,0.00011095788063038186,0.00011804302857011419
2030-07-07 13:00:00,0.00010830897394824911,0.00010361849090242193,0.00011000556593913592,0.00011615577887748646
2030-07-07 14:00:00,0.00010867189445791961,0.0001017313223739233,0.0001088060479712873,0.0001140843810635601
2030-07-07 15:00:00,0.00010769530187488539,9.718602611855108e-05,0.00010512896387342876,0.00010802235787113232
2030-07-07 16:00:00,0.00010672249744632096,9.367305267545819e-05,0.00010241626040880863,0.00010410694597302894
2030-07-07 17:00:00,0.00010449029049819235,8.989381708040665e-05,9.882268229313259e-05,0.00010068595054526589
2030-07-07 18:00:00,0.00010482590018150604,8.901543992459553e-05,9.63664811523708e-05,9.784071061092665e-05
2030-07-07 19:00:00,0.0001029161046265362,8.680253070793676e-05,9.457717566286248e-05,9.537706778407443e-05
2030-07-07 20:00:00,0.0001036390176191942,8.585771134374663e-05,9.201085990603369e-05,9.217194337965107e-05
2030-07-07 21:00:00,0.00010334886417203465,8.411484160791544e-05,9.048866037636795e-05,9.095670749082413e-05
2030-07-07 22:00:00,0.00010211219627834936,8.137471074167161e-05,8.83118431079759e-05,8.763089477656325e-05
2030-07-07 23:00:00,9.955195736727233e-05,8.071881574197705e-05,8.54390495046214e-05,8.41911864528757e-05
2030-07-08 00:00:00,9.829373701456827e-05,8.05338058135924e-05,8.34460859806542e-05,8.350345607142417e-05
2030-07-08 01:00:00,9.830496660407873e-05,7.823583876222486e-05,8.227439185973663e-05,8.239500572133592e-05
2030-07-08 02:00:00,9.766645196427885e-05,7.675239899242993e-05,8.162157634455412e-05,8.254660239715357e-05
2030-07-08 03:00:00,9.814641023439007e-05,7.66901554085602e-05,8.126125993277251e-05,8.205594373142424e-05
2030-07-08 04:00:00,9.818589048553894e-05,7.982341759457095e-05,8.395706836639575e-05,8.505176142033781e-05
2030-07-08 05:00:00,0.00010218151785270084,9.107827001099169e-05,9.251528062386975e-05,9.672415072310601e-05
2030-07-08 06:00:00,0.00010419682243853544,9.824419836102962e-05,0.0001013821908751955,0.00010994575094346327
2030-07-08 07:00:00,0.00010540322841238348,0.00010069894223763646,0.00010563836024624293,0.00011601335751881437
2030-07-08 08:00:00,0.00010688239408261003,0.0001016193534171656,0.00010803107362303296,0.00011800467072353696
2030-07-08 09:00:00,0.00010737904431796232,0.00010358756680211822,0.00011036478726766179,0.00012083160554216534
2030-07-08 10:00:00,0.00010666685022392014,0.00010407573352801732,0.00011121625262787709,0.00012045418005583456
2030-07-08 11:00:00,0.0001087368175245198,0.00010212384599020357,0.0001110516233632185,0.00011865070764587606
2030-07-08 12:00:00,0.00010934064744397341,0.0001026146880286683,0.00011110785311219993,0.00011929975761251813
2030-07-08 13:00:00,0.00010865944003991949,0.00010181265468332092,0.00011006440593347826,0.00011756824894590257
2030-07-08 14:00:00,0.00010828102984365702,0.00010016216797811598,0.00010802646535235513,0.00011517241433096335
2030-07-08 15:00:00,0.00010667495580356579,9.561388850730482e-05,0.0001039506291651285,0.00010948008419406225
2030-07-08 16:00:00,0.0001064491528503952,9.195869501583647e-05,0.00010107527333519399,0.00010472398008134839
2030-07-08 17:00:00,0.00010395661891604406,8.933289212366729e-05,9.760182257680135e-05,0.00010081023288576066
2030-07-08 18:00:00,0.0001031571091730104,8.788141210770874e-05,9.487569402698336e-05,9.738171600234333e-05
2030-07-08 19:00:00,0.00010236941199035807,8.644750381088303e-05,9.276287992531529e-05,9.436823588375922e-05
2030-07-08 20:00:00,0.000102916066022082,8.51007757987444e-05,9.082949147569384e-05,9.119319365192221e-05
2030-07-08 21:00:00,0.00010106813575525243,8.270627678324356e-05,8.924119513509089e-05,8.946646860651785e-05
2030-07-08 22:00:00,0.00010028123412072877,8.11242123861722e-05,8.682276935162249e-05,8.573832463636564e-05
2030-07-08 23:00:00,9.697814089561931e-05,7.93410365701534e-05,8.364476964452166e-05,8.254911401278809e-05
2030-07-09 00:00:00,9.720489959625579e-05,7.861149909892775e-05,8.263955839598718e-05,7.991553338425054e-05
2030-07-09 01:00:00,9.641622874131042e-05,7.724782332300698e-05,8.200647017300367e-05,7.88612897651763e-05
2030-07-09 02:00:00,9.6203750572118e-05,7.610872924250115e-05,8.097600121892331e-05,7.839036259552114e-05
2030-07-09 03:00:00,9.746858110781058e-05,7.617333321552458e-05,7.992320182756491e-05,7.754406449029776e-05
2030-07-09 04:00:00,9.866910426312586e-05,7.802160925134903e-05,8.150675155041034e-05,7.911517148078619e-05
2030-07-09 05:00:00,0.00010316541450835577,8.360575253321597e-05,8.668263257189959e-05,8.601764889230243e-05
2030-07-09 06:00:00,0.00010540793746348372,8.886239092851341e-05,9.217087542818259e-05,9.417842076659053e-05
2030-07-09 07:00:00,0.00010597871866826205,9.234678758750944e-05,9.570364213589222e-05,9.831618030120985e-05
2030-07-09 08:00:00,0.0001086493591442635,9.451449975982944e-05,9.887423356596185e-05,0.0001006253299574387
2030-07-09 09:00:00,0.00010843754532871303,9.597128978783001e-05,0.0001008588280176915,0.00010332355350525328
2030-07-09 10:00:00,0.00010811616080053834,9.593498274563321e-05,0.00010192683156726467,0.00010382199613602377
2030-07-09 11:00:00,0.00010849644720186298,9.591976030135737e-05,0.00010144841757944423,0.00010297318527054477
2030-07-09 12:00:00,0.00010897669770285776,9.589529635238106e-05,0.00010084228099580565,0.00010234964174122012
2030-07-09 13:00:00,0.0001078725079006659,9.393537849975347e-05,0.00010000088540097777,0.000100291920120587
2030-07-09 14:00:00,0.00010710728023843362,9.250577354238517e-05,9.825705869977992e-05,9.822291519210352e-05
2030-07-09 15:00:00,0.00010684327485799486,9.060399147916052e-05,9.615859965500697e-05,9.50914758871975e-05
2030-07-09 16:00:00,0.00010707762651633181,8.832627072925661e-05,9.472252019511228e-05,9.305062197061703e-05
2030-07-09 17:00:00,0.00010480235773600995,8.555869928684585e-05,9.222556154857548e-05,9.062772294818916e-05
2030-07-09 18:00:00,0.00010407250591857502,8.445794602601831e-05,9.055320856943864e-05,8.881601113770205e-05
2030-07-09 19:00:00,0.00010253180315817141,8.322410421196457e-05,8.942465628962123e-05,8.760192348438687e-05
2030-07-09 20:00:00,0.00010206083883869657,8.080122930115056e-05,8.732398498015998e-05,8.516867001842523e-05
2030-07-09 21:00:00,0.00010038877860376192,7.929660908849486e-05,8.559456116465594e-05,8.444380482087819e-05
2030-07-09 22:00:00,9.899264259322404e-05,7.768244210769155e-05,8.365408697445566e-05,8.10754125678799e-05
2030-07-09 23:00:00,9.756395711680981e-05,7.64765791822037e-05,8.164309212162397e-05,7.922741543453336e-05
2030-07-10 00:00:00,9.83033500059632e-05,7.680836585637158e-05,8.375406601144483e-05,8.138307550388651e-05
2030-07-10 01:00:00,9.640929201594893e-05,7.572418287010478e-05,8.318550453962834e-05,7.993626080380476e-05
2030-07-10 02:00:00,9.579482302809427e-05,7.51074503281047e-05,8.28720450347347e-05,8.014548302428386e-05
2030-07-10 03:00:00,9.653112653354229e-05,7.583787141791634e-05,8.279436563334732e-05,8.05798793616722e-05
2030-07-10 04:00:00,9.775984106386131e-05,7.816404300959882e-05,8.540684133762124e-05,8.3678669652466e-05
2030-07-10 05:00:00,0.00010275741400116239,8.675954268080652e-05,9.314880076897185e-05,9.426804829857922e-05
2030-07-10 06:00:00,0.00010573853620081846,9.406278630451839e-05,0.00010050935032403433,0.00010536973286083017
2030-07-10 07:00:00,0.0001061481512071421,9.715817688276465e-05,0.00010382628049934237,0.00010991920035610634
2030-07-10 08:00:00,0.00010839117056883904,9.915847395414964e-05,0.00010591927115765354,0.00011176070286756615
2030-07-10 09:00:00,0.0001088996920454624,0.00010031608865605688,0.00010804445254767048,0.00011370254066013407
2030-07-10 10:00:00,0.00010790660754142843,0.0001005488368115866,0.00010878224674002224,0.00011348370990012211
2030-07-10 11:00:00,0.00010938879004163608,9.975896513754713e-05,0.00010804964468969129,0.00011294220987477644
2030-07-10 12:00:00,0.00011083596839722872,0.00010004109353253946,0.00010788251891836297,0.00011286795073473354
2030-07-10 13:00:00,0.00010899571352496946,9.966887886242977e-05,0.00010686641441720519,0.00011134906267705497
2030-07-10 14:00:00,0.00010914078440202202,9.885344023103328e-05,0.00010554941780572817,0.00010874162184298063
2030-07-10 15:00:00,0.00010739484425043701,9.55457884765871e-05,0.00010270222749465803,0.00010401942037527323
2030-07-10 16:00:00,0.00010718524300086186,9.335403263008788e-05,0.00010054150711782974,0.00010112436419959988
2030-07-10 17:00:00,0.00010607589565928636,9.154476028554377e-05,9.8074943250452e-05,9.860631669902926e-05
2030-07-10 18:00:00,0.00010613886919687027,9.102362377076616e-05,9.617269736809879e-05,9.682311907877098e-05
2030-07-10 19:00:00,0.0001046053330086076,8.870732264043965e-05,9.441870702060866e-05,9.405024735313846e-05
2030-07-10 20:00:00,0.00010388170908568001,8.611081317398567e-05,9.162570648221707e-05,9.058883244215265e-05
2030-07-10 21:00:00,0.0001017957242717538,8.371506818239778e-05,8.948745443687217e-05,8.846572789842367e-05
2030-07-10 22:00:00,9.9765634407854e-05,8.17775025220595e-05,8.733658463617482e-05,8.5855573944667e-05
2030-07-10 23:00:00,9.782502797069535e-05,7.939568963353927e-05,8.511022629442144e-05,8.28369251222708e-05
2030-07-11 00:00:00,0.00010112698249044418,8.120809274770555e-05,8.574103949865807e-05,8.180750432750956e-05
2030-07-11 01:00:00,9.943668616542007e-05,7.99918647730991e-05,8.479942620256624e-05,8.128944957391981e-05
2030-07-11 02:00:00,9.769285380659443e-05,7.924387550341099e-05,8.41142589808154e-05,8.007359200948633e-05
2030-07-11 03:00:00,9.775776047469634e-05,7.872668763910795e-05,8.323518898999344e-05,7.975082180625465e-05
2030-07-11 04:00:00,9.841805418833719e-05,8.1344159599838e-05,8.453658238567939e-05,8.193531871527183e-05
2030-07-11 05:00:00,0.00010162286655059445,8.726788642288615e-05,8.981080473033187e-05,8.891038584623154e-05
2030-07-11 06:00:00,0.00010463088196660433,9.573757539562169e-05,9.785966436697776e-05,0.00010012389249541022
2030-07-11 07:00:00,0.00010717826620495025,0.00010120092907348724,0.00010383938781017416,0.00010680713359727437
2030-07-11 08:00:00,0.00010890465533820333,0.00010335832174101917,0.00010657522279232364,0.00010995911436988525
2030-07-11 09:00:00,0.00011071115561613729,0.00010449353801438182,0.00010879092518584674,0.0001116047138075288
2030-07-11 10:00:00,0.00011030900727939286,0.00010421595338291317,0.00010977288872001843,0.00011288640394506392
2030-07-11 11:00:00,0.00011090249351807561,0.00010377934766105021,0.0001095233414993703,0.00011214116666246197
2030-07-11 12:00:00,0.0001119189736836786,0.00010359886388469999,0.0001095571636451614,0.0001117167342968081
2030-07-11 13:00:00,0.00010888397369723502,0.00010345057228453224,0.00010901096233882204,0.00011090997589443085
2030-07-11 14:00:00,0.00011025841214174516,0.00010268722481918866,0.0001078778907798424,0.00010961522502272143
2030-07-11 15:00:00,0.00010991470897663878,0.00010152684352800599,0.00010622387044917279,0.00010708485992001549
2030-07-11 16:00:00,0.00010837086050526745,9.98215534492611e-05,0.0001039250622882761,0.00010359122041246416
2030-07-11 17:00:00,0.00010745385770300885,9.663175660019675e-05,0.00010150744518760387,0.00010079691578060973
2030-07-11 18:00:00,0.00010761628970487314,9.416810015175254e-05,9.952570489434924e-05,9.838207403789811e-05
2030-07-11 19:00:00,0.0001067928682045355,9.150323462880032e-05,9.725074361729208e-05,9.612176849100374e-05
2030-07-11 20:00:00,0.00010693026658535472,9.01265121151275e-05,9.4541680975472e-05,9.355693709203869e-05
2030-07-11 21:00:00,0.00010585380164508453,8.774708854620512e-05,9.305846131646599e-05,9.157999332034905e-05
2030-07-11 22:00:00,0.00010382686979934536,8.609033546069557e-05,9.031073089483589e-05,8.745840246865416e-05
2030-07-11 23:00:00,0.00010232461121509441,8.459676240084626e-05,8.725962453862406e-05,8.433644601608205e-05
2030-07-12 00:00:00,0.00010058655438497802,8.087183048476984e-05,8.363831726991772e-05,8.06037929135392e-05
2030-07-12 01:00:00,9.924237401960799e-05,7.886970736747713e-05,8.312455906995866e-05,7.933529775544611e-05
2030-07-12 02:00:00,9.887296234428205e-05,7.796672269844143e-05,8.23684181371124e-05,7.893654121950318e-05
2030-07-12 03:00:00,9.890691355633223e-05,7.869183417049672e-05,8.122232456566557e-05,7.863534406757691e-05
2030-07-12 04:00:00,0.00010002512862668692,8.117464745813357e-05,8.280735003630282e-05,8.049662218568609e-05
2030-07-12 05:00:00,0.00010299664008821762,8.893478919961057e-05,8.863677931359012e-05,8.89592117941044e-05
2030-07-12 06:00:00,0.00010515280393489688,9.571249107264057e-05,9.517224972055958e-05,9.825120633925413e-05
2030-07-12 07:00:00,0.00010760804121787145,9.951277130557687e-05,9.922804519924466e-05,0.0001032656989442159
2030-07-12 08:00:00,0.00010814219158727161,0.00010152276318289543,0.00010167184603064591,0.00010628390814495783
2030-07-12 09:00:00,0.00010907318704272474,0.00010290726463745507,0.00010422171303584696,0.00010867751295806729
2030-07-12 10:00:00,0.00011019254004284457,0.00010388150546922728,0.00010575165487054443,0.00010989799651432387
2030-07-12 11:00:00,0.00011203565004251062,0.00010379577865234687,0.00010597674224037709,0.0001098115700107843
2030-07-12 12:00:00,0.00011258366917825011,0.00010384601457383328,0.00010653734681075576,0.00011079026160133876
2030-07-12 13:00:00,0.00011031820578241846,0.00010358421978351111,0.00010629365519769522,0.00010932555688761493
2030-07-12 14:00:00,0.00011072170801222834,0.00010302634762585043,0.00010523876652851335,0.000108010642142832
2030-07-12 15:00:00,0.00011017993164567391,0.0001009431069367684,0.00010391596757144293,0.00010494589239141693
2030-07-12 16:00:00,0.0001098359431074604,9.879251949553903e-05,0.00010195599508468923,0.00010315504180086387
2030-07-12 17:00:00,0.00010827435882876094,9.57236608710459e-05,0.0001000371140198504,0.00010009564609777333
2030-07-12 18:00:00,0.00010715384614038051,9.429730745747346e-05,9.829973580053126e-05,9.711310746127327e-05
2030-07-12 19:00:00,0.00010598832297939331,9.211742826063572e-05,9.519362717994849e-05,9.470822054420596e-05
2030-07-12 20:00:00,0.00010506828225559375,8.96371972338624e-05,9.272141942040567e-05,9.157758974836656e-05
2030-07-12 21:00:00,0.00010440272893719794,8.737344215954421e-05,9.086873184972817e-05,9.035792149787103e-05
2030-07-12 22:00:00,0.00010319151517315555,8.623838353285831e-05,8.876917956788586e-05,8.633394457907998e-05
2030-07-12 23:00:00,0.00010101262290852226,8.459559308250602e-05,8.630068680542609e-05,8.312772348759677e-05
2030-07-13 00:00:00,9.480243822923302e-05,7.642491958317259e-05,7.886803843588611e-05,7.76053650393206e-05
2030-07-13 01:00:00,9.344108776849049e-05,7.387935383663713e-05,7.818808943395826e-05,7.691204018435885e-05
2030-07-13 02:00:00,9.271317927756156e-05,7.36963215628706e-05,7.775107573367689e-05,7.622479281459282e-05
2030-07-13 03:00:00,9.365798768575084e-05,7.344796083468021e-05,7.679122299900237e-05,7.593263762942527e-05
2030-07-13 04:00:00,9.457077052197474e-05,7.573645857922634e-05,7.898158426869565e-05,7.904493063086145e-05
2030-07-13 05:00:00,9.918492377249625e-05,8.391289526215111e-05,8.592711849062248e-05,8.940109490548738e-05
2030-07-13 06:00:00,0.00010096502087132391,9.127972927561728e-05,9.3742123683685e-05,0.00010042335217935069
2030-07-13 07:00:00,0.00010252443226466091,9.512533973610483e-05,9.796363933024337e-05,0.00010523503807087057
2030-07-13 08:00:00,0.00010412343704930439,9.61908348911842e-05,0.00010007993129781579,0.00010712275790973334
2030-07-13 09:00:00,0.00010472408622821773,9.637974537969688e-05,0.00010268981216687986,0.00011002892806195007
2030-07-13 10:00:00,0.00010527407773461579,9.69446367156802e-05,0.00010355538466027283,0.00011037091529230679
2030-07-13 11:00:00,0.00010679489866119184,9.713309585136613e-05,0.00010325977794308575,0.00010979017532321451
2030-07-13 12:00:00,0.00010799121549251702,9.814146227289669e-05,0.00010359308308719882,0.0001104724438543699
2030-07-13 13:00:00,0.00010686650527754617,9.736530406878289e-05,0.00010340885859045435,0.00010975145408878434
2030-07-13 14:00:00,0.00010674425599536536,9.499459074504824e-05,0.00010218629463051514,0.00010871104354139938
2030-07-13 15:00:00,0.00010557917319318623,9.229550215294506e-05,9.912032955189593e-05,0.00010369627848159772
2030-07-13 16:00:00,0.00010411379929361583,8.981250402691488e-05,9.73555340301411e-05,0.00010048640174617116
2030-07-13 17:00:00,0.00010268898259584158,8.650323678686363e-05,9.386800327600825e-05,9.698843978594867e-05
2030-07-13 18:00:00,9.913998245737041e-05,8.502305193764943e-05,9.151152582084854e-05,9.394707470319449e-05
2030-07-13 19:00:00,9.948408592215467e-05,8.349346585769864e-05,8.939405692293625e-05,9.104983465551124e-05
2030-07-13 20:00:00,0.00010014797020008623,8.153710885320134e-05,8.718817869507074e-05,8.856396538779462e-05
2030-07-13 21:00:00,9.91370141657474e-05,7.93851963695522e-05,8.520780732728768e-05,8.679257014089429e-05
2030-07-13 22:00:00,9.857832489339714e-05,7.829947261655272e-05,8.274655537580178e-05,8.321981506928396e-05
2030-07-13 23:00:00,9.690135970887315e-05,7.712649241912659e-05,8.041209381272792e-05,7.989715736937727e-05
2030-07-14 00:00:00,9.550297314901922e-05,7.553654763016267e-05,7.91564608367008e-05,7.783410445541634e-05
2030-07-14 01:00:00,9.479643774313432e-05,7.494101452816047e-05,7.845657129983061e-05,7.673086831748263e-05
2030-07-14 02:00:00,9.462318964432377e-05,7.374710409558427e-05,7.751977558642386e-05,7.62284504794995e-05
2030-07-14 03:00:00,9.563843598496929e-05,7.352035763766684e-05,7.656259760996843e-05,7.606946679425048e-05
2030-07-14 04:00:00,9.661090845331355e-05,7.55892318675961e-05,7.821409064457386e-05,7.832649410726369e-05
2030-07-14 05:00:00,0.00010073650731933859,8.416442162798062e-05,8.515186457284317e-05,8.801896138596168e-05
2030-07-14 06:00:00,0.00010223922733375044,9.195690543217058e-05,9.229659811106718e-05,9.801883532377883e-05
2030-07-14 07:00:00,0.00010382450904407592,0.00010981272851172618,9.61432505270948e-05,0.00010251083510996453
2030-07-14 08:00:00,0.00010533943695695196,9.694524317980842e-05,9.852018229122217e-05,0.00010465845138033324
2030-07-14 09:00:00,0.00010665877118820288,9.767780094983825e-05,0.00010060875359787903,0.00010736339869769835
2030-07-14 10:00:00,0.00010524167341074441,9.718918200776019e-05,0.00010161704792426365,0.00010795793099454992
2030-07-14 11:00:00,0.00010654559352303542,9.646266421413576e-05,0.00010164408521260095,0.00010713448080903654
2030-07-14 12:00:00,0.00010730048313264402,9.526098196863906e-05,0.00010145679701550645,0.00010751526687292323
2030-07-14 13:00:00,0.00010676062823090434,9.490819149704514e-05,0.00010122708385883375,0.00010613412302600044
2030-07-14 14:00:00,0.000105980431250615,9.381389821644711e-05,9.967461416097592e-05,0.00010459454840728713
2030-07-14 15:00:00,0.00010442938878303466,9.083032073891223e-05,9.678635453177875e-05,9.986949343087365e-05
2030-07-14 16:00:00,0.00010335623453464732,8.82872152614854e-05,9.450264023343948e-05,9.725697660501304e-05
2030-07-14 17:00:00,0.00010274593302604489,8.57142344355042e-05,9.166071620133043e-05,9.398139679245872e-05
2030-07-14 18:00:00,0.00010206916492499487,8.43489003112878e-05,8.948057414277728e-05,9.146130891512811e-05
2030-07-14 19:00:00,0.0001009752626680594,8.282416129273224e-05,8.692443327030009e-05,8.782654124634567e-05
2030-07-14 20:00:00,0.00010174741622568937,8.220135687597348e-05,8.492240351136359e-05,8.618080748427998e-05
2030-07-14 21:00:00,9.960055346193135e-05,8.024668203105439e-05,8.351797812918299e-05,8.45270217366892e-05
2030-07-14 22:00:00,9.94406687462663e-05,7.744762406908869e-05,8.109310737154922e-05,8.06720831904318e-05
2030-07-14 23:00:00,9.725516872656667e-05,7.496107976290952e-05,7.898894644260073e-05,7.771775662851046e-05
2030-07-15 00:00:00,9.558270152539918e-05,7.320865195237136e-05,7.78111014382097e-05,7.598485835931125e-05
2030-07-15 01:00:00,9.460809402288807e-05,7.276560216842177e-05,7.709213580346926e-05,7.472990338864556e-05
2030-07-15 02:00:00,9.336535111425622e-05,7.198531210068375e-05,7.643993988838566e-05,7.485409723010412e-05
2030-07-15 03:00:00,9.433870051545022e-05,7.058013157646713e-05,7.550680531587108e-05,7.564282847339226e-05
2030-07-15 04:00:00,9.548463192596443e-05,7.282027118779275e-05,7.788064259331991e-05,7.80974522101335e-05
2030-07-15 05:00:00,9.870556392191094e-05,7.982223381861296e-05,8.487338398844752e-05,8.771206895264163e-05
2030-07-15 06:00:00,0.00010090141310694568,8.722435877756846e-05,9.212142043602478e-05,9.777661966652163e-05
2030-07-15 07:00:00,0.00010211569498716116,9.131883712701487e-05,9.646746020148893e-05,0.00010258474039230501
2030-07-15 08:00:00,0.00010409104337018937,9.299727892674558e-05,9.901293870251036e-05,0.00010434523550049159
2030-07-15 09:00:00,0.00010387049254607624,9.411107457405253e-05,0.00010128059094011918,0.00010713039003924663
2030-07-15 10:00:00,0.00010350589753167767,9.706066784110067e-05,0.0001019925424264766,0.00010767291962975865
2030-07-15 11:00:00,0.00010451626437265631,9.699305080156299e-05,0.00010202509212047092,0.00010700216441422415
2030-07-15 12:00:00,0.00010541081137581615,9.652245185602572e-05,0.00010192474778459536,0.00010725082793432229
2030-07-15 13:00:00,0.00010424135076642183,9.482716666472276e-05,0.00010086487479639872,0.00010533308784336438
2030-07-15 14:00:00,0.0001039874043775549,9.359763594063531e-05,9.872242341066635e-05,0.00010361302718243763
2030-07-15 15:00:00,0.00010320687172125033,9.139604524474631e-05,9.611733137258148e-05,9.909773540198101e-05
2030-07-15 16:00:00,0.00010319208969490702,8.883770543949773e-05,9.389191872819417e-05,9.61815919342012e-05
2030-07-15 17:00:00,0.00010151887609598628,8.621347261190877e-05,9.07456357110461e-05,9.240795770998423e-05
2030-07-15 18:00:00,0.00010140280711917757,8.421594735088737e-05,8.852271051920607e-05,8.954821293182213e-05
2030-07-15 19:00:00,0.00010011038022781004,8.241726785553098e-05,8.627377055660936e-05,8.702199442792802e-05
2030-07-15 20:00:00,9.979743036857985e-05,7.986566930112511e-05,8.389079018639853e-05,8.468244443533588e-05
2030-07-15 21:00:00,9.83944708129936e-05,7.84171775314093e-05,8.253124012443165e-05,8.288704655994405e-05
2030-07-15 22:00:00,9.750471624806805e-05,7.761958253004337e-05,8.023801060577758e-05,7.896820517732108e-05
2030-07-15 23:00:00,9.552639867428563e-05,7.578780934847916e-05,7.783264314748562e-05,7.545601590178236e-05
2030-07-16 00:00:00,9.515425965214195e-05,7.405460356798225e-05,7.63507444898767e-05,7.393570482854984e-05
2030-07-16 01:00:00,9.380457527978208e-05,7.323781614594373e-05,7.598580497094611e-05,7.359240651953022e-05
2030-07-16 02:00:00,9.356112622317546e-05,7.231489623090081e-05,7.557520505112928e-05,7.338027486225286e-05
2030-07-16 03:00:00,9.495950536742953e-05,7.043862790536933e-05,7.44021044386453e-05,7.356014259569958e-05
2030-07-16 04:00:00,9.6557511889699e-05,7.348955884459755e-05,7.591411225120285e-05,7.48724362049088e-05
2030-07-16 05:00:00,0.0001013263780361918,7.967567106700243e-05,8.181694856910054e-05,8.294829832903669e-05
2030-07-16 06:00:00,0.00010345595367257092,8.69450732859157e-05,8.743788099401825e-05,9.101936387609847e-05
2030-07-16 07:00:00,0.00010499336124505132,9.007209228985402e-05,9.087489895038883e-05,9.514689719728351e-05
2030-07-16 08:00:00,0.00010699080572291181,9.011539873643459e-05,9.359170945704343e-05,9.788773117009943e-05
2030-07-16 09:00:00,0.00010682288241926322,9.276136375022317e-05,9.565701598475267e-05,0.00010032913464473389
2030-07-16 10:00:00,0.00010627895077025063,9.386876982104787e-05,9.669244089382373e-05,0.00010049188287167855
2030-07-16 11:00:00,0.00010571253245198534,9.478169399647745e-05,9.671296522317675e-05,0.00010025309470138553
2030-07-16 12:00:00,0.00010711828647758975,9.509153851069251e-05,9.63553782948608e-05,0.00010059664259528152
2030-07-16 13:00:00,0.00010443252655641519,9.47747346678199e-05,9.59474445565472e-05,9.944843200743369e-05
2030-07-16 14:00:00,0.00010494363918316668,9.300387014168874e-05,9.43901250676958e-05,9.735264226877747e-05
2030-07-16 15:00:00,0.00010384084629408816,8.988781057983515e-05,9.24830977357439e-05,9.391303994676762e-05
2030-07-16 16:00:00,0.0001041195461975063,8.819673642873217e-05,9.054482609039405e-05,9.101876266728106e-05
2030-07-16 17:00:00,0.00010336894018246627,8.498296645116963e-05,8.782570515294602e-05,8.806374396488663e-05
2030-07-16 18:00:00,0.00010264967506646354,8.334200937459622e-05,8.566312277249367e-05,8.570748238661238e-05
2030-07-16 19:00:00,0.00010140059236418347,8.106478286734226e-05,8.34107192672043e-05,8.340522088974305e-05
2030-07-16 20:00:00,0.00010133273549594937,7.88307084862056e-05,8.142687650452922e-05,8.171819172224693e-05
2030-07-16 21:00:00,9.895752792650756e-05,7.810824990613992e-05,8.01136739289644e-05,8.019587933872114e-05
2030-07-16 22:00:00,9.87152805099303e-05,7.743932347260677e-05,7.794570230115324e-05,7.728757737332463e-05
2030-07-16 23:00:00,9.580721817453134e-05,7.58247620874111e-05,7.586519508672843e-05,7.472770164456415e-05
2030-07-17 00:00:00,9.479478410319601e-05,7.361665821587304e-05,7.458467423477893e-05,7.314936559942374e-05
2030-07-17 01:00:00,9.377259590398348e-05,7.365635762197443e-05,7.383325041676412e-05,7.206221354078276e-05
2030-07-17 02:00:00,9.232913939920216e-05,7.155831329926783e-05,7.31439781167103e-05,7.157941156129972e-05
2030-07-17 03:00:00,9.295601395728449e-05,7.135970806075618e-05,7.1853268213833e-05,7.108069821277733e-05
2030-07-17 04:00:00,9.396849433107842e-05,7.158876783537496e-05,7.323968503088606e-05,7.14853517844067e-05
2030-07-17 05:00:00,9.723548063272608e-05,7.842397290252585e-05,7.772723931716924e-05,7.839036632312721e-05
2030-07-17 06:00:00,9.877251957094274e-05,8.375220795684229e-05,8.372415455119984e-05,8.584055302869127e-05
2030-07-17 07:00:00,0.00010007099570872053,8.740734264231448e-05,8.698909907335484e-05,9.056542109221425e-05
2030-07-17 08:00:00,0.00010145402658358368,8.880635737297991e-05,8.983061454253833e-05,9.273077072831688e-05
2030-07-17 09:00:00,0.00010281251578366792,8.889352179515948e-05,9.217709315465628e-05,9.50185985282434e-05
2030-07-17 10:00:00,0.00010386929400808118,8.924788899987741e-05,9.346766875290924e-05,9.577410387602277e-05
2030-07-17 11:00:00,0.0001038392611217808,8.887923467632082e-05,9.345337844617006e-05,9.540781272997454e-05
2030-07-17 12:00:00,0.0001034657702674688,8.852974678389371e-05,9.347513989495204e-05,9.56392159189714e-05
2030-07-17 13:00:00,0.00010177917988757787,8.861542146687441e-05,9.334985096204279e-05,9.447681039810552e-05
2030-07-17 14:00:00,0.00010244980392029955,8.823593289658486e-05,9.227904505222165e-05,9.321620883862541e-05
2030-07-17 15:00:00,0.00010160318672297792,8.683805870952284e-05,9.017505156948331e-05,9.091773879106413e-05
2030-07-17 16:00:00,0.00010100384852159103,8.507141897112418e-05,8.844014544211324e-05,8.897630543893335e-05
2030-07-17 17:00:00,9.99552626080973e-05,8.116301305885979e-05,8.57621551649229e-05,8.608529773472045e-05
2030-07-17 18:00:00,0.00010036504193801218,7.971825192051014e-05,8.35519287044077e-05,8.37616941230848e-05
2030-07-17 19:00:00,9.990772777620236e-05,7.827696898427478e-05,8.204346163879661e-05,8.144680024554281e-05
2030-07-17 20:00:00,0.0001002299299154741,7.660405640939915e-05,8.010069927368474e-05,7.956440537612773e-05
2030-07-17 21:00:00,9.90357673981348e-05,7.529685501956848e-05,7.911912028026741e-05,7.845960155145409e-05
2030-07-17 22:00:00,9.794047293128506e-05,7.418424598062505e-05,7.664903860500613e-05,7.50028959197979e-05
2030-07-17 23:00:00,9.60043035262137e-05,7.295992798817554e-05,7.474932648428312e-05,7.239191344445014e-05
2030-07-18 00:00:00,9.544358183232275e-05,7.236280680605241e-05,7.352054039678819e-05,7.069892829236423e-05
2030-07-18 01:00:00,9.444794504493647e-05,7.237042602449422e-05,7.317779828912344e-05,7.026361681587344e-05
2030-07-18 02:00:00,9.335445989436745e-05,7.144937853573582e-05,7.271154264595962e-05,7.003787369139177e-05
2030-07-18 03:00:00,9.369414194976481e-05,7.08586572410496e-05,7.152072492525588e-05,6.976441276479959e-05
2030-07-18 04:00:00,9.477141941174823e-05,7.081475118606195e-05,7.245974152157142e-05,7.08919418695329e-05
2030-07-18 05:00:00,9.83148597571747e-05,7.698252916998268e-05,7.729941684807124e-05,7.704831348450018e-05
2030-07-18 06:00:00,0.0001000714357109787,8.294360654898387e-05,8.28398640906268e-05,8.44687385063966e-05
2030-07-18 07:00:00,0.00010124486543096746,8.597302330158025e-05,8.636875379966664e-05,8.901794734837068e-05
2030-07-18 08:00:00,0.00010282703322269304,8.618344754314059e-05,8.867421319228339e-05,9.201666750228726e-05
2030-07-18 09:00:00,0.00010398956007310534,8.816214647266198e-05,9.136729710100699e-05,9.484842356516987e-05
2030-07-18 10:00:00,0.00010333706328106222,8.974565913389886e-05,9.260594692216885e-05,9.553323189769081e-05
2030-07-18 11:00:00,0.00010457692464680045,8.943841408386982e-05,9.290452872105467e-05,9.547867331457098e-05
2030-07-18 12:00:00,0.00010432238909641203,8.970836841398523e-05,9.362903798929177e-05,9.583038745945979e-05
2030-07-18 13:00:00,0.00010242011870441007,8.90142110581489e-05,9.364097029543238e-05,9.518114524351532e-05
2030-07-18 14:00:00,0.0001030644473415191,8.873030282521732e-05,9.266569408180995e-05,9.398181716593372e-05
2030-07-18 15:00:00,0.00010218605518806045,8.671641073135137e-05,9.076663304807364e-05,9.110893174729367e-05
2030-07-18 16:00:00,0.00010245092564067791,8.421945212377704e-05,8.928771503877193e-05,8.907763370298112e-05
2030-07-18 17:00:00,0.00010192972254725936,8.081288310101174e-05,8.660473413169467e-05,8.650368421534508e-05
2030-07-18 18:00:00,0.00010091612175217902,7.95161932509711e-05,8.447426270722306e-05,8.455771921170611e-05
2030-07-18 19:00:00,9.940769399811808e-05,7.779963039964399e-05,8.265570255905736e-05,8.216173231444953e-05
2030-07-18 20:00:00,9.891774393517696e-05,7.675402522513049e-05,8.083787474642896e-05,8.021338854624098e-05
2030-07-18 21:00:00,9.678125149453908e-05,7.60381114851014e-05,7.98061861645774e-05,7.884715240471893e-05
2030-07-18 22:00:00,9.718148048747627e-05,7.417196595972657e-05,7.768896300664686e-05,7.494789767064432e-05
2030-07-18 23:00:00,9.399072297668212e-05,7.231668954491549e-05,7.552844501927021e-05,7.263101958672688e-05
2030-07-19 00:00:00,9.356508270530352e-05,7.076109495615569e-05,7.388993632327919e-05,7.111956288714879e-05
2030-07-19 01:00:00,9.275721015035475e-05,6.938089467451465e-05,7.338768739003837e-05,7.044834349911636e-05
2030-07-19 02:00:00,9.147813304489085e-05,6.821622380197042e-05,7.310119233252864e-05,6.998345029512413e-05
2030-07-19 03:00:00,9.297294647368659e-05,6.860881379266392e-05,7.194201432415013e-05,6.985601084289912e-05
2030-07-19 04:00:00,9.395185844842157e-05,6.954785017253195e-05,7.357618819509249e-05,7.16763501398504e-05
2030-07-19 05:00:00,9.803846294329147e-05,7.758573070275505e-05,7.894778933833615e-05,7.943499472338626e-05
2030-07-19 06:00:00,9.882269646986684e-05,8.336634831217519e-05,8.565825315501412e-05,8.856462397589766e-05
2030-07-19 07:00:00,0.00010022104273626753,8.5789235677033e-05,8.973192032926623e-05,9.362451425395884e-05
2030-07-19 08:00:00,0.00010163227612780667,8.779514094746646e-05,9.189834415815443e-05,9.581293438788011e-05
2030-07-19 09:00:00,0.00010224898319514501,8.928279988198243e-05,9.393715893837127e-05,9.868811151140203e-05
2030-07-19 10:00:00,0.00010165980943701211,9.01475048388094e-05,9.467008369547915e-05,9.935168201592658e-05
2030-07-19 11:00:00,0.00010402633151406092,8.921883855866417e-05,9.475171894635726e-05,9.92534960263065e-05
2030-07-19 12:00:00,0.00010445161104779832,8.800239806768454e-05,9.512839057896968e-05,9.983456978769987e-05
2030-07-19 13:00:00,0.00010320500515087154,8.784480059680872e-05,9.493338720222416e-05,9.905518714160255e-05
2030-07-19 14:00:00,0.0001031560917167154,8.74119348873813e-05,9.380076002782232e-05,9.77327045641552e-05
2030-07-19 15:00:00,0.00010323985424045225,8.533381985749036e-05,9.178239811029627e-05,9.459654597619588e-05
2030-07-19 16:00:00,0.00010286877402032363,8.313549956088223e-05,8.969770689893296e-05,9.22077030430227e-05
2030-07-19 17:00:00,0.00010073251968962309,8.120452253043448e-05,8.692639543449179e-05,8.915411086343919e-05
2030-07-19 18:00:00,0.00010085642056284414,7.954640383579391e-05,8.473970482383355e-05,8.702778506965979e-05
2030-07-19 19:00:00,9.838296716863632e-05,7.776927960024668e-05,8.267092806254861e-05,8.40200849379734e-05
2030-07-19 20:00:00,9.785457642758417e-05,7.696177926822293e-05,8.073530114416968e-05,8.199352964063372e-05
2030-07-19 21:00:00,9.64628421958947e-05,7.639727994288657e-05,7.960505902501928e-05,8.047795123473506e-05
2030-07-19 22:00:00,9.619859578444321e-05,7.501732058821272e-05,7.681037136489621e-05,7.668544067293264e-05
2030-07-19 23:00:00,9.41355804281313e-05,7.460598670813663e-05,7.469978711377296e-05,7.397189201520404e-05
2030-07-20 00:00:00,9.304174592998119e-05,7.276208790990823e-05,7.370072370813192e-05,7.234404950176254e-05
2030-07-20 01:00:00,9.220032884663847e-05,7.127184861088591e-05,7.352179820243117e-05,7.160546321259272e-05
2030-07-20 02:00:00,9.178340157584288e-05,7.111011219070978e-05,7.289117555584657e-05,7.096011111140649e-05
2030-07-20 03:00:00,9.197111784450895e-05,7.114867886102787e-05,7.19606324990173e-05,7.113098878714894e-05
2030-07-20 04:00:00,9.432924861861343e-05,7.266143180594777e-05,7.346003081987899e-05,7.210412582584895e-05
2030-07-20 05:00:00,9.782808061717876e-05,7.87390639277088e-05,7.93077195748619e-05,7.979464798956038e-05
2030-07-20 06:00:00,9.955613940447816e-05,8.517734038804001e-05,8.594635146085565e-05,8.847658696349372e-05
2030-07-20 07:00:00,0.00010028353114963301,8.92577985843654e-05,8.99342428447344e-05,9.315946081205275e-05
2030-07-20 08:00:00,0.0001011258468820594,9.271636109947359e-05,9.262686437707147e-05,9.61440998769353e-05
2030-07-20 09:00:00,0.00010219934176491167,9.269423803703667e-05,9.478335838803814e-05,9.87796500435483e-05
2030-07-20 10:00:00,0.00010172066221022353,9.223901260629213e-05,9.564007904446128e-05,9.924484469276277e-05
2030-07-20 11:00:00,0.00010263480679097525,9.208620409747733e-05,9.608431238619303e-05,9.883825050367007e-05
2030-07-20 12:00:00,0.00010214553206878407,9.099656489959186e-05,9.598425732188287e-05,9.936545815145519e-05
2030-07-20 13:00:00,0.00010126276029266809,9.026439408776198e-05,9.51978481246403e-05,9.867458973305896e-05
2030-07-20 14:00:00,0.00010161203363372008,9.005886757976607e-05,9.398274819985969e-05,9.745260362598797e-05
2030-07-20 15:00:00,0.00010040484834371057,8.819473391184281e-05,9.19167886717738e-05,9.383579241866209e-05
2030-07-20 16:00:00,0.00010025293991589887,8.64513661193725e-05,9.023891439356743e-05,9.130837251980786e-05
2030-07-20 17:00:00,0.00010005320737508396,8.450911320864648e-05,8.749726151688819e-05,8.80738749010633e-05
2030-07-20 18:00:00,9.936119729572416e-05,8.29116054937268e-05,8.519039165324406e-05,8.575708970377689e-05
2030-07-20 19:00:00,9.807550870608481e-05,8.114802337101312e-05,8.307062759132719e-05,8.298640577868738e-05
2030-07-20 20:00:00,9.812913495220267e-05,7.91650590804677e-05,8.10555040616153e-05,8.093888126697268e-05
2030-07-20 21:00:00,9.741968844402261e-05,7.738430109754614e-05,7.97273330973082e-05,7.952209671630588e-05
2030-07-20 22:00:00,9.649713649923319e-05,7.536873971068821e-05,7.695594163247719e-05,7.58254673358361e-05
2030-07-20 23:00:00,9.435426135262898e-05,7.393425610271037e-05,7.468828977625044e-05,7.295333002212928e-05
2030-07-21 00:00:00,9.386523987605367e-05,7.16945550292089e-05,7.373924648879288e-05,7.143787599194199e-05
2030-07-21 01:00:00,9.32822823408151e-05,7.127369521476204e-05,7.274194686111477e-05,7.067169169300597e-05
2030-07-21 02:00:00,9.231262322446224e-05,7.031282826240864e-05,7.234584459134447e-05,7.013134666248154e-05
2030-07-21 03:00:00,9.39092745735971e-05,7.057723168539492e-05,7.114148720512828e-05,7.017961728621611e-05
2030-07-21 04:00:00,9.459274523425922e-05,7.37600086433483e-05,7.265519868564594e-05,7.167747954921978e-05
2030-07-21 05:00:00,9.836119912878309e-05,8.065911858736695e-05,7.838385885288098e-05,7.930742190928749e-05
2030-07-21 06:00:00,9.895798266668378e-05,8.609353671455898e-05,8.45666561819244e-05,8.861126436104148e-05
2030-07-21 07:00:00,0.00010025092664446762,8.89132817954997e-05,8.841295680373479e-05,9.294629472186352e-05
2030-07-21 08:00:00,0.00010209971692496523,9.073965076392487e-05,9.081721286858891e-05,9.566347567613925e-05
2030-07-21 09:00:00,0.00010260500916070138,9.180782839857335e-05,9.311621823583219e-05,9.818292542323054e-05
2030-07-21 10:00:00,0.00010240010884765608,9.121048195356368e-05,9.401007964070578e-05,9.848355045005198e-05
2030-07-21 11:00:00,0.0001043317426383179,9.095987659838989e-05,9.486218166754192e-05,9.807845388956212e-05
2030-07-21 12:00:00,0.00010430568930263027,9.088322351507947e-05,9.460080767423595e-05,9.82688129670311e-05
2030-07-21 13:00:00,0.00010096318927644852,9.056474311159247e-05,9.43652335390467e-05,9.728357782803073e-05
2030-07-21 14:00:00,0.0001017227669459988,8.91469018737053e-05,9.35964310686201e-05,9.598803064221216e-05
2030-07-21 15:00:00,0.00010014849463893787,8.690057668594551e-05,9.158923671007849e-05,9.256914548816195e-05
2030-07-21 16:00:00,0.00010154518155390738,8.50301100171047e-05,8.951112222963705e-05,9.024970036678828e-05
2030-07-21 17:00:00,0.00010127181460812057,8.240593127570675e-05,8.654291566143205e-05,8.740465099868895e-05
2030-07-21 18:00:00,0.00010076645997008492,8.041824927372798e-05,8.4401677997904e-05,8.512298022673653e-05
2030-07-21 19:00:00,9.936135059883202e-05,7.896869686479693e-05,8.229048164598533e-05,8.23279823263236e-05
2030-07-21 20:00:00,9.988768763410913e-05,7.73300585771166e-05,8.057127699336164e-05,8.031166899104283e-05
2030-07-21 21:00:00,9.836410824058171e-05,7.579592908932186e-05,7.922173230725488e-05,7.887564867313274e-05
2030-07-21 22:00:00,9.785904443726382e-05,7.464644738067404e-05,7.677926367501733e-05,7.500092385975478e-05
2030-07-21 23:00:00,9.630018031513976e-05,7.24407989016784e-05,7.500936329541896e-05,7.234422298245589e-05
2030-07-22 00:00:00,9.482552318682375e-05,7.062815418836931e-05,7.389882765516103e-05,7.110387880795824e-05
2030-07-22 01:00:00,9.456475463164049e-05,6.975509482164851e-05,7.279096479785432e-05,7.042822470021557e-05
2030-07-22 02:00:00,9.360272055317406e-05,6.929390063226515e-05,7.245243403449998e-05,7.028497950300469e-05
2030-07-22 03:00:00,9.432579694621361e-05,6.857493308485237e-05,7.18997322506982e-05,7.030307834572544e-05
2030-07-22 04:00:00,9.516692636323874e-05,6.995770952383814e-05,7.320383764059714e-05,7.216434904576164e-05
2030-07-22 05:00:00,9.88959990056187e-05,7.719340735199594e-05,7.928077671888898e-05,7.991893405278616e-05
2030-07-22 06:00:00,0.00010145310878423813,8.388610249031992e-05,8.570363061666088e-05,8.865099592655837e-05
2030-07-22 07:00:00,0.00010286941081099291,8.805901672638512e-05,8.968917705268716e-05,9.31416889056971e-05
2030-07-22 08:00:00,0.00010456354651451222,9.006885569105422e-05,9.174885112908536e-05,9.57610306407018e-05
2030-07-22 09:00:00,0.00010522289833685445,9.057204457370164e-05,9.423717718099232e-05,9.841012950283698e-05
2030-07-22 10:00:00,0.00010599289566205847,9.13255081238964e-05,9.493072101976531e-05,9.877674071015417e-05
2030-07-22 11:00:00,0.00010744073139176694,9.118523317100612e-05,9.511679326497542e-05,9.872997359978327e-05
2030-07-22 12:00:00,0.00010822569450079146,9.195298068406682e-05,9.49511936590788e-05,9.92030724788911e-05
2030-07-22 13:00:00,0.00010705576488311745,9.198675244070626e-05,9.475181530055741e-05,9.833685966675883e-05
2030-07-22 14:00:00,0.0001057484058933802,9.085278838189394e-05,9.369547025821639e-05,9.656244931429084e-05
2030-07-22 15:00:00,0.000104395692003542,8.789249265564599e-05,9.180027394307269e-05,9.276038817979662e-05
2030-07-22 16:00:00,0.00010453737290185096,8.568049333803017e-05,9.00414445332141e-05,9.014278587759864e-05
2030-07-22 17:00:00,0.0001025084012554819,8.399978459895053e-05,8.706437819068038e-05,8.713031290043594e-05
2030-07-22 18:00:00,0.00010169220253964389,8.19220334973088e-05,8.44973619867055e-05,8.458643758464503e-05
2030-07-22 19:00:00,0.00010024762207885198,7.998973966476625e-05,8.228569498385821e-05,8.193177659187029e-05
2030-07-22 20:00:00,0.00010074999747114578,7.814558366048864e-05,8.024697335673895e-05,8.02015816713091e-05
2030-07-22 21:00:00,9.944693223660399e-05,7.736588960195893e-05,7.890635842982042e-05,7.850302056631931e-05
2030-07-22 22:00:00,9.914915442045256e-05,7.60907547395069e-05,7.659740609258348e-05,7.50662810939921e-05
2030-07-22 23:00:00,9.68805917706016e-05,7.524437906583092e-05,7.426335497275043e-05,7.248134248736208e-05
2030-07-23 00:00:00,9.626395424666154e-05,7.318175758318114e-05,7.341151603407653e-05,7.08103738798972e-05
2030-07-23 01:00:00,9.537365086797564e-05,7.257198084878515e-05,7.256181693163846e-05,7.004994097647516e-05
2030-07-23 02:00:00,9.42320549171998e-05,7.185330501261124e-05,7.205393904788345e-05,6.98023053911353e-05
2030-07-23 03:00:00,9.434182792640834e-05,7.146763214602311e-05,7.14113780906018e-05,7.016709725214001e-05
2030-07-23 04:00:00,9.586766292983763e-05,7.242025255346458e-05,7.215135633860249e-05,7.101683494556382e-05
2030-07-23 05:00:00,9.91607696080112e-05,7.878714402207751e-05,7.688865878983151e-05,7.771929646842084e-05
2030-07-23 06:00:00,0.00010094168140209808,8.400932069617302e-05,8.227250827709962e-05,8.540408047898288e-05
2030-07-23 07:00:00,0.00010202895271179935,8.722659568733486e-05,8.573816456422032e-05,8.965504844118542e-05
2030-07-23 08:00:00,0.00010368479513417842,8.835687692997798e-05,8.794584033423075e-05,9.231739785759315e-05
2030-07-23 09:00:00,0.00010489626256377205,8.940734994717002e-05,9.016676923281943e-05,9.480642247684999e-05
2030-07-23 10:00:00,0.0001040462265958536,9.051851822476031e-05,9.132893722809865e-05,9.56567294299769e-05
2030-07-23 11:00:00,0.00010334946144881135,9.001492810658657e-05,9.12444065801731e-05,9.588848528137742e-05
2030-07-23 12:00:00,0.00010389330092596454,9.050307102090435e-05,9.142749834706426e-05,9.628683909343398e-05
2030-07-23 13:00:00,0.00010262662443971804,8.997629414022053e-05,9.119613443839157e-05,9.517457934903296e-05
2030-07-23 14:00:00,0.00010320855828173385,8.898990294527276e-05,9.013783526051003e-05,9.403363250331672e-05
2030-07-23 15:00:00,0.00010374564651585896,8.681848404482092e-05,8.824801353200737e-05,9.118273447123151e-05
2030-07-23 16:00:00,0.00010369055840042757,8.538501377513107e-05,8.634032822517743e-05,8.92407164804478e-05
2030-07-23 17:00:00,0.00010262430445254903,8.23815999563937e-05,8.404761253944576e-05,8.619686213055057e-05
2030-07-23 18:00:00,0.00010250426208549409,8.095405657708115e-05,8.232104258214982e-05,8.413858489255622e-05
2030-07-23 19:00:00,0.00010012994512076079,7.982116234335433e-05,8.074844911618258e-05,8.159613830073342e-05
2030-07-23 20:00:00,0.00010024041150748029,7.846065059608775e-05,7.924677871679961e-05,7.97040172800677e-05
2030-07-23 21:00:00,9.976067492447921e-05,7.779586642725156e-05,7.77057149475125e-05,7.776024023318407e-05
2030-07-23 22:00:00,9.89742108508887e-05,7.581455509880223e-05,7.517146549530013e-05,7.412912516872542e-05
2030-07-23 23:00:00,9.75293698318809e-05,7.382040454601193e-05,7.396623067895318e-05,7.180977418520434e-05
2030-07-24 00:00:00,9.648896667533973e-05,7.268655623055088e-05,7.263112388307439e-05,6.996170937931122e-05
2030-07-24 01:00:00,9.551147203277336e-05,7.293167179155557e-05,7.19884737389823e-05,6.918736088029312e-05
2030-07-24 02:00:00,9.560689185992244e-05,7.125269163086795e-05,7.147144272043608e-05,6.899345087644151e-05
2030-07-24 03:00:00,9.676249839779327e-05,7.044571396526929e-05,7.071317768831286e-05,6.924371424668904e-05
2030-07-24 04:00:00,9.7042904219934e-05,7.146451163805505e-05,7.132682525970708e-05,7.00136032985991e-05
2030-07-24 05:00:00,0.00010024323365006447,7.820345358664631e-05,7.589982776432491e-05,7.64628111952327e-05
2030-07-24 06:00:00,0.00010253193822186897,8.349555236140838e-05,8.144657607489726e-05,8.43174029302653e-05
2030-07-24 07:00:00,0.00010424454689291583,8.704061940998928e-05,8.525498890715726e-05,8.8838983052104e-05
2030-07-24 08:00:00,0.00010551199786034763,8.915619167688633e-05,8.798963609812609e-05,9.164832606759689e-05
2030-07-24 09:00:00,0.00010578731042722696,9.07386589467744e-05,9.051582563859875e-05,9.445669662281387e-05
2030-07-24 10:00:00,0.00010693375100752276,9.100212491211918e-05,9.178869436688594e-05,9.493811696301179e-05
2030-07-24 11:00:00,0.0001070154861154213,9.051198106572843e-05,9.184719794502385e-05,9.467014735801683e-05
2030-07-24 12:00:00,0.00010671585966044287,8.994665891044985e-05,9.223802231245721e-05,9.485346739818229e-05
2030-07-24 13:00:00,0.00010601840067114322,8.920443334542192e-05,9.209812952121343e-05,9.414029128722109e-05
2030-07-24 14:00:00,0.00010687075101996219,8.799780231810887e-05,9.115721448861417e-05,9.260481527419766e-05
2030-07-24 15:00:00,0.00010593582678083082,8.540042940015637e-05,8.943289872841872e-05,9.012708974055308e-05
2030-07-24 16:00:00,0.00010554080577815997,8.304194345808299e-05,8.790067026022328e-05,8.81981926062384e-05
2030-07-24 17:00:00,0.00010428855186825799,8.111089543118183e-05,8.549356805297708e-05,8.569207686573556e-05
2030-07-24 18:00:00,0.00010335874868900677,8.049300363307236e-05,8.322156596175201e-05,8.340998391723209e-05
2030-07-24 19:00:00,0.00010080556632026492,7.875836631472751e-05,8.138847928228156e-05,8.091971846278014e-05
2030-07-24 20:00:00,0.00010028432200262804,7.707016144638471e-05,7.994837704826864e-05,7.946602347509519e-05
2030-07-24 21:00:00,9.871122535781815e-05,7.586005437918817e-05,7.821156450507962e-05,7.79413048548554e-05
2030-07-24 22:00:00,9.862544598483198e-05,7.46219775704042e-05,7.576732757567627e-05,7.44687487087612e-05
2030-07-24 23:00:00,9.851026312619784e-05,7.313882760747535e-05,7.380349038988076e-05,7.165886408813793e-05
2030-07-25 00:00:00,9.799666756766192e-05,7.165248732431061e-05,7.243583653714181e-05,7.023493901424716e-05
2030-07-25 01:00:00,9.657108976333405e-05,7.16853074687448e-05,7.181334523154162e-05,6.91779397253444e-05
2030-07-25 02:00:00,9.563209454658797e-05,7.137282611956996e-05,7.145501519341482e-05,6.865669859273124e-05
2030-07-25 03:00:00,9.683722205132754e-05,7.003081658294241e-05,7.068920025079712e-05,6.900403447486597e-05
2030-07-25 04:00:00,9.714800661692108e-05,7.132240182196968e-05,7.152811421481063e-05,6.952658961039806e-05
2030-07-25 05:00:00,9.978456450684857e-05,7.724721100840935e-05,7.633381453841315e-05,7.525555086656106e-05
2030-07-25 06:00:00,0.00010164136527814542,8.29076243362422e-05,8.207304897626999e-05,8.308236166795829e-05
2030-07-25 07:00:00,0.0001041529074621673,8.664950613467764e-05,8.59857614046028e-05,8.775773357598042e-05
2030-07-25 08:00:00,0.0001058399999165115,8.79923606745373e-05,8.905321730388133e-05,9.07931100714066e-05
2030-07-25 09:00:00,0.00010651231007366663,8.87854163636995e-05,9.165703238278911e-05,9.346332165588277e-05
2030-07-25 10:00:00,0.00010747617450889968,8.989739608233457e-05,9.304423274510677e-05,9.425768014305127e-05
2030-07-25 11:00:00,0.00010837122248728386,9.094227029861414e-05,9.32827914165149e-05,9.45659527308526e-05
2030-07-25 12:00:00,0.00010849906846055295,9.071354799080556e-05,9.364692435310879e-05,9.539968573125027e-05
2030-07-25 13:00:00,0.00010667553724850232,8.931212841016201e-05,9.366675517294239e-05,9.466569263096627e-05
2030-07-25 14:00:00,0.00010597464719402706,8.79042830731937e-05,9.246222467037219e-05,9.367555876787748e-05
2030-07-25 15:00:00,0.00010615805989944139,8.692387865946308e-05,9.012431774400555e-05,9.133256376342361e-05
2030-07-25 16:00:00,0.00010625414575951312,8.562328071557721e-05,8.869223332740675e-05,8.934888810418267e-05
2030-07-25 17:00:00,0.0001054892740548618,8.332243728304963e-05,8.640555907489724e-05,8.703731863538835e-05
2030-07-25 18:00:00,0.00010518422707774223,8.185332810062439e-05,8.44083439265618e-05,8.499042996269789e-05
2030-07-25 19:00:00,0.00010346933269445863,8.057972768946817e-05,8.225350859241139e-05,8.266863280117077e-05
2030-07-25 20:00:00,0.00010395417683786339,7.915888916965861e-05,8.04735370598306e-05,8.107318401346968e-05
2030-07-25 21:00:00,0.00010270460164168432,7.746405378279671e-05,7.895795414947801e-05,7.906131400855754e-05
2030-07-25 22:00:00,0.00010146258372918505,7.552792589932518e-05,7.604067889408283e-05,7.53392862192642e-05
2030-07-25 23:00:00,0.00010022737013254191,7.413718996705361e-05,7.40549074844169e-05,7.245142088307933e-05
2030-07-26 00:00:00,9.946000204537975e-05,7.187194433729767e-05,7.311092143562441e-05,7.092652708244052e-05
2030-07-26 01:00:00,9.8876721283337e-05,7.1617829579995e-05,7.235276287959862e-05,7.001973798811611e-05
2030-07-26 02:00:00,9.69166223291429e-05,7.064611148675077e-05,7.231758080475327e-05,6.951038561696863e-05
2030-07-26 03:00:00,9.696951171258008e-05,7.027078335012158e-05,7.141179597620307e-05,7.013744488722092e-05
2030-07-26 04:00:00,9.79882475951326e-05,7.161005529989014e-05,7.258834857545731e-05,7.12641788492314e-05
2030-07-26 05:00:00,0.00010094774222451776,7.8269980766757e-05,7.8339243070978e-05,7.887248488620409e-05
2030-07-26 06:00:00,0.0001028982299138532,8.472544409569044e-05,8.48024649330923e-05,8.837809599014277e-05
2030-07-26 07:00:00,0.0001047710375497282,8.817040769494155e-05,8.941421041083525e-05,9.359184320717657e-05
2030-07-26 08:00:00,0.0001070605991013009,9.143336741679534e-05,9.19967241647185e-05,9.64079365332474e-05
2030-07-26 09:00:00,0.0001075317326374114,9.190162043222194e-05,9.445477361122735e-05,9.888509893653636e-05
2030-07-26 10:00:00,0.00010756853751558006,9.358136064380112e-05,9.533877196899753e-05,9.956906320495724e-05
2030-07-26 11:00:00,0.00010938642514653699,9.329031549669897e-05,9.553523554026774e-05,9.933997623110113e-05
2030-07-26 12:00:00,0.00010965634310823045,9.286089841299388e-05,9.582239267184142e-05,9.995941608761663e-05
2030-07-26 13:00:00,0.00010840305501847911,9.263900763656059e-05,9.561238715310769e-05,9.972153004926387e-05
2030-07-26 14:00:00,0.00010821419953233842,9.094551082427634e-05,9.50426547431666e-05,9.804664880773799e-05
2030-07-26 15:00:00,0.00010773784758365824,8.826249496474755e-05,9.309332237923389e-05,9.47419210051642e-05
2030-07-26 16:00:00,0.0001073839808250225,8.641820276282424e-05,9.138561195514742e-05,9.232560785024949e-05
2030-07-26 17:00:00,0.0001060372404111496,8.266780223292144e-05,8.842466304034824e-05,8.914612257968833e-05
2030-07-26 18:00:00,0.00010387117487874837,8.09521500417751e-05,8.591496234391187e-05,8.683501998863754e-05
2030-07-26 19:00:00,0.00010292466360757042,7.925029734910296e-05,8.401566762712809e-05,8.379645069061556e-05
2030-07-26 20:00:00,0.00010282904636049368,7.771233078658171e-05,8.219099158834401e-05,8.187601443394579e-05
2030-07-26 21:00:00,0.00010202255497921053,7.658548753702627e-05,8.059635167088806e-05,7.96724675678286e-05
2030-07-26 22:00:00,0.00010057460637971005,7.500146048047806e-05,7.729139973424453e-05,7.608667865252584e-05
2030-07-26 23:00:00,9.900890425095684e-05,7.331675275306957e-05,7.511159067019181e-05,7.332276834829275e-05
2030-07-27 00:00:00,9.708221553669963e-05,7.167969983706562e-05,7.38255168465766e-05,7.184135557411627e-05
2030-07-27 01:00:00,9.592085947995253e-05,7.104711006398822e-05,7.30853492718656e-05,7.126395670309187e-05
2030-07-27 02:00:00,9.459478511475263e-05,7.076314646284798e-05,7.289409526083539e-05,7.094862056107434e-05
2030-07-27 03:00:00,9.476692476072784e-05,7.03233779180162e-05,7.192302619843502e-05,7.164966555501628e-05
2030-07-27 04:00:00,9.596481308144982e-05,7.178814717275831e-05,7.35151848061277e-05,7.314266363781815e-05
2030-07-27 05:00:00,9.967046637842224e-05,7.880273936364e-05,7.97583634070774e-05,8.126920361400472e-05
2030-07-27 06:00:00,0.00010216270074757347,8.621992413939032e-05,8.66551512183433e-05,9.042047576149371e-05
2030-07-27 07:00:00,0.00010382464764163731,9.068472150788537e-05,9.065932261032039e-05,9.548429985864384e-05
2030-07-27 08:00:00,0.00010583256639703706,9.186026819461932e-05,9.327815781723204e-05,9.841183036829137e-05
2030-07-27 09:00:00,0.00010660963134072896,9.278979515129729e-05,9.596427219687565e-05,0.00010101354946431384
2030-07-27 10:00:00,0.00010630233544429376,9.259653992306053e-05,9.68346293701452e-05,0.00010173155492895783
2030-07-27 11:00:00,0.00010735307741572794,9.144786701960366e-05,9.700253249400477e-05,0.00010135015618954399
2030-07-27 12:00:00,0.00010658731604627506,9.081648602326969e-05,9.678556621295512e-05,0.00010147180150098219
2030-07-27 13:00:00,0.00010606685771656097,9.060638467018311e-05,9.634653267708277e-05,0.00010030917956023564
2030-07-27 14:00:00,0.00010603020389118064,9.049874919287382e-05,9.539363186194482e-05,9.909418638262733e-05
2030-07-27 15:00:00,0.00010626816518514342,8.760444395896717e-05,9.326960398301112e-05,9.582697179373974e-05
2030-07-27 16:00:00,0.00010574932170178677,8.591136686049913e-05,9.139040945101495e-05,9.316434141727182e-05
2030-07-27 17:00:00,0.00010235981768207544,8.363377409412898e-05,8.850872130019716e-05,9.016784831450514e-05
2030-07-27 18:00:00,0.00010038343044200721,8.209235050713127e-05,8.628738298769689e-05,8.796033564295677e-05
2030-07-27 19:00:00,9.99311343633788e-05,8.021763956164299e-05,8.427742845495929e-05,8.524826439945889e-05
2030-07-27 20:00:00,0.00010013472279411418,7.821176959767386e-05,8.285534666239864e-05,8.375108069016732e-05
2030-07-27 21:00:00,9.899465770509835e-05,7.756519581964275e-05,8.155459660957842e-05,8.097252132003446e-05
2030-07-27 22:00:00,9.810831982579381e-05,7.542614959255057e-05,7.902932187751408e-05,7.750673594811748e-05
2030-07-27 23:00:00,9.561258708803337e-05,7.406117714942266e-05,7.71196552164451e-05,7.478918368218013e-05
2030-07-28 00:00:00,9.574003271071816e-05,7.349214889158064e-05,7.600721224480919e-05,7.332945163719315e-05
2030-07-28 01:00:00,9.54404715093386e-05,7.216874602070455e-05,7.493559286792457e-05,7.227876544184031e-05
2030-07-28 02:00:00,9.441108427305013e-05,7.22469536617738e-05,7.449932430906629e-05,7.209500071095891e-05
2030-07-28 03:00:00,9.509751050722275e-05,7.13214241719614e-05,7.391063339898843e-05,7.25262219650545e-05
2030-07-28 04:00:00,9.685681088602006e-05,7.269171260146873e-05,7.529265088585286e-05,7.353812500398794e-05
2030-07-28 05:00:00,9.98645923731719e-05,7.867375067887816e-05,8.093139887629028e-05,8.117690720479249e-05
2030-07-28 06:00:00,0.00010087624498363184,8.533171546288138e-05,8.691303730833346e-05,9.00528990907795e-05
2030-07-28 07:00:00,0.00010388681214996462,8.924727498449688e-05,9.071005997197986e-05,9.44092634261235e-05
2030-07-28 08:00:00,0.00010600197903862566,9.147495449270788e-05,9.355394712439495e-05,9.644297617864566e-05
2030-07-28 09:00:00,0.00010791883810210572,9.257546658274338e-05,9.553158830878864e-05,9.921842402749547e-05
2030-07-28 10:00:00,0.00010692759210820683,9.408160693760709e-05,9.615421843648282e-05,9.960330207698551e-05
2030-07-28 11:00:00,0.00010841691297248247,9.476672356828799e-05,9.632682049744422e-05,9.956254096899174e-05
2030-07-28 12:00:00,0.00010922021585131972,9.281359298234978e-05,9.636595415851944e-05,0.00010004771499810071
2030-07-28 13:00:00,0.00010745915939067,9.160241686578683e-05,9.587000770347492e-05,9.91153475867026e-05
2030-07-28 14:00:00,0.00010785683925167586,9.064515392259106e-05,9.475115822937629e-05,9.76919324928661e-05
2030-07-28 15:00:00,0.00010735032385266678,8.862274596406762e-05,9.252994406977783e-05,9.434007469515549e-05
2030-07-28 16:00:00,0.00010640071926465556,8.734853747972191e-05,9.105241240926425e-05,9.191567137284652e-05
2030-07-28 17:00:00,0.0001050113341720032,8.501433132336727e-05,8.864490761984613e-05,8.914530431950886e-05
2030-07-28 18:00:00,0.00010456132485076916,8.155260718058239e-05,8.65627541573978e-05,8.677118093097306e-05
2030-07-28 19:00:00,0.00010234155216467365,8.041055987022773e-05,8.474477124250295e-05,8.437667016567569e-05
2030-07-28 20:00:00,0.00010157843135960654,7.833504431799455e-05,8.343428959085858e-05,8.296846195998992e-05
2030-07-28 21:00:00,0.00010023372665168961,7.778019493851751e-05,8.158604621143492e-05,8.070257644167025e-05
2030-07-28 22:00:00,9.987439704321184e-05,7.448154005085059e-05,7.90047409794113e-05,7.704782770085411e-05
2030-07-28 23:00:00,9.786092482156781e-05,7.267090926724112e-05,7.725241056417312e-05,7.456289761934053e-05
2030-07-29 00:00:00,9.691468219155849e-05,7.134322263593475e-05,7.561300233287646e-05,7.319227960111543e-05
2030-07-29 01:00:00,9.675985060709104e-05,6.979463108213935e-05,7.464275141772208e-05,7.244134288344384e-05
2030-07-29 02:00:00,9.643972142814298e-05,6.876668614762034e-05,7.465483025636964e-05,7.250229906166224e-05
2030-07-29 03:00:00,9.613540846867001e-05,6.896727815874661e-05,7.460686035389109e-05,7.310536089989628e-05
2030-07-29 04:00:00,9.745189833210818e-05,7.06239736229715e-05,7.543655967271223e-05,7.479852224199138e-05
2030-07-29 05:00:00,0.00010001987438802926,7.810858035070454e-05,8.110977668685968e-05,8.307573173339472e-05
2030-07-29 06:00:00,0.00010235086232003492,8.554233619810122e-05,8.787225594037423e-05,9.26216232611623e-05
2030-07-29 07:00:00,0.00010381086750230711,8.940657868676801e-05,9.196857544677007e-05,9.769273803013211e-05
2030-07-29 08:00:00,0.00010598160862892475,9.232962459411939e-05,9.454413596162563e-05,0.00010033521950934619
2030-07-29 09:00:00,0.00010699451573382494,9.359763693988825e-05,9.705547211917643e-05,0.00010284812064945198
2030-07-29 10:00:00,0.00010650181228793893,9.431428965463268e-05,9.817945590649196e-05,0.00010347241569570041
2030-07-29 11:00:00,0.00010699957919854299,9.394772615811714e-05,9.854727885499689e-05,0.00010313947101662176
2030-07-29 12:00:00,0.00010737455126308129,9.479014593802929e-05,9.88820940311934e-05,0.00010311987046744797
2030-07-29 13:00:00,0.00010648323397435748,9.39932815139206e-05,9.831158507910657e-05,0.00010189640508750349
2030-07-29 14:00:00,0.00010645306903093593,9.227236757804118e-05,9.73242824687468e-05,9.99475067989877e-05
2030-07-29 15:00:00,0.00010575017819937321,8.899907833030742e-05,9.48979662927565e-05,9.629250495161536e-05
2030-07-29 16:00:00,0.00010482516546301437,8.675543981249758e-05,9.313081551091433e-05,9.36821984969365e-05
2030-07-29 17:00:00,0.00010331512004915825,8.323086137790473e-05,8.991248293908642e-05,9.037825424801775e-05
2030-07-29 18:00:00,0.00010209473112556734,8.080181066736058e-05,8.702616228884767e-05,8.759183916575323e-05
2030-07-29 19:00:00,0.00010112618507328608,7.845533905803044e-05,8.490610344175068e-05,8.493604194579851e-05
2030-07-29 20:00:00,0.00010110101925551382,7.733146864800908e-05,8.329509831117446e-05,8.322698358804567e-05
2030-07-29 21:00:00,9.972964705690271e-05,7.612994417617255e-05,8.142730457254727e-05,8.045963737205352e-05
2030-07-29 22:00:00,9.86588658801174e-05,7.44132484747038e-05,7.890934455544619e-05,7.703630887863109e-05
2030-07-29 23:00:00,9.743518583387359e-05,7.236271743612266e-05,7.659887077684817e-05,7.422750916178606e-05
2030-07-30 00:00:00,9.735319532227713e-05,7.049294341148487e-05,7.544976240983369e-05,7.253830727776128e-05
2030-07-30 01:00:00,9.642020110778666e-05,7.033145127049531e-05,7.439882168992628e-05,7.159605440174983e-05
2030-07-30 02:00:00,9.575731531914639e-05,6.994670095633471e-05,7.44500487882055e-05,7.084340044631406e-05
2030-07-30 03:00:00,9.651086435963985e-05,6.988510837494755e-05,7.418973294563431e-05,7.154983106675925e-05
2030-07-30 04:00:00,9.708315868097955e-05,7.121433876694063e-05,7.501261365019002e-05,7.234877259867275e-05
2030-07-30 05:00:00,0.00010170519555918228,7.715497610597654e-05,8.045207873607304e-05,7.874228402343726e-05
2030-07-30 06:00:00,0.0001037712420743095,8.514133509160635e-05,8.619851651309465e-05,8.721174656536727e-05
2030-07-30 07:00:00,0.00010533432662021905,8.938236800315656e-05,8.99509882361821e-05,9.176325876830886e-05
2030-07-30 08:00:00,0.0001073136343745933,8.980918199253813e-05,9.286555668405844e-05,9.424745888592852e-05
2030-07-30 09:00:00,0.00010762749458452582,9.051433742862814e-05,9.489622385388346e-05,9.748656523552365e-05
2030-07-30 10:00:00,0.00010755733558665986,9.17347164417625e-05,9.60366052573457e-05,9.806541077901889e-05
2030-07-30 11:00:00,0.00010811495758492253,9.187795967960106e-05,9.588747853088687e-05,9.752883014601992e-05
2030-07-30 12:00:00,0.00010822761161053082,9.198743646879677e-05,9.627373032577072e-05,9.807004697269207e-05
2030-07-30 13:00:00,0.0001066384458408964,9.192980310709658e-05,9.57029928287678e-05,9.707892206396634e-05
2030-07-30 14:00:00,0.00010645215260795674,9.092394809993829e-05,9.478675131300725e-05,9.53948552388564e-05
2030-07-30 15:00:00,0.00010634354617955951,8.8227128696292e-05,9.255178414194006e-05,9.219634012481599e-05
2030-07-30 16:00:00,0.00010616841270054806,8.582184799267521e-05,9.075101712114565e-05,8.980717299141143e-05
2030-07-30 17:00:00,0.00010575043955633654,8.329407926311772e-05,8.816486388134541e-05,8.725652511596114e-05
2030-07-30 18:00:00,0.00010406810017689031,8.1378333487933e-05,8.650987455033036e-05,8.530426722824669e-05
2030-07-30 19:00:00,0.00010334034777738341,8.014515154389925e-05,8.486731712972471e-05,8.27448851811153e-05
2030-07-30 20:00:00,0.0001027490708057994,7.954947069109936e-05,8.316782024363624e-05,8.103438749299601e-05
2030-07-30 21:00:00,0.00010222338642528999,7.822161221163953e-05,8.097909763699586e-05,7.845044262898709e-05
2030-07-30 22:00:00,9.939767160677792e-05,7.700333087345168e-05,7.793385051687798e-05,7.492726606951059e-05
2030-07-30 23:00:00,9.834290079562406e-05,7.545008247569582e-05,7.646462444051486e-05,7.255267397505878e-05
2030-07-31 00:00:00,9.771884137452166e-05,7.398983835870096e-05,7.50588673517791e-05,7.095828688156301e-05
2030-07-31 01:00:00,9.705790855289386e-05,7.354545078224821e-05,7.456274882200325e-05,7.030356785102284e-05
2030-07-31 02:00:00,9.617426304678966e-05,7.285668013664108e-05,7.421637700854872e-05,6.996493603066886e-05
2030-07-31 03:00:00,9.539279084536462e-05,7.210207195791343e-05,7.410374405807393e-05,7.061322156995151e-05
2030-07-31 04:00:00,9.699971837375757e-05,7.292091994023965e-05,7.488310334111844e-05,7.164512480002547e-05
2030-07-31 05:00:00,0.00010008265208744986,7.986390999644264e-05,8.021421361227362e-05,7.81903175843586e-05
2030-07-31 06:00:00,0.00010192156937238453,8.581136652604744e-05,8.652212465458227e-05,8.662528794738897e-05
2030-07-31 07:00:00,0.00010262210029043577,8.972016126556918e-05,9.024045367579141e-05,9.144596804839739e-05
2030-07-31 08:00:00,0.00010513861335244699,9.188866281048332e-05,9.261001812818687e-05,9.388046044272105e-05
2030-07-31 09:00:00,0.00010661802573303921,9.305126612569666e-05,9.50889434902181e-05,9.681998592918887e-05
2030-07-31 10:00:00,0.00010716588007521336,9.188648541487683e-05,9.612626137505865e-05,9.695263194664473e-05
2030-07-31 11:00:00,0.00010807834764047,8.994963002911878e-05,9.61781332167522e-05,9.64649750320976e-05
2030-07-31 12:00:00,0.00010803750043018765,9.060579999823479e-05,9.618385071566084e-05,9.606439729669121e-05
2030-07-31 13:00:00,0.00010758647301738963,9.00104270784157e-05,9.536336740347357e-05,9.523680327366138e-05
2030-07-31 14:00:00,0.0001077597400793079,8.895555737563255e-05,9.417430785380854e-05,9.33769428533409e-05
2030-07-31 15:00:00,0.00010759404529931428,8.68057312335159e-05,9.209963096087109e-05,9.051243988233073e-05
2030-07-31 16:00:00,0.00010760445344693156,8.461898512491842e-05,9.067225286756868e-05,8.861798841859107e-05
2030-07-31 17:00:00,0.00010657030841850755,8.245980193693475e-05,8.838956777831085e-05,8.628760222575956e-05
2030-07-31 18:00:00,0.00010478615751769336,8.043895629710725e-05,8.658382074205187e-05,8.437922650738258e-05
2030-07-31 19:00:00,0.00010386279689605456,8.03321430474562e-05,8.49412631745013e-05,8.19203805058181e-05
2030-07-31 20:00:00,0.0001039568378666643,7.935622040036752e-05,8.368798233121874e-05,8.115067263293718e-05
2030-07-31 21:00:00,0.00010295521944514412,7.781153069096457e-05,8.163923051651039e-05,7.880615387630203e-05
2030-07-31 22:00:00,0.00010170908365067916,7.497921586707725e-05,7.88453161079751e-05,7.491876089634336e-05
2030-07-31 23:00:00,9.996349249707186e-05,7.298219302442536e-05,7.714850046959467e-05,7.234018031659655e-05
2030-08-01 00:00:00,0.00010446415379330765,8.301951198473404e-05,8.682898303882942e-05,8.157953504623278e-05
2030-08-01 01:00:00,0.00010339987193194337,8.138553727440996e-05,8.579134118859035e-05,8.017363024954418e-05
2030-08-01 02:00:00,0.00010274584627872737,8.095489601555606e-05,8.499388174263552e-05,7.96004303095287e-05
2030-08-01 03:00:00,0.00010303606531400355,8.019040976742612e-05,8.476268393035033e-05,8.037673181646003e-05
2030-08-01 04:00:00,0.00010460046634818756,8.163156495369333e-05,8.562922168864306e-05,8.171560405766143e-05
2030-08-01 05:00:00,0.00010709360291294744,8.856661799557827e-05,9.040230907060375e-05,8.799602877567575e-05
2030-08-01 06:00:00,0.00011182385461327087,9.826423856892825e-05,9.944213210476718e-05,9.999480125522077e-05
2030-08-01 07:00:00,0.00011496891690111675,0.00010653620999666834,0.00010695665080536649,0.00011040513294546479
2030-08-01 08:00:00,0.00011719661306400354,0.00010936349075721169,0.00011060470167728751,0.00011488498156223979
2030-08-01 09:00:00,0.00011791852337441207,0.00011054888768527172,0.0001125129403006171,0.00011574528889376584
2030-08-01 10:00:00,0.00011653660615411244,0.00011141657750169602,0.00011350063656080065,0.00011738408997458861
2030-08-01 11:00:00,0.00011765753232868734,0.0001122865639714349,0.0001136422824446501,0.0001165825835073939
2030-08-01 12:00:00,0.00011855089802273736,0.00011215147305097653,0.00011331120147173276,0.0001158379226118345
2030-08-01 13:00:00,0.00011819918785666761,0.00011214585637576691,0.00011353092590117975,0.0001159469745885969
2030-08-01 14:00:00,0.00011782695125342277,0.00011211586555970135,0.00011280472473878732,0.00011474649164266635
2030-08-01 15:00:00,0.00011656090560710464,0.00011150500552881647,0.00011206027200380218,0.00011219225830944812
2030-08-01 16:00:00,0.00011487260854044122,0.00010635441365984418,0.00010960832624108425,0.00010861095629262953
2030-08-01 17:00:00,0.00011248041412459851,0.0001022743706826751,0.00010700860857013998,0.00010500390505002468
2030-08-01 18:00:00,0.00011075995379214649,0.00010012365054253551,0.00010418914965555897,0.00010190160746544904
2030-08-01 19:00:00,0.00011091887591285494,9.800588285174473e-05,0.00010176860174875382,9.974365158304731e-05
2030-08-01 20:00:00,0.00010941098099535712,9.494046792754215e-05,0.00010007668098537366,9.777398786925579e-05
2030-08-01 21:00:00,0.0001093131768071708,9.342438462254541e-05,9.722079913046157e-05,9.45691808361661e-05
2030-08-01 22:00:00,0.00010729489072621167,9.119979203395705e-05,9.301513965226031e-05,8.983515082840876e-05
2030-08-01 23:00:00,0.00010498844751079328,8.800308914082951e-05,9.038364594261528e-05,8.581947780207178e-05
2030-08-02 00:00:00,0.00010634574781869449,8.448725148410445e-05,8.789492648453354e-05,8.248815209906673e-05
2030-08-02 01:00:00,0.00010579166913449809,8.45890442448931e-05,8.685795068411484e-05,8.161244386462397e-05
2030-08-02 02:00:00,0.00010455943588214726,8.286781258685157e-05,8.63478032405883e-05,8.12041956214525e-05
2030-08-02 03:00:00,0.00010406136292577258,8.273425552553454e-05,8.60655228124412e-05,8.155664504841474e-05
2030-08-02 04:00:00,0.0001058112625629461,8.521324636909288e-05,8.729746175770315e-05,8.272439304396076e-05
2030-08-02 05:00:00,0.0001088127922562461,9.225885372288375e-05,9.271946639610815e-05,8.987658895996854e-05
2030-08-02 06:00:00,0.00011150838997004991,0.00010151901085212775,9.96161693907727e-05,9.97124020376868e-05
2030-08-02 07:00:00,0.00011429957501620534,0.00010745401612815132,0.0001053390104913127,0.0001068493869657868
2030-08-02 08:00:00,0.0001154236046892713,0.00011057123651735965,0.0001078706388974929,0.00011017425984610856
2030-08-02 09:00:00,0.00011731233123074126,0.00011260340590804733,0.00011033400530350642,0.00011197464740291284
2030-08-02 10:00:00,0.00011611482113919103,0.00011350686663672201,0.00011192805951623316,0.00011287901813763364
2030-08-02 11:00:00,0.0001168695057223419,0.0001128188419379964,0.00011221180648951822,0.00011250175371067231
2030-08-02 12:00:00,0.00011798890814977563,0.00011190516108443791,0.0001120968035653546,0.00011151840876832604
2030-08-02 13:00:00,0.00011886095784494886,0.00011044362429070717,0.00011135010475998982,0.00011091153839969672
2030-08-02 14:00:00,0.00011765718884690291,0.00010985817705503076,0.00011019314931677241,0.00010881601753773194
2030-08-02 15:00:00,0.00011731498793993629,0.00010733047127858964,0.00010744530746497088,0.00010557271683580038
2030-08-02 16:00:00,0.00011577886227724649,0.00010499027707602114,0.00010557007644790761,0.00010386419335400427
2030-08-02 17:00:00,0.00011547201919982803,0.00010108019975350158,0.00010358789456268557,0.0001017362973122092
2030-08-02 18:00:00,0.00011354296498565355,9.986184451119998e-05,0.00010149035092716491,9.90722293028237e-05
2030-08-02 19:00:00,0.00011226011563189626,9.76178515980024e-05,9.904239810626425e-05,9.617269405481778e-05
2030-08-02 20:00:00,0.00011145079834827671,9.651985768884225e-05,9.697779978182078e-05,9.375703050672802e-05
2030-08-02 21:00:00,0.00011097497428887161,9.349289958358286e-05,9.38765406371736e-05,9.055521035371873e-05
2030-08-02 22:00:00,0.0001099916454996988,9.089528052029402e-05,9.110730681127848e-05,8.655837758776529e-05
2030-08-02 23:00:00,0.00010686696459188845,8.785217989367492e-05,8.869045768560886e-05,8.418614479104372e-05
2030-08-03 00:00:00,0.0001052520837960156,8.802636924781744e-05,8.852385770774422e-05,8.407556781263911e-05
2030-08-03 01:00:00,0.00010513164858421553,8.637943813691059e-05,8.765811017177033e-05,8.318285289694459e-05
2030-08-03 02:00:00,0.00010359319598665985,8.533995529976418e-05,8.696457086887145e-05,8.193899072097985e-05
2030-08-03 03:00:00,0.00010384492255836678,8.639045218394084e-05,8.72886098644476e-05,8.349904714488993e-05
2030-08-03 04:00:00,0.00010562575551832177,8.881205729512629e-05,8.888453777820654e-05,8.546818129270623e-05
2030-08-03 05:00:00,0.00010930363079031841,9.763856719762343e-05,9.575873729403522e-05,9.468578746560851e-05
2030-08-03 06:00:00,0.00011276171334943107,0.00010784151611904752,0.00010484472083636201,0.00010669762411393378
2030-08-03 07:00:00,0.00011388393953977792,0.00011303064718306995,0.00011040234579192136,0.00011362819928748302
2030-08-03 08:00:00,0.0001154773816696789,0.00011507461142621581,0.00011341882903304628,0.00011628505279465443
2030-08-03 09:00:00,0.00011654094930399543,0.00011698606145325257,0.00011529773092365005,0.00011883816677869692
2030-08-03 10:00:00,0.0001158871984156512,0.00011731402575031999,0.00011668244627881332,0.00012026005941176905
2030-08-03 11:00:00,0.00011723025272701636,0.00011585712412903202,0.00011731169778463589,0.00011940747474117456
2030-08-03 12:00:00,0.00011808107238453322,0.00011591410199296419,0.00011690498412607403,0.00011981326184354767
2030-08-03 13:00:00,0.00011680822464519646,0.00011684162669183623,0.00011600924703723425,0.0001185162565650487
2030-08-03 14:00:00,0.00011642968095693127,0.00011520751509647719,0.00011438085327243208,0.00011541530270521334
2030-08-03 15:00:00,0.00011437004220570423,0.00011106134039736233,0.00011156471253732468,0.00011105635324844097
2030-08-03 16:00:00,0.00011347635182020118,0.00010698346821401308,0.00010899025868121046,0.00010690353160377114
2030-08-03 17:00:00,0.00011245907845363163,0.00010427532815913608,0.00010669422215563169,0.00010414633599079952
2030-08-03 18:00:00,0.00011142999474487708,0.00010130133720557551,0.00010444119903280846,0.00010228009664113211
2030-08-03 19:00:00,0.00010992965947095579,9.877473463916123e-05,0.00010232353766328849,9.955152601442356e-05
2030-08-03 20:00:00,0.00011011363130177204,9.725084818770084e-05,0.00010000536387740994,9.705208554239621e-05
2030-08-03 21:00:00,0.00010924252261417086,9.501922992159781e-05,9.668400923001404e-05,9.332604670527252e-05
2030-08-03 22:00:00,0.00010757427907138679,9.21797867071672e-05,9.343199375866698e-05,8.910732507462554e-05
2030-08-03 23:00:00,0.00010605640885553179,9.027075548711555e-05,9.099874869807633e-05,8.597256411901937e-05
2030-08-04 00:00:00,0.00010111408741213404,8.525182993513704e-05,8.642982707892176e-05,8.387120674442507e-05
2030-08-04 01:00:00,0.00010104764367120874,8.590952452161038e-05,8.591293291287407e-05,8.322363724185424e-05
2030-08-04 02:00:00,0.00010120101215150031,8.62030734018824e-05,8.594619698740278e-05,8.345814104375584e-05
2030-08-04 03:00:00,0.00010247395965132217,8.643330545919142e-05,8.67366270508003e-05,8.532897202429826e-05
2030-08-04 04:00:00,0.00010387867949861808,9.054968773630804e-05,9.035900595415093e-05,9.002078261276285e-05
2030-08-04 05:00:00,0.00010866460583582651,0.00010257825592941674,0.00010034515936707736,0.00010282126461862065
2030-08-04 06:00:00,0.00011102014800241655,0.0001129119576043363,0.00011093971230653086,0.00011775565503379753
2030-08-04 07:00:00,0.00011285989426166862,0.00011741428515806853,0.00011482830782348384,0.0001222926862253932
2030-08-04 08:00:00,0.00011362064362769105,0.0001198059376545656,0.00011624915871484935,0.00012375181816129207
2030-08-04 09:00:00,0.0001136405818336501,0.00011939156321066385,0.00011810907902373606,0.00012533039627887866
2030-08-04 10:00:00,0.00011301817054386886,0.00011879660283742061,0.00011795006572633028,0.00012498558125770143
2030-08-04 11:00:00,0.00011514876270294417,0.00011746332598764463,0.00011736545577452927,0.00012298080693794977
2030-08-04 12:00:00,0.00011526459109583505,0.00011626680995021652,0.00011632992121699122,0.00012386058094789517
2030-08-04 13:00:00,0.00011457370256332218,0.00011366197665844487,0.0001156182192998992,0.00012188985523318811
2030-08-04 14:00:00,0.00011496618428093307,0.00011135632303838182,0.0001145790509757961,0.00011967906418458112
2030-08-04 15:00:00,0.0001120038156558341,0.00010584795976257442,0.00011025985996678893,0.00011327605112103745
2030-08-04 16:00:00,0.00011194243979582494,0.00010220129622738876,0.0001071642435505636,0.00010874909917068421
2030-08-04 17:00:00,0.00011114932005722407,9.986796358457587e-05,0.00010335906551537599,0.00010509869906892031
2030-08-04 18:00:00,0.00011074718771855155,9.850397410615705e-05,0.00010031204793528179,0.0001026564492963497
2030-08-04 19:00:00,0.00011035398845987521,9.706312982380554e-05,9.900992274457552e-05,9.969385362425662e-05
2030-08-04 20:00:00,0.0001109841127288498,9.562941346851113e-05,9.681707876317497e-05,9.773462124080184e-05
2030-08-04 21:00:00,0.00010888019591454239,9.307148130436507e-05,9.338166867327043e-05,9.364244749364223e-05
2030-08-04 22:00:00,0.00010764872342301528,8.927029956186323e-05,8.98223840499148e-05,8.853286314726529e-05
2030-08-04 23:00:00,0.00010594740304264848,8.566778701367975e-05,8.735813731601399e-05,8.630929620208859e-05
2030-08-05 00:00:00,0.00010155239546013471,7.911539106246037e-05,8.33606663465906e-05,8.233191711759702e-05
2030-08-05 01:00:00,0.0001014929671872161,7.813551985829995e-05,8.290637415689904e-05,8.147459688813144e-05
2030-08-05 02:00:00,0.00010053776121153909,7.792968688836481e-05,8.282877368070591e-05,8.070826948945827e-05
2030-08-05 03:00:00,0.00010056431068294017,7.887075316742319e-05,8.285368989105562e-05,8.183598531620512e-05
2030-08-05 04:00:00,0.00010207213717014197,8.154666504471587e-05,8.478556392234688e-05,8.49055546621238e-05
2030-08-05 05:00:00,0.00010678508158465235,9.154540089620017e-05,9.305024054458348e-05,9.561282713513792e-05
2030-08-05 06:00:00,0.00010948863079633321,0.00010083227755291544,0.00010197842806749888,0.00010783051634465665
2030-08-05 07:00:00,0.00011030686354872318,0.0001047374284095737,0.00010628033118986402,0.00011375081754421544
2030-08-05 08:00:00,0.00011319836381289337,0.00010622446216554176,0.00010851770099304834,0.00011523566843939157
2030-08-05 09:00:00,0.00011269775695557902,0.00010776849457947842,0.00011032067177685695,0.00011741323032577107
2030-08-05 10:00:00,0.00011222191948575322,0.00010804229873304148,0.00011106876344451566,0.00011827478605026585
2030-08-05 11:00:00,0.00011360393064737363,0.0001067533747706417,0.00011052068698822436,0.00011588854447653122
2030-08-05 12:00:00,0.00011455131397601319,0.00010645872883150332,0.00011055810087288744,0.0001157818169153851
2030-08-05 13:00:00,0.000113114643814426,0.00010615581760195575,0.00010986231795878299,0.00011423253268753582
2030-08-05 14:00:00,0.00011343579140848795,0.00010468503953249705,0.00010813894572187088,0.00011252318619835518
2030-08-05 15:00:00,0.00011153344113693214,9.937198498345121e-05,0.00010423424458433647,0.00010688362246276326
2030-08-05 16:00:00,0.00010954526314051956,9.624274295490846e-05,0.00010207448877789745,0.00010313725565892476
2030-08-05 17:00:00,0.00010850684432737526,9.311985421899435e-05,9.893797628743548e-05,9.982394372266177e-05
2030-08-05 18:00:00,0.00010886048153599917,9.115888216306895e-05,9.594720601019094e-05,9.711039128569395e-05
2030-08-05 19:00:00,0.00010748597384866126,8.93568449604382e-05,9.37757690909181e-05,9.429788901855793e-05
2030-08-05 20:00:00,0.00010708466050651232,8.891895919817817e-05,9.250451051666934e-05,9.28841898361149e-05
2030-08-05 21:00:00,0.00010539959700761668,8.800772021474398e-05,8.91663328492811e-05,8.927182413860566e-05
2030-08-05 22:00:00,0.00010517820075686498,8.520912248736265e-05,8.601887118698791e-05,8.487646386306721e-05
2030-08-05 23:00:00,0.00010258934982997066,8.242527092228401e-05,8.321332972141395e-05,8.160478089984612e-05
2030-08-06 00:00:00,9.72103738412812e-05,7.450757876448268e-05,7.827781998957037e-05,7.64097723758839e-05
2030-08-06 01:00:00,9.638175109711481e-05,7.354423026119616e-05,7.740465986612784e-05,7.547469733986161e-05
2030-08-06 02:00:00,9.467205670594622e-05,7.303061422051883e-05,7.707015929016745e-05,7.508928551880009e-05
2030-08-06 03:00:00,9.463894535935487e-05,7.326186288085889e-05,7.676241361498042e-05,7.606982619895857e-05
2030-08-06 04:00:00,9.630902796776084e-05,7.355166335966784e-05,7.725525223702663e-05,7.616477478131491e-05
2030-08-06 05:00:00,0.00010062843001026516,7.856468242774679e-05,8.168047906407148e-05,8.252059032219647e-05
2030-08-06 06:00:00,0.00010234408103799701,8.614799263936165e-05,8.703486698669418e-05,8.944309075715139e-05
2030-08-06 07:00:00,0.0001039726160462135,9.09442027490109e-05,9.076842038651818e-05,9.381899135291155e-05
2030-08-06 08:00:00,0.00010704378398116365,9.280579039216435e-05,9.353680743440286e-05,9.763013259519536e-05
2030-08-06 09:00:00,0.00010711621980899044,9.428524302611934e-05,9.63718121775319e-05,0.00010056361630804386
2030-08-06 10:00:00,0.00010564868109568521,9.485253756203973e-05,9.716437504602116e-05,0.00010147538669029589
2030-08-06 11:00:00,0.0001061406212903032,9.415100127857048e-05,9.734334633182394e-05,0.00010142704250760222
2030-08-06 12:00:00,0.00010698591352097182,9.262895895869355e-05,9.761852433903684e-05,0.0001016749646443333
2030-08-06 13:00:00,0.00010551456463262063,9.231150490661346e-05,9.75015356906935e-05,0.0001003983909379075
2030-08-06 14:00:00,0.00010562296936999482,9.286693965485419e-05,9.660753138791362e-05,9.854868422220044e-05
2030-08-06 15:00:00,0.00010461567689910177,8.924582648925682e-05,9.426442948648378e-05,9.591866553181259e-05
2030-08-06 16:00:00,0.00010451018564414749,8.75182785412427e-05,9.307701197458777e-05,9.374243659869429e-05
2030-08-06 17:00:00,0.00010375947085655304,8.554670617913142e-05,9.05373685272955e-05,9.096253669241679e-05
2030-08-06 18:00:00,0.00010367747280604891,8.38393041549062e-05,8.882911560662672e-05,8.845143266270301e-05
2030-08-06 19:00:00,0.00010245559066491609,8.165641709225989e-05,8.703530376798276e-05,8.677241352143742e-05
2030-08-06 20:00:00,0.00010243581548036741,8.013108523414294e-05,8.612617317558583e-05,8.50831021939375e-05
2030-08-06 21:00:00,0.00010107058565624475,7.788532333588524e-05,8.368430365038207e-05,8.347318054142531e-05
2030-08-06 22:00:00,9.959647799345748e-05,7.550094133202e-05,8.164628296123564e-05,7.914169348195335e-05
2030-08-06 23:00:00,9.747772004368791e-05,7.408772125142943e-05,7.934542609006912e-05,7.745230137896215e-05
2030-08-07 00:00:00,9.947501099116156e-05,7.276860114725322e-05,7.959261378250935e-05,7.705335433345174e-05
2030-08-07 01:00:00,9.845283260686083e-05,7.230136258649048e-05,7.877895627269446e-05,7.627890919052731e-05
2030-08-07 02:00:00,9.771727250721535e-05,7.237065526077824e-05,7.887450349493162e-05,7.671138870516095e-05
2030-08-07 03:00:00,9.748307988459394e-05,7.302304538438221e-05,7.873875871182238e-05,7.694622173459503e-05
2030-08-07 04:00:00,9.936824820250614e-05,7.455124129546536e-05,8.035622645590156e-05,7.932083655787785e-05
2030-08-07 05:00:00,0.00010357568152157737,8.35200611276855e-05,8.73976278530135e-05,8.769136581238913e-05
2030-08-07 06:00:00,0.00010553928272528427,9.082849007495328e-05,9.512933769066832e-05,9.84734949222856e-05
2030-08-07 07:00:00,0.00010647221365758348,9.393114192653605e-05,9.917760744418927e-05,0.00010443283343077785
2030-08-07 08:00:00,0.00010860097701270561,9.62423222187308e-05,0.0001015543477176203,0.00010712396086190703
2030-08-07 09:00:00,0.00010963841859833981,9.683437409335821e-05,0.00010424238305325319,0.0001098869509314489
2030-08-07 10:00:00,0.00010902548815604194,9.7384024402413e-05,0.00010539819235426931,0.00011182295631521704
2030-08-07 11:00:00,0.0001101589001903184,9.742237996008528e-05,0.0001054339758118607,0.00011054959458881077
2030-08-07 12:00:00,0.00011093226808507847,9.70122969479623e-05,0.00010442669827464956,0.00011019109529093851
2030-08-07 13:00:00,0.00010999256749265687,9.590233758188189e-05,0.00010384494159850197,0.00010825334444931073
2030-08-07 14:00:00,0.00010963519998054452,9.352981574929683e-05,0.00010297810059945738,0.00010716146481875944
2030-08-07 15:00:00,0.00010951405895245851,9.034625385962349e-05,9.976135756358334e-05,0.00010290712399639518
2030-08-07 16:00:00,0.00010883029589702695,8.792373192833264e-05,9.784274440743847e-05,9.901951281712986e-05
2030-08-07 17:00:00,0.00010827778959579663,8.639338146642728e-05,9.509071027521162e-05,9.546337217735575e-05
2030-08-07 18:00:00,0.0001083826081712776,8.431270862600351e-05,9.250265114204544e-05,9.29773662279508e-05
2030-08-07 19:00:00,0.00010627243707033919,8.376312160121509e-05,9.104236051378224e-05,9.077530879868375e-05
2030-08-07 20:00:00,0.00010691675229612807,8.246757490485478e-05,8.940932150939544e-05,8.981024999658337e-05
2030-08-07 21:00:00,0.00010417858537756228,8.062827074030649e-05,8.650323257602952e-05,8.586567574526201e-05
2030-08-07 22:00:00,0.00010265369160398908,7.796062291468243e-05,8.360733360190905e-05,8.168348245168513e-05
2030-08-07 23:00:00,9.959146854715922e-05,7.612644696291905e-05,8.190711220536547e-05,7.923182690869739e-05
2030-08-08 00:00:00,9.894623881076901e-05,7.538306463180184e-05,7.970611385996211e-05,7.770968169129944e-05
2030-08-08 01:00:00,9.879406787693612e-05,7.497631023012717e-05,7.902336151811599e-05,7.685571638494631e-05
2030-08-08 02:00:00,9.751942653610547e-05,7.481223049655541e-05,7.81334941515449e-05,7.654159951930311e-05
2030-08-08 03:00:00,9.75834673818482e-05,7.446214713419115e-05,7.820771627578482e-05,7.71748553748312e-05
2030-08-08 04:00:00,9.907206971560987e-05,7.517467574804886e-05,7.95865653053151e-05,7.996840883309276e-05
2030-08-08 05:00:00,0.00010407404636869752,8.400947211758392e-05,8.675192785703828e-05,8.940242191335641e-05
2030-08-08 06:00:00,0.00010783180407232949,9.267029758634477e-05,9.509832869552879e-05,0.00010107129843951232
2030-08-08 07:00:00,0.00010920613871619434,9.652313371918237e-05,0.00010005099702421897,0.00010679207535218675
2030-08-08 08:00:00,0.00011039600749511444,9.862712511062911e-05,0.00010224250055983505,0.00010921716565487176
2030-08-08 09:00:00,0.00011148948394750811,0.00010028066754332308,0.00010528329807887606,0.0001119237033611995
2030-08-08 10:00:00,0.00011138398309107731,9.973669499852188e-05,0.00010643694160630249,0.0001130852428613651
2030-08-08 11:00:00,0.00011348237042006994,9.988532205097338e-05,0.0001063982260778509,0.00011288102210895313
2030-08-08 12:00:00,0.00011255583924359427,9.958295748185319e-05,0.0001064006507526006,0.00011310853928320373
2030-08-08 13:00:00,0.0001105497779030784,9.889996680991766e-05,0.00010601484529703348,0.00011189875269464048
2030-08-08 14:00:00,0.00010992834091811823,9.712201361657935e-05,0.00010384350643181757,0.00011066162721507364
2030-08-08 15:00:00,0.00010886153653900383,9.38427919586941e-05,0.00010058456176514033,0.00010469177631071353
2030-08-08 16:00:00,0.00010701030817024076,9.094844281785612e-05,9.877606933782031e-05,0.0001017321057246832
2030-08-08 17:00:00,0.00010593934700860298,8.777506077648552e-05,9.601233201484696e-05,9.936812068850567e-05
2030-08-08 18:00:00,0.00010416525212713622,8.698617187140518e-05,9.415904233763743e-05,9.766453359483537e-05
2030-08-08 19:00:00,0.0001022450409494907,8.480650722050273e-05,9.293135607394285e-05,9.49495788120316e-05
2030-08-08 20:00:00,0.00010171403231136106,8.448847857711093e-05,9.19101798001497e-05,9.427509149749295e-05
2030-08-08 21:00:00,9.959081034878112e-05,8.281053071279893e-05,8.833497362537634e-05,9.015846854974088e-05
2030-08-08 22:00:00,9.89616126694861e-05,8.059106764795503e-05,8.497094408056479e-05,8.521806566978596e-05
2030-08-08 23:00:00,9.78325729165819e-05,7.881830397877339e-05,8.315503202964079e-05,8.249942194705862e-05
2030-08-09 00:00:00,9.688100858987384e-05,7.753481626261431e-05,8.170764001726183e-05,7.959754316765913e-05
2030-08-09 01:00:00,9.640984057910406e-05,7.656818187450129e-05,8.1291841660212e-05,7.807035042793212e-05
2030-08-09 02:00:00,9.633662752877922e-05,7.628174429481205e-05,8.080172040222758e-05,7.826099626074321e-05
2030-08-09 03:00:00,9.655023143283254e-05,7.668918093244837e-05,8.119630948737571e-05,7.921457496410563e-05
2030-08-09 04:00:00,9.783098717452126e-05,7.761850590544266e-05,8.300049173373951e-05,8.234146742987716e-05
2030-08-09 05:00:00,0.0001021831953303744,8.599521320125697e-05,8.948724770846774e-05,9.178986221015577e-05
2030-08-09 06:00:00,0.00010442410244143496,9.346530075425126e-05,9.705335194301513e-05,0.00010279428284691362
2030-08-09 07:00:00,0.00010669965863085735,9.692959198967258e-05,0.0001015500123585822,0.0001076852319344295
2030-08-09 08:00:00,0.00010884576095967523,9.85308289125699e-05,0.00010416373449991202,0.00011024394753159333
2030-08-09 09:00:00,0.00010888544549668934,9.940281294730307e-05,0.0001063753713176357,0.00011308809940822214
2030-08-09 10:00:00,0.0001083454620919377,9.975152123235067e-05,0.00010762638793282818,0.0001139676151315887
2030-08-09 11:00:00,0.00011105288445697515,0.00010012108370711867,0.00010764114854320175,0.00011295401927092946
2030-08-09 12:00:00,0.00011110138005525573,9.990223793164649e-05,0.00010780406957383369,0.00011368979347814345
2030-08-09 13:00:00,0.00011035736471510936,9.989042893597774e-05,0.00010799401604934952,0.00011303037889269774
2030-08-09 14:00:00,0.00011138674180522648,9.84192005704999e-05,0.00010658795278808218,0.00011133027213663161
2030-08-09 15:00:00,0.00011067481037436038,9.478193128263562e-05,0.00010419906979309338,0.00010658919724673398
2030-08-09 16:00:00,0.00011048373410015579,9.332116211709213e-05,0.00010194067776368902,0.00010427925346471776
2030-08-09 17:00:00,0.000109726368672748,9.049288305737133e-05,9.977898324379334e-05,0.00010204418721692046
2030-08-09 18:00:00,0.00010923867347113582,8.84787246526295e-05,9.804658799000005e-05,0.00010051047438313673
2030-08-09 19:00:00,0.00010795379629472092,8.790931190537157e-05,9.664064501877759e-05,9.888749497841427e-05
2030-08-09 20:00:00,0.00010741265603564686,8.63366295060538e-05,9.509307922784564e-05,9.746047453276405e-05
2030-08-09 21:00:00,0.00010572361264566004,8.422063140309692e-05,9.21152449374178e-05,9.302420050388476e-05
2030-08-09 22:00:00,0.00010378859082407909,8.231619972076201e-05,8.940138276350201e-05,8.940333870084219e-05
2030-08-09 23:00:00,0.00010159488556427178,8.04943546025789e-05,8.678622286539654e-05,8.671561067314866e-05
2030-08-10 00:00:00,0.00010009360975639001,8.276581160999434e-05,8.922760596174583e-05,8.906094600960238e-05
2030-08-10 01:00:00,9.970176199712809e-05,8.136801247858694e-05,8.81266527382314e-05,8.770185868384897e-05
2030-08-10 02:00:00,9.942385382755536e-05,8.139192022251719e-05,8.770572349480493e-05,8.769126386955381e-05
2030-08-10 03:00:00,0.0001006303188574185,8.311332148310561e-05,8.848357827152423e-05,8.915298073402951e-05
2030-08-10 04:00:00,0.00010261138030563897,8.776543559764537e-05,9.203892589804355e-05,9.468921386152949e-05
2030-08-10 05:00:00,0.00011022396770636639,0.00010174420592501355,0.00010419798629150918,0.00011062602268194207
2030-08-10 06:00:00,0.000114777833836133,0.00011435631362992429,0.00011628824987911062,0.0001280742619275042
2030-08-10 07:00:00,0.00011581444692669251,0.000118933247853126,0.00012192909390176213,0.00013383293159636005
2030-08-10 08:00:00,0.00011695547469553315,0.000120327096677328,0.00012397255890261706,0.00013561789352633185
2030-08-10 09:00:00,0.00011721114363577286,0.000120804231513918,0.00012546168048436943,0.00013851789115791618
2030-08-10 10:00:00,0.00011636464332071968,0.0001198907431310359,0.00012593666534006326,0.00013885384299635418
2030-08-10 11:00:00,0.00011793081602730374,0.00012003151412437358,0.00012470378151260494,0.00013687108107837356
2030-08-10 12:00:00,0.00011761003298655262,0.0001191989062690352,0.00012473899269956063,0.000138229767855218
2030-08-10 13:00:00,0.00011637784093629326,0.00011719982820304453,0.00012429817473862904,0.00013646477021636555
2030-08-10 14:00:00,0.00011645592668625186,0.00011595417026466959,0.00012231773252094705,0.00013372526390618189
2030-08-10 15:00:00,0.00011402853420227003,0.000109260307344595,0.0001172815398788906,0.00012452516565834512
2030-08-10 16:00:00,0.00011315825087496768,0.00010514958618004915,0.00011451754814852841,0.00011884126143845085
2030-08-10 17:00:00,0.0001120842570933082,0.00010311951633581829,0.00011076466132817176,0.00011481708500985573
2030-08-10 18:00:00,0.00011167145390245682,0.00010018512342766315,0.00010805643707178845,0.00011220576198439502
2030-08-10 19:00:00,0.00011051201025876157,9.748150713806208e-05,0.00010547348213063455,0.00010888987154804902
2030-08-10 20:00:00,0.00011015593908599182,9.618435811890428e-05,0.00010369179607530815,0.00010568418605591038
2030-08-10 21:00:00,0.00010772933345882438,9.373799024302952e-05,9.887303810031925e-05,0.00010066934732886365
2030-08-10 22:00:00,0.00010490483748723208,8.980743256849463e-05,9.500082852481545e-05,9.464027478730593e-05
2030-08-10 23:00:00,0.00010315655910858918,8.616388846211582e-05,9.104103620583869e-05,9.187801452342499e-05
2030-08-11 00:00:00,0.00010478190360857238,8.460054068007001e-05,9.173887450081441e-05,9.039073441156045e-05
2030-08-11 01:00:00,0.00010389358798367651,8.426306040586651e-05,9.010555849295446e-05,8.970822314702114e-05
2030-08-11 02:00:00,0.00010332416751229797,8.428593633090422e-05,8.981501983815817e-05,8.914006073817968e-05
2030-08-11 03:00:00,0.00010297662037598127,8.726854265127116e-05,9.014822689897646e-05,8.992019036375104e-05
2030-08-11 04:00:00,0.00010456069138110052,8.985610416020438e-05,9.311930039387946e-05,9.43508876847104e-05
2030-08-11 05:00:00,0.0001105296808434673,0.00010070706264675509,0.00010317934861229288,0.00010669498256816738
2030-08-11 06:00:00,0.0001149203927025684,0.00011501432629706263,0.00011582254598689102,0.00012285990035019225
2030-08-11 07:00:00,0.00011580846228366271,0.0001219455596029346,0.00012248717939948247,0.0001315701821512371
2030-08-11 08:00:00,0.00011881289208675409,0.00012291584049920536,0.00012524191672007312,0.00013435531494688588
2030-08-11 09:00:00,0.0001198800106666439,0.00012251972821307306,0.00012682169562436478,0.00013657736567236465
2030-08-11 10:00:00,0.00012046968353503008,0.00012307936831986544,0.00012785193068762596,0.00013635924750463334
2030-08-11 11:00:00,0.00012182769148211447,0.00012382098739853776,0.0001268907949598659,0.00013385205079804023
2030-08-11 12:00:00,0.00012188686237111113,0.00012229165027946129,0.0001259465714101249,0.0001344570763829477
2030-08-11 13:00:00,0.00012004524624309898,0.00012137667349074451,0.00012515240075199372,0.00013237091139640567
2030-08-11 14:00:00,0.00011965414064657855,0.00011894870228274417,0.00012299415445558363,0.00012897583346828146
2030-08-11 15:00:00,0.00011817629897986283,0.00011335981404862253,0.00011848939217251102,0.00012138911904525076
2030-08-11 16:00:00,0.0001165639398594803,0.00010827579298384755,0.00011531854072179173,0.00011661355411343312
2030-08-11 17:00:00,0.00011525716944792756,0.00010421775364263584,0.00011057303100228804,0.00011247697604683835
2030-08-11 18:00:00,0.00011519909592514774,0.00010212411193817245,0.00010712429232578547,0.00010917556247368216
2030-08-11 19:00:00,0.00011488188836108275,9.963361579839669e-05,0.00010442894488029317,0.00010530615584051258
2030-08-11 20:00:00,0.00011459416590363752,9.665754367255205e-05,0.0001020564384392886,0.00010273320427349294
2030-08-11 21:00:00,0.00011214574797012311,9.445074891937394e-05,9.769346664004796e-05,9.755296425222851e-05
2030-08-11 22:00:00,0.00011068619204705274,9.010800721131031e-05,9.428404083797838e-05,9.250952525828723e-05
2030-08-11 23:00:00,0.00010823633563645065,8.627819230713323e-05,9.134868174664242e-05,8.883737336657083e-05
2030-08-12 00:00:00,0.00010661307939075668,8.442174632157482e-05,9.074602178141123e-05,8.654102018386949e-05
2030-08-12 01:00:00,0.0001051551067206186,8.397072677683531e-05,8.915204541687325e-05,8.501431963796744e-05
2030-08-12 02:00:00,0.00010457016458632643,8.385458040332467e-05,8.89309375630209e-05,8.430119707648379e-05
2030-08-12 03:00:00,0.0001046859755645232,8.294116537132364e-05,8.952326143496252e-05,8.514778398710474e-05
2030-08-12 04:00:00,0.00010633962522493132,8.597025191788798e-05,9.074093392209123e-05,8.793503261408316e-05
2030-08-12 05:00:00,0.00011093611669642906,9.455461480900858e-05,9.808324099862351e-05,9.673724845004253e-05
2030-08-12 06:00:00,0.00011419488328494703,0.00010368188148511613,0.00010561034536819666,0.00010885772141301403
2030-08-12 07:00:00,0.00011601463294654952,0.00010833846525592349,0.00011031439071867959,0.00011417813148236935
2030-08-12 08:00:00,0.00011808022682382706,0.00011028287815387839,0.00011294243009604235,0.00011677660146087817
2030-08-12 09:00:00,0.00011880395400281313,0.00011019941230160095,0.00011509176143424085,0.00012009490637292504
2030-08-12 10:00:00,0.00011827332899463463,0.00011104746790949364,0.00011622239736022793,0.00012137294361628014
2030-08-12 11:00:00,0.00011870373604932233,0.00011188634734472462,0.0001164642656394165,0.00012003738028311083
2030-08-12 12:00:00,0.0001183103126626837,0.0001113023486088532,0.00011618993956028084,0.00012091523242955927
2030-08-12 13:00:00,0.00011871029747395219,0.00011064561351344683,0.00011534088925758469,0.00011934333076617633
2030-08-12 14:00:00,0.00011868927152225749,0.000109459903674987,0.00011403401794916875,0.00011757301478654376
2030-08-12 15:00:00,0.0001171817904933619,0.00010534998669107742,0.00011140689237473926,0.00011279159221566911
2030-08-12 16:00:00,0.00011566061651583552,0.00010181168404730145,0.00010828137620039914,0.00011046815155645762
2030-08-12 17:00:00,0.0001141460307203283,9.937804894496944e-05,0.0001048493232898066,0.00010646627549799953
2030-08-12 18:00:00,0.00011289901833053566,9.577181824096132e-05,0.00010219921635878319,0.00010434778170917345
2030-08-12 19:00:00,0.0001114958322770651,9.449708732650063e-05,9.995629369537832e-05,0.00010150750011342184
2030-08-12 20:00:00,0.00011174076502677627,9.313224621589045e-05,9.89456235021598e-05,9.980102790199045e-05
2030-08-12 21:00:00,0.00010910117317430095,9.080906775503364e-05,9.51209632703424e-05,9.537302873914726e-05
2030-08-12 22:00:00,0.00010729912248551602,8.857566575980499e-05,9.193924166853409e-05,9.136548123797272e-05
2030-08-12 23:00:00,0.00010521470238330725,8.566278051104496e-05,8.986136841432227e-05,8.840662478779417e-05
2030-08-13 00:00:00,9.894754200575508e-05,7.87447284705037e-05,8.493646531670536e-05,8.505385861602936e-05
2030-08-13 01:00:00,9.829132740669991e-05,7.792260958044082e-05,8.382028852218032e-05,8.374515093860023e-05
2030-08-13 02:00:00,9.793925910051699e-05,7.834821747161208e-05,8.298220389349866e-05,8.307019797213703e-05
2030-08-13 03:00:00,9.85117679725968e-05,7.918955536404809e-05,8.371074479179806e-05,8.468270636232605e-05
2030-08-13 04:00:00,9.956971301265842e-05,8.084500834615474e-05,8.58377142773569e-05,8.772820824516346e-05
2030-08-13 05:00:00,0.00010512503631304354,9.070143912899614e-05,9.27868486522142e-05,9.711244348839643e-05
2030-08-13 06:00:00,0.00010928892215801758,9.737968943766138e-05,0.00010177670095228174,0.00010902964341202834
2030-08-13 07:00:00,0.000110631222797194,0.00010109461897208788,0.00010613301415469259,0.00011455198470207328
2030-08-13 08:00:00,0.00011238288374244615,0.00010245560522425062,0.000108226027165774,0.00011734434780942419
2030-08-13 09:00:00,0.00011273673789470667,0.00010459419360587545,0.00011069936764879185,0.0001198100755942945
2030-08-13 10:00:00,0.00011062134452359743,0.00010536841716087344,0.00011188374032194832,0.00012026025458771535
2030-08-13 11:00:00,0.00011105921820606007,0.00010514374087529244,0.00011226210973718713,0.00011925991169281322
2030-08-13 12:00:00,0.0001116039198550949,0.00010472522361137315,0.00011220265326346507,0.00011990908699940895
2030-08-13 13:00:00,0.00011030678567125914,0.00010467306207897688,0.00011099690832092651,0.00011885696205423234
2030-08-13 14:00:00,0.00011064865971519408,0.00010238109884356262,0.00011009244889952418,0.00011584383513318741
2030-08-13 15:00:00,0.0001093039788392305,9.732745779258944e-05,0.00010672710741822087,0.00011115523152536331
2030-08-13 16:00:00,0.00010902405621342949,9.471511616909747e-05,0.00010430474919995726,0.00010838144707293307
2030-08-13 17:00:00,0.00010752861372527774,9.151996883778569e-05,0.00010102128941568073,0.00010411687356030755
2030-08-13 18:00:00,0.0001060849972843567,8.873170280840666e-05,9.872636095200463e-05,0.00010156254372825989
2030-08-13 19:00:00,0.0001060504282510666,8.737967926958729e-05,9.699900834553589e-05,9.993535995286181e-05
2030-08-13 20:00:00,0.00010612162088751006,8.644143793401445e-05,9.591163862583399e-05,9.871772190304102e-05
2030-08-13 21:00:00,0.0001043436034269042,8.35789197678037e-05,9.077005950511119e-05,9.375746541969432e-05
2030-08-13 22:00:00,0.00010303655097759839,8.090703181082339e-05,8.757149856337066e-05,9.043035070814085e-05
2030-08-13 23:00:00,0.00010082973829578047,7.795805034165764e-05,8.524844795355735e-05,8.661682453655469e-05
2030-08-14 00:00:00,0.00010039574320247076,7.683389126948012e-05,8.352854854403187e-05,8.469771829485035e-05
2030-08-14 01:00:00,9.958272233181063e-05,7.623215489751655e-05,8.299150835165174e-05,8.3936227236888e-05
2030-08-14 02:00:00,9.8418643192841e-05,7.607570125484653e-05,8.231841881758597e-05,8.340324748765462e-05
2030-08-14 03:00:00,9.898642637238681e-05,7.601033006375008e-05,8.30978245719214e-05,8.50952842089969e-05
2030-08-14 04:00:00,0.00010070376187104389,7.77232834949963e-05,8.522234647355428e-05,8.808000451970222e-05
2030-08-14 05:00:00,0.0001067445084428237,8.677853298404209e-05,9.279954998007097e-05,9.772133450642575e-05
2030-08-14 06:00:00,0.00010927169483923203,9.560874597573736e-05,0.0001017839715804835,0.00010985524218257441
2030-08-14 07:00:00,0.00011061993985719503,0.00010064417584127834,0.00010631209396204684,0.00011506870644248101
2030-08-14 08:00:00,0.00011239198460149566,0.00010203083324408403,0.00010861202564208059,0.00011646438682516758
2030-08-14 09:00:00,0.00011291727889197923,0.00010373444665185616,0.00011130413434320396,0.00011941525479950979
2030-08-14 10:00:00,0.00011209471375732007,0.00010320515874460824,0.00011221588075888932,0.00012007932829471777
2030-08-14 11:00:00,0.00011352509734292313,0.00010258483791934787,0.00011225479323279051,0.000119105080480446
2030-08-14 12:00:00,0.00011354550517301976,0.00010188656610021687,0.00011126396434183975,0.00011962074550569625
2030-08-14 13:00:00,0.00011248820426815504,0.00010025742186841195,0.00011070273629405747,0.00011746360101768807
2030-08-14 14:00:00,0.00011137732325501393,9.810247703948042e-05,0.00010986145287850508,0.00011595541583557454
2030-08-14 15:00:00,0.00011027010945661979,9.386321152662212e-05,0.00010714486164735813,0.00011022017600625442
2030-08-14 16:00:00,0.00011052426614935137,9.062892506149628e-05,0.00010479146844147207,0.00010645812229102365
2030-08-14 17:00:00,0.00010831878973534712,8.844054343082768e-05,0.00010182137429031227,0.00010248701133098743
2030-08-14 18:00:00,0.00010674181291134871,8.642908613303074e-05,9.94889359941183e-05,0.00010074554485569897
2030-08-14 19:00:00,0.00010585738926495035,8.720014400818409e-05,9.791605611239864e-05,9.861992024666296e-05
2030-08-14 20:00:00,0.00010642768421158985,8.585881628237377e-05,9.687345624298651e-05,9.721049669281554e-05
2030-08-14 21:00:00,0.00010506569316953184,8.42943373197356e-05,9.293994577209954e-05,9.247716501151113e-05
2030-08-14 22:00:00,0.0001032439212724803,8.028113667201016e-05,8.945537793366207e-05,8.875449785457489e-05
2030-08-14 23:00:00,0.00010157513875049752,7.758066823415125e-05,8.684584870294345e-05,8.633970889315406e-05
2030-08-15 00:00:00,0.0001008363053309667,7.591819204367988e-05,8.51021451289192e-05,8.405815211152985e-05
2030-08-15 01:00:00,9.954798193792264e-05,7.529910995861362e-05,8.393498922756745e-05,8.365196178237635e-05
2030-08-15 02:00:00,9.921966474138913e-05,7.531116171486854e-05,8.328931531234631e-05,8.35459875522739e-05
2030-08-15 03:00:00,9.878516048826037e-05,7.572583280465583e-05,8.322287431804225e-05,8.463299915999088e-05
2030-08-15 04:00:00,9.979471222344438e-05,7.802738893573644e-05,8.560374151753248e-05,8.877327760276678e-05
2030-08-15 05:00:00,0.00010527457413952654,8.696479589134808e-05,9.343326928227841e-05,9.803835123579514e-05
2030-08-15 06:00:00,0.00010930422292460557,9.563370219505794e-05,0.00010243420416313157,0.00010998653784409976
2030-08-15 07:00:00,0.00010949237230116113,0.00010158425929336663,0.00010730703232100405,0.00011572717729430109
2030-08-15 08:00:00,0.00011106351658242671,0.00010270313947422522,0.00010915330219373671,0.00011775320109946386
2030-08-15 09:00:00,0.00011247910611317955,0.00010221920405112297,0.0001121412716243811,0.00012084964167117025
2030-08-15 10:00:00,0.0001130058192761127,0.00010255621641002162,0.00011293816626462331,0.0001213887742834913
2030-08-15 11:00:00,0.00011387801768828315,0.00010439217301546003,0.00011285483359365859,0.00012088462758506812
2030-08-15 12:00:00,0.00011323436372987915,0.00010485218286120661,0.00011341536849298908,0.00012171974651216033
2030-08-15 13:00:00,0.0001114276924952961,0.00010401652483293095,0.00011297194240810053,0.00012177746042610566
2030-08-15 14:00:00,0.00011185032260396101,0.00010251419901347752,0.0001118006391838591,0.00011976129097884737
2030-08-15 15:00:00,0.00011193394700529071,9.916698772025006e-05,0.00010848664086627897,0.00011308471044695141
2030-08-15 16:00:00,0.00011187491052422913,9.533603940396853e-05,0.00010602989416684926,0.00010935524145705574
2030-08-15 17:00:00,0.00011018708678230997,9.294780322433205e-05,0.00010296356137009415,0.00010550780650842872
2030-08-15 18:00:00,0.00011028260593944883,9.052485011827862e-05,0.00010087094457784814,0.00010452903603293617
2030-08-15 19:00:00,0.00010956427447729199,8.940090159366555e-05,9.996091968606493e-05,0.00010259641964443706
2030-08-15 20:00:00,0.00011020281004915912,8.848206006267833e-05,9.769664871819893e-05,0.00010046269949047534
2030-08-15 21:00:00,0.00010842078586693722,8.604154517443245e-05,9.338994979222556e-05,9.550130953244681e-05
2030-08-15 22:00:00,0.00010664426236028522,8.26951359265633e-05,8.98949500317707e-05,9.134473110318656e-05
2030-08-15 23:00:00,0.00010371694701805264,8.0507568931279e-05,8.719019089212009e-05,8.897101745052394e-05
2030-08-16 00:00:00,0.0001030176066126182,7.774364722765608e-05,8.620405145418107e-05,8.763798734515298e-05
2030-08-16 01:00:00,0.00010215460944424,7.752246195660821e-05,8.533546221708987e-05,8.606594336778959e-05
2030-08-16 02:00:00,0.00010173584751978187,7.769412728850002e-05,8.483309655527578e-05,8.549143531489597e-05
2030-08-16 03:00:00,0.00010166326710575541,7.909683830342891e-05,8.53952709625626e-05,8.72939996888814e-05
2030-08-16 04:00:00,0.00010380678792829246,8.214107130984464e-05,8.853753642435431e-05,9.209304539853399e-05
2030-08-16 05:00:00,0.00010961762721544915,9.292937180057198e-05,9.877555338290928e-05,0.00010415147593861442
2030-08-16 06:00:00,0.00011205284900863075,0.0001036410244818553,0.00010972226368136287,0.00011950287888484032
2030-08-16 07:00:00,0.0001136308825909368,0.00010753105219830866,0.00011466961964045704,0.00012525779604800988
2030-08-16 08:00:00,0.00011581336111881235,0.00010858591310764309,0.00011689551194751042,0.00012601516865669692
2030-08-16 09:00:00,0.00011290436703255818,0.00010905080281240047,0.00011922389212057948,0.0001305215723410743
2030-08-16 10:00:00,0.00011272130517759924,0.00010979041282543159,0.00011958928843275737,0.00012947692123492944
2030-08-16 11:00:00,0.0001150923500553588,0.00010943119594918093,0.00011912671437908071,0.00012878835329528117
2030-08-16 12:00:00,0.00011650169073318614,0.00010842841847664491,0.0001186821785811401,0.00012833705355638035
2030-08-16 13:00:00,0.00011508544713792837,0.00010705845025453737,0.00011826943958310923,0.0001265672425007922
2030-08-16 14:00:00,0.00011399490024318784,0.00010503727461415617,0.00011627949837655322,0.000123325675844416
2030-08-16 15:00:00,0.00011212951434436834,0.00010049891721537819,0.00011243745598118477,0.00011688503452631166
2030-08-16 16:00:00,0.00011156982504373434,9.580916359733607e-05,0.00011010213463922944,0.00011301329099327529
2030-08-16 17:00:00,0.00011037116973094262,9.349900998856958e-05,0.00010637774954523494,0.00010767017954535199
2030-08-16 18:00:00,0.00010960835357816954,9.199104709160265e-05,0.00010384376549116068,0.00010591059878611953
2030-08-16 19:00:00,0.00010845427995672629,9.070522111103632e-05,0.00010229553606906255,0.00010343422046242571
2030-08-16 20:00:00,0.00010902408391918207,9.075629393210103e-05,0.00010084425927795204,0.00010188990630767696
2030-08-16 21:00:00,0.00010671275247197165,8.74464757742694e-05,9.635858222938226e-05,9.75318782367016e-05
2030-08-16 22:00:00,0.00010433817925305132,8.382437589493778e-05,9.288920887400464e-05,9.339648532367175e-05
2030-08-16 23:00:00,0.00010150534481655729,8.120691757006829e-05,9.095475569892222e-05,9.072392692101036e-05
2030-08-17 00:00:00,0.00010095646350111596,7.938608168755441e-05,8.907219697554928e-05,8.890686657530653e-05
2030-08-17 01:00:00,0.00010025679444678656,7.903923978499916e-05,8.813798325542965e-05,8.740485084120892e-05
2030-08-17 02:00:00,0.00010040556296597818,7.881195908229374e-05,8.708604852020882e-05,8.75528303577223e-05
2030-08-17 03:00:00,0.00010083347866698944,7.915465546351877e-05,8.782851074850152e-05,8.971736703174177e-05
2030-08-17 04:00:00,0.0001027332521175681,8.227238379827373e-05,9.093420065470815e-05,9.316549869526176e-05
2030-08-17 05:00:00,0.0001093717460349325,9.433297969821012e-05,0.00010065265576969576,0.00010569224582019717
2030-08-17 06:00:00,0.00011452360658472348,0.00010486187304823436,0.00011169327223189813,0.00012178499105895764
2030-08-17 07:00:00,0.00011603506531726905,0.0001095946324686292,0.00011714196517550698,0.00012846636658365263
2030-08-17 08:00:00,0.00011853989215376757,0.00011145117731618248,0.00011926210262191567,0.00012950008703547624
2030-08-17 09:00:00,0.00011806572255548947,0.0001122710472436212,0.0001216989339807019,0.0001330571788909775
2030-08-17 10:00:00,0.0001175665200492845,0.00011234317076448432,0.00012193338011595538,0.0001332180770196244
2030-08-17 11:00:00,0.00011935886382693772,0.0001120596852313059,0.00012135679848056182,0.00013179114263491158
2030-08-17 12:00:00,0.0001202804379595138,0.00011113115096804617,0.00012135899893213106,0.00013265458800654033
2030-08-17 13:00:00,0.00011909815605472851,0.0001108157083816761,0.00012098254086815558,0.00013170895537725414
2030-08-17 14:00:00,0.0001176853545741072,0.00010873180413303234,0.00011970864769554016,0.00012962031024054297
2030-08-17 15:00:00,0.00011536372024489752,0.00010290335952450026,0.0001153843203728407,0.00012222653033354218
2030-08-17 16:00:00,0.00011466934793452857,9.905354804726606e-05,0.00011252352284308676,0.00011765331700995002
2030-08-17 17:00:00,0.00011302642214616548,9.558926405782587e-05,0.00010882674402822059,0.0001126641123885403
2030-08-17 18:00:00,0.00011200728992553372,9.346668585480705e-05,0.00010564873593641739,0.00011020823001720778
2030-08-17 19:00:00,0.00011106013676436723,9.353924239246278e-05,0.00010414555646995386,0.0001087151281231
2030-08-17 20:00:00,0.00011180249806046924,9.18918368113358e-05,0.00010180629989634908,0.00010555824464853985
2030-08-17 21:00:00,0.00011019385819127608,8.918856993825008e-05,9.771861700546076e-05,0.0001007707004531409
2030-08-17 22:00:00,0.00010711088116123759,8.471880546009601e-05,9.3717560671879e-05,9.481024424632977e-05
2030-08-17 23:00:00,0.00010432509746671444,8.171542835061182e-05,9.09088471399902e-05,9.195060611137981e-05
2030-08-18 00:00:00,0.00010351763902649051,7.807219412071299e-05,8.835622614481557e-05,8.874545533752161e-05
2030-08-18 01:00:00,0.00010274275340324383,7.731464995300446e-05,8.746770019832367e-05,8.854711126202655e-05
2030-08-18 02:00:00,0.00010320030442773918,7.75438092544371e-05,8.722934332722086e-05,8.791879417886198e-05
2030-08-18 03:00:00,0.00010348135642605436,8.033680565013428e-05,8.821941003190213e-05,8.990163117757186e-05
2030-08-18 04:00:00,0.00010406522707082696,8.356026372341238e-05,9.119360690548906e-05,9.409493934193899e-05
2030-08-18 05:00:00,0.00011058260406687285,9.397678266144193e-05,0.00010127093076686398,0.00010585286313889315
2030-08-18 06:00:00,0.00011485057238627198,0.00010532013496704397,0.00011239105467709246,0.0001215682024278688
2030-08-18 07:00:00,0.00011688141692315704,0.00011120164859846592,0.00011685469195171515,0.0001278774141022524
2030-08-18 08:00:00,0.0001177599618403076,0.00011177739536104425,0.00011854817295902085,0.0001297095792361378
2030-08-18 09:00:00,0.00011777474133524914,0.00011321498747032528,0.00012043895042236626,0.0001318193341758149
2030-08-18 10:00:00,0.00011648014171085435,0.00011306398138175356,0.00012105777087688139,0.00013149144087555784
2030-08-18 11:00:00,0.00011870433912920396,0.00011263527872114588,0.0001212855660005147,0.0001304900027891913
2030-08-18 12:00:00,0.00011803679081295878,0.0001111748817692732,0.00012065073506465389,0.00013068762874851158
2030-08-18 13:00:00,0.00011691106992804795,0.00010930801555975406,0.00011981094810754017,0.00012894568758058288
2030-08-18 14:00:00,0.00011662498400614234,0.00010727624259012454,0.00011796040401450016,0.00012686133443700248
2030-08-18 15:00:00,0.00011607115309068574,0.00010288567039878507,0.00011404610765063145,0.00012026188901644367
2030-08-18 16:00:00,0.00011481059074778499,9.820562079346398e-05,0.00011185142226263921,0.00011624079557749178
2030-08-18 17:00:00,0.00011271006052673469,9.478958798594722e-05,0.00010766261277195561,0.00011224580932918537
2030-08-18 18:00:00,0.00011204455741467029,9.25285409537607e-05,0.00010478843193471894,0.00010888585244494507
2030-08-18 19:00:00,0.00011224301904964118,9.199687053305496e-05,0.00010311568851832909,0.00010662828857370597
2030-08-18 20:00:00,0.00011211572942280812,9.134844658325759e-05,0.00010168065641272764,0.00010384556326005156
2030-08-18 21:00:00,0.00011011053141074332,8.809733781231957e-05,9.615679578466796e-05,9.904289461226578e-05
2030-08-18 22:00:00,0.00010849497792694832,8.581630076662399e-05,9.266110197540602e-05,9.476127134058755e-05
2030-08-18 23:00:00,0.00010537331138050291,8.258354048059521e-05,8.981112831201417e-05,9.14117617087264e-05
2030-08-19 00:00:00,0.0001040704394402151,7.979850605077408e-05,8.808619533571663e-05,9.019571088529658e-05
2030-08-19 01:00:00,0.00010257085052154645,7.868002643960834e-05,8.696432534604752e-05,8.936130905891256e-05
2030-08-19 02:00:00,0.00010266729834615274,7.875010315441001e-05,8.679426797036323e-05,8.926771695478888e-05
2030-08-19 03:00:00,0.00010297160464665233,8.021516876264632e-05,8.758782471140873e-05,9.093019088268842e-05
2030-08-19 04:00:00,0.00010443800292032994,8.308908208626322e-05,9.139043666928197e-05,9.64015876943295e-05
2030-08-19 05:00:00,0.00011233744309948921,9.516485956748454e-05,0.00010178525418758778,0.00010848215302369432
2030-08-19 06:00:00,0.00011544768154409188,0.00010675072321467351,0.00011334557898803722,0.00012441005148660457
2030-08-19 07:00:00,0.00011754355858799546,0.00011008221595665468,0.00011852809117686699,0.00013128614932054065
2030-08-19 08:00:00,0.00012010119923790289,0.00011138853444225985,0.00012113135731138431,0.00013283228282435927
2030-08-19 09:00:00,0.00012033462226890839,0.00011204971423239345,0.00012276173167689945,0.00013583344649731321
2030-08-19 10:00:00,0.00011880697025032054,0.00011117439654406882,0.00012360089114604687,0.00013509247627780586
2030-08-19 11:00:00,0.00012057029930141973,0.00011120212020592195,0.00012258063029019247,0.00013305803014677855
2030-08-19 12:00:00,0.00012099410692901187,0.00011003337994554456,0.00012173164501327813,0.00013353495113738154
2030-08-19 13:00:00,0.00011953875706550669,0.00010830178648349974,0.00012067808755444453,0.00013124548364865936
2030-08-19 14:00:00,0.00011814828002705347,0.00010691579219852449,0.00011893783331029015,0.00012815797878519048
2030-08-19 15:00:00,0.00011711504578200921,0.0001023814884320937,0.00011451175014809932,0.00012067034863883427
2030-08-19 16:00:00,0.00011546165089471273,9.730243794197924e-05,0.00011133890609110652,0.00011622678852222495
2030-08-19 17:00:00,0.00011392557864588902,9.330083418639373e-05,0.00010599657555217812,0.00011100857154420184
2030-08-19 18:00:00,0.00011208367049004963,9.148183075032487e-05,0.00010339176887533776,0.0001084220659887057
2030-08-19 19:00:00,0.00011112065687783826,9.005716649380119e-05,0.00010209918004224839,0.00010613106264891129
2030-08-19 20:00:00,0.00011178548436840815,8.907770590793325e-05,9.973031167936553e-05,0.00010268577701169576
2030-08-19 21:00:00,0.0001086024654805736,8.539501624517906e-05,9.48793322783389e-05,9.776444526709215e-05
2030-08-19 22:00:00,0.00010682949617763109,8.246925137770514e-05,9.200328528601166e-05,9.323797351410341e-05
2030-08-19 23:00:00,0.00010464689533460382,7.993371928528713e-05,8.954358952439823e-05,9.049447041363814e-05
2030-08-20 00:00:00,0.00010343323979915088,7.743231377611432e-05,8.735911026039572e-05,8.83935041395488e-05
2030-08-20 01:00:00,0.00010218468282530103,7.658381282419434e-05,8.642517210314085e-05,8.71597710217026e-05
2030-08-20 02:00:00,0.00010199828756876625,7.636187235441152e-05,8.548493125568362e-05,8.67943816575069e-05
2030-08-20 03:00:00,0.00010395060513222389,7.722619430881492e-05,8.63002768290958e-05,8.744150178122881e-05
2030-08-20 04:00:00,0.00010434366160553925,7.942331135113173e-05,8.872925715633125e-05,9.213843949772088e-05
2030-08-20 05:00:00,0.00010865065704451298,9.008256377962925e-05,9.678039908558671e-05,0.00010136766016364076
2030-08-20 06:00:00,0.00011283495215989096,0.00010036341883928178,0.00010574887522777826,0.00011384954282601823
2030-08-20 07:00:00,0.00011371859898769443,0.00010392383543806672,0.00011054334535889384,0.00011996859771567838
2030-08-20 08:00:00,0.00011649821066505496,0.00010557499467810886,0.00011253735789092658,0.00012143949835365987
2030-08-20 09:00:00,0.00011643828894774744,0.00010585763715424271,0.00011473287643373276,0.00012595361835584807
2030-08-20 10:00:00,0.00011578947191818298,0.00010577052728729446,0.0001155575773835718,0.00012641707470334955
2030-08-20 11:00:00,0.00011678861743332648,0.00010524654473137686,0.000115721166611145,0.0001245753139477733
2030-08-20 12:00:00,0.00011644461908748448,0.00010474360151146356,0.0001152103956753538,0.00012331760489684405
2030-08-20 13:00:00,0.00011498598220643629,0.00010357522622449008,0.00011454388911524369,0.00012111522378820414
2030-08-20 14:00:00,0.00011557336296612424,0.00010210839040940332,0.00011278715516432605,0.0001182262726010546
2030-08-20 15:00:00,0.00011446984913474042,9.781527173966087e-05,0.00010981718498335102,0.00011242342293780155
2030-08-20 16:00:00,0.00011346317435267956,9.464771276890854e-05,0.00010766842020981436,0.00010827744478500293
2030-08-20 17:00:00,0.00011189612509558962,9.155816853311034e-05,0.0001035551742823405,0.00010430709434710575
2030-08-20 18:00:00,0.00011141223924697383,9.055003114659285e-05,0.00010135104126275558,0.0001020998844255861
2030-08-20 19:00:00,0.0001109997534731566,8.931869621524732e-05,0.00010023676208598866,0.00010041733945636059
2030-08-20 20:00:00,0.00011162815114819755,8.863869700251453e-05,9.841040828230014e-05,9.868716390505371e-05
2030-08-20 21:00:00,0.00010860120917178045,8.549976322505025e-05,9.38450621726004e-05,9.376988676052328e-05
2030-08-20 22:00:00,0.0001071747206890056,8.195924750136292e-05,9.073054987470939e-05,9.009237326086078e-05
2030-08-20 23:00:00,0.0001039772088084943,7.896543485920794e-05,8.866946220081061e-05,8.708263690811513e-05
2030-08-21 00:00:00,0.00010233236718821108,7.778758433974854e-05,8.71818111415913e-05,8.53663592741523e-05
2030-08-21 01:00:00,0.00010109869665308948,7.637219714460516e-05,8.616694474577911e-05,8.429686626923875e-05
2030-08-21 02:00:00,0.00010113088873016858,7.645755308721533e-05,8.592174761457277e-05,8.472311972396892e-05
2030-08-21 03:00:00,0.00010165786235835522,7.747961174503472e-05,8.637402429986085e-05,8.550118472658694e-05
2030-08-21 04:00:00,0.00010246940723366898,7.901964359032562e-05,8.85839439027503e-05,8.970050034087405e-05
2030-08-21 05:00:00,0.00010708309899406794,8.93810993317459e-05,9.660232818605447e-05,9.933212989625519e-05
2030-08-21 06:00:00,0.00011060514660601153,9.940278115313265e-05,0.0001061344851446181,0.00011147708931818531
2030-08-21 07:00:00,0.00011230710055834489,0.00010439284172228654,0.00011119098059534329,0.0001168855318972405
2030-08-21 08:00:00,0.00011512430240681124,0.00010613259481213136,0.00011336462706492435,0.00011832602954008657
2030-08-21 09:00:00,0.00011616553119747161,0.0001069382125838941,0.00011529282470591935,0.00012165242009358201
2030-08-21 10:00:00,0.00011599475221694692,0.00010711818690071924,0.00011539996272312046,0.0001225559813576702
2030-08-21 11:00:00,0.00011637551724358388,0.00010669306737517651,0.00011566612807880008,0.00012067971146001842
2030-08-21 12:00:00,0.00011596167773771166,0.00010553260432097326,0.00011430617518329747,0.00012084554981198212
2030-08-21 13:00:00,0.00011490542803504018,0.00010438127279172125,0.00011339239312225284,0.00011859398053209623
2030-08-21 14:00:00,0.00011418945907929407,0.00010235369290851422,0.00011127304942806994,0.00011620476827043269
2030-08-21 15:00:00,0.00011272076805037301,9.805256417922908e-05,0.00010717148104190223,0.00011010762136108702
2030-08-21 16:00:00,0.00011251402655990694,9.429664674214158e-05,0.0001053223200727017,0.00010701545984359866
2030-08-21 17:00:00,0.00011130888090552593,9.058522631996812e-05,0.00010321623605110734,0.00010305810677015998
2030-08-21 18:00:00,0.00011004730146955178,8.905271317582632e-05,0.000100831240944712,0.0001009770898434228
2030-08-21 19:00:00,0.00011000441761493813,8.91906891495018e-05,0.00010008018155049196,0.0001000077180588953
2030-08-21 20:00:00,0.00011018045182412508,8.841023018555217e-05,9.803082811269187e-05,9.793039121203178e-05
2030-08-21 21:00:00,0.0001072636653210571,8.490545223083411e-05,9.405129305683378e-05,9.320968157717077e-05
2030-08-21 22:00:00,0.00010639171923945382,8.254896038648178e-05,9.059799671827154e-05,8.918332419947218e-05
2030-08-21 23:00:00,0.00010325349749088654,7.961886448043766e-05,8.778022346970207e-05,8.70685021128452e-05
2030-08-22 00:00:00,0.00010168487082231229,7.956826297246433e-05,8.620195703362743e-05,8.494530174151226e-05
2030-08-22 01:00:00,0.00010112303137511289,7.871711661296563e-05,8.577925345020557e-05,8.410517516971777e-05
2030-08-22 02:00:00,0.00010160890321524421,7.982400317588502e-05,8.534824738469114e-05,8.481932899371362e-05
2030-08-22 03:00:00,0.00010140358420850573,8.051290351624127e-05,8.610761983373152e-05,8.575685072297351e-05
2030-08-22 04:00:00,0.00010165862241752089,8.055618148660625e-05,8.868644251635706e-05,9.0283668983703e-05
2030-08-22 05:00:00,0.00010758564090442157,9.059018241873466e-05,9.674635409033752e-05,0.00010058079130083218
2030-08-22 06:00:00,0.00011180700814716984,9.974086492516093e-05,0.00010597545848605393,0.00011294697966559624
2030-08-22 07:00:00,0.00011279453218181602,0.00010453940937611344,0.00010992987521427086,0.00011751248503388248
2030-08-22 08:00:00,0.00011420751707052416,0.00010556521728047503,0.00011172866876737462,0.00011959403467075786
2030-08-22 09:00:00,0.00011331515087170876,0.00010727587158060369,0.00011320047967210445,0.00012212494767068244
2030-08-22 10:00:00,0.00011288110868037815,0.00010653347824247602,0.00011473405838289942,0.0001232293198383113
2030-08-22 11:00:00,0.00011419646713274117,0.00010567675728778052,0.00011374190134160359,0.00012157677013907922
2030-08-22 12:00:00,0.00011500362108609187,0.00010550298317498845,0.0001137960744353127,0.00012212107527270286
2030-08-22 13:00:00,0.0001127879704622433,0.00010433685351936208,0.0001137272646019216,0.00012092713135789178
2030-08-22 14:00:00,0.00011215443340790159,0.0001021665319469963,0.00011205880759759595,0.00011899645457463337
2030-08-22 15:00:00,0.00010957938163202435,9.756307575892766e-05,0.00010943835829194649,0.00011330727902808679
2030-08-22 16:00:00,0.00010923958393177324,9.51158567372774e-05,0.000106849644484121,0.00011022440212511202
2030-08-22 17:00:00,0.00010782447103100916,9.189233756327045e-05,0.00010375559943494744,0.00010631443117734455
2030-08-22 18:00:00,0.00010800411969930238,9.167906528653163e-05,0.00010223872209164568,0.0001046092195454747
2030-08-22 19:00:00,0.00010712792576570713,9.112827151739666e-05,0.0001014002814725935,0.0001039052825320675
2030-08-22 20:00:00,0.0001074178989199936,8.968684408468308e-05,9.918189944276048e-05,0.00010113694904394092
2030-08-22 21:00:00,0.00010393561204860951,8.641298673825672e-05,9.441063644284261e-05,9.7010134772884e-05
2030-08-22 22:00:00,0.00010253248391409323,8.350207111449008e-05,9.129244087736259e-05,9.174119953053962e-05
2030-08-22 23:00:00,0.00010012352032956053,8.150849562110452e-05,8.866685874342599e-05,8.998742989328357e-05
2030-08-23 00:00:00,9.961344023538708e-05,8.186707233930191e-05,8.695431957420782e-05,8.777385364953881e-05
2030-08-23 01:00:00,9.799081399601152e-05,7.961577605097168e-05,8.62829773692942e-05,8.618339880527256e-05
2030-08-23 02:00:00,9.753322086062074e-05,7.95376610586689e-05,8.577754644199512e-05,8.612023363083332e-05
2030-08-23 03:00:00,9.811023411380997e-05,8.192505200764203e-05,8.674896253866741e-05,8.744726680966135e-05
2030-08-23 04:00:00,9.955358053743426e-05,8.462614907779736e-05,9.015062964913201e-05,9.300984328312061e-05
2030-08-23 05:00:00,0.00010528460830084752,9.657537662680685e-05,0.00010046519113922742,0.0001051036751484505
2030-08-23 06:00:00,0.00010852090826397716,0.0001065507315348553,0.00011162170523658352,0.00011985853770720316
2030-08-23 07:00:00,0.00011019366078736097,0.0001104885666255809,0.00011675946069501295,0.00012595093053607403
2030-08-23 08:00:00,0.0001124412221595488,0.00011280592715666918,0.00011808077071713534,0.00012750971036826892
2030-08-23 09:00:00,0.00011300011044325237,0.00011291141300888553,0.00011938843613797162,0.00012987926868451613
2030-08-23 10:00:00,0.00011201591978844631,0.00011239910830021678,0.00011986056191208883,0.00013040593440101798
2030-08-23 11:00:00,0.0001143029933352164,0.00011231746682977335,0.00011918918384071477,0.0001285190868055374
2030-08-23 12:00:00,0.00011414072523184036,0.00011179474522341649,0.00011837704791230139,0.00012896004287728697
2030-08-23 13:00:00,0.00011333650325500648,0.00011119643203452954,0.00011743061942353398,0.00012775012567040972
2030-08-23 14:00:00,0.00011330757432155767,0.00010945297207902614,0.00011568231518187074,0.00012497570165010424
2030-08-23 15:00:00,0.00011128715262145094,0.00010488078285812383,0.00011177984003281191,0.00011785763210203195
2030-08-23 16:00:00,0.00011087849445624177,0.00010085113262123585,0.00010922229226345507,0.00011404304542836552
2030-08-23 17:00:00,0.00011000962933297958,9.75076753871547e-05,0.00010581423957366607,0.00010970080225371841
2030-08-23 18:00:00,0.00010925190511548956,9.577936640744623e-05,0.00010366040915903973,0.00010673389217830409
2030-08-23 19:00:00,0.0001081733308665459,9.377772743239621e-05,0.00010276969905850714,0.00010519981887117777
2030-08-23 20:00:00,0.00010822348821617805,9.271245814380099e-05,9.997863732766601e-05,0.00010260891939980355
2030-08-23 21:00:00,0.00010646928134652857,8.97367299850711e-05,9.570266722294839e-05,9.793519594974332e-05
2030-08-23 22:00:00,0.00010487132246630882,8.669141762385653e-05,9.197881372510614e-05,9.330086996809537e-05
2030-08-23 23:00:00,0.00010222800931695964,8.508835718190776e-05,8.972327078854345e-05,9.068862679090781e-05
2030-08-24 00:00:00,0.00010131649440119406,8.35274517542456e-05,8.846986478762123e-05,8.867441905787091e-05
2030-08-24 01:00:00,0.00010130665822704941,8.238688605253076e-05,8.771624883662174e-05,8.768523275355627e-05
2030-08-24 02:00:00,0.00010055450426255702,8.259830403634932e-05,8.767774157765307e-05,8.815262780241762e-05
2030-08-24 03:00:00,0.00010122946761616117,8.458125898347561e-05,8.875901413230598e-05,8.939185020012986e-05
2030-08-24 04:00:00,0.00010259402873342108,8.744271745692088e-05,9.247453821300343e-05,9.435864678763664e-05
2030-08-24 05:00:00,0.0001087995206865984,9.863826191663003e-05,0.00010294941677640196,0.00010771981302876849
2030-08-24 06:00:00,0.00011274375332496331,0.0001094318664799861,0.00011429002695008148,0.00012197671165543559
2030-08-24 07:00:00,0.00011526661246861363,0.00011324942255518737,0.00011859088321747588,0.00012766134288415677
2030-08-24 08:00:00,0.00011691692741746318,0.00011358563700152434,0.00012003395991464542,0.00012900153084133642
2030-08-24 09:00:00,0.00011611137726424744,0.00011395181103970227,0.00012126891718958058,0.00013201169963007872
2030-08-24 10:00:00,0.00011620575806792922,0.00011312555569359221,0.00012154343658450299,0.00013218670192726025
2030-08-24 11:00:00,0.00011767879638209576,0.00011218897383590424,0.00012073015248147091,0.00013069779225611034
2030-08-24 12:00:00,0.0001170706871841823,0.0001114860117639023,0.00012043761366951687,0.00013109805067927074
2030-08-24 13:00:00,0.00011469806421343775,0.00010978977473291208,0.00011947067722294236,0.0001298222435200407
2030-08-24 14:00:00,0.00011335115509918367,0.00010830938912331847,0.00011778388221770694,0.000127535854849392
2030-08-24 15:00:00,0.00011176775552320888,0.00010358007475220626,0.00011368147934055419,0.00012038362520978197
2030-08-24 16:00:00,0.00011007481523842011,0.00010061695246136164,0.00011144801478060124,0.00011601156726169912
2030-08-24 17:00:00,0.00010853551951307342,9.753845746854638e-05,0.00010732825562211664,0.00011167816096614167
2030-08-24 18:00:00,0.00010786188036829645,9.533893895905866e-05,0.00010452231377107248,0.0001098857069394326
2030-08-24 19:00:00,0.0001081486646556439,9.502871324408453e-05,0.00010384661120044847,0.00010818462118862675
2030-08-24 20:00:00,0.00010825653342872391,9.374395124871097e-05,0.00010122354134531671,0.00010500998759778728
2030-08-24 21:00:00,0.0001065815231956962,9.06477130318366e-05,9.664676969036979e-05,9.969269447025289e-05
2030-08-24 22:00:00,0.00010597224435058405,8.711817957850608e-05,9.286977491171618e-05,9.406939264076977e-05
2030-08-24 23:00:00,0.00010319074962582434,8.327560433811403e-05,9.04471721621809e-05,9.040971860595992e-05
2030-08-25 00:00:00,0.00010182264356453352,8.189804762230274e-05,8.864724937209141e-05,8.817680264880864e-05
2030-08-25 01:00:00,0.00010062044611930817,8.076309819883609e-05,8.754753927397376e-05,8.752054532048216e-05
2030-08-25 02:00:00,0.00010071198347404525,8.054165881013867e-05,8.775932972556419e-05,8.805731163485681e-05
2030-08-25 03:00:00,0.0001000637562918253,8.238952734703254e-05,8.873144949252584e-05,8.895058753603933e-05
2030-08-25 04:00:00,0.00010098208515402132,8.527447103375749e-05,9.227781632764601e-05,9.425648949149363e-05
2030-08-25 05:00:00,0.00010677340761859953,9.696439389545896e-05,0.00010192777550258224,0.00010734486696549479
2030-08-25 06:00:00,0.0001113686306629961,0.00010827678988994778,0.0001135148112434296,0.0001218153331569255
2030-08-25 07:00:00,0.00011167337405184679,0.00011278535225756674,0.00011804955298514175,0.00012796828650959112
2030-08-25 08:00:00,0.00011358442499053261,0.00011345016191122589,0.00011926083602025257,0.0001285913505172479
2030-08-25 09:00:00,0.0001137554369821277,0.00011515729530829755,0.00012087299733866022,0.0001320735609871032
2030-08-25 10:00:00,0.0001128884096320623,0.00011562966556559343,0.00012202727093713283,0.0001318247249827092
2030-08-25 11:00:00,0.00011349017440855352,0.00011567364890950771,0.00012178404191769854,0.00013023924781389336
2030-08-25 12:00:00,0.00011438151299405394,0.00011490882821521987,0.00012114176528418101,0.0001305090089904005
2030-08-25 13:00:00,0.00011384222972075385,0.00011357943301893365,0.00012040320061681729,0.0001291357620208079
2030-08-25 14:00:00,0.00011298603178663004,0.0001115132460215161,0.00011785683459373492,0.0001262214450259033
2030-08-25 15:00:00,0.00011163819587824363,0.00010679327190469236,0.00011420182278660531,0.00011903253247660076
2030-08-25 16:00:00,0.00011061501565901789,0.00010316561179141059,0.00011136027789529948,0.00011509322943505196
2030-08-25 17:00:00,0.00010767347692276956,9.976082046535932e-05,0.00010785740283653267,0.00011131232452604535
2030-08-25 18:00:00,0.00010699867257817686,9.826483416067659e-05,0.00010491473130306837,0.0001086633886784735
2030-08-25 19:00:00,0.00010603465502377943,9.805334596566512e-05,0.00010398495376658843,0.00010640151205143027
2030-08-25 20:00:00,0.00010642125903297633,9.69965263454196e-05,0.00010151312818024298,0.00010315005190779792
2030-08-25 21:00:00,0.00010433977288632854,9.351797992274593e-05,9.677445451165202e-05,9.730926445421817e-05
2030-08-25 22:00:00,0.00010269400492552657,9.06729712197458e-05,9.409495885592314e-05,9.332486317937803e-05
2030-08-25 23:00:00,0.00010129334632434631,8.726532205799134e-05,9.154279788742104e-05,9.069790284073325e-05
2030-08-26 00:00:00,0.00010030094981897041,8.447050812398987e-05,8.97999366401522e-05,8.89265843205111e-05
2030-08-26 01:00:00,9.943103546087789e-05,8.453167717803409e-05,8.877128614385717e-05,8.730533410063787e-05
2030-08-26 02:00:00,9.884144749984264e-05,8.272092966789705e-05,8.908345853468989e-05,8.802123287150949e-05
2030-08-26 03:00:00,9.994080067231848e-05,8.422495518096594e-05,8.990923266034899e-05,8.946910089654929e-05
2030-08-26 04:00:00,0.00010171252955901277,8.719794402277115e-05,9.412414474790272e-05,9.598778755825747e-05
2030-08-26 05:00:00,0.0001083461038353608,0.00010071381865644446,0.00010500492955763479,0.00010847614385600443
2030-08-26 06:00:00,0.00011227752710277481,0.00011140731501943632,0.00011532316736384534,0.00012560559131808647
2030-08-26 07:00:00,0.000114205605200409,0.00011569809338984724,0.00012019990562569746,0.00013219557600095802
2030-08-26 08:00:00,0.00011641597237999798,0.00011702052982613053,0.00012255412002265548,0.00013411538164972612
2030-08-26 09:00:00,0.00011657701895496071,0.00011762828277327862,0.00012408056430178506,0.00013660501338846873
2030-08-26 10:00:00,0.00011566905984325732,0.00011701887545131171,0.00012491907033020862,0.00013693713155708704
2030-08-26 11:00:00,0.00011717436010367764,0.00011743017681000619,0.0001245454015704441,0.0001345142235737354
2030-08-26 12:00:00,0.0001164504856051819,0.00011617871867164396,0.00012301156048691078,0.00013435069430672543
2030-08-26 13:00:00,0.00011516529238409824,0.00011547495501730222,0.00012206225373477967,0.00013188491186721287
2030-08-26 14:00:00,0.0001143702981161548,0.00011365484763651303,0.00012008737314198753,0.00012883780977584124
2030-08-26 15:00:00,0.00011282645239674167,0.00010872378736293185,0.00011658662355976633,0.0001214738459118467
2030-08-26 16:00:00,0.00011092676780714698,0.00010560211338779661,0.00011383774590496972,0.00011656161707238817
2030-08-26 17:00:00,0.00010912807358320271,0.00010250088860969937,0.00010983251173313625,0.00011241233536200667
2030-08-26 18:00:00,0.00010856342012283879,9.963282401886009e-05,0.00010724341953548132,0.00010937664829662849
2030-08-26 19:00:00,0.00010752473704401071,9.815073843062535e-05,0.00010552637873555276,0.00010778029400168215
2030-08-26 20:00:00,0.00010818755531331887,9.660877381549086e-05,0.00010199085850997531,0.00010316019263124057
2030-08-26 21:00:00,0.00010530804233606863,9.226846098612718e-05,9.683118910434783e-05,9.692698474657034e-05
2030-08-26 22:00:00,0.00010380866847741262,8.873486252464419e-05,9.298700422008672e-05,9.279806281644423e-05
2030-08-26 23:00:00,0.00010173832629091861,8.566909125113745e-05,9.140100163848805e-05,8.945566487896119e-05
2030-08-27 00:00:00,0.00010016821838671407,8.240123784175502e-05,8.971408218408223e-05,8.798549813320255e-05
2030-08-27 01:00:00,0.00010018203369341397,8.181814521292591e-05,8.835712607936836e-05,8.656171238108496e-05
2030-08-27 02:00:00,9.980828140577866e-05,8.150575763296715e-05,8.833772670604537e-05,8.673940412483109e-05
2030-08-27 03:00:00,9.996723662154083e-05,8.293303170270592e-05,8.881104725666633e-05,8.797769808275294e-05
2030-08-27 04:00:00,0.00010138663262429153,8.464171609012434e-05,9.192539624116405e-05,9.21523024525231e-05
2030-08-27 05:00:00,0.00010718845043225893,9.519762303068869e-05,9.968898914424648e-05,0.00010243237427542944
2030-08-27 06:00:00,0.00011103901179045452,0.0001045239346699246,0.00010866268392172218,0.00011557163291874
2030-08-27 07:00:00,0.00011216254796422216,0.00010786103802373388,0.00011280073138142022,0.00012163014746325962
2030-08-27 08:00:00,0.00011417065933705015,0.00010778263224229051,0.00011467492722410389,0.00012281104278936793
2030-08-27 09:00:00,0.00011349924412549558,0.00010805805857909093,0.00011642771861473302,0.00012609777835520124
2030-08-27 10:00:00,0.00011263393853862345,0.00010885935500725918,0.00011786376337374234,0.00012601093088649784
2030-08-27 11:00:00,0.00011460765466304729,0.00010816926741432225,0.00011782910676816304,0.0001244923065510752
2030-08-27 12:00:00,0.00011407443585704684,0.00010774186345182046,0.00011672198276288601,0.0001246281430193428
2030-08-27 13:00:00,0.00011225167410973958,0.00010674035537161981,0.00011598438693842166,0.00012258743893070549
2030-08-27 14:00:00,0.00011170838687644515,0.00010426013133502147,0.00011454498273634696,0.00012103056224740453
2030-08-27 15:00:00,0.00011038134496158302,9.962889184557881e-05,0.00011100107132931362,0.000115060897997304
2030-08-27 16:00:00,0.00010960802941294005,9.636193145926385e-05,0.00010800523349645877,0.00011038813234974896
2030-08-27 17:00:00,0.00010708850833541902,9.384972290818443e-05,0.00010521484424895948,0.00010697973388853314
2030-08-27 18:00:00,0.0001063117794938397,9.268676400818862e-05,0.00010315406749691395,0.000104319872205495
2030-08-27 19:00:00,0.00010587800096151635,9.23546770702736e-05,0.00010205075686919388,0.0001035498938675335
2030-08-27 20:00:00,0.00010612219131077962,9.172220752108591e-05,9.897899603615648e-05,9.91288630967958e-05
2030-08-27 21:00:00,0.00010344846006609643,8.791826622016152e-05,9.43255919868659e-05,9.474927937410974e-05
2030-08-27 22:00:00,0.00010105569605237913,8.505349054337148e-05,9.191407836095703e-05,9.142789402696124e-05
2030-08-27 23:00:00,9.831146774511428e-05,8.217214873874829e-05,8.917065973234677e-05,8.809284306161035e-05
2030-08-28 00:00:00,9.737945444344817e-05,8.063215493520334e-05,8.745700815299912e-05,8.654760526342267e-05
2030-08-28 01:00:00,9.71257415743629e-05,7.952715681770688e-05,8.759221836245623e-05,8.568009787692977e-05
2030-08-28 02:00:00,9.613281774966783e-05,7.962399729267784e-05,8.749509627918303e-05,8.517266436394285e-05
2030-08-28 03:00:00,9.703459425739606e-05,8.137090305202942e-05,8.824363999437975e-05,8.561309893980063e-05
2030-08-28 04:00:00,9.747593311430879e-05,8.440406427044453e-05,9.175375743415835e-05,9.080468849196927e-05
2030-08-28 05:00:00,0.00010248584318273052,9.496421464424134e-05,9.969861984156677e-05,0.00010143345849843093
2030-08-28 06:00:00,0.0001059544000291839,0.00010465713455697701,0.00010913535368827308,0.00011391367091131582
2030-08-28 07:00:00,0.0001063027508547052,0.00010861013356403947,0.0001133563029005333,0.00011940444268584754
2030-08-28 08:00:00,0.00010785362911778034,0.00011053813815451346,0.00011538796460633971,0.00012142572512225506
2030-08-28 09:00:00,0.00010751295379466858,0.00011083532840997188,0.00011764628092634094,0.0001248541465649638
2030-08-28 10:00:00,0.00010754359256521838,0.00011066817210870988,0.00011836969036785334,0.00012455329928371677
2030-08-28 11:00:00,0.00010906932760523772,0.00010965343467807271,0.00011741598631992108,0.0001226736092840765
2030-08-28 12:00:00,0.00010887319832771623,0.00010877207757350638,0.00011628089758944081,0.00012243995251359064
2030-08-28 13:00:00,0.00010734232825431059,0.00010682141239930087,0.00011506278357971067,0.00011874776302654168
2030-08-28 14:00:00,0.000106439474086687,0.00010516583659765499,0.00011271667978189504,0.00011605010337187001
2030-08-28 15:00:00,0.00010420138640409085,0.00010172463947788824,0.00010934018231244492,0.00011104460898474244
2030-08-28 16:00:00,0.00010403278028104633,9.897180400068261e-05,0.00010661051276148218,0.00010764178940242434
2030-08-28 17:00:00,0.0001032865656413892,9.565194535045076e-05,0.00010426017650493039,0.00010455778915074376
2030-08-28 18:00:00,0.00010209279859207539,9.42018929874321e-05,0.00010201944672329616,0.00010344989554438864
2030-08-28 19:00:00,0.00010237235185952469,9.468755240709826e-05,0.0001014832772688139,0.0001020331923115074
2030-08-28 20:00:00,0.00010287726052701947,9.330094376700798e-05,9.875719120564178e-05,9.817596549496681e-05
2030-08-28 21:00:00,0.00010128610008443353,8.869576202348288e-05,9.485867880341646e-05,9.396548012248062e-05
2030-08-28 22:00:00,9.955461792290005e-05,8.51543015706296e-05,9.136285876153088e-05,8.996845395613535e-05
2030-08-28 23:00:00,9.699613004553194e-05,8.328462899117534e-05,8.889423267408004e-05,8.728478819620752e-05
2030-08-29 00:00:00,9.600622584036823e-05,8.345037901886493e-05,8.753191678912727e-05,8.620442370715601e-05
2030-08-29 01:00:00,9.491851080379507e-05,8.354679530533151e-05,8.704220023809325e-05,8.491354349531655e-05
2030-08-29 02:00:00,9.5289202224302e-05,8.223813148533853e-05,8.649625506300814e-05,8.53509252581878e-05
2030-08-29 03:00:00,9.693105418159457e-05,8.37874895824183e-05,8.746553368898204e-05,8.615776055172656e-05
2030-08-29 04:00:00,9.874918374217599e-05,8.53240128992968e-05,9.111877111433827e-05,9.091576777535242e-05
2030-08-29 05:00:00,0.00010519721232136816,9.444313135070659e-05,9.916028275611905e-05,0.00010189009925138333
2030-08-29 06:00:00,0.00010850588544054625,0.00010404596918866164,0.00010866382454351928,0.00011387968641474919
2030-08-29 07:00:00,0.00010970895909603604,0.00010753262262115948,0.0001120110071933922,0.00011942491137948027
2030-08-29 08:00:00,0.00011131866496068822,0.0001088572634446706,0.00011388816149463967,0.00012129994569369255
2030-08-29 09:00:00,0.00011083703955254136,0.00010878551358840086,0.00011582412072852545,0.00012367134297143617
2030-08-29 10:00:00,0.0001099333209001194,0.00010881998374932276,0.00011668827083643309,0.00012308792689642444
2030-08-29 11:00:00,0.00011028412807868697,0.00010863653446089908,0.0001160710387394705,0.00012148140748754921
2030-08-29 12:00:00,0.00011117669650491046,0.00010728346750417933,0.00011582464549437855,0.0001217599431972047
2030-08-29 13:00:00,0.00010959233075202946,0.0001063978936695039,0.00011463667698034344,0.00012045999225051235
2030-08-29 14:00:00,0.00010910575209628281,0.00010508018283884755,0.00011339405310154662,0.00011870569863670763
2030-08-29 15:00:00,0.00010775893289129467,0.00010122486868776905,0.00011007665266041563,0.000112807073677203
2030-08-29 16:00:00,0.00010679063422675442,9.823874677421418e-05,0.00010839972063661763,0.00010954220104315115
2030-08-29 17:00:00,0.00010584308069008638,9.602146446424318e-05,0.00010533223361143924,0.00010603147251224401
2030-08-29 18:00:00,0.00010497485105548322,9.508237979399985e-05,0.0001036893047202062,0.00010469400752437473
2030-08-29 19:00:00,0.00010507561809736433,9.512910833821789e-05,0.00010379589234427983,0.00010414960355454447
2030-08-29 20:00:00,0.00010506365855033051,9.362126714253404e-05,0.00010063473295284463,9.978284938705875e-05
2030-08-29 21:00:00,0.00010237907946352412,9.049095731427132e-05,9.63694269311073e-05,9.603890129873308e-05
2030-08-29 22:00:00,0.00010043342700863191,8.787541058241031e-05,9.311550528891724e-05,9.196569679968347e-05
2030-08-29 23:00:00,9.722046170925584e-05,8.444594039836088e-05,9.072999827412691e-05,8.871642688447401e-05
2030-08-30 00:00:00,9.683635848422556e-05,8.282349800576226e-05,8.899187878445313e-05,8.701061655169573e-05
2030-08-30 01:00:00,9.603200101007696e-05,8.09029267778003e-05,8.829536306160382e-05,8.551719996301108e-05
2030-08-30 02:00:00,9.563441673346708e-05,8.129267740106659e-05,8.785945093393898e-05,8.526554707923785e-05
2030-08-30 03:00:00,9.697169241228058e-05,8.339496399668892e-05,8.907586485756811e-05,8.658985375629958e-05
2030-08-30 04:00:00,9.896752559508776e-05,8.805812563625501e-05,9.335047693012314e-05,9.305377361442552e-05
2030-08-30 05:00:00,0.0001040211007603078,0.00010026291525357198,0.00010361985202987441,0.00010605083164535367
2030-08-30 06:00:00,0.00010753434845724735,0.00011022110984143551,0.00011421509717210979,0.00012057124525535106
2030-08-30 07:00:00,0.00010738338513722574,0.00011469054244774013,0.00011848253323727741,0.00012517374035645373
2030-08-30 08:00:00,0.00010967540693916232,0.00011567515862744181,0.00011931732122894128,0.00012684269032870328
2030-08-30 09:00:00,0.0001091880372234824,0.00011584013110837168,0.00012046126646379726,0.00012844817281939944
2030-08-30 10:00:00,0.0001082010337310272,0.00011655967541016079,0.00012084828112228752,0.0001286589316416778
2030-08-30 11:00:00,0.0001102232462709186,0.00011575776891494883,0.00012004794597149327,0.00012618337710420911
2030-08-30 12:00:00,0.00010974548101630848,0.00011552810226511056,0.00011927828942558756,0.00012698718988187325
2030-08-30 13:00:00,0.00010881022323201803,0.00011525122304771913,0.00011854289959524495,0.00012415057750561913
2030-08-30 14:00:00,0.00010781413122379472,0.00011180923540650919,0.00011709690235669264,0.00012183630598687825
2030-08-30 15:00:00,0.00010644159486487507,0.00010717799162872409,0.00011300021551010563,0.00011511433051808822
2030-08-30 16:00:00,0.00010618972523945007,0.00010482137945096962,0.00011023019313969691,0.00011210396219803585
2030-08-30 17:00:00,0.0001048560277199913,0.00010095888112602402,0.00010719110539189505,0.00010854780602449592
2030-08-30 18:00:00,0.00010468416435872544,9.885126786047034e-05,0.0001051246193794176,0.00010663287061235386
2030-08-30 19:00:00,0.00010438745232985965,9.815274594034137e-05,0.00010500356124236317,0.00010568962101056187
2030-08-30 20:00:00,0.00010451198303883916,9.621190151837813e-05,0.00010102420495278577,0.00010117730897707207
2030-08-30 21:00:00,0.00010226501994698876,9.30952437836482e-05,9.669059496947927e-05,9.608968730989237e-05
2030-08-30 22:00:00,9.993958896509088e-05,8.989778764100195e-05,9.346711706634764e-05,9.241712223507904e-05
2030-08-30 23:00:00,9.744483311352021e-05,8.693180834643507e-05,9.139549957087744e-05,8.861718435705577e-05
2030-08-31 00:00:00,9.599637249633287e-05,8.456501763281714e-05,9.022448954603356e-05,8.780248122618905e-05
2030-08-31 01:00:00,9.610642816681767e-05,8.466748971057525e-05,8.908188918105575e-05,8.69328108901812e-05
2030-08-31 02:00:00,9.492619719676535e-05,8.369177936807838e-05,8.85728356667868e-05,8.750231901136214e-05
2030-08-31 03:00:00,9.614701564319823e-05,8.659612347133448e-05,8.966523261431539e-05,8.862541482854953e-05
2030-08-31 04:00:00,9.760853426024952e-05,9.043969491810518e-05,9.355826298669288e-05,9.498194651439391e-05
2030-08-31 05:00:00,0.00010416133895847124,0.00010266541188236743,0.00010440233479029708,0.00010781700759296014
2030-08-31 06:00:00,0.0001077055438961386,0.00011421773730657276,0.00011501058289574424,0.00012201759065265188
2030-08-31 07:00:00,0.0001087558973246252,0.00011890494593447214,0.00011914033999211899,0.00012748287061632122
2030-08-31 08:00:00,0.00011043984078281104,0.00011906277392992196,0.00012029363097353887,0.00012901571588747586
2030-08-31 09:00:00,0.0001101945989819999,0.00011833011332932704,0.00012152784022671625,0.00013092268787637295
2030-08-31 10:00:00,0.00010998155903861454,0.00011827678527393982,0.00012153216857904356,0.00013191329913514184
2030-08-31 11:00:00,0.0001111263475086046,0.00011783993869094154,0.00012160953134778183,0.0001292436449773987
2030-08-31 12:00:00,0.00011089832856490402,0.0001168829686593455,0.00012083199758526665,0.00013018001195734606
2030-08-31 13:00:00,0.00010973905837386565,0.00011651490427691186,0.00012081672088118645,0.00012898246500177686
2030-08-31 14:00:00,0.00010980504940174387,0.00011426101570608618,0.00011898610759655167,0.0001270497135000746
2030-08-31 15:00:00,0.000108325066918406,0.00010815881074544096,0.00011561115720521486,0.00011953515626484817
2030-08-31 16:00:00,0.00010735659303544106,0.00010469735042234058,0.0001130681536369559,0.00011571452129120008
2030-08-31 17:00:00,0.0001063187506954432,0.00010205119708729533,0.0001091605765673694,0.00011097848673757502
2030-08-31 18:00:00,0.00010632414949036303,0.00010064478485629514,0.00010700225477796267,0.0001093038339256182
2030-08-31 19:00:00,0.0001063266530832268,0.00010067649924254097,0.00010717815180442596,0.00010829986450118802
2030-08-31 20:00:00,0.00010529843717077605,9.829735045722486e-05,0.0001037267690472647,0.00010367483093310697
2030-08-31 21:00:00,0.00010139214867159585,9.480327096284123e-05,9.857389885963598e-05,9.842835359441158e-05
2030-08-31 22:00:00,0.00010042803897557598,9.095307307149133e-05,9.558712361876646e-05,9.370430294427563e-05
2030-08-31 23:00:00,9.806582414793816e-05,8.93973106461168e-05,9.268266709792333e-05,9.014425844149564e-05
2030-09-01 00:00:00,0.00010231983869297399,9.681264596507983e-05,9.865186407059714e-05,9.661932699079983e-05
2030-09-01 01:00:00,0.00010162413193952872,9.47751517235613e-05,9.73918033167245e-05,9.633659877155077e-05
2030-09-01 02:00:00,0.00010143860902258532,9.512150814391613e-05,9.72269666818556e-05,9.600439943909168e-05
2030-09-01 03:00:00,0.00010145478337329114,9.676036154230039e-05,9.816339067818704e-05,9.658558670379374e-05
2030-09-01 04:00:00,0.00010379315522544764,0.00010139661848840887,0.000102528676382005,0.00010240330817891478
2030-09-01 05:00:00,0.00010906442480553129,0.0001139801866685885,0.00011295060265671919,0.00011603106451855028
2030-09-01 06:00:00,0.00011480983561253403,0.00012917536280664801,0.00012697271206302813,0.0001343626824799033
2030-09-01 07:00:00,0.00011781584182183783,0.00013707529971722948,0.00013490409035739258,0.00014470024487829166
2030-09-01 08:00:00,0.00011882248205043124,0.00013947965689096268,0.00013785748547193662,0.0001477271365671076
2030-09-01 09:00:00,0.00011882892600168449,0.0001384256264371297,0.00013787476625651932,0.00014814904397212947
2030-09-01 10:00:00,0.00011796396058480248,0.0001384436808946686,0.00013825919501694707,0.00014819266031506975
2030-09-01 11:00:00,0.000118180916749209,0.0001367839917396211,0.00013725471642512196,0.00014631504544254355
2030-09-01 12:00:00,0.00011892076704178856,0.00013573960063848286,0.0001361414160385518,0.00014568305993204226
2030-09-01 13:00:00,0.00011802645237246955,0.00013484265670285546,0.00013539690377792555,0.00014409881084456256
2030-09-01 14:00:00,0.00011781368745183327,0.00013298268735306045,0.00013422638442253833,0.00014167444860081836
2030-09-01 15:00:00,0.00011673055695154077,0.00012930374996912903,0.00013200749397037666,0.00013538181320050797
2030-09-01 16:00:00,0.00011554334302524971,0.00012398600217760277,0.00012840047495091557,0.00012924103056772084
2030-09-01 17:00:00,0.0001133540305180698,0.00012006276852517297,0.00012394030806747727,0.0001242189780213769
2030-09-01 18:00:00,0.00011211035669622767,0.00011599684911977306,0.00012035052542159147,0.00012039721636886841
2030-09-01 19:00:00,0.00011232296608576285,0.00011498415292714393,0.00011841066905938092,0.00011767129883468541
2030-09-01 20:00:00,0.00011082434048669545,0.00011274474770541371,0.00011400758864076002,0.00011330236056120866
2030-09-01 21:00:00,0.00010853831289670484,0.00010790963957490477,0.0001089763318156406,0.00010664295713507024
2030-09-01 22:00:00,0.00010599341189213071,0.00010373945630515125,0.00010430099135425106,0.0001016820098553999
2030-09-01 23:00:00,0.00010424552973735683,0.00010049063619020491,0.00010108078633516635,9.758662578861839e-05
2030-09-02 00:00:00,0.00010546988741046723,9.587926423708876e-05,9.51731509624274e-05,9.026494374507482e-05
2030-09-02 01:00:00,0.00010530176514461565,9.43554581091274e-05,9.450989017162424e-05,8.906347704664238e-05
2030-09-02 02:00:00,0.00010519306656689622,9.416777658001002e-05,9.382020600448174e-05,8.817269611012978e-05
2030-09-02 03:00:00,0.00010542441605628263,9.49864194249487e-05,9.449375396892265e-05,8.973490476333011e-05
2030-09-02 04:00:00,0.00010685177387952608,9.830744993386739e-05,9.801469915555507e-05,9.446901333114498e-05
2030-09-02 05:00:00,0.00011008127408621342,0.00010747386271312904,0.00010480683221304574,0.00010333805793451994
2030-09-02 06:00:00,0.00011357935363812823,0.00011601802145516902,0.00011266875300460801,0.00011332987160322959
2030-09-02 07:00:00,0.0001145803036809952,0.00012039746689399755,0.0001162374970629084,0.0001184368991616867
2030-09-02 08:00:00,0.00011557984793853513,0.00012129415087105727,0.00011715031913084094,0.00011937938144869047
2030-09-02 09:00:00,0.00011684971478418505,0.0001217651871068552,0.00011910584298905648,0.00012186975744165974
2030-09-02 10:00:00,0.0001163632601472788,0.000122558305140463,0.00012011710437124537,0.0001227752873605753
2030-09-02 11:00:00,0.00011678048131654092,0.00012242119688908725,0.00012017261015248087,0.00012166904308772332
2030-09-02 12:00:00,0.00011715202886189206,0.0001219206998299845,0.00011938577219687163,0.00012153410746561611
2030-09-02 13:00:00,0.0001150315179366038,0.00012103124962274397,0.0001185714700054303,0.00011936387775582381
2030-09-02 14:00:00,0.00011497955104175348,0.00012023190636399436,0.00011702464652349442,0.00011677726327409406
2030-09-02 15:00:00,0.0001138112851572271,0.00011806378056840757,0.00011447880675866569,0.00011261591143495779
2030-09-02 16:00:00,0.00011305007376794702,0.00011601500838828369,0.00011337026032997221,0.00011052336666858413
2030-09-02 17:00:00,0.00011116602482353032,0.00011395489049950123,0.00011108459972622647,0.00010866733823517414
2030-09-02 18:00:00,0.00011060274790761345,0.00011149038440704387,0.00010923616676947213,0.00010626800518719652
2030-09-02 19:00:00,0.0001107915556192737,0.00010906345135150735,0.00010829209416691565,0.00010425339064903484
2030-09-02 20:00:00,0.00010898384120067879,0.00010735909725280889,0.00010493794573165369,0.00010014223652220824
2030-09-02 21:00:00,0.00010595466889206837,0.0001034671357762257,0.000100760408722941,9.631891016635752e-05
2030-09-02 22:00:00,0.00010435325812133647,9.961851288334263e-05,9.710438174416317e-05,9.256541546839738e-05
2030-09-02 23:00:00,0.00010233565655835845,9.617249637567613e-05,9.552081535652409e-05,8.935692249838297e-05
2030-09-03 00:00:00,0.00010192657578888147,9.685639690010837e-05,9.434835699882698e-05,8.815519147983544e-05
2030-09-03 01:00:00,0.00010077468403781353,9.642405635082938e-05,9.313439558764803e-05,8.730386722852326e-05
2030-09-03 02:00:00,0.00010003125101361115,9.608803156504628e-05,9.25445150772848e-05,8.701920774635693e-05
2030-09-03 03:00:00,0.00010022319431595606,9.741274528894495e-05,9.323601016820673e-05,8.726060384820388e-05
2030-09-03 04:00:00,0.00010150537654829172,0.00010018297149490451,9.557404541976596e-05,9.123699793272448e-05
2030-09-03 05:00:00,0.00010591098386280234,0.00010703120265957915,0.00010201086775719005,9.951148035160076e-05
2030-09-03 06:00:00,0.00010953655259072413,0.00011454422308255177,0.00010985237333045846,0.00011019379113968987
2030-09-03 07:00:00,0.00011145936509331535,0.00011953221700130635,0.00011548173243182278,0.00011753429364705576
2030-09-03 08:00:00,0.00011293114431525025,0.00012204511781034419,0.00011857909893894482,0.00012034148413015803
2030-09-03 09:00:00,0.00011448082796700701,0.00012241493507862697,0.00011994171709373649,0.00012270470753845465
2030-09-03 10:00:00,0.00011357425694986923,0.0001218017572865128,0.00012062133168942654,0.00012343043089003538
2030-09-03 11:00:00,0.00011405702278152151,0.00012066282676352593,0.00012018165651238816,0.00012298563034140574
2030-09-03 12:00:00,0.00011365788765370579,0.00011998041415422178,0.0001190662669921038,0.00012177136875720686
2030-09-03 13:00:00,0.0001124070054521933,0.00011910049803820037,0.0001182472076074843,0.00012053461924887682
2030-09-03 14:00:00,0.00011202010758774373,0.00011780760044112188,0.00011658259577930091,0.00011755027459787879
2030-09-03 15:00:00,0.0001114254304327879,0.00011442908275565061,0.00011410507864637874,0.00011345647146956797
2030-09-03 16:00:00,0.00011100427421624277,0.00011103406006495775,0.00011234759413475789,0.00010968657336720198
2030-09-03 17:00:00,0.00011117308533032133,0.00010913935002108728,0.00011094801920416869,0.00010781960384106059
2030-09-03 18:00:00,0.00011003272441503487,0.00010937527952034323,0.00010967870128055526,0.00010687734701891145
2030-09-03 19:00:00,0.00011035838889267195,0.00010915383426769321,0.00010873065141149542,0.0001055598958008021
2030-09-03 20:00:00,0.00010880425652359971,0.00010646818037994062,0.00010513934529467015,0.00010156383777544027
2030-09-03 21:00:00,0.00010700808464657976,0.00010344826821913968,0.00010145140422147543,9.710243006433279e-05
2030-09-03 22:00:00,0.00010549153647228856,0.00010024572183641382,9.824151609781732e-05,9.37755098019985e-05
2030-09-03 23:00:00,0.00010331881755775781,9.773197832446626e-05,9.629567784683747e-05,9.074647341469093e-05
2030-09-04 00:00:00,9.981515502643875e-05,9.248067706101081e-05,9.168878965770432e-05,8.845761327224409e-05
2030-09-04 01:00:00,9.934214469059937e-05,9.270049301606847e-05,9.104288587084185e-05,8.776914727396094e-05
2030-09-04 02:00:00,9.890375675048855e-05,9.349222438629954e-05,9.128859483263174e-05,8.779541029806212e-05
2030-09-04 03:00:00,9.980475430364784e-05,9.502913905153828e-05,9.244563484655113e-05,8.957464720452716e-05
2030-09-04 04:00:00,0.00010123087099847169,9.904902849393722e-05,9.704458782033925e-05,9.554113825587726e-05
2030-09-04 05:00:00,0.00010733618053359357,0.00010928624430844358,0.00010628420963020318,0.00010712147376275572
2030-09-04 06:00:00,0.0001099874661796747,0.0001186553043386457,0.0001152482254641514,0.00011989817262869614
2030-09-04 07:00:00,0.00011223492667801294,0.00012153101060844952,0.00011855534809620692,0.00012468608228709968
2030-09-04 08:00:00,0.00011396163898569399,0.00012256257120067866,0.0001193869757665007,0.00012487859735899322
2030-09-04 09:00:00,0.00011342882262754414,0.00012333610381937664,0.00012082245702285022,0.00012614545610216543
2030-09-04 10:00:00,0.00011253687111415494,0.00012234477752194923,0.00012117568285150787,0.0001261519828313213
2030-09-04 11:00:00,0.00011355763124941283,0.00012198246422137025,0.00011987228505470347,0.00012347909211081918
2030-09-04 12:00:00,0.00011409810197761384,0.00012105005322506437,0.00011853300922837044,0.00012265242648869487
2030-09-04 13:00:00,0.00011264800046138493,0.00011888591633066629,0.00011759336532794736,0.00012003277033265233
2030-09-04 14:00:00,0.00011263628648566658,0.00011667005248224779,0.00011572454154788047,0.00011686738563257088
2030-09-04 15:00:00,0.00011120894919251187,0.00011224510608859335,0.00011218041726813983,0.00011034194970568944
2030-09-04 16:00:00,0.00011064783417843477,0.00010899472703783347,0.00010987205108347139,0.00010716883738995249
2030-09-04 17:00:00,0.00010955118701936077,0.00010704764362658719,0.00010791564089513381,0.00010450158406007401
2030-09-04 18:00:00,0.00010839180499537999,0.00010534953962792954,0.00010662296131114651,0.00010337990164437516
2030-09-04 19:00:00,0.00010795080540576469,0.00010513779053374248,0.00010627302430532337,0.00010326694262679968
2030-09-04 20:00:00,0.00010650643032221662,0.00010210427198226016,0.00010301283716839779,9.904377995958485e-05
2030-09-04 21:00:00,0.00010430750673419654,9.867173607718489e-05,9.836897356503403e-05,9.508951489884548e-05
2030-09-04 22:00:00,0.00010385117192182794,9.634529389929624e-05,9.519168352161162e-05,9.148108788329019e-05
2030-09-04 23:00:00,0.00010141378135407468,9.37364077073208e-05,9.290092025550486e-05,8.949165990137992e-05
2030-09-05 00:00:00,9.891158573952004e-05,8.840579933936399e-05,8.988669182616618e-05,8.51741156114694e-05
2030-09-05 01:00:00,9.769957071696409e-05,8.790874216109769e-05,8.967908935537478e-05,8.448205869685591e-05
2030-09-05 02:00:00,9.721594198044669e-05,8.753262585468688e-05,8.921333254692704e-05,8.463834758266294e-05
2030-09-05 03:00:00,9.725004104108463e-05,8.892652153667142e-05,8.980347436233642e-05,8.597659333192938e-05
2030-09-05 04:00:00,9.849124850713742e-05,9.279197213554753e-05,9.317200837007584e-05,9.150606458185603e-05
2030-09-05 05:00:00,0.00010413146851651368,0.00010303422354747516,0.00010211264017094767,0.00010247520816710352
2030-09-05 06:00:00,0.00010753088193747136,0.00011239703331980648,0.00011150467032824958,0.00011426832188351341
2030-09-05 07:00:00,0.00010835325101691615,0.00011558652281356279,0.00011424342478421497,0.00011805307889339791
2030-09-05 08:00:00,0.00011039693215633586,0.0001150229362433476,0.00011535206732117297,0.00011952265880672236
2030-09-05 09:00:00,0.00010962816889150237,0.00011419544162789383,0.00011664597578721503,0.00012283413420658364
2030-09-05 10:00:00,0.00010873020815011685,0.00011347698044288347,0.00011722561877298079,0.0001224894927298521
2030-09-05 11:00:00,0.00010916235473908221,0.00011246747639620077,0.0001167899162349521,0.00012161330997625678
2030-09-05 12:00:00,0.00010881911769805577,0.00011220608579369856,0.00011592892011633969,0.00012159313630098069
2030-09-05 13:00:00,0.00010755495507921613,0.00011196110751922155,0.00011522524474095802,0.0001197736608944545
2030-09-05 14:00:00,0.00010718100889626617,0.0001105854215199997,0.00011352181176301438,0.00011750631151358493
2030-09-05 15:00:00,0.00010614484184476133,0.00010733114576588117,0.00011070166042470697,0.00011140281231472467
2030-09-05 16:00:00,0.00010603650887919548,0.00010436779749457255,0.0001094205817640694,0.00010887684453064124
2030-09-05 17:00:00,0.0001033857633641707,0.00010220408231049476,0.00010661072168860887,0.00010581829168193422
2030-09-05 18:00:00,0.00010372971555070462,0.00010098698550110557,0.00010560844188345772,0.00010515446802102113
2030-09-05 19:00:00,0.0001032014214537393,0.00010084840263252952,0.00010542533449956151,0.00010454767778762086
2030-09-05 20:00:00,0.00010273445264495614,9.838794497490469e-05,0.00010269339614601488,0.0001008828059845347
2030-09-05 21:00:00,0.0001004426745977707,9.56095123686129e-05,9.809165177714226e-05,9.724927551013328e-05
2030-09-05 22:00:00,9.863601930490552e-05,9.29923191799188e-05,9.483508487865742e-05,9.300069039299101e-05
2030-09-05 23:00:00,9.60255593035266e-05,9.056583502721542e-05,9.262779959858327e-05,8.987867372012162e-05
2030-09-06 00:00:00,9.334190668970887e-05,8.37119226885328e-05,8.766020391079183e-05,8.348636294911664e-05
2030-09-06 01:00:00,9.185968932919177e-05,8.3040775437792e-05,8.633213893133185e-05,8.26950479590431e-05
2030-09-06 02:00:00,9.174973945963813e-05,8.247987819146927e-05,8.598548729680515e-05,8.220649586946252e-05
2030-09-06 03:00:00,9.329677868321197e-05,8.37958984118411e-05,8.629772614962959e-05,8.390608107189924e-05
2030-09-06 04:00:00,9.480449783987837e-05,8.646542705151427e-05,8.992616461384928e-05,8.878865963950627e-05
2030-09-06 05:00:00,0.00010018279250156735,9.545172208247959e-05,9.79209022824178e-05,9.875739957007637e-05
2030-09-06 06:00:00,0.00010278131950639652,0.00010348448161768967,0.00010649453365165515,0.00011025061266409202
2030-09-06 07:00:00,0.00010361295321455965,0.0001073978912920475,0.00011012501258556069,0.00011434442662892177
2030-09-06 08:00:00,0.00010600631750969777,0.00010722428534683571,0.0001115189476087926,0.00011524564471737238
2030-09-06 09:00:00,0.00010541073015650501,0.0001081039914811416,0.00011307472225581568,0.00011798321509159262
2030-09-06 10:00:00,0.0001049033147289576,0.00010840943370898134,0.00011340195299157919,0.00011812169763429405
2030-09-06 11:00:00,0.00010497872185410166,0.00010796358214087404,0.00011311186294467609,0.0001165376745500366
2030-09-06 12:00:00,0.00010531183313676975,0.00010566586973861358,0.00011278858662640276,0.00011786705658753784
2030-09-06 13:00:00,0.00010423291372651101,0.00010523579056583613,0.00011228259140563085,0.00011702093095936606
2030-09-06 14:00:00,0.00010443440827089341,0.00010370951046280506,0.00011084669561159883,0.00011561718160583057
2030-09-06 15:00:00,0.00010295378012534356,0.00010021918393676547,0.00010809460117936893,0.0001104008518602805
2030-09-06 16:00:00,0.00010223990740520488,9.837617215238304e-05,0.00010657101477548043,0.00010705225326419678
2030-09-06 17:00:00,0.0001007122867098921,9.606295134821752e-05,0.00010446613056009428,0.00010470438164774385
2030-09-06 18:00:00,9.998144895923013e-05,9.6255641474762e-05,0.00010324843831022732,0.00010382599781817504
2030-09-06 19:00:00,9.909446612097698e-05,9.60060953367814e-05,0.00010305974117308554,0.0001027496373311818
2030-09-06 20:00:00,9.879477472010936e-05,9.321348762124249e-05,9.962001361252372e-05,9.925494052050281e-05
2030-09-06 21:00:00,9.681593095475583e-05,8.986285358525502e-05,9.558626305158909e-05,9.518917402024448e-05
2030-09-06 22:00:00,9.577338880076992e-05,8.790477919814563e-05,9.314062054058436e-05,9.225309097279809e-05
2030-09-06 23:00:00,9.35264829010011e-05,8.623073919880382e-05,9.07252449270594e-05,8.951489545867762e-05
2030-09-07 00:00:00,9.36496071158482e-05,8.589295912665433e-05,8.98013688797317e-05,8.819630704066058e-05
2030-09-07 01:00:00,9.336321622508868e-05,8.497633358475518e-05,8.885393938783451e-05,8.777838891803548e-05
2030-09-07 02:00:00,9.380477878970406e-05,8.4984987469988e-05,8.910384520386869e-05,8.868284951549343e-05
2030-09-07 03:00:00,9.538436180502777e-05,8.704729460013699e-05,9.030156851308473e-05,8.972142321292655e-05
2030-09-07 04:00:00,9.826609627691677e-05,9.369479358729451e-05,9.607831340247353e-05,9.670831347833033e-05
2030-09-07 05:00:00,0.00010498087404561124,0.00010787488624195495,0.00010858370153917006,0.00011283870979127004
2030-09-07 06:00:00,0.00010870070232866627,0.00012092176373963556,0.00012076594069579619,0.0001302660311949837
2030-09-07 07:00:00,0.00011075453859158689,0.00012377537747158972,0.00012479835053991485,0.0001351277460068879
2030-09-07 08:00:00,0.00011352188016485261,0.00012422920995773686,0.00012573958818066534,0.00013488101196144014
2030-09-07 09:00:00,0.00011357513612798654,0.00012322890445269226,0.00012672432079531605,0.000137424157088976
2030-09-07 10:00:00,0.00011231477563803128,0.0001228491528800485,0.00012660498797987274,0.00013663992863773654
2030-09-07 11:00:00,0.00011282937352226768,0.00012372190902901702,0.00012522919459653876,0.00013493537788667847
2030-09-07 12:00:00,0.00011296874594373463,0.0001239367808966683,0.00012437016137570417,0.00013588578839177656
2030-09-07 13:00:00,0.00011144523378184352,0.00012252924266128225,0.00012391793870873176,0.00013473774881218848
2030-09-07 14:00:00,0.000111341155500118,0.0001205125584199251,0.00012298944286863542,0.00013212055426855808
2030-09-07 15:00:00,0.00010972395184213337,0.00011509493522580964,0.00011796058798000898,0.00012355303558962363
2030-09-07 16:00:00,0.0001096062466399576,0.00011072457190163113,0.00011455095531983536,0.00011956865041158207
2030-09-07 17:00:00,0.00010712761661609008,0.00010774343612911382,0.00011126906392238871,0.00011487290380495161
2030-09-07 18:00:00,0.00010557943544597528,0.00010673563228288417,0.00010957324216101447,0.00011329997969592394
2030-09-07 19:00:00,0.00010482269764789692,0.00010603167997547884,0.00010866274811518847,0.00011072415279488711
2030-09-07 20:00:00,0.00010364157577308227,0.00010285135233143689,0.00010447829009616833,0.00010558326402373179
2030-09-07 21:00:00,0.00010115969966959454,9.931709181054685e-05,0.0001002717901874644,0.00010121479599823832
2030-09-07 22:00:00,9.955536929536972e-05,9.495578604483008e-05,9.689622526226159e-05,9.593154426325058e-05
2030-09-07 23:00:00,9.726659568328627e-05,9.14172274706779e-05,9.386110168544017e-05,9.212940646450833e-05
2030-09-08 00:00:00,9.506180237186298e-05,8.793020054989736e-05,9.108715665200081e-05,8.956745985126845e-05
2030-09-08 01:00:00,9.486340119100264e-05,8.691956038355747e-05,9.0122690913854e-05,8.872481006158645e-05
2030-09-08 02:00:00,9.482347331358332e-05,8.676871258483885e-05,8.985997719559104e-05,8.84798378698762e-05
2030-09-08 03:00:00,9.591620045909909e-05,8.898466136116292e-05,9.09406890227742e-05,8.994548046982092e-05
2030-09-08 04:00:00,9.839263431303954e-05,9.61007967275129e-05,9.587386106888084e-05,9.731327007010905e-05
2030-09-08 05:00:00,0.00010560842676253104,0.00011022963580435573,0.00010897191069392511,0.0001133199677707066
2030-09-08 06:00:00,0.00011074664199297996,0.0001243306794617926,0.00012120412053746396,0.0001299746000521978
2030-09-08 07:00:00,0.00011217301744485765,0.00012871687928512504,0.0001260696171530837,0.00013663055376653106
2030-09-08 08:00:00,0.00011289432116977744,0.00012773006025111207,0.00012666359030321527,0.00013780663145705153
2030-09-08 09:00:00,0.00011282482320885768,0.00012691495446943876,0.00012718539442821056,0.0001397465623233668
2030-09-08 10:00:00,0.00011136575974939678,0.0001248805238328515,0.0001267640418328181,0.00013954171166921412
2030-09-08 11:00:00,0.00011178513870166403,0.00012387027881614987,0.000126042518390321,0.0001365165870824868
2030-09-08 12:00:00,0.00011177763681352243,0.0001223113086571318,0.00012448200031592744,0.00013510977832885616
2030-09-08 13:00:00,0.00011042657851329649,0.00012019026058714584,0.0001230902436199453,0.0001322561407843564
2030-09-08 14:00:00,0.00010909791806551523,0.00011614780257962517,0.00012142294185187461,0.00012880563272537493
2030-09-08 15:00:00,0.00010803150480852561,0.00011089089667198336,0.00011740103867835393,0.00012035506356309996
2030-09-08 16:00:00,0.00010652813670312898,0.00010755688067216444,0.0001142180109796043,0.00011572207189295238
2030-09-08 17:00:00,0.00010600144660040588,0.00010413803731555899,0.00011032326529149627,0.0001109513915227817
2030-09-08 18:00:00,0.00010560740007535478,0.00010335152026370716,0.0001079154579886618,0.00010869619097552008
2030-09-08 19:00:00,0.00010329635047031437,0.00010248357453769151,0.00010602831422994352,0.0001058306532178214
2030-09-08 20:00:00,0.00010268234860560303,9.979891455446624e-05,0.00010175709077396855,0.00010146695214138798
2030-09-08 21:00:00,9.975769055760013e-05,9.605879223023067e-05,9.688210614208117e-05,9.628154658135806e-05
2030-09-08 22:00:00,9.82230165614941e-05,9.094934674819487e-05,9.328716436048272e-05,9.257897806285942e-05
2030-09-08 23:00:00,9.647098370544382e-05,8.775395355514242e-05,9.05739887658559e-05,8.875786087340513e-05
2030-09-09 00:00:00,9.541947264449535e-05,8.973315870668151e-05,9.02591885020661e-05,8.789881345403307e-05
2030-09-09 01:00:00,9.498626147945975e-05,8.903678711447049e-05,8.869261700802015e-05,8.701787643877001e-05
2030-09-09 02:00:00,9.49599563248687e-05,8.942645927730638e-05,8.895443190437163e-05,8.663242872721555e-05
2030-09-09 03:00:00,9.653831506662527e-05,9.203263251662876e-05,8.973048718589289e-05,8.864083960418969e-05
2030-09-09 04:00:00,9.927319993356564e-05,9.64535314720109e-05,9.509512278604276e-05,9.465960999076877e-05
2030-09-09 05:00:00,0.00010463762661264185,0.00010942941635050935,0.00010600424444215282,0.00010922304929328959
2030-09-09 06:00:00,0.00010798182601638243,0.00012083065299545818,0.00011760527322745177,0.0001253248613380942
2030-09-09 07:00:00,0.0001094571752443758,0.00012526234478369525,0.00012237672956088587,0.00013122965211274207
2030-09-09 08:00:00,0.00011130750999854074,0.00012556358964251242,0.0001238609792345785,0.0001326414527469065
2030-09-09 09:00:00,0.00011096944454061378,0.00012608895826328735,0.00012457130572798413,0.00013513797959538058
2030-09-09 10:00:00,0.00010965681151991262,0.00012444409632858915,0.0001250254547795685,0.00013534867720763907
2030-09-09 11:00:00,0.0001112742735496673,0.00012386513519288482,0.00012428368736849065,0.00013344468801825164
2030-09-09 12:00:00,0.00011180343839822443,0.00012228194785130611,0.00012319429880347009,0.00013275963786350486
2030-09-09 13:00:00,0.00011035049403669184,0.00012003029833195509,0.0001218673200529165,0.00013018675352621917
2030-09-09 14:00:00,0.0001105176013366769,0.00011791556006125671,0.00011958557188218697,0.00012663862449186376
2030-09-09 15:00:00,0.00010848161608135243,0.0001127737147840348,0.00011501249983552489,0.00011988176808815222
2030-09-09 16:00:00,0.00010772256426124238,0.00010951512880598504,0.00011238113350414591,0.00011546907964420601
2030-09-09 17:00:00,0.0001058263864717831,0.00010684207473116697,0.0001087512210140665,0.00011144367661542998
2030-09-09 18:00:00,0.00010662574403261151,0.00010544298353143888,0.00010703589960836669,0.00010950200056055016
2030-09-09 19:00:00,0.000106323307536818,0.00010548912412239103,0.00010623804152636326,0.00010731664613243194
2030-09-09 20:00:00,0.00010503140196410929,0.0001020276922241146,0.00010195348751643391,0.00010208556543887333
2030-09-09 21:00:00,0.0001025786523176895,9.745093707412747e-05,9.665338063374491e-05,9.707190651978217e-05
2030-09-09 22:00:00,0.00010013534862411305,9.529316002331502e-05,9.349082122012721e-05,9.251482070640402e-05
2030-09-09 23:00:00,9.82568605567929e-05,9.243181391904174e-05,9.10237411031415e-05,9.525674029497824e-05
2030-09-10 00:00:00,9.683698202348989e-05,9.45751671321368e-05,9.177248557602206e-05,8.848505495760931e-05
2030-09-10 01:00:00,9.704175988299918e-05,9.282647286305216e-05,9.0889138824407e-05,8.697186090674888e-05
2030-09-10 02:00:00,9.670504130676789e-05,9.37147980137524e-05,9.01729572731877e-05,8.682571246215241e-05
2030-09-10 03:00:00,9.865948678689049e-05,9.558141203934196e-05,9.092644347727833e-05,8.764437987015007e-05
2030-09-10 04:00:00,9.953802320194593e-05,9.877290680080169e-05,9.446995294464598e-05,9.339344797987227e-05
2030-09-10 05:00:00,0.00010456276225516278,0.00010904922971485022,0.00010396918395673576,0.00010555912012395402
2030-09-10 06:00:00,0.00010868810305130904,0.00011801626890504968,0.00011291269156661487,0.00011713963225106921
2030-09-10 07:00:00,0.00010973859418401315,0.00012141785512538583,0.00011701274296488961,0.0001210081788889122
2030-09-10 08:00:00,0.00011129132250493755,0.0001217688140340145,0.00011864467526382904,0.00012230427881000256
2030-09-10 09:00:00,0.00011181459543264034,0.00012045667203310547,0.00012021066050275746,0.00012478075579960702
2030-09-10 10:00:00,0.00011121687366720092,0.00011994596742466644,0.00012026290617053121,0.00012444195365364375
2030-09-10 11:00:00,0.00011254334756215725,0.00011936226446352587,0.00011953009641697868,0.00012391524028415794
2030-09-10 12:00:00,0.000111777026270725,0.00011884961145844873,0.0001185628798108503,0.0001231477223264504
2030-09-10 13:00:00,0.0001099967097901349,0.00011751320103887959,0.00011735106485811649,0.00012100470427637117
2030-09-10 14:00:00,0.0001106344403120912,0.00011429388420819315,0.00011533406325251964,0.00011826369575243952
2030-09-10 15:00:00,0.0001081319064185602,0.00011017576282798143,0.00011149588408970402,0.00011303542779091436
2030-09-10 16:00:00,0.00010718628565992432,0.00010738630152466993,0.0001101292307394885,0.00011033614125459408
2030-09-10 17:00:00,0.00010642475755158576,0.00010557808609784752,0.0001081497528545115,0.00010785935165004965
2030-09-10 18:00:00,0.00010630109537373691,0.00010423529729828901,0.00010749033062041312,0.00010664741497688399
2030-09-10 19:00:00,0.0001057282501963671,0.00010272718508887627,0.00010595205863380832,0.00010444673166831705
2030-09-10 20:00:00,0.00010467977162213326,0.00010023400726482611,0.00010161206085635339,9.867517307571243e-05
2030-09-10 21:00:00,0.00010190898334181482,9.786578076396075e-05,9.630928064799034e-05,9.421401904537955e-05
2030-09-10 22:00:00,0.00010118398151710258,9.380299062363189e-05,9.360280977284852e-05,9.049536783434704e-05
2030-09-10 23:00:00,9.895626177440946e-05,9.182478274658915e-05,9.089053538838923e-05,8.755178490726793e-05
2030-09-11 00:00:00,0.0001026615667472342,9.108914998655811e-05,8.881059666891672e-05,8.527765664918554e-05
2030-09-11 01:00:00,0.00010118092809807898,9.070228468143874e-05,8.844057255458519e-05,8.400468831887196e-05
2030-09-11 02:00:00,0.00010083711176353148,9.072841834835935e-05,8.810735559374855e-05,8.453058607300217e-05
2030-09-11 03:00:00,0.00010204743354772609,9.263182889487738e-05,8.869136940643705e-05,8.443108602732527e-05
2030-09-11 04:00:00,0.00010356968691275575,9.495408139227125e-05,9.170298059474268e-05,8.831265428327534e-05
2030-09-11 05:00:00,0.00010776837365012926,0.00010199571146512182,9.840637170111834e-05,9.7658018430612e-05
2030-09-11 06:00:00,0.00011101624304097645,0.00010936071563533275,0.00010492854468975601,0.00010652164025542194
2030-09-11 07:00:00,0.00011233773222391207,0.00011324461210058315,0.00010857039778450455,0.00011120069317775679
2030-09-11 08:00:00,0.00011395022874137407,0.00011449455417493098,0.00011079767940802529,0.00011328959307495253
2030-09-11 09:00:00,0.00011408840970459155,0.00011602436279011118,0.00011339353828175144,0.00011440547922215697
2030-09-11 10:00:00,0.00011439773369761701,0.00011589309772314755,0.0001139209576202001,0.00011507970986573922
2030-09-11 11:00:00,0.00011536997275973637,0.00011515788247179592,0.0001129038555540875,0.00011344120657566479
2030-09-11 12:00:00,0.0001152450762134976,0.00011473340239844298,0.00011239240331486298,0.00011291502216693774
2030-09-11 13:00:00,0.00011359691997323235,0.00011409834679322595,0.00011122304706482292,0.0001118306615656105
2030-09-11 14:00:00,0.00011314279606508822,0.00011212236439207979,0.00010970825056124276,0.0001088051417969191
2030-09-11 15:00:00,0.0001123934219705265,0.0001100024322095208,0.00010752764537651628,0.00010547206298124928
2030-09-11 16:00:00,0.00011121548978219015,0.00010799064830989558,0.00010757758410457114,0.00010402842131010136
2030-09-11 17:00:00,0.00011027697835207973,0.00010479378095993822,0.00010606542965723231,0.00010157375158302613
2030-09-11 18:00:00,0.00010974531157861569,0.00010429934021199874,0.00010541781295147427,0.00010142164677751397
2030-09-11 19:00:00,0.00010817471960286895,0.00010276477427833205,0.00010383398367219535,0.00010036740905162125
2030-09-11 20:00:00,0.00010777073427357558,0.00010008702953071161,0.00010029826149645372,9.610384089407347e-05
2030-09-11 21:00:00,0.00010554789548838262,9.518774012343741e-05,9.585808121004135e-05,9.240489847724763e-05
2030-09-11 22:00:00,0.00010315595976738481,9.317425830781612e-05,9.252885795624995e-05,8.86936399752545e-05
2030-09-11 23:00:00,0.00010088476012987539,9.025500310088592e-05,9.053866898872235e-05,8.69286023844535e-05
2030-09-12 00:00:00,0.00010153640425731325,8.950007035825897e-05,9.003775911948225e-05,8.63887741408923e-05
2030-09-12 01:00:00,0.00010135241198463868,8.79753543674394e-05,8.898395210256241e-05,8.629759020032987e-05
2030-09-12 02:00:00,0.00010115890332164169,8.811522935232518e-05,8.868629793579962e-05,8.616142907542145e-05
2030-09-12 03:00:00,0.00010191822146446558,8.890560559923538e-05,8.931498583269368e-05,8.687790489667612e-05
2030-09-12 04:00:00,0.00010477186808735022,9.216181814328759e-05,9.287508791468532e-05,9.099403521198174e-05
2030-09-12 05:00:00,0.00010801904303679457,9.964873424115658e-05,0.00010000321805596339,0.00010120107048801181
2030-09-12 06:00:00,0.00011206329040326993,0.00010929837501363878,0.00010962744676915046,0.00011381961557821167
2030-09-12 07:00:00,0.00011557611338357295,0.00011520252819060935,0.00011596837051594963,0.0001216748129812628
2030-09-12 08:00:00,0.00011710254065599054,0.00011843102248243511,0.00011892415771386103,0.00012418322315501114
2030-09-12 09:00:00,0.00011774085199432334,0.00012117977605780982,0.00012016636594776539,0.00012595308933134174
2030-09-12 10:00:00,0.00011675744194663304,0.0001207329072358903,0.00012130186945222854,0.0001270777025645569
2030-09-12 11:00:00,0.00011792712024695199,0.00011988385118018581,0.00012072557641987546,0.00012604543745916723
2030-09-12 12:00:00,0.00011876964016183621,0.000120706391244729,0.00012066162181529026,0.00012563494046840285
2030-09-12 13:00:00,0.00011732152186828186,0.00012054026797609949,0.00012032508383604478,0.00012417006067135997
2030-09-12 14:00:00,0.00011676560530860646,0.00012019647294860737,0.00011946784876287381,0.00012307776470049832
2030-09-12 15:00:00,0.00011502662005903833,0.00011755810951026825,0.00011749077060686384,0.00011892949168522086
2030-09-12 16:00:00,0.00011288151372894294,0.00011351234276450789,0.00011579661757293248,0.0001155626080817947
2030-09-12 17:00:00,0.00011201265760775998,0.00010945467308953695,0.00011303879246253919,0.00011293649066146274
2030-09-12 18:00:00,0.00011143105435311032,0.00010743358105898978,0.00011104180298221496,0.00011155864077331493
2030-09-12 19:00:00,0.00010978972616703886,0.00010593732121451493,0.0001096748160198607,0.00010935773277446549
2030-09-12 20:00:00,0.000108121054923745,0.00010316330752693668,0.00010542825327921495,0.00010426774178999492
2030-09-12 21:00:00,0.00010693211355204893,9.925945143395027e-05,0.00010078929478321455,9.976446366507304e-05
2030-09-12 22:00:00,0.00010553956449841204,9.635339454850071e-05,9.749370114189098e-05,9.530213963369013e-05
2030-09-12 23:00:00,0.00010337418404671307,9.452155083900559e-05,9.483016638683328e-05,9.271719265927676e-05
2030-09-13 00:00:00,9.604313899632401e-05,8.466414126802977e-05,8.760884221046213e-05,8.705251134761852e-05
2030-09-13 01:00:00,9.526460116113085e-05,8.338232778880201e-05,8.692974189730904e-05,8.611783182167412e-05
2030-09-13 02:00:00,9.527541372824873e-05,8.36008841337669e-05,8.740793461350985e-05,8.658433977298854e-05
2030-09-13 03:00:00,9.598401710706017e-05,8.56460797750926e-05,8.820829193611118e-05,8.784667796169968e-05
2030-09-13 04:00:00,9.797885997357306e-05,9.019346330511459e-05,9.318104575064184e-05,9.420054442696938e-05
2030-09-13 05:00:00,0.00010421980751833119,0.00010264251712783265,0.00010415028395248346,0.00010862025094793501
2030-09-13 06:00:00,0.00010854557728864557,0.00011435874536129777,0.00011519511763989607,0.00012280448588641743
2030-09-13 07:00:00,0.00010906493428184541,0.00011765270032874358,0.0001199970656691173,0.0001288372233135264
2030-09-13 08:00:00,0.00011003352494349877,0.00011779241515165618,0.00012045006987078265,0.00012970012266890616
2030-09-13 09:00:00,0.00010944182915979734,0.00011775921971621676,0.00012179292553632561,0.00013074148259592234
2030-09-13 10:00:00,0.00010913076598827154,0.00011873182794357494,0.00012151608871939536,0.00013046468929843143
2030-09-13 11:00:00,0.00011010832935947394,0.00011967917060993352,0.00012077577162526853,0.00012776084337307028
2030-09-13 12:00:00,0.0001098722661400085,0.0001176766696819558,0.00011985105479940061,0.00012721038629364073
2030-09-13 13:00:00,0.00010918007205503771,0.0001161166729274707,0.00011911925168667193,0.00012494746197663737
2030-09-13 14:00:00,0.00010775641960524335,0.00011302414786172094,0.00011746880248534516,0.0001214668502036126
2030-09-13 15:00:00,0.00010636552508707202,0.000107610131865625,0.00011343614547848325,0.0001153821584855918
2030-09-13 16:00:00,0.00010507483871552683,0.00010479986981304018,0.00011101561258285149,0.00011206754179933701
2030-09-13 17:00:00,0.00010296091027710997,0.00010259194908838623,0.0001080123953713099,0.00010921584205370038
2030-09-13 18:00:00,0.00010462254361400809,0.0001027384294000852,0.00010711507870043307,0.00010895528280933926
2030-09-13 19:00:00,0.00010370350276837651,0.00010143253446874282,0.00010537710019250279,0.00010616576738780728
2030-09-13 20:00:00,0.00010234980516586143,9.870783766507641e-05,0.00010153559366768924,0.00010125941870352303
2030-09-13 21:00:00,0.0001009682371475037,9.505072803820658e-05,9.685267964368884e-05,9.694823027610704e-05
2030-09-13 22:00:00,9.856347498451964e-05,9.380768443668438e-05,9.369610846053202e-05,9.293970091415796e-05
2030-09-13 23:00:00,9.643749549430502e-05,9.186622874133923e-05,9.12047090900288e-05,8.992828412519544e-05
2030-09-14 00:00:00,9.589024355161391e-05,8.879466907481433e-05,8.954609561936746e-05,8.801370555598852e-05
2030-09-14 01:00:00,9.515041656480145e-05,8.719021733879431e-05,8.85108631710984e-05,8.688467545216537e-05
2030-09-14 02:00:00,9.537652643009845e-05,8.841520565014745e-05,8.822173206966336e-05,8.697436696839945e-05
2030-09-14 03:00:00,9.783557360022664e-05,8.995641090227664e-05,8.967089109432994e-05,8.864782906318442e-05
2030-09-14 04:00:00,0.00010044638644736987,9.42501735369227e-05,9.471901059265124e-05,9.486156015720485e-05
2030-09-14 05:00:00,0.00010630590411460814,0.0001075942076311487,0.00010704044634514049,0.00011014757900639184
2030-09-14 06:00:00,0.00011025705731901585,0.00011865403514807424,0.00011735616084608232,0.00012413584021828193
2030-09-14 07:00:00,0.00011103232272910551,0.00012200825593948013,0.0001209889309717632,0.00012938304306736164
2030-09-14 08:00:00,0.00011223169890644303,0.00012332490559088612,0.0001215032180551498,0.0001298675529916101
2030-09-14 09:00:00,0.00011134204156226712,0.0001224500761147922,0.00012221052952853152,0.00013121920022506062
2030-09-14 10:00:00,0.00011021986714241894,0.0001214869238494033,0.00012214627055021765,0.00013109488775217258
2030-09-14 11:00:00,0.00011153707764926728,0.0001210224862211585,0.00012174783767423889,0.000128429315660372
2030-09-14 12:00:00,0.0001113505313099114,0.00012027901936569678,0.00012021381891657963,0.00012928112010196356
2030-09-14 13:00:00,0.00010947114768605633,0.00011885636677233858,0.00011946773132296426,0.00012782401981125476
2030-09-14 14:00:00,0.00010939201903631881,0.00011652521524312633,0.0001183037426982111,0.00012493017750336624
2030-09-14 15:00:00,0.00010848571920345703,0.00011157674833863602,0.00011439939598904529,0.00011813568974301203
2030-09-14 16:00:00,0.0001090225818028294,0.00010841663265791245,0.00011232748682631338,0.00011454334137786312
2030-09-14 17:00:00,0.00010761788996065198,0.00010571285143158925,0.00010915880648305703,0.00011167130897347889
2030-09-14 18:00:00,0.00010950519383357666,0.00010535688654146773,0.00010868945192619025,0.00011189904156828189
2030-09-14 19:00:00,0.00010864973170300648,0.0001030294014043805,0.00010759530656884251,0.00010872884275483425
2030-09-14 20:00:00,0.00010839490110238325,0.00010020343504349857,0.00010285327426304298,0.00010304765606946293
2030-09-14 21:00:00,0.00010571461285617215,9.603891417493367e-05,9.781834779866182e-05,9.745953840747417e-05
2030-09-14 22:00:00,0.00010344954398372997,9.241716056594038e-05,9.449424167334723e-05,9.294928013309143e-05
2030-09-14 23:00:00,9.974907280870272e-05,8.82953902848134e-05,9.149639552403339e-05,8.97971299621779e-05
2030-09-15 00:00:00,9.88201628765427e-05,8.629746337432703e-05,8.971757668229408e-05,8.834141655345129e-05
2030-09-15 01:00:00,9.951669915514685e-05,8.507213914140772e-05,8.854940159862021e-05,8.770229875229464e-05
2030-09-15 02:00:00,9.924712627083046e-05,8.554101629711767e-05,8.859840646935304e-05,8.709590766862264e-05
2030-09-15 03:00:00,0.00010114243422314908,8.793438986647354e-05,8.933774585776155e-05,8.952605939500661e-05
2030-09-15 04:00:00,0.00010276287348720844,9.279700731426115e-05,9.446756487075975e-05,9.472791767579105e-05
2030-09-15 05:00:00,0.00010886559413313987,0.00010476516642372131,0.00010582437047634147,0.00010993556124012558
2030-09-15 06:00:00,0.00011265286409774802,0.00011618057754954025,0.00011600935049164402,0.00012371961099272625
2030-09-15 07:00:00,0.00011391656437932023,0.0001195493730161926,0.00011941577118826378,0.00012786613546009634
2030-09-15 08:00:00,0.00011555351512118599,0.00011980226290407071,0.00012012030330216185,0.00012819891162578852
2030-09-15 09:00:00,0.00011513272317452124,0.0001190290544205756,0.00012088251162026243,0.00013034323195308935
2030-09-15 10:00:00,0.0001150595082720523,0.00011851837204788685,0.00012048256497554691,0.000130266055759338
2030-09-15 11:00:00,0.00011610854313810809,0.00011807423819106188,0.00011962489463792812,0.00012819657547507476
2030-09-15 12:00:00,0.00011673397230616662,0.00011687619134221037,0.00011860780036301363,0.00012783328013771413
2030-09-15 13:00:00,0.00011421900845264008,0.00011551673918796631,0.00011823211070104717,0.00012560613515467985
2030-09-15 14:00:00,0.0001145550730567357,0.00011341659650415212,0.00011641238231264398,0.00012309679217213516
2030-09-15 15:00:00,0.00011322742973456368,0.00010958074578342073,0.00011267713291940033,0.00011686371870602416
2030-09-15 16:00:00,0.00011196308748390098,0.00010779152649201071,0.00011037163272541266,0.0001134768063815671
2030-09-15 17:00:00,0.00011122050037748441,0.00010734057528231015,0.00010760981165621838,0.00011071435519823111
2030-09-15 18:00:00,0.00011232347524146572,0.00010697231990865373,0.00010757428118135475,0.00011013601588177825
2030-09-15 19:00:00,0.00010987838753953934,0.00010481141760332433,0.00010594738135983699,0.00010704161359834006
2030-09-15 20:00:00,0.00010904503958007449,0.00010100919784692265,0.00010127804869038346,0.0001026023192807499
2030-09-15 21:00:00,0.0001070088639652884,9.78667454992007e-05,9.690994924773027e-05,9.754799524117426e-05
2030-09-15 22:00:00,0.00010522888206855709,9.478717937636008e-05,9.394294439186988e-05,9.330141980926728e-05
2030-09-15 23:00:00,0.00010234724872142438,9.132153605047234e-05,9.048362515563842e-05,8.927201809602679e-05
2030-09-16 00:00:00,0.00010172322143661528,8.944222966375306e-05,8.883820733779212e-05,8.854935642600863e-05
2030-09-16 01:00:00,0.00010084718829813223,8.879533862842458e-05,8.775816761563832e-05,8.750202336447136e-05
2030-09-16 02:00:00,0.0001003009018098956,8.826103403652528e-05,8.784008635536586e-05,8.749511348146223e-05
2030-09-16 03:00:00,0.00010224519407365021,8.95397960240583e-05,8.889468237924176e-05,8.928326037524978e-05
2030-09-16 04:00:00,0.00010409435719870941,9.540525523737641e-05,9.41084848793328e-05,9.593913347897244e-05
2030-09-16 05:00:00,0.00010993239144739147,0.00010929086012174815,0.00010604003221000935,0.0001106101612082976
2030-09-16 06:00:00,0.00011366852584134579,0.00012099435436093609,0.00011671483142748412,0.00012514421782587208
2030-09-16 07:00:00,0.00011569828716685457,0.00012573277654115872,0.0001214267201905272,0.00013140553965812447
2030-09-16 08:00:00,0.00011727444876743417,0.0001291226168918318,0.00012251520550914512,0.00013133672638916523
2030-09-16 09:00:00,0.00011620540355534836,0.00012956435353145363,0.0001237450504978878,0.00013400119747875283
2030-09-16 10:00:00,0.00011573750394474934,0.00012727221548975668,0.0001236940846464186,0.0001331827436193688
2030-09-16 11:00:00,0.00011696125202489274,0.00012782122268957706,0.00012299577252276585,0.00013062649200956417
2030-09-16 12:00:00,0.00011807874284023507,0.00012641413266576492,0.00012198023613199656,0.00013067562849687113
2030-09-16 13:00:00,0.00011568823151846168,0.000124584703161298,0.000121102447104375,0.00012888377765547936
2030-09-16 14:00:00,0.00011499068950794778,0.00012252413295528626,0.00011936956164186599,0.00012525461548248913
2030-09-16 15:00:00,0.00011411361339894592,0.00011670172623400874,0.00011488202660243206,0.00011752716698758606
2030-09-16 16:00:00,0.00011365509218009852,0.00011324052592146991,0.00011263360278492091,0.00011364267490607599
2030-09-16 17:00:00,0.0001134795537414577,0.00010979803172175217,0.00010973222982315386,0.00011011074320016161
2030-09-16 18:00:00,0.00011432009922448847,0.00011058833589635406,0.00010914980462118813,0.00010865328418091798
2030-09-16 19:00:00,0.0001121671763349422,0.00010717810996935413,0.00010681535036889096,0.00010642957193245121
2030-09-16 20:00:00,0.00011219368273680404,0.00010299340088698277,0.00010239704267850503,0.00010108368799024761
2030-09-16 21:00:00,0.00010908583153387063,9.87996999551002e-05,9.748268429527703e-05,9.569784817694407e-05
2030-09-16 22:00:00,0.00010507534289508223,9.494883769399864e-05,9.420879533107883e-05,9.082618322628107e-05
2030-09-16 23:00:00,0.00010253142446427688,9.122107398015753e-05,9.155381464484885e-05,8.844782133077018e-05
2030-09-17 00:00:00,0.00010197014170431674,8.85729112535622e-05,8.987544745799926e-05,8.68365592249986e-05
2030-09-17 01:00:00,0.00010097263209791936,8.704034284009998e-05,8.948818554232796e-05,8.60585392615306e-05
2030-09-17 02:00:00,0.00010073054014239646,8.703611049875001e-05,8.871984664906401e-05,8.638995583356768e-05
2030-09-17 03:00:00,0.00010132913807316544,8.885361634779153e-05,8.934286682118648e-05,8.804628758296884e-05
2030-09-17 04:00:00,0.00010331526925440865,9.387552693185319e-05,9.430407779170672e-05,9.380210449352404e-05
2030-09-17 05:00:00,0.00010924286503931838,0.00010448992108078191,0.00010432203404095001,0.00010540344430200245
2030-09-17 06:00:00,0.00011164758127234899,0.00011319107343748078,0.00011291091084268021,0.00011679201037674812
2030-09-17 07:00:00,0.00011308854857710913,0.00011659528364758034,0.00011658667850954985,0.00012175839065991098
2030-09-17 08:00:00,0.00011501233153301468,0.00011752793760009277,0.00011767297895024203,0.00012216180308381128
2030-09-17 09:00:00,0.0001144534110038342,0.000116817861020533,0.00011868683807777273,0.00012380685177771605
2030-09-17 10:00:00,0.00011402107712481485,0.00011616053871808922,0.00011851752197504449,0.00012403223220894627
2030-09-17 11:00:00,0.00011491482424401136,0.00011548728673640391,0.00011751281923811061,0.00012174198815284023
2030-09-17 12:00:00,0.0001147332783736545,0.00011605438634831765,0.00011614600519640304,0.00012136329148339765
2030-09-17 13:00:00,0.00011245480658785959,0.00011511572007070498,0.00011535384666112498,0.00011968569745015366
2030-09-17 14:00:00,0.00011282276968728068,0.00011329822073280038,0.00011391297734553438,0.00011618675434203749
2030-09-17 15:00:00,0.00011126328378687504,0.00011001328423314524,0.00011113114979469812,0.00011040825086287029
2030-09-17 16:00:00,0.0001105959983593797,0.00010684047578909705,0.00010879868610523863,0.00010773782137486237
2030-09-17 17:00:00,0.00011051243849152528,0.00010534070731457864,0.00010710094534453727,0.00010624921529216867
2030-09-17 18:00:00,0.00011257202805128308,0.0001058286245449265,0.00010691579161166568,0.00010632347818938245
2030-09-17 19:00:00,0.00011182388129854551,0.00010440401694808733,0.0001052756607589926,0.00010385234678747927
2030-09-17 20:00:00,0.00011108871063055455,0.00010163952199058253,0.00010142186715478071,9.932162885652684e-05
2030-09-17 21:00:00,0.00010861665038628316,9.743374252797194e-05,9.705973632599552e-05,9.445245541988014e-05
2030-09-17 22:00:00,0.00010653288588722129,9.523119703966284e-05,9.410213867677662e-05,9.116702808212594e-05
2030-09-17 23:00:00,0.00010323128628166778,9.222689354151115e-05,9.207197155576292e-05,8.920704287085082e-05
2030-09-18 00:00:00,0.00010363137608883142,8.960725430329896e-05,9.064187589640097e-05,8.710982858380969e-05
2030-09-18 01:00:00,0.0001033698522552588,8.81752082276512e-05,8.984122833316697e-05,8.633007309355811e-05
2030-09-18 02:00:00,0.00010222132931649924,8.844730331010077e-05,8.962404463709804e-05,8.59501163208821e-05
2030-09-18 03:00:00,0.0001039569798456788,9.142689124804494e-05,9.063157147649921e-05,8.734728410073388e-05
2030-09-18 04:00:00,0.00010575532248623714,9.656061352774077e-05,9.544086780784343e-05,9.372586673151017e-05
2030-09-18 05:00:00,0.0001100583077141728,0.00010885814327584845,0.0001056235057325583,0.00010663090417244406
2030-09-18 06:00:00,0.0001141725349005516,0.00011807646834229417,0.00011360548481344248,0.00011691523524467221
2030-09-18 07:00:00,0.00011496660504230357,0.00012105007187504104,0.00011644501456991107,0.00012153331619925979
2030-09-18 08:00:00,0.00011680381232304859,0.00012016294815335594,0.00011756810016258479,0.00012235706223513512
2030-09-18 09:00:00,0.00011554719457705748,0.00011969850320106264,0.00011768092475373374,0.0001241002010696786
2030-09-18 10:00:00,0.00011515080335664476,0.0001185574456801889,0.00011720415175593282,0.00012366552854457406
2030-09-18 11:00:00,0.0001162972273254529,0.00011768568296614628,0.00011608416341099138,0.00012112346417518291
2030-09-18 12:00:00,0.0001161469682321181,0.00011676169934194769,0.00011487333658880348,0.0001218238548457685
2030-09-18 13:00:00,0.00011523083689866272,0.00011600297499422666,0.00011417080642325463,0.00011893247202603481
2030-09-18 14:00:00,0.00011580483978657549,0.00011447045505783897,0.00011251667386977856,0.00011617663350518125
2030-09-18 15:00:00,0.00011332201971291649,0.00010971932422781773,0.00010967265515707424,0.0001108419905442361
2030-09-18 16:00:00,0.00011250625826245973,0.00010761307762675344,0.00010849687238412716,0.00010811127300996309
2030-09-18 17:00:00,0.00011216896521026261,0.00010670026150811649,0.00010676383109208906,0.00010580900575202505
2030-09-18 18:00:00,0.00011331112005959071,0.00010767658644011975,0.00010632010474161764,0.00010569856752517244
2030-09-18 19:00:00,0.00011098416445588376,0.00010625678295341724,0.00010442978643523284,0.00010351546301803221
2030-09-18 20:00:00,0.00010963298912830808,0.00010313840151552725,0.00010061705562990292,9.845454793655285e-05
2030-09-18 21:00:00,0.00010845416861807616,9.957605866949791e-05,9.590393309913726e-05,9.431343407703003e-05
2030-09-18 22:00:00,0.00010627996232564054,9.613194017098401e-05,9.298814324907448e-05,9.055886513084614e-05
2030-09-18 23:00:00,0.00010348239530709119,9.33491989479684e-05,9.08559190929842e-05,8.806076899103251e-05
2030-09-19 00:00:00,0.00010283884775446916,9.131283280718989e-05,8.970684922509905e-05,8.665266020956423e-05
2030-09-19 01:00:00,0.0001024716129733297,9.064726768592559e-05,8.931583500229934e-05,8.612083963949952e-05
2030-09-19 02:00:00,0.00010223677040026923,9.050723086654599e-05,8.920344040757713e-05,8.572134527361694e-05
2030-09-19 03:00:00,0.00010399147047656396,9.203735758080501e-05,8.994297718628134e-05,8.719028426310897e-05
2030-09-19 04:00:00,0.00010567454738837881,9.650108636494917e-05,9.412674289729545e-05,9.267357448688265e-05
2030-09-19 05:00:00,0.0001111444533844186,0.00010633200700407172,0.00010342979033219365,0.0001053139667741287
2030-09-19 06:00:00,0.00011493675709362754,0.00011526051873249875,0.00011239404829365084,0.00011650771257763156
2030-09-19 07:00:00,0.00011626805751080084,0.00012020415327889936,0.0001152033478388296,0.00012070585015282504
2030-09-19 08:00:00,0.00011814203546613289,0.00012147254233372913,0.00011613743984391624,0.00012036467666051178
2030-09-19 09:00:00,0.0001180798015026675,0.00012201507932985615,0.00011702641566707799,0.00012171309599315534
2030-09-19 10:00:00,0.00011860203613139083,0.0001213548662322177,0.00011713608684039254,0.00012154358133804164
2030-09-19 11:00:00,0.00011902995000798435,0.00012070634209956689,0.00011657502486971149,0.00011930653728817533
2030-09-19 12:00:00,0.00012040078821775073,0.0001207594033269524,0.00011605298559068261,0.00011982630051215436
2030-09-19 13:00:00,0.000119400141416,0.0001201002392593535,0.00011565702913755853,0.00011912948419104963
2030-09-19 14:00:00,0.00011966189928923336,0.00011892322370592106,0.00011384345018357358,0.00011644652651293089
2030-09-19 15:00:00,0.00011779005534095215,0.00011517639450149557,0.00011130700548642709,0.00011142036735591935
2030-09-19 16:00:00,0.00011806579304073748,0.00011234925871038213,0.00010978110530719249,0.00010892946280175249
2030-09-19 17:00:00,0.00011703466781068199,0.00011051155682740661,0.00010824846363213542,0.00010689378479272727
2030-09-19 18:00:00,0.00011781704484014732,0.0001106623573126765,0.00010858047667348602,0.00010801386861748055
2030-09-19 19:00:00,0.00011515368067621529,0.00010878199719340428,0.0001062157602174282,0.00010569431429220832
2030-09-19 20:00:00,0.00011301993337599482,0.00010544340587486357,0.00010252637128164296,0.00010128271210710197
2030-09-19 21:00:00,0.00011038706936831464,0.0001017899229610228,9.849366588882301e-05,9.73537807773506e-05
2030-09-19 22:00:00,0.0001079222200462304,9.891486623660338e-05,9.515856373153422e-05,9.29147240130533e-05
2030-09-19 23:00:00,0.000105309282254207,9.584706737138326e-05,9.292163123204581e-05,9.053998471233925e-05
2030-09-20 00:00:00,0.00010502549081419139,9.298965916444579e-05,9.100643577124084e-05,8.887656293199978e-05
2030-09-20 01:00:00,0.00010437186041525556,9.201165669548527e-05,9.013222586346682e-05,8.745161632047006e-05
2030-09-20 02:00:00,0.00010364808401386895,9.241941071011048e-05,8.985285876836044e-05,8.794331336377793e-05
2030-09-20 03:00:00,0.00010423328534063163,9.423483328262989e-05,9.118739947114947e-05,8.935865128398e-05
2030-09-20 04:00:00,0.00010607170879788891,9.897741405350746e-05,9.648822357163788e-05,9.597952485352449e-05
2030-09-20 05:00:00,0.00011286307399708344,0.00011184032835618194,0.00010834158775349966,0.00011147935131072004
2030-09-20 06:00:00,0.00011661217187332592,0.00012292180679655446,0.00011906583446170762,0.0001246808851801713
2030-09-20 07:00:00,0.00011747111512985017,0.00012648994486048984,0.00012319111503896382,0.00013037820721454474
2030-09-20 08:00:00,0.000118466259294311,0.00012592873245697504,0.00012292717163003538,0.00013063556169764243
2030-09-20 09:00:00,0.0001167379876433551,0.00012617062406826304,0.00012331216272108448,0.00013198839378777294
2030-09-20 10:00:00,0.00011505168854945261,0.00012541659589401446,0.00012271016068986473,0.0001305085023676193
2030-09-20 11:00:00,0.00011668498276547497,0.00012403012672269719,0.00012138390877281269,0.00012811999918874067
2030-09-20 12:00:00,0.00011629284168707631,0.00012292371375530927,0.00011985626190120404,0.00012683697752997888
2030-09-20 13:00:00,0.00011532092056277038,0.00012132553085489918,0.00011885350223082589,0.00012484876044640723
2030-09-20 14:00:00,0.00011621384536331927,0.000119903495404622,0.0001174871565030226,0.00012269677027242814
2030-09-20 15:00:00,0.00011384535169335337,0.00011386277645014339,0.00011372622742613609,0.00011612504219813292
2030-09-20 16:00:00,0.00011289401807283817,0.00011185863492108599,0.00011219215677379991,0.00011306938564016147
2030-09-20 17:00:00,0.00011291340897502185,0.0001102890215261947,0.0001098806262755343,0.00011014083376100455
2030-09-20 18:00:00,0.00011327320477021817,0.00011026620179390074,0.00010935215305808439,0.00011044507594320106
2030-09-20 19:00:00,0.00011138400525995404,0.00010755814337487228,0.00010687939621004529,0.00010731751284096566
2030-09-20 20:00:00,0.00010949788418785324,0.00010446991816912533,0.00010238644554673285,0.00010192841600367853
2030-09-20 21:00:00,0.00010682763594921984,0.0001002618024002315,9.723887900491748e-05,9.744099421233815e-05
2030-09-20 22:00:00,0.00010442691451938179,9.612672472260359e-05,9.389108457541736e-05,9.233759461675729e-05
2030-09-20 23:00:00,0.00010138601831621003,9.388073238361118e-05,9.117989296233458e-05,8.9727210895456e-05
2030-09-21 00:00:00,0.00010128356832258261,9.251315557412342e-05,8.973375430919048e-05,9.623642824027034e-05
2030-09-21 01:00:00,0.00010134615047558551,9.115861689631434e-05,8.885261782068976e-05,9.56138559737523e-05
2030-09-21 02:00:00,0.00010132549886136839,9.093012135717606e-05,8.86554842525884e-05,9.622297332601289e-05
2030-09-21 03:00:00,0.00010354132172662675,9.296680433676835e-05,8.977583186286986e-05,9.78683930760866e-05
2030-09-21 04:00:00,0.00010570774318339701,9.903682505159599e-05,9.478266321868929e-05,0.00010421428492782588
2030-09-21 05:00:00,0.00011264918464897002,0.00011238320348177834,0.0001072125808995957,0.00012052730847738806
2030-09-21 06:00:00,0.00011611234216413715,0.00012356328106471825,0.00011807435939404485,0.00013467233111903406
2030-09-21 07:00:00,0.00011767164918438876,0.00012687671663901738,0.00012190143344087642,0.0001396872797784975
2030-09-21 08:00:00,0.00011887335770964965,0.0001263916174381279,0.00012207759125920566,0.00013998155727413034
2030-09-21 09:00:00,0.00011754083024003741,0.0001267182586150867,0.00012280347263182712,0.00013303474408642748
2030-09-21 10:00:00,0.00011665458933698261,0.00012562796906839992,0.00012220859298257584,0.00013171787772521895
2030-09-21 11:00:00,0.000117962984898026,0.0001259364861255405,0.0001213338560082731,0.00012951652109556672
2030-09-21 12:00:00,0.0001192419626719589,0.0001252991430740205,0.00012093607752661377,0.000130236559427244
2030-09-21 13:00:00,0.00011792368502052566,0.00012408208403553154,0.00012011510967812028,0.00012898956186994356
2030-09-21 14:00:00,0.00011682934393787848,0.0001222317651422634,0.00011799610489965325,0.00012610447168190302
2030-09-21 15:00:00,0.00011481663428764585,0.00011757778699635615,0.00011384772550660955,0.00011937135063551599
2030-09-21 16:00:00,0.00011475991751491388,0.00011387655739696694,0.00011207489562562055,0.0001166628454589666
2030-09-21 17:00:00,0.0001137212854787198,0.0001116349128024652,0.00010900702106710674,0.00011337188222511132
2030-09-21 18:00:00,0.0001139080104197384,0.000111687589236793,0.00010867689346706224,0.00011424458144926398
2030-09-21 19:00:00,0.00011191083625078225,0.00010920374020290586,0.00010608978602468674,0.00011069427283404172
2030-09-21 20:00:00,0.00011122353006184904,0.0001056522491277535,0.00010184936387142402,0.00010492410901837823
2030-09-21 21:00:00,0.00010827718638893659,0.00010155580049832224,9.705476148811192e-05,0.00010007047784033702
2030-09-21 22:00:00,0.00010643269405770702,9.741305716779742e-05,9.328428511139365e-05,9.482334081290577e-05
2030-09-21 23:00:00,0.00010289534029358206,9.488140031874368e-05,9.072921875687106e-05,9.204611962958768e-05
2030-09-22 00:00:00,0.00010169084010015276,9.261190268807324e-05,8.892012293621477e-05,9.080574481760803e-05
2030-09-22 01:00:00,0.00010163579861737905,9.104662938474493e-05,8.879825811814044e-05,8.992491225835923e-05
2030-09-22 02:00:00,0.00010120652135761675,9.146348763652491e-05,8.817212593981462e-05,8.886774666676631e-05
2030-09-22 03:00:00,0.00010409505695059868,9.436141460236556e-05,8.917921602310074e-05,9.100554325394979e-05
2030-09-22 04:00:00,0.00010644718487530874,9.856464369664835e-05,9.465234308529067e-05,9.740067952209615e-05
2030-09-22 05:00:00,0.00011273581576028981,0.00010974382440349329,0.0001064357959093852,0.00011251664370859378
2030-09-22 06:00:00,0.00011672646221784189,0.000120402535806554,0.00011696480744788813,0.00012571318018017347
2030-09-22 07:00:00,0.00011750399874861813,0.0001242433128678202,0.00012052230447780824,0.00013057739804576296
2030-09-22 08:00:00,0.0001203525205383439,0.00012221271614692173,0.00012074954315484587,0.00012976496528358694
2030-09-22 09:00:00,0.0001191503734417712,0.00012177113930234076,0.00012166611145809683,0.00013102084361522708
2030-09-22 10:00:00,0.00011952747411691582,0.00012285739567617645,0.00012101595229483163,0.00012948178811342652
2030-09-22 11:00:00,0.00012092703799149014,0.00012237415203709162,0.00012017844133589968,0.00012684194009715346
2030-09-22 12:00:00,0.00011969657074601527,0.00012162415589656231,0.0001193709028520945,0.00012626857231586068
2030-09-22 13:00:00,0.00011913856233059352,0.0001195687169902347,0.00011812391830645342,0.0001249416805660052
2030-09-22 14:00:00,0.00011819821862305046,0.00011771424934444967,0.00011621129326686559,0.00012248043428909287
2030-09-22 15:00:00,0.0001160436046506547,0.00011408563702522501,0.00011285923022213287,0.00011520268859701909
2030-09-22 16:00:00,0.00011464476543873981,0.00011134337935515635,0.00011092515566132953,0.00011201511690512819
2030-09-22 17:00:00,0.0001145886206013731,0.00011001484269502,0.00010893333396830368,0.00010922707441493357
2030-09-22 18:00:00,0.00011496745852035864,0.0001105840261112138,0.00010856893422980973,0.00011017570026256417
2030-09-22 19:00:00,0.00011328673821552675,0.00010792821213662996,0.00010597359151366659,0.0001069460782500045
2030-09-22 20:00:00,0.00011165888073074435,0.00010405698050411385,0.00010168309672671683,0.00010249505238044052
2030-09-22 21:00:00,0.00010841911197641116,0.0001007123711920668,9.729678974196629e-05,9.7694224385164e-05
2030-09-22 22:00:00,0.00010689398556826817,9.660433389495427e-05,9.434890602706624e-05,9.299279634420403e-05
2030-09-22 23:00:00,0.00010401121763700636,9.313365825895225e-05,9.155732579443238e-05,9.059611903901568e-05
2030-09-23 00:00:00,0.00010253288154714914,9.080976422127099e-05,8.962826438291236e-05,8.918433623533907e-05
2030-09-23 01:00:00,0.00010180833143905906,9.008494379258479e-05,8.865978044822924e-05,8.742980868800813e-05
2030-09-23 02:00:00,0.00010028079004599489,8.966239292622789e-05,8.845484597311267e-05,8.762190662066151e-05
2030-09-23 03:00:00,0.00010319766661625128,9.041117239442819e-05,8.990943395891413e-05,8.933989631781251e-05
2030-09-23 04:00:00,0.0001063915812515064,9.756104666154795e-05,9.450808778731896e-05,9.669556019118685e-05
2030-09-23 05:00:00,0.00011353931368677055,0.00011003427979578906,0.00010722951387961638,0.00011267317945796955
2030-09-23 06:00:00,0.00011651135337297485,0.0001221159715691114,0.00011824353184834051,0.00012746178343230405
2030-09-23 07:00:00,0.0001157027908609458,0.00012544626934951923,0.00012280366333135398,0.00013232890003924818
2030-09-23 08:00:00,0.0001182846672835594,0.00012447501165670777,0.00012395036964556918,0.00013200021774118065
2030-09-23 09:00:00,0.00011757160732101609,0.0001243726032300528,0.00012467228649403595,0.00013407875287549257
2030-09-23 10:00:00,0.0001172585626521436,0.00012352205644912032,0.00012414936333488518,0.00013393588667215243
2030-09-23 11:00:00,0.00011701528814171537,0.0001232869472938913,0.00012366303116630265,0.00013118082398425374
2030-09-23 12:00:00,0.00011773941360243213,0.00012193498599840772,0.00012134075311148028,0.00013124298297914578
2030-09-23 13:00:00,0.00011686439372920454,0.00012036806594756675,0.00012030225937808959,0.00012858876109332796
2030-09-23 14:00:00,0.00011668891458998041,0.0001191410718338362,0.00011818200689812301,0.0001256044561452194
2030-09-23 15:00:00,0.00011435789592840087,0.0001130421667410134,0.00011394275445000017,0.0001177954006006983
2030-09-23 16:00:00,0.00011385536463889726,0.00010954197234538939,0.00011233516592030908,0.00011459921701701707
2030-09-23 17:00:00,0.00011398802573391528,0.00010765335714873281,0.00010982030197507196,0.00011154608313807492
2030-09-23 18:00:00,0.00011385596962149487,0.00010667298303417725,0.00010893718287585707,0.00011172500565603049
2030-09-23 19:00:00,0.00011208816275087995,0.00010442031804775275,0.00010581829014818679,0.00010729622630150394
2030-09-23 20:00:00,0.00010994785411761636,0.00010070008283274223,0.00010129263702059238,0.00010236749907584812
2030-09-23 21:00:00,0.00010686551385590099,9.73116695296346e-05,9.64942616357343e-05,9.777825501539003e-05
2030-09-23 22:00:00,0.00010534667910672489,9.411186424904055e-05,9.34052626704626e-05,9.33096177672573e-05
2030-09-23 23:00:00,0.00010322824218483474,9.049140687242117e-05,9.057392088265086e-05,9.055444128897162e-05
2030-09-24 00:00:00,0.00010290394812924482,8.828264227651408e-05,8.879662523145704e-05,8.827248099991416e-05
2030-09-24 01:00:00,0.00010240620356116695,8.697611781707489e-05,8.810549188215841e-05,8.66524909849115e-05
2030-09-24 02:00:00,0.00010248326430228947,8.783646169189072e-05,8.72863503530727e-05,8.58979569115074e-05
2030-09-24 03:00:00,0.00010391124238582062,8.913916893094494e-05,8.812969424712162e-05,8.803728071000801e-05
2030-09-24 04:00:00,0.00010639591959765524,9.429429016556213e-05,9.280311326752795e-05,9.281345470479025e-05
2030-09-24 05:00:00,0.00011305919793307038,0.00010558785056784652,0.00010326686301799051,0.00010677202652083785
2030-09-24 06:00:00,0.000115311201628929,0.00011416928261912183,0.0001118311020578165,0.00011746240014175761
2030-09-24 07:00:00,0.0001163100944584608,0.00011682895808781731,0.00011588809844300662,0.0001217334616806808
2030-09-24 08:00:00,0.00011808920308103521,0.0001170624909321127,0.00011701998960265164,0.00012255481891294592
2030-09-24 09:00:00,0.0001178357951248166,0.00011768374646841042,0.00011834023178297329,0.00012523739952644732
2030-09-24 10:00:00,0.0001168118896402007,0.00011812196757395773,0.00011826113813086597,0.0001234650511666296
2030-09-24 11:00:00,0.00011710842272641975,0.00011791235365626339,0.0001173003694038157,0.00012252511541026447
2030-09-24 12:00:00,0.0001178168815117092,0.00011654173569035035,0.00011572644076890816,0.00012107068151847274
2030-09-24 13:00:00,0.00011462589403083635,0.00011498115251843206,0.0001142466300316924,0.00011882637243085465
2030-09-24 14:00:00,0.0001154193913242944,0.00011403745579337537,0.00011321743321124915,0.000116325808500023
2030-09-24 15:00:00,0.00011368624406487624,0.00010984809166974307,0.00010990410566600983,0.00011103479918753262
2030-09-24 16:00:00,0.00011337371580796761,0.000107107093904381,0.00010798400767348187,0.00010830781893270692
2030-09-24 17:00:00,0.00011293461802658673,0.00010592864728168759,0.0001066183629990589,0.00010614220110315884
2030-09-24 18:00:00,0.00011329743920216625,0.0001051576841458866,0.00010664114782109216,0.0001064212216582597
2030-09-24 19:00:00,0.00011157635757417345,0.0001029702720123734,0.00010357599236360158,0.00010312380225562366
2030-09-24 20:00:00,0.00011144098835846254,9.974848149332262e-05,9.98622654057877e-05,9.786158462746534e-05
2030-09-24 21:00:00,0.00010797547140273054,9.570925884763865e-05,9.51710810053962e-05,9.321147538062564e-05
2030-09-24 22:00:00,0.00010572160522160261,9.201046662570334e-05,9.184803397340949e-05,8.971151686205543e-05
2030-09-24 23:00:00,0.00010223549007658747,8.927688000356153e-05,8.911660349277784e-05,8.736238421106962e-05
2030-09-25 00:00:00,0.00010175771838880235,8.763762570519137e-05,8.778997670852524e-05,8.657028342969885e-05
2030-09-25 01:00:00,0.00010166423983861473,8.72773126331552e-05,8.737448585844822e-05,8.588355896927925e-05
2030-09-25 02:00:00,0.00010102387145989459,8.731901832758086e-05,8.735311722811327e-05,8.570735738226113e-05
2030-09-25 03:00:00,0.00010180680230229657,8.909926120550729e-05,8.81232509268423e-05,8.755495814871908e-05
2030-09-25 04:00:00,0.00010423284758645386,9.40007496320894e-05,9.236884478855262e-05,9.358186333138267e-05
2030-09-25 05:00:00,0.00011081866935964278,0.0001058308168032289,0.00010319215610795227,0.00010599180975930183
2030-09-25 06:00:00,0.00011391315957838739,0.00011487776289702259,0.00011151009347795818,0.00011733779450133196
2030-09-25 07:00:00,0.00011508855144042396,0.00011866937740956807,0.00011484853802469948,0.00012111597550047309
2030-09-25 08:00:00,0.00011719064559352629,0.00011951847372009229,0.00011563484913711762,0.00012175540333310094
2030-09-25 09:00:00,0.00011541571163125515,0.0001192487978165862,0.00011652691809676307,0.00012385289636338633
2030-09-25 10:00:00,0.00011482589228932732,0.00011745111731708199,0.00011700164825477588,0.00012336720379545494
2030-09-25 11:00:00,0.00011572410037435721,0.00011561913338514456,0.00011564425495322732,0.0001211317359472793
2030-09-25 12:00:00,0.00011548010788558272,0.00011319139978977879,0.00011448834700103585,0.00011980274615714455
2030-09-25 13:00:00,0.00011367975635461062,0.00011191610199603784,0.00011341978199543327,0.0001178645405793266
2030-09-25 14:00:00,0.00011440351872849552,0.00010993204469969494,0.00011206755320674635,0.00011554809450366561
2030-09-25 15:00:00,0.00011196807040309738,0.00010617571842941847,0.00010931448757608474,0.0001098174890252682
2030-09-25 16:00:00,0.0001110681316870386,0.00010389341543834314,0.00010848030655990437,0.00010813595756360817
2030-09-25 17:00:00,0.0001100040817493376,0.00010387316079106328,0.00010721915190411683,0.00010599455651537269
2030-09-25 18:00:00,0.00011155811509477569,0.00010429229194573955,0.00010612146612780475,0.0001060128253336719
2030-09-25 19:00:00,0.0001099949312181609,0.0001018915589388598,0.00010347913256892523,0.00010268685307786062
2030-09-25 20:00:00,0.0001084489189460195,9.889188830610124e-05,0.0001005466759406781,9.849249223680431e-05
2030-09-25 21:00:00,0.00010438844367214196,9.329872987614777e-05,9.609795219492402e-05,9.399463684070548e-05
2030-09-25 22:00:00,0.00010225741519307842,9.002961959051452e-05,9.342385852915387e-05,9.036896346398607e-05
2030-09-25 23:00:00,0.00010051540808480086,8.838492059627567e-05,9.038656877033394e-05,8.809629797895574e-05
2030-09-26 00:00:00,0.00010034025507976439,8.670029817451876e-05,8.883587045743618e-05,8.700238922632121e-05
2030-09-26 01:00:00,0.00010021435658722783,8.549358814540975e-05,8.851829396685948e-05,8.629922553535594e-05
2030-09-26 02:00:00,9.992562588739531e-05,8.534946130198883e-05,8.83699409525267e-05,8.678831631967637e-05
2030-09-26 03:00:00,0.00010166377898476835,8.76328567677871e-05,8.933311713964849e-05,8.735723288047582e-05
2030-09-26 04:00:00,0.00010337748698243747,9.147050450429652e-05,9.364009117049106e-05,9.374289111678815e-05
2030-09-26 05:00:00,0.00011094371366299479,0.00010341073433415733,0.00010444122584392448,0.00010688106595223792
2030-09-26 06:00:00,0.00011317371442135593,0.00011260172090740994,0.0001131326958559269,0.00011814056739036885
2030-09-26 07:00:00,0.0001141847002000674,0.00011538763296615989,0.00011650999821970886,0.00012134559144760745
2030-09-26 08:00:00,0.00011558638219758187,0.00011588259222701832,0.00011725412319887231,0.00012136132860127414
2030-09-26 09:00:00,0.0001153631128058886,0.00011618702313234423,0.000118469438169607,0.00012331861822432698
2030-09-26 10:00:00,0.00011576627832516912,0.00011604447801592741,0.00011791032779233802,0.00012227201178210685
2030-09-26 11:00:00,0.00011689486053045382,0.00011608301173798266,0.0001168906590406177,0.0001203261535695041
2030-09-26 12:00:00,0.00011701296343461027,0.00011615231551789687,0.00011622172934967894,0.00012091435335734473
2030-09-26 13:00:00,0.00011501275787553088,0.00011454402470361581,0.00011556465896727854,0.00011930006807448401
2030-09-26 14:00:00,0.00011489424928119536,0.00011319127830496927,0.00011416852715554263,0.0001187735414374965
2030-09-26 15:00:00,0.00011310147008477739,0.00010981510514156777,0.00011156007633730599,0.00011369231618791657
2030-09-26 16:00:00,0.00011301162045937109,0.000106415919681865,0.0001104473296114638,0.00011005077788384134
2030-09-26 17:00:00,0.00011241322877388193,0.0001054624866159352,0.00010957433045567914,0.00010886070206219225
2030-09-26 18:00:00,0.00011336242285442341,0.0001049186897334747,0.00010940920367146021,0.0001091028917100039
2030-09-26 19:00:00,0.00011089536239215214,0.00010256122769647402,0.00010690870910568364,0.00010567664690920753
2030-09-26 20:00:00,0.00010993523629919959,9.954275586896542e-05,0.00010328723357758477,0.00010110934977807193
2030-09-26 21:00:00,0.00010706254760831128,9.598991783808045e-05,9.886700314099328e-05,9.668772876042576e-05
2030-09-26 22:00:00,0.00010310272542006826,9.217144458045922e-05,9.555325248510282e-05,9.257426648940029e-05
2030-09-26 23:00:00,0.00010022573933086087,8.915622227153214e-05,9.249191790806755e-05,8.97429751680418e-05
2030-09-27 00:00:00,9.92510642824145e-05,8.653847989327382e-05,9.120370499862027e-05,8.825120717896686e-05
2030-09-27 01:00:00,9.926569173747572e-05,8.58845373359434e-05,9.067126015721948e-05,8.718139118564722e-05
2030-09-27 02:00:00,9.820645720917947e-05,8.538126705728468e-05,8.997988574924978e-05,8.703887882309874e-05
2030-09-27 03:00:00,0.00010115638442739216,8.730911632827243e-05,9.066922023357494e-05,8.898969478572026e-05
2030-09-27 04:00:00,0.00010312344390328725,9.362007500756871e-05,9.623269082553967e-05,9.496292714979048e-05
2030-09-27 05:00:00,0.00011059619948221658,0.00010650442494024438,0.00010896310985608546,0.00011080434160643058
2030-09-27 06:00:00,0.00011388578205410564,0.00011775018921769451,0.00011945460182976397,0.0001250862611123625
2030-09-27 07:00:00,0.00011480425581397564,0.00012137520003447523,0.00012285761540767407,0.0001294934510460034
2030-09-27 08:00:00,0.00011514196713388227,0.000122269397607928,0.00012389450323949683,0.00013102795427508428
2030-09-27 09:00:00,0.00011325841373793025,0.00012283373375195889,0.00012513096315524582,0.00013209293060188065
2030-09-27 10:00:00,0.00011231441098118514,0.00012181140174301333,0.00012422559710761032,0.0001313975669671959
2030-09-27 11:00:00,0.00011344146417008464,0.00012097243456881646,0.00012338257252351574,0.00012908423855262987
2030-09-27 12:00:00,0.00011344610866268831,0.00012059102007058113,0.00012173959540234069,0.00012877501523819886
2030-09-27 13:00:00,0.00011144367879096298,0.00011859382767502175,0.00012012509547002841,0.00012652749467571524
2030-09-27 14:00:00,0.00011184600550324269,0.00011740416322413674,0.00011889212818213251,0.00012395642393039154
2030-09-27 15:00:00,0.00011010544153990959,0.0001114101435156101,0.00011552247188130902,0.00011716961577052627
2030-09-27 16:00:00,0.00011002986596744119,0.00010891882454818922,0.00011419282767402836,0.00011354642319315715
2030-09-27 17:00:00,0.0001100191600226301,0.00010805208617905714,0.00011214542957443934,0.00011087997041542488
2030-09-27 18:00:00,0.00011059354944554973,0.00010637271783988328,0.00011088893853073302,0.00011086093259018252
2030-09-27 19:00:00,0.00010786028078162446,0.00010329933407353625,0.00010791599325614214,0.00010557163620641852
2030-09-27 20:00:00,0.00010721108892407028,9.84793977671149e-05,0.00010327005058214246,0.00010150913817984215
2030-09-27 21:00:00,0.00010327629869795357,9.39747936442263e-05,9.881532142898705e-05,9.736598554051209e-05
2030-09-27 22:00:00,0.00010210662734839947,9.183209022907367e-05,9.472085413674621e-05,9.270423662639763e-05
2030-09-27 23:00:00,0.00010021656344579998,8.946702720121275e-05,9.2095235075139e-05,8.983585334438254e-05
2030-09-28 00:00:00,9.918705020699293e-05,8.770243180618453e-05,9.027004483557011e-05,8.808183105612771e-05
2030-09-28 01:00:00,9.86189963819599e-05,8.607607926609237e-05,8.929509089448655e-05,8.739936965760756e-05
2030-09-28 02:00:00,9.777082517471267e-05,8.618082365631781e-05,8.890044691183318e-05,8.731141907095783e-05
2030-09-28 03:00:00,9.926426200738419e-05,8.831965933177419e-05,9.043790520027555e-05,8.849765658265285e-05
2030-09-28 04:00:00,0.00010208530816039303,9.320331603760237e-05,9.525566672891739e-05,9.587272726138614e-05
2030-09-28 05:00:00,0.00010933422021108868,0.00010630011652852572,0.00010877902493647987,0.00011129171167838306
2030-09-28 06:00:00,0.00011321768893496356,0.00011748872500641251,0.0001195279531699826,0.0001260755136435765
2030-09-28 07:00:00,0.00011436035368562298,0.00012315728320774807,0.00012347983065155542,0.00013208598588994972
2030-09-28 08:00:00,0.00011586546007052591,0.00012419935326007616,0.0001243001918792598,0.00013228625261278105
2030-09-28 09:00:00,0.00011374600654997995,0.00012397975355342794,0.00012517032229603304,0.00013475080587310048
2030-09-28 10:00:00,0.00011395754445965484,0.00012365904352291875,0.00012520466115675623,0.00013423589876831803
2030-09-28 11:00:00,0.00011571689044888806,0.00012297671044419822,0.0001239784197481064,0.0001314270987230777
2030-09-28 12:00:00,0.0001161370719097631,0.00012227413482263457,0.0001229030618445787,0.00013139415663816466
2030-09-28 13:00:00,0.00011470764685840836,0.00012155858068705922,0.00012199598995175229,0.0001293184862225601
2030-09-28 14:00:00,0.00011485116106469434,0.00011988628334154376,0.00012054319064129573,0.0001271908705225079
2030-09-28 15:00:00,0.00011354445537299256,0.00011461511074634033,0.00011679133646887677,0.00012026905961748445
2030-09-28 16:00:00,0.00011306829115531682,0.00011235271073914007,0.00011469287569407919,0.00011740201931878814
2030-09-28 17:00:00,0.00011237037087449967,0.00011076420766950659,0.00011290275191088528,0.00011459991468229145
2030-09-28 18:00:00,0.00011294376401384159,0.00010870504561431144,0.00011211395825380193,0.00011481395375821542
2030-09-28 19:00:00,0.0001090388953657916,0.00010590307595080868,0.00010895803746222322,0.00011031768116973955
2030-09-28 20:00:00,0.000107467778338397,0.00010254381531212169,0.00010474317806523074,0.0001056846869847658
2030-09-28 21:00:00,0.00010662658846854877,9.845750137722302e-05,9.946793275184953e-05,9.958713765709028e-05
2030-09-28 22:00:00,0.0001046918882146241,9.529550479758995e-05,9.547626729514521e-05,9.501481993316864e-05
2030-09-28 23:00:00,0.00010253713442203288,9.175438050704576e-05,9.248615597755129e-05,9.227200776946407e-05
2030-09-29 00:00:00,0.00010104793352685862,8.919115890748941e-05,9.020108730264e-05,8.996823856001147e-05
2030-09-29 01:00:00,0.00010036061045009951,8.792540009612009e-05,8.938475359591128e-05,8.900515514700846e-05
2030-09-29 02:00:00,0.0001008865479586229,8.752939450975353e-05,8.907816644584458e-05,8.946300141949409e-05
2030-09-29 03:00:00,0.00010289184098651056,8.887684986684874e-05,8.957320376281867e-05,8.99980553339632e-05
2030-09-29 04:00:00,0.00010471625294981369,9.5062577016606e-05,9.494304115247568e-05,9.617615313066506e-05
2030-09-29 05:00:00,0.00011064107774116927,0.00010824424414662696,0.0001078097118992076,0.0001124343694854184
2030-09-29 06:00:00,0.0001148374019277467,0.0001192389843696789,0.00011842965146887097,0.00012570086102949124
2030-09-29 07:00:00,0.00011495003217186785,0.00012342050335842773,0.00012242808247952725,0.00013019551475054893
2030-09-29 08:00:00,0.0001179103474268017,0.00012414481392261629,0.00012315573169924257,0.00013042599127053358
2030-09-29 09:00:00,0.00011681756245458595,0.0001240328209699322,0.00012417961658103054,0.00013226171277217218
2030-09-29 10:00:00,0.00011607625925249429,0.0001236580318072027,0.00012396439437994716,0.00013157509777908137
2030-09-29 11:00:00,0.00011729959597968217,0.0001224880511519107,0.00012268032149552493,0.00012792244476318362
2030-09-29 12:00:00,0.00011777567970274849,0.00012213065261532202,0.00012163922298226478,0.00012861689944830332
2030-09-29 13:00:00,0.00011659031768339041,0.00012017812220907148,0.00012057243696436807,0.00012709810451236423
2030-09-29 14:00:00,0.00011616227554570125,0.00011796550086453985,0.00011831981429727685,0.00012448479546923493
2030-09-29 15:00:00,0.0001146483252150489,0.00011401909776713637,0.00011536607101872949,0.00011843953715235025
2030-09-29 16:00:00,0.0001147765109747328,0.00011146498560410849,0.00011343361257620459,0.00011472249731107069
2030-09-29 17:00:00,0.00011399200842112083,0.00010982046274738769,0.00011159822676023606,0.00011298135732644614
2030-09-29 18:00:00,0.0001134178511417875,0.0001086484668416782,0.00011045151379731673,0.0001121644749831762
2030-09-29 19:00:00,0.00011084291583717012,0.00010514838437469443,0.00010687368660341532,0.00010802563552188318
2030-09-29 20:00:00,0.00010971708566001189,0.00010073567174670346,0.0001029244094927049,0.00010262161718081171
2030-09-29 21:00:00,0.00010597872708399123,9.734822703406237e-05,9.819584341703897e-05,9.825391758157113e-05
2030-09-29 22:00:00,0.00010417339263541364,9.361113310342765e-05,9.486625772210327e-05,9.40128532182214e-05
2030-09-29 23:00:00,0.00010068642986867538,9.056779574158192e-05,9.188618625504167e-05,9.12244556385202e-05
2030-09-30 00:00:00,9.892206128380653e-05,8.935630434226069e-05,9.051089397436155e-05,8.965035898471401e-05
2030-09-30 01:00:00,9.757367754688017e-05,8.858657335221502e-05,8.960214472182175e-05,8.880589009530383e-05
2030-09-30 02:00:00,9.732877616279486e-05,8.929925505851276e-05,8.93995184667711e-05,8.896062935452888e-05
2030-09-30 03:00:00,9.93854521476638e-05,9.122040255917692e-05,9.06542765606222e-05,9.065340789343111e-05
2030-09-30 04:00:00,0.00010199396619667137,9.676005236902213e-05,9.607965826143891e-05,9.774997011207988e-05
2030-09-30 05:00:00,0.00010888676168125296,0.00011113042696527153,0.00010984123874005932,0.00011412364488202974
2030-09-30 06:00:00,0.00011318392018949476,0.00012099574933944531,0.00012091039008458371,0.0001291120720329253
2030-09-30 07:00:00,0.00011457992903859826,0.00012479942723157578,0.0001254862915784429,0.00013358425103942396
2030-09-30 08:00:00,0.00011641344124580179,0.00012659391374413796,0.00012635610350154628,0.00013329864235786705
2030-09-30 09:00:00,0.00011539007677928079,0.00012704298097748008,0.0001270290701105371,0.00013563638857196043
2030-09-30 10:00:00,0.0001148527504431204,0.00012680303297830193,0.00012538914969842735,0.0001346758507509716
2030-09-30 11:00:00,0.0001150436297039043,0.00012558648782842228,0.00012373433739297366,0.0001319987353969588
2030-09-30 12:00:00,0.00011505467086875799,0.00012393144989611537,0.00012270508096916215,0.0001309104401158282
2030-09-30 13:00:00,0.00011305352412752218,0.00012223544868950276,0.00012154258589075263,0.00012851856618400034
2030-09-30 14:00:00,0.00011326806764590093,0.00011938083643016557,0.0001193423910426537,0.00012568647947441424
2030-09-30 15:00:00,0.00011159051963356305,0.00011378381529232874,0.0001158238643624046,0.00011920318022390433
2030-09-30 16:00:00,0.00011146247606087851,0.0001105214187964145,0.00011361612581242109,0.00011614180089958141
2030-09-30 17:00:00,0.00011115109390856821,0.0001092921861034214,0.00011223397375299768,0.00011385565043642212
2030-09-30 18:00:00,0.00010974844182756231,0.00010825615455945852,0.00011143594543626409,0.00011277597446363431
2030-09-30 19:00:00,0.00010874493581856701,0.00010515282334297575,0.00010821037014521862,0.00010737448375124324
2030-09-30 20:00:00,0.00010834107538446488,0.00010147918778051547,0.00010364291847760843,0.00010243414280013683
2030-09-30 21:00:00,0.00010585970538731551,9.777987684513377e-05,9.90635222853523e-05,9.738954233096417e-05
2030-09-30 22:00:00,0.00010373502041326607,9.51001273943086e-05,9.581700814853566e-05,9.332217111405176e-05
2030-09-30 23:00:00,0.00010178929467662008,9.11701627133174e-05,9.257426184939586e-05,8.938070509189512e-05
2030-10-01 00:00:00,0.00010553683429969979,9.772191679351131e-05,9.721419309301287e-05,9.330791725070972e-05
2030-10-01 01:00:00,0.00010420303935729827,9.627595337216241e-05,9.587597886396497e-05,9.218931610001423e-05
2030-10-01 02:00:00,0.00010417428534612032,9.749224436043557e-05,9.580464212420466e-05,9.203398361962715e-05
2030-10-01 03:00:00,0.00010558737187726313,9.773604925193436e-05,9.555759154597158e-05,9.283267411068864e-05
2030-10-01 04:00:00,0.00010787622463402023,0.00010266822217730318,9.906834087462548e-05,9.653165060616595e-05
2030-10-01 05:00:00,0.00011209935942121581,0.00011179281470557605,0.0001076402835361297,0.0001071839032974666
2030-10-01 06:00:00,0.00011713083343588676,0.00012302077554808243,0.0001184387448242459,0.0001198233347600457
2030-10-01 07:00:00,0.00012001861417455583,0.00013065144637397827,0.00012589210892614797,0.000130576936508338
2030-10-01 08:00:00,0.0001216718038171576,0.00013358003066569674,0.00012834198487705708,0.00013372099296163462
2030-10-01 09:00:00,0.00012255129348361421,0.00013454712749035264,0.00012939337434725336,0.0001338172715235342
2030-10-01 10:00:00,0.00012179216206428951,0.0001342102433939977,0.00012981805143301523,0.00013540253120013492
2030-10-01 11:00:00,0.00012228487774901316,0.00013155805849491374,0.00012932735052268435,0.00013326395188667788
2030-10-01 12:00:00,0.00012239218409360617,0.00012995915727867662,0.00012792604788356362,0.0001316951392083804
2030-10-01 13:00:00,0.0001209952183336344,0.0001289570629369997,0.00012650522623452112,0.00012979755533122555
2030-10-01 14:00:00,0.00012102745777985481,0.00012780573627751152,0.0001251414565115245,0.00012689258629136518
2030-10-01 15:00:00,0.00011916953147510668,0.00012540199441387327,0.00012357436605854314,0.0001228555164735803
2030-10-01 16:00:00,0.00011801461822390754,0.00011835870086332854,0.00012170780573359697,0.00011923683295010476
2030-10-01 17:00:00,0.00011659207815166392,0.0001154588208133529,0.00011993335897747319,0.00011648392185506067
2030-10-01 18:00:00,0.00011532340619699838,0.00011196382119848013,0.00011731465522235091,0.00011381089389658082
2030-10-01 19:00:00,0.00011399979734305977,0.0001088900087326054,0.0001135536020690664,0.00010999216188675281
2030-10-01 20:00:00,0.00011252645068401013,0.00010542897285346019,0.00010903357285625685,0.00010489066370343799
2030-10-01 21:00:00,0.00011056420306926989,0.00010281515321564431,0.00010468570222065859,9.95940672935619e-05
2030-10-01 22:00:00,0.00010858834609777522,9.865749281623013e-05,0.00010085550840244465,9.555243154648627e-05
2030-10-01 23:00:00,0.00010602303462661887,9.499495196084939e-05,9.807259168850083e-05,9.29444346813812e-05
2030-10-02 00:00:00,0.00010598235940969587,9.409243849507205e-05,9.351764468852883e-05,8.804831731474504e-05
2030-10-02 01:00:00,0.00010535205012510695,9.362982914794889e-05,9.273248908152392e-05,8.733356050192696e-05
2030-10-02 02:00:00,0.00010572401172326035,9.28716436658059e-05,9.2283211644826e-05,8.673740606364968e-05
2030-10-02 03:00:00,0.00010714510880544843,9.33217139017463e-05,9.273577827405288e-05,8.716672353349755e-05
2030-10-02 04:00:00,0.00010878490063714826,9.688517695986907e-05,9.535914739927007e-05,9.151163629982415e-05
2030-10-02 05:00:00,0.00011258664768683538,0.0001060660814176307,0.0001035600496117683,0.00010100036071645839
2030-10-02 06:00:00,0.00011630023060172494,0.00011630312855823574,0.00011152055721483496,0.00011258036366265153
2030-10-02 07:00:00,0.00011854831214106224,0.00012125930945480262,0.00011735646598066901,0.00011978376906891551
2030-10-02 08:00:00,0.00011992380682683144,0.00012238040266673034,0.0001191704854622284,0.00012168642966619039
2030-10-02 09:00:00,0.00012143592862325443,0.00012322657349951073,0.0001212147087847967,0.00012405081767861948
2030-10-02 10:00:00,0.00012082246265598505,0.00012385746000314726,0.00012174188153508404,0.00012428561135718433
2030-10-02 11:00:00,0.00012055669189245598,0.00012266018372172758,0.00012167932971909022,0.00012318248686243722
2030-10-02 12:00:00,0.00012179006754566754,0.0001218101768127629,0.00011994856660971285,0.00012280787971131752
2030-10-02 13:00:00,0.00012042471259040542,0.00012026787870275328,0.00011905966226625807,0.00012121192076674723
2030-10-02 14:00:00,0.00012016705886616203,0.00011936782061028582,0.0001182705942575875,0.00011937237219945039
2030-10-02 15:00:00,0.0001179672982543062,0.00011656317631971251,0.00011653274196046987,0.00011659230840872006
2030-10-02 16:00:00,0.00011658450030660422,0.00011388404191192041,0.00011584961978226161,0.00011447021660020249
2030-10-02 17:00:00,0.00011661281993316829,0.00011211878225783543,0.00011563714929518177,0.00011319694313636406
2030-10-02 18:00:00,0.00011579800037012784,0.00010965207444459688,0.00011416026317868175,0.00011210193238908014
2030-10-02 19:00:00,0.00011284699074197403,0.00010690405158819741,0.00011092022472872344,0.00010803518351288255
2030-10-02 20:00:00,0.00011207676809457765,0.00010438911851354782,0.00010733200915811999,0.00010336562282384913
2030-10-02 21:00:00,0.00010996923384153324,0.00010210972407934646,0.00010317485138159066,9.945347363331034e-05
2030-10-02 22:00:00,0.00010878973913893633,9.902496821180926e-05,9.979760355589521e-05,9.52784016134745e-05
2030-10-02 23:00:00,0.00010672685769413076,9.693461116882759e-05,9.745943020507549e-05,9.283619752622917e-05
2030-10-03 00:00:00,0.0001054176005476543,9.605533520702441e-05,9.532009535624589e-05,8.926453275816493e-05
2030-10-03 01:00:00,0.00010416618617949004,9.513881076800885e-05,9.355699957582766e-05,8.817498908080782e-05
2030-10-03 02:00:00,0.00010371473125073057,9.462780759949786e-05,9.324299004841218e-05,8.778805301378655e-05
2030-10-03 03:00:00,0.00010523655169886372,9.581442809092066e-05,9.42724354672907e-05,8.781334419100333e-05
2030-10-03 04:00:00,0.00010625304965316082,9.925438233901202e-05,9.70948611145417e-05,9.170825391057412e-05
2030-10-03 05:00:00,0.00011232956811771231,0.00010762350361598675,0.00010460025731857252,0.00010109166779635515
2030-10-03 06:00:00,0.00011535738773830663,0.00011600436652292933,0.00011315683435587463,0.0001120030003754623
2030-10-03 07:00:00,0.00011670616236532701,0.00012129947665202058,0.00011840777789995556,0.00011775193407584997
2030-10-03 08:00:00,0.00011918286866301616,0.0001221347103364103,0.00012131772072815079,0.00012037267294827461
2030-10-03 09:00:00,0.00011925694707619641,0.0001227083878572489,0.00012246560935996756,0.00012222290896360955
2030-10-03 10:00:00,0.00011919708869165416,0.00012275406474848144,0.00012320767194765484,0.0001221683382911648
2030-10-03 11:00:00,0.0001196121898612422,0.0001224197328150813,0.00012340715963883955,0.0001214829025162221
2030-10-03 12:00:00,0.00011983840062597543,0.00012119313836164377,0.00012256585858958898,0.00012185885076408173
2030-10-03 13:00:00,0.00011883047546494922,0.00011948475987992896,0.00012178480140530175,0.00012197148437834316
2030-10-03 14:00:00,0.00011865029410390083,0.00011958711409103209,0.00012056428239356668,0.00012038854274036598
2030-10-03 15:00:00,0.00011778707852821484,0.0001179753781768942,0.00011886410712366812,0.00011776410610197124
2030-10-03 16:00:00,0.00011897858549507283,0.0001152473111635696,0.00011789596301530608,0.00011451219913602721
2030-10-03 17:00:00,0.0001191945932998874,0.00011421469988035734,0.00011739803920530018,0.00011341801181686752
2030-10-03 18:00:00,0.00011820261656802896,0.00011208832230185272,0.00011670779651369709,0.0001131802401230255
2030-10-03 19:00:00,0.00011740853545198544,0.00011065314283201055,0.0001140133310574904,0.00010979290343434481
2030-10-03 20:00:00,0.0001157055965898016,0.00010695148212331034,0.0001100120280353336,0.00010559987978517588
2030-10-03 21:00:00,0.00011375946316377203,0.00010474985754704196,0.00010564381337754542,0.00010153284185461845
2030-10-03 22:00:00,0.00011189985651447421,0.00010176164579240903,0.00010205448491957355,9.734853909336656e-05
2030-10-03 23:00:00,0.00010882944813277007,9.893324455759489e-05,9.930943415168367e-05,9.466474128742845e-05
2030-10-04 00:00:00,0.0001057820852263345,9.544268826365268e-05,9.278815329476205e-05,8.924213011918761e-05
2030-10-04 01:00:00,0.00010540830961056106,9.404797363592202e-05,9.194524685187256e-05,8.805381946768122e-05
2030-10-04 02:00:00,0.00010439427902440928,9.276938216497965e-05,9.20259467251886e-05,8.853471144697806e-05
2030-10-04 03:00:00,0.00010566071406775267,9.525328851249744e-05,9.32108371109275e-05,9.05718098158845e-05
2030-10-04 04:00:00,0.00010822965262373005,0.00010031405829629343,9.875203469750269e-05,9.631004140088864e-05
2030-10-04 05:00:00,0.00011474124758780972,0.00011236792552448853,0.00011008531995215807,0.0001104803501223809
2030-10-04 06:00:00,0.00011663593138241306,0.00012099139480468361,0.00012005760162341025,0.00012366478507295394
2030-10-04 07:00:00,0.0001167389200010496,0.00012420620725450655,0.0001236509497951486,0.0001273302218592601
2030-10-04 08:00:00,0.00011886997949882678,0.000124867568003348,0.0001239108649265984,0.00012714051200359827
2030-10-04 09:00:00,0.0001189266370927551,0.00012615011429481887,0.0001242088817412596,0.0001284683862698838
2030-10-04 10:00:00,0.00011785879024629026,0.00012431346479420597,0.00012406772632754027,0.00012745711123355336
2030-10-04 11:00:00,0.00011853048100606619,0.00012411860816998802,0.00012334723087610157,0.00012550718408664745
2030-10-04 12:00:00,0.00011813241669191292,0.00012236939360714578,0.00012289931291358625,0.00012541356004861515
2030-10-04 13:00:00,0.00011672748485761891,0.00012152369862903056,0.00012253380074448794,0.00012415846627196489
2030-10-04 14:00:00,0.00011722141600877775,0.00011854262077179817,0.00012089482523966709,0.00012238399748037705
2030-10-04 15:00:00,0.00011531845517938443,0.00011378246640366442,0.00011747641340292196,0.00011630716571871866
2030-10-04 16:00:00,0.00011555833958677756,0.0001107385792751111,0.00011612557770463773,0.00011340728835653049
2030-10-04 17:00:00,0.00011439547889984058,0.00011064525873950967,0.00011445748012193413,0.0001123269866906099
2030-10-04 18:00:00,0.00011367180444699314,0.00010940380924174018,0.00011255999473520628,0.00011209473710689897
2030-10-04 19:00:00,0.00011220003703489802,0.00010686603145967237,0.00011036978453598979,0.00010933793892152504
2030-10-04 20:00:00,0.0001116371507048724,0.0001043690786801494,0.00010647948744657325,0.00010498564467724831
2030-10-04 21:00:00,0.00010941426182155506,0.00010170058791407039,0.00010220201874800149,0.00010080713489915448
2030-10-04 22:00:00,0.00010705489436896136,9.920413468307095e-05,9.863927249008056e-05,9.619206327958394e-05
2030-10-04 23:00:00,0.0001055964050241363,9.591534958650386e-05,9.653572602945507e-05,9.316327947543421e-05
2030-10-05 00:00:00,0.00010007011115650598,9.134017601201356e-05,9.328538620832086e-05,9.094206941829056e-05
2030-10-05 01:00:00,9.875806294543897e-05,9.087238579405438e-05,9.277208899529388e-05,8.975326089663755e-05
2030-10-05 02:00:00,9.865052264563547e-05,9.104417455381628e-05,9.266577323119853e-05,8.990272669590547e-05
2030-10-05 03:00:00,0.00010035498100544804,9.261594849673412e-05,9.382670494094265e-05,9.09837110551037e-05
2030-10-05 04:00:00,0.00010323333545482713,9.891819929679401e-05,9.952620794230606e-05,9.946884323326683e-05
2030-10-05 05:00:00,0.00011129455032702295,0.00011536521914934832,0.00011481442850665545,0.00011882303326607754
2030-10-05 06:00:00,0.00011450690062601706,0.00013019287943021726,0.00012862669119919967,0.00013789918569392248
2030-10-05 07:00:00,0.00011540011554893372,0.00013421131433151375,0.00013353742202769082,0.000143441726642315
2030-10-05 08:00:00,0.00011715172511996596,0.00013371916448733705,0.0001334723169326807,0.00014275901595526408
2030-10-05 09:00:00,0.00011682618205102746,0.00013188448266355314,0.00013383081275792496,0.00014353084330720944
2030-10-05 10:00:00,0.00011571263063462188,0.00013093927921310625,0.00013284846616090024,0.00014256951536354193
2030-10-05 11:00:00,0.00011668419597384053,0.00013009210710466596,0.00013150513655015275,0.00013989470173429814
2030-10-05 12:00:00,0.00011592196317703149,0.00012933257902971346,0.00012982236320874073,0.0001387231203259668
2030-10-05 13:00:00,0.00011501879621847841,0.00012895346743911756,0.0001287127012347471,0.00013719979565531172
2030-10-05 14:00:00,0.0001141294871972786,0.00012588164227934798,0.00012674694076818905,0.00013478336859260192
2030-10-05 15:00:00,0.0001110971061641123,0.00012010724698871714,0.00012196740263241166,0.00012547861514254817
2030-10-05 16:00:00,0.00011106204810905804,0.0001166568660589251,0.0001197689718126746,0.00012124028034452448
2030-10-05 17:00:00,0.00011007796018259882,0.00011385799917458075,0.0001176580982334148,0.00011897468409134923
2030-10-05 18:00:00,0.0001098076098099886,0.00011127510945109931,0.00011483848294401944,0.00011653712143814806
2030-10-05 19:00:00,0.00010688161560283394,0.00010738859467981378,0.00011134261098709081,0.00011171394676276976
2030-10-05 20:00:00,0.00010685389497891518,0.00010452342741970042,0.00010716458268035898,0.00010637310058003065
2030-10-05 21:00:00,0.00010503937487741171,0.0001005836419297965,0.00010226441215785537,0.00010134756689493677
2030-10-05 22:00:00,0.0001038453171377102,9.723018488971914e-05,9.796460526863491e-05,9.614915706933867e-05
2030-10-05 23:00:00,0.00010084815689211918,9.501907409987141e-05,9.49970763334944e-05,9.244616189794622e-05
2030-10-06 00:00:00,9.986174251517513e-05,9.039652311745721e-05,9.206864619454931e-05,9.062278250785063e-05
2030-10-06 01:00:00,9.941207513605463e-05,8.892657299963206e-05,9.16086391019687e-05,8.993032807071761e-05
2030-10-06 02:00:00,9.876752584143829e-05,8.934368893379042e-05,9.115444953767042e-05,9.000675319168994e-05
2030-10-06 03:00:00,0.00010041776244466288,9.117672868602101e-05,9.197719116992804e-05,9.15803722411558e-05
2030-10-06 04:00:00,0.00010233090735247712,9.698365642168388e-05,9.743277072065419e-05,9.874880458949641e-05
2030-10-06 05:00:00,0.00011026175458142468,0.00011275740290619981,0.00011246247530185334,0.00011828702025013585
2030-10-06 06:00:00,0.00011436676748816026,0.00012732912470058458,0.00012730412121761007,0.00013753680800017646
2030-10-06 07:00:00,0.00011588526817863382,0.00013109808004841062,0.00013245359637746565,0.00014282335865019582
2030-10-06 08:00:00,0.00011661377189909991,0.00013100685424449646,0.00013295987565245578,0.00014304395716919295
2030-10-06 09:00:00,0.00011598062455087872,0.00013011957798184635,0.00013346913722762655,0.00014520804412192627
2030-10-06 10:00:00,0.00011590128130997451,0.0001294126014096709,0.00013252761369195867,0.00014477559065464234
2030-10-06 11:00:00,0.0001173498749055021,0.00012894405531175683,0.0001315556557889696,0.0001410499904900934
2030-10-06 12:00:00,0.00011770752443571728,0.0001281390100471346,0.00013043670341397355,0.00014103854618201136
2030-10-06 13:00:00,0.0001151233309434146,0.00012817720274189772,0.0001294376045844586,0.00013767476798318742
2030-10-06 14:00:00,0.00011553012694877885,0.00012585165412609114,0.00012705490394738475,0.0001351752970849954
2030-10-06 15:00:00,0.00011352969843589854,0.0001183792691650757,0.00012306764247667967,0.00012670776946649773
2030-10-06 16:00:00,0.00011286737292951737,0.00011496349558195764,0.00012052178030544654,0.00012212382625643203
2030-10-06 17:00:00,0.0001116413356195725,0.00011346953935564708,0.00011787866642064473,0.00011925734842055601
2030-10-06 18:00:00,0.00011122413750452683,0.00011074508042196948,0.00011494050013833559,0.00011676490723922844
2030-10-06 19:00:00,0.00010989566546211532,0.00010667540881741952,0.00011080201295161144,0.00011162911885286154
2030-10-06 20:00:00,0.00010787233581652472,0.00010297930603989081,0.00010602249260276572,0.00010626696465708392
2030-10-06 21:00:00,0.00010554871156893673,0.00010053091217256344,0.00010105825511108075,0.0001015415457848979
2030-10-06 22:00:00,0.00010350759443515648,9.59645266920812e-05,9.744357423367868e-05,9.598085382169737e-05
2030-10-06 23:00:00,9.913248179892469e-05,9.32612415523087e-05,9.400322268408843e-05,9.260710636569448e-05
2030-10-07 00:00:00,9.977149483637328e-05,9.04515800635207e-05,9.150936856690302e-05,8.939048979681248e-05
2030-10-07 01:00:00,9.892490110427993e-05,8.918172015769137e-05,9.086863654107171e-05,8.778916871342264e-05
2030-10-07 02:00:00,9.857702507333145e-05,8.939895718693525e-05,9.019695753138455e-05,8.787813360742204e-05
2030-10-07 03:00:00,0.0001008220661454545,9.136917411637134e-05,9.03911373340965e-05,8.908207240936531e-05
2030-10-07 04:00:00,0.00010251470695891696,9.66177498709387e-05,9.536652991308044e-05,9.494066382509425e-05
2030-10-07 05:00:00,0.0001083914021687339,0.00010920001288735907,0.00010703820238737258,0.00011091162683162493
2030-10-07 06:00:00,0.00011095148702414096,0.00012009679094544196,0.0001183819199112498,0.00012476789598422295
2030-10-07 07:00:00,0.00011177635060504896,0.00012306470728356498,0.00012187077786836534,0.00012877228873274462
2030-10-07 08:00:00,0.00011382879329276761,0.00012262289329600977,0.00012285193070401965,0.00012827933700631136
2030-10-07 09:00:00,0.00011375346956404525,0.00012102466849055847,0.00012344915690285044,0.0001298765924752441
2030-10-07 10:00:00,0.00011440351200695895,0.00011900211218411167,0.00012368560283436658,0.00012848344196944922
2030-10-07 11:00:00,0.00011767268057292822,0.00011735227924779691,0.00012221521338555655,0.00012602863760078357
2030-10-07 12:00:00,0.0001171451878408619,0.00011620247302200726,0.00012144526064092974,0.0001250155131965326
2030-10-07 13:00:00,0.00011484806236628912,0.00011540090730438475,0.00012013024017434046,0.00012349696228976072
2030-10-07 14:00:00,0.00011600454504956379,0.00011456456950090651,0.00011849447393325738,0.00012023471434385582
2030-10-07 15:00:00,0.00011402560972583642,0.00010982680861556569,0.00011528000508003895,0.00011532879105122663
2030-10-07 16:00:00,0.00011423083606137623,0.0001071675451415982,0.00011421509025093242,0.00011283497616823115
2030-10-07 17:00:00,0.00011310999918439622,0.00010657389328844607,0.00011326364473419206,0.00011160485633193782
2030-10-07 18:00:00,0.00011262938225657055,0.00010496561796599155,0.00011141616133582182,0.00010902489946009388
2030-10-07 19:00:00,0.00011065172784127146,0.00010320206429334829,0.00010750393570309657,0.00010419128591872108
2030-10-07 20:00:00,0.00011024067047271213,9.946116276464839e-05,0.00010320002159361988,9.989290438603196e-05
2030-10-07 21:00:00,0.00010729807388130045,9.61439892484251e-05,9.915614538974049e-05,9.557157422080485e-05
2030-10-07 22:00:00,0.00010424944296628211,9.259522981481341e-05,9.610071170631444e-05,9.163168123531965e-05
2030-10-07 23:00:00,0.00010141333896688786,8.966348691769974e-05,9.37720730951749e-05,8.847013372064678e-05
2030-10-08 00:00:00,0.0001025352237905225,8.554957035378597e-05,9.098358598797896e-05,8.600961219738893e-05
2030-10-08 01:00:00,0.0001027238358220954,8.37136639073753e-05,9.030305756968274e-05,8.503373893250668e-05
2030-10-08 02:00:00,0.00010212385431897114,8.396436460192253e-05,8.970148529596018e-05,8.510168616537163e-05
2030-10-08 03:00:00,0.0001031707966675649,8.511353718268784e-05,9.014292682186145e-05,8.519090635385673e-05
2030-10-08 04:00:00,0.00010394439509672879,8.77602628534236e-05,9.266663362188271e-05,9.005024806657604e-05
2030-10-08 05:00:00,0.00010976571965880155,9.701968351563209e-05,0.00010096897714344052,0.00010068421684078568
2030-10-08 06:00:00,0.00011196971665630384,0.00010533708066911413,0.00010791014893211195,0.00011077821292836642
2030-10-08 07:00:00,0.00011225592822637042,0.00010717048597161933,0.00011095696575582295,0.00011437252735374453
2030-10-08 08:00:00,0.00011289935167333202,0.00010710052294885062,0.00011211887024800155,0.000114962866019455
2030-10-08 09:00:00,0.00011342867142331674,0.00010769135189956467,0.00011287963997700763,0.00011675928068932622
2030-10-08 10:00:00,0.0001124238612411587,0.00010692310398872397,0.00011307113670878412,0.000115304382874792
2030-10-08 11:00:00,0.00011291762806345418,0.00010615803825082363,0.00011213506620219991,0.00011419285350283324
2030-10-08 12:00:00,0.00011289121694782665,0.00010560688510979852,0.00011092403141522804,0.00011324452360763028
2030-10-08 13:00:00,0.00011003698387832339,0.00010474725784680408,0.0001101562152891067,0.00011097944900222683
2030-10-08 14:00:00,0.00010985554752177476,0.00010225859146855307,0.00010938568493289061,0.0001089959746654312
2030-10-08 15:00:00,0.00010906827183695521,9.936397410496968e-05,0.00010768095242707801,0.0001053926282424426
2030-10-08 16:00:00,0.00011044629261146686,9.832550681330796e-05,0.0001082479784740704,0.00010528041024248288
2030-10-08 17:00:00,0.00011051612085823913,9.784057035336859e-05,0.00010862890289784874,0.00010499473514351365
2030-10-08 18:00:00,0.00011033048146190418,9.649600262965873e-05,0.00010680612479249812,0.00010466250063831673
2030-10-08 19:00:00,0.00010801600912277402,9.578009061627678e-05,0.00010435127360539731,0.0001010841214147067
2030-10-08 20:00:00,0.0001077764635878602,9.279482008841153e-05,0.00010070036877215808,9.659104322336369e-05
2030-10-08 21:00:00,0.00010541379304010463,9.03327644420432e-05,9.676716339054016e-05,9.236751778263832e-05
2030-10-08 22:00:00,0.00010346509162914387,8.670371463299215e-05,9.392777352233518e-05,8.857339974484453e-05
2030-10-08 23:00:00,0.0001013895286128189,8.44073833496925e-05,9.210383946059295e-05,8.721415053835176e-05
2030-10-09 00:00:00,0.00010275543218892561,8.850861039662868e-05,9.26843670825233e-05,8.926024016647251e-05
2030-10-09 01:00:00,0.00010269201736741566,8.672642502479906e-05,9.152903692753324e-05,8.790855198818678e-05
2030-10-09 02:00:00,0.00010234550825091223,8.625685770626286e-05,9.134519098704039e-05,8.678470268956741e-05
2030-10-09 03:00:00,0.00010383470864726581,8.804173422659395e-05,9.258328353549499e-05,8.885708476576657e-05
2030-10-09 04:00:00,0.00010649917146932317,9.201062065628648e-05,9.714915959029505e-05,9.467065688148132e-05
2030-10-09 05:00:00,0.00011346167913721186,0.00010477448813485025,0.0001076162003160611,0.00012061536961616749
2030-10-09 06:00:00,0.00011589973857274814,0.00011398558097366817,0.00011628892971813352,0.00012107007032449829
2030-10-09 07:00:00,0.00011786054485527673,0.00011711466297881111,0.0001192419815821007,0.00012511251755837013
2030-10-09 08:00:00,0.00012038166471336334,0.00011671121783335143,0.00011968596848848622,0.0001248675751651034
2030-10-09 09:00:00,0.00011987069884837026,0.00011576722596092798,0.0001200482071853474,0.0001257482777454268
2030-10-09 10:00:00,0.00011805945892444421,0.00011616774494985208,0.00011936023621866901,0.00012459345063581294
2030-10-09 11:00:00,0.00011884794355568075,0.00011511793843296625,0.00011779981947251535,0.00012227687000254325
2030-10-09 12:00:00,0.00011799928584249569,0.00011559812549057167,0.0001164382672909396,0.00012107318232943269
2030-10-09 13:00:00,0.0001155412224991612,0.00011352548039934569,0.00011484057505869491,0.00011877906167180336
2030-10-09 14:00:00,0.00011502693363006377,0.00011036213625938451,0.00011386655147272123,0.00011679651725482498
2030-10-09 15:00:00,0.00011365141181129681,0.00010703122126376222,0.00011131046147758771,0.00011184270057692415
2030-10-09 16:00:00,0.00011445083804936518,0.00010478164584194938,0.00011105517074826992,0.0001092704680601317
2030-10-09 17:00:00,0.00011254836618705544,0.00010467028599775704,0.00011057882088703792,0.00010990315214960519
2030-10-09 18:00:00,0.00011271334331542111,0.00010283888164410102,0.0001092894189443865,0.000109401196173087
2030-10-09 19:00:00,0.00011040485538476964,0.00010058230045923065,0.0001070131888086872,0.00010573040393262692
2030-10-09 20:00:00,0.00010966113641833785,9.638965865920487e-05,0.00010332343482830956,0.00010144479784464883
2030-10-09 21:00:00,0.00010721956515971721,9.322383629092317e-05,9.956498190296436e-05,9.714294949678878e-05
2030-10-09 22:00:00,0.000105080637237946,8.96865848392e-05,9.665917837893862e-05,9.335361481488134e-05
2030-10-09 23:00:00,0.00010312411754520977,8.543009107822924e-05,9.390798656339147e-05,9.075095902896664e-05
2030-10-10 00:00:00,0.00010272162779166905,8.670224604293551e-05,9.488887585855959e-05,8.974018475585854e-05
2030-10-10 01:00:00,0.00010248017528212456,8.596201715183986e-05,9.433591122488911e-05,8.981872146877838e-05
2030-10-10 02:00:00,0.00010251711889926159,8.55965287839675e-05,9.377348759696919e-05,8.993127163394523e-05
2030-10-10 03:00:00,0.00010397986351559861,8.725478784563372e-05,9.530896656274106e-05,9.020601184588557e-05
2030-10-10 04:00:00,0.00010577169737539197,9.295021734448966e-05,9.971104022577624e-05,9.625321489858026e-05
2030-10-10 05:00:00,0.00011309743922111833,0.00010460507240882979,0.00010949743367195276,0.00010999047069261735
2030-10-10 06:00:00,0.00011576125688344636,0.00011383412449264296,0.00011890449852938242,0.0001232207068728721
2030-10-10 07:00:00,0.00011509686003975557,0.00011677479427863375,0.00012200193673541588,0.00012642219838590702
2030-10-10 08:00:00,0.00011565932719834613,0.00011740081679565318,0.00012196538500406863,0.00012580866859039752
2030-10-10 09:00:00,0.00011523549588500398,0.00011751089338143574,0.0001232021027691878,0.0001263003924430748
2030-10-10 10:00:00,0.0001148072600177341,0.00011754915979345562,0.0001223046185770443,0.00012524301282362867
2030-10-10 11:00:00,0.00011633505076424444,0.0001161587190476001,0.00012185397228925283,0.0001228726495069832
2030-10-10 12:00:00,0.00011736414304778255,0.00011570480448871989,0.00012047231030156769,0.00012213022014017958
2030-10-10 13:00:00,0.00011475518154894489,0.00011499203676150283,0.00011957347409563015,0.00012117118332991643
2030-10-10 14:00:00,0.00011432364809206075,0.00011467138147051041,0.00011833880574638615,0.0001210734152917942
2030-10-10 15:00:00,0.00011387713952198538,0.00011022740762574272,0.00011552595481652214,0.00011646396913377442
2030-10-10 16:00:00,0.00011327180113313174,0.0001089622146507888,0.00011578804270045763,0.00011426033641904438
2030-10-10 17:00:00,0.00011279022806428745,0.00010797199110645411,0.00011592931552016777,0.00011431592877593593
2030-10-10 18:00:00,0.00011279644115766698,0.00010635248037686921,0.00011370597947764714,0.00011260926810307521
2030-10-10 19:00:00,0.00011122798790870899,0.00010365530161410614,0.00011063482918067226,0.000108649189153959
2030-10-10 20:00:00,0.00011040872435421191,9.96058392634036e-05,0.00010625152051213063,0.0001038257214650231
2030-10-10 21:00:00,0.00010738413290439599,9.520079954913345e-05,0.00010132364116902382,9.902013838199192e-05
2030-10-10 22:00:00,0.00010599504554331687,9.113416254311989e-05,9.807731427104082e-05,9.479247708547111e-05
2030-10-10 23:00:00,0.00010312257969599136,9.049980060448082e-05,9.591263562064713e-05,9.248291410779538e-05
2030-10-11 00:00:00,0.00010605507568155168,9.033411338469777e-05,9.465749525142388e-05,8.959223700522314e-05
2030-10-11 01:00:00,0.00010548421471153622,8.851471997593267e-05,9.381875083328663e-05,8.87324893751869e-05
2030-10-11 02:00:00,0.00010535595378242065,8.856780851408253e-05,9.309964933429788e-05,8.813187893320218e-05
2030-10-11 03:00:00,0.00010709026343428087,9.021775886298559e-05,9.376947526928034e-05,8.891182685608759e-05
2030-10-11 04:00:00,0.00010893535389198273,9.462401992297516e-05,9.73747461325029e-05,9.432004027069699e-05
2030-10-11 05:00:00,0.00011499404969341474,0.0001057121994041379,0.00010823672864075525,0.00010744330022351316
2030-10-11 06:00:00,0.00011753063531236245,0.00011693238969441722,0.00011793804513383328,0.00011948455410571483
2030-10-11 07:00:00,0.00011816903364209673,0.00011957615475572643,0.00012110211376834221,0.00012317639271354914
2030-10-11 08:00:00,0.00011809200061728047,0.00012025142377825989,0.00012195352167002429,0.00012325087024958684
2030-10-11 09:00:00,0.0001170442492642595,0.00012194904462135168,0.00012281994935905857,0.00012459273158131666
2030-10-11 10:00:00,0.00011762366531980002,0.00012058021840008673,0.00012317689116623089,0.0001258044933153781
2030-10-11 11:00:00,0.00011837322189901814,0.00012094725345170767,0.00012228664419772317,0.00012399208807685697
2030-10-11 12:00:00,0.00011916135786403966,0.00012032647009570668,0.00012192575265916765,0.0001238382826027829
2030-10-11 13:00:00,0.00011748905464194497,0.00011935580920927539,0.00012163841361598374,0.00012363445620968745
2030-10-11 14:00:00,0.00011807587533329503,0.00011992097450327598,0.00012059245899999574,0.00012171093697836218
2030-10-11 15:00:00,0.00011748799134434556,0.00011582492008650779,0.00011878913645923027,0.00011721506426536795
2030-10-11 16:00:00,0.00011896184254713655,0.00011572782699993225,0.00011887446152314396,0.00011622928403851969
2030-10-11 17:00:00,0.00011820057823363089,0.00011519411462124438,0.00011960363821469707,0.0001169847433569621
2030-10-11 18:00:00,0.00011851961895917888,0.00011241935533822076,0.00011791567819544719,0.00011609593650562722
2030-10-11 19:00:00,0.00011655644984753391,0.00011117418764205328,0.00011468684868238582,0.00011202091531999501
2030-10-11 20:00:00,0.00011580112757314208,0.00010795711418495702,0.00011217514575555171,0.0001076334258163542
2030-10-11 21:00:00,0.00011388893094113573,0.00010323216815785787,0.00010722064694667613,0.00010367759671381596
2030-10-11 22:00:00,0.00011187095611242437,9.937969327460955e-05,0.0001040727809903509,9.918747728476531e-05
2030-10-11 23:00:00,0.0001090393572718203,9.67967789821419e-05,0.00010148554416528767,9.648776063947876e-05
2030-10-12 00:00:00,0.00010987426376521492,9.728403884521327e-05,0.00010152708925205351,9.805636692290158e-05
2030-10-12 01:00:00,0.0001088011856759547,9.592035954511218e-05,0.0001003821134139553,9.726040726889881e-05
2030-10-12 02:00:00,0.00010823011287633538,9.55309684912567e-05,0.00010025306759903602,9.76509910621881e-05
2030-10-12 03:00:00,0.00010902173755594038,9.659394874096748e-05,0.00010140081048301577,9.920914301572945e-05
2030-10-12 04:00:00,0.00011213223934420348,0.00010421405257077267,0.00010695230424859607,0.00010593852001381833
2030-10-12 05:00:00,0.00011956238504101881,0.00011811591588439764,0.00012098645634735062,0.0001246045900048239
2030-10-12 06:00:00,0.00012604554374950064,0.0001323842872589642,0.00013638950027144466,0.0001430753711641446
2030-10-12 07:00:00,0.00012870411258012813,0.00013961984397346062,0.00014296530504438677,0.00015152695425611206
2030-10-12 08:00:00,0.0001319922257303175,0.00013999262278750752,0.00014322201007009835,0.0001500728930431008
2030-10-12 09:00:00,0.00013159688994510352,0.0001397092157364214,0.00014268779351867306,0.00015061050048029628
2030-10-12 10:00:00,0.0001316004641930193,0.00013863942467362618,0.00014152034142506524,0.00014991171441993903
2030-10-12 11:00:00,0.0001308522694809123,0.00013765793939050415,0.00013957896401564548,0.0001457196725879721
2030-10-12 12:00:00,0.00013157310242256943,0.00013527744504844512,0.00013799284982310872,0.00014601691163407688
2030-10-12 13:00:00,0.00013072017525311011,0.00013521700934523588,0.0001370586210887885,0.00014539239002526734
2030-10-12 14:00:00,0.00013101942154540873,0.00013477519058980046,0.00013610753856098265,0.00014376663492619244
2030-10-12 15:00:00,0.00012948817512258855,0.00013004239800921082,0.00013321057533293785,0.00013756720677592478
2030-10-12 16:00:00,0.00012845683457130474,0.00012463057179697335,0.000132461907625795,0.00013417917965482368
2030-10-12 17:00:00,0.00012637208765980336,0.00012179707659472306,0.00013058045789345773,0.00013249210335969483
2030-10-12 18:00:00,0.00012610149315280325,0.00011770452059350691,0.0001268386014167878,0.00012981500031747695
2030-10-12 19:00:00,0.00012459697743101258,0.00011475025829284723,0.00012260885175684847,0.000123482711286154
2030-10-12 20:00:00,0.00012257374547303083,0.00011120568698386509,0.00011760991526233283,0.00011856459050233262
2030-10-12 21:00:00,0.00011974401405566798,0.00010592352139711725,0.00011300639578278555,0.00011352109255553535
2030-10-12 22:00:00,0.00011695722729469503,0.0001020435398765973,0.00010851055044083042,0.000108057826241254
2030-10-12 23:00:00,0.00011316659699957313,9.745542317681958e-05,0.00010565267485296234,0.00010477317053317155
2030-10-13 00:00:00,0.00010671749856295938,9.105772784303436e-05,9.701153064695629e-05,9.496410493896928e-05
2030-10-13 01:00:00,0.00010605738007671953,8.982384583964125e-05,9.642495369471086e-05,9.42810325993054e-05
2030-10-13 02:00:00,0.00010621365170482542,9.048811511014362e-05,9.63097716079311e-05,9.459009272559958e-05
2030-10-13 03:00:00,0.00010793620734619384,9.247521268893164e-05,9.782426085556948e-05,9.601486523428811e-05
2030-10-13 04:00:00,0.00011051461812080255,9.816569697927995e-05,0.00010351426003952352,0.00010289600463369601
2030-10-13 05:00:00,0.00011826696206507743,0.00011264493351054292,0.00011598375310560723,0.00011983484173110951
2030-10-13 06:00:00,0.00012170717616929805,0.0001244330823991353,0.00012748034285021547,0.00013516235895202604
2030-10-13 07:00:00,0.00012256898776154854,0.0001266311843673835,0.00013062333423458888,0.00013806810398805046
2030-10-13 08:00:00,0.00012459376036990088,0.0001269192139818288,0.00012998557748360772,0.0001372014676149297
2030-10-13 09:00:00,0.00012297848709977372,0.00012474253455159473,0.00012983044885142401,0.00013727061369982196
2030-10-13 10:00:00,0.00012036616786191608,0.00012254088392493954,0.00012874348729877627,0.00013716052295505347
2030-10-13 11:00:00,0.00012131250351459641,0.00012061758247290387,0.00012733940701566346,0.00013424451948148
2030-10-13 12:00:00,0.00012044783926428931,0.0001199881026720884,0.00012616584208803306,0.00013432662993100603
2030-10-13 13:00:00,0.000119070271140357,0.0001188255864479343,0.00012561819271131655,0.00013290066290327912
2030-10-13 14:00:00,0.0001183802151372806,0.00011803223953247727,0.00012388925895719696,0.00012979461616139426
2030-10-13 15:00:00,0.00011750023719550207,0.00011423646759032178,0.0001215733215654647,0.00012415200368394216
2030-10-13 16:00:00,0.00011852046783956605,0.00011304084785460653,0.00012083176396215871,0.0001215104473803004
2030-10-13 17:00:00,0.00011950521094218486,0.00011172549149564123,0.00012034608179730473,0.00011972158970668732
2030-10-13 18:00:00,0.00011901257672132432,0.00010912299441399587,0.00011767254107467528,0.00011706879173396113
2030-10-13 19:00:00,0.00011627901107689731,0.00010591634596762042,0.00011383743450985113,0.00011224522150392183
2030-10-13 20:00:00,0.00011550891066228327,0.0001028462597630289,0.00010989962029623076,0.00010744400241783129
2030-10-13 21:00:00,0.00011269913596144223,9.846519490975943e-05,0.0001049240423122335,0.00010270937814157905
2030-10-13 22:00:00,0.00011031377728855044,9.55772850884885e-05,0.00010127595198359621,9.882750425533967e-05
2030-10-13 23:00:00,0.00010686399120636851,9.321702313222461e-05,9.77507472521682e-05,9.466368135576118e-05
2030-10-14 00:00:00,0.00010656330734464738,9.197260896812486e-05,9.582785925928519e-05,9.317763282355417e-05
2030-10-14 01:00:00,0.00010567278384998511,9.165035668307749e-05,9.463141867938663e-05,9.17308956564394e-05
2030-10-14 02:00:00,0.00010476949015452707,9.097001056062528e-05,9.48095915405171e-05,9.174076229035946e-05
2030-10-14 03:00:00,0.00010711934170315145,9.30474304340013e-05,9.541535282159339e-05,9.344319192481432e-05
2030-10-14 04:00:00,0.00010899447852569827,9.947437444692356e-05,0.00010128004668814674,0.00010078065207503947
2030-10-14 05:00:00,0.00011622094247305073,0.0001134296760144737,0.00011511582619560913,0.00011748567860158576
2030-10-14 06:00:00,0.00012055843620606516,0.00012518368842038267,0.00012743519605326617,0.0001334196332187975
2030-10-14 07:00:00,0.00012188201814669272,0.00012752168373970224,0.00013146925842774695,0.00013858168109236554
2030-10-14 08:00:00,0.00012335442598391985,0.0001279847842293442,0.00013163987692758588,0.0001376726058796391
2030-10-14 09:00:00,0.00012252431107927304,0.0001272958699933505,0.00013197856275941298,0.00013906485468186366
2030-10-14 10:00:00,0.00012174432323941626,0.00012614918695736145,0.00013173822829495407,0.00013804885184686013
2030-10-14 11:00:00,0.00012229663480915507,0.00012621255392555013,0.0001305346628512591,0.0001346679699924571
2030-10-14 12:00:00,0.0001230148618468456,0.00012542514089579929,0.0001290369250132149,0.0001344091808977955
2030-10-14 13:00:00,0.0001204023635615009,0.0001237153350028499,0.00012768477570893207,0.0001321612495287964
2030-10-14 14:00:00,0.00012101237389323469,0.0001225407137591388,0.0001254978257723257,0.0001294229803229448
2030-10-14 15:00:00,0.00011876624738654332,0.00011748205355500543,0.00012247580752120538,0.00012290358982842254
2030-10-14 16:00:00,0.00011938591119757007,0.00011614098293476014,0.00012156198733338338,0.00011965662643771542
2030-10-14 17:00:00,0.0001187866232012826,0.00011415582510152017,0.00012038696051965899,0.00011924937647024938
2030-10-14 18:00:00,0.0001175729338534637,0.0001115299058831197,0.00011713474666446486,0.00011623963128861676
2030-10-14 19:00:00,0.00011650661311933831,0.00010852226018156762,0.0001137513602084098,0.00011204464899301615
2030-10-14 20:00:00,0.00011597695965522061,0.00010568281191413102,0.00010914412829607122,0.00010698674450786338
2030-10-14 21:00:00,0.00011347426978305044,0.0001015537565083622,0.00010418245122524568,0.00010196691069871424
2030-10-14 22:00:00,0.00011073701715043588,9.74991223280889e-05,0.00010044731706789917,9.688692335115494e-05
2030-10-14 23:00:00,0.00010715970466825399,9.574586058120723e-05,9.798146615721326e-05,9.404356656492184e-05
2030-10-15 00:00:00,0.00010685540937006464,9.2080715081318e-05,9.578037957856569e-05,9.240743037667408e-05
2030-10-15 01:00:00,0.00010629550857357446,9.187860650373386e-05,9.459186785796137e-05,9.138451228327776e-05
2030-10-15 02:00:00,0.00010605531140955942,9.181108271182409e-05,9.444555071976728e-05,9.099791627568328e-05
2030-10-15 03:00:00,0.00010763261977962389,9.220071571618558e-05,9.489530791868331e-05,9.285855263677781e-05
2030-10-15 04:00:00,0.000109940896360348,9.769299885093561e-05,9.982086140696627e-05,9.906018380892304e-05
2030-10-15 05:00:00,0.00011414943860780025,0.00011047096302032577,0.00011073228413751328,0.00011282229746885932
2030-10-15 06:00:00,0.00011781984394854098,0.00012124302348593594,0.00012089033585063016,0.0001264459862667264
2030-10-15 07:00:00,0.00011966579648646359,0.00012449204708667654,0.00012399251611231593,0.00013081987822214337
2030-10-15 08:00:00,0.00012160471447743084,0.0001258316320934863,0.00012516079996242315,0.00013195340894591178
2030-10-15 09:00:00,0.00012088871338923034,0.000125026151175415,0.00012560037198366215,0.00013223421932526653
2030-10-15 10:00:00,0.00012015099113409746,0.00012345001880997416,0.00012480285058740309,0.000131018820311113
2030-10-15 11:00:00,0.00012141336379651725,0.0001229466614232422,0.00012409920676083455,0.00012732686837383866
2030-10-15 12:00:00,0.00012236081195254723,0.00012251446194081462,0.0001230143946581351,0.0001260485767083164
2030-10-15 13:00:00,0.00012089816343244364,0.0001213068640392787,0.0001219356170506294,0.00012330650950984268
2030-10-15 14:00:00,0.00012052608049896516,0.00012025738845111498,0.00012070387938217075,0.00012178007021866835
2030-10-15 15:00:00,0.00011865212049947524,0.00011716434854130928,0.00011828715827201859,0.00011639740267354284
2030-10-15 16:00:00,0.0001192983902763936,0.00011690682997918939,0.00011815750285879536,0.00011546960025231023
2030-10-15 17:00:00,0.00011797739962994575,0.00011552688241477889,0.00011804768001279506,0.00011486384155977862
2030-10-15 18:00:00,0.00011709111160303617,0.00011288305568932919,0.00011550902835538199,0.00011267222136185095
2030-10-15 19:00:00,0.00011564384260905267,0.0001103688936243896,0.0001120864681647004,0.00010851816826537003
2030-10-15 20:00:00,0.00011467254621208064,0.00010738073648514231,0.00010769994647824422,0.00010360354129926141
2030-10-15 21:00:00,0.00011096849564353163,0.00010366932624328385,0.00010363441411653462,9.884555065809248e-05
2030-10-15 22:00:00,0.00010807053348148307,0.00010083785545190423,0.00010011750018406237,9.525868273788272e-05
2030-10-15 23:00:00,0.00010555518523831338,9.728316351260069e-05,9.791970271434665e-05,9.340402411726832e-05
2030-10-16 00:00:00,0.00010511283861299044,9.649378951754714e-05,9.613494760452147e-05,9.228798756096622e-05
2030-10-16 01:00:00,0.00010523794286088489,9.564737174876422e-05,9.495411338633568e-05,9.135346942027765e-05
2030-10-16 02:00:00,0.00010464968887106656,9.457794829694669e-05,9.455781649459798e-05,9.199188741575715e-05
2030-10-16 03:00:00,0.00010563630352628182,9.618576343357261e-05,9.617115713960378e-05,9.234239626188285e-05
2030-10-16 04:00:00,0.00010798563516028372,0.00010095093170129602,0.00010061661818078994,9.817324711386486e-05
2030-10-16 05:00:00,0.00011525814266359208,0.00011325293575479125,0.00011169411889551316,0.00011253728115204596
2030-10-16 06:00:00,0.00011745954070277514,0.0001228728396605034,0.00012192768815604254,0.00012636658801859615
2030-10-16 07:00:00,0.00011912477949151138,0.00012536281240470336,0.0001244944108284881,0.00012925225932409952
2030-10-16 08:00:00,0.00012131067957596687,0.00012539560312278792,0.00012446181472134887,0.00012917444458747726
2030-10-16 09:00:00,0.00011980138603594677,0.00012470982389055984,0.00012504391892676593,0.00012972035202214884
2030-10-16 10:00:00,0.00011926641155764404,0.00012295184411003517,0.0001237648563494705,0.00012791333979593673
2030-10-16 11:00:00,0.00011985676451872307,0.00012120687825570814,0.0001229960130940361,0.0001254751181786509
2030-10-16 12:00:00,0.00012078189067367718,0.00012096345525661566,0.00012201754176912555,0.00012470786083126738
2030-10-16 13:00:00,0.00011874192764923968,0.0001194860731966208,0.0001213414010081164,0.00012255746682392874
2030-10-16 14:00:00,0.00011873722256894908,0.00011771424762301082,0.0001198996030230857,0.00011981198091667468
2030-10-16 15:00:00,0.0001171438330539962,0.00011457810663222628,0.00011779091299463868,0.00011580334943884795
2030-10-16 16:00:00,0.00011722923770589856,0.00011477897686399409,0.00011807965087119768,0.00011474255686949025
2030-10-16 17:00:00,0.0001162561222767064,0.00011283712958557505,0.00011824392057193937,0.00011535940912225102
2030-10-16 18:00:00,0.00011565181054195741,0.00011052474646011971,0.00011533161387110367,0.00011305262534192344
2030-10-16 19:00:00,0.00011266559555439725,0.00010883720227159153,0.0001128292865006071,0.0001089428714607153
2030-10-16 20:00:00,0.00011216181130700499,0.00010461654317661382,0.00010929846113630782,0.0001044938818284218
2030-10-16 21:00:00,0.00011037566313882891,0.00010167903189420554,0.00010495778066537843,0.00010054344655955134
2030-10-16 22:00:00,0.0001087706486766,9.865694746014082e-05,0.00010157357014866969,9.628390183643551e-05
2030-10-16 23:00:00,0.00010670935487398253,9.601819815511343e-05,9.92306587375079e-05,9.423684899088379e-05
2030-10-17 00:00:00,0.00010540879300219657,9.35686528464229e-05,9.730204271182917e-05,9.244002066848095e-05
2030-10-17 01:00:00,0.00010503757723824485,9.27430069343829e-05,9.662496048253884e-05,9.134470238565503e-05
2030-10-17 02:00:00,0.00010487820677100662,9.291885339759302e-05,9.595081134507203e-05,9.184258940615202e-05
2030-10-17 03:00:00,0.00010674028167739029,9.451942467363436e-05,9.746645839616496e-05,9.332891789353708e-05
2030-10-17 04:00:00,0.0001088210333437117,9.795202003224336e-05,0.0001015517567576634,9.937362483957072e-05
2030-10-17 05:00:00,0.00011537503068074408,0.00011110121737926588,0.00011292798538780217,0.00011379641864704081
2030-10-17 06:00:00,0.00011894671187474368,0.00012151859057395013,0.00012197164295229555,0.00012694907006160358
2030-10-17 07:00:00,0.00012042296367803676,0.0001225122627211193,0.0001242237699718231,0.00012915422870709683
2030-10-17 08:00:00,0.00012176061794552983,0.0001223684488438163,0.00012415885872766558,0.00012915609460754931
2030-10-17 09:00:00,0.0001211869961816148,0.0001218473129072666,0.00012458790327984614,0.00012946151542323115
2030-10-17 10:00:00,0.00012081529647237887,0.00012045854059947975,0.00012368634892099428,0.00012768691943489986
2030-10-17 11:00:00,0.00012038259026532784,0.00011943350713274772,0.00012281768991280345,0.0001257813486333457
2030-10-17 12:00:00,0.00011967603293111889,0.0001192693255386657,0.0001222774100817444,0.00012577396169894973
2030-10-17 13:00:00,0.00011846535824166665,0.00011874775559791438,0.00012161535567336024,0.00012491621753032544
2030-10-17 14:00:00,0.00011998216528352973,0.00011912130571873807,0.0001214576471048507,0.00012348373897549565
2030-10-17 15:00:00,0.0001185374351120552,0.00011694488019537685,0.00011970132410972063,0.00011898912426249318
2030-10-17 16:00:00,0.0001183777302249113,0.00011631846838399658,0.00011944916602253443,0.00011759278907037528
2030-10-17 17:00:00,0.00011604142219955836,0.00011501386620158015,0.00011826601664270613,0.00011712153035733242
2030-10-17 18:00:00,0.00011586468816548166,0.00011306851314457826,0.00011576547867800958,0.0001137532145208653
2030-10-17 19:00:00,0.00011366484482655241,0.00010977750110227273,0.00011235396411354121,0.00010998832869087049
2030-10-17 20:00:00,0.0001127595424509547,0.0001063292213050945,0.00010828489221971107,0.000105387945738043
2030-10-17 21:00:00,0.0001089095797893469,0.00010322610101392736,0.00010430656073337598,0.0001007828909248024
2030-10-17 22:00:00,0.00010799091209753417,0.00010048935652143543,0.0001006392100612614,9.638073889679922e-05
2030-10-17 23:00:00,0.00010537819881528054,9.832526610889733e-05,9.790132850405857e-05,9.399909088942055e-05
2030-10-18 00:00:00,0.00010506283426930359,9.604102830410655e-05,9.628104213508623e-05,9.289004014400462e-05
2030-10-18 01:00:00,0.00010444341743506998,9.45120545567264e-05,9.566675344948348e-05,9.186139489902518e-05
2030-10-18 02:00:00,0.0001041586946227547,9.345967755567507e-05,9.620103321692058e-05,9.206323799869625e-05
2030-10-18 03:00:00,0.00010568366196093428,9.566738636481004e-05,9.755374888569145e-05,9.353310521297597e-05
2030-10-18 04:00:00,0.0001090201628232207,0.00010232239354789876,0.00010308375809882546,0.0001009227089932251
2030-10-18 05:00:00,0.0001165474279175336,0.00011725412269295897,0.00011621810881983566,0.00011764187414784735
2030-10-18 06:00:00,0.00012066306333152703,0.00012919993912437138,0.00012869814305694588,0.00013376183877823104
2030-10-18 07:00:00,0.00012172942222586167,0.000132334912848908,0.00013155892397077916,0.00013769098106978153
2030-10-18 08:00:00,0.00012340688634109894,0.00013207143372294977,0.0001316311417721964,0.00013663247339170954
2030-10-18 09:00:00,0.0001240720137754573,0.0001319522205177697,0.00013125393071813067,0.00013671529554834492
2030-10-18 10:00:00,0.0001237520604865249,0.00012901690796573943,0.00013078787585233117,0.00013531940094414237
2030-10-18 11:00:00,0.00012406930270495654,0.0001272835061435075,0.00012944699942430562,0.00013255038688357107
2030-10-18 12:00:00,0.00012407827518286563,0.00012639102309924198,0.00012800645359929637,0.00013181875803065633
2030-10-18 13:00:00,0.00012123573526880579,0.0001251786868110313,0.0001269593722779368,0.00012923373882167336
2030-10-18 14:00:00,0.00012137912216589526,0.00012336787789151197,0.0001253444236985516,0.00012676439239052976
2030-10-18 15:00:00,0.00011989102760475309,0.00012024189077026884,0.0001229352846151712,0.00012114967886547274
2030-10-18 16:00:00,0.00012074218724896517,0.00012048517245411194,0.00012292998657624304,0.00012037483724004225
2030-10-18 17:00:00,0.00011949804714388172,0.00011917311945712187,0.00012224638742133482,0.00012019187092985736
2030-10-18 18:00:00,0.00011935655495199514,0.00011681978959346179,0.00011936030097992403,0.00011733176836288438
2030-10-18 19:00:00,0.00011682076277729275,0.0001124867908532392,0.00011628202057721046,0.00011317085163107374
2030-10-18 20:00:00,0.00011546284120051884,0.00010946446506024604,0.00011252128076651114,0.00010821751467418041
2030-10-18 21:00:00,0.00011212075682155419,0.00010638444950180739,0.00010873063146833449,0.00010364892524086077
2030-10-18 22:00:00,0.00010989645119204574,0.00010361452077928391,0.00010481358415260277,9.927997667087685e-05
2030-10-18 23:00:00,0.00010759398485260074,0.00010071709015498621,0.00010261351189219934,9.685638815817656e-05
2030-10-19 00:00:00,0.00010646671040473621,9.986436951365068e-05,0.0001012563130843111,9.531315506124244e-05
2030-10-19 01:00:00,0.00010601618188352771,9.928858074242002e-05,0.00010042920963041825,9.439979896895018e-05
2030-10-19 02:00:00,0.00010467908438095621,9.988909414906572e-05,0.00010050554217686353,9.404624639915289e-05
2030-10-19 03:00:00,0.00010609093099641304,0.00010148583859847873,0.00010204125068786906,9.665610356622595e-05
2030-10-19 04:00:00,0.00010972581323188397,0.00010640316204964949,0.00010783162336252549,0.00010387794005848653
2030-10-19 05:00:00,0.00011704423023945589,0.00012132157010391392,0.00012133512620991218,0.00012044792942858483
2030-10-19 06:00:00,0.00012141102761872276,0.00013334461059520594,0.00013404292810582954,0.00013773641058113375
2030-10-19 07:00:00,0.0001223395237425617,0.00013683073639990173,0.00013724739418365865,0.00014131465540409042
2030-10-19 08:00:00,0.00012462298932877498,0.00013737732642944467,0.00013689826353935976,0.00014051504285779963
2030-10-19 09:00:00,0.00012350451523499242,0.0001365363256382325,0.00013667024949352667,0.00014205241185082538
2030-10-19 10:00:00,0.0001220428557593559,0.0001350596143974968,0.00013539180561068318,0.0001403137489323651
2030-10-19 11:00:00,0.00012291718368697286,0.00013440683033644432,0.0001336164808087243,0.0001372804622553945
2030-10-19 12:00:00,0.0001228519620868905,0.00013358945812865807,0.00013268995435155353,0.00013720266425623815
2030-10-19 13:00:00,0.0001214179266451367,0.00013277581181528442,0.00013238506050803917,0.00013551468006227637
2030-10-19 14:00:00,0.00012108796896376329,0.00013028804313765916,0.00013061620701251722,0.00013352639710905782
2030-10-19 15:00:00,0.00011924918022433518,0.00012594959063476986,0.00012797801626658262,0.0001284259017897466
2030-10-19 16:00:00,0.00012120909161853013,0.00012443477329018518,0.00012806269644671518,0.0001271938472286875
2030-10-19 17:00:00,0.00012108685318575262,0.00012214911815062337,0.00012727815351866063,0.00012606852168282114
2030-10-19 18:00:00,0.00012121503902853721,0.00011889700605320999,0.00012385737474167858,0.00012329600240503985
2030-10-19 19:00:00,0.00011941802286099031,0.00011585537539480386,0.00012035261835130666,0.00011817250598494186
2030-10-19 20:00:00,0.00011933188704568055,0.00011148596156516848,0.00011607324915459854,0.00011296870076000839
2030-10-19 21:00:00,0.0001156801273209317,0.00010650810294948127,0.00011124875633289179,0.0001083206846457694
2030-10-19 22:00:00,0.00011181473937495053,0.00010295598542289897,0.0001081663679191585,0.00010383740285927997
2030-10-19 23:00:00,0.0001097824767226758,9.883123085244324e-05,0.00010510938211910802,0.0001004747657997994
2030-10-20 00:00:00,0.0001090400946369124,9.696384868156487e-05,0.00010268708983339893,9.878475081758654e-05
2030-10-20 01:00:00,0.00010915011308640409,9.676663060168358e-05,0.00010161682451748635,9.734824665419996e-05
2030-10-20 02:00:00,0.00010893246634259986,9.630452696294763e-05,0.00010124457330975179,9.739999212968341e-05
2030-10-20 03:00:00,0.00011065819151585797,9.916128030183613e-05,0.00010256365232788316,9.908834933204553e-05
2030-10-20 04:00:00,0.00011399639738491584,0.00010536611208907575,0.00010756301772238133,0.00010542158782076672
2030-10-20 05:00:00,0.00012064394571200501,0.00012120087679470862,0.00012038161432311776,0.0001224009652067842
2030-10-20 06:00:00,0.0001234839915378007,0.00013247055550554858,0.00013291531296928192,0.00013916996605856842
2030-10-20 07:00:00,0.0001254317703178387,0.00013523859669966584,0.00013634015935692773,0.00014267047037778638
2030-10-20 08:00:00,0.00012680735440352583,0.00013568764342957715,0.000136591229727452,0.00014179687883626344
2030-10-20 09:00:00,0.00012582127337260277,0.00013498082930715074,0.00013545492403483267,0.00014231111453495062
2030-10-20 10:00:00,0.00012429414007684788,0.00013336273925646148,0.00013456923120034578,0.000140625287511766
2030-10-20 11:00:00,0.00012603998346788942,0.0001318506268725784,0.0001334104474475538,0.0001379895979733873
2030-10-20 12:00:00,0.00012566115371925253,0.00013033843376712473,0.00013164592495805126,0.00013727685677314015
2030-10-20 13:00:00,0.00012412217592221655,0.00012983161466514136,0.00013006315642878234,0.0001354203502298451
2030-10-20 14:00:00,0.00012383552397689996,0.00012823466026527655,0.00012845975859990187,0.0001334697699627844
2030-10-20 15:00:00,0.00012289376124842915,0.00012353629530533942,0.00012580692045112735,0.00012778387091566483
2030-10-20 16:00:00,0.00012389776590242268,0.00012208320114689687,0.00012549711385216825,0.00012562167742354155
2030-10-20 17:00:00,0.00012305273581668733,0.00012037486668024004,0.00012365149247176873,0.00012449673458843298
2030-10-20 18:00:00,0.00012436300712793114,0.00011694827218130053,0.00011960478118121492,0.00012064851326968862
2030-10-20 19:00:00,0.00012161573912661285,0.00011399116779816826,0.00011600356726460051,0.0001156534159203494
2030-10-20 20:00:00,0.00012007804472804215,0.00011063521229770169,0.00011134329116844547,0.00011050989889026862
2030-10-20 21:00:00,0.00011637853919954386,0.0001063803542206137,0.00010627247102088443,0.0001055517524211944
2030-10-20 22:00:00,0.0001142129137673302,0.00010281951051786045,0.00010307356182024615,0.0001008623690764593
2030-10-20 23:00:00,0.00011178759599592737,0.0001005402336172394,0.00010004534471882011,9.827924731283479e-05
2030-10-21 00:00:00,0.00011047728858123713,9.934125747841514e-05,9.813347351796875e-05,9.627880745724504e-05
2030-10-21 01:00:00,0.00010926729443504217,9.803499022373148e-05,9.723645425912325e-05,9.569726534400897e-05
2030-10-21 02:00:00,0.00010947497985647065,9.752311076350958e-05,9.759532040060052e-05,9.569389228480775e-05
2030-10-21 03:00:00,0.00011051565586130051,0.00010042641629633767,9.868150689920204e-05,9.718836484704855e-05
2030-10-21 04:00:00,0.00011311297377240986,0.00010673376294970752,0.00010425368017412973,0.00010329155102063966
2030-10-21 05:00:00,0.00012051538487711749,0.00012265059564511973,0.00011790686739980101,0.00011978394280253357
2030-10-21 06:00:00,0.0001252602018457996,0.00013568486888495385,0.0001305595883337968,0.00013715945434340793
2030-10-21 07:00:00,0.0001259034323064044,0.00013995292615069324,0.00013416601238686046,0.00014285233649702833
2030-10-21 08:00:00,0.0001273241343264822,0.00013939562647082563,0.0001346020900137888,0.00014308972999451286
2030-10-21 09:00:00,0.0001272676071116403,0.00013781657337574868,0.00013583675461836475,0.00014572830827744684
2030-10-21 10:00:00,0.00012641027290733153,0.000137991816636013,0.00013499384903009208,0.00014571812754310572
2030-10-21 11:00:00,0.0001266573996780768,0.000136648536064311,0.00013406213234038705,0.00014273551378537528
2030-10-21 12:00:00,0.00012673737937770333,0.00013409402514089636,0.00013274845374274062,0.0001428828656623189
2030-10-21 13:00:00,0.0001256675532430354,0.0001314281781028479,0.00013138305101752554,0.00013955735250517265
2030-10-21 14:00:00,0.00012459974427564822,0.00013025511271041345,0.00012975474112719864,0.00013643117851923955
2030-10-21 15:00:00,0.0001221052489358449,0.00012708183087005372,0.00012609753956667363,0.00012919559508594143
2030-10-21 16:00:00,0.00012174250374455235,0.0001246474727949539,0.00012550879017080686,0.00012681452441832045
2030-10-21 17:00:00,0.00012027702825873929,0.00012246493985230758,0.0001229823676311027,0.00012399616611430837
2030-10-21 18:00:00,0.00011958156828526344,0.00011853643099052191,0.00011899053403188208,0.00012028435464406204
2030-10-21 19:00:00,0.00011663090935810984,0.00011403747187244983,0.0001147511136279693,0.00011484219976439801
2030-10-21 20:00:00,0.00011524827163475991,0.00011087908757903177,0.00011053351625391293,0.00010895631164553602
2030-10-21 21:00:00,0.00011182960688560932,0.0001073946743185973,0.00010608582795981743,0.00010450021151455565
2030-10-21 22:00:00,0.00011063185430143163,0.0001041065463987557,0.00010218276665701837,9.976926168295329e-05
2030-10-21 23:00:00,0.00010813941827332097,0.00010158514068750895,9.923249051799889e-05,9.604539240001372e-05
2030-10-22 00:00:00,0.00010713214702454238,9.876367019186394e-05,9.732598015068573e-05,9.46068912189588e-05
2030-10-22 01:00:00,0.00010631560523455632,9.76504637756027e-05,9.618573640587362e-05,9.331529837270448e-05
2030-10-22 02:00:00,0.00010630821675525022,9.811975210991048e-05,9.559640947222804e-05,9.30018999224091e-05
2030-10-22 03:00:00,0.00010797246868110432,9.964668307524205e-05,9.657994567319208e-05,9.317592616135604e-05
2030-10-22 04:00:00,0.00011164377606429666,0.000105547416266595,0.00010081380775151246,9.81514265301442e-05
2030-10-22 05:00:00,0.00011832107174361835,0.00011753599098819315,0.00011120057516553414,0.00011204774501124449
2030-10-22 06:00:00,0.00012297590995465044,0.0001274627609443247,0.00012209948620466575,0.00012577383195916844
2030-10-22 07:00:00,0.00012322766822555234,0.00013116832272270633,0.00012476289315724968,0.00013075207332022043
2030-10-22 08:00:00,0.00012568451760240244,0.00013070516168905822,0.0001259673419853949,0.00013254067457726728
2030-10-22 09:00:00,0.00012392555492550162,0.0001303186493264294,0.00012667951725624916,0.0001344803279324476
2030-10-22 10:00:00,0.00012249339115325404,0.00012867474497304518,0.00012661643093551107,0.00013340168062209433
2030-10-22 11:00:00,0.0001234889668575554,0.0001289221506274223,0.0001254216935614857,0.00013019924482977587
2030-10-22 12:00:00,0.00012310242670685278,0.00012889457594104806,0.00012391165470744422,0.0001293747229544516
2030-10-22 13:00:00,0.00012139064448291933,0.00012797197316939457,0.0001228632397912138,0.00012647906512932154
2030-10-22 14:00:00,0.00012243366498112038,0.00012716361635764089,0.00012138230588410041,0.0001243271364659264
2030-10-22 15:00:00,0.0001210660670763151,0.00012493985977781732,0.00011896314150111297,0.00011828999561464257
2030-10-22 16:00:00,0.00012137717263101097,0.00012433135465099579,0.00011932142594370186,0.00011829874100842098
2030-10-22 17:00:00,0.00011983684718290565,0.00012098021503201475,0.00011770401051349612,0.00011663582027213298
2030-10-22 18:00:00,0.00011975473778362837,0.0001181255351932978,0.00011442258716747775,0.00011384699377689883
2030-10-22 19:00:00,0.00011738822900945916,0.00011408433057258653,0.00011055061515219548,0.00010929790225285589
2030-10-22 20:00:00,0.00011621301500443584,0.00011168308139020177,0.00010640011339040386,0.00010467361278254223
2030-10-22 21:00:00,0.00011178781427450345,0.00010639609854545527,0.00010269064872626473,9.961268812026278e-05
2030-10-22 22:00:00,0.00010970406806988598,0.00010269613723115376,9.96053093499925e-05,9.613776209584793e-05
2030-10-22 23:00:00,0.00010683720651862472,0.00010019247818515576,9.678552288013681e-05,9.341620730174764e-05
2030-10-23 00:00:00,0.00010604793847337902,9.91045521035864e-05,9.541916000199656e-05,9.086674840477302e-05
2030-10-23 01:00:00,0.00010520500170068538,9.826332810793686e-05,9.420669256687712e-05,8.985457406659268e-05
2030-10-23 02:00:00,0.00010604770605907846,9.729920222883928e-05,9.395643136335002e-05,8.962750866070018e-05
2030-10-23 03:00:00,0.00010776370662774384,0.00010024559208641183,9.474189654983197e-05,9.137566443483195e-05
2030-10-23 04:00:00,0.00010980082815540779,0.00010456126097009798,9.923080794907416e-05,9.774521636866134e-05
2030-10-23 05:00:00,0.000117224242038854,0.00011810035409508673,0.00011069419457418079,0.00011126828190932746
2030-10-23 06:00:00,0.00012076704824197761,0.00012922392166444982,0.00012146368085049575,0.00012622416166153887
2030-10-23 07:00:00,0.00012179434549757898,0.00013200033121834971,0.00012514443206394763,0.00012935332420352047
2030-10-23 08:00:00,0.00012341213341064594,0.0001324974051056743,0.00012613030747985298,0.00012958110135355045
2030-10-23 09:00:00,0.0001229181648841313,0.00013136276731660445,0.00012706522897181115,0.00013025314194928437
2030-10-23 10:00:00,0.00012125924660943188,0.00012959281590361067,0.00012674053749277058,0.00012897936472394146
2030-10-23 11:00:00,0.00012198031856919806,0.00012830480724971774,0.0001255311770682895,0.00012673561720632286
2030-10-23 12:00:00,0.00012175819736979989,0.00012663203229708488,0.00012426014885257426,0.00012511780216318419
2030-10-23 13:00:00,0.00012036146744429888,0.0001261382514820903,0.0001231966978348041,0.00012364616809757396
2030-10-23 14:00:00,0.00012073359240458003,0.00012440503637252897,0.00012162010354515493,0.00012145588904164115
2030-10-23 15:00:00,0.00011936012140526043,0.00012209131402380678,0.0001198855262710692,0.00011675689702012295
2030-10-23 16:00:00,0.00012104186641019466,0.00012366038936979036,0.00012032539159815676,0.00011688031561115711
2030-10-23 17:00:00,0.00012060961812304064,0.00011997734366094399,0.0001196973435342575,0.0001163461455855688
2030-10-23 18:00:00,0.00011983251254066405,0.00011713603731024926,0.000116622202175887,0.00011317432222796581
2030-10-23 19:00:00,0.00011705848539111268,0.00011500100138625291,0.00011310502484058828,0.00010928700271512475
2030-10-23 20:00:00,0.00011617860633671707,0.00011151336257526312,0.00010887657013509389,0.00010483385960711032
2030-10-23 21:00:00,0.00011472740209507422,0.00010789458215698156,0.0001043917955831814,0.00010062523349820514
2030-10-23 22:00:00,0.00011389037052961584,0.00010387386416848802,0.00010120810141703938,9.746071627437554e-05
2030-10-23 23:00:00,0.00011099696680311224,0.00010139800071763408,9.817440038353527e-05,9.383873494849183e-05
2030-10-24 00:00:00,0.00011056392236941429,9.976979516531097e-05,9.652150941174542e-05,9.302493058796339e-05
2030-10-24 01:00:00,0.00011015680402157323,9.802070688529891e-05,9.561434961181852e-05,9.222526462220664e-05
2030-10-24 02:00:00,0.00010941238840767224,9.904532821149092e-05,9.507663376761565e-05,9.245395175099551e-05
2030-10-24 03:00:00,0.00011107674604513817,0.00010110347256569262,9.603703660252025e-05,9.454523646523984e-05
2030-10-24 04:00:00,0.00011295219239246803,0.00010600401403638507,0.00010016488810871759,9.905262581141496e-05
2030-10-24 05:00:00,0.00011880330072161508,0.0001177842791635178,0.00011082967391743623,0.00011312815215453079
2030-10-24 06:00:00,0.0001225074139277031,0.00012847429447085601,0.00012184769959151971,0.00012660991631159666
2030-10-24 07:00:00,0.00012252156217182765,0.00013182090073308978,0.00012471541396914744,0.0001298324794304098
2030-10-24 08:00:00,0.00012407408872381338,0.00013307221556383813,0.00012579198722207304,0.00013019941087028062
2030-10-24 09:00:00,0.00012242394558061503,0.0001320220407529031,0.00012710586401015153,0.00013154529337342048
2030-10-24 10:00:00,0.000121908968351435,0.00013166527437127943,0.00012689675786992064,0.00013138460493836802
2030-10-24 11:00:00,0.00012284105338796058,0.00012899272423027062,0.00012596175596795188,0.00012805797039799465
2030-10-24 12:00:00,0.00012298119612459197,0.00012813220063941146,0.00012524150192015805,0.00012857172009228662
2030-10-24 13:00:00,0.0001219101394489414,0.00012706460452331381,0.0001247706839222819,0.00012628487775323278
2030-10-24 14:00:00,0.00012256244505504194,0.00012599800440958692,0.0001233793901242129,0.00012578722927521918
2030-10-24 15:00:00,0.00012140767060670759,0.00012375238841552078,0.00012131187414700847,0.0001211602958689563
2030-10-24 16:00:00,0.00012211404021677678,0.0001232235425271768,0.0001215936088180619,0.00011969943045518844
2030-10-24 17:00:00,0.00012104623183328803,0.00011962278377262926,0.00011949001646406063,0.00011963336239469751
2030-10-24 18:00:00,0.00012005825468904352,0.00011556104039507291,0.00011682162206385626,0.00011622914146774926
2030-10-24 19:00:00,0.00011886265423489391,0.00011214812772426045,0.00011346523607707869,0.00011258425395533692
2030-10-24 20:00:00,0.00011770418907679244,0.00011042373296058712,0.00010943232835738691,0.00010781661144782895
2030-10-24 21:00:00,0.00011417905779788622,0.00010632485714079525,0.00010428466618761455,0.00010302425393439677
2030-10-24 22:00:00,0.00011100937664464851,0.00010262433588703081,0.00010131792023220601,9.973656447368475e-05
2030-10-24 23:00:00,0.00010831015963654373,9.911630649802752e-05,9.870682610056403e-05,9.543907014435173e-05
2030-10-25 00:00:00,0.00010706044421263394,9.64894589460587e-05,9.643320080191735e-05,9.509111734851288e-05
2030-10-25 01:00:00,0.00010646005666628498,9.508721538941448e-05,9.523517196070909e-05,9.417963640459659e-05
2030-10-25 02:00:00,0.00010654145068406603,9.46839002865979e-05,9.466997913601895e-05,9.377201590245071e-05
2030-10-25 03:00:00,0.00010813839463831981,9.654661445071346e-05,9.573821671275946e-05,9.540171695483916e-05
2030-10-25 04:00:00,0.00011007062880681777,0.00010259346860267591,0.00010089097337254987,0.000101383864730729
2030-10-25 05:00:00,0.00011663788701039997,0.0001175181877879091,0.00011392607789221425,0.00011732321361557299
2030-10-25 06:00:00,0.00012087033709834861,0.00012895105527346954,0.00012643067065705324,0.00013446010560792836
2030-10-25 07:00:00,0.0001216358572040612,0.0001312326702475929,0.00012987653050493432,0.00013915251324604774
2030-10-25 08:00:00,0.00012272632238559945,0.0001332242011439744,0.00013032240685945535,0.00013938953908353437
2030-10-25 09:00:00,0.0001224196493163035,0.00013285065748344974,0.00013186905906288737,0.00014068158164022294
2030-10-25 10:00:00,0.00012140567796034332,0.00013175656129641776,0.00013110817317319243,0.00013952482383811855
2030-10-25 11:00:00,0.0001225456588271861,0.00013191570340238476,0.00013055657423979603,0.00013725783582705303
2030-10-25 12:00:00,0.00012183766621243848,0.00013022322951652463,0.00012915170499594686,0.00013609859321131183
2030-10-25 13:00:00,0.00012037462942323683,0.00012723655994147567,0.000127757719064551,0.00013337496194715205
2030-10-25 14:00:00,0.0001199636692113378,0.00012612839351308855,0.00012624067831158757,0.0001320432193808784
2030-10-25 15:00:00,0.00011902208957156948,0.00012295980559353002,0.00012368456555252624,0.0001261083348775785
2030-10-25 16:00:00,0.00011790069036922409,0.00012136226180445913,0.0001232792634597223,0.0001242006690443114
2030-10-25 17:00:00,0.00011674189229201627,0.00011833984735858359,0.0001216943319737772,0.00012292026644448442
2030-10-25 18:00:00,0.00011535666040462322,0.0001152972327197611,0.00011797447542939355,0.00011882298937382348
2030-10-25 19:00:00,0.00011351341554888051,0.00011250518091155816,0.00011429391454576834,0.00011452399474904715
2030-10-25 20:00:00,0.00011221468800067156,0.00010815202783740997,0.00011032740023642709,0.0001094252066001554
2030-10-25 21:00:00,0.00010996220610511506,0.00010427669390963615,0.0001058842986738963,0.00010435493325770431
2030-10-25 22:00:00,0.00010769012381067026,0.0001002816685586209,0.00010177279312296376,9.970812309666455e-05
2030-10-25 23:00:00,0.00010562741715179216,9.734276832903942e-05,9.91549125500992e-05,9.727288394199519e-05
2030-10-26 00:00:00,0.00010414032644299701,9.581394998712096e-05,9.740099757069e-05,9.482942887790081e-05
2030-10-26 01:00:00,0.00010315094905796404,9.49595761160204e-05,9.643745910095812e-05,9.36554051371977e-05
2030-10-26 02:00:00,0.00010399491280265125,9.450150423209345e-05,9.562195778826726e-05,9.287881517504468e-05
2030-10-26 03:00:00,0.00010510464333872008,9.56304800828748e-05,9.656909824559302e-05,9.434201059377741e-05
2030-10-26 04:00:00,0.00010800592516211174,0.00010134665286552302,0.00010051924300124935,0.00010011200612951133
2030-10-26 05:00:00,0.00011342889446729796,0.00011327997841360537,0.00011189106391020958,0.00011503683581410502
2030-10-26 06:00:00,0.00011782301103270752,0.0001256731151468479,0.00012525769618717644,0.00013181995196965898
2030-10-26 07:00:00,0.00011949311911914019,0.00013010977948467177,0.00013036842794195478,0.00013928251837051384
2030-10-26 08:00:00,0.00012099816124268564,0.0001321635064034298,0.00013236765176822792,0.00014109772226311533
2030-10-26 09:00:00,0.00011997847328691343,0.0001328815423130578,0.00013317354497135135,0.00014191486553060315
2030-10-26 10:00:00,0.00011894175786925124,0.00013220363736129236,0.00013331014572556712,0.0001423604366225848
2030-10-26 11:00:00,0.00011905524003605422,0.00013202567005677203,0.0001322166354021968,0.0001406580564652865
2030-10-26 12:00:00,0.00012046820884953956,0.00013112312697748167,0.00013186193541518378,0.00014015626413141997
2030-10-26 13:00:00,0.00012022409032627447,0.00012995956048078537,0.00013147488959174258,0.00013905038946965582
2030-10-26 14:00:00,0.00012002464442525372,0.0001299818056602729,0.0001304226171324128,0.0001369669995050033
2030-10-26 15:00:00,0.00012104249221872113,0.0001278306780688068,0.00012820927776693226,0.00013144323159366332
2030-10-26 16:00:00,0.00012033364715492122,0.0001252623472138211,0.00012811339962144397,0.00012838561781950737
2030-10-26 17:00:00,0.00011914818194085891,0.0001220739357320286,0.00012555395710050682,0.00012587441183251652
2030-10-26 18:00:00,0.0001188776886715947,0.0001190840173645303,0.00012122990224217801,0.00012197814938925753
2030-10-26 19:00:00,0.0001167788739975882,0.00011507187495474231,0.00011786555334974413,0.00011700282447262714
2030-10-26 20:00:00,0.00011586944172353821,0.00011224803424706426,0.00011343515789726548,0.00011198458441908149
2030-10-26 21:00:00,0.00011303170078791805,0.00010899306139741025,0.00010872524115821853,0.00010699930936609438
2030-10-26 22:00:00,0.00010983231044869442,0.00010531114855507153,0.00010428226982993863,0.00010238540870248944
2030-10-26 23:00:00,0.00010742927603673915,0.00010270711596824165,0.0001007043689440015,9.909967536401543e-05
2030-10-27 00:00:00,0.00010568387611830219,0.00010000862990454363,9.841530360452338e-05,9.59648210374837e-05
2030-10-27 01:00:00,0.00010513671056522076,9.894595070342006e-05,9.676936898129717e-05,9.48998066769253e-05
2030-10-27 02:00:00,0.0001054603338787455,9.871599110881967e-05,9.65843267093267e-05,9.548077566630301e-05
2030-10-27 03:00:00,0.00010620554058696048,0.00010031935024490954,9.767247357142373e-05,9.639447258464638e-05
2030-10-27 04:00:00,0.00010921892745340514,0.00010565918420055135,0.0001020237030155189,0.00010063294393165502
2030-10-27 05:00:00,0.0001156714029577995,0.00011777641197029615,0.00011303987139991403,0.00011357711916238464
2030-10-27 06:00:00,0.00012079075831574548,0.0001318721544145632,0.0001251557605662028,0.00013053042112764367
2030-10-27 07:00:00,0.00012312654806641553,0.0001367369554538728,0.00013018125665013755,0.00013775839842007607
2030-10-27 08:00:00,0.00012505582604306417,0.00013629953012718623,0.00013235615601185229,0.00013888446707962734
2030-10-27 09:00:00,0.00012460998522028423,0.00013672268183447252,0.00013295487072532362,0.0001397505908605577
2030-10-27 10:00:00,0.00012444396833528843,0.00013627031908390182,0.00013342857110964997,0.00014028267327889545
2030-10-27 11:00:00,0.0001248855599181993,0.0001352532958312501,0.00013248409219465083,0.00013805266464943976
2030-10-27 12:00:00,0.00012488923725165104,0.0001327169673481499,0.000131334302143721,0.00013686759405430872
2030-10-27 13:00:00,0.0001222276972380124,0.0001316595642005206,0.00013023248437855716,0.00013627325080251847
2030-10-27 14:00:00,0.00012096760875483466,0.00013083903009762074,0.00012918467660443244,0.0001337452990125888
2030-10-27 15:00:00,0.00011998399005255217,0.00012921634627306432,0.0001270681279547531,0.00012955082501479246
2030-10-27 16:00:00,0.00011976555075597463,0.00012695080018105447,0.00012687882754480452,0.00012741837899611202
2030-10-27 17:00:00,0.00011919229498247742,0.00012366079952854948,0.00012510317517270566,0.00012552971135496344
2030-10-27 18:00:00,0.00011946264721129389,0.00012020309129873925,0.00012059846783900124,0.00012101548694499226
2030-10-27 19:00:00,0.00011789606585320798,0.00011572899878352007,0.00011702173394195288,0.00011628082507818323
2030-10-27 20:00:00,0.00011520611581542235,0.00011306700326450301,0.00011321030464884647,0.00011169581841577369
2030-10-27 21:00:00,0.00011401338988629658,0.00010929052489611125,0.00010836585359332014,0.00010640371316817339
2030-10-27 22:00:00,0.00011202572277697634,0.00010574202116028139,0.00010475942960059856,0.00010239128929923533
2030-10-27 23:00:00,0.00010890713667384227,0.0001034444815665903,0.0001013308249678101,9.922630149184795e-05
2030-10-28 00:00:00,0.00010740586275979663,0.00010100245039786819,9.915195200280097e-05,9.749519281870711e-05
2030-10-28 01:00:00,0.00010775600192272957,9.998811596204068e-05,9.727956748671731e-05,9.570834924615965e-05
2030-10-28 02:00:00,0.00010717059646478396,0.00010054041406169141,9.722642493427807e-05,9.49284007496566e-05
2030-10-28 03:00:00,0.000107791197556809,0.00010066796731355058,9.810340621286423e-05,9.590326745565134e-05
2030-10-28 04:00:00,0.00010995155044133913,0.00010427500219389909,0.00010100384773236359,0.00010058830541546511
2030-10-28 05:00:00,0.00011453075731309838,0.00011519984968865241,0.00011024588775044667,0.00011283205084776208
2030-10-28 06:00:00,0.00012004385798196735,0.00012943891571650406,0.00012353484336990762,0.00012956500063497465
2030-10-28 07:00:00,0.00012234289040600913,0.00013748754115127764,0.00013186623954653825,0.00013799242670378426
2030-10-28 08:00:00,0.00012283505191358775,0.00013776841076343818,0.00013429295329232496,0.0001409328670998464
2030-10-28 09:00:00,0.000123684657240257,0.00013639695149106947,0.00013480350227227088,0.00014094644732113416
2030-10-28 10:00:00,0.00012293837112949336,0.00013553768145317901,0.00013512085430411467,0.0001412796286301376
2030-10-28 11:00:00,0.00012321485969117005,0.00013434795621775948,0.00013421418519415156,0.0001382943276224089
2030-10-28 12:00:00,0.0001237535563657672,0.00013481251222261992,0.00013326933868378554,0.0001361579659157944
2030-10-28 13:00:00,0.0001228589384825913,0.00013421774967146505,0.0001321813815236471,0.00013523826235341922
2030-10-28 14:00:00,0.00012322523751104477,0.00013321815449222855,0.00013140265205549673,0.00013363624983234526
2030-10-28 15:00:00,0.0001238346979876027,0.00013184832397132413,0.00012977559873994496,0.00013031383883014902
2030-10-28 16:00:00,0.00012279709889646216,0.0001290158675067713,0.00012876851347421543,0.0001275182817987966
2030-10-28 17:00:00,0.0001209322426513475,0.0001251979916797853,0.00012557948065493495,0.00012569196331002389
2030-10-28 18:00:00,0.00012006582744103677,0.00012192017916067776,0.00012146841268080444,0.00012043432249537762
2030-10-28 19:00:00,0.00011884957450065152,0.00011881733036344545,0.0001171800864388943,0.00011648243448541718
2030-10-28 20:00:00,0.00011803252311445316,0.0001151648738851049,0.00011302235050097335,0.000111313857821712
2030-10-28 21:00:00,0.00011529493575910657,0.00010992350292308034,0.00010820111310964992,0.00010549769892701636
2030-10-28 22:00:00,0.00011369011314194787,0.00010677265182161284,0.00010453149847756342,0.00010051191369813697
2030-10-28 23:00:00,0.00011025387079467148,0.00010424319929448503,0.00010081513786520425,9.751324208853794e-05
2030-10-29 00:00:00,0.00010909787698935801,0.00010166687206338582,9.89917782964399e-05,9.471096580873447e-05
2030-10-29 01:00:00,0.000108955545885553,9.924860344518382e-05,9.794102930568723e-05,9.463193016871604e-05
2030-10-29 02:00:00,0.00010916725027202348,9.791822909852301e-05,9.73920019667174e-05,9.372550613702623e-05
2030-10-29 03:00:00,0.00011058607786674376,9.907950470968883e-05,9.84362157102269e-05,9.428386665352812e-05
2030-10-29 04:00:00,0.00011189603703700447,0.00010204572407133822,0.00010051038131365022,9.708651740747336e-05
2030-10-29 05:00:00,0.00011576048574105457,0.00010964010668220399,0.00010701933600338127,0.00010568051709599468
2030-10-29 06:00:00,0.00012258634761792077,0.00012205400257219382,0.00011772776013496522,0.00012043120024574476
2030-10-29 07:00:00,0.00012603538985594804,0.00012885852279552728,0.00012480974934142664,0.00012937696626939564
2030-10-29 08:00:00,0.00012674514868083142,0.00013107882296799043,0.00012773443341976815,0.0001323134138524574
2030-10-29 09:00:00,0.0001275508802391088,0.00013139617749582304,0.00012814197700519337,0.00013312708292308152
2030-10-29 10:00:00,0.00012753126849484613,0.0001319575110426999,0.0001285976555208571,0.00013442776460308438
2030-10-29 11:00:00,0.00012681193010897744,0.00013088584769305845,0.0001280228896512957,0.00013328522722708274
2030-10-29 12:00:00,0.00012641347482952083,0.0001293161634818327,0.00012657571193279118,0.00013085544380475448
2030-10-29 13:00:00,0.00012440094135623332,0.00012902600955649697,0.00012579060071318544,0.00012972360087616425
2030-10-29 14:00:00,0.00012467345695575752,0.0001286689351694965,0.00012483494634856775,0.00012728756383620875
2030-10-29 15:00:00,0.00012443322272209152,0.0001283532365927542,0.00012440589464441921,0.00012578646595717602
2030-10-29 16:00:00,0.00012458249188871152,0.00012821122529172422,0.0001247253383601078,0.00012364258187358234
2030-10-29 17:00:00,0.00012461643495744376,0.00012637575622836416,0.0001237249602432185,0.00012248444888166303
2030-10-29 18:00:00,0.00012393620106796545,0.00012244398051282278,0.00012026563145812108,0.00011778736863668777
2030-10-29 19:00:00,0.00012305149040564835,0.00011860487175283205,0.00011642806375753098,0.00011369357614763108
2030-10-29 20:00:00,0.00012149420169265388,0.00011540234321412161,0.00011322408623736088,0.00010874917934781223
2030-10-29 21:00:00,0.0001200345043797782,0.0001124548300157504,0.00010928780760094533,0.00010424211197762659
2030-10-29 22:00:00,0.00011818989344069248,0.00010770349688946819,0.00010503507681852921,9.995326441471129e-05
2030-10-29 23:00:00,0.00011598577075959387,0.00010437012467332508,0.00010223639708528463,9.66464587557418e-05
2030-10-30 00:00:00,0.00011504867190502747,0.00010237724600834389,0.00010016884917908055,9.495800378537737e-05
2030-10-30 01:00:00,0.0001144907082432224,9.945752533104962e-05,9.949852412276578e-05,9.365843261884524e-05
2030-10-30 02:00:00,0.00011410103454595741,9.895025310325165e-05,9.8562854095617e-05,9.31918279637757e-05
2030-10-30 03:00:00,0.00011461422377663853,9.921103334263469e-05,9.868783474611968e-05,9.342069186309765e-05
2030-10-30 04:00:00,0.00011594080587723447,0.0001023456975333533,0.00010004602114183844,9.514458990995763e-05
2030-10-30 05:00:00,0.00011819707539564618,0.00010638906168214057,0.00010525688565907459,0.00010126923731428188
2030-10-30 06:00:00,0.00012362413691638808,0.00011835402230913648,0.00011571168409103881,0.00011477149579817566
2030-10-30 07:00:00,0.0001269020294658592,0.00012752341027421488,0.00012439090194399583,0.0001276050850930308
2030-10-30 08:00:00,0.0001274454775522809,0.0001307321312817931,0.00012847491100022846,0.00013004689165691715
2030-10-30 09:00:00,0.00012840765582107166,0.00013098457781505343,0.00012926082308306006,0.00012989132593001543
2030-10-30 10:00:00,0.0001274096487634133,0.00013054979329448591,0.00012972036083518657,0.0001309142620813952
2030-10-30 11:00:00,0.00012686117980584074,0.00013043702823321585,0.00012848409180786383,0.00012844288231684883
2030-10-30 12:00:00,0.00012716995978892393,0.00012948131010357599,0.0001275539068280761,0.00012634878465849796
2030-10-30 13:00:00,0.00012770987477995734,0.00012839131630537528,0.0001268491287048379,0.0001258160171665751
2030-10-30 14:00:00,0.00012691813950969092,0.00012979225015990648,0.00012679997697505162,0.00012501877609354738
2030-10-30 15:00:00,0.0001273134929581325,0.00012976886256688749,0.00012607604050034684,0.00012464908650334936
2030-10-30 16:00:00,0.00012582107960154598,0.000128306092442316,0.00012662311608982327,0.00012287333576753375
2030-10-30 17:00:00,0.0001238970897497438,0.00012418669972400124,0.00012537368519306274,0.00012172681224304651
2030-10-30 18:00:00,0.00012230269662118237,0.00011894528046234941,0.00012114770900278148,0.00011721319738797194
2030-10-30 19:00:00,0.00012117276149735574,0.00011622226019982421,0.00011786697708601984,0.00011322218498761626
2030-10-30 20:00:00,0.00012089870695914992,0.00011272604747967329,0.00011404054062838799,0.00010860292325891271
2030-10-30 21:00:00,0.0001205031256926033,0.00011027641408777894,0.00010995378393440916,0.00010345654195174537
2030-10-30 22:00:00,0.00011837487946540556,0.00010770975774092957,0.00010591997234098401,9.933522407296234e-05
2030-10-30 23:00:00,0.00011794861335548666,0.00010542026314323371,0.00010289502766424768,9.623565740435792e-05
2030-10-31 00:00:00,0.00011670597466727362,0.00010206912322382466,0.00010035279087114738,9.391766163340266e-05
2030-10-31 01:00:00,0.0001159297587529108,9.979998996368169e-05,9.870727052039851e-05,9.20169807106771e-05
2030-10-31 02:00:00,0.00011529505784358723,9.888875393890265e-05,9.776434264933318e-05,9.046081792409183e-05
2030-10-31 03:00:00,0.00011527461916971881,9.860386242751224e-05,9.753406967883663e-05,9.085438272158744e-05
2030-10-31 04:00:00,0.0001176960633907058,0.00010095646334140513,9.880413407919035e-05,9.14579758272012e-05
2030-10-31 05:00:00,0.00011744835325929659,0.00010580370158413976,0.00010286891046346033,9.786403004198122e-05
2030-10-31 06:00:00,0.00012407125338404862,0.00011723014140102771,0.0001127266452919286,0.00011179142342999604
2030-10-31 07:00:00,0.00012669000059269985,0.0001265282082541368,0.00012122174836993094,0.00012364630406714905
2030-10-31 08:00:00,0.00012799222474014536,0.00013020701737499385,0.00012413660527222693,0.00012757941078588665
2030-10-31 09:00:00,0.0001282490463148965,0.00013128976254174737,0.00012447155270606236,0.00012826334305278642
2030-10-31 10:00:00,0.00012723389686935692,0.00013128522190084462,0.00012552971177747,0.00013019443327731307
2030-10-31 11:00:00,0.00012780714618880964,0.00013087986611496507,0.0001254876864629001,0.00013039607385478304
2030-10-31 12:00:00,0.00012824769160377222,0.00013030032842341024,0.00012469524034012836,0.00012828555627542311
2030-10-31 13:00:00,0.00012844426561932479,0.00013028908557244538,0.00012410918152424926,0.00012920739393363126
2030-10-31 14:00:00,0.00012747089991618026,0.00013005839770094141,0.00012431143638241902,0.00012763208760476407
2030-10-31 15:00:00,0.00013011392663564314,0.00013165328937400067,0.0001250514738727128,0.0001273302465104891
2030-10-31 16:00:00,0.00012981777512387945,0.0001299356292964108,0.00012553927702164096,0.00012561898929342548
2030-10-31 17:00:00,0.00012899198242844633,0.00012600432904072856,0.00012454547507740707,0.00012450245753709547
2030-10-31 18:00:00,0.00012760180102231437,0.00012231575004016814,0.00012131863590385977,0.00011946130866642156
2030-10-31 19:00:00,0.00012529762981753915,0.00011852874016318922,0.00011809887494484048,0.00011693725701597997
2030-10-31 20:00:00,0.00012368894390955555,0.00011687222005116754,0.00011481837775774704,0.00011263404806522015
2030-10-31 21:00:00,0.00012261376163717863,0.00011121937273116068,0.00011054061271629318,0.00010821941474293859
2030-10-31 22:00:00,0.00011992469769419616,0.00010743352094703452,0.00010669101110404687,0.00010322389367560692
2030-10-31 23:00:00,0.00011833887218170098,0.00010601787927882862,0.00010306805543303901,9.94673759192937e-05
2030-11-01 00:00:00,0.00011489580776430717,0.00010223144244504133,0.00010361585968866412,9.91113872760054e-05
2030-11-01 01:00:00,0.00011282855901946448,0.00010066232797733777,0.00010198473287279491,9.747506779728485e-05
2030-11-01 02:00:00,0.00011265081273596913,9.960005292749379e-05,0.00010085143194879985,9.636079930835948e-05
2030-11-01 03:00:00,0.00011239008645508922,0.00010052871337315261,0.00010072399816345959,9.663368342369747e-05
2030-11-01 04:00:00,0.0001133803868314449,0.00010236478026072762,0.00010113536140903542,9.80562480510826e-05
2030-11-01 05:00:00,0.00011499831780959121,0.00010783954463671646,0.0001065643732269758,0.00010380943226669975
2030-11-01 06:00:00,0.00012153420826789615,0.00012082026767038755,0.00011691460510271086,0.0001181446961776402
2030-11-01 07:00:00,0.00012469741026164256,0.00013101978046124147,0.00012713323317691295,0.0001314729444998173
2030-11-01 08:00:00,0.00012596421717450866,0.00013394893291742948,0.00013109744236707767,0.0001348652432674669
2030-11-01 09:00:00,0.0001274002116703078,0.000134824431614014,0.0001317574137193291,0.00013563931398618333
2030-11-01 10:00:00,0.00012681707525090389,0.00013475719961210844,0.0001333186112834315,0.00013779082962828184
2030-11-01 11:00:00,0.00012568554401254812,0.00013459717233737023,0.00013344980768645141,0.00013666660429050075
2030-11-01 12:00:00,0.00012666918094899604,0.00013382626381354463,0.00013308854327763456,0.00013490162239197364
2030-11-01 13:00:00,0.00012811741934827482,0.00013383122473535907,0.00013294083560972961,0.0001346659703727394
2030-11-01 14:00:00,0.00012702072287037056,0.00013412666993811956,0.0001328921050787984,0.00013276700654926663
2030-11-01 15:00:00,0.00012739359987983616,0.00013400498028810564,0.00013263074777948445,0.0001316851673088037
2030-11-01 16:00:00,0.0001263506816372933,0.00013064552418264565,0.00013159377415871123,0.00012899455396666343
2030-11-01 17:00:00,0.00012496143707830252,0.00012523092586266363,0.0001296090977026544,0.0001271377658782433
2030-11-01 18:00:00,0.0001237380388549702,0.00012041301529420827,0.00012532444946566047,0.00012202061997787262
2030-11-01 19:00:00,0.00012336361035808965,0.00011748881769706509,0.00012172199862371605,0.0001181360049621683
2030-11-01 20:00:00,0.00012140363710161458,0.00011495103957745407,0.00011808876380080839,0.00011375454926832411
2030-11-01 21:00:00,0.00011964588728446533,0.00011105381125151209,0.00011382321690200791,0.00010916504745300359
2030-11-01 22:00:00,0.00011693830892624083,0.00010757842169989249,0.0001097763784095882,0.00010465225298145436
2030-11-01 23:00:00,0.00011496980559804714,0.0001038135645179198,0.00010624524887155774,0.00010090490206468951
2030-11-02 00:00:00,0.00011576152384473519,0.0001055971536127637,0.00010584503448797952,0.00010238269880816836
2030-11-02 01:00:00,0.00011510880561898039,0.00010422399311831584,0.0001043752107063901,0.00010074241649605278
2030-11-02 02:00:00,0.00011375473305656079,0.0001035681383139245,0.00010331159175119853,0.00010023597534742323
2030-11-02 03:00:00,0.00011346437200475206,0.00010274752653221191,0.00010382446515269768,0.00010065743542331334
2030-11-02 04:00:00,0.00011546175922494714,0.00010627442116278167,0.0001051931237291684,0.00010298725358165456
2030-11-02 05:00:00,0.00011774636956849673,0.00011380117399779817,0.00011137424821883532,0.00011099637096054746
2030-11-02 06:00:00,0.00012638037523874575,0.0001308685000630547,0.0001267467451700279,0.00013097165981556735
2030-11-02 07:00:00,0.00013139248664125098,0.0001454701659665408,0.0001406956428683414,0.0001496185654319758
2030-11-02 08:00:00,0.00013323343264186782,0.00015079375832800662,0.0001449147308865752,0.00015461690238810215
2030-11-02 09:00:00,0.00013475541423224756,0.00015089324194801537,0.00014562529919426664,0.00015496217470840058
2030-11-02 10:00:00,0.00013278590127730432,0.00015051383673685465,0.00014713070518509343,0.0001570228752136711
2030-11-02 11:00:00,0.000131729998956781,0.00014880349737009404,0.00014728971603043096,0.00015599697265672132
2030-11-02 12:00:00,0.00013335169614011328,0.00014790099604266552,0.00014674192567655316,0.00015364410596525134
2030-11-02 13:00:00,0.00013359288099801912,0.00014802326496351882,0.0001459311329111096,0.00015492392972085665
2030-11-02 14:00:00,0.00013302391896448677,0.00014794526095064802,0.00014567108712881715,0.0001540813630034514
2030-11-02 15:00:00,0.00013390185651518922,0.00014758151268582257,0.00014505878650735032,0.00015263615898303715
2030-11-02 16:00:00,0.00013150190129431093,0.00014209994968431588,0.00014240480004777244,0.00014543981033399706
2030-11-02 17:00:00,0.00012969604204674746,0.00013681716523260658,0.0001398653265673218,0.00014163948055309985
2030-11-02 18:00:00,0.00012656571327199854,0.00013183351495397867,0.00013452542076883156,0.00013580721580598693
2030-11-02 19:00:00,0.00012537643770262738,0.00012759440583757773,0.00013037897948562502,0.00013181523928463177
2030-11-02 20:00:00,0.0001234712166967491,0.00012322117164942443,0.0001257628009709084,0.00012692298247284574
2030-11-02 21:00:00,0.00012312496328104907,0.00012003073165077215,0.00012078262132214034,0.00012131716271358215
2030-11-02 22:00:00,0.00011932031245932163,0.00011545341599308336,0.00011524901093131044,0.00011568335819639641
2030-11-02 23:00:00,0.00011805409736781346,0.00011165170860547958,0.00011008783307586675,0.00010986042120274084
2030-11-03 00:00:00,0.00011587485520278371,0.00010600011644419032,0.00010573225109712955,0.00010368805700455878
2030-11-03 01:00:00,0.00011458049823902006,0.0001026272521424703,0.00010394019602298097,0.00010206566491342333
2030-11-03 02:00:00,0.00011397480687569659,0.00010294672152206447,0.0001032494929162279,0.00010155032445840149
2030-11-03 03:00:00,0.0001138113602450081,0.00010305687223140883,0.00010348636571504153,0.00010195360522006683
2030-11-03 04:00:00,0.0001154037877052219,0.00010608707894735693,0.00010488385986943292,0.00010397112318158202
2030-11-03 05:00:00,0.00011864593802452096,0.00011460561811090468,0.00011168652207715035,0.00011191284649796117
2030-11-03 06:00:00,0.0001270526099848431,0.0001313297801632867,0.00012720095806741889,0.00013140948789488145
2030-11-03 07:00:00,0.00013174352067913658,0.00014478705714633002,0.0001405774495156799,0.0001489787991574577
2030-11-03 08:00:00,0.00013294327818236525,0.0001480722834213519,0.00014536733700177225,0.0001540736267593963
2030-11-03 09:00:00,0.0001361999758722271,0.00014942763444456553,0.00014582954489816748,0.00015259209372395005
2030-11-03 10:00:00,0.00013478957030952783,0.00014969239490361913,0.00014633276715425675,0.00015403917293044402
2030-11-03 11:00:00,0.00013344559531452903,0.0001486235729674706,0.0001456436371008087,0.0001523252117071136
2030-11-03 12:00:00,0.0001349336762360316,0.0001481013310595244,0.00014442256424814263,0.00014876862512286268
2030-11-03 13:00:00,0.00013679055801962578,0.00014698127770669623,0.00014314713333592836,0.00014904465167558785
2030-11-03 14:00:00,0.00013552862621493393,0.00014557007142249601,0.00014273408003437162,0.00014645981441567662
2030-11-03 15:00:00,0.00013646686138326942,0.00014529061602041189,0.0001412153699913132,0.00014596047008846736
2030-11-03 16:00:00,0.00013353143404137922,0.0001383342135683508,0.00013834248497753606,0.00014010992021659525
2030-11-03 17:00:00,0.0001330246682550689,0.0001329875007743832,0.0001358818834915689,0.00013708801714830757
2030-11-03 18:00:00,0.0001308386035388396,0.0001299806337423736,0.00013153911805034564,0.0001328162555216494
2030-11-03 19:00:00,0.00012959494170389075,0.00012791451806363154,0.00012750494811112974,0.0001284716360668507
2030-11-03 20:00:00,0.00012765631023564303,0.00012306427826977025,0.0001233813035656312,0.00012338254149077928
2030-11-03 21:00:00,0.00012567559810356378,0.00011902598222052115,0.00011873238030341899,0.00011751940746067793
2030-11-03 22:00:00,0.00012196241124854715,0.0001146365974088754,0.00011414882815944165,0.00011168492997092718
2030-11-03 23:00:00,0.0001190151211498879,0.00011097777802164013,0.00011013183871843458,0.00010690270243247795
2030-11-04 00:00:00,0.0001138035616565612,0.00010323316773167239,0.00010150063286398255,9.807327018590789e-05
2030-11-04 01:00:00,0.00011230160921665307,0.0001014050300294943,9.980085171967173e-05,9.689284847066521e-05
2030-11-04 02:00:00,0.00011145464720332646,0.00010100120906952605,9.947814303183627e-05,9.619978260428004e-05
2030-11-04 03:00:00,0.0001117595548757236,0.0001013013265909569,9.97397838968048e-05,9.683131506747952e-05
2030-11-04 04:00:00,0.00011340910393280266,0.00010443764537612762,0.00010182774067291589,9.969283159668911e-05
2030-11-04 05:00:00,0.00011595734636836974,0.00011071736985247475,0.00010826533495690074,0.00010766553882913151
2030-11-04 06:00:00,0.00012198416856755706,0.00012081871439653372,0.0001188972999741127,0.00012113532532114411
2030-11-04 07:00:00,0.0001243141625366745,0.00012841619423150855,0.00012616285721361742,0.00013199365358404434
2030-11-04 08:00:00,0.00012565862419582088,0.00013064815594965575,0.000128218640051696,0.0001342194610455738
2030-11-04 09:00:00,0.0001260182406338598,0.00013036158024211974,0.00012914551050245208,0.00013505423896080068
2030-11-04 10:00:00,0.00012509479555784382,0.00013034786520271097,0.00012992767263010635,0.00013553025241746513
2030-11-04 11:00:00,0.0001244686940407144,0.0001305030435956046,0.00012896779558253476,0.0001346195427771097
2030-11-04 12:00:00,0.00012478862755913253,0.00013002188191336774,0.0001283588763501988,0.0001325723461992854
2030-11-04 13:00:00,0.0001246208522021086,0.0001282680275260745,0.0001278320914094649,0.00013169485458972742
2030-11-04 14:00:00,0.00012368273429061633,0.00012723256102249408,0.00012678921324890596,0.00013041134140375215
2030-11-04 15:00:00,0.00012443201025282867,0.00012500350146394987,0.00012557550606714788,0.0001275561361464392
2030-11-04 16:00:00,0.00012312084718409284,0.0001215542798806954,0.00012449756248546462,0.00012437289187307922
2030-11-04 17:00:00,0.00012259161119945324,0.00011824204798991895,0.0001225559370785914,0.0001221078071640305
2030-11-04 18:00:00,0.00012218808687244393,0.0001145107629602842,0.0001192963525359525,0.00011783141558907562
2030-11-04 19:00:00,0.00012153094026334109,0.00011193684191052238,0.00011665277987113629,0.00011463536988737265
2030-11-04 20:00:00,0.00012063373028178132,0.00011089889423395642,0.00011360055544817336,0.00011040992071856708
2030-11-04 21:00:00,0.00011882992556991822,0.00010801857378844045,0.00010969766422414056,0.00010589458422364085
2030-11-04 22:00:00,0.00011689097596732576,0.00010411312420512805,0.00010525612842302944,0.00010173318693811247
2030-11-04 23:00:00,0.000114067314056232,0.00010089997180688144,0.0001023398126205941,9.802193882666706e-05
2030-11-05 00:00:00,0.00010901243470865469,9.61127313980804e-05,9.845773545840577e-05,9.421670805418318e-05
2030-11-05 01:00:00,0.00010726521331945265,9.43640565196302e-05,9.727905155027138e-05,9.3039578777261e-05
2030-11-05 02:00:00,0.00010660869117828916,9.335702783172451e-05,9.600114502962843e-05,9.206066664059351e-05
2030-11-05 03:00:00,0.00010704921289838593,9.292718069191171e-05,9.568543792771024e-05,9.245393967148498e-05
2030-11-05 04:00:00,0.00010752229749469253,9.384425193535618e-05,9.593867674409502e-05,9.288112062703457e-05
2030-11-05 05:00:00,0.00011053408822410736,9.806199462789834e-05,9.964719689179802e-05,9.81156711973923e-05
2030-11-05 06:00:00,0.0001142651308840416,0.00010785461599484635,0.00010705885009923081,0.00010834705322829774
2030-11-05 07:00:00,0.00011711171602826561,0.0001156039242995973,0.00011396709997863719,0.00011700821886239215
2030-11-05 08:00:00,0.00011925212154739081,0.00011952337748526822,0.00011716561443627225,0.00012017300681324103
2030-11-05 09:00:00,0.0001207782423567258,0.00012036637919817786,0.00011820913369094414,0.00012129320842481947
2030-11-05 10:00:00,0.00011982728920607836,0.00012107959633957158,0.00011972825586068338,0.00012190688242862523
2030-11-05 11:00:00,0.00011946190891671521,0.00012050142703106116,0.00011995239630407841,0.00012148731540201586
2030-11-05 12:00:00,0.00012030797278579223,0.00011997719251058438,0.00011940156347335626,0.00011969401752362811
2030-11-05 13:00:00,0.00011919646728936083,0.0001197806084822744,0.00011864591798582948,0.0001188853065862466
2030-11-05 14:00:00,0.00011847160857982934,0.00011905745125757477,0.00011816673228371444,0.00011756437623330874
2030-11-05 15:00:00,0.0001192782658560726,0.00011979226049558145,0.00011746988130307378,0.00011592428502934597
2030-11-05 16:00:00,0.00011876318954044244,0.00011794873845465053,0.00011809348296561613,0.00011473424654494164
2030-11-05 17:00:00,0.00011736319658313037,0.00011455724255067141,0.0001162676177998238,0.00011348018486211415
2030-11-05 18:00:00,0.00011579942543273926,0.00011121272563236289,0.00011333888995277261,0.00011010350824980837
2030-11-05 19:00:00,0.00011452231967339938,0.00010788234979152883,0.00011094534308620031,0.00010670410632059798
2030-11-05 20:00:00,0.00011309970826259755,0.00010584506199564381,0.00010817825861714829,0.00010365065086536882
2030-11-05 21:00:00,0.00011190984852562887,0.00010256148783847752,0.0001051637643854204,9.936331004420403e-05
2030-11-05 22:00:00,0.00010980911838928617,9.867229639223131e-05,0.00010112736399080541,9.510073663290984e-05
2030-11-05 23:00:00,0.00010861519276897699,9.659295619091483e-05,9.868355176540187e-05,9.241734246313109e-05
2030-11-06 00:00:00,0.00010704210725685036,9.435704020575147e-05,9.809175570712143e-05,9.37311463883169e-05
2030-11-06 01:00:00,0.000106190499708743,9.266452407769474e-05,9.676044799776715e-05,9.147156048749754e-05
2030-11-06 02:00:00,0.00010571925771014681,9.199043446781613e-05,9.604350008590215e-05,9.110849957071698e-05
2030-11-06 03:00:00,0.00010542994153102956,9.199790542052902e-05,9.610970738438476e-05,9.1226231021226e-05
2030-11-06 04:00:00,0.00010721443116303265,9.460312393991342e-05,9.749488673884422e-05,9.309195478746635e-05
2030-11-06 05:00:00,0.00011079956446172125,0.00010189590340511973,0.00010376012777647456,0.00010034926330683891
2030-11-06 06:00:00,0.00011711616883307538,0.00011364213771323732,0.00011385559963253549,0.00011468145150249917
2030-11-06 07:00:00,0.00012080966847690553,0.00012135709192178244,0.00012114422951952755,0.00012507306613478335
2030-11-06 08:00:00,0.00012181200734811206,0.00012283377329055502,0.00012366472563561792,0.00012930847708109524
2030-11-06 09:00:00,0.00012235043504910435,0.000123503169179949,0.00012492211406517595,0.0001307605977648577
2030-11-06 10:00:00,0.00012153295441109515,0.00012371031485669645,0.00012544188471663693,0.00013217673462174204
2030-11-06 11:00:00,0.00012141015648822368,0.00012349657478643328,0.00012520108397057233,0.00013173182206091975
2030-11-06 12:00:00,0.00012132780886971338,0.00012287546220492965,0.0001241818664468992,0.00013008197523041828
2030-11-06 13:00:00,0.0001225219164550909,0.000121774823965432,0.00012344526608858242,0.00012998085137447325
2030-11-06 14:00:00,0.00012158953308065134,0.00012112511555906076,0.00012316675460430043,0.00012729267779202264
2030-11-06 15:00:00,0.0001226128575096799,0.00011983947335627986,0.00012246073039337733,0.00012544056851972733
2030-11-06 16:00:00,0.00012024524746588798,0.00011794773273418621,0.000122095273170398,0.0001234505550885847
2030-11-06 17:00:00,0.00011943508330943082,0.00011596988519026129,0.0001198263348889565,0.00012032697221927998
2030-11-06 18:00:00,0.00011769208285021932,0.00011270914314977546,0.00011651525773049857,0.00011594024877523967
2030-11-06 19:00:00,0.00011600189595134956,0.0001090887103526171,0.0001132586626884471,0.00011193064742570552
2030-11-06 20:00:00,0.00011388468143145851,0.00010699436314159183,0.00011041504079977363,0.00010781362114839903
2030-11-06 21:00:00,0.00011368779062897322,0.00010463164977725069,0.00010680778536900962,0.00010328247986995165
2030-11-06 22:00:00,0.00011089839426029675,0.00010132040887367043,0.00010305658140695956,9.950678023092469e-05
2030-11-06 23:00:00,0.00010885927401878281,9.85431054612668e-05,0.00010058015518876049,9.59935239473867e-05
2030-11-07 00:00:00,0.00010825025852075393,9.529940779130652e-05,9.594143422850269e-05,9.1880932054121e-05
2030-11-07 01:00:00,0.00010801995157170464,9.328197892250576e-05,9.473806693058182e-05,9.07117565035085e-05
2030-11-07 02:00:00,0.00010690096975139874,9.23942185199098e-05,9.397368512424089e-05,9.023775560021462e-05
2030-11-07 03:00:00,0.00010664014359842411,9.343778588407126e-05,9.352925080921367e-05,9.032345502115267e-05
2030-11-07 04:00:00,0.00010852440141186591,9.587316720249798e-05,9.47126574690986e-05,9.112635621976891e-05
2030-11-07 05:00:00,0.00011091921829749861,0.00010125381319003572,9.988577205892963e-05,9.787832767007617e-05
2030-11-07 06:00:00,0.00011626663996794962,0.00011152238826170003,0.00010907941916784153,0.00011079292660054786
2030-11-07 07:00:00,0.0001190837562771797,0.00011960928286279533,0.00011694944139906702,0.0001210167171253895
2030-11-07 08:00:00,0.00011988475012477801,0.000122437785962157,0.00011937011296499815,0.0001237729892596186
2030-11-07 09:00:00,0.00012129719779575506,0.00012378141423206274,0.00012105390966370136,0.00012487012145800673
2030-11-07 10:00:00,0.00012072493119290461,0.00012518347603825082,0.00012258747794699422,0.00012709716349873558
2030-11-07 11:00:00,0.00012111422584418605,0.00012390952740921267,0.00012249971683924652,0.00012615634272194432
2030-11-07 12:00:00,0.00012168028509515053,0.0001242007654178124,0.0001229080257979517,0.00012525383380238798
2030-11-07 13:00:00,0.00012244778913569955,0.000124068990728562,0.0001224045352657143,0.00012600106468011246
2030-11-07 14:00:00,0.00012169500177851773,0.0001245157512733936,0.00012239839983038298,0.00012435297282967916
2030-11-07 15:00:00,0.00012330326183256272,0.00012390620340870106,0.00012207399509166835,0.00012354460816034875
2030-11-07 16:00:00,0.0001214586396836914,0.00012174161164958932,0.00012179238894914306,0.00012185717493417238
2030-11-07 17:00:00,0.00012154500650543507,0.00011980757094724979,0.00012016439008425211,0.00011955863482964397
2030-11-07 18:00:00,0.00011906463146265708,0.00011731254851228315,0.00011639035694045712,0.00011559682036935274
2030-11-07 19:00:00,0.00011877422570750007,0.00011463465587418199,0.00011344587210260913,0.00011185917264029605
2030-11-07 20:00:00,0.00011676040390911327,0.00011225579756738964,0.00011057123716759039,0.00010796493243087527
2030-11-07 21:00:00,0.00011585902380537628,0.00010947223618760827,0.00010704609963595887,0.0001041002863334987
2030-11-07 22:00:00,0.0001132812270317159,0.00010640378275563744,0.00010311792648602651,9.966927095081416e-05
2030-11-07 23:00:00,0.00011126644726489057,0.00010343381600449039,0.00010031399730213214,9.57863322849322e-05
2030-11-08 00:00:00,0.00010737317337692453,9.938359171487865e-05,9.748232714069122e-05,9.15253308554049e-05
2030-11-08 01:00:00,0.00010745684487192512,9.828078284049744e-05,9.592091303362125e-05,9.121591832699461e-05
2030-11-08 02:00:00,0.00010718128801669668,9.73941803208646e-05,9.54162186805561e-05,9.029676972079477e-05
2030-11-08 03:00:00,0.00010593605926394984,9.688337274014252e-05,9.498723985168218e-05,9.145476488483143e-05
2030-11-08 04:00:00,0.00010787015911883913,9.967785121331042e-05,9.610015695869468e-05,9.209069591061441e-05
2030-11-08 05:00:00,0.00011068685267142865,0.00010443621906887235,0.00010056392093317585,9.72141533826753e-05
2030-11-08 06:00:00,0.0001163653367509127,0.0001164072878669614,0.00011131110395786038,0.00011037891275459994
2030-11-08 07:00:00,0.0001197837041439903,0.000125629699041737,0.00012060713922136066,0.0001232511081647789
2030-11-08 08:00:00,0.00012103583633110425,0.0001291632647561684,0.000124016058315279,0.0001276756474332329
2030-11-08 09:00:00,0.00012303397906662097,0.00013224307509651677,0.00012456576278946642,0.00012894992707726262
2030-11-08 10:00:00,0.00012123551098750464,0.00012966055936976007,0.00012603937775392356,0.0001306294077995685
2030-11-08 11:00:00,0.00012111052192564646,0.00012890758881191935,0.0001255753895941078,0.00013015608357316556
2030-11-08 12:00:00,0.00012127960913937512,0.00012911472214091672,0.00012522126426377605,0.0001278338297510265
2030-11-08 13:00:00,0.00012201742662829153,0.00012882773858249375,0.000125193172419123,0.0001287516370442911
2030-11-08 14:00:00,0.00012204460190866459,0.00012965999947223822,0.00012574869306155467,0.00012779494349087658
2030-11-08 15:00:00,0.00012395717570111168,0.00013114364671481214,0.0001263565575068805,0.00012801938952614712
2030-11-08 16:00:00,0.00012107697471854664,0.00012850359753611317,0.00012562142237076837,0.00012615891632271412
2030-11-08 17:00:00,0.00011984510044251652,0.00012463875211620286,0.0001240211171692511,0.0001245134822271755
2030-11-08 18:00:00,0.00011894497033016112,0.00012089689891665563,0.00012086184640360521,0.00012020523916673633
2030-11-08 19:00:00,0.00012021635727309399,0.00011817240748892178,0.00011798678890645299,0.00011594732120899828
2030-11-08 20:00:00,0.00011908221109913899,0.00011626181818517745,0.00011574108675353628,0.00011321799177930016
2030-11-08 21:00:00,0.00011847703621787496,0.00011305994865354495,0.00011143536899557943,0.00010786380712622589
2030-11-08 22:00:00,0.00011623275719994559,0.0001109946963982414,0.0001076150516705496,0.00010373852393900816
2030-11-08 23:00:00,0.00011498897704973893,0.00010663349865668869,0.00010381230100179218,9.98960884680448e-05
2030-11-09 00:00:00,0.00011331572262463183,0.00010654797503608973,0.00010280981518176187,9.979437568631046e-05
2030-11-09 01:00:00,0.00011203257076290005,0.00010543705012634496,0.00010050124543269835,9.825106875041938e-05
2030-11-09 02:00:00,0.00011247834613825527,0.00010430438449840174,9.982115944295144e-05,9.725522866845532e-05
2030-11-09 03:00:00,0.00011210491829895361,0.00010520329004229917,0.0001000189030138644,9.882143347321867e-05
2030-11-09 04:00:00,0.00011409809496964222,0.0001077007476766142,0.00010220831514967062,0.00010215148207539405
2030-11-09 05:00:00,0.00011728586305202209,0.00011628973128808228,0.00010985102749032488,0.00011204880474696691
2030-11-09 06:00:00,0.0001241396821129162,0.00013151744393732055,0.00012541869896431486,0.00013155601138699815
2030-11-09 07:00:00,0.00012743511386004277,0.0001441701137083239,0.00013825992953709156,0.00014786555504996395
2030-11-09 08:00:00,0.00012865562773221797,0.00014738933161776124,0.0001417078303969756,0.00015193082714041046
2030-11-09 09:00:00,0.00012986052286851577,0.00014826082138502238,0.00014239283749244193,0.0001525038093744985
2030-11-09 10:00:00,0.0001285325819664872,0.00014741251980335295,0.00014246600278225362,0.000153690451815821
2030-11-09 11:00:00,0.00012939564036228962,0.00014672331085112666,0.0001420872186518152,0.00015276962091443892
2030-11-09 12:00:00,0.00012893310268600322,0.00014615864585277677,0.00014219993307996746,0.00015100746613145368
2030-11-09 13:00:00,0.0001285009373609082,0.00014660808010700328,0.00014135430000369021,0.00015158173443021762
2030-11-09 14:00:00,0.00012872555219435038,0.00014608223837218981,0.0001411853373277431,0.00015031966574798695
2030-11-09 15:00:00,0.00013038452840457722,0.0001447300658530576,0.00013943375506086505,0.0001470602352408314
2030-11-09 16:00:00,0.0001272023956082011,0.00013890963585286612,0.00013614666710179307,0.00014080826661550173
2030-11-09 17:00:00,0.00012586473009521844,0.00013372207131337355,0.00013276119758933737,0.00013563246013178142
2030-11-09 18:00:00,0.00012327871327544735,0.00012956825068101554,0.0001280540366989465,0.00013099924317847323
2030-11-09 19:00:00,0.00012270282987160913,0.0001257685663011579,0.00012361338016382513,0.00012675807784228522
2030-11-09 20:00:00,0.0001207477619191342,0.000121834664465457,0.00011972083242831584,0.00012142290608975403
2030-11-09 21:00:00,0.00012025698930914912,0.00011768005790964492,0.00011455728412091951,0.0001157839442490999
2030-11-09 22:00:00,0.00011727876067355847,0.00011263707115612243,0.00010952987292384546,0.00011005027955434249
2030-11-09 23:00:00,0.00011441732877785626,0.00010790680769460462,0.00010486261862403501,0.00010456612188695704
2030-11-10 00:00:00,0.0001128534506653133,0.00010801590124705272,0.00010351138562528395,0.00010125233116529603
2030-11-10 01:00:00,0.00011157112718950916,0.00010554924811278574,0.0001014248245737351,9.989533923540285e-05
2030-11-10 02:00:00,0.00011225745067060822,0.00010443236415787728,0.00010062190839451487,9.878899829554298e-05
2030-11-10 03:00:00,0.0001118191851253461,0.00010518154511334947,0.00010103002886366699,9.98259963393967e-05
2030-11-10 04:00:00,0.00011280103715289214,0.00010922909647518715,0.00010356795827948179,0.00010308920609690558
2030-11-10 05:00:00,0.00011713225938853106,0.00011967355353982272,0.00011166047608803927,0.00011335181630048293
2030-11-10 06:00:00,0.00012577308965678582,0.00013640976205639047,0.00012709955869975826,0.00013298678820728625
2030-11-10 07:00:00,0.0001306073054633918,0.00014900325064039826,0.00013918223073560132,0.00014832701588785182
2030-11-10 08:00:00,0.00013117105403442924,0.00015303614084205251,0.00014202821248757836,0.00015289081699534386
2030-11-10 09:00:00,0.0001328409303415113,0.0001536300454767267,0.0001418665817177063,0.00015199467806952403
2030-11-10 10:00:00,0.00013134034241702412,0.00015194779952444533,0.00014189606158293664,0.00015344528797496196
2030-11-10 11:00:00,0.0001321580477668635,0.000149525482042951,0.00014108033791090485,0.00015104699274548023
2030-11-10 12:00:00,0.000132961053652995,0.00014776975523151528,0.00013933762304716154,0.00014795550952531136
2030-11-10 13:00:00,0.00013266824255070458,0.00014658859282619792,0.00013788400155874796,0.00014725299318449375
2030-11-10 14:00:00,0.00013290997643852176,0.00014515300674286047,0.00013699696870086693,0.00014488391810242774
2030-11-10 15:00:00,0.00013453053105538947,0.0001437493174196945,0.00013573869414683742,0.00014174286063192517
2030-11-10 16:00:00,0.00013219700745857282,0.000138254388866572,0.00013325011325083063,0.00013625084281551416
2030-11-10 17:00:00,0.00013096148251612246,0.00013482662259963653,0.00013017175145016357,0.00013231230263504175
2030-11-10 18:00:00,0.00012784245122205226,0.00012918290913046032,0.0001256166394334042,0.00012657284950490604
2030-11-10 19:00:00,0.00012627144424330177,0.00012615837002943328,0.00012153660046664992,0.000121870853011679
2030-11-10 20:00:00,0.00012366406235362552,0.00012301632314430815,0.00011766202607304678,0.00011690419575447488
2030-11-10 21:00:00,0.00012215977146012505,0.00011930145578894591,0.00011249694462012903,0.0001107078067231212
2030-11-10 22:00:00,0.00011823043895619696,0.00011622946212591883,0.00010743318760077067,0.00010545946699711139
2030-11-10 23:00:00,0.0001162841685509295,0.00011281704233573229,0.00010445440307259001,0.00010104186245062929
2030-11-11 00:00:00,0.00011657576064151992,0.00011294937689911582,0.00010506952237572143,0.0001007481738509114
2030-11-11 01:00:00,0.00011637874395886336,0.00010982886935645832,0.00010317841365055777,9.876492298196313e-05
2030-11-11 02:00:00,0.00011556431531806149,0.00010792306496756392,0.0001023538104177663,9.794987833956859e-05
2030-11-11 03:00:00,0.00011556459753692672,0.00010921873810257275,0.00010185246430859671,9.80967834341663e-05
2030-11-11 04:00:00,0.00011798905988370663,0.00011208413563467109,0.00010258855871220172,9.995149742727258e-05
2030-11-11 05:00:00,0.0001197086194793668,0.00011901355556461582,0.00010832239966358627,0.00010647447463942483
2030-11-11 06:00:00,0.0001275903627952715,0.00013299589287707296,0.0001212887293537579,0.00012319651916922294
2030-11-11 07:00:00,0.00013279164752204997,0.00014539956163896157,0.00013410677795729442,0.00014038354049271601
2030-11-11 08:00:00,0.00013327101231452778,0.00014979601438487147,0.0001382857025607343,0.00014507350419003235
2030-11-11 09:00:00,0.00013425803434754456,0.00015175781491013192,0.00013911181987700738,0.00014543161874585225
2030-11-11 10:00:00,0.00013308971430268072,0.00015054038966799457,0.00014015376216890612,0.00014787507638478376
2030-11-11 11:00:00,0.0001324921463081266,0.0001512866264130649,0.00014008724284487225,0.00014699081419546696
2030-11-11 12:00:00,0.0001326520879653212,0.00014969766589882118,0.00013914197912643872,0.0001443517761420354
2030-11-11 13:00:00,0.00013322713793612964,0.00014958262400943027,0.00013825282622134997,0.0001441443167618254
2030-11-11 14:00:00,0.00013213895178077983,0.00014867496221436207,0.00013802516053866389,0.00014178004318266953
2030-11-11 15:00:00,0.00013374946639532715,0.00014917491121149007,0.00013708637620821716,0.00014032072598021958
2030-11-11 16:00:00,0.00013135094059046226,0.00014467144531831944,0.00013515472327443423,0.00013616667599703952
2030-11-11 17:00:00,0.0001287327328406963,0.0001400662298747679,0.00013194678648680485,0.00013239647383372357
2030-11-11 18:00:00,0.0001255580302820905,0.0001355463458636372,0.00012703036012706105,0.00012696834596606491
2030-11-11 19:00:00,0.00012530249033384293,0.0001319472841721196,0.00012242101383821166,0.0001228534767372753
2030-11-11 20:00:00,0.000123389598558171,0.00012826789825642516,0.00011863430414779904,0.00011691853041534543
2030-11-11 21:00:00,0.0001221972017530427,0.00012433311582210296,0.00011354194024578577,0.00011238115683671307
2030-11-11 22:00:00,0.00011913400807117279,0.00011971009785449404,0.00010848371911859674,0.00010711821993766965
2030-11-11 23:00:00,0.00011690836373565516,0.00011539187459357117,0.0001056012625308588,0.00010214468533364715
2030-11-12 00:00:00,0.00011568822544598672,0.00011067118088537115,0.00010497424481330333,0.0001008079434439119
2030-11-12 01:00:00,0.00011480027413779468,0.00010830108133184444,0.00010314669261759987,9.877377571111546e-05
2030-11-12 02:00:00,0.00011382821234654295,0.00010748921791881334,0.00010208719031821748,9.761866695718841e-05
2030-11-12 03:00:00,0.00011381116831394324,0.00010769629225674344,0.0001019849865591537,9.787169373838031e-05
2030-11-12 04:00:00,0.00011502706539057218,0.00010974808890388188,0.00010205016041563291,9.892126082348515e-05
2030-11-12 05:00:00,0.00011716331781715904,0.00011468080102495319,0.00010654097312210332,0.00010467674656307202
2030-11-12 06:00:00,0.00012353134603866487,0.00012631753100365172,0.00011790267558892866,0.00011881157050592905
2030-11-12 07:00:00,0.00012765622443042124,0.00013607306569232244,0.00012835973608750677,0.0001322586480015297
2030-11-12 08:00:00,0.00012769402321746948,0.00013968425346733683,0.00013230655859614227,0.00013762236702229198
2030-11-12 09:00:00,0.00012957957134026563,0.00013978139059123078,0.00013311342093854354,0.00013854680398615307
2030-11-12 10:00:00,0.00012933915156613873,0.00013961482785383438,0.00013437694072944155,0.0001396939548426563
2030-11-12 11:00:00,0.00012913274801849042,0.00013791945156548064,0.0001342536036295,0.00013924357810141553
2030-11-12 12:00:00,0.00013129986782723567,0.00013736014816919322,0.00013345461258836862,0.0001370422629508943
2030-11-12 13:00:00,0.0001320027060268504,0.00013790441426835115,0.00013282744698119757,0.00013645940405424147
2030-11-12 14:00:00,0.0001311507409027402,0.0001389899831998307,0.00013256116310659817,0.0001353613609956005
2030-11-12 15:00:00,0.00013130820911996048,0.00013991349648400243,0.00013359377698006372,0.00013448427934965125
2030-11-12 16:00:00,0.00012905070127500597,0.0001359236246472035,0.00013309375480993312,0.0001315128223341937
2030-11-12 17:00:00,0.0001275474934178873,0.0001320464844211179,0.0001312970041853176,0.00012747886980330223
2030-11-12 18:00:00,0.00012538978777441,0.00012841002520431647,0.00012722449761752835,0.0001229781380856628
2030-11-12 19:00:00,0.00012478344499248245,0.00012501122162396493,0.00012336125862640905,0.00011972216024840958
2030-11-12 20:00:00,0.0001236980650675845,0.0001222793294306762,0.00011979364087372134,0.00011498971427621911
2030-11-12 21:00:00,0.00012128329608325794,0.00012016556743063981,0.00011570974036268209,0.00011055330689391158
2030-11-12 22:00:00,0.00011820651260311765,0.00011603070805700012,0.00011137246087889736,0.00010571810865793347
2030-11-12 23:00:00,0.00011687227647430432,0.00011307972703438707,0.00010789756140296544,0.00010218388711969459
2030-11-13 00:00:00,0.00011459311254591767,0.00011042498335735516,0.00010459264940175492,9.92203439320444e-05
2030-11-13 01:00:00,0.00011472969303033264,0.00010798700515198524,0.00010268491720172743,9.714674820920853e-05
2030-11-13 02:00:00,0.00011336388817623309,0.00010639366960008752,0.00010194267295047794,9.611254810225814e-05
2030-11-13 03:00:00,0.00011290234068278154,0.0001062556535243974,0.00010165575796292929,9.573197851393422e-05
2030-11-13 04:00:00,0.00011473877164863563,0.00010837868128884238,0.00010231826414950392,9.7739542332426e-05
2030-11-13 05:00:00,0.00011621093048512611,0.00011303376488230508,0.00010702261346998704,0.00010360715700311706
2030-11-13 06:00:00,0.00012247474036268624,0.00012528110485928506,0.00011859735698824274,0.00011800668401177061
2030-11-13 07:00:00,0.00012607970299553963,0.00013464155638005028,0.00012926158216603923,0.00013233098892204546
2030-11-13 08:00:00,0.00012585503789055663,0.0001375870858305194,0.00013244557585898904,0.00013600292278759485
2030-11-13 09:00:00,0.00012756409538267101,0.00013859125302385786,0.0001337514527886357,0.00013630832553388552
2030-11-13 10:00:00,0.0001274160702087494,0.00013859046312010703,0.00013533325315626127,0.00013794600236280937
2030-11-13 11:00:00,0.00012673438252187557,0.0001379306539225337,0.00013507298850817185,0.00013800807826916422
2030-11-13 12:00:00,0.0001282335269695259,0.00013656308841141025,0.00013432138112192023,0.0001356732926021915
2030-11-13 13:00:00,0.00012970924873382693,0.00013669034775811752,0.00013325947622998236,0.00013505967010174133
2030-11-13 14:00:00,0.0001277735309050417,0.00013780018246032112,0.0001328744955370848,0.00013329382702589754
2030-11-13 15:00:00,0.00012817893589071842,0.00014049366436253314,0.00013261947389976508,0.00013268334472441883
2030-11-13 16:00:00,0.00012606680331216975,0.000137267525019391,0.00013192510485985333,0.0001300672916941962
2030-11-13 17:00:00,0.0001251586054162639,0.0001326859711018579,0.00012956254859572747,0.000127466877865196
2030-11-13 18:00:00,0.00012293111734006334,0.00012816612663981984,0.00012550314894210621,0.00012177616988471385
2030-11-13 19:00:00,0.00012353711477696666,0.00012465835272666955,0.00012190359694268299,0.00011815777462553913
2030-11-13 20:00:00,0.00012133376629325857,0.0001228215121969487,0.00011864365495277071,0.00011368879496825128
2030-11-13 21:00:00,0.00012030208574349217,0.00011875403864897835,0.00011448872163510567,0.00010837555224517447
2030-11-13 22:00:00,0.00011758925619575564,0.00011496564337544787,0.00011058492277338477,0.0001038665172394307
2030-11-13 23:00:00,0.000115845947551055,0.0001118672995587714,0.00010768034262261887,0.00010081890739585162
2030-11-14 00:00:00,0.0001143213726770268,0.0001097642924972227,0.0001047429052719847,9.774246451574095e-05
2030-11-14 01:00:00,0.00011355484697446753,0.00010834708536170501,0.00010303732703689526,9.611104699999256e-05
2030-11-14 02:00:00,0.000113672526176353,0.00010810577751784638,0.00010171239288982178,9.582321431028887e-05
2030-11-14 03:00:00,0.00011271439718954158,0.00010808123610023785,0.00010153257835441257,9.602865297933192e-05
2030-11-14 04:00:00,0.00011305168151425638,0.00011044473252109238,0.00010255940057597478,9.716594133701177e-05
2030-11-14 05:00:00,0.00011478010930820757,0.00011613029396927263,0.00010696984506023998,0.00010321780783723016
2030-11-14 06:00:00,0.00012082363746014205,0.00012830465977614735,0.00011865456505999182,0.00011758676709750765
2030-11-14 07:00:00,0.00012536614571555382,0.00013823435373625908,0.00012881471651942706,0.00013085061150634698
2030-11-14 08:00:00,0.00012610253173778624,0.0001412764205327132,0.0001318658705722656,0.00013446664520730316
2030-11-14 09:00:00,0.00012762604788807045,0.00014222048331627812,0.00013329032876830045,0.00013505113397574078
2030-11-14 10:00:00,0.00012636223301624,0.00014258363347890272,0.00013499594848842238,0.00013710054427804223
2030-11-14 11:00:00,0.00012561387198401758,0.00014270893314456196,0.0001352765831930545,0.0001371640207145078
2030-11-14 12:00:00,0.00012691025673104833,0.00014192772821806435,0.0001349520744464955,0.0001355908491931239
2030-11-14 13:00:00,0.00012768719064570257,0.00014265440396977634,0.00013407463043020506,0.00013585379286364406
2030-11-14 14:00:00,0.0001270278776872014,0.00014408821287658388,0.00013418870956597004,0.00013472728533703765
2030-11-14 15:00:00,0.00012769393477934292,0.00014539736813564758,0.00013472333240018464,0.00013493580760328642
2030-11-14 16:00:00,0.00012630900461952673,0.0001417694543066997,0.00013406499183373817,0.00013251184922312558
2030-11-14 17:00:00,0.00012541001065254968,0.00013653656263533468,0.00013222463801727742,0.00012952778419030817
2030-11-14 18:00:00,0.0001239657666330633,0.00013239075199046488,0.00012809745352206978,0.00012511313563819116
2030-11-14 19:00:00,0.0001238201511945648,0.00012950440231412788,0.00012441154285934103,0.00012165985183461123
2030-11-14 20:00:00,0.00012200371617843417,0.00012655541238902325,0.00012056217523361015,0.00011737946547615194
2030-11-14 21:00:00,0.00012112306911439509,0.00012317854299652922,0.00011590321886121541,0.000112434790049754
2030-11-14 22:00:00,0.00011899321973266966,0.00011950345949260739,0.00011186203996142383,0.00010859904004944894
2030-11-14 23:00:00,0.00011709283825319205,0.00011700772871641298,0.00010859121375100377,0.00010423400727145914
2030-11-15 00:00:00,0.00011436191185701033,0.00011207321717490462,0.00010546788277839,0.00010101526737523578
2030-11-15 01:00:00,0.00011361729733002146,0.000110248073403505,0.00010385032897021116,9.985557505549877e-05
2030-11-15 02:00:00,0.00011352630339125222,0.00011000773223629134,0.00010278344609224509,9.899255412629433e-05
2030-11-15 03:00:00,0.00011409429414772501,0.00011019146235460476,0.00010280013495051775,9.898528128769464e-05
2030-11-15 04:00:00,0.00011636963030706049,0.00011349912571233574,0.00010468634649745214,0.00010039723247967167
2030-11-15 05:00:00,0.00011769413656386699,0.00011999779902830965,0.00011009695691044071,0.00010787622264194523
2030-11-15 06:00:00,0.00012630455909044507,0.0001343218224590126,0.00012363439538952116,0.00012480552592075562
2030-11-15 07:00:00,0.00013018889268905069,0.00014705026625979424,0.00013640083796523567,0.00014130003071483963
2030-11-15 08:00:00,0.0001318488478350431,0.00015065944546268674,0.00014014856601943677,0.00014556508145618292
2030-11-15 09:00:00,0.00013376032447728856,0.00015114051709015115,0.0001406323443704924,0.0001444527485762386
2030-11-15 10:00:00,0.00013323795353363343,0.00015182055056524026,0.00014208204471134603,0.00014623398919170913
2030-11-15 11:00:00,0.0001300426361484748,0.00015108592103227561,0.000142325671734642,0.00014654870643502168
2030-11-15 12:00:00,0.00013236567409954844,0.00015082962312203637,0.00014128177358340644,0.00014319173920514206
2030-11-15 13:00:00,0.0001332690740636765,0.0001515182064554898,0.0001405228871471729,0.0001440113986891166
2030-11-15 14:00:00,0.0001323725529442477,0.0001508471458871803,0.00014054013663415766,0.00014301440105502408
2030-11-15 15:00:00,0.0001325475946975456,0.00015177441842243296,0.0001405922936590818,0.00014209119300573225
2030-11-15 16:00:00,0.0001292196168282791,0.00014703902064708692,0.00013891169718384112,0.00013844771543362202
2030-11-15 17:00:00,0.00012856157497510007,0.00014138061203104998,0.00013605248404978577,0.0001346315279346612
2030-11-15 18:00:00,0.00012582374174766365,0.00013743635385621362,0.00013153800453392909,0.00012897803470184038
2030-11-15 19:00:00,0.0001248619937384362,0.00013406899729073786,0.00012714091379169024,0.00012504141517321956
2030-11-15 20:00:00,0.00012306683123140444,0.0001304631839991568,0.0001236280815047893,0.00012003101973972365
2030-11-15 21:00:00,0.00012176850152201121,0.00012675602517692896,0.00011875615860754564,0.00011351747272955498
2030-11-15 22:00:00,0.00011907870591569038,0.00012188551022580033,0.00011400491323304093,0.00010875754865378673
2030-11-15 23:00:00,0.00011784837906782505,0.00011868148754715694,0.00011019238756795286,0.00010487521441913683
2030-11-16 00:00:00,0.0001146248242613549,0.00011641265778261627,0.00010728309734919129,0.0001017316026308307
2030-11-16 01:00:00,0.00011426568523425513,0.00011530371328521754,0.00010527679292371807,0.00010038346042231288
2030-11-16 02:00:00,0.00011329862144808785,0.00011383691776334168,0.00010438064221875422,9.92403219094514e-05
2030-11-16 03:00:00,0.00011337404191682306,0.00011444491047611855,0.00010444093298468103,9.966280719127347e-05
2030-11-16 04:00:00,0.00011498714170547438,0.00011721792238073418,0.00010560731843595343,0.00010097638693088167
2030-11-16 05:00:00,0.00011669111895701114,0.0001237965377815224,0.00011068258647085661,0.00010903820016147903
2030-11-16 06:00:00,0.00012678816570442037,0.00013952051629656615,0.0001244427238403932,0.00012596691387752398
2030-11-16 07:00:00,0.0001319391419482968,0.00015138447039361969,0.00013746018127583736,0.00014315852328029607
2030-11-16 08:00:00,0.00013266738067162345,0.00015488506986895598,0.0001407719924537441,0.00014767177832482298
2030-11-16 09:00:00,0.00013296773609235182,0.0001556258714718681,0.00014264374078533812,0.00014784517020237288
2030-11-16 10:00:00,0.00013267896234153128,0.00015293941793445868,0.000143762967784871,0.000149833524160272
2030-11-16 11:00:00,0.00013226620781134587,0.00015273768528802323,0.0001436803733256945,0.0001496133470192991
2030-11-16 12:00:00,0.000133033125350288,0.00015192525422621567,0.00014333602989115678,0.00014778019461333743
2030-11-16 13:00:00,0.000133716050475453,0.0001520757497589256,0.00014252433715853315,0.00014786207624951182
2030-11-16 14:00:00,0.00013413001918491645,0.00015342039934982782,0.00014241930336569175,0.0001467007364377202
2030-11-16 15:00:00,0.00013524814299607264,0.0001541084456636979,0.00014288048495129365,0.00014595523145027745
2030-11-16 16:00:00,0.0001306079455503664,0.00014831665095554257,0.0001401731479844097,0.00014105331054145744
2030-11-16 17:00:00,0.00012955278498323793,0.00014296821793048853,0.0001376796251392183,0.0001372451285999036
2030-11-16 18:00:00,0.00012770321258601008,0.00013863272420140566,0.00013260794891424452,0.0001308914266002102
2030-11-16 19:00:00,0.00012621127906289317,0.00013540194692560756,0.0001290198814798877,0.0001276509992177206
2030-11-16 20:00:00,0.00012350201555895614,0.00013228458870858225,0.00012542561793485213,0.00012229742331221557
2030-11-16 21:00:00,0.0001230726027173584,0.0001276434337809921,0.00012078716080212106,0.00011710481317111132
2030-11-16 22:00:00,0.00012181189395287084,0.0001226867396628858,0.00011561149352226274,0.00011192223820419064
2030-11-16 23:00:00,0.00012144614916176294,0.00011899369298015952,0.00011131641227100008,0.00010718377295210638
2030-11-17 00:00:00,0.00011820567201962723,0.00011618878022020408,0.00010793721910607853,0.0001034854710988811
2030-11-17 01:00:00,0.00011747027465752158,0.00011307810036082342,0.00010619110830302548,0.00010152602183254858
2030-11-17 02:00:00,0.0001173259356813229,0.00011197638457536279,0.0001055325456901864,0.00010112026823217786
2030-11-17 03:00:00,0.00011655153111936813,0.00011281694830576304,0.00010512781593113013,0.00010061238810340043
2030-11-17 04:00:00,0.0001174213895312734,0.00011568791225975033,0.00010649845811606065,0.00010244250322067939
2030-11-17 05:00:00,0.0001203081297536545,0.00012088072294996252,0.00011164328658737354,0.00010960531743700278
2030-11-17 06:00:00,0.00012715936459036138,0.00013631970175113881,0.00012451414088433037,0.00012550594056390995
2030-11-17 07:00:00,0.00013032929516623587,0.00014746473101479515,0.0001371384066025021,0.00014227142862357773
2030-11-17 08:00:00,0.0001335664848330974,0.0001511202890281974,0.000140986707842189,0.00014579886634228967
2030-11-17 09:00:00,0.00013358288818351267,0.00015181621731537965,0.00014147255181035245,0.00014629080757766559
2030-11-17 10:00:00,0.0001328420079262488,0.00015184522642523252,0.00014226289046175564,0.00014808951647843734
2030-11-17 11:00:00,0.00013180363335448783,0.00015031865156756271,0.00014314006180418196,0.00014824522110747985
2030-11-17 12:00:00,0.00013350687553641283,0.00014811817852331257,0.0001421064180846825,0.0001458853037046909
2030-11-17 13:00:00,0.00013203888050211196,0.0001475368688923059,0.00014145754447756953,0.00014641979843376245
2030-11-17 14:00:00,0.00013151550848993502,0.00014771851118039621,0.0001413341600159811,0.0001451551492177362
2030-11-17 15:00:00,0.0001315035626574202,0.00014775798799174364,0.0001417453739413621,0.00014487702313882393
2030-11-17 16:00:00,0.00012889265828008666,0.0001434771886031123,0.00014000078898043208,0.00014080331896318686
2030-11-17 17:00:00,0.00012764358215209106,0.00013929173928193818,0.00013782016608306986,0.00013741430929067687
2030-11-17 18:00:00,0.00012677188433876798,0.0001358008053329398,0.00013301890153044437,0.00013178178840837136
2030-11-17 19:00:00,0.00012686500925324044,0.00013242597012647506,0.00012972682983973532,0.00012708729219909683
2030-11-17 20:00:00,0.00012410154040974925,0.00012942703604678683,0.00012580595520083975,0.00012218139523629672
2030-11-17 21:00:00,0.0001234726426775006,0.00012595508272315688,0.00012128900506132962,0.00011749196239619207
2030-11-17 22:00:00,0.00012081575609798858,0.00012199155188674237,0.00011654693784962192,0.00011313648249900387
2030-11-17 23:00:00,0.00011878113878975352,0.00011876580557137034,0.00011277690043541815,0.00010879176539846402
2030-11-18 00:00:00,0.00011494593737514673,0.00011542255647189205,0.00010950751512444011,0.00010550292212816616
2030-11-18 01:00:00,0.00011438231135343035,0.00011343574721562062,0.00010704032299243093,0.0001033874331031837
2030-11-18 02:00:00,0.000112702463726509,0.00011380063076301422,0.00010624313198948376,0.00010299371774079179
2030-11-18 03:00:00,0.00011361776999607833,0.00011406036918251068,0.00010627486528661679,0.00010357246734932871
2030-11-18 04:00:00,0.00011575729242395077,0.00011581081070131079,0.00010786245448981422,0.00010537284820132589
2030-11-18 05:00:00,0.00011709935631965606,0.00012246187404845759,0.00011325064450691766,0.00011191478599671552
2030-11-18 06:00:00,0.00012542582745017983,0.00013768189870487594,0.0001272145566747922,0.00012896213607486626
2030-11-18 07:00:00,0.00012993919958485621,0.0001525640399999419,0.00014078949320732177,0.00014587142722058129
2030-11-18 08:00:00,0.00013064307111119934,0.00015592409580833568,0.00014455480469517264,0.00015009692610848044
2030-11-18 09:00:00,0.00013200947226896893,0.0001569169259392458,0.0001454675107508821,0.00014956114933387492
2030-11-18 10:00:00,0.00013129475423462114,0.000156455513058843,0.0001463961858228076,0.00015132599524233947
2030-11-18 11:00:00,0.00013022020733971791,0.00015574410277915805,0.00014575300289968677,0.00015044415036764386
2030-11-18 12:00:00,0.00013058866559598686,0.0001552711493880775,0.0001450532709215504,0.00014715005833017261
2030-11-18 13:00:00,0.00013243757620336763,0.00015554955928608633,0.00014449055843623196,0.00014734200039908255
2030-11-18 14:00:00,0.00013203263950524962,0.00015594099856828516,0.00014426538557780723,0.00014575257167504543
2030-11-18 15:00:00,0.0001326660546303008,0.00015549658347416504,0.000144823081219824,0.0001455193225527306
2030-11-18 16:00:00,0.00012978936149035414,0.0001494149608041301,0.00014224178674178628,0.00014176867315955922
2030-11-18 17:00:00,0.00012795940015267852,0.00014481376905287855,0.0001389791478361269,0.00013782216295381928
2030-11-18 18:00:00,0.00012548185952724852,0.00014035113997659364,0.0001342886452028436,0.00013144338122744552
2030-11-18 19:00:00,0.00012604665320955062,0.00013668298468229832,0.00013005781607357871,0.00012648423372802565
2030-11-18 20:00:00,0.0001234913622377561,0.00013297135344721,0.00012601603800242188,0.0001218226172530747
2030-11-18 21:00:00,0.00012141082837218453,0.00012965348902440314,0.00012124254520161899,0.00011676069442841566
2030-11-18 22:00:00,0.00011965025724885779,0.0001266951618026372,0.00011632939581601915,0.00011227406585078323
2030-11-18 23:00:00,0.00011783855002648609,0.00012277968541949858,0.00011256407032755056,0.00010753423776932089
2030-11-19 00:00:00,0.00011562093488973863,0.00011935384649204688,0.00010877579918128135,0.00010461993087239387
2030-11-19 01:00:00,0.0001149552191225114,0.00011839141142691651,0.00010717842854917096,0.00010174824241197427
2030-11-19 02:00:00,0.00011514527916118981,0.00011723294837334683,0.0001059991250479033,0.00010109948049965035
2030-11-19 03:00:00,0.00011382994722786382,0.00011730340245225271,0.00010628893203440733,0.00010137862138247129
2030-11-19 04:00:00,0.00011574525893825025,0.00011939845674245749,0.00010714464457247943,0.00010308290700281736
2030-11-19 05:00:00,0.00011879557851808742,0.00012474834060312447,0.00011127126471819296,0.00010859427735182729
2030-11-19 06:00:00,0.00012552370456453375,0.00013739517647239188,0.00012262208040062197,0.00012225997274749057
2030-11-19 07:00:00,0.0001283801280006399,0.00014750061597614648,0.0001335394895319219,0.0001354745930573358
2030-11-19 08:00:00,0.0001304078587948371,0.00015295838003069026,0.00013719855628585242,0.00014011381383039273
2030-11-19 09:00:00,0.0001319668200812084,0.0001532910801253605,0.00013886251090615835,0.00014119471713485189
2030-11-19 10:00:00,0.00013231236711523702,0.00015263372671957788,0.0001406065328452228,0.00014306537954691218
2030-11-19 11:00:00,0.00013202041225852357,0.00015091953921943523,0.00014089955508429352,0.0001421620386585168
2030-11-19 12:00:00,0.00013274385466919715,0.000151392529205911,0.0001399186258812373,0.00014086647475907056
2030-11-19 13:00:00,0.00013347122379342278,0.0001516118045808631,0.00013918067298309783,0.0001414241247224725
2030-11-19 14:00:00,0.00013373785318729125,0.0001497832218013592,0.0001397594173481537,0.00014064784603409045
2030-11-19 15:00:00,0.00013295435876284467,0.00015086185579169287,0.00014017510569319666,0.00013950604268237225
2030-11-19 16:00:00,0.0001301075467332451,0.00014584873260794256,0.0001392428712726159,0.00013631045684084022
2030-11-19 17:00:00,0.0001288210744768481,0.00014096268092105303,0.000136907852524569,0.00013210093077324386
2030-11-19 18:00:00,0.00012661892683957427,0.00013796307357747984,0.00013238009411247164,0.00012705405291423512
2030-11-19 19:00:00,0.00012470890552332086,0.00013664264400393248,0.00012851626332246934,0.00012290584416324907
2030-11-19 20:00:00,0.0001209678313122155,0.00013284336197267815,0.00012437263364835875,0.00011861719112068973
2030-11-19 21:00:00,0.00012102320075246223,0.00012925540374021145,0.00012007819541369259,0.00011331621221094592
2030-11-19 22:00:00,0.00011823418492031226,0.00012564160171303623,0.00011512908758113644,0.00010933985054621787
2030-11-19 23:00:00,0.00011610436837672543,0.00012194036350509673,0.00011169294893763692,0.0001048298040416102
2030-11-20 00:00:00,0.00011459558722360557,0.00011882919842327233,0.00010909268004082092,0.00010191296118914042
2030-11-20 01:00:00,0.00011345097076433528,0.00011549171533835583,0.00010747508343711049,0.00010107705681425731
2030-11-20 02:00:00,0.00011351362471663001,0.0001141222709438106,0.00010676646220633785,0.00010055641979582453
2030-11-20 03:00:00,0.00011405272825208303,0.00011451924311987583,0.00010657571018200355,0.00010112140615475652
2030-11-20 04:00:00,0.00011638055730281137,0.00011724589810246343,0.000107781612597871,0.00010282878632295266
2030-11-20 05:00:00,0.00011742969238108377,0.00012108192503289279,0.00011215873300310367,0.00010824019035168653
2030-11-20 06:00:00,0.00012394630412413684,0.00013484611409819936,0.00012359764589671077,0.00012294458877517783
2030-11-20 07:00:00,0.00012775997867783638,0.00014436782254269114,0.00013431339843900225,0.00013578941370598932
2030-11-20 08:00:00,0.00012913691484472744,0.00014723203113346583,0.00013780854424091308,0.00014031284415392145
2030-11-20 09:00:00,0.0001302992925982893,0.00015113156437300212,0.00013935075221589257,0.00014066675555034588
2030-11-20 10:00:00,0.00012901825102542202,0.00014993565708186317,0.0001408307816393363,0.00014251678404077222
2030-11-20 11:00:00,0.00012953575412584932,0.00015010638298696392,0.00014078320798183668,0.0001424022764597985
2030-11-20 12:00:00,0.0001299672773798771,0.0001493844548318055,0.0001399144993202839,0.00013969356714603142
2030-11-20 13:00:00,0.00013007938221858665,0.00014965171256509487,0.00013936303682942543,0.00013915666637944894
2030-11-20 14:00:00,0.00012988765309796183,0.0001506627346493039,0.00013897402815420866,0.00013680243178816173
2030-11-20 15:00:00,0.00013203060330294015,0.00015198232543166366,0.0001404465730748549,0.00013675155198155734
2030-11-20 16:00:00,0.0001286361068522245,0.00014731852990431158,0.00013840153271907297,0.00013493608357675188
2030-11-20 17:00:00,0.00012788865974282026,0.00014266244589931074,0.00013617312520913918,0.00013236068799490252
2030-11-20 18:00:00,0.00012695300743184736,0.00013806384174539865,0.00013224052665173,0.00012790966276955397
2030-11-20 19:00:00,0.00012583920491159563,0.00013469885971352483,0.00012829282520031667,0.00012422646861858918
2030-11-20 20:00:00,0.00012384207102711302,0.0001315570301147071,0.00012516819245035762,0.00012015538778019502
2030-11-20 21:00:00,0.0001233586865901465,0.0001279992684370333,0.00012069530853909389,0.00011474101608863463
2030-11-20 22:00:00,0.00012051555708055797,0.0001244865132278372,0.00011591813963307023,0.00011023550436630911
2030-11-20 23:00:00,0.00011819339638319527,0.00012079424047549193,0.00011237408686278726,0.00010684420448351552
2030-11-21 00:00:00,0.000117254079746558,0.00011834814400242056,0.00011048891375422265,0.0001038780823843957
2030-11-21 01:00:00,0.00011637929281443273,0.00011776401401311586,0.00010851043359985672,0.00010227898435022282
2030-11-21 02:00:00,0.00011570385777910732,0.00011598096530829796,0.00010740978191014275,0.00010093335656096404
2030-11-21 03:00:00,0.00011397865509275263,0.00011581499104489415,0.00010698370825263365,0.00010108975353232972
2030-11-21 04:00:00,0.00011575874854914195,0.00011738769812838834,0.00010789919446104726,0.00010293080916871655
2030-11-21 05:00:00,0.00011754116538443778,0.00012230372354428144,0.00011256336146617454,0.00010851045929034103
2030-11-21 06:00:00,0.00012454177967377307,0.00013444755290962083,0.00012371266275655455,0.00012266926789016047
2030-11-21 07:00:00,0.00012922287481389628,0.00014385807319648164,0.00013458636215230146,0.0001373656628032838
2030-11-21 08:00:00,0.00013062991299346406,0.00014760891269212937,0.00013767338605901564,0.00014199062373750998
2030-11-21 09:00:00,0.00013201847896340203,0.00014898856620538219,0.00013935339361793978,0.00014237843103769333
2030-11-21 10:00:00,0.00013176259825833602,0.00015056504137582786,0.00014169592131112245,0.00014482298501675375
2030-11-21 11:00:00,0.00013052659949556496,0.00015071875366121703,0.00014209083856010684,0.00014408026545984545
2030-11-21 12:00:00,0.00013077705174161753,0.0001506625850474634,0.00014133427541851456,0.00014336810295174367
2030-11-21 13:00:00,0.00013182157632808385,0.00015036985127610578,0.00014147315163870103,0.00014322936722686202
2030-11-21 14:00:00,0.0001321137165514975,0.00015154805895163586,0.00014104511348963784,0.00014231086161313212
2030-11-21 15:00:00,0.00013228648952933248,0.00015229805730296813,0.00014216654021791328,0.00014303726896975453
2030-11-21 16:00:00,0.00012933377786354352,0.00014645697235176182,0.00014047945408780194,0.0001400654973094295
2030-11-21 17:00:00,0.0001286402259207866,0.00014238706815750064,0.00013832505670460267,0.00013678550352003963
2030-11-21 18:00:00,0.0001269690069264318,0.00013806689911343475,0.0001343235294858421,0.0001318349477462611
2030-11-21 19:00:00,0.0001276549800270775,0.0001335876502350464,0.00013028192662998568,0.00012796353095443036
2030-11-21 20:00:00,0.00012608503095642073,0.00013009936783664575,0.00012733448431894787,0.00012388103885346396
2030-11-21 21:00:00,0.00012592459008393427,0.00012719806119473675,0.00012277863108899994,0.00011975641634842595
2030-11-21 22:00:00,0.0001232569171002948,0.0001233953764797106,0.00011831833850046221,0.00011507750320113228
2030-11-21 23:00:00,0.00012113539924817587,0.00011985820284966692,0.00011443861317440664,0.00011160948234794442
2030-11-22 00:00:00,0.00011905570884471433,0.000116322477593568,0.00011157906320874344,0.0001079954863243211
2030-11-22 01:00:00,0.0001173309127599899,0.00011354347736900242,0.00010966177187490434,0.00010630112858053433
2030-11-22 02:00:00,0.00011730095134754252,0.00011258627083937088,0.00010940064948515766,0.0001058650733716159
2030-11-22 03:00:00,0.00011795131478475325,0.00011292488341045268,0.00010938077300345832,0.00010627503547987295
2030-11-22 04:00:00,0.00011801962021876981,0.00011665381259220336,0.00011036572668077639,0.00010881454905876587
2030-11-22 05:00:00,0.00011940388123514995,0.00012307131770203508,0.00011627400044644967,0.00011604024508564096
2030-11-22 06:00:00,0.0001252968879005576,0.00013745389164531758,0.00012988510310299394,0.00013299152673421126
2030-11-22 07:00:00,0.0001299476239710001,0.00015007742592822512,0.0001426519146368972,0.0001497858074456046
2030-11-22 08:00:00,0.00013231298434761204,0.00015484062456179478,0.00014653211736630274,0.0001539227629466629
2030-11-22 09:00:00,0.00013400975234659432,0.00015419846167036785,0.00014735359485752185,0.00015367007197985676
2030-11-22 10:00:00,0.00013193081879034511,0.0001535956578697338,0.0001489064922571796,0.00015535792066703196
2030-11-22 11:00:00,0.00013100546968229776,0.00015393213975006147,0.00014872734304366005,0.00015407691497037795
2030-11-22 12:00:00,0.00013428814890390354,0.0001519958850577037,0.00014848544376891865,0.00015220646606937062
2030-11-22 13:00:00,0.0001359284194625893,0.0001518715419570954,0.0001479231836903133,0.0001521403456887761
2030-11-22 14:00:00,0.0001352335502927558,0.00015108712173185967,0.00014800766600980676,0.00015066070612013532
2030-11-22 15:00:00,0.0001349982197081218,0.0001507046401421124,0.0001482236386982654,0.00015020943668955593
2030-11-22 16:00:00,0.0001311327477960778,0.00014434562325924726,0.00014541212336252477,0.00014582695940049494
2030-11-22 17:00:00,0.000129610257291688,0.00013929188337351064,0.00014200299975010232,0.00014216905112354267
2030-11-22 18:00:00,0.00012712664022547412,0.00013528860871434343,0.0001372786508593983,0.00013556468289634802
2030-11-22 19:00:00,0.00012573003973413986,0.0001322940855192197,0.0001325218351403586,0.00013135441751298933
2030-11-22 20:00:00,0.00012482651930341212,0.00012947709093302234,0.0001284578455594373,0.00012551681455771896
2030-11-22 21:00:00,0.00012355236661367404,0.000125784141626485,0.00012337872329522495,0.00012029339176537076
2030-11-22 22:00:00,0.0001222063426358667,0.000121395088527436,0.00011834261920281302,0.00011463853426707932
2030-11-22 23:00:00,0.00012157371740694927,0.0001183302298895392,0.00011406848070721082,0.00010972202232553121
2030-11-23 00:00:00,0.00011829748808370413,0.00011557800617446388,0.00011063968540219501,0.00010726830887984365
2030-11-23 01:00:00,0.00011699526076131009,0.00011385356361757513,0.0001083926914757285,0.00010482364021501387
2030-11-23 02:00:00,0.0001160495805205929,0.00011336134051765337,0.00010778733028257176,0.00010421709981784898
2030-11-23 03:00:00,0.00011604174925014051,0.00011346218173316933,0.00010722207166904857,0.00010344942145912032
2030-11-23 04:00:00,0.00011845711519755268,0.00011608783678020382,0.00010868299048824936,0.00010489909359338593
2030-11-23 05:00:00,0.00012057735968282258,0.00012272698379120118,0.00011395706747949562,0.00011150647271001946
2030-11-23 06:00:00,0.00012631056415094967,0.0001371764208964064,0.00012831742354898635,0.00012919562772404977
2030-11-23 07:00:00,0.00013076152309605344,0.00015180471798449357,0.000141321221690815,0.00014604002707483858
2030-11-23 08:00:00,0.00013268533908523424,0.0001570736013093615,0.00014531886522041291,0.00015070631565914654
2030-11-23 09:00:00,0.00013444647625003518,0.0001573035576298863,0.00014583201242177605,0.00015116760804538527
2030-11-23 10:00:00,0.00013379235005518206,0.00015725715837357023,0.00014617344400835405,0.0001521343052523766
2030-11-23 11:00:00,0.00013336134074845422,0.0001559693899254759,0.00014568091171165038,0.0001514232648962708
2030-11-23 12:00:00,0.00013392002327303746,0.00015615617913609218,0.00014507623459386132,0.00014936987832536648
2030-11-23 13:00:00,0.00013407114454704093,0.00015671233922571326,0.00014476186978361563,0.00014976092339578738
2030-11-23 14:00:00,0.00013431718046306177,0.00015650017963812491,0.00014502513666884046,0.00014881457697887387
2030-11-23 15:00:00,0.0001334002628480615,0.00015718508847595384,0.00014603397693531813,0.00014864104456858892
2030-11-23 16:00:00,0.0001281799012517865,0.00015118726153366042,0.00014387626998648925,0.0001439617276106057
2030-11-23 17:00:00,0.00012703285246287992,0.00014642985380783352,0.00014187884474960952,0.00013909831229259395
2030-11-23 18:00:00,0.000124766836377247,0.00014073915923613504,0.00013730481808021074,0.00013387386609326689
2030-11-23 19:00:00,0.0001244050399679861,0.0001375513357574949,0.00013385834271680369,0.00013035054567537863
2030-11-23 20:00:00,0.00012312332250789148,0.00013378236684049322,0.0001293450366609078,0.00012586923362740304
2030-11-23 21:00:00,0.0001223992487617269,0.0001292953864437065,0.00012465244388515617,0.0001203466369770052
2030-11-23 22:00:00,0.00011944051317042187,0.00012489631450308259,0.00011993862058366973,0.0001146969251939029
2030-11-23 23:00:00,0.00011800981302865373,0.0001202943173710828,0.00011612666305967053,0.00011000890235351658
2030-11-24 00:00:00,0.00011533440720921163,0.00011694305791159236,0.00011262122839861703,0.00010606178379175856
2030-11-24 01:00:00,0.00011448336151496027,0.00011577779059324784,0.00011114619275658167,0.00010452882485863495
2030-11-24 02:00:00,0.00011441542812498781,0.00011534509011362644,0.00011000831197431125,0.00010347387879468656
2030-11-24 03:00:00,0.00011426214604668295,0.00011574433599319419,0.00010987665258140823,0.00010315815180997464
2030-11-24 04:00:00,0.0001159085124606873,0.00011925471477801426,0.0001107884666726384,0.00010398657856846208
2030-11-24 05:00:00,0.00011839014302395072,0.00012600044819345717,0.00011609422786436392,0.00011113893819857585
2030-11-24 06:00:00,0.00012566232850725633,0.00014023626698657918,0.00012911974342453804,0.00012791292506609303
2030-11-24 07:00:00,0.00013030971577490018,0.0001523737314778383,0.00014229875091625093,0.0001448216734958087
2030-11-24 08:00:00,0.00013222737922195688,0.00015685719079952342,0.00014542184236259514,0.00014951550547081464
2030-11-24 09:00:00,0.00013375412403952958,0.0001571799746166854,0.00014636356691632307,0.00014964784021552773
2030-11-24 10:00:00,0.00013368694373482162,0.0001564964088390776,0.0001466123142534218,0.00015143196962551117
2030-11-24 11:00:00,0.00013308848245373303,0.00015639437011801937,0.00014609318035138213,0.00015095971671923026
2030-11-24 12:00:00,0.00013446330089432452,0.00015623922343139808,0.0001455778449790324,0.0001488300579346994
2030-11-24 13:00:00,0.00013577818972473798,0.00015744654313469471,0.00014508069593436394,0.00014987858283114006
2030-11-24 14:00:00,0.00013684031796543802,0.0001568294252603909,0.0001454525806301158,0.00014814387954542013
2030-11-24 15:00:00,0.00013701576982837318,0.000156089720096079,0.00014598097537400802,0.00014738966540283713
2030-11-24 16:00:00,0.00013520714410951263,0.00014968911764426293,0.0001432553617412255,0.00014298586165724367
2030-11-24 17:00:00,0.00013396803601431638,0.0001448514564091039,0.00014026221366019934,0.00013863803250254588
2030-11-24 18:00:00,0.00013152112013370233,0.000140721138376315,0.00013548766327408645,0.0001331632638951219
2030-11-24 19:00:00,0.0001309440332993801,0.00013756532835852418,0.00013088237656122285,0.00012841696628259608
2030-11-24 20:00:00,0.00012869526043100943,0.00013342895450498075,0.00012686821560731104,0.00012368612878580555
2030-11-24 21:00:00,0.0001269967565549512,0.00012896318051137612,0.00012194278133321466,0.00011831579220484078
2030-11-24 22:00:00,0.00012376013344651268,0.00012520317614191824,0.00011716125575862456,0.00011333417602310566
2030-11-24 23:00:00,0.00012097604339951947,0.00012122887598334932,0.00011340352130821971,0.00010954231417321662
2030-11-25 00:00:00,0.0001181385758397823,0.00011729480654717835,0.00011003993936955421,0.0001064234403260321
2030-11-25 01:00:00,0.0001154438337089644,0.00011634472873696874,0.0001084373999926043,0.00010457354532728184
2030-11-25 02:00:00,0.00011472629554716831,0.0001144522338488463,0.00010716002435696565,0.0001035914427054969
2030-11-25 03:00:00,0.00011413535729091684,0.00011475128630694755,0.00010761427309637825,0.00010392770089154631
2030-11-25 04:00:00,0.00011558146815419143,0.0001185335936221354,0.0001087202785110597,0.00010509553932127878
2030-11-25 05:00:00,0.00011768362005213704,0.0001237401186858901,0.0001147927292068964,0.00011250953032968768
2030-11-25 06:00:00,0.00012493221204004152,0.00013879578315564278,0.00012894436629222217,0.0001298015581308784
2030-11-25 07:00:00,0.0001296060950572541,0.00015218772619448993,0.00014243867252568043,0.0001475177013104724
2030-11-25 08:00:00,0.00013038851033827823,0.00015772685409583606,0.000146855024579777,0.00015328142487150678
2030-11-25 09:00:00,0.00013055069261670824,0.0001576685376390568,0.0001478906548009176,0.0001529207159592575
2030-11-25 10:00:00,0.00013052859120429064,0.00015637142331916817,0.00014890245695135855,0.00015450691614534513
2030-11-25 11:00:00,0.00013080526820416185,0.0001557629175852452,0.0001486140905287119,0.00015333599251106668
2030-11-25 12:00:00,0.00013211498201586605,0.0001553213576157733,0.00014858689378535376,0.00015075785087119371
2030-11-25 13:00:00,0.0001324464772568883,0.00015599640060169883,0.00014751955435718145,0.00015129618691985704
2030-11-25 14:00:00,0.0001332913966255526,0.00015722149749187027,0.00014735137089137647,0.00014983722411110513
2030-11-25 15:00:00,0.00013418919114234316,0.00015807079425422173,0.00014821816192818411,0.00014987870907979563
2030-11-25 16:00:00,0.0001302437198916861,0.00015120995108429256,0.00014538170143394766,0.00014503850270980535
2030-11-25 17:00:00,0.000127677274756569,0.00014641489124034732,0.00014177618489643424,0.0001411173206797776
2030-11-25 18:00:00,0.0001263723575048794,0.00014239242040106655,0.00013715652945850177,0.000135515111124678
2030-11-25 19:00:00,0.0001259766211156272,0.00013869444273795955,0.00013327666298002533,0.00013140398856640434
2030-11-25 20:00:00,0.00012349415372628087,0.0001349816771001611,0.00012890415888767436,0.0001267384262306747
2030-11-25 21:00:00,0.00012264241163958365,0.00012882939324006834,0.00012427917890571458,0.0001215289753322704
2030-11-25 22:00:00,0.00011930943993417925,0.00012477129414420962,0.00011922287914066182,0.0001164234129735787
2030-11-25 23:00:00,0.00011714231537403419,0.00012107169962619408,0.00011566073397701549,0.00011263526807443222
2030-11-26 00:00:00,0.00011449863895663878,0.00011742195101013978,0.00011177520305690188,0.00010982311812398993
2030-11-26 01:00:00,0.00011352171683108165,0.0001150203700058144,0.00011025007604824491,0.00010821111554051551
2030-11-26 02:00:00,0.00011319664013595251,0.00011499485548478626,0.0001092226384977246,0.00010698959143124347
2030-11-26 03:00:00,0.00011282822493519934,0.00011531716996884952,0.0001084611185453365,0.00010670417038045374
2030-11-26 04:00:00,0.00011490536244972048,0.00011586387059885005,0.00010945120473364016,0.00010830465558783159
2030-11-26 05:00:00,0.00011685810184326367,0.00012225283035268168,0.00011426766839556751,0.00011401148399411915
2030-11-26 06:00:00,0.0001231191152526451,0.00013507616010049718,0.0001254930140640439,0.0001285839953946773
2030-11-26 07:00:00,0.0001279252739149623,0.00014584606832825406,0.00013687021142463389,0.0001430217252332224
2030-11-26 08:00:00,0.00013119771749067638,0.00015204869278878338,0.00014107943381538385,0.00014731739043843522
2030-11-26 09:00:00,0.0001321068030295655,0.00015120549465943452,0.00014212381355907118,0.0001472739926407827
2030-11-26 10:00:00,0.00013237558810798734,0.00014947284591948815,0.00014365195005231572,0.000147734376689071
2030-11-26 11:00:00,0.00013073778882823469,0.00014964510693432246,0.00014314693741151986,0.00014602918345965209
2030-11-26 12:00:00,0.00013145094922003636,0.00014829281259436783,0.0001427458452350942,0.00014451149542758527
2030-11-26 13:00:00,0.00013210379578639054,0.00014848010334141817,0.0001419964128268714,0.00014383533166299623
2030-11-26 14:00:00,0.0001328401388495835,0.00015142361158669966,0.00014234103359614378,0.00014233452068447558
2030-11-26 15:00:00,0.00013372367451726025,0.00015164425742950156,0.00014337214717992998,0.00014215278708976873
2030-11-26 16:00:00,0.0001310720086149831,0.00014746966398949702,0.0001425055753921847,0.00014001081057726626
2030-11-26 17:00:00,0.00012890808068967912,0.00014230449822849443,0.00013962006223869922,0.00013705406958706097
2030-11-26 18:00:00,0.00012708834264992463,0.00013865515983448363,0.00013588032372953762,0.00013265714928506361
2030-11-26 19:00:00,0.00012557541191179238,0.0001364334309390282,0.0001318736318708262,0.0001284995365497394
2030-11-26 20:00:00,0.00012432752251444857,0.00013217161205354147,0.00012827987499543174,0.00012323675252868014
2030-11-26 21:00:00,0.000123899419544781,0.00012804993086330997,0.00012388258779292172,0.00011924033650239103
2030-11-26 22:00:00,0.00012074683649185972,0.00012422884593141491,0.00011928997719820808,0.00011467914280404375
2030-11-26 23:00:00,0.00011904341329235624,0.00012114864154326549,0.00011500638303752672,0.00011058265125892958
2030-11-27 00:00:00,0.00011767198801782336,0.00011952925384132026,0.00011152234970624909,0.00010836566251863663
2030-11-27 01:00:00,0.00011696239029424299,0.00011659802120217924,0.00011043807048531258,0.00010590053963311705
2030-11-27 02:00:00,0.00011582202803617098,0.00011577713662146196,0.00010891672618056941,0.00010545115817431761
2030-11-27 03:00:00,0.00011542792360446719,0.00011677116329911856,0.00010909938642399966,0.00010565498573476603
2030-11-27 04:00:00,0.00011775990755817782,0.00011915231014825915,0.00011011996710834216,0.00010797870757835999
2030-11-27 05:00:00,0.00011932739133482138,0.00012521897760762036,0.00011498385177069272,0.00011359018969968649
2030-11-27 06:00:00,0.00012565295213507328,0.0001375476267750268,0.00012661156295144192,0.00012733977406696658
2030-11-27 07:00:00,0.00013086549677090528,0.00014848555226545124,0.00013838732978527107,0.0001430243078405468
2030-11-27 08:00:00,0.0001343294702567511,0.00015250573467393653,0.0001426251596910043,0.00014671388935858388
2030-11-27 09:00:00,0.00013611046941570162,0.00015300665768051217,0.0001442681168791939,0.00014778141665945532
2030-11-27 10:00:00,0.00013560271423054896,0.00015316244437947542,0.0001458092739620908,0.00014962167016066983
2030-11-27 11:00:00,0.00013525987034698574,0.00015356282653995022,0.00014550026201455677,0.00014788728401506621
2030-11-27 12:00:00,0.0001365940154610346,0.00015271945553611209,0.000144853961727303,0.000146660726620218
2030-11-27 13:00:00,0.00013807889164073794,0.00015225772298621461,0.0001436154212427207,0.00014610446518123827
2030-11-27 14:00:00,0.00013748125261685865,0.00015379199072607216,0.0001436648020119974,0.00014502302375328722
2030-11-27 15:00:00,0.00013733480623236046,0.00015494359101699484,0.00014477053129381752,0.00014443753921068841
2030-11-27 16:00:00,0.00013408885575443512,0.00015061388498788342,0.0001432993446182325,0.00014132618516423924
2030-11-27 17:00:00,0.00013315674616837752,0.00014659861780344144,0.00014109433480027615,0.00013754883474984708
2030-11-27 18:00:00,0.0001317387163071859,0.00014413838180898225,0.00013703169295406292,0.0001327140846990863
2030-11-27 19:00:00,0.00013079951801690993,0.00014134376324203266,0.00013340696686458034,0.00012870905660625459
2030-11-27 20:00:00,0.00012767641781174922,0.0001390571662671987,0.00012990620854268323,0.00012459632946103445
2030-11-27 21:00:00,0.00012579657987624992,0.000135583648566954,0.00012475907829277694,0.00011927462804321135
2030-11-27 22:00:00,0.00012335973893507358,0.00013137353629324877,0.00012016277217658029,0.00011600557597382283
2030-11-27 23:00:00,0.00012234208930157078,0.0001264267016402244,0.00011740982110653118,0.00011220464672196049
2030-11-28 00:00:00,0.00011963708703439753,0.00012395180560620137,0.00011411398699949049,0.00010998996939123431
2030-11-28 01:00:00,0.00011931714997761808,0.00012156027853539196,0.00011278414314385068,0.00010820922688752405
2030-11-28 02:00:00,0.0001190230876382974,0.00012084112158311081,0.00011146891233737187,0.00010822337123719762
2030-11-28 03:00:00,0.00011871655231556822,0.00012138182094847433,0.00011165755789603756,0.00010771896785972254
2030-11-28 04:00:00,0.0001197015967942158,0.00012442217714338114,0.0001128338735398169,0.00010915704784761363
2030-11-28 05:00:00,0.00012129690147007045,0.00012954688456970782,0.00011680737069711086,0.00011467664174754947
2030-11-28 06:00:00,0.00012726901396213218,0.00014277309583103873,0.00012783881617127186,0.00012912050012927397
2030-11-28 07:00:00,0.00013007940125013773,0.00015321085369581167,0.00013893768044527876,0.00014449523448480166
2030-11-28 08:00:00,0.00013186432039142743,0.00015734386078428454,0.00014309195320121718,0.00014871181485378343
2030-11-28 09:00:00,0.00013349890445761122,0.00015795494413495362,0.00014451913566222632,0.00014903814600575614
2030-11-28 10:00:00,0.00013239952305406873,0.00016014139369063403,0.00014607811455741833,0.0001487947615256973
2030-11-28 11:00:00,0.00013260442565953454,0.00015983468878432558,0.00014670072879605596,0.00014736653967616745
2030-11-28 12:00:00,0.00013413764219719513,0.000158386568715708,0.00014559725326215134,0.0001451572891735698
2030-11-28 13:00:00,0.00013437056653341616,0.00015825488671701536,0.00014572999964722295,0.00014541261367051199
2030-11-28 14:00:00,0.00013505054811790634,0.00015878591761770864,0.00014588891369001365,0.00014654245168790097
2030-11-28 15:00:00,0.0001349654752166424,0.00016030348506578405,0.00014732657224704644,0.00014680256061942016
2030-11-28 16:00:00,0.000132883968121764,0.00015457939038163754,0.00014449925508170706,0.0001454392726722199
2030-11-28 17:00:00,0.00013131495809979955,0.00015064832674974632,0.00014205406766669518,0.00014180042157571924
2030-11-28 18:00:00,0.0001300947802755573,0.00014683723448390314,0.000138676848118372,0.00013719549110748384
2030-11-28 19:00:00,0.00013018411180892265,0.0001423655921500609,0.00013468049921686772,0.00013393115790593597
2030-11-28 20:00:00,0.0001273790905158385,0.0001385945172228627,0.00013122690344636998,0.00012978881571002772
2030-11-28 21:00:00,0.00012655331174185632,0.00013479779181133756,0.00012737944185552927,0.00012431676041807724
2030-11-28 22:00:00,0.00012477840441491036,0.00013101078249674755,0.00012268430552203597,0.00012025205333565409
2030-11-28 23:00:00,0.00012311028736477014,0.00012692362619299023,0.00011852232961246292,0.00011635428583927349
2030-11-29 00:00:00,0.00011875833965458563,0.00012354552159266047,0.00011563701171820145,0.0001122035048433751
2030-11-29 01:00:00,0.00011762369202193694,0.00012083628898885922,0.00011413503437172459,0.0001107224076192808
2030-11-29 02:00:00,0.00011771052620531799,0.00012035511951169128,0.00011360825719533632,0.000109887420955102
2030-11-29 03:00:00,0.00011822572592694452,0.00012015552123209124,0.00011417698338737213,0.00011106758804474954
2030-11-29 04:00:00,0.00012072108676193069,0.00012279222772233221,0.00011522963103758731,0.00011333061644539993
2030-11-29 05:00:00,0.000122606357816676,0.00013029650995604906,0.0001213846940049116,0.00011992632586575328
2030-11-29 06:00:00,0.0001293535660996182,0.0001450453040888118,0.00013488569843925387,0.00013704732667317723
2030-11-29 07:00:00,0.00013366807002023696,0.00015879251429476118,0.0001482647858074958,0.00015446455832773587
2030-11-29 08:00:00,0.00013475449300508576,0.0001635898686260543,0.0001529822421855969,0.00016004857993736084
2030-11-29 09:00:00,0.00013657333208648832,0.00016496072003230412,0.0001537218265074663,0.00015972967487333072
2030-11-29 10:00:00,0.00013630497410871504,0.00016435788296841942,0.00015483633521886495,0.00016130665449844167
2030-11-29 11:00:00,0.00013570309176018066,0.0001638160486498233,0.00015453304684043132,0.00016123255965892476
2030-11-29 12:00:00,0.00013635075315218898,0.00016339235805985151,0.00015330197501376504,0.00015874551731566447
2030-11-29 13:00:00,0.00013885167788237404,0.00016354151208056823,0.0001524951150205865,0.00015821387152223165
2030-11-29 14:00:00,0.00013831002704260052,0.0001643941448784789,0.00015215410164838732,0.00015724177609626323
2030-11-29 15:00:00,0.00013710422241631449,0.00016400980780385414,0.00015289196760700992,0.00015678868455635642
2030-11-29 16:00:00,0.00013379657443815348,0.00015654385592281744,0.00014985718701641596,0.00015246927160581292
2030-11-29 17:00:00,0.00013188928962206567,0.0001515484442795229,0.00014692949034474006,0.00014890196651454272
2030-11-29 18:00:00,0.00012983219297476654,0.00014772350467481246,0.00014264287581770206,0.00014242286644197103
2030-11-29 19:00:00,0.00012906912074300744,0.00014395361542286403,0.00013872095984602674,0.00013847945824728818
2030-11-29 20:00:00,0.00012728019682912262,0.00013974617635956988,0.00013474566805133536,0.00013337280547650888
2030-11-29 21:00:00,0.00012646790055163192,0.00013520963473559157,0.00013065081876291207,0.00012856028522868372
2030-11-29 22:00:00,0.00012387214592561065,0.0001307643870659693,0.00012564501045026765,0.00012388045180430522
2030-11-29 23:00:00,0.00012069096866411501,0.00012756423043102147,0.00012164409416757233,0.00011951980178618578
2030-11-30 00:00:00,0.00011799741769103804,0.0001240898476396744,0.00011894653122556389,0.0001158444054968958
2030-11-30 01:00:00,0.00011685273701908469,0.0001220740945395799,0.0001166922066146763,0.00011423226377192219
2030-11-30 02:00:00,0.00011495902803780134,0.00012040287500393167,0.00011607597774082915,0.00011367235249319313
2030-11-30 03:00:00,0.00011550542410386063,0.00012034107553726778,0.00011567271334711341,0.00011410146488237626
2030-11-30 04:00:00,0.00011715632769871264,0.00012288479668449647,0.00011726379407717459,0.00011540100452361011
2030-11-30 05:00:00,0.00011919241642940353,0.0001293672602668767,0.0001227085131445592,0.0001231803541001452
2030-11-30 06:00:00,0.00012599597944531086,0.00014511217676231938,0.00013632697469515554,0.00013974450810341917
2030-11-30 07:00:00,0.00013094675982992443,0.00015844270888175807,0.00014951833418196133,0.00015777308102439067
2030-11-30 08:00:00,0.0001329864564899148,0.00016462362647566925,0.00015351966307479512,0.00016239587339463238
2030-11-30 09:00:00,0.00013506948020630165,0.00016456635284076734,0.00015459507216136523,0.00016264706362571237
2030-11-30 10:00:00,0.00013492656374934959,0.00016427586825048943,0.00015606018098462195,0.00016365673726710122
2030-11-30 11:00:00,0.00013479995454840422,0.0001627606551030861,0.00015530555988767675,0.00016289148069971985
2030-11-30 12:00:00,0.0001366951555384089,0.00016220398592553032,0.00015417432033740903,0.00016060550221623076
2030-11-30 13:00:00,0.00013859584388401734,0.0001625905126160775,0.0001538415424272359,0.00016033175591662033
2030-11-30 14:00:00,0.00013877478814394115,0.00016433514575752608,0.00015422458939588104,0.00015996911383663056
2030-11-30 15:00:00,0.000137660224475546,0.00016568685415396353,0.00015492028579321918,0.00015921902493692017
2030-11-30 16:00:00,0.00013473831619202547,0.00015934121955297326,0.00015191213097987707,0.00015479564395503025
2030-11-30 17:00:00,0.00013324890511780689,0.00015394489025101886,0.0001488911512586815,0.00015048423400532325
2030-11-30 18:00:00,0.00013100806585247647,0.00014978694876454529,0.00014457823685543907,0.00014546537928866388
2030-11-30 19:00:00,0.00012994116863602198,0.00014647426146688884,0.00014037893973303355,0.00014121211557867512
2030-11-30 20:00:00,0.00012796462009832137,0.00014325801415376922,0.00013660680201480683,0.0001373386794589672
2030-11-30 21:00:00,0.00012771873092943959,0.0001394468813397973,0.00013257982472186948,0.00013164608899915296
2030-11-30 22:00:00,0.00012486559352261681,0.00013340462305686725,0.0001276285349939716,0.000127111985476212
2030-11-30 23:00:00,0.00012149978629413291,0.00012798505764271775,0.00012304469008780672,0.00012224962673786918
2030-12-01 00:00:00,0.00011533297414726426,0.00011701477207793997,0.00011619439360665907,0.00011358632045506559
2030-12-01 01:00:00,0.00011398658269909418,0.00011548837809119174,0.00011438652311101962,0.00011233689902261523
2030-12-01 02:00:00,0.00011369791395986125,0.00011483756369407239,0.0001127199226213137,0.00011107646115537531
2030-12-01 03:00:00,0.0001135024415993038,0.00011507135918668958,0.00011212095182617288,0.00011145058065590502
2030-12-01 04:00:00,0.000114839766937976,0.00011688035190073238,0.00011302738008133263,0.00011229971202188738
2030-12-01 05:00:00,0.00011714398795823862,0.0001225353094648661,0.00011744170871197728,0.00011841465429427143
2030-12-01 06:00:00,0.00012397866973013505,0.00013640552536677315,0.00012908383325857783,0.00013293707949207193
2030-12-01 07:00:00,0.00012763874494567601,0.00014728215038267,0.0001406083597446356,0.00014802476991929324
2030-12-01 08:00:00,0.0001297948882590502,0.0001520727924065935,0.00014471331141790886,0.0001524655134938768
2030-12-01 09:00:00,0.00013096287079499342,0.0001528510288516402,0.00014611929166638525,0.00015282555756477076
2030-12-01 10:00:00,0.00012991898947212305,0.00015457202734824388,0.00014745458347261562,0.0001544467126022775
2030-12-01 11:00:00,0.00013001260371805907,0.0001541684208873879,0.00014762264964425268,0.0001546007266318791
2030-12-01 12:00:00,0.00013133524607710783,0.00015426483652840873,0.00014665005464566369,0.00015191162106658392
2030-12-01 13:00:00,0.00013425042161912518,0.00015369218913604646,0.0001464924312030058,0.00015136302518819862
2030-12-01 14:00:00,0.0001330751887291484,0.00015409693677000854,0.00014613432089513034,0.00014879197064382745
2030-12-01 15:00:00,0.00013311969348847586,0.0001551872168784939,0.000146611497423793,0.000147902046990531
2030-12-01 16:00:00,0.00013058217968948897,0.00014959405739820494,0.00014537063868818245,0.00014405520052117467
2030-12-01 17:00:00,0.00012909062610622727,0.00014501811159528286,0.00014257843257523372,0.0001398062870010791
2030-12-01 18:00:00,0.00012665588224407303,0.0001411020268208582,0.0001384669636167863,0.00013446230406697002
2030-12-01 19:00:00,0.00012503006683052501,0.00013835346380658845,0.00013445705013755688,0.00013059303939349482
2030-12-01 20:00:00,0.00012415875293534233,0.00013404214225643318,0.00013100848023950843,0.0001263906503884785
2030-12-01 21:00:00,0.00012285536884394863,0.0001302673462433993,0.0001270453224856615,0.00012181129837003281
2030-12-01 22:00:00,0.00012004351926276026,0.00012561561083067343,0.00012275773477736374,0.00011730871768343839
2030-12-01 23:00:00,0.00011790664631883473,0.0001225417837067388,0.00011950959388659833,0.00011339257965176498
2030-12-02 00:00:00,0.00011737129751485727,0.0001252410206607288,0.00011948864013700725,0.00011692290124045633
2030-12-02 01:00:00,0.00011620898915068234,0.00012371292148640603,0.00011766137989441098,0.00011509445120108087
2030-12-02 02:00:00,0.0001151829659437941,0.00012114694430578866,0.0001167676990837973,0.00011417566445672076
2030-12-02 03:00:00,0.00011477301002253808,0.00012137988906010684,0.00011640896529629843,0.00011431936525657226
2030-12-02 04:00:00,0.00011589337834111875,0.00012370478927276854,0.00011743338544128632,0.0001166602246395791
2030-12-02 05:00:00,0.00011895229670744883,0.00013083596158518053,0.00012353639330745216,0.0001241923329878648
2030-12-02 06:00:00,0.0001264451869772991,0.00014797629846737706,0.00013739479175832204,0.00014127446679191324
2030-12-02 07:00:00,0.00013248801148821234,0.00016250982427367327,0.0001510703691790155,0.0001589334770892878
2030-12-02 08:00:00,0.00013383611090602557,0.0001671695710520263,0.0001549605910417794,0.00016478975699436298
2030-12-02 09:00:00,0.00013492857051938367,0.00016608216158190068,0.00015569860335608703,0.00016513743366107644
2030-12-02 10:00:00,0.00013447246383249543,0.0001668193909636483,0.00015659617576869992,0.00016670798276858132
2030-12-02 11:00:00,0.00013412733024774497,0.0001667373388751196,0.00015589365898127267,0.00016525619945004973
2030-12-02 12:00:00,0.0001356309996948427,0.00016509611754123268,0.0001550752801281146,0.00016222934958874278
2030-12-02 13:00:00,0.0001361564648257292,0.00016555480563876387,0.0001542549531244425,0.00016153116697634334
2030-12-02 14:00:00,0.00013484302472873108,0.00016529650755864314,0.00015382102209436608,0.00016005175707911408
2030-12-02 15:00:00,0.0001350487292840348,0.00016523621288395938,0.000154298898453351,0.00015881898735070396
2030-12-02 16:00:00,0.00013202910047235687,0.0001584202013391596,0.00015125950363467495,0.00015290913637234715
2030-12-02 17:00:00,0.00013094285955328564,0.0001518500903706636,0.00014862385028396505,0.00014924087161648087
2030-12-02 18:00:00,0.0001286262110205361,0.00014686811802429526,0.0001436719498460198,0.00014332757469716695
2030-12-02 19:00:00,0.0001270732420699821,0.0001432185014039937,0.00013951039117458293,0.00013934600418021798
2030-12-02 20:00:00,0.00012531909971420945,0.00013905057069330895,0.00013566838653242635,0.00013321945848876544
2030-12-02 21:00:00,0.00012497604240688983,0.00013534969523948208,0.0001309324890352078,0.0001286388213931888
2030-12-02 22:00:00,0.0001225081414106856,0.00013178995855630022,0.00012603368685386884,0.00012283347582071265
2030-12-02 23:00:00,0.00012091076298907996,0.0001275201568971239,0.00012225462465646035,0.00011853267598829305
2030-12-03 00:00:00,0.0001170823807786843,0.00012270320330410355,0.00011890517593396781,0.00011499271863594455
2030-12-03 01:00:00,0.00011625886885973302,0.00012103295795951562,0.0001172365436361825,0.00011321393017419373
2030-12-03 02:00:00,0.00011591198366325363,0.00012076528547790896,0.00011592764425416518,0.00011227533536802643
2030-12-03 03:00:00,0.00011566727258002737,0.00012042636016453875,0.00011603623696257452,0.00011244657303993953
2030-12-03 04:00:00,0.00011660501230468017,0.00012341659879379328,0.00011764340703008086,0.00011473745752526817
2030-12-03 05:00:00,0.00011896544921867675,0.00012916798078506584,0.0001225721197382275,0.00012128777557270214
2030-12-03 06:00:00,0.00012564864662082138,0.00014204790440853213,0.00013432683090061802,0.00013560651751221126
2030-12-03 07:00:00,0.00013035269175267402,0.0001526646348484734,0.00014563861034547603,0.00014981168015755863
2030-12-03 08:00:00,0.00013240688812896583,0.00015769265538424562,0.00014998491309395603,0.00015524505983120367
2030-12-03 09:00:00,0.00013353738364229502,0.00015857973568658977,0.0001509246183988303,0.000156105236699977
2030-12-03 10:00:00,0.00013248855689734445,0.00015925756484631666,0.0001529302754323194,0.0001580820503305245
2030-12-03 11:00:00,0.00013126820749313585,0.000158400903154899,0.00015364412623036054,0.00015702810316843712
2030-12-03 12:00:00,0.00013342972416417224,0.00015781636775438271,0.00015356092886049678,0.0001549263757701585
2030-12-03 13:00:00,0.0001342570502049047,0.0001564219345415856,0.00015268005793428672,0.00015500873973564523
2030-12-03 14:00:00,0.00013348982396782475,0.00015649492446086815,0.00015209166518823973,0.00015256252553985748
2030-12-03 15:00:00,0.00013385408817795583,0.00015527202435257437,0.00015229518416946258,0.00015257595800516978
2030-12-03 16:00:00,0.00013088691052053422,0.00014996216180971936,0.00014900970400015716,0.00014746094673547347
2030-12-03 17:00:00,0.0001290779215897119,0.00014545674237719232,0.00014635129979178904,0.0001440721874845667
2030-12-03 18:00:00,0.00012772570376896582,0.0001413921169134881,0.00014282346289123368,0.0001396742468220681
2030-12-03 19:00:00,0.00012637627254050575,0.00013911999134278845,0.0001388437959773983,0.00013578357818640663
2030-12-03 20:00:00,0.00012457608456582225,0.00013662898258459604,0.0001352959622701347,0.00013108854687243182
2030-12-03 21:00:00,0.0001235241155039985,0.00013401199911997178,0.00013081513946318978,0.00012611314758105528
2030-12-03 22:00:00,0.00012190574211199782,0.00012997911645593,0.00012602471843057127,0.00012142070139797426
2030-12-03 23:00:00,0.00011923032993948227,0.00012624426205973008,0.0001226796170157688,0.00011706803645919445
2030-12-04 00:00:00,0.00011364513735038255,0.0001160643045633849,0.00011346607783551208,0.00010842697135815337
2030-12-04 01:00:00,0.00011338864393269435,0.0001147009100950112,0.00011260429676624669,0.00010720901959139944
2030-12-04 02:00:00,0.00011278085724250536,0.00011361115169818385,0.00011188434742715017,0.00010727777706807176
2030-12-04 03:00:00,0.00011251700242341772,0.00011502359666199325,0.000112259446896367,0.00010710027482090947
2030-12-04 04:00:00,0.00011399755898087733,0.00011817105503951943,0.0001136507744047045,0.00010966184393017385
2030-12-04 05:00:00,0.00011713492317700231,0.00012258972791074558,0.00011879369483108159,0.00011569649345897585
2030-12-04 06:00:00,0.00012165252421919021,0.00013170490687159893,0.0001275628893378726,0.00012689825306231328
2030-12-04 07:00:00,0.00012319179861095485,0.00013951938190256356,0.00013479128647585835,0.0001362181692265829
2030-12-04 08:00:00,0.00012525956733449957,0.00014312722251008168,0.00013762354686989563,0.00013963788643471777
2030-12-04 09:00:00,0.00012672242156054272,0.00014349224409798027,0.00013879600470482993,0.00014009656576622975
2030-12-04 10:00:00,0.0001259233203572168,0.00014250385644650366,0.00013983704449521206,0.00014192251806805067
2030-12-04 11:00:00,0.00012540710759757109,0.00014112273848383177,0.0001396100385039569,0.00014115092953398412
2030-12-04 12:00:00,0.00012655875192191235,0.00014066586939249953,0.00013826283716094324,0.00013879821994115414
2030-12-04 13:00:00,0.00012545021717006433,0.00014046194690310251,0.00013691737615772486,0.00013687389428396557
2030-12-04 14:00:00,0.0001242947324461149,0.0001398844533499296,0.0001351195380106758,0.00013469300985129886
2030-12-04 15:00:00,0.00012324921119996265,0.000138398015848199,0.00013455390810172593,0.0001323681513667984
2030-12-04 16:00:00,0.00012258238876020696,0.0001346579707202365,0.00013304408143381585,0.00012917263668177869
2030-12-04 17:00:00,0.00012174920866444662,0.00013138101155472527,0.00013093721121356375,0.0001267022775887955
2030-12-04 18:00:00,0.00012120600977962309,0.00012862656407257146,0.00012796477482286258,0.0001227125798081805
2030-12-04 19:00:00,0.00012133202835956068,0.00012780567423076124,0.00012645538515576206,0.00012059753970878115
2030-12-04 20:00:00,0.00011994107754074379,0.00012600150278420803,0.00012380426429674558,0.000117481663747653
2030-12-04 21:00:00,0.0001191434471535969,0.00012284813442739313,0.00012016044975412614,0.00011341648386765884
2030-12-04 22:00:00,0.00011778530720848756,0.00011920543198465285,0.00011685116857227549,0.00010945429060214204
2030-12-04 23:00:00,0.00011599545232436441,0.00011719319059499835,0.00011408637586606618,0.00010662013694666904
2030-12-05 00:00:00,0.00011201791766810104,0.00011701751696949142,0.00011327541370064224,0.00010702358721219778
2030-12-05 01:00:00,0.00011122889913392838,0.00011675472186573358,0.00011215708632609181,0.0001059580710665785
2030-12-05 02:00:00,0.00011084891334087487,0.00011684513902518616,0.00011196461009007162,0.00010522391847553859
2030-12-05 03:00:00,0.00011045412866550288,0.00011636452885300974,0.00011123740163947602,0.00010610876403938262
2030-12-05 04:00:00,0.00011278112316247748,0.00011762717965670537,0.00011190705153963328,0.00010604737563572948
2030-12-05 05:00:00,0.00011413072730602838,0.00012270593130476039,0.00011587325084021693,0.00011062612188506485
2030-12-05 06:00:00,0.00011939604740963642,0.00013216183932783637,0.00012392996217170787,0.00012117479845926702
2030-12-05 07:00:00,0.00012371138842624525,0.00014133029169742075,0.00013256847409717762,0.00013172300195965747
2030-12-05 08:00:00,0.0001256057013761424,0.00014690634435538257,0.00013574457535678563,0.00013544195551392507
2030-12-05 09:00:00,0.0001258713601425743,0.00014789061473613948,0.00013795003039051077,0.00013654952634871607
2030-12-05 10:00:00,0.00012569388013200777,0.0001484852907546605,0.00013980855922871618,0.00013784976170148444
2030-12-05 11:00:00,0.00012557835621959668,0.0001470093548574996,0.00014021077221225596,0.00013805450540471504
2030-12-05 12:00:00,0.00012619892433666087,0.00014704668613138775,0.00013980733873944056,0.0001366643555508099
2030-12-05 13:00:00,0.00012736687815592608,0.0001471513534674573,0.00013939975881836194,0.00013713886481968112
2030-12-05 14:00:00,0.00012716135963476328,0.0001474766596808464,0.00013940450502688656,0.0001372155002540147
2030-12-05 15:00:00,0.00012687016787311058,0.00014844386011554525,0.00013967665344244177,0.00013790838564951038
2030-12-05 16:00:00,0.00012416155401183887,0.00014497518254835538,0.00013827565166386796,0.000134751980379725
2030-12-05 17:00:00,0.0001229829378412225,0.00014074983625888258,0.00013682941829718447,0.00013205841378668542
2030-12-05 18:00:00,0.0001214042545714966,0.00013635105917041252,0.00013381520555788223,0.00012891908826325886
2030-12-05 19:00:00,0.000121231688577363,0.000134177618467637,0.0001310646827991663,0.00012562316149979108
2030-12-05 20:00:00,0.00011984969339901876,0.00013135854759022998,0.0001285148013734821,0.0001229537423202134
2030-12-05 21:00:00,0.00011895571684786524,0.0001275553754530798,0.0001248506867277647,0.00011983958087396913
2030-12-05 22:00:00,0.00011673878512403449,0.00012421444291282348,0.00012176652553706483,0.00011581019619883633
2030-12-05 23:00:00,0.00011423681727005662,0.00012133902341945069,0.00011905907734852355,0.00011302080159380208
2030-12-06 00:00:00,0.00011219712420148732,0.00011914039149406044,0.00011715334736364874,0.00011137644389199572
2030-12-06 01:00:00,0.00011148603585789648,0.00011784119472356067,0.00011600425561552061,0.00010972358461941973
2030-12-06 02:00:00,0.00011081071346324297,0.00011683973977715612,0.0001159526051941168,0.00010977880197765638
2030-12-06 03:00:00,0.00011168776501225334,0.0001166242400874666,0.0001156889061164862,0.00010990832372239864
2030-12-06 04:00:00,0.00011359703151434222,0.00012069670180527895,0.00011774480380998934,0.00011230306619473855
2030-12-06 05:00:00,0.00011641700932477539,0.0001277927762347279,0.0001246740690058533,0.00012114374330748283
2030-12-06 06:00:00,0.00012158045808539726,0.00014129875140018287,0.00013824104219889205,0.0001374214116309543
2030-12-06 07:00:00,0.0001238662279706272,0.00015142498003951636,0.00014923122323287166,0.0001520062264737803
2030-12-06 08:00:00,0.00012614004277586435,0.00015507269367353517,0.00015304217128691455,0.000155456653685141
2030-12-06 09:00:00,0.00012707065298286422,0.0001564443947662036,0.00015394894491559504,0.0001563526472461776
2030-12-06 10:00:00,0.00012627231213307538,0.000156005784369477,0.0001550998646371174,0.00015849363540157354
2030-12-06 11:00:00,0.00012575120953873517,0.00015574988882776812,0.00015451282302981275,0.00015796631036689895
2030-12-06 12:00:00,0.00012807517058286157,0.0001552150129297752,0.00015428462050362082,0.00015723287530139968
2030-12-06 13:00:00,0.0001282215285765922,0.00015587985962076098,0.00015347486398458615,0.00015727447512986866
2030-12-06 14:00:00,0.00012897728499852156,0.0001574641565153961,0.0001538636881034438,0.00015627299123426426
2030-12-06 15:00:00,0.00012903063209968813,0.0001566431521968305,0.00015372042887734855,0.00015423924254140192
2030-12-06 16:00:00,0.00012630447463245377,0.00014936793130372706,0.00015051955372348357,0.00014941135575897895
2030-12-06 17:00:00,0.00012541979050072986,0.0001441075995798278,0.00014748016133719254,0.00014405201129825956
2030-12-06 18:00:00,0.00012330975255507332,0.00014015866118197197,0.00014363507253141396,0.00013944392845719177
2030-12-06 19:00:00,0.00012131120787814358,0.00013781029671810786,0.00013957885962411582,0.00013519606473061312
2030-12-06 20:00:00,0.00011839459759522595,0.00013436429729938662,0.00013655628551024462,0.00013093265357413275
2030-12-06 21:00:00,0.00011786449619375669,0.00013156197299032672,0.00013263964797238852,0.00012629000312373512
2030-12-06 22:00:00,0.00011574235622123106,0.00012812445386351732,0.00012805012121468472,0.00012143725239062179
2030-12-06 23:00:00,0.00011380824359953783,0.0001254582193601709,0.00012366006881771324,0.0001167606333291893
2030-12-07 00:00:00,0.00011238447772258062,0.00012065913450268048,0.0001183589586830893,0.00011187301486816663
2030-12-07 01:00:00,0.0001121296986144565,0.00011820354477845964,0.00011693711610483572,0.00011060050231807034
2030-12-07 02:00:00,0.00011222166456987445,0.0001170891097179842,0.00011596253675376284,0.00010965538525302488
2030-12-07 03:00:00,0.00011188634762754103,0.00011731701491052713,0.00011622379454395433,0.00011004655515065327
2030-12-07 04:00:00,0.00011331942998585925,0.00012139546561987217,0.00011731978154631929,0.00011245853228751874
2030-12-07 05:00:00,0.00011704633899975794,0.00013025523138641558,0.0001248409847634453,0.00012170075419548501
2030-12-07 06:00:00,0.00012390560859843592,0.00014576276332842254,0.0001394518110290958,0.0001395098947477632
2030-12-07 07:00:00,0.00012759089290471673,0.00015832248170825666,0.00015301055994023144,0.0001572764345137456
2030-12-07 08:00:00,0.0001300100435147587,0.00016242394377834738,0.00015727529626775053,0.00016298441761032043
2030-12-07 09:00:00,0.00013198527919903582,0.00016305094959302024,0.00015766872460086458,0.00016290147823269367
2030-12-07 10:00:00,0.00013059064246116826,0.00016238113062462376,0.0001582380858459322,0.00016452747436712341
2030-12-07 11:00:00,0.00012827896773294148,0.00016208414532665956,0.00015738409548375634,0.00016378172154625227
2030-12-07 12:00:00,0.00013045456055679983,0.00016066162430011048,0.00015690856693611652,0.00016120028939666027
2030-12-07 13:00:00,0.0001304772356231293,0.00016100975265729035,0.00015592273252983151,0.00016230061629837712
2030-12-07 14:00:00,0.00013044067140312977,0.00016157783588110426,0.0001553640270882105,0.00016074319529203976
2030-12-07 15:00:00,0.0001289066788552749,0.00015981489082142957,0.00015502603309087274,0.00015972239381831758
2030-12-07 16:00:00,0.0001259225180140546,0.000152405278803207,0.00015109272436896962,0.00015290383268391446
2030-12-07 17:00:00,0.00012391060913747388,0.0001459708567264146,0.00014679230386567614,0.000147084296993015
2030-12-07 18:00:00,0.00012139676471254376,0.0001406694700296857,0.00014162084021312934,0.0001406441799724422
2030-12-07 19:00:00,0.00012087448734390692,0.00013653107461109715,0.00013744268019227454,0.0001360189461716945
2030-12-07 20:00:00,0.00011940891305847455,0.00013324645339338675,0.0001337313878380444,0.00013163523140812517
2030-12-07 21:00:00,0.00011780661736428143,0.0001295907821903046,0.00012929397014792098,0.0001264265492092944
2030-12-07 22:00:00,0.0001149748728785011,0.00012551573756434918,0.00012420170957907166,0.00012195186419828967
2030-12-07 23:00:00,0.00011361825972858498,0.00012223550661087348,0.00012010303902209225,0.0001174811148546521
2030-12-08 00:00:00,0.00011256143310936152,0.00011769657449494861,0.00011717570121037767,0.00011452478574972957
2030-12-08 01:00:00,0.0001111546344204949,0.00011450468258467445,0.00011537038150729101,0.00011350834648084308
2030-12-08 02:00:00,0.0001109595247838555,0.00011371677658648276,0.00011478306072941737,0.00011258535305501561
2030-12-08 03:00:00,0.00011051599291818373,0.00011473300372015782,0.00011483983008339445,0.0001138523567088651
2030-12-08 04:00:00,0.00011231599981483432,0.00011853779208186397,0.00011682567031341647,0.00011613829148312417
2030-12-08 05:00:00,0.00011586930865882926,0.0001276930842551859,0.00012427577958002317,0.0001256401630757866
2030-12-08 06:00:00,0.0001236485152502201,0.00014407628642427317,0.00014015008375687502,0.0001453498925317061
2030-12-08 07:00:00,0.00012787848998924384,0.0001585099341798751,0.00015300017949729144,0.0001629447846408846
2030-12-08 08:00:00,0.00012959500372760339,0.0001632441668950132,0.00015750249805621661,0.00016783711682270787
2030-12-08 09:00:00,0.00013235476895381702,0.00016379132755564582,0.00015848685880803649,0.00016826308977198123
2030-12-08 10:00:00,0.00013171147384068385,0.00016239614656706218,0.0001591801302023548,0.00016931404228501674
2030-12-08 11:00:00,0.00013149092231005372,0.00016149630203375395,0.00015845370837022605,0.0001680863370136947
2030-12-08 12:00:00,0.00013316721620659392,0.00016231816091637484,0.00015762995711148133,0.0001662213232202863
2030-12-08 13:00:00,0.0001338133462485391,0.0001617332024365464,0.0001561886627741521,0.00016565906460037385
2030-12-08 14:00:00,0.00013390768824455036,0.00016242040051094747,0.00015550008351806091,0.00016392729231414432
2030-12-08 15:00:00,0.00013259713180459643,0.00015962275327885577,0.00015438995883633629,0.00016069547069445756
2030-12-08 16:00:00,0.00012953201523984245,0.0001510674375635298,0.00015018138547066926,0.00015383059934049627
2030-12-08 17:00:00,0.00012664876935492497,0.0001455471675319217,0.0001457825634531899,0.0001478785241829156
2030-12-08 18:00:00,0.0001246183058967923,0.00014060927354184343,0.00014022322882764027,0.00014223742571274156
2030-12-08 19:00:00,0.00012441577841082233,0.0001367325331973747,0.00013582892218897807,0.00013668650240241916
2030-12-08 20:00:00,0.0001234797590140239,0.00013190625075448987,0.00013214799589305454,0.00013192501466060272
2030-12-08 21:00:00,0.00012181102086812846,0.00012753349029566164,0.0001270830716128682,0.00012674401479917255
2030-12-08 22:00:00,0.00011852713618655765,0.00012303612584773602,0.00012164617316475286,0.00012136310493135257
2030-12-08 23:00:00,0.0001155802892807779,0.00011984827265033542,0.00011763381607876727,0.0001165804735994491
2030-12-09 00:00:00,0.00011276929574860898,0.00011895383157782174,0.0001145272681665549,0.00011444024473777556
2030-12-09 01:00:00,0.00011158201306423923,0.00011697411691864134,0.0001123118599004136,0.00011238608479510275
2030-12-09 02:00:00,0.00011191243654938633,0.00011474628817528903,0.00011137459560179772,0.00011133890234770122
2030-12-09 03:00:00,0.00011142463122009775,0.00011517302121826582,0.00011079446337137313,0.00011136350287246346
2030-12-09 04:00:00,0.00011317444162171851,0.00011781892994590221,0.00011334455300923509,0.00011468278388488404
2030-12-09 05:00:00,0.00011656292841574615,0.00012592220255594526,0.00012015227418439667,0.00012340895080468437
2030-12-09 06:00:00,0.00012330284582056874,0.00014008475111186867,0.00013289128816533269,0.00013917034125077296
2030-12-09 07:00:00,0.00012726242018482433,0.00015213359351658933,0.0001442381013775778,0.00015335741636749814
2030-12-09 08:00:00,0.0001293302318259635,0.00015670254161275206,0.00014815993088933955,0.00015746458073857497
2030-12-09 09:00:00,0.00013106364225407984,0.00015729356118947317,0.00014908743894352284,0.00015774671527759893
2030-12-09 10:00:00,0.00013023869178743858,0.00015699224841727476,0.00015034546934179332,0.0001593095533342843
2030-12-09 11:00:00,0.00013064317606151823,0.0001563630378127622,0.00015063381875792236,0.00015851516967008419
2030-12-09 12:00:00,0.0001310450331663524,0.0001553531770936509,0.0001496510759526825,0.0001572460574468059
2030-12-09 13:00:00,0.00013010702340860813,0.00015501454991955708,0.00014835284664058875,0.0001562121589985309
2030-12-09 14:00:00,0.00012963942765820106,0.00015575670522790556,0.0001478732387225428,0.00015449053809868285
2030-12-09 15:00:00,0.0001285359666354341,0.00015353767571167452,0.0001470409003547996,0.00015176383846457527
2030-12-09 16:00:00,0.0001263291318582697,0.00014695404626727325,0.000143350075309194,0.00014639094648385314
2030-12-09 17:00:00,0.00012540891396461263,0.00014213922372326369,0.00013947725797780271,0.00014071720374719457
2030-12-09 18:00:00,0.00012310860592732462,0.00013852426003130698,0.00013589946077795652,0.00013633186945696422
2030-12-09 19:00:00,0.0001221146377250374,0.00013393855214717407,0.0001316923236194251,0.0001318164563557741
2030-12-09 20:00:00,0.00012006108692403684,0.00013054953444291864,0.00012780644784171182,0.00012585141800275915
2030-12-09 21:00:00,0.00011943208699430083,0.00012586757239474406,0.00012331409370667357,0.00012099018571703171
2030-12-09 22:00:00,0.0001168085746627758,0.00012233146580838047,0.00011910747551765917,0.00011549123708079276
2030-12-09 23:00:00,0.00011451607860105074,0.0001196041634219536,0.00011526394429602321,0.00011162693556699737
2030-12-10 00:00:00,0.00011307307673511443,0.00011919899374775815,0.00011274558350044374,0.00010746969718540471
2030-12-10 01:00:00,0.00011269068069389488,0.000117418288484045,0.00011117801146715616,0.00010572901042549153
2030-12-10 02:00:00,0.00011251652549744808,0.00011574414804280398,0.00011028188944670705,0.00010435955996115742
2030-12-10 03:00:00,0.00011239245652939526,0.00011526124835188503,0.00010985498590235636,0.00010480322670492096
2030-12-10 04:00:00,0.00011449452803423211,0.00011616975726747647,0.00011104683012867673,0.00010595886727881329
2030-12-10 05:00:00,0.00011727204149624879,0.00011961126490409313,0.0001141247323768592,0.00011035324747466413
2030-12-10 06:00:00,0.00012242383130392872,0.00013000663108545576,0.00012226644252190998,0.00012097722018599142
2030-12-10 07:00:00,0.00012506162998529273,0.00013705620280608015,0.00013054266839736752,0.00013171515556724297
2030-12-10 08:00:00,0.00012716598368226687,0.00014115427324247587,0.00013402872648623425,0.00013680247413487933
2030-12-10 09:00:00,0.00012927307396599404,0.0001425696687237318,0.00013583775692368034,0.00013793229665432747
2030-12-10 10:00:00,0.00012952071069993143,0.00014230920496344958,0.000137750238324318,0.0001400808630008029
2030-12-10 11:00:00,0.0001291856828309275,0.00014257360779364024,0.00013793376261728743,0.0001404219637810229
2030-12-10 12:00:00,0.00012971111246942176,0.00014271507743449829,0.00013796237004237805,0.00013866024293560344
2030-12-10 13:00:00,0.00013016701130439065,0.0001425603794414945,0.00013722298376985382,0.0001382844685658998
2030-12-10 14:00:00,0.0001307882788705549,0.00014426310011725484,0.0001369993097900749,0.00013626717935829382
2030-12-10 15:00:00,0.00013038180357709692,0.00014155652756870867,0.0001374036373364704,0.00013588255510329909
2030-12-10 16:00:00,0.00012796909987969422,0.0001378651743799292,0.00013540496450263696,0.00013337474300505306
2030-12-10 17:00:00,0.00012597026678717996,0.000133831017835231,0.0001331515332994321,0.00013017204512231925
2030-12-10 18:00:00,0.00012345130962264705,0.00012945831704973227,0.00013001633786574308,0.00012592373252997543
2030-12-10 19:00:00,0.0001217245006375057,0.00012636180395934123,0.0001267042268390791,0.00012184844056174579
2030-12-10 20:00:00,0.00012145710637504194,0.0001246118461846239,0.00012328401744906756,0.00011804953574782429
2030-12-10 21:00:00,0.0001186610011538487,0.0001224365842652524,0.00011988351719455584,0.00011418572144028692
2030-12-10 22:00:00,0.00011669554026971312,0.00011817835768951592,0.00011627852729548737,0.00011011543759158294
2030-12-10 23:00:00,0.0001145767700746283,0.00011557881538377711,0.00011341944452553149,0.0001074759307247609
2030-12-11 00:00:00,0.00011543007259680385,0.00011953451597266325,0.00011491023328524691,0.00011080023569181663
2030-12-11 01:00:00,0.00011465347637691704,0.0001171466586524457,0.00011296808509661085,0.00010947872341700394
2030-12-11 02:00:00,0.0001139230495275296,0.00011629998518067489,0.00011231116443000835,0.00010752105073993689
2030-12-11 03:00:00,0.00011477133164111423,0.00011634241658919908,0.00011220818208266614,0.00010808383607887036
2030-12-11 04:00:00,0.00011571643636129907,0.00011901229122041191,0.00011294610182534256,0.00010987755586742813
2030-12-11 05:00:00,0.00011768990841633824,0.0001245487628178293,0.00011706423190802724,0.00011552196236816611
2030-12-11 06:00:00,0.00012412672237530328,0.0001378270409925953,0.00012824166194558257,0.00012993079673841838
2030-12-11 07:00:00,0.00012835475318103142,0.00014710439461874353,0.00013955616475190902,0.00014436327968193243
2030-12-11 08:00:00,0.0001293310553279897,0.00015105344150841146,0.00014405879658631408,0.00014981651488691497
2030-12-11 09:00:00,0.0001311489009762834,0.00015152012155690968,0.00014494132816421327,0.0001509108128217358
2030-12-11 10:00:00,0.00012998648391975392,0.00015279588500805588,0.00014688647900458818,0.0001529865443652221
2030-12-11 11:00:00,0.0001292379812426839,0.00015306269933878695,0.0001473164065237736,0.00015290316647944432
2030-12-11 12:00:00,0.0001307927643946835,0.00015290035372144005,0.00014684373045079606,0.0001504718866650266
2030-12-11 13:00:00,0.00013179264158214287,0.00015232405948503716,0.00014572049752421156,0.00015025521074755425
2030-12-11 14:00:00,0.0001313456533627426,0.00015286257023499795,0.00014534434376421165,0.00014856622677172508
2030-12-11 15:00:00,0.00013110645474949829,0.00015169228641501045,0.0001460498015032967,0.00014737339419041107
2030-12-11 16:00:00,0.0001292661889906031,0.00014636017456449887,0.00014333131696829483,0.00014424646772063043
2030-12-11 17:00:00,0.0001276961867015434,0.0001421788009198136,0.0001408843684699447,0.00013991644683320246
2030-12-11 18:00:00,0.00012619689584164104,0.00013744773937846298,0.00013617268971648222,0.00013451122154515817
2030-12-11 19:00:00,0.00012494703982046022,0.0001334185969109621,0.00013256176192427615,0.0001309692251027601
2030-12-11 20:00:00,0.00012410196757085655,0.0001309918353260527,0.0001292940438759859,0.00012644584669761248
2030-12-11 21:00:00,0.00012289463116922799,0.0001263973571268842,0.00012522687462540694,0.00012115796736965283
2030-12-11 22:00:00,0.00011979677533381695,0.00012349252589640585,0.00012139895291948774,0.00011672383425490633
2030-12-11 23:00:00,0.0001174989160714535,0.00012016665387494152,0.00011776333636446248,0.00011365271738006115
2030-12-12 00:00:00,0.00011649996273992367,0.00011776478265513969,0.00011640068103742084,0.00011096949861249094
2030-12-12 01:00:00,0.00011641463246146945,0.0001151530506729775,0.00011480344120778625,0.00010972871675208587
2030-12-12 02:00:00,0.00011584121881229744,0.00011419313235907229,0.00011359248295747541,0.00010958416371942452
2030-12-12 03:00:00,0.00011575836909426135,0.00011479145654228648,0.0001130718291780516,0.00010959840022085559
2030-12-12 04:00:00,0.00011769850732503929,0.00011727633561127314,0.00011359675540941808,0.00011119545170078495
2030-12-12 05:00:00,0.0001189409668195039,0.0001227786580097507,0.00011794898306230161,0.00011696078337923128
2030-12-12 06:00:00,0.0001259382763775397,0.00013437068379380514,0.00012902800039486573,0.0001317777936786686
2030-12-12 07:00:00,0.00012963255055410436,0.00014514910124385593,0.00014001499379644373,0.0001464450519293063
2030-12-12 08:00:00,0.0001314671536487367,0.0001515819698398982,0.00014467767540165833,0.00015129591258201573
2030-12-12 09:00:00,0.00013304439515464452,0.00015254690141341577,0.00014596289488992198,0.00015154221752718713
2030-12-12 10:00:00,0.0001327427008635459,0.00015304234093855025,0.0001474996631698555,0.00015377697209407773
2030-12-12 11:00:00,0.00013229243698867428,0.00015315260897764063,0.00014754597535618897,0.00015348317738632996
2030-12-12 12:00:00,0.00013433489963920835,0.0001535400079258287,0.00014731101487436434,0.0001521205564430389
2030-12-12 13:00:00,0.0001363864143947505,0.00015556108581500405,0.00014711252411626208,0.00015141481070533378
2030-12-12 14:00:00,0.00013657281804087243,0.00015777187774871937,0.00014740918333198922,0.00015051923255068067
2030-12-12 15:00:00,0.00013527281220370168,0.0001581609497336255,0.00014832285540185958,0.00015106303449604496
2030-12-12 16:00:00,0.00013304830451365358,0.0001515985644070331,0.00014557470436588272,0.00014735019745446462
2030-12-12 17:00:00,0.00013158978063771285,0.00014636529729061698,0.00014267041117689043,0.00014310389767260625
2030-12-12 18:00:00,0.00013026295896598203,0.00014283064522764363,0.00013854857096430676,0.00013866487099808706
2030-12-12 19:00:00,0.00012992728780011973,0.0001386449429976208,0.00013520360729698297,0.00013540019453515362
2030-12-12 20:00:00,0.0001271536772760336,0.00013583949362906174,0.00013212474409510737,0.00013143276002248395
2030-12-12 21:00:00,0.00012573190480724241,0.00013057738707573937,0.0001279313281187503,0.00012644237906680748
2030-12-12 22:00:00,0.0001236407739926791,0.00012706795613838117,0.00012344472782133996,0.00012143568723376721
2030-12-12 23:00:00,0.00012132551080971311,0.0001221972695052932,0.00012020394492461884,0.00011744023053258503
2030-12-13 00:00:00,0.00011903744463345482,0.0001198297201419432,0.00011688503474138195,0.00011509470544951598
2030-12-13 01:00:00,0.00011844494930674302,0.00011744432540476094,0.00011520661963639121,0.00011353829377140879
2030-12-13 02:00:00,0.00011681907571544255,0.00011690597985346573,0.00011420642627810376,0.00011206301784763286
2030-12-13 03:00:00,0.00011753479113529575,0.00011818000695698445,0.00011474184835812311,0.00011226474175217647
2030-12-13 04:00:00,0.00011854732120669303,0.00012078675387284179,0.00011598502813072238,0.00011444130056689757
2030-12-13 05:00:00,0.00012064744978342173,0.00012825138902764272,0.00012200779088528929,0.00012104325851688025
2030-12-13 06:00:00,0.0001280649044099791,0.00014387046290532455,0.0001354829192714775,0.000138094265693456
2030-12-13 07:00:00,0.0001316771925525769,0.0001566311653161625,0.000148459194302207,0.00015500965512898611
2030-12-13 08:00:00,0.00013407104818446004,0.0001595344478918039,0.00015284394909543926,0.00016069417477618947
2030-12-13 09:00:00,0.00013585549789655978,0.00016065293202675957,0.00015344341512678734,0.0001599792835234929
2030-12-13 10:00:00,0.00013481314573041977,0.00016173079063978277,0.00015497832165842017,0.00016188684348054168
2030-12-13 11:00:00,0.00013498460728987954,0.00016099038500360665,0.00015554499358814644,0.0001606983401615184
2030-12-13 12:00:00,0.00013559168402327578,0.00016137888622574584,0.0001554659184342535,0.00015892349301688157
2030-12-13 13:00:00,0.0001373822292082028,0.00016343162470747159,0.0001549744767772662,0.00015906005722390548
2030-12-13 14:00:00,0.00013774566308980056,0.00016357182601235622,0.0001545955425038018,0.00015736462505935134
2030-12-13 15:00:00,0.00013772443155870927,0.0001626134884329197,0.00015494995582381027,0.00015737272481402732
2030-12-13 16:00:00,0.00013386925898327737,0.00015636175742599507,0.00015181692270070988,0.000152237051508592
2030-12-13 17:00:00,0.0001317797754692796,0.00015084042699794805,0.0001487079987521484,0.00014720578447449112
2030-12-13 18:00:00,0.00012994761525999702,0.00014693347994162008,0.0001436886316755226,0.00014098449536430934
2030-12-13 19:00:00,0.0001283247701218506,0.0001419538782379526,0.0001393050073548354,0.00013722920682413014
2030-12-13 20:00:00,0.00012693352482634493,0.00013867941316345373,0.00013553033256200015,0.0001318450585236389
2030-12-13 21:00:00,0.00012637861826154067,0.00013439196675913245,0.00013090141065579504,0.000127001825471891
2030-12-13 22:00:00,0.00012394487697814583,0.00013038573535167436,0.00012599784957642015,0.00012241379781316122
2030-12-13 23:00:00,0.00012175279508217989,0.00012732476171619392,0.00012244597806816156,0.00011813025602711808
2030-12-14 00:00:00,0.00011946605553789362,0.00012407542643986215,0.00011942561024535633,0.00011563099536066346
2030-12-14 01:00:00,0.00011879907042711165,0.00012227171923636656,0.00011788563540647651,0.00011337359782927598
2030-12-14 02:00:00,0.00011834687956337993,0.00012119387875482236,0.0001166934399742118,0.0001126240641255303
2030-12-14 03:00:00,0.00011774084751248767,0.00012191433903403466,0.00011636642107096299,0.00011211031778858677
2030-12-14 04:00:00,0.00011977285773869786,0.00012530536254435845,0.00011759506114002263,0.00011354947779564384
2030-12-14 05:00:00,0.00012284112199454703,0.00013257143208100474,0.00012228954465825088,0.0001204626942271447
2030-12-14 06:00:00,0.00012953167045681927,0.0001482064789277142,0.00013495425742796055,0.00013783728074323422
2030-12-14 07:00:00,0.0001345766305110014,0.00015905444868283307,0.00014724137252521277,0.00015473378820700514
2030-12-14 08:00:00,0.0001370096270575152,0.00016502441609542718,0.00015187137753133327,0.00016091771920803637
2030-12-14 09:00:00,0.0001379106083564307,0.000166189212651959,0.00015286504946993953,0.00016020710930500794
2030-12-14 10:00:00,0.00013711116555916383,0.000165575835393361,0.00015408286012193835,0.00016130557183667088
2030-12-14 11:00:00,0.00013633086051794286,0.0001651644062389311,0.0001545293120497404,0.00016101654167603418
2030-12-14 12:00:00,0.00013743749078461162,0.00016477648048278214,0.00015369205664800105,0.00015843059776382058
2030-12-14 13:00:00,0.00013960006717561357,0.00016723517976260927,0.00015348284763995481,0.0001588627335247877
2030-12-14 14:00:00,0.0001392188782640309,0.00016932717809204828,0.0001536252984684213,0.0001578854455427743
2030-12-14 15:00:00,0.0001390067977298903,0.00016725745358443794,0.00015477196792140657,0.00015806782750919546
2030-12-14 16:00:00,0.0001369533115618163,0.0001594841194513182,0.00015087716093923844,0.00015295624809506981
2030-12-14 17:00:00,0.00013584622128525728,0.0001537649399668531,0.0001476861906350123,0.0001486963280385343
2030-12-14 18:00:00,0.00013417478762074893,0.000148753292299154,0.00014346621495163613,0.00014321463237196457
2030-12-14 19:00:00,0.0001321834094428698,0.00014470174433193973,0.00013949549788132537,0.00013839426017419682
2030-12-14 20:00:00,0.00012836340684405635,0.00014015186662383604,0.00013624422098330183,0.0001332597293437861
2030-12-14 21:00:00,0.00012856008840663225,0.00013762670185345568,0.00013138965131197217,0.00012742140389841866
2030-12-14 22:00:00,0.00012592172585567686,0.00013353734724005895,0.00012645682207935877,0.0001231501089416907
2030-12-14 23:00:00,0.0001237542900985059,0.00013096669097199774,0.00012262957786392676,0.00011777892668327816
2030-12-15 00:00:00,0.00012125686388277249,0.00012630173470073324,0.00011958563217911518,0.00011344855543638649
2030-12-15 01:00:00,0.00011972836650703234,0.0001245230275626871,0.00011717880837639474,0.00011204161408330431
2030-12-15 02:00:00,0.0001191017218752598,0.00012266892525945172,0.00011606860558314781,0.00011062121603401388
2030-12-15 03:00:00,0.00011804754146864499,0.0001239050306340288,0.00011557387956592473,0.0001110183851005957
2030-12-15 04:00:00,0.00011939168546535074,0.0001250413214983033,0.00011656918854377482,0.00011273012326837039
2030-12-15 05:00:00,0.00012057434978264294,0.00013120303496907086,0.00012163631472951548,0.00011926465097763287
2030-12-15 06:00:00,0.0001277212483332854,0.00014544943952991672,0.00013434891828395464,0.0001348048029548984
2030-12-15 07:00:00,0.00013083925083998832,0.00015649314414555398,0.00014718913114449066,0.00015058566258749237
2030-12-15 08:00:00,0.00013180697747188774,0.0001619169229152412,0.000151251533415693,0.00015647002811374232
2030-12-15 09:00:00,0.0001339949894868543,0.0001618525122768861,0.00015145455143403692,0.0001560273706424663
2030-12-15 10:00:00,0.00013448711405223036,0.0001623739018035433,0.00015224457510818333,0.0001579701138289205
2030-12-15 11:00:00,0.00013428379656153382,0.0001618809430076781,0.00015238646731344005,0.00015727489578442792
2030-12-15 12:00:00,0.0001366947023555605,0.0001614058873442536,0.0001513923529100643,0.0001553056699530076
2030-12-15 13:00:00,0.00013785667732321935,0.00016268773588438873,0.0001504894034162852,0.00015451462004765145
2030-12-15 14:00:00,0.00013788978111479706,0.00016312553308741234,0.00015045097701742722,0.00015316931519449354
2030-12-15 15:00:00,0.00013755012271946275,0.00016343013670250476,0.0001508374211084205,0.0001523638503358905
2030-12-15 16:00:00,0.00013407799357708166,0.00015705457747250184,0.0001478361578627,0.0001477754537941995
2030-12-15 17:00:00,0.00013219905568953623,0.00015063030885936317,0.00014449562849599154,0.00014340870682530353
2030-12-15 18:00:00,0.00013028170084728477,0.00014498010834424402,0.0001399691010957905,0.00013834872481999935
2030-12-15 19:00:00,0.00013009197813322067,0.00014187539657429962,0.00013588559052946499,0.00013378057985335615
2030-12-15 20:00:00,0.0001282714313998501,0.00013972408819210285,0.00013218671429447,0.0001287869413916035
2030-12-15 21:00:00,0.00012853101508743955,0.0001367919437418649,0.00012851272312002507,0.00012444810294473757
2030-12-15 22:00:00,0.00012648640305219127,0.00013225675819027795,0.0001236573922044544,0.00012037368355700801
2030-12-15 23:00:00,0.00012491914435732964,0.0001288627089802056,0.0001201427811215893,0.00011616237642211604
2030-12-16 00:00:00,0.00012125868992506379,0.00012579252936547437,0.00011721944567802708,0.0001127000509163784
2030-12-16 01:00:00,0.00012141719333216387,0.00012276667835575745,0.00011514141697208597,0.00011079855106456939
2030-12-16 02:00:00,0.00012099631558661319,0.00012223783302925875,0.00011425883989341257,0.00010985026371997911
2030-12-16 03:00:00,0.00012042216751245568,0.00012117404149650285,0.0001140721598352328,0.00010999334838583888
2030-12-16 04:00:00,0.0001223153121594503,0.0001248411711584693,0.00011558496087538255,0.000112218678677922
2030-12-16 05:00:00,0.0001252802037811574,0.00013113552969529077,0.00012155535015211542,0.00011886365306275604
2030-12-16 06:00:00,0.00013214630594730772,0.0001461746359095346,0.00013488531690703773,0.00013599188110533284
2030-12-16 07:00:00,0.00013625027529386678,0.00015886945830800148,0.00014794072825034642,0.00015403382643824876
2030-12-16 08:00:00,0.00013803974604620817,0.0001646150629608531,0.00015309880569548874,0.00015991558143465455
2030-12-16 09:00:00,0.00013995122530017197,0.00016458738209326667,0.00015379078005444937,0.00015913511005300078
2030-12-16 10:00:00,0.0001382177441692679,0.00016340847448791874,0.00015508375432743697,0.0001601903883231192
2030-12-16 11:00:00,0.00013757503021593237,0.00016283672092590326,0.0001544011654050769,0.00015851342000509154
2030-12-16 12:00:00,0.00013988332368495578,0.0001617371883492177,0.00015326789628702765,0.00015627725657217425
2030-12-16 13:00:00,0.00014138391840010529,0.00016222347833080302,0.00015306340031985484,0.00015564977988585528
2030-12-16 14:00:00,0.00014080477436264024,0.00016142269991339757,0.0001524703446168177,0.00015431129894654202
2030-12-16 15:00:00,0.00014110029606590675,0.0001614273369466061,0.0001531972320946345,0.0001541891511279121
2030-12-16 16:00:00,0.00013719146870508792,0.00015519228047634082,0.00015016698065827648,0.0001495851416850715
2030-12-16 17:00:00,0.00013595979826654185,0.0001498085836648434,0.0001462329764249765,0.00014462958424633714
2030-12-16 18:00:00,0.0001334392295375659,0.00014514298640548912,0.00014138835348498816,0.0001392386045151107
2030-12-16 19:00:00,0.0001322764459336396,0.00014073505465493497,0.00013681139175245058,0.0001350210762142335
2030-12-16 20:00:00,0.00013004305966312046,0.00013718809744864776,0.00013242065660168544,0.00013030027859417415
2030-12-16 21:00:00,0.0001296745836923718,0.00013437971110733535,0.00012791436521856293,0.00012436714784238472
2030-12-16 22:00:00,0.0001271462651880272,0.0001292691365092267,0.00012296071269322483,0.0001194516385388479
2030-12-16 23:00:00,0.0001246838986199542,0.00012512779543609188,0.00011927503669263953,0.00011566480548143522
2030-12-17 00:00:00,0.00012224782292350936,0.0001205780472069063,0.00011652294320258427,0.00011313535242626275
2030-12-17 01:00:00,0.00012055221501690552,0.0001186161987475188,0.00011493009040145013,0.00011179785818393102
2030-12-17 02:00:00,0.00011943465772442505,0.00011794712654225226,0.00011332416961354317,0.0001098864576405268
2030-12-17 03:00:00,0.00011957961295923795,0.00011773185424392827,0.00011277384644137051,0.0001094570179797022
2030-12-17 04:00:00,0.00011980603556217431,0.00012000267937055856,0.00011341139023432129,0.00011110829966247537
2030-12-17 05:00:00,0.00012193835251319098,0.00012555207926624422,0.0001180501768161064,0.00011674888791638233
2030-12-17 06:00:00,0.00012862852420326355,0.0001378047729106001,0.00012874135975924635,0.00013001892634358455
2030-12-17 07:00:00,0.00013229363925567852,0.00014831809796823236,0.0001389965786228532,0.00014437452228528166
2030-12-17 08:00:00,0.00013500624846815974,0.00015199471531631152,0.00014380325973254474,0.0001502761174158178
2030-12-17 09:00:00,0.000136990630670623,0.00015315931736565105,0.00014485909363238584,0.00015022737807055193
2030-12-17 10:00:00,0.00013612889125939296,0.00015315418401692398,0.00014642697991518771,0.00015204899981846088
2030-12-17 11:00:00,0.00013625302364738776,0.00015294887584231905,0.00014661128068688248,0.00015158457782912043
2030-12-17 12:00:00,0.00013660568446170182,0.00015226134253468632,0.00014567406544983516,0.0001492475396807579
2030-12-17 13:00:00,0.00013761375917143798,0.00015249578717726662,0.00014406950135304424,0.00014883044189779694
2030-12-17 14:00:00,0.0001369088640739983,0.00015436558063341375,0.0001448492417322564,0.00014676728669705072
2030-12-17 15:00:00,0.00013620267591143607,0.000152788133070062,0.00014483902587641675,0.00014762563390955915
2030-12-17 16:00:00,0.00013342548242829052,0.00014766127071111446,0.00014197563798793567,0.00014330938751296512
2030-12-17 17:00:00,0.00013263718272714332,0.0001443745952358913,0.00013929332972845282,0.00013910186903373992
2030-12-17 18:00:00,0.00013054702908584865,0.00013935598016277557,0.00013545392344335084,0.0001340860533484085
2030-12-17 19:00:00,0.00012900413393529268,0.00013554468989810075,0.00013108338316047044,0.00012938397571496458
2030-12-17 20:00:00,0.00012692208758930063,0.00013347870307255528,0.00012706360832212175,0.00012465327899619468
2030-12-17 21:00:00,0.00012394379638905984,0.00012767309374620654,0.00012234127702186697,0.00011869062409452613
2030-12-17 22:00:00,0.00012064849597848018,0.00012321315841295338,0.00011778949466635918,0.0001139470077150453
2030-12-17 23:00:00,0.00011932870640890046,0.0001209505219657231,0.00011325051250573197,0.00011011277266244469
2030-12-18 00:00:00,0.00011853963369200403,0.00011701428904402987,0.00011061752479220581,0.00010709565060345908
2030-12-18 01:00:00,0.00011583031644095214,0.0001136063930941454,0.00010848499717545099,0.00010582900847420176
2030-12-18 02:00:00,0.00011600231552562762,0.00011266101748690183,0.00010758230728440689,0.00010451228797278477
2030-12-18 03:00:00,0.00011623593865732727,0.00011242294083375071,0.00010732017051202718,0.00010468250308039224
2030-12-18 04:00:00,0.00011859056091047843,0.0001146593044946747,0.00010804792359131996,0.000106202673488787
2030-12-18 05:00:00,0.00011989755735841325,0.00011946086045330168,0.00011248005430016111,0.00011215580837148024
2030-12-18 06:00:00,0.00012595860451192282,0.0001325887140067162,0.00012301237382175662,0.00012475289053776116
2030-12-18 07:00:00,0.00013034781917875446,0.00014369399450456133,0.00013355470134514925,0.00013967907335891888
2030-12-18 08:00:00,0.00013288473879793483,0.00014879158881325895,0.00013881830498277335,0.00014429108611382495
2030-12-18 09:00:00,0.0001353722542859872,0.00014950755530812642,0.00013982633058900323,0.00014427177902374494
2030-12-18 10:00:00,0.00013470182774121488,0.00014964203483984055,0.00014175359347228322,0.00014594892700222164
2030-12-18 11:00:00,0.00013487688328400914,0.00014940278722485993,0.00014223342679090667,0.00014542699107533816
2030-12-18 12:00:00,0.00013738636790049347,0.00014986513374628093,0.0001414645803482315,0.00014225490437999052
2030-12-18 13:00:00,0.00013760291381040556,0.0001500622773794854,0.00014050627749132816,0.0001423965127655314
2030-12-18 14:00:00,0.00013678595936692263,0.0001491842534495033,0.00014033340835046423,0.00014150025209393007
2030-12-18 15:00:00,0.00013681409432042725,0.00014808185906098835,0.000140935065055092,0.00014130855366816577
2030-12-18 16:00:00,0.00013435349049476097,0.00014298428964108412,0.00013827062122463411,0.00013768008116462976
2030-12-18 17:00:00,0.0001337175180677255,0.00013813050272976876,0.0001354142934551148,0.00013376329805948325
2030-12-18 18:00:00,0.0001318652765141213,0.00013510373660173493,0.00013116438373622917,0.0001298355726454523
2030-12-18 19:00:00,0.00013123519775009766,0.0001311764094212424,0.000127451367729422,0.00012720302320413804
2030-12-18 20:00:00,0.0001298930390316872,0.00012938874387809145,0.00012418087757368104,0.00012293654369461215
2030-12-18 21:00:00,0.00012952629598094728,0.000125459968663206,0.0001201875822406418,0.00011859979440981775
2030-12-18 22:00:00,0.00012703832105560175,0.00012217094320857345,0.00011630778065466222,0.00011332215368648785
2030-12-18 23:00:00,0.00012519448316973986,0.00011903043503534673,0.00011253161562183342,0.0001097716592589549
2030-12-19 00:00:00,0.0001228951428643298,0.0001149819608203005,0.00011058157248961045,0.00010718925688493056
2030-12-19 01:00:00,0.00012223991094412556,0.00011407966547559475,0.00010956639265543291,0.0001048012018150458
2030-12-19 02:00:00,0.0001226247358141888,0.00011217473189818808,0.0001094111936890922,0.00010499014567732746
2030-12-19 03:00:00,0.00012206620736457436,0.0001111826976626164,0.00010881622670489032,0.00010575258180492752
2030-12-19 04:00:00,0.0001226188670737718,0.00011380261241625914,0.00010933890589087883,0.00010655383370082717
2030-12-19 05:00:00,0.0001245851849926735,0.00011861445702317274,0.00011378576504835764,0.00011277634425078624
2030-12-19 06:00:00,0.00012923264489661095,0.0001315901569345532,0.0001240834435901,0.00012594405836880205
2030-12-19 07:00:00,0.00013266811101684883,0.00014164246961349255,0.0001351801964785865,0.00014051412428211704
2030-12-19 08:00:00,0.00013381419357958563,0.00014760983409200184,0.00014012637137827386,0.00014520757488076076
2030-12-19 09:00:00,0.0001367568036980564,0.00015010835240347178,0.0001412521592520632,0.00014456560245124276
2030-12-19 10:00:00,0.00013578722656300762,0.00015066699008681352,0.00014225256085271954,0.00014650151937767384
2030-12-19 11:00:00,0.00013467780006867205,0.00014898941868829075,0.00014234320925287752,0.0001463732746986619
2030-12-19 12:00:00,0.00013600397646927647,0.00014854207778578285,0.000141136343990054,0.00014412965703970338
2030-12-19 13:00:00,0.00013830332459606893,0.00015204825115656961,0.00014158946416727565,0.0001448384376621178
2030-12-19 14:00:00,0.00013886745470781202,0.00015298750339016415,0.00014209737484622417,0.0001437909671174152
2030-12-19 15:00:00,0.00013809232187598342,0.0001514276207290961,0.00014402861254663794,0.00014499592642638645
2030-12-19 16:00:00,0.000136096780124421,0.00014646727567233766,0.00014105120593691937,0.000141587162300131
2030-12-19 17:00:00,0.00013473512834582163,0.00014323239298257763,0.0001385145326223688,0.00013670921136764877
2030-12-19 18:00:00,0.00013253219494090444,0.00014005971620484613,0.00013486889922544645,0.0001323657006208174
2030-12-19 19:00:00,0.00013090271465835784,0.00013601565724669757,0.00013123188933778442,0.00012984062067446776
2030-12-19 20:00:00,0.00012815274669314303,0.00013203043861471906,0.00012744507257686543,0.00012566483059496834
2030-12-19 21:00:00,0.0001281311147481551,0.00012785612505510262,0.0001234696781634558,0.00012129368386101485
2030-12-19 22:00:00,0.00012647918062161603,0.00012495397942683756,0.00011957171360971075,0.00011700881406153459
2030-12-19 23:00:00,0.00012523387637280995,0.00012056998577391338,0.00011612828793863127,0.00011362387774635323
2030-12-20 00:00:00,0.00012268090705551326,0.00011637513498700452,0.00011302132012136648,0.00011060438174633569
2030-12-20 01:00:00,0.0001229061800548882,0.00011344650243812223,0.00011101535723095096,0.00010808744211738771
2030-12-20 02:00:00,0.00012177293170568453,0.00011275398792846258,0.00011027694786688298,0.00010727287006873135
2030-12-20 03:00:00,0.00012132240644569805,0.00011304136635249325,0.00010973029669543051,0.00010714633113336254
2030-12-20 04:00:00,0.00012297613899163088,0.00011615653390834729,0.00010999116952929927,0.00010895083549982876
2030-12-20 05:00:00,0.00012532178029427292,0.00012227580951976402,0.0001153013758716439,0.00011491040764516735
2030-12-20 06:00:00,0.0001320113214455129,0.00013681545136182247,0.00012826851966220542,0.00013037194614504746
2030-12-20 07:00:00,0.00013639844858886707,0.00014904949801475956,0.0001403138134347032,0.00014702272784946965
2030-12-20 08:00:00,0.00013802988510150773,0.0001540543040166182,0.0001449665395066766,0.0001520725955449778
2030-12-20 09:00:00,0.0001401591919464687,0.00015599565297172977,0.0001453215553181114,0.00015086632759595906
2030-12-20 10:00:00,0.00014052585835585277,0.00015525040636083832,0.0001462108702993709,0.00015239056447739294
2030-12-20 11:00:00,0.00014064141926589614,0.0001552954080622113,0.0001453320389272934,0.00015147469594838534
2030-12-20 12:00:00,0.0001426006448860265,0.00015424140222915786,0.00015255407768616125,0.00014842033010329734
2030-12-20 13:00:00,0.00014382144812768435,0.000155291880021042,0.00014348671065477137,0.00014884367630695403
2030-12-20 14:00:00,0.00014245320671087608,0.00015776007812545717,0.00014340386459845035,0.000146600035891169
2030-12-20 15:00:00,0.00014160420655649232,0.000157553873747801,0.00014439010966138828,0.00014672684168004263
2030-12-20 16:00:00,0.0001377693464624142,0.00014984729304812352,0.0001409916949790399,0.00014190017446221993
2030-12-20 17:00:00,0.0001358898503477051,0.0001440403674114779,0.00013796590621107654,0.00013771012121083123
2030-12-20 18:00:00,0.0001351985485156088,0.00014066229017511804,0.00013398161364045445,0.00013228044061563247
2030-12-20 19:00:00,0.0001335354823545363,0.00013873915357601668,0.00012988286283819648,0.0001287818454297716
2030-12-20 20:00:00,0.00013154329664125225,0.00013530887934944292,0.0001262636819971887,0.0001240044642107488
2030-12-20 21:00:00,0.00013035613314865712,0.00013167078456051575,0.00012157515909174486,0.00011906142732507747
2030-12-20 22:00:00,0.00012726840104562535,0.00012747183713394472,0.00011738910790537989,0.00011438963192612946
2030-12-20 23:00:00,0.00012543200850121793,0.00012478961907791639,0.00011358354609666856,0.00011081880755521434
2030-12-21 00:00:00,0.00012319481184190165,0.0001228272304484622,0.00011074915941725015,0.00010704669035894471
2030-12-21 01:00:00,0.00012288693162617646,0.00012076031412683891,0.00010886297690988287,0.00010580053026909965
2030-12-21 02:00:00,0.00012180726235787453,0.00011883389084207576,0.0001074406438767241,0.00010512329381946587
2030-12-21 03:00:00,0.000120505198177678,0.00011846687060649113,0.00010739305117354986,0.00010499298147317136
2030-12-21 04:00:00,0.00012156766497504823,0.00012133829194263472,0.00010924370633661088,0.00010626973879817405
2030-12-21 05:00:00,0.00012470071036986636,0.00012745306333545187,0.00011376657819366445,0.00011316082482454616
2030-12-21 06:00:00,0.00013262066935585028,0.00014117753822106112,0.0001263959332009832,0.00012890497651241005
2030-12-21 07:00:00,0.00013760679475836906,0.00015362378722258462,0.00013861001053774852,0.00014568458659197834
2030-12-21 08:00:00,0.00013903633100202122,0.00015936422992143495,0.00014392524796596177,0.0001514260382879073
2030-12-21 09:00:00,0.0001408878467694648,0.0001605862073557474,0.00014463969238237199,0.0001512619228215901
2030-12-21 10:00:00,0.0001401721295559008,0.00015998631730099227,0.00014548614675924577,0.00015214112811229834
2030-12-21 11:00:00,0.00014026512922774416,0.00015926495213788102,0.00014510914193215907,0.00015204578145777575
2030-12-21 12:00:00,0.00014205893670544514,0.0001594372367411982,0.00014460217932381128,0.0001501203730481856
2030-12-21 13:00:00,0.0001436283015520631,0.00016127241413204608,0.00014440595574935692,0.00015068537482189212
2030-12-21 14:00:00,0.00014208445834316217,0.00016263315041786252,0.00014466385007453944,0.00014991279120393452
2030-12-21 15:00:00,0.00014169157578431714,0.00015936462587321643,0.00014472250579925774,0.00014946332247199313
2030-12-21 16:00:00,0.0001388105533457784,0.00015252406961038478,0.00014184730138198752,0.0001448367618306382
2030-12-21 17:00:00,0.00013700336637402881,0.00014723267127631434,0.0001386657147623359,0.00013988028492867424
2030-12-21 18:00:00,0.00013503725760521148,0.0001434214980996521,0.00013429181210949497,0.00013528663456010645
2030-12-21 19:00:00,0.00013491978827829052,0.00013945634459756453,0.00013048011965528743,0.00013122767998817643
2030-12-21 20:00:00,0.00013298755163779961,0.00013663454162519828,0.0001265031483315045,0.00012636536044569255
2030-12-21 21:00:00,0.0001314633585689741,0.00013318432631612641,0.00012233990018779628,0.00012088387483264203
2030-12-21 22:00:00,0.00012771307574755152,0.00012894888624638703,0.00011713563164144472,0.0001164223785948155
2030-12-21 23:00:00,0.0001257278028561714,0.00012469487789750847,0.00011367830123002829,0.00011243217287607347
2030-12-22 00:00:00,0.0001242556572569886,0.00012072828707040285,0.00011091984221713216,0.00010915049536174186
2030-12-22 01:00:00,0.0001229247190363083,0.00011856493788414513,0.00010934992801525664,0.000106493530507002
2030-12-22 02:00:00,0.00012278377927954793,0.0001196231504450805,0.00010859047194187016,0.00010590008666014732
2030-12-22 03:00:00,0.00012315840859750615,0.00011893645839722135,0.00010810249093049697,0.00010576924275213897
2030-12-22 04:00:00,0.0001236028922457963,0.00011906955811323684,0.00010930602661986143,0.00010718348366299723
2030-12-22 05:00:00,0.00012611261702386711,0.00012529839832821585,0.00011369361942101972,0.00011289575881931248
2030-12-22 06:00:00,0.00013324875860317982,0.00014062754088915835,0.00012548616383051113,0.00012780253477377856
2030-12-22 07:00:00,0.0001381057562352765,0.0001528458469475877,0.00013690447395189398,0.0001426626980924242
2030-12-22 08:00:00,0.00014017505907808848,0.00015793970601144774,0.000141754143543631,0.0001479181499831539
2030-12-22 09:00:00,0.00014214069248905055,0.00015663768319093037,0.00014193515087047387,0.00014756412493227182
2030-12-22 10:00:00,0.00014104382333245612,0.000157323942267493,0.0001433134329454908,0.00014928315103615613
2030-12-22 11:00:00,0.00014064824123417074,0.0001573658731651706,0.00014295416010685064,0.00014831229245551263
2030-12-22 12:00:00,0.00014233164800700975,0.00015691918866869256,0.00014179765476666456,0.00014593440234760788
2030-12-22 13:00:00,0.00014232997879574846,0.00015807637961145877,0.00014126144806134977,0.00014542961340613885
2030-12-22 14:00:00,0.000142330514268442,0.00015845226977973735,0.00014106256985052778,0.00014351977592334507
2030-12-22 15:00:00,0.0001419899450059143,0.00015725341345555185,0.0001415004489581057,0.00014265792681828894
2030-12-22 16:00:00,0.00013891651920646734,0.00015031002995505844,0.00013871503039820783,0.00013905079479358532
2030-12-22 17:00:00,0.00013750396087572797,0.0001448481451520194,0.00013533412613797737,0.00013530812917412346
2030-12-22 18:00:00,0.0001353152679821716,0.00014073268108621452,0.0001309714933006164,0.00013041916353547547
2030-12-22 19:00:00,0.00013274333247055022,0.00013644694686457633,0.00012720897806111413,0.00012614257166440032
2030-12-22 20:00:00,0.00013087179805575753,0.0001326259331815822,0.00012380602296299122,0.00012197788697231924
2030-12-22 21:00:00,0.0001293481953815831,0.00012884884079613078,0.00011962709735555497,0.0001170684636531698
2030-12-22 22:00:00,0.00012692209649911086,0.00012530434784994087,0.00011497884006002798,0.00011123406000355829
2030-12-22 23:00:00,0.00012500978072521802,0.00012332658227964493,0.00011122604911069577,0.00010758575472274083
2030-12-23 00:00:00,0.00012266468654839258,0.00012032215530537237,0.00010923110790810483,0.00010486071994949054
2030-12-23 01:00:00,0.0001220861063945036,0.00011792153135698497,0.00010779152200856383,0.00010366378802127909
2030-12-23 02:00:00,0.0001209402906774187,0.00011626993654124097,0.00010694265021717224,0.00010259632005182244
2030-12-23 03:00:00,0.0001201629274428317,0.00011581846812941011,0.00010609129312603278,0.00010193029547663372
2030-12-23 04:00:00,0.00012173519569163511,0.00011810542352482206,0.00010687612479251378,0.00010245345348629409
2030-12-23 05:00:00,0.00012339038375736638,0.00012355061644635457,0.0001109177145544274,0.00010729824720044215
2030-12-23 06:00:00,0.00012856554968429943,0.0001350393490615741,0.00012049948953550503,0.0001184270644133574
2030-12-23 07:00:00,0.00013036150304258096,0.00014497595977432616,0.00012996120204505232,0.00012986013109135357
2030-12-23 08:00:00,0.00013288546588939405,0.00015042171338128994,0.00013480249310360285,0.00013460308188902167
2030-12-23 09:00:00,0.00013478589074154794,0.0001522368457136786,0.00013537808341557348,0.0001342015611443692
2030-12-23 10:00:00,0.000132551521804433,0.00015292438670728574,0.00013660111077137897,0.0001340097315345457
2030-12-23 11:00:00,0.00013290637182080376,0.00015172310912472682,0.00013599949420955805,0.00013231538194120185
2030-12-23 12:00:00,0.0001340091365588494,0.0001495668350946757,0.0001351730632180712,0.0001293305673988681
2030-12-23 13:00:00,0.00013499819699443213,0.00014770161290496195,0.00013416605824927337,0.00012893531730818632
2030-12-23 14:00:00,0.0001337199643607302,0.0001483514961088413,0.00013361202575276962,0.00012713298947564727
2030-12-23 15:00:00,0.00013378415817272808,0.0001461441743866415,0.00013470990781941442,0.0001274063957201856
2030-12-23 16:00:00,0.0001318528237400218,0.00014259652457769843,0.0001335959162613201,0.00012625639363015591
2030-12-23 17:00:00,0.00013056952460280017,0.0001404321433588448,0.00013163641535919037,0.00012373984106197437
2030-12-23 18:00:00,0.00012883863490006898,0.00013596918189459265,0.00012753448031391332,0.00011922140147889236
2030-12-23 19:00:00,0.0001279144900117464,0.000131866385849799,0.00012355891321770402,0.00011438852882480338
2030-12-23 20:00:00,0.00012622593204393633,0.0001291010230650619,0.00011938307201531193,0.00010980430391359784
2030-12-23 21:00:00,0.00012426864075221382,0.00012575764110014034,0.00011547793471019681,0.00010570922173812697
2030-12-23 22:00:00,0.00012139501208229121,0.0001214579520638514,0.00011181734989329029,0.00010255730633108757
2030-12-23 23:00:00,0.0001196761379072102,0.00011823097295509378,0.00010974373888863196,9.954210035645722e-05
2030-12-24 00:00:00,0.00011868683645180945,0.00011672694151118521,0.00010813932217360331,9.778250476596911e-05
2030-12-24 01:00:00,0.00011747517382798354,0.00011415350044924731,0.0001067092684516055,9.621558199481025e-05
2030-12-24 02:00:00,0.00011700138673585796,0.00011372926770245173,0.00010637710440356311,9.563474130012743e-05
2030-12-24 03:00:00,0.00011650714736980688,0.00011313025739379625,0.0001062272849653606,9.582797732557529e-05
2030-12-24 04:00:00,0.00011760559862456342,0.00011452923329419648,0.00010687294338484015,9.58431133079651e-05
2030-12-24 05:00:00,0.00011914646267913429,0.00011668297372012652,0.00010873424017853622,9.76238379472558e-05
2030-12-24 06:00:00,0.00012181328337941486,0.00012143879247754268,0.00011275729930303339,0.00010215642617580629
2030-12-24 07:00:00,0.0001222704331658515,0.00012438416936938024,0.00011623461359531976,0.00010624688950897399
2030-12-24 08:00:00,0.00012395305445453932,0.00012750830540594706,0.00011934789230763606,0.00010861219534421405
2030-12-24 09:00:00,0.00012584924404805643,0.0001289206747273274,0.00012111984437655392,0.00010921294058337788
2030-12-24 10:00:00,0.00012480716207712575,0.00012838630289572353,0.00012209233450355202,0.00011043305705789002
2030-12-24 11:00:00,0.00012473269872146053,0.00012840131722552118,0.00012202264065231594,0.00011071354480527116
2030-12-24 12:00:00,0.00012640209073405489,0.0001276410395498284,0.00012044895359903879,0.00011004452669316138
2030-12-24 13:00:00,0.0001267669001297484,0.00012794565236555927,0.00011984576726823235,0.00010878916908965342
2030-12-24 14:00:00,0.00012525195490772608,0.00012833866380841183,0.00011868816079374168,0.00010679405076434524
2030-12-24 15:00:00,0.00012432941735682283,0.00012700863185794188,0.00011935359731311617,0.00010728918248713818
2030-12-24 16:00:00,0.0001229818803230544,0.00012433668707852213,0.00011891434127276465,0.00010795892554763566
2030-12-24 17:00:00,0.00012241608447499563,0.00012147286436207865,0.00011681590778004013,0.0001058316433105679
2030-12-24 18:00:00,0.00012106190623599246,0.00011933247169458652,0.00011423561857560828,0.00010351295201242963
2030-12-24 19:00:00,0.00012096256930568907,0.00011758203890749337,0.00011254888467684143,0.00010162864456520238
2030-12-24 20:00:00,0.00011901103047573709,0.00011695049198426818,0.00011115241732458049,0.00010000564191300753
2030-12-24 21:00:00,0.00011962488662613051,0.00011551748742351911,0.00010932563484355579,9.825985950568769e-05
2030-12-24 22:00:00,0.00011865139751852736,0.00011377123978400363,0.00010721319707068813,9.661427208719302e-05
2030-12-24 23:00:00,0.00011725607502294404,0.0001120110345055706,0.00010579987371063706,9.531019185767262e-05
2030-12-25 00:00:00,0.00011629782986149185,0.00011171853758612772,0.00010455596375567815,9.429532986781636e-05
2030-12-25 01:00:00,0.00011675242538859301,0.00011047287465211263,0.00010335066279581298,9.264148641311315e-05
2030-12-25 02:00:00,0.00011570248069952172,0.00010996971684991968,0.00010276176947756507,9.188001480969203e-05
2030-12-25 03:00:00,0.00011605380401203457,0.0001106013962703834,0.00010240272403980737,9.188399094569912e-05
2030-12-25 04:00:00,0.00011772606298824674,0.00011260499337501442,0.00010239451672386137,9.241304064228753e-05
2030-12-25 05:00:00,0.00011765069903756882,0.00011405980893753318,0.00010445679136278122,9.461356317752443e-05
2030-12-25 06:00:00,0.00012108132277665828,0.0001178207990029858,0.00010780730686104625,9.868677666032885e-05
2030-12-25 07:00:00,0.00012137542744905922,0.00012048478436695133,0.000111009109815751,0.00010242320315437718
2030-12-25 08:00:00,0.00012218859189530687,0.00012373565347703323,0.0001128356299946498,0.00010437545079476542
2030-12-25 09:00:00,0.00012273103840660665,0.00012646109798961788,0.00011410179471363119,0.00010447556825900954
2030-12-25 10:00:00,0.00012248417087572615,0.00012806949374161023,0.00011532052647038554,0.0001049033192925823
2030-12-25 11:00:00,0.00012350959202601523,0.00012922352196270362,0.000116024715733432,0.0001048612690118022
2030-12-25 12:00:00,0.00012550769774491018,0.00012953237542110845,0.00011662979142785324,0.00010445125797831729
2030-12-25 13:00:00,0.00012635686463551493,0.00013019835353594416,0.00011704197674400106,0.00010494824321949482
2030-12-25 14:00:00,0.00012675271844562729,0.000133421782818679,0.00011791903849846541,0.00010563307364717871
2030-12-25 15:00:00,0.00012710175955531422,0.00013370885084759178,0.00012029186325430465,0.00010808896338600147
2030-12-25 16:00:00,0.00012740955442938374,0.00013235185193091157,0.00012101306607817685,0.00011057587417161131
2030-12-25 17:00:00,0.00012614485580964997,0.0001302231904603687,0.00012017216953291178,0.00010988162976330434
2030-12-25 18:00:00,0.00012509692717500354,0.00012766129697377245,0.00011765526028304811,0.00010740852319590771
2030-12-25 19:00:00,0.00012577660090850305,0.0001247712972691288,0.0001152279855819463,0.00010561541293243393
2030-12-25 20:00:00,0.00012403511981168817,0.000122469645405185,0.00011360022858658457,0.00010321271889220927
2030-12-25 21:00:00,0.00012413506725136657,0.00011928763752832585,0.00011110328367448887,0.00010044088081287764
2030-12-25 22:00:00,0.0001226096590252022,0.00011680503878799451,0.00010823508014020714,9.817985766920902e-05
2030-12-25 23:00:00,0.00012117354451133581,0.00011445567728490767,0.00010636630037602458,9.601152470583916e-05
2030-12-26 00:00:00,0.00011842896594707437,0.00011229402717076142,0.00010519734804588319,9.470255021039567e-05
2030-12-26 01:00:00,0.00011829111902234162,0.00011164191594997197,0.00010454846549077662,9.380991762609155e-05
2030-12-26 02:00:00,0.00011732112504531432,0.00011125961371421008,0.00010375030050139258,9.310018033092309e-05
2030-12-26 03:00:00,0.00011659221762494905,0.00011125244744900799,0.0001036781105222914,9.343065213896707e-05
2030-12-26 04:00:00,0.00011809825360765437,0.00011240116600282712,0.00010412434934974943,9.400882535737045e-05
2030-12-26 05:00:00,0.00011917965402297467,0.00011348517769962135,0.00010606312043115813,9.601733767064462e-05
2030-12-26 06:00:00,0.00012257807305575728,0.00011800351053011973,0.00010993142228229503,0.00010071777401189149
2030-12-26 07:00:00,0.0001229076543949599,0.0001215267963659871,0.00011388580320292622,0.0001049600554261238
2030-12-26 08:00:00,0.0001249608792200676,0.0001261173086423599,0.00011653637091601516,0.00010769207605972155
2030-12-26 09:00:00,0.00012704783691488923,0.00012883302586852164,0.00011860357210042946,0.00010934049218825487
2030-12-26 10:00:00,0.00012698329008442997,0.00013039433573894347,0.00012066344628305541,0.00011146175470279196
2030-12-26 11:00:00,0.00012743187265953237,0.00013179222855005094,0.00012207774817546432,0.00011211566816598252
2030-12-26 12:00:00,0.0001285931968343839,0.0001317236047049316,0.00012199252403431379,0.00011267028466870697
2030-12-26 13:00:00,0.00013066783142962564,0.000132194620517396,0.0001225295439478945,0.00011288636667447845
2030-12-26 14:00:00,0.0001300552048348267,0.00013456332018440973,0.00012331484879854357,0.00011342951391347562
2030-12-26 15:00:00,0.00013117312196904418,0.0001360608019686332,0.00012525819813852983,0.00011474206359081399
2030-12-26 16:00:00,0.00013121565135930635,0.00013472290064618124,0.00012598965695438162,0.00011673208426063687
2030-12-26 17:00:00,0.00013013772414211775,0.00013309176507827195,0.00012492789013287902,0.00011554434292783567
2030-12-26 18:00:00,0.00012755943166631154,0.00012985350963164695,0.0001226318797600899,0.00011320466181658059
2030-12-26 19:00:00,0.0001267261738066468,0.00012635064133628452,0.00012021137513449471,0.00011041056982700327
2030-12-26 20:00:00,0.00012641514627946765,0.0001237809620863798,0.00011800315830220701,0.00010802950773981627
2030-12-26 21:00:00,0.00012615750800357544,0.00011982566407138217,0.00011541928848872126,0.00010533910354543646
2030-12-26 22:00:00,0.00012350695129627917,0.00011643787593281621,0.00011260258498790908,0.00010243221458413998
2030-12-26 23:00:00,0.00012028360434384421,0.00011371346150479541,0.00011079156157479858,0.00010035087850717873
2030-12-27 00:00:00,0.00011825649393122891,0.00011268869361580127,0.0001096361130444822,9.821294661340584e-05
2030-12-27 01:00:00,0.00011837725446146356,0.00011005881120958999,0.00010829912561489782,9.763121194562358e-05
2030-12-27 02:00:00,0.0001177291016961854,0.00011014841229164565,0.00010777991082800166,9.751485079789206e-05
2030-12-27 03:00:00,0.0001180913309936509,0.00010876870797035993,0.00010807569449209106,9.726299392992779e-05
2030-12-27 04:00:00,0.00011987694185697897,0.00011073668369193769,0.0001088009386168693,9.884461803727459e-05
2030-12-27 05:00:00,0.00012109775762635671,0.00011532676688742242,0.00011318187921775455,0.00010419558205166648
2030-12-27 06:00:00,0.0001262462270770663,0.0001252608525242035,0.00012195185098081442,0.00011580968805233402
2030-12-27 07:00:00,0.00012888217109325326,0.0001341505222032572,0.00013029431610007736,0.00012708714931936415
2030-12-27 08:00:00,0.00012987108983229903,0.00013883789073859389,0.00013356295798769657,0.00013182544270777088
2030-12-27 09:00:00,0.0001332543773840869,0.00014089623283798262,0.000134201223241484,0.00013164311169508612
2030-12-27 10:00:00,0.0001342879181359864,0.00014208511268363734,0.0001361604057647316,0.00013189066860929533
2030-12-27 11:00:00,0.00013460513736771108,0.00014314858719407082,0.00013638897704931576,0.00013057641594987402
2030-12-27 12:00:00,0.0001355328486476068,0.0001436101960554114,0.00013628350978350237,0.00012888907072108297
2030-12-27 13:00:00,0.00013859927333752123,0.00014456674276787715,0.00013648383247344778,0.00013055974054656925
2030-12-27 14:00:00,0.00013922798805373558,0.00014645984971760906,0.0001370816783620262,0.00013146841977521893
2030-12-27 15:00:00,0.0001393566155461479,0.00014678580802126242,0.00013896321514992867,0.00013365090324323343
2030-12-27 16:00:00,0.0001366670597230677,0.00014404838272329113,0.00013815367317518814,0.00013288660250681584
2030-12-27 17:00:00,0.0001352730012402513,0.00014022338418749196,0.0001361932461807982,0.00013041650206949728
2030-12-27 18:00:00,0.00013352052036480196,0.00013554423336048895,0.00013243942040771045,0.00012613129018805493
2030-12-27 19:00:00,0.00013382651900941756,0.00013227890669794082,0.00012906773612372403,0.00012229515155255698
2030-12-27 20:00:00,0.00013296047112611897,0.00012925995663943523,0.00012623572947876007,0.00011828255582830906
2030-12-27 21:00:00,0.00013211707165971176,0.00012471104618315372,0.00012252617414247523,0.00011384408252793233
2030-12-27 22:00:00,0.00012952618441042322,0.00012154176073549163,0.00011836647143402827,0.00010927194467954908
2030-12-27 23:00:00,0.00012655347792200092,0.00011850439771887155,0.00011585615382170372,0.00010613763558240647
2030-12-28 00:00:00,0.00012528494966278447,0.00011750205460840371,0.0001137013912476329,0.00010388096604462835
2030-12-28 01:00:00,0.00012430569187517893,0.00011537248447658025,0.00011218222015331775,0.00010312928223813616
2030-12-28 02:00:00,0.00012199438682860319,0.00011482666963376891,0.00011108818229342682,0.00010183586619537564
2030-12-28 03:00:00,0.00012213796383876127,0.00011501608699682835,0.00011085237390433588,0.00010212655995536634
2030-12-28 04:00:00,0.00012350467108234982,0.00011806672787221957,0.00011131937142225799,0.00010334102671137919
2030-12-28 05:00:00,0.00012514383696342386,0.0001231231148630075,0.00011580344856621564,0.0001075350677145617
2030-12-28 06:00:00,0.0001292030661446659,0.00013431641584358344,0.00012456102983804298,0.00011764457882529038
2030-12-28 07:00:00,0.00013145643947474767,0.0001439252603895715,0.000133488643205043,0.000129504089159283
2030-12-28 08:00:00,0.00013365764672093776,0.00014764075951941667,0.0001376994206911659,0.0001334655914350129
2030-12-28 09:00:00,0.00013550895679606214,0.00015029796698565838,0.00013913748411122426,0.00013367378129626996
2030-12-28 10:00:00,0.00013530266198726325,0.00015129015397990266,0.00014086928641391787,0.00013564658589528076
2030-12-28 11:00:00,0.0001346118508368133,0.00015141958940115613,0.00014073219915626626,0.0001349939486918676
2030-12-28 12:00:00,0.0001363504574385659,0.00015112011022012584,0.00014037264428136542,0.000135029729998464
2030-12-28 13:00:00,0.00013776903178963477,0.00015109614717956482,0.0001406115739876815,0.00013518464417262288
2030-12-28 14:00:00,0.00013781305463863149,0.00015315700808813876,0.0001401880424640709,0.00013444497279327576
2030-12-28 15:00:00,0.00013741473965081996,0.00015206799322238027,0.00014117702787065788,0.00013426780506816354
2030-12-28 16:00:00,0.00013518146056061317,0.00014676154909805153,0.0001381363083503822,0.00013121987184128105
2030-12-28 17:00:00,0.00013403887911170957,0.00014340362035285208,0.00013510144229233074,0.00012795105602170367
2030-12-28 18:00:00,0.00013315834454238619,0.00013856987721504182,0.00013070864669367525,0.00012342360358159798
2030-12-28 19:00:00,0.00013121933336505384,0.00013475582636981537,0.00012686509099008373,0.0001194225905498554
2030-12-28 20:00:00,0.000129058369661704,0.00013056811556594252,0.00012298604450975981,0.00011482843198987498
2030-12-28 21:00:00,0.00012721485272204896,0.00012752900914615443,0.00011904588088030104,0.00010957989213731002
2030-12-28 22:00:00,0.00012462224019467607,0.0001232037778845936,0.00011440154269606335,0.00010554680654770321
2030-12-28 23:00:00,0.00012353916653299492,0.00012064684406684705,0.00011139480900998408,0.0001018433349248259
2030-12-29 00:00:00,0.00012248636464028278,0.0001190182112216498,0.00010892300427003136,9.947412208877543e-05
2030-12-29 01:00:00,0.00012124161335020857,0.00011878436970681275,0.00010697294996250397,9.759297312196612e-05
2030-12-29 02:00:00,0.00012017668662429454,0.00011769019608103585,0.00010632301879941541,9.704553152137623e-05
2030-12-29 03:00:00,0.00011962607676957488,0.0001176438182023915,0.00010566894760919785,9.632633673060413e-05
2030-12-29 04:00:00,0.00012135571710164702,0.00011965502629545479,0.00010673918541660165,9.718845178603163e-05
2030-12-29 05:00:00,0.00012216721487900425,0.0001251241887347151,0.00011019782351699024,0.00010145542942798774
2030-12-29 06:00:00,0.00012805252576107476,0.00013601294802321126,0.00011921119562676142,0.00011076488812053549
2030-12-29 07:00:00,0.00012999080308170492,0.00014355864896355462,0.00012706931501308357,0.00012237928523392046
2030-12-29 08:00:00,0.00013011453155852153,0.00014713219417887623,0.0001310141379556645,0.00012731372679074246
2030-12-29 09:00:00,0.00013247449693485296,0.00014745044434542892,0.00013146015870410646,0.00012812759849595534
2030-12-29 10:00:00,0.00013257600349108082,0.00014806012356711985,0.00013329857674966627,0.000129158989852407
2030-12-29 11:00:00,0.00013338027503025367,0.0001486700089053705,0.00013338872406953717,0.00012905612057455157
2030-12-29 12:00:00,0.0001347530206622663,0.00014916369620697874,0.00013341961456751663,0.00012821625245977336
2030-12-29 13:00:00,0.00013499344180375878,0.00014992206605514728,0.00013308027951726225,0.00012802857706203534
2030-12-29 14:00:00,0.00013415207070989008,0.0001506093873566226,0.00013322307556813215,0.00012787945631260311
2030-12-29 15:00:00,0.0001340897844415208,0.0001495666724341262,0.00013418269215014484,0.0001284690735185491
2030-12-29 16:00:00,0.00013236483335960685,0.0001440372125296259,0.0001319580188036162,0.0001264926497469105
2030-12-29 17:00:00,0.00013099608771627468,0.00013985492312093033,0.00012967111685193176,0.0001227536011220959
2030-12-29 18:00:00,0.00012935706281716393,0.00013602473340754788,0.0001257688179072985,0.00011947354536973459
2030-12-29 19:00:00,0.00012896121099241205,0.00013234758593768156,0.0001214590209222377,0.00011519496276387076
2030-12-29 20:00:00,0.00012572937263002933,0.00012860799953415332,0.00011790975267072456,0.00011120208444432458
2030-12-29 21:00:00,0.0001253288286598109,0.00012498497828230813,0.00011395881923613972,0.00010682693735730871
2030-12-29 22:00:00,0.00012325672667471153,0.0001201337829640724,0.0001098557340946644,0.00010266038331423963
2030-12-29 23:00:00,0.00012055282491761727,0.00011676556603038378,0.00010649425352468427,9.951209709023145e-05
2030-12-30 00:00:00,0.00011811898967908834,0.00011374839309233811,0.00010446920978135596,9.680998094083778e-05
2030-12-30 01:00:00,0.00011724187931349617,0.00011149848373943842,0.00010243585406422278,9.567151792854554e-05
2030-12-30 02:00:00,0.00011682369061914219,0.00011056263181241658,0.00010223631848473925,9.462374994496228e-05
2030-12-30 03:00:00,0.00011687927535916515,0.00011134797283578208,0.00010191449884157916,9.505517703325446e-05
2030-12-30 04:00:00,0.00011910192186314719,0.00011375818675672088,0.000102658287321611,9.63328665372724e-05
2030-12-30 05:00:00,0.00011970766144144443,0.00011751392856804441,0.0001064420419249708,0.00010080877180348171
2030-12-30 06:00:00,0.00012454236150938992,0.00012554123677076625,0.00011489351611057969,0.00011004069227843984
2030-12-30 07:00:00,0.00012754647369231988,0.00013487998392151132,0.00012309165331032403,0.00012106348086321527
2030-12-30 08:00:00,0.00012901320912571743,0.00014037709809693264,0.00012727260587731219,0.000125773192319394
2030-12-30 09:00:00,0.00013073103429297358,0.00014358991641344771,0.00012779286313019305,0.00012569245402102927
2030-12-30 10:00:00,0.0001297850154984728,0.00014407257615296345,0.0001296011205124798,0.00012675497282867273
2030-12-30 11:00:00,0.00012944091691031835,0.0001439351336213868,0.00013040736352958602,0.00012657785272996824
2030-12-30 12:00:00,0.00013013935821871506,0.0001431643759895129,0.00012980061084797112,0.00012523891354785288
2030-12-30 13:00:00,0.00013068859443379888,0.00014267106670023244,0.00012975741362223733,0.00012517277256563053
2030-12-30 14:00:00,0.00013000841775393006,0.00014381173308558942,0.0001295752567666968,0.00012425602701455983
2030-12-30 15:00:00,0.00013022719742711907,0.0001420598788059393,0.00013026668666382067,0.00012463109118417278
2030-12-30 16:00:00,0.00012895218952372635,0.00014019666224518592,0.00012874055694185577,0.00012367277143553488
2030-12-30 17:00:00,0.00012783168297401243,0.0001374195063677029,0.00012657187756342004,0.00012072887762614373
2030-12-30 18:00:00,0.00012628345730650517,0.00013177105669195764,0.00012259738508691147,0.00011628460656162688
2030-12-30 19:00:00,0.0001252567929313404,0.0001294022283860578,0.00011904197459840918,0.00011237897134387476
2030-12-30 20:00:00,0.00012486069665530985,0.0001258138403678468,0.00011529480831038194,0.0001085705755361331
2030-12-30 21:00:00,0.0001246541648636023,0.00012187118848829524,0.00011151208304254712,0.00010365004851152105
2030-12-30 22:00:00,0.00012228254621314305,0.00011783639835364308,0.00010807702026705952,9.832649131859259e-05
2030-12-30 23:00:00,0.00011970696430738596,0.0001155814381339954,0.00010494500004057082,9.56212324587469e-05
2030-12-31 00:00:00,0.00011737690474366412,0.00011506147098395334,0.00010216013996806302,9.302996023645442e-05
2030-12-31 01:00:00,0.00011750614166064567,0.00011462645047738713,0.00010037927074256247,9.109694521456651e-05
2030-12-31 02:00:00,0.00011644824867654341,0.00011225833465740988,9.94490670647895e-05,9.014760385722318e-05
2030-12-31 03:00:00,0.00011711559217827123,0.00011037155576792173,9.90966028423202e-05,8.973421077904818e-05
2030-12-31 04:00:00,0.00011786935141729172,0.00011148921071265193,9.900002426317713e-05,8.961768195204914e-05
2030-12-31 05:00:00,0.0001183679473264007,0.00011385320764977268,9.994988263153687e-05,9.144333658431668e-05
2030-12-31 06:00:00,0.00012168582617994035,0.00011654706711870292,0.00010318450470688267,9.600302774162807e-05
2030-12-31 07:00:00,0.00012304702647613486,0.00012176367431232238,0.00010698086280258094,0.00010002519345824112
2030-12-31 08:00:00,0.00012551705978826918,0.00012421866201195767,0.00010995865430186271,0.00010234104629048227
2030-12-31 09:00:00,0.0001278490300207485,0.00012603600028539882,0.00011124630592009198,0.00010347689335503377
2030-12-31 10:00:00,0.0001271771666533003,0.0001279209495016056,0.00011381277928483974,0.00010531608004740903
2030-12-31 11:00:00,0.00012641539353479405,0.0001302160021657786,0.00011456983508483949,0.00010543475297523134
2030-12-31 12:00:00,0.00012660392146822435,0.00012864106542473174,0.00011509343103086309,0.00010488118649457994
2030-12-31 13:00:00,0.00012833004010879615,0.0001272183354540652,0.00011521644952687388,0.00010492539982873916
2030-12-31 14:00:00,0.00012768118075703986,0.00012816325578395734,0.00011604282014666297,0.00010474696011643612
2030-12-31 15:00:00,0.00012741278853341492,0.0001295430859397357,0.00011793052669384735,0.00010573156189231079
2030-12-31 16:00:00,0.0001264334268017814,0.00012824518971631978,0.00011809927574189071,0.00010695029133155339
2030-12-31 17:00:00,0.0001252168245235882,0.00012641451347101832,0.00011676660752769947,0.00010498125241191268
2030-12-31 18:00:00,0.00012280953586674888,0.00012193680606640182,0.00011345074909325393,0.00010198838311819861
2030-12-31 19:00:00,0.00012160206606282924,0.00011768128496791263,0.0001103142786599573,9.890362533264867e-05
2030-12-31 20:00:00,0.00011926128630034569,0.00011492758880366325,0.00010719762741917888,9.601967945750017e-05
2030-12-31 21:00:00,0.00011912760750060098,0.00011397595951654751,0.00010516689016288076,9.352651332731016e-05
2030-12-31 22:00:00,0.00011723913828537128,0.00011218556048958847,0.00010389084269006313,9.198009741287728e-05
2030-12-31 23:00:00,0.00011679243708450123,0.00011062167488223858,0.00010236255578728653,9.031283372992666e-05
