{
"type": "FeatureCollection",
"name": "sweden-counties",
"crs": { "type": "name", "properties": { "name": "urn:ogc:def:crs:OGC:1.3:CRS84" } },
"features": [
{ "type": "Feature", "properties": { "geo_point_2d": { "lon": 15.902154100787762, "lat": 58.349609421900134 }, "year": "2022", "geo_id": "05", "geo_name": "Östergötlands län", "geo_type": "county" }, "geometry": { "type": "Polygon", "coordinates": [ [ [ 14.778931341132603, 58.645993046244712 ], [ 14.673516484369264, 58.509965575828659 ], [ 14.622740551629372, 58.460241964786263 ], [ 14.620258031043495, 58.456627581705227 ], [ 14.54378465139629, 58.380080591295382 ], [ 14.520630575132039, 58.354817066685669 ], [ 14.41670676028142, 58.187238764172712 ], [ 14.468986620380361, 58.130671092411589 ], [ 14.53875695313558, 58.112877541707007 ], [ 14.544855238853055, 58.110446296483296 ], [ 14.546816837556223, 58.106537283051601 ], [ 14.555422356808341, 58.104996789171231 ], [ 14.571876336495201, 58.10743790541175 ], [ 14.588588719875593, 58.103360491046651 ], [ 14.594732005077514, 58.098264994940507 ], [ 14.611709008701567, 58.098236688437787 ], [ 14.615191235364779, 58.09603348029664 ], [ 14.623629889426232, 58.097252412370921 ], [ 14.642708676173404, 58.097239459971995 ], [ 14.645750506548369, 58.095480356572317 ], [ 14.657551603637613, 58.097634504613339 ], [ 14.657864972531724, 58.100613889027251 ], [ 14.674416255674021, 58.100066062088196 ], [ 14.687198144384974, 58.098625563615144 ], [ 14.723298870037864, 58.097671381613331 ], [ 14.756619502102374, 58.102960402516025 ], [ 14.765413979103071, 58.094511520319301 ], [ 14.765736902330509, 58.085750715262627 ], [ 14.801356855598844, 58.085668463909023 ], [ 14.80875623245003, 58.08264684499332 ], [ 14.842055400467286, 58.085839257509498 ], [ 14.850452559026737, 58.088165193720165 ], [ 14.85830728265605, 58.085413487243983 ], [ 14.883875704257393, 58.090503555449907 ], [ 14.887461102721751, 58.08491770696012 ], [ 14.894635341704612, 58.086109546334164 ], [ 14.891610088455449, 58.089805088317569 ], [ 14.895938661534146, 58.091847325240707 ], [ 14.887482587025357, 58.09727268038592 ], [ 14.888627835065595, 58.100881418728299 ], [ 14.89530741983145, 58.10430535419038 ], [ 14.896780715624834, 58.11105892081536 ], [ 14.91460228035171, 58.111382347099429 ], [ 14.911228517514839, 58.115524838621475 ], [ 14.916412175526427, 58.12044554157886 ], [ 14.908439731132001, 58.123617507660775 ], [ 14.899871130646032, 58.12030209534722 ], [ 14.891646950651898, 58.124714784658281 ], [ 14.888574291633939, 58.128050756761738 ], [ 14.892673093361873, 58.13236304004046 ], [ 14.891669772576456, 58.137069680083385 ], [ 14.899731853661935, 58.137145190158158 ], [ 14.927430005600257, 58.134025925472606 ], [ 14.951479319260402, 58.139181505422521 ], [ 14.953443839297533, 58.144357384770281 ], [ 14.975787557049781, 58.151014306567312 ], [ 14.985164349043108, 58.14797738164674 ], [ 14.980782932956885, 58.14431276892936 ], [ 14.975692131664612, 58.133236002833435 ], [ 14.981342304414804, 58.125999982532313 ], [ 14.988162294325734, 58.122407570446029 ], [ 14.994802351795173, 58.121444392770229 ], [ 15.003649181263848, 58.112880898377384 ], [ 15.006853207385435, 58.106167048105505 ], [ 15.007372780435215, 58.100379077419973 ], [ 15.038845295908457, 58.056325637486864 ], [ 15.032895979174615, 58.054942848973681 ], [ 15.028430144236733, 58.050004301635092 ], [ 15.030647171610241, 58.04772825517486 ], [ 15.063874244456111, 58.025569353886226 ], [ 15.072946976996695, 58.016391833680025 ], [ 15.077122336462066, 58.004097032075343 ], [ 15.081539651366324, 57.998932559915794 ], [ 15.07251478823162, 57.987908816436061 ], [ 15.066589358374975, 57.985854280014046 ], [ 15.051311623682182, 57.988862207364448 ], [ 15.034463927995986, 57.988491744325664 ], [ 15.019966786016031, 57.990423197052202 ], [ 15.00952636847108, 57.986245947417764 ], [ 15.015291299230515, 57.977796947861314 ], [ 15.013762108502785, 57.972804185150402 ], [ 15.01818086233105, 57.961652997694358 ], [ 15.014565723626257, 57.95321736136539 ], [ 14.990669052183689, 57.940468940450188 ], [ 14.999268800315168, 57.934938966023061 ], [ 15.006425356547966, 57.931949339738829 ], [ 15.01304680043155, 57.924852614222928 ], [ 14.996591526305815, 57.913641918357101 ], [ 14.994017444984337, 57.909584976403984 ], [ 14.994363205811933, 57.905474833479033 ], [ 15.00277960580021, 57.897177930556239 ], [ 15.010358574961042, 57.891506066379868 ], [ 15.018718206366872, 57.890884753215772 ], [ 15.026185855056459, 57.879276178808496 ], [ 15.030932286018315, 57.875668782020568 ], [ 15.029001545814692, 57.8714189157104 ], [ 15.031235057805253, 57.867858939366876 ], [ 15.043815764155619, 57.858579053150066 ], [ 15.070081875712473, 57.846810065797513 ], [ 15.071057501962688, 57.841904237629798 ], [ 15.078389473158392, 57.835679192172996 ], [ 15.071038170146636, 57.830455941113605 ], [ 15.067940804049854, 57.821414081524495 ], [ 15.071300045931856, 57.817590586449427 ], [ 15.073261866727588, 57.807976450028285 ], [ 15.081578352424534, 57.795902592754906 ], [ 15.08901143635962, 57.771297438733598 ], [ 15.104525677503998, 57.757242290943708 ], [ 15.115647719928585, 57.749222256214502 ], [ 15.12055731944141, 57.742712176625545 ], [ 15.119719707503098, 57.739951070652921 ], [ 15.129030107927063, 57.725558358642147 ], [ 15.128355469827303, 57.716310790723959 ], [ 15.138554183553033, 57.715556860861085 ], [ 15.141264221178441, 57.712338653129265 ], [ 15.154525790839385, 57.709112278549085 ], [ 15.157102154514268, 57.705758362517209 ], [ 15.179394766749198, 57.704793205573388 ], [ 15.177400391936146, 57.710502977677457 ], [ 15.189395180726322, 57.708541696294056 ], [ 15.203578123803414, 57.710091544329821 ], [ 15.225867906760614, 57.709387561417635 ], [ 15.252704033416723, 57.706409971704701 ], [ 15.262902105047999, 57.706454143112168 ], [ 15.268273111482484, 57.70849734923052 ], [ 15.278203455436064, 57.709688462076286 ], [ 15.27814567590652, 57.713656936716546 ], [ 15.283266956514947, 57.715698465362102 ], [ 15.292520180667502, 57.711561112626427 ], [ 15.30372532172604, 57.710465750415949 ], [ 15.329665352613256, 57.699925969304054 ], [ 15.357624746924905, 57.706555835173518 ], [ 15.375747253608493, 57.706017164278258 ], [ 15.4046581454662, 57.708195279946544 ], [ 15.417130155990369, 57.707426115455647 ], [ 15.421048885386636, 57.704879106466421 ], [ 15.429960872846193, 57.707599588102617 ], [ 15.446075087037956, 57.718358271082764 ], [ 15.440791612370713, 57.727515064899677 ], [ 15.451978272233159, 57.732426864677791 ], [ 15.447151673869072, 57.736723128348729 ], [ 15.440077751150312, 57.738992492720165 ], [ 15.430325027162262, 57.7452940231057 ], [ 15.444026945611034, 57.7470129816138 ], [ 15.4733063898833, 57.755111403741751 ], [ 15.48010519311817, 57.755533131749253 ], [ 15.481082751261514, 57.758902699451063 ], [ 15.487602581013656, 57.762483856989562 ], [ 15.49595010639897, 57.758805300799473 ], [ 15.500607143904432, 57.758340737521252 ], [ 15.504844590003216, 57.763872850512264 ], [ 15.513880277816824, 57.768410358503296 ], [ 15.524007462551609, 57.762570165465597 ], [ 15.537805304463415, 57.770950410646996 ], [ 15.554059478431245, 57.772671806143791 ], [ 15.549501254933684, 57.775625646570617 ], [ 15.54325065566133, 57.784699345450676 ], [ 15.543106522748058, 57.788335436575096 ], [ 15.566325217529361, 57.803331099035319 ], [ 15.597014618913756, 57.81873904114417 ], [ 15.598879603334103, 57.825072080742849 ], [ 15.606672271395412, 57.831010506301062 ], [ 15.602339473114517, 57.838213488030874 ], [ 15.599084449204488, 57.853893931162077 ], [ 15.618786114783971, 57.854669783718016 ], [ 15.629908885452618, 57.853338931097149 ], [ 15.63713467770015, 57.849640590905921 ], [ 15.642303736502114, 57.849853876898393 ], [ 15.646215031955148, 57.852687148304291 ], [ 15.657937711803232, 57.856607088294609 ], [ 15.677769700079088, 57.859385150839024 ], [ 15.679156907400383, 57.857707552127984 ], [ 15.706192385686323, 57.857525237638228 ], [ 15.734758648510478, 57.849733143022817 ], [ 15.767342934809431, 57.851632836823875 ], [ 15.806751473448708, 57.830565946339988 ], [ 15.821355435665357, 57.816621185768085 ], [ 15.830559463597082, 57.817697201448375 ], [ 15.85418026482186, 57.828671385689915 ], [ 15.894440819123725, 57.829323201310991 ], [ 15.911319469815016, 57.816785114463634 ], [ 15.928957469354348, 57.808419104750371 ], [ 15.942311043092859, 57.803287625273349 ], [ 15.95168798895569, 57.813845147992957 ], [ 15.966000036881141, 57.824135466626537 ], [ 15.987508019466757, 57.834405104274182 ], [ 16.030211417619519, 57.861075377349714 ], [ 16.050473109969197, 57.867969531787963 ], [ 16.065429829525225, 57.874269821031298 ], [ 16.063417212949414, 57.875620708922597 ], [ 16.060584680301385, 57.884991110336294 ], [ 16.055842494283841, 57.893952193797709 ], [ 16.063572009997909, 57.897303746445807 ], [ 16.051154796121775, 57.91127202449924 ], [ 16.040567984190545, 57.91755004642156 ], [ 16.02880959726722, 57.920534109356005 ], [ 16.027977807446792, 57.927942859815047 ], [ 16.017548896646698, 57.94250583954264 ], [ 16.028138153962249, 57.953935407268936 ], [ 16.040457408523253, 57.960180315786452 ], [ 16.045942294935468, 57.964479775326126 ], [ 16.051864163741719, 57.96083218871307 ], [ 16.074767940752562, 57.974047141890779 ], [ 16.092031248065023, 57.977376465205268 ], [ 16.052436766551164, 57.987694705994905 ], [ 16.037809794858724, 58.000184252531305 ], [ 16.024676218330661, 58.009563001417767 ], [ 15.994662224804877, 58.021327784861292 ], [ 15.996395491294999, 58.035466179126132 ], [ 16.015908390927368, 58.052000646566206 ], [ 16.013302910675499, 58.061234660012317 ], [ 16.005447652509602, 58.065152768149424 ], [ 15.997950757756362, 58.066708539071037 ], [ 15.986944439454696, 58.074670448431462 ], [ 15.992816862671932, 58.07964494771138 ], [ 16.006329759182375, 58.086564692214658 ], [ 16.017356088096545, 58.082102641785923 ], [ 16.026588902319322, 58.07306379584908 ], [ 16.066841952334894, 58.069414448734484 ], [ 16.080834398735707, 58.07120767703433 ], [ 16.091429917737802, 58.076095563791064 ], [ 16.112706654315783, 58.082986443714539 ], [ 16.11781331192557, 58.08546105861204 ], [ 16.128369640434364, 58.084967946005349 ], [ 16.148601718606258, 58.061140459373817 ], [ 16.157494983505025, 58.061116255153088 ], [ 16.178615480754711, 58.064019146312923 ], [ 16.165178426314817, 58.092474275523792 ], [ 16.167164986563535, 58.099471778833433 ], [ 16.176940572775791, 58.110020217344108 ], [ 16.189965527657435, 58.103445446624448 ], [ 16.195055641469352, 58.1036365326772 ], [ 16.210357348191032, 58.106955831918306 ], [ 16.214288976576579, 58.117043953040472 ], [ 16.235693014631828, 58.129094439157278 ], [ 16.239582702165894, 58.134935164272385 ], [ 16.263854035912704, 58.141314801389861 ], [ 16.284027065359215, 58.136464364552843 ], [ 16.294151288859208, 58.131981753472012 ], [ 16.303977097391524, 58.124536627119397 ], [ 16.332125732748622, 58.117285831482228 ], [ 16.359284748263473, 58.129022453495864 ], [ 16.365163034490852, 58.130478267365291 ], [ 16.386090979633764, 58.133617074281801 ], [ 16.391623717577392, 58.129416830133358 ], [ 16.408450321508177, 58.130819936919757 ], [ 16.413762093993057, 58.128774592771194 ], [ 16.416208787798048, 58.122971809697205 ], [ 16.423053001363073, 58.121322768285722 ], [ 16.428777609221203, 58.113887705576438 ], [ 16.457501753002582, 58.112128099182073 ], [ 16.457914816910435, 58.106873558441791 ], [ 16.465642335651786, 58.098214435845605 ], [ 16.48609302434841, 58.090160983530971 ], [ 16.49065984373199, 58.089597830807939 ], [ 16.531371602852126, 58.115769742401511 ], [ 16.538413813451353, 58.111689141293297 ], [ 16.549555762071773, 58.109065767207703 ], [ 16.563125907507391, 58.101039864894659 ], [ 16.570696159944202, 58.098166425900224 ], [ 16.569358334146123, 58.095076815174082 ], [ 16.561603588980525, 58.089197118091427 ], [ 16.592878140587551, 58.065842940422037 ], [ 16.606964776914239, 58.053292727645392 ], [ 16.59127669935193, 58.050768610126795 ], [ 16.602773244818973, 58.047599564276695 ], [ 16.605765244135867, 58.045084735378737 ], [ 16.599856259177002, 58.036708616859329 ], [ 16.610347738026455, 58.028965967166137 ], [ 16.618761619454933, 58.019350159114843 ], [ 16.630524945480037, 58.012136384765903 ], [ 16.623579204714737, 58.008006030595759 ], [ 16.627508812562358, 58.002324084665254 ], [ 16.65880310757786, 57.991882388288595 ], [ 16.671906066629546, 57.99886028536411 ], [ 16.680910179986391, 57.998466495000152 ], [ 16.700440025999232, 57.993616825349015 ], [ 16.710072971285268, 57.993414082979378 ], [ 16.726612731916578, 57.985618526126494 ], [ 16.733004765288022, 57.987655241687165 ], [ 16.731603403301037, 57.992316524927254 ], [ 16.734668998414158, 57.997744410279239 ], [ 16.743968651833786, 57.999633626504597 ], [ 16.747895903839026, 57.994621302821507 ], [ 16.755304372908626, 58.00109395979478 ], [ 16.772883441887775, 58.003861840791416 ], [ 16.788478445521616, 58.00387711774102 ], [ 16.791901808937727, 57.999199529094 ], [ 16.800372967710022, 57.9979214613331 ], [ 16.811351945516513, 58.000466063565334 ], [ 16.818427926396801, 58.026467051005447 ], [ 16.896282699935732, 58.003134019785271 ], [ 17.35297501723452, 57.99955766688538 ], [ 17.537762939811028, 58.267685111132934 ], [ 17.543712657331938, 58.28478284655025 ], [ 17.549349557316361, 58.321145126189151 ], [ 17.569224784448998, 58.398772316642678 ], [ 17.565916438651119, 58.397984186073771 ], [ 17.569278368855176, 58.398981152147172 ], [ 17.148969890448015, 58.502756406258527 ], [ 17.146501258492851, 58.532668124406101 ], [ 17.130933078526127, 58.550068814259561 ], [ 17.069512309668202, 58.590283077942956 ], [ 17.016880024733339, 58.589981393147553 ], [ 16.972724583861957, 58.580827560596155 ], [ 16.942670829131995, 58.584463662121735 ], [ 16.91852719588622, 58.595718187458274 ], [ 16.890044247323992, 58.600675027130848 ], [ 16.8275480548986, 58.594048871112754 ], [ 16.747641539740307, 58.628416368900361 ], [ 16.754730559579194, 58.632736637373455 ], [ 16.733958898857864, 58.643464213174219 ], [ 16.717631112628318, 58.655970532374809 ], [ 16.71187534987881, 58.658569881681913 ], [ 16.709477434267107, 58.665787074654354 ], [ 16.692533237108034, 58.675134163663436 ], [ 16.6877726185648, 58.676378864481613 ], [ 16.648989442045949, 58.681486568780727 ], [ 16.642549169971012, 58.677488500043516 ], [ 16.632236597427283, 58.683884458276268 ], [ 16.625149191179908, 58.690456618119235 ], [ 16.617408871118013, 58.691313598995784 ], [ 16.61022121885847, 58.693719833669903 ], [ 16.584702113314727, 58.697844766234105 ], [ 16.554804216574407, 58.697555106947917 ], [ 16.543883822507901, 58.700715426463034 ], [ 16.519895484994258, 58.698489381858877 ], [ 16.478859411890838, 58.696627323903002 ], [ 16.463893380260572, 58.698724578826429 ], [ 16.427509894314984, 58.697423840021827 ], [ 16.418431520546857, 58.702988561630988 ], [ 16.406804392016809, 58.70398592915533 ], [ 16.399509064006129, 58.701057105019238 ], [ 16.38709791117747, 58.701580487820713 ], [ 16.37738627940449, 58.708967597220393 ], [ 16.372619871754932, 58.726764286112598 ], [ 16.371956085927348, 58.741176206088561 ], [ 16.368906335119494, 58.753372092233931 ], [ 16.340661650282549, 58.770325063451551 ], [ 16.339137095625208, 58.772351310674907 ], [ 16.326533072820276, 58.779073027766323 ], [ 16.315438246732509, 58.773461480164841 ], [ 16.303836281532554, 58.769601545019981 ], [ 16.296537114765073, 58.775348137327647 ], [ 16.307960672386187, 58.785942521039004 ], [ 16.309717548192445, 58.790244864732642 ], [ 16.297720386867304, 58.795480069793896 ], [ 16.287958898096097, 58.802519266899495 ], [ 16.263177129541933, 58.832162928063248 ], [ 16.221693601394055, 58.838165225633709 ], [ 16.211800858206644, 58.836311427515689 ], [ 16.202971880431313, 58.836536344004628 ], [ 16.189899173690872, 58.83980766961713 ], [ 16.186885315296355, 58.849242760754272 ], [ 16.179666321344897, 58.854515549537247 ], [ 16.181638126491539, 58.857409505742417 ], [ 16.176991573704612, 58.860385424454002 ], [ 16.161325876249865, 58.865411802444214 ], [ 16.150838895242888, 58.870485412899157 ], [ 16.144380311113164, 58.874748709923871 ], [ 16.131407757197398, 58.877879135602655 ], [ 16.110811145208658, 58.885802335548696 ], [ 16.102349855219654, 58.885956647317279 ], [ 16.102656050710955, 58.891342271632908 ], [ 16.093934827347912, 58.906308996943686 ], [ 16.086702373416951, 58.91312958307752 ], [ 16.076745991484394, 58.920485128913498 ], [ 16.064788746160126, 58.923202728578232 ], [ 16.054522364184987, 58.927127887454319 ], [ 16.027854411571287, 58.92986945112073 ], [ 15.993896204688026, 58.937131768120345 ], [ 15.967109974753862, 58.946997762066161 ], [ 15.927949381017898, 58.960640763644086 ], [ 15.910610795015396, 58.962469261692924 ], [ 15.891874704471666, 58.976217893946121 ], [ 15.882891023572087, 58.978584480267479 ], [ 15.883032800644266, 58.987606310252339 ], [ 15.877439112353295, 58.990841233049977 ], [ 15.867264417920953, 58.991313222478837 ], [ 15.870672767434019, 59.000135976942872 ], [ 15.842363026979276, 59.014887172393294 ], [ 15.81404424136497, 59.019739529288856 ], [ 15.806471478064488, 59.016508053244458 ], [ 15.806332204735908, 59.002441111258577 ], [ 15.782072332740706, 58.983919272069357 ], [ 15.780778485779734, 58.96978019875047 ], [ 15.771656219611547, 58.965738407222965 ], [ 15.766840504566025, 58.96667961528464 ], [ 15.762412126706156, 58.963518272591777 ], [ 15.764626982039378, 58.957253016116823 ], [ 15.741959857429764, 58.951857499508193 ], [ 15.740123288999227, 58.958257220899917 ], [ 15.733576063872745, 58.972796532325297 ], [ 15.725615409769077, 58.979524594821044 ], [ 15.72729128177812, 58.984238575907334 ], [ 15.720495178315799, 58.98975512420364 ], [ 15.702508715558332, 58.98449039951862 ], [ 15.687246754425946, 58.987439686648223 ], [ 15.686744111582898, 58.981918347220549 ], [ 15.67828099156266, 58.975716102039712 ], [ 15.67399044182055, 58.974697386741902 ], [ 15.640995964380867, 58.973851533108032 ], [ 15.638003998640745, 58.974188806730204 ], [ 15.629091731008208, 58.983064205052663 ], [ 15.607772098287017, 58.970842429568329 ], [ 15.590233413834547, 58.959440398157923 ], [ 15.580205835487098, 58.959486108528132 ], [ 15.559372767897903, 58.956557422174086 ], [ 15.559866959117848, 58.940866376735478 ], [ 15.570774366210088, 58.928166092142831 ], [ 15.589874260709461, 58.914123294505053 ], [ 15.594209276448289, 58.906257509231672 ], [ 15.587375723975912, 58.897556220395309 ], [ 15.582563673536722, 58.895932095516542 ], [ 15.563056753178337, 58.894819606172113 ], [ 15.554023507714223, 58.868077150061779 ], [ 15.543080693702381, 58.871152474036577 ], [ 15.536996376999541, 58.866696202377362 ], [ 15.531034106474909, 58.86452910529146 ], [ 15.508164363081111, 58.863733255902964 ], [ 15.492289111478252, 58.865715537485563 ], [ 15.47646390159511, 58.862246802692631 ], [ 15.469312492849818, 58.86344028568292 ], [ 15.440712703665122, 58.863901181649105 ], [ 15.446021575026352, 58.853340852804791 ], [ 15.443958072941754, 58.851853821878102 ], [ 15.450664178011825, 58.843254253586061 ], [ 15.452534174365072, 58.838214144709362 ], [ 15.452093719860741, 58.830465518130076 ], [ 15.455282884677084, 58.823274411479389 ], [ 15.44972712940006, 58.821508615423568 ], [ 15.428538732797596, 58.823261786222972 ], [ 15.425064348348069, 58.821231671329443 ], [ 15.430325450424766, 58.814918066351403 ], [ 15.418835952368029, 58.808555059999897 ], [ 15.418684945715173, 58.822092463286204 ], [ 15.414700840678639, 58.830025384162575 ], [ 15.415847125665662, 58.832784897637723 ], [ 15.407430198306686, 58.841987878253533 ], [ 15.381513695841328, 58.846753008604686 ], [ 15.34654627163486, 58.829324946311353 ], [ 15.326514171890324, 58.850663100785482 ], [ 15.325998300395275, 58.859144786249608 ], [ 15.308263987519135, 58.854840332520304 ], [ 15.295206924369797, 58.849672236342336 ], [ 15.289602071085708, 58.851463375500238 ], [ 15.286137191430731, 58.85723987914016 ], [ 15.274718835096703, 58.863998261943429 ], [ 15.263010801643988, 58.864622867877351 ], [ 15.257897013042721, 58.859214838565464 ], [ 15.251966869652211, 58.848614152778957 ], [ 15.244995076154277, 58.845890822553585 ], [ 15.243399166640147, 58.839626614880885 ], [ 15.230373164355139, 58.841858440941891 ], [ 15.216218370120501, 58.842126723389541 ], [ 15.220816330995465, 58.831374702363533 ], [ 15.216754900875548, 58.825835086308537 ], [ 15.207275377390435, 58.818385043343952 ], [ 15.198260088409482, 58.814303027172222 ], [ 15.16626789861736, 58.810180332649189 ], [ 15.138441889835518, 58.820139105148861 ], [ 15.128347397836361, 58.798136366226458 ], [ 15.119108536298045, 58.79297027907166 ], [ 15.12632334580919, 58.789300754584687 ], [ 15.124896351882377, 58.782694693327905 ], [ 15.118012812589292, 58.782792823334304 ], [ 15.114890412705822, 58.770252356137554 ], [ 15.106640882701701, 58.7679185750074 ], [ 15.097542118687642, 58.769152712000626 ], [ 15.09812906019436, 58.765789313003751 ], [ 15.093005732824889, 58.762798463522017 ], [ 15.088151587756776, 58.766066323928548 ], [ 15.082574183549555, 58.765837641057608 ], [ 15.067515658653297, 58.754709721115816 ], [ 15.05236660067497, 58.736235688687231 ], [ 15.048309515424622, 58.720321284345822 ], [ 15.034300137992377, 58.704482125686688 ], [ 15.01227480646488, 58.705766769516224 ], [ 15.004702640469047, 58.697433353310288 ], [ 14.983179278710267, 58.688544219363131 ], [ 14.975463789340159, 58.686681148251076 ], [ 14.971273584940107, 58.683080850617266 ], [ 14.963347176829028, 58.690031968309178 ], [ 14.956030087774458, 58.693081251490767 ], [ 14.939114147151029, 58.694360053058219 ], [ 14.929573081182539, 58.696557906841235 ], [ 14.923559983667966, 58.695619046485071 ], [ 14.878085674926878, 58.682999572870607 ], [ 14.840327625317533, 58.674237656286948 ], [ 14.805198978844453, 58.66457824792117 ], [ 14.778931341132603, 58.645993046244712 ] ] ] } },
{ "type": "Feature", "properties": { "geo_point_2d": { "lon": 20.247395873422114, "lat": 66.864263185148715 }, "year": "2022", "geo_id": "25", "geo_name": "Norrbottens län", "geo_type": "county" }, "geometry": { "type": "Polygon", "coordinates": [ [ [ 21.945449907150874, 64.902357177370121 ], [ 22.160689191205144, 64.967474881997731 ], [ 22.191335068133796, 64.977524952998863 ], [ 22.341109264198973, 65.0307410699954 ], [ 22.498957031451049, 65.086434295982414 ], [ 22.539870911632182, 65.082939198765757 ], [ 22.572612356009003, 65.08125691173025 ], [ 22.605549812845094, 65.080534587082525 ], [ 22.654981503244201, 65.081258064670763 ], [ 22.687722651862252, 65.082941814322524 ], [ 22.736125518422597, 65.087248862837839 ], [ 22.772753619150951, 65.092059376228249 ], [ 22.845291890064853, 65.104848739135818 ], [ 22.938495990756913, 65.134750186059193 ], [ 22.953670824835797, 65.140689145609088 ], [ 22.982021611483511, 65.153948747661886 ], [ 23.011423915475156, 65.170754195383623 ], [ 23.036523730555917, 65.188756153100044 ], [ 23.057037801715392, 65.207757836090536 ], [ 23.068049185120941, 65.22088028009756 ], [ 23.076863739417963, 65.234292732762299 ], [ 23.083434646471396, 65.247930252647535 ], [ 23.089006705436521, 65.268663445687253 ], [ 23.089750183539802, 65.284456818775809 ], [ 23.322923593394616, 65.301739315359214 ], [ 23.606583119507768, 65.322246179863598 ], [ 23.651940394659849, 65.324633331293697 ], [ 23.684511091148387, 65.327505314705149 ], [ 23.716533025486079, 65.331312899007031 ], [ 23.747851959674225, 65.336038483594081 ], [ 23.787549858134216, 65.34357504651345 ], [ 23.815014878244256, 65.3479967144672 ], [ 23.854748044459857, 65.35590127913531 ], [ 23.912026884823419, 65.365414418294947 ], [ 24.060953725429147, 65.466688500427423 ], [ 24.132752838965228, 65.515373813316131 ], [ 24.136161051341535, 65.530201294267926 ], [ 24.159742641349737, 65.612807043092431 ], [ 24.177675483743396, 65.660358456568204 ], [ 24.164871123141456, 65.695492203239681 ], [ 24.172164995372526, 65.725284473623603 ], [ 24.131798528376713, 65.771612509076263 ], [ 24.127543572666692, 65.778380146113705 ], [ 24.128016275896972, 65.784608693966987 ], [ 24.133751608835905, 65.796676988732031 ], [ 24.143472306165812, 65.802597325833304 ], [ 24.155316618239702, 65.815499908832891 ], [ 24.144607912793635, 65.840979730172151 ], [ 24.137636226945204, 65.846292997936857 ], [ 24.125210882059935, 65.851483968079023 ], [ 24.125798842141819, 65.858085653745619 ], [ 24.131822264637496, 65.862850383047885 ], [ 24.152945005227505, 65.862565662952392 ], [ 24.138719862712016, 65.876323635740633 ], [ 24.132789338701301, 65.888000970587271 ], [ 24.118830927910452, 65.894285808731084 ], [ 24.115544024722578, 65.898660209377155 ], [ 24.115113443494803, 65.90388590162263 ], [ 24.109990296317818, 65.913589422495448 ], [ 24.115922694355316, 65.918491171737415 ], [ 24.117767952704757, 65.926952711333314 ], [ 24.108104043880743, 65.931642330017766 ], [ 24.099349266339747, 65.929494659524991 ], [ 24.087615185658787, 65.931617488557933 ], [ 24.080499907469186, 65.9366815295934 ], [ 24.074414701511849, 65.944326418868144 ], [ 24.061118838223841, 65.949750883455906 ], [ 24.053717458436424, 65.951541502768947 ], [ 24.05015918179171, 65.957061736106297 ], [ 24.042433131821838, 65.962982637537948 ], [ 24.039945132935841, 65.969663897948251 ], [ 24.052899324029923, 65.974596062392479 ], [ 24.04943082337407, 65.980282880722186 ], [ 24.048670572122116, 65.996624331918426 ], [ 24.045409422007427, 66.001902389052177 ], [ 24.036294653088788, 66.009892911748054 ], [ 24.013563853866817, 66.023182686593785 ], [ 23.994102983081032, 66.037322704365877 ], [ 23.985949465053931, 66.045880712347227 ], [ 23.982809949033108, 66.051583566659119 ], [ 23.974734698917924, 66.058154431868502 ], [ 23.962492788314574, 66.064553668607786 ], [ 23.960305841398007, 66.069311153199379 ], [ 23.945248895881857, 66.07297795365831 ], [ 23.938325346209453, 66.076722177755812 ], [ 23.936629071364038, 66.080134829222231 ], [ 23.936577591772412, 66.090958966557523 ], [ 23.939285617170196, 66.098928166423264 ], [ 23.944762124069097, 66.102416588721894 ], [ 23.944292484826505, 66.108409833052733 ], [ 23.935765645172427, 66.112392012247525 ], [ 23.941403090003913, 66.120291950575208 ], [ 23.928102639172923, 66.129262010003387 ], [ 23.91396145799699, 66.136157615857243 ], [ 23.914829770197525, 66.139497624543509 ], [ 23.92634064157313, 66.14433431687884 ], [ 23.929909012111747, 66.149617377619009 ], [ 23.920657709722033, 66.159906943673121 ], [ 23.917183417653565, 66.161823785810356 ], [ 23.89770426911754, 66.16509352631229 ], [ 23.891424038421693, 66.167766696663065 ], [ 23.867476186797152, 66.165322002224471 ], [ 23.858196768903106, 66.171527307046276 ], [ 23.83308387254241, 66.170045500483255 ], [ 23.82208157889681, 66.172975320476027 ], [ 23.817299023336659, 66.176253105911172 ], [ 23.807587467307393, 66.178577379119588 ], [ 23.800305058205041, 66.182517055213069 ], [ 23.787193576981522, 66.186717993349433 ], [ 23.782030510058405, 66.187021699055663 ], [ 23.753551288316384, 66.191960696741589 ], [ 23.73795966517325, 66.192895532433184 ], [ 23.726706170799083, 66.195984042036073 ], [ 23.72625917353907, 66.199626488555737 ], [ 23.733647517709265, 66.20389938092471 ], [ 23.732946272892285, 66.20669748510764 ], [ 23.723901432876101, 66.21454593260728 ], [ 23.711044608230743, 66.216695279892619 ], [ 23.704685085984689, 66.219124363456103 ], [ 23.694223422043031, 66.228509789853021 ], [ 23.694421649578612, 66.23385636392176 ], [ 23.701291018224058, 66.242634338520602 ], [ 23.690550292176045, 66.250426798380971 ], [ 23.676324650640993, 66.254280432115507 ], [ 23.667441208778456, 66.259643025691489 ], [ 23.672959101537923, 66.273247364690633 ], [ 23.660609244977302, 66.284363390766615 ], [ 23.661732948514768, 66.2906599915257 ], [ 23.64941833054343, 66.297824332493619 ], [ 23.645803003124175, 66.301523029590001 ], [ 23.651626566000683, 66.31283376041003 ], [ 23.657822001899316, 66.319852197190656 ], [ 23.655691649345385, 66.323236488705547 ], [ 23.659067489856593, 66.327925182177069 ], [ 23.660295917447673, 66.336815844020549 ], [ 23.657908909372857, 66.340637343180134 ], [ 23.657105662071196, 66.349256554441297 ], [ 23.661110740863013, 66.353137283654448 ], [ 23.662979907307424, 66.358967539270552 ], [ 23.669059397121789, 66.361190522238104 ], [ 23.677101181110093, 66.370786722419524 ], [ 23.685830246560464, 66.377197856966518 ], [ 23.689317309993982, 66.387201456306471 ], [ 23.683443495000589, 66.393389390371624 ], [ 23.667981937207934, 66.39779360970968 ], [ 23.657379953030958, 66.413312867880677 ], [ 23.642853513287726, 66.424913696996896 ], [ 23.64366156759975, 66.436339260248047 ], [ 23.647949300725482, 66.440003512486882 ], [ 23.649994111001515, 66.454683488329309 ], [ 23.655713112368357, 66.459773627128669 ], [ 23.673943781312435, 66.46516014642323 ], [ 23.688066086263706, 66.473343714962951 ], [ 23.699576238135119, 66.475453708602387 ], [ 23.710253224280017, 66.473665408533293 ], [ 23.720268362656981, 66.478490173416816 ], [ 23.715466367088531, 66.485129711202745 ], [ 23.714344328198518, 66.49295836116552 ], [ 23.725449146782246, 66.497583321395297 ], [ 23.725250355410868, 66.502002833390932 ], [ 23.729279865420949, 66.508089043039433 ], [ 23.738714610788364, 66.504254831589293 ], [ 23.753537244297384, 66.505479529544104 ], [ 23.762128804806437, 66.510600896304155 ], [ 23.778706940063856, 66.514915698358521 ], [ 23.795391133902346, 66.517427070016907 ], [ 23.797342712054455, 66.522973545859543 ], [ 23.784768878477813, 66.53270017822453 ], [ 23.786606227138197, 66.536632199393836 ], [ 23.825918116483496, 66.548808496425366 ], [ 23.83663798254462, 66.554304955603513 ], [ 23.851469434791465, 66.55560709633022 ], [ 23.857454079570545, 66.557338316474343 ], [ 23.86266441136182, 66.568119867999329 ], [ 23.87401399101444, 66.575333486080439 ], [ 23.878273104685128, 66.582972534336804 ], [ 23.875022577025707, 66.587077331490576 ], [ 23.876593978942207, 66.603884363138562 ], [ 23.88411191962869, 66.611603240937129 ], [ 23.883966645355141, 66.617285445218087 ], [ 23.877682358964982, 66.620301150611553 ], [ 23.869959936241241, 66.629724473479442 ], [ 23.870189459368678, 66.639441086472829 ], [ 23.872309419184454, 66.642699358400833 ], [ 23.865692109642755, 66.649496405569138 ], [ 23.864697296526344, 66.654829489053355 ], [ 23.874655362053804, 66.671461425003827 ], [ 23.886765645424667, 66.67523316162081 ], [ 23.887594189390029, 66.693167203346178 ], [ 23.893518413244646, 66.699912889395733 ], [ 23.894923478996574, 66.711022934116556 ], [ 23.907817312927396, 66.721177962379571 ], [ 23.889401874423751, 66.73904109172517 ], [ 23.888566424031428, 66.746077252968107 ], [ 23.88549218953672, 66.750641941730322 ], [ 23.876453009641743, 66.753676270179625 ], [ 23.880949146858342, 66.764861990694712 ], [ 23.892890710767173, 66.76964621470249 ], [ 23.911507136900248, 66.770315184601614 ], [ 23.91592959754108, 66.772091179864276 ], [ 23.915687206136923, 66.778135478624534 ], [ 23.908272177093863, 66.790627097252241 ], [ 23.908119978049875, 66.793998440097553 ], [ 23.915536310500265, 66.79603093875717 ], [ 23.927206799824919, 66.794827192829004 ], [ 23.935234850252158, 66.790230830500207 ], [ 23.956897801323144, 66.782447542107704 ], [ 23.969842958818184, 66.782573768343966 ], [ 23.981916313164525, 66.786094728588182 ], [ 23.982851126180812, 66.790118854042433 ], [ 23.976734247069821, 66.798298525958558 ], [ 23.987521376214698, 66.802473365736304 ], [ 23.987772128752617, 66.811472997730164 ], [ 23.994736105918204, 66.818741159848528 ], [ 23.995291606323573, 66.821778194390305 ], [ 23.981209542679114, 66.835308032246516 ], [ 23.972304504580233, 66.839992701849411 ], [ 23.969705480084603, 66.849334299029977 ], [ 23.953402488190108, 66.862727306009077 ], [ 23.952499059262195, 66.866982191273962 ], [ 23.943011618068105, 66.872489297755251 ], [ 23.943628927547671, 66.875974624131644 ], [ 23.936321889223052, 66.883535591570762 ], [ 23.932059162705006, 66.885399106557387 ], [ 23.918846125145759, 66.886473194333732 ], [ 23.912514357496388, 66.889855812873108 ], [ 23.910449502615883, 66.894476909815509 ], [ 23.901504117371051, 66.900806078619738 ], [ 23.889612887770731, 66.907055436805337 ], [ 23.88210867592446, 66.909584626477027 ], [ 23.864676481930115, 66.918729370446698 ], [ 23.863289467203948, 66.928840449921012 ], [ 23.867993403111445, 66.935760085233596 ], [ 23.863946962851674, 66.9377094206545 ], [ 23.86036831449638, 66.945819557700148 ], [ 23.861934028905676, 66.954267486517978 ], [ 23.848095655281821, 66.959546181755982 ], [ 23.835402779492473, 66.95957826937655 ], [ 23.827940003813598, 66.961564680340587 ], [ 23.826605356081988, 66.967898207374404 ], [ 23.817283388032177, 66.974135906477954 ], [ 23.817497889583159, 66.979149271869716 ], [ 23.799619247140164, 66.983489988218153 ], [ 23.801576573211847, 66.988586606969093 ], [ 23.793428580168371, 66.993747297707912 ], [ 23.768521299488022, 67.001300539846866 ], [ 23.760772803760457, 67.005093887118463 ], [ 23.753440618813681, 67.010951144525507 ], [ 23.738614810547549, 67.017797659870922 ], [ 23.722836661304527, 67.033351389305679 ], [ 23.715155916127578, 67.034579316377631 ], [ 23.713243237829627, 67.044107815716231 ], [ 23.701834051285005, 67.048562994847273 ], [ 23.699144822925994, 67.051865343647975 ], [ 23.684574555933121, 67.057708581171838 ], [ 23.670903957054101, 67.066606010757567 ], [ 23.663383398477663, 67.078536829420472 ], [ 23.667180448770864, 67.083958347437203 ], [ 23.655279932204053, 67.103226913621441 ], [ 23.637014377642448, 67.11064126373789 ], [ 23.624032908431168, 67.119783092957277 ], [ 23.620715719816388, 67.125668490487314 ], [ 23.609880911891256, 67.13012719474203 ], [ 23.604622056779814, 67.135254533799127 ], [ 23.596201317832882, 67.138975310698811 ], [ 23.584075794065463, 67.150976727889031 ], [ 23.57869638427767, 67.152164871520668 ], [ 23.571780529676239, 67.157561179137844 ], [ 23.556912896796501, 67.165587364637176 ], [ 23.551184053909065, 67.17132167565201 ], [ 23.559046335839252, 67.181280843273527 ], [ 23.569346444260702, 67.185999505612585 ], [ 23.587941892455099, 67.190700454373342 ], [ 23.58506099115111, 67.198485391431205 ], [ 23.595739811858099, 67.207119317031612 ], [ 23.593715935444671, 67.209555780530138 ], [ 23.580085024270463, 67.213569823372467 ], [ 23.575957316645791, 67.217313432288122 ], [ 23.565963177122232, 67.222466221485249 ], [ 23.546264105724745, 67.225188414897744 ], [ 23.560559963702012, 67.234835728295693 ], [ 23.56228978495114, 67.237296533826964 ], [ 23.555772308065762, 67.242396438657124 ], [ 23.55151499306443, 67.248239056184346 ], [ 23.564993199636142, 67.249984586758416 ], [ 23.569467288170731, 67.252149442512192 ], [ 23.561175488663341, 67.261175780328387 ], [ 23.575287539393791, 67.268368054517282 ], [ 23.611632619248045, 67.273905359359318 ], [ 23.618810477619412, 67.27158215091994 ], [ 23.634809506358263, 67.273668466967237 ], [ 23.646475325736379, 67.277635970927548 ], [ 23.666942889427144, 67.279657780969714 ], [ 23.675979705533557, 67.282087498483392 ], [ 23.699032275143097, 67.282971549992823 ], [ 23.722990851025859, 67.282584238241768 ], [ 23.735705148149858, 67.294763067743375 ], [ 23.741227244399358, 67.306766150102661 ], [ 23.74924084275797, 67.316325409442143 ], [ 23.748979233471566, 67.321940027883826 ], [ 23.755999993164298, 67.323053535219699 ], [ 23.755371976045048, 67.327977770784187 ], [ 23.772149948001218, 67.334843616914029 ], [ 23.775301177364394, 67.339029099577075 ], [ 23.763490698370582, 67.345002171184674 ], [ 23.75843722375388, 67.34933849267037 ], [ 23.745258505869177, 67.348110625754487 ], [ 23.738627551467086, 67.350371360918359 ], [ 23.740827386897742, 67.357227012381344 ], [ 23.734649909366865, 67.361514202277007 ], [ 23.729665951024909, 67.368657840089284 ], [ 23.735439553357548, 67.378627210985968 ], [ 23.717060104909311, 67.385918127684789 ], [ 23.720708172713596, 67.392296241644829 ], [ 23.729517548616371, 67.394185492231671 ], [ 23.751770623620665, 67.407889241798216 ], [ 23.751689763955099, 67.420003941875947 ], [ 23.764584603801172, 67.428212073121742 ], [ 23.759221926686614, 67.433899199459361 ], [ 23.744446704315841, 67.436892124188375 ], [ 23.72136247923504, 67.443245364758624 ], [ 23.707540259128049, 67.445934721615814 ], [ 23.698233190349903, 67.445566479510148 ], [ 23.682171235492316, 67.442189305059813 ], [ 23.668034913374754, 67.442994957123972 ], [ 23.657517520236969, 67.446695872935607 ], [ 23.644786942237484, 67.447069561541056 ], [ 23.602590226928754, 67.45369043917627 ], [ 23.582274116253753, 67.453880931267889 ], [ 23.562806700155882, 67.459591696183338 ], [ 23.54385161607475, 67.461295222163443 ], [ 23.53127440700111, 67.459567527095984 ], [ 23.517939847542191, 67.45287587620561 ], [ 23.516457922667616, 67.449012484962026 ], [ 23.509335400338337, 67.44643040385165 ], [ 23.496604039759468, 67.446038820457233 ], [ 23.484072555505843, 67.450238756899779 ], [ 23.456403392197725, 67.45483414780189 ], [ 23.44770927592058, 67.458690156640202 ], [ 23.439344726618192, 67.459940346053187 ], [ 23.43082187716772, 67.464405200193553 ], [ 23.412686967598852, 67.466685422680627 ], [ 23.407090377136377, 67.469846362577584 ], [ 23.404329999217023, 67.478525631915986 ], [ 23.394147840036368, 67.485385136354878 ], [ 23.404319441392143, 67.500292893002722 ], [ 23.408275688255166, 67.5020098316363 ], [ 23.42311103006406, 67.503929574332417 ], [ 23.43558071294559, 67.509939311056669 ], [ 23.43605455300473, 67.51789318159895 ], [ 23.454011248874608, 67.524774327870347 ], [ 23.475384714939079, 67.530187371539327 ], [ 23.477229820597302, 67.53536029402477 ], [ 23.483960936953341, 67.540652458973028 ], [ 23.476835109960909, 67.545810400736684 ], [ 23.465211483821847, 67.549931886778438 ], [ 23.455763897116544, 67.561673130032148 ], [ 23.469004389656209, 67.565863142781396 ], [ 23.48582339202591, 67.567138723316461 ], [ 23.497630082545015, 67.563787767078068 ], [ 23.507558414675632, 67.563359112177068 ], [ 23.513127579237214, 67.565200227392339 ], [ 23.525678804461133, 67.572658761693091 ], [ 23.527701722288416, 67.576248433639662 ], [ 23.539714294364416, 67.578926461848326 ], [ 23.544606355390396, 67.582847795639822 ], [ 23.541927660849872, 67.598088009079689 ], [ 23.538334878198665, 67.603363513249107 ], [ 23.546100155954473, 67.612747274716853 ], [ 23.558938436382174, 67.620199966597198 ], [ 23.551973660894873, 67.623169219886705 ], [ 23.544291774080392, 67.622828776354382 ], [ 23.538636949277418, 67.62641148553621 ], [ 23.540669020895976, 67.630420483283601 ], [ 23.533748808457123, 67.637100224040907 ], [ 23.513662617618941, 67.647083168100593 ], [ 23.492231044520757, 67.664418219366112 ], [ 23.491159810616026, 67.666819828030683 ], [ 23.496658259942681, 67.672807833274135 ], [ 23.498187580501078, 67.680243205734158 ], [ 23.496423463996972, 67.684275001925187 ], [ 23.489602588900095, 67.688176697417589 ], [ 23.492572452669407, 67.695164763142088 ], [ 23.47738570168168, 67.701393454302234 ], [ 23.483224975259603, 67.706269589849725 ], [ 23.483898344428724, 67.711692631558577 ], [ 23.477529274743425, 67.71631198309241 ], [ 23.478449864117749, 67.724137195181029 ], [ 23.487262008773751, 67.730149697855765 ], [ 23.47504204352952, 67.739133410473883 ], [ 23.486016275667765, 67.746501384645441 ], [ 23.49186528396751, 67.754860561779864 ], [ 23.489115215692387, 67.761239822833858 ], [ 23.492014164454595, 67.763990365542099 ], [ 23.483169422282209, 67.773870201975626 ], [ 23.484758420073419, 67.77859134165999 ], [ 23.492295216454735, 67.782377124570388 ], [ 23.494162395924921, 67.790766961060456 ], [ 23.492501966452405, 67.79367451343272 ], [ 23.482883142859571, 67.798049802676218 ], [ 23.4794584724796, 67.801401359032084 ], [ 23.472406767862303, 67.817128453906534 ], [ 23.473022698998857, 67.820108878504911 ], [ 23.48191053769272, 67.826575247781022 ], [ 23.477466090529088, 67.842630678716347 ], [ 23.48797876828478, 67.846353996166684 ], [ 23.494328893524539, 67.864026065939328 ], [ 23.504252804140307, 67.869594994102798 ], [ 23.507120467187239, 67.878578700039355 ], [ 23.517328654483595, 67.884810626454183 ], [ 23.539443518994961, 67.889431353962422 ], [ 23.54504511755756, 67.891543821635395 ], [ 23.552541347092927, 67.898286334488034 ], [ 23.571653556940788, 67.892707379343022 ], [ 23.587081974221121, 67.895171931144148 ], [ 23.594916261496071, 67.902957435209672 ], [ 23.608529233313433, 67.90653139333098 ], [ 23.62082785877244, 67.90834853768861 ], [ 23.643283726856559, 67.916799445110669 ], [ 23.646347672484179, 67.92143192574774 ], [ 23.644536919546113, 67.926077252789923 ], [ 23.653960517739495, 67.935675995256133 ], [ 23.664863616996655, 67.94121801228944 ], [ 23.659549474817396, 67.947295753753778 ], [ 23.650513465192624, 67.951407998480732 ], [ 23.652299191487188, 67.959125888514137 ], [ 23.647956881565449, 67.962461894920921 ], [ 23.636667202176273, 67.965977012228095 ], [ 23.603228100136462, 67.971717153473691 ], [ 23.592253268210076, 67.972501511172382 ], [ 23.580010751433445, 67.971310067088368 ], [ 23.573629410201107, 67.972411879237882 ], [ 23.551726796637322, 67.983422861422014 ], [ 23.539821370937542, 67.99123729188139 ], [ 23.53473517619463, 67.997691066173687 ], [ 23.537620928197857, 68.003276701431659 ], [ 23.534415290989848, 68.005873700734213 ], [ 23.509836486158829, 68.010302569703725 ], [ 23.498028063062545, 68.013740532334154 ], [ 23.479656321255195, 68.016257602267345 ], [ 23.468990625425725, 68.019621634579337 ], [ 23.463456347445607, 68.025799858520699 ], [ 23.465623505524992, 68.030508363008664 ], [ 23.44418445303462, 68.037143393552086 ], [ 23.430486251268331, 68.037839230113917 ], [ 23.399683972624299, 68.043328045309138 ], [ 23.388636721148945, 68.047696078205774 ], [ 23.384513559874598, 68.051617382730655 ], [ 23.386312519397144, 68.057042666545755 ], [ 23.376241445903759, 68.058341900945038 ], [ 23.371320426685788, 68.061198751762333 ], [ 23.372740974924834, 68.068292640071746 ], [ 23.361230442268234, 68.079387613426533 ], [ 23.360461952250393, 68.085422775765409 ], [ 23.352625272061545, 68.091232181665717 ], [ 23.337401355381044, 68.099711754861119 ], [ 23.334048573082111, 68.110565274930508 ], [ 23.325108317443586, 68.1175510037056 ], [ 23.330812022592834, 68.122581635347117 ], [ 23.321447356763727, 68.128963849417829 ], [ 23.319743359394842, 68.137445368301258 ], [ 23.306671514102121, 68.149133230648502 ], [ 23.291468454131039, 68.149544965461814 ], [ 23.286320433006814, 68.154627692841402 ], [ 23.27799661427628, 68.157431981261311 ], [ 23.260351784865435, 68.156918407078081 ], [ 23.256532602016229, 68.151935710420034 ], [ 23.245918480555996, 68.148518329682219 ], [ 23.228616180872496, 68.148166594586883 ], [ 23.210212235508756, 68.145923239537808 ], [ 23.20332431300622, 68.140784540177947 ], [ 23.193999288441901, 68.138158803653099 ], [ 23.185283515681153, 68.137818882883366 ], [ 23.170630281562307, 68.133220785113679 ], [ 23.162326281430243, 68.133646009907409 ], [ 23.151853490797052, 68.13706722998046 ], [ 23.140120087996646, 68.155411722926303 ], [ 23.147034700167911, 68.171356496802758 ], [ 23.142007100415238, 68.17598151114224 ], [ 23.141621771566538, 68.181847542784581 ], [ 23.150117220991284, 68.191093159026025 ], [ 23.16206536288454, 68.195287260643084 ], [ 23.160687348109182, 68.199159358994734 ], [ 23.14704360747427, 68.201020234637326 ], [ 23.141827645657482, 68.20377741359512 ], [ 23.140868259811064, 68.207991371919661 ], [ 23.145387844660252, 68.211871777524124 ], [ 23.141933504036476, 68.218555085163899 ], [ 23.151586443521442, 68.230036169693705 ], [ 23.151053799161513, 68.235363183447873 ], [ 23.146698535876265, 68.239398818534866 ], [ 23.142035562540645, 68.247849276249312 ], [ 23.129703077817954, 68.248504018002023 ], [ 23.113369172165914, 68.251332282737124 ], [ 23.099756549840819, 68.258886320053691 ], [ 23.077193295274881, 68.266954051866861 ], [ 23.072628942533665, 68.274589963161276 ], [ 23.064678803689844, 68.279343977007088 ], [ 23.064080209211763, 68.285939858917772 ], [ 23.070308882407151, 68.294089766375109 ], [ 23.070114417437981, 68.300316302085875 ], [ 23.056632733844612, 68.307381512371506 ], [ 23.037252277115336, 68.306942939370728 ], [ 22.987588999966313, 68.319840710834512 ], [ 22.977140793617483, 68.324345782245004 ], [ 22.971888767102143, 68.332191840466749 ], [ 22.954489126211293, 68.333059415652343 ], [ 22.929441937673236, 68.333031832232479 ], [ 22.915438159529987, 68.33402444275427 ], [ 22.91066070240517, 68.336383792129098 ], [ 22.905984844654764, 68.342448620509558 ], [ 22.89415340894513, 68.348444624830606 ], [ 22.871348705107717, 68.353784243524572 ], [ 22.857016153379579, 68.359725641764868 ], [ 22.845775553138264, 68.360806264201685 ], [ 22.834923374785507, 68.366070543653748 ], [ 22.835694562082509, 68.372731417171494 ], [ 22.846577321532418, 68.381984488313407 ], [ 22.829484863787673, 68.387047833171451 ], [ 22.813025463218256, 68.388900375350488 ], [ 22.800018464617114, 68.393589816820878 ], [ 22.779258336376099, 68.39027416995296 ], [ 22.766317323199019, 68.385263571879833 ], [ 22.758363360476253, 68.384460477629432 ], [ 22.737055626105995, 68.384709754396695 ], [ 22.726577378340423, 68.390360205745978 ], [ 22.726716481964651, 68.393590184682793 ], [ 22.714075120665299, 68.397026703105226 ], [ 22.694696988936297, 68.398587006378989 ], [ 22.685889910637862, 68.400258137233479 ], [ 22.691916976438439, 68.405587827481426 ], [ 22.678350665850541, 68.411691153646146 ], [ 22.654850769571109, 68.414696084065341 ], [ 22.646003108427337, 68.416857611062625 ], [ 22.639735679227552, 68.421048649343788 ], [ 22.643593914361258, 68.431412005369523 ], [ 22.637954528434879, 68.434657820433316 ], [ 22.622589260864427, 68.434282101193403 ], [ 22.617711514438042, 68.427700148954187 ], [ 22.602593083896817, 68.425564430005053 ], [ 22.589915081795994, 68.425224991117048 ], [ 22.581320454736879, 68.422591950199575 ], [ 22.572414236100215, 68.42213837338771 ], [ 22.559302711920079, 68.432307580857312 ], [ 22.554695506441771, 68.43435494399985 ], [ 22.535890236534861, 68.43441239252347 ], [ 22.524383796896483, 68.438345572993327 ], [ 22.504560137037839, 68.442395906390274 ], [ 22.482911402502882, 68.443273128325572 ], [ 22.468219405744168, 68.441360508136768 ], [ 22.459419369223856, 68.447964541995574 ], [ 22.437051101598559, 68.459891709937011 ], [ 22.436911944731158, 68.464199201379216 ], [ 22.421239827079567, 68.463289540510701 ], [ 22.411990708792171, 68.46680451955956 ], [ 22.396533773517042, 68.464001157975659 ], [ 22.377729680524453, 68.454044907635179 ], [ 22.357659752656218, 68.445753811895912 ], [ 22.343066317475351, 68.444605807473224 ], [ 22.340436226533804, 68.446244729271527 ], [ 22.34548619390895, 68.452487642341367 ], [ 22.342421498683173, 68.455747044315913 ], [ 22.343615586018991, 68.460551125690571 ], [ 22.348991616536786, 68.46347980767743 ], [ 22.340745055972324, 68.469081572919265 ], [ 22.348167542947785, 68.474078675171143 ], [ 22.351427503111655, 68.481234060046475 ], [ 22.339514722849259, 68.482542708440192 ], [ 22.326588932999485, 68.481057032228719 ], [ 22.296853929707424, 68.483922040806775 ], [ 22.285926589029707, 68.479108473441983 ], [ 22.26662420744919, 68.478896922007038 ], [ 22.251612149226631, 68.4823590868031 ], [ 22.222849352177537, 68.473027760224397 ], [ 22.208489115856608, 68.477366057827638 ], [ 22.204000221666362, 68.480073324899067 ], [ 22.192501858101494, 68.480202586151847 ], [ 22.178501008837259, 68.477729243622107 ], [ 22.166511696304113, 68.473552690133999 ], [ 22.152463044650688, 68.470088596438828 ], [ 22.128562733399956, 68.471476907263792 ], [ 22.122748502066926, 68.480373441918815 ], [ 22.076152478914572, 68.482425696029452 ], [ 22.05770392939829, 68.478965887700866 ], [ 22.044456210867505, 68.479312480447746 ], [ 22.031701387156751, 68.485402264987002 ], [ 22.026753143232526, 68.490066018130292 ], [ 22.011096177283576, 68.499975919711247 ], [ 22.008917508601034, 68.510113987043738 ], [ 22.003929195314424, 68.516160316596995 ], [ 21.996022005110678, 68.52174265926547 ], [ 22.007622272095919, 68.530906735835913 ], [ 22.000451305824125, 68.53463863565679 ], [ 21.991229285963371, 68.53422324721133 ], [ 21.970266810241498, 68.546088355154282 ], [ 21.968301760087861, 68.55112597058951 ], [ 21.947560954695739, 68.555853320266252 ], [ 21.9380618277808, 68.559649282176537 ], [ 21.928827340626604, 68.566995553069717 ], [ 21.907210081708179, 68.574576004268309 ], [ 21.905499776775457, 68.578018661933882 ], [ 21.887175596142143, 68.584931579585557 ], [ 21.875098835864584, 68.585328343896407 ], [ 21.864116653654094, 68.583897802713253 ], [ 21.863282397159828, 68.58837491772654 ], [ 21.841468593947493, 68.591226767735762 ], [ 21.803481164557919, 68.588609923017316 ], [ 21.798621277616345, 68.586465716056125 ], [ 21.770857860526252, 68.5857356604388 ], [ 21.721624095308549, 68.590754448863592 ], [ 21.701579414921209, 68.595662678814477 ], [ 21.700071927887308, 68.597448113290397 ], [ 21.699307169342713, 68.614336500436963 ], [ 21.71177719764334, 68.617273681576634 ], [ 21.709948506805098, 68.625123078649551 ], [ 21.696905858232537, 68.632380201875748 ], [ 21.685204030580692, 68.634535785636629 ], [ 21.677327124064732, 68.637623449715591 ], [ 21.663774807558621, 68.640705965443331 ], [ 21.653843339524084, 68.647247719147373 ], [ 21.627943252559895, 68.654571441415968 ], [ 21.622873508002126, 68.659385806711825 ], [ 21.624010767547855, 68.661960740311258 ], [ 21.60562006924723, 68.666725876211473 ], [ 21.596730754594276, 68.666374943208922 ], [ 21.583904200041363, 68.667913451158469 ], [ 21.567310982929445, 68.672148914407302 ], [ 21.566070278500387, 68.675111347716083 ], [ 21.554602529749449, 68.677667248144616 ], [ 21.529906358771957, 68.67533194795584 ], [ 21.510671079095665, 68.675710087165044 ], [ 21.474699254359404, 68.68207100487524 ], [ 21.465993754072151, 68.681796840927433 ], [ 21.456651992720172, 68.686928400805684 ], [ 21.445602586454346, 68.689408336621497 ], [ 21.435340565608549, 68.690129277582542 ], [ 21.420806791791197, 68.695584788567146 ], [ 21.418013632684502, 68.698358822030471 ], [ 21.422751235973099, 68.701718804482638 ], [ 21.412760174786122, 68.711016502724348 ], [ 21.421940170446025, 68.71572232743334 ], [ 21.409662748322535, 68.724942773753611 ], [ 21.415105692190242, 68.73045688144849 ], [ 21.405078589251719, 68.737001907417138 ], [ 21.407071685326457, 68.743170452759813 ], [ 21.412465834167822, 68.748524431947473 ], [ 21.407424721879128, 68.750945317906627 ], [ 21.402155873549514, 68.757404031855529 ], [ 21.383865093302429, 68.764850475712578 ], [ 21.361809188187081, 68.767043193869085 ], [ 21.338589601607424, 68.763171811089492 ], [ 21.325768613940621, 68.759268533763816 ], [ 21.307835989124179, 68.760460429982444 ], [ 21.299089630121085, 68.762400063601945 ], [ 21.283603806231344, 68.77395770673246 ], [ 21.269759958658863, 68.780306300389952 ], [ 21.261676979378244, 68.787160505863042 ], [ 21.262158509933748, 68.79252847352231 ], [ 21.251968179138789, 68.798721349089078 ], [ 21.254010304214773, 68.802204128581366 ], [ 21.236680324527097, 68.812920400712159 ], [ 21.225654674003383, 68.816106845807781 ], [ 21.210523447609813, 68.817934934033246 ], [ 21.183754240091627, 68.825685260886729 ], [ 21.183464976610047, 68.829476459395437 ], [ 21.171888496300866, 68.833571357596398 ], [ 21.150433923618106, 68.839424992040122 ], [ 21.143764892681268, 68.845485446623854 ], [ 21.130360670031397, 68.849058992846068 ], [ 21.128234767305702, 68.853640445909534 ], [ 21.107762042449234, 68.859452567394612 ], [ 21.087836129751899, 68.862263711928819 ], [ 21.077664286155223, 68.865008056758825 ], [ 21.076945881165276, 68.871374884690198 ], [ 21.051727498231585, 68.879003813568914 ], [ 21.045230773183128, 68.881915623703591 ], [ 21.032431852163484, 68.882561694697074 ], [ 21.029077215881387, 68.885762769878767 ], [ 20.997037261550165, 68.896690014371032 ], [ 20.990915357289165, 68.897330975289464 ], [ 20.98763802991499, 68.892471835637878 ], [ 20.975970542994343, 68.893038492863838 ], [ 20.965089263272922, 68.891179672586645 ], [ 20.957422586946311, 68.89321508028145 ], [ 20.957494234965075, 68.896823066177731 ], [ 20.944472774516939, 68.896434946040927 ], [ 20.933213627415064, 68.898703604524826 ], [ 20.914747855596659, 68.897083671485802 ], [ 20.906748431331003, 68.891740402696342 ], [ 20.888595420764869, 68.891564978684656 ], [ 20.877235497644318, 68.894749926798127 ], [ 20.884422145110406, 68.896899962667078 ], [ 20.894250736090896, 68.897163487013643 ], [ 20.903539637560392, 68.900477134961918 ], [ 20.890444392930675, 68.908286827751354 ], [ 20.889803741043494, 68.91074702569135 ], [ 20.877596093889977, 68.919706723880211 ], [ 20.852386364434345, 68.923441179674654 ], [ 20.843203724029163, 68.936668526776884 ], [ 20.862381482279716, 68.941696733660166 ], [ 20.865978071432625, 68.943545375207677 ], [ 20.890313139088487, 68.941413470617093 ], [ 20.895159218107153, 68.947387085586513 ], [ 20.903209018265937, 68.95099455415486 ], [ 20.913315136115088, 68.959193016826617 ], [ 20.911673485738387, 68.968736893833437 ], [ 20.905470592554789, 68.973440612646883 ], [ 20.883605007036262, 68.983147046524351 ], [ 20.879949095126065, 68.986649889878379 ], [ 20.866731953163345, 68.9871279321316 ], [ 20.843186860082003, 68.992850470179704 ], [ 20.834963694392197, 68.996059858185077 ], [ 20.817492451165634, 69.008849930324374 ], [ 20.811997341057534, 69.018356388335675 ], [ 20.783300084632515, 69.028252299097858 ], [ 20.776317923965948, 69.032199776963708 ], [ 20.767986371919367, 69.033718409217997 ], [ 20.728606599000067, 69.038124730133191 ], [ 20.716631697697139, 69.040311908346879 ], [ 20.703079179467576, 69.044368163189944 ], [ 20.688682734938837, 69.043053985614037 ], [ 20.662367592785436, 69.043111263527891 ], [ 20.627575303494321, 69.04584853990653 ], [ 20.616100785888996, 69.047456970079793 ], [ 20.591336395500431, 69.053436535035729 ], [ 20.559228068827505, 69.056533607406422 ], [ 20.548636609114403, 69.059973132716564 ], [ 20.303070552900255, 69.052656087420687 ], [ 20.060035712586789, 69.045758545323565 ], [ 20.108352183711197, 69.021925654677844 ], [ 20.237861419885945, 68.956074734177193 ], [ 20.26289407850016, 68.94476609803354 ], [ 20.306577797177809, 68.926182024955168 ], [ 20.321843809057956, 68.855606224328596 ], [ 20.3358613135991, 68.802312347770226 ], [ 20.273840671020082, 68.740268381821764 ], [ 20.202825080472604, 68.665924132253906 ], [ 20.052237325997737, 68.591068560919098 ], [ 19.937492313749395, 68.557939550448353 ], [ 20.025875992439342, 68.530814298300641 ], [ 20.226533018488599, 68.490812575705803 ], [ 20.110562634633354, 68.443820507461623 ], [ 19.977947543616793, 68.388156614009517 ], [ 19.921386988834076, 68.356012483129589 ], [ 19.707581883687105, 68.393913565446852 ], [ 19.500840245634109, 68.429377578782407 ], [ 19.23152817722023, 68.475156595561813 ], [ 18.983793620634977, 68.516962272325117 ], [ 18.740302162276947, 68.510447615428077 ], [ 18.684946049612048, 68.508508002160738 ], [ 18.621214337193599, 68.506955708831086 ], [ 18.552590363860539, 68.532781289662594 ], [ 18.485524516575811, 68.556483662528976 ], [ 18.405678814855847, 68.581875974336342 ], [ 18.299911106853884, 68.564542546229617 ], [ 18.125915606060484, 68.536514685748131 ], [ 18.117730068802384, 68.489806079260234 ], [ 18.101084002115272, 68.406044217137065 ], [ 18.114610264178584, 68.340525177731649 ], [ 18.138882476922092, 68.249017484254367 ], [ 18.151345834084673, 68.198788980187302 ], [ 18.095799080344644, 68.146157778312187 ], [ 18.05232162077867, 68.108220231531121 ], [ 17.973758518246445, 68.036959418448845 ], [ 17.899757283631537, 67.969370937638075 ], [ 17.664739160645613, 68.038380197059752 ], [ 17.495368372196896, 68.074832731337366 ], [ 17.352305604774397, 68.104213414948362 ], [ 17.28151633811493, 68.11881374030132 ], [ 17.252625590944096, 68.101577388982605 ], [ 17.180501148588377, 68.05045906633454 ], [ 17.047230686505443, 68.01210841687201 ], [ 16.95370831133361, 67.984409824814861 ], [ 16.907865798980104, 67.97001709466528 ], [ 16.833378405748853, 67.945216887284701 ], [ 16.738113872523016, 67.914208256805821 ], [ 16.678919903552995, 67.824419171273036 ], [ 16.637908025685494, 67.767013246054958 ], [ 16.58051227820447, 67.680010029436076 ], [ 16.556277895449394, 67.647193499279012 ], [ 16.494869597396814, 67.594459035223835 ], [ 16.407561964431178, 67.534026082187012 ], [ 16.285589912908168, 67.527990266971486 ], [ 16.157996625045584, 67.519158282950528 ], [ 16.089823773688202, 67.435277224344375 ], [ 16.179958636484951, 67.371221061885507 ], [ 16.329975711233239, 67.262050604980999 ], [ 16.404094664574078, 67.204973055782233 ], [ 16.398270757753966, 67.157882363422388 ], [ 16.390898174527493, 67.084084162514856 ], [ 16.387754896057999, 67.045461078248664 ], [ 16.30639283721219, 67.018786779807357 ], [ 16.194012761076134, 66.982591119960034 ], [ 16.129295150633997, 66.953261371587757 ], [ 16.038759027179292, 66.912445201589151 ], [ 15.993634506224986, 66.873225095526109 ], [ 15.906788510346905, 66.807531006533409 ], [ 15.807616965977489, 66.735481134671815 ], [ 15.716376377549009, 66.667027106540658 ], [ 15.621365599909829, 66.594336192347242 ], [ 15.533361438000551, 66.557858655029221 ], [ 15.451055380778589, 66.52396720015625 ], [ 15.377223218639012, 66.484302714516573 ], [ 15.430392896159653, 66.392212373242828 ], [ 15.453991841744376, 66.345232140535359 ], [ 15.526345852681333, 66.333505857886777 ], [ 15.769004856757977, 66.291148045006238 ], [ 16.229502681231498, 66.141386852549118 ], [ 16.523283396396106, 66.054190438619614 ], [ 16.605165975715348, 66.044173952084989 ], [ 16.771373440793802, 66.03193177810013 ], [ 16.979917989480267, 65.952856466898695 ], [ 17.674647556578673, 65.657024741394977 ], [ 17.848380066351265, 65.624441960429536 ], [ 18.030597676139866, 65.602434183650331 ], [ 18.033230438953399, 65.587823643563809 ], [ 18.052455121626895, 65.582174899724038 ], [ 18.073815692617384, 65.578743995989583 ], [ 18.078636096987019, 65.579578272003332 ], [ 18.102065655321979, 65.594507429360206 ], [ 18.14659803337047, 65.588946838289303 ], [ 18.143411413635107, 65.576648511754172 ], [ 18.158383939393598, 65.574416376319391 ], [ 18.178110609811505, 65.5770529884865 ], [ 18.18042958546129, 65.57253000008464 ], [ 18.179427297989854, 65.565694366539148 ], [ 18.195371202777089, 65.555223447110592 ], [ 18.23096344919578, 65.543078538746911 ], [ 18.250580908431779, 65.532246465404356 ], [ 18.26729992050754, 65.525488012088289 ], [ 18.342309860448538, 65.494053837722078 ], [ 18.426327196038123, 65.497210463074197 ], [ 18.504125032820564, 65.475076988695022 ], [ 18.512778913981187, 65.464161354143002 ], [ 18.517324861974718, 65.4609476729633 ], [ 18.523440086014219, 65.451862803591453 ], [ 18.534490781192432, 65.448989340222667 ], [ 18.555744490620086, 65.445714556290838 ], [ 18.568508999666541, 65.445060194907612 ], [ 18.580594391527747, 65.440800079585912 ], [ 18.627402383265515, 65.434602744837804 ], [ 18.646457934323166, 65.436516970562096 ], [ 18.665855851631125, 65.436402777093065 ], [ 18.703188158088736, 65.438833955360721 ], [ 18.712976677972723, 65.438700006517394 ], [ 18.722463816511535, 65.436731109416314 ], [ 18.741973092630658, 65.427404252719413 ], [ 18.749409428605013, 65.421433995162872 ], [ 18.744342974502143, 65.414118072701854 ], [ 18.748908365861137, 65.40640827805575 ], [ 18.769921661302227, 65.396374743671188 ], [ 18.796577268647212, 65.389143812747662 ], [ 18.811080246967116, 65.387190750476051 ], [ 18.818831016717116, 65.382574847351123 ], [ 18.822799171484913, 65.377886019800016 ], [ 18.832959694031427, 65.372305489049751 ], [ 18.852570798684972, 65.3703220260129 ], [ 18.869411912556323, 65.372813419285364 ], [ 18.894778073831837, 65.362605566440266 ], [ 18.928877636872727, 65.351301356863658 ], [ 18.93232821816429, 65.346732174113313 ], [ 18.97546248126277, 65.341580921942764 ], [ 18.989643660341013, 65.336725961844365 ], [ 19.009595000643333, 65.332739118038873 ], [ 19.017610358486877, 65.329224284938263 ], [ 19.016727017665303, 65.325791080010092 ], [ 19.021350863966997, 65.318052243576147 ], [ 19.019952997075467, 65.312228430590338 ], [ 19.032891298092689, 65.307341624315043 ], [ 19.042402352429594, 65.306239762237965 ], [ 19.050113103345371, 65.307236562577771 ], [ 19.061778715785746, 65.306096024679206 ], [ 19.072657872432725, 65.307449628206982 ], [ 19.098093466589038, 65.304678175431533 ], [ 19.13192907596822, 65.291634048273991 ], [ 19.15131690856801, 65.28785540214426 ], [ 19.166688608018685, 65.285950682600657 ], [ 19.174488393111815, 65.282023145284739 ], [ 19.206076704970009, 65.270986851641112 ], [ 19.222385013252051, 65.268615042595016 ], [ 19.233223323870678, 65.265243728952612 ], [ 19.241575849865985, 65.260639849819086 ], [ 19.258842305308427, 65.254582901214107 ], [ 19.273634464322814, 65.2414646156396 ], [ 19.263812119928872, 65.239886018899483 ], [ 19.252271257685727, 65.241704511544 ], [ 19.246520487353774, 65.229938572663471 ], [ 19.242931922625377, 65.226868938347124 ], [ 19.244082404833303, 65.218761174416898 ], [ 19.261111774578556, 65.207536672300122 ], [ 19.280436073567547, 65.204235266900653 ], [ 19.298350442400697, 65.197372190518692 ], [ 19.326690970023972, 65.191362608147131 ], [ 19.340975355852084, 65.185813934049904 ], [ 19.343484357127636, 65.182616292357466 ], [ 19.338375052383011, 65.179315286860216 ], [ 19.347983787654368, 65.17337293372691 ], [ 19.363900860535615, 65.16680440216949 ], [ 19.3752115200407, 65.155772806278293 ], [ 19.38530546078221, 65.150601958104204 ], [ 19.388167212871551, 65.144171022800521 ], [ 19.392030600696263, 65.142974045316976 ], [ 19.431763842176885, 65.153288611097835 ], [ 19.437076807907189, 65.148903176223286 ], [ 19.482477418972987, 65.161546166719347 ], [ 19.478726524479605, 65.165454977733802 ], [ 19.608760377617344, 65.198966632325821 ], [ 19.696147024762009, 65.254087952416654 ], [ 19.704325522165114, 65.251414908749496 ], [ 19.712049894019056, 65.256837362863848 ], [ 19.70437138266557, 65.259273283299208 ], [ 19.89437386398675, 65.380661905990507 ], [ 20.102787109911244, 65.34697441561481 ], [ 20.292365082397325, 65.308956888031119 ], [ 20.638361534561952, 65.240949712889034 ], [ 20.807255597381467, 65.208920579582909 ], [ 21.230954186217694, 65.168611931037049 ], [ 21.266399273731917, 65.16381508591796 ], [ 21.319785995462034, 65.135949585639523 ], [ 21.460539759551519, 65.09398388964253 ], [ 21.493021756855686, 65.083437836254802 ], [ 21.941068154562622, 64.901691622737559 ], [ 21.945449907150874, 64.902357177370121 ] ] ] } },
{ "type": "Feature", "properties": { "geo_point_2d": { "lon": 14.407876245213075, "lat": 57.533069123724417 }, "year": "2022", "geo_id": "06", "geo_name": "Jönköpings län", "geo_type": "county" }, "geometry": { "type": "Polygon", "coordinates": [ [ [ 14.41670676028142, 58.187238764172712 ], [ 14.313497303734687, 58.132223132175589 ], [ 14.225672572295187, 58.135816226856853 ], [ 14.20674233849094, 58.135427526912942 ], [ 14.191248022157778, 58.131155397951886 ], [ 14.179454711185272, 58.12918257724148 ], [ 14.167600906911607, 58.128554845631008 ], [ 14.156691201094159, 58.130829749857384 ], [ 14.146901820741411, 58.134537138411169 ], [ 14.147507195341115, 58.139043932564284 ], [ 14.138985265857162, 58.139363839659673 ], [ 14.130568866301251, 58.145745995333506 ], [ 14.119152876170169, 58.121762721386943 ], [ 14.122589881887819, 58.108221478545758 ], [ 14.12198665250772, 58.100912788759231 ], [ 14.117506603744804, 58.08983504748111 ], [ 14.113736667325199, 58.088878039592515 ], [ 14.109324031609328, 58.084320356617702 ], [ 14.111265046813491, 58.079856184260542 ], [ 14.116851125217382, 58.078592358911379 ], [ 14.105127620147563, 58.062415929308024 ], [ 14.064618039658008, 58.038771379361286 ], [ 14.065591634918452, 58.02788724393762 ], [ 14.062678044421626, 58.024277738150097 ], [ 13.992799015802632, 58.009731844809131 ], [ 13.962466703775236, 58.00767941305341 ], [ 13.952879934073978, 58.027521608161543 ], [ 13.947873832116148, 58.033959427780665 ], [ 13.919972184765273, 58.040697462124946 ], [ 13.902940412974308, 58.042213109685839 ], [ 13.868081520528184, 58.047650245768388 ], [ 13.865334905285108, 58.041101951510363 ], [ 13.857516497122647, 58.041974861884682 ], [ 13.807940634470796, 58.054794104900544 ], [ 13.798909251585693, 58.049425232882903 ], [ 13.78950395271727, 58.048297684188881 ], [ 13.794427679040709, 58.054832764346131 ], [ 13.788801018365048, 58.056409666696801 ], [ 13.772144056742048, 58.048560338792512 ], [ 13.770932596349644, 58.040673756919958 ], [ 13.765643013793882, 58.037212267165749 ], [ 13.775235178774491, 58.011994780639682 ], [ 13.772164211539874, 58.006772731456472 ], [ 13.756030070531306, 58.007842905133209 ], [ 13.751231919454064, 58.004770351490528 ], [ 13.757699354562833, 58.001134109447428 ], [ 13.748454061900976, 57.993333110914584 ], [ 13.743627315241854, 57.996389281096128 ], [ 13.732971737990825, 57.997554194639811 ], [ 13.725549739402156, 57.991954581333189 ], [ 13.716306793430972, 57.988008537904619 ], [ 13.72300871320394, 57.98704077755194 ], [ 13.718141072854868, 57.975815466964377 ], [ 13.689052935544666, 57.976775874419594 ], [ 13.686665924510196, 57.974257317248657 ], [ 13.712539218697497, 57.965965403138057 ], [ 13.728606066123625, 57.931876452620024 ], [ 13.734169192696749, 57.937589445521198 ], [ 13.741614739483865, 57.939964893073956 ], [ 13.757628723021908, 57.940475554510918 ], [ 13.76496867906824, 57.937908359693807 ], [ 13.767544428236098, 57.93030690172408 ], [ 13.772082269124692, 57.925000026253109 ], [ 13.780425866000435, 57.926714007939594 ], [ 13.785535597543586, 57.925906267965388 ], [ 13.789126934212105, 57.922370968823856 ], [ 13.790905402834685, 57.906898076969917 ], [ 13.775150030552826, 57.90236313533881 ], [ 13.761726397252158, 57.894262359612 ], [ 13.761002663027787, 57.892454491246319 ], [ 13.765913922639237, 57.881082678423347 ], [ 13.765236939978996, 57.878152949959201 ], [ 13.742433118911887, 57.86539926884636 ], [ 13.739640120253769, 57.855914635522126 ], [ 13.735960341893634, 57.854273963486527 ], [ 13.732646012047109, 57.846576859039637 ], [ 13.737625035750137, 57.840820387729295 ], [ 13.73805136488958, 57.820161633785432 ], [ 13.745092529170119, 57.81534560046606 ], [ 13.746231531793699, 57.810424458181188 ], [ 13.742238321459737, 57.806982589251888 ], [ 13.742772150092087, 57.798225619257543 ], [ 13.74468707914472, 57.79443976127861 ], [ 13.746140248047764, 57.784584046117239 ], [ 13.753056233332147, 57.774426264764358 ], [ 13.743385956380136, 57.760945519517449 ], [ 13.742716828164383, 57.75824024557965 ], [ 13.733339105875528, 57.753578530494757 ], [ 13.715760013851115, 57.732147531237487 ], [ 13.71712383117565, 57.723637740606712 ], [ 13.728072678971198, 57.717786965444709 ], [ 13.723565604054798, 57.715094829363132 ], [ 13.694763966295445, 57.705483557464433 ], [ 13.722918174650266, 57.691166762559618 ], [ 13.72447379471453, 57.665801930633897 ], [ 13.705340981448439, 57.636699905134265 ], [ 13.68678609472914, 57.632096999950548 ], [ 13.682625858894731, 57.625057479181365 ], [ 13.673292644739933, 57.626912194718741 ], [ 13.670455629682468, 57.618771861218995 ], [ 13.666098655601376, 57.614871973257927 ], [ 13.670098450802962, 57.604610787408475 ], [ 13.669754243260353, 57.593867410352473 ], [ 13.679500230081382, 57.594898593857451 ], [ 13.678095386262639, 57.590599682852783 ], [ 13.673624513614836, 57.586581332723625 ], [ 13.678414197058959, 57.58449754342503 ], [ 13.680264269942731, 57.5790139654383 ], [ 13.687077007429863, 57.576761812053263 ], [ 13.688056926490219, 57.55820871775807 ], [ 13.671867477915566, 57.543304888369256 ], [ 13.66645540713399, 57.536467982858447 ], [ 13.646693441180311, 57.525541854848036 ], [ 13.633054640697601, 57.523268822010621 ], [ 13.625337493196627, 57.519983044691365 ], [ 13.618186400374235, 57.51423658445065 ], [ 13.610822437045869, 57.512069754937968 ], [ 13.590557548651891, 57.489314451326585 ], [ 13.585203943553074, 57.476088598006491 ], [ 13.571351242143441, 57.468873727578774 ], [ 13.531584618767937, 57.429898370140336 ], [ 13.515479783859863, 57.427792144913184 ], [ 13.505567227293183, 57.414335687597138 ], [ 13.516670245455012, 57.410064859918769 ], [ 13.512103736382532, 57.397388591166767 ], [ 13.488539819861987, 57.395349206813208 ], [ 13.477753213536324, 57.388619987615279 ], [ 13.468007916444678, 57.371736535096112 ], [ 13.445021402454183, 57.37193165855939 ], [ 13.435710251675443, 57.368486987809405 ], [ 13.430338374539046, 57.357943471814039 ], [ 13.436538471301009, 57.35297177938692 ], [ 13.431482133127775, 57.348151614569787 ], [ 13.400070754395783, 57.339874584090389 ], [ 13.394988974914352, 57.341115696769876 ], [ 13.386506943559899, 57.340404875349421 ], [ 13.369926380944953, 57.321827377132927 ], [ 13.361957109695883, 57.322719218703448 ], [ 13.351627429046239, 57.320218413882877 ], [ 13.347218811905407, 57.31801681597284 ], [ 13.339070016850886, 57.317565251461623 ], [ 13.30118203088159, 57.311498200584168 ], [ 13.283254977438052, 57.307088378980794 ], [ 13.287000956923581, 57.3010999571271 ], [ 13.288661112181392, 57.289679862442185 ], [ 13.287176457010952, 57.28351919273009 ], [ 13.280878443130335, 57.271306061423502 ], [ 13.272910321905455, 57.267660210100054 ], [ 13.270109839304547, 57.260493571637284 ], [ 13.263096295840393, 57.250322100716971 ], [ 13.244882313629319, 57.259069923182501 ], [ 13.232819757704256, 57.259703736580931 ], [ 13.228436417000456, 57.258764947666528 ], [ 13.222040973656869, 57.254074525903341 ], [ 13.213573775194481, 57.250971484452343 ], [ 13.199221111916842, 57.248859750829716 ], [ 13.193864186263403, 57.241745906126106 ], [ 13.187970113657116, 57.236161251789241 ], [ 13.189900690666798, 57.229549300435856 ], [ 13.194242481258216, 57.226944688994848 ], [ 13.175499530578062, 57.211160201971701 ], [ 13.17591745270899, 57.209417187107825 ], [ 13.165754183411392, 57.198446057001647 ], [ 13.164422612067121, 57.194150859542326 ], [ 13.157690380774625, 57.190181961984997 ], [ 13.152285840257917, 57.179718708071299 ], [ 13.149953207435406, 57.177648035797944 ], [ 13.1383214406248, 57.173107033047188 ], [ 13.136564916109231, 57.1690270279462 ], [ 13.121113217120183, 57.154745551073944 ], [ 13.117411292806715, 57.149267021433857 ], [ 13.110165254674632, 57.146631919355727 ], [ 13.100760252726779, 57.14551298876065 ], [ 13.083056030121837, 57.133872980219984 ], [ 13.077746138401022, 57.127900051219186 ], [ 13.080491692327799, 57.125017586598482 ], [ 13.092262858110491, 57.128880016901654 ], [ 13.098598241409819, 57.128199505921643 ], [ 13.092375680935683, 57.119440481536152 ], [ 13.084561391523076, 57.112780199376886 ], [ 13.088181287148526, 57.110617308320016 ], [ 13.089778983270664, 57.10593544654327 ], [ 13.080038577767182, 57.098518828154148 ], [ 13.088983879509678, 57.089513706108796 ], [ 13.089593405346527, 57.08704737683663 ], [ 13.083387981132143, 57.084671166589764 ], [ 13.085638641500108, 57.07954086793486 ], [ 13.09683468408601, 57.073288248205387 ], [ 13.108158037631075, 57.065456262844606 ], [ 13.116319600888739, 57.063655413184428 ], [ 13.121370792123198, 57.054025400650239 ], [ 13.116435387804922, 57.049750971506889 ], [ 13.11426950200412, 57.041614484169386 ], [ 13.12270603597408, 57.0355249315365 ], [ 13.118691299761444, 57.033305137703529 ], [ 13.122336287473232, 57.025774054430848 ], [ 13.133655198718412, 57.02850480824155 ], [ 13.136364991312718, 57.034393110912561 ], [ 13.144303513243184, 57.03737860430526 ], [ 13.156191051251138, 57.037518559444372 ], [ 13.17950751144047, 57.048233410810205 ], [ 13.193787220122871, 57.049448528398678 ], [ 13.205346856219663, 57.054832292339228 ], [ 13.205234405048298, 57.057529513674417 ], [ 13.187950086802495, 57.057142323500727 ], [ 13.1693875928556, 57.049529921839323 ], [ 13.163625921514384, 57.051654347074326 ], [ 13.174053331929155, 57.055485436406514 ], [ 13.181046134669725, 57.066655141057971 ], [ 13.188006224369822, 57.063045717059815 ], [ 13.200489636726793, 57.071355360043633 ], [ 13.21691326868574, 57.075549914135927 ], [ 13.230200608936936, 57.076731232930292 ], [ 13.229244772794422, 57.084980836996536 ], [ 13.233398719970648, 57.089382760418815 ], [ 13.224263343539139, 57.095698821530313 ], [ 13.233614059631254, 57.097705828880663 ], [ 13.254437095170431, 57.089390846761354 ], [ 13.274084511327031, 57.093158238081081 ], [ 13.276039243520614, 57.095591777968991 ], [ 13.28954076865546, 57.103054803620758 ], [ 13.304130390791896, 57.103948855141589 ], [ 13.310479046572288, 57.10183864566801 ], [ 13.318720596926438, 57.102011507508678 ], [ 13.335345184882829, 57.106185198958528 ], [ 13.349868545356072, 57.110980218993014 ], [ 13.35217641950852, 57.11328018322353 ], [ 13.368223522719481, 57.114060485037243 ], [ 13.385885621746114, 57.111038685461097 ], [ 13.386577082694293, 57.113347179148015 ], [ 13.425713699052087, 57.112551576825034 ], [ 13.440756448604693, 57.109934932876953 ], [ 13.444725762582509, 57.106192095659374 ], [ 13.454816907925457, 57.103246843706273 ], [ 13.453014339624493, 57.099395313077423 ], [ 13.457677711402726, 57.09768624633039 ], [ 13.467281897431048, 57.100812232716372 ], [ 13.471927485843047, 57.107644899676934 ], [ 13.488430666837255, 57.112909643534294 ], [ 13.495401750105909, 57.111093619042833 ], [ 13.499971267233525, 57.107068208992835 ], [ 13.497052880483935, 57.101175725714292 ], [ 13.496652896090554, 57.094871484731769 ], [ 13.498623821678402, 57.089446323743012 ], [ 13.490638679785501, 57.085993358683758 ], [ 13.501780540641333, 57.073407429450029 ], [ 13.505114371317797, 57.078296916412107 ], [ 13.506187492373037, 57.085174905868932 ], [ 13.528498115195605, 57.087405978179135 ], [ 13.538829155659233, 57.080874382733967 ], [ 13.547176620307786, 57.079237657428422 ], [ 13.573693186506432, 57.069823255284895 ], [ 13.571200281264032, 57.064865345370826 ], [ 13.577099117535777, 57.062733820177975 ], [ 13.586447822525633, 57.064938889109101 ], [ 13.600553836943474, 57.063409570951599 ], [ 13.605325533645447, 57.059675962959062 ], [ 13.606194957564835, 57.052505268584547 ], [ 13.602424384772094, 57.04889088275624 ], [ 13.608789804262818, 57.044017483228593 ], [ 13.608540492914853, 57.041542923162822 ], [ 13.587698141692469, 57.032381439742579 ], [ 13.594416772473684, 57.030488241363621 ], [ 13.60343059779599, 57.024592969570733 ], [ 13.59660953258302, 57.015472245900078 ], [ 13.601070406519636, 57.009936840612149 ], [ 13.615679190468846, 57.000330617119822 ], [ 13.627520009334205, 56.995156852618251 ], [ 13.627828221907601, 56.990446409791687 ], [ 13.630957074995935, 56.986458727862619 ], [ 13.647709193735821, 56.988123220614135 ], [ 13.649088287104201, 56.985901392474538 ], [ 13.665708196290149, 56.983285558313945 ], [ 13.681200941821009, 56.972115126420732 ], [ 13.692402009234197, 56.977038645077641 ], [ 13.692618182891351, 56.987156421444077 ], [ 13.694093018114451, 56.989876033345112 ], [ 13.710441413111351, 57.005232237087078 ], [ 13.712215399023307, 57.016723312555598 ], [ 13.733303910938242, 57.035748354197167 ], [ 13.746371523912098, 57.037778427252803 ], [ 13.759675033040658, 57.035544468065488 ], [ 13.755141391454778, 57.028724689764552 ], [ 13.761501249844679, 57.025693962778625 ], [ 13.77928799507777, 57.024204780641014 ], [ 13.794459219450358, 57.025374668254024 ], [ 13.802553884192031, 57.02798353400663 ], [ 13.822249544315008, 57.007656567942881 ], [ 13.83553835488957, 57.005405464064928 ], [ 13.842310730003451, 57.002152659420574 ], [ 13.84252815655578, 56.998338734015043 ], [ 13.858924408039295, 56.999520106193323 ], [ 13.867688156757103, 57.012024292562813 ], [ 13.875340845702899, 57.018236802060265 ], [ 13.885534852820181, 57.016817322986768 ], [ 13.910150647747717, 57.018126735049371 ], [ 13.924003679113305, 57.028458282971805 ], [ 13.92460982694174, 57.039928123835253 ], [ 13.974420816688983, 57.040514027805337 ], [ 13.977757772625694, 57.039664637768588 ], [ 13.990669261921767, 57.029308067822463 ], [ 14.0057451017113, 57.040106112502841 ], [ 14.017134885358457, 57.050625101926606 ], [ 14.026171060760104, 57.051211925215966 ], [ 14.047269941802009, 57.049740659960705 ], [ 14.071796521163368, 57.045403390744568 ], [ 14.085985836054594, 57.041799951637188 ], [ 14.093545813235933, 57.038993592778731 ], [ 14.100755164156, 57.034825819481142 ], [ 14.096820800220598, 57.031179604603352 ], [ 14.095260560013141, 57.021045195861127 ], [ 14.103114120061301, 57.020712188323415 ], [ 14.110030029654151, 57.022162285345722 ], [ 14.13143370865501, 57.02225286209395 ], [ 14.145477178404239, 57.026525991158294 ], [ 14.152312562867222, 57.029734384428735 ], [ 14.158231536073927, 57.013493682747146 ], [ 14.153811410364741, 57.007207267327431 ], [ 14.155476726088825, 56.999010902087242 ], [ 14.162154492533659, 56.997054285168012 ], [ 14.179915935853177, 56.987882920603965 ], [ 14.18848861469559, 56.965100643720973 ], [ 14.187324681746768, 56.963504868692624 ], [ 14.19175342003318, 56.957284146071451 ], [ 14.216982827521875, 56.954284204028781 ], [ 14.209025340298489, 56.945681998785503 ], [ 14.219603077380263, 56.934783106312651 ], [ 14.218156462066093, 56.930938689435614 ], [ 14.224485377875533, 56.91103544579456 ], [ 14.227429909421264, 56.909734457819447 ], [ 14.2352279230718, 56.901533959990957 ], [ 14.257327961377733, 56.885903937558076 ], [ 14.291700109189378, 56.879427734044555 ], [ 14.298977239830649, 56.878972386149115 ], [ 14.316759657757538, 56.883802038556887 ], [ 14.323802467212289, 56.881923408039633 ], [ 14.327555629453371, 56.88788202333901 ], [ 14.325814537794708, 56.891040751070747 ], [ 14.331576393711062, 56.895720730449931 ], [ 14.344720618214682, 56.912975302580847 ], [ 14.359999000751491, 56.920382820674753 ], [ 14.368571937807513, 56.929759186839071 ], [ 14.3748589271511, 56.930778832806297 ], [ 14.377308479535177, 56.934592370224422 ], [ 14.37738289985338, 56.939734884628407 ], [ 14.385953469673957, 56.945674697073599 ], [ 14.386418015397508, 56.953879652542113 ], [ 14.390125732855228, 56.958829822268044 ], [ 14.395977688086282, 56.962914941904295 ], [ 14.39122710825256, 56.96685334312393 ], [ 14.380596121092811, 56.973230399446521 ], [ 14.376898294856609, 56.980575093156688 ], [ 14.366773499814647, 56.981289757323545 ], [ 14.366914859301147, 56.989028529604191 ], [ 14.36872016397299, 56.993090735611304 ], [ 14.378716538674196, 56.999680452353168 ], [ 14.374525483258411, 57.004091637612333 ], [ 14.367864049283908, 57.007657049292874 ], [ 14.349536548868578, 57.00426132999354 ], [ 14.350860279768, 57.011245993475704 ], [ 14.347569740521099, 57.011198713429238 ], [ 14.333331214126106, 57.016169141237206 ], [ 14.32929438292215, 57.023306396117043 ], [ 14.331139706293968, 57.036584131631123 ], [ 14.330552416678049, 57.040178590719833 ], [ 14.334116408008649, 57.043372867849207 ], [ 14.337629495075605, 57.056220988291358 ], [ 14.359428771074043, 57.057651167410469 ], [ 14.356563961375034, 57.074906319611159 ], [ 14.362519526770635, 57.079932536215679 ], [ 14.355666205391927, 57.085232951927587 ], [ 14.359262849126825, 57.087753256171723 ], [ 14.357636459105915, 57.096041786865207 ], [ 14.348058941917436, 57.09970720436133 ], [ 14.344936121525022, 57.103061127210758 ], [ 14.346463246365582, 57.105773179995374 ], [ 14.337049692837757, 57.112605452025505 ], [ 14.3432554671642, 57.113149513399406 ], [ 14.350407145615616, 57.118410226021261 ], [ 14.359825109963118, 57.120333348936029 ], [ 14.359295856546977, 57.131786793975607 ], [ 14.347955535982628, 57.144659698325974 ], [ 14.353587242556706, 57.147661771509597 ], [ 14.36829357340013, 57.151459444406157 ], [ 14.37587145183017, 57.148636302864602 ], [ 14.383914663461494, 57.153460611792617 ], [ 14.395973934769092, 57.151827543449443 ], [ 14.409582698792988, 57.152455756610365 ], [ 14.413189489792421, 57.154974533115549 ], [ 14.419775556362449, 57.151589917627525 ], [ 14.424202156425002, 57.145159186199209 ], [ 14.432908420839752, 57.152470783534383 ], [ 14.441653448638078, 57.150576987162637 ], [ 14.448955944319589, 57.16233105030549 ], [ 14.460041326354528, 57.163559582368073 ], [ 14.459365712704287, 57.15804720471732 ], [ 14.476775727339319, 57.156921713996034 ], [ 14.485643653060345, 57.158847405657092 ], [ 14.485139644329326, 57.154558356161921 ], [ 14.487729510496333, 57.151900395991198 ], [ 14.495527231380674, 57.153347152915451 ], [ 14.499806311519375, 57.159462657050462 ], [ 14.510097465269377, 57.163040363616908 ], [ 14.513198589433719, 57.160261453264091 ], [ 14.53147006649893, 57.160075715802748 ], [ 14.538186380152428, 57.161284295893417 ], [ 14.543947228655377, 57.171687913467252 ], [ 14.550113803427774, 57.17266579780663 ], [ 14.554517039255515, 57.186198457286316 ], [ 14.567200436149724, 57.18971888969044 ], [ 14.575085549835771, 57.189365405422102 ], [ 14.585165007275444, 57.185665133988316 ], [ 14.598291408128066, 57.177911826825216 ], [ 14.610586434163912, 57.181015531572243 ], [ 14.611655330828851, 57.185300377590664 ], [ 14.606747562003278, 57.20456138275452 ], [ 14.617979635963593, 57.203123557231685 ], [ 14.630741425908315, 57.205066676352232 ], [ 14.654827117143499, 57.202640657059952 ], [ 14.656359786169279, 57.206031288897222 ], [ 14.681504528933967, 57.209006984546697 ], [ 14.71297276442038, 57.219908471347864 ], [ 14.717765207666826, 57.224682651709593 ], [ 14.738440956235333, 57.225345048465947 ], [ 14.749561558240782, 57.227262058536681 ], [ 14.765298643803062, 57.226980357655883 ], [ 14.773676749141666, 57.224597936036858 ], [ 14.790541234510217, 57.224358264671508 ], [ 14.809426563342219, 57.220693016800055 ], [ 14.825003810246876, 57.213209550786786 ], [ 14.836549746669403, 57.202092086399965 ], [ 14.850270973291382, 57.199979221792425 ], [ 14.859390555507364, 57.199841783366942 ], [ 14.870203963129994, 57.198144809548168 ], [ 14.875267206977568, 57.194823914872394 ], [ 14.878396347465292, 57.188121009983774 ], [ 14.890750500162055, 57.176780104355089 ], [ 14.884774512895957, 57.169758855309261 ], [ 14.884439526442579, 57.167277893954157 ], [ 14.89200342700191, 57.163534650471689 ], [ 14.890010033311158, 57.161266110275541 ], [ 14.89236313207047, 57.152303180627328 ], [ 14.904490482123151, 57.134673199963451 ], [ 14.912366238698668, 57.134074022407603 ], [ 14.949893717915501, 57.135988168160914 ], [ 14.963161080196045, 57.134308972866172 ], [ 14.977583925594022, 57.135554526093998 ], [ 14.999283241764816, 57.142484887436481 ], [ 14.997510633208472, 57.146505493419866 ], [ 15.009579502867888, 57.157619109195039 ], [ 15.011849396889838, 57.165050951512896 ], [ 15.025459535280529, 57.166285796408083 ], [ 15.037534743550365, 57.163468798655742 ], [ 15.042761198236938, 57.168906628225727 ], [ 15.04426746216652, 57.173630240526016 ], [ 15.064713554413604, 57.182112982859842 ], [ 15.067505228163595, 57.186403868507973 ], [ 15.074912078541193, 57.187354197912718 ], [ 15.0808358465066, 57.195641061872301 ], [ 15.100364178991882, 57.19519561644244 ], [ 15.105844905894966, 57.191418857367964 ], [ 15.112894503169111, 57.190353469568905 ], [ 15.121969409231099, 57.191543694359972 ], [ 15.12696063818537, 57.19052015727604 ], [ 15.12965712678715, 57.185743975757838 ], [ 15.140142255097473, 57.178265969307965 ], [ 15.146624795007542, 57.175538896728909 ], [ 15.153883712913943, 57.180533705031579 ], [ 15.155452881240517, 57.185215838846318 ], [ 15.152710004713889, 57.203228551678038 ], [ 15.149856621328865, 57.206567623764975 ], [ 15.150597227391842, 57.211460982766482 ], [ 15.141268643541787, 57.219570076044612 ], [ 15.138972030126929, 57.223805332308309 ], [ 15.121804748752433, 57.22994942004312 ], [ 15.127524706653702, 57.233141337618328 ], [ 15.132339704363037, 57.238788588445964 ], [ 15.154073993690064, 57.230848448562519 ], [ 15.157117429897362, 57.225494310549564 ], [ 15.160025984621623, 57.224844811786994 ], [ 15.166962932338443, 57.229612624194374 ], [ 15.181561700282161, 57.224998647504073 ], [ 15.178028295080004, 57.220791973967223 ], [ 15.182827946247608, 57.21384760230773 ], [ 15.193627558263399, 57.20881819771224 ], [ 15.198426885809319, 57.20791211671056 ], [ 15.210143602835704, 57.210927103028752 ], [ 15.213278150786261, 57.214888534315612 ], [ 15.219834956268818, 57.21784670905074 ], [ 15.233635403071888, 57.229853389910602 ], [ 15.241273588387903, 57.220710724011028 ], [ 15.252077645672793, 57.225751561428325 ], [ 15.265520627560615, 57.220381924674385 ], [ 15.278907930630147, 57.221251497158583 ], [ 15.281170935230417, 57.223775289595785 ], [ 15.301252803552936, 57.223992324545208 ], [ 15.310828153815761, 57.22225247541671 ], [ 15.315883621891269, 57.218015951705851 ], [ 15.318644425447948, 57.224545938191241 ], [ 15.325685500243063, 57.224142043566708 ], [ 15.335552455617616, 57.228013709727932 ], [ 15.351332370590386, 57.225189382949992 ], [ 15.376137301572884, 57.227575542638313 ], [ 15.395645254891216, 57.225656324316873 ], [ 15.403133278855798, 57.223678122196787 ], [ 15.411900164333492, 57.219674103965225 ], [ 15.424732383972458, 57.219291696625561 ], [ 15.431833983335922, 57.21596366759826 ], [ 15.436456538787372, 57.21217001193191 ], [ 15.441416648027623, 57.21264247431067 ], [ 15.445474718529848, 57.217377469283683 ], [ 15.464154505833745, 57.214547281771985 ], [ 15.467913174824584, 57.212546040769944 ], [ 15.482835374611273, 57.211265345506206 ], [ 15.500338435701561, 57.203936953376143 ], [ 15.51030709006559, 57.200835938836434 ], [ 15.516529059135978, 57.201452082928199 ], [ 15.513353760097475, 57.202603086402668 ], [ 15.514600424312778, 57.208424768142613 ], [ 15.519878868704899, 57.210856909732804 ], [ 15.527201311652522, 57.225424794372046 ], [ 15.523030562214512, 57.235266035147468 ], [ 15.516742132135734, 57.241070451590993 ], [ 15.515022731932667, 57.24488278632483 ], [ 15.502093943446154, 57.249997433427062 ], [ 15.490505781952672, 57.249043958914761 ], [ 15.472487367413825, 57.261308341898193 ], [ 15.458324600837749, 57.268399684064072 ], [ 15.474034404256344, 57.271926230713213 ], [ 15.473643581881356, 57.27827371919939 ], [ 15.4823390095903, 57.279239264741854 ], [ 15.471286259841465, 57.291395485656615 ], [ 15.46721930534259, 57.300813037559166 ], [ 15.469286640779313, 57.305128746886837 ], [ 15.474619275894785, 57.30804328209063 ], [ 15.479598664134, 57.307849790763299 ], [ 15.486158071673582, 57.311036394152488 ], [ 15.504839809545395, 57.309331555348976 ], [ 15.512459070874311, 57.306853294741934 ], [ 15.512039660792455, 57.328205416639086 ], [ 15.513261721249695, 57.331099637303872 ], [ 15.521034834704537, 57.339270801381701 ], [ 15.510117760646308, 57.350424935875409 ], [ 15.512654214807272, 57.359383323029697 ], [ 15.515743805427602, 57.363700586181878 ], [ 15.497737518849084, 57.370796348866271 ], [ 15.495583334423431, 57.373960767318081 ], [ 15.510116370219158, 57.38153844569738 ], [ 15.52268077373995, 57.384261160139779 ], [ 15.520756870542071, 57.39220352858456 ], [ 15.520807306752259, 57.4006890989385 ], [ 15.522411377315949, 57.404059964458718 ], [ 15.527630582457704, 57.40682825630909 ], [ 15.519480369652289, 57.410850661870292 ], [ 15.50799332346843, 57.411632129039901 ], [ 15.503010021167222, 57.410614552267141 ], [ 15.492976481960387, 57.416516344629962 ], [ 15.49084469423163, 57.43219784551723 ], [ 15.495009301348921, 57.441708264606817 ], [ 15.50442631287639, 57.450818174281807 ], [ 15.504878885600906, 57.456548017396223 ], [ 15.515883872195751, 57.455316741988412 ], [ 15.520874305624375, 57.456244021587601 ], [ 15.548294798322125, 57.465803109829544 ], [ 15.552411437074079, 57.468101167575192 ], [ 15.562050181012603, 57.464618308883793 ], [ 15.562733102668624, 57.457139946231081 ], [ 15.570862719494908, 57.454596306996898 ], [ 15.574277615093909, 57.449349786108272 ], [ 15.583527396838649, 57.448423646026036 ], [ 15.590659109778025, 57.445068839506916 ], [ 15.597461134382412, 57.435050482404357 ], [ 15.604582307922415, 57.435933062597044 ], [ 15.614404838260741, 57.442485280501963 ], [ 15.620226217917581, 57.453735982891821 ], [ 15.616436308416226, 57.461811625419081 ], [ 15.621562070344487, 57.486134857589207 ], [ 15.625159737623942, 57.490243553172967 ], [ 15.644146384388726, 57.495324644516096 ], [ 15.654257979557139, 57.502071586450384 ], [ 15.646484113656904, 57.506102585069094 ], [ 15.638064640633672, 57.512287249307988 ], [ 15.634269408357738, 57.521036773112051 ], [ 15.634367770083005, 57.528507519552136 ], [ 15.625587781731964, 57.531862421484874 ], [ 15.616159843616682, 57.537505407520513 ], [ 15.618536644791657, 57.539601093369654 ], [ 15.611623160977469, 57.542885951664125 ], [ 15.603237069266205, 57.543483322176243 ], [ 15.594697637154553, 57.547438057381996 ], [ 15.586684941572802, 57.546822784529098 ], [ 15.575775333095395, 57.54747677247623 ], [ 15.588371366838542, 57.558067504928978 ], [ 15.601235109665216, 57.563952370953295 ], [ 15.608591616735429, 57.57231461411601 ], [ 15.623947327316666, 57.582906030612016 ], [ 15.630923103421116, 57.592343878772482 ], [ 15.640966870891168, 57.589933078069379 ], [ 15.648115210492433, 57.591764969370175 ], [ 15.665760563813583, 57.599256348888566 ], [ 15.65610856001226, 57.599721129403683 ], [ 15.644918297558094, 57.603810744216013 ], [ 15.632120203497616, 57.604269641676375 ], [ 15.621557073436311, 57.609237991702308 ], [ 15.616511699064654, 57.614348542983436 ], [ 15.604437476530386, 57.61931316950286 ], [ 15.594616612616784, 57.62474735151384 ], [ 15.593323561552777, 57.631210039858118 ], [ 15.582622671712741, 57.637387051239905 ], [ 15.574578829150461, 57.638584729142579 ], [ 15.538447524244356, 57.650033387187754 ], [ 15.527104568656421, 57.654992179128378 ], [ 15.518899423187863, 57.661034591323848 ], [ 15.502423594326634, 57.661938885808247 ], [ 15.488637407930431, 57.673218500895331 ], [ 15.46962472400249, 57.67592588544219 ], [ 15.446411203264208, 57.684481789971535 ], [ 15.43899087081059, 57.68553795021792 ], [ 15.432722629573258, 57.695153999489605 ], [ 15.421969897036789, 57.701856015486953 ], [ 15.421048885386636, 57.704879106466421 ], [ 15.417130155990369, 57.707426115455647 ], [ 15.4046581454662, 57.708195279946544 ], [ 15.375747253608493, 57.706017164278258 ], [ 15.357624746924905, 57.706555835173518 ], [ 15.329665352613256, 57.699925969304054 ], [ 15.30372532172604, 57.710465750415949 ], [ 15.292520180667502, 57.711561112626427 ], [ 15.283266956514947, 57.715698465362102 ], [ 15.27814567590652, 57.713656936716546 ], [ 15.278203455436064, 57.709688462076286 ], [ 15.268273111482484, 57.70849734923052 ], [ 15.262902105047999, 57.706454143112168 ], [ 15.252704033416723, 57.706409971704701 ], [ 15.225867906760614, 57.709387561417635 ], [ 15.203578123803414, 57.710091544329821 ], [ 15.189395180726322, 57.708541696294056 ], [ 15.177400391936146, 57.710502977677457 ], [ 15.179394766749198, 57.704793205573388 ], [ 15.157102154514268, 57.705758362517209 ], [ 15.154525790839385, 57.709112278549085 ], [ 15.141264221178441, 57.712338653129265 ], [ 15.138554183553033, 57.715556860861085 ], [ 15.128355469827303, 57.716310790723959 ], [ 15.129030107927063, 57.725558358642147 ], [ 15.119719707503098, 57.739951070652921 ], [ 15.12055731944141, 57.742712176625545 ], [ 15.115647719928585, 57.749222256214502 ], [ 15.104525677503998, 57.757242290943708 ], [ 15.08901143635962, 57.771297438733598 ], [ 15.081578352424534, 57.795902592754906 ], [ 15.073261866727588, 57.807976450028285 ], [ 15.071300045931856, 57.817590586449427 ], [ 15.067940804049854, 57.821414081524495 ], [ 15.071038170146636, 57.830455941113605 ], [ 15.078389473158392, 57.835679192172996 ], [ 15.071057501962688, 57.841904237629798 ], [ 15.070081875712473, 57.846810065797513 ], [ 15.043815764155619, 57.858579053150066 ], [ 15.031235057805253, 57.867858939366876 ], [ 15.029001545814692, 57.8714189157104 ], [ 15.030932286018315, 57.875668782020568 ], [ 15.026185855056459, 57.879276178808496 ], [ 15.018718206366872, 57.890884753215772 ], [ 15.010358574961042, 57.891506066379868 ], [ 15.00277960580021, 57.897177930556239 ], [ 14.994363205811933, 57.905474833479033 ], [ 14.994017444984337, 57.909584976403984 ], [ 14.996591526305815, 57.913641918357101 ], [ 15.01304680043155, 57.924852614222928 ], [ 15.006425356547966, 57.931949339738829 ], [ 14.999268800315168, 57.934938966023061 ], [ 14.990669052183689, 57.940468940450188 ], [ 15.014565723626257, 57.95321736136539 ], [ 15.01818086233105, 57.961652997694358 ], [ 15.013762108502785, 57.972804185150402 ], [ 15.015291299230515, 57.977796947861314 ], [ 15.00952636847108, 57.986245947417764 ], [ 15.019966786016031, 57.990423197052202 ], [ 15.034463927995986, 57.988491744325664 ], [ 15.051311623682182, 57.988862207364448 ], [ 15.066589358374975, 57.985854280014046 ], [ 15.07251478823162, 57.987908816436061 ], [ 15.081539651366324, 57.998932559915794 ], [ 15.077122336462066, 58.004097032075343 ], [ 15.072946976996695, 58.016391833680025 ], [ 15.063874244456111, 58.025569353886226 ], [ 15.030647171610241, 58.04772825517486 ], [ 15.028430144236733, 58.050004301635092 ], [ 15.032895979174615, 58.054942848973681 ], [ 15.038845295908457, 58.056325637486864 ], [ 15.007372780435215, 58.100379077419973 ], [ 15.006853207385435, 58.106167048105505 ], [ 15.003649181263848, 58.112880898377384 ], [ 14.994802351795173, 58.121444392770229 ], [ 14.988162294325734, 58.122407570446029 ], [ 14.981342304414804, 58.125999982532313 ], [ 14.975692131664612, 58.133236002833435 ], [ 14.980782932956885, 58.14431276892936 ], [ 14.985164349043108, 58.14797738164674 ], [ 14.975787557049781, 58.151014306567312 ], [ 14.953443839297533, 58.144357384770281 ], [ 14.951479319260402, 58.139181505422521 ], [ 14.927430005600257, 58.134025925472606 ], [ 14.899731853661935, 58.137145190158158 ], [ 14.891669772576456, 58.137069680083385 ], [ 14.892673093361873, 58.13236304004046 ], [ 14.888574291633939, 58.128050756761738 ], [ 14.891646950651898, 58.124714784658281 ], [ 14.899871130646032, 58.12030209534722 ], [ 14.908439731132001, 58.123617507660775 ], [ 14.916412175526427, 58.12044554157886 ], [ 14.911228517514839, 58.115524838621475 ], [ 14.91460228035171, 58.111382347099429 ], [ 14.896780715624834, 58.11105892081536 ], [ 14.89530741983145, 58.10430535419038 ], [ 14.888627835065595, 58.100881418728299 ], [ 14.887482587025357, 58.09727268038592 ], [ 14.895938661534146, 58.091847325240707 ], [ 14.891610088455449, 58.089805088317569 ], [ 14.894635341704612, 58.086109546334164 ], [ 14.887461102721751, 58.08491770696012 ], [ 14.883875704257393, 58.090503555449907 ], [ 14.85830728265605, 58.085413487243983 ], [ 14.850452559026737, 58.088165193720165 ], [ 14.842055400467286, 58.085839257509498 ], [ 14.80875623245003, 58.08264684499332 ], [ 14.801356855598844, 58.085668463909023 ], [ 14.765736902330509, 58.085750715262627 ], [ 14.765413979103071, 58.094511520319301 ], [ 14.756619502102374, 58.102960402516025 ], [ 14.723298870037864, 58.097671381613331 ], [ 14.687198144384974, 58.098625563615144 ], [ 14.674416255674021, 58.100066062088196 ], [ 14.657864972531724, 58.100613889027251 ], [ 14.657551603637613, 58.097634504613339 ], [ 14.645750506548369, 58.095480356572317 ], [ 14.642708676173404, 58.097239459971995 ], [ 14.623629889426232, 58.097252412370921 ], [ 14.615191235364779, 58.09603348029664 ], [ 14.611709008701567, 58.098236688437787 ], [ 14.594732005077514, 58.098264994940507 ], [ 14.588588719875593, 58.103360491046651 ], [ 14.571876336495201, 58.10743790541175 ], [ 14.555422356808341, 58.104996789171231 ], [ 14.546816837556223, 58.106537283051601 ], [ 14.544855238853055, 58.110446296483296 ], [ 14.53875695313558, 58.112877541707007 ], [ 14.468986620380361, 58.130671092411589 ], [ 14.41670676028142, 58.187238764172712 ] ] ] } },
{ "type": "Feature", "properties": { "geo_point_2d": { "lon": 12.601605422309365, "lat": 56.979289546103196 }, "year": "2022", "geo_id": "13", "geo_name": "Hallands län", "geo_type": "county" }, "geometry": { "type": "Polygon", "coordinates": [ [ [ 11.453560200263826, 57.500185289316491 ], [ 11.520855882404884, 57.453022105337013 ], [ 11.585848578578382, 57.383032469934733 ], [ 11.684168515685196, 57.17305429612945 ], [ 11.733648467948894, 57.142491571532652 ], [ 12.005795269489564, 56.973083809529484 ], [ 12.01342940841735, 56.964372825036449 ], [ 12.260885733891095, 56.679026827420508 ], [ 12.276348315262997, 56.661029886276751 ], [ 12.28604629069539, 56.651777934551546 ], [ 12.298750646696051, 56.636995962588472 ], [ 12.292665095879872, 56.629802766774539 ], [ 12.241176860262575, 56.557670242769468 ], [ 12.797266503279776, 56.552959348085757 ], [ 12.89207600599422, 56.452519945222598 ], [ 12.898875693279249, 56.449107913388239 ], [ 12.934918872498185, 56.441160173507797 ], [ 12.94442913649279, 56.440014270693197 ], [ 12.950114462198041, 56.441794082979492 ], [ 12.956361401283491, 56.440630476761015 ], [ 12.954526838261499, 56.430776698959015 ], [ 12.965951030832111, 56.42767852590719 ], [ 12.962662714897379, 56.418326163837598 ], [ 12.958143062406041, 56.4133525537883 ], [ 12.967563630817564, 56.412436513676447 ], [ 12.970206891953582, 56.410322650277074 ], [ 12.962820707615117, 56.404591738585566 ], [ 12.954466327962145, 56.392719273328957 ], [ 12.96382607339463, 56.393257751739306 ], [ 12.968328408606576, 56.389465935636757 ], [ 12.963173355420633, 56.382730313102869 ], [ 12.953887070949238, 56.375207559126288 ], [ 12.950140297487527, 56.369262982725687 ], [ 12.965047003138153, 56.368284944468662 ], [ 12.974134633211909, 56.36649385362616 ], [ 12.978096672035132, 56.363300356262847 ], [ 12.980466115387006, 56.358462095663768 ], [ 13.034046073730764, 56.354843415340284 ], [ 13.048740667066081, 56.355288212268405 ], [ 13.07383324608216, 56.351607956641871 ], [ 13.107630669095343, 56.35349443814976 ], [ 13.110620306414713, 56.352234301068215 ], [ 13.117504858110987, 56.354055067822451 ], [ 13.131969947469816, 56.355383455177503 ], [ 13.146557471862215, 56.353370524145419 ], [ 13.154610161196901, 56.35089273270863 ], [ 13.168402670929392, 56.343128147279366 ], [ 13.182578937453851, 56.339997208699522 ], [ 13.186330849578368, 56.332934014404294 ], [ 13.188196749572656, 56.325291782008655 ], [ 13.195946604736442, 56.323568674577544 ], [ 13.216685534204629, 56.327238501774467 ], [ 13.228936060493901, 56.332615138675813 ], [ 13.246944496170956, 56.346258360679151 ], [ 13.251760458282014, 56.348513992227126 ], [ 13.255312069812195, 56.353294909588598 ], [ 13.251377383991851, 56.357777814830555 ], [ 13.29237903988566, 56.380061621700634 ], [ 13.304638732450668, 56.385156590271365 ], [ 13.314684863098414, 56.387088375345883 ], [ 13.34017098495706, 56.38883337043179 ], [ 13.346724746947976, 56.390490859623448 ], [ 13.375069985434781, 56.409116561047824 ], [ 13.387270344703229, 56.414727496515994 ], [ 13.405217060792859, 56.41479780574776 ], [ 13.408135027160865, 56.415977240982805 ], [ 13.438137031075055, 56.418938971472855 ], [ 13.462638562713623, 56.428185900352268 ], [ 13.467374315742925, 56.431522855729384 ], [ 13.462962568480989, 56.444227714175597 ], [ 13.462906902392064, 56.451355123901266 ], [ 13.450822812773355, 56.465612330003488 ], [ 13.44914118276265, 56.46973531216608 ], [ 13.454030664218052, 56.4876694102621 ], [ 13.454243626862567, 56.49613144330096 ], [ 13.463564181516727, 56.51334486312922 ], [ 13.458933697203191, 56.528709026304206 ], [ 13.452480671135584, 56.54052597909434 ], [ 13.439247959592656, 56.554832340116292 ], [ 13.438912850258889, 56.571719402005442 ], [ 13.427174379273989, 56.573548001244646 ], [ 13.417564396425057, 56.578156403389698 ], [ 13.401994353168458, 56.593685257229765 ], [ 13.403661423006708, 56.595159342450955 ], [ 13.397304929875951, 56.608453273787489 ], [ 13.396541347299276, 56.616155346695209 ], [ 13.379035393067994, 56.636504090404294 ], [ 13.37627901465406, 56.644508541263477 ], [ 13.363675494068511, 56.665296799420375 ], [ 13.358297932768881, 56.669822182664035 ], [ 13.32817027875593, 56.687849107982181 ], [ 13.314916733626132, 56.687881073962629 ], [ 13.316654769021827, 56.700250396021211 ], [ 13.315382767667616, 56.702416973773964 ], [ 13.32500434500963, 56.708731380953537 ], [ 13.317828927142143, 56.718636410098611 ], [ 13.316301503898497, 56.728950526699123 ], [ 13.319440481144493, 56.753390192400119 ], [ 13.317543010705927, 56.786663355704754 ], [ 13.315012799664418, 56.793934422552169 ], [ 13.299964498115191, 56.810728631461942 ], [ 13.301255992953331, 56.815426018919894 ], [ 13.298662002791417, 56.823602838063124 ], [ 13.33745086200301, 56.83784258279897 ], [ 13.334967491344202, 56.843255349891379 ], [ 13.338576495157952, 56.844458669867109 ], [ 13.339843016377637, 56.849873759286922 ], [ 13.337832500130814, 56.855008453897355 ], [ 13.332943189934651, 56.860517320654779 ], [ 13.335872257983866, 56.864096812117182 ], [ 13.336118525569971, 56.872299037008204 ], [ 13.345124583120588, 56.872301707928372 ], [ 13.349454292563685, 56.863318273313503 ], [ 13.358504136707515, 56.857346935146658 ], [ 13.376167776906991, 56.863338043596123 ], [ 13.389855795657331, 56.86709372541943 ], [ 13.40086848904536, 56.868456226050895 ], [ 13.404423419264536, 56.870348259569937 ], [ 13.415892481486434, 56.870783951621242 ], [ 13.432769584630273, 56.869785380220655 ], [ 13.436734961459933, 56.871666301827311 ], [ 13.44086947945023, 56.877368121024993 ], [ 13.448289310598454, 56.879484729881931 ], [ 13.457352698671148, 56.879511804791662 ], [ 13.471367847795733, 56.875283117242219 ], [ 13.472115532224324, 56.870131853223462 ], [ 13.480195611219697, 56.872088221739318 ], [ 13.488471180155081, 56.872125322967086 ], [ 13.505436355890319, 56.878008499016033 ], [ 13.519192158585177, 56.886350280576977 ], [ 13.528233160673834, 56.890409580069885 ], [ 13.536820584804065, 56.89051200222108 ], [ 13.541589649268785, 56.886556288110725 ], [ 13.545250241921922, 56.887080730803376 ], [ 13.553424982985605, 56.892083657925347 ], [ 13.558630825891807, 56.893466469887535 ], [ 13.572145619407916, 56.889846326873659 ], [ 13.583210489302685, 56.890061709287089 ], [ 13.594116382606153, 56.892968107372482 ], [ 13.60730567840903, 56.898383974501819 ], [ 13.620249168310112, 56.908069842672859 ], [ 13.624402129356858, 56.907244170744178 ], [ 13.662645457527777, 56.912900418408974 ], [ 13.667904298645032, 56.92086816947505 ], [ 13.6885405392885, 56.92596228016513 ], [ 13.686920647544174, 56.932222526430422 ], [ 13.689547339381113, 56.936318110262569 ], [ 13.682566206112753, 56.9429275387754 ], [ 13.689759055996952, 56.946211318890789 ], [ 13.694052142105036, 56.963583997065797 ], [ 13.681200941821009, 56.972115126420732 ], [ 13.665708196290149, 56.983285558313945 ], [ 13.649088287104201, 56.985901392474538 ], [ 13.647709193735821, 56.988123220614135 ], [ 13.630957074995935, 56.986458727862619 ], [ 13.627828221907601, 56.990446409791687 ], [ 13.627520009334205, 56.995156852618251 ], [ 13.615679190468846, 57.000330617119822 ], [ 13.601070406519636, 57.009936840612149 ], [ 13.59660953258302, 57.015472245900078 ], [ 13.60343059779599, 57.024592969570733 ], [ 13.594416772473684, 57.030488241363621 ], [ 13.587698141692469, 57.032381439742579 ], [ 13.608540492914853, 57.041542923162822 ], [ 13.608789804262818, 57.044017483228593 ], [ 13.602424384772094, 57.04889088275624 ], [ 13.606194957564835, 57.052505268584547 ], [ 13.605325533645447, 57.059675962959062 ], [ 13.600553836943474, 57.063409570951599 ], [ 13.586447822525633, 57.064938889109101 ], [ 13.577099117535777, 57.062733820177975 ], [ 13.571200281264032, 57.064865345370826 ], [ 13.573693186506432, 57.069823255284895 ], [ 13.547176620307786, 57.079237657428422 ], [ 13.538829155659233, 57.080874382733967 ], [ 13.528498115195605, 57.087405978179135 ], [ 13.506187492373037, 57.085174905868932 ], [ 13.505114371317797, 57.078296916412107 ], [ 13.501780540641333, 57.073407429450029 ], [ 13.490638679785501, 57.085993358683758 ], [ 13.498623821678402, 57.089446323743012 ], [ 13.496652896090554, 57.094871484731769 ], [ 13.497052880483935, 57.101175725714292 ], [ 13.499971267233525, 57.107068208992835 ], [ 13.495401750105909, 57.111093619042833 ], [ 13.488430666837255, 57.112909643534294 ], [ 13.471927485843047, 57.107644899676934 ], [ 13.467281897431048, 57.100812232716372 ], [ 13.457677711402726, 57.09768624633039 ], [ 13.453014339624493, 57.099395313077423 ], [ 13.454816907925457, 57.103246843706273 ], [ 13.444725762582509, 57.106192095659374 ], [ 13.440756448604693, 57.109934932876953 ], [ 13.425713699052087, 57.112551576825034 ], [ 13.386577082694293, 57.113347179148015 ], [ 13.385885621746114, 57.111038685461097 ], [ 13.368223522719481, 57.114060485037243 ], [ 13.35217641950852, 57.11328018322353 ], [ 13.349868545356072, 57.110980218993014 ], [ 13.335345184882829, 57.106185198958528 ], [ 13.318720596926438, 57.102011507508678 ], [ 13.310479046572288, 57.10183864566801 ], [ 13.304130390791896, 57.103948855141589 ], [ 13.28954076865546, 57.103054803620758 ], [ 13.276039243520614, 57.095591777968991 ], [ 13.274084511327031, 57.093158238081081 ], [ 13.254437095170431, 57.089390846761354 ], [ 13.233614059631254, 57.097705828880663 ], [ 13.224263343539139, 57.095698821530313 ], [ 13.233398719970648, 57.089382760418815 ], [ 13.229244772794422, 57.084980836996536 ], [ 13.230200608936936, 57.076731232930292 ], [ 13.21691326868574, 57.075549914135927 ], [ 13.200489636726793, 57.071355360043633 ], [ 13.188006224369822, 57.063045717059815 ], [ 13.181046134669725, 57.066655141057971 ], [ 13.174053331929155, 57.055485436406514 ], [ 13.163625921514384, 57.051654347074326 ], [ 13.1693875928556, 57.049529921839323 ], [ 13.187950086802495, 57.057142323500727 ], [ 13.205234405048298, 57.057529513674417 ], [ 13.205346856219663, 57.054832292339228 ], [ 13.193787220122871, 57.049448528398678 ], [ 13.17950751144047, 57.048233410810205 ], [ 13.156191051251138, 57.037518559444372 ], [ 13.144303513243184, 57.03737860430526 ], [ 13.136364991312718, 57.034393110912561 ], [ 13.133655198718412, 57.02850480824155 ], [ 13.122336287473232, 57.025774054430848 ], [ 13.118691299761444, 57.033305137703529 ], [ 13.12270603597408, 57.0355249315365 ], [ 13.11426950200412, 57.041614484169386 ], [ 13.116435387804922, 57.049750971506889 ], [ 13.121370792123198, 57.054025400650239 ], [ 13.116319600888739, 57.063655413184428 ], [ 13.108158037631075, 57.065456262844606 ], [ 13.09683468408601, 57.073288248205387 ], [ 13.085638641500108, 57.07954086793486 ], [ 13.083387981132143, 57.084671166589764 ], [ 13.089593405346527, 57.08704737683663 ], [ 13.088983879509678, 57.089513706108796 ], [ 13.080038577767182, 57.098518828154148 ], [ 13.089778983270664, 57.10593544654327 ], [ 13.088181287148526, 57.110617308320016 ], [ 13.084561391523076, 57.112780199376886 ], [ 13.092375680935683, 57.119440481536152 ], [ 13.098598241409819, 57.128199505921643 ], [ 13.092262858110491, 57.128880016901654 ], [ 13.080491692327799, 57.125017586598482 ], [ 13.077746138401022, 57.127900051219186 ], [ 13.083056030121837, 57.133872980219984 ], [ 13.100760252726779, 57.14551298876065 ], [ 13.0958942184952, 57.149450589193719 ], [ 13.097057603540017, 57.157978855347729 ], [ 13.095489430677569, 57.159018522786418 ], [ 13.077082429817954, 57.157217809860192 ], [ 13.072033641906549, 57.151371647139854 ], [ 13.058595654289345, 57.146738683112837 ], [ 13.052635658810519, 57.14670675354445 ], [ 13.050780630110816, 57.150425763216013 ], [ 13.044966829234617, 57.154466401978553 ], [ 13.026863610275081, 57.15503670612911 ], [ 13.020471186984167, 57.158811866770208 ], [ 13.0262948614061, 57.171612989578364 ], [ 13.030924482636541, 57.17463529158259 ], [ 13.039232902896114, 57.176224838147235 ], [ 13.038122304808699, 57.179793895132953 ], [ 13.029882198228128, 57.179378204074247 ], [ 13.013975136537551, 57.181917969734364 ], [ 13.000690587308339, 57.177336186256618 ], [ 12.974153319566932, 57.183226346092312 ], [ 12.965466320980751, 57.17807068289391 ], [ 12.944911853990396, 57.178025742347451 ], [ 12.939032379381809, 57.174913207180062 ], [ 12.923089039437567, 57.175468621398188 ], [ 12.91453704587553, 57.178856479968609 ], [ 12.911210685547696, 57.183945730059605 ], [ 12.919606230325888, 57.197633591188918 ], [ 12.920339032920994, 57.203723811904069 ], [ 12.916532095827806, 57.219807877650588 ], [ 12.918749214745826, 57.223012373548663 ], [ 12.925804626801735, 57.227900177380128 ], [ 12.93734313868673, 57.228631585467483 ], [ 12.950687228119873, 57.237722312388108 ], [ 12.953669275968476, 57.241693701766934 ], [ 12.952011608696617, 57.246736546588146 ], [ 12.936710975580601, 57.251737888456319 ], [ 12.932341450956265, 57.248942717859904 ], [ 12.929616554113522, 57.257213144163373 ], [ 12.934629366836912, 57.261604319431505 ], [ 12.931540794781204, 57.26400431014185 ], [ 12.923645239283839, 57.26425459282833 ], [ 12.908637164241924, 57.270189239475719 ], [ 12.900951091404718, 57.267972280396954 ], [ 12.893273958999121, 57.270480772794315 ], [ 12.881491257570033, 57.27118177580153 ], [ 12.873986151930534, 57.267983576103035 ], [ 12.862632886854874, 57.267646148653739 ], [ 12.861433472178904, 57.265897521902133 ], [ 12.835012355619414, 57.269951703118444 ], [ 12.82769608390975, 57.278219349720537 ], [ 12.817557831097707, 57.292879390270812 ], [ 12.809380749598844, 57.300986332762051 ], [ 12.779661776227329, 57.284721687038051 ], [ 12.779649234014439, 57.280229053290292 ], [ 12.775874675973306, 57.276301610772734 ], [ 12.763873013696829, 57.273796779569032 ], [ 12.756879655334814, 57.274925495318932 ], [ 12.745866707949308, 57.285102455047181 ], [ 12.742296865255618, 57.290819606230279 ], [ 12.740041190833013, 57.301469930579934 ], [ 12.736258661986707, 57.302042452794034 ], [ 12.705864846807627, 57.312491418687692 ], [ 12.706659517672151, 57.322178738266018 ], [ 12.691714677386127, 57.33347174863497 ], [ 12.686374072576033, 57.330868483345213 ], [ 12.674337724572085, 57.330775866065288 ], [ 12.667249458250954, 57.340248957625128 ], [ 12.657166854541826, 57.341560242886295 ], [ 12.651003775193592, 57.339599744645504 ], [ 12.649054255185719, 57.334824671796007 ], [ 12.641110173383961, 57.330797279272552 ], [ 12.623120655078338, 57.332113143955588 ], [ 12.625568489822882, 57.341843111988595 ], [ 12.614029191852989, 57.345360392895195 ], [ 12.604323548498165, 57.346429956253431 ], [ 12.6009989198617, 57.34231537929476 ], [ 12.591264230356357, 57.339802565039726 ], [ 12.573731760977525, 57.331688532493864 ], [ 12.565169109613912, 57.329877658174183 ], [ 12.560156934059087, 57.330197601071106 ], [ 12.559561126196487, 57.323209544505261 ], [ 12.537806005019199, 57.319096463369242 ], [ 12.534007993918197, 57.313691694409215 ], [ 12.531040471485609, 57.304004385872872 ], [ 12.522448762494834, 57.29814620201234 ], [ 12.506612660206358, 57.281296580938665 ], [ 12.498967216977386, 57.283108295220615 ], [ 12.498709207490192, 57.285797201369405 ], [ 12.491280713761741, 57.285367751233224 ], [ 12.481510888599828, 57.278891410500087 ], [ 12.462810331632365, 57.275631853301135 ], [ 12.455609986710085, 57.279218505813162 ], [ 12.450951287449092, 57.27305564434949 ], [ 12.430993180228272, 57.269097173370575 ], [ 12.430078956657271, 57.282335835648546 ], [ 12.425952378617511, 57.286259536891514 ], [ 12.425320007853671, 57.304897307760527 ], [ 12.420870717789546, 57.306925143810638 ], [ 12.432197688964338, 57.314993624197548 ], [ 12.425990371607863, 57.322905136431352 ], [ 12.417242964466224, 57.3190482336217 ], [ 12.397060529832771, 57.329465295227052 ], [ 12.389206401833198, 57.337105817524254 ], [ 12.392853933914445, 57.340215228400723 ], [ 12.384350335369868, 57.343928927672579 ], [ 12.392942558420849, 57.365764842187623 ], [ 12.396762859572569, 57.381396225329809 ], [ 12.410513061296808, 57.393719392116772 ], [ 12.411786644600445, 57.397581744303551 ], [ 12.420299013736461, 57.399850868510612 ], [ 12.417079152786995, 57.406952881387816 ], [ 12.408595815833305, 57.411315934459047 ], [ 12.408609287487851, 57.424687285975551 ], [ 12.406194936194696, 57.432035456310139 ], [ 12.403377400392305, 57.435104399526523 ], [ 12.391031540627335, 57.441707264348437 ], [ 12.380175513749657, 57.445878389168726 ], [ 12.362609397102201, 57.450296635541832 ], [ 12.360366789473995, 57.451807850945684 ], [ 12.345118368036205, 57.449996867379305 ], [ 12.33838939929273, 57.450467730444039 ], [ 12.33178189905265, 57.453871090136424 ], [ 12.323104324079607, 57.462783820953462 ], [ 12.346274260729896, 57.48713215931955 ], [ 12.325735307930762, 57.50651575390674 ], [ 12.317211149698457, 57.511945873290806 ], [ 12.313671281114905, 57.52324680350403 ], [ 12.325046970279296, 57.546520899274142 ], [ 12.340669901708926, 57.561158022251561 ], [ 12.308127631417666, 57.580191180260385 ], [ 12.282219994539712, 57.5915389035125 ], [ 12.277230407501982, 57.596809218187289 ], [ 12.206742412056764, 57.572792819148873 ], [ 12.185854899021543, 57.568546625994969 ], [ 12.173724911320042, 57.564567331032741 ], [ 12.169361463867872, 57.566229974202479 ], [ 12.102354485045797, 57.558933165320724 ], [ 12.093262066054956, 57.55707064018474 ], [ 12.093661299519733, 57.554157104424306 ], [ 12.083885440041504, 57.551819912018999 ], [ 12.049194064976339, 57.549079152935178 ], [ 12.047324850270178, 57.551683679427846 ], [ 12.030563349288093, 57.54964166014036 ], [ 12.012649215899643, 57.545239453338326 ], [ 12.004228408039094, 57.553056577534512 ], [ 11.987753583517845, 57.561735086304942 ], [ 11.987871968765699, 57.564434927021971 ], [ 11.978755941641392, 57.56309361537113 ], [ 11.970923088103461, 57.564441992950201 ], [ 11.955578410080596, 57.56450025622005 ], [ 11.937935191302806, 57.561888730617369 ], [ 11.917344645805549, 57.562549782366858 ], [ 11.89668675520738, 57.560693261374354 ], [ 11.88656924168855, 57.561021872333214 ], [ 11.877208218354982, 57.558501561640291 ], [ 11.816518378996935, 57.554861371865343 ], [ 11.784453719697952, 57.500091697715824 ], [ 11.453560200263826, 57.500185289316491 ] ] ] } },
{ "type": "Feature", "properties": { "geo_point_2d": { "lon": 14.347741780506762, "lat": 60.959786826389404 }, "year": "2022", "geo_id": "20", "geo_name": "Dalarnas län", "geo_type": "county" }, "geometry": { "type": "Polygon", "coordinates": [ [ [ 12.670178031538031, 61.0559767595499 ], [ 12.698363422742851, 60.99825527764262 ], [ 12.958414968402451, 60.863280605996522 ], [ 13.082439495290773, 60.805497965538734 ], [ 13.160266639084943, 60.75510772842005 ], [ 13.197617308458868, 60.699214862374362 ], [ 13.200060829932315, 60.688720485187716 ], [ 13.197243763272176, 60.68484034447966 ], [ 13.249346841837268, 60.68586336937414 ], [ 13.278907664766813, 60.64166296295253 ], [ 13.326233223410634, 60.606407626786286 ], [ 13.328404467098512, 60.602865211451302 ], [ 13.342447710275188, 60.589943462242246 ], [ 13.427831438537474, 60.516911882548087 ], [ 13.467748318098449, 60.459668204595594 ], [ 13.542916689995776, 60.422483537014116 ], [ 13.621753534324041, 60.414300832941812 ], [ 13.67038909211818, 60.40297812356782 ], [ 13.726429985301014, 60.35721505356085 ], [ 13.793593662572938, 60.28426954897801 ], [ 13.829008609383077, 60.254447014052481 ], [ 13.965617296967842, 60.174921329927592 ], [ 14.011702573413485, 60.190662696902102 ], [ 13.992340170391014, 60.215141480603663 ], [ 13.985297657322134, 60.218824551480509 ], [ 13.979796583135345, 60.225913065316028 ], [ 13.965875151270794, 60.236556689864869 ], [ 13.961392939783369, 60.242177301359327 ], [ 13.951222559049267, 60.251183763167006 ], [ 13.991413535152194, 60.251488016194301 ], [ 13.990714722234749, 60.248776210017738 ], [ 14.0231855073184, 60.242196011079322 ], [ 14.023074774271768, 60.228288369244588 ], [ 14.149728201004262, 60.230450865395881 ], [ 14.157182634066173, 60.21752678629484 ], [ 14.158184144448905, 60.207008971881322 ], [ 14.173896400100329, 60.191277763577318 ], [ 14.187946459584735, 60.180910810132559 ], [ 14.188620014635442, 60.170927430561719 ], [ 14.191922918588123, 60.16525821609747 ], [ 14.19749952616062, 60.161735165281812 ], [ 14.195061961822985, 60.151920403935641 ], [ 14.199548118912627, 60.138172445651357 ], [ 14.204495523475483, 60.130866579736534 ], [ 14.208726615935776, 60.127111369973001 ], [ 14.206352003353329, 60.120798642110721 ], [ 14.211704532778741, 60.112792714792285 ], [ 14.210529043216976, 60.100659292847396 ], [ 14.213053057939286, 60.095303374011081 ], [ 14.314397529039264, 60.061995029296028 ], [ 14.437148706744599, 60.026158801654077 ], [ 14.753783846149167, 59.997157986026416 ], [ 14.749366421716402, 60.008109795625572 ], [ 14.752495713221418, 60.008359204447011 ], [ 14.73739999587824, 60.081134777883214 ], [ 14.808290493120053, 60.110439207281424 ], [ 14.851183491565051, 60.104050469246886 ], [ 14.849952770331965, 60.101851418219916 ], [ 14.841720909034132, 60.101248624149378 ], [ 14.836368653686902, 60.092134646522574 ], [ 14.839154712726465, 60.086908483783105 ], [ 14.844230639761696, 60.082915201132934 ], [ 14.859544438167564, 60.081463818568857 ], [ 14.887017552600712, 60.063947719749869 ], [ 14.891261134452533, 60.057254041759151 ], [ 14.902669209881093, 60.051058189421944 ], [ 14.918712690165162, 60.052531224244497 ], [ 14.938207139268705, 60.048423938413904 ], [ 15.013254260725883, 60.057171214440629 ], [ 15.033996953263475, 60.039189468001588 ], [ 15.045502232464003, 60.042146444591005 ], [ 15.047216256152559, 60.049561451498654 ], [ 15.071716061232523, 60.043910363260622 ], [ 15.125330038002769, 60.008518175462221 ], [ 15.206123759899318, 60.001576634988638 ], [ 15.228494172053068, 59.975691255391766 ], [ 15.354779319780754, 59.89438663412453 ], [ 15.354824011206219, 59.89109262856838 ], [ 15.361067388223571, 59.885055131123778 ], [ 15.362333926642844, 59.879808499647538 ], [ 15.36882569908428, 59.874983212371546 ], [ 15.37361808122283, 59.877153253084906 ], [ 15.422085374535301, 59.854747042555474 ], [ 15.459152205599029, 59.893491087860326 ], [ 15.466925505078033, 59.893242057618323 ], [ 15.487775836458102, 59.898482118779448 ], [ 15.48975627421796, 59.902526012830101 ], [ 15.482220851188764, 59.90566719040914 ], [ 15.479366966114283, 59.908756800744285 ], [ 15.479460279190521, 59.913810416076807 ], [ 15.496768077760674, 59.926705512125558 ], [ 15.501176671423069, 59.927595416934388 ], [ 15.492662199427608, 59.935447202720731 ], [ 15.529903828617639, 59.956668358644272 ], [ 15.6020513761468, 59.947644501446895 ], [ 15.607039965678169, 59.942266695063367 ], [ 15.620908947228449, 59.935088374393118 ], [ 15.657646504046346, 59.939173958039632 ], [ 15.679510755965881, 59.937913255900789 ], [ 15.676815559516703, 59.94100725878522 ], [ 15.678943391833855, 59.945928014541323 ], [ 15.683909648909758, 59.948015081543467 ], [ 15.691963078706074, 59.947555567206798 ], [ 15.723023129868629, 59.976794638826178 ], [ 15.71749902966145, 59.979887641488851 ], [ 15.713722300664054, 59.985467904839595 ], [ 15.716275108906816, 59.98870090128473 ], [ 15.713286854875729, 60.000214568679958 ], [ 15.707622258037947, 60.006735733222335 ], [ 15.699391044621855, 60.013461040665213 ], [ 15.699923900289846, 60.015014245145053 ], [ 15.712827773571465, 60.016837079685949 ], [ 15.730027671340556, 60.022502749952032 ], [ 15.730014795488295, 60.028094530022202 ], [ 15.723156047708329, 60.030917702223782 ], [ 15.71252336705747, 60.029357815876288 ], [ 15.706746238843754, 60.029829290870381 ], [ 15.694353914019505, 60.034459755257174 ], [ 15.68217948492693, 60.051816619836757 ], [ 15.701709079013545, 60.04584680081917 ], [ 15.707080538141801, 60.049952776075408 ], [ 15.707059922412919, 60.056819058517121 ], [ 15.72239727523276, 60.061344374429574 ], [ 15.722371984680629, 60.071307201855234 ], [ 15.725327079302801, 60.074674866047324 ], [ 15.735556217234583, 60.078854343530729 ], [ 15.731510707139709, 60.080467711181775 ], [ 15.711031377969279, 60.080319919563884 ], [ 15.719507642164647, 60.091689266879058 ], [ 15.725478144857069, 60.091568680550019 ], [ 15.728954582744123, 60.094860120727894 ], [ 15.738328945088549, 60.097447644208636 ], [ 15.745777016947562, 60.097987461028545 ], [ 15.745311601005765, 60.105148023533538 ], [ 15.749763906882301, 60.107851841016135 ], [ 15.746276648289472, 60.110695705324169 ], [ 15.759756511962852, 60.114946524547001 ], [ 15.76459247145346, 60.130430793341525 ], [ 15.749355299148558, 60.129276264425563 ], [ 15.738019412953374, 60.129944066997027 ], [ 15.725466212526072, 60.127917522938795 ], [ 15.725425402684792, 60.144548986685891 ], [ 15.747021680304137, 60.14637344210788 ], [ 15.754582676680053, 60.145909887394467 ], [ 15.766730740964082, 60.147727101243078 ], [ 15.779829604904439, 60.155341513482774 ], [ 15.793726097089483, 60.165234455734343 ], [ 15.801558854015532, 60.179101929458156 ], [ 15.882486598083986, 60.166361993602543 ], [ 15.906125472318847, 60.168904284716234 ], [ 15.92681660744312, 60.172252858211955 ], [ 15.944557115538563, 60.184145878841704 ], [ 15.947949480616273, 60.185156515628485 ], [ 15.964160339131942, 60.183316209175771 ], [ 15.967545752971889, 60.186480446512213 ], [ 15.985109225819299, 60.184905179922708 ], [ 15.997817588188097, 60.185425955252434 ], [ 16.015635246074897, 60.181629350934855 ], [ 16.022812915114731, 60.182497411344556 ], [ 16.0368773143753, 60.165707622111377 ], [ 16.043199873149518, 60.16078690876035 ], [ 16.04772433555241, 60.151551985979836 ], [ 16.055797250019616, 60.147767342221115 ], [ 16.071033447982266, 60.146391453418325 ], [ 16.084659018063128, 60.144146579484612 ], [ 16.115809507035951, 60.141519453028295 ], [ 16.131852787830901, 60.138581906175524 ], [ 16.163370672886369, 60.120863783552075 ], [ 16.160728336578046, 60.112658258537607 ], [ 16.141224614459336, 60.092110130846542 ], [ 16.180374493765882, 60.084941470566982 ], [ 16.183510799078956, 60.076378815222284 ], [ 16.198989292382841, 60.075929871129205 ], [ 16.207033756640165, 60.072746325225182 ], [ 16.219610290272424, 60.075938856218073 ], [ 16.224890032006702, 60.078677782550351 ], [ 16.245369023158499, 60.078683206300148 ], [ 16.246030951130315, 60.077128217148356 ], [ 16.264568742519824, 60.073232696846347 ], [ 16.287596524233066, 60.073348384235672 ], [ 16.287006792204913, 60.069850019081734 ], [ 16.2944325701853, 60.070433168989176 ], [ 16.293255962437147, 60.07346231525662 ], [ 16.319540053353471, 60.073901485043322 ], [ 16.323249232839384, 60.079074996733745 ], [ 16.334464975638944, 60.080574522948794 ], [ 16.352826008870693, 60.075186315415607 ], [ 16.353341668417102, 60.081377435667683 ], [ 16.364121336749257, 60.081395256140674 ], [ 16.374868703124879, 60.07953641006614 ], [ 16.385683192009932, 60.081571869170027 ], [ 16.388300563715486, 60.085330190257302 ], [ 16.384301804584755, 60.087842975063403 ], [ 16.389755106290611, 60.091382401871627 ], [ 16.401853020822003, 60.089578239773594 ], [ 16.407304919929292, 60.092919500336315 ], [ 16.404245820386816, 60.102627143237733 ], [ 16.434983819026936, 60.123218665841989 ], [ 16.440823623448416, 60.125686062705995 ], [ 16.467928661568905, 60.131674869187471 ], [ 16.487676464237218, 60.133863570011826 ], [ 16.501647167900543, 60.136752960996525 ], [ 16.535406624712781, 60.137513883708479 ], [ 16.532327831179295, 60.14480119642981 ], [ 16.53381149030221, 60.150851705656528 ], [ 16.53982858652936, 60.154256259649792 ], [ 16.531795242281103, 60.15739713042808 ], [ 16.52752755657745, 60.166441055469761 ], [ 16.54392372325869, 60.174698278126094 ], [ 16.553481049166972, 60.172688044719862 ], [ 16.56922452879439, 60.17569500014757 ], [ 16.582693336474438, 60.179925175855317 ], [ 16.594610552260644, 60.18093195296165 ], [ 16.598645104294196, 60.180100078199075 ], [ 16.615611556658322, 60.182690332533042 ], [ 16.63362353517131, 60.184464085961501 ], [ 16.647134734771026, 60.184244448153137 ], [ 16.656897597281823, 60.190312685338654 ], [ 16.676173592961135, 60.193284310279878 ], [ 16.703822014177348, 60.195721024374556 ], [ 16.698765466511915, 60.20403990084877 ], [ 16.699163923440189, 60.2087495671569 ], [ 16.691634487540888, 60.215128016300334 ], [ 16.685453339004365, 60.216712977467729 ], [ 16.664197155593165, 60.226887085331406 ], [ 16.647536231652776, 60.231634252019077 ], [ 16.629036443663555, 60.238823132297696 ], [ 16.616542915997321, 60.275314489274123 ], [ 16.614447593331032, 60.278289237549771 ], [ 16.589460378915881, 60.293787267942449 ], [ 16.578722094985846, 60.298499497316776 ], [ 16.573356856514611, 60.306473986847863 ], [ 16.562978291607926, 60.315284684906807 ], [ 16.552190834795827, 60.330218152202868 ], [ 16.542499275984884, 60.340369641059553 ], [ 16.516481417346871, 60.355527102045052 ], [ 16.477295336844929, 60.366097124228659 ], [ 16.450208786623399, 60.371005846403015 ], [ 16.425074841337889, 60.378933641535141 ], [ 16.407235028429966, 60.376933087479152 ], [ 16.392454464578122, 60.379619788882586 ], [ 16.336461642795737, 60.420359948111134 ], [ 16.331588948266813, 60.430000693627747 ], [ 16.283559784892404, 60.470704221127008 ], [ 16.277745210391164, 60.48345162734249 ], [ 16.278580150675051, 60.484588518897397 ], [ 16.258420562350768, 60.486677750916954 ], [ 16.253821488846839, 60.489520413224341 ], [ 16.266927743852865, 60.490148939273382 ], [ 16.272676978126917, 60.49147524142554 ], [ 16.268103379424488, 60.496068445754382 ], [ 16.263713281913731, 60.494405224757713 ], [ 16.256232847782464, 60.495507664851097 ], [ 16.236510017976531, 60.510579005287049 ], [ 16.190936614875433, 60.535623751928654 ], [ 16.175046755715751, 60.555996875277089 ], [ 16.17070629459997, 60.559042319705604 ], [ 16.163672447932047, 60.579120291633075 ], [ 16.135947419395301, 60.609679226847064 ], [ 16.201591319615723, 60.614617047125762 ], [ 16.237731291335852, 60.622923851268588 ], [ 16.317564583805453, 60.689999352459552 ], [ 16.310393741045157, 60.706064573581116 ], [ 16.336585000202678, 60.728517301852492 ], [ 16.344771284723834, 60.724912699912693 ], [ 16.376204731779925, 60.746053192794129 ], [ 16.383760648439811, 60.760425498635527 ], [ 16.385806915383888, 60.767084967943312 ], [ 16.384790860085605, 60.779941270009147 ], [ 16.386553518912002, 60.786063451822805 ], [ 16.258718152705011, 60.859985578155765 ], [ 16.227815877138319, 60.891568728868279 ], [ 16.221955128041699, 60.898380678105305 ], [ 16.131160302310768, 60.991919457247015 ], [ 15.921558265876484, 61.007544611807404 ], [ 15.763075417771615, 61.049990143349724 ], [ 15.680208694295697, 61.11374452495631 ], [ 15.657468166092444, 61.216429524618995 ], [ 15.545163386352437, 61.279660892589845 ], [ 15.477118335146205, 61.314080585883744 ], [ 15.448123687682127, 61.327674535450704 ], [ 15.302871415830232, 61.424330140740416 ], [ 15.216546168289026, 61.494114786408808 ], [ 15.204524272221448, 61.504157875194736 ], [ 15.151599720047859, 61.596192282930936 ], [ 15.091175385249086, 61.484029600036457 ], [ 14.977399661183632, 61.491058365010566 ], [ 14.967761728558871, 61.493422462816682 ], [ 14.953875392502608, 61.491110799696777 ], [ 14.948164879176193, 61.489190417431978 ], [ 14.922826658763331, 61.493677260119767 ], [ 14.913839505277235, 61.492811077471771 ], [ 14.899088573413682, 61.496482929352233 ], [ 14.891523171483337, 61.49514909098518 ], [ 14.860013064094158, 61.494588607967557 ], [ 14.848257359232248, 61.495345640158817 ], [ 14.828396468579257, 61.49251689284656 ], [ 14.815222149423702, 61.492273715356013 ], [ 14.805332427901465, 61.495059828431536 ], [ 14.792186625661571, 61.494128100911624 ], [ 14.786640435831959, 61.492345726316174 ], [ 14.759345762468193, 61.493009453063884 ], [ 14.754820415404231, 61.495321449485147 ], [ 14.739754858402504, 61.493122406551826 ], [ 14.730510684931124, 61.49644664247775 ], [ 14.724033672073302, 61.494928073881162 ], [ 14.715238126219836, 61.488728417308735 ], [ 14.701559453637827, 61.490529872151036 ], [ 14.690334310174903, 61.489962833973287 ], [ 14.690476238100917, 61.487047266674359 ], [ 14.680684285583148, 61.485818048853773 ], [ 14.668243514109928, 61.490839272203957 ], [ 14.667470064036342, 61.497106042886159 ], [ 14.656447341840563, 61.50168932246293 ], [ 14.661295467973538, 61.510875185354969 ], [ 14.670602697814324, 61.519344164132306 ], [ 14.673493923064393, 61.530581857921653 ], [ 14.6681951876146, 61.540153975278884 ], [ 14.669108404734798, 61.546484121092305 ], [ 14.658703154616129, 61.551386904941793 ], [ 14.654017050272376, 61.561533515560427 ], [ 14.664498122795202, 61.569658175190987 ], [ 14.6752275575673, 61.57492568342041 ], [ 14.678860974469661, 61.583539762577459 ], [ 14.676017340670173, 61.591175963876054 ], [ 14.44755229562594, 61.594947402309089 ], [ 14.395362835247346, 61.56364347110754 ], [ 14.333743859671724, 61.599921175154073 ], [ 14.286957479197261, 61.608397855718827 ], [ 14.203454893397558, 61.616626276110615 ], [ 13.979639713408584, 61.621350493363735 ], [ 13.899377694342531, 61.634365373912928 ], [ 13.819153391959548, 61.641885697510794 ], [ 13.756951699583775, 61.64112967703786 ], [ 13.598303884753902, 61.655771318597616 ], [ 13.558666962005976, 61.643410795379467 ], [ 13.489997937910196, 61.689190236396726 ], [ 13.496821249955836, 61.712731861773335 ], [ 13.49771770732313, 61.702674399357825 ], [ 13.504551934513369, 61.703929523390528 ], [ 13.510153079632047, 61.709979958095111 ], [ 13.498328753455143, 61.717582574338735 ], [ 13.497808900651401, 61.724531244820767 ], [ 13.49351032144501, 61.731640635466249 ], [ 13.410779889221731, 61.79935614528052 ], [ 13.381927720044692, 61.835200095773573 ], [ 13.262174786486218, 61.91251725448209 ], [ 13.20155767330156, 61.928971767375863 ], [ 13.248231111845541, 61.944929821121626 ], [ 13.393641300500599, 62.000681636812416 ], [ 13.29581405580802, 62.011405876179694 ], [ 13.286963329733457, 62.057919889312508 ], [ 13.220130061243779, 62.040676833061497 ], [ 13.158969108707273, 62.019702510729765 ], [ 13.115806870906482, 62.041942229308653 ], [ 13.04560439168419, 62.061359855512009 ], [ 13.038900030433393, 62.071317766645059 ], [ 13.004028483232263, 62.065864952844755 ], [ 12.951944197218273, 62.132985483905642 ], [ 12.905607992246274, 62.140731505375626 ], [ 12.806166125879843, 62.219903698137038 ], [ 12.609073362778217, 62.214338803410705 ], [ 12.299369422672095, 62.267493514969651 ], [ 12.277723622701211, 62.196281029745897 ], [ 12.261241959517182, 62.136109017885872 ], [ 12.244731077097747, 62.086671430773606 ], [ 12.220697492914002, 62.003376913566036 ], [ 12.204510472906875, 61.946677108316578 ], [ 12.184825759301578, 61.878320676760147 ], [ 12.161251330022177, 61.799314231867655 ], [ 12.137666335700192, 61.723817625598848 ], [ 12.275634036354056, 61.640243977781275 ], [ 12.341225828511996, 61.614669652485752 ], [ 12.419609783164727, 61.562980763225418 ], [ 12.446599692822229, 61.567119441498832 ], [ 12.569317359866719, 61.568746784761949 ], [ 12.654703793123371, 61.509027751213232 ], [ 12.722912545285771, 61.461382368112041 ], [ 12.805103618137327, 61.404473423173968 ], [ 12.870837926051651, 61.356494830143703 ], [ 12.85309562649506, 61.308119822148051 ], [ 12.83382749946362, 61.258464171378918 ], [ 12.79034918770596, 61.197046171213081 ], [ 12.707030172759533, 61.143267099054242 ], [ 12.694829736428039, 61.10143102015941 ], [ 12.682583275657985, 61.061217674595156 ], [ 12.6814029962479, 61.059537793193044 ], [ 12.670178031538031, 61.0559767595499 ] ] ] } },
{ "type": "Feature", "properties": { "geo_point_2d": { "lon": 18.594099974564077, "lat": 59.385676729351523 }, "year": "2022", "geo_id": "01", "geo_name": "Stockholms län", "geo_type": "county" }, "geometry": { "type": "Polygon", "coordinates": [ [ [ 19.129156649175169, 60.298377067621857 ], [ 18.918226451450117, 60.27983886849438 ], [ 18.720414715948092, 60.247551130660689 ], [ 18.683377117455105, 60.239333655274386 ], [ 18.678566795479757, 60.230816127587723 ], [ 18.693940864088884, 60.213040952089237 ], [ 18.696945838314178, 60.205763618304445 ], [ 18.695950332393434, 60.200603214291768 ], [ 18.67281787078538, 60.194369807069101 ], [ 18.67347803389584, 60.188086750761173 ], [ 18.682557348869569, 60.180552409459267 ], [ 18.693062234907089, 60.175339382462155 ], [ 18.692830737625169, 60.165105916047985 ], [ 18.679295904755715, 60.166343261694919 ], [ 18.67702840086023, 60.163698105606819 ], [ 18.676139874354401, 60.154960803684787 ], [ 18.641357501292092, 60.160694557523783 ], [ 18.593738640713738, 60.163321996805657 ], [ 18.515129426990942, 60.160642564227118 ], [ 18.512694241737776, 60.157324674503066 ], [ 18.512260567318798, 60.145479325009937 ], [ 18.503548808518083, 60.143564660494114 ], [ 18.494133015039512, 60.137424970070235 ], [ 18.497216496203308, 60.130429432203222 ], [ 18.49650167519242, 60.120134429934197 ], [ 18.493046741894862, 60.104246385893752 ], [ 18.463054105049107, 60.080263981242531 ], [ 18.451622592219291, 60.077125568801016 ], [ 18.444838642061377, 60.058133075429382 ], [ 18.432173536907445, 60.056301901599753 ], [ 18.416307691803233, 60.04826459403138 ], [ 18.394260880154757, 60.041891282666235 ], [ 18.389790591712707, 60.039823539346749 ], [ 18.395426828230416, 60.036148077459458 ], [ 18.423270473305685, 60.023943027775424 ], [ 18.442475181421511, 60.018379413059002 ], [ 18.449245976187264, 60.015549958566005 ], [ 18.451599240871619, 60.011326958502359 ], [ 18.470467921207089, 60.006636940557456 ], [ 18.474990654482472, 60.004453142844554 ], [ 18.468517552814976, 59.995765020302017 ], [ 18.459550578328646, 59.993044900398381 ], [ 18.451824312248945, 59.993945367628768 ], [ 18.428018056510091, 59.981955691857287 ], [ 18.429515230762707, 59.966910787454275 ], [ 18.423584455398505, 59.956449737734786 ], [ 18.406579754971713, 59.956992641125574 ], [ 18.392155805170145, 59.954582154096194 ], [ 18.382203911982664, 59.940561226713946 ], [ 18.377922444267526, 59.937277229022641 ], [ 18.377230209105957, 59.933653745724072 ], [ 18.385990573442054, 59.923649236091315 ], [ 18.393355597936601, 59.920137273977758 ], [ 18.393746954639795, 59.912990257148621 ], [ 18.398106470709347, 59.9104170372798 ], [ 18.404033254278939, 59.898850395699569 ], [ 18.403220388345883, 59.893478217777641 ], [ 18.392644237359562, 59.890318686183868 ], [ 18.390048139405799, 59.884505493911163 ], [ 18.385344664540906, 59.880763106402917 ], [ 18.363348703709711, 59.873513943515349 ], [ 18.364790700072067, 59.864388952879871 ], [ 18.350853597273957, 59.86263852648316 ], [ 18.337402880155096, 59.863508477471932 ], [ 18.317143924301909, 59.859585975444219 ], [ 18.312879442803901, 59.856299727229576 ], [ 18.272690415634965, 59.85045861696404 ], [ 18.265847780387137, 59.84674325892702 ], [ 18.260322526573713, 59.837148091839929 ], [ 18.255596633558621, 59.834748709682827 ], [ 18.236365061578681, 59.833282395481881 ], [ 18.2185860936568, 59.827952282285779 ], [ 18.207160074458777, 59.829041304230323 ], [ 18.196076976253213, 59.831191682711498 ], [ 18.133002903030921, 59.818924729107934 ], [ 18.129703592596453, 59.817636115217304 ], [ 18.119498590758688, 59.803403880109215 ], [ 18.115609394683325, 59.79175399767329 ], [ 18.116500091316958, 59.783252705558311 ], [ 18.104834866204886, 59.767222282144807 ], [ 18.104543837275685, 59.762989047891594 ], [ 18.107327548593094, 59.756879155010381 ], [ 18.091820383377392, 59.750549914856244 ], [ 18.090712520590998, 59.74605250942291 ], [ 18.084487070978192, 59.73902195527954 ], [ 18.072548820004357, 59.740036644246082 ], [ 18.05729460309966, 59.743333997001578 ], [ 18.04428770922544, 59.74436438870115 ], [ 18.04956276767194, 59.737333365100383 ], [ 18.040759259341005, 59.737348743292699 ], [ 18.028914300989207, 59.739776597823777 ], [ 18.025095407974458, 59.744689986187481 ], [ 18.020883824484986, 59.745569189341531 ], [ 18.013917889355177, 59.73895200237515 ], [ 18.002903001260801, 59.735904167252976 ], [ 18.003610277191008, 59.732318595944818 ], [ 17.998953825718875, 59.728562300148546 ], [ 17.984153044341785, 59.728467396684493 ], [ 17.97589181530374, 59.722543215556001 ], [ 17.954712229294195, 59.718581499827522 ], [ 17.946025083637622, 59.711989048177557 ], [ 17.937588492401527, 59.713473151656203 ], [ 17.923676457347021, 59.710735194826533 ], [ 17.914704620605203, 59.709936799747638 ], [ 17.894289573039604, 59.709724370256986 ], [ 17.890085790112632, 59.70642406718882 ], [ 17.868856258598541, 59.699288929905407 ], [ 17.85142808178303, 59.697541419680761 ], [ 17.833684390202503, 59.690543889524264 ], [ 17.835250149057295, 59.685599300758582 ], [ 17.832200841482742, 59.68127374015539 ], [ 17.816407782495986, 59.677880247054574 ], [ 17.813343737734037, 59.680082066857466 ], [ 17.796947446875297, 59.686527175306459 ], [ 17.777160707939224, 59.689788808951107 ], [ 17.772351855559531, 59.685012483112601 ], [ 17.76043712116531, 59.667951512642205 ], [ 17.758848842738534, 59.663530740565228 ], [ 17.751313462332586, 59.659665170212094 ], [ 17.743985849917408, 59.66428987351199 ], [ 17.739260321171255, 59.665437027155242 ], [ 17.728466903221189, 59.662902080218259 ], [ 17.722437939758205, 59.683191981840601 ], [ 17.703745707560042, 59.684541037347195 ], [ 17.698585861342831, 59.687506610953577 ], [ 17.67921318992359, 59.69135793602976 ], [ 17.67198443708142, 59.690715694737413 ], [ 17.658418087831265, 59.693332013837306 ], [ 17.62909400274399, 59.693006340180965 ], [ 17.630276883315847, 59.680465203599866 ], [ 17.625012702867899, 59.674406111470219 ], [ 17.60897344242337, 59.670587271488046 ], [ 17.59527342615489, 59.663304934470936 ], [ 17.576774558773526, 59.663484107733822 ], [ 17.572182231769634, 59.659505832557045 ], [ 17.572026578515004, 59.656545136002379 ], [ 17.577295758776657, 59.653179087324943 ], [ 17.591429244699263, 59.648740761502481 ], [ 17.570770911482732, 59.637707844642577 ], [ 17.55664903808881, 59.637223784156411 ], [ 17.536952317289852, 59.63452249431856 ], [ 17.513885201497676, 59.62264173298842 ], [ 17.5117315746134, 59.611626727626124 ], [ 17.520096510432282, 59.608886999832087 ], [ 17.520126409219888, 59.601820831813278 ], [ 17.527458666155795, 59.589334859686915 ], [ 17.553900009110563, 59.574098828596604 ], [ 17.581460133811152, 59.560736473827056 ], [ 17.572586624180285, 59.553449410638038 ], [ 17.56933584585153, 59.547091705337152 ], [ 17.548926434358268, 59.549789193342434 ], [ 17.541782445132306, 59.537431291532521 ], [ 17.527139202427406, 59.531088540240823 ], [ 17.51736267319054, 59.518494638585366 ], [ 17.512599635315613, 59.516195587404539 ], [ 17.486973870854545, 59.512487208192113 ], [ 17.465709505239801, 59.507551431804444 ], [ 17.502676405662388, 59.460013219196171 ], [ 17.504659858272706, 59.441537080719591 ], [ 17.48916830805171, 59.441261761008036 ], [ 17.453966852729309, 59.446020121831012 ], [ 17.436309301616753, 59.441797483019414 ], [ 17.426377680716367, 59.4276458345566 ], [ 17.426140201954098, 59.41714435365661 ], [ 17.431075375386829, 59.395876568265436 ], [ 17.416118188420395, 59.384138943462816 ], [ 17.414703463984623, 59.382136307486071 ], [ 17.411728874974166, 59.366488074641779 ], [ 17.426075385102219, 59.3519634777997 ], [ 17.372783292411594, 59.351537262628796 ], [ 17.335897680104402, 59.35231637177494 ], [ 17.34814286188832, 59.334664874918765 ], [ 17.346854576068633, 59.326393324616838 ], [ 17.351589954789056, 59.320411709856209 ], [ 17.345394940714371, 59.311596694785948 ], [ 17.349036255427812, 59.304757181881804 ], [ 17.348295268681127, 59.279851588177429 ], [ 17.341571887073588, 59.273529613211998 ], [ 17.327624772786887, 59.270730553504819 ], [ 17.311376532310913, 59.266205910563833 ], [ 17.304270224668539, 59.256932696718451 ], [ 17.309197394790498, 59.252566398663035 ], [ 17.30184577445733, 59.249616489977981 ], [ 17.289205251997579, 59.246331518025947 ], [ 17.275115098308799, 59.245548630641281 ], [ 17.272307922802124, 59.235273464209257 ], [ 17.267927999135242, 59.228319845854521 ], [ 17.259157998090018, 59.222699070001646 ], [ 17.248631474335763, 59.22227754706006 ], [ 17.244925808145886, 59.215378559916168 ], [ 17.248474021186631, 59.209413733604386 ], [ 17.245365673226406, 59.204196013114348 ], [ 17.248308158410275, 59.199252401282685 ], [ 17.262366599078828, 59.196465128288992 ], [ 17.269161063481434, 59.183460350736709 ], [ 17.258384222970054, 59.183042512942798 ], [ 17.282997855545002, 59.169639095831272 ], [ 17.297716409760596, 59.164281576479482 ], [ 17.308164536483215, 59.154132522092283 ], [ 17.308089041932245, 59.149617339394325 ], [ 17.313279493004046, 59.148416977409852 ], [ 17.320220247950093, 59.142141251300828 ], [ 17.321875522121807, 59.138081712207367 ], [ 17.322396438678545, 59.126152437227951 ], [ 17.318660916171773, 59.115897881583102 ], [ 17.318042139393906, 59.095901368639758 ], [ 17.316325178152479, 59.089394108132737 ], [ 17.311712324706331, 59.079679272103824 ], [ 17.320948140916691, 59.07553149268562 ], [ 17.326486006756099, 59.070618367323291 ], [ 17.322356903913132, 59.065953049602648 ], [ 17.319815585199112, 59.058916744926989 ], [ 17.320689693890877, 59.049075189387281 ], [ 17.331340502449475, 59.041677798320833 ], [ 17.33186759360435, 59.035880501042861 ], [ 17.335101287140663, 59.032206122975687 ], [ 17.346315455056178, 59.02863458722419 ], [ 17.344219451527106, 59.025768407711297 ], [ 17.346767633167861, 59.0212219537053 ], [ 17.363285050124659, 59.002573621893731 ], [ 17.374099237927279, 58.98473740117565 ], [ 17.382863115256804, 58.985439063619715 ], [ 17.395115818276544, 58.982191667870218 ], [ 17.410031156319086, 58.983148063944974 ], [ 17.429859077926544, 58.98054853156718 ], [ 17.438640347237005, 58.981246198516949 ], [ 17.443792274984347, 58.98535625975169 ], [ 17.446494208095423, 58.990233434864159 ], [ 17.450670621043066, 58.992811237452628 ], [ 17.473648963373893, 58.98766886154187 ], [ 17.480371477427852, 58.989261165979521 ], [ 17.491457279392041, 58.986495549801369 ], [ 17.499253788228611, 58.9858551120778 ], [ 17.510930547103971, 58.981724262536929 ], [ 17.516350346412853, 58.983340816715241 ], [ 17.54104573258553, 58.98153076449352 ], [ 17.554918430154718, 58.982421615481947 ], [ 17.54980366475089, 58.974140143272109 ], [ 17.54500979967511, 58.969418820538856 ], [ 17.554882700088012, 58.958376332179341 ], [ 17.559626624829448, 58.951847242934718 ], [ 17.570452638882813, 58.95183477306086 ], [ 17.588961397291236, 58.944442716107027 ], [ 17.598076560699386, 58.944316789642443 ], [ 17.625770575705392, 58.93571430562131 ], [ 17.623132701693628, 58.932456012665185 ], [ 17.627989906375809, 58.920804499591142 ], [ 17.636012291610445, 58.907689273991259 ], [ 17.632157119160286, 58.903703105567438 ], [ 17.638688916174637, 58.899237779173973 ], [ 17.656859930367773, 58.893456630373379 ], [ 17.6544862811527, 58.87563966905153 ], [ 17.663626658517604, 58.866619014391723 ], [ 17.652436994488873, 58.859308581842662 ], [ 17.669405840758621, 58.826739006851767 ], [ 17.718139023595736, 58.815520346181316 ], [ 17.72660897093678, 58.797139051081579 ], [ 17.747395613940881, 58.790766703494747 ], [ 17.785945520296117, 58.77724998313839 ], [ 17.794137446122672, 58.670918956917028 ], [ 17.859432854803387, 58.596970625416319 ], [ 17.950917399325888, 58.488860195756011 ], [ 18.078556949183223, 58.518612366749842 ], [ 18.110366488532872, 58.524646280295997 ], [ 18.14112709682713, 58.532038669329921 ], [ 18.17057146658242, 58.540858097201735 ], [ 18.198321062130969, 58.551058679642445 ], [ 18.224225588195832, 58.562428812217512 ], [ 18.363922848562837, 58.618076707929063 ], [ 18.479873645625577, 58.664515582443713 ], [ 18.59294205426945, 58.709654698343641 ], [ 18.76309521457657, 58.77717562972088 ], [ 18.802122431441479, 58.790398645669306 ], [ 18.823603387162834, 58.79874157002741 ], [ 18.862979516788709, 58.817646448442822 ], [ 18.902391830039729, 58.837678938639073 ], [ 19.071320967038638, 58.922181224104712 ], [ 19.1011719731633, 58.938807665355299 ], [ 19.454870320648798, 59.158095367727697 ], [ 19.593144837639962, 59.20758258961429 ], [ 19.681354729304335, 59.239084102601772 ], [ 19.711904333270628, 59.247470598248839 ], [ 19.740927512718695, 59.257244415369811 ], [ 19.768148585167634, 59.268280241084852 ], [ 19.793280553920891, 59.280516121724766 ], [ 19.816309173505246, 59.293827900852563 ], [ 19.831523215591737, 59.303971650316541 ], [ 19.853336065918004, 59.321626333443696 ], [ 19.87144248816038, 59.340346930744609 ], [ 19.88135074139953, 59.353319053196053 ], [ 19.889469790839371, 59.366612418245623 ], [ 19.895758424108983, 59.380162295495055 ], [ 19.900949432046346, 59.397232135752816 ], [ 19.957966035407892, 59.476194966937989 ], [ 19.958429158394637, 59.477992294729965 ], [ 20.008383466125448, 59.547458601296277 ], [ 19.986262151570614, 59.562920976690506 ], [ 19.793739786537383, 59.69749495567153 ], [ 19.793931670519633, 59.697590417587833 ], [ 19.658283333534758, 59.791683327849626 ], [ 19.568772537133608, 59.854639355633822 ], [ 19.375784491487082, 59.989626084970645 ], [ 19.278682604218325, 60.057080185031666 ], [ 19.200681642461962, 60.110956198890889 ], [ 19.083199994344703, 60.191683336212108 ], [ 19.102700004891222, 60.235249998839095 ], [ 19.104887777320574, 60.236659469824275 ], [ 19.129156649175169, 60.298377067621857 ] ] ] } },
{ "type": "Feature", "properties": { "geo_point_2d": { "lon": 16.163889353922681, "lat": 59.747385687756832 }, "year": "2022", "geo_id": "19", "geo_name": "Västmanlands län", "geo_type": "county" }, "geometry": { "type": "Polygon", "coordinates": [ [ [ 16.703822014177348, 60.195721024374556 ], [ 16.676173592961135, 60.193284310279878 ], [ 16.656897597281823, 60.190312685338654 ], [ 16.647134734771026, 60.184244448153137 ], [ 16.63362353517131, 60.184464085961501 ], [ 16.615611556658322, 60.182690332533042 ], [ 16.598645104294196, 60.180100078199075 ], [ 16.594610552260644, 60.18093195296165 ], [ 16.582693336474438, 60.179925175855317 ], [ 16.56922452879439, 60.17569500014757 ], [ 16.553481049166972, 60.172688044719862 ], [ 16.54392372325869, 60.174698278126094 ], [ 16.52752755657745, 60.166441055469761 ], [ 16.531795242281103, 60.15739713042808 ], [ 16.53982858652936, 60.154256259649792 ], [ 16.53381149030221, 60.150851705656528 ], [ 16.532327831179295, 60.14480119642981 ], [ 16.535406624712781, 60.137513883708479 ], [ 16.501647167900543, 60.136752960996525 ], [ 16.487676464237218, 60.133863570011826 ], [ 16.467928661568905, 60.131674869187471 ], [ 16.440823623448416, 60.125686062705995 ], [ 16.434983819026936, 60.123218665841989 ], [ 16.404245820386816, 60.102627143237733 ], [ 16.407304919929292, 60.092919500336315 ], [ 16.401853020822003, 60.089578239773594 ], [ 16.389755106290611, 60.091382401871627 ], [ 16.384301804584755, 60.087842975063403 ], [ 16.388300563715486, 60.085330190257302 ], [ 16.385683192009932, 60.081571869170027 ], [ 16.374868703124879, 60.07953641006614 ], [ 16.364121336749257, 60.081395256140674 ], [ 16.353341668417102, 60.081377435667683 ], [ 16.352826008870693, 60.075186315415607 ], [ 16.334464975638944, 60.080574522948794 ], [ 16.323249232839384, 60.079074996733745 ], [ 16.319540053353471, 60.073901485043322 ], [ 16.293255962437147, 60.07346231525662 ], [ 16.2944325701853, 60.070433168989176 ], [ 16.287006792204913, 60.069850019081734 ], [ 16.287596524233066, 60.073348384235672 ], [ 16.264568742519824, 60.073232696846347 ], [ 16.246030951130315, 60.077128217148356 ], [ 16.245369023158499, 60.078683206300148 ], [ 16.224890032006702, 60.078677782550351 ], [ 16.219610290272424, 60.075938856218073 ], [ 16.207033756640165, 60.072746325225182 ], [ 16.198989292382841, 60.075929871129205 ], [ 16.183510799078956, 60.076378815222284 ], [ 16.180374493765882, 60.084941470566982 ], [ 16.141224614459336, 60.092110130846542 ], [ 16.160728336578046, 60.112658258537607 ], [ 16.163370672886369, 60.120863783552075 ], [ 16.131852787830901, 60.138581906175524 ], [ 16.115809507035951, 60.141519453028295 ], [ 16.084659018063128, 60.144146579484612 ], [ 16.071033447982266, 60.146391453418325 ], [ 16.055797250019616, 60.147767342221115 ], [ 16.04772433555241, 60.151551985979836 ], [ 16.043199873149518, 60.16078690876035 ], [ 16.0368773143753, 60.165707622111377 ], [ 16.022812915114731, 60.182497411344556 ], [ 16.015635246074897, 60.181629350934855 ], [ 15.997817588188097, 60.185425955252434 ], [ 15.985109225819299, 60.184905179922708 ], [ 15.967545752971889, 60.186480446512213 ], [ 15.964160339131942, 60.183316209175771 ], [ 15.947949480616273, 60.185156515628485 ], [ 15.944557115538563, 60.184145878841704 ], [ 15.92681660744312, 60.172252858211955 ], [ 15.906125472318847, 60.168904284716234 ], [ 15.882486598083986, 60.166361993602543 ], [ 15.801558854015532, 60.179101929458156 ], [ 15.793726097089483, 60.165234455734343 ], [ 15.779829604904439, 60.155341513482774 ], [ 15.766730740964082, 60.147727101243078 ], [ 15.754582676680053, 60.145909887394467 ], [ 15.747021680304137, 60.14637344210788 ], [ 15.725425402684792, 60.144548986685891 ], [ 15.725466212526072, 60.127917522938795 ], [ 15.738019412953374, 60.129944066997027 ], [ 15.749355299148558, 60.129276264425563 ], [ 15.76459247145346, 60.130430793341525 ], [ 15.759756511962852, 60.114946524547001 ], [ 15.746276648289472, 60.110695705324169 ], [ 15.749763906882301, 60.107851841016135 ], [ 15.745311601005765, 60.105148023533538 ], [ 15.745777016947562, 60.097987461028545 ], [ 15.738328945088549, 60.097447644208636 ], [ 15.728954582744123, 60.094860120727894 ], [ 15.725478144857069, 60.091568680550019 ], [ 15.719507642164647, 60.091689266879058 ], [ 15.711031377969279, 60.080319919563884 ], [ 15.731510707139709, 60.080467711181775 ], [ 15.735556217234583, 60.078854343530729 ], [ 15.725327079302801, 60.074674866047324 ], [ 15.722371984680629, 60.071307201855234 ], [ 15.72239727523276, 60.061344374429574 ], [ 15.707059922412919, 60.056819058517121 ], [ 15.707080538141801, 60.049952776075408 ], [ 15.701709079013545, 60.04584680081917 ], [ 15.68217948492693, 60.051816619836757 ], [ 15.694353914019505, 60.034459755257174 ], [ 15.706746238843754, 60.029829290870381 ], [ 15.71252336705747, 60.029357815876288 ], [ 15.723156047708329, 60.030917702223782 ], [ 15.730014795488295, 60.028094530022202 ], [ 15.730027671340556, 60.022502749952032 ], [ 15.712827773571465, 60.016837079685949 ], [ 15.699923900289846, 60.015014245145053 ], [ 15.699391044621855, 60.013461040665213 ], [ 15.707622258037947, 60.006735733222335 ], [ 15.713286854875729, 60.000214568679958 ], [ 15.716275108906816, 59.98870090128473 ], [ 15.713722300664054, 59.985467904839595 ], [ 15.71749902966145, 59.979887641488851 ], [ 15.723023129868629, 59.976794638826178 ], [ 15.691963078706074, 59.947555567206798 ], [ 15.683909648909758, 59.948015081543467 ], [ 15.678943391833855, 59.945928014541323 ], [ 15.676815559516703, 59.94100725878522 ], [ 15.679510755965881, 59.937913255900789 ], [ 15.657646504046346, 59.939173958039632 ], [ 15.620908947228449, 59.935088374393118 ], [ 15.607039965678169, 59.942266695063367 ], [ 15.6020513761468, 59.947644501446895 ], [ 15.529903828617639, 59.956668358644272 ], [ 15.492662199427608, 59.935447202720731 ], [ 15.501176671423069, 59.927595416934388 ], [ 15.496768077760674, 59.926705512125558 ], [ 15.479460279190521, 59.913810416076807 ], [ 15.479366966114283, 59.908756800744285 ], [ 15.482220851188764, 59.90566719040914 ], [ 15.48975627421796, 59.902526012830101 ], [ 15.487775836458102, 59.898482118779448 ], [ 15.466925505078033, 59.893242057618323 ], [ 15.459152205599029, 59.893491087860326 ], [ 15.422085374535301, 59.854747042555474 ], [ 15.432043088566189, 59.849865891989197 ], [ 15.441952389806726, 59.849148675011875 ], [ 15.44120189896894, 59.844371410922179 ], [ 15.454274678028364, 59.836122227244523 ], [ 15.446154555031198, 59.831728992899521 ], [ 15.446909744131288, 59.824523373680798 ], [ 15.455628648718431, 59.820983437301685 ], [ 15.438527374476347, 59.80868457197522 ], [ 15.439492359664506, 59.805186640330888 ], [ 15.431360317446222, 59.804284067279681 ], [ 15.427261236181788, 59.799694568384886 ], [ 15.425978086811872, 59.795050281010568 ], [ 15.440790099308726, 59.797309340896902 ], [ 15.504766291857646, 59.797947244775365 ], [ 15.512745309511512, 59.787930163245036 ], [ 15.512304031727806, 59.777364455563166 ], [ 15.514566594245936, 59.777163051084834 ], [ 15.52131490007665, 59.768632704774348 ], [ 15.53072250797366, 59.760843644788544 ], [ 15.525589200994496, 59.753427581270017 ], [ 15.549665967710775, 59.726818015783437 ], [ 15.550096951440285, 59.723919592869052 ], [ 15.543745590525377, 59.717920030842301 ], [ 15.547593641498445, 59.70284788794855 ], [ 15.550145637622888, 59.698948296616699 ], [ 15.538634555695088, 59.690371121786725 ], [ 15.529703694264551, 59.690352612606766 ], [ 15.532541966628688, 59.686319319261827 ], [ 15.524635583018847, 59.676473750902893 ], [ 15.524179492187276, 59.667388932078765 ], [ 15.512864085859423, 59.652616317003307 ], [ 15.515205642937056, 59.642325882294884 ], [ 15.520200442443778, 59.634590430912986 ], [ 15.5472261923529, 59.628524865929734 ], [ 15.566377649118071, 59.627008427091262 ], [ 15.5884312359582, 59.628599797925347 ], [ 15.605306078712985, 59.631113148913393 ], [ 15.615004951461948, 59.630454438881856 ], [ 15.619019002288784, 59.625747750087761 ], [ 15.622896396254511, 59.597146165505919 ], [ 15.636186566063575, 59.595072633611288 ], [ 15.637013744806675, 59.589014774331801 ], [ 15.632325634691091, 59.571307531668616 ], [ 15.626083459961926, 59.573991960613654 ], [ 15.626869271231778, 59.549353253695756 ], [ 15.632728427549214, 59.520547300082725 ], [ 15.660924224526402, 59.52448635117829 ], [ 15.671911891265001, 59.529408122336804 ], [ 15.673215969395786, 59.534795219748617 ], [ 15.681964329486098, 59.534803816090516 ], [ 15.705545580542973, 59.539132702000131 ], [ 15.70822119603052, 59.530786802227603 ], [ 15.712599648751334, 59.525879996094012 ], [ 15.718508276311374, 59.516297416605084 ], [ 15.720239850800361, 59.509162413571524 ], [ 15.717210123795814, 59.506198208787566 ], [ 15.706479494793511, 59.504242600993784 ], [ 15.689700664327241, 59.495207520739484 ], [ 15.687988587368976, 59.490089484953074 ], [ 15.691063616110707, 59.483763910079254 ], [ 15.686180747922721, 59.477296546554435 ], [ 15.712260960365869, 59.476168937929749 ], [ 15.715239204871821, 59.451198802049589 ], [ 15.722790894461149, 59.441572182724236 ], [ 15.726763436234874, 59.438612453301452 ], [ 15.729828970353708, 59.431208755909921 ], [ 15.731445334580471, 59.417341129905083 ], [ 15.730531573885992, 59.408525745860629 ], [ 15.69950285147965, 59.409778711572287 ], [ 15.692114372641582, 59.407689924374672 ], [ 15.672169116960417, 59.406728429320147 ], [ 15.663991029659041, 59.40456542834324 ], [ 15.649348500032403, 59.403399659236314 ], [ 15.636133616292501, 59.405609259003086 ], [ 15.627428519099773, 59.403712567217184 ], [ 15.624029899656989, 59.397307650834364 ], [ 15.604617535407506, 59.396875156198419 ], [ 15.597656875587909, 59.369530786426388 ], [ 15.611819969108367, 59.362488148194089 ], [ 15.61622337977483, 59.351722804772876 ], [ 15.614401628582845, 59.347474229384623 ], [ 15.635034684188465, 59.333768844837671 ], [ 15.633418727122242, 59.316397054525169 ], [ 15.617432736764478, 59.301698132000979 ], [ 15.607364862600241, 59.288424687870673 ], [ 15.651631930077553, 59.276967756678431 ], [ 15.692048421757724, 59.270277018376675 ], [ 15.725688149670061, 59.223578654100173 ], [ 15.798450255437388, 59.230874505497589 ], [ 15.761586946389821, 59.197949485932789 ], [ 15.893561330316254, 59.230378685211612 ], [ 15.865274277049712, 59.281696121392052 ], [ 15.865162405290024, 59.288024674734253 ], [ 15.872644346720094, 59.282904412164058 ], [ 15.878692607398715, 59.281016107002976 ], [ 15.876874955515536, 59.292731576165096 ], [ 15.880720961998016, 59.302154857063677 ], [ 15.888348106965879, 59.298712241387214 ], [ 15.902679779981668, 59.296081256486367 ], [ 15.908883478354406, 59.298966983732569 ], [ 15.91183090809103, 59.315598237537877 ], [ 15.942415811811346, 59.323379493126694 ], [ 15.938092082391805, 59.331660318387144 ], [ 15.93918482148316, 59.341560342747663 ], [ 15.953716629804848, 59.34941714304442 ], [ 15.964801780949866, 59.351899615430895 ], [ 15.974962360277011, 59.351949705661937 ], [ 15.993455544679952, 59.358459389458687 ], [ 16.03611107306029, 59.369163046020788 ], [ 16.048088607753144, 59.364294062288927 ], [ 16.06216409503444, 59.360631719290794 ], [ 16.066746538076622, 59.35516491089156 ], [ 16.073584694875976, 59.352862050947984 ], [ 16.094138044181364, 59.351202521999355 ], [ 16.116409067286707, 59.3511514658246 ], [ 16.145772181275053, 59.346634921958852 ], [ 16.167284929733327, 59.349943365474523 ], [ 16.174955739532017, 59.352210939664175 ], [ 16.185238248769686, 59.352118630117552 ], [ 16.193165235899983, 59.353576500527311 ], [ 16.203240908097147, 59.35832177904598 ], [ 16.222794017348505, 59.361357740160308 ], [ 16.237153754425965, 59.359497819134383 ], [ 16.266856945941313, 59.36255609535884 ], [ 16.269125940074659, 59.363894561685534 ], [ 16.272940577572708, 59.372767831285849 ], [ 16.274329597803522, 59.388050034832844 ], [ 16.28140357660698, 59.393069326390879 ], [ 16.287238989930135, 59.395004858120657 ], [ 16.300891178875837, 59.397148618295489 ], [ 16.289674420767518, 59.399169980765834 ], [ 16.287708281978936, 59.400793029090636 ], [ 16.267341255037024, 59.40732969098476 ], [ 16.261261601551379, 59.406947072067496 ], [ 16.255242632853662, 59.411142016003012 ], [ 16.249825305405103, 59.411627313284953 ], [ 16.246870042101175, 59.41729254730636 ], [ 16.249270096660201, 59.439232053260547 ], [ 16.254993472571964, 59.452210519156232 ], [ 16.273645781390226, 59.453419803885268 ], [ 16.302146660583293, 59.45762348561955 ], [ 16.315564673652268, 59.452859208059429 ], [ 16.328018728490481, 59.454425846680401 ], [ 16.36135101124129, 59.463516421237891 ], [ 16.371728454748162, 59.467107451502891 ], [ 16.388004084004784, 59.466829565653924 ], [ 16.403501245411121, 59.460431174914959 ], [ 16.42202036331129, 59.460551694464996 ], [ 16.462062173485229, 59.465608238958232 ], [ 16.608072732073961, 59.481356200976776 ], [ 16.62335460594181, 59.483550662150776 ], [ 16.649619165190835, 59.485870457344113 ], [ 16.666455517187316, 59.492089431880373 ], [ 16.702737227477662, 59.487671492671851 ], [ 16.715604022894421, 59.488327728414539 ], [ 16.72317942590962, 59.489756005852591 ], [ 16.757826493092281, 59.502228738184293 ], [ 16.834920490436797, 59.498754511451125 ], [ 16.885448004827886, 59.480366197864633 ], [ 16.907401260349562, 59.479850976456426 ], [ 16.918769260418063, 59.483183992664785 ], [ 16.933522528049178, 59.485283961298812 ], [ 16.948312883388024, 59.492085979066545 ], [ 16.964902291873123, 59.521322366398671 ], [ 16.925727552740465, 59.546772357559199 ], [ 16.921516366971659, 59.547750899371202 ], [ 16.917423898226193, 59.564689484968369 ], [ 16.892155164500924, 59.599642379737453 ], [ 16.886748781417481, 59.605001424573985 ], [ 16.882106665384239, 59.617697077857748 ], [ 16.873472101138567, 59.626457298999135 ], [ 16.872689326276276, 59.630835410996973 ], [ 16.864120982362557, 59.641883531913557 ], [ 16.859241563655594, 59.655926671915303 ], [ 16.856049215824061, 59.659920017858575 ], [ 16.853894147850216, 59.667612408571841 ], [ 16.847755104762857, 59.671638013122077 ], [ 16.836117462594437, 59.682771302100754 ], [ 16.833203224340405, 59.683260921929808 ], [ 16.823821056294264, 59.690003714116941 ], [ 16.820377498617653, 59.694743144152959 ], [ 16.820131910487685, 59.700131083370096 ], [ 16.815330188163426, 59.708785711514636 ], [ 16.807491756256681, 59.71402525847094 ], [ 16.787851111957057, 59.716866518225991 ], [ 16.781936306641093, 59.719406096177472 ], [ 16.780312436998763, 59.723457633981688 ], [ 16.783448714401089, 59.73043611554354 ], [ 16.77758837016664, 59.744141987092888 ], [ 16.766629417903726, 59.752705399296346 ], [ 16.74642518050161, 59.764906971933968 ], [ 16.735445707937256, 59.773261386822881 ], [ 16.727350278514741, 59.775338058267273 ], [ 16.733720904159455, 59.778461982649382 ], [ 16.751721353634675, 59.791726757284778 ], [ 16.7610256933526, 59.79509755795155 ], [ 16.765811658416432, 59.798626410852364 ], [ 16.764574504120965, 59.802073435531057 ], [ 16.768111722822788, 59.80426482400005 ], [ 16.785542867269001, 59.806290604205884 ], [ 16.781638968554173, 59.809892268040848 ], [ 16.789976949808882, 59.811643443459616 ], [ 16.795546561096199, 59.814967879288936 ], [ 16.803671412412829, 59.813694722934578 ], [ 16.809401464860372, 59.817555973225232 ], [ 16.800401235480088, 59.82537101786582 ], [ 16.807403122524001, 59.826996556631428 ], [ 16.807054116167233, 59.833193013809058 ], [ 16.812443311881299, 59.834498409127107 ], [ 16.812001793174439, 59.837598687566242 ], [ 16.800047760206908, 59.844628304281663 ], [ 16.811788537447857, 59.852411572369292 ], [ 16.818492551055851, 59.852835963390923 ], [ 16.836772306722519, 59.860028028220945 ], [ 16.825871170216224, 59.862473689759703 ], [ 16.814362999867299, 59.866736336645118 ], [ 16.799577042313562, 59.869541592278139 ], [ 16.797676840002797, 59.881871605765411 ], [ 16.780858250018952, 59.888729386095598 ], [ 16.772865012075432, 59.894578032424292 ], [ 16.778021841691938, 59.90598501177314 ], [ 16.786991455099166, 59.905918602063956 ], [ 16.801835154433824, 59.909245311085996 ], [ 16.794546189661681, 59.943634816575866 ], [ 16.790105789263592, 59.942922967221271 ], [ 16.784345245850261, 59.95266024201878 ], [ 16.778499725518717, 59.954723111876149 ], [ 16.770956840540922, 59.953835959909448 ], [ 16.767231396567425, 59.950030256461638 ], [ 16.760541398913453, 59.950752027207834 ], [ 16.760212927241188, 59.953644769561706 ], [ 16.766530275229783, 59.958580801718988 ], [ 16.771152466330122, 59.964875389090352 ], [ 16.778546772234865, 59.965494346156476 ], [ 16.785456189208684, 59.963019663523283 ], [ 16.789549280542197, 59.965215366287936 ], [ 16.772238300744441, 59.97449900835894 ], [ 16.752158607721281, 59.976861541132244 ], [ 16.744956151186226, 59.978663315960731 ], [ 16.736610704522239, 59.983165621978515 ], [ 16.733968398224977, 59.98924316805509 ], [ 16.732833607469868, 60.001844750168154 ], [ 16.723418295929484, 60.001641181588575 ], [ 16.715069679244429, 60.010917414184078 ], [ 16.719626388869052, 60.014925264298448 ], [ 16.724828874974154, 60.02794952252156 ], [ 16.726854832157716, 60.042746077146319 ], [ 16.710404314567384, 60.056727696339472 ], [ 16.716227954243084, 60.057630244201469 ], [ 16.707929697792562, 60.069338042651914 ], [ 16.691062793882718, 60.083319943693319 ], [ 16.713731294903251, 60.089629184727123 ], [ 16.704391925261628, 60.107662929584677 ], [ 16.731066961928029, 60.111859578346817 ], [ 16.733383415531936, 60.117498286380744 ], [ 16.726330739504405, 60.120644213637476 ], [ 16.745493869918104, 60.135382993164619 ], [ 16.739140472921498, 60.144251326267607 ], [ 16.739763262752653, 60.152253549003632 ], [ 16.733827798506539, 60.162061113677709 ], [ 16.73392441478363, 60.16548926976855 ], [ 16.715449429772086, 60.185902944995824 ], [ 16.703822014177348, 60.195721024374556 ] ] ] } },
{ "type": "Feature", "properties": { "geo_point_2d": { "lon": 13.152649503748673, "lat": 59.773808725244741 }, "year": "2022", "geo_id": "17", "geo_name": "Värmlands län", "geo_type": "county" }, "geometry": { "type": "Polygon", "coordinates": [ [ [ 12.670178031538031, 61.0559767595499 ], [ 12.657646309214567, 61.05270310569032 ], [ 12.612509669814315, 61.046832593723884 ], [ 12.596678582393281, 61.047013754025151 ], [ 12.487594973554545, 61.051631881015368 ], [ 12.447616107622926, 61.050727823737418 ], [ 12.379323810988939, 61.040323913571541 ], [ 12.29480016080038, 61.02714968153083 ], [ 12.247277761229558, 61.020634736286368 ], [ 12.239743096048592, 61.018966790765546 ], [ 12.223992302983536, 61.013078119077235 ], [ 12.28456892165052, 60.94382794668261 ], [ 12.332790878771668, 60.890172085697763 ], [ 12.334485886232159, 60.852361019143721 ], [ 12.349440325820243, 60.817896904318317 ], [ 12.364557775140177, 60.79058625796381 ], [ 12.395371408215349, 60.733887201016891 ], [ 12.461057768319931, 60.685218128334576 ], [ 12.511018219356352, 60.642456987677789 ], [ 12.515779988984312, 60.600154571945019 ], [ 12.54926871163925, 60.574912903335267 ], [ 12.581862989955223, 60.550904033792641 ], [ 12.606883461304172, 60.512743779166094 ], [ 12.60642031867958, 60.477262121830591 ], [ 12.60605438154187, 60.405925590156414 ], [ 12.569912725184157, 60.370725124888217 ], [ 12.547339571428786, 60.349298320568892 ], [ 12.538266976359262, 60.343775799530256 ], [ 12.498796257317647, 60.323652395325858 ], [ 12.504423444230786, 60.281209418574086 ], [ 12.525017359676896, 60.223633204678379 ], [ 12.541907601239034, 60.193378732826339 ], [ 12.516700805189304, 60.136320284240057 ], [ 12.500642623740561, 60.099076355007305 ], [ 12.480517779047808, 60.073023686213268 ], [ 12.44855977537954, 60.039174967307048 ], [ 12.424845776612619, 60.02654553378845 ], [ 12.395664402327041, 60.015598493839349 ], [ 12.341139400830158, 59.965669888244101 ], [ 12.231044145254351, 59.927592108173009 ], [ 12.190764247956793, 59.901353684553335 ], [ 12.174292648915168, 59.889808662718714 ], [ 12.155283469688985, 59.886744539821187 ], [ 12.126116086033587, 59.893942311372705 ], [ 12.099788680100676, 59.890656321207153 ], [ 12.05345989784716, 59.885938047397921 ], [ 12.033418479916957, 59.888905285961961 ], [ 11.987003948658707, 59.899005273051849 ], [ 11.985177058630102, 59.900717947225644 ], [ 11.942079305936861, 59.890087497563023 ], [ 11.92834838317725, 59.885334382989491 ], [ 11.921291464087378, 59.880372608506583 ], [ 11.922537314773347, 59.875637799973823 ], [ 11.916461075870359, 59.872744487008113 ], [ 11.884767526831554, 59.871834992920739 ], [ 11.881372252588747, 59.867078845915515 ], [ 11.883183549375413, 59.863160956541655 ], [ 11.888429440765094, 59.859183646400183 ], [ 11.884832732712633, 59.856048085773871 ], [ 11.869363728784007, 59.84974926539887 ], [ 11.840447195326236, 59.841740503716352 ], [ 11.842727709819929, 59.837621573629647 ], [ 11.852243593843783, 59.83131209202697 ], [ 11.860422592313688, 59.829666239070328 ], [ 11.875367684035911, 59.828797559362691 ], [ 11.88507577627399, 59.82460788742506 ], [ 11.894859262444861, 59.815877240467081 ], [ 11.904094607847066, 59.811613794899934 ], [ 11.909907304903426, 59.801681351981244 ], [ 11.925974254323528, 59.793997552475346 ], [ 11.92591423822188, 59.785238831085493 ], [ 11.931427358148095, 59.773930901530768 ], [ 11.933658666119227, 59.760185144763355 ], [ 11.932006394121503, 59.756941838654726 ], [ 11.925371147454079, 59.753344567216061 ], [ 11.923026292114656, 59.749941349092836 ], [ 11.92540588800466, 59.745684923046142 ], [ 11.933529264876153, 59.738731556792828 ], [ 11.932445315995434, 59.730360455454601 ], [ 11.936614037583166, 59.726862101836339 ], [ 11.93603461542232, 59.713931999306311 ], [ 11.937899685804213, 59.704335965484056 ], [ 11.945995152075481, 59.700422999773714 ], [ 11.939879621891693, 59.694581562656872 ], [ 11.889218085129846, 59.693207822489391 ], [ 11.878045853348313, 59.682835661181571 ], [ 11.875245342919749, 59.672489170517913 ], [ 11.870301646698781, 59.662541010736447 ], [ 11.862444959876436, 59.652738562157623 ], [ 11.855710506505059, 59.648293948369009 ], [ 11.778893904657513, 59.642992871093881 ], [ 11.761317088823557, 59.637323944920432 ], [ 11.720558686484303, 59.625489250119003 ], [ 11.697966111196727, 59.608779920119723 ], [ 11.691130125977091, 59.589547563527709 ], [ 11.728637811403345, 59.511175486090671 ], [ 11.746890142451806, 59.491248653456026 ], [ 11.753208916418034, 59.47937063501913 ], [ 11.759935369709844, 59.458185285701248 ], [ 11.760947539226002, 59.428603783880781 ], [ 11.774111375142443, 59.414290545813266 ], [ 11.779865909674015, 59.386459965646694 ], [ 11.791593612518618, 59.37441516468315 ], [ 11.789830498640844, 59.371067038823519 ], [ 11.808351456861949, 59.353856003956487 ], [ 11.816246808894554, 59.344742716947437 ], [ 11.821531170426487, 59.311787546300508 ], [ 11.820424619517254, 59.304937018723244 ], [ 11.825606397822298, 59.265377679834266 ], [ 11.829795368815494, 59.242229580279236 ], [ 11.826179189302721, 59.237854525789345 ], [ 11.835859119241452, 59.235611879964523 ], [ 11.862757291785384, 59.231110899428899 ], [ 11.868923077847292, 59.230866557435277 ], [ 11.879484286086834, 59.227169132994888 ], [ 11.903219640428301, 59.223229367198471 ], [ 11.924496268243759, 59.224828482943515 ], [ 11.931622117315854, 59.22753946873631 ], [ 11.944647817699709, 59.235610703328469 ], [ 11.943532470230901, 59.240969404539349 ], [ 11.948238061199319, 59.248990259424112 ], [ 11.965977035501661, 59.236979742078255 ], [ 11.998146106331598, 59.221383005798856 ], [ 12.011566693140802, 59.212142655652585 ], [ 12.029902576224861, 59.212730986975174 ], [ 12.032209879431218, 59.200891609358877 ], [ 12.046154499383842, 59.194367990218687 ], [ 12.052998320855954, 59.188509502078034 ], [ 12.084631938874539, 59.17670531454722 ], [ 12.089089724662871, 59.183365682845924 ], [ 12.096652078805368, 59.18967431321412 ], [ 12.106950884593324, 59.195161859658953 ], [ 12.096011395079085, 59.198641695423028 ], [ 12.092677134396297, 59.208206015154701 ], [ 12.089633117883261, 59.211704242480707 ], [ 12.091688624239097, 59.216489526997698 ], [ 12.08863701366802, 59.22359079305636 ], [ 12.084280380259989, 59.227051360298333 ], [ 12.082409480706039, 59.253514619459388 ], [ 12.081042039652193, 59.257519008996873 ], [ 12.103191024526659, 59.25214943007763 ], [ 12.116693910173026, 59.253018617782637 ], [ 12.123624803840672, 59.250088190529418 ], [ 12.136503990822192, 59.252510109784751 ], [ 12.185533554293539, 59.249760750002181 ], [ 12.210108891652723, 59.253434981251544 ], [ 12.208773892903368, 59.257441341191111 ], [ 12.213845132076504, 59.262765960857905 ], [ 12.225461938169348, 59.261100713617019 ], [ 12.228609177954535, 59.256694843514353 ], [ 12.236438293844293, 59.257161626724887 ], [ 12.238796877339473, 59.25206001705471 ], [ 12.239351601382728, 59.23971191200453 ], [ 12.245199546129058, 59.230896306204613 ], [ 12.243749353275861, 59.22816107357017 ], [ 12.248696935885761, 59.21954528048682 ], [ 12.254189476429316, 59.217458323600589 ], [ 12.255476279094619, 59.206262338530294 ], [ 12.259958590855247, 59.19784912901406 ], [ 12.270437248014602, 59.190524668014206 ], [ 12.277709526960399, 59.188269623802142 ], [ 12.284994968574001, 59.189617453341967 ], [ 12.29606433225203, 59.196242425866267 ], [ 12.309377163079221, 59.197589894803286 ], [ 12.31334636968265, 59.196968942550463 ], [ 12.316005318943313, 59.188253428596049 ], [ 12.319200184445412, 59.185598951322525 ], [ 12.33768271435687, 59.175303516652072 ], [ 12.349564217383129, 59.17412001399606 ], [ 12.366484418426984, 59.17659993623591 ], [ 12.383342473278036, 59.180423619500779 ], [ 12.407511664750894, 59.186817456804469 ], [ 12.422973086743243, 59.192638677099069 ], [ 12.436504101005687, 59.193044376602288 ], [ 12.440376876528456, 59.19443851927219 ], [ 12.45929717193939, 59.192214296393672 ], [ 12.461507545135625, 59.183044661704471 ], [ 12.455389059016051, 59.173934301687268 ], [ 12.449259286668783, 59.17344352732124 ], [ 12.42909026163704, 59.175206897317892 ], [ 12.42210327049, 59.174890196250047 ], [ 12.416364941638191, 59.167624973290089 ], [ 12.424903836651268, 59.163023172189078 ], [ 12.432807125927903, 59.162006976443671 ], [ 12.450295497608431, 59.157927845957005 ], [ 12.459945665492203, 59.15248561482084 ], [ 12.45860398696707, 59.144383320637566 ], [ 12.467973659118924, 59.140465116564151 ], [ 12.456575080998221, 59.132229398536914 ], [ 12.481734794612068, 59.126938197832793 ], [ 12.527526110021423, 59.12819354015484 ], [ 12.537081278689442, 59.125564390454777 ], [ 12.548264978181255, 59.124561098684993 ], [ 12.557554182691881, 59.121160187365184 ], [ 12.565297488237237, 59.114292764000098 ], [ 12.574976886111109, 59.112611793192059 ], [ 12.580623019089364, 59.11312966618717 ], [ 12.585613862953505, 59.118580950545436 ], [ 12.591180227750669, 59.120893065787094 ], [ 12.588641735899637, 59.128951229357405 ], [ 12.599014781516118, 59.131094625722035 ], [ 12.616074439979416, 59.140283053795045 ], [ 12.619841655473486, 59.144139659015458 ], [ 12.618157822542178, 59.152650491038592 ], [ 12.620573572573853, 59.156949957906193 ], [ 12.628549773907206, 59.164673512497153 ], [ 12.624954388312828, 59.166651620219319 ], [ 12.624330811394861, 59.170912413328743 ], [ 12.63354924109915, 59.180004521607202 ], [ 12.649463719979536, 59.186024859412903 ], [ 12.655170826002285, 59.18564242183777 ], [ 12.654296211193927, 59.175757636732683 ], [ 12.657383033465262, 59.175113873255114 ], [ 12.669933030023749, 59.177950859125318 ], [ 12.686790560353671, 59.172535876885583 ], [ 12.695169739492352, 59.170832508149566 ], [ 12.711650206290122, 59.153053756182658 ], [ 12.723298133371614, 59.14644101531939 ], [ 12.737931306185342, 59.140993822737897 ], [ 12.754519564354313, 59.130614544127276 ], [ 12.755215890314661, 59.124558509167272 ], [ 12.753786985246267, 59.116467266112984 ], [ 12.761539890056751, 59.108241539076438 ], [ 12.768560686114983, 59.063851270064539 ], [ 12.772788870753736, 59.05626099316023 ], [ 12.770775409247241, 59.041068715623368 ], [ 12.898772937820164, 58.814358151689618 ], [ 13.152384121811913, 58.754976172074805 ], [ 13.180535703485736, 58.755471971530696 ], [ 13.254571702611704, 58.725618222510825 ], [ 13.425616419650444, 58.745767940123237 ], [ 13.338150977590633, 58.813299848921361 ], [ 13.423320403614197, 58.957587520234739 ], [ 13.453775607323255, 58.977516021546457 ], [ 13.589987432832954, 59.05944364942895 ], [ 13.955236722361549, 59.032147731392016 ], [ 13.98835747064445, 59.030035122958424 ], [ 14.041060099299537, 59.028070087254008 ], [ 14.041043963696396, 59.030763554217991 ], [ 14.034831367282731, 59.035478041968609 ], [ 14.034245222444071, 59.039335472682005 ], [ 14.037580042771285, 59.042375508754532 ], [ 14.049720875069619, 59.044026625175356 ], [ 14.058433188522901, 59.044027673962788 ], [ 14.073500913572628, 59.050003395868387 ], [ 14.084912030976009, 59.048341691480339 ], [ 14.097125503389618, 59.048045385110349 ], [ 14.121455328399973, 59.05013270443682 ], [ 14.128890595959076, 59.049546740911971 ], [ 14.138335201263065, 59.052802172859543 ], [ 14.152346014792858, 59.051392449510196 ], [ 14.164332461973714, 59.046364126096094 ], [ 14.168400716276366, 59.043264077468649 ], [ 14.176315410927474, 59.041334673886041 ], [ 14.193300470502292, 59.04175365540258 ], [ 14.224121437019377, 59.044791183166801 ], [ 14.229434178051749, 59.032276976950968 ], [ 14.233073096429706, 59.028496334058119 ], [ 14.267089641751925, 59.016738979221358 ], [ 14.295989765697044, 59.012778412311306 ], [ 14.323309130004981, 59.061568198615149 ], [ 14.328320538746807, 59.067461319268176 ], [ 14.336393875823287, 59.073155535544579 ], [ 14.339630232572386, 59.08344087943658 ], [ 14.338720645793099, 59.096978793280208 ], [ 14.321112592671977, 59.107583815668306 ], [ 14.295945516534974, 59.125734829718894 ], [ 14.300355237534149, 59.135886631249001 ], [ 14.297304283030826, 59.146858578788986 ], [ 14.290920291452338, 59.153302484376965 ], [ 14.289458689011431, 59.157101190083566 ], [ 14.290893835886973, 59.176430175075105 ], [ 14.289788406775635, 59.182037657255627 ], [ 14.295690163012974, 59.198940547419348 ], [ 14.293596454993574, 59.207894411817108 ], [ 14.288490463800116, 59.215250905802989 ], [ 14.287964645743505, 59.228272132400043 ], [ 14.290001490571404, 59.232111617466032 ], [ 14.307388242270292, 59.24711804443443 ], [ 14.304866243618914, 59.255842633975611 ], [ 14.305372535658844, 59.265060013586222 ], [ 14.30846774566721, 59.275644928524152 ], [ 14.310558845385419, 59.278362392098693 ], [ 14.305485224621963, 59.28482208864213 ], [ 14.310824685222451, 59.294301504426365 ], [ 14.316776275221189, 59.299083173420023 ], [ 14.321921114343484, 59.313955633234201 ], [ 14.326600010830742, 59.317824502106021 ], [ 14.330194028265772, 59.32729214230153 ], [ 14.340084853496625, 59.333006035617835 ], [ 14.354242875704788, 59.330228747693667 ], [ 14.355384680490888, 59.335179315716317 ], [ 14.360804481504671, 59.34286176484067 ], [ 14.365334011911356, 59.362896655416108 ], [ 14.361644798799752, 59.367353750621461 ], [ 14.376129574064288, 59.368393214941058 ], [ 14.373645464685712, 59.375997109491195 ], [ 14.376905047939413, 59.382990673103365 ], [ 14.395390040658857, 59.39507844172519 ], [ 14.407980909310533, 59.412487114393244 ], [ 14.4159125278298, 59.412338409227885 ], [ 14.428841144254855, 59.420546396337471 ], [ 14.457731244962039, 59.435678987366863 ], [ 14.46451602837112, 59.437472561758121 ], [ 14.468939220143419, 59.440839630473874 ], [ 14.454718280810701, 59.449302757102991 ], [ 14.437051677643657, 59.462387692874856 ], [ 14.42266913595766, 59.481556006073312 ], [ 14.399010888766657, 59.500874684372846 ], [ 14.391023062096247, 59.513832972155328 ], [ 14.401675388254393, 59.519190704816708 ], [ 14.430931460115929, 59.537025696608779 ], [ 14.435996070165059, 59.542465326838006 ], [ 14.475900500674895, 59.528988955420211 ], [ 14.465345928372653, 59.579801178078618 ], [ 14.461028961809658, 59.598376009842958 ], [ 14.437172412474288, 59.638051362408255 ], [ 14.430841129284456, 59.659158216131459 ], [ 14.424931244728874, 59.665191745201192 ], [ 14.43520985129471, 59.683115069408395 ], [ 14.420180584971391, 59.702249476011367 ], [ 14.4085857153412, 59.723429739052698 ], [ 14.40825899241867, 59.730832531712174 ], [ 14.404990786412036, 59.734155228702122 ], [ 14.401088845587706, 59.741968686633108 ], [ 14.404442911436707, 59.756583623162108 ], [ 14.43494310034974, 59.770838040904628 ], [ 14.41655150355253, 59.814597309868581 ], [ 14.415306311439601, 59.822663610908606 ], [ 14.421487162421588, 59.84427393328037 ], [ 14.420334275775401, 59.880152289197383 ], [ 14.419646256533273, 59.885522325125059 ], [ 14.412810905709215, 59.891729688324276 ], [ 14.420472372358327, 59.897425634646503 ], [ 14.421608223841421, 59.903191861813397 ], [ 14.412528788316141, 59.906300987277682 ], [ 14.399427714303947, 59.912638779827361 ], [ 14.391654623692856, 59.91124944002604 ], [ 14.386400483670881, 59.907920792269934 ], [ 14.373906799562672, 59.909468848128128 ], [ 14.366689626740461, 59.911742241414572 ], [ 14.357581996401626, 59.91988799902073 ], [ 14.360545534314316, 59.925903786956525 ], [ 14.360209886552388, 59.93361596385985 ], [ 14.35375164377046, 59.936749831324263 ], [ 14.347692840823107, 59.936718880400662 ], [ 14.339483330948584, 59.942144308302666 ], [ 14.334633540994451, 59.947512500341482 ], [ 14.332577112357468, 59.952314776700163 ], [ 14.4569492584901, 59.972977069154709 ], [ 14.437148706744599, 60.026158801654077 ], [ 14.314397529039264, 60.061995029296028 ], [ 14.213053057939286, 60.095303374011081 ], [ 14.210529043216976, 60.100659292847396 ], [ 14.211704532778741, 60.112792714792285 ], [ 14.206352003353329, 60.120798642110721 ], [ 14.208726615935776, 60.127111369973001 ], [ 14.204495523475483, 60.130866579736534 ], [ 14.199548118912627, 60.138172445651357 ], [ 14.195061961822985, 60.151920403935641 ], [ 14.19749952616062, 60.161735165281812 ], [ 14.191922918588123, 60.16525821609747 ], [ 14.188620014635442, 60.170927430561719 ], [ 14.187946459584735, 60.180910810132559 ], [ 14.173896400100329, 60.191277763577318 ], [ 14.158184144448905, 60.207008971881322 ], [ 14.157182634066173, 60.21752678629484 ], [ 14.149728201004262, 60.230450865395881 ], [ 14.023074774271768, 60.228288369244588 ], [ 14.0231855073184, 60.242196011079322 ], [ 13.990714722234749, 60.248776210017738 ], [ 13.991413535152194, 60.251488016194301 ], [ 13.951222559049267, 60.251183763167006 ], [ 13.961392939783369, 60.242177301359327 ], [ 13.965875151270794, 60.236556689864869 ], [ 13.979796583135345, 60.225913065316028 ], [ 13.985297657322134, 60.218824551480509 ], [ 13.992340170391014, 60.215141480603663 ], [ 14.011702573413485, 60.190662696902102 ], [ 13.965617296967842, 60.174921329927592 ], [ 13.829008609383077, 60.254447014052481 ], [ 13.793593662572938, 60.28426954897801 ], [ 13.726429985301014, 60.35721505356085 ], [ 13.67038909211818, 60.40297812356782 ], [ 13.621753534324041, 60.414300832941812 ], [ 13.542916689995776, 60.422483537014116 ], [ 13.467748318098449, 60.459668204595594 ], [ 13.427831438537474, 60.516911882548087 ], [ 13.342447710275188, 60.589943462242246 ], [ 13.328404467098512, 60.602865211451302 ], [ 13.326233223410634, 60.606407626786286 ], [ 13.278907664766813, 60.64166296295253 ], [ 13.249346841837268, 60.68586336937414 ], [ 13.197243763272176, 60.68484034447966 ], [ 13.200060829932315, 60.688720485187716 ], [ 13.197617308458868, 60.699214862374362 ], [ 13.160266639084943, 60.75510772842005 ], [ 13.082439495290773, 60.805497965538734 ], [ 12.958414968402451, 60.863280605996522 ], [ 12.698363422742851, 60.99825527764262 ], [ 12.670178031538031, 61.0559767595499 ] ] ] } },
{ "type": "Feature", "properties": { "geo_point_2d": { "lon": 14.312080974215627, "lat": 63.257726481133389 }, "year": "2022", "geo_id": "23", "geo_name": "Jämtlands län", "geo_type": "county" }, "geometry": { "type": "Polygon", "coordinates": [ [ [ 14.325976900535141, 65.118910560654598 ], [ 14.226988660267528, 65.048682599311618 ], [ 14.129887988682777, 64.978557921029562 ], [ 14.077298857497855, 64.938935079383128 ], [ 14.015225386941728, 64.889802481880622 ], [ 13.977562779461817, 64.859659993599152 ], [ 13.931263931272714, 64.822121697882238 ], [ 13.873379517425015, 64.775709117065674 ], [ 13.794662632217934, 64.711582681901277 ], [ 13.70547204360455, 64.63995715259874 ], [ 13.654258118927673, 64.580339767066135 ], [ 13.750859488786695, 64.550225279513597 ], [ 13.891176237695156, 64.507133789613619 ], [ 14.085230956234374, 64.47824774829283 ], [ 14.113869758456699, 64.462483722273078 ], [ 14.129230291498869, 64.372416526530031 ], [ 14.144705607900578, 64.284282450599903 ], [ 14.15710964525894, 64.195053198229417 ], [ 14.070630689600291, 64.107961497047285 ], [ 14.012244920087467, 64.050252859260951 ], [ 13.967525144352498, 64.007968765945421 ], [ 13.888561622228453, 64.01984673195183 ], [ 13.715396814701965, 64.04629068011522 ], [ 13.537683754637063, 64.065523547471614 ], [ 13.378463175379748, 64.079664161266777 ], [ 13.298481287021927, 64.087363545974242 ], [ 13.211108537782884, 64.09536811332849 ], [ 13.084909824821304, 64.078677593002283 ], [ 12.926717809041259, 64.057950387810251 ], [ 12.834246150582716, 64.026278006362517 ], [ 12.683566484444457, 63.974222474388853 ], [ 12.651625762745461, 63.949458828386838 ], [ 12.538114532976222, 63.862302204944143 ], [ 12.480227895175684, 63.818758414891484 ], [ 12.440797234748578, 63.791254447999457 ], [ 12.330573562885084, 63.715070009688823 ], [ 12.29946064438219, 63.671978959577892 ], [ 12.227252378461051, 63.630878636929985 ], [ 12.149768584877473, 63.593946314522661 ], [ 12.1823903455264, 63.533918042466141 ], [ 12.212878733441359, 63.478591348457876 ], [ 12.140104169768623, 63.410707703410701 ], [ 12.084076246907735, 63.355578325057316 ], [ 12.033831901202669, 63.31625547009488 ], [ 11.974582837212598, 63.269227122223441 ], [ 11.998320158960677, 63.242582911671306 ], [ 12.024125083036402, 63.214607255093419 ], [ 12.072768424004211, 63.161041311703045 ], [ 12.14128896626498, 63.08630769771937 ], [ 12.218233096096084, 63.000331767790911 ], [ 12.170414273428825, 62.967410510389286 ], [ 12.074688637289738, 62.902543621971276 ], [ 12.10382922931035, 62.829545811061394 ], [ 12.136373841619843, 62.747915665971483 ], [ 12.073823224505729, 62.641810857002561 ], [ 12.056144348249122, 62.611918228606598 ], [ 12.105511387544597, 62.541077217016472 ], [ 12.141318698550798, 62.490815028694669 ], [ 12.165304636994147, 62.457645787793439 ], [ 12.18156096083003, 62.434148784645785 ], [ 12.262650084737398, 62.319731203304393 ], [ 12.299369422672095, 62.267493514969651 ], [ 12.609073362778217, 62.214338803410705 ], [ 12.806166125879843, 62.219903698137038 ], [ 12.905607992246274, 62.140731505375626 ], [ 12.951944197218273, 62.132985483905642 ], [ 13.004028483232263, 62.065864952844755 ], [ 13.038900030433393, 62.071317766645059 ], [ 13.04560439168419, 62.061359855512009 ], [ 13.115806870906482, 62.041942229308653 ], [ 13.158969108707273, 62.019702510729765 ], [ 13.220130061243779, 62.040676833061497 ], [ 13.286963329733457, 62.057919889312508 ], [ 13.29581405580802, 62.011405876179694 ], [ 13.393641300500599, 62.000681636812416 ], [ 13.248231111845541, 61.944929821121626 ], [ 13.20155767330156, 61.928971767375863 ], [ 13.262174786486218, 61.91251725448209 ], [ 13.381927720044692, 61.835200095773573 ], [ 13.410779889221731, 61.79935614528052 ], [ 13.49351032144501, 61.731640635466249 ], [ 13.497808900651401, 61.724531244820767 ], [ 13.498328753455143, 61.717582574338735 ], [ 13.510153079632047, 61.709979958095111 ], [ 13.504551934513369, 61.703929523390528 ], [ 13.49771770732313, 61.702674399357825 ], [ 13.496821249955836, 61.712731861773335 ], [ 13.489997937910196, 61.689190236396726 ], [ 13.558666962005976, 61.643410795379467 ], [ 13.598303884753902, 61.655771318597616 ], [ 13.756951699583775, 61.64112967703786 ], [ 13.819153391959548, 61.641885697510794 ], [ 13.899377694342531, 61.634365373912928 ], [ 13.979639713408584, 61.621350493363735 ], [ 14.203454893397558, 61.616626276110615 ], [ 14.286957479197261, 61.608397855718827 ], [ 14.333743859671724, 61.599921175154073 ], [ 14.395362835247346, 61.56364347110754 ], [ 14.44755229562594, 61.594947402309089 ], [ 14.498592078572139, 61.625416309355934 ], [ 14.51523869457038, 61.727449784825836 ], [ 14.520929919421697, 61.727072475487113 ], [ 14.521955336574951, 61.73425273910027 ], [ 14.516735301714185, 61.734643505888165 ], [ 14.524454436716045, 61.784299951430299 ], [ 14.531103355526781, 61.783931094633452 ], [ 14.672824178762843, 61.896812247423938 ], [ 14.685886140695736, 61.901666434018544 ], [ 14.688866794679042, 61.899231776116629 ], [ 14.699080679781945, 61.884543069684568 ], [ 14.70064401338408, 61.877178990435318 ], [ 14.706236176277386, 61.874307259311358 ], [ 14.7426176692047, 61.840940878142312 ], [ 14.747971297562829, 61.834835007641601 ], [ 14.763199481843435, 61.823554439404887 ], [ 14.762432306108607, 61.821139095159687 ], [ 14.786847619526785, 61.804428881679449 ], [ 14.803832604438602, 61.795490175375541 ], [ 14.824395159042288, 61.790990228547741 ], [ 14.828016310921548, 61.791123754667318 ], [ 14.856928749903222, 61.783465538393848 ], [ 14.843324126489273, 61.802162161197913 ], [ 14.806082384089596, 61.818722186326667 ], [ 14.759163811975485, 61.862906034617801 ], [ 14.805909213920627, 61.886114840392374 ], [ 14.864578858807693, 61.827032483216506 ], [ 14.865689876481101, 61.809334696760061 ], [ 14.929222255867293, 61.821600326865777 ], [ 14.923229462687249, 61.84195928869498 ], [ 14.905458202630653, 61.879461907553043 ], [ 14.910138390670944, 61.880641095226551 ], [ 14.929634219402526, 61.876997724180697 ], [ 15.046517278651486, 61.86638603088057 ], [ 15.046756692212385, 61.822165553621474 ], [ 15.091685506335153, 61.817426179463951 ], [ 15.109992272310821, 61.845113758906713 ], [ 15.090273704792532, 61.890238941295607 ], [ 15.085434640962475, 61.896270771878243 ], [ 15.116282359436539, 61.894750802154711 ], [ 15.112909982030187, 61.936191039847174 ], [ 15.141408299863011, 61.952546329498112 ], [ 15.110712530355821, 61.957446868541609 ], [ 15.109920034068812, 61.967134095148467 ], [ 15.092629872405917, 61.997258966271751 ], [ 15.239817239918926, 62.04881940992157 ], [ 15.264875685086775, 62.058610811486446 ], [ 15.343243234551244, 62.092077764648252 ], [ 15.417365598250219, 62.11134658325058 ], [ 15.430440990233055, 62.145973165908664 ], [ 15.401595100867725, 62.183649625428522 ], [ 15.400289672105306, 62.195086148170773 ], [ 15.355623566593597, 62.214975516040354 ], [ 15.34643880132745, 62.23123102617901 ], [ 15.327329515287065, 62.272082303839362 ], [ 15.286117212184084, 62.292329220162891 ], [ 15.152069583877646, 62.249096638725852 ], [ 14.940030264397151, 62.320277023802596 ], [ 14.912494133981516, 62.341440870732853 ], [ 14.894196970658321, 62.357940358726403 ], [ 14.864758637963677, 62.391393618302217 ], [ 14.87586840197301, 62.402235981608186 ], [ 14.800264004012794, 62.404276977161402 ], [ 14.796675718258083, 62.46480644860403 ], [ 14.813299221727693, 62.459815535846445 ], [ 14.83919066080391, 62.459997385075127 ], [ 14.848178141802249, 62.465577811041328 ], [ 14.846407660102034, 62.470617471306042 ], [ 14.839461549346485, 62.474401021671284 ], [ 14.842381040071107, 62.478261676683971 ], [ 14.840292726496971, 62.48888029954216 ], [ 14.831519438962681, 62.496186197537341 ], [ 14.829666843306601, 62.507228030465967 ], [ 14.817016613951154, 62.519530782658009 ], [ 14.803043574820199, 62.526811499529892 ], [ 14.802041692265149, 62.536234960490816 ], [ 14.808595868746542, 62.544016637564646 ], [ 14.805166884438318, 62.557945153349479 ], [ 14.809296655352759, 62.562501525340018 ], [ 14.80526979093028, 62.56905893957687 ], [ 14.780587481701357, 62.590523070892544 ], [ 14.965470924430754, 62.600252789433696 ], [ 15.098166150843443, 62.583490206821338 ], [ 15.127163299553091, 62.560287313315818 ], [ 15.244964062801229, 62.599767892513938 ], [ 15.517996485773708, 62.617356281757765 ], [ 15.635510846472791, 62.632281095826414 ], [ 15.965082501872228, 62.712891431364049 ], [ 16.112190752214737, 62.694946074349531 ], [ 16.130473535089479, 62.691540500176423 ], [ 16.245873939164792, 62.710274444024982 ], [ 16.369136025681268, 62.69563133377595 ], [ 16.420793622954232, 62.770719086272436 ], [ 16.494508014215295, 62.808061258657517 ], [ 16.537567502162499, 62.836645216281696 ], [ 16.67121962546199, 62.916774091589204 ], [ 16.671383828879101, 62.912331775049431 ], [ 16.679927449307055, 62.91180360895482 ], [ 16.694139447545965, 62.917843039193308 ], [ 16.695518957201369, 62.91985314800376 ], [ 16.708707162415649, 62.92117811158279 ], [ 16.711181155546399, 62.915240480822995 ], [ 16.720086980201941, 62.921912413052112 ], [ 16.787917614337776, 62.925494621747625 ], [ 16.871257198019311, 62.931153399090654 ], [ 16.914851768145542, 62.935860490021717 ], [ 16.999020564127598, 62.946480374430507 ], [ 16.895082896945393, 63.012263707581894 ], [ 16.70320904553186, 63.117750637154401 ], [ 16.675773142903264, 63.134609545685983 ], [ 16.597885552455516, 63.174362498663847 ], [ 16.274890895792019, 63.301082216060522 ], [ 16.287166728567144, 63.311403343266939 ], [ 16.250232016270783, 63.311926844388069 ], [ 16.195597695581615, 63.332810317777316 ], [ 16.202253396350262, 63.337771092843347 ], [ 16.145432843685192, 63.356559818634366 ], [ 16.139402055506618, 63.353344354251114 ], [ 16.096845698719051, 63.368509033334725 ], [ 16.131781054166449, 63.382491627838874 ], [ 16.140623136014252, 63.420625827703425 ], [ 16.056748254422043, 63.446095966874573 ], [ 16.046235963783591, 63.447190521665839 ], [ 16.018010751007925, 63.430010502848184 ], [ 15.966411002231251, 63.44373160522737 ], [ 15.999289405313387, 63.549997908872697 ], [ 15.93427604374949, 63.589067282564002 ], [ 15.862160274561282, 63.625032835610241 ], [ 15.847241706712555, 63.628375009853045 ], [ 15.844061595152919, 63.633354705223027 ], [ 15.791378140272601, 63.657705715344079 ], [ 15.897798533144281, 63.682589309860909 ], [ 15.908360784865303, 63.675208220305869 ], [ 15.903322214625808, 63.666904733224648 ], [ 15.905334063302655, 63.664669636309675 ], [ 15.934082426958824, 63.657026265445509 ], [ 15.952104472564399, 63.657112301605956 ], [ 15.960474115661411, 63.656381421896135 ], [ 15.975105245958632, 63.653265572064761 ], [ 15.97994581323621, 63.653394379112314 ], [ 16.086981722702575, 63.703928620042369 ], [ 16.230280216579867, 63.660176803534654 ], [ 16.270096086176054, 63.659695141218663 ], [ 16.319180463018025, 63.697610470632483 ], [ 16.333140253308464, 63.695227635628505 ], [ 16.340151279877098, 63.690433727874414 ], [ 16.348466924819039, 63.697054665670521 ], [ 16.515850925061105, 63.703271042301111 ], [ 16.613154277739518, 63.713515490551586 ], [ 16.598478363494412, 63.750109869369638 ], [ 16.574054618166663, 63.783175083619426 ], [ 16.563423167901263, 63.823107793249235 ], [ 16.579388340693583, 63.869843313139341 ], [ 16.696521206371582, 64.004212481126316 ], [ 16.718945539318376, 64.027873530757745 ], [ 16.409800844633519, 64.173499491940674 ], [ 16.219413697959411, 64.2633180779914 ], [ 16.164731604188745, 64.260995485542509 ], [ 16.145216583386581, 64.26776063981255 ], [ 16.125549680606127, 64.260413482344845 ], [ 16.109076402642462, 64.263139550418543 ], [ 16.04014006019996, 64.248407000280693 ], [ 16.018356379895529, 64.268407651920455 ], [ 16.023708180007336, 64.269678040509788 ], [ 16.023490914366814, 64.332953092880288 ], [ 15.855041166920648, 64.375659332637426 ], [ 15.868521140089934, 64.382372701465542 ], [ 15.753808580970642, 64.407178279991925 ], [ 15.740338023192283, 64.403136396696112 ], [ 15.704463428477911, 64.537815544839106 ], [ 15.636789051130851, 64.519822726194178 ], [ 15.646748212603335, 64.44755513969757 ], [ 15.578802487731863, 64.443617643400501 ], [ 15.580278301293374, 64.451011101714755 ], [ 15.578068120854478, 64.459811608605207 ], [ 15.568030317497952, 64.467473892997603 ], [ 15.56516861675118, 64.47617446444508 ], [ 15.557030904592787, 64.481663912584224 ], [ 15.552886216235203, 64.492187416617355 ], [ 15.557615704435632, 64.496267787165863 ], [ 15.544523746974678, 64.501653894337394 ], [ 15.539676601031587, 64.505748896247525 ], [ 15.54418732553698, 64.517763084133932 ], [ 15.531605125143731, 64.524759034065326 ], [ 15.52090139807107, 64.532300238566933 ], [ 15.466263482334039, 64.547854588252051 ], [ 15.449984632183508, 64.555705101277823 ], [ 15.440052732433481, 64.556958971732229 ], [ 15.438012559774515, 64.567910506105477 ], [ 15.430829941170055, 64.580876183233357 ], [ 15.426612262550652, 64.583995852830114 ], [ 15.417735890816397, 64.579411611264192 ], [ 15.371748218281144, 64.583530601655383 ], [ 15.340216801135108, 64.602280039648377 ], [ 15.324293519575706, 64.615647797731995 ], [ 15.314410105713879, 64.620633850731693 ], [ 15.30218234942938, 64.624732221962972 ], [ 15.26295137050276, 64.627481490378074 ], [ 15.250239539791163, 64.630178993101197 ], [ 15.239631755626254, 64.636148526915633 ], [ 15.242871003498948, 64.637022012892814 ], [ 15.269478604048958, 64.638923957520447 ], [ 15.341440806918341, 64.646818948478241 ], [ 15.33451732432343, 64.653954909348911 ], [ 15.334203382079204, 64.669615107422928 ], [ 15.322595594387339, 64.674726259994387 ], [ 15.301046880168542, 64.679112234901012 ], [ 15.285754221833582, 64.684647421534109 ], [ 15.2778108877527, 64.689095196116426 ], [ 15.266047439627254, 64.700013814777535 ], [ 15.240632602220563, 64.712431779087822 ], [ 15.226250368127783, 64.721991791831982 ], [ 15.197173994877303, 64.732154530724458 ], [ 15.185415643422353, 64.740609133498637 ], [ 15.167561556337237, 64.741860833249248 ], [ 15.137519030086162, 64.746859139799298 ], [ 15.134761012399297, 64.752219616344277 ], [ 15.100446401302031, 64.75270164162508 ], [ 15.062583950571955, 64.751628600559812 ], [ 15.059680880617659, 64.753125450847818 ], [ 15.036833155432726, 64.757915263342568 ], [ 15.029237892790727, 64.76451793233359 ], [ 15.032719853354825, 64.7711649270572 ], [ 15.027565328919014, 64.779358940564393 ], [ 15.035075766409696, 64.784636592654024 ], [ 15.035531008896186, 64.790976215052936 ], [ 15.025770551414089, 64.797634738646096 ], [ 15.025094241516939, 64.802829255613517 ], [ 14.975799046428021, 64.84600339548436 ], [ 14.934350554307892, 64.85738231307262 ], [ 14.881934868849969, 64.863972833790768 ], [ 14.862217409026945, 64.869885914849448 ], [ 14.855708299241401, 64.874984350941247 ], [ 14.838719434236497, 64.877996483784713 ], [ 14.846409030565129, 64.88249992453251 ], [ 14.844843747090893, 64.889531355839367 ], [ 14.842135089468812, 64.891693573884623 ], [ 14.811693587882067, 64.905119026444567 ], [ 14.802391306388031, 64.907509968860296 ], [ 14.789986341211501, 64.908237665657779 ], [ 14.774363824726709, 64.91316256439184 ], [ 14.779581227034447, 64.917979705860205 ], [ 14.775599526488856, 64.9307212729328 ], [ 14.779254496616977, 64.937913648432101 ], [ 14.768249334929074, 64.945811930791436 ], [ 14.756613962265119, 64.948695149483697 ], [ 14.754319444174138, 64.954325708810174 ], [ 14.730941548434384, 64.954526818238975 ], [ 14.712680901232321, 64.960789867029789 ], [ 14.710625638031919, 64.971189255994005 ], [ 14.703225044955857, 64.979010626555564 ], [ 14.704178371465714, 64.981067373931282 ], [ 14.701115937886366, 64.99014056538671 ], [ 14.617132420889956, 65.002031582084015 ], [ 14.325976900535141, 65.118910560654598 ] ] ] } },
{ "type": "Feature", "properties": { "geo_point_2d": { "lon": 14.571505312260298, "lat": 56.794245991880906 }, "year": "2022", "geo_id": "07", "geo_name": "Kronobergs län", "geo_type": "county" }, "geometry": { "type": "Polygon", "coordinates": [ [ [ 13.681200941821009, 56.972115126420732 ], [ 13.694052142105036, 56.963583997065797 ], [ 13.689759055996952, 56.946211318890789 ], [ 13.682566206112753, 56.9429275387754 ], [ 13.689547339381113, 56.936318110262569 ], [ 13.686920647544174, 56.932222526430422 ], [ 13.6885405392885, 56.92596228016513 ], [ 13.667904298645032, 56.92086816947505 ], [ 13.662645457527777, 56.912900418408974 ], [ 13.624402129356858, 56.907244170744178 ], [ 13.620249168310112, 56.908069842672859 ], [ 13.60730567840903, 56.898383974501819 ], [ 13.594116382606153, 56.892968107372482 ], [ 13.583210489302685, 56.890061709287089 ], [ 13.572145619407916, 56.889846326873659 ], [ 13.558630825891807, 56.893466469887535 ], [ 13.553424982985605, 56.892083657925347 ], [ 13.545250241921922, 56.887080730803376 ], [ 13.541589649268785, 56.886556288110725 ], [ 13.536820584804065, 56.89051200222108 ], [ 13.528233160673834, 56.890409580069885 ], [ 13.519192158585177, 56.886350280576977 ], [ 13.505436355890319, 56.878008499016033 ], [ 13.488471180155081, 56.872125322967086 ], [ 13.480195611219697, 56.872088221739318 ], [ 13.472115532224324, 56.870131853223462 ], [ 13.471367847795733, 56.875283117242219 ], [ 13.457352698671148, 56.879511804791662 ], [ 13.448289310598454, 56.879484729881931 ], [ 13.44086947945023, 56.877368121024993 ], [ 13.436734961459933, 56.871666301827311 ], [ 13.432769584630273, 56.869785380220655 ], [ 13.415892481486434, 56.870783951621242 ], [ 13.404423419264536, 56.870348259569937 ], [ 13.40086848904536, 56.868456226050895 ], [ 13.389855795657331, 56.86709372541943 ], [ 13.376167776906991, 56.863338043596123 ], [ 13.358504136707515, 56.857346935146658 ], [ 13.349454292563685, 56.863318273313503 ], [ 13.345124583120588, 56.872301707928372 ], [ 13.336118525569971, 56.872299037008204 ], [ 13.335872257983866, 56.864096812117182 ], [ 13.332943189934651, 56.860517320654779 ], [ 13.337832500130814, 56.855008453897355 ], [ 13.339843016377637, 56.849873759286922 ], [ 13.338576495157952, 56.844458669867109 ], [ 13.334967491344202, 56.843255349891379 ], [ 13.33745086200301, 56.83784258279897 ], [ 13.298662002791417, 56.823602838063124 ], [ 13.301255992953331, 56.815426018919894 ], [ 13.299964498115191, 56.810728631461942 ], [ 13.315012799664418, 56.793934422552169 ], [ 13.317543010705927, 56.786663355704754 ], [ 13.319440481144493, 56.753390192400119 ], [ 13.316301503898497, 56.728950526699123 ], [ 13.317828927142143, 56.718636410098611 ], [ 13.32500434500963, 56.708731380953537 ], [ 13.315382767667616, 56.702416973773964 ], [ 13.316654769021827, 56.700250396021211 ], [ 13.314916733626132, 56.687881073962629 ], [ 13.32817027875593, 56.687849107982181 ], [ 13.358297932768881, 56.669822182664035 ], [ 13.363675494068511, 56.665296799420375 ], [ 13.37627901465406, 56.644508541263477 ], [ 13.379035393067994, 56.636504090404294 ], [ 13.396541347299276, 56.616155346695209 ], [ 13.397304929875951, 56.608453273787489 ], [ 13.403661423006708, 56.595159342450955 ], [ 13.401994353168458, 56.593685257229765 ], [ 13.417564396425057, 56.578156403389698 ], [ 13.427174379273989, 56.573548001244646 ], [ 13.438912850258889, 56.571719402005442 ], [ 13.439247959592656, 56.554832340116292 ], [ 13.452480671135584, 56.54052597909434 ], [ 13.458933697203191, 56.528709026304206 ], [ 13.463564181516727, 56.51334486312922 ], [ 13.454243626862567, 56.49613144330096 ], [ 13.454030664218052, 56.4876694102621 ], [ 13.44914118276265, 56.46973531216608 ], [ 13.450822812773355, 56.465612330003488 ], [ 13.462906902392064, 56.451355123901266 ], [ 13.462962568480989, 56.444227714175597 ], [ 13.467374315742925, 56.431522855729384 ], [ 13.462638562713623, 56.428185900352268 ], [ 13.469841205102483, 56.426264545605576 ], [ 13.47265987057177, 56.421933632527868 ], [ 13.501708034906329, 56.40567763368287 ], [ 13.511671430344776, 56.411315402385242 ], [ 13.522785823670215, 56.411587941675243 ], [ 13.529776525846328, 56.409277468770227 ], [ 13.53131590348716, 56.406664591886056 ], [ 13.541285717519878, 56.404125129940482 ], [ 13.55142314926966, 56.405028571216725 ], [ 13.571205789334853, 56.410417417022089 ], [ 13.580357275328822, 56.409409702596356 ], [ 13.596820686259873, 56.415866666798138 ], [ 13.601168399625966, 56.41204530823903 ], [ 13.628253665296734, 56.418053138500468 ], [ 13.658587343441145, 56.420679688203208 ], [ 13.68394872401584, 56.424215415622982 ], [ 13.69616972051859, 56.424747306207983 ], [ 13.700581187836475, 56.427746254508484 ], [ 13.727618103147158, 56.433892973104307 ], [ 13.759502106155916, 56.444223439315444 ], [ 13.794464995704375, 56.448303044504321 ], [ 13.824317607670592, 56.442643741488709 ], [ 13.876690428256721, 56.437316155840378 ], [ 13.877535667080396, 56.440756170849561 ], [ 13.888524013105872, 56.448723394369267 ], [ 13.889730005685632, 56.45243387217986 ], [ 13.901452945121896, 56.456903543114869 ], [ 13.921742176652229, 56.458650491386024 ], [ 13.926396047681269, 56.457670116083015 ], [ 13.952830864153663, 56.467337595742045 ], [ 13.969967083357279, 56.467453053152568 ], [ 13.971146817798846, 56.468898699423875 ], [ 13.982232739145136, 56.46740933279473 ], [ 14.00377060795736, 56.467822759690847 ], [ 14.017822977636389, 56.470329984955704 ], [ 14.02596910301332, 56.468691039474365 ], [ 14.030086561760083, 56.475428352344395 ], [ 14.042127851489708, 56.48490566347099 ], [ 14.047983225748144, 56.494536835448152 ], [ 14.05526686990588, 56.499629365931348 ], [ 14.056793859466813, 56.510905576890501 ], [ 14.062950436230212, 56.516044616610209 ], [ 14.062936004275544, 56.527105944232424 ], [ 14.065768742981058, 56.528816339448902 ], [ 14.092708953374348, 56.532976760197506 ], [ 14.106164390447374, 56.529968463623213 ], [ 14.119175178612394, 56.524940700093232 ], [ 14.121007632031775, 56.521826344869858 ], [ 14.117729406109776, 56.517986912331899 ], [ 14.121420116073578, 56.510519030428917 ], [ 14.126574165803016, 56.506241509063869 ], [ 14.142207316046758, 56.507556723320761 ], [ 14.146990548530781, 56.506731493563869 ], [ 14.163256441451937, 56.501324984589019 ], [ 14.165658494717029, 56.49722501413256 ], [ 14.185610154424591, 56.493561851655002 ], [ 14.192276803006807, 56.496783376942631 ], [ 14.199589378757578, 56.496662628089666 ], [ 14.226548444177892, 56.49346959401344 ], [ 14.232346603955479, 56.491082171886255 ], [ 14.241531250806798, 56.494359865535088 ], [ 14.265713469039996, 56.50706610399164 ], [ 14.276786934606481, 56.504750914953362 ], [ 14.280776691287839, 56.497614526546684 ], [ 14.28641225776855, 56.498815325623497 ], [ 14.318751909563632, 56.493656132608542 ], [ 14.337758486088505, 56.486274798398988 ], [ 14.366836121160866, 56.481055584603325 ], [ 14.396593038718917, 56.47830727945076 ], [ 14.436337851020433, 56.469833400639253 ], [ 14.447683021013956, 56.47020955495627 ], [ 14.456491836947093, 56.473018075351781 ], [ 14.470636185153753, 56.464881048131694 ], [ 14.478394642517204, 56.463859544727875 ], [ 14.493793047369648, 56.464274784180475 ], [ 14.507327524824813, 56.460842488901967 ], [ 14.514671182654157, 56.460038918130692 ], [ 14.531926744353395, 56.454855303525484 ], [ 14.545400806111806, 56.452549936148948 ], [ 14.557305308282341, 56.449095668193337 ], [ 14.574972879994867, 56.445814335856724 ], [ 14.579818143300077, 56.443967227037184 ], [ 14.596882370363316, 56.443272463236838 ], [ 14.614524458116534, 56.438081223115461 ], [ 14.624165167908201, 56.421355727401988 ], [ 14.632360630366996, 56.418411293870633 ], [ 14.637627673442463, 56.412906013925429 ], [ 14.655961077845223, 56.403274161294377 ], [ 14.664162334610294, 56.401409970512461 ], [ 14.671137338270722, 56.393987994581813 ], [ 14.681376947738327, 56.38729135959683 ], [ 14.715412230251172, 56.383252936566436 ], [ 14.724342415377254, 56.382900065344558 ], [ 14.730778189908095, 56.384312233457258 ], [ 14.750337946108816, 56.380699197821791 ], [ 14.757536289865779, 56.383248110451596 ], [ 14.777402766477611, 56.382552330805005 ], [ 14.802823193514275, 56.373770378323805 ], [ 14.819033894455739, 56.371520484204439 ], [ 14.853451085250279, 56.363976072379934 ], [ 14.858298629602174, 56.359028647169232 ], [ 14.866423428626835, 56.359557533563986 ], [ 14.874002514934739, 56.361904985395995 ], [ 14.886489256912864, 56.362743694300683 ], [ 14.904343734589578, 56.361725286684788 ], [ 14.931251466775963, 56.383571711398794 ], [ 14.940071076250128, 56.386570467358069 ], [ 14.941960240732536, 56.39108319449678 ], [ 14.951207325941132, 56.393185998137206 ], [ 14.971003195476783, 56.409082705518919 ], [ 14.978463139283592, 56.431836797897049 ], [ 14.980829122005497, 56.434106793760186 ], [ 14.997166860848397, 56.444129422941863 ], [ 15.003998096392472, 56.446203468999826 ], [ 15.022952945955288, 56.450186357030312 ], [ 15.032449858296037, 56.450892549997036 ], [ 15.037917783675484, 56.447545188339788 ], [ 15.046736359687001, 56.439965642962221 ], [ 15.053229144134614, 56.440701232553629 ], [ 15.049530433419861, 56.451518748093648 ], [ 15.060619314368273, 56.452959930204337 ], [ 15.068347980440093, 56.451667955526482 ], [ 15.083358993171549, 56.452007751260666 ], [ 15.086137909874576, 56.454278105916828 ], [ 15.09342257815055, 56.455011687448696 ], [ 15.101580502876828, 56.453271061781756 ], [ 15.119795139080539, 56.454980703517329 ], [ 15.127907479492119, 56.454818736737536 ], [ 15.132459270839126, 56.451475697485634 ], [ 15.132571153980109, 56.446985855245842 ], [ 15.137907976565154, 56.444104902220353 ], [ 15.145380772091487, 56.436744665305987 ], [ 15.152320606749981, 56.434769701777348 ], [ 15.164515679562415, 56.433513176032598 ], [ 15.176812989195742, 56.427981072348267 ], [ 15.184112737396063, 56.427586799042217 ], [ 15.191387122662443, 56.428754646496614 ], [ 15.213135891021865, 56.439417502294113 ], [ 15.21887337598829, 56.45095372417542 ], [ 15.21588342243599, 56.454477987215888 ], [ 15.207493220269981, 56.457127559817145 ], [ 15.210560184162356, 56.459885948258943 ], [ 15.230777207294054, 56.462720454524096 ], [ 15.248600138088237, 56.464175852064244 ], [ 15.252995640841021, 56.467581267375884 ], [ 15.263888149814383, 56.470566044681867 ], [ 15.268844871031394, 56.466555225399041 ], [ 15.27475483011477, 56.465359280695168 ], [ 15.281859292875218, 56.459125404984796 ], [ 15.286762480511943, 56.456707736105805 ], [ 15.2962429277522, 56.455938780233012 ], [ 15.307326905081293, 56.458395149967508 ], [ 15.313248484547742, 56.457830572790193 ], [ 15.316540186322252, 56.455382870436189 ], [ 15.323068718318515, 56.456306533143774 ], [ 15.330175450774956, 56.463545531047082 ], [ 15.337833850769748, 56.466062318950414 ], [ 15.343819196269639, 56.471491161882575 ], [ 15.363504065238851, 56.482375680293423 ], [ 15.346494212140167, 56.483252356157479 ], [ 15.337258311629615, 56.489059774652418 ], [ 15.341664888112433, 56.493934897172991 ], [ 15.340660594467595, 56.498385557486174 ], [ 15.346001995506832, 56.505643889290965 ], [ 15.346702617983068, 56.512166453201964 ], [ 15.353302382115533, 56.515315955582466 ], [ 15.357027271307368, 56.525028579223516 ], [ 15.349962579872004, 56.53285192428244 ], [ 15.356807688126173, 56.536711592956344 ], [ 15.357951705481771, 56.540307968799546 ], [ 15.357290963495863, 56.553560965355842 ], [ 15.363940641016494, 56.555910777218521 ], [ 15.357154436351653, 56.56096946749765 ], [ 15.360300403098938, 56.567285162605039 ], [ 15.367218546341974, 56.566869729569071 ], [ 15.369809799017588, 56.555850694269033 ], [ 15.380081009573065, 56.55278802480229 ], [ 15.37877078081732, 56.557947360800554 ], [ 15.38107308443546, 56.56582224701615 ], [ 15.387492043695516, 56.570792322605818 ], [ 15.386949517961892, 56.578657456144931 ], [ 15.391337288279265, 56.583620450527199 ], [ 15.385681279828459, 56.589564531788064 ], [ 15.374915125951494, 56.591835668292724 ], [ 15.366969798553706, 56.602359992428809 ], [ 15.370997858302625, 56.604628256862974 ], [ 15.372134851449959, 56.609131464308788 ], [ 15.383513396730805, 56.610984706211774 ], [ 15.389460893263571, 56.619554206856215 ], [ 15.390997917582835, 56.624956613895513 ], [ 15.418053347055006, 56.639691078195959 ], [ 15.417610050787603, 56.644961220194006 ], [ 15.411650111237252, 56.645764176248377 ], [ 15.40604472295183, 56.650196097342402 ], [ 15.407610133160077, 56.653443049819806 ], [ 15.400334848557979, 56.655884672038226 ], [ 15.404213591004657, 56.661415735938348 ], [ 15.422422555982628, 56.670040497503223 ], [ 15.422348743880999, 56.674090438727958 ], [ 15.409592158653645, 56.680309797702037 ], [ 15.409519317411144, 56.684135216704298 ], [ 15.413050214962846, 56.692911263627032 ], [ 15.419492553212176, 56.698113096353651 ], [ 15.416848958433878, 56.709105803645251 ], [ 15.423774295555862, 56.710483277930962 ], [ 15.424549253776444, 56.712964232310654 ], [ 15.412617543203227, 56.717165835838195 ], [ 15.400773131684845, 56.717558920431046 ], [ 15.390048604845223, 56.722260694366121 ], [ 15.388782007460289, 56.72803979801288 ], [ 15.391088101392347, 56.733907169854497 ], [ 15.384769239348087, 56.743755333066446 ], [ 15.377428663710122, 56.750981902892981 ], [ 15.360794415328648, 56.757555545770991 ], [ 15.367910708269065, 56.781019307695423 ], [ 15.383667888217323, 56.782169271670284 ], [ 15.415623333559978, 56.780082240705958 ], [ 15.425807772917651, 56.782385714668287 ], [ 15.434051073624214, 56.779276483465551 ], [ 15.442643063373733, 56.778870766715841 ], [ 15.448292662451687, 56.783386203901131 ], [ 15.443595017856646, 56.795495936099542 ], [ 15.457905670191897, 56.796461670268997 ], [ 15.488197394423301, 56.796596439693324 ], [ 15.489434198669853, 56.795486043388024 ], [ 15.537199171674825, 56.80534166598364 ], [ 15.553332586066553, 56.823380607272803 ], [ 15.551890454387911, 56.838015278531522 ], [ 15.537250021424157, 56.859931967630345 ], [ 15.557285954868256, 56.87424284553471 ], [ 15.547003606518699, 56.890799107639616 ], [ 15.536224165088308, 56.893093132762623 ], [ 15.52749776044967, 56.90073394438452 ], [ 15.518986226771567, 56.900768543133594 ], [ 15.522065802266953, 56.914488079028679 ], [ 15.541594826808053, 56.927147851103463 ], [ 15.555129621876949, 56.929232181712024 ], [ 15.583577722641794, 56.920584485783294 ], [ 15.594620327901758, 56.924896100404261 ], [ 15.666747198438554, 56.902233142732136 ], [ 15.691674901007163, 56.913546323560432 ], [ 15.699880657989162, 56.914469537389763 ], [ 15.710573911589721, 56.912251139370944 ], [ 15.735627864196934, 56.910750193109614 ], [ 15.777056536974431, 56.91602002852364 ], [ 15.799287474451679, 56.909782172767549 ], [ 15.801716238880559, 56.915179245369508 ], [ 15.816019084583653, 56.927553334425774 ], [ 15.822589814463937, 56.931144625477259 ], [ 15.825039432160008, 56.935858757843278 ], [ 15.834080528493066, 56.944603529417854 ], [ 15.833260794370302, 56.9470731834882 ], [ 15.836946197857642, 56.972880577352079 ], [ 15.831186438652244, 56.990383625134186 ], [ 15.825431859978556, 56.996446045492874 ], [ 15.815561142945056, 57.001386073463891 ], [ 15.812254793787169, 57.008785663957219 ], [ 15.783608192706874, 57.022738398425325 ], [ 15.780243092902792, 57.031708566790748 ], [ 15.745894167281191, 57.048919954147912 ], [ 15.733747981827731, 57.056824691146751 ], [ 15.725542754762706, 57.065494117499732 ], [ 15.72508888219298, 57.069534713285655 ], [ 15.718982386912339, 57.07595561729746 ], [ 15.70093459368913, 57.075658880724681 ], [ 15.697364295788518, 57.07655829714929 ], [ 15.680064090100561, 57.084287088607475 ], [ 15.677929860200795, 57.088029466749255 ], [ 15.670923853857024, 57.094330361858731 ], [ 15.660669030406616, 57.096994818206987 ], [ 15.650334448315075, 57.10602496580988 ], [ 15.640068437268598, 57.11105388385198 ], [ 15.64207057444656, 57.117351280794693 ], [ 15.641139267605363, 57.126329742607858 ], [ 15.639049801462203, 57.128347407916046 ], [ 15.621692940157804, 57.128960620273169 ], [ 15.612807024220112, 57.130617452968423 ], [ 15.596147872372695, 57.13605927051443 ], [ 15.596319576433164, 57.142560837224231 ], [ 15.573107141720287, 57.148536224941921 ], [ 15.563642110023627, 57.145806419076052 ], [ 15.55120895817395, 57.147326263332133 ], [ 15.561720001479825, 57.164219956091557 ], [ 15.559041329976488, 57.179255593636277 ], [ 15.556002946778234, 57.188453677087516 ], [ 15.546120279273779, 57.185048275952077 ], [ 15.543190719575197, 57.187727074290322 ], [ 15.525322175705394, 57.19304021524232 ], [ 15.519445098164313, 57.200372240111108 ], [ 15.516529059135978, 57.201452082928199 ], [ 15.51030709006559, 57.200835938836434 ], [ 15.500338435701561, 57.203936953376143 ], [ 15.482835374611273, 57.211265345506206 ], [ 15.467913174824584, 57.212546040769944 ], [ 15.464154505833745, 57.214547281771985 ], [ 15.445474718529848, 57.217377469283683 ], [ 15.441416648027623, 57.21264247431067 ], [ 15.436456538787372, 57.21217001193191 ], [ 15.431833983335922, 57.21596366759826 ], [ 15.424732383972458, 57.219291696625561 ], [ 15.411900164333492, 57.219674103965225 ], [ 15.403133278855798, 57.223678122196787 ], [ 15.395645254891216, 57.225656324316873 ], [ 15.376137301572884, 57.227575542638313 ], [ 15.351332370590386, 57.225189382949992 ], [ 15.335552455617616, 57.228013709727932 ], [ 15.325685500243063, 57.224142043566708 ], [ 15.318644425447948, 57.224545938191241 ], [ 15.315883621891269, 57.218015951705851 ], [ 15.310828153815761, 57.22225247541671 ], [ 15.301252803552936, 57.223992324545208 ], [ 15.281170935230417, 57.223775289595785 ], [ 15.278907930630147, 57.221251497158583 ], [ 15.265520627560615, 57.220381924674385 ], [ 15.252077645672793, 57.225751561428325 ], [ 15.241273588387903, 57.220710724011028 ], [ 15.233635403071888, 57.229853389910602 ], [ 15.219834956268818, 57.21784670905074 ], [ 15.213278150786261, 57.214888534315612 ], [ 15.210143602835704, 57.210927103028752 ], [ 15.198426885809319, 57.20791211671056 ], [ 15.193627558263399, 57.20881819771224 ], [ 15.182827946247608, 57.21384760230773 ], [ 15.178028295080004, 57.220791973967223 ], [ 15.181561700282161, 57.224998647504073 ], [ 15.166962932338443, 57.229612624194374 ], [ 15.160025984621623, 57.224844811786994 ], [ 15.157117429897362, 57.225494310549564 ], [ 15.154073993690064, 57.230848448562519 ], [ 15.132339704363037, 57.238788588445964 ], [ 15.127524706653702, 57.233141337618328 ], [ 15.121804748752433, 57.22994942004312 ], [ 15.138972030126929, 57.223805332308309 ], [ 15.141268643541787, 57.219570076044612 ], [ 15.150597227391842, 57.211460982766482 ], [ 15.149856621328865, 57.206567623764975 ], [ 15.152710004713889, 57.203228551678038 ], [ 15.155452881240517, 57.185215838846318 ], [ 15.153883712913943, 57.180533705031579 ], [ 15.146624795007542, 57.175538896728909 ], [ 15.140142255097473, 57.178265969307965 ], [ 15.12965712678715, 57.185743975757838 ], [ 15.12696063818537, 57.19052015727604 ], [ 15.121969409231099, 57.191543694359972 ], [ 15.112894503169111, 57.190353469568905 ], [ 15.105844905894966, 57.191418857367964 ], [ 15.100364178991882, 57.19519561644244 ], [ 15.0808358465066, 57.195641061872301 ], [ 15.074912078541193, 57.187354197912718 ], [ 15.067505228163595, 57.186403868507973 ], [ 15.064713554413604, 57.182112982859842 ], [ 15.04426746216652, 57.173630240526016 ], [ 15.042761198236938, 57.168906628225727 ], [ 15.037534743550365, 57.163468798655742 ], [ 15.025459535280529, 57.166285796408083 ], [ 15.011849396889838, 57.165050951512896 ], [ 15.009579502867888, 57.157619109195039 ], [ 14.997510633208472, 57.146505493419866 ], [ 14.999283241764816, 57.142484887436481 ], [ 14.977583925594022, 57.135554526093998 ], [ 14.963161080196045, 57.134308972866172 ], [ 14.949893717915501, 57.135988168160914 ], [ 14.912366238698668, 57.134074022407603 ], [ 14.904490482123151, 57.134673199963451 ], [ 14.89236313207047, 57.152303180627328 ], [ 14.890010033311158, 57.161266110275541 ], [ 14.89200342700191, 57.163534650471689 ], [ 14.884439526442579, 57.167277893954157 ], [ 14.884774512895957, 57.169758855309261 ], [ 14.890750500162055, 57.176780104355089 ], [ 14.878396347465292, 57.188121009983774 ], [ 14.875267206977568, 57.194823914872394 ], [ 14.870203963129994, 57.198144809548168 ], [ 14.859390555507364, 57.199841783366942 ], [ 14.850270973291382, 57.199979221792425 ], [ 14.836549746669403, 57.202092086399965 ], [ 14.825003810246876, 57.213209550786786 ], [ 14.809426563342219, 57.220693016800055 ], [ 14.790541234510217, 57.224358264671508 ], [ 14.773676749141666, 57.224597936036858 ], [ 14.765298643803062, 57.226980357655883 ], [ 14.749561558240782, 57.227262058536681 ], [ 14.738440956235333, 57.225345048465947 ], [ 14.717765207666826, 57.224682651709593 ], [ 14.71297276442038, 57.219908471347864 ], [ 14.681504528933967, 57.209006984546697 ], [ 14.656359786169279, 57.206031288897222 ], [ 14.654827117143499, 57.202640657059952 ], [ 14.630741425908315, 57.205066676352232 ], [ 14.617979635963593, 57.203123557231685 ], [ 14.606747562003278, 57.20456138275452 ], [ 14.611655330828851, 57.185300377590664 ], [ 14.610586434163912, 57.181015531572243 ], [ 14.598291408128066, 57.177911826825216 ], [ 14.585165007275444, 57.185665133988316 ], [ 14.575085549835771, 57.189365405422102 ], [ 14.567200436149724, 57.18971888969044 ], [ 14.554517039255515, 57.186198457286316 ], [ 14.550113803427774, 57.17266579780663 ], [ 14.543947228655377, 57.171687913467252 ], [ 14.538186380152428, 57.161284295893417 ], [ 14.53147006649893, 57.160075715802748 ], [ 14.513198589433719, 57.160261453264091 ], [ 14.510097465269377, 57.163040363616908 ], [ 14.499806311519375, 57.159462657050462 ], [ 14.495527231380674, 57.153347152915451 ], [ 14.487729510496333, 57.151900395991198 ], [ 14.485139644329326, 57.154558356161921 ], [ 14.485643653060345, 57.158847405657092 ], [ 14.476775727339319, 57.156921713996034 ], [ 14.459365712704287, 57.15804720471732 ], [ 14.460041326354528, 57.163559582368073 ], [ 14.448955944319589, 57.16233105030549 ], [ 14.441653448638078, 57.150576987162637 ], [ 14.432908420839752, 57.152470783534383 ], [ 14.424202156425002, 57.145159186199209 ], [ 14.419775556362449, 57.151589917627525 ], [ 14.413189489792421, 57.154974533115549 ], [ 14.409582698792988, 57.152455756610365 ], [ 14.395973934769092, 57.151827543449443 ], [ 14.383914663461494, 57.153460611792617 ], [ 14.37587145183017, 57.148636302864602 ], [ 14.36829357340013, 57.151459444406157 ], [ 14.353587242556706, 57.147661771509597 ], [ 14.347955535982628, 57.144659698325974 ], [ 14.359295856546977, 57.131786793975607 ], [ 14.359825109963118, 57.120333348936029 ], [ 14.350407145615616, 57.118410226021261 ], [ 14.3432554671642, 57.113149513399406 ], [ 14.337049692837757, 57.112605452025505 ], [ 14.346463246365582, 57.105773179995374 ], [ 14.344936121525022, 57.103061127210758 ], [ 14.348058941917436, 57.09970720436133 ], [ 14.357636459105915, 57.096041786865207 ], [ 14.359262849126825, 57.087753256171723 ], [ 14.355666205391927, 57.085232951927587 ], [ 14.362519526770635, 57.079932536215679 ], [ 14.356563961375034, 57.074906319611159 ], [ 14.359428771074043, 57.057651167410469 ], [ 14.337629495075605, 57.056220988291358 ], [ 14.334116408008649, 57.043372867849207 ], [ 14.330552416678049, 57.040178590719833 ], [ 14.331139706293968, 57.036584131631123 ], [ 14.32929438292215, 57.023306396117043 ], [ 14.333331214126106, 57.016169141237206 ], [ 14.347569740521099, 57.011198713429238 ], [ 14.350860279768, 57.011245993475704 ], [ 14.349536548868578, 57.00426132999354 ], [ 14.367864049283908, 57.007657049292874 ], [ 14.374525483258411, 57.004091637612333 ], [ 14.378716538674196, 56.999680452353168 ], [ 14.36872016397299, 56.993090735611304 ], [ 14.366914859301147, 56.989028529604191 ], [ 14.366773499814647, 56.981289757323545 ], [ 14.376898294856609, 56.980575093156688 ], [ 14.380596121092811, 56.973230399446521 ], [ 14.39122710825256, 56.96685334312393 ], [ 14.395977688086282, 56.962914941904295 ], [ 14.390125732855228, 56.958829822268044 ], [ 14.386418015397508, 56.953879652542113 ], [ 14.385953469673957, 56.945674697073599 ], [ 14.37738289985338, 56.939734884628407 ], [ 14.377308479535177, 56.934592370224422 ], [ 14.3748589271511, 56.930778832806297 ], [ 14.368571937807513, 56.929759186839071 ], [ 14.359999000751491, 56.920382820674753 ], [ 14.344720618214682, 56.912975302580847 ], [ 14.331576393711062, 56.895720730449931 ], [ 14.325814537794708, 56.891040751070747 ], [ 14.327555629453371, 56.88788202333901 ], [ 14.323802467212289, 56.881923408039633 ], [ 14.316759657757538, 56.883802038556887 ], [ 14.298977239830649, 56.878972386149115 ], [ 14.291700109189378, 56.879427734044555 ], [ 14.257327961377733, 56.885903937558076 ], [ 14.2352279230718, 56.901533959990957 ], [ 14.227429909421264, 56.909734457819447 ], [ 14.224485377875533, 56.91103544579456 ], [ 14.218156462066093, 56.930938689435614 ], [ 14.219603077380263, 56.934783106312651 ], [ 14.209025340298489, 56.945681998785503 ], [ 14.216982827521875, 56.954284204028781 ], [ 14.19175342003318, 56.957284146071451 ], [ 14.187324681746768, 56.963504868692624 ], [ 14.18848861469559, 56.965100643720973 ], [ 14.179915935853177, 56.987882920603965 ], [ 14.162154492533659, 56.997054285168012 ], [ 14.155476726088825, 56.999010902087242 ], [ 14.153811410364741, 57.007207267327431 ], [ 14.158231536073927, 57.013493682747146 ], [ 14.152312562867222, 57.029734384428735 ], [ 14.145477178404239, 57.026525991158294 ], [ 14.13143370865501, 57.02225286209395 ], [ 14.110030029654151, 57.022162285345722 ], [ 14.103114120061301, 57.020712188323415 ], [ 14.095260560013141, 57.021045195861127 ], [ 14.096820800220598, 57.031179604603352 ], [ 14.100755164156, 57.034825819481142 ], [ 14.093545813235933, 57.038993592778731 ], [ 14.085985836054594, 57.041799951637188 ], [ 14.071796521163368, 57.045403390744568 ], [ 14.047269941802009, 57.049740659960705 ], [ 14.026171060760104, 57.051211925215966 ], [ 14.017134885358457, 57.050625101926606 ], [ 14.0057451017113, 57.040106112502841 ], [ 13.990669261921767, 57.029308067822463 ], [ 13.977757772625694, 57.039664637768588 ], [ 13.974420816688983, 57.040514027805337 ], [ 13.92460982694174, 57.039928123835253 ], [ 13.924003679113305, 57.028458282971805 ], [ 13.910150647747717, 57.018126735049371 ], [ 13.885534852820181, 57.016817322986768 ], [ 13.875340845702899, 57.018236802060265 ], [ 13.867688156757103, 57.012024292562813 ], [ 13.858924408039295, 56.999520106193323 ], [ 13.84252815655578, 56.998338734015043 ], [ 13.842310730003451, 57.002152659420574 ], [ 13.83553835488957, 57.005405464064928 ], [ 13.822249544315008, 57.007656567942881 ], [ 13.802553884192031, 57.02798353400663 ], [ 13.794459219450358, 57.025374668254024 ], [ 13.77928799507777, 57.024204780641014 ], [ 13.761501249844679, 57.025693962778625 ], [ 13.755141391454778, 57.028724689764552 ], [ 13.759675033040658, 57.035544468065488 ], [ 13.746371523912098, 57.037778427252803 ], [ 13.733303910938242, 57.035748354197167 ], [ 13.712215399023307, 57.016723312555598 ], [ 13.710441413111351, 57.005232237087078 ], [ 13.694093018114451, 56.989876033345112 ], [ 13.692618182891351, 56.987156421444077 ], [ 13.692402009234197, 56.977038645077641 ], [ 13.681200941821009, 56.972115126420732 ] ] ] } },
{ "type": "Feature", "properties": { "geo_point_2d": { "lon": 16.843081889497956, "lat": 58.992079069946463 }, "year": "2022", "geo_id": "04", "geo_name": "Södermanlands län", "geo_type": "county" }, "geometry": { "type": "Polygon", "coordinates": [ [ [ 16.964902291873123, 59.521322366398671 ], [ 16.948312883388024, 59.492085979066545 ], [ 16.933522528049178, 59.485283961298812 ], [ 16.918769260418063, 59.483183992664785 ], [ 16.907401260349562, 59.479850976456426 ], [ 16.885448004827886, 59.480366197864633 ], [ 16.834920490436797, 59.498754511451125 ], [ 16.757826493092281, 59.502228738184293 ], [ 16.72317942590962, 59.489756005852591 ], [ 16.715604022894421, 59.488327728414539 ], [ 16.702737227477662, 59.487671492671851 ], [ 16.666455517187316, 59.492089431880373 ], [ 16.649619165190835, 59.485870457344113 ], [ 16.62335460594181, 59.483550662150776 ], [ 16.608072732073961, 59.481356200976776 ], [ 16.462062173485229, 59.465608238958232 ], [ 16.42202036331129, 59.460551694464996 ], [ 16.403501245411121, 59.460431174914959 ], [ 16.388004084004784, 59.466829565653924 ], [ 16.371728454748162, 59.467107451502891 ], [ 16.36135101124129, 59.463516421237891 ], [ 16.328018728490481, 59.454425846680401 ], [ 16.315564673652268, 59.452859208059429 ], [ 16.302146660583293, 59.45762348561955 ], [ 16.273645781390226, 59.453419803885268 ], [ 16.254993472571964, 59.452210519156232 ], [ 16.249270096660201, 59.439232053260547 ], [ 16.246870042101175, 59.41729254730636 ], [ 16.249825305405103, 59.411627313284953 ], [ 16.255242632853662, 59.411142016003012 ], [ 16.261261601551379, 59.406947072067496 ], [ 16.267341255037024, 59.40732969098476 ], [ 16.287708281978936, 59.400793029090636 ], [ 16.289674420767518, 59.399169980765834 ], [ 16.300891178875837, 59.397148618295489 ], [ 16.287238989930135, 59.395004858120657 ], [ 16.28140357660698, 59.393069326390879 ], [ 16.274329597803522, 59.388050034832844 ], [ 16.272940577572708, 59.372767831285849 ], [ 16.269125940074659, 59.363894561685534 ], [ 16.266856945941313, 59.36255609535884 ], [ 16.237153754425965, 59.359497819134383 ], [ 16.222794017348505, 59.361357740160308 ], [ 16.203240908097147, 59.35832177904598 ], [ 16.193165235899983, 59.353576500527311 ], [ 16.185238248769686, 59.352118630117552 ], [ 16.174955739532017, 59.352210939664175 ], [ 16.167284929733327, 59.349943365474523 ], [ 16.145772181275053, 59.346634921958852 ], [ 16.116409067286707, 59.3511514658246 ], [ 16.094138044181364, 59.351202521999355 ], [ 16.073584694875976, 59.352862050947984 ], [ 16.066746538076622, 59.35516491089156 ], [ 16.06216409503444, 59.360631719290794 ], [ 16.048088607753144, 59.364294062288927 ], [ 16.03611107306029, 59.369163046020788 ], [ 15.993455544679952, 59.358459389458687 ], [ 15.974962360277011, 59.351949705661937 ], [ 15.964801780949866, 59.351899615430895 ], [ 15.953716629804848, 59.34941714304442 ], [ 15.93918482148316, 59.341560342747663 ], [ 15.938092082391805, 59.331660318387144 ], [ 15.942415811811346, 59.323379493126694 ], [ 15.91183090809103, 59.315598237537877 ], [ 15.908883478354406, 59.298966983732569 ], [ 15.902679779981668, 59.296081256486367 ], [ 15.888348106965879, 59.298712241387214 ], [ 15.880720961998016, 59.302154857063677 ], [ 15.876874955515536, 59.292731576165096 ], [ 15.878692607398715, 59.281016107002976 ], [ 15.872644346720094, 59.282904412164058 ], [ 15.865162405290024, 59.288024674734253 ], [ 15.865274277049712, 59.281696121392052 ], [ 15.893561330316254, 59.230378685211612 ], [ 15.761586946389821, 59.197949485932789 ], [ 15.768952549638191, 59.183337684226757 ], [ 15.797779387211008, 59.137659943167677 ], [ 15.789702576109512, 59.137291110324789 ], [ 15.787347495374355, 59.131635397066169 ], [ 15.795209647509605, 59.123153208779364 ], [ 15.790495728445169, 59.121940844686719 ], [ 15.789714104697962, 59.113457632220459 ], [ 15.793612500824477, 59.109885291067329 ], [ 15.779509086910506, 59.104703501688086 ], [ 15.769298395422355, 59.106047519381569 ], [ 15.761044922331807, 59.104904851347214 ], [ 15.741147604021032, 59.10610826216783 ], [ 15.725060179150208, 59.104546198218436 ], [ 15.720615050166815, 59.102523546537739 ], [ 15.705960695727915, 59.101103680573253 ], [ 15.697725660862714, 59.095172318004138 ], [ 15.705732281952434, 59.089720826479827 ], [ 15.714495108613457, 59.087510032227286 ], [ 15.715812203034096, 59.084144624290822 ], [ 15.710997766922016, 59.078081768312799 ], [ 15.702632951659167, 59.076253045549429 ], [ 15.695712427056772, 59.070187923873988 ], [ 15.685667798483797, 59.065941860321956 ], [ 15.672599856333274, 59.064376048136232 ], [ 15.640226640647256, 59.054239587974187 ], [ 15.642861640524435, 59.049799348598178 ], [ 15.636340016685816, 59.047304345474281 ], [ 15.638566791687506, 59.04440769108416 ], [ 15.633252384045397, 59.037667982085047 ], [ 15.633806246974293, 59.031411770822395 ], [ 15.629129964561177, 59.026423241096154 ], [ 15.617393149934548, 59.023444258855811 ], [ 15.621616784162129, 59.015029922816609 ], [ 15.629326903851341, 59.01180895808892 ], [ 15.635474722669684, 59.011009281926846 ], [ 15.644603058000705, 59.012906157473822 ], [ 15.655171788704349, 59.012048147159177 ], [ 15.656224587564022, 59.010092382204618 ], [ 15.654058597947342, 59.000062538460604 ], [ 15.650424363452803, 58.995749248704541 ], [ 15.664955050546096, 58.981896403596217 ], [ 15.686744111582898, 58.981918347220549 ], [ 15.687246754425946, 58.987439686648223 ], [ 15.702508715558332, 58.98449039951862 ], [ 15.720495178315799, 58.98975512420364 ], [ 15.72729128177812, 58.984238575907334 ], [ 15.725615409769077, 58.979524594821044 ], [ 15.733576063872745, 58.972796532325297 ], [ 15.740123288999227, 58.958257220899917 ], [ 15.741959857429764, 58.951857499508193 ], [ 15.764626982039378, 58.957253016116823 ], [ 15.762412126706156, 58.963518272591777 ], [ 15.766840504566025, 58.96667961528464 ], [ 15.771656219611547, 58.965738407222965 ], [ 15.780778485779734, 58.96978019875047 ], [ 15.782072332740706, 58.983919272069357 ], [ 15.806332204735908, 59.002441111258577 ], [ 15.806471478064488, 59.016508053244458 ], [ 15.81404424136497, 59.019739529288856 ], [ 15.842363026979276, 59.014887172393294 ], [ 15.870672767434019, 59.000135976942872 ], [ 15.867264417920953, 58.991313222478837 ], [ 15.877439112353295, 58.990841233049977 ], [ 15.883032800644266, 58.987606310252339 ], [ 15.882891023572087, 58.978584480267479 ], [ 15.891874704471666, 58.976217893946121 ], [ 15.910610795015396, 58.962469261692924 ], [ 15.927949381017898, 58.960640763644086 ], [ 15.967109974753862, 58.946997762066161 ], [ 15.993896204688026, 58.937131768120345 ], [ 16.027854411571287, 58.92986945112073 ], [ 16.054522364184987, 58.927127887454319 ], [ 16.064788746160126, 58.923202728578232 ], [ 16.076745991484394, 58.920485128913498 ], [ 16.086702373416951, 58.91312958307752 ], [ 16.093934827347912, 58.906308996943686 ], [ 16.102656050710955, 58.891342271632908 ], [ 16.102349855219654, 58.885956647317279 ], [ 16.110811145208658, 58.885802335548696 ], [ 16.131407757197398, 58.877879135602655 ], [ 16.144380311113164, 58.874748709923871 ], [ 16.150838895242888, 58.870485412899157 ], [ 16.161325876249865, 58.865411802444214 ], [ 16.176991573704612, 58.860385424454002 ], [ 16.181638126491539, 58.857409505742417 ], [ 16.179666321344897, 58.854515549537247 ], [ 16.186885315296355, 58.849242760754272 ], [ 16.189899173690872, 58.83980766961713 ], [ 16.202971880431313, 58.836536344004628 ], [ 16.211800858206644, 58.836311427515689 ], [ 16.221693601394055, 58.838165225633709 ], [ 16.263177129541933, 58.832162928063248 ], [ 16.287958898096097, 58.802519266899495 ], [ 16.297720386867304, 58.795480069793896 ], [ 16.309717548192445, 58.790244864732642 ], [ 16.307960672386187, 58.785942521039004 ], [ 16.296537114765073, 58.775348137327647 ], [ 16.303836281532554, 58.769601545019981 ], [ 16.315438246732509, 58.773461480164841 ], [ 16.326533072820276, 58.779073027766323 ], [ 16.339137095625208, 58.772351310674907 ], [ 16.340661650282549, 58.770325063451551 ], [ 16.368906335119494, 58.753372092233931 ], [ 16.371956085927348, 58.741176206088561 ], [ 16.372619871754932, 58.726764286112598 ], [ 16.37738627940449, 58.708967597220393 ], [ 16.38709791117747, 58.701580487820713 ], [ 16.399509064006129, 58.701057105019238 ], [ 16.406804392016809, 58.70398592915533 ], [ 16.418431520546857, 58.702988561630988 ], [ 16.427509894314984, 58.697423840021827 ], [ 16.463893380260572, 58.698724578826429 ], [ 16.478859411890838, 58.696627323903002 ], [ 16.519895484994258, 58.698489381858877 ], [ 16.543883822507901, 58.700715426463034 ], [ 16.554804216574407, 58.697555106947917 ], [ 16.584702113314727, 58.697844766234105 ], [ 16.61022121885847, 58.693719833669903 ], [ 16.617408871118013, 58.691313598995784 ], [ 16.625149191179908, 58.690456618119235 ], [ 16.632236597427283, 58.683884458276268 ], [ 16.642549169971012, 58.677488500043516 ], [ 16.648989442045949, 58.681486568780727 ], [ 16.6877726185648, 58.676378864481613 ], [ 16.692533237108034, 58.675134163663436 ], [ 16.709477434267107, 58.665787074654354 ], [ 16.71187534987881, 58.658569881681913 ], [ 16.717631112628318, 58.655970532374809 ], [ 16.733958898857864, 58.643464213174219 ], [ 16.754730559579194, 58.632736637373455 ], [ 16.747641539740307, 58.628416368900361 ], [ 16.8275480548986, 58.594048871112754 ], [ 16.890044247323992, 58.600675027130848 ], [ 16.91852719588622, 58.595718187458274 ], [ 16.942670829131995, 58.584463662121735 ], [ 16.972724583861957, 58.580827560596155 ], [ 17.016880024733339, 58.589981393147553 ], [ 17.069512309668202, 58.590283077942956 ], [ 17.130933078526127, 58.550068814259561 ], [ 17.146501258492851, 58.532668124406101 ], [ 17.148969890448015, 58.502756406258527 ], [ 17.569278368855176, 58.398981152147172 ], [ 17.565916438651119, 58.397984186073771 ], [ 17.569224784448998, 58.398772316642678 ], [ 17.812234961115635, 58.456332067479273 ], [ 17.950917399325888, 58.488860195756011 ], [ 17.859432854803387, 58.596970625416319 ], [ 17.794137446122672, 58.670918956917028 ], [ 17.785945520296117, 58.77724998313839 ], [ 17.747395613940881, 58.790766703494747 ], [ 17.72660897093678, 58.797139051081579 ], [ 17.718139023595736, 58.815520346181316 ], [ 17.669405840758621, 58.826739006851767 ], [ 17.652436994488873, 58.859308581842662 ], [ 17.663626658517604, 58.866619014391723 ], [ 17.6544862811527, 58.87563966905153 ], [ 17.656859930367773, 58.893456630373379 ], [ 17.638688916174637, 58.899237779173973 ], [ 17.632157119160286, 58.903703105567438 ], [ 17.636012291610445, 58.907689273991259 ], [ 17.627989906375809, 58.920804499591142 ], [ 17.623132701693628, 58.932456012665185 ], [ 17.625770575705392, 58.93571430562131 ], [ 17.598076560699386, 58.944316789642443 ], [ 17.588961397291236, 58.944442716107027 ], [ 17.570452638882813, 58.95183477306086 ], [ 17.559626624829448, 58.951847242934718 ], [ 17.554882700088012, 58.958376332179341 ], [ 17.54500979967511, 58.969418820538856 ], [ 17.54980366475089, 58.974140143272109 ], [ 17.554918430154718, 58.982421615481947 ], [ 17.54104573258553, 58.98153076449352 ], [ 17.516350346412853, 58.983340816715241 ], [ 17.510930547103971, 58.981724262536929 ], [ 17.499253788228611, 58.9858551120778 ], [ 17.491457279392041, 58.986495549801369 ], [ 17.480371477427852, 58.989261165979521 ], [ 17.473648963373893, 58.98766886154187 ], [ 17.450670621043066, 58.992811237452628 ], [ 17.446494208095423, 58.990233434864159 ], [ 17.443792274984347, 58.98535625975169 ], [ 17.438640347237005, 58.981246198516949 ], [ 17.429859077926544, 58.98054853156718 ], [ 17.410031156319086, 58.983148063944974 ], [ 17.395115818276544, 58.982191667870218 ], [ 17.382863115256804, 58.985439063619715 ], [ 17.374099237927279, 58.98473740117565 ], [ 17.363285050124659, 59.002573621893731 ], [ 17.346767633167861, 59.0212219537053 ], [ 17.344219451527106, 59.025768407711297 ], [ 17.346315455056178, 59.02863458722419 ], [ 17.335101287140663, 59.032206122975687 ], [ 17.33186759360435, 59.035880501042861 ], [ 17.331340502449475, 59.041677798320833 ], [ 17.320689693890877, 59.049075189387281 ], [ 17.319815585199112, 59.058916744926989 ], [ 17.322356903913132, 59.065953049602648 ], [ 17.326486006756099, 59.070618367323291 ], [ 17.320948140916691, 59.07553149268562 ], [ 17.311712324706331, 59.079679272103824 ], [ 17.316325178152479, 59.089394108132737 ], [ 17.318042139393906, 59.095901368639758 ], [ 17.318660916171773, 59.115897881583102 ], [ 17.322396438678545, 59.126152437227951 ], [ 17.321875522121807, 59.138081712207367 ], [ 17.320220247950093, 59.142141251300828 ], [ 17.313279493004046, 59.148416977409852 ], [ 17.308089041932245, 59.149617339394325 ], [ 17.308164536483215, 59.154132522092283 ], [ 17.297716409760596, 59.164281576479482 ], [ 17.282997855545002, 59.169639095831272 ], [ 17.258384222970054, 59.183042512942798 ], [ 17.269161063481434, 59.183460350736709 ], [ 17.262366599078828, 59.196465128288992 ], [ 17.248308158410275, 59.199252401282685 ], [ 17.245365673226406, 59.204196013114348 ], [ 17.248474021186631, 59.209413733604386 ], [ 17.244925808145886, 59.215378559916168 ], [ 17.248631474335763, 59.22227754706006 ], [ 17.259157998090018, 59.222699070001646 ], [ 17.267927999135242, 59.228319845854521 ], [ 17.272307922802124, 59.235273464209257 ], [ 17.275115098308799, 59.245548630641281 ], [ 17.289205251997579, 59.246331518025947 ], [ 17.30184577445733, 59.249616489977981 ], [ 17.309197394790498, 59.252566398663035 ], [ 17.304270224668539, 59.256932696718451 ], [ 17.311376532310913, 59.266205910563833 ], [ 17.327624772786887, 59.270730553504819 ], [ 17.341571887073588, 59.273529613211998 ], [ 17.348295268681127, 59.279851588177429 ], [ 17.349036255427812, 59.304757181881804 ], [ 17.345394940714371, 59.311596694785948 ], [ 17.351589954789056, 59.320411709856209 ], [ 17.346854576068633, 59.326393324616838 ], [ 17.34814286188832, 59.334664874918765 ], [ 17.335897680104402, 59.35231637177494 ], [ 17.372783292411594, 59.351537262628796 ], [ 17.426075385102219, 59.3519634777997 ], [ 17.411728874974166, 59.366488074641779 ], [ 17.414703463984623, 59.382136307486071 ], [ 17.416118188420395, 59.384138943462816 ], [ 17.383998014100609, 59.397325113313251 ], [ 17.389671522375593, 59.414027463688676 ], [ 17.365345237782677, 59.416672500443909 ], [ 17.357811410353222, 59.433730669705973 ], [ 17.35339717552073, 59.438568300638167 ], [ 17.337402120972911, 59.441513019950428 ], [ 17.312262889948791, 59.437899916631892 ], [ 17.2916206605538, 59.446692192161748 ], [ 17.208840103620098, 59.46228571149048 ], [ 17.182160209559704, 59.479806341207357 ], [ 17.160692077003986, 59.485749242592249 ], [ 17.156225428746311, 59.489700669684623 ], [ 17.153244907827059, 59.500625623856983 ], [ 17.141995073986681, 59.515998239994552 ], [ 17.129703726611186, 59.520163016129437 ], [ 17.117490181464589, 59.526408601436799 ], [ 17.083840219621226, 59.530511992426561 ], [ 17.077420789838861, 59.521956259195385 ], [ 17.064343950664853, 59.511529812850952 ], [ 17.045688143507277, 59.516676854960082 ], [ 17.037983086816588, 59.511273474029046 ], [ 17.029838040293996, 59.509258216469853 ], [ 16.997455550839604, 59.511976499481136 ], [ 16.98609425469985, 59.517497206494944 ], [ 16.964902291873123, 59.521322366398671 ] ] ] } },
{ "type": "Feature", "properties": { "geo_point_2d": { "lon": 14.971849975506244, "lat": 59.357559812184377 }, "year": "2022", "geo_id": "18", "geo_name": "Örebro län", "geo_type": "county" }, "geometry": { "type": "Polygon", "coordinates": [ [ [ 14.437148706744599, 60.026158801654077 ], [ 14.4569492584901, 59.972977069154709 ], [ 14.332577112357468, 59.952314776700163 ], [ 14.334633540994451, 59.947512500341482 ], [ 14.339483330948584, 59.942144308302666 ], [ 14.347692840823107, 59.936718880400662 ], [ 14.35375164377046, 59.936749831324263 ], [ 14.360209886552388, 59.93361596385985 ], [ 14.360545534314316, 59.925903786956525 ], [ 14.357581996401626, 59.91988799902073 ], [ 14.366689626740461, 59.911742241414572 ], [ 14.373906799562672, 59.909468848128128 ], [ 14.386400483670881, 59.907920792269934 ], [ 14.391654623692856, 59.91124944002604 ], [ 14.399427714303947, 59.912638779827361 ], [ 14.412528788316141, 59.906300987277682 ], [ 14.421608223841421, 59.903191861813397 ], [ 14.420472372358327, 59.897425634646503 ], [ 14.412810905709215, 59.891729688324276 ], [ 14.419646256533273, 59.885522325125059 ], [ 14.420334275775401, 59.880152289197383 ], [ 14.421487162421588, 59.84427393328037 ], [ 14.415306311439601, 59.822663610908606 ], [ 14.41655150355253, 59.814597309868581 ], [ 14.43494310034974, 59.770838040904628 ], [ 14.404442911436707, 59.756583623162108 ], [ 14.401088845587706, 59.741968686633108 ], [ 14.404990786412036, 59.734155228702122 ], [ 14.40825899241867, 59.730832531712174 ], [ 14.4085857153412, 59.723429739052698 ], [ 14.420180584971391, 59.702249476011367 ], [ 14.43520985129471, 59.683115069408395 ], [ 14.424931244728874, 59.665191745201192 ], [ 14.430841129284456, 59.659158216131459 ], [ 14.437172412474288, 59.638051362408255 ], [ 14.461028961809658, 59.598376009842958 ], [ 14.465345928372653, 59.579801178078618 ], [ 14.475900500674895, 59.528988955420211 ], [ 14.435996070165059, 59.542465326838006 ], [ 14.430931460115929, 59.537025696608779 ], [ 14.401675388254393, 59.519190704816708 ], [ 14.391023062096247, 59.513832972155328 ], [ 14.399010888766657, 59.500874684372846 ], [ 14.42266913595766, 59.481556006073312 ], [ 14.437051677643657, 59.462387692874856 ], [ 14.454718280810701, 59.449302757102991 ], [ 14.468939220143419, 59.440839630473874 ], [ 14.46451602837112, 59.437472561758121 ], [ 14.457731244962039, 59.435678987366863 ], [ 14.428841144254855, 59.420546396337471 ], [ 14.4159125278298, 59.412338409227885 ], [ 14.407980909310533, 59.412487114393244 ], [ 14.395390040658857, 59.39507844172519 ], [ 14.376905047939413, 59.382990673103365 ], [ 14.373645464685712, 59.375997109491195 ], [ 14.376129574064288, 59.368393214941058 ], [ 14.361644798799752, 59.367353750621461 ], [ 14.365334011911356, 59.362896655416108 ], [ 14.360804481504671, 59.34286176484067 ], [ 14.355384680490888, 59.335179315716317 ], [ 14.354242875704788, 59.330228747693667 ], [ 14.340084853496625, 59.333006035617835 ], [ 14.330194028265772, 59.32729214230153 ], [ 14.326600010830742, 59.317824502106021 ], [ 14.321921114343484, 59.313955633234201 ], [ 14.316776275221189, 59.299083173420023 ], [ 14.310824685222451, 59.294301504426365 ], [ 14.305485224621963, 59.28482208864213 ], [ 14.310558845385419, 59.278362392098693 ], [ 14.30846774566721, 59.275644928524152 ], [ 14.305372535658844, 59.265060013586222 ], [ 14.304866243618914, 59.255842633975611 ], [ 14.307388242270292, 59.24711804443443 ], [ 14.290001490571404, 59.232111617466032 ], [ 14.287964645743505, 59.228272132400043 ], [ 14.288490463800116, 59.215250905802989 ], [ 14.293596454993574, 59.207894411817108 ], [ 14.295690163012974, 59.198940547419348 ], [ 14.289788406775635, 59.182037657255627 ], [ 14.290893835886973, 59.176430175075105 ], [ 14.289458689011431, 59.157101190083566 ], [ 14.290920291452338, 59.153302484376965 ], [ 14.297304283030826, 59.146858578788986 ], [ 14.300355237534149, 59.135886631249001 ], [ 14.295945516534974, 59.125734829718894 ], [ 14.321112592671977, 59.107583815668306 ], [ 14.338720645793099, 59.096978793280208 ], [ 14.339630232572386, 59.08344087943658 ], [ 14.336393875823287, 59.073155535544579 ], [ 14.328320538746807, 59.067461319268176 ], [ 14.323309130004981, 59.061568198615149 ], [ 14.295989765697044, 59.012778412311306 ], [ 14.291075293344981, 58.982409684251117 ], [ 14.286326979351674, 58.948451109902635 ], [ 14.321692797151206, 58.921198932535596 ], [ 14.325187061576496, 58.909333485885675 ], [ 14.324080077144373, 58.904382603719746 ], [ 14.335537483582131, 58.899790743836661 ], [ 14.337821569798574, 58.896665248430153 ], [ 14.34476785187521, 58.89651052515476 ], [ 14.353814329943718, 58.898399208085607 ], [ 14.371569183829102, 58.88779637264048 ], [ 14.373480432003968, 58.883103878076319 ], [ 14.379566374649919, 58.882713304825899 ], [ 14.386001703412017, 58.884795348733292 ], [ 14.396938108121187, 58.88198810333089 ], [ 14.394456847695874, 58.879043024374937 ], [ 14.384952256123942, 58.877825517793553 ], [ 14.3845844680647, 58.875801313518636 ], [ 14.392659332300088, 58.868698157923781 ], [ 14.396586693222748, 58.867609783301916 ], [ 14.397599826701221, 58.863580530232127 ], [ 14.389887138875253, 58.861027128942766 ], [ 14.3814433969899, 58.86701271292786 ], [ 14.376753814198015, 58.864716287946287 ], [ 14.370030336008735, 58.858814667666294 ], [ 14.361066995229439, 58.853390441987791 ], [ 14.359521382759306, 58.850877103233145 ], [ 14.366668952851469, 58.844187148529251 ], [ 14.381387541134716, 58.844332416438846 ], [ 14.389151276541247, 58.845531176810368 ], [ 14.382764321492292, 58.830197464474928 ], [ 14.395201874923814, 58.821561985091691 ], [ 14.420832241066043, 58.79485923759102 ], [ 14.438635629312417, 58.793011048822812 ], [ 14.470631575391547, 58.780955988453883 ], [ 14.475995727447264, 58.736990040547568 ], [ 14.47043531725647, 58.722566934628411 ], [ 14.476765527884007, 58.713644905108602 ], [ 14.493732721465873, 58.711964811147858 ], [ 14.505274134823464, 58.713675542896944 ], [ 14.511128171097457, 58.71723612438047 ], [ 14.514499507891582, 58.723137374642953 ], [ 14.526992742533741, 58.72285348347495 ], [ 14.536532973112285, 58.71400533788556 ], [ 14.545965882260409, 58.718021511251187 ], [ 14.554660525287455, 58.708041488524152 ], [ 14.554772068741967, 58.704451206514236 ], [ 14.535215018028369, 58.677535379661641 ], [ 14.538835911158268, 58.675797820048615 ], [ 14.549112694926347, 58.678125223953366 ], [ 14.577491054748959, 58.681514673255712 ], [ 14.597607756645363, 58.686616223569054 ], [ 14.611664671305411, 58.692574319430214 ], [ 14.62583848741653, 58.694707154709292 ], [ 14.621587198473721, 58.737117444745785 ], [ 14.691081475672128, 58.73967666918476 ], [ 14.690890623320332, 58.728847357883311 ], [ 14.695234628416168, 58.721406065067313 ], [ 14.690146353782779, 58.716437569275008 ], [ 14.691505552815567, 58.711035488282882 ], [ 14.698678216844117, 58.700619808532636 ], [ 14.697927728986976, 58.698382272183053 ], [ 14.703536213019049, 58.693734805121366 ], [ 14.712260146784086, 58.689984497161966 ], [ 14.778931341132603, 58.645993046244712 ], [ 14.805198978844453, 58.66457824792117 ], [ 14.840327625317533, 58.674237656286948 ], [ 14.878085674926878, 58.682999572870607 ], [ 14.923559983667966, 58.695619046485071 ], [ 14.929573081182539, 58.696557906841235 ], [ 14.939114147151029, 58.694360053058219 ], [ 14.956030087774458, 58.693081251490767 ], [ 14.963347176829028, 58.690031968309178 ], [ 14.971273584940107, 58.683080850617266 ], [ 14.975463789340159, 58.686681148251076 ], [ 14.983179278710267, 58.688544219363131 ], [ 15.004702640469047, 58.697433353310288 ], [ 15.01227480646488, 58.705766769516224 ], [ 15.034300137992377, 58.704482125686688 ], [ 15.048309515424622, 58.720321284345822 ], [ 15.05236660067497, 58.736235688687231 ], [ 15.067515658653297, 58.754709721115816 ], [ 15.082574183549555, 58.765837641057608 ], [ 15.088151587756776, 58.766066323928548 ], [ 15.093005732824889, 58.762798463522017 ], [ 15.09812906019436, 58.765789313003751 ], [ 15.097542118687642, 58.769152712000626 ], [ 15.106640882701701, 58.7679185750074 ], [ 15.114890412705822, 58.770252356137554 ], [ 15.118012812589292, 58.782792823334304 ], [ 15.124896351882377, 58.782694693327905 ], [ 15.12632334580919, 58.789300754584687 ], [ 15.119108536298045, 58.79297027907166 ], [ 15.128347397836361, 58.798136366226458 ], [ 15.138441889835518, 58.820139105148861 ], [ 15.16626789861736, 58.810180332649189 ], [ 15.198260088409482, 58.814303027172222 ], [ 15.207275377390435, 58.818385043343952 ], [ 15.216754900875548, 58.825835086308537 ], [ 15.220816330995465, 58.831374702363533 ], [ 15.216218370120501, 58.842126723389541 ], [ 15.230373164355139, 58.841858440941891 ], [ 15.243399166640147, 58.839626614880885 ], [ 15.244995076154277, 58.845890822553585 ], [ 15.251966869652211, 58.848614152778957 ], [ 15.257897013042721, 58.859214838565464 ], [ 15.263010801643988, 58.864622867877351 ], [ 15.274718835096703, 58.863998261943429 ], [ 15.286137191430731, 58.85723987914016 ], [ 15.289602071085708, 58.851463375500238 ], [ 15.295206924369797, 58.849672236342336 ], [ 15.308263987519135, 58.854840332520304 ], [ 15.325998300395275, 58.859144786249608 ], [ 15.326514171890324, 58.850663100785482 ], [ 15.34654627163486, 58.829324946311353 ], [ 15.381513695841328, 58.846753008604686 ], [ 15.407430198306686, 58.841987878253533 ], [ 15.415847125665662, 58.832784897637723 ], [ 15.414700840678639, 58.830025384162575 ], [ 15.418684945715173, 58.822092463286204 ], [ 15.418835952368029, 58.808555059999897 ], [ 15.430325450424766, 58.814918066351403 ], [ 15.425064348348069, 58.821231671329443 ], [ 15.428538732797596, 58.823261786222972 ], [ 15.44972712940006, 58.821508615423568 ], [ 15.455282884677084, 58.823274411479389 ], [ 15.452093719860741, 58.830465518130076 ], [ 15.452534174365072, 58.838214144709362 ], [ 15.450664178011825, 58.843254253586061 ], [ 15.443958072941754, 58.851853821878102 ], [ 15.446021575026352, 58.853340852804791 ], [ 15.440712703665122, 58.863901181649105 ], [ 15.469312492849818, 58.86344028568292 ], [ 15.47646390159511, 58.862246802692631 ], [ 15.492289111478252, 58.865715537485563 ], [ 15.508164363081111, 58.863733255902964 ], [ 15.531034106474909, 58.86452910529146 ], [ 15.536996376999541, 58.866696202377362 ], [ 15.543080693702381, 58.871152474036577 ], [ 15.554023507714223, 58.868077150061779 ], [ 15.563056753178337, 58.894819606172113 ], [ 15.582563673536722, 58.895932095516542 ], [ 15.587375723975912, 58.897556220395309 ], [ 15.594209276448289, 58.906257509231672 ], [ 15.589874260709461, 58.914123294505053 ], [ 15.570774366210088, 58.928166092142831 ], [ 15.559866959117848, 58.940866376735478 ], [ 15.559372767897903, 58.956557422174086 ], [ 15.580205835487098, 58.959486108528132 ], [ 15.590233413834547, 58.959440398157923 ], [ 15.607772098287017, 58.970842429568329 ], [ 15.629091731008208, 58.983064205052663 ], [ 15.638003998640745, 58.974188806730204 ], [ 15.640995964380867, 58.973851533108032 ], [ 15.67399044182055, 58.974697386741902 ], [ 15.67828099156266, 58.975716102039712 ], [ 15.686744111582898, 58.981918347220549 ], [ 15.664955050546096, 58.981896403596217 ], [ 15.650424363452803, 58.995749248704541 ], [ 15.654058597947342, 59.000062538460604 ], [ 15.656224587564022, 59.010092382204618 ], [ 15.655171788704349, 59.012048147159177 ], [ 15.644603058000705, 59.012906157473822 ], [ 15.635474722669684, 59.011009281926846 ], [ 15.629326903851341, 59.01180895808892 ], [ 15.621616784162129, 59.015029922816609 ], [ 15.617393149934548, 59.023444258855811 ], [ 15.629129964561177, 59.026423241096154 ], [ 15.633806246974293, 59.031411770822395 ], [ 15.633252384045397, 59.037667982085047 ], [ 15.638566791687506, 59.04440769108416 ], [ 15.636340016685816, 59.047304345474281 ], [ 15.642861640524435, 59.049799348598178 ], [ 15.640226640647256, 59.054239587974187 ], [ 15.672599856333274, 59.064376048136232 ], [ 15.685667798483797, 59.065941860321956 ], [ 15.695712427056772, 59.070187923873988 ], [ 15.702632951659167, 59.076253045549429 ], [ 15.710997766922016, 59.078081768312799 ], [ 15.715812203034096, 59.084144624290822 ], [ 15.714495108613457, 59.087510032227286 ], [ 15.705732281952434, 59.089720826479827 ], [ 15.697725660862714, 59.095172318004138 ], [ 15.705960695727915, 59.101103680573253 ], [ 15.720615050166815, 59.102523546537739 ], [ 15.725060179150208, 59.104546198218436 ], [ 15.741147604021032, 59.10610826216783 ], [ 15.761044922331807, 59.104904851347214 ], [ 15.769298395422355, 59.106047519381569 ], [ 15.779509086910506, 59.104703501688086 ], [ 15.793612500824477, 59.109885291067329 ], [ 15.789714104697962, 59.113457632220459 ], [ 15.790495728445169, 59.121940844686719 ], [ 15.795209647509605, 59.123153208779364 ], [ 15.787347495374355, 59.131635397066169 ], [ 15.789702576109512, 59.137291110324789 ], [ 15.797779387211008, 59.137659943167677 ], [ 15.768952549638191, 59.183337684226757 ], [ 15.761586946389821, 59.197949485932789 ], [ 15.798450255437388, 59.230874505497589 ], [ 15.725688149670061, 59.223578654100173 ], [ 15.692048421757724, 59.270277018376675 ], [ 15.651631930077553, 59.276967756678431 ], [ 15.607364862600241, 59.288424687870673 ], [ 15.617432736764478, 59.301698132000979 ], [ 15.633418727122242, 59.316397054525169 ], [ 15.635034684188465, 59.333768844837671 ], [ 15.614401628582845, 59.347474229384623 ], [ 15.61622337977483, 59.351722804772876 ], [ 15.611819969108367, 59.362488148194089 ], [ 15.597656875587909, 59.369530786426388 ], [ 15.604617535407506, 59.396875156198419 ], [ 15.624029899656989, 59.397307650834364 ], [ 15.627428519099773, 59.403712567217184 ], [ 15.636133616292501, 59.405609259003086 ], [ 15.649348500032403, 59.403399659236314 ], [ 15.663991029659041, 59.40456542834324 ], [ 15.672169116960417, 59.406728429320147 ], [ 15.692114372641582, 59.407689924374672 ], [ 15.69950285147965, 59.409778711572287 ], [ 15.730531573885992, 59.408525745860629 ], [ 15.731445334580471, 59.417341129905083 ], [ 15.729828970353708, 59.431208755909921 ], [ 15.726763436234874, 59.438612453301452 ], [ 15.722790894461149, 59.441572182724236 ], [ 15.715239204871821, 59.451198802049589 ], [ 15.712260960365869, 59.476168937929749 ], [ 15.686180747922721, 59.477296546554435 ], [ 15.691063616110707, 59.483763910079254 ], [ 15.687988587368976, 59.490089484953074 ], [ 15.689700664327241, 59.495207520739484 ], [ 15.706479494793511, 59.504242600993784 ], [ 15.717210123795814, 59.506198208787566 ], [ 15.720239850800361, 59.509162413571524 ], [ 15.718508276311374, 59.516297416605084 ], [ 15.712599648751334, 59.525879996094012 ], [ 15.70822119603052, 59.530786802227603 ], [ 15.705545580542973, 59.539132702000131 ], [ 15.681964329486098, 59.534803816090516 ], [ 15.673215969395786, 59.534795219748617 ], [ 15.671911891265001, 59.529408122336804 ], [ 15.660924224526402, 59.52448635117829 ], [ 15.632728427549214, 59.520547300082725 ], [ 15.626869271231778, 59.549353253695756 ], [ 15.626083459961926, 59.573991960613654 ], [ 15.632325634691091, 59.571307531668616 ], [ 15.637013744806675, 59.589014774331801 ], [ 15.636186566063575, 59.595072633611288 ], [ 15.622896396254511, 59.597146165505919 ], [ 15.619019002288784, 59.625747750087761 ], [ 15.615004951461948, 59.630454438881856 ], [ 15.605306078712985, 59.631113148913393 ], [ 15.5884312359582, 59.628599797925347 ], [ 15.566377649118071, 59.627008427091262 ], [ 15.5472261923529, 59.628524865929734 ], [ 15.520200442443778, 59.634590430912986 ], [ 15.515205642937056, 59.642325882294884 ], [ 15.512864085859423, 59.652616317003307 ], [ 15.524179492187276, 59.667388932078765 ], [ 15.524635583018847, 59.676473750902893 ], [ 15.532541966628688, 59.686319319261827 ], [ 15.529703694264551, 59.690352612606766 ], [ 15.538634555695088, 59.690371121786725 ], [ 15.550145637622888, 59.698948296616699 ], [ 15.547593641498445, 59.70284788794855 ], [ 15.543745590525377, 59.717920030842301 ], [ 15.550096951440285, 59.723919592869052 ], [ 15.549665967710775, 59.726818015783437 ], [ 15.525589200994496, 59.753427581270017 ], [ 15.53072250797366, 59.760843644788544 ], [ 15.52131490007665, 59.768632704774348 ], [ 15.514566594245936, 59.777163051084834 ], [ 15.512304031727806, 59.777364455563166 ], [ 15.512745309511512, 59.787930163245036 ], [ 15.504766291857646, 59.797947244775365 ], [ 15.440790099308726, 59.797309340896902 ], [ 15.425978086811872, 59.795050281010568 ], [ 15.427261236181788, 59.799694568384886 ], [ 15.431360317446222, 59.804284067279681 ], [ 15.439492359664506, 59.805186640330888 ], [ 15.438527374476347, 59.80868457197522 ], [ 15.455628648718431, 59.820983437301685 ], [ 15.446909744131288, 59.824523373680798 ], [ 15.446154555031198, 59.831728992899521 ], [ 15.454274678028364, 59.836122227244523 ], [ 15.44120189896894, 59.844371410922179 ], [ 15.441952389806726, 59.849148675011875 ], [ 15.432043088566189, 59.849865891989197 ], [ 15.422085374535301, 59.854747042555474 ], [ 15.37361808122283, 59.877153253084906 ], [ 15.36882569908428, 59.874983212371546 ], [ 15.362333926642844, 59.879808499647538 ], [ 15.361067388223571, 59.885055131123778 ], [ 15.354824011206219, 59.89109262856838 ], [ 15.354779319780754, 59.89438663412453 ], [ 15.228494172053068, 59.975691255391766 ], [ 15.206123759899318, 60.001576634988638 ], [ 15.125330038002769, 60.008518175462221 ], [ 15.071716061232523, 60.043910363260622 ], [ 15.047216256152559, 60.049561451498654 ], [ 15.045502232464003, 60.042146444591005 ], [ 15.033996953263475, 60.039189468001588 ], [ 15.013254260725883, 60.057171214440629 ], [ 14.938207139268705, 60.048423938413904 ], [ 14.918712690165162, 60.052531224244497 ], [ 14.902669209881093, 60.051058189421944 ], [ 14.891261134452533, 60.057254041759151 ], [ 14.887017552600712, 60.063947719749869 ], [ 14.859544438167564, 60.081463818568857 ], [ 14.844230639761696, 60.082915201132934 ], [ 14.839154712726465, 60.086908483783105 ], [ 14.836368653686902, 60.092134646522574 ], [ 14.841720909034132, 60.101248624149378 ], [ 14.849952770331965, 60.101851418219916 ], [ 14.851183491565051, 60.104050469246886 ], [ 14.808290493120053, 60.110439207281424 ], [ 14.73739999587824, 60.081134777883214 ], [ 14.752495713221418, 60.008359204447011 ], [ 14.749366421716402, 60.008109795625572 ], [ 14.753783846149167, 59.997157986026416 ], [ 14.437148706744599, 60.026158801654077 ] ] ] } },
{ "type": "Feature", "properties": { "geo_point_2d": { "lon": 12.568490654305238, "lat": 58.299637926768575 }, "year": "2022", "geo_id": "14", "geo_name": "Västra Götalands län", "geo_type": "county" }, "geometry": { "type": "Polygon", "coordinates": [ [ [ 11.826179189302721, 59.237854525789345 ], [ 11.811901447041677, 59.232015104707123 ], [ 11.800803373240749, 59.225305981002606 ], [ 11.783925616175763, 59.208378178958291 ], [ 11.781964122712971, 59.201024224087924 ], [ 11.783929204742167, 59.195198457883748 ], [ 11.776370273963508, 59.177631974807596 ], [ 11.774687522263481, 59.17066845081461 ], [ 11.777063035111478, 59.156020985440655 ], [ 11.776105826661629, 59.145538971448062 ], [ 11.778016715161456, 59.136044789677825 ], [ 11.769361741542287, 59.126720832056812 ], [ 11.764109872760637, 59.114590425203453 ], [ 11.767587642405468, 59.113813574609225 ], [ 11.773871680553393, 59.108288758793364 ], [ 11.778366599146874, 59.100928577407608 ], [ 11.775393166983068, 59.086595604660069 ], [ 11.749235242071595, 59.067655668254773 ], [ 11.738106005419803, 59.052391581040958 ], [ 11.719503176211202, 59.038135338393509 ], [ 11.710510077555023, 59.033680729307726 ], [ 11.70364913914819, 59.011389317002006 ], [ 11.692877773254496, 58.994114066264189 ], [ 11.684332524922258, 58.987312229292129 ], [ 11.692016684970476, 58.985121242228551 ], [ 11.693535258898478, 58.977943286970195 ], [ 11.686012149849741, 58.972814282455637 ], [ 11.689083518835513, 58.95684621635661 ], [ 11.681267557346048, 58.950426702341431 ], [ 11.673382269520934, 58.9419596664072 ], [ 11.675861874507053, 58.935064257412435 ], [ 11.664886686180669, 58.934879120352242 ], [ 11.658171833100763, 58.931760496946829 ], [ 11.658639492783864, 58.927470202406077 ], [ 11.652005020774915, 58.906233648473268 ], [ 11.631307562277552, 58.908639952085338 ], [ 11.626306439451065, 58.90547602725492 ], [ 11.607070262245472, 58.897953119184486 ], [ 11.590631356865652, 58.890716321975063 ], [ 11.577822399659667, 58.89749262645072 ], [ 11.572635445654438, 58.8879025376093 ], [ 11.567906318086587, 58.889846147225029 ], [ 11.557666914206509, 58.898062185135579 ], [ 11.553399729789525, 58.89893287502013 ], [ 11.545337637030293, 58.89401978746497 ], [ 11.539868436322273, 58.886670544917997 ], [ 11.538970595963983, 58.880209373698101 ], [ 11.526282357851393, 58.876908166449468 ], [ 11.518212021324103, 58.879449218417236 ], [ 11.512819354472406, 58.883067705797224 ], [ 11.500115797049441, 58.889381622702039 ], [ 11.49169789563792, 58.889118413796957 ], [ 11.482917668315661, 58.891458338661046 ], [ 11.460684026491728, 58.889655287030592 ], [ 11.456233961090197, 58.890206510801484 ], [ 11.456260399964901, 58.916631273672742 ], [ 11.463660590152132, 58.933263201331656 ], [ 11.459682960707328, 58.952487624083851 ], [ 11.462326278213501, 58.973058360443915 ], [ 11.453875957611158, 58.98546681291608 ], [ 11.464598504610242, 58.991153468664045 ], [ 11.442607240543612, 59.013546908319022 ], [ 11.43117994283223, 59.027903313848327 ], [ 11.414198108300033, 59.039697295333895 ], [ 11.389332631298704, 59.077150754453207 ], [ 11.368409751469491, 59.098437447302793 ], [ 11.339913358830373, 59.114979065747768 ], [ 11.302504038275847, 59.106213385505185 ], [ 11.289042239069765, 59.099577459028396 ], [ 11.258290984110539, 59.096100901799247 ], [ 11.224860232050174, 59.087613332295497 ], [ 11.153507260887363, 59.079256343755425 ], [ 11.11714904300953, 59.015060404910678 ], [ 11.092380692206364, 58.991807353356876 ], [ 11.066417078774519, 58.977397473543085 ], [ 10.983193760332053, 58.960451652207418 ], [ 10.917915428280221, 58.942273950627545 ], [ 10.638925102805533, 58.89227622918866 ], [ 10.592075916575439, 58.76098513191107 ], [ 10.639144694482242, 58.51852244894512 ], [ 10.643718243069307, 58.50147377281634 ], [ 10.651081758293778, 58.484690345474654 ], [ 10.661167800327886, 58.468312975707427 ], [ 10.679362800179144, 58.446387140505969 ], [ 10.817552845682226, 58.292180028569199 ], [ 10.84838123220135, 58.257620682925868 ], [ 10.891779983509315, 58.175941396202653 ], [ 10.959573030603513, 58.048220490166209 ], [ 10.962766780537221, 58.04121058591214 ], [ 10.974468600206659, 58.019619048899052 ], [ 10.978539342489395, 58.013085935902033 ], [ 10.996916843687265, 57.980397564225932 ], [ 11.054646315808952, 57.924706637249642 ], [ 11.147570642157747, 57.834640953192114 ], [ 11.20256440199055, 57.674656363876089 ], [ 11.231346621003654, 57.65477086596011 ], [ 11.453560200263826, 57.500185289316491 ], [ 11.784453719697952, 57.500091697715824 ], [ 11.816518378996935, 57.554861371865343 ], [ 11.877208218354982, 57.558501561640291 ], [ 11.88656924168855, 57.561021872333214 ], [ 11.89668675520738, 57.560693261374354 ], [ 11.917344645805549, 57.562549782366858 ], [ 11.937935191302806, 57.561888730617369 ], [ 11.955578410080596, 57.56450025622005 ], [ 11.970923088103461, 57.564441992950201 ], [ 11.978755941641392, 57.56309361537113 ], [ 11.987871968765699, 57.564434927021971 ], [ 11.987753583517845, 57.561735086304942 ], [ 12.004228408039094, 57.553056577534512 ], [ 12.012649215899643, 57.545239453338326 ], [ 12.030563349288093, 57.54964166014036 ], [ 12.047324850270178, 57.551683679427846 ], [ 12.049194064976339, 57.549079152935178 ], [ 12.083885440041504, 57.551819912018999 ], [ 12.093661299519733, 57.554157104424306 ], [ 12.093262066054956, 57.55707064018474 ], [ 12.102354485045797, 57.558933165320724 ], [ 12.169361463867872, 57.566229974202479 ], [ 12.173724911320042, 57.564567331032741 ], [ 12.185854899021543, 57.568546625994969 ], [ 12.206742412056764, 57.572792819148873 ], [ 12.277230407501982, 57.596809218187289 ], [ 12.282219994539712, 57.5915389035125 ], [ 12.308127631417666, 57.580191180260385 ], [ 12.340669901708926, 57.561158022251561 ], [ 12.325046970279296, 57.546520899274142 ], [ 12.313671281114905, 57.52324680350403 ], [ 12.317211149698457, 57.511945873290806 ], [ 12.325735307930762, 57.50651575390674 ], [ 12.346274260729896, 57.48713215931955 ], [ 12.323104324079607, 57.462783820953462 ], [ 12.33178189905265, 57.453871090136424 ], [ 12.33838939929273, 57.450467730444039 ], [ 12.345118368036205, 57.449996867379305 ], [ 12.360366789473995, 57.451807850945684 ], [ 12.362609397102201, 57.450296635541832 ], [ 12.380175513749657, 57.445878389168726 ], [ 12.391031540627335, 57.441707264348437 ], [ 12.403377400392305, 57.435104399526523 ], [ 12.406194936194696, 57.432035456310139 ], [ 12.408609287487851, 57.424687285975551 ], [ 12.408595815833305, 57.411315934459047 ], [ 12.417079152786995, 57.406952881387816 ], [ 12.420299013736461, 57.399850868510612 ], [ 12.411786644600445, 57.397581744303551 ], [ 12.410513061296808, 57.393719392116772 ], [ 12.396762859572569, 57.381396225329809 ], [ 12.392942558420849, 57.365764842187623 ], [ 12.384350335369868, 57.343928927672579 ], [ 12.392853933914445, 57.340215228400723 ], [ 12.389206401833198, 57.337105817524254 ], [ 12.397060529832771, 57.329465295227052 ], [ 12.417242964466224, 57.3190482336217 ], [ 12.425990371607863, 57.322905136431352 ], [ 12.432197688964338, 57.314993624197548 ], [ 12.420870717789546, 57.306925143810638 ], [ 12.425320007853671, 57.304897307760527 ], [ 12.425952378617511, 57.286259536891514 ], [ 12.430078956657271, 57.282335835648546 ], [ 12.430993180228272, 57.269097173370575 ], [ 12.450951287449092, 57.27305564434949 ], [ 12.455609986710085, 57.279218505813162 ], [ 12.462810331632365, 57.275631853301135 ], [ 12.481510888599828, 57.278891410500087 ], [ 12.491280713761741, 57.285367751233224 ], [ 12.498709207490192, 57.285797201369405 ], [ 12.498967216977386, 57.283108295220615 ], [ 12.506612660206358, 57.281296580938665 ], [ 12.522448762494834, 57.29814620201234 ], [ 12.531040471485609, 57.304004385872872 ], [ 12.534007993918197, 57.313691694409215 ], [ 12.537806005019199, 57.319096463369242 ], [ 12.559561126196487, 57.323209544505261 ], [ 12.560156934059087, 57.330197601071106 ], [ 12.565169109613912, 57.329877658174183 ], [ 12.573731760977525, 57.331688532493864 ], [ 12.591264230356357, 57.339802565039726 ], [ 12.6009989198617, 57.34231537929476 ], [ 12.604323548498165, 57.346429956253431 ], [ 12.614029191852989, 57.345360392895195 ], [ 12.625568489822882, 57.341843111988595 ], [ 12.623120655078338, 57.332113143955588 ], [ 12.641110173383961, 57.330797279272552 ], [ 12.649054255185719, 57.334824671796007 ], [ 12.651003775193592, 57.339599744645504 ], [ 12.657166854541826, 57.341560242886295 ], [ 12.667249458250954, 57.340248957625128 ], [ 12.674337724572085, 57.330775866065288 ], [ 12.686374072576033, 57.330868483345213 ], [ 12.691714677386127, 57.33347174863497 ], [ 12.706659517672151, 57.322178738266018 ], [ 12.705864846807627, 57.312491418687692 ], [ 12.736258661986707, 57.302042452794034 ], [ 12.740041190833013, 57.301469930579934 ], [ 12.742296865255618, 57.290819606230279 ], [ 12.745866707949308, 57.285102455047181 ], [ 12.756879655334814, 57.274925495318932 ], [ 12.763873013696829, 57.273796779569032 ], [ 12.775874675973306, 57.276301610772734 ], [ 12.779649234014439, 57.280229053290292 ], [ 12.779661776227329, 57.284721687038051 ], [ 12.809380749598844, 57.300986332762051 ], [ 12.817557831097707, 57.292879390270812 ], [ 12.82769608390975, 57.278219349720537 ], [ 12.835012355619414, 57.269951703118444 ], [ 12.861433472178904, 57.265897521902133 ], [ 12.862632886854874, 57.267646148653739 ], [ 12.873986151930534, 57.267983576103035 ], [ 12.881491257570033, 57.27118177580153 ], [ 12.893273958999121, 57.270480772794315 ], [ 12.900951091404718, 57.267972280396954 ], [ 12.908637164241924, 57.270189239475719 ], [ 12.923645239283839, 57.26425459282833 ], [ 12.931540794781204, 57.26400431014185 ], [ 12.934629366836912, 57.261604319431505 ], [ 12.929616554113522, 57.257213144163373 ], [ 12.932341450956265, 57.248942717859904 ], [ 12.936710975580601, 57.251737888456319 ], [ 12.952011608696617, 57.246736546588146 ], [ 12.953669275968476, 57.241693701766934 ], [ 12.950687228119873, 57.237722312388108 ], [ 12.93734313868673, 57.228631585467483 ], [ 12.925804626801735, 57.227900177380128 ], [ 12.918749214745826, 57.223012373548663 ], [ 12.916532095827806, 57.219807877650588 ], [ 12.920339032920994, 57.203723811904069 ], [ 12.919606230325888, 57.197633591188918 ], [ 12.911210685547696, 57.183945730059605 ], [ 12.91453704587553, 57.178856479968609 ], [ 12.923089039437567, 57.175468621398188 ], [ 12.939032379381809, 57.174913207180062 ], [ 12.944911853990396, 57.178025742347451 ], [ 12.965466320980751, 57.17807068289391 ], [ 12.974153319566932, 57.183226346092312 ], [ 13.000690587308339, 57.177336186256618 ], [ 13.013975136537551, 57.181917969734364 ], [ 13.029882198228128, 57.179378204074247 ], [ 13.038122304808699, 57.179793895132953 ], [ 13.039232902896114, 57.176224838147235 ], [ 13.030924482636541, 57.17463529158259 ], [ 13.0262948614061, 57.171612989578364 ], [ 13.020471186984167, 57.158811866770208 ], [ 13.026863610275081, 57.15503670612911 ], [ 13.044966829234617, 57.154466401978553 ], [ 13.050780630110816, 57.150425763216013 ], [ 13.052635658810519, 57.14670675354445 ], [ 13.058595654289345, 57.146738683112837 ], [ 13.072033641906549, 57.151371647139854 ], [ 13.077082429817954, 57.157217809860192 ], [ 13.095489430677569, 57.159018522786418 ], [ 13.097057603540017, 57.157978855347729 ], [ 13.0958942184952, 57.149450589193719 ], [ 13.100760252726779, 57.14551298876065 ], [ 13.110165254674632, 57.146631919355727 ], [ 13.117411292806715, 57.149267021433857 ], [ 13.121113217120183, 57.154745551073944 ], [ 13.136564916109231, 57.1690270279462 ], [ 13.1383214406248, 57.173107033047188 ], [ 13.149953207435406, 57.177648035797944 ], [ 13.152285840257917, 57.179718708071299 ], [ 13.157690380774625, 57.190181961984997 ], [ 13.164422612067121, 57.194150859542326 ], [ 13.165754183411392, 57.198446057001647 ], [ 13.17591745270899, 57.209417187107825 ], [ 13.175499530578062, 57.211160201971701 ], [ 13.194242481258216, 57.226944688994848 ], [ 13.189900690666798, 57.229549300435856 ], [ 13.187970113657116, 57.236161251789241 ], [ 13.193864186263403, 57.241745906126106 ], [ 13.199221111916842, 57.248859750829716 ], [ 13.213573775194481, 57.250971484452343 ], [ 13.222040973656869, 57.254074525903341 ], [ 13.228436417000456, 57.258764947666528 ], [ 13.232819757704256, 57.259703736580931 ], [ 13.244882313629319, 57.259069923182501 ], [ 13.263096295840393, 57.250322100716971 ], [ 13.270109839304547, 57.260493571637284 ], [ 13.272910321905455, 57.267660210100054 ], [ 13.280878443130335, 57.271306061423502 ], [ 13.287176457010952, 57.28351919273009 ], [ 13.288661112181392, 57.289679862442185 ], [ 13.287000956923581, 57.3010999571271 ], [ 13.283254977438052, 57.307088378980794 ], [ 13.30118203088159, 57.311498200584168 ], [ 13.339070016850886, 57.317565251461623 ], [ 13.347218811905407, 57.31801681597284 ], [ 13.351627429046239, 57.320218413882877 ], [ 13.361957109695883, 57.322719218703448 ], [ 13.369926380944953, 57.321827377132927 ], [ 13.386506943559899, 57.340404875349421 ], [ 13.394988974914352, 57.341115696769876 ], [ 13.400070754395783, 57.339874584090389 ], [ 13.431482133127775, 57.348151614569787 ], [ 13.436538471301009, 57.35297177938692 ], [ 13.430338374539046, 57.357943471814039 ], [ 13.435710251675443, 57.368486987809405 ], [ 13.445021402454183, 57.37193165855939 ], [ 13.468007916444678, 57.371736535096112 ], [ 13.477753213536324, 57.388619987615279 ], [ 13.488539819861987, 57.395349206813208 ], [ 13.512103736382532, 57.397388591166767 ], [ 13.516670245455012, 57.410064859918769 ], [ 13.505567227293183, 57.414335687597138 ], [ 13.515479783859863, 57.427792144913184 ], [ 13.531584618767937, 57.429898370140336 ], [ 13.571351242143441, 57.468873727578774 ], [ 13.585203943553074, 57.476088598006491 ], [ 13.590557548651891, 57.489314451326585 ], [ 13.610822437045869, 57.512069754937968 ], [ 13.618186400374235, 57.51423658445065 ], [ 13.625337493196627, 57.519983044691365 ], [ 13.633054640697601, 57.523268822010621 ], [ 13.646693441180311, 57.525541854848036 ], [ 13.66645540713399, 57.536467982858447 ], [ 13.671867477915566, 57.543304888369256 ], [ 13.688056926490219, 57.55820871775807 ], [ 13.687077007429863, 57.576761812053263 ], [ 13.680264269942731, 57.5790139654383 ], [ 13.678414197058959, 57.58449754342503 ], [ 13.673624513614836, 57.586581332723625 ], [ 13.678095386262639, 57.590599682852783 ], [ 13.679500230081382, 57.594898593857451 ], [ 13.669754243260353, 57.593867410352473 ], [ 13.670098450802962, 57.604610787408475 ], [ 13.666098655601376, 57.614871973257927 ], [ 13.670455629682468, 57.618771861218995 ], [ 13.673292644739933, 57.626912194718741 ], [ 13.682625858894731, 57.625057479181365 ], [ 13.68678609472914, 57.632096999950548 ], [ 13.705340981448439, 57.636699905134265 ], [ 13.72447379471453, 57.665801930633897 ], [ 13.722918174650266, 57.691166762559618 ], [ 13.694763966295445, 57.705483557464433 ], [ 13.723565604054798, 57.715094829363132 ], [ 13.728072678971198, 57.717786965444709 ], [ 13.71712383117565, 57.723637740606712 ], [ 13.715760013851115, 57.732147531237487 ], [ 13.733339105875528, 57.753578530494757 ], [ 13.742716828164383, 57.75824024557965 ], [ 13.743385956380136, 57.760945519517449 ], [ 13.753056233332147, 57.774426264764358 ], [ 13.746140248047764, 57.784584046117239 ], [ 13.74468707914472, 57.79443976127861 ], [ 13.742772150092087, 57.798225619257543 ], [ 13.742238321459737, 57.806982589251888 ], [ 13.746231531793699, 57.810424458181188 ], [ 13.745092529170119, 57.81534560046606 ], [ 13.73805136488958, 57.820161633785432 ], [ 13.737625035750137, 57.840820387729295 ], [ 13.732646012047109, 57.846576859039637 ], [ 13.735960341893634, 57.854273963486527 ], [ 13.739640120253769, 57.855914635522126 ], [ 13.742433118911887, 57.86539926884636 ], [ 13.765236939978996, 57.878152949959201 ], [ 13.765913922639237, 57.881082678423347 ], [ 13.761002663027787, 57.892454491246319 ], [ 13.761726397252158, 57.894262359612 ], [ 13.775150030552826, 57.90236313533881 ], [ 13.790905402834685, 57.906898076969917 ], [ 13.789126934212105, 57.922370968823856 ], [ 13.785535597543586, 57.925906267965388 ], [ 13.780425866000435, 57.926714007939594 ], [ 13.772082269124692, 57.925000026253109 ], [ 13.767544428236098, 57.93030690172408 ], [ 13.76496867906824, 57.937908359693807 ], [ 13.757628723021908, 57.940475554510918 ], [ 13.741614739483865, 57.939964893073956 ], [ 13.734169192696749, 57.937589445521198 ], [ 13.728606066123625, 57.931876452620024 ], [ 13.712539218697497, 57.965965403138057 ], [ 13.686665924510196, 57.974257317248657 ], [ 13.689052935544666, 57.976775874419594 ], [ 13.718141072854868, 57.975815466964377 ], [ 13.72300871320394, 57.98704077755194 ], [ 13.716306793430972, 57.988008537904619 ], [ 13.725549739402156, 57.991954581333189 ], [ 13.732971737990825, 57.997554194639811 ], [ 13.743627315241854, 57.996389281096128 ], [ 13.748454061900976, 57.993333110914584 ], [ 13.757699354562833, 58.001134109447428 ], [ 13.751231919454064, 58.004770351490528 ], [ 13.756030070531306, 58.007842905133209 ], [ 13.772164211539874, 58.006772731456472 ], [ 13.775235178774491, 58.011994780639682 ], [ 13.765643013793882, 58.037212267165749 ], [ 13.770932596349644, 58.040673756919958 ], [ 13.772144056742048, 58.048560338792512 ], [ 13.788801018365048, 58.056409666696801 ], [ 13.794427679040709, 58.054832764346131 ], [ 13.78950395271727, 58.048297684188881 ], [ 13.798909251585693, 58.049425232882903 ], [ 13.807940634470796, 58.054794104900544 ], [ 13.857516497122647, 58.041974861884682 ], [ 13.865334905285108, 58.041101951510363 ], [ 13.868081520528184, 58.047650245768388 ], [ 13.902940412974308, 58.042213109685839 ], [ 13.919972184765273, 58.040697462124946 ], [ 13.947873832116148, 58.033959427780665 ], [ 13.952879934073978, 58.027521608161543 ], [ 13.962466703775236, 58.00767941305341 ], [ 13.992799015802632, 58.009731844809131 ], [ 14.062678044421626, 58.024277738150097 ], [ 14.065591634918452, 58.02788724393762 ], [ 14.064618039658008, 58.038771379361286 ], [ 14.105127620147563, 58.062415929308024 ], [ 14.116851125217382, 58.078592358911379 ], [ 14.111265046813491, 58.079856184260542 ], [ 14.109324031609328, 58.084320356617702 ], [ 14.113736667325199, 58.088878039592515 ], [ 14.117506603744804, 58.08983504748111 ], [ 14.12198665250772, 58.100912788759231 ], [ 14.122589881887819, 58.108221478545758 ], [ 14.119152876170169, 58.121762721386943 ], [ 14.130568866301251, 58.145745995333506 ], [ 14.138985265857162, 58.139363839659673 ], [ 14.147507195341115, 58.139043932564284 ], [ 14.146901820741411, 58.134537138411169 ], [ 14.156691201094159, 58.130829749857384 ], [ 14.167600906911607, 58.128554845631008 ], [ 14.179454711185272, 58.12918257724148 ], [ 14.191248022157778, 58.131155397951886 ], [ 14.20674233849094, 58.135427526912942 ], [ 14.225672572295187, 58.135816226856853 ], [ 14.313497303734687, 58.132223132175589 ], [ 14.41670676028142, 58.187238764172712 ], [ 14.520630575132039, 58.354817066685669 ], [ 14.54378465139629, 58.380080591295382 ], [ 14.620258031043495, 58.456627581705227 ], [ 14.622740551629372, 58.460241964786263 ], [ 14.673516484369264, 58.509965575828659 ], [ 14.778931341132603, 58.645993046244712 ], [ 14.712260146784086, 58.689984497161966 ], [ 14.703536213019049, 58.693734805121366 ], [ 14.697927728986976, 58.698382272183053 ], [ 14.698678216844117, 58.700619808532636 ], [ 14.691505552815567, 58.711035488282882 ], [ 14.690146353782779, 58.716437569275008 ], [ 14.695234628416168, 58.721406065067313 ], [ 14.690890623320332, 58.728847357883311 ], [ 14.691081475672128, 58.73967666918476 ], [ 14.621587198473721, 58.737117444745785 ], [ 14.62583848741653, 58.694707154709292 ], [ 14.611664671305411, 58.692574319430214 ], [ 14.597607756645363, 58.686616223569054 ], [ 14.577491054748959, 58.681514673255712 ], [ 14.549112694926347, 58.678125223953366 ], [ 14.538835911158268, 58.675797820048615 ], [ 14.535215018028369, 58.677535379661641 ], [ 14.554772068741967, 58.704451206514236 ], [ 14.554660525287455, 58.708041488524152 ], [ 14.545965882260409, 58.718021511251187 ], [ 14.536532973112285, 58.71400533788556 ], [ 14.526992742533741, 58.72285348347495 ], [ 14.514499507891582, 58.723137374642953 ], [ 14.511128171097457, 58.71723612438047 ], [ 14.505274134823464, 58.713675542896944 ], [ 14.493732721465873, 58.711964811147858 ], [ 14.476765527884007, 58.713644905108602 ], [ 14.47043531725647, 58.722566934628411 ], [ 14.475995727447264, 58.736990040547568 ], [ 14.470631575391547, 58.780955988453883 ], [ 14.438635629312417, 58.793011048822812 ], [ 14.420832241066043, 58.79485923759102 ], [ 14.395201874923814, 58.821561985091691 ], [ 14.382764321492292, 58.830197464474928 ], [ 14.389151276541247, 58.845531176810368 ], [ 14.381387541134716, 58.844332416438846 ], [ 14.366668952851469, 58.844187148529251 ], [ 14.359521382759306, 58.850877103233145 ], [ 14.361066995229439, 58.853390441987791 ], [ 14.370030336008735, 58.858814667666294 ], [ 14.376753814198015, 58.864716287946287 ], [ 14.3814433969899, 58.86701271292786 ], [ 14.389887138875253, 58.861027128942766 ], [ 14.397599826701221, 58.863580530232127 ], [ 14.396586693222748, 58.867609783301916 ], [ 14.392659332300088, 58.868698157923781 ], [ 14.3845844680647, 58.875801313518636 ], [ 14.384952256123942, 58.877825517793553 ], [ 14.394456847695874, 58.879043024374937 ], [ 14.396938108121187, 58.88198810333089 ], [ 14.386001703412017, 58.884795348733292 ], [ 14.379566374649919, 58.882713304825899 ], [ 14.373480432003968, 58.883103878076319 ], [ 14.371569183829102, 58.88779637264048 ], [ 14.353814329943718, 58.898399208085607 ], [ 14.34476785187521, 58.89651052515476 ], [ 14.337821569798574, 58.896665248430153 ], [ 14.335537483582131, 58.899790743836661 ], [ 14.324080077144373, 58.904382603719746 ], [ 14.325187061576496, 58.909333485885675 ], [ 14.321692797151206, 58.921198932535596 ], [ 14.286326979351674, 58.948451109902635 ], [ 14.291075293344981, 58.982409684251117 ], [ 14.295989765697044, 59.012778412311306 ], [ 14.267089641751925, 59.016738979221358 ], [ 14.233073096429706, 59.028496334058119 ], [ 14.229434178051749, 59.032276976950968 ], [ 14.224121437019377, 59.044791183166801 ], [ 14.193300470502292, 59.04175365540258 ], [ 14.176315410927474, 59.041334673886041 ], [ 14.168400716276366, 59.043264077468649 ], [ 14.164332461973714, 59.046364126096094 ], [ 14.152346014792858, 59.051392449510196 ], [ 14.138335201263065, 59.052802172859543 ], [ 14.128890595959076, 59.049546740911971 ], [ 14.121455328399973, 59.05013270443682 ], [ 14.097125503389618, 59.048045385110349 ], [ 14.084912030976009, 59.048341691480339 ], [ 14.073500913572628, 59.050003395868387 ], [ 14.058433188522901, 59.044027673962788 ], [ 14.049720875069619, 59.044026625175356 ], [ 14.037580042771285, 59.042375508754532 ], [ 14.034245222444071, 59.039335472682005 ], [ 14.034831367282731, 59.035478041968609 ], [ 14.041043963696396, 59.030763554217991 ], [ 14.041060099299537, 59.028070087254008 ], [ 13.98835747064445, 59.030035122958424 ], [ 13.955236722361549, 59.032147731392016 ], [ 13.589987432832954, 59.05944364942895 ], [ 13.453775607323255, 58.977516021546457 ], [ 13.423320403614197, 58.957587520234739 ], [ 13.338150977590633, 58.813299848921361 ], [ 13.425616419650444, 58.745767940123237 ], [ 13.254571702611704, 58.725618222510825 ], [ 13.180535703485736, 58.755471971530696 ], [ 13.152384121811913, 58.754976172074805 ], [ 12.898772937820164, 58.814358151689618 ], [ 12.770775409247241, 59.041068715623368 ], [ 12.772788870753736, 59.05626099316023 ], [ 12.768560686114983, 59.063851270064539 ], [ 12.761539890056751, 59.108241539076438 ], [ 12.753786985246267, 59.116467266112984 ], [ 12.755215890314661, 59.124558509167272 ], [ 12.754519564354313, 59.130614544127276 ], [ 12.737931306185342, 59.140993822737897 ], [ 12.723298133371614, 59.14644101531939 ], [ 12.711650206290122, 59.153053756182658 ], [ 12.695169739492352, 59.170832508149566 ], [ 12.686790560353671, 59.172535876885583 ], [ 12.669933030023749, 59.177950859125318 ], [ 12.657383033465262, 59.175113873255114 ], [ 12.654296211193927, 59.175757636732683 ], [ 12.655170826002285, 59.18564242183777 ], [ 12.649463719979536, 59.186024859412903 ], [ 12.63354924109915, 59.180004521607202 ], [ 12.624330811394861, 59.170912413328743 ], [ 12.624954388312828, 59.166651620219319 ], [ 12.628549773907206, 59.164673512497153 ], [ 12.620573572573853, 59.156949957906193 ], [ 12.618157822542178, 59.152650491038592 ], [ 12.619841655473486, 59.144139659015458 ], [ 12.616074439979416, 59.140283053795045 ], [ 12.599014781516118, 59.131094625722035 ], [ 12.588641735899637, 59.128951229357405 ], [ 12.591180227750669, 59.120893065787094 ], [ 12.585613862953505, 59.118580950545436 ], [ 12.580623019089364, 59.11312966618717 ], [ 12.574976886111109, 59.112611793192059 ], [ 12.565297488237237, 59.114292764000098 ], [ 12.557554182691881, 59.121160187365184 ], [ 12.548264978181255, 59.124561098684993 ], [ 12.537081278689442, 59.125564390454777 ], [ 12.527526110021423, 59.12819354015484 ], [ 12.481734794612068, 59.126938197832793 ], [ 12.456575080998221, 59.132229398536914 ], [ 12.467973659118924, 59.140465116564151 ], [ 12.45860398696707, 59.144383320637566 ], [ 12.459945665492203, 59.15248561482084 ], [ 12.450295497608431, 59.157927845957005 ], [ 12.432807125927903, 59.162006976443671 ], [ 12.424903836651268, 59.163023172189078 ], [ 12.416364941638191, 59.167624973290089 ], [ 12.42210327049, 59.174890196250047 ], [ 12.42909026163704, 59.175206897317892 ], [ 12.449259286668783, 59.17344352732124 ], [ 12.455389059016051, 59.173934301687268 ], [ 12.461507545135625, 59.183044661704471 ], [ 12.45929717193939, 59.192214296393672 ], [ 12.440376876528456, 59.19443851927219 ], [ 12.436504101005687, 59.193044376602288 ], [ 12.422973086743243, 59.192638677099069 ], [ 12.407511664750894, 59.186817456804469 ], [ 12.383342473278036, 59.180423619500779 ], [ 12.366484418426984, 59.17659993623591 ], [ 12.349564217383129, 59.17412001399606 ], [ 12.33768271435687, 59.175303516652072 ], [ 12.319200184445412, 59.185598951322525 ], [ 12.316005318943313, 59.188253428596049 ], [ 12.31334636968265, 59.196968942550463 ], [ 12.309377163079221, 59.197589894803286 ], [ 12.29606433225203, 59.196242425866267 ], [ 12.284994968574001, 59.189617453341967 ], [ 12.277709526960399, 59.188269623802142 ], [ 12.270437248014602, 59.190524668014206 ], [ 12.259958590855247, 59.19784912901406 ], [ 12.255476279094619, 59.206262338530294 ], [ 12.254189476429316, 59.217458323600589 ], [ 12.248696935885761, 59.21954528048682 ], [ 12.243749353275861, 59.22816107357017 ], [ 12.245199546129058, 59.230896306204613 ], [ 12.239351601382728, 59.23971191200453 ], [ 12.238796877339473, 59.25206001705471 ], [ 12.236438293844293, 59.257161626724887 ], [ 12.228609177954535, 59.256694843514353 ], [ 12.225461938169348, 59.261100713617019 ], [ 12.213845132076504, 59.262765960857905 ], [ 12.208773892903368, 59.257441341191111 ], [ 12.210108891652723, 59.253434981251544 ], [ 12.185533554293539, 59.249760750002181 ], [ 12.136503990822192, 59.252510109784751 ], [ 12.123624803840672, 59.250088190529418 ], [ 12.116693910173026, 59.253018617782637 ], [ 12.103191024526659, 59.25214943007763 ], [ 12.081042039652193, 59.257519008996873 ], [ 12.082409480706039, 59.253514619459388 ], [ 12.084280380259989, 59.227051360298333 ], [ 12.08863701366802, 59.22359079305636 ], [ 12.091688624239097, 59.216489526997698 ], [ 12.089633117883261, 59.211704242480707 ], [ 12.092677134396297, 59.208206015154701 ], [ 12.096011395079085, 59.198641695423028 ], [ 12.106950884593324, 59.195161859658953 ], [ 12.096652078805368, 59.18967431321412 ], [ 12.089089724662871, 59.183365682845924 ], [ 12.084631938874539, 59.17670531454722 ], [ 12.052998320855954, 59.188509502078034 ], [ 12.046154499383842, 59.194367990218687 ], [ 12.032209879431218, 59.200891609358877 ], [ 12.029902576224861, 59.212730986975174 ], [ 12.011566693140802, 59.212142655652585 ], [ 11.998146106331598, 59.221383005798856 ], [ 11.965977035501661, 59.236979742078255 ], [ 11.948238061199319, 59.248990259424112 ], [ 11.943532470230901, 59.240969404539349 ], [ 11.944647817699709, 59.235610703328469 ], [ 11.931622117315854, 59.22753946873631 ], [ 11.924496268243759, 59.224828482943515 ], [ 11.903219640428301, 59.223229367198471 ], [ 11.879484286086834, 59.227169132994888 ], [ 11.868923077847292, 59.230866557435277 ], [ 11.862757291785384, 59.231110899428899 ], [ 11.835859119241452, 59.235611879964523 ], [ 11.826179189302721, 59.237854525789345 ] ] ] } },
{ "type": "Feature", "properties": { "geo_point_2d": { "lon": 13.533316477920126, "lat": 55.861752178731713 }, "year": "2022", "geo_id": "12", "geo_name": "Skåne län", "geo_type": "county" }, "geometry": { "type": "Polygon", "coordinates": [ [ [ 13.462638562713623, 56.428185900352268 ], [ 13.438137031075055, 56.418938971472855 ], [ 13.408135027160865, 56.415977240982805 ], [ 13.405217060792859, 56.41479780574776 ], [ 13.387270344703229, 56.414727496515994 ], [ 13.375069985434781, 56.409116561047824 ], [ 13.346724746947976, 56.390490859623448 ], [ 13.34017098495706, 56.38883337043179 ], [ 13.314684863098414, 56.387088375345883 ], [ 13.304638732450668, 56.385156590271365 ], [ 13.29237903988566, 56.380061621700634 ], [ 13.251377383991851, 56.357777814830555 ], [ 13.255312069812195, 56.353294909588598 ], [ 13.251760458282014, 56.348513992227126 ], [ 13.246944496170956, 56.346258360679151 ], [ 13.228936060493901, 56.332615138675813 ], [ 13.216685534204629, 56.327238501774467 ], [ 13.195946604736442, 56.323568674577544 ], [ 13.188196749572656, 56.325291782008655 ], [ 13.186330849578368, 56.332934014404294 ], [ 13.182578937453851, 56.339997208699522 ], [ 13.168402670929392, 56.343128147279366 ], [ 13.154610161196901, 56.35089273270863 ], [ 13.146557471862215, 56.353370524145419 ], [ 13.131969947469816, 56.355383455177503 ], [ 13.117504858110987, 56.354055067822451 ], [ 13.110620306414713, 56.352234301068215 ], [ 13.107630669095343, 56.35349443814976 ], [ 13.07383324608216, 56.351607956641871 ], [ 13.048740667066081, 56.355288212268405 ], [ 13.034046073730764, 56.354843415340284 ], [ 12.980466115387006, 56.358462095663768 ], [ 12.978096672035132, 56.363300356262847 ], [ 12.974134633211909, 56.36649385362616 ], [ 12.965047003138153, 56.368284944468662 ], [ 12.950140297487527, 56.369262982725687 ], [ 12.953887070949238, 56.375207559126288 ], [ 12.963173355420633, 56.382730313102869 ], [ 12.968328408606576, 56.389465935636757 ], [ 12.96382607339463, 56.393257751739306 ], [ 12.954466327962145, 56.392719273328957 ], [ 12.962820707615117, 56.404591738585566 ], [ 12.970206891953582, 56.410322650277074 ], [ 12.967563630817564, 56.412436513676447 ], [ 12.958143062406041, 56.4133525537883 ], [ 12.962662714897379, 56.418326163837598 ], [ 12.965951030832111, 56.42767852590719 ], [ 12.954526838261499, 56.430776698959015 ], [ 12.956361401283491, 56.440630476761015 ], [ 12.950114462198041, 56.441794082979492 ], [ 12.94442913649279, 56.440014270693197 ], [ 12.934918872498185, 56.441160173507797 ], [ 12.898875693279249, 56.449107913388239 ], [ 12.89207600599422, 56.452519945222598 ], [ 12.797266503279776, 56.552959348085757 ], [ 12.241176860262575, 56.557670242769468 ], [ 12.184094889857125, 56.477363497545319 ], [ 12.11745678167315, 56.383160860840675 ], [ 12.32591227759915, 56.301415708397144 ], [ 12.335306074138833, 56.276811992988208 ], [ 12.346144410188121, 56.265387418961929 ], [ 12.363814890000981, 56.252058401210668 ], [ 12.379182725460886, 56.244127362436814 ], [ 12.397470701444673, 56.237218705822428 ], [ 12.360744103416605, 56.216185942041619 ], [ 12.469987638374668, 56.146525101112275 ], [ 12.503138839935277, 56.130161974311356 ], [ 12.539310894133058, 56.115011643209861 ], [ 12.584222065726864, 56.091524441897434 ], [ 12.629080536054289, 56.063509062536809 ], [ 12.644804963042478, 56.055483981105702 ], [ 12.652583494389905, 56.045780217514199 ], [ 12.655141561131787, 56.040993002452943 ], [ 12.656174067202704, 56.032662079692741 ], [ 12.652633882687505, 56.011139045024088 ], [ 12.649562215137557, 55.963270592660749 ], [ 12.645796281306957, 55.925565575921418 ], [ 12.662231187378637, 55.906440962490329 ], [ 12.678248939444028, 55.892291193334557 ], [ 12.688834807482023, 55.870974554095937 ], [ 12.698834801467301, 55.835839168226016 ], [ 12.759491135457882, 55.780007153524679 ], [ 12.847339242574728, 55.698512293128005 ], [ 12.89570817768522, 55.64353356950992 ], [ 12.881848082999486, 55.61354967658383 ], [ 12.729931415660596, 55.540202231455083 ], [ 12.71812843269006, 55.498323644598955 ], [ 12.71568027370366, 55.488556161692067 ], [ 12.612194025488593, 55.43204288738302 ], [ 12.641727965670039, 55.336893515317463 ], [ 12.694464034107211, 55.349770686647133 ], [ 12.69537882138861, 55.347981264294127 ], [ 12.693977860321924, 55.33498715021522 ], [ 12.697413379660372, 55.321215068414055 ], [ 12.703250749671261, 55.31131810119237 ], [ 12.711728129213578, 55.302063619439032 ], [ 12.71874360083155, 55.296364085350987 ], [ 12.845090622057937, 55.204979279262417 ], [ 12.922974500124022, 55.148370250960127 ], [ 12.941247195145573, 55.152209996552173 ], [ 12.963496977332412, 55.15785271860117 ], [ 12.995454343091605, 55.168226914748892 ], [ 13.024490370719269, 55.165388665664281 ], [ 13.053915540162699, 55.163900241801358 ], [ 13.081611372830777, 55.163829439810016 ], [ 13.101906025342386, 55.161842185735622 ], [ 13.132947962824399, 55.160139775474228 ], [ 13.144776498115601, 55.157157559498387 ], [ 13.175879177389417, 55.151228428624783 ], [ 13.207698143389093, 55.146924173114755 ], [ 13.312933054631337, 55.138745077078688 ], [ 13.343614343605854, 55.137212683627148 ], [ 13.37443022091459, 55.137292622703981 ], [ 13.405153199868096, 55.138917403624298 ], [ 13.435446918765772, 55.141999621092566 ], [ 13.463785801160007, 55.146123895315199 ], [ 13.491473370011407, 55.15156791855469 ], [ 13.518154621082903, 55.158271532814688 ], [ 13.537580953410579, 55.164367166351489 ], [ 13.589783321491293, 55.178194058661575 ], [ 13.611407095579247, 55.185530574943371 ], [ 13.680474845980946, 55.193358203546431 ], [ 13.708032844651703, 55.19794152206785 ], [ 13.734824351427848, 55.203790314325914 ], [ 13.760616113331887, 55.21090115608596 ], [ 13.785414076041082, 55.21919390961358 ], [ 13.820033497930696, 55.217336801447672 ], [ 13.835718039318962, 55.217380472473025 ], [ 13.854805346169732, 55.217430897313264 ], [ 13.88311543244231, 55.207162371134245 ], [ 13.912985256381667, 55.198465855436773 ], [ 13.944175753315104, 55.19147130973419 ], [ 13.976452402466133, 55.186228088523492 ], [ 14.009347545623051, 55.182746372157958 ], [ 14.042737534294206, 55.181077739361214 ], [ 14.080712502714665, 55.181398311882774 ], [ 14.101596447008276, 55.179357630725342 ], [ 14.125813062203344, 55.177908886258244 ], [ 14.150147069622257, 55.177425764364983 ], [ 14.168500333499763, 55.177704599799448 ], [ 14.218679142442106, 55.218532379793324 ], [ 14.319344064766618, 55.300125017597033 ], [ 14.403545914314662, 55.368055283754487 ], [ 14.504971832992329, 55.449493749785368 ], [ 14.572821172016333, 55.50373786307226 ], [ 14.700639593642515, 55.605421498878705 ], [ 14.690487092966611, 55.624884112589037 ], [ 14.678436069301604, 55.642083124041285 ], [ 14.636942163156437, 55.687711916595653 ], [ 14.627135048921504, 55.69657362032752 ], [ 14.623582016769783, 55.707318377851941 ], [ 14.613419885104477, 55.72756529514092 ], [ 14.605599049076684, 55.741232193888749 ], [ 14.594424626582747, 55.755000301696299 ], [ 14.533089885569121, 56.013097147239684 ], [ 14.532876313235617, 56.03761607003068 ], [ 14.53993950891758, 56.042404348053701 ], [ 14.542604545742046, 56.045799941854746 ], [ 14.541806044955212, 56.055492382268596 ], [ 14.546769014982209, 56.061803604749684 ], [ 14.553491597116547, 56.066389981722786 ], [ 14.552732640647335, 56.074933146895759 ], [ 14.556565008295939, 56.083055789706428 ], [ 14.561332329273766, 56.084657839439643 ], [ 14.579091246289938, 56.09803909610995 ], [ 14.578423868914525, 56.111433495794707 ], [ 14.58103399656745, 56.120351508286987 ], [ 14.585925046034548, 56.129902766149065 ], [ 14.579559433017245, 56.140411391804783 ], [ 14.579777994344521, 56.144661985445012 ], [ 14.58274117384768, 56.150143357952373 ], [ 14.577877072244718, 56.162894243623725 ], [ 14.581004413253925, 56.174377119618896 ], [ 14.570579852506226, 56.205664811968546 ], [ 14.564510619665324, 56.213957097299669 ], [ 14.56695479417246, 56.22462501586201 ], [ 14.529931198245327, 56.221419298313592 ], [ 14.52165558266954, 56.219654036125682 ], [ 14.515947155593098, 56.216828214832958 ], [ 14.509054173170503, 56.220465626616871 ], [ 14.487401440032029, 56.227574857079333 ], [ 14.468400375899723, 56.238418564924139 ], [ 14.463983761550008, 56.2369605704707 ], [ 14.466313373356279, 56.228902116144369 ], [ 14.464149493309641, 56.225303854800536 ], [ 14.442978417344944, 56.22897950224786 ], [ 14.437781122787838, 56.232290352693241 ], [ 14.438374353032584, 56.23600645061147 ], [ 14.430227124957257, 56.243730397008861 ], [ 14.427106861282736, 56.249758464725687 ], [ 14.43513945647658, 56.252066251260224 ], [ 14.429710901162242, 56.254970025455904 ], [ 14.42668800106278, 56.261403347912818 ], [ 14.428631882635218, 56.271529639216219 ], [ 14.428300008170716, 56.28075933236471 ], [ 14.426814923243382, 56.284784639879376 ], [ 14.429970711453354, 56.288187964353824 ], [ 14.425267949977053, 56.290964897851644 ], [ 14.411171167281973, 56.292217028179799 ], [ 14.40661633229224, 56.293988958235147 ], [ 14.407822479124388, 56.304304807674924 ], [ 14.390578562916685, 56.301818509424209 ], [ 14.396006450086025, 56.318928067336905 ], [ 14.401986608553011, 56.331256254211027 ], [ 14.406295591095194, 56.335885753848096 ], [ 14.405846971498859, 56.345042160728681 ], [ 14.411673831670663, 56.354673503599436 ], [ 14.413898000742774, 56.366886803957819 ], [ 14.419556717201077, 56.368369359032641 ], [ 14.419015178855005, 56.374978376786295 ], [ 14.420674203048511, 56.38495770462319 ], [ 14.415640682550407, 56.392962472965877 ], [ 14.413598802587481, 56.393500920643902 ], [ 14.414190963555892, 56.40057171708294 ], [ 14.425523722737717, 56.400716361138116 ], [ 14.454410163196991, 56.407375649214828 ], [ 14.472771149898803, 56.408059408423497 ], [ 14.488172767283874, 56.424831030516287 ], [ 14.496840954902225, 56.439823257740237 ], [ 14.498450872483776, 56.444995651035292 ], [ 14.507146452375716, 56.446901244902286 ], [ 14.511115394814224, 56.45774751173925 ], [ 14.514671182654157, 56.460038918130692 ], [ 14.507327524824813, 56.460842488901967 ], [ 14.493793047369648, 56.464274784180475 ], [ 14.478394642517204, 56.463859544727875 ], [ 14.470636185153753, 56.464881048131694 ], [ 14.456491836947093, 56.473018075351781 ], [ 14.447683021013956, 56.47020955495627 ], [ 14.436337851020433, 56.469833400639253 ], [ 14.396593038718917, 56.47830727945076 ], [ 14.366836121160866, 56.481055584603325 ], [ 14.337758486088505, 56.486274798398988 ], [ 14.318751909563632, 56.493656132608542 ], [ 14.28641225776855, 56.498815325623497 ], [ 14.280776691287839, 56.497614526546684 ], [ 14.276786934606481, 56.504750914953362 ], [ 14.265713469039996, 56.50706610399164 ], [ 14.241531250806798, 56.494359865535088 ], [ 14.232346603955479, 56.491082171886255 ], [ 14.226548444177892, 56.49346959401344 ], [ 14.199589378757578, 56.496662628089666 ], [ 14.192276803006807, 56.496783376942631 ], [ 14.185610154424591, 56.493561851655002 ], [ 14.165658494717029, 56.49722501413256 ], [ 14.163256441451937, 56.501324984589019 ], [ 14.146990548530781, 56.506731493563869 ], [ 14.142207316046758, 56.507556723320761 ], [ 14.126574165803016, 56.506241509063869 ], [ 14.121420116073578, 56.510519030428917 ], [ 14.117729406109776, 56.517986912331899 ], [ 14.121007632031775, 56.521826344869858 ], [ 14.119175178612394, 56.524940700093232 ], [ 14.106164390447374, 56.529968463623213 ], [ 14.092708953374348, 56.532976760197506 ], [ 14.065768742981058, 56.528816339448902 ], [ 14.062936004275544, 56.527105944232424 ], [ 14.062950436230212, 56.516044616610209 ], [ 14.056793859466813, 56.510905576890501 ], [ 14.05526686990588, 56.499629365931348 ], [ 14.047983225748144, 56.494536835448152 ], [ 14.042127851489708, 56.48490566347099 ], [ 14.030086561760083, 56.475428352344395 ], [ 14.02596910301332, 56.468691039474365 ], [ 14.017822977636389, 56.470329984955704 ], [ 14.00377060795736, 56.467822759690847 ], [ 13.982232739145136, 56.46740933279473 ], [ 13.971146817798846, 56.468898699423875 ], [ 13.969967083357279, 56.467453053152568 ], [ 13.952830864153663, 56.467337595742045 ], [ 13.926396047681269, 56.457670116083015 ], [ 13.921742176652229, 56.458650491386024 ], [ 13.901452945121896, 56.456903543114869 ], [ 13.889730005685632, 56.45243387217986 ], [ 13.888524013105872, 56.448723394369267 ], [ 13.877535667080396, 56.440756170849561 ], [ 13.876690428256721, 56.437316155840378 ], [ 13.824317607670592, 56.442643741488709 ], [ 13.794464995704375, 56.448303044504321 ], [ 13.759502106155916, 56.444223439315444 ], [ 13.727618103147158, 56.433892973104307 ], [ 13.700581187836475, 56.427746254508484 ], [ 13.69616972051859, 56.424747306207983 ], [ 13.68394872401584, 56.424215415622982 ], [ 13.658587343441145, 56.420679688203208 ], [ 13.628253665296734, 56.418053138500468 ], [ 13.601168399625966, 56.41204530823903 ], [ 13.596820686259873, 56.415866666798138 ], [ 13.580357275328822, 56.409409702596356 ], [ 13.571205789334853, 56.410417417022089 ], [ 13.55142314926966, 56.405028571216725 ], [ 13.541285717519878, 56.404125129940482 ], [ 13.53131590348716, 56.406664591886056 ], [ 13.529776525846328, 56.409277468770227 ], [ 13.522785823670215, 56.411587941675243 ], [ 13.511671430344776, 56.411315402385242 ], [ 13.501708034906329, 56.40567763368287 ], [ 13.47265987057177, 56.421933632527868 ], [ 13.469841205102483, 56.426264545605576 ], [ 13.462638562713623, 56.428185900352268 ] ] ] } },
{ "type": "Feature", "properties": { "geo_point_2d": { "lon": 17.847218628446416, "lat": 60.205527415764401 }, "year": "2022", "geo_id": "03", "geo_name": "Uppsala län", "geo_type": "county" }, "geometry": { "type": "Polygon", "coordinates": [ [ [ 16.703822014177348, 60.195721024374556 ], [ 16.715449429772086, 60.185902944995824 ], [ 16.73392441478363, 60.16548926976855 ], [ 16.733827798506539, 60.162061113677709 ], [ 16.739763262752653, 60.152253549003632 ], [ 16.739140472921498, 60.144251326267607 ], [ 16.745493869918104, 60.135382993164619 ], [ 16.726330739504405, 60.120644213637476 ], [ 16.733383415531936, 60.117498286380744 ], [ 16.731066961928029, 60.111859578346817 ], [ 16.704391925261628, 60.107662929584677 ], [ 16.713731294903251, 60.089629184727123 ], [ 16.691062793882718, 60.083319943693319 ], [ 16.707929697792562, 60.069338042651914 ], [ 16.716227954243084, 60.057630244201469 ], [ 16.710404314567384, 60.056727696339472 ], [ 16.726854832157716, 60.042746077146319 ], [ 16.724828874974154, 60.02794952252156 ], [ 16.719626388869052, 60.014925264298448 ], [ 16.715069679244429, 60.010917414184078 ], [ 16.723418295929484, 60.001641181588575 ], [ 16.732833607469868, 60.001844750168154 ], [ 16.733968398224977, 59.98924316805509 ], [ 16.736610704522239, 59.983165621978515 ], [ 16.744956151186226, 59.978663315960731 ], [ 16.752158607721281, 59.976861541132244 ], [ 16.772238300744441, 59.97449900835894 ], [ 16.789549280542197, 59.965215366287936 ], [ 16.785456189208684, 59.963019663523283 ], [ 16.778546772234865, 59.965494346156476 ], [ 16.771152466330122, 59.964875389090352 ], [ 16.766530275229783, 59.958580801718988 ], [ 16.760212927241188, 59.953644769561706 ], [ 16.760541398913453, 59.950752027207834 ], [ 16.767231396567425, 59.950030256461638 ], [ 16.770956840540922, 59.953835959909448 ], [ 16.778499725518717, 59.954723111876149 ], [ 16.784345245850261, 59.95266024201878 ], [ 16.790105789263592, 59.942922967221271 ], [ 16.794546189661681, 59.943634816575866 ], [ 16.801835154433824, 59.909245311085996 ], [ 16.786991455099166, 59.905918602063956 ], [ 16.778021841691938, 59.90598501177314 ], [ 16.772865012075432, 59.894578032424292 ], [ 16.780858250018952, 59.888729386095598 ], [ 16.797676840002797, 59.881871605765411 ], [ 16.799577042313562, 59.869541592278139 ], [ 16.814362999867299, 59.866736336645118 ], [ 16.825871170216224, 59.862473689759703 ], [ 16.836772306722519, 59.860028028220945 ], [ 16.818492551055851, 59.852835963390923 ], [ 16.811788537447857, 59.852411572369292 ], [ 16.800047760206908, 59.844628304281663 ], [ 16.812001793174439, 59.837598687566242 ], [ 16.812443311881299, 59.834498409127107 ], [ 16.807054116167233, 59.833193013809058 ], [ 16.807403122524001, 59.826996556631428 ], [ 16.800401235480088, 59.82537101786582 ], [ 16.809401464860372, 59.817555973225232 ], [ 16.803671412412829, 59.813694722934578 ], [ 16.795546561096199, 59.814967879288936 ], [ 16.789976949808882, 59.811643443459616 ], [ 16.781638968554173, 59.809892268040848 ], [ 16.785542867269001, 59.806290604205884 ], [ 16.768111722822788, 59.80426482400005 ], [ 16.764574504120965, 59.802073435531057 ], [ 16.765811658416432, 59.798626410852364 ], [ 16.7610256933526, 59.79509755795155 ], [ 16.751721353634675, 59.791726757284778 ], [ 16.733720904159455, 59.778461982649382 ], [ 16.727350278514741, 59.775338058267273 ], [ 16.735445707937256, 59.773261386822881 ], [ 16.74642518050161, 59.764906971933968 ], [ 16.766629417903726, 59.752705399296346 ], [ 16.77758837016664, 59.744141987092888 ], [ 16.783448714401089, 59.73043611554354 ], [ 16.780312436998763, 59.723457633981688 ], [ 16.781936306641093, 59.719406096177472 ], [ 16.787851111957057, 59.716866518225991 ], [ 16.807491756256681, 59.71402525847094 ], [ 16.815330188163426, 59.708785711514636 ], [ 16.820131910487685, 59.700131083370096 ], [ 16.820377498617653, 59.694743144152959 ], [ 16.823821056294264, 59.690003714116941 ], [ 16.833203224340405, 59.683260921929808 ], [ 16.836117462594437, 59.682771302100754 ], [ 16.847755104762857, 59.671638013122077 ], [ 16.853894147850216, 59.667612408571841 ], [ 16.856049215824061, 59.659920017858575 ], [ 16.859241563655594, 59.655926671915303 ], [ 16.864120982362557, 59.641883531913557 ], [ 16.872689326276276, 59.630835410996973 ], [ 16.873472101138567, 59.626457298999135 ], [ 16.882106665384239, 59.617697077857748 ], [ 16.886748781417481, 59.605001424573985 ], [ 16.892155164500924, 59.599642379737453 ], [ 16.917423898226193, 59.564689484968369 ], [ 16.921516366971659, 59.547750899371202 ], [ 16.925727552740465, 59.546772357559199 ], [ 16.964902291873123, 59.521322366398671 ], [ 16.98609425469985, 59.517497206494944 ], [ 16.997455550839604, 59.511976499481136 ], [ 17.029838040293996, 59.509258216469853 ], [ 17.037983086816588, 59.511273474029046 ], [ 17.045688143507277, 59.516676854960082 ], [ 17.064343950664853, 59.511529812850952 ], [ 17.077420789838861, 59.521956259195385 ], [ 17.083840219621226, 59.530511992426561 ], [ 17.117490181464589, 59.526408601436799 ], [ 17.129703726611186, 59.520163016129437 ], [ 17.141995073986681, 59.515998239994552 ], [ 17.153244907827059, 59.500625623856983 ], [ 17.156225428746311, 59.489700669684623 ], [ 17.160692077003986, 59.485749242592249 ], [ 17.182160209559704, 59.479806341207357 ], [ 17.208840103620098, 59.46228571149048 ], [ 17.2916206605538, 59.446692192161748 ], [ 17.312262889948791, 59.437899916631892 ], [ 17.337402120972911, 59.441513019950428 ], [ 17.35339717552073, 59.438568300638167 ], [ 17.357811410353222, 59.433730669705973 ], [ 17.365345237782677, 59.416672500443909 ], [ 17.389671522375593, 59.414027463688676 ], [ 17.383998014100609, 59.397325113313251 ], [ 17.416118188420395, 59.384138943462816 ], [ 17.431075375386829, 59.395876568265436 ], [ 17.426140201954098, 59.41714435365661 ], [ 17.426377680716367, 59.4276458345566 ], [ 17.436309301616753, 59.441797483019414 ], [ 17.453966852729309, 59.446020121831012 ], [ 17.48916830805171, 59.441261761008036 ], [ 17.504659858272706, 59.441537080719591 ], [ 17.502676405662388, 59.460013219196171 ], [ 17.465709505239801, 59.507551431804444 ], [ 17.486973870854545, 59.512487208192113 ], [ 17.512599635315613, 59.516195587404539 ], [ 17.51736267319054, 59.518494638585366 ], [ 17.527139202427406, 59.531088540240823 ], [ 17.541782445132306, 59.537431291532521 ], [ 17.548926434358268, 59.549789193342434 ], [ 17.56933584585153, 59.547091705337152 ], [ 17.572586624180285, 59.553449410638038 ], [ 17.581460133811152, 59.560736473827056 ], [ 17.553900009110563, 59.574098828596604 ], [ 17.527458666155795, 59.589334859686915 ], [ 17.520126409219888, 59.601820831813278 ], [ 17.520096510432282, 59.608886999832087 ], [ 17.5117315746134, 59.611626727626124 ], [ 17.513885201497676, 59.62264173298842 ], [ 17.536952317289852, 59.63452249431856 ], [ 17.55664903808881, 59.637223784156411 ], [ 17.570770911482732, 59.637707844642577 ], [ 17.591429244699263, 59.648740761502481 ], [ 17.577295758776657, 59.653179087324943 ], [ 17.572026578515004, 59.656545136002379 ], [ 17.572182231769634, 59.659505832557045 ], [ 17.576774558773526, 59.663484107733822 ], [ 17.59527342615489, 59.663304934470936 ], [ 17.60897344242337, 59.670587271488046 ], [ 17.625012702867899, 59.674406111470219 ], [ 17.630276883315847, 59.680465203599866 ], [ 17.62909400274399, 59.693006340180965 ], [ 17.658418087831265, 59.693332013837306 ], [ 17.67198443708142, 59.690715694737413 ], [ 17.67921318992359, 59.69135793602976 ], [ 17.698585861342831, 59.687506610953577 ], [ 17.703745707560042, 59.684541037347195 ], [ 17.722437939758205, 59.683191981840601 ], [ 17.728466903221189, 59.662902080218259 ], [ 17.739260321171255, 59.665437027155242 ], [ 17.743985849917408, 59.66428987351199 ], [ 17.751313462332586, 59.659665170212094 ], [ 17.758848842738534, 59.663530740565228 ], [ 17.76043712116531, 59.667951512642205 ], [ 17.772351855559531, 59.685012483112601 ], [ 17.777160707939224, 59.689788808951107 ], [ 17.796947446875297, 59.686527175306459 ], [ 17.813343737734037, 59.680082066857466 ], [ 17.816407782495986, 59.677880247054574 ], [ 17.832200841482742, 59.68127374015539 ], [ 17.835250149057295, 59.685599300758582 ], [ 17.833684390202503, 59.690543889524264 ], [ 17.85142808178303, 59.697541419680761 ], [ 17.868856258598541, 59.699288929905407 ], [ 17.890085790112632, 59.70642406718882 ], [ 17.894289573039604, 59.709724370256986 ], [ 17.914704620605203, 59.709936799747638 ], [ 17.923676457347021, 59.710735194826533 ], [ 17.937588492401527, 59.713473151656203 ], [ 17.946025083637622, 59.711989048177557 ], [ 17.954712229294195, 59.718581499827522 ], [ 17.97589181530374, 59.722543215556001 ], [ 17.984153044341785, 59.728467396684493 ], [ 17.998953825718875, 59.728562300148546 ], [ 18.003610277191008, 59.732318595944818 ], [ 18.002903001260801, 59.735904167252976 ], [ 18.013917889355177, 59.73895200237515 ], [ 18.020883824484986, 59.745569189341531 ], [ 18.025095407974458, 59.744689986187481 ], [ 18.028914300989207, 59.739776597823777 ], [ 18.040759259341005, 59.737348743292699 ], [ 18.04956276767194, 59.737333365100383 ], [ 18.04428770922544, 59.74436438870115 ], [ 18.05729460309966, 59.743333997001578 ], [ 18.072548820004357, 59.740036644246082 ], [ 18.084487070978192, 59.73902195527954 ], [ 18.090712520590998, 59.74605250942291 ], [ 18.091820383377392, 59.750549914856244 ], [ 18.107327548593094, 59.756879155010381 ], [ 18.104543837275685, 59.762989047891594 ], [ 18.104834866204886, 59.767222282144807 ], [ 18.116500091316958, 59.783252705558311 ], [ 18.115609394683325, 59.79175399767329 ], [ 18.119498590758688, 59.803403880109215 ], [ 18.129703592596453, 59.817636115217304 ], [ 18.133002903030921, 59.818924729107934 ], [ 18.196076976253213, 59.831191682711498 ], [ 18.207160074458777, 59.829041304230323 ], [ 18.2185860936568, 59.827952282285779 ], [ 18.236365061578681, 59.833282395481881 ], [ 18.255596633558621, 59.834748709682827 ], [ 18.260322526573713, 59.837148091839929 ], [ 18.265847780387137, 59.84674325892702 ], [ 18.272690415634965, 59.85045861696404 ], [ 18.312879442803901, 59.856299727229576 ], [ 18.317143924301909, 59.859585975444219 ], [ 18.337402880155096, 59.863508477471932 ], [ 18.350853597273957, 59.86263852648316 ], [ 18.364790700072067, 59.864388952879871 ], [ 18.363348703709711, 59.873513943515349 ], [ 18.385344664540906, 59.880763106402917 ], [ 18.390048139405799, 59.884505493911163 ], [ 18.392644237359562, 59.890318686183868 ], [ 18.403220388345883, 59.893478217777641 ], [ 18.404033254278939, 59.898850395699569 ], [ 18.398106470709347, 59.9104170372798 ], [ 18.393746954639795, 59.912990257148621 ], [ 18.393355597936601, 59.920137273977758 ], [ 18.385990573442054, 59.923649236091315 ], [ 18.377230209105957, 59.933653745724072 ], [ 18.377922444267526, 59.937277229022641 ], [ 18.382203911982664, 59.940561226713946 ], [ 18.392155805170145, 59.954582154096194 ], [ 18.406579754971713, 59.956992641125574 ], [ 18.423584455398505, 59.956449737734786 ], [ 18.429515230762707, 59.966910787454275 ], [ 18.428018056510091, 59.981955691857287 ], [ 18.451824312248945, 59.993945367628768 ], [ 18.459550578328646, 59.993044900398381 ], [ 18.468517552814976, 59.995765020302017 ], [ 18.474990654482472, 60.004453142844554 ], [ 18.470467921207089, 60.006636940557456 ], [ 18.451599240871619, 60.011326958502359 ], [ 18.449245976187264, 60.015549958566005 ], [ 18.442475181421511, 60.018379413059002 ], [ 18.423270473305685, 60.023943027775424 ], [ 18.395426828230416, 60.036148077459458 ], [ 18.389790591712707, 60.039823539346749 ], [ 18.394260880154757, 60.041891282666235 ], [ 18.416307691803233, 60.04826459403138 ], [ 18.432173536907445, 60.056301901599753 ], [ 18.444838642061377, 60.058133075429382 ], [ 18.451622592219291, 60.077125568801016 ], [ 18.463054105049107, 60.080263981242531 ], [ 18.493046741894862, 60.104246385893752 ], [ 18.49650167519242, 60.120134429934197 ], [ 18.497216496203308, 60.130429432203222 ], [ 18.494133015039512, 60.137424970070235 ], [ 18.503548808518083, 60.143564660494114 ], [ 18.512260567318798, 60.145479325009937 ], [ 18.512694241737776, 60.157324674503066 ], [ 18.515129426990942, 60.160642564227118 ], [ 18.593738640713738, 60.163321996805657 ], [ 18.641357501292092, 60.160694557523783 ], [ 18.676139874354401, 60.154960803684787 ], [ 18.67702840086023, 60.163698105606819 ], [ 18.679295904755715, 60.166343261694919 ], [ 18.692830737625169, 60.165105916047985 ], [ 18.693062234907089, 60.175339382462155 ], [ 18.682557348869569, 60.180552409459267 ], [ 18.67347803389584, 60.188086750761173 ], [ 18.67281787078538, 60.194369807069101 ], [ 18.695950332393434, 60.200603214291768 ], [ 18.696945838314178, 60.205763618304445 ], [ 18.693940864088884, 60.213040952089237 ], [ 18.678566795479757, 60.230816127587723 ], [ 18.683377117455105, 60.239333655274386 ], [ 18.720414715948092, 60.247551130660689 ], [ 18.918226451450117, 60.27983886849438 ], [ 19.129156649175169, 60.298377067621857 ], [ 19.132347902085598, 60.301349731576728 ], [ 19.153106802623149, 60.380628915983777 ], [ 19.207928763426754, 60.589069515061077 ], [ 19.190053692225487, 60.604245247697271 ], [ 19.173922738829692, 60.61568869758942 ], [ 19.156197592047349, 60.626549284216047 ], [ 19.126804048415522, 60.641630467098324 ], [ 19.094334233495648, 60.655113132281656 ], [ 19.059147547519721, 60.666845746529944 ], [ 19.0343695337973, 60.673630561944059 ], [ 19.008677756974464, 60.679546163320964 ], [ 18.982106900425968, 60.684578432347138 ], [ 18.727912795051392, 60.727438947934687 ], [ 18.473046006318256, 60.769818396014564 ], [ 18.302761609456109, 60.7978017294529 ], [ 18.222899941405021, 60.812129553818643 ], [ 18.197768868993641, 60.818700614409359 ], [ 18.176446777218015, 60.823438948643194 ], [ 17.958828073526213, 60.906276772145354 ], [ 17.711602791879063, 60.709492458865874 ], [ 17.533365738512082, 60.695013514796784 ], [ 17.396373900630099, 60.685129636409094 ], [ 17.383249142392721, 60.678013852615649 ], [ 17.376566936386034, 60.658429414550866 ], [ 17.371301127169215, 60.658836667002014 ], [ 17.36975807788372, 60.652660938642597 ], [ 17.374533072165235, 60.652474922710063 ], [ 17.362782827057007, 60.617994292543045 ], [ 17.349089518282838, 60.586376169066597 ], [ 17.318954202294329, 60.533131016096242 ], [ 17.303198608172284, 60.511495708133154 ], [ 17.29792612157312, 60.465307710957475 ], [ 17.289493792952577, 60.453822041411676 ], [ 17.287685557486064, 60.446840440348957 ], [ 17.256718449239361, 60.424694883704106 ], [ 17.254784217293359, 60.427337066716255 ], [ 17.25687902858882, 60.431560154246434 ], [ 17.254562991159098, 60.434610444781235 ], [ 17.234001104603855, 60.431672613714625 ], [ 17.217626957870738, 60.433929579983527 ], [ 17.2174052050356, 60.41959656215861 ], [ 17.197193167187699, 60.411793202186118 ], [ 17.192906207572761, 60.407017567026912 ], [ 17.192319718981544, 60.386826719658117 ], [ 17.188024259737865, 60.381754813193531 ], [ 17.196377828426524, 60.37991743158824 ], [ 17.199069504957329, 60.372887653627217 ], [ 17.196076356543987, 60.366455892703826 ], [ 17.211762280181897, 60.36454072115221 ], [ 17.195749089696047, 60.34599292831745 ], [ 17.196823659974591, 60.307400616040134 ], [ 17.192469702687486, 60.30071369212925 ], [ 17.17703174345537, 60.297911585940561 ], [ 17.164567137129644, 60.288686064883514 ], [ 17.137461809775612, 60.289095067560361 ], [ 17.105670653948387, 60.280792442719033 ], [ 17.114179859244118, 60.269802569893422 ], [ 17.081516882534075, 60.25934857499746 ], [ 17.057912722429826, 60.272768385022118 ], [ 17.040389802739291, 60.275355966774228 ], [ 17.020384803695169, 60.272982091258449 ], [ 17.013194505985062, 60.273047624642849 ], [ 17.002021182598927, 60.274899051610511 ], [ 16.99619813928588, 60.278784196161197 ], [ 16.990973513989211, 60.288255915423363 ], [ 16.977687092047034, 60.295913692665103 ], [ 16.969967332038976, 60.295981534856288 ], [ 16.963092550000837, 60.293348718162498 ], [ 16.961656802125194, 60.287508761227542 ], [ 16.929103989634342, 60.287249285067531 ], [ 16.908579747714853, 60.281766228993575 ], [ 16.913338930748072, 60.270147497540897 ], [ 16.902075787400648, 60.265663092747879 ], [ 16.892942800877169, 60.259948566332113 ], [ 16.88623734574692, 60.253809782505066 ], [ 16.886772558809099, 60.245385857085914 ], [ 16.89557968199891, 60.245251049416431 ], [ 16.907931044319575, 60.238282375360363 ], [ 16.879392455204314, 60.230635171828915 ], [ 16.868426860385878, 60.226414867868783 ], [ 16.849534892198189, 60.22421301153598 ], [ 16.844485233180027, 60.218597696247429 ], [ 16.83711676690071, 60.216635540172632 ], [ 16.819111622179239, 60.216029206137975 ], [ 16.803303957441351, 60.212316185896213 ], [ 16.798613837649778, 60.205143617667574 ], [ 16.799006425480751, 60.200230789204873 ], [ 16.785337460071322, 60.19535072120182 ], [ 16.778028271224692, 60.190216344771642 ], [ 16.749182545316977, 60.188808930400093 ], [ 16.734352070297202, 60.194703045315364 ], [ 16.710059280845972, 60.196351859260567 ], [ 16.703822014177348, 60.195721024374556 ] ] ] } },
{ "type": "Feature", "properties": { "geo_point_2d": { "lon": 15.335895577744187, "lat": 56.11757166761025 }, "year": "2022", "geo_id": "10", "geo_name": "Blekinge län", "geo_type": "county" }, "geometry": { "type": "Polygon", "coordinates": [ [ [ 15.231566258220173, 55.895551653020959 ], [ 15.289146706821493, 55.890633430201383 ], [ 15.306563127133868, 55.889612129781021 ], [ 15.440462857311747, 55.809751987348058 ], [ 15.45328639925166, 55.802463219046182 ], [ 15.48237740471061, 55.788379954062442 ], [ 15.490491282563825, 55.783557837277982 ], [ 15.501293533593044, 55.780699469257115 ], [ 15.522407399813279, 55.773303701078376 ], [ 15.544257852347334, 55.766793299966608 ], [ 15.566854684445419, 55.761152531228738 ], [ 15.601908602384778, 55.75438424587422 ], [ 15.625887167529502, 55.75103058025217 ], [ 15.650219931702226, 55.74862463016634 ], [ 15.674787708043402, 55.747175803675461 ], [ 15.699474498941356, 55.746692712636985 ], [ 15.724159543411748, 55.747176937076944 ], [ 15.748728323189143, 55.748626431763014 ], [ 15.773059844678812, 55.751034880445765 ], [ 15.80885775102692, 55.756416897322623 ], [ 15.832090758703329, 55.761159881426288 ], [ 15.854686066920975, 55.766800584144065 ], [ 15.876535977977486, 55.773313180392584 ], [ 15.903909901535876, 55.783063000625404 ], [ 15.923702869786682, 55.791414530219988 ], [ 15.949085935219943, 55.804022245769474 ], [ 15.958243252133387, 55.809156545980798 ], [ 15.972676266513142, 55.815897149588025 ], [ 16.016231591806097, 55.850930496699732 ], [ 16.025598117148217, 55.856350065715318 ], [ 16.217174445556079, 55.913449778788078 ], [ 16.222279593330583, 56.304432548413608 ], [ 16.078463406266145, 56.321671186097774 ], [ 16.053844708653092, 56.321049257585855 ], [ 16.045369170602875, 56.322547744846446 ], [ 16.031654808859539, 56.318325500388134 ], [ 16.020584834470462, 56.312552481316779 ], [ 16.016814360068608, 56.308589407067245 ], [ 16.018716823376369, 56.302048073532653 ], [ 16.01129510281395, 56.297686887794399 ], [ 16.000887532794081, 56.299724375900986 ], [ 15.979813601494278, 56.300896269401669 ], [ 15.972809007662466, 56.305962111866826 ], [ 15.974760075805353, 56.308788448276673 ], [ 15.969935620306705, 56.314048714776057 ], [ 15.96289723895881, 56.311767700407032 ], [ 15.956613220880891, 56.316221006349579 ], [ 15.943291705140506, 56.319065416645309 ], [ 15.934800065275072, 56.316919117461367 ], [ 15.919044999654529, 56.317203883878427 ], [ 15.910556590306353, 56.315594767130825 ], [ 15.901348459183916, 56.316679870964421 ], [ 15.885108291735794, 56.316888843192572 ], [ 15.868999761579738, 56.31864930774389 ], [ 15.866089798246712, 56.317977184707857 ], [ 15.838573570112107, 56.323717183374917 ], [ 15.821120807361241, 56.331533824750046 ], [ 15.801315501313073, 56.345814090101776 ], [ 15.795976663443753, 56.353420494567494 ], [ 15.77679678272583, 56.369115809396348 ], [ 15.777652398235322, 56.371810237944636 ], [ 15.773923225158983, 56.380143458437246 ], [ 15.764175660191345, 56.383041304419585 ], [ 15.75641169984533, 56.390663071767804 ], [ 15.749046141479781, 56.400529709619668 ], [ 15.737184212999356, 56.413312201238234 ], [ 15.732302580146682, 56.415994611683153 ], [ 15.714847888004799, 56.418192227349522 ], [ 15.694141197855759, 56.42352774017349 ], [ 15.676984695236337, 56.425132061514745 ], [ 15.665827178685602, 56.443224979392156 ], [ 15.66458082492081, 56.450834670114347 ], [ 15.65627592478519, 56.461615159538503 ], [ 15.651577852550814, 56.461609392779202 ], [ 15.638810114658456, 56.456437936589168 ], [ 15.63070599288721, 56.459655289754821 ], [ 15.627994455015449, 56.462830574681561 ], [ 15.600003445725346, 56.472598569379095 ], [ 15.591655748713919, 56.48183896182146 ], [ 15.586374635065349, 56.482943325112586 ], [ 15.58747913026877, 56.491261323030088 ], [ 15.585044689352877, 56.494983957070914 ], [ 15.572115614130052, 56.496213056041682 ], [ 15.547937463226932, 56.50256380863739 ], [ 15.540217906600006, 56.503436594194575 ], [ 15.525184235243872, 56.502918537338815 ], [ 15.515952442385895, 56.495470340017278 ], [ 15.510310783425565, 56.492304825074847 ], [ 15.513726913092084, 56.480862610797686 ], [ 15.512167774691697, 56.476808656646313 ], [ 15.502876585918164, 56.473849625646729 ], [ 15.497173939933919, 56.474724648720681 ], [ 15.482501444224635, 56.478926134326208 ], [ 15.477563675492645, 56.483169991122729 ], [ 15.46653987365826, 56.48716365714202 ], [ 15.458610296607169, 56.483181246443486 ], [ 15.447584536447387, 56.482224881601091 ], [ 15.44087463293106, 56.492434297491236 ], [ 15.43312084885938, 56.495096461922856 ], [ 15.42995526618475, 56.490138571226872 ], [ 15.41855773279091, 56.49188169121642 ], [ 15.408301969511733, 56.497668722271158 ], [ 15.396103981876431, 56.498051137012283 ], [ 15.389977051973077, 56.500042422249379 ], [ 15.381455219051858, 56.49977109676859 ], [ 15.372616401142576, 56.494558705455603 ], [ 15.365758956394044, 56.492280427185058 ], [ 15.365524877158105, 56.483065404476456 ], [ 15.363504065238851, 56.482375680293423 ], [ 15.343819196269639, 56.471491161882575 ], [ 15.337833850769748, 56.466062318950414 ], [ 15.330175450774956, 56.463545531047082 ], [ 15.323068718318515, 56.456306533143774 ], [ 15.316540186322252, 56.455382870436189 ], [ 15.313248484547742, 56.457830572790193 ], [ 15.307326905081293, 56.458395149967508 ], [ 15.2962429277522, 56.455938780233012 ], [ 15.286762480511943, 56.456707736105805 ], [ 15.281859292875218, 56.459125404984796 ], [ 15.27475483011477, 56.465359280695168 ], [ 15.268844871031394, 56.466555225399041 ], [ 15.263888149814383, 56.470566044681867 ], [ 15.252995640841021, 56.467581267375884 ], [ 15.248600138088237, 56.464175852064244 ], [ 15.230777207294054, 56.462720454524096 ], [ 15.210560184162356, 56.459885948258943 ], [ 15.207493220269981, 56.457127559817145 ], [ 15.21588342243599, 56.454477987215888 ], [ 15.21887337598829, 56.45095372417542 ], [ 15.213135891021865, 56.439417502294113 ], [ 15.191387122662443, 56.428754646496614 ], [ 15.184112737396063, 56.427586799042217 ], [ 15.176812989195742, 56.427981072348267 ], [ 15.164515679562415, 56.433513176032598 ], [ 15.152320606749981, 56.434769701777348 ], [ 15.145380772091487, 56.436744665305987 ], [ 15.137907976565154, 56.444104902220353 ], [ 15.132571153980109, 56.446985855245842 ], [ 15.132459270839126, 56.451475697485634 ], [ 15.127907479492119, 56.454818736737536 ], [ 15.119795139080539, 56.454980703517329 ], [ 15.101580502876828, 56.453271061781756 ], [ 15.09342257815055, 56.455011687448696 ], [ 15.086137909874576, 56.454278105916828 ], [ 15.083358993171549, 56.452007751260666 ], [ 15.068347980440093, 56.451667955526482 ], [ 15.060619314368273, 56.452959930204337 ], [ 15.049530433419861, 56.451518748093648 ], [ 15.053229144134614, 56.440701232553629 ], [ 15.046736359687001, 56.439965642962221 ], [ 15.037917783675484, 56.447545188339788 ], [ 15.032449858296037, 56.450892549997036 ], [ 15.022952945955288, 56.450186357030312 ], [ 15.003998096392472, 56.446203468999826 ], [ 14.997166860848397, 56.444129422941863 ], [ 14.980829122005497, 56.434106793760186 ], [ 14.978463139283592, 56.431836797897049 ], [ 14.971003195476783, 56.409082705518919 ], [ 14.951207325941132, 56.393185998137206 ], [ 14.941960240732536, 56.39108319449678 ], [ 14.940071076250128, 56.386570467358069 ], [ 14.931251466775963, 56.383571711398794 ], [ 14.904343734589578, 56.361725286684788 ], [ 14.886489256912864, 56.362743694300683 ], [ 14.874002514934739, 56.361904985395995 ], [ 14.866423428626835, 56.359557533563986 ], [ 14.858298629602174, 56.359028647169232 ], [ 14.853451085250279, 56.363976072379934 ], [ 14.819033894455739, 56.371520484204439 ], [ 14.802823193514275, 56.373770378323805 ], [ 14.777402766477611, 56.382552330805005 ], [ 14.757536289865779, 56.383248110451596 ], [ 14.750337946108816, 56.380699197821791 ], [ 14.730778189908095, 56.384312233457258 ], [ 14.724342415377254, 56.382900065344558 ], [ 14.715412230251172, 56.383252936566436 ], [ 14.681376947738327, 56.38729135959683 ], [ 14.671137338270722, 56.393987994581813 ], [ 14.664162334610294, 56.401409970512461 ], [ 14.655961077845223, 56.403274161294377 ], [ 14.637627673442463, 56.412906013925429 ], [ 14.632360630366996, 56.418411293870633 ], [ 14.624165167908201, 56.421355727401988 ], [ 14.614524458116534, 56.438081223115461 ], [ 14.596882370363316, 56.443272463236838 ], [ 14.579818143300077, 56.443967227037184 ], [ 14.574972879994867, 56.445814335856724 ], [ 14.557305308282341, 56.449095668193337 ], [ 14.545400806111806, 56.452549936148948 ], [ 14.531926744353395, 56.454855303525484 ], [ 14.514671182654157, 56.460038918130692 ], [ 14.511115394814224, 56.45774751173925 ], [ 14.507146452375716, 56.446901244902286 ], [ 14.498450872483776, 56.444995651035292 ], [ 14.496840954902225, 56.439823257740237 ], [ 14.488172767283874, 56.424831030516287 ], [ 14.472771149898803, 56.408059408423497 ], [ 14.454410163196991, 56.407375649214828 ], [ 14.425523722737717, 56.400716361138116 ], [ 14.414190963555892, 56.40057171708294 ], [ 14.413598802587481, 56.393500920643902 ], [ 14.415640682550407, 56.392962472965877 ], [ 14.420674203048511, 56.38495770462319 ], [ 14.419015178855005, 56.374978376786295 ], [ 14.419556717201077, 56.368369359032641 ], [ 14.413898000742774, 56.366886803957819 ], [ 14.411673831670663, 56.354673503599436 ], [ 14.405846971498859, 56.345042160728681 ], [ 14.406295591095194, 56.335885753848096 ], [ 14.401986608553011, 56.331256254211027 ], [ 14.396006450086025, 56.318928067336905 ], [ 14.390578562916685, 56.301818509424209 ], [ 14.407822479124388, 56.304304807674924 ], [ 14.40661633229224, 56.293988958235147 ], [ 14.411171167281973, 56.292217028179799 ], [ 14.425267949977053, 56.290964897851644 ], [ 14.429970711453354, 56.288187964353824 ], [ 14.426814923243382, 56.284784639879376 ], [ 14.428300008170716, 56.28075933236471 ], [ 14.428631882635218, 56.271529639216219 ], [ 14.42668800106278, 56.261403347912818 ], [ 14.429710901162242, 56.254970025455904 ], [ 14.43513945647658, 56.252066251260224 ], [ 14.427106861282736, 56.249758464725687 ], [ 14.430227124957257, 56.243730397008861 ], [ 14.438374353032584, 56.23600645061147 ], [ 14.437781122787838, 56.232290352693241 ], [ 14.442978417344944, 56.22897950224786 ], [ 14.464149493309641, 56.225303854800536 ], [ 14.466313373356279, 56.228902116144369 ], [ 14.463983761550008, 56.2369605704707 ], [ 14.468400375899723, 56.238418564924139 ], [ 14.487401440032029, 56.227574857079333 ], [ 14.509054173170503, 56.220465626616871 ], [ 14.515947155593098, 56.216828214832958 ], [ 14.52165558266954, 56.219654036125682 ], [ 14.529931198245327, 56.221419298313592 ], [ 14.56695479417246, 56.22462501586201 ], [ 14.564510619665324, 56.213957097299669 ], [ 14.570579852506226, 56.205664811968546 ], [ 14.581004413253925, 56.174377119618896 ], [ 14.577877072244718, 56.162894243623725 ], [ 14.58274117384768, 56.150143357952373 ], [ 14.579777994344521, 56.144661985445012 ], [ 14.579559433017245, 56.140411391804783 ], [ 14.585925046034548, 56.129902766149065 ], [ 14.58103399656745, 56.120351508286987 ], [ 14.578423868914525, 56.111433495794707 ], [ 14.579091246289938, 56.09803909610995 ], [ 14.561332329273766, 56.084657839439643 ], [ 14.556565008295939, 56.083055789706428 ], [ 14.552732640647335, 56.074933146895759 ], [ 14.553491597116547, 56.066389981722786 ], [ 14.546769014982209, 56.061803604749684 ], [ 14.541806044955212, 56.055492382268596 ], [ 14.542604545742046, 56.045799941854746 ], [ 14.53993950891758, 56.042404348053701 ], [ 14.532876313235617, 56.03761607003068 ], [ 14.533089885569121, 56.013097147239684 ], [ 14.594424626582747, 55.755000301696299 ], [ 14.595330549824153, 55.755000547266128 ], [ 14.798936462669944, 55.796796885418054 ], [ 14.879964118912575, 55.800978384754195 ], [ 14.916606982207652, 55.804230787251917 ], [ 14.940618073654019, 55.807585432943704 ], [ 14.964160135277472, 55.81187061423676 ], [ 14.980448362488582, 55.81536235250978 ], [ 15.003075535130053, 55.821003885192539 ], [ 15.024956382336484, 55.827515646473145 ], [ 15.052724099118253, 55.837154281288022 ], [ 15.072800076542562, 55.845309782263939 ], [ 15.091822434947796, 55.854231012975674 ], [ 15.109703558095521, 55.863874519726672 ], [ 15.128994702691072, 55.875783603318183 ], [ 15.144332349366744, 55.886728435709244 ], [ 15.158032379241144, 55.898031690938851 ], [ 15.231566258220173, 55.895551653020959 ] ] ] } },
{ "type": "Feature", "properties": { "geo_point_2d": { "lon": 16.437891032091489, "lat": 57.12313542607636 }, "year": "2022", "geo_id": "08", "geo_name": "Kalmar län", "geo_type": "county" }, "geometry": { "type": "Polygon", "coordinates": [ [ [ 15.516529059135978, 57.201452082928199 ], [ 15.519445098164313, 57.200372240111108 ], [ 15.525322175705394, 57.19304021524232 ], [ 15.543190719575197, 57.187727074290322 ], [ 15.546120279273779, 57.185048275952077 ], [ 15.556002946778234, 57.188453677087516 ], [ 15.559041329976488, 57.179255593636277 ], [ 15.561720001479825, 57.164219956091557 ], [ 15.55120895817395, 57.147326263332133 ], [ 15.563642110023627, 57.145806419076052 ], [ 15.573107141720287, 57.148536224941921 ], [ 15.596319576433164, 57.142560837224231 ], [ 15.596147872372695, 57.13605927051443 ], [ 15.612807024220112, 57.130617452968423 ], [ 15.621692940157804, 57.128960620273169 ], [ 15.639049801462203, 57.128347407916046 ], [ 15.641139267605363, 57.126329742607858 ], [ 15.64207057444656, 57.117351280794693 ], [ 15.640068437268598, 57.11105388385198 ], [ 15.650334448315075, 57.10602496580988 ], [ 15.660669030406616, 57.096994818206987 ], [ 15.670923853857024, 57.094330361858731 ], [ 15.677929860200795, 57.088029466749255 ], [ 15.680064090100561, 57.084287088607475 ], [ 15.697364295788518, 57.07655829714929 ], [ 15.70093459368913, 57.075658880724681 ], [ 15.718982386912339, 57.07595561729746 ], [ 15.72508888219298, 57.069534713285655 ], [ 15.725542754762706, 57.065494117499732 ], [ 15.733747981827731, 57.056824691146751 ], [ 15.745894167281191, 57.048919954147912 ], [ 15.780243092902792, 57.031708566790748 ], [ 15.783608192706874, 57.022738398425325 ], [ 15.812254793787169, 57.008785663957219 ], [ 15.815561142945056, 57.001386073463891 ], [ 15.825431859978556, 56.996446045492874 ], [ 15.831186438652244, 56.990383625134186 ], [ 15.836946197857642, 56.972880577352079 ], [ 15.833260794370302, 56.9470731834882 ], [ 15.834080528493066, 56.944603529417854 ], [ 15.825039432160008, 56.935858757843278 ], [ 15.822589814463937, 56.931144625477259 ], [ 15.816019084583653, 56.927553334425774 ], [ 15.801716238880559, 56.915179245369508 ], [ 15.799287474451679, 56.909782172767549 ], [ 15.777056536974431, 56.91602002852364 ], [ 15.735627864196934, 56.910750193109614 ], [ 15.710573911589721, 56.912251139370944 ], [ 15.699880657989162, 56.914469537389763 ], [ 15.691674901007163, 56.913546323560432 ], [ 15.666747198438554, 56.902233142732136 ], [ 15.594620327901758, 56.924896100404261 ], [ 15.583577722641794, 56.920584485783294 ], [ 15.555129621876949, 56.929232181712024 ], [ 15.541594826808053, 56.927147851103463 ], [ 15.522065802266953, 56.914488079028679 ], [ 15.518986226771567, 56.900768543133594 ], [ 15.52749776044967, 56.90073394438452 ], [ 15.536224165088308, 56.893093132762623 ], [ 15.547003606518699, 56.890799107639616 ], [ 15.557285954868256, 56.87424284553471 ], [ 15.537250021424157, 56.859931967630345 ], [ 15.551890454387911, 56.838015278531522 ], [ 15.553332586066553, 56.823380607272803 ], [ 15.537199171674825, 56.80534166598364 ], [ 15.489434198669853, 56.795486043388024 ], [ 15.488197394423301, 56.796596439693324 ], [ 15.457905670191897, 56.796461670268997 ], [ 15.443595017856646, 56.795495936099542 ], [ 15.448292662451687, 56.783386203901131 ], [ 15.442643063373733, 56.778870766715841 ], [ 15.434051073624214, 56.779276483465551 ], [ 15.425807772917651, 56.782385714668287 ], [ 15.415623333559978, 56.780082240705958 ], [ 15.383667888217323, 56.782169271670284 ], [ 15.367910708269065, 56.781019307695423 ], [ 15.360794415328648, 56.757555545770991 ], [ 15.377428663710122, 56.750981902892981 ], [ 15.384769239348087, 56.743755333066446 ], [ 15.391088101392347, 56.733907169854497 ], [ 15.388782007460289, 56.72803979801288 ], [ 15.390048604845223, 56.722260694366121 ], [ 15.400773131684845, 56.717558920431046 ], [ 15.412617543203227, 56.717165835838195 ], [ 15.424549253776444, 56.712964232310654 ], [ 15.423774295555862, 56.710483277930962 ], [ 15.416848958433878, 56.709105803645251 ], [ 15.419492553212176, 56.698113096353651 ], [ 15.413050214962846, 56.692911263627032 ], [ 15.409519317411144, 56.684135216704298 ], [ 15.409592158653645, 56.680309797702037 ], [ 15.422348743880999, 56.674090438727958 ], [ 15.422422555982628, 56.670040497503223 ], [ 15.404213591004657, 56.661415735938348 ], [ 15.400334848557979, 56.655884672038226 ], [ 15.407610133160077, 56.653443049819806 ], [ 15.40604472295183, 56.650196097342402 ], [ 15.411650111237252, 56.645764176248377 ], [ 15.417610050787603, 56.644961220194006 ], [ 15.418053347055006, 56.639691078195959 ], [ 15.390997917582835, 56.624956613895513 ], [ 15.389460893263571, 56.619554206856215 ], [ 15.383513396730805, 56.610984706211774 ], [ 15.372134851449959, 56.609131464308788 ], [ 15.370997858302625, 56.604628256862974 ], [ 15.366969798553706, 56.602359992428809 ], [ 15.374915125951494, 56.591835668292724 ], [ 15.385681279828459, 56.589564531788064 ], [ 15.391337288279265, 56.583620450527199 ], [ 15.386949517961892, 56.578657456144931 ], [ 15.387492043695516, 56.570792322605818 ], [ 15.38107308443546, 56.56582224701615 ], [ 15.37877078081732, 56.557947360800554 ], [ 15.380081009573065, 56.55278802480229 ], [ 15.369809799017588, 56.555850694269033 ], [ 15.367218546341974, 56.566869729569071 ], [ 15.360300403098938, 56.567285162605039 ], [ 15.357154436351653, 56.56096946749765 ], [ 15.363940641016494, 56.555910777218521 ], [ 15.357290963495863, 56.553560965355842 ], [ 15.357951705481771, 56.540307968799546 ], [ 15.356807688126173, 56.536711592956344 ], [ 15.349962579872004, 56.53285192428244 ], [ 15.357027271307368, 56.525028579223516 ], [ 15.353302382115533, 56.515315955582466 ], [ 15.346702617983068, 56.512166453201964 ], [ 15.346001995506832, 56.505643889290965 ], [ 15.340660594467595, 56.498385557486174 ], [ 15.341664888112433, 56.493934897172991 ], [ 15.337258311629615, 56.489059774652418 ], [ 15.346494212140167, 56.483252356157479 ], [ 15.363504065238851, 56.482375680293423 ], [ 15.365524877158105, 56.483065404476456 ], [ 15.365758956394044, 56.492280427185058 ], [ 15.372616401142576, 56.494558705455603 ], [ 15.381455219051858, 56.49977109676859 ], [ 15.389977051973077, 56.500042422249379 ], [ 15.396103981876431, 56.498051137012283 ], [ 15.408301969511733, 56.497668722271158 ], [ 15.41855773279091, 56.49188169121642 ], [ 15.42995526618475, 56.490138571226872 ], [ 15.43312084885938, 56.495096461922856 ], [ 15.44087463293106, 56.492434297491236 ], [ 15.447584536447387, 56.482224881601091 ], [ 15.458610296607169, 56.483181246443486 ], [ 15.46653987365826, 56.48716365714202 ], [ 15.477563675492645, 56.483169991122729 ], [ 15.482501444224635, 56.478926134326208 ], [ 15.497173939933919, 56.474724648720681 ], [ 15.502876585918164, 56.473849625646729 ], [ 15.512167774691697, 56.476808656646313 ], [ 15.513726913092084, 56.480862610797686 ], [ 15.510310783425565, 56.492304825074847 ], [ 15.515952442385895, 56.495470340017278 ], [ 15.525184235243872, 56.502918537338815 ], [ 15.540217906600006, 56.503436594194575 ], [ 15.547937463226932, 56.50256380863739 ], [ 15.572115614130052, 56.496213056041682 ], [ 15.585044689352877, 56.494983957070914 ], [ 15.58747913026877, 56.491261323030088 ], [ 15.586374635065349, 56.482943325112586 ], [ 15.591655748713919, 56.48183896182146 ], [ 15.600003445725346, 56.472598569379095 ], [ 15.627994455015449, 56.462830574681561 ], [ 15.63070599288721, 56.459655289754821 ], [ 15.638810114658456, 56.456437936589168 ], [ 15.651577852550814, 56.461609392779202 ], [ 15.65627592478519, 56.461615159538503 ], [ 15.66458082492081, 56.450834670114347 ], [ 15.665827178685602, 56.443224979392156 ], [ 15.676984695236337, 56.425132061514745 ], [ 15.694141197855759, 56.42352774017349 ], [ 15.714847888004799, 56.418192227349522 ], [ 15.732302580146682, 56.415994611683153 ], [ 15.737184212999356, 56.413312201238234 ], [ 15.749046141479781, 56.400529709619668 ], [ 15.75641169984533, 56.390663071767804 ], [ 15.764175660191345, 56.383041304419585 ], [ 15.773923225158983, 56.380143458437246 ], [ 15.777652398235322, 56.371810237944636 ], [ 15.77679678272583, 56.369115809396348 ], [ 15.795976663443753, 56.353420494567494 ], [ 15.801315501313073, 56.345814090101776 ], [ 15.821120807361241, 56.331533824750046 ], [ 15.838573570112107, 56.323717183374917 ], [ 15.866089798246712, 56.317977184707857 ], [ 15.868999761579738, 56.31864930774389 ], [ 15.885108291735794, 56.316888843192572 ], [ 15.901348459183916, 56.316679870964421 ], [ 15.910556590306353, 56.315594767130825 ], [ 15.919044999654529, 56.317203883878427 ], [ 15.934800065275072, 56.316919117461367 ], [ 15.943291705140506, 56.319065416645309 ], [ 15.956613220880891, 56.316221006349579 ], [ 15.96289723895881, 56.311767700407032 ], [ 15.969935620306705, 56.314048714776057 ], [ 15.974760075805353, 56.308788448276673 ], [ 15.972809007662466, 56.305962111866826 ], [ 15.979813601494278, 56.300896269401669 ], [ 16.000887532794081, 56.299724375900986 ], [ 16.01129510281395, 56.297686887794399 ], [ 16.018716823376369, 56.302048073532653 ], [ 16.016814360068608, 56.308589407067245 ], [ 16.020584834470462, 56.312552481316779 ], [ 16.031654808859539, 56.318325500388134 ], [ 16.045369170602875, 56.322547744846446 ], [ 16.053844708653092, 56.321049257585855 ], [ 16.078463406266145, 56.321671186097774 ], [ 16.222279593330583, 56.304432548413608 ], [ 16.217174445556079, 55.913449778788078 ], [ 16.385401628063107, 55.963206517375035 ], [ 16.495664456641673, 55.995624600076866 ], [ 16.530215504175498, 56.003023945102669 ], [ 16.552589257445934, 56.00910378195524 ], [ 16.599465391641218, 56.02441840201741 ], [ 16.620369457399736, 56.031974363601442 ], [ 16.640289748787108, 56.040325333913145 ], [ 16.659130377800995, 56.049429920394893 ], [ 16.676750489087294, 56.05921775227776 ], [ 16.694113521477568, 56.066821183843459 ], [ 16.712681256298296, 56.076107499781486 ], [ 16.730053502365003, 56.086094395363304 ], [ 16.746147610915479, 56.096731430536863 ], [ 16.760882291161167, 56.107969029232841 ], [ 16.788491413360688, 56.131335930141283 ], [ 16.800685715350976, 56.143490853110308 ], [ 16.816069463339431, 56.162537066603399 ], [ 16.824313741739441, 56.175687678919843 ], [ 16.83125285350453, 56.189974131274489 ], [ 16.841640426972088, 56.200852467108056 ], [ 16.851913808133741, 56.213552302290161 ], [ 16.858805757689652, 56.223706020346349 ], [ 16.872298931083275, 56.239944084872221 ], [ 16.885028332518836, 56.258733733668393 ], [ 16.894663958354684, 56.276734664205669 ], [ 16.904520724460387, 56.290288613020842 ], [ 16.913721271976456, 56.305199378798228 ], [ 16.937718394462355, 56.372668580296732 ], [ 16.943898402355128, 56.38025522472217 ], [ 16.955126270816336, 56.398590587202506 ], [ 16.96856767082572, 56.430439175146716 ], [ 16.98339824713976, 56.453287910285297 ], [ 16.992613759452244, 56.468551002424363 ], [ 17.011613550943192, 56.484730978427841 ], [ 17.023538608598351, 56.4970013519453 ], [ 17.037357682267317, 56.514422650126875 ], [ 17.052266183135504, 56.535975997273724 ], [ 17.060619219186201, 56.553989388563217 ], [ 17.065782706369365, 56.568558787862614 ], [ 17.069550986821096, 56.590879361458207 ], [ 17.0744261681834, 56.604288417966373 ], [ 17.090730738089558, 56.632115885764541 ], [ 17.096971427710589, 56.64561534980772 ], [ 17.100811279105518, 56.656880618954311 ], [ 17.142423660416039, 56.699022279197735 ], [ 17.153471504723399, 56.708080385857699 ], [ 17.199105099364303, 56.762104616823009 ], [ 17.21340415020931, 56.781630996315187 ], [ 17.42196839485932, 57.113031047499142 ], [ 17.430905445692019, 57.129297176992786 ], [ 17.437272171995858, 57.14591946524439 ], [ 17.443004663001336, 57.176578189594288 ], [ 17.484763105336697, 57.225090648167701 ], [ 17.497438708192263, 57.24156263752549 ], [ 17.507301396288607, 57.258601393688252 ], [ 17.514324583676711, 57.276064209649441 ], [ 17.518380930344147, 57.293791605393174 ], [ 17.519575246288476, 57.311629716727744 ], [ 17.517797151653404, 57.32943641534915 ], [ 17.513006212250801, 57.347149201427214 ], [ 17.505468021885154, 57.364494691966556 ], [ 17.480782648563746, 57.41109504508573 ], [ 17.471953828716714, 57.425563466052949 ], [ 17.461149207321998, 57.439581165769326 ], [ 17.448383540094071, 57.453147420116927 ], [ 17.433719323945297, 57.466206941442238 ], [ 17.402817904062619, 57.491388519623186 ], [ 17.250961805886337, 57.614452508323424 ], [ 17.261549830316689, 57.631501163963669 ], [ 17.26917025705648, 57.649059264415634 ], [ 17.273777295547681, 57.666921312530732 ], [ 17.275512022779676, 57.684951248249313 ], [ 17.274110666262022, 57.702954674240083 ], [ 17.269662352204794, 57.720759787994538 ], [ 17.234653403474617, 57.825488425276468 ], [ 17.285388677752756, 57.900352723741875 ], [ 17.35297501723452, 57.99955766688538 ], [ 16.896282699935732, 58.003134019785271 ], [ 16.818427926396801, 58.026467051005447 ], [ 16.811351945516513, 58.000466063565334 ], [ 16.800372967710022, 57.9979214613331 ], [ 16.791901808937727, 57.999199529094 ], [ 16.788478445521616, 58.00387711774102 ], [ 16.772883441887775, 58.003861840791416 ], [ 16.755304372908626, 58.00109395979478 ], [ 16.747895903839026, 57.994621302821507 ], [ 16.743968651833786, 57.999633626504597 ], [ 16.734668998414158, 57.997744410279239 ], [ 16.731603403301037, 57.992316524927254 ], [ 16.733004765288022, 57.987655241687165 ], [ 16.726612731916578, 57.985618526126494 ], [ 16.710072971285268, 57.993414082979378 ], [ 16.700440025999232, 57.993616825349015 ], [ 16.680910179986391, 57.998466495000152 ], [ 16.671906066629546, 57.99886028536411 ], [ 16.65880310757786, 57.991882388288595 ], [ 16.627508812562358, 58.002324084665254 ], [ 16.623579204714737, 58.008006030595759 ], [ 16.630524945480037, 58.012136384765903 ], [ 16.618761619454933, 58.019350159114843 ], [ 16.610347738026455, 58.028965967166137 ], [ 16.599856259177002, 58.036708616859329 ], [ 16.605765244135867, 58.045084735378737 ], [ 16.602773244818973, 58.047599564276695 ], [ 16.59127669935193, 58.050768610126795 ], [ 16.606964776914239, 58.053292727645392 ], [ 16.592878140587551, 58.065842940422037 ], [ 16.561603588980525, 58.089197118091427 ], [ 16.569358334146123, 58.095076815174082 ], [ 16.570696159944202, 58.098166425900224 ], [ 16.563125907507391, 58.101039864894659 ], [ 16.549555762071773, 58.109065767207703 ], [ 16.538413813451353, 58.111689141293297 ], [ 16.531371602852126, 58.115769742401511 ], [ 16.49065984373199, 58.089597830807939 ], [ 16.48609302434841, 58.090160983530971 ], [ 16.465642335651786, 58.098214435845605 ], [ 16.457914816910435, 58.106873558441791 ], [ 16.457501753002582, 58.112128099182073 ], [ 16.428777609221203, 58.113887705576438 ], [ 16.423053001363073, 58.121322768285722 ], [ 16.416208787798048, 58.122971809697205 ], [ 16.413762093993057, 58.128774592771194 ], [ 16.408450321508177, 58.130819936919757 ], [ 16.391623717577392, 58.129416830133358 ], [ 16.386090979633764, 58.133617074281801 ], [ 16.365163034490852, 58.130478267365291 ], [ 16.359284748263473, 58.129022453495864 ], [ 16.332125732748622, 58.117285831482228 ], [ 16.303977097391524, 58.124536627119397 ], [ 16.294151288859208, 58.131981753472012 ], [ 16.284027065359215, 58.136464364552843 ], [ 16.263854035912704, 58.141314801389861 ], [ 16.239582702165894, 58.134935164272385 ], [ 16.235693014631828, 58.129094439157278 ], [ 16.214288976576579, 58.117043953040472 ], [ 16.210357348191032, 58.106955831918306 ], [ 16.195055641469352, 58.1036365326772 ], [ 16.189965527657435, 58.103445446624448 ], [ 16.176940572775791, 58.110020217344108 ], [ 16.167164986563535, 58.099471778833433 ], [ 16.165178426314817, 58.092474275523792 ], [ 16.178615480754711, 58.064019146312923 ], [ 16.157494983505025, 58.061116255153088 ], [ 16.148601718606258, 58.061140459373817 ], [ 16.128369640434364, 58.084967946005349 ], [ 16.11781331192557, 58.08546105861204 ], [ 16.112706654315783, 58.082986443714539 ], [ 16.091429917737802, 58.076095563791064 ], [ 16.080834398735707, 58.07120767703433 ], [ 16.066841952334894, 58.069414448734484 ], [ 16.026588902319322, 58.07306379584908 ], [ 16.017356088096545, 58.082102641785923 ], [ 16.006329759182375, 58.086564692214658 ], [ 15.992816862671932, 58.07964494771138 ], [ 15.986944439454696, 58.074670448431462 ], [ 15.997950757756362, 58.066708539071037 ], [ 16.005447652509602, 58.065152768149424 ], [ 16.013302910675499, 58.061234660012317 ], [ 16.015908390927368, 58.052000646566206 ], [ 15.996395491294999, 58.035466179126132 ], [ 15.994662224804877, 58.021327784861292 ], [ 16.024676218330661, 58.009563001417767 ], [ 16.037809794858724, 58.000184252531305 ], [ 16.052436766551164, 57.987694705994905 ], [ 16.092031248065023, 57.977376465205268 ], [ 16.074767940752562, 57.974047141890779 ], [ 16.051864163741719, 57.96083218871307 ], [ 16.045942294935468, 57.964479775326126 ], [ 16.040457408523253, 57.960180315786452 ], [ 16.028138153962249, 57.953935407268936 ], [ 16.017548896646698, 57.94250583954264 ], [ 16.027977807446792, 57.927942859815047 ], [ 16.02880959726722, 57.920534109356005 ], [ 16.040567984190545, 57.91755004642156 ], [ 16.051154796121775, 57.91127202449924 ], [ 16.063572009997909, 57.897303746445807 ], [ 16.055842494283841, 57.893952193797709 ], [ 16.060584680301385, 57.884991110336294 ], [ 16.063417212949414, 57.875620708922597 ], [ 16.065429829525225, 57.874269821031298 ], [ 16.050473109969197, 57.867969531787963 ], [ 16.030211417619519, 57.861075377349714 ], [ 15.987508019466757, 57.834405104274182 ], [ 15.966000036881141, 57.824135466626537 ], [ 15.95168798895569, 57.813845147992957 ], [ 15.942311043092859, 57.803287625273349 ], [ 15.928957469354348, 57.808419104750371 ], [ 15.911319469815016, 57.816785114463634 ], [ 15.894440819123725, 57.829323201310991 ], [ 15.85418026482186, 57.828671385689915 ], [ 15.830559463597082, 57.817697201448375 ], [ 15.821355435665357, 57.816621185768085 ], [ 15.806751473448708, 57.830565946339988 ], [ 15.767342934809431, 57.851632836823875 ], [ 15.734758648510478, 57.849733143022817 ], [ 15.706192385686323, 57.857525237638228 ], [ 15.679156907400383, 57.857707552127984 ], [ 15.677769700079088, 57.859385150839024 ], [ 15.657937711803232, 57.856607088294609 ], [ 15.646215031955148, 57.852687148304291 ], [ 15.642303736502114, 57.849853876898393 ], [ 15.63713467770015, 57.849640590905921 ], [ 15.629908885452618, 57.853338931097149 ], [ 15.618786114783971, 57.854669783718016 ], [ 15.599084449204488, 57.853893931162077 ], [ 15.602339473114517, 57.838213488030874 ], [ 15.606672271395412, 57.831010506301062 ], [ 15.598879603334103, 57.825072080742849 ], [ 15.597014618913756, 57.81873904114417 ], [ 15.566325217529361, 57.803331099035319 ], [ 15.543106522748058, 57.788335436575096 ], [ 15.54325065566133, 57.784699345450676 ], [ 15.549501254933684, 57.775625646570617 ], [ 15.554059478431245, 57.772671806143791 ], [ 15.537805304463415, 57.770950410646996 ], [ 15.524007462551609, 57.762570165465597 ], [ 15.513880277816824, 57.768410358503296 ], [ 15.504844590003216, 57.763872850512264 ], [ 15.500607143904432, 57.758340737521252 ], [ 15.49595010639897, 57.758805300799473 ], [ 15.487602581013656, 57.762483856989562 ], [ 15.481082751261514, 57.758902699451063 ], [ 15.48010519311817, 57.755533131749253 ], [ 15.4733063898833, 57.755111403741751 ], [ 15.444026945611034, 57.7470129816138 ], [ 15.430325027162262, 57.7452940231057 ], [ 15.440077751150312, 57.738992492720165 ], [ 15.447151673869072, 57.736723128348729 ], [ 15.451978272233159, 57.732426864677791 ], [ 15.440791612370713, 57.727515064899677 ], [ 15.446075087037956, 57.718358271082764 ], [ 15.429960872846193, 57.707599588102617 ], [ 15.421048885386636, 57.704879106466421 ], [ 15.421969897036789, 57.701856015486953 ], [ 15.432722629573258, 57.695153999489605 ], [ 15.43899087081059, 57.68553795021792 ], [ 15.446411203264208, 57.684481789971535 ], [ 15.46962472400249, 57.67592588544219 ], [ 15.488637407930431, 57.673218500895331 ], [ 15.502423594326634, 57.661938885808247 ], [ 15.518899423187863, 57.661034591323848 ], [ 15.527104568656421, 57.654992179128378 ], [ 15.538447524244356, 57.650033387187754 ], [ 15.574578829150461, 57.638584729142579 ], [ 15.582622671712741, 57.637387051239905 ], [ 15.593323561552777, 57.631210039858118 ], [ 15.594616612616784, 57.62474735151384 ], [ 15.604437476530386, 57.61931316950286 ], [ 15.616511699064654, 57.614348542983436 ], [ 15.621557073436311, 57.609237991702308 ], [ 15.632120203497616, 57.604269641676375 ], [ 15.644918297558094, 57.603810744216013 ], [ 15.65610856001226, 57.599721129403683 ], [ 15.665760563813583, 57.599256348888566 ], [ 15.648115210492433, 57.591764969370175 ], [ 15.640966870891168, 57.589933078069379 ], [ 15.630923103421116, 57.592343878772482 ], [ 15.623947327316666, 57.582906030612016 ], [ 15.608591616735429, 57.57231461411601 ], [ 15.601235109665216, 57.563952370953295 ], [ 15.588371366838542, 57.558067504928978 ], [ 15.575775333095395, 57.54747677247623 ], [ 15.586684941572802, 57.546822784529098 ], [ 15.594697637154553, 57.547438057381996 ], [ 15.603237069266205, 57.543483322176243 ], [ 15.611623160977469, 57.542885951664125 ], [ 15.618536644791657, 57.539601093369654 ], [ 15.616159843616682, 57.537505407520513 ], [ 15.625587781731964, 57.531862421484874 ], [ 15.634367770083005, 57.528507519552136 ], [ 15.634269408357738, 57.521036773112051 ], [ 15.638064640633672, 57.512287249307988 ], [ 15.646484113656904, 57.506102585069094 ], [ 15.654257979557139, 57.502071586450384 ], [ 15.644146384388726, 57.495324644516096 ], [ 15.625159737623942, 57.490243553172967 ], [ 15.621562070344487, 57.486134857589207 ], [ 15.616436308416226, 57.461811625419081 ], [ 15.620226217917581, 57.453735982891821 ], [ 15.614404838260741, 57.442485280501963 ], [ 15.604582307922415, 57.435933062597044 ], [ 15.597461134382412, 57.435050482404357 ], [ 15.590659109778025, 57.445068839506916 ], [ 15.583527396838649, 57.448423646026036 ], [ 15.574277615093909, 57.449349786108272 ], [ 15.570862719494908, 57.454596306996898 ], [ 15.562733102668624, 57.457139946231081 ], [ 15.562050181012603, 57.464618308883793 ], [ 15.552411437074079, 57.468101167575192 ], [ 15.548294798322125, 57.465803109829544 ], [ 15.520874305624375, 57.456244021587601 ], [ 15.515883872195751, 57.455316741988412 ], [ 15.504878885600906, 57.456548017396223 ], [ 15.50442631287639, 57.450818174281807 ], [ 15.495009301348921, 57.441708264606817 ], [ 15.49084469423163, 57.43219784551723 ], [ 15.492976481960387, 57.416516344629962 ], [ 15.503010021167222, 57.410614552267141 ], [ 15.50799332346843, 57.411632129039901 ], [ 15.519480369652289, 57.410850661870292 ], [ 15.527630582457704, 57.40682825630909 ], [ 15.522411377315949, 57.404059964458718 ], [ 15.520807306752259, 57.4006890989385 ], [ 15.520756870542071, 57.39220352858456 ], [ 15.52268077373995, 57.384261160139779 ], [ 15.510116370219158, 57.38153844569738 ], [ 15.495583334423431, 57.373960767318081 ], [ 15.497737518849084, 57.370796348866271 ], [ 15.515743805427602, 57.363700586181878 ], [ 15.512654214807272, 57.359383323029697 ], [ 15.510117760646308, 57.350424935875409 ], [ 15.521034834704537, 57.339270801381701 ], [ 15.513261721249695, 57.331099637303872 ], [ 15.512039660792455, 57.328205416639086 ], [ 15.512459070874311, 57.306853294741934 ], [ 15.504839809545395, 57.309331555348976 ], [ 15.486158071673582, 57.311036394152488 ], [ 15.479598664134, 57.307849790763299 ], [ 15.474619275894785, 57.30804328209063 ], [ 15.469286640779313, 57.305128746886837 ], [ 15.46721930534259, 57.300813037559166 ], [ 15.471286259841465, 57.291395485656615 ], [ 15.4823390095903, 57.279239264741854 ], [ 15.473643581881356, 57.27827371919939 ], [ 15.474034404256344, 57.271926230713213 ], [ 15.458324600837749, 57.268399684064072 ], [ 15.472487367413825, 57.261308341898193 ], [ 15.490505781952672, 57.249043958914761 ], [ 15.502093943446154, 57.249997433427062 ], [ 15.515022731932667, 57.24488278632483 ], [ 15.516742132135734, 57.241070451590993 ], [ 15.523030562214512, 57.235266035147468 ], [ 15.527201311652522, 57.225424794372046 ], [ 15.519878868704899, 57.210856909732804 ], [ 15.514600424312778, 57.208424768142613 ], [ 15.513353760097475, 57.202603086402668 ], [ 15.516529059135978, 57.201452082928199 ] ] ] } },
{ "type": "Feature", "properties": { "geo_point_2d": { "lon": 16.570064981262043, "lat": 61.441936415034213 }, "year": "2022", "geo_id": "21", "geo_name": "Gävleborgs län", "geo_type": "county" }, "geometry": { "type": "Polygon", "coordinates": [ [ [ 14.44755229562594, 61.594947402309089 ], [ 14.676017340670173, 61.591175963876054 ], [ 14.678860974469661, 61.583539762577459 ], [ 14.6752275575673, 61.57492568342041 ], [ 14.664498122795202, 61.569658175190987 ], [ 14.654017050272376, 61.561533515560427 ], [ 14.658703154616129, 61.551386904941793 ], [ 14.669108404734798, 61.546484121092305 ], [ 14.6681951876146, 61.540153975278884 ], [ 14.673493923064393, 61.530581857921653 ], [ 14.670602697814324, 61.519344164132306 ], [ 14.661295467973538, 61.510875185354969 ], [ 14.656447341840563, 61.50168932246293 ], [ 14.667470064036342, 61.497106042886159 ], [ 14.668243514109928, 61.490839272203957 ], [ 14.680684285583148, 61.485818048853773 ], [ 14.690476238100917, 61.487047266674359 ], [ 14.690334310174903, 61.489962833973287 ], [ 14.701559453637827, 61.490529872151036 ], [ 14.715238126219836, 61.488728417308735 ], [ 14.724033672073302, 61.494928073881162 ], [ 14.730510684931124, 61.49644664247775 ], [ 14.739754858402504, 61.493122406551826 ], [ 14.754820415404231, 61.495321449485147 ], [ 14.759345762468193, 61.493009453063884 ], [ 14.786640435831959, 61.492345726316174 ], [ 14.792186625661571, 61.494128100911624 ], [ 14.805332427901465, 61.495059828431536 ], [ 14.815222149423702, 61.492273715356013 ], [ 14.828396468579257, 61.49251689284656 ], [ 14.848257359232248, 61.495345640158817 ], [ 14.860013064094158, 61.494588607967557 ], [ 14.891523171483337, 61.49514909098518 ], [ 14.899088573413682, 61.496482929352233 ], [ 14.913839505277235, 61.492811077471771 ], [ 14.922826658763331, 61.493677260119767 ], [ 14.948164879176193, 61.489190417431978 ], [ 14.953875392502608, 61.491110799696777 ], [ 14.967761728558871, 61.493422462816682 ], [ 14.977399661183632, 61.491058365010566 ], [ 15.091175385249086, 61.484029600036457 ], [ 15.151599720047859, 61.596192282930936 ], [ 15.204524272221448, 61.504157875194736 ], [ 15.216546168289026, 61.494114786408808 ], [ 15.302871415830232, 61.424330140740416 ], [ 15.448123687682127, 61.327674535450704 ], [ 15.477118335146205, 61.314080585883744 ], [ 15.545163386352437, 61.279660892589845 ], [ 15.657468166092444, 61.216429524618995 ], [ 15.680208694295697, 61.11374452495631 ], [ 15.763075417771615, 61.049990143349724 ], [ 15.921558265876484, 61.007544611807404 ], [ 16.131160302310768, 60.991919457247015 ], [ 16.221955128041699, 60.898380678105305 ], [ 16.227815877138319, 60.891568728868279 ], [ 16.258718152705011, 60.859985578155765 ], [ 16.386553518912002, 60.786063451822805 ], [ 16.384790860085605, 60.779941270009147 ], [ 16.385806915383888, 60.767084967943312 ], [ 16.383760648439811, 60.760425498635527 ], [ 16.376204731779925, 60.746053192794129 ], [ 16.344771284723834, 60.724912699912693 ], [ 16.336585000202678, 60.728517301852492 ], [ 16.310393741045157, 60.706064573581116 ], [ 16.317564583805453, 60.689999352459552 ], [ 16.237731291335852, 60.622923851268588 ], [ 16.201591319615723, 60.614617047125762 ], [ 16.135947419395301, 60.609679226847064 ], [ 16.163672447932047, 60.579120291633075 ], [ 16.17070629459997, 60.559042319705604 ], [ 16.175046755715751, 60.555996875277089 ], [ 16.190936614875433, 60.535623751928654 ], [ 16.236510017976531, 60.510579005287049 ], [ 16.256232847782464, 60.495507664851097 ], [ 16.263713281913731, 60.494405224757713 ], [ 16.268103379424488, 60.496068445754382 ], [ 16.272676978126917, 60.49147524142554 ], [ 16.266927743852865, 60.490148939273382 ], [ 16.253821488846839, 60.489520413224341 ], [ 16.258420562350768, 60.486677750916954 ], [ 16.278580150675051, 60.484588518897397 ], [ 16.277745210391164, 60.48345162734249 ], [ 16.283559784892404, 60.470704221127008 ], [ 16.331588948266813, 60.430000693627747 ], [ 16.336461642795737, 60.420359948111134 ], [ 16.392454464578122, 60.379619788882586 ], [ 16.407235028429966, 60.376933087479152 ], [ 16.425074841337889, 60.378933641535141 ], [ 16.450208786623399, 60.371005846403015 ], [ 16.477295336844929, 60.366097124228659 ], [ 16.516481417346871, 60.355527102045052 ], [ 16.542499275984884, 60.340369641059553 ], [ 16.552190834795827, 60.330218152202868 ], [ 16.562978291607926, 60.315284684906807 ], [ 16.573356856514611, 60.306473986847863 ], [ 16.578722094985846, 60.298499497316776 ], [ 16.589460378915881, 60.293787267942449 ], [ 16.614447593331032, 60.278289237549771 ], [ 16.616542915997321, 60.275314489274123 ], [ 16.629036443663555, 60.238823132297696 ], [ 16.647536231652776, 60.231634252019077 ], [ 16.664197155593165, 60.226887085331406 ], [ 16.685453339004365, 60.216712977467729 ], [ 16.691634487540888, 60.215128016300334 ], [ 16.699163923440189, 60.2087495671569 ], [ 16.698765466511915, 60.20403990084877 ], [ 16.703822014177348, 60.195721024374556 ], [ 16.710059280845972, 60.196351859260567 ], [ 16.734352070297202, 60.194703045315364 ], [ 16.749182545316977, 60.188808930400093 ], [ 16.778028271224692, 60.190216344771642 ], [ 16.785337460071322, 60.19535072120182 ], [ 16.799006425480751, 60.200230789204873 ], [ 16.798613837649778, 60.205143617667574 ], [ 16.803303957441351, 60.212316185896213 ], [ 16.819111622179239, 60.216029206137975 ], [ 16.83711676690071, 60.216635540172632 ], [ 16.844485233180027, 60.218597696247429 ], [ 16.849534892198189, 60.22421301153598 ], [ 16.868426860385878, 60.226414867868783 ], [ 16.879392455204314, 60.230635171828915 ], [ 16.907931044319575, 60.238282375360363 ], [ 16.89557968199891, 60.245251049416431 ], [ 16.886772558809099, 60.245385857085914 ], [ 16.88623734574692, 60.253809782505066 ], [ 16.892942800877169, 60.259948566332113 ], [ 16.902075787400648, 60.265663092747879 ], [ 16.913338930748072, 60.270147497540897 ], [ 16.908579747714853, 60.281766228993575 ], [ 16.929103989634342, 60.287249285067531 ], [ 16.961656802125194, 60.287508761227542 ], [ 16.963092550000837, 60.293348718162498 ], [ 16.969967332038976, 60.295981534856288 ], [ 16.977687092047034, 60.295913692665103 ], [ 16.990973513989211, 60.288255915423363 ], [ 16.99619813928588, 60.278784196161197 ], [ 17.002021182598927, 60.274899051610511 ], [ 17.013194505985062, 60.273047624642849 ], [ 17.020384803695169, 60.272982091258449 ], [ 17.040389802739291, 60.275355966774228 ], [ 17.057912722429826, 60.272768385022118 ], [ 17.081516882534075, 60.25934857499746 ], [ 17.114179859244118, 60.269802569893422 ], [ 17.105670653948387, 60.280792442719033 ], [ 17.137461809775612, 60.289095067560361 ], [ 17.164567137129644, 60.288686064883514 ], [ 17.17703174345537, 60.297911585940561 ], [ 17.192469702687486, 60.30071369212925 ], [ 17.196823659974591, 60.307400616040134 ], [ 17.195749089696047, 60.34599292831745 ], [ 17.211762280181897, 60.36454072115221 ], [ 17.196076356543987, 60.366455892703826 ], [ 17.199069504957329, 60.372887653627217 ], [ 17.196377828426524, 60.37991743158824 ], [ 17.188024259737865, 60.381754813193531 ], [ 17.192319718981544, 60.386826719658117 ], [ 17.192906207572761, 60.407017567026912 ], [ 17.197193167187699, 60.411793202186118 ], [ 17.2174052050356, 60.41959656215861 ], [ 17.217626957870738, 60.433929579983527 ], [ 17.234001104603855, 60.431672613714625 ], [ 17.254562991159098, 60.434610444781235 ], [ 17.25687902858882, 60.431560154246434 ], [ 17.254784217293359, 60.427337066716255 ], [ 17.256718449239361, 60.424694883704106 ], [ 17.287685557486064, 60.446840440348957 ], [ 17.289493792952577, 60.453822041411676 ], [ 17.29792612157312, 60.465307710957475 ], [ 17.303198608172284, 60.511495708133154 ], [ 17.318954202294329, 60.533131016096242 ], [ 17.349089518282838, 60.586376169066597 ], [ 17.362782827057007, 60.617994292543045 ], [ 17.374533072165235, 60.652474922710063 ], [ 17.36975807788372, 60.652660938642597 ], [ 17.371301127169215, 60.658836667002014 ], [ 17.376566936386034, 60.658429414550866 ], [ 17.383249142392721, 60.678013852615649 ], [ 17.396373900630099, 60.685129636409094 ], [ 17.533365738512082, 60.695013514796784 ], [ 17.711602791879063, 60.709492458865874 ], [ 17.958828073526213, 60.906276772145354 ], [ 17.883784125968862, 60.93466258722259 ], [ 17.82984513767364, 61.043829445511953 ], [ 17.80944628945338, 61.084912653339337 ], [ 17.811599052640403, 61.08488248989331 ], [ 17.768474340221307, 61.172802552985267 ], [ 17.771115294616443, 61.179253227132499 ], [ 17.796593076620034, 61.224019063683755 ], [ 17.801814377145273, 61.234223183520157 ], [ 17.807716697759499, 61.250348346472485 ], [ 17.841675846477983, 61.371654586935549 ], [ 17.838825236147702, 61.371972697174016 ], [ 17.879998160504346, 61.506297736998349 ], [ 17.929311402356543, 61.603338563773647 ], [ 17.961025273572396, 61.665418266976054 ], [ 17.970693890477293, 61.683723981361688 ], [ 17.975462387218826, 61.697457930276414 ], [ 17.977427514806386, 61.706279381857826 ], [ 18.009026598736813, 61.811834417829274 ], [ 18.007332429210802, 61.812059542497003 ], [ 18.064389283669833, 61.988993540385891 ], [ 18.115650180626677, 62.086877922669139 ], [ 17.552565640202999, 62.129771758592085 ], [ 17.315757835481381, 62.156635497466908 ], [ 17.244681955182635, 62.150795742857632 ], [ 17.218328692429164, 62.150052861661408 ], [ 17.210096710613147, 62.155790333252497 ], [ 17.208066462683362, 62.161671080788892 ], [ 17.159467038100228, 62.162692798969196 ], [ 17.153077304297263, 62.161408955031163 ], [ 17.146838891095957, 62.157027275212883 ], [ 17.13217347643134, 62.157303054535667 ], [ 17.118571116489584, 62.155548043392301 ], [ 17.101046724287528, 62.156251407119647 ], [ 17.088007414482803, 62.160949420305322 ], [ 17.069565874850408, 62.163676407978279 ], [ 17.033845158970127, 62.159690070567798 ], [ 16.97562334676762, 62.164967827046056 ], [ 16.965306721109776, 62.162164972697695 ], [ 16.946596962724144, 62.166223815302587 ], [ 16.944930563561183, 62.171415355120665 ], [ 16.937871816370865, 62.171544961682599 ], [ 16.934773944926821, 62.169281934867719 ], [ 16.891521365105675, 62.17541543965784 ], [ 16.797665599231536, 62.202294205163405 ], [ 16.764166728225888, 62.205024237583608 ], [ 16.641495354625633, 62.212592040440235 ], [ 16.522200286745676, 62.232910001126271 ], [ 16.437302776593928, 62.236283054113045 ], [ 16.250899288936044, 62.234582692067654 ], [ 16.230280694864412, 62.234512625949122 ], [ 16.018121606133182, 62.258686385627918 ], [ 15.876271845810287, 62.286824777297582 ], [ 15.613991378729731, 62.34337103561348 ], [ 15.506917769626776, 62.337995737283947 ], [ 15.441595696213717, 62.31853078408934 ], [ 15.381714909999854, 62.297768572734221 ], [ 15.327329515287065, 62.272082303839362 ], [ 15.34643880132745, 62.23123102617901 ], [ 15.355623566593597, 62.214975516040354 ], [ 15.400289672105306, 62.195086148170773 ], [ 15.401595100867725, 62.183649625428522 ], [ 15.430440990233055, 62.145973165908664 ], [ 15.417365598250219, 62.11134658325058 ], [ 15.343243234551244, 62.092077764648252 ], [ 15.264875685086775, 62.058610811486446 ], [ 15.239817239918926, 62.04881940992157 ], [ 15.092629872405917, 61.997258966271751 ], [ 15.109920034068812, 61.967134095148467 ], [ 15.110712530355821, 61.957446868541609 ], [ 15.141408299863011, 61.952546329498112 ], [ 15.112909982030187, 61.936191039847174 ], [ 15.116282359436539, 61.894750802154711 ], [ 15.085434640962475, 61.896270771878243 ], [ 15.090273704792532, 61.890238941295607 ], [ 15.109992272310821, 61.845113758906713 ], [ 15.091685506335153, 61.817426179463951 ], [ 15.046756692212385, 61.822165553621474 ], [ 15.046517278651486, 61.86638603088057 ], [ 14.929634219402526, 61.876997724180697 ], [ 14.910138390670944, 61.880641095226551 ], [ 14.905458202630653, 61.879461907553043 ], [ 14.923229462687249, 61.84195928869498 ], [ 14.929222255867293, 61.821600326865777 ], [ 14.865689876481101, 61.809334696760061 ], [ 14.864578858807693, 61.827032483216506 ], [ 14.805909213920627, 61.886114840392374 ], [ 14.759163811975485, 61.862906034617801 ], [ 14.806082384089596, 61.818722186326667 ], [ 14.843324126489273, 61.802162161197913 ], [ 14.856928749903222, 61.783465538393848 ], [ 14.828016310921548, 61.791123754667318 ], [ 14.824395159042288, 61.790990228547741 ], [ 14.803832604438602, 61.795490175375541 ], [ 14.786847619526785, 61.804428881679449 ], [ 14.762432306108607, 61.821139095159687 ], [ 14.763199481843435, 61.823554439404887 ], [ 14.747971297562829, 61.834835007641601 ], [ 14.7426176692047, 61.840940878142312 ], [ 14.706236176277386, 61.874307259311358 ], [ 14.70064401338408, 61.877178990435318 ], [ 14.699080679781945, 61.884543069684568 ], [ 14.688866794679042, 61.899231776116629 ], [ 14.685886140695736, 61.901666434018544 ], [ 14.672824178762843, 61.896812247423938 ], [ 14.531103355526781, 61.783931094633452 ], [ 14.524454436716045, 61.784299951430299 ], [ 14.516735301714185, 61.734643505888165 ], [ 14.521955336574951, 61.73425273910027 ], [ 14.520929919421697, 61.727072475487113 ], [ 14.51523869457038, 61.727449784825836 ], [ 14.498592078572139, 61.625416309355934 ], [ 14.44755229562594, 61.594947402309089 ] ] ] } },
{ "type": "Feature", "properties": { "geo_point_2d": { "lon": 17.474502596829389, "lat": 63.033159811717212 }, "year": "2022", "geo_id": "22", "geo_name": "Västernorrlands län", "geo_type": "county" }, "geometry": { "type": "Polygon", "coordinates": [ [ [ 16.718945539318376, 64.027873530757745 ], [ 16.696521206371582, 64.004212481126316 ], [ 16.579388340693583, 63.869843313139341 ], [ 16.563423167901263, 63.823107793249235 ], [ 16.574054618166663, 63.783175083619426 ], [ 16.598478363494412, 63.750109869369638 ], [ 16.613154277739518, 63.713515490551586 ], [ 16.515850925061105, 63.703271042301111 ], [ 16.348466924819039, 63.697054665670521 ], [ 16.340151279877098, 63.690433727874414 ], [ 16.333140253308464, 63.695227635628505 ], [ 16.319180463018025, 63.697610470632483 ], [ 16.270096086176054, 63.659695141218663 ], [ 16.230280216579867, 63.660176803534654 ], [ 16.086981722702575, 63.703928620042369 ], [ 15.97994581323621, 63.653394379112314 ], [ 15.975105245958632, 63.653265572064761 ], [ 15.960474115661411, 63.656381421896135 ], [ 15.952104472564399, 63.657112301605956 ], [ 15.934082426958824, 63.657026265445509 ], [ 15.905334063302655, 63.664669636309675 ], [ 15.903322214625808, 63.666904733224648 ], [ 15.908360784865303, 63.675208220305869 ], [ 15.897798533144281, 63.682589309860909 ], [ 15.791378140272601, 63.657705715344079 ], [ 15.844061595152919, 63.633354705223027 ], [ 15.847241706712555, 63.628375009853045 ], [ 15.862160274561282, 63.625032835610241 ], [ 15.93427604374949, 63.589067282564002 ], [ 15.999289405313387, 63.549997908872697 ], [ 15.966411002231251, 63.44373160522737 ], [ 16.018010751007925, 63.430010502848184 ], [ 16.046235963783591, 63.447190521665839 ], [ 16.056748254422043, 63.446095966874573 ], [ 16.140623136014252, 63.420625827703425 ], [ 16.131781054166449, 63.382491627838874 ], [ 16.096845698719051, 63.368509033334725 ], [ 16.139402055506618, 63.353344354251114 ], [ 16.145432843685192, 63.356559818634366 ], [ 16.202253396350262, 63.337771092843347 ], [ 16.195597695581615, 63.332810317777316 ], [ 16.250232016270783, 63.311926844388069 ], [ 16.287166728567144, 63.311403343266939 ], [ 16.274890895792019, 63.301082216060522 ], [ 16.597885552455516, 63.174362498663847 ], [ 16.675773142903264, 63.134609545685983 ], [ 16.70320904553186, 63.117750637154401 ], [ 16.895082896945393, 63.012263707581894 ], [ 16.999020564127598, 62.946480374430507 ], [ 16.914851768145542, 62.935860490021717 ], [ 16.871257198019311, 62.931153399090654 ], [ 16.787917614337776, 62.925494621747625 ], [ 16.720086980201941, 62.921912413052112 ], [ 16.711181155546399, 62.915240480822995 ], [ 16.708707162415649, 62.92117811158279 ], [ 16.695518957201369, 62.91985314800376 ], [ 16.694139447545965, 62.917843039193308 ], [ 16.679927449307055, 62.91180360895482 ], [ 16.671383828879101, 62.912331775049431 ], [ 16.67121962546199, 62.916774091589204 ], [ 16.537567502162499, 62.836645216281696 ], [ 16.494508014215295, 62.808061258657517 ], [ 16.420793622954232, 62.770719086272436 ], [ 16.369136025681268, 62.69563133377595 ], [ 16.245873939164792, 62.710274444024982 ], [ 16.130473535089479, 62.691540500176423 ], [ 16.112190752214737, 62.694946074349531 ], [ 15.965082501872228, 62.712891431364049 ], [ 15.635510846472791, 62.632281095826414 ], [ 15.517996485773708, 62.617356281757765 ], [ 15.244964062801229, 62.599767892513938 ], [ 15.127163299553091, 62.560287313315818 ], [ 15.098166150843443, 62.583490206821338 ], [ 14.965470924430754, 62.600252789433696 ], [ 14.780587481701357, 62.590523070892544 ], [ 14.80526979093028, 62.56905893957687 ], [ 14.809296655352759, 62.562501525340018 ], [ 14.805166884438318, 62.557945153349479 ], [ 14.808595868746542, 62.544016637564646 ], [ 14.802041692265149, 62.536234960490816 ], [ 14.803043574820199, 62.526811499529892 ], [ 14.817016613951154, 62.519530782658009 ], [ 14.829666843306601, 62.507228030465967 ], [ 14.831519438962681, 62.496186197537341 ], [ 14.840292726496971, 62.48888029954216 ], [ 14.842381040071107, 62.478261676683971 ], [ 14.839461549346485, 62.474401021671284 ], [ 14.846407660102034, 62.470617471306042 ], [ 14.848178141802249, 62.465577811041328 ], [ 14.83919066080391, 62.459997385075127 ], [ 14.813299221727693, 62.459815535846445 ], [ 14.796675718258083, 62.46480644860403 ], [ 14.800264004012794, 62.404276977161402 ], [ 14.87586840197301, 62.402235981608186 ], [ 14.864758637963677, 62.391393618302217 ], [ 14.894196970658321, 62.357940358726403 ], [ 14.912494133981516, 62.341440870732853 ], [ 14.940030264397151, 62.320277023802596 ], [ 15.152069583877646, 62.249096638725852 ], [ 15.286117212184084, 62.292329220162891 ], [ 15.327329515287065, 62.272082303839362 ], [ 15.381714909999854, 62.297768572734221 ], [ 15.441595696213717, 62.31853078408934 ], [ 15.506917769626776, 62.337995737283947 ], [ 15.613991378729731, 62.34337103561348 ], [ 15.876271845810287, 62.286824777297582 ], [ 16.018121606133182, 62.258686385627918 ], [ 16.230280694864412, 62.234512625949122 ], [ 16.250899288936044, 62.234582692067654 ], [ 16.437302776593928, 62.236283054113045 ], [ 16.522200286745676, 62.232910001126271 ], [ 16.641495354625633, 62.212592040440235 ], [ 16.764166728225888, 62.205024237583608 ], [ 16.797665599231536, 62.202294205163405 ], [ 16.891521365105675, 62.17541543965784 ], [ 16.934773944926821, 62.169281934867719 ], [ 16.937871816370865, 62.171544961682599 ], [ 16.944930563561183, 62.171415355120665 ], [ 16.946596962724144, 62.166223815302587 ], [ 16.965306721109776, 62.162164972697695 ], [ 16.97562334676762, 62.164967827046056 ], [ 17.033845158970127, 62.159690070567798 ], [ 17.069565874850408, 62.163676407978279 ], [ 17.088007414482803, 62.160949420305322 ], [ 17.101046724287528, 62.156251407119647 ], [ 17.118571116489584, 62.155548043392301 ], [ 17.13217347643134, 62.157303054535667 ], [ 17.146838891095957, 62.157027275212883 ], [ 17.153077304297263, 62.161408955031163 ], [ 17.159467038100228, 62.162692798969196 ], [ 17.208066462683362, 62.161671080788892 ], [ 17.210096710613147, 62.155790333252497 ], [ 17.218328692429164, 62.150052861661408 ], [ 17.244681955182635, 62.150795742857632 ], [ 17.315757835481381, 62.156635497466908 ], [ 17.552565640202999, 62.129771758592085 ], [ 18.115650180626677, 62.086877922669139 ], [ 18.231070237515645, 62.308681020083604 ], [ 18.287574766907408, 62.417443993242479 ], [ 18.382379786013804, 62.468044370728357 ], [ 18.403814336945779, 62.480368121873902 ], [ 18.59060049601878, 62.596626157954766 ], [ 18.734476225658664, 62.685318245700294 ], [ 18.813877194008683, 62.733818351365734 ], [ 18.961423287919825, 62.820338070379158 ], [ 18.98562568482625, 62.833853561632843 ], [ 18.986858218877355, 62.83341775893151 ], [ 19.409311876594835, 63.068044049099079 ], [ 19.428295343255225, 63.076254124750527 ], [ 19.607602965726869, 63.102201952762769 ], [ 19.382266306243668, 63.359739318488543 ], [ 19.286802745986133, 63.463084508389386 ], [ 19.292336878441539, 63.468221552931681 ], [ 19.285811514527971, 63.470410193690853 ], [ 19.18961980436239, 63.571035827907728 ], [ 19.18182708337498, 63.596750548760028 ], [ 19.084263282742842, 63.664169373662887 ], [ 19.042450196222489, 63.689774325921768 ], [ 18.997310374798662, 63.73089276261716 ], [ 18.976269920281606, 63.733700930352981 ], [ 18.969185452925064, 63.733587297604274 ], [ 18.949564713074114, 63.728970636390244 ], [ 18.960565869261867, 63.758405663971928 ], [ 18.958760671470323, 63.761129871873457 ], [ 18.903592990602963, 63.781288724769126 ], [ 18.89809955337612, 63.782277515428298 ], [ 18.819799474427228, 63.773376229048118 ], [ 18.802536891167257, 63.779912900924664 ], [ 18.800664048721792, 63.781962897273566 ], [ 18.806237665971196, 63.788383181605361 ], [ 18.757626328630806, 63.810187618319382 ], [ 18.724875075581942, 63.806624972746661 ], [ 18.717292245511924, 63.806957645162704 ], [ 18.702758825629314, 63.809629080289582 ], [ 18.703125959804204, 63.814783842369259 ], [ 18.685637670379908, 63.818616956601076 ], [ 18.684602786728689, 63.820720377292858 ], [ 18.640430890402893, 63.825750550649509 ], [ 18.634341683095418, 63.825834011344284 ], [ 18.592457977919697, 63.822814830522525 ], [ 18.485716915358363, 63.842513952300877 ], [ 18.481203451228836, 63.856946587841669 ], [ 18.473355552071748, 63.863312316897947 ], [ 18.478696706910139, 63.866301613443973 ], [ 18.45237291037029, 63.887880254178739 ], [ 18.438559839067977, 63.894285492415513 ], [ 18.426208316584166, 63.908368981114876 ], [ 18.428616397780317, 63.914864584113026 ], [ 18.425370346437997, 63.919842309764832 ], [ 18.409011581183261, 63.921986343048168 ], [ 18.408497711820029, 63.927219702079661 ], [ 18.420236851415321, 63.933659688172789 ], [ 18.441140714826247, 63.93436712162751 ], [ 18.458782911804203, 63.932151157788901 ], [ 18.4655030755059, 63.932696693154874 ], [ 18.462894974698401, 63.94400990179772 ], [ 18.467793249725723, 63.950243894400231 ], [ 18.473389756616633, 63.953520634829289 ], [ 18.475425023300236, 63.960713675241209 ], [ 18.47327109927631, 63.966161604096008 ], [ 18.462926394294691, 63.975884401558538 ], [ 18.454881289027391, 63.980555607122461 ], [ 18.425279066357895, 63.991159888007729 ], [ 18.405642540292337, 63.995659946550475 ], [ 18.058845911619208, 63.939109477692931 ], [ 17.731559107129403, 63.879934591876136 ], [ 17.465504740803308, 63.896670870044552 ], [ 17.317021725804903, 63.908156970729628 ], [ 17.261831099591433, 63.914096519288137 ], [ 17.091358550581372, 63.928036378742355 ], [ 16.878235650641969, 63.949928200806291 ], [ 16.718945539318376, 64.027873530757745 ] ] ] } },
{ "type": "Feature", "properties": { "geo_point_2d": { "lon": 18.684880729852363, "lat": 57.615174482900038 }, "year": "2022", "geo_id": "09", "geo_name": "Gotlands län", "geo_type": "county" }, "geometry": { "type": "Polygon", "coordinates": [ [ [ 19.216291016729755, 58.596897812480861 ], [ 19.190807783298855, 58.597656764423228 ], [ 19.164163615942126, 58.597656099558876 ], [ 19.137550746667351, 58.596678650370571 ], [ 19.111135684795101, 58.594729947906771 ], [ 19.094461893261592, 58.593031101369846 ], [ 19.068589766033494, 58.589643830961911 ], [ 19.043237853677734, 58.585317052276729 ], [ 19.0185344149582, 58.580072214553802 ], [ 18.994597711629989, 58.573935748700642 ], [ 18.971549677204958, 58.566938501710922 ], [ 18.949500241829057, 58.559114415871456 ], [ 18.928561243074142, 58.550501998876683 ], [ 18.908832568494606, 58.541143695211098 ], [ 18.890410826432518, 58.531086602419428 ], [ 18.865422387316691, 58.514798645668122 ], [ 18.843848593929508, 58.497228818286914 ], [ 18.831480025604332, 58.484900085829565 ], [ 18.816093556327051, 58.465633281627504 ], [ 18.804621645406559, 58.446493882335929 ], [ 18.797145734185705, 58.428073120958878 ], [ 18.793123133454714, 58.409301984416736 ], [ 18.792304067260147, 58.390527928571672 ], [ 18.794938690793511, 58.371736107829584 ], [ 18.801055973735316, 58.353132170800798 ], [ 18.810281292189359, 58.334993840410121 ], [ 18.822865730233481, 58.317314460253002 ], [ 18.840832621429954, 58.296873725947151 ], [ 18.856379764601307, 58.269354834074768 ], [ 18.870686716599309, 58.251422148672077 ], [ 18.888376420778521, 58.234358264545392 ], [ 18.909076126278105, 58.218224688553377 ], [ 18.932535242890406, 58.203295593493429 ], [ 18.958753347656977, 58.1895784312564 ], [ 18.987255361641779, 58.177281001488709 ], [ 18.618988347221897, 58.121553369507588 ], [ 18.593944432038853, 58.117181084544214 ], [ 18.537223246646921, 58.104665824039209 ], [ 18.506265562304829, 58.095831041047894 ], [ 18.477108299489348, 58.085460068759723 ], [ 18.449921996496094, 58.073766188913552 ], [ 18.424809335826179, 58.060748576518478 ], [ 18.395474001411053, 58.048818207444306 ], [ 18.368344905739342, 58.03548956004142 ], [ 18.326136925878281, 58.009179209503152 ], [ 18.272674312441875, 57.993861812196712 ], [ 18.244838644368638, 57.98375499652348 ], [ 18.218705111069269, 57.972325545802306 ], [ 18.194655883223973, 57.959711042533449 ], [ 18.174354799025984, 57.947830725252977 ], [ 18.155920293744707, 57.935104430830862 ], [ 18.125106706410975, 57.908994850680877 ], [ 18.112370403959368, 57.895888929256031 ], [ 18.07883726081824, 57.855806690490276 ], [ 18.059723690496234, 57.826849467954347 ], [ 18.045292263666393, 57.814036812841898 ], [ 18.033182254471388, 57.801199801714709 ], [ 18.024919881257439, 57.791270903530496 ], [ 18.015355626737787, 57.782482399071434 ], [ 18.007174409378884, 57.776653334814476 ], [ 17.983795027618715, 57.762994120226416 ], [ 17.956783087707645, 57.751555917688762 ], [ 17.952157660671357, 57.748555913193435 ], [ 17.904015500864716, 57.724232525394527 ], [ 17.880542585676253, 57.710069496652991 ], [ 17.859793713327239, 57.694807280166813 ], [ 17.841255570114416, 57.682775446677418 ], [ 17.824702458668131, 57.67004472867643 ], [ 17.778113041182266, 57.629421197833302 ], [ 17.762341762998318, 57.611676914674831 ], [ 17.74993936029945, 57.593142512510546 ], [ 17.740899146595911, 57.574088488262277 ], [ 17.735443554504503, 57.558814099049712 ], [ 17.732255350596635, 57.543370192330237 ], [ 17.731184853283711, 57.527822063757434 ], [ 17.724028804305139, 57.51331855839468 ], [ 17.71888099194074, 57.498505822601309 ], [ 17.715847019737645, 57.483535141897946 ], [ 17.7147156146147, 57.466640554081081 ], [ 17.71608620813662, 57.449779889447157 ], [ 17.713590945044182, 57.440252591589598 ], [ 17.689450224008279, 57.427485039920498 ], [ 17.667636529105533, 57.41366374086693 ], [ 17.648295623426467, 57.398724891376574 ], [ 17.63154250624752, 57.383000257605637 ], [ 17.617505183506911, 57.366435099526505 ], [ 17.606309536252759, 57.349279975540782 ], [ 17.598105395271311, 57.331614309731222 ], [ 17.591184581775693, 57.312178584462082 ], [ 17.587858968846941, 57.292494009074737 ], [ 17.588148587698065, 57.272749137241455 ], [ 17.59216871385194, 57.253050029396832 ], [ 17.599562823560213, 57.233679798059121 ], [ 17.610568302927028, 57.214858919294514 ], [ 17.624069681792019, 57.196548684334765 ], [ 17.640823487419286, 57.179060530592515 ], [ 17.660588708101269, 57.162603281582975 ], [ 17.683366127654708, 57.147238346696774 ], [ 17.708666170573899, 57.133115208759463 ], [ 17.736370465897064, 57.120503623375157 ], [ 17.766380459824806, 57.10939456999057 ], [ 17.785407251909767, 57.050758035463666 ], [ 17.760687329554969, 56.94470988104375 ], [ 17.758367463079804, 56.93113833108464 ], [ 17.758312836594921, 56.903986382984009 ], [ 17.760434655815168, 56.890551931895573 ], [ 17.765182768198873, 56.873097143071867 ], [ 17.772896521665913, 56.855999620346267 ], [ 17.783215166261485, 56.839327357074993 ], [ 17.796126777399735, 56.823223592031439 ], [ 17.807704247457455, 56.810862937933116 ], [ 17.835505704645236, 56.788164494051053 ], [ 17.883427761378691, 56.758222790522204 ], [ 17.924864572827914, 56.740031756042534 ], [ 17.991040383483952, 56.722369787776394 ], [ 18.046965956208332, 56.711656938549559 ], [ 18.166446841768085, 56.700705103662592 ], [ 18.214151275016498, 56.700762099682308 ], [ 18.272696108069599, 56.704476488236935 ], [ 18.322751353853818, 56.713195470673419 ], [ 18.371395294190169, 56.726779422013699 ], [ 18.405409229501934, 56.732879711513782 ], [ 18.446768034353223, 56.742700982829874 ], [ 18.507738956812165, 56.763899568304836 ], [ 18.51997759924441, 56.769233785630412 ], [ 18.538891830483106, 56.778518447971202 ], [ 18.551680397357554, 56.785580902146386 ], [ 18.617306993926494, 56.823555329675962 ], [ 18.637015861325036, 56.835919119100787 ], [ 18.685021030561671, 56.8686051625697 ], [ 18.698099309765691, 56.878058185369802 ], [ 18.717281413277117, 56.892802783608445 ], [ 18.720181889201914, 56.897047193649939 ], [ 18.993076852639504, 57.105017074163513 ], [ 19.114021287174424, 57.191919250684812 ], [ 19.193092177566417, 57.247074428076083 ], [ 19.280674610530259, 57.309621181480871 ], [ 19.291838547046098, 57.318016014439728 ], [ 19.305582348990772, 57.329794896509682 ], [ 19.323283085951687, 57.348361485358026 ], [ 19.333056134986858, 57.361250114088506 ], [ 19.342398349752944, 57.375839329458444 ], [ 19.351951336629956, 57.396080519306054 ], [ 19.357419513339828, 57.413921085559224 ], [ 19.359807405070864, 57.427790479630104 ], [ 19.360869249224432, 57.440928749459502 ], [ 19.360557932179248, 57.454856580458319 ], [ 19.358443368887169, 57.468738031730076 ], [ 19.35453399970125, 57.482506996803238 ], [ 19.348846432572845, 57.496095250002881 ], [ 19.34140924074358, 57.50943586381004 ], [ 19.332254803859836, 57.522464450550039 ], [ 19.321425778977414, 57.535117049150323 ], [ 19.301118490017988, 57.5543185127881 ], [ 19.284013622749693, 57.567410695900321 ], [ 19.380778231552384, 57.639357083673808 ], [ 19.390904498461801, 57.646415298645024 ], [ 19.425516835654367, 57.67300533328352 ], [ 19.65383506273583, 57.842324975289323 ], [ 19.673499549937482, 57.858308348362783 ], [ 19.690139105907409, 57.875325364318279 ], [ 19.703698221913662, 57.893046310052348 ], [ 19.714046675699191, 57.911395245625734 ], [ 19.721024959198125, 57.930189046274059 ], [ 19.72450448985451, 57.949225426076836 ], [ 19.725826963063565, 57.9526666252982 ], [ 19.725606209138345, 57.97353611639187 ], [ 19.723464651696602, 57.98741763135132 ], [ 19.720478721705476, 57.99832508034288 ], [ 19.721497836142408, 58.009132128065865 ], [ 19.721183496100583, 58.023058901557185 ], [ 19.717283077902639, 58.043842047931392 ], [ 19.712409634087688, 58.057527678680351 ], [ 19.701745914018936, 58.077635001811274 ], [ 19.68715919830144, 58.097039302950598 ], [ 19.67533030785798, 58.109479635609894 ], [ 19.661881737227468, 58.121451813086615 ], [ 19.638815212863658, 58.138402982555057 ], [ 19.621618740834709, 58.1489516631203 ], [ 19.593301147871443, 58.16351709793458 ], [ 19.562234237178188, 58.176430179557045 ], [ 19.532561965210022, 58.186414579833261 ], [ 19.555428791775135, 58.197116896551506 ], [ 19.554091115966642, 58.197597695466406 ], [ 19.576445050099782, 58.20968193765831 ], [ 19.596852505502302, 58.222692106081944 ], [ 19.629182649101704, 58.24531814793734 ], [ 19.649270215277685, 58.260819615225742 ], [ 19.666539681471114, 58.277221298096904 ], [ 19.680818738502783, 58.29437672498409 ], [ 19.691989165269693, 58.312173610628435 ], [ 19.700030181131453, 58.3304605344509 ], [ 19.704643950054642, 58.349058345673711 ], [ 19.705938833769586, 58.367757313657862 ], [ 19.703902666080022, 58.386494891074847 ], [ 19.69862584656844, 58.405052382649146 ], [ 19.689980110494929, 58.423244457013539 ], [ 19.678040308604686, 58.440861361562618 ], [ 19.663058352657963, 58.457894507879949 ], [ 19.645018259929049, 58.474073651459769 ], [ 19.624166821976793, 58.489327172114159 ], [ 19.600589113728333, 58.503507369315514 ], [ 19.579922518171784, 58.514102795280102 ], [ 19.566149644707426, 58.520330931543533 ], [ 19.537826767696082, 58.534731999170212 ], [ 19.517187006905903, 58.543534053043601 ], [ 19.495411872492404, 58.551558378673604 ], [ 19.460859591420345, 58.562050147305989 ], [ 19.436727768278541, 58.567964961884286 ], [ 19.404968868595262, 58.574188416491587 ], [ 19.382817202306278, 58.57908220398059 ], [ 19.357619471250807, 58.58363933119432 ], [ 19.331867603656917, 58.587262199960819 ], [ 19.305690457186085, 58.589932732911542 ], [ 19.281202633228556, 58.591545096011714 ], [ 19.255995558908438, 58.594340215068883 ], [ 19.216291016729755, 58.596897812480861 ] ] ] } },
{ "type": "Feature", "properties": { "geo_point_2d": { "lon": 18.189080284876397, "lat": 64.762000812880089 }, "year": "2022", "geo_id": "24", "geo_name": "Västerbottens län", "geo_type": "county" }, "geometry": { "type": "Polygon", "coordinates": [ [ [ 14.325976900535141, 65.118910560654598 ], [ 14.617132420889956, 65.002031582084015 ], [ 14.701115937886366, 64.99014056538671 ], [ 14.704178371465714, 64.981067373931282 ], [ 14.703225044955857, 64.979010626555564 ], [ 14.710625638031919, 64.971189255994005 ], [ 14.712680901232321, 64.960789867029789 ], [ 14.730941548434384, 64.954526818238975 ], [ 14.754319444174138, 64.954325708810174 ], [ 14.756613962265119, 64.948695149483697 ], [ 14.768249334929074, 64.945811930791436 ], [ 14.779254496616977, 64.937913648432101 ], [ 14.775599526488856, 64.9307212729328 ], [ 14.779581227034447, 64.917979705860205 ], [ 14.774363824726709, 64.91316256439184 ], [ 14.789986341211501, 64.908237665657779 ], [ 14.802391306388031, 64.907509968860296 ], [ 14.811693587882067, 64.905119026444567 ], [ 14.842135089468812, 64.891693573884623 ], [ 14.844843747090893, 64.889531355839367 ], [ 14.846409030565129, 64.88249992453251 ], [ 14.838719434236497, 64.877996483784713 ], [ 14.855708299241401, 64.874984350941247 ], [ 14.862217409026945, 64.869885914849448 ], [ 14.881934868849969, 64.863972833790768 ], [ 14.934350554307892, 64.85738231307262 ], [ 14.975799046428021, 64.84600339548436 ], [ 15.025094241516939, 64.802829255613517 ], [ 15.025770551414089, 64.797634738646096 ], [ 15.035531008896186, 64.790976215052936 ], [ 15.035075766409696, 64.784636592654024 ], [ 15.027565328919014, 64.779358940564393 ], [ 15.032719853354825, 64.7711649270572 ], [ 15.029237892790727, 64.76451793233359 ], [ 15.036833155432726, 64.757915263342568 ], [ 15.059680880617659, 64.753125450847818 ], [ 15.062583950571955, 64.751628600559812 ], [ 15.100446401302031, 64.75270164162508 ], [ 15.134761012399297, 64.752219616344277 ], [ 15.137519030086162, 64.746859139799298 ], [ 15.167561556337237, 64.741860833249248 ], [ 15.185415643422353, 64.740609133498637 ], [ 15.197173994877303, 64.732154530724458 ], [ 15.226250368127783, 64.721991791831982 ], [ 15.240632602220563, 64.712431779087822 ], [ 15.266047439627254, 64.700013814777535 ], [ 15.2778108877527, 64.689095196116426 ], [ 15.285754221833582, 64.684647421534109 ], [ 15.301046880168542, 64.679112234901012 ], [ 15.322595594387339, 64.674726259994387 ], [ 15.334203382079204, 64.669615107422928 ], [ 15.33451732432343, 64.653954909348911 ], [ 15.341440806918341, 64.646818948478241 ], [ 15.269478604048958, 64.638923957520447 ], [ 15.242871003498948, 64.637022012892814 ], [ 15.239631755626254, 64.636148526915633 ], [ 15.250239539791163, 64.630178993101197 ], [ 15.26295137050276, 64.627481490378074 ], [ 15.30218234942938, 64.624732221962972 ], [ 15.314410105713879, 64.620633850731693 ], [ 15.324293519575706, 64.615647797731995 ], [ 15.340216801135108, 64.602280039648377 ], [ 15.371748218281144, 64.583530601655383 ], [ 15.417735890816397, 64.579411611264192 ], [ 15.426612262550652, 64.583995852830114 ], [ 15.430829941170055, 64.580876183233357 ], [ 15.438012559774515, 64.567910506105477 ], [ 15.440052732433481, 64.556958971732229 ], [ 15.449984632183508, 64.555705101277823 ], [ 15.466263482334039, 64.547854588252051 ], [ 15.52090139807107, 64.532300238566933 ], [ 15.531605125143731, 64.524759034065326 ], [ 15.54418732553698, 64.517763084133932 ], [ 15.539676601031587, 64.505748896247525 ], [ 15.544523746974678, 64.501653894337394 ], [ 15.557615704435632, 64.496267787165863 ], [ 15.552886216235203, 64.492187416617355 ], [ 15.557030904592787, 64.481663912584224 ], [ 15.56516861675118, 64.47617446444508 ], [ 15.568030317497952, 64.467473892997603 ], [ 15.578068120854478, 64.459811608605207 ], [ 15.580278301293374, 64.451011101714755 ], [ 15.578802487731863, 64.443617643400501 ], [ 15.646748212603335, 64.44755513969757 ], [ 15.636789051130851, 64.519822726194178 ], [ 15.704463428477911, 64.537815544839106 ], [ 15.740338023192283, 64.403136396696112 ], [ 15.753808580970642, 64.407178279991925 ], [ 15.868521140089934, 64.382372701465542 ], [ 15.855041166920648, 64.375659332637426 ], [ 16.023490914366814, 64.332953092880288 ], [ 16.023708180007336, 64.269678040509788 ], [ 16.018356379895529, 64.268407651920455 ], [ 16.04014006019996, 64.248407000280693 ], [ 16.109076402642462, 64.263139550418543 ], [ 16.125549680606127, 64.260413482344845 ], [ 16.145216583386581, 64.26776063981255 ], [ 16.164731604188745, 64.260995485542509 ], [ 16.219413697959411, 64.2633180779914 ], [ 16.409800844633519, 64.173499491940674 ], [ 16.718945539318376, 64.027873530757745 ], [ 16.878235650641969, 63.949928200806291 ], [ 17.091358550581372, 63.928036378742355 ], [ 17.261831099591433, 63.914096519288137 ], [ 17.317021725804903, 63.908156970729628 ], [ 17.465504740803308, 63.896670870044552 ], [ 17.731559107129403, 63.879934591876136 ], [ 18.058845911619208, 63.939109477692931 ], [ 18.405642540292337, 63.995659946550475 ], [ 18.425279066357895, 63.991159888007729 ], [ 18.454881289027391, 63.980555607122461 ], [ 18.462926394294691, 63.975884401558538 ], [ 18.47327109927631, 63.966161604096008 ], [ 18.475425023300236, 63.960713675241209 ], [ 18.473389756616633, 63.953520634829289 ], [ 18.467793249725723, 63.950243894400231 ], [ 18.462894974698401, 63.94400990179772 ], [ 18.4655030755059, 63.932696693154874 ], [ 18.458782911804203, 63.932151157788901 ], [ 18.441140714826247, 63.93436712162751 ], [ 18.420236851415321, 63.933659688172789 ], [ 18.408497711820029, 63.927219702079661 ], [ 18.409011581183261, 63.921986343048168 ], [ 18.425370346437997, 63.919842309764832 ], [ 18.428616397780317, 63.914864584113026 ], [ 18.426208316584166, 63.908368981114876 ], [ 18.438559839067977, 63.894285492415513 ], [ 18.45237291037029, 63.887880254178739 ], [ 18.478696706910139, 63.866301613443973 ], [ 18.473355552071748, 63.863312316897947 ], [ 18.481203451228836, 63.856946587841669 ], [ 18.485716915358363, 63.842513952300877 ], [ 18.592457977919697, 63.822814830522525 ], [ 18.634341683095418, 63.825834011344284 ], [ 18.640430890402893, 63.825750550649509 ], [ 18.684602786728689, 63.820720377292858 ], [ 18.685637670379908, 63.818616956601076 ], [ 18.703125959804204, 63.814783842369259 ], [ 18.702758825629314, 63.809629080289582 ], [ 18.717292245511924, 63.806957645162704 ], [ 18.724875075581942, 63.806624972746661 ], [ 18.757626328630806, 63.810187618319382 ], [ 18.806237665971196, 63.788383181605361 ], [ 18.800664048721792, 63.781962897273566 ], [ 18.802536891167257, 63.779912900924664 ], [ 18.819799474427228, 63.773376229048118 ], [ 18.89809955337612, 63.782277515428298 ], [ 18.903592990602963, 63.781288724769126 ], [ 18.958760671470323, 63.761129871873457 ], [ 18.960565869261867, 63.758405663971928 ], [ 18.949564713074114, 63.728970636390244 ], [ 18.969185452925064, 63.733587297604274 ], [ 18.976269920281606, 63.733700930352981 ], [ 18.997310374798662, 63.73089276261716 ], [ 19.042450196222489, 63.689774325921768 ], [ 19.084263282742842, 63.664169373662887 ], [ 19.18182708337498, 63.596750548760028 ], [ 19.18961980436239, 63.571035827907728 ], [ 19.285811514527971, 63.470410193690853 ], [ 19.292336878441539, 63.468221552931681 ], [ 19.286802745986133, 63.463084508389386 ], [ 19.382266306243668, 63.359739318488543 ], [ 19.607602965726869, 63.102201952762769 ], [ 19.428295343255225, 63.076254124750527 ], [ 19.409311876594835, 63.068044049099079 ], [ 19.428431229742202, 63.076094999390499 ], [ 19.570966317615202, 63.096724229677434 ], [ 19.771746393854492, 63.125490568297749 ], [ 19.814324533485188, 63.130659529115512 ], [ 19.857419936944343, 63.138091864518636 ], [ 19.885107100278759, 63.144155998512616 ], [ 19.911805683820003, 63.151073220453526 ], [ 19.934924887415828, 63.15802499600926 ], [ 19.973118984701358, 63.168045751397678 ], [ 19.999979991369067, 63.165523566081909 ], [ 20.030471078078524, 63.163600467589525 ], [ 20.06118243561852, 63.16263706489714 ], [ 20.091966650008779, 63.16263772979427 ], [ 20.122677534458571, 63.163602349345517 ], [ 20.163566803774529, 63.166434544946107 ], [ 20.273868121787952, 63.245765545630761 ], [ 20.39620635655379, 63.333499247157185 ], [ 20.478901209956721, 63.37586186173607 ], [ 20.573409603908512, 63.424199695669742 ], [ 20.69286745170573, 63.485181581957193 ], [ 20.828714071582827, 63.50566168241491 ], [ 20.936209399571194, 63.521857144758215 ], [ 21.137606544990565, 63.57409666239365 ], [ 21.261543252390563, 63.606196366606987 ], [ 21.367382320042207, 63.633580211218977 ], [ 21.372522359752306, 63.635171439051007 ], [ 21.378425330686003, 63.646745323340248 ], [ 21.39455296381648, 63.657286815333904 ], [ 21.410380047005102, 63.669296364950974 ], [ 21.430510931182436, 63.688153969070058 ], [ 21.441430126687091, 63.701199146382613 ], [ 21.453913235104736, 63.721319647864931 ], [ 21.459577842094703, 63.735006684554129 ], [ 21.463077974484001, 63.748836169202868 ], [ 21.4643927561544, 63.762739684903941 ], [ 21.463965858469361, 63.772865579850787 ], [ 21.469431895995449, 63.790239362782593 ], [ 21.471298412915704, 63.80413081629618 ], [ 21.470968089715338, 63.818045433778309 ], [ 21.468440577704637, 63.831916452570212 ], [ 21.463725559358569, 63.845675632040084 ], [ 21.456841024217326, 63.859255182983787 ], [ 21.39706483427506, 63.957237931777286 ], [ 21.502132157264708, 64.041508685802469 ], [ 21.6907069015964, 64.12695906848603 ], [ 21.845390617284338, 64.19648063234834 ], [ 21.871619614890694, 64.209275978410432 ], [ 21.890991000090622, 64.220340946510561 ], [ 21.908557810071013, 64.23196558394892 ], [ 21.924232033907021, 64.244093419143567 ], [ 21.935211701251031, 64.253977353144407 ], [ 22.034767738466506, 64.349871600146386 ], [ 22.046775394616702, 64.362527299657359 ], [ 22.056909942093053, 64.375731018348915 ], [ 22.064902576300181, 64.389208433660258 ], [ 22.070710510970745, 64.402894253154074 ], [ 22.07364207177163, 64.413387616433425 ], [ 22.07855702207522, 64.435968498844019 ], [ 22.080565139638772, 64.456697517789195 ], [ 22.079108061160294, 64.470597133071578 ], [ 22.075241077627503, 64.484945864443603 ], [ 22.069307290625677, 64.498623169618426 ], [ 22.061167743019841, 64.512087998860224 ], [ 21.959758087783026, 64.64282757887932 ], [ 21.949259323436316, 64.6582523109075 ], [ 21.939870749607312, 64.669119565446422 ], [ 21.890020088793712, 64.737028484544069 ], [ 21.81680597481439, 64.836122136563404 ], [ 21.905544381860842, 64.8902152203013 ], [ 21.945449907150874, 64.902357177370121 ], [ 21.941068154562622, 64.901691622737559 ], [ 21.493021756855686, 65.083437836254802 ], [ 21.460539759551519, 65.09398388964253 ], [ 21.319785995462034, 65.135949585639523 ], [ 21.266399273731917, 65.16381508591796 ], [ 21.230954186217694, 65.168611931037049 ], [ 20.807255597381467, 65.208920579582909 ], [ 20.638361534561952, 65.240949712889034 ], [ 20.292365082397325, 65.308956888031119 ], [ 20.102787109911244, 65.34697441561481 ], [ 19.89437386398675, 65.380661905990507 ], [ 19.70437138266557, 65.259273283299208 ], [ 19.712049894019056, 65.256837362863848 ], [ 19.704325522165114, 65.251414908749496 ], [ 19.696147024762009, 65.254087952416654 ], [ 19.608760377617344, 65.198966632325821 ], [ 19.478726524479605, 65.165454977733802 ], [ 19.482477418972987, 65.161546166719347 ], [ 19.437076807907189, 65.148903176223286 ], [ 19.431763842176885, 65.153288611097835 ], [ 19.392030600696263, 65.142974045316976 ], [ 19.388167212871551, 65.144171022800521 ], [ 19.38530546078221, 65.150601958104204 ], [ 19.3752115200407, 65.155772806278293 ], [ 19.363900860535615, 65.16680440216949 ], [ 19.347983787654368, 65.17337293372691 ], [ 19.338375052383011, 65.179315286860216 ], [ 19.343484357127636, 65.182616292357466 ], [ 19.340975355852084, 65.185813934049904 ], [ 19.326690970023972, 65.191362608147131 ], [ 19.298350442400697, 65.197372190518692 ], [ 19.280436073567547, 65.204235266900653 ], [ 19.261111774578556, 65.207536672300122 ], [ 19.244082404833303, 65.218761174416898 ], [ 19.242931922625377, 65.226868938347124 ], [ 19.246520487353774, 65.229938572663471 ], [ 19.252271257685727, 65.241704511544 ], [ 19.263812119928872, 65.239886018899483 ], [ 19.273634464322814, 65.2414646156396 ], [ 19.258842305308427, 65.254582901214107 ], [ 19.241575849865985, 65.260639849819086 ], [ 19.233223323870678, 65.265243728952612 ], [ 19.222385013252051, 65.268615042595016 ], [ 19.206076704970009, 65.270986851641112 ], [ 19.174488393111815, 65.282023145284739 ], [ 19.166688608018685, 65.285950682600657 ], [ 19.15131690856801, 65.28785540214426 ], [ 19.13192907596822, 65.291634048273991 ], [ 19.098093466589038, 65.304678175431533 ], [ 19.072657872432725, 65.307449628206982 ], [ 19.061778715785746, 65.306096024679206 ], [ 19.050113103345371, 65.307236562577771 ], [ 19.042402352429594, 65.306239762237965 ], [ 19.032891298092689, 65.307341624315043 ], [ 19.019952997075467, 65.312228430590338 ], [ 19.021350863966997, 65.318052243576147 ], [ 19.016727017665303, 65.325791080010092 ], [ 19.017610358486877, 65.329224284938263 ], [ 19.009595000643333, 65.332739118038873 ], [ 18.989643660341013, 65.336725961844365 ], [ 18.97546248126277, 65.341580921942764 ], [ 18.93232821816429, 65.346732174113313 ], [ 18.928877636872727, 65.351301356863658 ], [ 18.894778073831837, 65.362605566440266 ], [ 18.869411912556323, 65.372813419285364 ], [ 18.852570798684972, 65.3703220260129 ], [ 18.832959694031427, 65.372305489049751 ], [ 18.822799171484913, 65.377886019800016 ], [ 18.818831016717116, 65.382574847351123 ], [ 18.811080246967116, 65.387190750476051 ], [ 18.796577268647212, 65.389143812747662 ], [ 18.769921661302227, 65.396374743671188 ], [ 18.748908365861137, 65.40640827805575 ], [ 18.744342974502143, 65.414118072701854 ], [ 18.749409428605013, 65.421433995162872 ], [ 18.741973092630658, 65.427404252719413 ], [ 18.722463816511535, 65.436731109416314 ], [ 18.712976677972723, 65.438700006517394 ], [ 18.703188158088736, 65.438833955360721 ], [ 18.665855851631125, 65.436402777093065 ], [ 18.646457934323166, 65.436516970562096 ], [ 18.627402383265515, 65.434602744837804 ], [ 18.580594391527747, 65.440800079585912 ], [ 18.568508999666541, 65.445060194907612 ], [ 18.555744490620086, 65.445714556290838 ], [ 18.534490781192432, 65.448989340222667 ], [ 18.523440086014219, 65.451862803591453 ], [ 18.517324861974718, 65.4609476729633 ], [ 18.512778913981187, 65.464161354143002 ], [ 18.504125032820564, 65.475076988695022 ], [ 18.426327196038123, 65.497210463074197 ], [ 18.342309860448538, 65.494053837722078 ], [ 18.26729992050754, 65.525488012088289 ], [ 18.250580908431779, 65.532246465404356 ], [ 18.23096344919578, 65.543078538746911 ], [ 18.195371202777089, 65.555223447110592 ], [ 18.179427297989854, 65.565694366539148 ], [ 18.18042958546129, 65.57253000008464 ], [ 18.178110609811505, 65.5770529884865 ], [ 18.158383939393598, 65.574416376319391 ], [ 18.143411413635107, 65.576648511754172 ], [ 18.14659803337047, 65.588946838289303 ], [ 18.102065655321979, 65.594507429360206 ], [ 18.078636096987019, 65.579578272003332 ], [ 18.073815692617384, 65.578743995989583 ], [ 18.052455121626895, 65.582174899724038 ], [ 18.033230438953399, 65.587823643563809 ], [ 18.030597676139866, 65.602434183650331 ], [ 17.848380066351265, 65.624441960429536 ], [ 17.674647556578673, 65.657024741394977 ], [ 16.979917989480267, 65.952856466898695 ], [ 16.771373440793802, 66.03193177810013 ], [ 16.605165975715348, 66.044173952084989 ], [ 16.523283396396106, 66.054190438619614 ], [ 16.229502681231498, 66.141386852549118 ], [ 15.769004856757977, 66.291148045006238 ], [ 15.526345852681333, 66.333505857886777 ], [ 15.453991841744376, 66.345232140535359 ], [ 15.484729384764954, 66.28245752551058 ], [ 15.305564226250786, 66.232736334183542 ], [ 15.19540820929979, 66.199967062038752 ], [ 15.035681494134462, 66.15355722777177 ], [ 14.917500281123933, 66.148564947300216 ], [ 14.863721009753851, 66.145986614267017 ], [ 14.683839046835169, 66.139005686614297 ], [ 14.516287385784295, 66.132577572376789 ], [ 14.528793291027224, 66.095557330215698 ], [ 14.545555350580321, 66.041780344690011 ], [ 14.550936364185095, 66.022123020973922 ], [ 14.573123881216318, 65.957857268805071 ], [ 14.58440441797562, 65.901341369476143 ], [ 14.625475468220865, 65.811807297838826 ], [ 14.600530967292618, 65.779407798208865 ], [ 14.54146792380152, 65.700750674727701 ], [ 14.52140731736683, 65.612956506098527 ], [ 14.498771566386226, 65.521296458263265 ], [ 14.500698084744782, 65.444201562246874 ], [ 14.502016917879802, 65.373936027172491 ], [ 14.50683201386072, 65.309728118925463 ], [ 14.378796916964458, 65.247619197578473 ], [ 14.355594985909653, 65.193761152628525 ], [ 14.325976900535141, 65.118910560654598 ] ] ] } }
]
}
