hour,value
0,0.00011044901832647304
1,0.00011044901832647304
2,0.00011044901832647304
3,0.00011044901832647304
4,0.00011044901832647304
5,0.00011044901832647304
6,0.00011044901832647304
7,0.00011044901832647304
8,0.00011044901832647304
9,0.00011044901832647304
10,0.00011044901832647304
11,0.00011044901832647304
12,0.00011044901832647304
13,0.00011044901832647304
14,0.00011044901832647304
15,0.00011044901832647304
16,0.00011044901832647304
17,0.00011044901832647304
18,0.00011044901832647304
19,0.00011044901832647304
20,0.00011044901832647304
21,0.00011044901832647304
22,0.00011044901832647304
23,0.00011044901832647304
24,0.00011044901832647304
25,0.00011044901832647304
26,0.00011044901832647304
27,0.00011044901832647304
28,0.00011044901832647304
29,0.00011044901832647304
30,0.00011044901832647304
31,0.00011044901832647304
32,0.00011044901832647304
33,0.00011044901832647304
34,0.00011044901832647304
35,0.00011044901832647304
36,0.00011044901832647304
37,0.00011044901832647304
38,0.00011044901832647304
39,0.00011044901832647304
40,0.00011044901832647304
41,0.00011044901832647304
42,0.00011044901832647304
43,0.00011044901832647304
44,0.00011044901832647304
45,0.00011044901832647304
46,0.00011044901832647304
47,0.00011044901832647304
48,0.00011044901832647304
49,0.00011044901832647304
50,0.00011044901832647304
51,0.00011044901832647304
52,0.00011044901832647304
53,0.00011044901832647304
54,0.00011044901832647304
55,0.00011044901832647304
56,0.00011044901832647304
57,0.00011044901832647304
58,0.00011044901832647304
59,0.00011044901832647304
60,0.00011044901832647304
61,0.00011044901832647304
62,0.00011044901832647304
63,0.00011044901832647304
64,0.00011044901832647304
65,0.00011044901832647304
66,0.00011044901832647304
67,0.00011044901832647304
68,0.00011044901832647304
69,0.00011044901832647304
70,0.00011044901832647304
71,0.00011044901832647304
72,0.00011044901832647304
73,0.00011044901832647304
74,0.00011044901832647304
75,0.00011044901832647304
76,0.00011044901832647304
77,0.00011044901832647304
78,0.00011044901832647304
79,0.00011044901832647304
80,0.00011044901832647304
81,0.00011044901832647304
82,0.00011044901832647304
83,0.00011044901832647304
84,0.00011044901832647304
85,0.00011044901832647304
86,0.00011044901832647304
87,0.00011044901832647304
88,0.00011044901832647304
89,0.00011044901832647304
90,0.00011044901832647304
91,0.00011044901832647304
92,0.00011044901832647304
93,0.00011044901832647304
94,0.00011044901832647304
95,0.00011044901832647304
96,0.00011044901832647304
97,0.00011044901832647304
98,0.00011044901832647304
99,0.00011044901832647304
100,0.00011044901832647304
101,0.00011044901832647304
102,0.00011044901832647304
103,0.00011044901832647304
104,0.00011044901832647304
105,0.00011044901832647304
106,0.00011044901832647304
107,0.00011044901832647304
108,0.00011044901832647304
109,0.00011044901832647304
110,0.00011044901832647304
111,0.00011044901832647304
112,0.00011044901832647304
113,0.00011044901832647304
114,0.00011044901832647304
115,0.00011044901832647304
116,0.00011044901832647304
117,0.00011044901832647304
118,0.00011044901832647304
119,0.00011044901832647304
120,0.00011044901832647304
121,0.00011044901832647304
122,0.00011044901832647304
123,0.00011044901832647304
124,0.00011044901832647304
125,0.00011044901832647304
126,0.00011044901832647304
127,0.00011044901832647304
128,0.00011044901832647304
129,0.00011044901832647304
130,0.00011044901832647304
131,0.00011044901832647304
132,0.00011044901832647304
133,0.00011044901832647304
134,0.00011044901832647304
135,0.00011044901832647304
136,0.00011044901832647304
137,0.00011044901832647304
138,0.00011044901832647304
139,0.00011044901832647304
140,0.00011044901832647304
141,0.00011044901832647304
142,0.00011044901832647304
143,0.00011044901832647304
144,0.00011044901832647304
145,0.00011044901832647304
146,0.00011044901832647304
147,0.00011044901832647304
148,0.00011044901832647304
149,0.00011044901832647304
150,0.00011044901832647304
151,0.00011044901832647304
152,0.00011044901832647304
153,0.00011044901832647304
154,0.00011044901832647304
155,0.00011044901832647304
156,0.00011044901832647304
157,0.00011044901832647304
158,0.00011044901832647304
159,0.00011044901832647304
160,0.00011044901832647304
161,0.00011044901832647304
162,0.00011044901832647304
163,0.00011044901832647304
164,0.00011044901832647304
165,0.00011044901832647304
166,0.00011044901832647304
167,0.00011044901832647304
168,0.00011044901832647304
169,0.00011044901832647304
170,0.00011044901832647304
171,0.00011044901832647304
172,0.00011044901832647304
173,0.00011044901832647304
174,0.00011044901832647304
175,0.00011044901832647304
176,0.00011044901832647304
177,0.00011044901832647304
178,0.00011044901832647304
179,0.00011044901832647304
180,0.00011044901832647304
181,0.00011044901832647304
182,0.00011044901832647304
183,0.00011044901832647304
184,0.00011044901832647304
185,0.00011044901832647304
186,0.00011044901832647304
187,0.00011044901832647304
188,0.00011044901832647304
189,0.00011044901832647304
190,0.00011044901832647304
191,0.00011044901832647304
192,0.00011044901832647304
193,0.00011044901832647304
194,0.00011044901832647304
195,0.00011044901832647304
196,0.00011044901832647304
197,0.00011044901832647304
198,0.00011044901832647304
199,0.00011044901832647304
200,0.00011044901832647304
201,0.00011044901832647304
202,0.00011044901832647304
203,0.00011044901832647304
204,0.00011044901832647304
205,0.00011044901832647304
206,0.00011044901832647304
207,0.00011044901832647304
208,0.00011044901832647304
209,0.00011044901832647304
210,0.00011044901832647304
211,0.00011044901832647304
212,0.00011044901832647304
213,0.00011044901832647304
214,0.00011044901832647304
215,0.00011044901832647304
216,0.00011044901832647304
217,0.00011044901832647304
218,0.00011044901832647304
219,0.00011044901832647304
220,0.00011044901832647304
221,0.00011044901832647304
222,0.00011044901832647304
223,0.00011044901832647304
224,0.00011044901832647304
225,0.00011044901832647304
226,0.00011044901832647304
227,0.00011044901832647304
228,0.00011044901832647304
229,0.00011044901832647304
230,0.00011044901832647304
231,0.00011044901832647304
232,0.00011044901832647304
233,0.00011044901832647304
234,0.00011044901832647304
235,0.00011044901832647304
236,0.00011044901832647304
237,0.00011044901832647304
238,0.00011044901832647304
239,0.00011044901832647304
240,0.00011044901832647304
241,0.00011044901832647304
242,0.00011044901832647304
243,0.00011044901832647304
244,0.00011044901832647304
245,0.00011044901832647304
246,0.00011044901832647304
247,0.00011044901832647304
248,0.00011044901832647304
249,0.00011044901832647304
250,0.00011044901832647304
251,0.00011044901832647304
252,0.00011044901832647304
253,0.00011044901832647304
254,0.00011044901832647304
255,0.00011044901832647304
256,0.00011044901832647304
257,0.00011044901832647304
258,0.00011044901832647304
259,0.00011044901832647304
260,0.00011044901832647304
261,0.00011044901832647304
262,0.00011044901832647304
263,0.00011044901832647304
264,0.00011044901832647304
265,0.00011044901832647304
266,0.00011044901832647304
267,0.00011044901832647304
268,0.00011044901832647304
269,0.00011044901832647304
270,0.00011044901832647304
271,0.00011044901832647304
272,0.00011044901832647304
273,0.00011044901832647304
274,0.00011044901832647304
275,0.00011044901832647304
276,0.00011044901832647304
277,0.00011044901832647304
278,0.00011044901832647304
279,0.00011044901832647304
280,0.00011044901832647304
281,0.00011044901832647304
282,0.00011044901832647304
283,0.00011044901832647304
284,0.00011044901832647304
285,0.00011044901832647304
286,0.00011044901832647304
287,0.00011044901832647304
288,0.00011044901832647304
289,0.00011044901832647304
290,0.00011044901832647304
291,0.00011044901832647304
292,0.00011044901832647304
293,0.00011044901832647304
294,0.00011044901832647304
295,0.00011044901832647304
296,0.00011044901832647304
297,0.00011044901832647304
298,0.00011044901832647304
299,0.00011044901832647304
300,0.00011044901832647304
301,0.00011044901832647304
302,0.00011044901832647304
303,0.00011044901832647304
304,0.00011044901832647304
305,0.00011044901832647304
306,0.00011044901832647304
307,0.00011044901832647304
308,0.00011044901832647304
309,0.00011044901832647304
310,0.00011044901832647304
311,0.00011044901832647304
312,0.00011044901832647304
313,0.00011044901832647304
314,0.00011044901832647304
315,0.00011044901832647304
316,0.00011044901832647304
317,0.00011044901832647304
318,0.00011044901832647304
319,0.00011044901832647304
320,0.00011044901832647304
321,0.00011044901832647304
322,0.00011044901832647304
323,0.00011044901832647304
324,0.00011044901832647304
325,0.00011044901832647304
326,0.00011044901832647304
327,0.00011044901832647304
328,0.00011044901832647304
329,0.00011044901832647304
330,0.00011044901832647304
331,0.00011044901832647304
332,0.00011044901832647304
333,0.00011044901832647304
334,0.00011044901832647304
335,0.00011044901832647304
336,0.00011044901832647304
337,0.00011044901832647304
338,0.00011044901832647304
339,0.00011044901832647304
340,0.00011044901832647304
341,0.00011044901832647304
342,0.00011044901832647304
343,0.00011044901832647304
344,0.00011044901832647304
345,0.00011044901832647304
346,0.00011044901832647304
347,0.00011044901832647304
348,0.00011044901832647304
349,0.00011044901832647304
350,0.00011044901832647304
351,0.00011044901832647304
352,0.00011044901832647304
353,0.00011044901832647304
354,0.00011044901832647304
355,0.00011044901832647304
356,0.00011044901832647304
357,0.00011044901832647304
358,0.00011044901832647304
359,0.00011044901832647304
360,0.00011044901832647304
361,0.00011044901832647304
362,0.00011044901832647304
363,0.00011044901832647304
364,0.00011044901832647304
365,0.00011044901832647304
366,0.00011044901832647304
367,0.00011044901832647304
368,0.00011044901832647304
369,0.00011044901832647304
370,0.00011044901832647304
371,0.00011044901832647304
372,0.00011044901832647304
373,0.00011044901832647304
374,0.00011044901832647304
375,0.00011044901832647304
376,0.00011044901832647304
377,0.00011044901832647304
378,0.00011044901832647304
379,0.00011044901832647304
380,0.00011044901832647304
381,0.00011044901832647304
382,0.00011044901832647304
383,0.00011044901832647304
384,0.00011044901832647304
385,0.00011044901832647304
386,0.00011044901832647304
387,0.00011044901832647304
388,0.00011044901832647304
389,0.00011044901832647304
390,0.00011044901832647304
391,0.00011044901832647304
392,0.00011044901832647304
393,0.00011044901832647304
394,0.00011044901832647304
395,0.00011044901832647304
396,0.00011044901832647304
397,0.00011044901832647304
398,0.00011044901832647304
399,0.00011044901832647304
400,0.00011044901832647304
401,0.00011044901832647304
402,0.00011044901832647304
403,0.00011044901832647304
404,0.00011044901832647304
405,0.00011044901832647304
406,0.00011044901832647304
407,0.00011044901832647304
408,0.00011044901832647304
409,0.00011044901832647304
410,0.00011044901832647304
411,0.00011044901832647304
412,0.00011044901832647304
413,0.00011044901832647304
414,0.00011044901832647304
415,0.00011044901832647304
416,0.00011044901832647304
417,0.00011044901832647304
418,0.00011044901832647304
419,0.00011044901832647304
420,0.00011044901832647304
421,0.00011044901832647304
422,0.00011044901832647304
423,0.00011044901832647304
424,0.00011044901832647304
425,0.00011044901832647304
426,0.00011044901832647304
427,0.00011044901832647304
428,0.00011044901832647304
429,0.00011044901832647304
430,0.00011044901832647304
431,0.00011044901832647304
432,0.00011044901832647304
433,0.00011044901832647304
434,0.00011044901832647304
435,0.00011044901832647304
436,0.00011044901832647304
437,0.00011044901832647304
438,0.00011044901832647304
439,0.00011044901832647304
440,0.00011044901832647304
441,0.00011044901832647304
442,0.00011044901832647304
443,0.00011044901832647304
444,0.00011044901832647304
445,0.00011044901832647304
446,0.00011044901832647304
447,0.00011044901832647304
448,0.00011044901832647304
449,0.00011044901832647304
450,0.00011044901832647304
451,0.00011044901832647304
452,0.00011044901832647304
453,0.00011044901832647304
454,0.00011044901832647304
455,0.00011044901832647304
456,0.00011044901832647304
457,0.00011044901832647304
458,0.00011044901832647304
459,0.00011044901832647304
460,0.00011044901832647304
461,0.00011044901832647304
462,0.00011044901832647304
463,0.00011044901832647304
464,0.00011044901832647304
465,0.00011044901832647304
466,0.00011044901832647304
467,0.00011044901832647304
468,0.00011044901832647304
469,0.00011044901832647304
470,0.00011044901832647304
471,0.00011044901832647304
472,0.00011044901832647304
473,0.00011044901832647304
474,0.00011044901832647304
475,0.00011044901832647304
476,0.00011044901832647304
477,0.00011044901832647304
478,0.00011044901832647304
479,0.00011044901832647304
480,0.00011044901832647304
481,0.00011044901832647304
482,0.00011044901832647304
483,0.00011044901832647304
484,0.00011044901832647304
485,0.00011044901832647304
486,0.00011044901832647304
487,0.00011044901832647304
488,0.00011044901832647304
489,0.00011044901832647304
490,0.00011044901832647304
491,0.00011044901832647304
492,0.00011044901832647304
493,0.00011044901832647304
494,0.00011044901832647304
495,0.00011044901832647304
496,0.00011044901832647304
497,0.00011044901832647304
498,0.00011044901832647304
499,0.00011044901832647304
500,0.00011044901832647304
501,0.00011044901832647304
502,0.00011044901832647304
503,0.00011044901832647304
504,0.00011044901832647304
505,0.00011044901832647304
506,0.00011044901832647304
507,0.00011044901832647304
508,0.00011044901832647304
509,0.00011044901832647304
510,0.00011044901832647304
511,0.00011044901832647304
512,0.00011044901832647304
513,0.00011044901832647304
514,0.00011044901832647304
515,0.00011044901832647304
516,0.00011044901832647304
517,0.00011044901832647304
518,0.00011044901832647304
519,0.00011044901832647304
520,0.00011044901832647304
521,0.00011044901832647304
522,0.00011044901832647304
523,0.00011044901832647304
524,0.00011044901832647304
525,0.00011044901832647304
526,0.00011044901832647304
527,0.00011044901832647304
528,0.00011044901832647304
529,0.00011044901832647304
530,0.00011044901832647304
531,0.00011044901832647304
532,0.00011044901832647304
533,0.00011044901832647304
534,0.00011044901832647304
535,0.00011044901832647304
536,0.00011044901832647304
537,0.00011044901832647304
538,0.00011044901832647304
539,0.00011044901832647304
540,0.00011044901832647304
541,0.00011044901832647304
542,0.00011044901832647304
543,0.00011044901832647304
544,0.00011044901832647304
545,0.00011044901832647304
546,0.00011044901832647304
547,0.00011044901832647304
548,0.00011044901832647304
549,0.00011044901832647304
550,0.00011044901832647304
551,0.00011044901832647304
552,0.00011044901832647304
553,0.00011044901832647304
554,0.00011044901832647304
555,0.00011044901832647304
556,0.00011044901832647304
557,0.00011044901832647304
558,0.00011044901832647304
559,0.00011044901832647304
560,0.00011044901832647304
561,0.00011044901832647304
562,0.00011044901832647304
563,0.00011044901832647304
564,0.00011044901832647304
565,0.00011044901832647304
566,0.00011044901832647304
567,0.00011044901832647304
568,0.00011044901832647304
569,0.00011044901832647304
570,0.00011044901832647304
571,0.00011044901832647304
572,0.00011044901832647304
573,0.00011044901832647304
574,0.00011044901832647304
575,0.00011044901832647304
576,0.00011044901832647304
577,0.00011044901832647304
578,0.00011044901832647304
579,0.00011044901832647304
580,0.00011044901832647304
581,0.00011044901832647304
582,0.00011044901832647304
583,0.00011044901832647304
584,0.00011044901832647304
585,0.00011044901832647304
586,0.00011044901832647304
587,0.00011044901832647304
588,0.00011044901832647304
589,0.00011044901832647304
590,0.00011044901832647304
591,0.00011044901832647304
592,0.00011044901832647304
593,0.00011044901832647304
594,0.00011044901832647304
595,0.00011044901832647304
596,0.00011044901832647304
597,0.00011044901832647304
598,0.00011044901832647304
599,0.00011044901832647304
600,0.00011044901832647304
601,0.00011044901832647304
602,0.00011044901832647304
603,0.00011044901832647304
604,0.00011044901832647304
605,0.00011044901832647304
606,0.00011044901832647304
607,0.00011044901832647304
608,0.00011044901832647304
609,0.00011044901832647304
610,0.00011044901832647304
611,0.00011044901832647304
612,0.00011044901832647304
613,0.00011044901832647304
614,0.00011044901832647304
615,0.00011044901832647304
616,0.00011044901832647304
617,0.00011044901832647304
618,0.00011044901832647304
619,0.00011044901832647304
620,0.00011044901832647304
621,0.00011044901832647304
622,0.00011044901832647304
623,0.00011044901832647304
624,0.00011044901832647304
625,0.00011044901832647304
626,0.00011044901832647304
627,0.00011044901832647304
628,0.00011044901832647304
629,0.00011044901832647304
630,0.00011044901832647304
631,0.00011044901832647304
632,0.00011044901832647304
633,0.00011044901832647304
634,0.00011044901832647304
635,0.00011044901832647304
636,0.00011044901832647304
637,0.00011044901832647304
638,0.00011044901832647304
639,0.00011044901832647304
640,0.00011044901832647304
641,0.00011044901832647304
642,0.00011044901832647304
643,0.00011044901832647304
644,0.00011044901832647304
645,0.00011044901832647304
646,0.00011044901832647304
647,0.00011044901832647304
648,0.00011044901832647304
649,0.00011044901832647304
650,0.00011044901832647304
651,0.00011044901832647304
652,0.00011044901832647304
653,0.00011044901832647304
654,0.00011044901832647304
655,0.00011044901832647304
656,0.00011044901832647304
657,0.00011044901832647304
658,0.00011044901832647304
659,0.00011044901832647304
660,0.00011044901832647304
661,0.00011044901832647304
662,0.00011044901832647304
663,0.00011044901832647304
664,0.00011044901832647304
665,0.00011044901832647304
666,0.00011044901832647304
667,0.00011044901832647304
668,0.00011044901832647304
669,0.00011044901832647304
670,0.00011044901832647304
671,0.00011044901832647304
672,0.00011044901832647304
673,0.00011044901832647304
674,0.00011044901832647304
675,0.00011044901832647304
676,0.00011044901832647304
677,0.00011044901832647304
678,0.00011044901832647304
679,0.00011044901832647304
680,0.00011044901832647304
681,0.00011044901832647304
682,0.00011044901832647304
683,0.00011044901832647304
684,0.00011044901832647304
685,0.00011044901832647304
686,0.00011044901832647304
687,0.00011044901832647304
688,0.00011044901832647304
689,0.00011044901832647304
690,0.00011044901832647304
691,0.00011044901832647304
692,0.00011044901832647304
693,0.00011044901832647304
694,0.00011044901832647304
695,0.00011044901832647304
696,0.00011044901832647304
697,0.00011044901832647304
698,0.00011044901832647304
699,0.00011044901832647304
700,0.00011044901832647304
701,0.00011044901832647304
702,0.00011044901832647304
703,0.00011044901832647304
704,0.00011044901832647304
705,0.00011044901832647304
706,0.00011044901832647304
707,0.00011044901832647304
708,0.00011044901832647304
709,0.00011044901832647304
710,0.00011044901832647304
711,0.00011044901832647304
712,0.00011044901832647304
713,0.00011044901832647304
714,0.00011044901832647304
715,0.00011044901832647304
716,0.00011044901832647304
717,0.00011044901832647304
718,0.00011044901832647304
719,0.00011044901832647304
720,0.00011044901832647304
721,0.00011044901832647304
722,0.00011044901832647304
723,0.00011044901832647304
724,0.00011044901832647304
725,0.00011044901832647304
726,0.00011044901832647304
727,0.00011044901832647304
728,0.00011044901832647304
729,0.00011044901832647304
730,0.00011044901832647304
731,0.00011044901832647304
732,0.00011044901832647304
733,0.00011044901832647304
734,0.00011044901832647304
735,0.00011044901832647304
736,0.00011044901832647304
737,0.00011044901832647304
738,0.00011044901832647304
739,0.00011044901832647304
740,0.00011044901832647304
741,0.00011044901832647304
742,0.00011044901832647304
743,0.00011044901832647304
744,0.00011046137305649616
745,0.00011046137305649616
746,0.00011046137305649616
747,0.00011046137305649616
748,0.00011046137305649616
749,0.00011046137305649616
750,0.00011046137305649616
751,0.00011046137305649616
752,0.00011046137305649616
753,0.00011046137305649616
754,0.00011046137305649616
755,0.00011046137305649616
756,0.00011046137305649616
757,0.00011046137305649616
758,0.00011046137305649616
759,0.00011046137305649616
760,0.00011046137305649616
761,0.00011046137305649616
762,0.00011046137305649616
763,0.00011046137305649616
764,0.00011046137305649616
765,0.00011046137305649616
766,0.00011046137305649616
767,0.00011046137305649616
768,0.00011046137305649616
769,0.00011046137305649616
770,0.00011046137305649616
771,0.00011046137305649616
772,0.00011046137305649616
773,0.00011046137305649616
774,0.00011046137305649616
775,0.00011046137305649616
776,0.00011046137305649616
777,0.00011046137305649616
778,0.00011046137305649616
779,0.00011046137305649616
780,0.00011046137305649616
781,0.00011046137305649616
782,0.00011046137305649616
783,0.00011046137305649616
784,0.00011046137305649616
785,0.00011046137305649616
786,0.00011046137305649616
787,0.00011046137305649616
788,0.00011046137305649616
789,0.00011046137305649616
790,0.00011046137305649616
791,0.00011046137305649616
792,0.00011046137305649616
793,0.00011046137305649616
794,0.00011046137305649616
795,0.00011046137305649616
796,0.00011046137305649616
797,0.00011046137305649616
798,0.00011046137305649616
799,0.00011046137305649616
800,0.00011046137305649616
801,0.00011046137305649616
802,0.00011046137305649616
803,0.00011046137305649616
804,0.00011046137305649616
805,0.00011046137305649616
806,0.00011046137305649616
807,0.00011046137305649616
808,0.00011046137305649616
809,0.00011046137305649616
810,0.00011046137305649616
811,0.00011046137305649616
812,0.00011046137305649616
813,0.00011046137305649616
814,0.00011046137305649616
815,0.00011046137305649616
816,0.00011046137305649616
817,0.00011046137305649616
818,0.00011046137305649616
819,0.00011046137305649616
820,0.00011046137305649616
821,0.00011046137305649616
822,0.00011046137305649616
823,0.00011046137305649616
824,0.00011046137305649616
825,0.00011046137305649616
826,0.00011046137305649616
827,0.00011046137305649616
828,0.00011046137305649616
829,0.00011046137305649616
830,0.00011046137305649616
831,0.00011046137305649616
832,0.00011046137305649616
833,0.00011046137305649616
834,0.00011046137305649616
835,0.00011046137305649616
836,0.00011046137305649616
837,0.00011046137305649616
838,0.00011046137305649616
839,0.00011046137305649616
840,0.00011046137305649616
841,0.00011046137305649616
842,0.00011046137305649616
843,0.00011046137305649616
844,0.00011046137305649616
845,0.00011046137305649616
846,0.00011046137305649616
847,0.00011046137305649616
848,0.00011046137305649616
849,0.00011046137305649616
850,0.00011046137305649616
851,0.00011046137305649616
852,0.00011046137305649616
853,0.00011046137305649616
854,0.00011046137305649616
855,0.00011046137305649616
856,0.00011046137305649616
857,0.00011046137305649616
858,0.00011046137305649616
859,0.00011046137305649616
860,0.00011046137305649616
861,0.00011046137305649616
862,0.00011046137305649616
863,0.00011046137305649616
864,0.00011046137305649616
865,0.00011046137305649616
866,0.00011046137305649616
867,0.00011046137305649616
868,0.00011046137305649616
869,0.00011046137305649616
870,0.00011046137305649616
871,0.00011046137305649616
872,0.00011046137305649616
873,0.00011046137305649616
874,0.00011046137305649616
875,0.00011046137305649616
876,0.00011046137305649616
877,0.00011046137305649616
878,0.00011046137305649616
879,0.00011046137305649616
880,0.00011046137305649616
881,0.00011046137305649616
882,0.00011046137305649616
883,0.00011046137305649616
884,0.00011046137305649616
885,0.00011046137305649616
886,0.00011046137305649616
887,0.00011046137305649616
888,0.00011046137305649616
889,0.00011046137305649616
890,0.00011046137305649616
891,0.00011046137305649616
892,0.00011046137305649616
893,0.00011046137305649616
894,0.00011046137305649616
895,0.00011046137305649616
896,0.00011046137305649616
897,0.00011046137305649616
898,0.00011046137305649616
899,0.00011046137305649616
900,0.00011046137305649616
901,0.00011046137305649616
902,0.00011046137305649616
903,0.00011046137305649616
904,0.00011046137305649616
905,0.00011046137305649616
906,0.00011046137305649616
907,0.00011046137305649616
908,0.00011046137305649616
909,0.00011046137305649616
910,0.00011046137305649616
911,0.00011046137305649616
912,0.00011046137305649616
913,0.00011046137305649616
914,0.00011046137305649616
915,0.00011046137305649616
916,0.00011046137305649616
917,0.00011046137305649616
918,0.00011046137305649616
919,0.00011046137305649616
920,0.00011046137305649616
921,0.00011046137305649616
922,0.00011046137305649616
923,0.00011046137305649616
924,0.00011046137305649616
925,0.00011046137305649616
926,0.00011046137305649616
927,0.00011046137305649616
928,0.00011046137305649616
929,0.00011046137305649616
930,0.00011046137305649616
931,0.00011046137305649616
932,0.00011046137305649616
933,0.00011046137305649616
934,0.00011046137305649616
935,0.00011046137305649616
936,0.00011046137305649616
937,0.00011046137305649616
938,0.00011046137305649616
939,0.00011046137305649616
940,0.00011046137305649616
941,0.00011046137305649616
942,0.00011046137305649616
943,0.00011046137305649616
944,0.00011046137305649616
945,0.00011046137305649616
946,0.00011046137305649616
947,0.00011046137305649616
948,0.00011046137305649616
949,0.00011046137305649616
950,0.00011046137305649616
951,0.00011046137305649616
952,0.00011046137305649616
953,0.00011046137305649616
954,0.00011046137305649616
955,0.00011046137305649616
956,0.00011046137305649616
957,0.00011046137305649616
958,0.00011046137305649616
959,0.00011046137305649616
960,0.00011046137305649616
961,0.00011046137305649616
962,0.00011046137305649616
963,0.00011046137305649616
964,0.00011046137305649616
965,0.00011046137305649616
966,0.00011046137305649616
967,0.00011046137305649616
968,0.00011046137305649616
969,0.00011046137305649616
970,0.00011046137305649616
971,0.00011046137305649616
972,0.00011046137305649616
973,0.00011046137305649616
974,0.00011046137305649616
975,0.00011046137305649616
976,0.00011046137305649616
977,0.00011046137305649616
978,0.00011046137305649616
979,0.00011046137305649616
980,0.00011046137305649616
981,0.00011046137305649616
982,0.00011046137305649616
983,0.00011046137305649616
984,0.00011046137305649616
985,0.00011046137305649616
986,0.00011046137305649616
987,0.00011046137305649616
988,0.00011046137305649616
989,0.00011046137305649616
990,0.00011046137305649616
991,0.00011046137305649616
992,0.00011046137305649616
993,0.00011046137305649616
994,0.00011046137305649616
995,0.00011046137305649616
996,0.00011046137305649616
997,0.00011046137305649616
998,0.00011046137305649616
999,0.00011046137305649616
1000,0.00011046137305649616
1001,0.00011046137305649616
1002,0.00011046137305649616
1003,0.00011046137305649616
1004,0.00011046137305649616
1005,0.00011046137305649616
1006,0.00011046137305649616
1007,0.00011046137305649616
1008,0.00011046137305649616
1009,0.00011046137305649616
1010,0.00011046137305649616
1011,0.00011046137305649616
1012,0.00011046137305649616
1013,0.00011046137305649616
1014,0.00011046137305649616
1015,0.00011046137305649616
1016,0.00011046137305649616
1017,0.00011046137305649616
1018,0.00011046137305649616
1019,0.00011046137305649616
1020,0.00011046137305649616
1021,0.00011046137305649616
1022,0.00011046137305649616
1023,0.00011046137305649616
1024,0.00011046137305649616
1025,0.00011046137305649616
1026,0.00011046137305649616
1027,0.00011046137305649616
1028,0.00011046137305649616
1029,0.00011046137305649616
1030,0.00011046137305649616
1031,0.00011046137305649616
1032,0.00011046137305649616
1033,0.00011046137305649616
1034,0.00011046137305649616
1035,0.00011046137305649616
1036,0.00011046137305649616
1037,0.00011046137305649616
1038,0.00011046137305649616
1039,0.00011046137305649616
1040,0.00011046137305649616
1041,0.00011046137305649616
1042,0.00011046137305649616
1043,0.00011046137305649616
1044,0.00011046137305649616
1045,0.00011046137305649616
1046,0.00011046137305649616
1047,0.00011046137305649616
1048,0.00011046137305649616
1049,0.00011046137305649616
1050,0.00011046137305649616
1051,0.00011046137305649616
1052,0.00011046137305649616
1053,0.00011046137305649616
1054,0.00011046137305649616
1055,0.00011046137305649616
1056,0.00011046137305649616
1057,0.00011046137305649616
1058,0.00011046137305649616
1059,0.00011046137305649616
1060,0.00011046137305649616
1061,0.00011046137305649616
1062,0.00011046137305649616
1063,0.00011046137305649616
1064,0.00011046137305649616
1065,0.00011046137305649616
1066,0.00011046137305649616
1067,0.00011046137305649616
1068,0.00011046137305649616
1069,0.00011046137305649616
1070,0.00011046137305649616
1071,0.00011046137305649616
1072,0.00011046137305649616
1073,0.00011046137305649616
1074,0.00011046137305649616
1075,0.00011046137305649616
1076,0.00011046137305649616
1077,0.00011046137305649616
1078,0.00011046137305649616
1079,0.00011046137305649616
1080,0.00011046137305649616
1081,0.00011046137305649616
1082,0.00011046137305649616
1083,0.00011046137305649616
1084,0.00011046137305649616
1085,0.00011046137305649616
1086,0.00011046137305649616
1087,0.00011046137305649616
1088,0.00011046137305649616
1089,0.00011046137305649616
1090,0.00011046137305649616
1091,0.00011046137305649616
1092,0.00011046137305649616
1093,0.00011046137305649616
1094,0.00011046137305649616
1095,0.00011046137305649616
1096,0.00011046137305649616
1097,0.00011046137305649616
1098,0.00011046137305649616
1099,0.00011046137305649616
1100,0.00011046137305649616
1101,0.00011046137305649616
1102,0.00011046137305649616
1103,0.00011046137305649616
1104,0.00011046137305649616
1105,0.00011046137305649616
1106,0.00011046137305649616
1107,0.00011046137305649616
1108,0.00011046137305649616
1109,0.00011046137305649616
1110,0.00011046137305649616
1111,0.00011046137305649616
1112,0.00011046137305649616
1113,0.00011046137305649616
1114,0.00011046137305649616
1115,0.00011046137305649616
1116,0.00011046137305649616
1117,0.00011046137305649616
1118,0.00011046137305649616
1119,0.00011046137305649616
1120,0.00011046137305649616
1121,0.00011046137305649616
1122,0.00011046137305649616
1123,0.00011046137305649616
1124,0.00011046137305649616
1125,0.00011046137305649616
1126,0.00011046137305649616
1127,0.00011046137305649616
1128,0.00011046137305649616
1129,0.00011046137305649616
1130,0.00011046137305649616
1131,0.00011046137305649616
1132,0.00011046137305649616
1133,0.00011046137305649616
1134,0.00011046137305649616
1135,0.00011046137305649616
1136,0.00011046137305649616
1137,0.00011046137305649616
1138,0.00011046137305649616
1139,0.00011046137305649616
1140,0.00011046137305649616
1141,0.00011046137305649616
1142,0.00011046137305649616
1143,0.00011046137305649616
1144,0.00011046137305649616
1145,0.00011046137305649616
1146,0.00011046137305649616
1147,0.00011046137305649616
1148,0.00011046137305649616
1149,0.00011046137305649616
1150,0.00011046137305649616
1151,0.00011046137305649616
1152,0.00011046137305649616
1153,0.00011046137305649616
1154,0.00011046137305649616
1155,0.00011046137305649616
1156,0.00011046137305649616
1157,0.00011046137305649616
1158,0.00011046137305649616
1159,0.00011046137305649616
1160,0.00011046137305649616
1161,0.00011046137305649616
1162,0.00011046137305649616
1163,0.00011046137305649616
1164,0.00011046137305649616
1165,0.00011046137305649616
1166,0.00011046137305649616
1167,0.00011046137305649616
1168,0.00011046137305649616
1169,0.00011046137305649616
1170,0.00011046137305649616
1171,0.00011046137305649616
1172,0.00011046137305649616
1173,0.00011046137305649616
1174,0.00011046137305649616
1175,0.00011046137305649616
1176,0.00011046137305649616
1177,0.00011046137305649616
1178,0.00011046137305649616
1179,0.00011046137305649616
1180,0.00011046137305649616
1181,0.00011046137305649616
1182,0.00011046137305649616
1183,0.00011046137305649616
1184,0.00011046137305649616
1185,0.00011046137305649616
1186,0.00011046137305649616
1187,0.00011046137305649616
1188,0.00011046137305649616
1189,0.00011046137305649616
1190,0.00011046137305649616
1191,0.00011046137305649616
1192,0.00011046137305649616
1193,0.00011046137305649616
1194,0.00011046137305649616
1195,0.00011046137305649616
1196,0.00011046137305649616
1197,0.00011046137305649616
1198,0.00011046137305649616
1199,0.00011046137305649616
1200,0.00011046137305649616
1201,0.00011046137305649616
1202,0.00011046137305649616
1203,0.00011046137305649616
1204,0.00011046137305649616
1205,0.00011046137305649616
1206,0.00011046137305649616
1207,0.00011046137305649616
1208,0.00011046137305649616
1209,0.00011046137305649616
1210,0.00011046137305649616
1211,0.00011046137305649616
1212,0.00011046137305649616
1213,0.00011046137305649616
1214,0.00011046137305649616
1215,0.00011046137305649616
1216,0.00011046137305649616
1217,0.00011046137305649616
1218,0.00011046137305649616
1219,0.00011046137305649616
1220,0.00011046137305649616
1221,0.00011046137305649616
1222,0.00011046137305649616
1223,0.00011046137305649616
1224,0.00011046137305649616
1225,0.00011046137305649616
1226,0.00011046137305649616
1227,0.00011046137305649616
1228,0.00011046137305649616
1229,0.00011046137305649616
1230,0.00011046137305649616
1231,0.00011046137305649616
1232,0.00011046137305649616
1233,0.00011046137305649616
1234,0.00011046137305649616
1235,0.00011046137305649616
1236,0.00011046137305649616
1237,0.00011046137305649616
1238,0.00011046137305649616
1239,0.00011046137305649616
1240,0.00011046137305649616
1241,0.00011046137305649616
1242,0.00011046137305649616
1243,0.00011046137305649616
1244,0.00011046137305649616
1245,0.00011046137305649616
1246,0.00011046137305649616
1247,0.00011046137305649616
1248,0.00011046137305649616
1249,0.00011046137305649616
1250,0.00011046137305649616
1251,0.00011046137305649616
1252,0.00011046137305649616
1253,0.00011046137305649616
1254,0.00011046137305649616
1255,0.00011046137305649616
1256,0.00011046137305649616
1257,0.00011046137305649616
1258,0.00011046137305649616
1259,0.00011046137305649616
1260,0.00011046137305649616
1261,0.00011046137305649616
1262,0.00011046137305649616
1263,0.00011046137305649616
1264,0.00011046137305649616
1265,0.00011046137305649616
1266,0.00011046137305649616
1267,0.00011046137305649616
1268,0.00011046137305649616
1269,0.00011046137305649616
1270,0.00011046137305649616
1271,0.00011046137305649616
1272,0.00011046137305649616
1273,0.00011046137305649616
1274,0.00011046137305649616
1275,0.00011046137305649616
1276,0.00011046137305649616
1277,0.00011046137305649616
1278,0.00011046137305649616
1279,0.00011046137305649616
1280,0.00011046137305649616
1281,0.00011046137305649616
1282,0.00011046137305649616
1283,0.00011046137305649616
1284,0.00011046137305649616
1285,0.00011046137305649616
1286,0.00011046137305649616
1287,0.00011046137305649616
1288,0.00011046137305649616
1289,0.00011046137305649616
1290,0.00011046137305649616
1291,0.00011046137305649616
1292,0.00011046137305649616
1293,0.00011046137305649616
1294,0.00011046137305649616
1295,0.00011046137305649616
1296,0.00011046137305649616
1297,0.00011046137305649616
1298,0.00011046137305649616
1299,0.00011046137305649616
1300,0.00011046137305649616
1301,0.00011046137305649616
1302,0.00011046137305649616
1303,0.00011046137305649616
1304,0.00011046137305649616
1305,0.00011046137305649616
1306,0.00011046137305649616
1307,0.00011046137305649616
1308,0.00011046137305649616
1309,0.00011046137305649616
1310,0.00011046137305649616
1311,0.00011046137305649616
1312,0.00011046137305649616
1313,0.00011046137305649616
1314,0.00011046137305649616
1315,0.00011046137305649616
1316,0.00011046137305649616
1317,0.00011046137305649616
1318,0.00011046137305649616
1319,0.00011046137305649616
1320,0.00011046137305649616
1321,0.00011046137305649616
1322,0.00011046137305649616
1323,0.00011046137305649616
1324,0.00011046137305649616
1325,0.00011046137305649616
1326,0.00011046137305649616
1327,0.00011046137305649616
1328,0.00011046137305649616
1329,0.00011046137305649616
1330,0.00011046137305649616
1331,0.00011046137305649616
1332,0.00011046137305649616
1333,0.00011046137305649616
1334,0.00011046137305649616
1335,0.00011046137305649616
1336,0.00011046137305649616
1337,0.00011046137305649616
1338,0.00011046137305649616
1339,0.00011046137305649616
1340,0.00011046137305649616
1341,0.00011046137305649616
1342,0.00011046137305649616
1343,0.00011046137305649616
1344,0.00011046137305649616
1345,0.00011046137305649616
1346,0.00011046137305649616
1347,0.00011046137305649616
1348,0.00011046137305649616
1349,0.00011046137305649616
1350,0.00011046137305649616
1351,0.00011046137305649616
1352,0.00011046137305649616
1353,0.00011046137305649616
1354,0.00011046137305649616
1355,0.00011046137305649616
1356,0.00011046137305649616
1357,0.00011046137305649616
1358,0.00011046137305649616
1359,0.00011046137305649616
1360,0.00011046137305649616
1361,0.00011046137305649616
1362,0.00011046137305649616
1363,0.00011046137305649616
1364,0.00011046137305649616
1365,0.00011046137305649616
1366,0.00011046137305649616
1367,0.00011046137305649616
1368,0.00011046137305649616
1369,0.00011046137305649616
1370,0.00011046137305649616
1371,0.00011046137305649616
1372,0.00011046137305649616
1373,0.00011046137305649616
1374,0.00011046137305649616
1375,0.00011046137305649616
1376,0.00011046137305649616
1377,0.00011046137305649616
1378,0.00011046137305649616
1379,0.00011046137305649616
1380,0.00011046137305649616
1381,0.00011046137305649616
1382,0.00011046137305649616
1383,0.00011046137305649616
1384,0.00011046137305649616
1385,0.00011046137305649616
1386,0.00011046137305649616
1387,0.00011046137305649616
1388,0.00011046137305649616
1389,0.00011046137305649616
1390,0.00011046137305649616
1391,0.00011046137305649616
1392,0.00011046137305649616
1393,0.00011046137305649616
1394,0.00011046137305649616
1395,0.00011046137305649616
1396,0.00011046137305649616
1397,0.00011046137305649616
1398,0.00011046137305649616
1399,0.00011046137305649616
1400,0.00011046137305649616
1401,0.00011046137305649616
1402,0.00011046137305649616
1403,0.00011046137305649616
1404,0.00011046137305649616
1405,0.00011046137305649616
1406,0.00011046137305649616
1407,0.00011046137305649616
1408,0.00011046137305649616
1409,0.00011046137305649616
1410,0.00011046137305649616
1411,0.00011046137305649616
1412,0.00011046137305649616
1413,0.00011046137305649616
1414,0.00011046137305649616
1415,0.00011046137305649616
1416,0.00011101438086614632
1417,0.00011101438086614632
1418,0.00011101438086614632
1419,0.00011101438086614632
1420,0.00011101438086614632
1421,0.00011101438086614632
1422,0.00011101438086614632
1423,0.00011101438086614632
1424,0.00011101438086614632
1425,0.00011101438086614632
1426,0.00011101438086614632
1427,0.00011101438086614632
1428,0.00011101438086614632
1429,0.00011101438086614632
1430,0.00011101438086614632
1431,0.00011101438086614632
1432,0.00011101438086614632
1433,0.00011101438086614632
1434,0.00011101438086614632
1435,0.00011101438086614632
1436,0.00011101438086614632
1437,0.00011101438086614632
1438,0.00011101438086614632
1439,0.00011101438086614632
1440,0.00011101438086614632
1441,0.00011101438086614632
1442,0.00011101438086614632
1443,0.00011101438086614632
1444,0.00011101438086614632
1445,0.00011101438086614632
1446,0.00011101438086614632
1447,0.00011101438086614632
1448,0.00011101438086614632
1449,0.00011101438086614632
1450,0.00011101438086614632
1451,0.00011101438086614632
1452,0.00011101438086614632
1453,0.00011101438086614632
1454,0.00011101438086614632
1455,0.00011101438086614632
1456,0.00011101438086614632
1457,0.00011101438086614632
1458,0.00011101438086614632
1459,0.00011101438086614632
1460,0.00011101438086614632
1461,0.00011101438086614632
1462,0.00011101438086614632
1463,0.00011101438086614632
1464,0.00011101438086614632
1465,0.00011101438086614632
1466,0.00011101438086614632
1467,0.00011101438086614632
1468,0.00011101438086614632
1469,0.00011101438086614632
1470,0.00011101438086614632
1471,0.00011101438086614632
1472,0.00011101438086614632
1473,0.00011101438086614632
1474,0.00011101438086614632
1475,0.00011101438086614632
1476,0.00011101438086614632
1477,0.00011101438086614632
1478,0.00011101438086614632
1479,0.00011101438086614632
1480,0.00011101438086614632
1481,0.00011101438086614632
1482,0.00011101438086614632
1483,0.00011101438086614632
1484,0.00011101438086614632
1485,0.00011101438086614632
1486,0.00011101438086614632
1487,0.00011101438086614632
1488,0.00011101438086614632
1489,0.00011101438086614632
1490,0.00011101438086614632
1491,0.00011101438086614632
1492,0.00011101438086614632
1493,0.00011101438086614632
1494,0.00011101438086614632
1495,0.00011101438086614632
1496,0.00011101438086614632
1497,0.00011101438086614632
1498,0.00011101438086614632
1499,0.00011101438086614632
1500,0.00011101438086614632
1501,0.00011101438086614632
1502,0.00011101438086614632
1503,0.00011101438086614632
1504,0.00011101438086614632
1505,0.00011101438086614632
1506,0.00011101438086614632
1507,0.00011101438086614632
1508,0.00011101438086614632
1509,0.00011101438086614632
1510,0.00011101438086614632
1511,0.00011101438086614632
1512,0.00011101438086614632
1513,0.00011101438086614632
1514,0.00011101438086614632
1515,0.00011101438086614632
1516,0.00011101438086614632
1517,0.00011101438086614632
1518,0.00011101438086614632
1519,0.00011101438086614632
1520,0.00011101438086614632
1521,0.00011101438086614632
1522,0.00011101438086614632
1523,0.00011101438086614632
1524,0.00011101438086614632
1525,0.00011101438086614632
1526,0.00011101438086614632
1527,0.00011101438086614632
1528,0.00011101438086614632
1529,0.00011101438086614632
1530,0.00011101438086614632
1531,0.00011101438086614632
1532,0.00011101438086614632
1533,0.00011101438086614632
1534,0.00011101438086614632
1535,0.00011101438086614632
1536,0.00011101438086614632
1537,0.00011101438086614632
1538,0.00011101438086614632
1539,0.00011101438086614632
1540,0.00011101438086614632
1541,0.00011101438086614632
1542,0.00011101438086614632
1543,0.00011101438086614632
1544,0.00011101438086614632
1545,0.00011101438086614632
1546,0.00011101438086614632
1547,0.00011101438086614632
1548,0.00011101438086614632
1549,0.00011101438086614632
1550,0.00011101438086614632
1551,0.00011101438086614632
1552,0.00011101438086614632
1553,0.00011101438086614632
1554,0.00011101438086614632
1555,0.00011101438086614632
1556,0.00011101438086614632
1557,0.00011101438086614632
1558,0.00011101438086614632
1559,0.00011101438086614632
1560,0.00011101438086614632
1561,0.00011101438086614632
1562,0.00011101438086614632
1563,0.00011101438086614632
1564,0.00011101438086614632
1565,0.00011101438086614632
1566,0.00011101438086614632
1567,0.00011101438086614632
1568,0.00011101438086614632
1569,0.00011101438086614632
1570,0.00011101438086614632
1571,0.00011101438086614632
1572,0.00011101438086614632
1573,0.00011101438086614632
1574,0.00011101438086614632
1575,0.00011101438086614632
1576,0.00011101438086614632
1577,0.00011101438086614632
1578,0.00011101438086614632
1579,0.00011101438086614632
1580,0.00011101438086614632
1581,0.00011101438086614632
1582,0.00011101438086614632
1583,0.00011101438086614632
1584,0.00011101438086614632
1585,0.00011101438086614632
1586,0.00011101438086614632
1587,0.00011101438086614632
1588,0.00011101438086614632
1589,0.00011101438086614632
1590,0.00011101438086614632
1591,0.00011101438086614632
1592,0.00011101438086614632
1593,0.00011101438086614632
1594,0.00011101438086614632
1595,0.00011101438086614632
1596,0.00011101438086614632
1597,0.00011101438086614632
1598,0.00011101438086614632
1599,0.00011101438086614632
1600,0.00011101438086614632
1601,0.00011101438086614632
1602,0.00011101438086614632
1603,0.00011101438086614632
1604,0.00011101438086614632
1605,0.00011101438086614632
1606,0.00011101438086614632
1607,0.00011101438086614632
1608,0.00011101438086614632
1609,0.00011101438086614632
1610,0.00011101438086614632
1611,0.00011101438086614632
1612,0.00011101438086614632
1613,0.00011101438086614632
1614,0.00011101438086614632
1615,0.00011101438086614632
1616,0.00011101438086614632
1617,0.00011101438086614632
1618,0.00011101438086614632
1619,0.00011101438086614632
1620,0.00011101438086614632
1621,0.00011101438086614632
1622,0.00011101438086614632
1623,0.00011101438086614632
1624,0.00011101438086614632
1625,0.00011101438086614632
1626,0.00011101438086614632
1627,0.00011101438086614632
1628,0.00011101438086614632
1629,0.00011101438086614632
1630,0.00011101438086614632
1631,0.00011101438086614632
1632,0.00011101438086614632
1633,0.00011101438086614632
1634,0.00011101438086614632
1635,0.00011101438086614632
1636,0.00011101438086614632
1637,0.00011101438086614632
1638,0.00011101438086614632
1639,0.00011101438086614632
1640,0.00011101438086614632
1641,0.00011101438086614632
1642,0.00011101438086614632
1643,0.00011101438086614632
1644,0.00011101438086614632
1645,0.00011101438086614632
1646,0.00011101438086614632
1647,0.00011101438086614632
1648,0.00011101438086614632
1649,0.00011101438086614632
1650,0.00011101438086614632
1651,0.00011101438086614632
1652,0.00011101438086614632
1653,0.00011101438086614632
1654,0.00011101438086614632
1655,0.00011101438086614632
1656,0.00011101438086614632
1657,0.00011101438086614632
1658,0.00011101438086614632
1659,0.00011101438086614632
1660,0.00011101438086614632
1661,0.00011101438086614632
1662,0.00011101438086614632
1663,0.00011101438086614632
1664,0.00011101438086614632
1665,0.00011101438086614632
1666,0.00011101438086614632
1667,0.00011101438086614632
1668,0.00011101438086614632
1669,0.00011101438086614632
1670,0.00011101438086614632
1671,0.00011101438086614632
1672,0.00011101438086614632
1673,0.00011101438086614632
1674,0.00011101438086614632
1675,0.00011101438086614632
1676,0.00011101438086614632
1677,0.00011101438086614632
1678,0.00011101438086614632
1679,0.00011101438086614632
1680,0.00011101438086614632
1681,0.00011101438086614632
1682,0.00011101438086614632
1683,0.00011101438086614632
1684,0.00011101438086614632
1685,0.00011101438086614632
1686,0.00011101438086614632
1687,0.00011101438086614632
1688,0.00011101438086614632
1689,0.00011101438086614632
1690,0.00011101438086614632
1691,0.00011101438086614632
1692,0.00011101438086614632
1693,0.00011101438086614632
1694,0.00011101438086614632
1695,0.00011101438086614632
1696,0.00011101438086614632
1697,0.00011101438086614632
1698,0.00011101438086614632
1699,0.00011101438086614632
1700,0.00011101438086614632
1701,0.00011101438086614632
1702,0.00011101438086614632
1703,0.00011101438086614632
1704,0.00011101438086614632
1705,0.00011101438086614632
1706,0.00011101438086614632
1707,0.00011101438086614632
1708,0.00011101438086614632
1709,0.00011101438086614632
1710,0.00011101438086614632
1711,0.00011101438086614632
1712,0.00011101438086614632
1713,0.00011101438086614632
1714,0.00011101438086614632
1715,0.00011101438086614632
1716,0.00011101438086614632
1717,0.00011101438086614632
1718,0.00011101438086614632
1719,0.00011101438086614632
1720,0.00011101438086614632
1721,0.00011101438086614632
1722,0.00011101438086614632
1723,0.00011101438086614632
1724,0.00011101438086614632
1725,0.00011101438086614632
1726,0.00011101438086614632
1727,0.00011101438086614632
1728,0.00011101438086614632
1729,0.00011101438086614632
1730,0.00011101438086614632
1731,0.00011101438086614632
1732,0.00011101438086614632
1733,0.00011101438086614632
1734,0.00011101438086614632
1735,0.00011101438086614632
1736,0.00011101438086614632
1737,0.00011101438086614632
1738,0.00011101438086614632
1739,0.00011101438086614632
1740,0.00011101438086614632
1741,0.00011101438086614632
1742,0.00011101438086614632
1743,0.00011101438086614632
1744,0.00011101438086614632
1745,0.00011101438086614632
1746,0.00011101438086614632
1747,0.00011101438086614632
1748,0.00011101438086614632
1749,0.00011101438086614632
1750,0.00011101438086614632
1751,0.00011101438086614632
1752,0.00011101438086614632
1753,0.00011101438086614632
1754,0.00011101438086614632
1755,0.00011101438086614632
1756,0.00011101438086614632
1757,0.00011101438086614632
1758,0.00011101438086614632
1759,0.00011101438086614632
1760,0.00011101438086614632
1761,0.00011101438086614632
1762,0.00011101438086614632
1763,0.00011101438086614632
1764,0.00011101438086614632
1765,0.00011101438086614632
1766,0.00011101438086614632
1767,0.00011101438086614632
1768,0.00011101438086614632
1769,0.00011101438086614632
1770,0.00011101438086614632
1771,0.00011101438086614632
1772,0.00011101438086614632
1773,0.00011101438086614632
1774,0.00011101438086614632
1775,0.00011101438086614632
1776,0.00011101438086614632
1777,0.00011101438086614632
1778,0.00011101438086614632
1779,0.00011101438086614632
1780,0.00011101438086614632
1781,0.00011101438086614632
1782,0.00011101438086614632
1783,0.00011101438086614632
1784,0.00011101438086614632
1785,0.00011101438086614632
1786,0.00011101438086614632
1787,0.00011101438086614632
1788,0.00011101438086614632
1789,0.00011101438086614632
1790,0.00011101438086614632
1791,0.00011101438086614632
1792,0.00011101438086614632
1793,0.00011101438086614632
1794,0.00011101438086614632
1795,0.00011101438086614632
1796,0.00011101438086614632
1797,0.00011101438086614632
1798,0.00011101438086614632
1799,0.00011101438086614632
1800,0.00011101438086614632
1801,0.00011101438086614632
1802,0.00011101438086614632
1803,0.00011101438086614632
1804,0.00011101438086614632
1805,0.00011101438086614632
1806,0.00011101438086614632
1807,0.00011101438086614632
1808,0.00011101438086614632
1809,0.00011101438086614632
1810,0.00011101438086614632
1811,0.00011101438086614632
1812,0.00011101438086614632
1813,0.00011101438086614632
1814,0.00011101438086614632
1815,0.00011101438086614632
1816,0.00011101438086614632
1817,0.00011101438086614632
1818,0.00011101438086614632
1819,0.00011101438086614632
1820,0.00011101438086614632
1821,0.00011101438086614632
1822,0.00011101438086614632
1823,0.00011101438086614632
1824,0.00011101438086614632
1825,0.00011101438086614632
1826,0.00011101438086614632
1827,0.00011101438086614632
1828,0.00011101438086614632
1829,0.00011101438086614632
1830,0.00011101438086614632
1831,0.00011101438086614632
1832,0.00011101438086614632
1833,0.00011101438086614632
1834,0.00011101438086614632
1835,0.00011101438086614632
1836,0.00011101438086614632
1837,0.00011101438086614632
1838,0.00011101438086614632
1839,0.00011101438086614632
1840,0.00011101438086614632
1841,0.00011101438086614632
1842,0.00011101438086614632
1843,0.00011101438086614632
1844,0.00011101438086614632
1845,0.00011101438086614632
1846,0.00011101438086614632
1847,0.00011101438086614632
1848,0.00011101438086614632
1849,0.00011101438086614632
1850,0.00011101438086614632
1851,0.00011101438086614632
1852,0.00011101438086614632
1853,0.00011101438086614632
1854,0.00011101438086614632
1855,0.00011101438086614632
1856,0.00011101438086614632
1857,0.00011101438086614632
1858,0.00011101438086614632
1859,0.00011101438086614632
1860,0.00011101438086614632
1861,0.00011101438086614632
1862,0.00011101438086614632
1863,0.00011101438086614632
1864,0.00011101438086614632
1865,0.00011101438086614632
1866,0.00011101438086614632
1867,0.00011101438086614632
1868,0.00011101438086614632
1869,0.00011101438086614632
1870,0.00011101438086614632
1871,0.00011101438086614632
1872,0.00011101438086614632
1873,0.00011101438086614632
1874,0.00011101438086614632
1875,0.00011101438086614632
1876,0.00011101438086614632
1877,0.00011101438086614632
1878,0.00011101438086614632
1879,0.00011101438086614632
1880,0.00011101438086614632
1881,0.00011101438086614632
1882,0.00011101438086614632
1883,0.00011101438086614632
1884,0.00011101438086614632
1885,0.00011101438086614632
1886,0.00011101438086614632
1887,0.00011101438086614632
1888,0.00011101438086614632
1889,0.00011101438086614632
1890,0.00011101438086614632
1891,0.00011101438086614632
1892,0.00011101438086614632
1893,0.00011101438086614632
1894,0.00011101438086614632
1895,0.00011101438086614632
1896,0.00011101438086614632
1897,0.00011101438086614632
1898,0.00011101438086614632
1899,0.00011101438086614632
1900,0.00011101438086614632
1901,0.00011101438086614632
1902,0.00011101438086614632
1903,0.00011101438086614632
1904,0.00011101438086614632
1905,0.00011101438086614632
1906,0.00011101438086614632
1907,0.00011101438086614632
1908,0.00011101438086614632
1909,0.00011101438086614632
1910,0.00011101438086614632
1911,0.00011101438086614632
1912,0.00011101438086614632
1913,0.00011101438086614632
1914,0.00011101438086614632
1915,0.00011101438086614632
1916,0.00011101438086614632
1917,0.00011101438086614632
1918,0.00011101438086614632
1919,0.00011101438086614632
1920,0.00011101438086614632
1921,0.00011101438086614632
1922,0.00011101438086614632
1923,0.00011101438086614632
1924,0.00011101438086614632
1925,0.00011101438086614632
1926,0.00011101438086614632
1927,0.00011101438086614632
1928,0.00011101438086614632
1929,0.00011101438086614632
1930,0.00011101438086614632
1931,0.00011101438086614632
1932,0.00011101438086614632
1933,0.00011101438086614632
1934,0.00011101438086614632
1935,0.00011101438086614632
1936,0.00011101438086614632
1937,0.00011101438086614632
1938,0.00011101438086614632
1939,0.00011101438086614632
1940,0.00011101438086614632
1941,0.00011101438086614632
1942,0.00011101438086614632
1943,0.00011101438086614632
1944,0.00011101438086614632
1945,0.00011101438086614632
1946,0.00011101438086614632
1947,0.00011101438086614632
1948,0.00011101438086614632
1949,0.00011101438086614632
1950,0.00011101438086614632
1951,0.00011101438086614632
1952,0.00011101438086614632
1953,0.00011101438086614632
1954,0.00011101438086614632
1955,0.00011101438086614632
1956,0.00011101438086614632
1957,0.00011101438086614632
1958,0.00011101438086614632
1959,0.00011101438086614632
1960,0.00011101438086614632
1961,0.00011101438086614632
1962,0.00011101438086614632
1963,0.00011101438086614632
1964,0.00011101438086614632
1965,0.00011101438086614632
1966,0.00011101438086614632
1967,0.00011101438086614632
1968,0.00011101438086614632
1969,0.00011101438086614632
1970,0.00011101438086614632
1971,0.00011101438086614632
1972,0.00011101438086614632
1973,0.00011101438086614632
1974,0.00011101438086614632
1975,0.00011101438086614632
1976,0.00011101438086614632
1977,0.00011101438086614632
1978,0.00011101438086614632
1979,0.00011101438086614632
1980,0.00011101438086614632
1981,0.00011101438086614632
1982,0.00011101438086614632
1983,0.00011101438086614632
1984,0.00011101438086614632
1985,0.00011101438086614632
1986,0.00011101438086614632
1987,0.00011101438086614632
1988,0.00011101438086614632
1989,0.00011101438086614632
1990,0.00011101438086614632
1991,0.00011101438086614632
1992,0.00011101438086614632
1993,0.00011101438086614632
1994,0.00011101438086614632
1995,0.00011101438086614632
1996,0.00011101438086614632
1997,0.00011101438086614632
1998,0.00011101438086614632
1999,0.00011101438086614632
2000,0.00011101438086614632
2001,0.00011101438086614632
2002,0.00011101438086614632
2003,0.00011101438086614632
2004,0.00011101438086614632
2005,0.00011101438086614632
2006,0.00011101438086614632
2007,0.00011101438086614632
2008,0.00011101438086614632
2009,0.00011101438086614632
2010,0.00011101438086614632
2011,0.00011101438086614632
2012,0.00011101438086614632
2013,0.00011101438086614632
2014,0.00011101438086614632
2015,0.00011101438086614632
2016,0.00011101438086614632
2017,0.00011101438086614632
2018,0.00011101438086614632
2019,0.00011101438086614632
2020,0.00011101438086614632
2021,0.00011101438086614632
2022,0.00011101438086614632
2023,0.00011101438086614632
2024,0.00011101438086614632
2025,0.00011101438086614632
2026,0.00011101438086614632
2027,0.00011101438086614632
2028,0.00011101438086614632
2029,0.00011101438086614632
2030,0.00011101438086614632
2031,0.00011101438086614632
2032,0.00011101438086614632
2033,0.00011101438086614632
2034,0.00011101438086614632
2035,0.00011101438086614632
2036,0.00011101438086614632
2037,0.00011101438086614632
2038,0.00011101438086614632
2039,0.00011101438086614632
2040,0.00011101438086614632
2041,0.00011101438086614632
2042,0.00011101438086614632
2043,0.00011101438086614632
2044,0.00011101438086614632
2045,0.00011101438086614632
2046,0.00011101438086614632
2047,0.00011101438086614632
2048,0.00011101438086614632
2049,0.00011101438086614632
2050,0.00011101438086614632
2051,0.00011101438086614632
2052,0.00011101438086614632
2053,0.00011101438086614632
2054,0.00011101438086614632
2055,0.00011101438086614632
2056,0.00011101438086614632
2057,0.00011101438086614632
2058,0.00011101438086614632
2059,0.00011101438086614632
2060,0.00011101438086614632
2061,0.00011101438086614632
2062,0.00011101438086614632
2063,0.00011101438086614632
2064,0.00011101438086614632
2065,0.00011101438086614632
2066,0.00011101438086614632
2067,0.00011101438086614632
2068,0.00011101438086614632
2069,0.00011101438086614632
2070,0.00011101438086614632
2071,0.00011101438086614632
2072,0.00011101438086614632
2073,0.00011101438086614632
2074,0.00011101438086614632
2075,0.00011101438086614632
2076,0.00011101438086614632
2077,0.00011101438086614632
2078,0.00011101438086614632
2079,0.00011101438086614632
2080,0.00011101438086614632
2081,0.00011101438086614632
2082,0.00011101438086614632
2083,0.00011101438086614632
2084,0.00011101438086614632
2085,0.00011101438086614632
2086,0.00011101438086614632
2087,0.00011101438086614632
2088,0.00011101438086614632
2089,0.00011101438086614632
2090,0.00011101438086614632
2091,0.00011101438086614632
2092,0.00011101438086614632
2093,0.00011101438086614632
2094,0.00011101438086614632
2095,0.00011101438086614632
2096,0.00011101438086614632
2097,0.00011101438086614632
2098,0.00011101438086614632
2099,0.00011101438086614632
2100,0.00011101438086614632
2101,0.00011101438086614632
2102,0.00011101438086614632
2103,0.00011101438086614632
2104,0.00011101438086614632
2105,0.00011101438086614632
2106,0.00011101438086614632
2107,0.00011101438086614632
2108,0.00011101438086614632
2109,0.00011101438086614632
2110,0.00011101438086614632
2111,0.00011101438086614632
2112,0.00011101438086614632
2113,0.00011101438086614632
2114,0.00011101438086614632
2115,0.00011101438086614632
2116,0.00011101438086614632
2117,0.00011101438086614632
2118,0.00011101438086614632
2119,0.00011101438086614632
2120,0.00011101438086614632
2121,0.00011101438086614632
2122,0.00011101438086614632
2123,0.00011101438086614632
2124,0.00011101438086614632
2125,0.00011101438086614632
2126,0.00011101438086614632
2127,0.00011101438086614632
2128,0.00011101438086614632
2129,0.00011101438086614632
2130,0.00011101438086614632
2131,0.00011101438086614632
2132,0.00011101438086614632
2133,0.00011101438086614632
2134,0.00011101438086614632
2135,0.00011101438086614632
2136,0.00011101438086614632
2137,0.00011101438086614632
2138,0.00011101438086614632
2139,0.00011101438086614632
2140,0.00011101438086614632
2141,0.00011101438086614632
2142,0.00011101438086614632
2143,0.00011101438086614632
2144,0.00011101438086614632
2145,0.00011101438086614632
2146,0.00011101438086614632
2147,0.00011101438086614632
2148,0.00011101438086614632
2149,0.00011101438086614632
2150,0.00011101438086614632
2151,0.00011101438086614632
2152,0.00011101438086614632
2153,0.00011101438086614632
2154,0.00011101438086614632
2155,0.00011101438086614632
2156,0.00011101438086614632
2157,0.00011101438086614632
2158,0.00011101438086614632
2159,0.00011101438086614632
2160,0.00011106621099732025
2161,0.00011088795611955199
2162,0.00011106621099732025
2163,0.00011158882785528514
2164,0.00011242019121824166
2165,0.00011350364504689714
2166,0.00011476535375332088
2167,0.00011611933397424227
2168,0.00011747331419516365
2169,0.0001187350229015874
2170,0.00011981847673024291
2171,0.0001206498400931994
2172,0.0001211724569511643
2173,0.00012135071182893252
2174,0.0001211724569511643
2175,0.0001206498400931994
2176,0.00011981847673024291
2177,0.0001187350229015874
2178,0.00011747331419516365
2179,0.00011611933397424227
2180,0.00011476535375332088
2181,0.00011350364504689714
2182,0.00011242019121824166
2183,0.00011158882785528514
2184,0.00011106621099732025
2185,0.00011088795611955199
2186,0.00011106621099732025
2187,0.00011158882785528514
2188,0.00011242019121824166
2189,0.00011350364504689714
2190,0.00011476535375332088
2191,0.00011611933397424227
2192,0.00011747331419516365
2193,0.0001187350229015874
2194,0.00011981847673024291
2195,0.0001206498400931994
2196,0.0001211724569511643
2197,0.00012135071182893252
2198,0.0001211724569511643
2199,0.0001206498400931994
2200,0.00011981847673024291
2201,0.0001187350229015874
2202,0.00011747331419516365
2203,0.00011611933397424227
2204,0.00011476535375332088
2205,0.00011350364504689714
2206,0.00011242019121824166
2207,0.00011158882785528514
2208,0.00011106621099732025
2209,0.00011088795611955199
2210,0.00011106621099732025
2211,0.00011158882785528514
2212,0.00011242019121824166
2213,0.00011350364504689714
2214,0.00011476535375332088
2215,0.00011611933397424227
2216,0.00011747331419516365
2217,0.0001187350229015874
2218,0.00011981847673024291
2219,0.0001206498400931994
2220,0.0001211724569511643
2221,0.00012135071182893252
2222,0.0001211724569511643
2223,0.0001206498400931994
2224,0.00011981847673024291
2225,0.0001187350229015874
2226,0.00011747331419516365
2227,0.00011611933397424227
2228,0.00011476535375332088
2229,0.00011350364504689714
2230,0.00011242019121824166
2231,0.00011158882785528514
2232,0.00011106621099732025
2233,0.00011088795611955199
2234,0.00011106621099732025
2235,0.00011158882785528514
2236,0.00011242019121824166
2237,0.00011350364504689714
2238,0.00011476535375332088
2239,0.00011611933397424227
2240,0.00011747331419516365
2241,0.0001187350229015874
2242,0.00011981847673024291
2243,0.0001206498400931994
2244,0.0001211724569511643
2245,0.00012135071182893252
2246,0.0001211724569511643
2247,0.0001206498400931994
2248,0.00011981847673024291
2249,0.0001187350229015874
2250,0.00011747331419516365
2251,0.00011611933397424227
2252,0.00011476535375332088
2253,0.00011350364504689714
2254,0.00011242019121824166
2255,0.00011158882785528514
2256,0.00011106621099732025
2257,0.00011088795611955199
2258,0.00011106621099732025
2259,0.00011158882785528514
2260,0.00011242019121824166
2261,0.00011350364504689714
2262,0.00011476535375332088
2263,0.00011611933397424227
2264,0.00011747331419516365
2265,0.0001187350229015874
2266,0.00011981847673024291
2267,0.0001206498400931994
2268,0.0001211724569511643
2269,0.00012135071182893252
2270,0.0001211724569511643
2271,0.0001206498400931994
2272,0.00011981847673024291
2273,0.0001187350229015874
2274,0.00011747331419516365
2275,0.00011611933397424227
2276,0.00011476535375332088
2277,0.00011350364504689714
2278,0.00011242019121824166
2279,0.00011158882785528514
2280,0.00011106621099732025
2281,0.00011088795611955199
2282,0.00011106621099732025
2283,0.00011158882785528514
2284,0.00011242019121824166
2285,0.00011350364504689714
2286,0.00011476535375332088
2287,0.00011611933397424227
2288,0.00011747331419516365
2289,0.0001187350229015874
2290,0.00011981847673024291
2291,0.0001206498400931994
2292,0.0001211724569511643
2293,0.00012135071182893252
2294,0.0001211724569511643
2295,0.0001206498400931994
2296,0.00011981847673024291
2297,0.0001187350229015874
2298,0.00011747331419516365
2299,0.00011611933397424227
2300,0.00011476535375332088
2301,0.00011350364504689714
2302,0.00011242019121824166
2303,0.00011158882785528514
2304,0.00011106621099732025
2305,0.00011088795611955199
2306,0.00011106621099732025
2307,0.00011158882785528514
2308,0.00011242019121824166
2309,0.00011350364504689714
2310,0.00011476535375332088
2311,0.00011611933397424227
2312,0.00011747331419516365
2313,0.0001187350229015874
2314,0.00011981847673024291
2315,0.0001206498400931994
2316,0.0001211724569511643
2317,0.00012135071182893252
2318,0.0001211724569511643
2319,0.0001206498400931994
2320,0.00011981847673024291
2321,0.0001187350229015874
2322,0.00011747331419516365
2323,0.00011611933397424227
2324,0.00011476535375332088
2325,0.00011350364504689714
2326,0.00011242019121824166
2327,0.00011158882785528514
2328,0.00011106621099732025
2329,0.00011088795611955199
2330,0.00011106621099732025
2331,0.00011158882785528514
2332,0.00011242019121824166
2333,0.00011350364504689714
2334,0.00011476535375332088
2335,0.00011611933397424227
2336,0.00011747331419516365
2337,0.0001187350229015874
2338,0.00011981847673024291
2339,0.0001206498400931994
2340,0.0001211724569511643
2341,0.00012135071182893252
2342,0.0001211724569511643
2343,0.0001206498400931994
2344,0.00011981847673024291
2345,0.0001187350229015874
2346,0.00011747331419516365
2347,0.00011611933397424227
2348,0.00011476535375332088
2349,0.00011350364504689714
2350,0.00011242019121824166
2351,0.00011158882785528514
2352,0.00011106621099732025
2353,0.00011088795611955199
2354,0.00011106621099732025
2355,0.00011158882785528514
2356,0.00011242019121824166
2357,0.00011350364504689714
2358,0.00011476535375332088
2359,0.00011611933397424227
2360,0.00011747331419516365
2361,0.0001187350229015874
2362,0.00011981847673024291
2363,0.0001206498400931994
2364,0.0001211724569511643
2365,0.00012135071182893252
2366,0.0001211724569511643
2367,0.0001206498400931994
2368,0.00011981847673024291
2369,0.0001187350229015874
2370,0.00011747331419516365
2371,0.00011611933397424227
2372,0.00011476535375332088
2373,0.00011350364504689714
2374,0.00011242019121824166
2375,0.00011158882785528514
2376,0.00011106621099732025
2377,0.00011088795611955199
2378,0.00011106621099732025
2379,0.00011158882785528514
2380,0.00011242019121824166
2381,0.00011350364504689714
2382,0.00011476535375332088
2383,0.00011611933397424227
2384,0.00011747331419516365
2385,0.0001187350229015874
2386,0.00011981847673024291
2387,0.0001206498400931994
2388,0.0001211724569511643
2389,0.00012135071182893252
2390,0.0001211724569511643
2391,0.0001206498400931994
2392,0.00011981847673024291
2393,0.0001187350229015874
2394,0.00011747331419516365
2395,0.00011611933397424227
2396,0.00011476535375332088
2397,0.00011350364504689714
2398,0.00011242019121824166
2399,0.00011158882785528514
2400,0.00011106621099732025
2401,0.00011088795611955199
2402,0.00011106621099732025
2403,0.00011158882785528514
2404,0.00011242019121824166
2405,0.00011350364504689714
2406,0.00011476535375332088
2407,0.00011611933397424227
2408,0.00011747331419516365
2409,0.0001187350229015874
2410,0.00011981847673024291
2411,0.0001206498400931994
2412,0.0001211724569511643
2413,0.00012135071182893252
2414,0.0001211724569511643
2415,0.0001206498400931994
2416,0.00011981847673024291
2417,0.0001187350229015874
2418,0.00011747331419516365
2419,0.00011611933397424227
2420,0.00011476535375332088
2421,0.00011350364504689714
2422,0.00011242019121824166
2423,0.00011158882785528514
2424,0.00011106621099732025
2425,0.00011088795611955199
2426,0.00011106621099732025
2427,0.00011158882785528514
2428,0.00011242019121824166
2429,0.00011350364504689714
2430,0.00011476535375332088
2431,0.00011611933397424227
2432,0.00011747331419516365
2433,0.0001187350229015874
2434,0.00011981847673024291
2435,0.0001206498400931994
2436,0.0001211724569511643
2437,0.00012135071182893252
2438,0.0001211724569511643
2439,0.0001206498400931994
2440,0.00011981847673024291
2441,0.0001187350229015874
2442,0.00011747331419516365
2443,0.00011611933397424227
2444,0.00011476535375332088
2445,0.00011350364504689714
2446,0.00011242019121824166
2447,0.00011158882785528514
2448,0.00011106621099732025
2449,0.00011088795611955199
2450,0.00011106621099732025
2451,0.00011158882785528514
2452,0.00011242019121824166
2453,0.00011350364504689714
2454,0.00011476535375332088
2455,0.00011611933397424227
2456,0.00011747331419516365
2457,0.0001187350229015874
2458,0.00011981847673024291
2459,0.0001206498400931994
2460,0.0001211724569511643
2461,0.00012135071182893252
2462,0.0001211724569511643
2463,0.0001206498400931994
2464,0.00011981847673024291
2465,0.0001187350229015874
2466,0.00011747331419516365
2467,0.00011611933397424227
2468,0.00011476535375332088
2469,0.00011350364504689714
2470,0.00011242019121824166
2471,0.00011158882785528514
2472,0.00011106621099732025
2473,0.00011088795611955199
2474,0.00011106621099732025
2475,0.00011158882785528514
2476,0.00011242019121824166
2477,0.00011350364504689714
2478,0.00011476535375332088
2479,0.00011611933397424227
2480,0.00011747331419516365
2481,0.0001187350229015874
2482,0.00011981847673024291
2483,0.0001206498400931994
2484,0.0001211724569511643
2485,0.00012135071182893252
2486,0.0001211724569511643
2487,0.0001206498400931994
2488,0.00011981847673024291
2489,0.0001187350229015874
2490,0.00011747331419516365
2491,0.00011611933397424227
2492,0.00011476535375332088
2493,0.00011350364504689714
2494,0.00011242019121824166
2495,0.00011158882785528514
2496,0.00011106621099732025
2497,0.00011088795611955199
2498,0.00011106621099732025
2499,0.00011158882785528514
2500,0.00011242019121824166
2501,0.00011350364504689714
2502,0.00011476535375332088
2503,0.00011611933397424227
2504,0.00011747331419516365
2505,0.0001187350229015874
2506,0.00011981847673024291
2507,0.0001206498400931994
2508,0.0001211724569511643
2509,0.00012135071182893252
2510,0.0001211724569511643
2511,0.0001206498400931994
2512,0.00011981847673024291
2513,0.0001187350229015874
2514,0.00011747331419516365
2515,0.00011611933397424227
2516,0.00011476535375332088
2517,0.00011350364504689714
2518,0.00011242019121824166
2519,0.00011158882785528514
2520,0.00011106621099732025
2521,0.00011088795611955199
2522,0.00011106621099732025
2523,0.00011158882785528514
2524,0.00011242019121824166
2525,0.00011350364504689714
2526,0.00011476535375332088
2527,0.00011611933397424227
2528,0.00011747331419516365
2529,0.0001187350229015874
2530,0.00011981847673024291
2531,0.0001206498400931994
2532,0.0001211724569511643
2533,0.00012135071182893252
2534,0.0001211724569511643
2535,0.0001206498400931994
2536,0.00011981847673024291
2537,0.0001187350229015874
2538,0.00011747331419516365
2539,0.00011611933397424227
2540,0.00011476535375332088
2541,0.00011350364504689714
2542,0.00011242019121824166
2543,0.00011158882785528514
2544,0.00011106621099732025
2545,0.00011088795611955199
2546,0.00011106621099732025
2547,0.00011158882785528514
2548,0.00011242019121824166
2549,0.00011350364504689714
2550,0.00011476535375332088
2551,0.00011611933397424227
2552,0.00011747331419516365
2553,0.0001187350229015874
2554,0.00011981847673024291
2555,0.0001206498400931994
2556,0.0001211724569511643
2557,0.00012135071182893252
2558,0.0001211724569511643
2559,0.0001206498400931994
2560,0.00011981847673024291
2561,0.0001187350229015874
2562,0.00011747331419516365
2563,0.00011611933397424227
2564,0.00011476535375332088
2565,0.00011350364504689714
2566,0.00011242019121824166
2567,0.00011158882785528514
2568,0.00011106621099732025
2569,0.00011088795611955199
2570,0.00011106621099732025
2571,0.00011158882785528514
2572,0.00011242019121824166
2573,0.00011350364504689714
2574,0.00011476535375332088
2575,0.00011611933397424227
2576,0.00011747331419516365
2577,0.0001187350229015874
2578,0.00011981847673024291
2579,0.0001206498400931994
2580,0.0001211724569511643
2581,0.00012135071182893252
2582,0.0001211724569511643
2583,0.0001206498400931994
2584,0.00011981847673024291
2585,0.0001187350229015874
2586,0.00011747331419516365
2587,0.00011611933397424227
2588,0.00011476535375332088
2589,0.00011350364504689714
2590,0.00011242019121824166
2591,0.00011158882785528514
2592,0.00011106621099732025
2593,0.00011088795611955199
2594,0.00011106621099732025
2595,0.00011158882785528514
2596,0.00011242019121824166
2597,0.00011350364504689714
2598,0.00011476535375332088
2599,0.00011611933397424227
2600,0.00011747331419516365
2601,0.0001187350229015874
2602,0.00011981847673024291
2603,0.0001206498400931994
2604,0.0001211724569511643
2605,0.00012135071182893252
2606,0.0001211724569511643
2607,0.0001206498400931994
2608,0.00011981847673024291
2609,0.0001187350229015874
2610,0.00011747331419516365
2611,0.00011611933397424227
2612,0.00011476535375332088
2613,0.00011350364504689714
2614,0.00011242019121824166
2615,0.00011158882785528514
2616,0.00011106621099732025
2617,0.00011088795611955199
2618,0.00011106621099732025
2619,0.00011158882785528514
2620,0.00011242019121824166
2621,0.00011350364504689714
2622,0.00011476535375332088
2623,0.00011611933397424227
2624,0.00011747331419516365
2625,0.0001187350229015874
2626,0.00011981847673024291
2627,0.0001206498400931994
2628,0.0001211724569511643
2629,0.00012135071182893252
2630,0.0001211724569511643
2631,0.0001206498400931994
2632,0.00011981847673024291
2633,0.0001187350229015874
2634,0.00011747331419516365
2635,0.00011611933397424227
2636,0.00011476535375332088
2637,0.00011350364504689714
2638,0.00011242019121824166
2639,0.00011158882785528514
2640,0.00011106621099732025
2641,0.00011088795611955199
2642,0.00011106621099732025
2643,0.00011158882785528514
2644,0.00011242019121824166
2645,0.00011350364504689714
2646,0.00011476535375332088
2647,0.00011611933397424227
2648,0.00011747331419516365
2649,0.0001187350229015874
2650,0.00011981847673024291
2651,0.0001206498400931994
2652,0.0001211724569511643
2653,0.00012135071182893252
2654,0.0001211724569511643
2655,0.0001206498400931994
2656,0.00011981847673024291
2657,0.0001187350229015874
2658,0.00011747331419516365
2659,0.00011611933397424227
2660,0.00011476535375332088
2661,0.00011350364504689714
2662,0.00011242019121824166
2663,0.00011158882785528514
2664,0.00011106621099732025
2665,0.00011088795611955199
2666,0.00011106621099732025
2667,0.00011158882785528514
2668,0.00011242019121824166
2669,0.00011350364504689714
2670,0.00011476535375332088
2671,0.00011611933397424227
2672,0.00011747331419516365
2673,0.0001187350229015874
2674,0.00011981847673024291
2675,0.0001206498400931994
2676,0.0001211724569511643
2677,0.00012135071182893252
2678,0.0001211724569511643
2679,0.0001206498400931994
2680,0.00011981847673024291
2681,0.0001187350229015874
2682,0.00011747331419516365
2683,0.00011611933397424227
2684,0.00011476535375332088
2685,0.00011350364504689714
2686,0.00011242019121824166
2687,0.00011158882785528514
2688,0.00011106621099732025
2689,0.00011088795611955199
2690,0.00011106621099732025
2691,0.00011158882785528514
2692,0.00011242019121824166
2693,0.00011350364504689714
2694,0.00011476535375332088
2695,0.00011611933397424227
2696,0.00011747331419516365
2697,0.0001187350229015874
2698,0.00011981847673024291
2699,0.0001206498400931994
2700,0.0001211724569511643
2701,0.00012135071182893252
2702,0.0001211724569511643
2703,0.0001206498400931994
2704,0.00011981847673024291
2705,0.0001187350229015874
2706,0.00011747331419516365
2707,0.00011611933397424227
2708,0.00011476535375332088
2709,0.00011350364504689714
2710,0.00011242019121824166
2711,0.00011158882785528514
2712,0.00011106621099732025
2713,0.00011088795611955199
2714,0.00011106621099732025
2715,0.00011158882785528514
2716,0.00011242019121824166
2717,0.00011350364504689714
2718,0.00011476535375332088
2719,0.00011611933397424227
2720,0.00011747331419516365
2721,0.0001187350229015874
2722,0.00011981847673024291
2723,0.0001206498400931994
2724,0.0001211724569511643
2725,0.00012135071182893252
2726,0.0001211724569511643
2727,0.0001206498400931994
2728,0.00011981847673024291
2729,0.0001187350229015874
2730,0.00011747331419516365
2731,0.00011611933397424227
2732,0.00011476535375332088
2733,0.00011350364504689714
2734,0.00011242019121824166
2735,0.00011158882785528514
2736,0.00011106621099732025
2737,0.00011088795611955199
2738,0.00011106621099732025
2739,0.00011158882785528514
2740,0.00011242019121824166
2741,0.00011350364504689714
2742,0.00011476535375332088
2743,0.00011611933397424227
2744,0.00011747331419516365
2745,0.0001187350229015874
2746,0.00011981847673024291
2747,0.0001206498400931994
2748,0.0001211724569511643
2749,0.00012135071182893252
2750,0.0001211724569511643
2751,0.0001206498400931994
2752,0.00011981847673024291
2753,0.0001187350229015874
2754,0.00011747331419516365
2755,0.00011611933397424227
2756,0.00011476535375332088
2757,0.00011350364504689714
2758,0.00011242019121824166
2759,0.00011158882785528514
2760,0.00011106621099732025
2761,0.00011088795611955199
2762,0.00011106621099732025
2763,0.00011158882785528514
2764,0.00011242019121824166
2765,0.00011350364504689714
2766,0.00011476535375332088
2767,0.00011611933397424227
2768,0.00011747331419516365
2769,0.0001187350229015874
2770,0.00011981847673024291
2771,0.0001206498400931994
2772,0.0001211724569511643
2773,0.00012135071182893252
2774,0.0001211724569511643
2775,0.0001206498400931994
2776,0.00011981847673024291
2777,0.0001187350229015874
2778,0.00011747331419516365
2779,0.00011611933397424227
2780,0.00011476535375332088
2781,0.00011350364504689714
2782,0.00011242019121824166
2783,0.00011158882785528514
2784,0.00011106621099732025
2785,0.00011088795611955199
2786,0.00011106621099732025
2787,0.00011158882785528514
2788,0.00011242019121824166
2789,0.00011350364504689714
2790,0.00011476535375332088
2791,0.00011611933397424227
2792,0.00011747331419516365
2793,0.0001187350229015874
2794,0.00011981847673024291
2795,0.0001206498400931994
2796,0.0001211724569511643
2797,0.00012135071182893252
2798,0.0001211724569511643
2799,0.0001206498400931994
2800,0.00011981847673024291
2801,0.0001187350229015874
2802,0.00011747331419516365
2803,0.00011611933397424227
2804,0.00011476535375332088
2805,0.00011350364504689714
2806,0.00011242019121824166
2807,0.00011158882785528514
2808,0.00011106621099732025
2809,0.00011088795611955199
2810,0.00011106621099732025
2811,0.00011158882785528514
2812,0.00011242019121824166
2813,0.00011350364504689714
2814,0.00011476535375332088
2815,0.00011611933397424227
2816,0.00011747331419516365
2817,0.0001187350229015874
2818,0.00011981847673024291
2819,0.0001206498400931994
2820,0.0001211724569511643
2821,0.00012135071182893252
2822,0.0001211724569511643
2823,0.0001206498400931994
2824,0.00011981847673024291
2825,0.0001187350229015874
2826,0.00011747331419516365
2827,0.00011611933397424227
2828,0.00011476535375332088
2829,0.00011350364504689714
2830,0.00011242019121824166
2831,0.00011158882785528514
2832,0.00011106621099732025
2833,0.00011088795611955199
2834,0.00011106621099732025
2835,0.00011158882785528514
2836,0.00011242019121824166
2837,0.00011350364504689714
2838,0.00011476535375332088
2839,0.00011611933397424227
2840,0.00011747331419516365
2841,0.0001187350229015874
2842,0.00011981847673024291
2843,0.0001206498400931994
2844,0.0001211724569511643
2845,0.00012135071182893252
2846,0.0001211724569511643
2847,0.0001206498400931994
2848,0.00011981847673024291
2849,0.0001187350229015874
2850,0.00011747331419516365
2851,0.00011611933397424227
2852,0.00011476535375332088
2853,0.00011350364504689714
2854,0.00011242019121824166
2855,0.00011158882785528514
2856,0.00011106621099732025
2857,0.00011088795611955199
2858,0.00011106621099732025
2859,0.00011158882785528514
2860,0.00011242019121824166
2861,0.00011350364504689714
2862,0.00011476535375332088
2863,0.00011611933397424227
2864,0.00011747331419516365
2865,0.0001187350229015874
2866,0.00011981847673024291
2867,0.0001206498400931994
2868,0.0001211724569511643
2869,0.00012135071182893252
2870,0.0001211724569511643
2871,0.0001206498400931994
2872,0.00011981847673024291
2873,0.0001187350229015874
2874,0.00011747331419516365
2875,0.00011611933397424227
2876,0.00011476535375332088
2877,0.00011350364504689714
2878,0.00011242019121824166
2879,0.00011158882785528514
2880,0.00011027756594919448
2881,0.0001101005768013489
2882,0.00011027756594919448
2883,0.00011079647187479389
2884,0.00011162193199685023
2885,0.00011269769257218257
2886,0.00011395044229536051
2887,0.00011529480834301625
2888,0.00011663917439067197
2889,0.00011789192411384991
2890,0.0001189676846891823
2891,0.00011979314481123859
2892,0.00012031205073683803
2893,0.00012048903988468359
2894,0.00012031205073683803
2895,0.00011979314481123859
2896,0.0001189676846891823
2897,0.00011789192411384991
2898,0.00011663917439067197
2899,0.00011529480834301625
2900,0.00011395044229536051
2901,0.00011269769257218257
2902,0.00011162193199685023
2903,0.00011079647187479389
2904,0.00011027756594919448
2905,0.0001101005768013489
2906,0.00011027756594919448
2907,0.00011079647187479389
2908,0.00011162193199685023
2909,0.00011269769257218257
2910,0.00011395044229536051
2911,0.00011529480834301625
2912,0.00011663917439067197
2913,0.00011789192411384991
2914,0.0001189676846891823
2915,0.00011979314481123859
2916,0.00012031205073683803
2917,0.00012048903988468359
2918,0.00012031205073683803
2919,0.00011979314481123859
2920,0.0001189676846891823
2921,0.00011789192411384991
2922,0.00011663917439067197
2923,0.00011529480834301625
2924,0.00011395044229536051
2925,0.00011269769257218257
2926,0.00011162193199685023
2927,0.00011079647187479389
2928,0.00011027756594919448
2929,0.0001101005768013489
2930,0.00011027756594919448
2931,0.00011079647187479389
2932,0.00011162193199685023
2933,0.00011269769257218257
2934,0.00011395044229536051
2935,0.00011529480834301625
2936,0.00011663917439067197
2937,0.00011789192411384991
2938,0.0001189676846891823
2939,0.00011979314481123859
2940,0.00012031205073683803
2941,0.00012048903988468359
2942,0.00012031205073683803
2943,0.00011979314481123859
2944,0.0001189676846891823
2945,0.00011789192411384991
2946,0.00011663917439067197
2947,0.00011529480834301625
2948,0.00011395044229536051
2949,0.00011269769257218257
2950,0.00011162193199685023
2951,0.00011079647187479389
2952,0.00011027756594919448
2953,0.0001101005768013489
2954,0.00011027756594919448
2955,0.00011079647187479389
2956,0.00011162193199685023
2957,0.00011269769257218257
2958,0.00011395044229536051
2959,0.00011529480834301625
2960,0.00011663917439067197
2961,0.00011789192411384991
2962,0.0001189676846891823
2963,0.00011979314481123859
2964,0.00012031205073683803
2965,0.00012048903988468359
2966,0.00012031205073683803
2967,0.00011979314481123859
2968,0.0001189676846891823
2969,0.00011789192411384991
2970,0.00011663917439067197
2971,0.00011529480834301625
2972,0.00011395044229536051
2973,0.00011269769257218257
2974,0.00011162193199685023
2975,0.00011079647187479389
2976,0.00011027756594919448
2977,0.0001101005768013489
2978,0.00011027756594919448
2979,0.00011079647187479389
2980,0.00011162193199685023
2981,0.00011269769257218257
2982,0.00011395044229536051
2983,0.00011529480834301625
2984,0.00011663917439067197
2985,0.00011789192411384991
2986,0.0001189676846891823
2987,0.00011979314481123859
2988,0.00012031205073683803
2989,0.00012048903988468359
2990,0.00012031205073683803
2991,0.00011979314481123859
2992,0.0001189676846891823
2993,0.00011789192411384991
2994,0.00011663917439067197
2995,0.00011529480834301625
2996,0.00011395044229536051
2997,0.00011269769257218257
2998,0.00011162193199685023
2999,0.00011079647187479389
3000,0.00011027756594919448
3001,0.0001101005768013489
3002,0.00011027756594919448
3003,0.00011079647187479389
3004,0.00011162193199685023
3005,0.00011269769257218257
3006,0.00011395044229536051
3007,0.00011529480834301625
3008,0.00011663917439067197
3009,0.00011789192411384991
3010,0.0001189676846891823
3011,0.00011979314481123859
3012,0.00012031205073683803
3013,0.00012048903988468359
3014,0.00012031205073683803
3015,0.00011979314481123859
3016,0.0001189676846891823
3017,0.00011789192411384991
3018,0.00011663917439067197
3019,0.00011529480834301625
3020,0.00011395044229536051
3021,0.00011269769257218257
3022,0.00011162193199685023
3023,0.00011079647187479389
3024,0.00011027756594919448
3025,0.0001101005768013489
3026,0.00011027756594919448
3027,0.00011079647187479389
3028,0.00011162193199685023
3029,0.00011269769257218257
3030,0.00011395044229536051
3031,0.00011529480834301625
3032,0.00011663917439067197
3033,0.00011789192411384991
3034,0.0001189676846891823
3035,0.00011979314481123859
3036,0.00012031205073683803
3037,0.00012048903988468359
3038,0.00012031205073683803
3039,0.00011979314481123859
3040,0.0001189676846891823
3041,0.00011789192411384991
3042,0.00011663917439067197
3043,0.00011529480834301625
3044,0.00011395044229536051
3045,0.00011269769257218257
3046,0.00011162193199685023
3047,0.00011079647187479389
3048,0.00011027756594919448
3049,0.0001101005768013489
3050,0.00011027756594919448
3051,0.00011079647187479389
3052,0.00011162193199685023
3053,0.00011269769257218257
3054,0.00011395044229536051
3055,0.00011529480834301625
3056,0.00011663917439067197
3057,0.00011789192411384991
3058,0.0001189676846891823
3059,0.00011979314481123859
3060,0.00012031205073683803
3061,0.00012048903988468359
3062,0.00012031205073683803
3063,0.00011979314481123859
3064,0.0001189676846891823
3065,0.00011789192411384991
3066,0.00011663917439067197
3067,0.00011529480834301625
3068,0.00011395044229536051
3069,0.00011269769257218257
3070,0.00011162193199685023
3071,0.00011079647187479389
3072,0.00011027756594919448
3073,0.0001101005768013489
3074,0.00011027756594919448
3075,0.00011079647187479389
3076,0.00011162193199685023
3077,0.00011269769257218257
3078,0.00011395044229536051
3079,0.00011529480834301625
3080,0.00011663917439067197
3081,0.00011789192411384991
3082,0.0001189676846891823
3083,0.00011979314481123859
3084,0.00012031205073683803
3085,0.00012048903988468359
3086,0.00012031205073683803
3087,0.00011979314481123859
3088,0.0001189676846891823
3089,0.00011789192411384991
3090,0.00011663917439067197
3091,0.00011529480834301625
3092,0.00011395044229536051
3093,0.00011269769257218257
3094,0.00011162193199685023
3095,0.00011079647187479389
3096,0.00011027756594919448
3097,0.0001101005768013489
3098,0.00011027756594919448
3099,0.00011079647187479389
3100,0.00011162193199685023
3101,0.00011269769257218257
3102,0.00011395044229536051
3103,0.00011529480834301625
3104,0.00011663917439067197
3105,0.00011789192411384991
3106,0.0001189676846891823
3107,0.00011979314481123859
3108,0.00012031205073683803
3109,0.00012048903988468359
3110,0.00012031205073683803
3111,0.00011979314481123859
3112,0.0001189676846891823
3113,0.00011789192411384991
3114,0.00011663917439067197
3115,0.00011529480834301625
3116,0.00011395044229536051
3117,0.00011269769257218257
3118,0.00011162193199685023
3119,0.00011079647187479389
3120,0.00011027756594919448
3121,0.0001101005768013489
3122,0.00011027756594919448
3123,0.00011079647187479389
3124,0.00011162193199685023
3125,0.00011269769257218257
3126,0.00011395044229536051
3127,0.00011529480834301625
3128,0.00011663917439067197
3129,0.00011789192411384991
3130,0.0001189676846891823
3131,0.00011979314481123859
3132,0.00012031205073683803
3133,0.00012048903988468359
3134,0.00012031205073683803
3135,0.00011979314481123859
3136,0.0001189676846891823
3137,0.00011789192411384991
3138,0.00011663917439067197
3139,0.00011529480834301625
3140,0.00011395044229536051
3141,0.00011269769257218257
3142,0.00011162193199685023
3143,0.00011079647187479389
3144,0.00011027756594919448
3145,0.0001101005768013489
3146,0.00011027756594919448
3147,0.00011079647187479389
3148,0.00011162193199685023
3149,0.00011269769257218257
3150,0.00011395044229536051
3151,0.00011529480834301625
3152,0.00011663917439067197
3153,0.00011789192411384991
3154,0.0001189676846891823
3155,0.00011979314481123859
3156,0.00012031205073683803
3157,0.00012048903988468359
3158,0.00012031205073683803
3159,0.00011979314481123859
3160,0.0001189676846891823
3161,0.00011789192411384991
3162,0.00011663917439067197
3163,0.00011529480834301625
3164,0.00011395044229536051
3165,0.00011269769257218257
3166,0.00011162193199685023
3167,0.00011079647187479389
3168,0.00011027756594919448
3169,0.0001101005768013489
3170,0.00011027756594919448
3171,0.00011079647187479389
3172,0.00011162193199685023
3173,0.00011269769257218257
3174,0.00011395044229536051
3175,0.00011529480834301625
3176,0.00011663917439067197
3177,0.00011789192411384991
3178,0.0001189676846891823
3179,0.00011979314481123859
3180,0.00012031205073683803
3181,0.00012048903988468359
3182,0.00012031205073683803
3183,0.00011979314481123859
3184,0.0001189676846891823
3185,0.00011789192411384991
3186,0.00011663917439067197
3187,0.00011529480834301625
3188,0.00011395044229536051
3189,0.00011269769257218257
3190,0.00011162193199685023
3191,0.00011079647187479389
3192,0.00011027756594919448
3193,0.0001101005768013489
3194,0.00011027756594919448
3195,0.00011079647187479389
3196,0.00011162193199685023
3197,0.00011269769257218257
3198,0.00011395044229536051
3199,0.00011529480834301625
3200,0.00011663917439067197
3201,0.00011789192411384991
3202,0.0001189676846891823
3203,0.00011979314481123859
3204,0.00012031205073683803
3205,0.00012048903988468359
3206,0.00012031205073683803
3207,0.00011979314481123859
3208,0.0001189676846891823
3209,0.00011789192411384991
3210,0.00011663917439067197
3211,0.00011529480834301625
3212,0.00011395044229536051
3213,0.00011269769257218257
3214,0.00011162193199685023
3215,0.00011079647187479389
3216,0.00011027756594919448
3217,0.0001101005768013489
3218,0.00011027756594919448
3219,0.00011079647187479389
3220,0.00011162193199685023
3221,0.00011269769257218257
3222,0.00011395044229536051
3223,0.00011529480834301625
3224,0.00011663917439067197
3225,0.00011789192411384991
3226,0.0001189676846891823
3227,0.00011979314481123859
3228,0.00012031205073683803
3229,0.00012048903988468359
3230,0.00012031205073683803
3231,0.00011979314481123859
3232,0.0001189676846891823
3233,0.00011789192411384991
3234,0.00011663917439067197
3235,0.00011529480834301625
3236,0.00011395044229536051
3237,0.00011269769257218257
3238,0.00011162193199685023
3239,0.00011079647187479389
3240,0.00011027756594919448
3241,0.0001101005768013489
3242,0.00011027756594919448
3243,0.00011079647187479389
3244,0.00011162193199685023
3245,0.00011269769257218257
3246,0.00011395044229536051
3247,0.00011529480834301625
3248,0.00011663917439067197
3249,0.00011789192411384991
3250,0.0001189676846891823
3251,0.00011979314481123859
3252,0.00012031205073683803
3253,0.00012048903988468359
3254,0.00012031205073683803
3255,0.00011979314481123859
3256,0.0001189676846891823
3257,0.00011789192411384991
3258,0.00011663917439067197
3259,0.00011529480834301625
3260,0.00011395044229536051
3261,0.00011269769257218257
3262,0.00011162193199685023
3263,0.00011079647187479389
3264,0.00011027756594919448
3265,0.0001101005768013489
3266,0.00011027756594919448
3267,0.00011079647187479389
3268,0.00011162193199685023
3269,0.00011269769257218257
3270,0.00011395044229536051
3271,0.00011529480834301625
3272,0.00011663917439067197
3273,0.00011789192411384991
3274,0.0001189676846891823
3275,0.00011979314481123859
3276,0.00012031205073683803
3277,0.00012048903988468359
3278,0.00012031205073683803
3279,0.00011979314481123859
3280,0.0001189676846891823
3281,0.00011789192411384991
3282,0.00011663917439067197
3283,0.00011529480834301625
3284,0.00011395044229536051
3285,0.00011269769257218257
3286,0.00011162193199685023
3287,0.00011079647187479389
3288,0.00011027756594919448
3289,0.0001101005768013489
3290,0.00011027756594919448
3291,0.00011079647187479389
3292,0.00011162193199685023
3293,0.00011269769257218257
3294,0.00011395044229536051
3295,0.00011529480834301625
3296,0.00011663917439067197
3297,0.00011789192411384991
3298,0.0001189676846891823
3299,0.00011979314481123859
3300,0.00012031205073683803
3301,0.00012048903988468359
3302,0.00012031205073683803
3303,0.00011979314481123859
3304,0.0001189676846891823
3305,0.00011789192411384991
3306,0.00011663917439067197
3307,0.00011529480834301625
3308,0.00011395044229536051
3309,0.00011269769257218257
3310,0.00011162193199685023
3311,0.00011079647187479389
3312,0.00011027756594919448
3313,0.0001101005768013489
3314,0.00011027756594919448
3315,0.00011079647187479389
3316,0.00011162193199685023
3317,0.00011269769257218257
3318,0.00011395044229536051
3319,0.00011529480834301625
3320,0.00011663917439067197
3321,0.00011789192411384991
3322,0.0001189676846891823
3323,0.00011979314481123859
3324,0.00012031205073683803
3325,0.00012048903988468359
3326,0.00012031205073683803
3327,0.00011979314481123859
3328,0.0001189676846891823
3329,0.00011789192411384991
3330,0.00011663917439067197
3331,0.00011529480834301625
3332,0.00011395044229536051
3333,0.00011269769257218257
3334,0.00011162193199685023
3335,0.00011079647187479389
3336,0.00011027756594919448
3337,0.0001101005768013489
3338,0.00011027756594919448
3339,0.00011079647187479389
3340,0.00011162193199685023
3341,0.00011269769257218257
3342,0.00011395044229536051
3343,0.00011529480834301625
3344,0.00011663917439067197
3345,0.00011789192411384991
3346,0.0001189676846891823
3347,0.00011979314481123859
3348,0.00012031205073683803
3349,0.00012048903988468359
3350,0.00012031205073683803
3351,0.00011979314481123859
3352,0.0001189676846891823
3353,0.00011789192411384991
3354,0.00011663917439067197
3355,0.00011529480834301625
3356,0.00011395044229536051
3357,0.00011269769257218257
3358,0.00011162193199685023
3359,0.00011079647187479389
3360,0.00011027756594919448
3361,0.0001101005768013489
3362,0.00011027756594919448
3363,0.00011079647187479389
3364,0.00011162193199685023
3365,0.00011269769257218257
3366,0.00011395044229536051
3367,0.00011529480834301625
3368,0.00011663917439067197
3369,0.00011789192411384991
3370,0.0001189676846891823
3371,0.00011979314481123859
3372,0.00012031205073683803
3373,0.00012048903988468359
3374,0.00012031205073683803
3375,0.00011979314481123859
3376,0.0001189676846891823
3377,0.00011789192411384991
3378,0.00011663917439067197
3379,0.00011529480834301625
3380,0.00011395044229536051
3381,0.00011269769257218257
3382,0.00011162193199685023
3383,0.00011079647187479389
3384,0.00011027756594919448
3385,0.0001101005768013489
3386,0.00011027756594919448
3387,0.00011079647187479389
3388,0.00011162193199685023
3389,0.00011269769257218257
3390,0.00011395044229536051
3391,0.00011529480834301625
3392,0.00011663917439067197
3393,0.00011789192411384991
3394,0.0001189676846891823
3395,0.00011979314481123859
3396,0.00012031205073683803
3397,0.00012048903988468359
3398,0.00012031205073683803
3399,0.00011979314481123859
3400,0.0001189676846891823
3401,0.00011789192411384991
3402,0.00011663917439067197
3403,0.00011529480834301625
3404,0.00011395044229536051
3405,0.00011269769257218257
3406,0.00011162193199685023
3407,0.00011079647187479389
3408,0.00011027756594919448
3409,0.0001101005768013489
3410,0.00011027756594919448
3411,0.00011079647187479389
3412,0.00011162193199685023
3413,0.00011269769257218257
3414,0.00011395044229536051
3415,0.00011529480834301625
3416,0.00011663917439067197
3417,0.00011789192411384991
3418,0.0001189676846891823
3419,0.00011979314481123859
3420,0.00012031205073683803
3421,0.00012048903988468359
3422,0.00012031205073683803
3423,0.00011979314481123859
3424,0.0001189676846891823
3425,0.00011789192411384991
3426,0.00011663917439067197
3427,0.00011529480834301625
3428,0.00011395044229536051
3429,0.00011269769257218257
3430,0.00011162193199685023
3431,0.00011079647187479389
3432,0.00011027756594919448
3433,0.0001101005768013489
3434,0.00011027756594919448
3435,0.00011079647187479389
3436,0.00011162193199685023
3437,0.00011269769257218257
3438,0.00011395044229536051
3439,0.00011529480834301625
3440,0.00011663917439067197
3441,0.00011789192411384991
3442,0.0001189676846891823
3443,0.00011979314481123859
3444,0.00012031205073683803
3445,0.00012048903988468359
3446,0.00012031205073683803
3447,0.00011979314481123859
3448,0.0001189676846891823
3449,0.00011789192411384991
3450,0.00011663917439067197
3451,0.00011529480834301625
3452,0.00011395044229536051
3453,0.00011269769257218257
3454,0.00011162193199685023
3455,0.00011079647187479389
3456,0.00011027756594919448
3457,0.0001101005768013489
3458,0.00011027756594919448
3459,0.00011079647187479389
3460,0.00011162193199685023
3461,0.00011269769257218257
3462,0.00011395044229536051
3463,0.00011529480834301625
3464,0.00011663917439067197
3465,0.00011789192411384991
3466,0.0001189676846891823
3467,0.00011979314481123859
3468,0.00012031205073683803
3469,0.00012048903988468359
3470,0.00012031205073683803
3471,0.00011979314481123859
3472,0.0001189676846891823
3473,0.00011789192411384991
3474,0.00011663917439067197
3475,0.00011529480834301625
3476,0.00011395044229536051
3477,0.00011269769257218257
3478,0.00011162193199685023
3479,0.00011079647187479389
3480,0.00011027756594919448
3481,0.0001101005768013489
3482,0.00011027756594919448
3483,0.00011079647187479389
3484,0.00011162193199685023
3485,0.00011269769257218257
3486,0.00011395044229536051
3487,0.00011529480834301625
3488,0.00011663917439067197
3489,0.00011789192411384991
3490,0.0001189676846891823
3491,0.00011979314481123859
3492,0.00012031205073683803
3493,0.00012048903988468359
3494,0.00012031205073683803
3495,0.00011979314481123859
3496,0.0001189676846891823
3497,0.00011789192411384991
3498,0.00011663917439067197
3499,0.00011529480834301625
3500,0.00011395044229536051
3501,0.00011269769257218257
3502,0.00011162193199685023
3503,0.00011079647187479389
3504,0.00011027756594919448
3505,0.0001101005768013489
3506,0.00011027756594919448
3507,0.00011079647187479389
3508,0.00011162193199685023
3509,0.00011269769257218257
3510,0.00011395044229536051
3511,0.00011529480834301625
3512,0.00011663917439067197
3513,0.00011789192411384991
3514,0.0001189676846891823
3515,0.00011979314481123859
3516,0.00012031205073683803
3517,0.00012048903988468359
3518,0.00012031205073683803
3519,0.00011979314481123859
3520,0.0001189676846891823
3521,0.00011789192411384991
3522,0.00011663917439067197
3523,0.00011529480834301625
3524,0.00011395044229536051
3525,0.00011269769257218257
3526,0.00011162193199685023
3527,0.00011079647187479389
3528,0.00011027756594919448
3529,0.0001101005768013489
3530,0.00011027756594919448
3531,0.00011079647187479389
3532,0.00011162193199685023
3533,0.00011269769257218257
3534,0.00011395044229536051
3535,0.00011529480834301625
3536,0.00011663917439067197
3537,0.00011789192411384991
3538,0.0001189676846891823
3539,0.00011979314481123859
3540,0.00012031205073683803
3541,0.00012048903988468359
3542,0.00012031205073683803
3543,0.00011979314481123859
3544,0.0001189676846891823
3545,0.00011789192411384991
3546,0.00011663917439067197
3547,0.00011529480834301625
3548,0.00011395044229536051
3549,0.00011269769257218257
3550,0.00011162193199685023
3551,0.00011079647187479389
3552,0.00011027756594919448
3553,0.0001101005768013489
3554,0.00011027756594919448
3555,0.00011079647187479389
3556,0.00011162193199685023
3557,0.00011269769257218257
3558,0.00011395044229536051
3559,0.00011529480834301625
3560,0.00011663917439067197
3561,0.00011789192411384991
3562,0.0001189676846891823
3563,0.00011979314481123859
3564,0.00012031205073683803
3565,0.00012048903988468359
3566,0.00012031205073683803
3567,0.00011979314481123859
3568,0.0001189676846891823
3569,0.00011789192411384991
3570,0.00011663917439067197
3571,0.00011529480834301625
3572,0.00011395044229536051
3573,0.00011269769257218257
3574,0.00011162193199685023
3575,0.00011079647187479389
3576,0.00011027756594919448
3577,0.0001101005768013489
3578,0.00011027756594919448
3579,0.00011079647187479389
3580,0.00011162193199685023
3581,0.00011269769257218257
3582,0.00011395044229536051
3583,0.00011529480834301625
3584,0.00011663917439067197
3585,0.00011789192411384991
3586,0.0001189676846891823
3587,0.00011979314481123859
3588,0.00012031205073683803
3589,0.00012048903988468359
3590,0.00012031205073683803
3591,0.00011979314481123859
3592,0.0001189676846891823
3593,0.00011789192411384991
3594,0.00011663917439067197
3595,0.00011529480834301625
3596,0.00011395044229536051
3597,0.00011269769257218257
3598,0.00011162193199685023
3599,0.00011079647187479389
3600,0.00011027756594919448
3601,0.0001101005768013489
3602,0.00011027756594919448
3603,0.00011079647187479389
3604,0.00011162193199685023
3605,0.00011269769257218257
3606,0.00011395044229536051
3607,0.00011529480834301625
3608,0.00011663917439067197
3609,0.00011789192411384991
3610,0.0001189676846891823
3611,0.00011979314481123859
3612,0.00012031205073683803
3613,0.00012048903988468359
3614,0.00012031205073683803
3615,0.00011979314481123859
3616,0.0001189676846891823
3617,0.00011789192411384991
3618,0.00011663917439067197
3619,0.00011529480834301625
3620,0.00011395044229536051
3621,0.00011269769257218257
3622,0.00011162193199685023
3623,0.00011079647187479389
3624,0.00011235468649628686
3625,0.00011217436368948318
3626,0.00011235468649628686
3627,0.00011288336621541167
3628,0.0001137243741976839
3629,0.000114820397138943
3630,0.0001160967428870058
3631,0.00011746643058840283
3632,0.00011883611828979984
3633,0.00012011246403786264
3634,0.00012120848697912178
3635,0.00012204949496139398
3636,0.0001225781746805188
3637,0.00012275849748732246
3638,0.0001225781746805188
3639,0.00012204949496139398
3640,0.00012120848697912178
3641,0.00012011246403786264
3642,0.00011883611828979984
3643,0.00011746643058840283
3644,0.0001160967428870058
3645,0.000114820397138943
3646,0.0001137243741976839
3647,0.00011288336621541167
3648,0.00011235468649628686
3649,0.00011217436368948318
3650,0.00011235468649628686
3651,0.00011288336621541167
3652,0.0001137243741976839
3653,0.000114820397138943
3654,0.0001160967428870058
3655,0.00011746643058840283
3656,0.00011883611828979984
3657,0.00012011246403786264
3658,0.00012120848697912178
3659,0.00012204949496139398
3660,0.0001225781746805188
3661,0.00012275849748732246
3662,0.0001225781746805188
3663,0.00012204949496139398
3664,0.00012120848697912178
3665,0.00012011246403786264
3666,0.00011883611828979984
3667,0.00011746643058840283
3668,0.0001160967428870058
3669,0.000114820397138943
3670,0.0001137243741976839
3671,0.00011288336621541167
3672,0.00011235468649628686
3673,0.00011217436368948318
3674,0.00011235468649628686
3675,0.00011288336621541167
3676,0.0001137243741976839
3677,0.000114820397138943
3678,0.0001160967428870058
3679,0.00011746643058840283
3680,0.00011883611828979984
3681,0.00012011246403786264
3682,0.00012120848697912178
3683,0.00012204949496139398
3684,0.0001225781746805188
3685,0.00012275849748732246
3686,0.0001225781746805188
3687,0.00012204949496139398
3688,0.00012120848697912178
3689,0.00012011246403786264
3690,0.00011883611828979984
3691,0.00011746643058840283
3692,0.0001160967428870058
3693,0.000114820397138943
3694,0.0001137243741976839
3695,0.00011288336621541167
3696,0.00011235468649628686
3697,0.00011217436368948318
3698,0.00011235468649628686
3699,0.00011288336621541167
3700,0.0001137243741976839
3701,0.000114820397138943
3702,0.0001160967428870058
3703,0.00011746643058840283
3704,0.00011883611828979984
3705,0.00012011246403786264
3706,0.00012120848697912178
3707,0.00012204949496139398
3708,0.0001225781746805188
3709,0.00012275849748732246
3710,0.0001225781746805188
3711,0.00012204949496139398
3712,0.00012120848697912178
3713,0.00012011246403786264
3714,0.00011883611828979984
3715,0.00011746643058840283
3716,0.0001160967428870058
3717,0.000114820397138943
3718,0.0001137243741976839
3719,0.00011288336621541167
3720,0.00011235468649628686
3721,0.00011217436368948318
3722,0.00011235468649628686
3723,0.00011288336621541167
3724,0.0001137243741976839
3725,0.000114820397138943
3726,0.0001160967428870058
3727,0.00011746643058840283
3728,0.00011883611828979984
3729,0.00012011246403786264
3730,0.00012120848697912178
3731,0.00012204949496139398
3732,0.0001225781746805188
3733,0.00012275849748732246
3734,0.0001225781746805188
3735,0.00012204949496139398
3736,0.00012120848697912178
3737,0.00012011246403786264
3738,0.00011883611828979984
3739,0.00011746643058840283
3740,0.0001160967428870058
3741,0.000114820397138943
3742,0.0001137243741976839
3743,0.00011288336621541167
3744,0.00011235468649628686
3745,0.00011217436368948318
3746,0.00011235468649628686
3747,0.00011288336621541167
3748,0.0001137243741976839
3749,0.000114820397138943
3750,0.0001160967428870058
3751,0.00011746643058840283
3752,0.00011883611828979984
3753,0.00012011246403786264
3754,0.00012120848697912178
3755,0.00012204949496139398
3756,0.0001225781746805188
3757,0.00012275849748732246
3758,0.0001225781746805188
3759,0.00012204949496139398
3760,0.00012120848697912178
3761,0.00012011246403786264
3762,0.00011883611828979984
3763,0.00011746643058840283
3764,0.0001160967428870058
3765,0.000114820397138943
3766,0.0001137243741976839
3767,0.00011288336621541167
3768,0.00011235468649628686
3769,0.00011217436368948318
3770,0.00011235468649628686
3771,0.00011288336621541167
3772,0.0001137243741976839
3773,0.000114820397138943
3774,0.0001160967428870058
3775,0.00011746643058840283
3776,0.00011883611828979984
3777,0.00012011246403786264
3778,0.00012120848697912178
3779,0.00012204949496139398
3780,0.0001225781746805188
3781,0.00012275849748732246
3782,0.0001225781746805188
3783,0.00012204949496139398
3784,0.00012120848697912178
3785,0.00012011246403786264
3786,0.00011883611828979984
3787,0.00011746643058840283
3788,0.0001160967428870058
3789,0.000114820397138943
3790,0.0001137243741976839
3791,0.00011288336621541167
3792,0.00011235468649628686
3793,0.00011217436368948318
3794,0.00011235468649628686
3795,0.00011288336621541167
3796,0.0001137243741976839
3797,0.000114820397138943
3798,0.0001160967428870058
3799,0.00011746643058840283
3800,0.00011883611828979984
3801,0.00012011246403786264
3802,0.00012120848697912178
3803,0.00012204949496139398
3804,0.0001225781746805188
3805,0.00012275849748732246
3806,0.0001225781746805188
3807,0.00012204949496139398
3808,0.00012120848697912178
3809,0.00012011246403786264
3810,0.00011883611828979984
3811,0.00011746643058840283
3812,0.0001160967428870058
3813,0.000114820397138943
3814,0.0001137243741976839
3815,0.00011288336621541167
3816,0.00011235468649628686
3817,0.00011217436368948318
3818,0.00011235468649628686
3819,0.00011288336621541167
3820,0.0001137243741976839
3821,0.000114820397138943
3822,0.0001160967428870058
3823,0.00011746643058840283
3824,0.00011883611828979984
3825,0.00012011246403786264
3826,0.00012120848697912178
3827,0.00012204949496139398
3828,0.0001225781746805188
3829,0.00012275849748732246
3830,0.0001225781746805188
3831,0.00012204949496139398
3832,0.00012120848697912178
3833,0.00012011246403786264
3834,0.00011883611828979984
3835,0.00011746643058840283
3836,0.0001160967428870058
3837,0.000114820397138943
3838,0.0001137243741976839
3839,0.00011288336621541167
3840,0.00011235468649628686
3841,0.00011217436368948318
3842,0.00011235468649628686
3843,0.00011288336621541167
3844,0.0001137243741976839
3845,0.000114820397138943
3846,0.0001160967428870058
3847,0.00011746643058840283
3848,0.00011883611828979984
3849,0.00012011246403786264
3850,0.00012120848697912178
3851,0.00012204949496139398
3852,0.0001225781746805188
3853,0.00012275849748732246
3854,0.0001225781746805188
3855,0.00012204949496139398
3856,0.00012120848697912178
3857,0.00012011246403786264
3858,0.00011883611828979984
3859,0.00011746643058840283
3860,0.0001160967428870058
3861,0.000114820397138943
3862,0.0001137243741976839
3863,0.00011288336621541167
3864,0.00011235468649628686
3865,0.00011217436368948318
3866,0.00011235468649628686
3867,0.00011288336621541167
3868,0.0001137243741976839
3869,0.000114820397138943
3870,0.0001160967428870058
3871,0.00011746643058840283
3872,0.00011883611828979984
3873,0.00012011246403786264
3874,0.00012120848697912178
3875,0.00012204949496139398
3876,0.0001225781746805188
3877,0.00012275849748732246
3878,0.0001225781746805188
3879,0.00012204949496139398
3880,0.00012120848697912178
3881,0.00012011246403786264
3882,0.00011883611828979984
3883,0.00011746643058840283
3884,0.0001160967428870058
3885,0.000114820397138943
3886,0.0001137243741976839
3887,0.00011288336621541167
3888,0.00011235468649628686
3889,0.00011217436368948318
3890,0.00011235468649628686
3891,0.00011288336621541167
3892,0.0001137243741976839
3893,0.000114820397138943
3894,0.0001160967428870058
3895,0.00011746643058840283
3896,0.00011883611828979984
3897,0.00012011246403786264
3898,0.00012120848697912178
3899,0.00012204949496139398
3900,0.0001225781746805188
3901,0.00012275849748732246
3902,0.0001225781746805188
3903,0.00012204949496139398
3904,0.00012120848697912178
3905,0.00012011246403786264
3906,0.00011883611828979984
3907,0.00011746643058840283
3908,0.0001160967428870058
3909,0.000114820397138943
3910,0.0001137243741976839
3911,0.00011288336621541167
3912,0.00011235468649628686
3913,0.00011217436368948318
3914,0.00011235468649628686
3915,0.00011288336621541167
3916,0.0001137243741976839
3917,0.000114820397138943
3918,0.0001160967428870058
3919,0.00011746643058840283
3920,0.00011883611828979984
3921,0.00012011246403786264
3922,0.00012120848697912178
3923,0.00012204949496139398
3924,0.0001225781746805188
3925,0.00012275849748732246
3926,0.0001225781746805188
3927,0.00012204949496139398
3928,0.00012120848697912178
3929,0.00012011246403786264
3930,0.00011883611828979984
3931,0.00011746643058840283
3932,0.0001160967428870058
3933,0.000114820397138943
3934,0.0001137243741976839
3935,0.00011288336621541167
3936,0.00011235468649628686
3937,0.00011217436368948318
3938,0.00011235468649628686
3939,0.00011288336621541167
3940,0.0001137243741976839
3941,0.000114820397138943
3942,0.0001160967428870058
3943,0.00011746643058840283
3944,0.00011883611828979984
3945,0.00012011246403786264
3946,0.00012120848697912178
3947,0.00012204949496139398
3948,0.0001225781746805188
3949,0.00012275849748732246
3950,0.0001225781746805188
3951,0.00012204949496139398
3952,0.00012120848697912178
3953,0.00012011246403786264
3954,0.00011883611828979984
3955,0.00011746643058840283
3956,0.0001160967428870058
3957,0.000114820397138943
3958,0.0001137243741976839
3959,0.00011288336621541167
3960,0.00011235468649628686
3961,0.00011217436368948318
3962,0.00011235468649628686
3963,0.00011288336621541167
3964,0.0001137243741976839
3965,0.000114820397138943
3966,0.0001160967428870058
3967,0.00011746643058840283
3968,0.00011883611828979984
3969,0.00012011246403786264
3970,0.00012120848697912178
3971,0.00012204949496139398
3972,0.0001225781746805188
3973,0.00012275849748732246
3974,0.0001225781746805188
3975,0.00012204949496139398
3976,0.00012120848697912178
3977,0.00012011246403786264
3978,0.00011883611828979984
3979,0.00011746643058840283
3980,0.0001160967428870058
3981,0.000114820397138943
3982,0.0001137243741976839
3983,0.00011288336621541167
3984,0.00011235468649628686
3985,0.00011217436368948318
3986,0.00011235468649628686
3987,0.00011288336621541167
3988,0.0001137243741976839
3989,0.000114820397138943
3990,0.0001160967428870058
3991,0.00011746643058840283
3992,0.00011883611828979984
3993,0.00012011246403786264
3994,0.00012120848697912178
3995,0.00012204949496139398
3996,0.0001225781746805188
3997,0.00012275849748732246
3998,0.0001225781746805188
3999,0.00012204949496139398
4000,0.00012120848697912178
4001,0.00012011246403786264
4002,0.00011883611828979984
4003,0.00011746643058840283
4004,0.0001160967428870058
4005,0.000114820397138943
4006,0.0001137243741976839
4007,0.00011288336621541167
4008,0.00011235468649628686
4009,0.00011217436368948318
4010,0.00011235468649628686
4011,0.00011288336621541167
4012,0.0001137243741976839
4013,0.000114820397138943
4014,0.0001160967428870058
4015,0.00011746643058840283
4016,0.00011883611828979984
4017,0.00012011246403786264
4018,0.00012120848697912178
4019,0.00012204949496139398
4020,0.0001225781746805188
4021,0.00012275849748732246
4022,0.0001225781746805188
4023,0.00012204949496139398
4024,0.00012120848697912178
4025,0.00012011246403786264
4026,0.00011883611828979984
4027,0.00011746643058840283
4028,0.0001160967428870058
4029,0.000114820397138943
4030,0.0001137243741976839
4031,0.00011288336621541167
4032,0.00011235468649628686
4033,0.00011217436368948318
4034,0.00011235468649628686
4035,0.00011288336621541167
4036,0.0001137243741976839
4037,0.000114820397138943
4038,0.0001160967428870058
4039,0.00011746643058840283
4040,0.00011883611828979984
4041,0.00012011246403786264
4042,0.00012120848697912178
4043,0.00012204949496139398
4044,0.0001225781746805188
4045,0.00012275849748732246
4046,0.0001225781746805188
4047,0.00012204949496139398
4048,0.00012120848697912178
4049,0.00012011246403786264
4050,0.00011883611828979984
4051,0.00011746643058840283
4052,0.0001160967428870058
4053,0.000114820397138943
4054,0.0001137243741976839
4055,0.00011288336621541167
4056,0.00011235468649628686
4057,0.00011217436368948318
4058,0.00011235468649628686
4059,0.00011288336621541167
4060,0.0001137243741976839
4061,0.000114820397138943
4062,0.0001160967428870058
4063,0.00011746643058840283
4064,0.00011883611828979984
4065,0.00012011246403786264
4066,0.00012120848697912178
4067,0.00012204949496139398
4068,0.0001225781746805188
4069,0.00012275849748732246
4070,0.0001225781746805188
4071,0.00012204949496139398
4072,0.00012120848697912178
4073,0.00012011246403786264
4074,0.00011883611828979984
4075,0.00011746643058840283
4076,0.0001160967428870058
4077,0.000114820397138943
4078,0.0001137243741976839
4079,0.00011288336621541167
4080,0.00011235468649628686
4081,0.00011217436368948318
4082,0.00011235468649628686
4083,0.00011288336621541167
4084,0.0001137243741976839
4085,0.000114820397138943
4086,0.0001160967428870058
4087,0.00011746643058840283
4088,0.00011883611828979984
4089,0.00012011246403786264
4090,0.00012120848697912178
4091,0.00012204949496139398
4092,0.0001225781746805188
4093,0.00012275849748732246
4094,0.0001225781746805188
4095,0.00012204949496139398
4096,0.00012120848697912178
4097,0.00012011246403786264
4098,0.00011883611828979984
4099,0.00011746643058840283
4100,0.0001160967428870058
4101,0.000114820397138943
4102,0.0001137243741976839
4103,0.00011288336621541167
4104,0.00011235468649628686
4105,0.00011217436368948318
4106,0.00011235468649628686
4107,0.00011288336621541167
4108,0.0001137243741976839
4109,0.000114820397138943
4110,0.0001160967428870058
4111,0.00011746643058840283
4112,0.00011883611828979984
4113,0.00012011246403786264
4114,0.00012120848697912178
4115,0.00012204949496139398
4116,0.0001225781746805188
4117,0.00012275849748732246
4118,0.0001225781746805188
4119,0.00012204949496139398
4120,0.00012120848697912178
4121,0.00012011246403786264
4122,0.00011883611828979984
4123,0.00011746643058840283
4124,0.0001160967428870058
4125,0.000114820397138943
4126,0.0001137243741976839
4127,0.00011288336621541167
4128,0.00011235468649628686
4129,0.00011217436368948318
4130,0.00011235468649628686
4131,0.00011288336621541167
4132,0.0001137243741976839
4133,0.000114820397138943
4134,0.0001160967428870058
4135,0.00011746643058840283
4136,0.00011883611828979984
4137,0.00012011246403786264
4138,0.00012120848697912178
4139,0.00012204949496139398
4140,0.0001225781746805188
4141,0.00012275849748732246
4142,0.0001225781746805188
4143,0.00012204949496139398
4144,0.00012120848697912178
4145,0.00012011246403786264
4146,0.00011883611828979984
4147,0.00011746643058840283
4148,0.0001160967428870058
4149,0.000114820397138943
4150,0.0001137243741976839
4151,0.00011288336621541167
4152,0.00011235468649628686
4153,0.00011217436368948318
4154,0.00011235468649628686
4155,0.00011288336621541167
4156,0.0001137243741976839
4157,0.000114820397138943
4158,0.0001160967428870058
4159,0.00011746643058840283
4160,0.00011883611828979984
4161,0.00012011246403786264
4162,0.00012120848697912178
4163,0.00012204949496139398
4164,0.0001225781746805188
4165,0.00012275849748732246
4166,0.0001225781746805188
4167,0.00012204949496139398
4168,0.00012120848697912178
4169,0.00012011246403786264
4170,0.00011883611828979984
4171,0.00011746643058840283
4172,0.0001160967428870058
4173,0.000114820397138943
4174,0.0001137243741976839
4175,0.00011288336621541167
4176,0.00011235468649628686
4177,0.00011217436368948318
4178,0.00011235468649628686
4179,0.00011288336621541167
4180,0.0001137243741976839
4181,0.000114820397138943
4182,0.0001160967428870058
4183,0.00011746643058840283
4184,0.00011883611828979984
4185,0.00012011246403786264
4186,0.00012120848697912178
4187,0.00012204949496139398
4188,0.0001225781746805188
4189,0.00012275849748732246
4190,0.0001225781746805188
4191,0.00012204949496139398
4192,0.00012120848697912178
4193,0.00012011246403786264
4194,0.00011883611828979984
4195,0.00011746643058840283
4196,0.0001160967428870058
4197,0.000114820397138943
4198,0.0001137243741976839
4199,0.00011288336621541167
4200,0.00011235468649628686
4201,0.00011217436368948318
4202,0.00011235468649628686
4203,0.00011288336621541167
4204,0.0001137243741976839
4205,0.000114820397138943
4206,0.0001160967428870058
4207,0.00011746643058840283
4208,0.00011883611828979984
4209,0.00012011246403786264
4210,0.00012120848697912178
4211,0.00012204949496139398
4212,0.0001225781746805188
4213,0.00012275849748732246
4214,0.0001225781746805188
4215,0.00012204949496139398
4216,0.00012120848697912178
4217,0.00012011246403786264
4218,0.00011883611828979984
4219,0.00011746643058840283
4220,0.0001160967428870058
4221,0.000114820397138943
4222,0.0001137243741976839
4223,0.00011288336621541167
4224,0.00011235468649628686
4225,0.00011217436368948318
4226,0.00011235468649628686
4227,0.00011288336621541167
4228,0.0001137243741976839
4229,0.000114820397138943
4230,0.0001160967428870058
4231,0.00011746643058840283
4232,0.00011883611828979984
4233,0.00012011246403786264
4234,0.00012120848697912178
4235,0.00012204949496139398
4236,0.0001225781746805188
4237,0.00012275849748732246
4238,0.0001225781746805188
4239,0.00012204949496139398
4240,0.00012120848697912178
4241,0.00012011246403786264
4242,0.00011883611828979984
4243,0.00011746643058840283
4244,0.0001160967428870058
4245,0.000114820397138943
4246,0.0001137243741976839
4247,0.00011288336621541167
4248,0.00011235468649628686
4249,0.00011217436368948318
4250,0.00011235468649628686
4251,0.00011288336621541167
4252,0.0001137243741976839
4253,0.000114820397138943
4254,0.0001160967428870058
4255,0.00011746643058840283
4256,0.00011883611828979984
4257,0.00012011246403786264
4258,0.00012120848697912178
4259,0.00012204949496139398
4260,0.0001225781746805188
4261,0.00012275849748732246
4262,0.0001225781746805188
4263,0.00012204949496139398
4264,0.00012120848697912178
4265,0.00012011246403786264
4266,0.00011883611828979984
4267,0.00011746643058840283
4268,0.0001160967428870058
4269,0.000114820397138943
4270,0.0001137243741976839
4271,0.00011288336621541167
4272,0.00011235468649628686
4273,0.00011217436368948318
4274,0.00011235468649628686
4275,0.00011288336621541167
4276,0.0001137243741976839
4277,0.000114820397138943
4278,0.0001160967428870058
4279,0.00011746643058840283
4280,0.00011883611828979984
4281,0.00012011246403786264
4282,0.00012120848697912178
4283,0.00012204949496139398
4284,0.0001225781746805188
4285,0.00012275849748732246
4286,0.0001225781746805188
4287,0.00012204949496139398
4288,0.00012120848697912178
4289,0.00012011246403786264
4290,0.00011883611828979984
4291,0.00011746643058840283
4292,0.0001160967428870058
4293,0.000114820397138943
4294,0.0001137243741976839
4295,0.00011288336621541167
4296,0.00011235468649628686
4297,0.00011217436368948318
4298,0.00011235468649628686
4299,0.00011288336621541167
4300,0.0001137243741976839
4301,0.000114820397138943
4302,0.0001160967428870058
4303,0.00011746643058840283
4304,0.00011883611828979984
4305,0.00012011246403786264
4306,0.00012120848697912178
4307,0.00012204949496139398
4308,0.0001225781746805188
4309,0.00012275849748732246
4310,0.0001225781746805188
4311,0.00012204949496139398
4312,0.00012120848697912178
4313,0.00012011246403786264
4314,0.00011883611828979984
4315,0.00011746643058840283
4316,0.0001160967428870058
4317,0.000114820397138943
4318,0.0001137243741976839
4319,0.00011288336621541167
4320,0.00011235468649628686
4321,0.00011217436368948318
4322,0.00011235468649628686
4323,0.00011288336621541167
4324,0.0001137243741976839
4325,0.000114820397138943
4326,0.0001160967428870058
4327,0.00011746643058840283
4328,0.00011883611828979984
4329,0.00012011246403786264
4330,0.00012120848697912178
4331,0.00012204949496139398
4332,0.0001225781746805188
4333,0.00012275849748732246
4334,0.0001225781746805188
4335,0.00012204949496139398
4336,0.00012120848697912178
4337,0.00012011246403786264
4338,0.00011883611828979984
4339,0.00011746643058840283
4340,0.0001160967428870058
4341,0.000114820397138943
4342,0.0001137243741976839
4343,0.00011288336621541167
4344,0.00011329495777088679
4345,0.0001131131258827917
4346,0.00011329495777088679
4347,0.00011382806189248965
4348,0.00011467610808270942
4349,0.00011578130339514507
4350,0.0001170683305956758
4351,0.00011844948090749842
4352,0.00011983063121932104
4353,0.00012111765841985177
4354,0.00012222285373228746
4355,0.0001230708999225072
4356,0.00012360400404411008
4357,0.00012378583593220514
4358,0.00012360400404411008
4359,0.0001230708999225072
4360,0.00012222285373228746
4361,0.00012111765841985177
4362,0.00011983063121932104
4363,0.00011844948090749842
4364,0.0001170683305956758
4365,0.00011578130339514507
4366,0.00011467610808270942
4367,0.00011382806189248965
4368,0.00011329495777088679
4369,0.0001131131258827917
4370,0.00011329495777088679
4371,0.00011382806189248965
4372,0.00011467610808270942
4373,0.00011578130339514507
4374,0.0001170683305956758
4375,0.00011844948090749842
4376,0.00011983063121932104
4377,0.00012111765841985177
4378,0.00012222285373228746
4379,0.0001230708999225072
4380,0.00012360400404411008
4381,0.00012378583593220514
4382,0.00012360400404411008
4383,0.0001230708999225072
4384,0.00012222285373228746
4385,0.00012111765841985177
4386,0.00011983063121932104
4387,0.00011844948090749842
4388,0.0001170683305956758
4389,0.00011578130339514507
4390,0.00011467610808270942
4391,0.00011382806189248965
4392,0.00011329495777088679
4393,0.0001131131258827917
4394,0.00011329495777088679
4395,0.00011382806189248965
4396,0.00011467610808270942
4397,0.00011578130339514507
4398,0.0001170683305956758
4399,0.00011844948090749842
4400,0.00011983063121932104
4401,0.00012111765841985177
4402,0.00012222285373228746
4403,0.0001230708999225072
4404,0.00012360400404411008
4405,0.00012378583593220514
4406,0.00012360400404411008
4407,0.0001230708999225072
4408,0.00012222285373228746
4409,0.00012111765841985177
4410,0.00011983063121932104
4411,0.00011844948090749842
4412,0.0001170683305956758
4413,0.00011578130339514507
4414,0.00011467610808270942
4415,0.00011382806189248965
4416,0.00011329495777088679
4417,0.0001131131258827917
4418,0.00011329495777088679
4419,0.00011382806189248965
4420,0.00011467610808270942
4421,0.00011578130339514507
4422,0.0001170683305956758
4423,0.00011844948090749842
4424,0.00011983063121932104
4425,0.00012111765841985177
4426,0.00012222285373228746
4427,0.0001230708999225072
4428,0.00012360400404411008
4429,0.00012378583593220514
4430,0.00012360400404411008
4431,0.0001230708999225072
4432,0.00012222285373228746
4433,0.00012111765841985177
4434,0.00011983063121932104
4435,0.00011844948090749842
4436,0.0001170683305956758
4437,0.00011578130339514507
4438,0.00011467610808270942
4439,0.00011382806189248965
4440,0.00011329495777088679
4441,0.0001131131258827917
4442,0.00011329495777088679
4443,0.00011382806189248965
4444,0.00011467610808270942
4445,0.00011578130339514507
4446,0.0001170683305956758
4447,0.00011844948090749842
4448,0.00011983063121932104
4449,0.00012111765841985177
4450,0.00012222285373228746
4451,0.0001230708999225072
4452,0.00012360400404411008
4453,0.00012378583593220514
4454,0.00012360400404411008
4455,0.0001230708999225072
4456,0.00012222285373228746
4457,0.00012111765841985177
4458,0.00011983063121932104
4459,0.00011844948090749842
4460,0.0001170683305956758
4461,0.00011578130339514507
4462,0.00011467610808270942
4463,0.00011382806189248965
4464,0.00011329495777088679
4465,0.0001131131258827917
4466,0.00011329495777088679
4467,0.00011382806189248965
4468,0.00011467610808270942
4469,0.00011578130339514507
4470,0.0001170683305956758
4471,0.00011844948090749842
4472,0.00011983063121932104
4473,0.00012111765841985177
4474,0.00012222285373228746
4475,0.0001230708999225072
4476,0.00012360400404411008
4477,0.00012378583593220514
4478,0.00012360400404411008
4479,0.0001230708999225072
4480,0.00012222285373228746
4481,0.00012111765841985177
4482,0.00011983063121932104
4483,0.00011844948090749842
4484,0.0001170683305956758
4485,0.00011578130339514507
4486,0.00011467610808270942
4487,0.00011382806189248965
4488,0.00011329495777088679
4489,0.0001131131258827917
4490,0.00011329495777088679
4491,0.00011382806189248965
4492,0.00011467610808270942
4493,0.00011578130339514507
4494,0.0001170683305956758
4495,0.00011844948090749842
4496,0.00011983063121932104
4497,0.00012111765841985177
4498,0.00012222285373228746
4499,0.0001230708999225072
4500,0.00012360400404411008
4501,0.00012378583593220514
4502,0.00012360400404411008
4503,0.0001230708999225072
4504,0.00012222285373228746
4505,0.00012111765841985177
4506,0.00011983063121932104
4507,0.00011844948090749842
4508,0.0001170683305956758
4509,0.00011578130339514507
4510,0.00011467610808270942
4511,0.00011382806189248965
4512,0.00011329495777088679
4513,0.0001131131258827917
4514,0.00011329495777088679
4515,0.00011382806189248965
4516,0.00011467610808270942
4517,0.00011578130339514507
4518,0.0001170683305956758
4519,0.00011844948090749842
4520,0.00011983063121932104
4521,0.00012111765841985177
4522,0.00012222285373228746
4523,0.0001230708999225072
4524,0.00012360400404411008
4525,0.00012378583593220514
4526,0.00012360400404411008
4527,0.0001230708999225072
4528,0.00012222285373228746
4529,0.00012111765841985177
4530,0.00011983063121932104
4531,0.00011844948090749842
4532,0.0001170683305956758
4533,0.00011578130339514507
4534,0.00011467610808270942
4535,0.00011382806189248965
4536,0.00011329495777088679
4537,0.0001131131258827917
4538,0.00011329495777088679
4539,0.00011382806189248965
4540,0.00011467610808270942
4541,0.00011578130339514507
4542,0.0001170683305956758
4543,0.00011844948090749842
4544,0.00011983063121932104
4545,0.00012111765841985177
4546,0.00012222285373228746
4547,0.0001230708999225072
4548,0.00012360400404411008
4549,0.00012378583593220514
4550,0.00012360400404411008
4551,0.0001230708999225072
4552,0.00012222285373228746
4553,0.00012111765841985177
4554,0.00011983063121932104
4555,0.00011844948090749842
4556,0.0001170683305956758
4557,0.00011578130339514507
4558,0.00011467610808270942
4559,0.00011382806189248965
4560,0.00011329495777088679
4561,0.0001131131258827917
4562,0.00011329495777088679
4563,0.00011382806189248965
4564,0.00011467610808270942
4565,0.00011578130339514507
4566,0.0001170683305956758
4567,0.00011844948090749842
4568,0.00011983063121932104
4569,0.00012111765841985177
4570,0.00012222285373228746
4571,0.0001230708999225072
4572,0.00012360400404411008
4573,0.00012378583593220514
4574,0.00012360400404411008
4575,0.0001230708999225072
4576,0.00012222285373228746
4577,0.00012111765841985177
4578,0.00011983063121932104
4579,0.00011844948090749842
4580,0.0001170683305956758
4581,0.00011578130339514507
4582,0.00011467610808270942
4583,0.00011382806189248965
4584,0.00011329495777088679
4585,0.0001131131258827917
4586,0.00011329495777088679
4587,0.00011382806189248965
4588,0.00011467610808270942
4589,0.00011578130339514507
4590,0.0001170683305956758
4591,0.00011844948090749842
4592,0.00011983063121932104
4593,0.00012111765841985177
4594,0.00012222285373228746
4595,0.0001230708999225072
4596,0.00012360400404411008
4597,0.00012378583593220514
4598,0.00012360400404411008
4599,0.0001230708999225072
4600,0.00012222285373228746
4601,0.00012111765841985177
4602,0.00011983063121932104
4603,0.00011844948090749842
4604,0.0001170683305956758
4605,0.00011578130339514507
4606,0.00011467610808270942
4607,0.00011382806189248965
4608,0.00011329495777088679
4609,0.0001131131258827917
4610,0.00011329495777088679
4611,0.00011382806189248965
4612,0.00011467610808270942
4613,0.00011578130339514507
4614,0.0001170683305956758
4615,0.00011844948090749842
4616,0.00011983063121932104
4617,0.00012111765841985177
4618,0.00012222285373228746
4619,0.0001230708999225072
4620,0.00012360400404411008
4621,0.00012378583593220514
4622,0.00012360400404411008
4623,0.0001230708999225072
4624,0.00012222285373228746
4625,0.00012111765841985177
4626,0.00011983063121932104
4627,0.00011844948090749842
4628,0.0001170683305956758
4629,0.00011578130339514507
4630,0.00011467610808270942
4631,0.00011382806189248965
4632,0.00011329495777088679
4633,0.0001131131258827917
4634,0.00011329495777088679
4635,0.00011382806189248965
4636,0.00011467610808270942
4637,0.00011578130339514507
4638,0.0001170683305956758
4639,0.00011844948090749842
4640,0.00011983063121932104
4641,0.00012111765841985177
4642,0.00012222285373228746
4643,0.0001230708999225072
4644,0.00012360400404411008
4645,0.00012378583593220514
4646,0.00012360400404411008
4647,0.0001230708999225072
4648,0.00012222285373228746
4649,0.00012111765841985177
4650,0.00011983063121932104
4651,0.00011844948090749842
4652,0.0001170683305956758
4653,0.00011578130339514507
4654,0.00011467610808270942
4655,0.00011382806189248965
4656,0.00011329495777088679
4657,0.0001131131258827917
4658,0.00011329495777088679
4659,0.00011382806189248965
4660,0.00011467610808270942
4661,0.00011578130339514507
4662,0.0001170683305956758
4663,0.00011844948090749842
4664,0.00011983063121932104
4665,0.00012111765841985177
4666,0.00012222285373228746
4667,0.0001230708999225072
4668,0.00012360400404411008
4669,0.00012378583593220514
4670,0.00012360400404411008
4671,0.0001230708999225072
4672,0.00012222285373228746
4673,0.00012111765841985177
4674,0.00011983063121932104
4675,0.00011844948090749842
4676,0.0001170683305956758
4677,0.00011578130339514507
4678,0.00011467610808270942
4679,0.00011382806189248965
4680,0.00011329495777088679
4681,0.0001131131258827917
4682,0.00011329495777088679
4683,0.00011382806189248965
4684,0.00011467610808270942
4685,0.00011578130339514507
4686,0.0001170683305956758
4687,0.00011844948090749842
4688,0.00011983063121932104
4689,0.00012111765841985177
4690,0.00012222285373228746
4691,0.0001230708999225072
4692,0.00012360400404411008
4693,0.00012378583593220514
4694,0.00012360400404411008
4695,0.0001230708999225072
4696,0.00012222285373228746
4697,0.00012111765841985177
4698,0.00011983063121932104
4699,0.00011844948090749842
4700,0.0001170683305956758
4701,0.00011578130339514507
4702,0.00011467610808270942
4703,0.00011382806189248965
4704,0.00011329495777088679
4705,0.0001131131258827917
4706,0.00011329495777088679
4707,0.00011382806189248965
4708,0.00011467610808270942
4709,0.00011578130339514507
4710,0.0001170683305956758
4711,0.00011844948090749842
4712,0.00011983063121932104
4713,0.00012111765841985177
4714,0.00012222285373228746
4715,0.0001230708999225072
4716,0.00012360400404411008
4717,0.00012378583593220514
4718,0.00012360400404411008
4719,0.0001230708999225072
4720,0.00012222285373228746
4721,0.00012111765841985177
4722,0.00011983063121932104
4723,0.00011844948090749842
4724,0.0001170683305956758
4725,0.00011578130339514507
4726,0.00011467610808270942
4727,0.00011382806189248965
4728,0.00011329495777088679
4729,0.0001131131258827917
4730,0.00011329495777088679
4731,0.00011382806189248965
4732,0.00011467610808270942
4733,0.00011578130339514507
4734,0.0001170683305956758
4735,0.00011844948090749842
4736,0.00011983063121932104
4737,0.00012111765841985177
4738,0.00012222285373228746
4739,0.0001230708999225072
4740,0.00012360400404411008
4741,0.00012378583593220514
4742,0.00012360400404411008
4743,0.0001230708999225072
4744,0.00012222285373228746
4745,0.00012111765841985177
4746,0.00011983063121932104
4747,0.00011844948090749842
4748,0.0001170683305956758
4749,0.00011578130339514507
4750,0.00011467610808270942
4751,0.00011382806189248965
4752,0.00011329495777088679
4753,0.0001131131258827917
4754,0.00011329495777088679
4755,0.00011382806189248965
4756,0.00011467610808270942
4757,0.00011578130339514507
4758,0.0001170683305956758
4759,0.00011844948090749842
4760,0.00011983063121932104
4761,0.00012111765841985177
4762,0.00012222285373228746
4763,0.0001230708999225072
4764,0.00012360400404411008
4765,0.00012378583593220514
4766,0.00012360400404411008
4767,0.0001230708999225072
4768,0.00012222285373228746
4769,0.00012111765841985177
4770,0.00011983063121932104
4771,0.00011844948090749842
4772,0.0001170683305956758
4773,0.00011578130339514507
4774,0.00011467610808270942
4775,0.00011382806189248965
4776,0.00011329495777088679
4777,0.0001131131258827917
4778,0.00011329495777088679
4779,0.00011382806189248965
4780,0.00011467610808270942
4781,0.00011578130339514507
4782,0.0001170683305956758
4783,0.00011844948090749842
4784,0.00011983063121932104
4785,0.00012111765841985177
4786,0.00012222285373228746
4787,0.0001230708999225072
4788,0.00012360400404411008
4789,0.00012378583593220514
4790,0.00012360400404411008
4791,0.0001230708999225072
4792,0.00012222285373228746
4793,0.00012111765841985177
4794,0.00011983063121932104
4795,0.00011844948090749842
4796,0.0001170683305956758
4797,0.00011578130339514507
4798,0.00011467610808270942
4799,0.00011382806189248965
4800,0.00011329495777088679
4801,0.0001131131258827917
4802,0.00011329495777088679
4803,0.00011382806189248965
4804,0.00011467610808270942
4805,0.00011578130339514507
4806,0.0001170683305956758
4807,0.00011844948090749842
4808,0.00011983063121932104
4809,0.00012111765841985177
4810,0.00012222285373228746
4811,0.0001230708999225072
4812,0.00012360400404411008
4813,0.00012378583593220514
4814,0.00012360400404411008
4815,0.0001230708999225072
4816,0.00012222285373228746
4817,0.00012111765841985177
4818,0.00011983063121932104
4819,0.00011844948090749842
4820,0.0001170683305956758
4821,0.00011578130339514507
4822,0.00011467610808270942
4823,0.00011382806189248965
4824,0.00011329495777088679
4825,0.0001131131258827917
4826,0.00011329495777088679
4827,0.00011382806189248965
4828,0.00011467610808270942
4829,0.00011578130339514507
4830,0.0001170683305956758
4831,0.00011844948090749842
4832,0.00011983063121932104
4833,0.00012111765841985177
4834,0.00012222285373228746
4835,0.0001230708999225072
4836,0.00012360400404411008
4837,0.00012378583593220514
4838,0.00012360400404411008
4839,0.0001230708999225072
4840,0.00012222285373228746
4841,0.00012111765841985177
4842,0.00011983063121932104
4843,0.00011844948090749842
4844,0.0001170683305956758
4845,0.00011578130339514507
4846,0.00011467610808270942
4847,0.00011382806189248965
4848,0.00011329495777088679
4849,0.0001131131258827917
4850,0.00011329495777088679
4851,0.00011382806189248965
4852,0.00011467610808270942
4853,0.00011578130339514507
4854,0.0001170683305956758
4855,0.00011844948090749842
4856,0.00011983063121932104
4857,0.00012111765841985177
4858,0.00012222285373228746
4859,0.0001230708999225072
4860,0.00012360400404411008
4861,0.00012378583593220514
4862,0.00012360400404411008
4863,0.0001230708999225072
4864,0.00012222285373228746
4865,0.00012111765841985177
4866,0.00011983063121932104
4867,0.00011844948090749842
4868,0.0001170683305956758
4869,0.00011578130339514507
4870,0.00011467610808270942
4871,0.00011382806189248965
4872,0.00011329495777088679
4873,0.0001131131258827917
4874,0.00011329495777088679
4875,0.00011382806189248965
4876,0.00011467610808270942
4877,0.00011578130339514507
4878,0.0001170683305956758
4879,0.00011844948090749842
4880,0.00011983063121932104
4881,0.00012111765841985177
4882,0.00012222285373228746
4883,0.0001230708999225072
4884,0.00012360400404411008
4885,0.00012378583593220514
4886,0.00012360400404411008
4887,0.0001230708999225072
4888,0.00012222285373228746
4889,0.00012111765841985177
4890,0.00011983063121932104
4891,0.00011844948090749842
4892,0.0001170683305956758
4893,0.00011578130339514507
4894,0.00011467610808270942
4895,0.00011382806189248965
4896,0.00011329495777088679
4897,0.0001131131258827917
4898,0.00011329495777088679
4899,0.00011382806189248965
4900,0.00011467610808270942
4901,0.00011578130339514507
4902,0.0001170683305956758
4903,0.00011844948090749842
4904,0.00011983063121932104
4905,0.00012111765841985177
4906,0.00012222285373228746
4907,0.0001230708999225072
4908,0.00012360400404411008
4909,0.00012378583593220514
4910,0.00012360400404411008
4911,0.0001230708999225072
4912,0.00012222285373228746
4913,0.00012111765841985177
4914,0.00011983063121932104
4915,0.00011844948090749842
4916,0.0001170683305956758
4917,0.00011578130339514507
4918,0.00011467610808270942
4919,0.00011382806189248965
4920,0.00011329495777088679
4921,0.0001131131258827917
4922,0.00011329495777088679
4923,0.00011382806189248965
4924,0.00011467610808270942
4925,0.00011578130339514507
4926,0.0001170683305956758
4927,0.00011844948090749842
4928,0.00011983063121932104
4929,0.00012111765841985177
4930,0.00012222285373228746
4931,0.0001230708999225072
4932,0.00012360400404411008
4933,0.00012378583593220514
4934,0.00012360400404411008
4935,0.0001230708999225072
4936,0.00012222285373228746
4937,0.00012111765841985177
4938,0.00011983063121932104
4939,0.00011844948090749842
4940,0.0001170683305956758
4941,0.00011578130339514507
4942,0.00011467610808270942
4943,0.00011382806189248965
4944,0.00011329495777088679
4945,0.0001131131258827917
4946,0.00011329495777088679
4947,0.00011382806189248965
4948,0.00011467610808270942
4949,0.00011578130339514507
4950,0.0001170683305956758
4951,0.00011844948090749842
4952,0.00011983063121932104
4953,0.00012111765841985177
4954,0.00012222285373228746
4955,0.0001230708999225072
4956,0.00012360400404411008
4957,0.00012378583593220514
4958,0.00012360400404411008
4959,0.0001230708999225072
4960,0.00012222285373228746
4961,0.00012111765841985177
4962,0.00011983063121932104
4963,0.00011844948090749842
4964,0.0001170683305956758
4965,0.00011578130339514507
4966,0.00011467610808270942
4967,0.00011382806189248965
4968,0.00011329495777088679
4969,0.0001131131258827917
4970,0.00011329495777088679
4971,0.00011382806189248965
4972,0.00011467610808270942
4973,0.00011578130339514507
4974,0.0001170683305956758
4975,0.00011844948090749842
4976,0.00011983063121932104
4977,0.00012111765841985177
4978,0.00012222285373228746
4979,0.0001230708999225072
4980,0.00012360400404411008
4981,0.00012378583593220514
4982,0.00012360400404411008
4983,0.0001230708999225072
4984,0.00012222285373228746
4985,0.00012111765841985177
4986,0.00011983063121932104
4987,0.00011844948090749842
4988,0.0001170683305956758
4989,0.00011578130339514507
4990,0.00011467610808270942
4991,0.00011382806189248965
4992,0.00011329495777088679
4993,0.0001131131258827917
4994,0.00011329495777088679
4995,0.00011382806189248965
4996,0.00011467610808270942
4997,0.00011578130339514507
4998,0.0001170683305956758
4999,0.00011844948090749842
5000,0.00011983063121932104
5001,0.00012111765841985177
5002,0.00012222285373228746
5003,0.0001230708999225072
5004,0.00012360400404411008
5005,0.00012378583593220514
5006,0.00012360400404411008
5007,0.0001230708999225072
5008,0.00012222285373228746
5009,0.00012111765841985177
5010,0.00011983063121932104
5011,0.00011844948090749842
5012,0.0001170683305956758
5013,0.00011578130339514507
5014,0.00011467610808270942
5015,0.00011382806189248965
5016,0.00011329495777088679
5017,0.0001131131258827917
5018,0.00011329495777088679
5019,0.00011382806189248965
5020,0.00011467610808270942
5021,0.00011578130339514507
5022,0.0001170683305956758
5023,0.00011844948090749842
5024,0.00011983063121932104
5025,0.00012111765841985177
5026,0.00012222285373228746
5027,0.0001230708999225072
5028,0.00012360400404411008
5029,0.00012378583593220514
5030,0.00012360400404411008
5031,0.0001230708999225072
5032,0.00012222285373228746
5033,0.00012111765841985177
5034,0.00011983063121932104
5035,0.00011844948090749842
5036,0.0001170683305956758
5037,0.00011578130339514507
5038,0.00011467610808270942
5039,0.00011382806189248965
5040,0.00011329495777088679
5041,0.0001131131258827917
5042,0.00011329495777088679
5043,0.00011382806189248965
5044,0.00011467610808270942
5045,0.00011578130339514507
5046,0.0001170683305956758
5047,0.00011844948090749842
5048,0.00011983063121932104
5049,0.00012111765841985177
5050,0.00012222285373228746
5051,0.0001230708999225072
5052,0.00012360400404411008
5053,0.00012378583593220514
5054,0.00012360400404411008
5055,0.0001230708999225072
5056,0.00012222285373228746
5057,0.00012111765841985177
5058,0.00011983063121932104
5059,0.00011844948090749842
5060,0.0001170683305956758
5061,0.00011578130339514507
5062,0.00011467610808270942
5063,0.00011382806189248965
5064,0.00011329495777088679
5065,0.0001131131258827917
5066,0.00011329495777088679
5067,0.00011382806189248965
5068,0.00011467610808270942
5069,0.00011578130339514507
5070,0.0001170683305956758
5071,0.00011844948090749842
5072,0.00011983063121932104
5073,0.00012111765841985177
5074,0.00012222285373228746
5075,0.0001230708999225072
5076,0.00012360400404411008
5077,0.00012378583593220514
5078,0.00012360400404411008
5079,0.0001230708999225072
5080,0.00012222285373228746
5081,0.00012111765841985177
5082,0.00011983063121932104
5083,0.00011844948090749842
5084,0.0001170683305956758
5085,0.00011578130339514507
5086,0.00011467610808270942
5087,0.00011382806189248965
5088,0.00011235468649628686
5089,0.00011217436368948318
5090,0.00011235468649628686
5091,0.00011288336621541167
5092,0.0001137243741976839
5093,0.000114820397138943
5094,0.0001160967428870058
5095,0.00011746643058840283
5096,0.00011883611828979984
5097,0.00012011246403786264
5098,0.00012120848697912178
5099,0.00012204949496139398
5100,0.0001225781746805188
5101,0.00012275849748732246
5102,0.0001225781746805188
5103,0.00012204949496139398
5104,0.00012120848697912178
5105,0.00012011246403786264
5106,0.00011883611828979984
5107,0.00011746643058840283
5108,0.0001160967428870058
5109,0.000114820397138943
5110,0.0001137243741976839
5111,0.00011288336621541167
5112,0.00011235468649628686
5113,0.00011217436368948318
5114,0.00011235468649628686
5115,0.00011288336621541167
5116,0.0001137243741976839
5117,0.000114820397138943
5118,0.0001160967428870058
5119,0.00011746643058840283
5120,0.00011883611828979984
5121,0.00012011246403786264
5122,0.00012120848697912178
5123,0.00012204949496139398
5124,0.0001225781746805188
5125,0.00012275849748732246
5126,0.0001225781746805188
5127,0.00012204949496139398
5128,0.00012120848697912178
5129,0.00012011246403786264
5130,0.00011883611828979984
5131,0.00011746643058840283
5132,0.0001160967428870058
5133,0.000114820397138943
5134,0.0001137243741976839
5135,0.00011288336621541167
5136,0.00011235468649628686
5137,0.00011217436368948318
5138,0.00011235468649628686
5139,0.00011288336621541167
5140,0.0001137243741976839
5141,0.000114820397138943
5142,0.0001160967428870058
5143,0.00011746643058840283
5144,0.00011883611828979984
5145,0.00012011246403786264
5146,0.00012120848697912178
5147,0.00012204949496139398
5148,0.0001225781746805188
5149,0.00012275849748732246
5150,0.0001225781746805188
5151,0.00012204949496139398
5152,0.00012120848697912178
5153,0.00012011246403786264
5154,0.00011883611828979984
5155,0.00011746643058840283
5156,0.0001160967428870058
5157,0.000114820397138943
5158,0.0001137243741976839
5159,0.00011288336621541167
5160,0.00011235468649628686
5161,0.00011217436368948318
5162,0.00011235468649628686
5163,0.00011288336621541167
5164,0.0001137243741976839
5165,0.000114820397138943
5166,0.0001160967428870058
5167,0.00011746643058840283
5168,0.00011883611828979984
5169,0.00012011246403786264
5170,0.00012120848697912178
5171,0.00012204949496139398
5172,0.0001225781746805188
5173,0.00012275849748732246
5174,0.0001225781746805188
5175,0.00012204949496139398
5176,0.00012120848697912178
5177,0.00012011246403786264
5178,0.00011883611828979984
5179,0.00011746643058840283
5180,0.0001160967428870058
5181,0.000114820397138943
5182,0.0001137243741976839
5183,0.00011288336621541167
5184,0.00011235468649628686
5185,0.00011217436368948318
5186,0.00011235468649628686
5187,0.00011288336621541167
5188,0.0001137243741976839
5189,0.000114820397138943
5190,0.0001160967428870058
5191,0.00011746643058840283
5192,0.00011883611828979984
5193,0.00012011246403786264
5194,0.00012120848697912178
5195,0.00012204949496139398
5196,0.0001225781746805188
5197,0.00012275849748732246
5198,0.0001225781746805188
5199,0.00012204949496139398
5200,0.00012120848697912178
5201,0.00012011246403786264
5202,0.00011883611828979984
5203,0.00011746643058840283
5204,0.0001160967428870058
5205,0.000114820397138943
5206,0.0001137243741976839
5207,0.00011288336621541167
5208,0.00011235468649628686
5209,0.00011217436368948318
5210,0.00011235468649628686
5211,0.00011288336621541167
5212,0.0001137243741976839
5213,0.000114820397138943
5214,0.0001160967428870058
5215,0.00011746643058840283
5216,0.00011883611828979984
5217,0.00012011246403786264
5218,0.00012120848697912178
5219,0.00012204949496139398
5220,0.0001225781746805188
5221,0.00012275849748732246
5222,0.0001225781746805188
5223,0.00012204949496139398
5224,0.00012120848697912178
5225,0.00012011246403786264
5226,0.00011883611828979984
5227,0.00011746643058840283
5228,0.0001160967428870058
5229,0.000114820397138943
5230,0.0001137243741976839
5231,0.00011288336621541167
5232,0.00011235468649628686
5233,0.00011217436368948318
5234,0.00011235468649628686
5235,0.00011288336621541167
5236,0.0001137243741976839
5237,0.000114820397138943
5238,0.0001160967428870058
5239,0.00011746643058840283
5240,0.00011883611828979984
5241,0.00012011246403786264
5242,0.00012120848697912178
5243,0.00012204949496139398
5244,0.0001225781746805188
5245,0.00012275849748732246
5246,0.0001225781746805188
5247,0.00012204949496139398
5248,0.00012120848697912178
5249,0.00012011246403786264
5250,0.00011883611828979984
5251,0.00011746643058840283
5252,0.0001160967428870058
5253,0.000114820397138943
5254,0.0001137243741976839
5255,0.00011288336621541167
5256,0.00011235468649628686
5257,0.00011217436368948318
5258,0.00011235468649628686
5259,0.00011288336621541167
5260,0.0001137243741976839
5261,0.000114820397138943
5262,0.0001160967428870058
5263,0.00011746643058840283
5264,0.00011883611828979984
5265,0.00012011246403786264
5266,0.00012120848697912178
5267,0.00012204949496139398
5268,0.0001225781746805188
5269,0.00012275849748732246
5270,0.0001225781746805188
5271,0.00012204949496139398
5272,0.00012120848697912178
5273,0.00012011246403786264
5274,0.00011883611828979984
5275,0.00011746643058840283
5276,0.0001160967428870058
5277,0.000114820397138943
5278,0.0001137243741976839
5279,0.00011288336621541167
5280,0.00011235468649628686
5281,0.00011217436368948318
5282,0.00011235468649628686
5283,0.00011288336621541167
5284,0.0001137243741976839
5285,0.000114820397138943
5286,0.0001160967428870058
5287,0.00011746643058840283
5288,0.00011883611828979984
5289,0.00012011246403786264
5290,0.00012120848697912178
5291,0.00012204949496139398
5292,0.0001225781746805188
5293,0.00012275849748732246
5294,0.0001225781746805188
5295,0.00012204949496139398
5296,0.00012120848697912178
5297,0.00012011246403786264
5298,0.00011883611828979984
5299,0.00011746643058840283
5300,0.0001160967428870058
5301,0.000114820397138943
5302,0.0001137243741976839
5303,0.00011288336621541167
5304,0.00011235468649628686
5305,0.00011217436368948318
5306,0.00011235468649628686
5307,0.00011288336621541167
5308,0.0001137243741976839
5309,0.000114820397138943
5310,0.0001160967428870058
5311,0.00011746643058840283
5312,0.00011883611828979984
5313,0.00012011246403786264
5314,0.00012120848697912178
5315,0.00012204949496139398
5316,0.0001225781746805188
5317,0.00012275849748732246
5318,0.0001225781746805188
5319,0.00012204949496139398
5320,0.00012120848697912178
5321,0.00012011246403786264
5322,0.00011883611828979984
5323,0.00011746643058840283
5324,0.0001160967428870058
5325,0.000114820397138943
5326,0.0001137243741976839
5327,0.00011288336621541167
5328,0.00011235468649628686
5329,0.00011217436368948318
5330,0.00011235468649628686
5331,0.00011288336621541167
5332,0.0001137243741976839
5333,0.000114820397138943
5334,0.0001160967428870058
5335,0.00011746643058840283
5336,0.00011883611828979984
5337,0.00012011246403786264
5338,0.00012120848697912178
5339,0.00012204949496139398
5340,0.0001225781746805188
5341,0.00012275849748732246
5342,0.0001225781746805188
5343,0.00012204949496139398
5344,0.00012120848697912178
5345,0.00012011246403786264
5346,0.00011883611828979984
5347,0.00011746643058840283
5348,0.0001160967428870058
5349,0.000114820397138943
5350,0.0001137243741976839
5351,0.00011288336621541167
5352,0.00011235468649628686
5353,0.00011217436368948318
5354,0.00011235468649628686
5355,0.00011288336621541167
5356,0.0001137243741976839
5357,0.000114820397138943
5358,0.0001160967428870058
5359,0.00011746643058840283
5360,0.00011883611828979984
5361,0.00012011246403786264
5362,0.00012120848697912178
5363,0.00012204949496139398
5364,0.0001225781746805188
5365,0.00012275849748732246
5366,0.0001225781746805188
5367,0.00012204949496139398
5368,0.00012120848697912178
5369,0.00012011246403786264
5370,0.00011883611828979984
5371,0.00011746643058840283
5372,0.0001160967428870058
5373,0.000114820397138943
5374,0.0001137243741976839
5375,0.00011288336621541167
5376,0.00011235468649628686
5377,0.00011217436368948318
5378,0.00011235468649628686
5379,0.00011288336621541167
5380,0.0001137243741976839
5381,0.000114820397138943
5382,0.0001160967428870058
5383,0.00011746643058840283
5384,0.00011883611828979984
5385,0.00012011246403786264
5386,0.00012120848697912178
5387,0.00012204949496139398
5388,0.0001225781746805188
5389,0.00012275849748732246
5390,0.0001225781746805188
5391,0.00012204949496139398
5392,0.00012120848697912178
5393,0.00012011246403786264
5394,0.00011883611828979984
5395,0.00011746643058840283
5396,0.0001160967428870058
5397,0.000114820397138943
5398,0.0001137243741976839
5399,0.00011288336621541167
5400,0.00011235468649628686
5401,0.00011217436368948318
5402,0.00011235468649628686
5403,0.00011288336621541167
5404,0.0001137243741976839
5405,0.000114820397138943
5406,0.0001160967428870058
5407,0.00011746643058840283
5408,0.00011883611828979984
5409,0.00012011246403786264
5410,0.00012120848697912178
5411,0.00012204949496139398
5412,0.0001225781746805188
5413,0.00012275849748732246
5414,0.0001225781746805188
5415,0.00012204949496139398
5416,0.00012120848697912178
5417,0.00012011246403786264
5418,0.00011883611828979984
5419,0.00011746643058840283
5420,0.0001160967428870058
5421,0.000114820397138943
5422,0.0001137243741976839
5423,0.00011288336621541167
5424,0.00011235468649628686
5425,0.00011217436368948318
5426,0.00011235468649628686
5427,0.00011288336621541167
5428,0.0001137243741976839
5429,0.000114820397138943
5430,0.0001160967428870058
5431,0.00011746643058840283
5432,0.00011883611828979984
5433,0.00012011246403786264
5434,0.00012120848697912178
5435,0.00012204949496139398
5436,0.0001225781746805188
5437,0.00012275849748732246
5438,0.0001225781746805188
5439,0.00012204949496139398
5440,0.00012120848697912178
5441,0.00012011246403786264
5442,0.00011883611828979984
5443,0.00011746643058840283
5444,0.0001160967428870058
5445,0.000114820397138943
5446,0.0001137243741976839
5447,0.00011288336621541167
5448,0.00011235468649628686
5449,0.00011217436368948318
5450,0.00011235468649628686
5451,0.00011288336621541167
5452,0.0001137243741976839
5453,0.000114820397138943
5454,0.0001160967428870058
5455,0.00011746643058840283
5456,0.00011883611828979984
5457,0.00012011246403786264
5458,0.00012120848697912178
5459,0.00012204949496139398
5460,0.0001225781746805188
5461,0.00012275849748732246
5462,0.0001225781746805188
5463,0.00012204949496139398
5464,0.00012120848697912178
5465,0.00012011246403786264
5466,0.00011883611828979984
5467,0.00011746643058840283
5468,0.0001160967428870058
5469,0.000114820397138943
5470,0.0001137243741976839
5471,0.00011288336621541167
5472,0.00011235468649628686
5473,0.00011217436368948318
5474,0.00011235468649628686
5475,0.00011288336621541167
5476,0.0001137243741976839
5477,0.000114820397138943
5478,0.0001160967428870058
5479,0.00011746643058840283
5480,0.00011883611828979984
5481,0.00012011246403786264
5482,0.00012120848697912178
5483,0.00012204949496139398
5484,0.0001225781746805188
5485,0.00012275849748732246
5486,0.0001225781746805188
5487,0.00012204949496139398
5488,0.00012120848697912178
5489,0.00012011246403786264
5490,0.00011883611828979984
5491,0.00011746643058840283
5492,0.0001160967428870058
5493,0.000114820397138943
5494,0.0001137243741976839
5495,0.00011288336621541167
5496,0.00011235468649628686
5497,0.00011217436368948318
5498,0.00011235468649628686
5499,0.00011288336621541167
5500,0.0001137243741976839
5501,0.000114820397138943
5502,0.0001160967428870058
5503,0.00011746643058840283
5504,0.00011883611828979984
5505,0.00012011246403786264
5506,0.00012120848697912178
5507,0.00012204949496139398
5508,0.0001225781746805188
5509,0.00012275849748732246
5510,0.0001225781746805188
5511,0.00012204949496139398
5512,0.00012120848697912178
5513,0.00012011246403786264
5514,0.00011883611828979984
5515,0.00011746643058840283
5516,0.0001160967428870058
5517,0.000114820397138943
5518,0.0001137243741976839
5519,0.00011288336621541167
5520,0.00011235468649628686
5521,0.00011217436368948318
5522,0.00011235468649628686
5523,0.00011288336621541167
5524,0.0001137243741976839
5525,0.000114820397138943
5526,0.0001160967428870058
5527,0.00011746643058840283
5528,0.00011883611828979984
5529,0.00012011246403786264
5530,0.00012120848697912178
5531,0.00012204949496139398
5532,0.0001225781746805188
5533,0.00012275849748732246
5534,0.0001225781746805188
5535,0.00012204949496139398
5536,0.00012120848697912178
5537,0.00012011246403786264
5538,0.00011883611828979984
5539,0.00011746643058840283
5540,0.0001160967428870058
5541,0.000114820397138943
5542,0.0001137243741976839
5543,0.00011288336621541167
5544,0.00011235468649628686
5545,0.00011217436368948318
5546,0.00011235468649628686
5547,0.00011288336621541167
5548,0.0001137243741976839
5549,0.000114820397138943
5550,0.0001160967428870058
5551,0.00011746643058840283
5552,0.00011883611828979984
5553,0.00012011246403786264
5554,0.00012120848697912178
5555,0.00012204949496139398
5556,0.0001225781746805188
5557,0.00012275849748732246
5558,0.0001225781746805188
5559,0.00012204949496139398
5560,0.00012120848697912178
5561,0.00012011246403786264
5562,0.00011883611828979984
5563,0.00011746643058840283
5564,0.0001160967428870058
5565,0.000114820397138943
5566,0.0001137243741976839
5567,0.00011288336621541167
5568,0.00011235468649628686
5569,0.00011217436368948318
5570,0.00011235468649628686
5571,0.00011288336621541167
5572,0.0001137243741976839
5573,0.000114820397138943
5574,0.0001160967428870058
5575,0.00011746643058840283
5576,0.00011883611828979984
5577,0.00012011246403786264
5578,0.00012120848697912178
5579,0.00012204949496139398
5580,0.0001225781746805188
5581,0.00012275849748732246
5582,0.0001225781746805188
5583,0.00012204949496139398
5584,0.00012120848697912178
5585,0.00012011246403786264
5586,0.00011883611828979984
5587,0.00011746643058840283
5588,0.0001160967428870058
5589,0.000114820397138943
5590,0.0001137243741976839
5591,0.00011288336621541167
5592,0.00011235468649628686
5593,0.00011217436368948318
5594,0.00011235468649628686
5595,0.00011288336621541167
5596,0.0001137243741976839
5597,0.000114820397138943
5598,0.0001160967428870058
5599,0.00011746643058840283
5600,0.00011883611828979984
5601,0.00012011246403786264
5602,0.00012120848697912178
5603,0.00012204949496139398
5604,0.0001225781746805188
5605,0.00012275849748732246
5606,0.0001225781746805188
5607,0.00012204949496139398
5608,0.00012120848697912178
5609,0.00012011246403786264
5610,0.00011883611828979984
5611,0.00011746643058840283
5612,0.0001160967428870058
5613,0.000114820397138943
5614,0.0001137243741976839
5615,0.00011288336621541167
5616,0.00011235468649628686
5617,0.00011217436368948318
5618,0.00011235468649628686
5619,0.00011288336621541167
5620,0.0001137243741976839
5621,0.000114820397138943
5622,0.0001160967428870058
5623,0.00011746643058840283
5624,0.00011883611828979984
5625,0.00012011246403786264
5626,0.00012120848697912178
5627,0.00012204949496139398
5628,0.0001225781746805188
5629,0.00012275849748732246
5630,0.0001225781746805188
5631,0.00012204949496139398
5632,0.00012120848697912178
5633,0.00012011246403786264
5634,0.00011883611828979984
5635,0.00011746643058840283
5636,0.0001160967428870058
5637,0.000114820397138943
5638,0.0001137243741976839
5639,0.00011288336621541167
5640,0.00011235468649628686
5641,0.00011217436368948318
5642,0.00011235468649628686
5643,0.00011288336621541167
5644,0.0001137243741976839
5645,0.000114820397138943
5646,0.0001160967428870058
5647,0.00011746643058840283
5648,0.00011883611828979984
5649,0.00012011246403786264
5650,0.00012120848697912178
5651,0.00012204949496139398
5652,0.0001225781746805188
5653,0.00012275849748732246
5654,0.0001225781746805188
5655,0.00012204949496139398
5656,0.00012120848697912178
5657,0.00012011246403786264
5658,0.00011883611828979984
5659,0.00011746643058840283
5660,0.0001160967428870058
5661,0.000114820397138943
5662,0.0001137243741976839
5663,0.00011288336621541167
5664,0.00011235468649628686
5665,0.00011217436368948318
5666,0.00011235468649628686
5667,0.00011288336621541167
5668,0.0001137243741976839
5669,0.000114820397138943
5670,0.0001160967428870058
5671,0.00011746643058840283
5672,0.00011883611828979984
5673,0.00012011246403786264
5674,0.00012120848697912178
5675,0.00012204949496139398
5676,0.0001225781746805188
5677,0.00012275849748732246
5678,0.0001225781746805188
5679,0.00012204949496139398
5680,0.00012120848697912178
5681,0.00012011246403786264
5682,0.00011883611828979984
5683,0.00011746643058840283
5684,0.0001160967428870058
5685,0.000114820397138943
5686,0.0001137243741976839
5687,0.00011288336621541167
5688,0.00011235468649628686
5689,0.00011217436368948318
5690,0.00011235468649628686
5691,0.00011288336621541167
5692,0.0001137243741976839
5693,0.000114820397138943
5694,0.0001160967428870058
5695,0.00011746643058840283
5696,0.00011883611828979984
5697,0.00012011246403786264
5698,0.00012120848697912178
5699,0.00012204949496139398
5700,0.0001225781746805188
5701,0.00012275849748732246
5702,0.0001225781746805188
5703,0.00012204949496139398
5704,0.00012120848697912178
5705,0.00012011246403786264
5706,0.00011883611828979984
5707,0.00011746643058840283
5708,0.0001160967428870058
5709,0.000114820397138943
5710,0.0001137243741976839
5711,0.00011288336621541167
5712,0.00011235468649628686
5713,0.00011217436368948318
5714,0.00011235468649628686
5715,0.00011288336621541167
5716,0.0001137243741976839
5717,0.000114820397138943
5718,0.0001160967428870058
5719,0.00011746643058840283
5720,0.00011883611828979984
5721,0.00012011246403786264
5722,0.00012120848697912178
5723,0.00012204949496139398
5724,0.0001225781746805188
5725,0.00012275849748732246
5726,0.0001225781746805188
5727,0.00012204949496139398
5728,0.00012120848697912178
5729,0.00012011246403786264
5730,0.00011883611828979984
5731,0.00011746643058840283
5732,0.0001160967428870058
5733,0.000114820397138943
5734,0.0001137243741976839
5735,0.00011288336621541167
5736,0.00011235468649628686
5737,0.00011217436368948318
5738,0.00011235468649628686
5739,0.00011288336621541167
5740,0.0001137243741976839
5741,0.000114820397138943
5742,0.0001160967428870058
5743,0.00011746643058840283
5744,0.00011883611828979984
5745,0.00012011246403786264
5746,0.00012120848697912178
5747,0.00012204949496139398
5748,0.0001225781746805188
5749,0.00012275849748732246
5750,0.0001225781746805188
5751,0.00012204949496139398
5752,0.00012120848697912178
5753,0.00012011246403786264
5754,0.00011883611828979984
5755,0.00011746643058840283
5756,0.0001160967428870058
5757,0.000114820397138943
5758,0.0001137243741976839
5759,0.00011288336621541167
5760,0.00011235468649628686
5761,0.00011217436368948318
5762,0.00011235468649628686
5763,0.00011288336621541167
5764,0.0001137243741976839
5765,0.000114820397138943
5766,0.0001160967428870058
5767,0.00011746643058840283
5768,0.00011883611828979984
5769,0.00012011246403786264
5770,0.00012120848697912178
5771,0.00012204949496139398
5772,0.0001225781746805188
5773,0.00012275849748732246
5774,0.0001225781746805188
5775,0.00012204949496139398
5776,0.00012120848697912178
5777,0.00012011246403786264
5778,0.00011883611828979984
5779,0.00011746643058840283
5780,0.0001160967428870058
5781,0.000114820397138943
5782,0.0001137243741976839
5783,0.00011288336621541167
5784,0.00011235468649628686
5785,0.00011217436368948318
5786,0.00011235468649628686
5787,0.00011288336621541167
5788,0.0001137243741976839
5789,0.000114820397138943
5790,0.0001160967428870058
5791,0.00011746643058840283
5792,0.00011883611828979984
5793,0.00012011246403786264
5794,0.00012120848697912178
5795,0.00012204949496139398
5796,0.0001225781746805188
5797,0.00012275849748732246
5798,0.0001225781746805188
5799,0.00012204949496139398
5800,0.00012120848697912178
5801,0.00012011246403786264
5802,0.00011883611828979984
5803,0.00011746643058840283
5804,0.0001160967428870058
5805,0.000114820397138943
5806,0.0001137243741976839
5807,0.00011288336621541167
5808,0.00011235468649628686
5809,0.00011217436368948318
5810,0.00011235468649628686
5811,0.00011288336621541167
5812,0.0001137243741976839
5813,0.000114820397138943
5814,0.0001160967428870058
5815,0.00011746643058840283
5816,0.00011883611828979984
5817,0.00012011246403786264
5818,0.00012120848697912178
5819,0.00012204949496139398
5820,0.0001225781746805188
5821,0.00012275849748732246
5822,0.0001225781746805188
5823,0.00012204949496139398
5824,0.00012120848697912178
5825,0.00012011246403786264
5826,0.00011883611828979984
5827,0.00011746643058840283
5828,0.0001160967428870058
5829,0.000114820397138943
5830,0.0001137243741976839
5831,0.00011288336621541167
5832,0.00011027756594919448
5833,0.0001101005768013489
5834,0.00011027756594919448
5835,0.00011079647187479389
5836,0.00011162193199685023
5837,0.00011269769257218257
5838,0.00011395044229536051
5839,0.00011529480834301625
5840,0.00011663917439067197
5841,0.00011789192411384991
5842,0.0001189676846891823
5843,0.00011979314481123859
5844,0.00012031205073683803
5845,0.00012048903988468359
5846,0.00012031205073683803
5847,0.00011979314481123859
5848,0.0001189676846891823
5849,0.00011789192411384991
5850,0.00011663917439067197
5851,0.00011529480834301625
5852,0.00011395044229536051
5853,0.00011269769257218257
5854,0.00011162193199685023
5855,0.00011079647187479389
5856,0.00011027756594919448
5857,0.0001101005768013489
5858,0.00011027756594919448
5859,0.00011079647187479389
5860,0.00011162193199685023
5861,0.00011269769257218257
5862,0.00011395044229536051
5863,0.00011529480834301625
5864,0.00011663917439067197
5865,0.00011789192411384991
5866,0.0001189676846891823
5867,0.00011979314481123859
5868,0.00012031205073683803
5869,0.00012048903988468359
5870,0.00012031205073683803
5871,0.00011979314481123859
5872,0.0001189676846891823
5873,0.00011789192411384991
5874,0.00011663917439067197
5875,0.00011529480834301625
5876,0.00011395044229536051
5877,0.00011269769257218257
5878,0.00011162193199685023
5879,0.00011079647187479389
5880,0.00011027756594919448
5881,0.0001101005768013489
5882,0.00011027756594919448
5883,0.00011079647187479389
5884,0.00011162193199685023
5885,0.00011269769257218257
5886,0.00011395044229536051
5887,0.00011529480834301625
5888,0.00011663917439067197
5889,0.00011789192411384991
5890,0.0001189676846891823
5891,0.00011979314481123859
5892,0.00012031205073683803
5893,0.00012048903988468359
5894,0.00012031205073683803
5895,0.00011979314481123859
5896,0.0001189676846891823
5897,0.00011789192411384991
5898,0.00011663917439067197
5899,0.00011529480834301625
5900,0.00011395044229536051
5901,0.00011269769257218257
5902,0.00011162193199685023
5903,0.00011079647187479389
5904,0.00011027756594919448
5905,0.0001101005768013489
5906,0.00011027756594919448
5907,0.00011079647187479389
5908,0.00011162193199685023
5909,0.00011269769257218257
5910,0.00011395044229536051
5911,0.00011529480834301625
5912,0.00011663917439067197
5913,0.00011789192411384991
5914,0.0001189676846891823
5915,0.00011979314481123859
5916,0.00012031205073683803
5917,0.00012048903988468359
5918,0.00012031205073683803
5919,0.00011979314481123859
5920,0.0001189676846891823
5921,0.00011789192411384991
5922,0.00011663917439067197
5923,0.00011529480834301625
5924,0.00011395044229536051
5925,0.00011269769257218257
5926,0.00011162193199685023
5927,0.00011079647187479389
5928,0.00011027756594919448
5929,0.0001101005768013489
5930,0.00011027756594919448
5931,0.00011079647187479389
5932,0.00011162193199685023
5933,0.00011269769257218257
5934,0.00011395044229536051
5935,0.00011529480834301625
5936,0.00011663917439067197
5937,0.00011789192411384991
5938,0.0001189676846891823
5939,0.00011979314481123859
5940,0.00012031205073683803
5941,0.00012048903988468359
5942,0.00012031205073683803
5943,0.00011979314481123859
5944,0.0001189676846891823
5945,0.00011789192411384991
5946,0.00011663917439067197
5947,0.00011529480834301625
5948,0.00011395044229536051
5949,0.00011269769257218257
5950,0.00011162193199685023
5951,0.00011079647187479389
5952,0.00011027756594919448
5953,0.0001101005768013489
5954,0.00011027756594919448
5955,0.00011079647187479389
5956,0.00011162193199685023
5957,0.00011269769257218257
5958,0.00011395044229536051
5959,0.00011529480834301625
5960,0.00011663917439067197
5961,0.00011789192411384991
5962,0.0001189676846891823
5963,0.00011979314481123859
5964,0.00012031205073683803
5965,0.00012048903988468359
5966,0.00012031205073683803
5967,0.00011979314481123859
5968,0.0001189676846891823
5969,0.00011789192411384991
5970,0.00011663917439067197
5971,0.00011529480834301625
5972,0.00011395044229536051
5973,0.00011269769257218257
5974,0.00011162193199685023
5975,0.00011079647187479389
5976,0.00011027756594919448
5977,0.0001101005768013489
5978,0.00011027756594919448
5979,0.00011079647187479389
5980,0.00011162193199685023
5981,0.00011269769257218257
5982,0.00011395044229536051
5983,0.00011529480834301625
5984,0.00011663917439067197
5985,0.00011789192411384991
5986,0.0001189676846891823
5987,0.00011979314481123859
5988,0.00012031205073683803
5989,0.00012048903988468359
5990,0.00012031205073683803
5991,0.00011979314481123859
5992,0.0001189676846891823
5993,0.00011789192411384991
5994,0.00011663917439067197
5995,0.00011529480834301625
5996,0.00011395044229536051
5997,0.00011269769257218257
5998,0.00011162193199685023
5999,0.00011079647187479389
6000,0.00011027756594919448
6001,0.0001101005768013489
6002,0.00011027756594919448
6003,0.00011079647187479389
6004,0.00011162193199685023
6005,0.00011269769257218257
6006,0.00011395044229536051
6007,0.00011529480834301625
6008,0.00011663917439067197
6009,0.00011789192411384991
6010,0.0001189676846891823
6011,0.00011979314481123859
6012,0.00012031205073683803
6013,0.00012048903988468359
6014,0.00012031205073683803
6015,0.00011979314481123859
6016,0.0001189676846891823
6017,0.00011789192411384991
6018,0.00011663917439067197
6019,0.00011529480834301625
6020,0.00011395044229536051
6021,0.00011269769257218257
6022,0.00011162193199685023
6023,0.00011079647187479389
6024,0.00011027756594919448
6025,0.0001101005768013489
6026,0.00011027756594919448
6027,0.00011079647187479389
6028,0.00011162193199685023
6029,0.00011269769257218257
6030,0.00011395044229536051
6031,0.00011529480834301625
6032,0.00011663917439067197
6033,0.00011789192411384991
6034,0.0001189676846891823
6035,0.00011979314481123859
6036,0.00012031205073683803
6037,0.00012048903988468359
6038,0.00012031205073683803
6039,0.00011979314481123859
6040,0.0001189676846891823
6041,0.00011789192411384991
6042,0.00011663917439067197
6043,0.00011529480834301625
6044,0.00011395044229536051
6045,0.00011269769257218257
6046,0.00011162193199685023
6047,0.00011079647187479389
6048,0.00011027756594919448
6049,0.0001101005768013489
6050,0.00011027756594919448
6051,0.00011079647187479389
6052,0.00011162193199685023
6053,0.00011269769257218257
6054,0.00011395044229536051
6055,0.00011529480834301625
6056,0.00011663917439067197
6057,0.00011789192411384991
6058,0.0001189676846891823
6059,0.00011979314481123859
6060,0.00012031205073683803
6061,0.00012048903988468359
6062,0.00012031205073683803
6063,0.00011979314481123859
6064,0.0001189676846891823
6065,0.00011789192411384991
6066,0.00011663917439067197
6067,0.00011529480834301625
6068,0.00011395044229536051
6069,0.00011269769257218257
6070,0.00011162193199685023
6071,0.00011079647187479389
6072,0.00011027756594919448
6073,0.0001101005768013489
6074,0.00011027756594919448
6075,0.00011079647187479389
6076,0.00011162193199685023
6077,0.00011269769257218257
6078,0.00011395044229536051
6079,0.00011529480834301625
6080,0.00011663917439067197
6081,0.00011789192411384991
6082,0.0001189676846891823
6083,0.00011979314481123859
6084,0.00012031205073683803
6085,0.00012048903988468359
6086,0.00012031205073683803
6087,0.00011979314481123859
6088,0.0001189676846891823
6089,0.00011789192411384991
6090,0.00011663917439067197
6091,0.00011529480834301625
6092,0.00011395044229536051
6093,0.00011269769257218257
6094,0.00011162193199685023
6095,0.00011079647187479389
6096,0.00011027756594919448
6097,0.0001101005768013489
6098,0.00011027756594919448
6099,0.00011079647187479389
6100,0.00011162193199685023
6101,0.00011269769257218257
6102,0.00011395044229536051
6103,0.00011529480834301625
6104,0.00011663917439067197
6105,0.00011789192411384991
6106,0.0001189676846891823
6107,0.00011979314481123859
6108,0.00012031205073683803
6109,0.00012048903988468359
6110,0.00012031205073683803
6111,0.00011979314481123859
6112,0.0001189676846891823
6113,0.00011789192411384991
6114,0.00011663917439067197
6115,0.00011529480834301625
6116,0.00011395044229536051
6117,0.00011269769257218257
6118,0.00011162193199685023
6119,0.00011079647187479389
6120,0.00011027756594919448
6121,0.0001101005768013489
6122,0.00011027756594919448
6123,0.00011079647187479389
6124,0.00011162193199685023
6125,0.00011269769257218257
6126,0.00011395044229536051
6127,0.00011529480834301625
6128,0.00011663917439067197
6129,0.00011789192411384991
6130,0.0001189676846891823
6131,0.00011979314481123859
6132,0.00012031205073683803
6133,0.00012048903988468359
6134,0.00012031205073683803
6135,0.00011979314481123859
6136,0.0001189676846891823
6137,0.00011789192411384991
6138,0.00011663917439067197
6139,0.00011529480834301625
6140,0.00011395044229536051
6141,0.00011269769257218257
6142,0.00011162193199685023
6143,0.00011079647187479389
6144,0.00011027756594919448
6145,0.0001101005768013489
6146,0.00011027756594919448
6147,0.00011079647187479389
6148,0.00011162193199685023
6149,0.00011269769257218257
6150,0.00011395044229536051
6151,0.00011529480834301625
6152,0.00011663917439067197
6153,0.00011789192411384991
6154,0.0001189676846891823
6155,0.00011979314481123859
6156,0.00012031205073683803
6157,0.00012048903988468359
6158,0.00012031205073683803
6159,0.00011979314481123859
6160,0.0001189676846891823
6161,0.00011789192411384991
6162,0.00011663917439067197
6163,0.00011529480834301625
6164,0.00011395044229536051
6165,0.00011269769257218257
6166,0.00011162193199685023
6167,0.00011079647187479389
6168,0.00011027756594919448
6169,0.0001101005768013489
6170,0.00011027756594919448
6171,0.00011079647187479389
6172,0.00011162193199685023
6173,0.00011269769257218257
6174,0.00011395044229536051
6175,0.00011529480834301625
6176,0.00011663917439067197
6177,0.00011789192411384991
6178,0.0001189676846891823
6179,0.00011979314481123859
6180,0.00012031205073683803
6181,0.00012048903988468359
6182,0.00012031205073683803
6183,0.00011979314481123859
6184,0.0001189676846891823
6185,0.00011789192411384991
6186,0.00011663917439067197
6187,0.00011529480834301625
6188,0.00011395044229536051
6189,0.00011269769257218257
6190,0.00011162193199685023
6191,0.00011079647187479389
6192,0.00011027756594919448
6193,0.0001101005768013489
6194,0.00011027756594919448
6195,0.00011079647187479389
6196,0.00011162193199685023
6197,0.00011269769257218257
6198,0.00011395044229536051
6199,0.00011529480834301625
6200,0.00011663917439067197
6201,0.00011789192411384991
6202,0.0001189676846891823
6203,0.00011979314481123859
6204,0.00012031205073683803
6205,0.00012048903988468359
6206,0.00012031205073683803
6207,0.00011979314481123859
6208,0.0001189676846891823
6209,0.00011789192411384991
6210,0.00011663917439067197
6211,0.00011529480834301625
6212,0.00011395044229536051
6213,0.00011269769257218257
6214,0.00011162193199685023
6215,0.00011079647187479389
6216,0.00011027756594919448
6217,0.0001101005768013489
6218,0.00011027756594919448
6219,0.00011079647187479389
6220,0.00011162193199685023
6221,0.00011269769257218257
6222,0.00011395044229536051
6223,0.00011529480834301625
6224,0.00011663917439067197
6225,0.00011789192411384991
6226,0.0001189676846891823
6227,0.00011979314481123859
6228,0.00012031205073683803
6229,0.00012048903988468359
6230,0.00012031205073683803
6231,0.00011979314481123859
6232,0.0001189676846891823
6233,0.00011789192411384991
6234,0.00011663917439067197
6235,0.00011529480834301625
6236,0.00011395044229536051
6237,0.00011269769257218257
6238,0.00011162193199685023
6239,0.00011079647187479389
6240,0.00011027756594919448
6241,0.0001101005768013489
6242,0.00011027756594919448
6243,0.00011079647187479389
6244,0.00011162193199685023
6245,0.00011269769257218257
6246,0.00011395044229536051
6247,0.00011529480834301625
6248,0.00011663917439067197
6249,0.00011789192411384991
6250,0.0001189676846891823
6251,0.00011979314481123859
6252,0.00012031205073683803
6253,0.00012048903988468359
6254,0.00012031205073683803
6255,0.00011979314481123859
6256,0.0001189676846891823
6257,0.00011789192411384991
6258,0.00011663917439067197
6259,0.00011529480834301625
6260,0.00011395044229536051
6261,0.00011269769257218257
6262,0.00011162193199685023
6263,0.00011079647187479389
6264,0.00011027756594919448
6265,0.0001101005768013489
6266,0.00011027756594919448
6267,0.00011079647187479389
6268,0.00011162193199685023
6269,0.00011269769257218257
6270,0.00011395044229536051
6271,0.00011529480834301625
6272,0.00011663917439067197
6273,0.00011789192411384991
6274,0.0001189676846891823
6275,0.00011979314481123859
6276,0.00012031205073683803
6277,0.00012048903988468359
6278,0.00012031205073683803
6279,0.00011979314481123859
6280,0.0001189676846891823
6281,0.00011789192411384991
6282,0.00011663917439067197
6283,0.00011529480834301625
6284,0.00011395044229536051
6285,0.00011269769257218257
6286,0.00011162193199685023
6287,0.00011079647187479389
6288,0.00011027756594919448
6289,0.0001101005768013489
6290,0.00011027756594919448
6291,0.00011079647187479389
6292,0.00011162193199685023
6293,0.00011269769257218257
6294,0.00011395044229536051
6295,0.00011529480834301625
6296,0.00011663917439067197
6297,0.00011789192411384991
6298,0.0001189676846891823
6299,0.00011979314481123859
6300,0.00012031205073683803
6301,0.00012048903988468359
6302,0.00012031205073683803
6303,0.00011979314481123859
6304,0.0001189676846891823
6305,0.00011789192411384991
6306,0.00011663917439067197
6307,0.00011529480834301625
6308,0.00011395044229536051
6309,0.00011269769257218257
6310,0.00011162193199685023
6311,0.00011079647187479389
6312,0.00011027756594919448
6313,0.0001101005768013489
6314,0.00011027756594919448
6315,0.00011079647187479389
6316,0.00011162193199685023
6317,0.00011269769257218257
6318,0.00011395044229536051
6319,0.00011529480834301625
6320,0.00011663917439067197
6321,0.00011789192411384991
6322,0.0001189676846891823
6323,0.00011979314481123859
6324,0.00012031205073683803
6325,0.00012048903988468359
6326,0.00012031205073683803
6327,0.00011979314481123859
6328,0.0001189676846891823
6329,0.00011789192411384991
6330,0.00011663917439067197
6331,0.00011529480834301625
6332,0.00011395044229536051
6333,0.00011269769257218257
6334,0.00011162193199685023
6335,0.00011079647187479389
6336,0.00011027756594919448
6337,0.0001101005768013489
6338,0.00011027756594919448
6339,0.00011079647187479389
6340,0.00011162193199685023
6341,0.00011269769257218257
6342,0.00011395044229536051
6343,0.00011529480834301625
6344,0.00011663917439067197
6345,0.00011789192411384991
6346,0.0001189676846891823
6347,0.00011979314481123859
6348,0.00012031205073683803
6349,0.00012048903988468359
6350,0.00012031205073683803
6351,0.00011979314481123859
6352,0.0001189676846891823
6353,0.00011789192411384991
6354,0.00011663917439067197
6355,0.00011529480834301625
6356,0.00011395044229536051
6357,0.00011269769257218257
6358,0.00011162193199685023
6359,0.00011079647187479389
6360,0.00011027756594919448
6361,0.0001101005768013489
6362,0.00011027756594919448
6363,0.00011079647187479389
6364,0.00011162193199685023
6365,0.00011269769257218257
6366,0.00011395044229536051
6367,0.00011529480834301625
6368,0.00011663917439067197
6369,0.00011789192411384991
6370,0.0001189676846891823
6371,0.00011979314481123859
6372,0.00012031205073683803
6373,0.00012048903988468359
6374,0.00012031205073683803
6375,0.00011979314481123859
6376,0.0001189676846891823
6377,0.00011789192411384991
6378,0.00011663917439067197
6379,0.00011529480834301625
6380,0.00011395044229536051
6381,0.00011269769257218257
6382,0.00011162193199685023
6383,0.00011079647187479389
6384,0.00011027756594919448
6385,0.0001101005768013489
6386,0.00011027756594919448
6387,0.00011079647187479389
6388,0.00011162193199685023
6389,0.00011269769257218257
6390,0.00011395044229536051
6391,0.00011529480834301625
6392,0.00011663917439067197
6393,0.00011789192411384991
6394,0.0001189676846891823
6395,0.00011979314481123859
6396,0.00012031205073683803
6397,0.00012048903988468359
6398,0.00012031205073683803
6399,0.00011979314481123859
6400,0.0001189676846891823
6401,0.00011789192411384991
6402,0.00011663917439067197
6403,0.00011529480834301625
6404,0.00011395044229536051
6405,0.00011269769257218257
6406,0.00011162193199685023
6407,0.00011079647187479389
6408,0.00011027756594919448
6409,0.0001101005768013489
6410,0.00011027756594919448
6411,0.00011079647187479389
6412,0.00011162193199685023
6413,0.00011269769257218257
6414,0.00011395044229536051
6415,0.00011529480834301625
6416,0.00011663917439067197
6417,0.00011789192411384991
6418,0.0001189676846891823
6419,0.00011979314481123859
6420,0.00012031205073683803
6421,0.00012048903988468359
6422,0.00012031205073683803
6423,0.00011979314481123859
6424,0.0001189676846891823
6425,0.00011789192411384991
6426,0.00011663917439067197
6427,0.00011529480834301625
6428,0.00011395044229536051
6429,0.00011269769257218257
6430,0.00011162193199685023
6431,0.00011079647187479389
6432,0.00011027756594919448
6433,0.0001101005768013489
6434,0.00011027756594919448
6435,0.00011079647187479389
6436,0.00011162193199685023
6437,0.00011269769257218257
6438,0.00011395044229536051
6439,0.00011529480834301625
6440,0.00011663917439067197
6441,0.00011789192411384991
6442,0.0001189676846891823
6443,0.00011979314481123859
6444,0.00012031205073683803
6445,0.00012048903988468359
6446,0.00012031205073683803
6447,0.00011979314481123859
6448,0.0001189676846891823
6449,0.00011789192411384991
6450,0.00011663917439067197
6451,0.00011529480834301625
6452,0.00011395044229536051
6453,0.00011269769257218257
6454,0.00011162193199685023
6455,0.00011079647187479389
6456,0.00011027756594919448
6457,0.0001101005768013489
6458,0.00011027756594919448
6459,0.00011079647187479389
6460,0.00011162193199685023
6461,0.00011269769257218257
6462,0.00011395044229536051
6463,0.00011529480834301625
6464,0.00011663917439067197
6465,0.00011789192411384991
6466,0.0001189676846891823
6467,0.00011979314481123859
6468,0.00012031205073683803
6469,0.00012048903988468359
6470,0.00012031205073683803
6471,0.00011979314481123859
6472,0.0001189676846891823
6473,0.00011789192411384991
6474,0.00011663917439067197
6475,0.00011529480834301625
6476,0.00011395044229536051
6477,0.00011269769257218257
6478,0.00011162193199685023
6479,0.00011079647187479389
6480,0.00011027756594919448
6481,0.0001101005768013489
6482,0.00011027756594919448
6483,0.00011079647187479389
6484,0.00011162193199685023
6485,0.00011269769257218257
6486,0.00011395044229536051
6487,0.00011529480834301625
6488,0.00011663917439067197
6489,0.00011789192411384991
6490,0.0001189676846891823
6491,0.00011979314481123859
6492,0.00012031205073683803
6493,0.00012048903988468359
6494,0.00012031205073683803
6495,0.00011979314481123859
6496,0.0001189676846891823
6497,0.00011789192411384991
6498,0.00011663917439067197
6499,0.00011529480834301625
6500,0.00011395044229536051
6501,0.00011269769257218257
6502,0.00011162193199685023
6503,0.00011079647187479389
6504,0.00011027756594919448
6505,0.0001101005768013489
6506,0.00011027756594919448
6507,0.00011079647187479389
6508,0.00011162193199685023
6509,0.00011269769257218257
6510,0.00011395044229536051
6511,0.00011529480834301625
6512,0.00011663917439067197
6513,0.00011789192411384991
6514,0.0001189676846891823
6515,0.00011979314481123859
6516,0.00012031205073683803
6517,0.00012048903988468359
6518,0.00012031205073683803
6519,0.00011979314481123859
6520,0.0001189676846891823
6521,0.00011789192411384991
6522,0.00011663917439067197
6523,0.00011529480834301625
6524,0.00011395044229536051
6525,0.00011269769257218257
6526,0.00011162193199685023
6527,0.00011079647187479389
6528,0.00011027756594919448
6529,0.0001101005768013489
6530,0.00011027756594919448
6531,0.00011079647187479389
6532,0.00011162193199685023
6533,0.00011269769257218257
6534,0.00011395044229536051
6535,0.00011529480834301625
6536,0.00011663917439067197
6537,0.00011789192411384991
6538,0.0001189676846891823
6539,0.00011979314481123859
6540,0.00012031205073683803
6541,0.00012048903988468359
6542,0.00012031205073683803
6543,0.00011979314481123859
6544,0.0001189676846891823
6545,0.00011789192411384991
6546,0.00011663917439067197
6547,0.00011529480834301625
6548,0.00011395044229536051
6549,0.00011269769257218257
6550,0.00011162193199685023
6551,0.00011079647187479389
6552,0.00011106621099732025
6553,0.00011088795611955199
6554,0.00011106621099732025
6555,0.00011158882785528514
6556,0.00011242019121824166
6557,0.00011350364504689714
6558,0.00011476535375332088
6559,0.00011611933397424227
6560,0.00011747331419516365
6561,0.0001187350229015874
6562,0.00011981847673024291
6563,0.0001206498400931994
6564,0.0001211724569511643
6565,0.00012135071182893252
6566,0.0001211724569511643
6567,0.0001206498400931994
6568,0.00011981847673024291
6569,0.0001187350229015874
6570,0.00011747331419516365
6571,0.00011611933397424227
6572,0.00011476535375332088
6573,0.00011350364504689714
6574,0.00011242019121824166
6575,0.00011158882785528514
6576,0.00011106621099732025
6577,0.00011088795611955199
6578,0.00011106621099732025
6579,0.00011158882785528514
6580,0.00011242019121824166
6581,0.00011350364504689714
6582,0.00011476535375332088
6583,0.00011611933397424227
6584,0.00011747331419516365
6585,0.0001187350229015874
6586,0.00011981847673024291
6587,0.0001206498400931994
6588,0.0001211724569511643
6589,0.00012135071182893252
6590,0.0001211724569511643
6591,0.0001206498400931994
6592,0.00011981847673024291
6593,0.0001187350229015874
6594,0.00011747331419516365
6595,0.00011611933397424227
6596,0.00011476535375332088
6597,0.00011350364504689714
6598,0.00011242019121824166
6599,0.00011158882785528514
6600,0.00011106621099732025
6601,0.00011088795611955199
6602,0.00011106621099732025
6603,0.00011158882785528514
6604,0.00011242019121824166
6605,0.00011350364504689714
6606,0.00011476535375332088
6607,0.00011611933397424227
6608,0.00011747331419516365
6609,0.0001187350229015874
6610,0.00011981847673024291
6611,0.0001206498400931994
6612,0.0001211724569511643
6613,0.00012135071182893252
6614,0.0001211724569511643
6615,0.0001206498400931994
6616,0.00011981847673024291
6617,0.0001187350229015874
6618,0.00011747331419516365
6619,0.00011611933397424227
6620,0.00011476535375332088
6621,0.00011350364504689714
6622,0.00011242019121824166
6623,0.00011158882785528514
6624,0.00011106621099732025
6625,0.00011088795611955199
6626,0.00011106621099732025
6627,0.00011158882785528514
6628,0.00011242019121824166
6629,0.00011350364504689714
6630,0.00011476535375332088
6631,0.00011611933397424227
6632,0.00011747331419516365
6633,0.0001187350229015874
6634,0.00011981847673024291
6635,0.0001206498400931994
6636,0.0001211724569511643
6637,0.00012135071182893252
6638,0.0001211724569511643
6639,0.0001206498400931994
6640,0.00011981847673024291
6641,0.0001187350229015874
6642,0.00011747331419516365
6643,0.00011611933397424227
6644,0.00011476535375332088
6645,0.00011350364504689714
6646,0.00011242019121824166
6647,0.00011158882785528514
6648,0.00011106621099732025
6649,0.00011088795611955199
6650,0.00011106621099732025
6651,0.00011158882785528514
6652,0.00011242019121824166
6653,0.00011350364504689714
6654,0.00011476535375332088
6655,0.00011611933397424227
6656,0.00011747331419516365
6657,0.0001187350229015874
6658,0.00011981847673024291
6659,0.0001206498400931994
6660,0.0001211724569511643
6661,0.00012135071182893252
6662,0.0001211724569511643
6663,0.0001206498400931994
6664,0.00011981847673024291
6665,0.0001187350229015874
6666,0.00011747331419516365
6667,0.00011611933397424227
6668,0.00011476535375332088
6669,0.00011350364504689714
6670,0.00011242019121824166
6671,0.00011158882785528514
6672,0.00011106621099732025
6673,0.00011088795611955199
6674,0.00011106621099732025
6675,0.00011158882785528514
6676,0.00011242019121824166
6677,0.00011350364504689714
6678,0.00011476535375332088
6679,0.00011611933397424227
6680,0.00011747331419516365
6681,0.0001187350229015874
6682,0.00011981847673024291
6683,0.0001206498400931994
6684,0.0001211724569511643
6685,0.00012135071182893252
6686,0.0001211724569511643
6687,0.0001206498400931994
6688,0.00011981847673024291
6689,0.0001187350229015874
6690,0.00011747331419516365
6691,0.00011611933397424227
6692,0.00011476535375332088
6693,0.00011350364504689714
6694,0.00011242019121824166
6695,0.00011158882785528514
6696,0.00011106621099732025
6697,0.00011088795611955199
6698,0.00011106621099732025
6699,0.00011158882785528514
6700,0.00011242019121824166
6701,0.00011350364504689714
6702,0.00011476535375332088
6703,0.00011611933397424227
6704,0.00011747331419516365
6705,0.0001187350229015874
6706,0.00011981847673024291
6707,0.0001206498400931994
6708,0.0001211724569511643
6709,0.00012135071182893252
6710,0.0001211724569511643
6711,0.0001206498400931994
6712,0.00011981847673024291
6713,0.0001187350229015874
6714,0.00011747331419516365
6715,0.00011611933397424227
6716,0.00011476535375332088
6717,0.00011350364504689714
6718,0.00011242019121824166
6719,0.00011158882785528514
6720,0.00011106621099732025
6721,0.00011088795611955199
6722,0.00011106621099732025
6723,0.00011158882785528514
6724,0.00011242019121824166
6725,0.00011350364504689714
6726,0.00011476535375332088
6727,0.00011611933397424227
6728,0.00011747331419516365
6729,0.0001187350229015874
6730,0.00011981847673024291
6731,0.0001206498400931994
6732,0.0001211724569511643
6733,0.00012135071182893252
6734,0.0001211724569511643
6735,0.0001206498400931994
6736,0.00011981847673024291
6737,0.0001187350229015874
6738,0.00011747331419516365
6739,0.00011611933397424227
6740,0.00011476535375332088
6741,0.00011350364504689714
6742,0.00011242019121824166
6743,0.00011158882785528514
6744,0.00011106621099732025
6745,0.00011088795611955199
6746,0.00011106621099732025
6747,0.00011158882785528514
6748,0.00011242019121824166
6749,0.00011350364504689714
6750,0.00011476535375332088
6751,0.00011611933397424227
6752,0.00011747331419516365
6753,0.0001187350229015874
6754,0.00011981847673024291
6755,0.0001206498400931994
6756,0.0001211724569511643
6757,0.00012135071182893252
6758,0.0001211724569511643
6759,0.0001206498400931994
6760,0.00011981847673024291
6761,0.0001187350229015874
6762,0.00011747331419516365
6763,0.00011611933397424227
6764,0.00011476535375332088
6765,0.00011350364504689714
6766,0.00011242019121824166
6767,0.00011158882785528514
6768,0.00011106621099732025
6769,0.00011088795611955199
6770,0.00011106621099732025
6771,0.00011158882785528514
6772,0.00011242019121824166
6773,0.00011350364504689714
6774,0.00011476535375332088
6775,0.00011611933397424227
6776,0.00011747331419516365
6777,0.0001187350229015874
6778,0.00011981847673024291
6779,0.0001206498400931994
6780,0.0001211724569511643
6781,0.00012135071182893252
6782,0.0001211724569511643
6783,0.0001206498400931994
6784,0.00011981847673024291
6785,0.0001187350229015874
6786,0.00011747331419516365
6787,0.00011611933397424227
6788,0.00011476535375332088
6789,0.00011350364504689714
6790,0.00011242019121824166
6791,0.00011158882785528514
6792,0.00011106621099732025
6793,0.00011088795611955199
6794,0.00011106621099732025
6795,0.00011158882785528514
6796,0.00011242019121824166
6797,0.00011350364504689714
6798,0.00011476535375332088
6799,0.00011611933397424227
6800,0.00011747331419516365
6801,0.0001187350229015874
6802,0.00011981847673024291
6803,0.0001206498400931994
6804,0.0001211724569511643
6805,0.00012135071182893252
6806,0.0001211724569511643
6807,0.0001206498400931994
6808,0.00011981847673024291
6809,0.0001187350229015874
6810,0.00011747331419516365
6811,0.00011611933397424227
6812,0.00011476535375332088
6813,0.00011350364504689714
6814,0.00011242019121824166
6815,0.00011158882785528514
6816,0.00011106621099732025
6817,0.00011088795611955199
6818,0.00011106621099732025
6819,0.00011158882785528514
6820,0.00011242019121824166
6821,0.00011350364504689714
6822,0.00011476535375332088
6823,0.00011611933397424227
6824,0.00011747331419516365
6825,0.0001187350229015874
6826,0.00011981847673024291
6827,0.0001206498400931994
6828,0.0001211724569511643
6829,0.00012135071182893252
6830,0.0001211724569511643
6831,0.0001206498400931994
6832,0.00011981847673024291
6833,0.0001187350229015874
6834,0.00011747331419516365
6835,0.00011611933397424227
6836,0.00011476535375332088
6837,0.00011350364504689714
6838,0.00011242019121824166
6839,0.00011158882785528514
6840,0.00011106621099732025
6841,0.00011088795611955199
6842,0.00011106621099732025
6843,0.00011158882785528514
6844,0.00011242019121824166
6845,0.00011350364504689714
6846,0.00011476535375332088
6847,0.00011611933397424227
6848,0.00011747331419516365
6849,0.0001187350229015874
6850,0.00011981847673024291
6851,0.0001206498400931994
6852,0.0001211724569511643
6853,0.00012135071182893252
6854,0.0001211724569511643
6855,0.0001206498400931994
6856,0.00011981847673024291
6857,0.0001187350229015874
6858,0.00011747331419516365
6859,0.00011611933397424227
6860,0.00011476535375332088
6861,0.00011350364504689714
6862,0.00011242019121824166
6863,0.00011158882785528514
6864,0.00011106621099732025
6865,0.00011088795611955199
6866,0.00011106621099732025
6867,0.00011158882785528514
6868,0.00011242019121824166
6869,0.00011350364504689714
6870,0.00011476535375332088
6871,0.00011611933397424227
6872,0.00011747331419516365
6873,0.0001187350229015874
6874,0.00011981847673024291
6875,0.0001206498400931994
6876,0.0001211724569511643
6877,0.00012135071182893252
6878,0.0001211724569511643
6879,0.0001206498400931994
6880,0.00011981847673024291
6881,0.0001187350229015874
6882,0.00011747331419516365
6883,0.00011611933397424227
6884,0.00011476535375332088
6885,0.00011350364504689714
6886,0.00011242019121824166
6887,0.00011158882785528514
6888,0.00011106621099732025
6889,0.00011088795611955199
6890,0.00011106621099732025
6891,0.00011158882785528514
6892,0.00011242019121824166
6893,0.00011350364504689714
6894,0.00011476535375332088
6895,0.00011611933397424227
6896,0.00011747331419516365
6897,0.0001187350229015874
6898,0.00011981847673024291
6899,0.0001206498400931994
6900,0.0001211724569511643
6901,0.00012135071182893252
6902,0.0001211724569511643
6903,0.0001206498400931994
6904,0.00011981847673024291
6905,0.0001187350229015874
6906,0.00011747331419516365
6907,0.00011611933397424227
6908,0.00011476535375332088
6909,0.00011350364504689714
6910,0.00011242019121824166
6911,0.00011158882785528514
6912,0.00011106621099732025
6913,0.00011088795611955199
6914,0.00011106621099732025
6915,0.00011158882785528514
6916,0.00011242019121824166
6917,0.00011350364504689714
6918,0.00011476535375332088
6919,0.00011611933397424227
6920,0.00011747331419516365
6921,0.0001187350229015874
6922,0.00011981847673024291
6923,0.0001206498400931994
6924,0.0001211724569511643
6925,0.00012135071182893252
6926,0.0001211724569511643
6927,0.0001206498400931994
6928,0.00011981847673024291
6929,0.0001187350229015874
6930,0.00011747331419516365
6931,0.00011611933397424227
6932,0.00011476535375332088
6933,0.00011350364504689714
6934,0.00011242019121824166
6935,0.00011158882785528514
6936,0.00011106621099732025
6937,0.00011088795611955199
6938,0.00011106621099732025
6939,0.00011158882785528514
6940,0.00011242019121824166
6941,0.00011350364504689714
6942,0.00011476535375332088
6943,0.00011611933397424227
6944,0.00011747331419516365
6945,0.0001187350229015874
6946,0.00011981847673024291
6947,0.0001206498400931994
6948,0.0001211724569511643
6949,0.00012135071182893252
6950,0.0001211724569511643
6951,0.0001206498400931994
6952,0.00011981847673024291
6953,0.0001187350229015874
6954,0.00011747331419516365
6955,0.00011611933397424227
6956,0.00011476535375332088
6957,0.00011350364504689714
6958,0.00011242019121824166
6959,0.00011158882785528514
6960,0.00011106621099732025
6961,0.00011088795611955199
6962,0.00011106621099732025
6963,0.00011158882785528514
6964,0.00011242019121824166
6965,0.00011350364504689714
6966,0.00011476535375332088
6967,0.00011611933397424227
6968,0.00011747331419516365
6969,0.0001187350229015874
6970,0.00011981847673024291
6971,0.0001206498400931994
6972,0.0001211724569511643
6973,0.00012135071182893252
6974,0.0001211724569511643
6975,0.0001206498400931994
6976,0.00011981847673024291
6977,0.0001187350229015874
6978,0.00011747331419516365
6979,0.00011611933397424227
6980,0.00011476535375332088
6981,0.00011350364504689714
6982,0.00011242019121824166
6983,0.00011158882785528514
6984,0.00011106621099732025
6985,0.00011088795611955199
6986,0.00011106621099732025
6987,0.00011158882785528514
6988,0.00011242019121824166
6989,0.00011350364504689714
6990,0.00011476535375332088
6991,0.00011611933397424227
6992,0.00011747331419516365
6993,0.0001187350229015874
6994,0.00011981847673024291
6995,0.0001206498400931994
6996,0.0001211724569511643
6997,0.00012135071182893252
6998,0.0001211724569511643
6999,0.0001206498400931994
7000,0.00011981847673024291
7001,0.0001187350229015874
7002,0.00011747331419516365
7003,0.00011611933397424227
7004,0.00011476535375332088
7005,0.00011350364504689714
7006,0.00011242019121824166
7007,0.00011158882785528514
7008,0.00011106621099732025
7009,0.00011088795611955199
7010,0.00011106621099732025
7011,0.00011158882785528514
7012,0.00011242019121824166
7013,0.00011350364504689714
7014,0.00011476535375332088
7015,0.00011611933397424227
7016,0.00011747331419516365
7017,0.0001187350229015874
7018,0.00011981847673024291
7019,0.0001206498400931994
7020,0.0001211724569511643
7021,0.00012135071182893252
7022,0.0001211724569511643
7023,0.0001206498400931994
7024,0.00011981847673024291
7025,0.0001187350229015874
7026,0.00011747331419516365
7027,0.00011611933397424227
7028,0.00011476535375332088
7029,0.00011350364504689714
7030,0.00011242019121824166
7031,0.00011158882785528514
7032,0.00011106621099732025
7033,0.00011088795611955199
7034,0.00011106621099732025
7035,0.00011158882785528514
7036,0.00011242019121824166
7037,0.00011350364504689714
7038,0.00011476535375332088
7039,0.00011611933397424227
7040,0.00011747331419516365
7041,0.0001187350229015874
7042,0.00011981847673024291
7043,0.0001206498400931994
7044,0.0001211724569511643
7045,0.00012135071182893252
7046,0.0001211724569511643
7047,0.0001206498400931994
7048,0.00011981847673024291
7049,0.0001187350229015874
7050,0.00011747331419516365
7051,0.00011611933397424227
7052,0.00011476535375332088
7053,0.00011350364504689714
7054,0.00011242019121824166
7055,0.00011158882785528514
7056,0.00011106621099732025
7057,0.00011088795611955199
7058,0.00011106621099732025
7059,0.00011158882785528514
7060,0.00011242019121824166
7061,0.00011350364504689714
7062,0.00011476535375332088
7063,0.00011611933397424227
7064,0.00011747331419516365
7065,0.0001187350229015874
7066,0.00011981847673024291
7067,0.0001206498400931994
7068,0.0001211724569511643
7069,0.00012135071182893252
7070,0.0001211724569511643
7071,0.0001206498400931994
7072,0.00011981847673024291
7073,0.0001187350229015874
7074,0.00011747331419516365
7075,0.00011611933397424227
7076,0.00011476535375332088
7077,0.00011350364504689714
7078,0.00011242019121824166
7079,0.00011158882785528514
7080,0.00011106621099732025
7081,0.00011088795611955199
7082,0.00011106621099732025
7083,0.00011158882785528514
7084,0.00011242019121824166
7085,0.00011350364504689714
7086,0.00011476535375332088
7087,0.00011611933397424227
7088,0.00011747331419516365
7089,0.0001187350229015874
7090,0.00011981847673024291
7091,0.0001206498400931994
7092,0.0001211724569511643
7093,0.00012135071182893252
7094,0.0001211724569511643
7095,0.0001206498400931994
7096,0.00011981847673024291
7097,0.0001187350229015874
7098,0.00011747331419516365
7099,0.00011611933397424227
7100,0.00011476535375332088
7101,0.00011350364504689714
7102,0.00011242019121824166
7103,0.00011158882785528514
7104,0.00011106621099732025
7105,0.00011088795611955199
7106,0.00011106621099732025
7107,0.00011158882785528514
7108,0.00011242019121824166
7109,0.00011350364504689714
7110,0.00011476535375332088
7111,0.00011611933397424227
7112,0.00011747331419516365
7113,0.0001187350229015874
7114,0.00011981847673024291
7115,0.0001206498400931994
7116,0.0001211724569511643
7117,0.00012135071182893252
7118,0.0001211724569511643
7119,0.0001206498400931994
7120,0.00011981847673024291
7121,0.0001187350229015874
7122,0.00011747331419516365
7123,0.00011611933397424227
7124,0.00011476535375332088
7125,0.00011350364504689714
7126,0.00011242019121824166
7127,0.00011158882785528514
7128,0.00011106621099732025
7129,0.00011088795611955199
7130,0.00011106621099732025
7131,0.00011158882785528514
7132,0.00011242019121824166
7133,0.00011350364504689714
7134,0.00011476535375332088
7135,0.00011611933397424227
7136,0.00011747331419516365
7137,0.0001187350229015874
7138,0.00011981847673024291
7139,0.0001206498400931994
7140,0.0001211724569511643
7141,0.00012135071182893252
7142,0.0001211724569511643
7143,0.0001206498400931994
7144,0.00011981847673024291
7145,0.0001187350229015874
7146,0.00011747331419516365
7147,0.00011611933397424227
7148,0.00011476535375332088
7149,0.00011350364504689714
7150,0.00011242019121824166
7151,0.00011158882785528514
7152,0.00011106621099732025
7153,0.00011088795611955199
7154,0.00011106621099732025
7155,0.00011158882785528514
7156,0.00011242019121824166
7157,0.00011350364504689714
7158,0.00011476535375332088
7159,0.00011611933397424227
7160,0.00011747331419516365
7161,0.0001187350229015874
7162,0.00011981847673024291
7163,0.0001206498400931994
7164,0.0001211724569511643
7165,0.00012135071182893252
7166,0.0001211724569511643
7167,0.0001206498400931994
7168,0.00011981847673024291
7169,0.0001187350229015874
7170,0.00011747331419516365
7171,0.00011611933397424227
7172,0.00011476535375332088
7173,0.00011350364504689714
7174,0.00011242019121824166
7175,0.00011158882785528514
7176,0.00011106621099732025
7177,0.00011088795611955199
7178,0.00011106621099732025
7179,0.00011158882785528514
7180,0.00011242019121824166
7181,0.00011350364504689714
7182,0.00011476535375332088
7183,0.00011611933397424227
7184,0.00011747331419516365
7185,0.0001187350229015874
7186,0.00011981847673024291
7187,0.0001206498400931994
7188,0.0001211724569511643
7189,0.00012135071182893252
7190,0.0001211724569511643
7191,0.0001206498400931994
7192,0.00011981847673024291
7193,0.0001187350229015874
7194,0.00011747331419516365
7195,0.00011611933397424227
7196,0.00011476535375332088
7197,0.00011350364504689714
7198,0.00011242019121824166
7199,0.00011158882785528514
7200,0.00011106621099732025
7201,0.00011088795611955199
7202,0.00011106621099732025
7203,0.00011158882785528514
7204,0.00011242019121824166
7205,0.00011350364504689714
7206,0.00011476535375332088
7207,0.00011611933397424227
7208,0.00011747331419516365
7209,0.0001187350229015874
7210,0.00011981847673024291
7211,0.0001206498400931994
7212,0.0001211724569511643
7213,0.00012135071182893252
7214,0.0001211724569511643
7215,0.0001206498400931994
7216,0.00011981847673024291
7217,0.0001187350229015874
7218,0.00011747331419516365
7219,0.00011611933397424227
7220,0.00011476535375332088
7221,0.00011350364504689714
7222,0.00011242019121824166
7223,0.00011158882785528514
7224,0.00011106621099732025
7225,0.00011088795611955199
7226,0.00011106621099732025
7227,0.00011158882785528514
7228,0.00011242019121824166
7229,0.00011350364504689714
7230,0.00011476535375332088
7231,0.00011611933397424227
7232,0.00011747331419516365
7233,0.0001187350229015874
7234,0.00011981847673024291
7235,0.0001206498400931994
7236,0.0001211724569511643
7237,0.00012135071182893252
7238,0.0001211724569511643
7239,0.0001206498400931994
7240,0.00011981847673024291
7241,0.0001187350229015874
7242,0.00011747331419516365
7243,0.00011611933397424227
7244,0.00011476535375332088
7245,0.00011350364504689714
7246,0.00011242019121824166
7247,0.00011158882785528514
7248,0.00011106621099732025
7249,0.00011088795611955199
7250,0.00011106621099732025
7251,0.00011158882785528514
7252,0.00011242019121824166
7253,0.00011350364504689714
7254,0.00011476535375332088
7255,0.00011611933397424227
7256,0.00011747331419516365
7257,0.0001187350229015874
7258,0.00011981847673024291
7259,0.0001206498400931994
7260,0.0001211724569511643
7261,0.00012135071182893252
7262,0.0001211724569511643
7263,0.0001206498400931994
7264,0.00011981847673024291
7265,0.0001187350229015874
7266,0.00011747331419516365
7267,0.00011611933397424227
7268,0.00011476535375332088
7269,0.00011350364504689714
7270,0.00011242019121824166
7271,0.00011158882785528514
7272,0.00011106621099732025
7273,0.00011088795611955199
7274,0.00011106621099732025
7275,0.00011158882785528514
7276,0.00011242019121824166
7277,0.00011350364504689714
7278,0.00011476535375332088
7279,0.00011611933397424227
7280,0.00011747331419516365
7281,0.0001187350229015874
7282,0.00011981847673024291
7283,0.0001206498400931994
7284,0.0001211724569511643
7285,0.00012135071182893252
7286,0.0001211724569511643
7287,0.0001206498400931994
7288,0.00011981847673024291
7289,0.0001187350229015874
7290,0.00011747331419516365
7291,0.00011611933397424227
7292,0.00011476535375332088
7293,0.00011350364504689714
7294,0.00011242019121824166
7295,0.00011158882785528514
7296,0.00011101438086614632
7297,0.00011101438086614632
7298,0.00011101438086614632
7299,0.00011101438086614632
7300,0.00011101438086614632
7301,0.00011101438086614632
7302,0.00011101438086614632
7303,0.00011101438086614632
7304,0.00011101438086614632
7305,0.00011101438086614632
7306,0.00011101438086614632
7307,0.00011101438086614632
7308,0.00011101438086614632
7309,0.00011101438086614632
7310,0.00011101438086614632
7311,0.00011101438086614632
7312,0.00011101438086614632
7313,0.00011101438086614632
7314,0.00011101438086614632
7315,0.00011101438086614632
7316,0.00011101438086614632
7317,0.00011101438086614632
7318,0.00011101438086614632
7319,0.00011101438086614632
7320,0.00011101438086614632
7321,0.00011101438086614632
7322,0.00011101438086614632
7323,0.00011101438086614632
7324,0.00011101438086614632
7325,0.00011101438086614632
7326,0.00011101438086614632
7327,0.00011101438086614632
7328,0.00011101438086614632
7329,0.00011101438086614632
7330,0.00011101438086614632
7331,0.00011101438086614632
7332,0.00011101438086614632
7333,0.00011101438086614632
7334,0.00011101438086614632
7335,0.00011101438086614632
7336,0.00011101438086614632
7337,0.00011101438086614632
7338,0.00011101438086614632
7339,0.00011101438086614632
7340,0.00011101438086614632
7341,0.00011101438086614632
7342,0.00011101438086614632
7343,0.00011101438086614632
7344,0.00011101438086614632
7345,0.00011101438086614632
7346,0.00011101438086614632
7347,0.00011101438086614632
7348,0.00011101438086614632
7349,0.00011101438086614632
7350,0.00011101438086614632
7351,0.00011101438086614632
7352,0.00011101438086614632
7353,0.00011101438086614632
7354,0.00011101438086614632
7355,0.00011101438086614632
7356,0.00011101438086614632
7357,0.00011101438086614632
7358,0.00011101438086614632
7359,0.00011101438086614632
7360,0.00011101438086614632
7361,0.00011101438086614632
7362,0.00011101438086614632
7363,0.00011101438086614632
7364,0.00011101438086614632
7365,0.00011101438086614632
7366,0.00011101438086614632
7367,0.00011101438086614632
7368,0.00011101438086614632
7369,0.00011101438086614632
7370,0.00011101438086614632
7371,0.00011101438086614632
7372,0.00011101438086614632
7373,0.00011101438086614632
7374,0.00011101438086614632
7375,0.00011101438086614632
7376,0.00011101438086614632
7377,0.00011101438086614632
7378,0.00011101438086614632
7379,0.00011101438086614632
7380,0.00011101438086614632
7381,0.00011101438086614632
7382,0.00011101438086614632
7383,0.00011101438086614632
7384,0.00011101438086614632
7385,0.00011101438086614632
7386,0.00011101438086614632
7387,0.00011101438086614632
7388,0.00011101438086614632
7389,0.00011101438086614632
7390,0.00011101438086614632
7391,0.00011101438086614632
7392,0.00011101438086614632
7393,0.00011101438086614632
7394,0.00011101438086614632
7395,0.00011101438086614632
7396,0.00011101438086614632
7397,0.00011101438086614632
7398,0.00011101438086614632
7399,0.00011101438086614632
7400,0.00011101438086614632
7401,0.00011101438086614632
7402,0.00011101438086614632
7403,0.00011101438086614632
7404,0.00011101438086614632
7405,0.00011101438086614632
7406,0.00011101438086614632
7407,0.00011101438086614632
7408,0.00011101438086614632
7409,0.00011101438086614632
7410,0.00011101438086614632
7411,0.00011101438086614632
7412,0.00011101438086614632
7413,0.00011101438086614632
7414,0.00011101438086614632
7415,0.00011101438086614632
7416,0.00011101438086614632
7417,0.00011101438086614632
7418,0.00011101438086614632
7419,0.00011101438086614632
7420,0.00011101438086614632
7421,0.00011101438086614632
7422,0.00011101438086614632
7423,0.00011101438086614632
7424,0.00011101438086614632
7425,0.00011101438086614632
7426,0.00011101438086614632
7427,0.00011101438086614632
7428,0.00011101438086614632
7429,0.00011101438086614632
7430,0.00011101438086614632
7431,0.00011101438086614632
7432,0.00011101438086614632
7433,0.00011101438086614632
7434,0.00011101438086614632
7435,0.00011101438086614632
7436,0.00011101438086614632
7437,0.00011101438086614632
7438,0.00011101438086614632
7439,0.00011101438086614632
7440,0.00011101438086614632
7441,0.00011101438086614632
7442,0.00011101438086614632
7443,0.00011101438086614632
7444,0.00011101438086614632
7445,0.00011101438086614632
7446,0.00011101438086614632
7447,0.00011101438086614632
7448,0.00011101438086614632
7449,0.00011101438086614632
7450,0.00011101438086614632
7451,0.00011101438086614632
7452,0.00011101438086614632
7453,0.00011101438086614632
7454,0.00011101438086614632
7455,0.00011101438086614632
7456,0.00011101438086614632
7457,0.00011101438086614632
7458,0.00011101438086614632
7459,0.00011101438086614632
7460,0.00011101438086614632
7461,0.00011101438086614632
7462,0.00011101438086614632
7463,0.00011101438086614632
7464,0.00011101438086614632
7465,0.00011101438086614632
7466,0.00011101438086614632
7467,0.00011101438086614632
7468,0.00011101438086614632
7469,0.00011101438086614632
7470,0.00011101438086614632
7471,0.00011101438086614632
7472,0.00011101438086614632
7473,0.00011101438086614632
7474,0.00011101438086614632
7475,0.00011101438086614632
7476,0.00011101438086614632
7477,0.00011101438086614632
7478,0.00011101438086614632
7479,0.00011101438086614632
7480,0.00011101438086614632
7481,0.00011101438086614632
7482,0.00011101438086614632
7483,0.00011101438086614632
7484,0.00011101438086614632
7485,0.00011101438086614632
7486,0.00011101438086614632
7487,0.00011101438086614632
7488,0.00011101438086614632
7489,0.00011101438086614632
7490,0.00011101438086614632
7491,0.00011101438086614632
7492,0.00011101438086614632
7493,0.00011101438086614632
7494,0.00011101438086614632
7495,0.00011101438086614632
7496,0.00011101438086614632
7497,0.00011101438086614632
7498,0.00011101438086614632
7499,0.00011101438086614632
7500,0.00011101438086614632
7501,0.00011101438086614632
7502,0.00011101438086614632
7503,0.00011101438086614632
7504,0.00011101438086614632
7505,0.00011101438086614632
7506,0.00011101438086614632
7507,0.00011101438086614632
7508,0.00011101438086614632
7509,0.00011101438086614632
7510,0.00011101438086614632
7511,0.00011101438086614632
7512,0.00011101438086614632
7513,0.00011101438086614632
7514,0.00011101438086614632
7515,0.00011101438086614632
7516,0.00011101438086614632
7517,0.00011101438086614632
7518,0.00011101438086614632
7519,0.00011101438086614632
7520,0.00011101438086614632
7521,0.00011101438086614632
7522,0.00011101438086614632
7523,0.00011101438086614632
7524,0.00011101438086614632
7525,0.00011101438086614632
7526,0.00011101438086614632
7527,0.00011101438086614632
7528,0.00011101438086614632
7529,0.00011101438086614632
7530,0.00011101438086614632
7531,0.00011101438086614632
7532,0.00011101438086614632
7533,0.00011101438086614632
7534,0.00011101438086614632
7535,0.00011101438086614632
7536,0.00011101438086614632
7537,0.00011101438086614632
7538,0.00011101438086614632
7539,0.00011101438086614632
7540,0.00011101438086614632
7541,0.00011101438086614632
7542,0.00011101438086614632
7543,0.00011101438086614632
7544,0.00011101438086614632
7545,0.00011101438086614632
7546,0.00011101438086614632
7547,0.00011101438086614632
7548,0.00011101438086614632
7549,0.00011101438086614632
7550,0.00011101438086614632
7551,0.00011101438086614632
7552,0.00011101438086614632
7553,0.00011101438086614632
7554,0.00011101438086614632
7555,0.00011101438086614632
7556,0.00011101438086614632
7557,0.00011101438086614632
7558,0.00011101438086614632
7559,0.00011101438086614632
7560,0.00011101438086614632
7561,0.00011101438086614632
7562,0.00011101438086614632
7563,0.00011101438086614632
7564,0.00011101438086614632
7565,0.00011101438086614632
7566,0.00011101438086614632
7567,0.00011101438086614632
7568,0.00011101438086614632
7569,0.00011101438086614632
7570,0.00011101438086614632
7571,0.00011101438086614632
7572,0.00011101438086614632
7573,0.00011101438086614632
7574,0.00011101438086614632
7575,0.00011101438086614632
7576,0.00011101438086614632
7577,0.00011101438086614632
7578,0.00011101438086614632
7579,0.00011101438086614632
7580,0.00011101438086614632
7581,0.00011101438086614632
7582,0.00011101438086614632
7583,0.00011101438086614632
7584,0.00011101438086614632
7585,0.00011101438086614632
7586,0.00011101438086614632
7587,0.00011101438086614632
7588,0.00011101438086614632
7589,0.00011101438086614632
7590,0.00011101438086614632
7591,0.00011101438086614632
7592,0.00011101438086614632
7593,0.00011101438086614632
7594,0.00011101438086614632
7595,0.00011101438086614632
7596,0.00011101438086614632
7597,0.00011101438086614632
7598,0.00011101438086614632
7599,0.00011101438086614632
7600,0.00011101438086614632
7601,0.00011101438086614632
7602,0.00011101438086614632
7603,0.00011101438086614632
7604,0.00011101438086614632
7605,0.00011101438086614632
7606,0.00011101438086614632
7607,0.00011101438086614632
7608,0.00011101438086614632
7609,0.00011101438086614632
7610,0.00011101438086614632
7611,0.00011101438086614632
7612,0.00011101438086614632
7613,0.00011101438086614632
7614,0.00011101438086614632
7615,0.00011101438086614632
7616,0.00011101438086614632
7617,0.00011101438086614632
7618,0.00011101438086614632
7619,0.00011101438086614632
7620,0.00011101438086614632
7621,0.00011101438086614632
7622,0.00011101438086614632
7623,0.00011101438086614632
7624,0.00011101438086614632
7625,0.00011101438086614632
7626,0.00011101438086614632
7627,0.00011101438086614632
7628,0.00011101438086614632
7629,0.00011101438086614632
7630,0.00011101438086614632
7631,0.00011101438086614632
7632,0.00011101438086614632
7633,0.00011101438086614632
7634,0.00011101438086614632
7635,0.00011101438086614632
7636,0.00011101438086614632
7637,0.00011101438086614632
7638,0.00011101438086614632
7639,0.00011101438086614632
7640,0.00011101438086614632
7641,0.00011101438086614632
7642,0.00011101438086614632
7643,0.00011101438086614632
7644,0.00011101438086614632
7645,0.00011101438086614632
7646,0.00011101438086614632
7647,0.00011101438086614632
7648,0.00011101438086614632
7649,0.00011101438086614632
7650,0.00011101438086614632
7651,0.00011101438086614632
7652,0.00011101438086614632
7653,0.00011101438086614632
7654,0.00011101438086614632
7655,0.00011101438086614632
7656,0.00011101438086614632
7657,0.00011101438086614632
7658,0.00011101438086614632
7659,0.00011101438086614632
7660,0.00011101438086614632
7661,0.00011101438086614632
7662,0.00011101438086614632
7663,0.00011101438086614632
7664,0.00011101438086614632
7665,0.00011101438086614632
7666,0.00011101438086614632
7667,0.00011101438086614632
7668,0.00011101438086614632
7669,0.00011101438086614632
7670,0.00011101438086614632
7671,0.00011101438086614632
7672,0.00011101438086614632
7673,0.00011101438086614632
7674,0.00011101438086614632
7675,0.00011101438086614632
7676,0.00011101438086614632
7677,0.00011101438086614632
7678,0.00011101438086614632
7679,0.00011101438086614632
7680,0.00011101438086614632
7681,0.00011101438086614632
7682,0.00011101438086614632
7683,0.00011101438086614632
7684,0.00011101438086614632
7685,0.00011101438086614632
7686,0.00011101438086614632
7687,0.00011101438086614632
7688,0.00011101438086614632
7689,0.00011101438086614632
7690,0.00011101438086614632
7691,0.00011101438086614632
7692,0.00011101438086614632
7693,0.00011101438086614632
7694,0.00011101438086614632
7695,0.00011101438086614632
7696,0.00011101438086614632
7697,0.00011101438086614632
7698,0.00011101438086614632
7699,0.00011101438086614632
7700,0.00011101438086614632
7701,0.00011101438086614632
7702,0.00011101438086614632
7703,0.00011101438086614632
7704,0.00011101438086614632
7705,0.00011101438086614632
7706,0.00011101438086614632
7707,0.00011101438086614632
7708,0.00011101438086614632
7709,0.00011101438086614632
7710,0.00011101438086614632
7711,0.00011101438086614632
7712,0.00011101438086614632
7713,0.00011101438086614632
7714,0.00011101438086614632
7715,0.00011101438086614632
7716,0.00011101438086614632
7717,0.00011101438086614632
7718,0.00011101438086614632
7719,0.00011101438086614632
7720,0.00011101438086614632
7721,0.00011101438086614632
7722,0.00011101438086614632
7723,0.00011101438086614632
7724,0.00011101438086614632
7725,0.00011101438086614632
7726,0.00011101438086614632
7727,0.00011101438086614632
7728,0.00011101438086614632
7729,0.00011101438086614632
7730,0.00011101438086614632
7731,0.00011101438086614632
7732,0.00011101438086614632
7733,0.00011101438086614632
7734,0.00011101438086614632
7735,0.00011101438086614632
7736,0.00011101438086614632
7737,0.00011101438086614632
7738,0.00011101438086614632
7739,0.00011101438086614632
7740,0.00011101438086614632
7741,0.00011101438086614632
7742,0.00011101438086614632
7743,0.00011101438086614632
7744,0.00011101438086614632
7745,0.00011101438086614632
7746,0.00011101438086614632
7747,0.00011101438086614632
7748,0.00011101438086614632
7749,0.00011101438086614632
7750,0.00011101438086614632
7751,0.00011101438086614632
7752,0.00011101438086614632
7753,0.00011101438086614632
7754,0.00011101438086614632
7755,0.00011101438086614632
7756,0.00011101438086614632
7757,0.00011101438086614632
7758,0.00011101438086614632
7759,0.00011101438086614632
7760,0.00011101438086614632
7761,0.00011101438086614632
7762,0.00011101438086614632
7763,0.00011101438086614632
7764,0.00011101438086614632
7765,0.00011101438086614632
7766,0.00011101438086614632
7767,0.00011101438086614632
7768,0.00011101438086614632
7769,0.00011101438086614632
7770,0.00011101438086614632
7771,0.00011101438086614632
7772,0.00011101438086614632
7773,0.00011101438086614632
7774,0.00011101438086614632
7775,0.00011101438086614632
7776,0.00011101438086614632
7777,0.00011101438086614632
7778,0.00011101438086614632
7779,0.00011101438086614632
7780,0.00011101438086614632
7781,0.00011101438086614632
7782,0.00011101438086614632
7783,0.00011101438086614632
7784,0.00011101438086614632
7785,0.00011101438086614632
7786,0.00011101438086614632
7787,0.00011101438086614632
7788,0.00011101438086614632
7789,0.00011101438086614632
7790,0.00011101438086614632
7791,0.00011101438086614632
7792,0.00011101438086614632
7793,0.00011101438086614632
7794,0.00011101438086614632
7795,0.00011101438086614632
7796,0.00011101438086614632
7797,0.00011101438086614632
7798,0.00011101438086614632
7799,0.00011101438086614632
7800,0.00011101438086614632
7801,0.00011101438086614632
7802,0.00011101438086614632
7803,0.00011101438086614632
7804,0.00011101438086614632
7805,0.00011101438086614632
7806,0.00011101438086614632
7807,0.00011101438086614632
7808,0.00011101438086614632
7809,0.00011101438086614632
7810,0.00011101438086614632
7811,0.00011101438086614632
7812,0.00011101438086614632
7813,0.00011101438086614632
7814,0.00011101438086614632
7815,0.00011101438086614632
7816,0.00011101438086614632
7817,0.00011101438086614632
7818,0.00011101438086614632
7819,0.00011101438086614632
7820,0.00011101438086614632
7821,0.00011101438086614632
7822,0.00011101438086614632
7823,0.00011101438086614632
7824,0.00011101438086614632
7825,0.00011101438086614632
7826,0.00011101438086614632
7827,0.00011101438086614632
7828,0.00011101438086614632
7829,0.00011101438086614632
7830,0.00011101438086614632
7831,0.00011101438086614632
7832,0.00011101438086614632
7833,0.00011101438086614632
7834,0.00011101438086614632
7835,0.00011101438086614632
7836,0.00011101438086614632
7837,0.00011101438086614632
7838,0.00011101438086614632
7839,0.00011101438086614632
7840,0.00011101438086614632
7841,0.00011101438086614632
7842,0.00011101438086614632
7843,0.00011101438086614632
7844,0.00011101438086614632
7845,0.00011101438086614632
7846,0.00011101438086614632
7847,0.00011101438086614632
7848,0.00011101438086614632
7849,0.00011101438086614632
7850,0.00011101438086614632
7851,0.00011101438086614632
7852,0.00011101438086614632
7853,0.00011101438086614632
7854,0.00011101438086614632
7855,0.00011101438086614632
7856,0.00011101438086614632
7857,0.00011101438086614632
7858,0.00011101438086614632
7859,0.00011101438086614632
7860,0.00011101438086614632
7861,0.00011101438086614632
7862,0.00011101438086614632
7863,0.00011101438086614632
7864,0.00011101438086614632
7865,0.00011101438086614632
7866,0.00011101438086614632
7867,0.00011101438086614632
7868,0.00011101438086614632
7869,0.00011101438086614632
7870,0.00011101438086614632
7871,0.00011101438086614632
7872,0.00011101438086614632
7873,0.00011101438086614632
7874,0.00011101438086614632
7875,0.00011101438086614632
7876,0.00011101438086614632
7877,0.00011101438086614632
7878,0.00011101438086614632
7879,0.00011101438086614632
7880,0.00011101438086614632
7881,0.00011101438086614632
7882,0.00011101438086614632
7883,0.00011101438086614632
7884,0.00011101438086614632
7885,0.00011101438086614632
7886,0.00011101438086614632
7887,0.00011101438086614632
7888,0.00011101438086614632
7889,0.00011101438086614632
7890,0.00011101438086614632
7891,0.00011101438086614632
7892,0.00011101438086614632
7893,0.00011101438086614632
7894,0.00011101438086614632
7895,0.00011101438086614632
7896,0.00011101438086614632
7897,0.00011101438086614632
7898,0.00011101438086614632
7899,0.00011101438086614632
7900,0.00011101438086614632
7901,0.00011101438086614632
7902,0.00011101438086614632
7903,0.00011101438086614632
7904,0.00011101438086614632
7905,0.00011101438086614632
7906,0.00011101438086614632
7907,0.00011101438086614632
7908,0.00011101438086614632
7909,0.00011101438086614632
7910,0.00011101438086614632
7911,0.00011101438086614632
7912,0.00011101438086614632
7913,0.00011101438086614632
7914,0.00011101438086614632
7915,0.00011101438086614632
7916,0.00011101438086614632
7917,0.00011101438086614632
7918,0.00011101438086614632
7919,0.00011101438086614632
7920,0.00011101438086614632
7921,0.00011101438086614632
7922,0.00011101438086614632
7923,0.00011101438086614632
7924,0.00011101438086614632
7925,0.00011101438086614632
7926,0.00011101438086614632
7927,0.00011101438086614632
7928,0.00011101438086614632
7929,0.00011101438086614632
7930,0.00011101438086614632
7931,0.00011101438086614632
7932,0.00011101438086614632
7933,0.00011101438086614632
7934,0.00011101438086614632
7935,0.00011101438086614632
7936,0.00011101438086614632
7937,0.00011101438086614632
7938,0.00011101438086614632
7939,0.00011101438086614632
7940,0.00011101438086614632
7941,0.00011101438086614632
7942,0.00011101438086614632
7943,0.00011101438086614632
7944,0.00011101438086614632
7945,0.00011101438086614632
7946,0.00011101438086614632
7947,0.00011101438086614632
7948,0.00011101438086614632
7949,0.00011101438086614632
7950,0.00011101438086614632
7951,0.00011101438086614632
7952,0.00011101438086614632
7953,0.00011101438086614632
7954,0.00011101438086614632
7955,0.00011101438086614632
7956,0.00011101438086614632
7957,0.00011101438086614632
7958,0.00011101438086614632
7959,0.00011101438086614632
7960,0.00011101438086614632
7961,0.00011101438086614632
7962,0.00011101438086614632
7963,0.00011101438086614632
7964,0.00011101438086614632
7965,0.00011101438086614632
7966,0.00011101438086614632
7967,0.00011101438086614632
7968,0.00011101438086614632
7969,0.00011101438086614632
7970,0.00011101438086614632
7971,0.00011101438086614632
7972,0.00011101438086614632
7973,0.00011101438086614632
7974,0.00011101438086614632
7975,0.00011101438086614632
7976,0.00011101438086614632
7977,0.00011101438086614632
7978,0.00011101438086614632
7979,0.00011101438086614632
7980,0.00011101438086614632
7981,0.00011101438086614632
7982,0.00011101438086614632
7983,0.00011101438086614632
7984,0.00011101438086614632
7985,0.00011101438086614632
7986,0.00011101438086614632
7987,0.00011101438086614632
7988,0.00011101438086614632
7989,0.00011101438086614632
7990,0.00011101438086614632
7991,0.00011101438086614632
7992,0.00011101438086614632
7993,0.00011101438086614632
7994,0.00011101438086614632
7995,0.00011101438086614632
7996,0.00011101438086614632
7997,0.00011101438086614632
7998,0.00011101438086614632
7999,0.00011101438086614632
8000,0.00011101438086614632
8001,0.00011101438086614632
8002,0.00011101438086614632
8003,0.00011101438086614632
8004,0.00011101438086614632
8005,0.00011101438086614632
8006,0.00011101438086614632
8007,0.00011101438086614632
8008,0.00011101438086614632
8009,0.00011101438086614632
8010,0.00011101438086614632
8011,0.00011101438086614632
8012,0.00011101438086614632
8013,0.00011101438086614632
8014,0.00011101438086614632
8015,0.00011101438086614632
8016,0.00011046137305649616
8017,0.00011046137305649616
8018,0.00011046137305649616
8019,0.00011046137305649616
8020,0.00011046137305649616
8021,0.00011046137305649616
8022,0.00011046137305649616
8023,0.00011046137305649616
8024,0.00011046137305649616
8025,0.00011046137305649616
8026,0.00011046137305649616
8027,0.00011046137305649616
8028,0.00011046137305649616
8029,0.00011046137305649616
8030,0.00011046137305649616
8031,0.00011046137305649616
8032,0.00011046137305649616
8033,0.00011046137305649616
8034,0.00011046137305649616
8035,0.00011046137305649616
8036,0.00011046137305649616
8037,0.00011046137305649616
8038,0.00011046137305649616
8039,0.00011046137305649616
8040,0.00011046137305649616
8041,0.00011046137305649616
8042,0.00011046137305649616
8043,0.00011046137305649616
8044,0.00011046137305649616
8045,0.00011046137305649616
8046,0.00011046137305649616
8047,0.00011046137305649616
8048,0.00011046137305649616
8049,0.00011046137305649616
8050,0.00011046137305649616
8051,0.00011046137305649616
8052,0.00011046137305649616
8053,0.00011046137305649616
8054,0.00011046137305649616
8055,0.00011046137305649616
8056,0.00011046137305649616
8057,0.00011046137305649616
8058,0.00011046137305649616
8059,0.00011046137305649616
8060,0.00011046137305649616
8061,0.00011046137305649616
8062,0.00011046137305649616
8063,0.00011046137305649616
8064,0.00011046137305649616
8065,0.00011046137305649616
8066,0.00011046137305649616
8067,0.00011046137305649616
8068,0.00011046137305649616
8069,0.00011046137305649616
8070,0.00011046137305649616
8071,0.00011046137305649616
8072,0.00011046137305649616
8073,0.00011046137305649616
8074,0.00011046137305649616
8075,0.00011046137305649616
8076,0.00011046137305649616
8077,0.00011046137305649616
8078,0.00011046137305649616
8079,0.00011046137305649616
8080,0.00011046137305649616
8081,0.00011046137305649616
8082,0.00011046137305649616
8083,0.00011046137305649616
8084,0.00011046137305649616
8085,0.00011046137305649616
8086,0.00011046137305649616
8087,0.00011046137305649616
8088,0.00011046137305649616
8089,0.00011046137305649616
8090,0.00011046137305649616
8091,0.00011046137305649616
8092,0.00011046137305649616
8093,0.00011046137305649616
8094,0.00011046137305649616
8095,0.00011046137305649616
8096,0.00011046137305649616
8097,0.00011046137305649616
8098,0.00011046137305649616
8099,0.00011046137305649616
8100,0.00011046137305649616
8101,0.00011046137305649616
8102,0.00011046137305649616
8103,0.00011046137305649616
8104,0.00011046137305649616
8105,0.00011046137305649616
8106,0.00011046137305649616
8107,0.00011046137305649616
8108,0.00011046137305649616
8109,0.00011046137305649616
8110,0.00011046137305649616
8111,0.00011046137305649616
8112,0.00011046137305649616
8113,0.00011046137305649616
8114,0.00011046137305649616
8115,0.00011046137305649616
8116,0.00011046137305649616
8117,0.00011046137305649616
8118,0.00011046137305649616
8119,0.00011046137305649616
8120,0.00011046137305649616
8121,0.00011046137305649616
8122,0.00011046137305649616
8123,0.00011046137305649616
8124,0.00011046137305649616
8125,0.00011046137305649616
8126,0.00011046137305649616
8127,0.00011046137305649616
8128,0.00011046137305649616
8129,0.00011046137305649616
8130,0.00011046137305649616
8131,0.00011046137305649616
8132,0.00011046137305649616
8133,0.00011046137305649616
8134,0.00011046137305649616
8135,0.00011046137305649616
8136,0.00011046137305649616
8137,0.00011046137305649616
8138,0.00011046137305649616
8139,0.00011046137305649616
8140,0.00011046137305649616
8141,0.00011046137305649616
8142,0.00011046137305649616
8143,0.00011046137305649616
8144,0.00011046137305649616
8145,0.00011046137305649616
8146,0.00011046137305649616
8147,0.00011046137305649616
8148,0.00011046137305649616
8149,0.00011046137305649616
8150,0.00011046137305649616
8151,0.00011046137305649616
8152,0.00011046137305649616
8153,0.00011046137305649616
8154,0.00011046137305649616
8155,0.00011046137305649616
8156,0.00011046137305649616
8157,0.00011046137305649616
8158,0.00011046137305649616
8159,0.00011046137305649616
8160,0.00011046137305649616
8161,0.00011046137305649616
8162,0.00011046137305649616
8163,0.00011046137305649616
8164,0.00011046137305649616
8165,0.00011046137305649616
8166,0.00011046137305649616
8167,0.00011046137305649616
8168,0.00011046137305649616
8169,0.00011046137305649616
8170,0.00011046137305649616
8171,0.00011046137305649616
8172,0.00011046137305649616
8173,0.00011046137305649616
8174,0.00011046137305649616
8175,0.00011046137305649616
8176,0.00011046137305649616
8177,0.00011046137305649616
8178,0.00011046137305649616
8179,0.00011046137305649616
8180,0.00011046137305649616
8181,0.00011046137305649616
8182,0.00011046137305649616
8183,0.00011046137305649616
8184,0.00011046137305649616
8185,0.00011046137305649616
8186,0.00011046137305649616
8187,0.00011046137305649616
8188,0.00011046137305649616
8189,0.00011046137305649616
8190,0.00011046137305649616
8191,0.00011046137305649616
8192,0.00011046137305649616
8193,0.00011046137305649616
8194,0.00011046137305649616
8195,0.00011046137305649616
8196,0.00011046137305649616
8197,0.00011046137305649616
8198,0.00011046137305649616
8199,0.00011046137305649616
8200,0.00011046137305649616
8201,0.00011046137305649616
8202,0.00011046137305649616
8203,0.00011046137305649616
8204,0.00011046137305649616
8205,0.00011046137305649616
8206,0.00011046137305649616
8207,0.00011046137305649616
8208,0.00011046137305649616
8209,0.00011046137305649616
8210,0.00011046137305649616
8211,0.00011046137305649616
8212,0.00011046137305649616
8213,0.00011046137305649616
8214,0.00011046137305649616
8215,0.00011046137305649616
8216,0.00011046137305649616
8217,0.00011046137305649616
8218,0.00011046137305649616
8219,0.00011046137305649616
8220,0.00011046137305649616
8221,0.00011046137305649616
8222,0.00011046137305649616
8223,0.00011046137305649616
8224,0.00011046137305649616
8225,0.00011046137305649616
8226,0.00011046137305649616
8227,0.00011046137305649616
8228,0.00011046137305649616
8229,0.00011046137305649616
8230,0.00011046137305649616
8231,0.00011046137305649616
8232,0.00011046137305649616
8233,0.00011046137305649616
8234,0.00011046137305649616
8235,0.00011046137305649616
8236,0.00011046137305649616
8237,0.00011046137305649616
8238,0.00011046137305649616
8239,0.00011046137305649616
8240,0.00011046137305649616
8241,0.00011046137305649616
8242,0.00011046137305649616
8243,0.00011046137305649616
8244,0.00011046137305649616
8245,0.00011046137305649616
8246,0.00011046137305649616
8247,0.00011046137305649616
8248,0.00011046137305649616
8249,0.00011046137305649616
8250,0.00011046137305649616
8251,0.00011046137305649616
8252,0.00011046137305649616
8253,0.00011046137305649616
8254,0.00011046137305649616
8255,0.00011046137305649616
8256,0.00011046137305649616
8257,0.00011046137305649616
8258,0.00011046137305649616
8259,0.00011046137305649616
8260,0.00011046137305649616
8261,0.00011046137305649616
8262,0.00011046137305649616
8263,0.00011046137305649616
8264,0.00011046137305649616
8265,0.00011046137305649616
8266,0.00011046137305649616
8267,0.00011046137305649616
8268,0.00011046137305649616
8269,0.00011046137305649616
8270,0.00011046137305649616
8271,0.00011046137305649616
8272,0.00011046137305649616
8273,0.00011046137305649616
8274,0.00011046137305649616
8275,0.00011046137305649616
8276,0.00011046137305649616
8277,0.00011046137305649616
8278,0.00011046137305649616
8279,0.00011046137305649616
8280,0.00011046137305649616
8281,0.00011046137305649616
8282,0.00011046137305649616
8283,0.00011046137305649616
8284,0.00011046137305649616
8285,0.00011046137305649616
8286,0.00011046137305649616
8287,0.00011046137305649616
8288,0.00011046137305649616
8289,0.00011046137305649616
8290,0.00011046137305649616
8291,0.00011046137305649616
8292,0.00011046137305649616
8293,0.00011046137305649616
8294,0.00011046137305649616
8295,0.00011046137305649616
8296,0.00011046137305649616
8297,0.00011046137305649616
8298,0.00011046137305649616
8299,0.00011046137305649616
8300,0.00011046137305649616
8301,0.00011046137305649616
8302,0.00011046137305649616
8303,0.00011046137305649616
8304,0.00011046137305649616
8305,0.00011046137305649616
8306,0.00011046137305649616
8307,0.00011046137305649616
8308,0.00011046137305649616
8309,0.00011046137305649616
8310,0.00011046137305649616
8311,0.00011046137305649616
8312,0.00011046137305649616
8313,0.00011046137305649616
8314,0.00011046137305649616
8315,0.00011046137305649616
8316,0.00011046137305649616
8317,0.00011046137305649616
8318,0.00011046137305649616
8319,0.00011046137305649616
8320,0.00011046137305649616
8321,0.00011046137305649616
8322,0.00011046137305649616
8323,0.00011046137305649616
8324,0.00011046137305649616
8325,0.00011046137305649616
8326,0.00011046137305649616
8327,0.00011046137305649616
8328,0.00011046137305649616
8329,0.00011046137305649616
8330,0.00011046137305649616
8331,0.00011046137305649616
8332,0.00011046137305649616
8333,0.00011046137305649616
8334,0.00011046137305649616
8335,0.00011046137305649616
8336,0.00011046137305649616
8337,0.00011046137305649616
8338,0.00011046137305649616
8339,0.00011046137305649616
8340,0.00011046137305649616
8341,0.00011046137305649616
8342,0.00011046137305649616
8343,0.00011046137305649616
8344,0.00011046137305649616
8345,0.00011046137305649616
8346,0.00011046137305649616
8347,0.00011046137305649616
8348,0.00011046137305649616
8349,0.00011046137305649616
8350,0.00011046137305649616
8351,0.00011046137305649616
8352,0.00011046137305649616
8353,0.00011046137305649616
8354,0.00011046137305649616
8355,0.00011046137305649616
8356,0.00011046137305649616
8357,0.00011046137305649616
8358,0.00011046137305649616
8359,0.00011046137305649616
8360,0.00011046137305649616
8361,0.00011046137305649616
8362,0.00011046137305649616
8363,0.00011046137305649616
8364,0.00011046137305649616
8365,0.00011046137305649616
8366,0.00011046137305649616
8367,0.00011046137305649616
8368,0.00011046137305649616
8369,0.00011046137305649616
8370,0.00011046137305649616
8371,0.00011046137305649616
8372,0.00011046137305649616
8373,0.00011046137305649616
8374,0.00011046137305649616
8375,0.00011046137305649616
8376,0.00011046137305649616
8377,0.00011046137305649616
8378,0.00011046137305649616
8379,0.00011046137305649616
8380,0.00011046137305649616
8381,0.00011046137305649616
8382,0.00011046137305649616
8383,0.00011046137305649616
8384,0.00011046137305649616
8385,0.00011046137305649616
8386,0.00011046137305649616
8387,0.00011046137305649616
8388,0.00011046137305649616
8389,0.00011046137305649616
8390,0.00011046137305649616
8391,0.00011046137305649616
8392,0.00011046137305649616
8393,0.00011046137305649616
8394,0.00011046137305649616
8395,0.00011046137305649616
8396,0.00011046137305649616
8397,0.00011046137305649616
8398,0.00011046137305649616
8399,0.00011046137305649616
8400,0.00011046137305649616
8401,0.00011046137305649616
8402,0.00011046137305649616
8403,0.00011046137305649616
8404,0.00011046137305649616
8405,0.00011046137305649616
8406,0.00011046137305649616
8407,0.00011046137305649616
8408,0.00011046137305649616
8409,0.00011046137305649616
8410,0.00011046137305649616
8411,0.00011046137305649616
8412,0.00011046137305649616
8413,0.00011046137305649616
8414,0.00011046137305649616
8415,0.00011046137305649616
8416,0.00011046137305649616
8417,0.00011046137305649616
8418,0.00011046137305649616
8419,0.00011046137305649616
8420,0.00011046137305649616
8421,0.00011046137305649616
8422,0.00011046137305649616
8423,0.00011046137305649616
8424,0.00011046137305649616
8425,0.00011046137305649616
8426,0.00011046137305649616
8427,0.00011046137305649616
8428,0.00011046137305649616
8429,0.00011046137305649616
8430,0.00011046137305649616
8431,0.00011046137305649616
8432,0.00011046137305649616
8433,0.00011046137305649616
8434,0.00011046137305649616
8435,0.00011046137305649616
8436,0.00011046137305649616
8437,0.00011046137305649616
8438,0.00011046137305649616
8439,0.00011046137305649616
8440,0.00011046137305649616
8441,0.00011046137305649616
8442,0.00011046137305649616
8443,0.00011046137305649616
8444,0.00011046137305649616
8445,0.00011046137305649616
8446,0.00011046137305649616
8447,0.00011046137305649616
8448,0.00011046137305649616
8449,0.00011046137305649616
8450,0.00011046137305649616
8451,0.00011046137305649616
8452,0.00011046137305649616
8453,0.00011046137305649616
8454,0.00011046137305649616
8455,0.00011046137305649616
8456,0.00011046137305649616
8457,0.00011046137305649616
8458,0.00011046137305649616
8459,0.00011046137305649616
8460,0.00011046137305649616
8461,0.00011046137305649616
8462,0.00011046137305649616
8463,0.00011046137305649616
8464,0.00011046137305649616
8465,0.00011046137305649616
8466,0.00011046137305649616
8467,0.00011046137305649616
8468,0.00011046137305649616
8469,0.00011046137305649616
8470,0.00011046137305649616
8471,0.00011046137305649616
8472,0.00011046137305649616
8473,0.00011046137305649616
8474,0.00011046137305649616
8475,0.00011046137305649616
8476,0.00011046137305649616
8477,0.00011046137305649616
8478,0.00011046137305649616
8479,0.00011046137305649616
8480,0.00011046137305649616
8481,0.00011046137305649616
8482,0.00011046137305649616
8483,0.00011046137305649616
8484,0.00011046137305649616
8485,0.00011046137305649616
8486,0.00011046137305649616
8487,0.00011046137305649616
8488,0.00011046137305649616
8489,0.00011046137305649616
8490,0.00011046137305649616
8491,0.00011046137305649616
8492,0.00011046137305649616
8493,0.00011046137305649616
8494,0.00011046137305649616
8495,0.00011046137305649616
8496,0.00011046137305649616
8497,0.00011046137305649616
8498,0.00011046137305649616
8499,0.00011046137305649616
8500,0.00011046137305649616
8501,0.00011046137305649616
8502,0.00011046137305649616
8503,0.00011046137305649616
8504,0.00011046137305649616
8505,0.00011046137305649616
8506,0.00011046137305649616
8507,0.00011046137305649616
8508,0.00011046137305649616
8509,0.00011046137305649616
8510,0.00011046137305649616
8511,0.00011046137305649616
8512,0.00011046137305649616
8513,0.00011046137305649616
8514,0.00011046137305649616
8515,0.00011046137305649616
8516,0.00011046137305649616
8517,0.00011046137305649616
8518,0.00011046137305649616
8519,0.00011046137305649616
8520,0.00011046137305649616
8521,0.00011046137305649616
8522,0.00011046137305649616
8523,0.00011046137305649616
8524,0.00011046137305649616
8525,0.00011046137305649616
8526,0.00011046137305649616
8527,0.00011046137305649616
8528,0.00011046137305649616
8529,0.00011046137305649616
8530,0.00011046137305649616
8531,0.00011046137305649616
8532,0.00011046137305649616
8533,0.00011046137305649616
8534,0.00011046137305649616
8535,0.00011046137305649616
8536,0.00011046137305649616
8537,0.00011046137305649616
8538,0.00011046137305649616
8539,0.00011046137305649616
8540,0.00011046137305649616
8541,0.00011046137305649616
8542,0.00011046137305649616
8543,0.00011046137305649616
8544,0.00011046137305649616
8545,0.00011046137305649616
8546,0.00011046137305649616
8547,0.00011046137305649616
8548,0.00011046137305649616
8549,0.00011046137305649616
8550,0.00011046137305649616
8551,0.00011046137305649616
8552,0.00011046137305649616
8553,0.00011046137305649616
8554,0.00011046137305649616
8555,0.00011046137305649616
8556,0.00011046137305649616
8557,0.00011046137305649616
8558,0.00011046137305649616
8559,0.00011046137305649616
8560,0.00011046137305649616
8561,0.00011046137305649616
8562,0.00011046137305649616
8563,0.00011046137305649616
8564,0.00011046137305649616
8565,0.00011046137305649616
8566,0.00011046137305649616
8567,0.00011046137305649616
8568,0.00011046137305649616
8569,0.00011046137305649616
8570,0.00011046137305649616
8571,0.00011046137305649616
8572,0.00011046137305649616
8573,0.00011046137305649616
8574,0.00011046137305649616
8575,0.00011046137305649616
8576,0.00011046137305649616
8577,0.00011046137305649616
8578,0.00011046137305649616
8579,0.00011046137305649616
8580,0.00011046137305649616
8581,0.00011046137305649616
8582,0.00011046137305649616
8583,0.00011046137305649616
8584,0.00011046137305649616
8585,0.00011046137305649616
8586,0.00011046137305649616
8587,0.00011046137305649616
8588,0.00011046137305649616
8589,0.00011046137305649616
8590,0.00011046137305649616
8591,0.00011046137305649616
8592,0.00011046137305649616
8593,0.00011046137305649616
8594,0.00011046137305649616
8595,0.00011046137305649616
8596,0.00011046137305649616
8597,0.00011046137305649616
8598,0.00011046137305649616
8599,0.00011046137305649616
8600,0.00011046137305649616
8601,0.00011046137305649616
8602,0.00011046137305649616
8603,0.00011046137305649616
8604,0.00011046137305649616
8605,0.00011046137305649616
8606,0.00011046137305649616
8607,0.00011046137305649616
8608,0.00011046137305649616
8609,0.00011046137305649616
8610,0.00011046137305649616
8611,0.00011046137305649616
8612,0.00011046137305649616
8613,0.00011046137305649616
8614,0.00011046137305649616
8615,0.00011046137305649616
8616,0.00011046137305649616
8617,0.00011046137305649616
8618,0.00011046137305649616
8619,0.00011046137305649616
8620,0.00011046137305649616
8621,0.00011046137305649616
8622,0.00011046137305649616
8623,0.00011046137305649616
8624,0.00011046137305649616
8625,0.00011046137305649616
8626,0.00011046137305649616
8627,0.00011046137305649616
8628,0.00011046137305649616
8629,0.00011046137305649616
8630,0.00011046137305649616
8631,0.00011046137305649616
8632,0.00011046137305649616
8633,0.00011046137305649616
8634,0.00011046137305649616
8635,0.00011046137305649616
8636,0.00011046137305649616
8637,0.00011046137305649616
8638,0.00011046137305649616
8639,0.00011046137305649616
8640,0.00011046137305649616
8641,0.00011046137305649616
8642,0.00011046137305649616
8643,0.00011046137305649616
8644,0.00011046137305649616
8645,0.00011046137305649616
8646,0.00011046137305649616
8647,0.00011046137305649616
8648,0.00011046137305649616
8649,0.00011046137305649616
8650,0.00011046137305649616
8651,0.00011046137305649616
8652,0.00011046137305649616
8653,0.00011046137305649616
8654,0.00011046137305649616
8655,0.00011046137305649616
8656,0.00011046137305649616
8657,0.00011046137305649616
8658,0.00011046137305649616
8659,0.00011046137305649616
8660,0.00011046137305649616
8661,0.00011046137305649616
8662,0.00011046137305649616
8663,0.00011046137305649616
8664,0.00011046137305649616
8665,0.00011046137305649616
8666,0.00011046137305649616
8667,0.00011046137305649616
8668,0.00011046137305649616
8669,0.00011046137305649616
8670,0.00011046137305649616
8671,0.00011046137305649616
8672,0.00011046137305649616
8673,0.00011046137305649616
8674,0.00011046137305649616
8675,0.00011046137305649616
8676,0.00011046137305649616
8677,0.00011046137305649616
8678,0.00011046137305649616
8679,0.00011046137305649616
8680,0.00011046137305649616
8681,0.00011046137305649616
8682,0.00011046137305649616
8683,0.00011046137305649616
8684,0.00011046137305649616
8685,0.00011046137305649616
8686,0.00011046137305649616
8687,0.00011046137305649616
8688,0.00011046137305649616
8689,0.00011046137305649616
8690,0.00011046137305649616
8691,0.00011046137305649616
8692,0.00011046137305649616
8693,0.00011046137305649616
8694,0.00011046137305649616
8695,0.00011046137305649616
8696,0.00011046137305649616
8697,0.00011046137305649616
8698,0.00011046137305649616
8699,0.00011046137305649616
8700,0.00011046137305649616
8701,0.00011046137305649616
8702,0.00011046137305649616
8703,0.00011046137305649616
8704,0.00011046137305649616
8705,0.00011046137305649616
8706,0.00011046137305649616
8707,0.00011046137305649616
8708,0.00011046137305649616
8709,0.00011046137305649616
8710,0.00011046137305649616
8711,0.00011046137305649616
8712,0.00011046137305649616
8713,0.00011046137305649616
8714,0.00011046137305649616
8715,0.00011046137305649616
8716,0.00011046137305649616
8717,0.00011046137305649616
8718,0.00011046137305649616
8719,0.00011046137305649616
8720,0.00011046137305649616
8721,0.00011046137305649616
8722,0.00011046137305649616
8723,0.00011046137305649616
8724,0.00011046137305649616
8725,0.00011046137305649616
8726,0.00011046137305649616
8727,0.00011046137305649616
8728,0.00011046137305649616
8729,0.00011046137305649616
8730,0.00011046137305649616
8731,0.00011046137305649616
8732,0.00011046137305649616
8733,0.00011046137305649616
8734,0.00011046137305649616
8735,0.00011046137305649616
8736,0.00011046137305649616
8737,0.00011046137305649616
8738,0.00011046137305649616
8739,0.00011046137305649616
8740,0.00011046137305649616
8741,0.00011046137305649616
8742,0.00011046137305649616
8743,0.00011046137305649616
8744,0.00011046137305649616
8745,0.00011046137305649616
8746,0.00011046137305649616
8747,0.00011046137305649616
8748,0.00011046137305649616
8749,0.00011046137305649616
8750,0.00011046137305649616
8751,0.00011046137305649616
8752,0.00011046137305649616
8753,0.00011046137305649616
8754,0.00011046137305649616
8755,0.00011046137305649616
8756,0.00011046137305649616
8757,0.00011046137305649616
8758,0.00011046137305649616
8759,0.00011046137305649616
