hour,value
0,1.8178400955194378e-05
1,2.1447015756838935e-05
2,2.6317447283646948e-05
3,2.5596841078791097e-05
4,2.4224308146081775e-05
5,2.3344418384947295e-05
6,3.246373217169169e-05
7,3.5223062236180054e-05
8,3.7153219691781865e-05
9,3.99294554736862e-05
10,4.2173953612491263e-05
11,4.3541467660342725e-05
12,4.917476968554652e-05
13,4.9869489010609166e-05
14,4.976937546528645e-05
15,5.0766812792828865e-05
16,4.7726161024465324e-05
17,4.60097024030748e-05
18,4.905510890446159e-05
19,5.162557040719338e-05
20,5.070183144151122e-05
21,5.065666147779042e-05
22,6.119896119765743e-05
23,6.611694005469786e-05
24,6.918453531019311e-05
25,7.386689073074842e-05
26,7.095567336135093e-05
27,7.096016394253954e-05
28,7.2246055073492e-05
29,8.363099914581141e-05
30,0.00011536329488742764
31,0.00014888020042376753
32,0.00016003586070363285
33,0.000162898738287294
34,0.0001682147939591137
35,0.0001633145132749931
36,0.000162909304360679
37,0.00016341541927581972
38,0.00016355594805183998
39,0.00015980816182218643
40,0.00014986284524857096
41,0.00013853178815051496
42,0.00012725039159736839
43,0.00011972761149909497
44,0.0001133737032690353
45,0.00011479034955812693
46,0.00011463608488670616
47,0.0001133768730910508
48,0.00010589979126016742
49,0.00010814798752465723
50,0.00010730745638688181
51,0.00010508752436869685
52,0.0001083991959193852
53,0.00011532710608608408
54,0.0001448886020507555
55,0.00017003083782215768
56,0.00017739671173066412
57,0.0001785743006094205
58,0.00017645368968105435
59,0.00016889656984427973
60,0.00016660848665276163
61,0.00016308892760822372
62,0.00016506319842020782
63,0.00015976061449195399
64,0.00015127473680463937
65,0.00013749102992209413
66,0.00012748865655219977
67,0.0001271494855965418
68,0.00012495200648429992
69,0.0001203158776348039
70,0.00011698465884835332
71,0.0001152048037866529
72,0.00011406921504960182
73,0.000113952988242367
74,0.00011544359704515352
75,0.00011424276280495018
76,0.00012038482126364092
77,0.0001286583208759174
78,0.00015895283818167204
79,0.00018299593816920138
80,0.00019411012661103058
81,0.00019668560699862022
82,0.0001979952717946889
83,0.0001933076333374411
84,0.00019214219544307743
85,0.00018576477769973623
86,0.0001774693534851859
87,0.0001722637132802393
88,0.00017017189490184723
89,0.0001537574998982758
90,0.0001459740019392279
91,0.00014200115834647422
92,0.00013922914899392385
93,0.00013723850076819303
94,0.0001326932401498079
95,0.0001330902603572486
96,0.00012902443531870707
97,0.00013179935034143828
98,0.00012866703788646
99,0.00012678257869824826
100,0.00013043711933027934
101,0.0001346870581975542
102,0.00016802011405699538
103,0.00018217521841902277
104,0.00018351737389075027
105,0.00019285170727087908
106,0.00019263774428483315
107,0.00018774274663740505
108,0.00018679047927358346
109,0.00018049389199163734
110,0.00017218658094452887
111,0.00015836404374229386
112,0.000150460885002161
113,0.00013608230818804124
114,0.00012298381116451217
115,0.00011634092082737322
116,0.0001139968374469147
117,0.00011201781190190734
118,0.00010694662498078464
119,0.00010319091419609236
120,9.067275875323349e-05
121,8.869822378941474e-05
122,8.917105557339275e-05
123,8.332458301764691e-05
124,7.934117335150824e-05
125,7.751086528939452e-05
126,7.972340105621e-05
127,7.770263952133196e-05
128,7.795648943440618e-05
129,7.666399450758812e-05
130,6.92672148344306e-05
131,6.244496540158157e-05
132,5.952846499549158e-05
133,5.8705896182470635e-05
134,6.031616576634207e-05
135,6.19562845075261e-05
136,6.677467812291307e-05
137,6.681271598709902e-05
138,6.402538582814044e-05
139,6.165832123806956e-05
140,6.21842475408071e-05
141,6.07913749168317e-05
142,5.935201156996236e-05
143,5.946242703683543e-05
144,6.133790506266995e-05
145,6.48212753058643e-05
146,6.534191857190934e-05
147,6.319568491558462e-05
148,6.287183476633489e-05
149,6.368040353212074e-05
150,6.762445457490035e-05
151,7.187201607566359e-05
152,7.30253029856345e-05
153,7.475364843958315e-05
154,7.92291729736274e-05
155,7.826264141073608e-05
156,7.871592595895186e-05
157,8.244231589000081e-05
158,8.484504097774598e-05
159,8.630315910487368e-05
160,8.658131098673336e-05
161,8.909550814869012e-05
162,8.855452519137897e-05
163,9.074275898940901e-05
164,9.407080795384409e-05
165,9.849086060261719e-05
166,0.00010820319525809377
167,0.00011094456299782767
168,0.00010911451908754858
169,0.00011027810791906986
170,0.00011100426131245282
171,0.0001117573581929675
172,0.00011577114532008801
173,0.00012557566896584854
174,0.00015998223788120402
175,0.00018948667704959653
176,0.0001995513902524623
177,0.00020959180148654263
178,0.0002123545655248811
179,0.0002011920372973156
180,0.00020026882663530266
181,0.00019854153778869253
182,0.00019453593936844538
183,0.00018243487967245875
184,0.00017391439809480826
185,0.000155659921411242
186,0.00013892695929511333
187,0.0001300768162278514
188,0.0001322735028845894
189,0.00012909285064387484
190,0.00012677095601752478
191,0.0001252259319368056
192,0.00012568397121804462
193,0.00012524230935055233
194,0.00012391309731872143
195,0.00011920168519635743
196,0.00012485611936833118
197,0.00013115349910578118
198,0.000161185449487919
199,0.00018755414222748311
200,0.00020602311020076453
201,0.00020628620542805062
202,0.0002022407200807752
203,0.00019544145185753845
204,0.0001939653714056563
205,0.00019222408251181106
206,0.0001887692406667562
207,0.00018644444037022525
208,0.00017441602242876034
209,0.00015408821799522575
210,0.00014230783862647335
211,0.0001414337602057006
212,0.00013492690806339333
213,0.00013399656530184556
214,0.00012850220714165426
215,0.00012993549499632723
216,0.00012667665381256379
217,0.00012466328852905526
218,0.000119543233518527
219,0.00011602710844783923
220,0.00012178007125412795
221,0.00013139916031198204
222,0.00016726648887281146
223,0.00019367850251325402
224,0.0002084622882416879
225,0.00020647560229347642
226,0.0002022333238294057
227,0.00019287970736534926
228,0.0001930897080738758
229,0.00019367004965454603
230,0.0001859047781720872
231,0.00018196284034398464
232,0.0001695207606294976
233,0.00015788355155511174
234,0.00014061779518854527
235,0.00013571170316406295
236,0.0001290149258526606
237,0.00012782043125648824
238,0.0001227423763876653
239,0.00012479034556150967
240,0.00012506506346951924
241,0.00012407185257133082
242,0.00012270407437164473
243,0.00012104493669836774
244,0.00012578857534455596
245,0.00013208674753750982
246,0.0001665649016000486
247,0.00019319351974488329
248,0.00020496703116593544
249,0.0002000284484657943
250,0.00019488329903097674
251,0.00018314201413374874
252,0.00018225446396941017
253,0.00018152223508383083
254,0.00017905400034109876
255,0.0001726765825977575
256,0.00016337606065246064
257,0.0001496943163780805
258,0.00013812340941418537
259,0.00013276588190432961
260,0.0001314641416632997
261,0.00013051979885451683
262,0.0001283207348312672
263,0.0001276516382341631
264,0.0001264714078370605
265,0.00012460966570662646
266,0.00012219373302715003
267,0.00011758666087946274
268,0.00012153441004792708
269,0.00012679948441566421
270,0.0001598100108850288
271,0.00018456156609302122
272,0.00020082407379168354
273,0.00020585510963394332
274,0.00019928248368481448
275,0.0001890553171036546
276,0.00018332982608816682
277,0.00017661350154100225
278,0.00016721814908707516
279,0.0001561528287346515
280,0.00014733596879855224
281,0.00013600200603031536
282,0.00011938315750674451
283,0.00011472510405497466
284,0.00010768783502874121
285,0.00010521326064197814
286,0.00010156849362782819
287,9.832840722432308e-05
288,8.467466304441313e-05
289,8.165382266364643e-05
290,7.696935402841413e-05
291,7.051929453055112e-05
292,7.13519011132878e-05
293,7.022951996796796e-05
294,7.501806442604236e-05
295,7.846392510872e-05
296,7.697992010179911e-05
297,7.087035231876718e-05
298,7.320730359969086e-05
299,6.562508933862689e-05
300,6.0437147306600136e-05
301,5.562139520955941e-05
302,5.747098635560072e-05
303,5.909789750505351e-05
304,5.9995485439107834e-05
305,5.9173709081590764e-05
306,5.582901855157433e-05
307,5.4506938619278306e-05
308,5.524471469338476e-05
309,5.753517525141449e-05
310,5.684521065937509e-05
311,5.603981171560474e-05
312,5.658554940593913e-05
313,6.078318620995834e-05
314,5.9796579107635525e-05
315,6.444221742317803e-05
316,6.162635886608e-05
317,6.534482424209022e-05
318,6.893649673748064e-05
319,7.304511437323136e-05
320,7.680320252443527e-05
321,7.370258828961194e-05
322,7.844305711378466e-05
323,8.015740252049819e-05
324,8.231552300938102e-05
325,8.274239237413434e-05
326,8.438145450797985e-05
327,8.589795019055956e-05
328,8.554847731335125e-05
329,8.883029970672703e-05
330,8.643470671851672e-05
331,8.767120145639438e-05
332,9.1998008507545e-05
333,9.736451717977798e-05
334,0.00010383676543174946
335,0.00010975772880485943
336,0.00010935912368641093
337,0.00011664548789269537
338,0.00011580759827326618
339,0.00011894281639842534
340,0.00011914594915925163
341,0.00013219214411952504
342,0.00016435500735157931
343,0.000195350319474593
344,0.00021154520430359137
345,0.0002141267601833774
346,0.00021344445599454212
347,0.00020667556523228724
348,0.00021055067264622983
349,0.00020814821171031927
350,0.00020273494816335777
351,0.00019570058480730516
352,0.00018293016436237984
353,0.00016585169164656222
354,0.0001538562926844254
355,0.0001502421672830919
356,0.00014440018530853467
357,0.000146303927580674
358,0.00014316659624083786
359,0.0001434259933424392
360,0.0001358554017620987
361,0.00013262693803931712
362,0.00013094640406743552
363,0.000129941306336689
364,0.00013400607476789204
365,0.00014501592323504456
366,0.0001791094722263699
367,0.0002123611693207467
368,0.00022844880850488754
369,0.00022712487950974914
370,0.0002322119155409493
371,0.00022464819190830905
372,0.00021964859013436964
373,0.00021519234868425295
374,0.0002117248275511361
375,0.00020674424470928964
376,0.00019515009238394755
377,0.00018071683614006046
378,0.0001648962544607251
379,0.00015543909047749588
380,0.00015186617276236378
381,0.000151515643277817
382,0.0001466317400074431
383,0.00014504709315153023
384,0.0001387911852521163
385,0.00013992043434513638
386,0.0001383880895524792
387,0.0001366351779779105
388,0.0001408991168924205
389,0.00014725328927431473
390,0.0001770430124241018
391,0.00019696798530983393
392,0.00020105652740615317
393,0.0002064011114761123
394,0.00020450027487415383
395,0.00019303291542943152
396,0.00019262506499677118
397,0.00019497839369144156
398,0.0001905567561316607
399,0.00018677463016350597
400,0.00017619640579413003
401,0.00015993521885464084
402,0.00014587098272372432
403,0.00013952314998586104
404,0.00013919718662193427
405,0.00013632057314287262
406,0.00013255535289213383
407,0.0001374606524611123
408,0.000131991652877045
409,0.00013375565882866794
410,0.00012936175721152266
411,0.0001268251071436228
412,0.00013171957648738168
413,0.00014266233038853955
414,0.00017648274638286306
415,0.00020830353298907853
416,0.00021867202080176254
417,0.00021824726465168625
418,0.00021595204936063325
419,0.00020650333823611202
420,0.00020259336277999898
421,0.00019659685198218635
422,0.00018746723627389162
423,0.00018337684511473
424,0.00017395586993284435
425,0.00016085631630197676
426,0.00014345372928507478
427,0.0001382943156511875
428,0.00013720838745904582
429,0.00013413392425585033
430,0.0001310494232829391
431,0.00013275795734929088
432,0.00012698676806641306
433,0.000127727713962535
434,0.0001266785028754062
435,0.00012319618923955033
436,0.00012608495370300475
437,0.0001306925541543613
438,0.000163317418945174
439,0.0001893046764355402
440,0.0002017628694119393
441,0.00020241717350630439
442,0.0001958503588975373
443,0.00018553655051462055
444,0.00018742338706934393
445,0.00018035521227845942
446,0.00016944943963414897
447,0.0001611392229168597
448,0.0001496900899487265
449,0.00013546366459135046
450,0.00012731959937804002
451,0.00011798103956855725
452,0.00011256566280691872
453,0.00010553763909489712
454,0.0001013204550551157
455,0.0001019309099449331
456,8.96573591009366e-05
457,8.667983962104832e-05
458,8.611455469495172e-05
459,8.108853773754983e-05
460,8.048046021424405e-05
461,7.560342489157043e-05
462,7.289983086418783e-05
463,7.597640728206032e-05
464,7.478561081157272e-05
465,7.153971306770588e-05
466,7.146839207235725e-05
467,6.547848507041024e-05
468,6.252975814049606e-05
469,6.197081285843045e-05
470,6.055812884685819e-05
471,5.7858761248829605e-05
472,5.733257079425743e-05
473,5.7134721070123626e-05
474,5.753200542939899e-05
475,5.5213280625064434e-05
476,5.1294324006574155e-05
477,5.270066837411542e-05
478,5.406289938527438e-05
479,4.928835497443509e-05
480,4.7560537824155706e-05
481,5.0399905894535326e-05
482,4.8724919111180864e-05
483,4.7395442927515347e-05
484,4.999601773939434e-05
485,5.6497586845009136e-05
486,5.83035929383374e-05
487,6.592199600074493e-05
488,6.615894019640318e-05
489,6.441051920302308e-05
490,6.772351151288457e-05
491,6.790788949345251e-05
492,7.875211476029542e-05
493,8.610874335458998e-05
494,8.880441282693384e-05
495,8.906724390238529e-05
496,8.844754369835603e-05
497,9.136219504160365e-05
498,9.223310364036088e-05
499,9.083970271271621e-05
500,9.191664974248062e-05
501,8.705863335189997e-05
502,9.822908613450423e-05
503,0.00010086769881056917
504,0.00010007180933284531
505,0.00010597877265872018
506,0.00010558994115815279
507,0.00010935093497953757
508,0.0001097498042498207
509,0.00011881153293661691
510,0.0001517340968450515
511,0.0001809815162783543
512,0.00020001920315158245
513,0.00020223068231105943
514,0.00020875496847445193
515,0.0001946077886674633
516,0.00018901516602479168
517,0.00018455918872650962
518,0.00017715686186482501
519,0.00017483813706049042
520,0.00016970619521740408
521,0.0001484403876191176
522,0.00013672683866452522
523,0.0001290138692453221
524,0.0001273008445977817
525,0.00012483842119541134
526,0.00012065874671614662
527,0.00012189075087283566
528,0.00011767620835140048
529,0.00011734179212876575
530,0.00011475363245311411
531,0.0001096650115109062
532,0.00011511895444039991
533,0.00012437087244812585
534,0.00015884744159965684
535,0.00018120472457861208
536,0.00019520714918022644
537,0.00019368299309444265
538,0.00019323948216410795
539,0.00018803806838851535
540,0.0001893218463047908
541,0.0001846867740626333
542,0.00018141657434998099
543,0.00017888415071143512
544,0.00016901570232169544
545,0.0001523036082005021
546,0.00013774514398700297
547,0.00013331769508686037
548,0.00013084761128128594
549,0.00012674929556708557
550,0.00012606276494889627
551,0.00012823964021803746
552,0.00012406921105298459
553,0.00012325298188399462
554,0.00011969670573444388
555,0.00011427815915078987
556,0.00011483129309249374
557,0.00011592329677683176
558,0.00014695030712000035
559,0.0001730622442763094
560,0.00018296054182336165
561,0.00018038585389127589
562,0.00017998856953200048
563,0.00017211525994918024
564,0.00017390013389573854
565,0.00017809248766306529
566,0.0001696108364051046
567,0.0001638753076199011
568,0.00014894940820443916
569,0.00013460041639579736
570,0.0001277147705226384
571,0.0001248088361899334
572,0.00012369200223314065
573,0.0001284023577481662
574,0.0001251141957107594
575,0.0001236323039185155
576,0.00011973078132111045
577,0.00011640220405300611
578,0.00011252234190604028
579,0.00010715424832279956
580,0.00011113211080041112
581,0.00012195097749113007
582,0.00015218130590107092
583,0.0001790212455136053
584,0.00019480326102508546
585,0.00019560707505784808
586,0.00018917894016225891
587,0.0001762959910357835
588,0.0001734085473315022
589,0.00017367851050648854
590,0.0001750246282557354
591,0.00017269216755600036
592,0.00016228035884243789
593,0.00014871299231245018
594,0.000137485482733567
595,0.000131443537820199
596,0.0001265303136961818
597,0.00012800771490723706
598,0.00012422611724275157
599,0.00012648910600998034
600,0.00012106976697082247
601,0.0001197505927087073
602,0.00011530465318014099
603,0.00011169158438614599
604,0.00011675167693021445
605,0.00012238920538477224
606,0.00015587282778994942
607,0.00017982268217985628
608,0.0001914324194634412
609,0.00019074086996039404
610,0.00018716663148608885
611,0.00017448179623558187
612,0.00017362620844323286
613,0.00016808985014133627
614,0.00016065476845215823
615,0.00014496362117178888
616,0.00013139229236428182
617,0.00012014946197899041
618,0.00011080509082914589
619,0.00010173279606896466
620,9.578251184221137e-05
621,9.698096871590309e-05
622,9.258416142857695e-05
623,9.705968596262123e-05
624,8.328311117961084e-05
625,8.049023383212515e-05
626,7.834373602396582e-05
627,7.326013396661577e-05
628,7.500010210128788e-05
629,7.504236639482781e-05
630,7.947457002799364e-05
631,8.057740393755127e-05
632,8.00316662472169e-05
633,8.033042197217729e-05
634,8.09548769092298e-05
635,7.396594766873265e-05
636,6.815672052166888e-05
637,6.521354078028179e-05
638,6.315764705139869e-05
639,5.8320762807588e-05
640,5.88205380786977e-05
641,5.370972838238132e-05
642,4.690834694446762e-05
643,4.449056520214883e-05
644,4.180070707016673e-05
645,4.2059575868098824e-05
646,4.364897745703492e-05
647,4.430380985506926e-05
648,4.4774528424370255e-05
649,4.608075924658881e-05
650,4.689276198622477e-05
651,4.446230095584401e-05
652,4.794038816234586e-05
653,5.2890329391375866e-05
654,5.954299334639593e-05
655,6.180281229160922e-05
656,6.739966136363483e-05
657,6.959317819835734e-05
658,7.211767728186445e-05
659,7.019993496249e-05
660,7.163480772817072e-05
661,7.56882176304849e-05
662,8.041045997806854e-05
663,8.273261875625322e-05
664,8.62014606485432e-05
665,8.889158293235995e-05
666,9.030822922145157e-05
667,9.100532591302584e-05
668,9.70681388213292e-05
669,9.852414373377989e-05
670,0.00010785689220290095
671,0.00011199720805880661
672,0.00011156003677250294
673,0.00011858647557351678
674,0.00011789915249982362
675,0.00011658235560422009
676,0.0001180956814647843
677,0.00012898771821369425
678,0.00016389802467767881
679,0.00019474910989898743
680,0.00021303185082885854
681,0.00021391860853769323
682,0.00021288735977531887
683,0.00020726330306432693
684,0.00020208407804284278
685,0.00019984829691458033
686,0.0001937696348961995
687,0.00018006781508238788
688,0.00017476998588715728
689,0.00015766245646953097
690,0.00014583373731504224
691,0.00013666053655403445
692,0.0001363179316245264
693,0.00013358475259166584
694,0.00013169474621492694
695,0.00012945421035364126
696,0.00012693393769948815
697,0.0001245523447585129
698,0.00012483789289174208
699,0.000120338330540747
700,0.00012557804633236017
701,0.00013328837423321705
702,0.0001655172754239275
703,0.00019281049958467763
704,0.00020689296219218327
705,0.00020789858822659906
706,0.00020498842746454003
707,0.00019802512095200148
708,0.00019586647215944942
709,0.0001955579428166079
710,0.0001942641271306167
711,0.0001884276923445866
712,0.00017235193999300388
713,0.00015586569569041455
714,0.00014884163425591236
715,0.00014441048723008503
716,0.00013875526060260737
717,0.00013933269651309672
718,0.0001379530314808525
719,0.0001342440755708888
720,0.0001293707383738999
721,0.00012782069540832286
722,0.0001243521176678675
723,0.0001208713889430194
724,0.0001275932606787111
725,0.0001383859763378022
726,0.00017323262220964223
727,0.00019939263499985292
728,0.00021182995998131668
729,0.00021040248346700547
730,0.00020568446754877582
731,0.00019391095612772364
732,0.00018899297727068318
733,0.00019376197449299536
734,0.00019617579395779478
735,0.00018699704600825986
736,0.0001800070601604242
737,0.00016404964783075333
738,0.00015284036472845925
739,0.00014360614489365315
740,0.0001433065967131889
741,0.00014142345828415024
742,0.00014014971813759052
743,0.00013782201217087874
744,0.00013338716701936663
745,0.00013218712523466717
746,0.0001294428518247524
747,0.00012660718188005753
748,0.00013269746657916187
749,0.00014029394503929554
750,0.00017292356456313147
751,0.00020314121368501036
752,0.00021361139995402484
753,0.0002146212524177946
754,0.00020792421095455765
755,0.0002001916942995923
756,0.00019757711944047817
757,0.00018976641384246397
758,0.0001889884866894946
759,0.00018563719236361253
760,0.00017660082225294025
761,0.00016101058097339752
762,0.00015301047850995746
763,0.00014628702186325805
764,0.00014300519946988227
765,0.00014344052169334355
766,0.00014000443462854702
767,0.00013842084437997267
768,0.00013032221328221764
769,0.00013257595673523456
770,0.00012471479813680705
771,0.00011571673004215534
772,0.00012322788745970528
773,0.0001284668107958146
774,0.0001597162369837371
775,0.00018812286112742982
776,0.0002012868678059458
777,0.00019865248155923485
778,0.00019824489527840914
779,0.0001878140676327537
780,0.00018501669970407938
781,0.00018491922767710294
782,0.00017273892243072889
783,0.0001565839245287588
784,0.00014379184363339423
785,0.00012947745571508825
786,0.0001193604404489668
787,0.00011450057499554376
788,0.00011130750761860184
789,0.0001070171535206294
790,0.00010589001764228632
791,0.00010077815133863144
792,9.351450419012472e-05
793,9.27083127908505e-05
794,9.035207842599925e-05
795,8.291409106664031e-05
796,7.887362460422273e-05
797,8.117465123563744e-05
798,8.537096728048354e-05
799,8.860709140646927e-05
800,8.130302902726498e-05
801,7.81897355043797e-05
802,7.678154207399605e-05
803,6.417938634772657e-05
804,5.900465190743103e-05
805,5.6460605588161694e-05
806,5.765721339901105e-05
807,5.723457046361172e-05
808,5.695324875973654e-05
809,5.436376832491178e-05
810,5.312727358703412e-05
811,5.2646781399852006e-05
812,5.391338944687687e-05
813,5.1434060327090555e-05
814,5.246055435644168e-05
815,4.996616858208176e-05
816,5.023745251624121e-05
817,5.416803181545497e-05
818,5.2892970909722114e-05
819,4.827454023314595e-05
820,5.1175719832827714e-05
821,5.262908322693216e-05
822,5.791370483043151e-05
823,6.51070875909281e-05
824,6.92069882161362e-05
825,6.930393193944342e-05
826,7.671074938231666e-05
827,7.44931947306433e-05
828,7.870060515254362e-05
829,7.513112141126167e-05
830,7.37192298551933e-05
831,7.481493166521605e-05
832,8.057581902654352e-05
833,8.042366756979977e-05
834,8.139574632121822e-05
835,8.266050530540071e-05
836,9.131728922971747e-05
837,9.557673756303882e-05
838,0.00010471269291536457
839,0.00010824149727411434
840,0.0001099991635817063
841,0.00010841346011845493
842,0.00010746462672848344
843,0.00010844225266842902
844,0.00011066165638294474
845,0.00011894572206860621
846,0.00015350338583336695
847,0.0001837036009341606
848,0.00020216226698589165
849,0.00020365366824418203
850,0.00020545042902329842
851,0.00019452907142074517
852,0.0001924457059010611
853,0.0001941523909045705
854,0.00019497258235107984
855,0.00018570613599244953
856,0.0001721276750854076
857,0.00015708739792555328
858,0.000146291248292612
859,0.00013765480405956138
860,0.00013553974031972236
861,0.00013402694276282737
862,0.00013396645199269835
863,0.00013230784262309062
864,0.00012932081367715586
865,0.00012942304043715556
866,0.00012485559106466195
867,0.0001266370310373701
868,0.00013216520063239333
869,0.00013774461568333374
870,0.00017069782120458476
871,0.00019596183097174888
872,0.00020859198679248857
873,0.0002121139232035381
874,0.00021527502820849046
875,0.00020382246126650716
876,0.00020172351078858025
877,0.00020239181493018042
878,0.0002024723812397409
879,0.00019193272303822016
880,0.00017448364529842425
881,0.00016173594191127663
882,0.00014810914121849838
883,0.00014380135309944073
884,0.00013900752560467382
885,0.0001336521113094951
886,0.0001329774675238639
887,0.00013336709147993518
888,0.0001290376429104383
889,0.00012651182306775807
890,0.00012815035689793433
891,0.00012306094350022253
892,0.0001254665742581486
893,0.00013226188020386593
894,0.00016833630380304102
895,0.00020199479472273967
896,0.00021647639075236304
897,0.00021559068965086684
898,0.00021071339017635858
899,0.00020612137468324485
900,0.0002040559714883153
901,0.00020460619975983828
902,0.00019817463089039897
903,0.0001892595064718194
904,0.0001795585303452317
905,0.00016084099549556853
906,0.0001477554419119361
907,0.00014246025423505173
908,0.00014037636041169842
909,0.0001398990380465318
910,0.00013419969806267187
911,0.00013706865113852942
912,0.00013149478327611615
913,0.00013087217740190602
914,0.00012617635023778485
915,0.00011978546075087774
916,0.00012770235538641105
917,0.00013515407864117047
918,0.00016440757356666962
919,0.0001941059001816766
920,0.00020608545003373595
921,0.0002142567228860127
922,0.00021078497532354184
923,0.00019848342438507513
924,0.00019850983956853758
925,0.0001971344009656474
926,0.00019552175401526433
927,0.00018690776268815676
928,0.00017514481734048958
929,0.0001664198822428397
930,0.0001491549183317771
931,0.00014567524621426748
932,0.0001411630045752104
933,0.0001425112355391343
934,0.00013736793516715907
935,0.00013654325313946114
936,0.00013073059201854724
937,0.00013048545911601564
938,0.0001305345913572558
939,0.00012650812494207332
940,0.00013044266651880644
941,0.00013470369976313555
942,0.00016801430271663363
943,0.00019640666266125667
944,0.00021575419963649944
945,0.00021228826341439033
946,0.00020750975672603167
947,0.00019844168839520447
948,0.00019716583503396774
949,0.00018990482940380723
950,0.00018022657033499724
951,0.00016763286746743574
952,0.00015528746732442134
953,0.00014213455502295962
954,0.0001321060306214374
955,0.00012279335769174786
956,0.00011748918885248626
957,0.00011612510877848493
958,0.00011519423771326792
959,0.00011225317118655783
960,0.00010013018688829734
961,9.685259092427555e-05
962,9.180015878341119e-05
963,8.555693017205923e-05
964,8.468998385082136e-05
965,8.325194126312513e-05
966,8.226665491997547e-05
967,8.291409106664031e-05
968,8.547847707717574e-05
969,8.279865671490936e-05
970,8.236254203594419e-05
971,7.418915596899041e-05
972,6.554531548457027e-05
973,6.702509406213716e-05
974,7.022159541292922e-05
975,6.579203329810963e-05
976,6.316662821377592e-05
977,6.350474256209538e-05
978,6.075492196365351e-05
979,5.619090656501e-05
980,5.7634496341233336e-05
981,5.704940002753989e-05
982,5.587075454144501e-05
983,5.5878943248318377e-05
984,5.5286978986924695e-05
985,5.8672084747638686e-05
986,5.735872182588527e-05
987,5.557147051281536e-05
988,5.767517572376552e-05
989,6.284357052003006e-05
990,6.55606362909785e-05
991,6.881234537520708e-05
992,7.199379007142552e-05
993,7.78825269207113e-05
994,7.823384886076199e-05
995,7.552893407420629e-05
996,7.9254795701586e-05
997,8.096227316059929e-05
998,8.178378536628173e-05
999,8.172778517734132e-05
1000,8.050555463853339e-05
1001,8.449979452989166e-05
1002,8.247216504731339e-05
1003,8.420315201960827e-05
1004,8.767331467107137e-05
1005,9.137434602599637e-05
1006,0.00010032116866473092
1007,0.00010592937626564539
1008,0.00010653111414492017
1009,0.00011275004078748667
1010,0.00010923893460165675
1011,0.00011496706713549077
1012,0.00012216388386983746
1013,0.00013108851775446353
1014,0.00016603976775281492
1015,0.00020275740106930084
1016,0.00020795749408572032
1017,0.00020750236047466217
1018,0.00020946712182059982
1019,0.00019618398266466814
1020,0.00019869078357525542
1021,0.00020044026117597402
1022,0.00019354774735511483
1023,0.000190224453123703
1024,0.0001774297307099922
1025,0.000168104114340406
1026,0.00015709690739159973
1027,0.00014891110618841862
1028,0.0001426285189537076
1029,0.0001392669227062752
1030,0.00014045507765841653
1031,0.00013482045487403963
1032,0.0001357927977772927
1033,0.00013271199493006621
1034,0.00013265890041130667
1035,0.00012799001673431722
1036,0.000133073090487998
1037,0.0001400334913303557
1038,0.00017459221170245496
1039,0.00019864085887851137
1040,0.0002146135920145905
1041,0.00021312536057831562
1042,0.00021097410803713304
1043,0.00020446540683198336
1044,0.00020566756183135982
1045,0.00020394080128841897
1046,0.00020036022317008277
1047,0.00018914460042375773
1048,0.0001739339453305705
1049,0.00015861102570766784
1050,0.0001520199091301153
1051,0.00015166990794923774
1052,0.00014607807776207
1053,0.00014398388201716631
1054,0.000139378923084156
1055,0.00013754386028901907
1056,0.00013203523792975805
1057,0.00013163134977461707
1058,0.00013115402740945044
1059,0.00012615918036853425
1060,0.00013166093478009501
1061,0.0001379572579102065
1062,0.0001726852996083001
1063,0.00020047592167364835
1064,0.0002088490065275783
1065,0.00020941059332799014
1066,0.00020558356154794924
1067,0.00019291483955935436
1068,0.00019655458768864643
1069,0.00019892350134155968
1070,0.00020089486648336292
1071,0.0001955674522826544
1072,0.00018360375154067253
1073,0.00016963170440003995
1074,0.00015745271991283904
1075,0.0001490106914300721
1076,0.00014319670954998507
1077,0.00014195229025706866
1078,0.00013771555898152503
1079,0.00013940084768642984
1080,0.00013173489729378988
1081,0.00013043844008945246
1082,0.00012843220690547877
1083,0.00012684729589773129
1084,0.00013090678129224184
1085,0.00014104704191981023
1086,0.00017178876828158427
1087,0.00019376937074436486
1088,0.00020571801483177315
1089,0.00020742496398711718
1090,0.0001989002559801127
1091,0.0001886049382256197
1092,0.00019215910116049344
1093,0.00019040962355977483
1094,0.00019143955156297605
1095,0.00018966075310861415
1096,0.0001779281852219288
1097,0.00016273813397184227
1098,0.0001525532316842223
1099,0.000147804045849507
1100,0.00014278885911732473
1101,0.00013891269509604362
1102,0.00013651446058948706
1103,0.00013412230157512682
1104,0.0001301367786943112
1105,0.00013294339193719733
1106,0.0001310750460108977
1107,0.0001257214807785613
1108,0.0001308732340092445
1109,0.00013701714153077762
1110,0.00016242141592212738
1111,0.0001844355656679053
1112,0.00019090490824969593
1113,0.00019213295012886558
1114,0.00019153385376793704
1115,0.00018011404165344717
1116,0.00018014785308827913
1117,0.00017293809291403584
1118,0.0001676505656403556
1119,0.00015712834145992005
1120,0.00014784525353570845
1121,0.00013216440817688944
1122,0.00011903236387036306
1123,0.00011504736929321665
1124,0.0001104807123762269
1125,0.00010950757701746994
1126,0.00010546156336652525
1127,0.0001039661998307155
1128,9.23440474109032e-05
1129,8.755259728264795e-05
1130,8.593176162539151e-05
1131,7.890637943171617e-05
1132,8.05541585761043e-05
1133,7.928200334055233e-05
1134,7.905113463709044e-05
1135,7.546765084857339e-05
1136,7.292651019948491e-05
1137,6.949068728652301e-05
1138,6.372874331785702e-05
1139,6.358187489780576e-05
1140,5.558626301555434e-05
1141,5.326489669287352e-05
1142,5.0540434670555606e-05
1143,4.8173105928650116e-05
1144,4.807589805350826e-05
1145,4.908601466911266e-05
1146,5.119209724657444e-05
1147,4.93314117234789e-05
1148,5.137990920099251e-05
1149,5.178141998962188e-05
1150,5.059801977050376e-05
1151,5.321444369246023e-05
1152,5.3274670310754634e-05
1153,5.414267323933101e-05
1154,5.2613234116854686e-05
1155,4.9903828749110367e-05
1156,5.2180553411739624e-05
1157,5.150617377794307e-05
1158,5.7381967187332236e-05
1159,6.136590515714015e-05
1160,6.49620682337192e-05
1161,6.714184917304124e-05
1162,7.084974847566647e-05
1163,7.498504544671428e-05
1164,7.890215300236219e-05
1165,7.699682581921509e-05
1166,7.837490594045153e-05
1167,7.869849193786663e-05
1168,7.633010658862265e-05
1169,8.055759254995442e-05
1170,8.141397279780732e-05
1171,8.090178239047026e-05
1172,8.498847542394714e-05
1173,8.879014862786411e-05
1174,9.524073642939636e-05
1175,0.0001017740037551661
1176,0.00010200328754762024
1177,0.00010298117763940043
1178,0.0001020930991713926
1179,0.00010662911447556589
1180,0.00010884772573457775
1181,0.00012068014301475121
1182,0.00015691226525919714
1183,0.00018497100143668934
1184,0.00020729447298081262
1185,0.00021248135840550088
1186,0.00021227452751898984
1187,0.00020016210929411435
1188,0.00020011403366021268
1189,0.00019341461483046406
1190,0.00018783018089466578
1191,0.0001894444127560566
1192,0.00017666791681893488
1193,0.00016271066218104133
1194,0.0001493461642600453
1195,0.00014107636277345357
1196,0.00014007364240921865
1197,0.000138209522912273
1198,0.0001341217732714576
1199,0.00013079742243270726
1200,0.00012840341435550468
1201,0.0001297244376804622
1202,0.00012784711059178532
1203,0.00012313279279924043
1204,0.00012845730132976808
1205,0.0001369986509023539
1206,0.0001663638820538993
1207,0.00019715843878259824
1208,0.00019971516438992956
1209,0.0001998865989306009
1210,0.0001992159174224891
1211,0.00019150532536979758
1212,0.0001919826477349642
1213,0.0001874249719803517
1214,0.0001892721857598814
1215,0.00018254899326501656
1216,0.0001687840411627297
1217,0.000155184976412587
1218,0.00014198213941438124
1219,0.00013580970349470867
1220,0.00013409113165864116
1221,0.00013110568762371414
1222,0.00012763922309793577
1223,0.00012671759734693061
1224,0.00012285833904306548
1225,0.00012182497706601413
1226,0.00011903342047770156
1227,0.00011676488452194567
1228,0.00011841689009568779
1229,0.0001280650358553506
1230,0.000158118382536093
1231,0.00018314280658925263
1232,0.0001959071515419816
1233,0.000192567479896823
1234,0.00019639054939934458
1235,0.00018804704955089257
1236,0.00018848739065921175
1237,0.00018661534660722735
1238,0.00018638394960009624
1239,0.00018297163620041587
1240,0.00016963962895507869
1241,0.00015484950358261382
1242,0.0001430585581404764
1243,0.00013988847197314683
1244,0.00013800718260695055
1245,0.00013622785584891937
1246,0.00013087270570557528
1247,0.00013049761010040835
1248,0.00012213667623087114
1249,0.00012167493882394738
1250,0.00011687741320349574
1251,0.00011083810980847396
1252,0.00011607280671522927
1253,0.0001255117442218694
1254,0.0001558081105904664
1255,0.00018463156632919677
1256,0.00019526922486136323
1257,0.00019697062682818016
1258,0.00019895572786538389
1259,0.00018830988062634404
1260,0.00018824965400804963
1261,0.0001871822164443317
1262,0.00018621066599658248
1263,0.00018126363043773335
1264,0.00017156793734783812
1265,0.00015481199402209712
1266,0.00014054198361200803
1267,0.00013666766865356932
1268,0.00013837725932725958
1269,0.00013392762167300853
1270,0.00013015130704521554
1271,0.00012717114604698102
1272,0.00011939636509847574
1273,0.0001173433770397735
1274,0.0001172134143371382
1275,0.00011343023176164497
1276,0.00011433231027688791
1277,0.0001210024082529932
1278,0.00015548399628938206
1279,0.00017980234248859018
1280,0.0001907239642429781
1281,0.00019680526777970516
1282,0.00019651496491345275
1283,0.00018686047950975895
1284,0.00018028362713127616
1285,0.0001753064782632798
1286,0.00016696561993317406
1287,0.0001553759581890206
1288,0.0001376238982949103
1289,0.0001255664236516367
1290,0.00011489046310344965
1291,0.00010821138396496713
1292,0.00010762047631091194
1293,0.00010712492746915623
1294,0.00010210789167413158
1295,9.613990927445842e-05
1296,8.413183102425963e-05
1297,8.027970481992937e-05
1298,7.751746908526013e-05
1299,7.058480418553801e-05
1300,7.074963493034376e-05
1301,7.24674143109074e-05
1302,7.247613132145e-05
1303,7.848981198851321e-05
1304,7.367141837312623e-05
1305,6.428848105542652e-05
1306,6.351293126896874e-05
1307,6.214488891744805e-05
1308,5.3866898723982945e-05
1309,5.260530956181595e-05
1310,5.443535347209504e-05
1311,5.371633217824694e-05
1312,5.306202808388185e-05
1313,5.143062635324044e-05
1314,5.184032584874317e-05
1315,5.310931126227965e-05
1316,5.320414177090987e-05
1317,5.360433180036611e-05
1318,5.452701415870977e-05
1319,5.36278413136477e-05
1320,5.619935942371799e-05
1321,5.7134721070123626e-05
1322,6.075729933016512e-05
1323,6.23453801599281e-05
1324,6.428451877790714e-05
1325,6.464429357666583e-05
1326,7.063578548962055e-05
1327,7.581818033312019e-05
1328,8.08774804216848e-05
1329,7.981347683181698e-05
1330,8.49676074290118e-05
1331,8.276061885072343e-05
1332,8.362492365361506e-05
1333,8.170348320855585e-05
1334,7.964415550582264e-05
1335,7.826924520660169e-05
1336,7.49734227659908e-05
1337,8.121374570716188e-05
1338,8.622946074301341e-05
1339,8.644606524740557e-05
1340,8.974294429535496e-05
1341,9.767938616665048e-05
1342,0.00010905217925457718
1343,0.00011399974311709556
1344,0.00011261505919999352
1345,0.00012043501011221958
1346,0.00011713760276060095
1347,0.00011873202323439492
1348,0.00012077470937154679
1349,0.00013334384611848822
1350,0.00016551912448676986
1351,0.00019663938042756093
1352,0.00021051976688157877
1353,0.00021072686191992443
1354,0.00020918395105388223
1355,0.0001963295303255463
1356,0.00019946501260254007
1357,0.0001998308628934951
1358,0.00019714285382435538
1359,0.00018592855183720346
1360,0.00017531783679216865
1361,0.00016146862025463656
1362,0.00014743793140671731
1363,0.0001436592394124127
1364,0.00013904001628033268
1365,0.0001400279441418286
1366,0.00013785265378369517
1367,0.0001364901586207016
1368,0.00013213323826040377
1369,0.00012763605327592028
1370,0.00012424645693401767
1371,0.00011967900756152404
1372,0.00011827398395315589
1373,0.00012852149022558187
1374,0.00016219635855902725
1375,0.00018962641337011294
1376,0.0001994850881419715
1377,0.00020428551943260404
1378,0.00020283585416418435
1379,0.00019933954048109338
1380,0.00019770338401742872
1381,0.00019677251295221172
1382,0.0001947776382971269
1383,0.00018829693718644744
1384,0.00017677701152663485
1385,0.0001600387663738137
1386,0.00014481728105540686
1387,0.00014084021103329917
1388,0.00013883661936767174
1389,0.0001404500587735587
1390,0.00013668298945997755
1391,0.00013629547871858328
1392,0.00012895417093069692
1393,0.00012791499761328383
1394,0.00012537438526786463
1395,0.0001223126013527311
1396,0.00012806107357783123
1397,0.00013593808128633622
1398,0.00017085182172417088
1399,0.00019966154156750074
1400,0.00021149026072198946
1401,0.0002131015869131994
1402,0.00020912240367641473
1403,0.00019543643297268058
1404,0.0001991504077675022
1405,0.00020148867980759899
1406,0.00020191607747602157
1407,0.00019703560817949778
1408,0.00018674979989105126
1409,0.00016798181204097482
1410,0.0001521039094135259
1411,0.0001486564638198405
1412,0.00014743291252185945
1413,0.00014624607832889122
1414,0.00014340723856218085
1415,0.00014047409659050951
1416,0.00011402959227440814
1417,0.0001131985706026792
1418,0.00011068463759255707
1419,0.00010456503203980942
1420,0.00010913565123431854
1421,0.00011729477310220258
1422,0.0001471164586239792
1423,0.00017014310235187314
1424,0.0001783357715027545
1425,0.0001815454804452778
1426,0.00017794244942099852
1427,0.00016682588361265765
1428,0.00016500270765007878
1429,0.000159530538243996
1430,0.00015036684694903467
1431,0.0001379239747790438
1432,0.0001233538878848212
1433,0.00010807560992197009
1434,0.00010380216154141362
1435,9.666768464003833e-05
1436,9.064528696243253e-05
1437,8.808169340740098e-05
1438,8.083495197631023e-05
1439,7.860392558107102e-05
1440,6.303508060013289e-05
1441,6.386715887920031e-05
1442,6.451116105201503e-05
1443,6.0296354378745234e-05
1444,6.065956315135403e-05
1445,6.166650994494292e-05
1446,6.65150168694771e-05
1447,6.522674837201303e-05
1448,5.991650404055508e-05
1449,5.563328204211751e-05
1450,5.5535810015141044e-05
1451,5.465803346868356e-05
1452,5.06210009801161e-05
1453,5.01922825525204e-05
1454,4.6595062868602865e-05
1455,4.222202924639294e-05
1456,4.1782480593577644e-05
1457,3.777239159214188e-05
1458,3.580472457602338e-05
1459,3.548774237447389e-05
1460,3.824469507245063e-05
1461,3.9635982785418296e-05
1462,3.728397484992103e-05
1463,3.758378718221993e-05
1464,3.6721859745839926e-05
1465,3.810152477808411e-05
1466,3.908786772857229e-05
1467,3.918613221105264e-05
1468,4.0508212143348657e-05
1469,4.491928362974453e-05
1470,4.956201627510615e-05
1471,5.5020185633953865e-05
1472,6.112499868396255e-05
1473,6.256172051248564e-05
1474,6.759302050658001e-05
1475,6.971680125696165e-05
1476,7.267873577860707e-05
1477,7.091657888982649e-05
1478,7.170824193819635e-05
1479,7.267107537540295e-05
1480,7.114374946760363e-05
1481,7.342390810408301e-05
1482,7.408824996816383e-05
1483,7.451300611824015e-05
1484,8.246001406292065e-05
1485,8.77628621430091e-05
1486,9.589926695311543e-05
1487,9.88487863385335e-05
1488,9.809859512819969e-05
1489,0.00010305672506410306
1490,9.944101475176181e-05
1491,0.0001040393698889065
1492,0.00010945369004320653
1493,0.00012351158653009208
1494,0.0001605805417866287
1495,0.0001895881113540924
1496,0.00019967765482941285
1497,0.0002074199451022593
1498,0.000205796203774822
1499,0.00019247793242488528
1500,0.00019325982185537405
1501,0.0001897365646851514
1502,0.00018630470404970884
1503,0.00017922384997076234
1504,0.00016556878503167928
1505,0.00014790574430583744
1506,0.00014020968060405033
1507,0.0001388918271011083
1508,0.0001325881077196273
1509,0.00013498766298535698
1510,0.0001296887771827879
1511,0.000126863673311478
1512,0.00012420207942580072
1513,0.00012352875639934266
1514,0.0001222103745927314
1515,0.00012177610897660857
1516,0.00012532921530414382
1517,0.00013474332253832926
1518,0.00017257277092675005
1519,0.00019619296382704542
1520,0.00020545069317513305
1521,0.00020130747164904652
1522,0.00019957489976574387
1523,0.00019238283776442042
1524,0.00019023158522323786
1525,0.0001848265103831497
1526,0.00018735550004784544
1527,0.00017917471772952215
1528,0.00017104042613409284
1529,0.00015762441860534503
1530,0.00014759642250749207
1531,0.00014499426278460532
1532,0.00014242168806719656
1533,0.00013878854373377007
1534,0.0001353049093387411
1535,0.00013412467894163846
1536,0.00013043368535642922
1537,0.00012470211884874505
1538,0.00012211343086942418
1539,0.00012203180795252518
1540,0.0001256472541130318
1541,0.00013351475235549032
1542,0.00016825230351963038
1543,0.00019387978621123795
1544,0.00020600382711683695
1545,0.00019866489669546222
1546,0.00019916414366290267
1547,0.000188801731342415
1548,0.00018684780022169698
1549,0.00018492688808030702
1550,0.0001855553052948789
1551,0.00018119257359421935
1552,0.00017118227566928623
1553,0.00015369146193961963
1554,0.00014101402294048216
1555,0.00013867126031919674
1556,0.00013587732636437258
1557,0.0001315069342605089
1558,0.0001314620284486227
1559,0.0001329172409055695
1560,0.00012915096404749225
1561,0.00012339298235634566
1562,0.0001189145521521205
1563,0.0001174411132185846
1564,0.00012072478467480275
1565,0.00013423377364933843
1566,0.00016644048608594042
1567,0.00018785342625611277
1568,0.00020197973806816607
1569,0.00019968610768812084
1570,0.00019897897322683085
1571,0.00018897316588308637
1572,0.0001872672733350808
1573,0.0001826501634176778
1574,0.00017748520259526336
1575,0.00017373583145460206
1576,0.00015466829542406136
1577,0.00014286651975670435
1578,0.00013606804398897152
1579,0.0001314427453646951
1580,0.00012584246231881938
1581,0.0001255569141855902
1582,0.00012478030779179393
1583,0.0001273417881321485
1584,0.00012178561844265508
1585,0.00011934300642788158
1586,0.00011756420797351965
1587,0.00011621359964308418
1588,0.00011867998532297388
1589,0.0001270602022764387
1590,0.00015382565107160894
1591,0.0001747850425417309
1592,0.000185251266533226
1593,0.0001806814397942208
1594,0.00017548742226999766
1595,0.00016433598841948636
1596,0.0001586181578072027
1597,0.00015669222678095488
1598,0.0001525424014590027
1599,0.00014121160851278134
1600,0.0001257877828890521
1601,0.00011442317850799876
1602,0.00010492612759774122
1603,9.764557473181854e-05
1604,9.524496285875034e-05
1605,9.297325708097895e-05
1606,8.7357653228695e-05
1607,8.990169954796433e-05
1608,8.059668702147888e-05
1609,7.848347234448223e-05
1610,7.799584805776525e-05
1611,7.493089432061624e-05
1612,7.620569107451447e-05
1613,7.494357360867822e-05
1614,7.346643654945756e-05
1615,6.953110251722057e-05
1616,6.960004614605758e-05
1617,6.826607938120346e-05
1618,5.980080553698952e-05
1619,4.948858206508052e-05
1620,5.049896283251955e-05
1621,4.48265663357913e-05
1622,4.2909616471920724e-05
1623,3.999073869931911e-05
1624,4.091474181683589e-05
1625,3.815620420785139e-05
1626,4.306071132132598e-05
1627,4.264308727078452e-05
1628,4.3859770621065334e-05
1629,4.478166052390512e-05
1630,4.632219402343567e-05
1631,4.477162275418939e-05
1632,4.3937167108610345e-05
1633,5.153470217608252e-05
1634,4.946877067748368e-05
1635,4.634491108121339e-05
1636,4.8932806605030406e-05
1637,5.947537047673204e-05
1638,6.273421166049549e-05
1639,6.259949422483695e-05
1640,7.206299785209718e-05
1641,7.265971684651408e-05
1642,7.449768531183193e-05
1643,7.093982425127346e-05
1644,7.355756893240305e-05
1645,7.606357738748643e-05
1646,7.747969537290881e-05
1647,7.736426102117788e-05
1648,7.650788077332498e-05
1649,8.026306325434802e-05
1650,8.471560657877994e-05
1651,8.338850776162606e-05
1652,8.41091139664819e-05
1653,8.615232840730305e-05
1654,9.807746298142973e-05
1655,0.00010285412060694602
1656,0.0001005929809025596
1657,0.0001089053108345259
1658,0.00010452752247929274
1659,0.00011034467418139524
1660,0.00011060459958666583
1661,0.00012232184666694296
1662,0.00015545176976555783
1663,0.00018452405653250455
1664,0.00019709108006476896
1665,0.00019341989786715656
1666,0.00019193800607491266
1667,0.00018587307995193226
1668,0.00018524836086304515
1669,0.00017993204103939085
1670,0.00017732539073531548
1671,0.0001730207724382733
1672,0.00016181439500616014
1673,0.00014883423800454286
1674,0.0001390143935523741
1675,0.0001318175768180274
1676,0.00012991409869772265
1677,0.00012832020652759794
1678,0.0001256760466630059
1679,0.00012305090573050683
1680,0.00011642412865527996
1681,0.00011031007029105942
1682,0.0001081250063150449
1683,0.00010464480589386604
1684,0.00010693236078171491
1685,0.00011956991285382409
1686,0.0001523551178082539
1687,0.00017790441155681255
1688,0.00018819206890810148
1689,0.00018860335331461194
1690,0.0001880330495036575
1691,0.00018191053828072896
1692,0.00017361009518132076
1693,0.00018018377773778806
1694,0.00017284484731641336
1695,0.00016587995589286702
1696,0.0001550729760347062
1697,0.00013508645577150656
1698,0.0001299801366563788
1699,0.00012207512885340361
1700,0.00012004512200431371
1701,0.00012031667009030779
1702,0.00011404332816980862
1703,0.00011563933355461033
1704,0.00011235222812454205
1705,0.00011039697624465092
1706,0.00010630632093365466
1707,0.00010385736927485016
1708,0.00010987950280062135
1709,0.000123637586955208
1710,0.00015347855556091224
1711,0.00017442156961728746
1712,0.00018609443918934766
1713,0.00019023264183057638
1714,0.00018711115960081767
1715,0.00017615255658958234
1716,0.0001787570936789807
1717,0.00018228378482305349
1718,0.00018233608688630917
1719,0.00017190446678514985
1720,0.0001645383287248088
1721,0.00014728340258346196
1722,0.000136451856604681
1723,0.00012963990909338236
1724,0.00012491053464626386
1725,0.0001231325286474058
1726,0.00012179380714952844
1727,0.00012167995770880524
1728,0.00012075780365413082
1729,0.00011431672531864506
1730,0.00011286494683554837
1731,0.0001106291657072859
1732,0.00011965549804824245
1733,0.00012936281381886118
1734,0.00016244783110558986
1735,0.00018148631043432187
1736,0.00019453382615376838
1737,0.000199980108680058
1738,0.00019332665226953408
1739,0.00018282318286935687
1740,0.00018538254999503443
1741,0.0001782079220147962
1742,0.00017937441651649837
1743,0.0001712837099737821
1744,0.00015746671996007416
1745,0.0001448582245897737
1746,0.00013377837588644565
1747,0.00012809145103881306
1748,0.00012445223121319022
1749,0.00012413023012678286
1750,0.00012140048506777243
1751,0.0001219309019516986
1752,0.00011715820660370167
1753,0.00011647695902220487
1754,0.00010994527660744287
1755,0.00010853127183669749
1756,0.00011545786124422325
1757,0.00012211316671758955
1758,0.00015256194869476495
1759,0.0001746476835877261
1760,0.00018401556425085222
1761,0.00018836006947492271
1762,0.00017970354970244057
1763,0.000166062220658758
1764,0.0001637390052732348
1765,0.00016691807260294162
1766,0.00016118967591727298
1767,0.00015188809736463765
1768,0.00013675008402597218
1769,0.00012137961707283709
1770,0.00011262826679172475
1771,0.00010688877572900185
1772,0.00010507669414347723
1773,0.00010539869522988459
1774,0.00010138068167341011
1775,9.940033536922962e-05
1776,8.647274458270266e-05
1777,8.450824738859966e-05
1778,8.046434695233194e-05
1779,7.530070688909065e-05
1780,7.501040402283824e-05
1781,7.374247521664025e-05
1782,7.88786434890806e-05
1783,8.228356063739142e-05
1784,8.254982568669301e-05
1785,7.994713766013702e-05
1786,7.947958891285151e-05
1787,7.227669668630845e-05
1788,6.506614405656128e-05
1789,6.533056004302049e-05
1790,6.011805189037365e-05
1791,5.412365430723803e-05
1792,5.0696812556653355e-05
1793,5.178538226714125e-05
1794,5.616634044438992e-05
1795,5.3855804346928715e-05
1796,5.356576563251092e-05
1797,5.585622619054066e-05
1798,5.656388895549991e-05
1799,5.6545926630745444e-05
1800,6.14823961162096e-05
1801,6.076628049254236e-05
1802,5.9745861955387604e-05
1803,5.97028052063438e-05
1804,6.473489765594206e-05
1805,6.68932822966595e-05
1806,7.234933844083022e-05
1807,7.210816781581797e-05
1808,7.786456459595682e-05
1809,7.606727551317119e-05
1810,7.666716432960361e-05
1811,7.837939652164014e-05
1812,8.225450393558272e-05
1813,8.206114479263754e-05
1814,7.790920625600838e-05
1815,7.677916470748443e-05
1816,7.103016417871506e-05
1817,7.418809936165191e-05
1818,8.063525318933406e-05
1819,8.569296836689088e-05
1820,9.066668326103712e-05
1821,8.81712408793387e-05
1822,9.750953653698688e-05
1823,0.00010429427640931922
1824,0.0001033826884280298
1825,0.00010623077350895203
1826,0.00010682722835153432
1827,0.00010863323444486257
1828,0.00011204105726335429
1829,0.00012447626903014104
1830,0.00015494856052059803
1831,0.0001834909587072878
1832,0.0001993493140989745
1833,0.00020313170421896388
1834,0.00019946025786951683
1835,0.0001865268557426281
1836,0.00018524730425570666
1837,0.00018134947978398633
1838,0.0001742049651128953
1839,0.0001670646768711583
1840,0.00015981370901071353
1841,0.00014332112506409324
1842,0.00013355384682701475
1843,0.00012786031818351655
1844,0.00012752220383519707
1845,0.00012862371698558157
1846,0.0001217063728922677
1847,0.00012443770286228587
1848,0.00012020783953444245
1849,0.0001205382934795578
1850,0.00011684465837600228
1851,0.00011365053439172186
1852,0.0001190025147130505
1853,0.0001314274245582869
1854,0.00016157296022931324
1855,0.00018495911460413125
1856,0.00020128237722475718
1857,0.00020343574298061677
1858,0.0002051448053506378
1859,0.0001941159379513923
1860,0.0001890059207105798
1861,0.00018452986787286627
1862,0.00018795459640877395
1863,0.00017246103470070382
1864,0.00016598746568955924
1865,0.00015181439900277739
1866,0.00013664336668478384
1867,0.00013164402906267904
1868,0.00013066719557823734
1869,0.0001301489296787039
1870,0.00012425728715923727
1871,0.0001245198540828541
1872,0.00011584352292277514
1873,0.00011069626027328056
1874,0.00010669013354936418
1875,0.00010704198379308411
1876,0.00011454019777073745
1877,0.00012269456490559825
1878,0.0001569944164797654
1879,0.00018578643815017542
1880,0.00019995422180026478
1881,0.00020784417294866637
1882,0.00019510677148306912
1883,0.00019671624861143666
1884,0.00019065951119532967
1885,0.00018917233636639327
1886,0.00019002475433672683
1887,0.00018320963700341262
1888,0.0001667262983710042
1889,0.00014993152472557336
1890,0.00013714604762607443
1891,0.00013455630303941504
1892,0.00013163451959663256
1893,0.00013167440652366087
1894,0.00013037636440831567
1895,0.00012891322739633012
1896,0.00012428687216471521
1897,0.000125141931653395
1898,0.00012198029834477339
1899,0.00012176422214405048
1900,0.00012365845495014335
1901,0.00013165908571725264
1902,0.00016243171784367775
1903,0.00018545122947203683
1904,0.0002009524515833111
1905,0.0002039392163774112
1906,0.0002016305293427924
1907,0.0001934957094436938
1908,0.00018641670442758965
1909,0.000182443860834836
1910,0.00018036709911101753
1911,0.0001700297812148192
1912,0.00015772585290984087
1913,0.00014632321066460158
1914,0.0001451936974197469
1915,0.00013963832018575734
1916,0.00013661668734948678
1917,0.00013690593360840068
1918,0.0001317533879222136
1919,0.00012877930241617547
1920,0.0001207284828004875
1921,0.00011868553251150099
1922,0.0001190144015456086
1923,0.00011701635706850827
1924,0.00012155633465020093
1925,0.00012919190758185905
1926,0.00015931974507996558
1927,0.00018540051231978892
1928,0.00019514084706973568
1929,0.00019455997718539623
1930,0.00019129664542044415
1931,0.0001809278934559255
1932,0.00018163317885437315
1933,0.00017792052481872467
1934,0.000167551772854206
1935,0.00015701634108203924
1936,0.0001413875336346413
1937,0.0001315243682815941
1938,0.00012359532266166808
1939,0.00012073587905185698
1940,0.00011042471218728649
1941,0.0001049398634931417
1942,0.00010230442063909227
1943,9.936282580871293e-05
1944,8.668908493526018e-05
1945,8.145544463584337e-05
1946,8.054834723574256e-05
1947,7.759935615399375e-05
1948,7.489232815276105e-05
1949,7.2875793047237e-05
1950,7.243518778708321e-05
1951,7.442425110180629e-05
1952,7.13669577678614e-05
1953,6.711833965975965e-05
1954,6.9568083774068e-05
1955,6.684177268890771e-05
1956,6.436772660581389e-05
1957,5.848585770422836e-05
1958,5.4814939658450565e-05
1959,5.1283757933189175e-05
1960,4.792506735593763e-05
1961,4.6146797205244955e-05
1962,4.667642163366724e-05
1963,4.6812195676664276e-05
1964,4.441686684028858e-05
1965,4.343237295264277e-05
1966,4.4792226597290106e-05
1967,4.2900635309543484e-05
1968,4.105685550386392e-05
1969,4.357554324700929e-05
1970,4.2538483144273183e-05
1971,4.255221903967367e-05
1972,4.320942880421962e-05
1973,4.3475958005355823e-05
1974,4.9044806982911226e-05
1975,5.462818431137098e-05
1976,6.26977587073173e-05
1977,6.254877707258903e-05
1978,6.695086739660767e-05
1979,6.374300751692675e-05
1980,6.72778873678729e-05
1981,6.627833682565349e-05
1982,6.648041297914128e-05
1983,6.336764775992523e-05
1984,6.252922983682681e-05
1985,6.560157982534531e-05
1986,6.830121157520852e-05
1987,6.874974139040106e-05
1988,7.208122432868627e-05
1989,7.656995645446175e-05
1990,8.686712327179716e-05
1991,8.99141146841917e-05
1992,8.594708243179974e-05
1993,9.074989108894387e-05
1994,8.922996143251403e-05
1995,9.078819310496442e-05
1996,9.695244031776363e-05
1997,0.0001101272772214992
1998,0.0001440393539024375
1999,0.00017414500264643554
2000,0.00019064339793341758
2001,0.00019617288828761392
2002,0.00019901436957267052
2003,0.00019117909785403624
2004,0.00019261555553072468
2005,0.00019272676345310165
2006,0.00018821637087688693
2007,0.0001823548416665675
2008,0.00017166620183031847
2009,0.0001539196891247353
2010,0.00014938023984671186
2011,0.00014363308838078487
2012,0.00014105549477851822
2013,0.0001347171715067014
2014,0.00013078738466299153
2015,0.00013671521598380173
2016,0.00012955828617648336
2017,0.00012509174280481633
2018,0.00012593465130910335
2019,0.00012167414636844349
2020,0.00012509174280481633
2021,0.00013513453140540825
2022,0.00016415187459075303
2023,0.00019045056709414163
2024,0.00019545069717175032
2025,0.00019885693507923428
2026,0.00019641432306446077
2027,0.0001889324865005542
2028,0.00018577164564743644
2029,0.00018383514854780365
2030,0.00018389880913994815
2031,0.0001749229297994049
2032,0.00015828479819190647
2033,0.00014732936500268663
2034,0.0001381345037912396
2035,0.0001392294131457585
2036,0.00013804997520415973
2037,0.00013188018080283342
2038,0.00012992677798578464
2039,0.0001326979948828311
2040,0.0001253772909380455
2041,0.00012758507197183774
2042,0.00012597717975447792
2043,0.00012292147133154076
2044,0.00012577351868998235
2045,0.0001367331783085562
2046,0.00016675693998382063
2047,0.00019113841847150404
2048,0.00020318083646020404
2049,0.00020022392082341648
2050,0.00019377544623656122
2051,0.00018908437380546332
2052,0.00018892350533817692
2053,0.00018440571651059273
2054,0.00018030158945603062
2055,0.00017546285614937756
2056,0.00016575104979757026
2057,0.00015128186890417421
2058,0.00014020756738937333
2059,0.0001396142823688065
2060,0.00013778027618100805
2061,0.00013051161014764347
2062,0.0001256760466630059
2063,0.00012661880456078103
2064,0.00011801986988824706
2065,0.00011406736598675946
2066,0.00011359876063213545
2067,0.00011166516920268353
2068,0.00011713839521610483
2069,0.00012748231690816876
2070,0.0001549385227508823
2071,0.0001838314504221189
2072,0.0001913787966410124
2073,0.0001956762828385197
2074,0.0001934172563488103
2075,0.0001795244547585651
2076,0.00017434522973708096
2077,0.00016603659793079943
2078,0.00014850114254108128
2079,0.00014623762547018323
2080,0.00013351395989998644
2081,0.0001224275074007928
2082,0.00010949569018491183
2083,0.00010686368130471253
2084,0.00010130011536384961
2085,9.52626610316702e-05
2086,8.698176516802422e-05
2087,8.069072507460522e-05
2088,6.259500364364834e-05
2089,5.7058909493586374e-05
2090,5.4046257819693035e-05
2091,5.215440238011179e-05
2092,5.123436154011437e-05
2093,5.124836158734947e-05
2094,5.375833231995224e-05
2095,5.057530271272604e-05
2096,4.5900871847209476e-05
2097,4.356973190664755e-05
2098,4.295425813197228e-05
2099,4.077342058531174e-05
2100,4.332116503026582e-05
2101,4.1756593713784426e-05
2102,3.8488243063974494e-05
2103,3.6381632182843464e-05
2104,3.722506899079975e-05
2105,3.774967453436417e-05
2106,3.561110128124356e-05
2107,3.91631510014403e-05
2108,4.050504232133317e-05
2109,4.014526752257449e-05
2110,3.8693489039477795e-05
2111,3.8793866736635133e-05
2112,3.7515636008886794e-05
2113,3.840345032506001e-05
2114,3.707661565974074e-05
2115,3.670601063576245e-05
2116,3.44240029364407e-05
2117,3.283195982915835e-05
2118,3.1267916816346214e-05
2119,3.2519996512466727e-05
2120,3.335947104290365e-05
2121,2.7441677491809168e-05
2122,2.7464394549586877e-05
2123,2.5951861144526533e-05
2124,2.5187405735122997e-05
2125,2.414743996220602e-05
2126,2.4079024637038257e-05
2127,2.1546600998492404e-05
2128,2.4106760579673836e-05
2129,2.6634957788865698e-05
2130,2.7302205323127387e-05
2131,2.8056887114649813e-05
2132,2.929496676353522e-05
2133,2.990568580518725e-05
2134,2.9340136727256026e-05
2135,3.0060478780277255e-05
2136,2.8867569095112652e-05
2137,3.079482088053359e-05
2138,2.866337972694785e-05
2139,3.023323408012173e-05
2140,3.220671243660197e-05
2141,3.474811723752506e-05
2142,3.342630145706366e-05
2143,3.235886389334573e-05
2144,3.19029378267837e-05
2145,3.4549739209721996e-05
2146,3.425045518109235e-05
2147,3.4076379122074755e-05
2148,3.561136543307819e-05
2149,3.233641098740264e-05
2150,3.375332142832889e-05
2151,3.241776975246701e-05
2152,3.136512469148806e-05
2153,2.8783040508032786e-05
2154,3.1932522832261655e-05
2155,3.316584774812382e-05
2156,3.46754754830033e-05
2157,3.40156242001111e-05
2158,3.361781153716648e-05
2159,3.652585908454849e-05
2160,4.037006073384e-05
2161,4.054413679285761e-05
2162,4.0281305717406146e-05
2163,4.263014383088792e-05
2164,4.454603708742e-05
2165,4.896397652151611e-05
2166,5.3819615545585146e-05
2167,5.218108171540887e-05
2168,5.5092034932971745e-05
2169,5.4407617529459455e-05
2170,5.2066439819181806e-05
2171,5.764110013709895e-05
2172,5.975272990308784e-05
2173,5.847265011249713e-05
2174,5.8772462444796024e-05
2175,5.761336419446337e-05
2176,5.592437736387381e-05
2177,5.516203516914726e-05
2178,5.444591954548002e-05
2179,6.37305923806994e-05
2180,6.898589313055544e-05
2181,8.066642310581975e-05
2182,8.585806326353126e-05
2183,8.776471120585149e-05
2184,9.386952425586016e-05
2185,9.55593035419536e-05
2186,9.731168681285307e-05
2187,0.00010586650812900473
2188,0.00011547978584649708
2189,0.0001513946617375589
2190,0.0001804120049229037
2191,0.00019970380586104068
2192,0.00020344630905400174
2193,0.00020657228186494902
2194,0.00019696930606900702
2195,0.00019833787672419697
2196,0.00019397699408637978
2197,0.00018970592307233493
2198,0.00018811625733156423
2199,0.00017373768051744443
2200,0.0001603771448739678
2201,0.00014564566120878956
2202,0.00014419784500321222
2203,0.00014107107973676108
2204,0.00013883609106400249
2205,0.0001352510223644777
2206,0.00013122746161947608
2207,0.00012700393793566364
2208,0.00012661140830941153
2209,0.00012158301398549801
2210,0.00011954719579604637
2211,0.0001246210242355153
2212,0.00013106289502650496
2213,0.0001605815983939672
2214,0.00018530330444464706
2215,0.00019615281274818245
2216,0.00019524677195542013
2217,0.00019800266804605838
2218,0.00019316208567656294
2219,0.0001968871548484388
2220,0.00019515669617981317
2221,0.0001920824971284523
2222,0.0001870887066948746
2223,0.00017348409475620482
2224,0.00015759351284069394
2225,0.00014017930314306847
2226,0.00014038983215526428
2227,0.00014064130470182686
2228,0.00013747095438266266
2229,0.00013591034534370062
2230,0.0001375187658647297
2231,0.0001301724391919855
2232,0.00012584510383716562
2233,0.00012307150957360753
2234,0.00012061938809278755
2235,0.00012063470889919577
2236,0.00012961745618743925
2237,0.00016535006731261014
2238,0.00019526288521733222
2239,0.0002049612198255737
2240,0.0002083376085757451
2241,0.0002096150468479896
2242,0.00020273072173400376
2243,0.00020448099179022622
2244,0.00020157479330568657
2245,0.00020085630031550772
2246,0.00019727492974166768
2247,0.00018456552837054063
2248,0.00017028468773523192
2249,0.00015209281503647168
2250,0.00014660215500196516
2251,0.00014155183607577782
2252,0.00013839627825935257
2253,0.000135529438398172
2254,0.00013343656341244144
2255,0.00013023108089927217
2256,0.00012867364168232562
2257,0.00012471242077029542
2258,0.00011605431608680554
2259,0.00011725488617517427
2260,0.00012710008920346701
2261,0.00015358870687595067
2262,0.00017844697942513146
2263,0.0001935709927165618
2264,0.00019238574343460134
2265,0.00019158325016101183
2266,0.0001898945274822569
2267,0.00018603183520454167
2268,0.00018207801054388094
2269,0.0001697270632123394
2270,0.00015803015582332836
2271,0.00013958786718534403
2272,0.0001290870393035131
2273,0.00011876715542839999
2274,0.00011129509248237447
2275,0.00010509650553107407
2276,0.00010233453394823946
2277,0.00010388853919133587
2278,0.00010352163229304232
2279,9.095777858279341e-05
2280,8.493907903087235e-05
2281,8.349918738033376e-05
2282,7.798264046603402e-05
2283,7.67575042570452e-05
2284,7.611112471771886e-05
2285,7.831916990334574e-05
2286,7.581421805560083e-05
2287,7.493538490180486e-05
2288,7.255035798697953e-05
2289,6.834928720911019e-05
2290,6.430512262100786e-05
2291,5.79361577363746e-05
2292,5.273183829060112e-05
2293,5.05092647540699e-05
2294,5.2115572060421973e-05
2295,4.710778157960918e-05
2296,4.7513254645757914e-05
2297,4.5358303978890584e-05
2298,4.310561713321216e-05
2299,4.688562988668991e-05
2300,4.582849424452234e-05
2301,4.924635483272978e-05
2302,4.5346945450001724e-05
2303,4.205323622406783e-05
2304,4.311644735843177e-05
2305,4.634332617020564e-05
2306,4.499218953610092e-05
2307,4.421848881248551e-05
2308,4.878937215882926e-05
2309,5.519426169297146e-05
2310,5.733521231260368e-05
2311,6.517471046059199e-05
2312,6.638637492601494e-05
2313,6.981163176559188e-05
2314,7.201175239618e-05
2315,7.138993897747373e-05
2316,7.036555816279961e-05
2317,7.244707461964131e-05
2318,7.635176703906185e-05
2319,7.073959716062802e-05
2320,7.245711238935705e-05
2321,7.207699789933226e-05
2322,7.82306790387465e-05
2323,8.367828232420921e-05
2324,8.484372021857286e-05
2325,9.429586531694424e-05
2326,9.974452520974546e-05
2327,9.435873345358487e-05
2328,9.971731757077912e-05
2329,9.504156594608942e-05
2330,9.545258620076526e-05
2331,9.833976575321193e-05
2332,0.0001102495795209304
2333,0.00014168285538575159
2334,0.000174805382232997
2335,0.00018686074366159358
2336,0.0001900009806716106
2337,0.00019087770061072958
2338,0.00018349069455545318
2339,0.0001786936972386708
2340,0.00018150981994760347
2341,0.00017981317271380977
2342,0.00017254345007310668
2343,0.00015488939050964213
2344,0.0001399315287221906
2345,0.00012855847148242932
2346,0.00012691174894537968
2347,0.00012367905879324406
2348,0.0001228414333256495
2349,0.0001187919857008547
2350,0.00011884349530860648
2351,0.00011237494518231977
2352,0.00011113316740774962
2353,0.00010942727485974408
2354,0.00010468205130254812
2355,0.00010720972020807072
2356,0.00011710009320008426
2357,0.00014622705939679824
2358,0.00016963566667755933
2359,0.0001812007623010927
2360,0.00017907645324704183
2361,0.0001739405491264361
2362,0.00016953185500655186
2363,0.00016778871704986427
2364,0.000167076827855551
2365,0.00016666501514537126
2366,0.00016452063055188895
2367,0.0001516548512946641
2368,0.00013822457956684658
2369,0.00012675140878176257
2370,0.00012303954720161795
2371,0.00012048018007594039
2372,0.00011896500515253379
2373,0.00011822775738209659
2374,0.00011595314593414435
2375,0.00011145622510149547
2376,0.00010836538448455327
2377,0.00010530465717675825
2378,0.00010131147389273847
2379,0.00010372555750937252
2380,0.00011626405264349747
2381,0.0001512612650610735
2382,0.00017620116052715327
2383,0.00018313778770439473
2384,0.00018549428622108063
2385,0.0001856710037984445
2386,0.00017587836698524205
2387,0.00017719516388084555
2388,0.00017432568250131875
2389,0.00017191107058101547
2390,0.00016325824893421808
2391,0.0001551094289878844
2392,0.00014281395354161404
2393,0.00013018459017637824
2394,0.00012262245145474576
2395,0.00011943862939201567
2396,0.00012570721657949159
2397,0.00012319645339138496
2398,0.00012175999571469648
2399,0.00011832205958705757
2400,0.0001176033024450441
2401,0.0001143708764447431
2402,0.00010985467252816664
2403,0.00011236702062728103
2404,0.00012435898561556774
2405,0.00015425780347305476
2406,0.00017845041339898158
2407,0.00019003981099130043
2408,0.00019546601797815853
2409,0.00019762096864502587
2410,0.00018375352563090465
2411,0.00018447228277291812
2412,0.00018507402065219292
2413,0.0001765205200952144
2414,0.00016764871657751323
2415,0.00015281896842985466
2416,0.00013989613237635093
2417,0.00012624635047396037
2418,0.0001251873657689504
2419,0.00012529646047665038
2420,0.00012789597868119085
2421,0.00012288237686001633
2422,0.00012099527615345833
2423,0.00011594442892360173
2424,0.00011823224796328522
2425,0.00011434815938696539
2426,0.00010916127396227712
2427,0.00011267554997012253
2428,0.00012370256830652565
2429,0.00015615203627914763
2430,0.0001803451745087437
2431,0.00018710693317146372
2432,0.0001936687288953729
2433,0.00019118041861320933
2434,0.00017653821826813423
2435,0.00018169948096486392
2436,0.00017715210713180178
2437,0.00017069834950825401
2438,0.00015505633446912486
2439,0.00014137485434657934
2440,0.00012644103037607866
2441,0.00011565201284267232
2442,0.0001077705145529787
2443,0.00010117437909056831
2444,9.932980682938486e-05
2445,9.13682705338e-05
2446,8.476975770487798e-05
2447,7.568927423782341e-05
2448,7.255854669385289e-05
2449,7.182077061974643e-05
2450,7.021578407256748e-05
2451,6.86900430757759e-05
2452,6.83450607797562e-05
2453,7.108722097499396e-05
2454,6.931027158347442e-05
2455,6.439176442276473e-05
2456,6.255749408313164e-05
2457,5.961880492293319e-05
2458,5.8554273029396125e-05
2459,5.3465387935353583e-05
2460,5.26639512691026e-05
2461,4.6419137746742896e-05
2462,4.1579347832751334e-05
2463,4.1913764055386055e-05
2464,4.052643861993776e-05
2465,3.6659519912868524e-05
2466,3.5445213929099326e-05
2467,3.975009637797612e-05
2468,4.1492970182829096e-05
2469,4.128613929631805e-05
2470,3.839631822552514e-05
2471,3.8374129471416676e-05
2472,4.031538130407272e-05
2473,3.8665224793172964e-05
2474,3.5712007282070156e-05
2475,3.723299354583849e-05
2476,4.352324118375362e-05
2477,4.9044542831076604e-05
2478,5.4070823940313115e-05
2479,5.309716027788691e-05
2480,5.640302048821354e-05
2481,6.353115774555784e-05
2482,6.33113834191502e-05
2483,6.361040329594522e-05
2484,6.144858468137765e-05
2485,6.252447510380356e-05
2486,6.240851244840338e-05
2487,5.985178684107206e-05
2488,6.0464354945566465e-05
2489,6.387006454938118e-05
2490,6.482761494989528e-05
2491,7.384206045829373e-05
2492,8.00081567339353e-05
2493,8.956913238817198e-05
2494,9.174283783529766e-05
2495,9.115272263674635e-05
2496,9.487752765678756e-05
2497,9.462024376986322e-05
2498,9.39162791305887e-05
2499,9.771557496799404e-05
2500,0.00010801247763349483
2501,0.00013878643051909307
2502,0.00016500957559777905
2503,0.00018388824306656319
2504,0.0001894507524000876
2505,0.00019121713571822215
2506,0.0001822988414776271
2507,0.00017868128210244346
2508,0.00017650282192229453
2509,0.00017194408956034354
2510,0.00016352266492067729
2511,0.00014252734880104638
2512,0.00013012251449524145
2513,0.00012542378166093942
2514,0.00011630393957052578
2515,0.00011431989514066056
2516,0.00011758956654964361
2517,0.00011654563849920727
2518,0.0001187209288573407
2519,0.00011443744270706849
2520,0.0001093361424767986
2521,0.00010408506815629657
2522,0.00010155238036591607
2523,0.00010767225007049836
2524,0.00011820134219863414
2525,0.00014934325858986442
2526,0.00017079053849853798
2527,0.00018986837645062907
2528,0.00019342518090384903
2529,0.00018774301078923968
2530,0.00017774618460787245
2531,0.00018084098750233404
2532,0.0001760693487616756
2533,0.00017481542000271272
2534,0.00016801430271663363
2535,0.00015125730278355413
2536,0.0001370438208660747
2537,0.00012637552072109178
2538,0.0001235269073365003
2539,0.00012463132615706568
2540,0.0001289763596848054
2541,0.00012315656646435665
2542,0.00012394796536089188
2543,0.00012111889921206263
2544,0.00012016848091108338
2545,0.00011963595081248022
2546,0.00011499163325611086
2547,0.00012230863907521173
2548,0.00013014972213420777
2549,0.00015910551794208504
2550,0.00018592036313033007
2551,0.00019636439836771672
2552,0.00019524914932193176
2553,0.00018587387240743617
2554,0.00017787244918482297
2555,0.00017309209343362197
2556,0.00017232975123889543
2557,0.00017176922104582206
2558,0.0001647866314493559
2559,0.00015200643738654945
2560,0.00013493377601109358
2561,0.00012810650769338666
2562,0.00012292543360906014
2563,0.00012528351703675376
2564,0.00012574287707716592
2565,0.00012540159290683095
2566,0.00012436638186693724
2567,0.00011678575251688102
2568,0.00011391600698551957
2569,0.00011082912864609672
2570,0.00010935040667586832
2571,0.00011416193234355506
2572,0.00012534955499540992
2573,0.00015262111870572085
2574,0.00017166514522297998
2575,0.00018499688831648256
2576,0.0001857550040818551
2577,0.0001791308685249745
2578,0.00017296292318649053
2579,0.0001773985607935065
2580,0.00017603685808601679
2581,0.00016842611542681337
2582,0.00016336443797173715
2583,0.00014814612247534582
2584,0.00013654800787248438
2585,0.00012778820473266403
2586,0.00012400317309432842
2587,0.00012211871390611668
2588,0.00012420023036295837
2589,0.00012127157897247563
2590,0.00012176395799221585
2591,0.00012096965342549974
2592,0.00012043210444203872
2593,0.00011453068830469097
2594,0.00010888232962491356
2595,0.00011400793182396892
2596,0.00012230203527934612
2597,0.00014979046764588384
2598,0.00017805894038006793
2599,0.00018785527531895514
2600,0.00018757712343709548
2601,0.00018631210030107834
2602,0.00017424987092478148
2603,0.00017734335306006995
2604,0.00016955113809047947
2605,0.00016197922575096586
2606,0.00015100345287047992
2607,0.00013824993814297055
2608,0.00012131595648069257
2609,0.00010937761431483466
2610,0.000108607611716904
2611,0.00010013626238049369
2612,0.00010854870585778272
2613,0.00010468337206172124
2614,9.941803354214948e-05
2615,8.78788247984093e-05
2616,8.753463495789347e-05
2617,8.307363877475356e-05
2618,7.78814703133728e-05
2619,7.519874428092555e-05
2620,7.59008598573577e-05
2621,7.670652295296267e-05
2622,7.7758903862107e-05
2623,6.868845816476815e-05
2624,7.261269781995093e-05
2625,7.104073025210004e-05
2626,7.138333518160811e-05
2627,7.000419845303318e-05
2628,6.397519697956177e-05
2629,6.0285524153525626e-05
2630,5.436033435106166e-05
2631,4.675144075470062e-05
2632,3.980741732608965e-05
2633,3.129565275898179e-05
2634,2.958843945180313e-05
2635,3.413845480321153e-05
2636,4.036345693797439e-05
2637,4.103783657177094e-05
2638,4.116806342624086e-05
2639,3.900016931947693e-05
2640,4.06299861391106e-05
2641,4.282640864401398e-05
2642,4.407505436628437e-05
2643,4.456162204566285e-05
2644,4.813823788647967e-05
2645,4.938027981288444e-05
2646,5.171406127179261e-05
2647,4.72369518267406e-05
2648,4.817363423231936e-05
2649,5.1953118682127855e-05
2650,5.335734983499213e-05
2651,5.6222868936999575e-05
2652,5.230074249649381e-05
2653,4.962382780440831e-05
2654,4.794065231418049e-05
2655,4.748023566642984e-05
2656,5.295583904636276e-05
2657,5.656600217017691e-05
2658,6.19993412565699e-05
2659,6.789098377603655e-05
2660,7.871830332546348e-05
2661,9.08492121787627e-05
2662,9.76397633914568e-05
2663,9.732700761926129e-05
2664,0.00010251442134761881
2665,0.00010094483114627956
2666,0.00010488544821520904
2667,0.00010584590428590401
2668,0.00011579227746685797
2669,0.00015154100185394093
2670,0.00017975162533634227
2671,0.00019384544647273674
2672,0.00019940372937690717
2673,0.00019756364769691234
2674,0.00018660689374851936
2675,0.00018570613599244953
2676,0.00017826233729272887
2677,0.00017746248553748563
2678,0.0001696235156931666
2679,0.00015552493982374886
2680,0.0001415542134422894
2681,0.00012480698712709102
2682,0.00012149161745071791
2683,0.00012137882461733323
2684,0.00012515461094145697
2685,0.00012535774370228328
2686,0.00012278411237753598
2687,0.0001194357237218348
2688,0.00012153150437774622
2689,0.00011295581506665923
2690,0.00010857406443390668
2691,0.00011259445535689279
2692,0.00012270037624595998
2693,0.00015430746401796415
2694,0.0001737305484179096
2695,0.00019015762270954296
2696,0.00019140468352080563
2697,0.00019135660788690396
2698,0.0001802294760051781
2699,0.00018071974181024133
2700,0.00017972019126802195
2701,0.0001796303796442496
2702,0.00016740648934516247
2703,0.00015444218145362269
2704,0.00014162210046378794
2705,0.0001256115936153575
2706,0.00012919085097452056
2707,0.00012851382982237774
2708,0.00012684914496057366
2709,0.00012383887065319193
2710,0.00012283245216327228
2711,0.00011511499216288054
2712,0.00011734707516545825
2713,0.0001136241192082594
2714,0.00010905931135411204
2715,0.00011626088282148196
2716,0.00012623763346341775
2717,0.0001569944164797654
2718,0.00018031215552941562
2719,0.000192029930913362
2720,0.00019502250704782386
2721,0.0001928614808887602
2722,0.00018590372156474872
2723,0.00018553073917425882
2724,0.00018129823432806917
2725,0.00017979071980786667
2726,0.0001722240905050456
2727,0.00015692441624358988
2728,0.00014156240214916276
2729,0.00013098100795777134
2730,0.0001271074854548365
2731,0.00011948670502591734
2732,0.0001244886841663684
2733,0.00012004591445981758
2734,0.00011751507573227949
2735,0.00011380823303699274
2736,0.00011340962791854425
2737,0.00011450902785425175
2738,0.00011162158414997047
2739,0.00011645688348277341
2740,0.00012215094042994086
2741,0.00015433519996059975
2742,0.00017799105335856942
2743,0.000185577758200822
2744,0.0001845739812292486
2745,0.00017954320953882347
2746,0.00017413311581387743
2747,0.00017150744657770908
2748,0.00016839890778784703
2749,0.00016275319062641588
2750,0.00015705173742787894
2751,0.00014664521175100894
2752,0.00013312063781823044
2753,0.00012087667197971188
2754,0.00011553420112442974
2755,0.00011614703338075877
2756,0.00012105655937909124
2757,0.00011838492772369822
2758,0.00011748020769010903
2759,0.00011843775809062313
2760,0.00011653348751481455
2761,0.00011627990175357494
2762,0.00010959580373023456
2763,0.00011544095552680727
2764,0.00012105603107542198
2765,0.00014992254356319614
2766,0.00017306567825015948
2767,0.00018277484308362057
2768,0.00018236725680279486
2769,0.00017667293570379275
2770,0.0001662172777856826
2771,0.00016270907727003356
2772,0.00015430455834778328
2773,0.0001478523856352433
2774,0.00013974133940126092
2775,0.0001256654805896209
2776,0.0001107171282682159
2777,9.862584219011035e-05
2778,9.305699321255495e-05
2779,9.346722101172692e-05
2780,9.625217380417387e-05
2781,9.104600529555801e-05
2782,8.558545857019869e-05
2783,7.722980773735396e-05
2784,7.392157016051572e-05
2785,7.26993396217078e-05
2786,7.162371335111649e-05
2787,7.032672784310979e-05
2788,7.030691645551295e-05
2789,7.016480276848493e-05
2790,7.015899142812318e-05
2791,6.810996564694032e-05
2792,6.569403296746391e-05
2793,5.8419819745572215e-05
2794,5.550411179498609e-05
2795,5.04329248738634e-05
2796,5.00826595411512e-05
2797,4.565732385568561e-05
2798,4.3659807682254536e-05
2799,4.20722551561608e-05
2800,3.84206201943106e-05
2801,3.459649408445055e-05
2802,3.312913064311101e-05
2803,3.2645732785748025e-05
2804,3.590563057684997e-05
2805,3.666902937891501e-05
2806,3.461049413168565e-05
2807,3.349313187122368e-05
2808,3.8236242213742645e-05
2809,3.541325155710975e-05
2810,3.63776699053241e-05
2811,3.646536831441946e-05
2812,3.884009330769444e-05
2813,4.410067709424295e-05
2814,5.0096395436551684e-05
2815,5.311776412098763e-05
2816,5.411229577834918e-05
2817,5.941672876944538e-05
2818,6.47031994357871e-05
2819,6.0605147873421366e-05
2820,6.537784322141829e-05
2821,6.522199363898978e-05
2822,6.500776650110926e-05
2823,6.248855045429463e-05
2824,6.46065198643145e-05
2825,6.753781277314348e-05
2826,6.763739801479695e-05
2827,7.207356392548216e-05
2828,7.90698894173488e-05
2829,8.616130956968028e-05
2830,8.556485472709797e-05
2831,8.62033097113856e-05
2832,9.16400827716287e-05
2833,8.829909036729701e-05
2834,9.184347968428963e-05
2835,9.271782225689698e-05
2836,0.0001050312600279218
2837,0.00014093953212311803
2838,0.0001680848312564784
2839,0.00018054434499205062
2840,0.00018822165391357943
2841,0.00019021626441682963
2842,0.0001799647958668843
2843,0.00018333986385788255
2844,0.00018101981829437487
2845,0.0001703372539503222
2846,0.00016348700442300298
2847,0.00015456316299388077
2848,0.0001425310469267311
2849,0.00012754333598196706
2850,0.00012299305647872402
2851,0.00012309739645340072
2852,0.00012636759616605303
2853,0.00012133735277929716
2854,0.00011974742288669181
2855,0.00011206641583947826
2856,0.00011007920158759754
2857,0.00010816145926822309
2858,0.00010328019751619546
2859,0.0001071106632700865
2860,0.00011538680440070923
2861,0.00015239553303895146
2862,0.00017449526797914773
2863,0.0001875303685623669
2864,0.00019050313330923194
2865,0.00018607225043523921
2866,0.00017685467216601447
2867,0.00017635436859123554
2868,0.00017324371658669646
2869,0.00017277299801739544
2870,0.00015714128489981667
2871,0.00014458799726295275
2872,0.00013466698265812273
2873,0.00011695348893186763
2874,0.0001118046413713653
2875,0.0001124967191780817
2876,0.00011094244978315068
2877,0.00010620224511081257
2878,9.821297287259214e-05
2879,7.604218108888185e-05
2880,6.28514950750688e-05
2881,5.590218860976534e-05
2882,5.245025243489132e-05
2883,5.4781656527287866e-05
2884,5.3238481509411066e-05
2885,5.883612303694055e-05
2886,6.064054421926106e-05
2887,6.0366618766755374e-05
2888,6.058665724499765e-05
2889,6.195020901532973e-05
2890,5.307180170176296e-05
2891,5.729902351126012e-05
2892,5.86517450563726e-05
2893,5.688879571208815e-05
2894,5.30733866127707e-05
2895,5.155768338569486e-05
2896,4.8121860472732945e-05
2897,4.5838796166072696e-05
2898,5.099794564812538e-05
2899,5.432388139788347e-05
2900,6.0402543416264314e-05
2901,6.564199505604287e-05
2902,7.053118136310923e-05
2903,8.266076945723534e-05
2904,8.737746461629184e-05
2905,8.25831088178557e-05
2906,7.998094909496896e-05
2907,8.574870440399669e-05
2908,9.070683433990006e-05
2909,0.00012421528701753195
2910,0.00015376700936432227
2911,0.0001682287940063488
2912,0.00016814135974908806
2913,0.00016880332424665728
2914,0.00016463764981462762
2915,0.00016366742012605156
2916,0.00016330817363096212
2917,0.00016517784031643492
2918,0.00015794932536193325
2919,0.00014560207615607647
2920,0.0001264177850146317
2921,0.00010820953490212476
2922,0.00010519318510254666
2923,0.00010244204374493167
2924,0.00010598035756972792
2925,0.00010281846010927169
2926,9.879437106060084e-05
2927,9.516624561203222e-05
2928,9.580628550732759e-05
2929,9.263223706247862e-05
2930,8.833607162414444e-05
2931,9.318933328170187e-05
2932,9.816384063135195e-05
2933,0.00012686552237432038
2934,0.00015148605827233904
2935,0.0001651432364260991
2936,0.0001655764454348834
2937,0.00016413602548067554
2938,0.00015947453805505559
2939,0.00015991276594869776
2940,0.00015973763328234168
2941,0.00015216704170200118
2942,0.00013845412751113534
2943,0.00012376913456885104
2944,0.00010924870821953785
2945,9.45513001410262e-05
2946,8.874735603065492e-05
2947,8.457587025826355e-05
2948,8.363390481599229e-05
2949,8.10742735384801e-05
2950,8.168816240214763e-05
2951,6.909208216807452e-05
2952,6.329104372788411e-05
2953,6.303587305563676e-05
2954,6.12599802714557e-05
2955,6.159069836840568e-05
2956,6.0952771687787315e-05
2957,6.497897395113517e-05
2958,6.589056193242459e-05
2959,6.310692989915077e-05
2960,6.151937737305704e-05
2961,6.280896662969424e-05
2962,6.0132844393112614e-05
2963,5.994793810887541e-05
2964,6.158541533171318e-05
2965,6.380191337604803e-05
2966,5.129115418455866e-05
2967,4.2264821843602125e-05
2968,3.514962802615442e-05
2969,3.116965233386587e-05
2970,2.7652998959508828e-05
2971,3.19362209579464e-05
2972,3.776895761829176e-05
2973,3.534272301726499e-05
2974,3.586336628331004e-05
2975,3.600732903318043e-05
2976,3.5405327002071014e-05
2977,3.219271238936687e-05
2978,3.137938889055778e-05
2979,3.170482395081527e-05
2980,3.476502295494103e-05
2981,3.570883746005466e-05
2982,3.449479562812009e-05
2983,4.0791911213735464e-05
2984,4.651634562188474e-05
2985,5.271493257318515e-05
2986,5.5124525608630576e-05
2987,5.815461130360913e-05
2988,5.338191595561221e-05
2989,5.67012479095047e-05
2990,5.6941361927178436e-05
2991,5.727208002412841e-05
2992,6.014737274401697e-05
2993,6.096624343135317e-05
2994,6.392157415713297e-05
2995,7.117254201757771e-05
2996,7.868871831998551e-05
2997,8.720550177195124e-05
2998,9.549881277182457e-05
2999,9.755787632272318e-05
3000,0.00010180755103816343
3001,0.00010039116890090644
3002,0.00010194464584033358
3003,0.00010234483586978981
3004,0.00010784500537034284
3005,0.00013698068857759943
3006,0.00016793452886257703
3007,0.00019052373715233264
3008,0.00019792183758466327
3009,0.00019670489008254783
3010,0.00019049098232483918
3011,0.00019039060462768185
3012,0.0001871156501820063
3013,0.00018278276763865933
3014,0.00017397885114245668
3015,0.00015784524953909115
3016,0.00013911714861604305
3017,0.00013207221918660548
3018,0.00012803307348336102
3019,0.00012292569776089476
3020,0.00012592963242424548
3021,0.00012580363199912956
3022,0.00012148448535118305
3023,0.00011991780082002467
3024,0.00011729899953155656
3025,0.00011057897685870724
3026,0.00010736768300517622
3027,0.00011251970038769403
3028,0.00012005859374787957
3029,0.00015041888486045572
3030,0.0001748624390292759
3031,0.00017997377702926154
3032,0.00018931788402727143
3033,0.0001865471954338942
3034,0.00017700655947092361
3035,0.00018004483387277554
3036,0.0001798197765096754
3037,0.00018226608665013362
3038,0.00017350998163599804
3039,0.00016238971770197246
3040,0.00014640932416268922
3041,0.00013493113449274732
3042,0.00013162051954939744
3043,0.00012971123008873096
3044,0.00012705756075809244
3045,0.00012368222861525955
3046,0.00012235248827975942
3047,0.0001160580142124903
3048,0.0001166095632431864
3049,0.00011505423724091688
3050,0.00011067776964485684
3051,0.00011411861144267662
3052,0.0001216892030230171
3053,0.0001520296827479964
3054,0.0001788313203445102
3055,0.00018999754669776048
3056,0.0001890080339252568
3057,0.00019064551114809458
3058,0.00017964015326213067
3059,0.00018342782641881254
3060,0.00017938260522337173
3061,0.00017386579415723736
3062,0.00016491606584832194
3063,0.000156697773969482
3064,0.00013686948065522249
3065,0.00012628623740098868
3066,0.00012386396507748127
3067,0.00012193829820306807
3068,0.00012347486942507926
3069,0.00011503785982717017
3070,0.00010600782936052888
3071,8.60884036633239e-05
3072,8.217552253702998e-05
3073,7.589267115048433e-05
3074,7.20450355273427e-05
3075,7.148873176362333e-05
3076,7.060487972496948e-05
3077,7.397440052744063e-05
3078,7.748920483895529e-05
3079,7.782335690975539e-05
3080,7.665131521952614e-05
3081,7.438674154128961e-05
3082,8.03734787212211e-05
3083,7.837675500329389e-05
3084,7.680029685425439e-05
3085,7.269986792537704e-05
3086,6.985838664032042e-05
3087,6.695826364797715e-05
3088,6.349364818504116e-05
3089,5.922812435952343e-05
3090,5.6865286198806555e-05
3091,5.410331461597195e-05
3092,5.5886867803357115e-05
3093,5.70269471215968e-05
3094,5.5446262543203314e-05
3095,5.603426452707763e-05
3096,5.905061432665571e-05
3097,5.574792393834458e-05
3098,5.6228416125526694e-05
3099,5.925216217647427e-05
3100,6.395908371764966e-05
3101,8.001053410044692e-05
3102,9.475179138350627e-05
3103,9.867180460933503e-05
3104,0.00010035207442938199
3105,9.718278071755627e-05
3106,9.630632493027191e-05
3107,9.135664785307653e-05
3108,9.240268911818985e-05
3109,9.096623144150139e-05
3110,7.269326412951142e-05
3111,6.429191502927663e-05
3112,5.558441395271197e-05
3113,4.5395285235738025e-05
3114,4.1997500186962044e-05
3115,4.014209770055899e-05
3116,4.263014383088792e-05
3117,4.1429309590684576e-05
3118,4.15360269318729e-05
3119,3.918877372939888e-05
3120,4.079323197290859e-05
3121,4.106055362954866e-05
3122,4.0383004173736615e-05
3123,4.291622026778634e-05
3124,3.8974810743352976e-05
3125,3.7313559855398986e-05
3126,3.5818724623258486e-05
3127,3.974058691192963e-05
3128,4.024036218303934e-05
3129,3.954960513549606e-05
3130,3.286603541582492e-05
3131,2.608393706183882e-05
3132,2.3800872755178575e-05
3133,2.1785922560662276e-05
3134,2.1709582680455767e-05
3135,2.5473482172021417e-05
3136,2.312781388055514e-05
3137,2.1065844659475666e-05
3138,1.693001938475861e-05
3139,1.8897422249042486e-05
3140,2.4428497514246577e-05
3141,2.5001178691712665e-05
3142,2.320917264561951e-05
3143,2.487570657026599e-05
3144,2.5279330573572347e-05
3145,2.4770309988250782e-05
3146,2.393109960964849e-05
3147,2.2565170472804785e-05
3148,2.3230833096058725e-05
3149,2.8370699494183812e-05
3150,3.252290218264759e-05
3151,3.459332426243505e-05
3152,3.441502177406347e-05
3153,4.1845877033887534e-05
3154,4.1664404723500454e-05
3155,4.476290574364678e-05
3156,4.504369914385271e-05
3157,5.035684914549152e-05
3158,5.0052282080169384e-05
3159,5.215545898745029e-05
3160,5.2593158577423216e-05
3161,5.1516739851328056e-05
3162,5.168579702548779e-05
3163,5.64455489335881e-05
3164,6.381512096777926e-05
3165,7.560897208009754e-05
3166,8.199167286013128e-05
3167,7.948592855688251e-05
3168,8.408058556834245e-05
3169,8.271650549434111e-05
3170,8.443402072307014e-05
3171,8.728686053701562e-05
3172,9.576507782112616e-05
3173,0.00012448498604068366
3174,0.0001505765835057266
3175,0.00017150876733688222
3176,0.0001762854249623985
3177,0.00017871165956342527
3178,0.00017939713357427605
3179,0.00018535613481157197
3180,0.00018276691852858184
3181,0.00017699837076405025
3182,0.00016736633826629956
3183,0.00015799291041464631
3184,0.00013643310182442269
3185,0.00011901255248276622
3186,0.00011920855314405767
3187,0.00011219769930128667
3188,0.00011341570341074062
3189,0.00011166833902469901
3190,0.00010611533915722109
3191,9.780617904727029e-05
3192,0.00010052984861408433
3193,9.587681404717234e-05
3194,9.711595030339624e-05
3195,0.00010006652629615282
3196,0.00010595341408259622
3197,0.00014003903851888283
3198,0.00016491289602630642
3199,0.00017861920642130668
3200,0.0001847871517597906
3201,0.00018605692962883098
3202,0.00018487115204320124
3203,0.00018505711493477697
3204,0.00018348514736692609
3205,0.00018167412238873995
3206,0.0001704349901291333
3207,0.00016004167204399457
3208,0.00014083677705944907
3209,0.0001199236121603864
3210,0.00011722371625868856
3211,0.00011570933379078585
3212,0.00012044214221175445
3213,0.00011608548600329125
3214,0.00011426627231823177
3215,0.00010552258244032353
3216,0.00010691624751980281
3217,0.00010165196560756955
3218,0.00010328468809738408
3219,0.00010430563493820809
3220,0.00010919693445995144
3221,0.00014373505098894997
3222,0.00016821400150360984
3223,0.00018073242109830333
3224,0.00018290691900093288
3225,0.00018522458719792893
3226,0.00018014072098874426
3227,0.00018179800959917887
3228,0.00018551462591234673
3229,0.00018880199549424964
3230,0.00017055570751755674
3231,0.00016257673720088665
3232,0.00015032009207430612
3233,0.00013130142413317095
3234,0.00012627514302393446
3235,0.00012321573647531254
3236,0.00012090361546684359
3237,0.00011674348822334109
3238,0.00011435132920898088
3239,0.00010886648051483609
3240,0.00011302951342851947
3241,0.00011143747032123713
3242,0.00011116512977973918
3243,0.00011099343108723321
3244,0.00011533186081910732
3245,0.0001436655790564437
3246,0.0001728916021911419
3247,0.00018564907919617064
3248,0.00018741916063998995
3249,0.0001923609131621466
3250,0.00018783916205704305
3251,0.0001877902939676375
3252,0.00019037686873228136
3253,0.00019094875745424362
3254,0.00017925105760972868
3255,0.00017736078708115518
3256,0.00015044741325859516
3257,0.0001321411628154425
3258,0.00013110991405306812
3259,0.00012782043125648824
3260,0.00012838016899405772
3261,0.0001235836999809446
3262,0.00011819500255460315
3263,0.00010986471029788238
3264,0.00010512371317004041
3265,0.00010143668186235051
3266,9.522488731931889e-05
3267,9.699972349616143e-05
3268,9.804576476127478e-05
3269,0.0001282573383909573
3270,0.00015200564493104556
3271,0.0001628781344441933
3272,0.00016161865849670333
3273,0.00016687369509472473
3274,0.00016062439099117636
3275,0.0001643750828910108
3276,0.00016399391179364756
3277,0.00015708924698839562
3278,0.00014270776450409496
3279,0.00012834582925555653
3280,0.00011519001128391392
3281,0.00010034652724085488
3282,9.567183222350367e-05
3283,8.969645357246103e-05
3284,8.80357309881763e-05
3285,8.237733453868317e-05
3286,8.028393124928337e-05
3287,6.75895865327299e-05
3288,6.599093962958193e-05
3289,6.317983580550715e-05
3290,5.6762002831468346e-05
3291,5.704966417937451e-05
3292,5.534377163136898e-05
3293,5.846736707580464e-05
3294,5.9816918798901624e-05
3295,6.575690110410455e-05
3296,6.57788257063784e-05
3297,6.397229130938089e-05
3298,5.5909584861134826e-05
3299,5.5824792122220335e-05
3300,4.9148354502084064e-05
3301,4.892012731696843e-05
3302,4.2797880245874526e-05
3303,4.116013887120212e-05
3304,3.554849729643754e-05
3305,3.233297701355252e-05
3306,3.006021462844263e-05
3307,2.966610009118276e-05
3308,3.0290555028235265e-05
3309,3.093482135288462e-05
3310,2.8495379160126616e-05
3311,2.665186350628167e-05
3312,2.960164704353436e-05
3313,2.6665335249847522e-05
3314,2.4951518146803247e-05
3315,2.223101840200469e-05
3316,2.0743579421233677e-05
3317,2.7261790092429827e-05
3318,3.647936836165456e-05
3319,4.2413011022826513e-05
3320,4.520879404049307e-05
3321,5.304063178527726e-05
3322,5.556275350227275e-05
3323,6.228356863062596e-05
3324,5.908785973533778e-05
3325,6.537705076591442e-05
3326,6.0835488273214005e-05
3327,5.704966417937451e-05
3328,5.668936107694659e-05
3329,6.240190865253776e-05
3330,6.00789574188492e-05
3331,6.336685530442135e-05
3332,6.767490757531364e-05
3333,8.026227079884414e-05
3334,8.174442674292266e-05
3335,7.915283309342091e-05
3336,8.577776110580539e-05
3337,8.508753236193136e-05
3338,8.650285789184985e-05
3339,8.543383541712418e-05
3340,9.43439409508459e-05
3341,0.00012729107097990056
3342,0.0001528625534825677
3343,0.000167564452142268
3344,0.00017385100165449836
3345,0.0001802263061831626
3346,0.0001746991931954779
3347,0.00017720361673955354
3348,0.00018184819844775755
3349,0.00017920800086068488
3350,0.0001707197458068586
3351,0.00015803649546735938
3352,0.00014378708890037102
3353,0.00013075779965751358
3354,0.000123173208029938
3355,0.00011571831495316308
3356,0.0001171521311115053
3357,0.00011671628058437474
3358,0.00011556986162210406
3359,0.00011116565808340843
3360,0.00011030742877271318
3361,0.00010458695664208326
3362,9.962644933966827e-05
3363,0.00010057713179248213
3364,0.00010408084172694256
3365,0.0001327344478360093
3366,0.00015995318117939533
3367,0.00017561896988364068
3368,0.0001808483837537035
3369,0.0001841172627071827
3370,0.00017825150706750928
3371,0.0001834391849477014
3372,0.00018599617470686734
3373,0.00018281473001064888
3374,0.0001773665984215169
3375,0.00016420259174300096
3376,0.00014002715168632472
3377,0.0001283027725065127
3378,0.00012342864285401996
3379,0.00011929149682012979
3380,0.00011421925329166859
3381,0.00011142584764051364
3382,0.00010888074471390582
3383,0.00010159358805211751
3384,0.00010094298208343717
3385,9.818206710794106e-05
3386,9.721738460789208e-05
3387,0.00010227060920426032
3388,0.00010198321200818877
3389,0.0001318122937813349
3390,0.00016060827772926427
3391,0.0001684522664584412
3392,0.00017549798834338263
3393,0.00018564273955213963
3394,0.00018001947529665158
3395,0.00018390594123948302
3396,0.0001838153371602068
3397,0.00018259072925488724
3398,0.00017829852609407243
3399,0.00016478821636036365
3400,0.00014352822010243893
3401,0.0001298834570849062
3402,0.00012718963667540474
3403,0.0001219942983920085
3404,0.000118285870785714
3405,0.00012002478231304762
3406,0.00012017482055511438
3407,0.00011572993763388656
3408,0.00010793191132393433
3409,0.0001102670135420156
3410,0.00010383755788725332
3411,0.00010486193870192745
3412,0.00010919138727142433
3413,0.00013394584814959763
3414,0.0001617734514717933
3415,0.0001747797595050384
3416,0.0001873024055290859
3417,0.00019262374423759807
3418,0.00018666685621497914
3419,0.0001891638835076853
3420,0.00018718115983699322
3421,0.0001824731816884793
3422,0.00017042019762639432
3423,0.00015459433291036646
3424,0.0001332891666887209
3425,0.0001208584455031228
3426,0.00011671231830685538
3427,0.00011322287257146468
3428,0.00011353932646934491
3429,0.00011185720758645559
3430,0.00010760436304899985
3431,0.0001021403823497904
3432,0.00010139811569449533
3433,9.73248944045843e-05
3434,9.633115520272662e-05
3435,9.632481555869563e-05
3436,9.949939230721383e-05
3437,0.00012692073010775692
3438,0.00015059639489332344
3439,0.00016502066997483328
3440,0.00017337103777098552
3441,0.00016569742697514144
3442,0.00015239553303895146
3443,0.00015054277207089464
3444,0.00014405625961985344
3445,0.00013832205159382304
3446,0.00013181519945151577
3447,0.00011942621425578833
3448,0.00010609420701045113
3449,9.927565570328682e-05
3450,9.481835764583165e-05
3451,9.050555064191613e-05
3452,8.69730481574816e-05
3453,8.434579401030554e-05
3454,7.463979899885994e-05
3455,6.49470115791456e-05
3456,6.111575336975068e-05
3457,5.650313403353626e-05
3458,5.537256418134305e-05
3459,5.055469886962533e-05
3460,4.763846261536996e-05
3461,5.4492674420208576e-05
3462,6.192062400985178e-05
3463,5.967401265636972e-05
3464,5.872200944438273e-05
3465,6.052748723404174e-05
3466,6.161949091837975e-05
3467,5.920329408706872e-05
3468,5.9022614232185505e-05
3469,5.328444392863575e-05
3470,4.667430841899024e-05
3471,4.6060155403488095e-05
3472,4.357686400618241e-05
3473,3.758431548588918e-05
3474,3.284226175070871e-05
3475,3.360460394543525e-05
3476,3.370418918708872e-05
3477,3.644529277498799e-05
3478,3.463347534129799e-05
3479,3.243599622905611e-05
3480,3.5375213692923815e-05
3481,3.3882491675460306e-05
3482,2.923368353790232e-05
3483,2.9530854351854972e-05
3484,3.33172067493637e-05
3485,3.508121270098666e-05
3486,3.9035037361647374e-05
3487,4.825763451572997e-05
3488,5.3330406347860416e-05
3489,6.167628356282404e-05
3490,6.943732861592884e-05
3491,8.125944397455194e-05
3492,8.063763055584568e-05
3493,7.922072011491943e-05
3494,7.599040732929544e-05
3495,7.287949117292174e-05
3496,7.750769546737901e-05
3497,7.888102085559222e-05
3498,7.785056454872173e-05
3499,8.141582186064969e-05
3500,7.941724907988011e-05
3501,8.504421146105293e-05
3502,8.896501714238557e-05
3503,8.90038474620754e-05
3504,9.337820184345844e-05
3505,9.215861282299676e-05
3506,9.317295586795515e-05
3507,9.315657845420842e-05
3508,0.00010681586982264547
3509,0.00013408849014029492
3510,0.00016263775627468492
3511,0.00018278646576434405
3512,0.00019401106967304637
3513,0.00019451586382901394
3514,0.00018824674833786876
3515,0.00018850561713580085
3516,0.00018891663739047668
3517,0.00017798101558885368
3518,0.00017585115934627568
3519,0.00016235167983778652
3520,0.0001409696454322652
3521,0.00012936254966702655
3522,0.00012466249607355137
3523,0.00011898375993279215
3524,0.00012106184241578372
3525,0.00012130354134446521
3526,0.00011840553156679894
3527,0.00011325694815813125
3528,0.00011269060662469615
3529,0.00011210630276650655
3530,0.00010817598761912743
3531,0.00011116380902056607
3532,0.00011469340583481971
3533,0.0001442918830563386
3534,0.00017466855158266146
3535,0.00018542375768123586
3536,0.00018837591858500018
3537,0.00019507375250374105
3538,0.00019500084659738464
3539,0.00019906719993959543
3540,0.0001942739007484978
3541,0.0001933324636098958
3542,0.00018222170914191673
3543,0.00017516727024643268
3544,0.000159451028541774
3545,0.00014350286152631496
3546,0.00013848846724963653
3547,0.00013174599167084414
3548,0.00013246527711652684
3549,0.0001286551510539019
3550,0.000124488948318203
3551,0.00011598299509145691
3552,0.00011433046121404554
3553,0.00011075041139937859
3554,0.00010859863055452676
3555,0.00011173252792051279
3556,0.00011266841787058767
3557,0.0001380280506018859
3558,0.00017250171408323602
3559,0.0001860754202572547
3560,0.00018749523636836185
3561,0.00018451586782563119
3562,0.0001810449127186642
3563,0.00018367533668785577
3564,0.00018503651109167625
3565,0.00017815350673686356
3566,0.0001700591020684625
3567,0.00016041544688998833
3568,0.00014732513857333265
3569,0.00013073957318092449
3570,0.00012814005497638396
3571,0.00012787960126744413
3572,0.0001279134127022761
3573,0.00012380479506652535
3574,0.00012243780932234317
3575,0.00011363732679999063
3576,0.00011179724511999582
3577,0.00011163056531234769
3578,0.00010784579782584671
3579,0.00011414925305549307
3580,0.00012104150272451762
3581,0.00015313542232773492
3582,0.00017649014263423256
3583,0.0001854789654146724
3584,0.00019232868663832242
3585,0.00019234981878509238
3586,0.0001857893438203563
3587,0.00018855659843988338
3588,0.0001888305238923891
3589,0.00017836429990089397
3590,0.00016611478687384828
3591,0.00015018167651296285
3592,0.00014175444053293485
3593,0.00013828401372963713
3594,0.00012965839972180608
3595,0.00012700156056915204
3596,0.00012481676074497215
3597,0.00012044240636358908
3598,0.00012072267146012576
3599,0.00011132758315803331
3600,0.00011254162498996788
3601,0.00010920168919297469
3602,0.0001013537381862784
3603,0.0001056200544673
3604,0.00011595156102313659
3605,0.00014445856286398668
3606,0.00017292594192964308
3607,0.00018412492311038682
3608,0.0001915623821660765
3609,0.00019455786397071925
3610,0.0001893110160795712
3611,0.00018697776292433228
3612,0.00017844169638843896
3613,0.00017233582673109178
3614,0.0001654485959469251
3615,0.00015254557128101823
3616,0.00013258097562009243
3617,0.0001195205164607493
3618,0.00011336947683968131
3619,0.00010009584714979615
3620,9.710432762267276e-05
3621,9.288370960904123e-05
3622,9.303955919146971e-05
3623,7.917502184752937e-05
3624,7.745750661880035e-05
3625,7.060593633230799e-05
3626,7.150326011452768e-05
3627,6.95464233236288e-05
3628,6.769022838172187e-05
3629,7.450930799255541e-05
3630,8.612802643851758e-05
3631,8.671787748523427e-05
3632,9.057792824460326e-05
3633,9.932637285553474e-05
3634,9.687874195590339e-05
3635,9.835535071145478e-05
3636,9.916893836209848e-05
3637,9.692311946412031e-05
3638,8.069732887047083e-05
3639,6.77068699473032e-05
3640,6.611958157304411e-05
3641,5.5925698123046925e-05
3642,5.305172616233148e-05
3643,5.077843547355235e-05
3644,4.967401665298698e-05
3645,4.417596036711096e-05
3646,4.250731322778749e-05
3647,4.482603803212205e-05
3648,4.919193955479712e-05
3649,4.649996820813802e-05
3650,4.389490281507041e-05
3651,4.4337357138066576e-05
3652,4.694163007563032e-05
3653,5.091922840140725e-05
3654,4.987609280647479e-05
3655,5.798344091477241e-05
3656,6.498848341718166e-05
3657,7.520851789880667e-05
3658,7.55999909177203e-05
3659,8.074698941538025e-05
3660,8.307284631924969e-05
3661,8.314839374395232e-05
3662,8.179144576948585e-05
3663,7.28071135702346e-05
3664,6.61227513950596e-05
3665,6.705784888963062e-05
3666,6.883374167381166e-05
3667,7.703618444257414e-05
3668,8.160891685176027e-05
3669,8.86731293651254e-05
3670,9.454231897864896e-05
3671,9.162766763540135e-05
3672,9.995769574028749e-05
3673,9.736610209078574e-05
3674,9.64331178108917e-05
3675,9.525051004727747e-05
3676,0.00010543911046058216
3677,0.0001390143935523741
3678,0.00016599063551157474
3679,0.00018216887877499182
3680,0.00018699651770459063
3681,0.000193138840315116
3682,0.00018830116361580145
3683,0.00019447465614281248
3684,0.00018864852327833275
3685,0.00018577085319193258
3686,0.00017903260404249417
3687,0.0001638454584625885
3688,0.00014953027808877863
3689,0.00013632295050938423
3690,0.00012769892141256092
3691,0.00012783443130372335
3692,0.0001270654853131312
3693,0.00012709718353328615
3694,0.00012457849579014077
3695,0.00011747518880525117
3696,0.00011649412889145548
3697,0.00011348253382490063
3698,0.00011207803852020174
3699,0.00011421370610314148
3700,0.00011951787494240305
3701,0.00014921408834273303
3702,0.00017674689821748764
3703,0.00018381375224919906
3704,0.00018738931148267737
3705,0.00019054143532525248
3706,0.00018618715648330088
3707,0.00018805101182841195
3708,0.0001916033257004433
3709,0.00018939158238913167
3710,0.0001815866881314792
3711,0.00016835056800211076
3712,0.00015356493321083445
3713,0.0001406072291151603
3714,0.00013133470726433365
3715,0.00012778846888449865
3716,0.00013035760962805734
3717,0.0001279638657026894
3718,0.0001269225791705993
3719,0.00012086795496916927
3720,0.00011865198522850367
3721,0.00011244045483730665
3722,0.00011215569915958137
3723,0.00011164852763710217
3724,0.00012282056533071417
3725,0.00014870136963172667
3726,0.0001726348466078868
3727,0.00018751082132660468
3728,0.0001894766392798808
3729,0.0001918106848906236
3730,0.00018533579512030587
3731,0.00018077257217716627
3732,0.00017710244658689233
3733,0.00017545625235351194
3734,0.00017078763282835712
3735,0.00015924023537774358
3736,0.00014213164935277875
3737,0.00012487038356740092
3738,0.00012134448487883203
3739,0.00011651077045703683
3740,0.00011616605231285175
3741,0.00011127396033560451
3742,0.00010522092104518225
3743,8.804022156936491e-05
3744,8.361092360637994e-05
3745,7.410436323007592e-05
3746,7.537017882159691e-05
3747,7.259394303969257e-05
3748,7.163216620982448e-05
3749,7.424145803224608e-05
3750,7.14905808264657e-05
3751,7.430406201705211e-05
3752,7.781516820288203e-05
3753,7.864486911543784e-05
3754,7.924581453920876e-05
3755,7.763501665166808e-05
3756,8.144963329548163e-05
3757,8.22251830819394e-05
3758,8.178299291077786e-05
3759,7.3030586022327e-05
3760,6.608761920105454e-05
3761,6.38444418214226e-05
3762,6.48825585314972e-05
3763,6.881340198254558e-05
3764,7.198797873106379e-05
3765,7.781833802489752e-05
3766,7.817758451998696e-05
3767,9.012094557070274e-05
3768,9.368858024914233e-05
3769,8.821667499489414e-05
3770,8.568927024120616e-05
3771,8.973000085545836e-05
3772,9.482179161968177e-05
3773,0.00012098391762456947
3774,0.0001379551446955295
3775,0.00014639373920444636
3776,0.00014760725273271167
3777,0.0001477105361000499
3778,0.0001369857074624573
3779,0.00013960530120642927
3780,0.00014224761200817894
3781,0.0001298480607390665
3782,0.00012361883217494967
3783,0.00011716560285507116
3784,0.0001056694508603748
3785,0.00010277645996756639
3786,0.00010123671892353971
3787,9.398680767043348e-05
3788,8.998173755385559e-05
3789,8.833844899065608e-05
3790,8.572572319438434e-05
3791,7.011857619742564e-05
3792,6.598195846720471e-05
3793,6.501120047495936e-05
3794,6.148952821574445e-05
3795,5.675777640211435e-05
3796,5.3961993384447794e-05
3797,5.828378155074056e-05
3798,5.8658613004072836e-05
3799,6.272232482793738e-05
3800,5.495124200511684e-05
3801,5.313334907923048e-05
3802,5.0963870061458806e-05
3803,5.0273641317584776e-05
3804,5.3577916616903655e-05
3805,5.206696812285106e-05
3806,5.1760551994686544e-05
3807,4.7558160457644094e-05
3808,4.6286797677595984e-05
3809,4.333807074768179e-05
3810,4.028817366510638e-05
3811,4.1175195525775724e-05
3812,4.144991343378529e-05
3813,3.9975153741076255e-05
3814,3.727050310635518e-05
3815,4.108776126851499e-05
3816,4.1487951297971235e-05
3817,3.8370167193897304e-05
3818,3.699472859100712e-05
3819,3.63927265598977e-05
3820,3.4512757952874554e-05
3821,3.764163643400271e-05
3822,3.865571532712648e-05
3823,4.631189210188532e-05
3824,4.72337820047251e-05
3825,5.366825654434526e-05
3826,5.834057419518484e-05
3827,6.031722237368057e-05
3828,6.457719901067118e-05
3829,6.446519863279036e-05
3830,6.398338568643513e-05
3831,5.873468873244471e-05
3832,5.8074573297717885e-05
3833,5.853419748996466e-05
3834,5.775098730030277e-05
3835,6.982721672383471e-05
3836,7.523757460061538e-05
3837,9.117094911333545e-05
3838,9.164298844180956e-05
3839,9.219849975002507e-05
3840,9.389963756500737e-05
3841,9.13069873081671e-05
3842,9.37268822651629e-05
3843,9.763368789926043e-05
3844,0.00010591062148538705
3845,0.00014301708630244035
3846,0.00017185612699941352
3847,0.00019147574036431963
3848,0.00019558118817805485
3849,0.00019831093323706528
3850,0.0001884609754757493
3851,0.00018774618061125517
3852,0.00019158958980504282
3853,0.00018318427842728868
3854,0.0001678418115686238
3855,0.00015510784407687665
3856,0.00014528350904351926
3857,0.00013086478115053652
3858,0.00012405177703189935
3859,0.00011867443813444676
3860,0.00011845334304886599
3861,0.00011885300477465299
3862,0.00012034546264028185
3863,0.0001147126889187473
3864,0.00011163981062655955
3865,0.00010975138916082844
3866,0.00010539816692621536
3867,0.0001099370879005695
3868,0.00011074275099617447
3869,0.00014437403427690682
3870,0.00016581391793421088
3871,0.00017960528521996022
3872,0.00017748678750627108
3873,0.00019157347654313072
3874,0.00018102800700124823
3875,0.00017956275677458568
3876,0.00018045770319029375
3877,0.00018193351949034127
3878,0.00017548425244798214
3879,0.00016607384333948148
3880,0.00014959842926211178
3881,0.00013584959042173698
3882,0.00013183078440975863
3883,0.00012540291366600406
3884,0.0001251184221401134
3885,0.00012274686696885393
3886,0.00012930390795973988
3887,0.00012196999642322302
3888,0.00011657865747853534
3889,0.00011259471950872742
3890,0.00011108720498852494
3891,0.0001114607156826841
3892,0.00011641752485941435
3893,0.00014863770903958217
3894,0.0001715024276928512
3895,0.00018166989595938597
3896,0.00018338556212527262
3897,0.00018743712296474444
3898,0.00017467172140467696
3899,0.00017283137557284748
3900,0.0001727780169022533
3901,0.0001740414551272627
3902,0.00016328677733235753
3903,0.0001538211604904203
3904,0.00013924922453335532
3905,0.0001207123695385754
3906,0.00011993998957413312
3907,0.00011764239691656852
3908,0.0001146416320752333
3909,0.00011464955663027203
3910,0.00011658658203357407
3911,0.00011276668235306801
3912,0.00011258415343534243
3913,0.00010911372663204469
3914,0.00010711409724393662
3915,0.00010807693068114321
3916,0.00011979285700224724
3917,0.0001519411918833972
3918,0.00017755097640208487
3919,0.00018844935279502582
3920,0.00018991116904783825
3921,0.00018623813778738345
3922,0.00018061857165758014
3923,0.0001758223667963016
3924,0.00017570217771154743
3925,0.0001754060635049333
3926,0.00016545863371664082
3927,0.00015254451467367971
3928,0.0001353727963602396
3929,0.00012442951415541248
3930,0.00012521695077442836
3931,0.00012159569327356
3932,0.00012270724419366022
3933,0.00012147920231449057
3934,0.00012189788297237053
3935,0.00011664311052618375
3936,0.0001151564640009166
3937,0.00011163743326004794
3938,0.00010614624492187215
3939,0.00010635307580838321
3940,0.00011562295614086361
3941,0.00014045851163226668
3942,0.00016713097898164906
3943,0.00018138408367432215
3944,0.00018047143908569424
3945,0.00017642542543474954
3946,0.0001666779585852679
3947,0.00016598614493038613
3948,0.00015995370948306456
3949,0.0001494354475801484
3950,0.00013691808459279342
3951,0.00013135108467808037
3952,0.000114116234076165
3953,0.00010348729255454113
3954,9.92645613262326e-05
3955,9.53347744825227e-05
3956,9.486115024304083e-05
3957,9.15003464511123e-05
3958,9.515884936066273e-05
3959,9.270435051333114e-05
3960,9.205427284832005e-05
3961,8.38682074933043e-05
3962,8.286178900338465e-05
3963,8.019359132184175e-05
3964,7.934804129920846e-05
3965,7.89732098458762e-05
3966,7.758773347327027e-05
3967,7.247216904393065e-05
3968,7.588078431792624e-05
3969,7.776365859513024e-05
3970,7.571991585063986e-05
3971,6.867868454688704e-05
3972,6.0902318687374024e-05
3973,5.846261234278139e-05
3974,5.629392578051359e-05
3975,5.205877941597769e-05
3976,4.797710526735868e-05
3977,4.615287269744132e-05
3978,4.228885966055296e-05
3979,4.274003099409174e-05
3980,4.437328178757552e-05
3981,4.806110555076929e-05
3982,4.493011385496414e-05
3983,4.3206523134038746e-05
3984,4.550649315811497e-05
3985,4.561796523232654e-05
3986,4.31447116047366e-05
3987,4.306652266168772e-05
3988,4.052591031626851e-05
3989,5.010511244709429e-05
3990,5.667298366319986e-05
3991,5.618456692097901e-05
3992,5.962699362980654e-05
3993,6.272602295362213e-05
3994,6.840000436135811e-05
3995,6.764479426616643e-05
3996,6.458142544002518e-05
3997,6.664497957211241e-05
3998,6.575108976374281e-05
3999,6.447708546534846e-05
4000,6.966317843453286e-05
4001,6.423697144767473e-05
4002,6.698943356446285e-05
4003,7.209548852775599e-05
4004,7.850671770592919e-05
4005,8.680980232368362e-05
4006,8.993551098279629e-05
4007,8.864354435964746e-05
4008,9.505767920800152e-05
4009,9.348227766630053e-05
4010,9.199193301534864e-05
4011,9.82298785900081e-05
4012,0.00010886014087080509
4013,0.00013802144680602027
4014,0.0001752161383358382
4015,0.00019045954825651885
4016,0.00019329997293423697
4017,0.00019335280330116188
4018,0.00018138381952248752
4019,0.00018432224453085138
4020,0.0001837733370185015
4021,0.0001779778457668382
4022,0.0001721781280858209
4023,0.00016029974838642277
4024,0.00014276244393386227
4025,0.0001340475466059281
4026,0.0001318059541373039
4027,0.00012729371249824682
4028,0.00012959051270030754
4029,0.00012583665097845766
4030,0.00012782677090051922
4031,0.00011800903966302745
4032,0.00011837673901682486
4033,0.00011529963429528312
4034,0.00011281290892412732
4035,0.00011443110306303749
4036,0.00011859255106571314
4037,0.0001524734578301657
4038,0.00017543010132188412
4039,0.00019154811796700676
4040,0.0001958437551016717
4041,0.00019191317580245795
4042,0.00018475703845064343
4043,0.00018931709157176755
4044,0.0001861763262580813
4045,0.00018455654720816336
4046,0.0001817026507868794
4047,0.0001652605198406724
4048,0.00014540290567276957
4049,0.00013173146331993976
4050,0.0001278587332725088
4051,0.00012539947969215397
4052,0.00012377996479407067
4053,0.00012362094538962665
4054,0.00012439649517608441
4055,0.00011914489255191314
4056,0.00011739726401403692
4057,0.00011709639507439952
4058,0.00011428846107234022
4059,0.00011116011089488132
4060,0.00012095169110074526
4061,0.00014969775035193061
4062,0.00017084918020582464
4063,0.00018560734320629995
4064,0.00018655379922975982
4065,0.00017559387545935135
4066,0.00017454994740891502
4067,0.00017768384477490103
4068,0.00017619165106110677
4069,0.000174558400267623
4070,0.00017045480151673013
4071,0.0001545626346902115
4072,0.0001434851633533951
4073,0.00012761492112915032
4074,0.00012223652562435924
4075,0.00011993998957413312
4076,0.0001170779044459758
4077,0.00011625401487378173
4078,0.00011352691133311757
4079,0.00010885670689695498
4080,0.00010912191533891805
4081,0.00010331031082534266
4082,0.0001056372243365506
4083,0.00010518235487732707
4084,0.00011495755766944429
4085,0.00014281633090812567
4086,0.00017003744161802332
4087,0.0001824731816884793
4088,0.00018581866467399963
4089,0.00018150665012558797
4090,0.00017178005127104165
4091,0.00016798234034464407
4092,0.00016016872907644898
4093,0.00015707577524482977
4094,0.00014478346962057493
4095,0.00013056602542557612
4096,0.00011588340984980344
4097,0.00010547767662843735
4098,0.00010146600271599385
4099,9.372027846929727e-05
4100,9.23041604838749e-05
4101,8.76402956917433e-05
4102,8.446703970239822e-05
4103,5.768336443063889e-05
4104,5.2447610916545075e-05
4105,5.011039548378679e-05
4106,4.586494719770053e-05
4107,4.1128704802881805e-05
4108,4.1793310818797245e-05
4109,4.324799497207481e-05
4110,4.3395391695795326e-05
4111,4.4086941198842474e-05
4112,4.0765760182107624e-05
4113,3.427502130171244e-05
4114,3.519162816785973e-05
4115,3.483211752093568e-05
4116,3.524128871276915e-05
4117,3.5153326151839166e-05
4118,3.342709391256753e-05
4119,2.971232666224206e-05
4120,2.7919264008810407e-05
4121,2.080354188769346e-05
4122,2.2510226891202874e-05
4123,2.1032297376478346e-05
4124,1.899278106134196e-05
4125,2.0128105646558407e-05
4126,2.122301500107729e-05
4127,1.9831991439944252e-05
4128,2.3660343979158295e-05
4129,2.287871870050416e-05
4130,2.432389338773524e-05
4131,1.743692675540318e-05
4132,1.5993865282849096e-05
4133,1.8309684417002795e-05
4134,1.93596879596355e-05
4135,1.8792553970696527e-05
4136,1.9544330092038082e-05
4137,2.2580755431047636e-05
4138,2.5264802222667995e-05
4139,2.561955813656881e-05
4140,2.6809033847883294e-05
4141,2.538895358494155e-05
4142,2.4135288977813292e-05
4143,2.6323786927677943e-05
4144,2.676307142865862e-05
4145,2.2482755100401913e-05
4146,2.571650185987603e-05
4147,2.4015099893059105e-05
4148,2.8084623057285392e-05
4149,2.4004533819674122e-05
4150,2.741526230834671e-05
4151,2.6566806615532552e-05
4152,2.8953154289531013e-05
4153,3.0250668101206953e-05
4154,2.8652285349893616e-05
4155,2.9431797413870754e-05
4156,3.2208033195775095e-05
4157,3.7374578929197264e-05
4158,3.8948395559890514e-05
4159,3.78059388751392e-05
4160,4.19636887521301e-05
4161,4.9751677292366605e-05
4162,5.1212436937840534e-05
4163,5.247429025184215e-05
4164,5.756845838257719e-05
4165,5.2456063775253064e-05
4166,5.3075235675613074e-05
4167,5.27133476621774e-05
4168,5.565203682237586e-05
4169,5.0744624038720405e-05
4170,5.060884999572337e-05
4171,5.410331461597195e-05
4172,6.0843148676418114e-05
4173,7.946928699130115e-05
4174,8.284990217082654e-05
4175,8.228197572638369e-05
4176,7.999125101651932e-05
4177,7.740414794820618e-05
4178,8.057212090085878e-05
4179,7.896607774634132e-05
4180,9.230151896552866e-05
4181,0.0001265422005287399
4182,0.00015364100893920635
4183,0.00017015604579176974
4184,0.0001792624161386175
4185,0.0001823300113941128
4186,0.00017878562207712017
4187,0.00017846679081272827
4188,0.00017665153940518816
4189,0.00017271409215827418
4190,0.00017035125399755732
4191,0.00016051899440916117
4192,0.00014412573155235973
4193,0.0001336153942044823
4194,0.00012850828263385065
4195,0.0001239020029416672
4196,0.00012132467349123519
4197,0.00011820979505734213
4198,0.00011990617813930119
4199,0.00011578567367099235
4200,0.00011387347854014501
4201,0.00011124675269663818
4202,0.0001049248068385681
4203,0.00010799160963855949
4204,0.00011356943977849212
4205,0.0001457761522150941
4206,0.00017115216236013905
4207,0.00018424564049881025
4208,0.00018880886344194988
4209,0.00018933822371853753
4210,0.00018330525996754674
4211,0.00018996294280742464
4212,0.00018624315667224134
4213,0.00018371416700754557
4214,0.00017923705756249357
4215,0.00016654878833813645
4216,0.0001439653913887426
4217,0.00012853099969162835
4218,0.00013127474479787386
4219,0.0001258847266123593
4220,0.0001224135073535577
4221,0.00012354566211675863
4222,0.00012781699728263811
4223,0.00012187807158477369
4224,0.00012133471126095091
4225,0.0001158110322471163
4226,0.00010908466993023599
4227,0.000105850130715258
4228,0.00011498952004143386
4229,0.00014691015604113744
4230,0.00017176710783114508
4231,0.00019094426687305498
4232,0.0002008496965196421
4233,0.0002001058449533393
4234,0.00019189943990705744
4235,0.00019506794116337932
4236,0.00019995924068512267
4237,0.00019875655738207695
4238,0.00019154917457434527
4239,0.00017356492521759996
4240,0.00015800955198022766
4241,0.00014293335017086435
4242,0.00013744638826204258
4243,0.0001327452780612289
4244,0.00013002662737927274
4245,0.00013106474408934734
4246,0.00013374430029977906
4247,0.00012526423395282617
4248,0.0001235829075254407
4249,0.00012099554030529294
4250,0.00011678443175770789
4251,0.0001156422392247912
4252,0.0001236708700863707
4253,0.00015536988269682423
4254,0.0001821873694034155
4255,0.00019715764632709438
4256,0.0002044302746379783
4257,0.00020427574581472293
4258,0.00019617420904678704
4259,0.00019470446823893588
4260,0.00019622756771738123
4261,0.0001933451428979578
4262,0.000189975357943652
4263,0.00017488013720219574
4264,0.00015871430907500603
4265,0.0001399344343923715
4266,0.00013864088285821493
4267,0.00013216493648055873
4268,0.00012952236152697442
4269,0.00012722503302124445
4270,0.00012750688302878887
4271,0.00012536619656099124
4272,0.0001226916592354174
4273,0.00011495465199926343
4274,0.00011200988734686861
4275,0.00011280894664660795
4276,0.00011707420632029105
4277,0.00014960899533549674
4278,0.00017802090251588202
4279,0.00019077970028008386
4280,0.00019493771430890937
4281,0.0001963984739543833
4282,0.00018741995309549383
4283,0.00017863796120156503
4284,0.0001757069324445707
4285,0.0001635218724651734
4286,0.00014886725698387093
4287,0.0001373135198892264
4288,0.00012032168897516564
4289,0.00010043422564995023
4290,9.387031671136402e-05
4291,9.104679775106189e-05
4292,9.160706379230063e-05
4293,8.804259893587654e-05
4294,8.835429810073354e-05
4295,8.11601228847331e-05
4296,8.05681586233394e-05
4297,7.592806749632404e-05
4298,7.210077156444847e-05
4299,6.72649439279763e-05
4300,6.263092829315727e-05
4301,6.921649768218269e-05
4302,8.059615871780962e-05
4303,8.29806573289657e-05
4304,8.05111018270605e-05
4305,8.543225050611644e-05
4306,8.294446852762213e-05
4307,8.292465714002529e-05
4308,8.142427471935768e-05
4309,7.536859391058917e-05
4310,6.738513301273047e-05
4311,5.7589062225677905e-05
4312,4.868476803231792e-05
4313,4.303720180804439e-05
4314,4.201334929703952e-05
4315,4.2460558353058935e-05
4316,4.460098066902191e-05
4317,4.419048871801531e-05
4318,4.0697344856939866e-05
4319,4.12726675527522e-05
4320,4.726231040286456e-05
4321,4.447101796638662e-05
4322,4.506456713878805e-05
4323,4.289033338799313e-05
4324,4.315844750013708e-05
4325,4.2956899650318516e-05
4326,4.980609257029927e-05
4327,5.3558105229306806e-05
4328,5.563803677514076e-05
4329,5.9749031777403103e-05
4330,6.041627931166479e-05
4331,6.385500789480759e-05
4332,6.619829881976223e-05
4333,6.520191809955832e-05
4334,6.490104915992092e-05
4335,6.158726439455556e-05
4336,6.452093466989615e-05
4337,6.467176536746678e-05
4338,6.697305615071613e-05
4339,6.627411039629949e-05
4340,7.03740110215076e-05
4341,8.452726632069262e-05
4342,8.900437576574464e-05
4343,8.738829484151146e-05
4344,9.270567127250426e-05
4345,9.212876366568418e-05
4346,9.340039059756691e-05
4347,9.238023621224676e-05
4348,0.00010386265231154266
4349,0.00013287999549688745
4350,0.00016166435676409337
4351,0.0001742873804852982
4352,0.00018303582509622966
4353,0.0001872490468584917
4354,0.00017639161399991759
4355,0.00018016792862771057
4356,0.00018095378033571873
4357,0.0001764927841525788
4358,0.00017043657504014104
4359,0.00015800638215821214
4360,0.0001445341102886893
4361,0.00013132097136893316
4362,0.00012671706904326136
4363,0.00012361777556761116
4364,0.00012432596663623967
4365,0.00011804020957951314
4366,0.00011319619323616759
4367,0.00010869425351866087
4368,0.00010499639198575135
4369,0.00010706654991370421
4370,0.00010484899526203084
4371,0.00010908625484124373
4372,0.00011634488310489258
4373,0.00014545890586170997
4374,0.00016836483220118047
4375,0.00018346533597932922
4376,0.00018562107910170044
4377,0.0001869685176101204
4378,0.00018359107225261054
4379,0.00018432013131617438
4380,0.00018327382589922641
4381,0.00018191925529127155
4382,0.00017285779075630993
4383,0.00016160756411964905
4384,0.00014518260304269268
4385,0.00012994606106971223
4386,0.00012331373680595826
4387,0.0001191121377244197
4388,0.00011655171399140364
4389,0.0001185254564997185
4390,0.00011909840182901921
4391,0.00011340381657818251
4392,0.00011160441428071987
4393,0.00010924976482687635
4394,0.00010270328990937538
4395,0.00010650681217613471
4396,0.00010986735181622863
4397,0.00013828427788147176
4398,0.00016377281670806675
4399,0.0001777630903252884
4400,0.00018537700280650733
4401,0.00018289899444589414
4402,0.0001722584302435468
4403,0.00017481251433253185
4404,0.00017883501847019496
4405,0.00018152461245034244
4406,0.00017077891581781453
4407,0.00015754385229578452
4408,0.00014079689013242076
4409,0.00012883503845328124
4410,0.00012748733579302663
4411,0.0001270602022764387
4412,0.00012400924858652478
4413,0.0001224253941861158
4414,0.00012237414873019864
4415,0.00011906089226850252
4416,0.00011929942137516852
4417,0.00011188890580661054
4418,0.00010174864517904214
4419,0.00010447046568301382
4420,0.00011530016259895237
4421,0.00014481411123339137
4422,0.00016993812052820445
4423,0.00017852437591267645
4424,0.00018383435609229976
4425,0.00018508458672557792
4426,0.0001779133927191898
4427,0.00017936015231742865
4428,0.0001769130497214665
4429,0.0001774241835214651
4430,0.00016840287006536638
4431,0.00015717615294198712
4432,0.00014266417945138192
4433,0.00012760356260026147
4434,0.00011947376158602076
4435,0.00011891138233010501
4436,0.0001184319467502614
4437,0.00011727601832194423
4438,0.00011324532547740777
4439,0.00011162052754263197
4440,0.00011449846178086676
4441,0.00011104097841746564
4442,0.00010535220450699068
4443,0.00010867972516775651
4444,0.00011355702464226477
4445,0.00014464769557757788
4446,0.00016370809950858373
4447,0.00017219582625874075
4448,0.0001752483648596624
4449,0.00017529828955640644
4450,0.00016375511853514691
4451,0.00016555029440325556
4452,0.00016268609606042125
4453,0.00015115666093456218
4454,0.00013925450757004782
4455,0.00012787748805276713
4456,0.00011551940862169077
4457,0.00010613435808931406
4458,0.00010125864352581354
4459,9.245287796676853e-05
4460,9.436982783063913e-05
4461,9.168023385049164e-05
4462,8.8066900904662e-05
4463,8.548323181019899e-05
4464,8.425915220854867e-05
4465,8.20606164889683e-05
4466,7.445727008113436e-05
4467,7.242541416920209e-05
4468,6.87233262069386e-05
4469,6.834532493159083e-05
4470,7.068227621251449e-05
4471,6.9258497823888e-05
4472,6.725569861376443e-05
4473,6.698916941262823e-05
4474,6.617188363629977e-05
4475,6.219824758804221e-05
4476,5.769762862970861e-05
4477,4.947907259903404e-05
4478,4.335444816142851e-05
4479,4.3655052949231284e-05
4480,3.962911483771805e-05
4481,3.9251906017874156e-05
4482,3.461921114222827e-05
4483,3.78735617448031e-05
4484,4.565494648917398e-05
4485,4.657921375852539e-05
4486,4.4314640080288864e-05
4487,4.264203066344602e-05
4488,4.401931832917858e-05
4489,4.950020474580401e-05
4490,4.430592306974625e-05
4491,4.5896645417855475e-05
4492,4.7729330846480817e-05
4493,5.006364060905824e-05
4494,5.081436012306129e-05
4495,5.3569463758195666e-05
4496,4.9896960801410124e-05
4497,5.816147925130937e-05
4498,6.049948713957153e-05
4499,7.315183171441968e-05
4500,7.264333943276736e-05
4501,7.182605365643891e-05
4502,6.955249881582515e-05
4503,6.763264328177371e-05
4504,6.849589147732684e-05
4505,7.106397561354702e-05
4506,6.901257246585252e-05
4507,7.384523028030922e-05
4508,7.00150286782528e-05
4509,8.741471002497392e-05
4510,8.467994608110562e-05
4511,8.539949567862298e-05
4512,8.132548193320807e-05
4513,8.419258594622329e-05
4514,8.134159519512018e-05
4515,8.373877309433825e-05
4516,9.281265276552721e-05
4517,0.00012425173997071017
4518,0.00014569452929819512
4519,0.00016212266019716699
4520,0.00017067589660231094
4521,0.00017530066692291807
4522,0.00016499002836201684
4523,0.0001627822473282246
4524,0.00016046431497939389
4525,0.00015828638310291421
4526,0.00014899404986449071
4527,0.0001366695177164117
4528,0.00012253950777867361
4529,0.0001126235120587015
4530,0.00011326698592784697
4531,0.0001054750351100911
4532,0.00010114373747775186
4533,0.00010164562596353855
4534,0.00010279864872167485
4535,0.00010094245377976792
4536,9.733651708530778e-05
4537,9.767436728179261e-05
4538,9.339299434619741e-05
4539,9.657655225709286e-05
4540,0.0001024832514311331
4541,0.0001289966993760715
4542,0.00014878378500412956
4543,0.00015817121290301792
4544,0.00016412017637059808
4545,0.00016783890589844292
4546,0.00016074510837959982
4547,0.00016535429374196412
4548,0.0001703026500599864
4549,0.00016588629553689803
4550,0.00015766060740668862
4551,0.00014800638615482942
4552,0.00013446490650463494
4553,0.00012225475210094833
4554,0.00011808353048039158
4555,0.00011632269435078412
4556,0.00011572042816784007
4557,0.00011295475845932073
4558,0.00010686579451938952
4559,0.00010566363952001306
4560,0.00010248351558296772
4561,9.864512527403796e-05
4562,9.320940882113333e-05
4563,9.530043474402152e-05
4564,0.00010227219411526806
4565,0.00013427286812086288
4566,0.000153233158506546
4567,0.00016701977105927212
4568,0.00017013227212665354
4569,0.00015491686230044308
4570,0.0001580570993104601
4571,0.00016821769962929457
4572,0.00016534795409793313
4573,0.00017045902794608412
4574,0.0001626232279237806
4575,0.000150477790719577
4576,0.00014211025305417417
4577,0.00012768729873183744
4578,0.00012235090336875168
4579,0.00011412310202386523
4580,0.00011257385151379208
4581,0.00010873810272320855
4582,0.0001066217182241964
4583,0.00010391918080415232
4584,0.00010356231167557452
4585,0.00010062599988188767
4586,9.520745329823366e-05
4587,9.801327408561596e-05
4588,0.00010600333877934027
4589,0.00013318958144706747
4590,0.00014834634956599124
4591,0.00015802381617929738
4592,0.000160616202284303
4593,0.00016263828457835418
4594,0.0001612071099383582
4595,0.00015566467614426527
4596,0.00015653928286870724
4597,0.000150634696909344
4598,0.00014456897833085974
4599,0.00013484766251300594
4600,0.00012431962699220868
4601,0.00011392868627358155
4602,0.00010918742499390496
4603,0.00010215887297821412
4604,9.931818414866138e-05
4605,9.538654824210912e-05
4606,9.622206049502667e-05
4607,9.222200926330666e-05
4608,9.178034739581435e-05
4609,8.888550744016358e-05
4610,8.57595346292163e-05
4611,8.694584051851529e-05
4612,8.795780619696205e-05
4613,0.00011321943859761455
4614,0.0001318886336615414
4615,0.00013563404252468333
4616,0.00013625770500623198
4617,0.0001413584769328326
4618,0.0001297371169685242
4619,0.00012688691867292497
4620,0.00012803518669803803
4621,0.00012326064228719872
4622,0.00011353800571017179
4623,0.00010000735628519691
4624,8.364605580038503e-05
4625,7.004646274657312e-05
4626,6.0608317695436866e-05
4627,5.9224690385673306e-05
4628,5.688985231942664e-05
4629,5.8804160664950976e-05
4630,4.87339002735581e-05
4631,3.5787026403103534e-05
4632,3.470479633664663e-05
4633,3.2668185691691115e-05
4634,2.7307488359819877e-05
4635,2.3282078551975896e-05
4636,1.8522326643875583e-05
4637,1.927304615787864e-05
4638,1.7761305208322162e-05
4639,1.7631342505686872e-05
4640,1.9037951025062762e-05
4641,2.4713253191971873e-05
4642,2.3365550531717264e-05
4643,2.8006169962401896e-05
4644,2.550650115134949e-05
4645,2.687401519920094e-05
4646,2.2919926386705596e-05
4647,2.1273468001490586e-05
4648,1.7521455342483046e-05
4649,1.805266468191308e-05
4650,1.3378497968231125e-05
4651,1.5770392830756703e-05
4652,1.809202330527214e-05
4653,1.828855227023283e-05
4654,1.7617606610286393e-05
4655,1.743587014806468e-05
4656,1.7069227401605764e-05
4657,1.7381190718297392e-05
4658,1.589586495220338e-05
4659,1.5488542823212274e-05
4660,1.6357074055457895e-05
4661,1.217396560234304e-05
4662,1.358638546208067e-05
4663,1.3209969097740644e-05
4664,1.41347646707613e-05
4665,1.7026170652561956e-05
4666,1.74091908127676e-05
4667,1.978787808356195e-05
4668,1.9032667988370272e-05
4669,2.1001919915496518e-05
4670,2.0141313238289635e-05
4671,1.822277846341131e-05
4672,1.6572357800676928e-05
4673,1.4425067537013713e-05
4674,1.6324847531633696e-05
4675,1.765828599281858e-05
4676,2.1722790272186998e-05
4677,2.389015607528168e-05
4678,2.1611318197975425e-05
4679,1.908391344428744e-05
4680,2.2396641602314304e-05
4681,2.2503358943502635e-05
4682,2.3680947822259013e-05
4683,2.8530511354131686e-05
4684,2.890904093314871e-05
4685,4.285784271233431e-05
4686,5.645373764046146e-05
4687,6.315315647021008e-05
4688,6.722532115278261e-05
4689,6.802121063050646e-05
4690,6.79797387924704e-05
4691,6.60667512061192e-05
4692,6.359402588219849e-05
4693,6.349602555155278e-05
4694,6.595369422089987e-05
4695,5.5292262023617185e-05
4696,5.07036805043536e-05
4697,4.4775056728039506e-05
4698,4.0169305339525326e-05
4699,3.115433152745765e-05
4700,3.059010320869954e-05
4701,3.161421987153904e-05
4702,2.9961685994127663e-05
4703,2.7421866104212323e-05
4704,2.9081796232993186e-05
4705,2.6450843960132363e-05
4706,2.7334695998786212e-05
4707,2.616291846039157e-05
4708,2.517208492871477e-05
4709,3.811843049550008e-05
4710,4.7614424798419126e-05
4711,5.523494107550365e-05
4712,5.550807407250546e-05
4713,6.003088178494753e-05
4714,6.33169306076773e-05
4715,6.059748747021725e-05
4716,6.398444229377363e-05
4717,6.516916327206487e-05
4718,6.360485610741811e-05
4719,5.467731655261116e-05
4720,4.527562445465309e-05
4721,3.7434277243822424e-05
4722,3.4012190226260985e-05
4723,3.215599528435405e-05
4724,2.9850213919916087e-05
4725,3.1068746333039276e-05
4726,2.5676350781013092e-05
4727,2.4343176471662838e-05
4728,2.4446459839001047e-05
4729,2.433128963910473e-05
4730,2.522333038463194e-05
4731,2.3990797924273647e-05
4732,2.77515275938238e-05
4733,3.712125731979229e-05
4734,4.6377401756872216e-05
4735,5.3737200173182274e-05
4736,5.63359259222189e-05
4737,5.8733103821436963e-05
4738,5.903291615373587e-05
4739,6.379768694669405e-05
4740,6.096597927951854e-05
4741,5.998307030288048e-05
4742,5.779879878236982e-05
4743,4.8264502463430215e-05
4744,4.325037233858643e-05
4745,3.539793075070153e-05
4746,3.286260144197481e-05
4747,3.267267627287973e-05
4748,2.998995024043249e-05
4749,3.2119014027506616e-05
4750,3.038776290337711e-05
4751,2.8215114063589937e-05
4752,2.9471684340899066e-05
4753,2.9770968369528714e-05
4754,2.6069144559099846e-05
4755,2.728873357956153e-05
4756,2.5956087573880524e-05
4757,3.7694466800927626e-05
4758,4.626038249413353e-05
4759,5.112183285856431e-05
4760,5.3401991495043686e-05
4761,5.2892442606052863e-05
4762,5.490580788956141e-05
4763,5.453361795457538e-05
4764,5.702985279177767e-05
4765,5.751192988996753e-05
4766,5.364104890537893e-05
4767,4.8440955888959434e-05
4768,4.074013745414904e-05
4769,3.367354757427227e-05
4770,2.8599719134803327e-05
4771,2.5298085353830693e-05
4772,2.600706887796307e-05
4773,2.7915301731291038e-05
4774,2.6918656859252495e-05
4775,2.552789744995408e-05
4776,2.9800289223172043e-05
4777,2.9998138947305853e-05
4778,2.9009682782140674e-05
4779,2.5954238511038152e-05
4780,2.2761435285930846e-05
4781,3.400664303773386e-05
4782,4.230153894861494e-05
4783,4.795623727242333e-05
4784,5.16097212971159e-05
4785,5.4293239785067016e-05
4786,5.241036550786301e-05
4787,5.307814134579395e-05
4788,5.8617933621540644e-05
4789,5.443588177576429e-05
4790,4.4926944032948645e-05
4791,3.9489906820870904e-05
4792,3.15106723523662e-05
4793,2.5595784471452595e-05
4794,2.1323392698234633e-05
4795,1.7885192418761096e-05
4796,1.7383039781139767e-05
4797,2.1530487736580303e-05
4798,2.046806905772024e-05
4799,1.888210144263426e-05
4800,1.9667688998807762e-05
4801,2.07599568349804e-05
4802,1.4623973868486024e-05
4803,1.4441444950760437e-05
4804,6.8787779254587e-06
4805,6.042209065202653e-06
4806,2.5060084550833947e-06
4807,3.5663139192664607e-06
4808,5.670283282051244e-06
4809,9.193540452273898e-06
4810,1.0146600271599385e-05
4811,1.2461626950249208e-05
4812,1.2899590692056762e-05
4813,1.40724248377899e-05
4814,1.072826261144271e-05
4815,8.96531326715826e-06
4816,1.0091392538162847e-05
4817,1.119475475138972e-05
4818,8.802067433360268e-06
4819,1.0007920558421479e-05
4820,1.1883662736090626e-05
4821,1.5898242318715e-05
4822,1.6372659013700746e-05
4823,1.6526659533286875e-05
4824,1.4871484137529256e-05
4825,1.680771708532743e-05
4826,1.5808166543108018e-05
4827,1.4534162244713666e-05
4828,1.2096833266632663e-05
4829,1.1344000537952607e-05
4830,1.0847395088858396e-05
4831,1.5518656132359476e-05
4832,1.5862317669206056e-05
4833,1.9638368145164433e-05
4834,1.900096976821532e-05
4835,1.9013120752608053e-05
4836,1.979342527208906e-05
4837,1.9118253182788634e-05
4838,1.8731799048732875e-05
4839,1.4390199494843269e-05
4840,1.6691754429927238e-05
4841,1.2963251284201286e-05
4842,1.2889288770506403e-05
4843,1.2764344952728976e-05
4844,1.32374408885416e-05
4845,1.6117752493288026e-05
4846,1.558575069835412e-05
4847,1.540454253980166e-05
4848,1.612092231530352e-05
4849,1.937131064035898e-05
4850,1.7992966367287922e-05
4851,1.6361036332977264e-05
4852,1.6794245341761574e-05
4853,2.868583263289094e-05
4854,3.8152506082166655e-05
4855,4.614072171304859e-05
4856,5.246583739313417e-05
4857,5.539263972077452e-05
4858,5.415482422372374e-05
4859,5.694215438268231e-05
4860,5.770053429988948e-05
4861,5.8851443843348775e-05
4862,5.6938456256997565e-05
4863,5.302953740822302e-05
4864,4.349946751863741e-05
4865,3.155161588673301e-05
4866,2.9423608706997394e-05
4867,2.5610841126026198e-05
4868,2.4433780550939067e-05
4869,2.293339813027145e-05
4870,2.37044573355406e-05
4871,2.1292486933583555e-05
4872,2.1701658125417032e-05
4873,2.2802907123966908e-05
4874,2.1738903534099096e-05
4875,2.338721098215648e-05
4876,2.082678724914042e-05
4877,3.1455728770764286e-05
4878,4.285388043481493e-05
4879,4.8500125899915344e-05
4880,4.793299191097637e-05
4881,5.0607793388384875e-05
4882,5.50442234509047e-05
4883,5.15785513806302e-05
4884,5.3537765538040714e-05
4885,5.2851499071686056e-05
4886,5.11271158952568e-05
4887,4.4845056964215024e-05
4888,3.5489855589150884e-05
4889,2.793616972622638e-05
4890,2.6616995464111228e-05
4891,2.4740989134607453e-05
4892,2.251867974991086e-05
4893,2.407585481502276e-05
4894,2.420793073233505e-05
4895,1.904138499891288e-05
4896,2.3311663557453848e-05
4897,2.4637705767269244e-05
4898,2.2834869495956482e-05
4899,2.3444003626600764e-05
4900,2.3436607375231277e-05
4901,3.2900639306160745e-05
4902,4.167365003771231e-05
4903,4.686608265092769e-05
4904,4.948118581371103e-05
4905,5.250255449814698e-05
4906,5.205640204946607e-05
4907,5.0164018306215575e-05
4908,5.085794517577435e-05
4909,5.4700297762223496e-05
4910,5.053488748202849e-05
4911,4.374777024318452e-05
4912,3.770529702614724e-05
4913,3.114825603526128e-05
4914,2.7859301542350628e-05
4915,2.5160198096156662e-05
4916,2.4308572581327016e-05
4917,2.9188777726016142e-05
4918,2.807220792105804e-05
4919,2.5791256829074786e-05
4920,2.8185000754442734e-05
4921,2.5917521406025336e-05
4922,2.8080660779766023e-05
4923,2.387800509088895e-05
4924,2.3493664171510186e-05
4925,3.5004080365276275e-05
4926,4.630476000235046e-05
4927,5.087775656337119e-05
4928,5.423116410393024e-05
4929,5.0542283733397974e-05
4930,5.150643792977769e-05
4931,4.992707411055733e-05
4932,5.341810475695578e-05
4933,5.380376643550767e-05
4934,4.900227853753667e-05
4935,4.389094053755104e-05
4936,3.629102810356724e-05
4937,3.0209724566840143e-05
4938,2.8746059251185344e-05
4939,2.444989381285117e-05
4940,2.6427334446850774e-05
4941,2.7642961189793096e-05
4942,2.582321920106436e-05
4943,2.4645630322307978e-05
4944,2.9299721496558467e-05
4945,2.6860807607469713e-05
4946,2.637450407992586e-05
4947,2.5114763980601235e-05
4948,2.4138194647994163e-05
4949,3.297486597169025e-05
4950,4.3273881851868015e-05
4951,4.8068237650304154e-05
4952,5.269538533742293e-05
4953,5.4893921057003315e-05
4954,5.5928075489558544e-05
4955,5.2573875493495625e-05
4956,5.233772375334125e-05
4957,5.316161332553531e-05
4958,4.696408298157341e-05
4959,3.960851099461734e-05
4960,3.320362146047514e-05
4961,2.511766965078211e-05
4962,2.0224256914361755e-05
4963,1.9177159041909914e-05
4964,2.0641616813068592e-05
4965,1.8115796970388354e-05
4966,2.1178901644694985e-05
4967,1.8705383865270416e-05
4968,2.114509020986304e-05
4969,2.0822296667951803e-05
4970,1.967033051715401e-05
4971,1.6669565675818774e-05
4972,1.1784605798106408e-05
4973,1.012493982116017e-05
4974,1.0752036276558922e-05
4975,9.05697395377299e-06
4976,1.3470686958515105e-05
4977,9.681957194494747e-06
4978,1.1026225880899238e-05
4979,8.275348675118857e-06
4980,1.213249376430698e-05
4981,1.0264147838007324e-05
4982,1.1991700836452078e-05
4983,9.254295374237552e-06
4984,9.810863289791543e-06
4985,6.421002796054301e-06
4986,4.142164918748046e-06
4987,7.45145910292479e-06
4988,1.0061807532684894e-05
4989,1.0244336450410479e-05
4990,1.2572306568956906e-05
4991,9.393767542919331e-06
4992,8.608708290415078e-06
4993,1.4443558165437434e-05
4994,1.153445401071693e-05
4995,1.0120977543640801e-05
4996,4.13371206004006e-06
4997,3.8677111625731075e-06
4998,1.0700790820641753e-06
4999,0.0
5000,2.7257827814910457e-06
5001,3.152123842575118e-06
5002,5.722849497141536e-06
5003,3.5499365055197367e-06
5004,7.466251605663766e-06
5005,3.999522928050773e-06
5006,5.834849875022358e-06
5007,6.426814136416043e-06
5008,6.296323130111499e-06
5009,4.746280164534462e-06
5010,1.317853502942032e-06
5011,2.5498576596310753e-06
5012,5.9228124359523435e-06
5013,8.004593044628662e-06
5014,6.382700780033738e-06
5015,5.267715886083383e-06
5016,9.57656061247954e-06
5017,1.0585356468910812e-05
5018,1.1225132212371546e-05
5019,1.2631212428078188e-05
5020,1.2622231265700953e-05
5021,2.819688758700084e-05
5022,4.239584115357591e-05
5023,4.9664771338775117e-05
5024,5.0806963871691806e-05
5025,5.8463933101954515e-05
5026,5.8773254900299904e-05
5027,5.9679031541227586e-05
5028,6.271334366556014e-05
5029,6.131307479021524e-05
5030,6.092635650432485e-05
5031,5.603320791973913e-05
5032,4.609528759749316e-05
5033,3.342656560889828e-05
5034,3.225980695536151e-05
5035,3.061387687381575e-05
5036,3.019863018978591e-05
5037,3.063632977975884e-05
5038,2.6471711955067706e-05
5039,2.6951675838580568e-05
5040,2.924715528146817e-05
5041,2.839711467764627e-05
5042,2.8425643075785727e-05
5043,2.5569369287990136e-05
5044,2.4208723187838928e-05
5045,3.9321377950380416e-05
5046,5.111364415169094e-05
5047,5.467097690858017e-05
5048,6.0201259718280385e-05
5049,6.229994604437268e-05
5050,5.976567334298445e-05
5051,5.9186652521487376e-05
5052,6.099714919600425e-05
5053,6.030005250442998e-05
5054,5.763660955591033e-05
5055,4.615181609010282e-05
5056,3.716378576516685e-05
5057,3.138414362358103e-05
5058,3.057240503577969e-05
5059,2.7553413717855363e-05
5060,2.611325791548215e-05
5061,2.403781695083682e-05
5062,1.916500805751719e-05
5063,1.622579059364948e-05
5064,1.7768173156022405e-05
5065,1.698760448470677e-05
5066,1.8394477155917287e-05
5067,1.590695932925761e-05
5068,1.8721761279017136e-05
5069,2.9717609698934552e-05
5070,3.757348526066957e-05
5071,4.492958555129489e-05
5072,4.8912995217433565e-05
5073,5.3930823467962086e-05
5074,5.478482634930336e-05
5075,5.37202944557663e-05
5076,5.693422982764357e-05
5077,5.5830075158912825e-05
5078,5.325300986031542e-05
5079,4.68436297449846e-05
5080,3.895050877456751e-05
5081,3.1837692323631435e-05
5082,3.2948450788227795e-05
5083,2.9772289128701838e-05
5084,2.9265117606222644e-05
5085,2.919062678885851e-05
5086,2.7664621640232313e-05
5087,2.172120536117925e-05
5088,2.4489780739879477e-05
5089,2.4006382882516498e-05
5090,2.272075590339866e-05
5091,1.971153820335544e-05
5092,1.9982293833845638e-05
5093,3.48484949346824e-05
5094,4.1538404298384526e-05
5095,4.519769966343884e-05
5096,4.950205380864638e-05
5097,5.4873317213902594e-05
5098,5.7473892025781586e-05
5099,5.622181232966108e-05
5100,6.323451523527443e-05
5101,6.469527488074837e-05
5102,6.10848476050996e-05
5103,5.1338965666625706e-05
5104,4.507434075666916e-05
5105,3.634729244434227e-05
5106,3.0671197821929287e-05
5107,2.737035649646053e-05
5108,3.0559197444048466e-05
5109,3.072904707371207e-05
5110,3.106108592983517e-05
5111,2.8486133845914757e-05
5112,3.0923198672161135e-05
5113,2.825394438327975e-05
5114,2.6773637502043602e-05
5115,2.6858430240958094e-05
5116,2.914440021779921e-05
5117,3.6198839113283253e-05
5118,5.2012816996753015e-05
5119,5.706577744128662e-05
5120,5.8200309570999184e-05
5121,6.16253022587415e-05
5122,6.644026190027835e-05
5123,6.699630151216309e-05
5124,6.728052888621914e-05
5125,6.622339324405156e-05
5126,5.8010384401904115e-05
5127,5.153390972057865e-05
5128,4.4379885583441136e-05
5129,3.80745812909524e-05
5130,3.14515023414103e-05
5131,2.8747908314027716e-05
5132,2.8709342146172528e-05
5133,2.5905898725301855e-05
5134,2.1774564031773417e-05
5135,1.8945762034778783e-05
5136,2.243520777016949e-05
5137,1.894496957927491e-05
5138,1.826319369410887e-05
5139,1.6605112628170378e-05
5140,1.3823065505904296e-05
5141,8.975879340543244e-06
5142,1.0301129094854762e-05
5143,1.3589026980426915e-05
5144,1.4500350809881719e-05
5145,1.6784207572045842e-05
5146,1.801251360305014e-05
5147,1.964576439653392e-05
5148,2.3338607044585557e-05
5149,2.388434473491994e-05
5150,1.955859429110781e-05
5151,1.9305008529868214e-05
5152,1.8583874021343108e-05
5153,1.6020280466311555e-05
5154,1.615605450930859e-05
5155,1.9391122027955826e-05
5156,2.0318294967488105e-05
5157,1.846183587374655e-05
5158,1.9013384904442678e-05
5159,1.742187010082958e-05
5160,1.7406285142586726e-05
5161,1.4894465347141593e-05
5162,1.5690354824865454e-05
5163,1.5322391319233416e-05
5164,1.4367482437065555e-05
5165,1.2092342685444044e-05
5166,1.212958809412611e-05
5167,1.380087675179583e-05
5168,1.5951600989309164e-05
5169,1.89351959613938e-05
5170,2.087459873120747e-05
5171,1.739888889121724e-05
5172,1.824760873586602e-05
5173,1.864172327312589e-05
5174,1.7077416108479127e-05
5175,1.5564090247914904e-05
5176,1.6785528331218967e-05
5177,1.4499294202543222e-05
5178,1.712311437586918e-05
5179,1.803840048284335e-05
5180,1.9424405159118524e-05
5181,2.39730997513538e-05
5182,2.2218074962108088e-05
5183,2.5511520036207354e-05
5184,2.5935483730779806e-05
5185,3.2056410042700585e-05
5186,2.9978063407874386e-05
5187,3.4122869844968674e-05
5188,3.474177759349407e-05
5189,5.524260147870776e-05
5190,7.598010540774507e-05
5191,9.104177886620402e-05
5192,0.00010199113656322752
5193,0.0001075351552683282
5194,0.000111590942537154
5195,0.00010792398676889559
5196,0.00010730851299422031
5197,0.00010565280929479344
5198,9.116540192480833e-05
5199,8.251812746653807e-05
5200,6.876691125965165e-05
5201,6.138703730391012e-05
5202,5.7488684528520567e-05
5203,5.775257221131052e-05
5204,5.5339016898345726e-05
5205,5.694796572304405e-05
5206,5.3025575130703656e-05
5207,5.0290282883166125e-05
5208,4.8107596273663215e-05
5209,4.711755519749029e-05
5210,4.448818783563722e-05
5211,4.6741402984984885e-05
5212,4.884722141061204e-05
5213,7.337741738118908e-05
5214,9.423378963580744e-05
5215,0.00011030690046904392
5216,0.00011642095883326447
5217,0.0001194819502928941
5218,0.00011847236198095895
5219,0.00012121901275738535
5220,0.00012288052779717396
5221,0.00011902232610064734
5222,0.0001071460596159262
5223,9.755470650070768e-05
5224,8.177744572225073e-05
5225,6.849536317365758e-05
5226,6.576720302565492e-05
5227,6.345561032085521e-05
5228,5.797498805606442e-05
5229,5.550543255415922e-05
5230,5.067541625804877e-05
5231,4.447603685124448e-05
5232,4.715770627635322e-05
5233,4.7412084493096696e-05
5234,4.677547857165146e-05
5235,5.0275754532261773e-05
5236,5.281398951116937e-05
5237,7.483210153446664e-05
5238,9.117438308718557e-05
5239,0.0001028905735601242
5240,0.00010834953537447579
5241,0.000113877704969499
5242,0.00011795885081444877
5243,0.00011813715330282037
5244,0.0001259737457806278
5245,0.0001235419639910739
5246,0.00011351476034872483
5247,0.00010268823325480178
5248,9.541877476593333e-05
5249,8.37974148016249e-05
5250,7.265390550615236e-05
5251,7.428821290697463e-05
5252,7.271254721343902e-05
5253,7.449108151596632e-05
5254,7.290194407886483e-05
5255,6.991306607008771e-05
5256,7.324930374139616e-05
5257,6.99505756306044e-05
5258,6.587497697418174e-05
5259,6.586097692694664e-05
5260,6.993683973520391e-05
5261,9.188151754847556e-05
5262,0.00011640114744566763
5263,0.00013161946294205896
5264,0.00013689510338318108
5265,0.00013636362989191643
5266,0.00013468652989388495
5267,0.0001306579502640255
5268,0.00013357418651828085
5269,0.00013116723500118167
5270,0.0001178740580755343
5271,0.0001025379308609004
5272,9.224419801741511e-05
5273,8.315658245082566e-05
5274,7.490949802201163e-05
5275,6.860155221117668e-05
5276,6.857408042037572e-05
5277,6.515806889501063e-05
5278,6.147209419465924e-05
5279,5.708083409586021e-05
5280,5.850487663632133e-05
5281,5.445437240418801e-05
5282,5.2326101072617764e-05
5283,5.1364588394584295e-05
5284,5.8523367264745046e-05
5285,7.736188365466625e-05
5286,0.00010268083700343229
5287,0.00011430932906727556
5288,0.00011806160587811774
5289,0.0001222779974623953
5290,0.00011869160800369735
5291,0.00011214117080867701
5292,0.0001114876591698158
5293,0.00010494963711102281
5294,9.189102701452205e-05
5295,8.044347895739661e-05
5296,6.868608079825654e-05
5297,5.7073173692656104e-05
5298,5.259130951458084e-05
5299,4.8654654723170724e-05
5300,4.926458130931888e-05
5301,4.883771194456556e-05
5302,4.756502840534433e-05
5303,4.683253536793037e-05
5304,4.703038509206418e-05
5305,4.71606119465341e-05
5306,4.446256510767863e-05
5307,4.5462115649898044e-05
5308,4.471298104690273e-05
5309,4.605830634064572e-05
5310,4.694268668296882e-05
5311,5.451856130000178e-05
5312,5.276591387726769e-05
5313,5.310534898476028e-05
5314,5.443720253493741e-05
5315,5.092477558993437e-05
5316,5.4758939469510154e-05
5317,5.865359411921496e-05
5318,5.307999040863632e-05
5319,4.493962332101062e-05
5320,4.528856789454969e-05
5321,4.380324212845568e-05
5322,4.472645279046859e-05
5323,4.34595805916091e-05
5324,4.2707012014763665e-05
5325,4.461365995708389e-05
5326,3.9941870609913564e-05
5327,3.737405062552801e-05
5328,3.9033452450639634e-05
5329,3.792401474521639e-05
5330,3.784556165033289e-05
5331,4.3543316723185086e-05
5332,4.147183803605913e-05
5333,4.1973462370011215e-05
5334,4.396041247005731e-05
5335,4.674298789599263e-05
5336,5.301183923530318e-05
5337,5.389331390744541e-05
5338,5.8505669091825195e-05
5339,6.241062566308038e-05
5340,5.8159630188467006e-05
5341,5.7432684339580156e-05
5342,6.481625642100643e-05
5343,6.241379548509587e-05
5344,6.156137751476235e-05
5345,5.537282833317768e-05
5346,5.629471823601746e-05
5347,5.9861560458953175e-05
5348,6.548350395526812e-05
5349,7.526425393591246e-05
5350,7.776392274696486e-05
5351,7.917713506220636e-05
5352,8.203525791284433e-05
5353,8.469341782467149e-05
5354,8.517047603800348e-05
5355,8.413130272059037e-05
5356,9.381167500407737e-05
5357,0.00012142082475903852
5358,0.00015212873968598064
5359,0.0001683093603159093
5360,0.00017095774660985533
5361,0.00017348198154152784
5362,0.00016898347579787123
5363,0.00016132333674559303
5364,0.0001626816054792326
5365,0.00016595761653224667
5366,0.00015492769252566267
5367,0.00014379976818843296
5368,0.0001299027401688338
5369,0.00011882711789485977
5370,0.00011340091090800165
5371,0.00011292253193549652
5372,0.00011195362300609356
5373,0.00010731009790522806
5374,0.00010658051053799498
5375,9.958365674245908e-05
5376,9.462130037720172e-05
5377,8.953083037215142e-05
5378,9.195627251767433e-05
5379,9.453307366443711e-05
5380,0.00010553552588022013
5381,0.0001314673114853152
5382,0.00015703905813981695
5383,0.0001675266784299167
5384,0.00017273179033119404
5385,0.00017748388183609021
5386,0.0001775639198419815
5387,0.0001777501468853918
5388,0.00018195227427059965
5389,0.00017654508621583448
5390,0.0001677549056150323
5391,0.00016066559867737782
5392,0.00015288870451419555
5393,0.00013514456917512396
5394,0.0001318070107446424
5395,0.00012313966074694067
5396,0.00012527057359685716
5397,0.00012192799628151772
5398,0.00011659767641062831
5399,0.00010939082190656589
5400,0.00010704700267794198
5401,0.00010383782203908794
5402,0.00010176370183361574
5403,0.00010674983186398933
5404,0.00011359110022893135
5405,0.00014408135404414278
5406,0.00016548452059643405
5407,0.00017765927865428095
5408,0.0001830683157718885
5409,0.00018776546369518278
5410,0.00018150031048155696
5411,0.0001869524043482083
5412,0.00018631738333777084
5413,0.00018210152005716253
5414,0.0001856477584369975
5415,0.00017059136801523108
5416,0.00015478848450881552
5417,0.00014196681860797304
5418,0.0001354467588739345
5419,0.00012961164484707753
5420,0.00012954455028108287
5421,0.00012622363341618266
5422,0.00012394109741319166
5423,0.00012095063449340676
5424,0.00011899274109516938
5425,0.00011399974311709556
5426,0.00011176132047048686
5427,0.0001134035524263479
5428,0.00011670043147429727
5429,0.0001446199596349423
5430,0.00016928038245998925
5431,0.00017700180473790038
5432,0.0001822895961634152
5433,0.0001849102465147257
5434,0.00017654482206399985
5435,0.00017479983504446986
5436,0.00017245020447548422
5437,0.00017114344534959643
5438,0.0001575023804577485
5439,0.00014702321302635673
5440,0.00013406339571600556
5441,0.00012236965814901
5442,0.00011638107190623614
5443,0.00011813504008814337
5444,0.00011901281663460085
5445,0.00011200486846201073
5446,0.00010904531130687692
5447,0.00010984833288413564
5448,0.00010898825451059802
5449,0.00010144566302472776
5450,9.632507971053026e-05
5451,0.00010086347238121517
5452,0.00010546526149220999
5453,0.00013874416622555315
5454,0.00016276930388832797
5455,0.00017657361461397394
5456,0.0001752449308858123
5457,0.00017437111661687416
5458,0.00016975638406598276
5459,0.0001654874262666149
5460,0.0001626298317196462
5461,0.0001538824437160532
5462,0.00014013730300136318
5463,0.0001291760584717816
5464,0.00010916523623979649
5465,9.497209401358316e-05
5466,9.117966612387806e-05
5467,8.489206000430917e-05
5468,9.078951386413755e-05
5469,8.587734634745886e-05
5470,8.201333331057048e-05
5471,6.76992095440991e-05
5472,5.83669893786473e-05
5473,5.75932886550319e-05
5474,5.674351220304463e-05
5475,5.4334975774937696e-05
5476,5.481705287312756e-05
5477,5.322950034703383e-05
5478,5.649124720097815e-05
5479,5.6470115054208185e-05
5480,5.755974137203457e-05
5481,5.966001260913462e-05
5482,5.8579367453685456e-05
5483,5.21813458672435e-05
5484,5.115062540853838e-05
5485,4.7534915096197124e-05
5486,4.01368146638665e-05
5487,4.0561042510273574e-05
5488,3.804790195565532e-05
5489,3.580313966501563e-05
5490,3.4648003692202344e-05
5491,3.555061051111454e-05
5492,3.712654035648479e-05
5493,3.4877815788325725e-05
5494,3.420396445819842e-05
5495,3.621944295638397e-05
5496,3.384498211494362e-05
5497,3.194493796848901e-05
5498,3.3231621554945344e-05
5499,3.363762292476333e-05
5500,3.7330201420980335e-05
5501,4.112395006985855e-05
5502,4.2774899036262185e-05
5503,4.6693855654752464e-05
5504,4.8943900982084643e-05
5505,5.4371164576281265e-05
5506,5.5630904675605893e-05
5507,5.715030602836648e-05
5508,5.589584896573434e-05
5509,5.3589539297627136e-05
5510,5.5619546146717034e-05
5511,5.113292723561854e-05
5512,5.833080057730373e-05
5513,5.820268693751081e-05
5514,5.929970950670669e-05
5515,5.867419796231568e-05
5516,6.704120732404927e-05
5517,7.378843763586493e-05
5518,7.329473785695158e-05
5519,7.233137611607574e-05
5520,8.21422394058673e-05
5521,8.113238694209751e-05
5522,8.270012808059441e-05
5523,8.463741763573106e-05
5524,9.319884274774835e-05
5525,0.00012367536066755933
5526,0.0001548592772004949
5527,0.00016911238189316804
5528,0.00017766271262813107
5529,0.00018170344324238327
5530,0.00017446277730348892
5531,0.0001737471899834909
5532,0.00017215197705419306
5533,0.00016647218430609537
5534,0.0001585217423875647
5535,0.00014426176974719135
5536,0.00013013413717596493
5537,0.00011703960242995523
5538,0.0001120186043574112
5539,0.0001143127630411257
5540,0.00011743847170023835
5541,0.00011064290160268639
5542,0.00010718304087277364
5543,0.0001003565650105706
5544,9.956992084705861e-05
5545,9.724829037254316e-05
5546,9.403990218919302e-05
5547,9.603900327363183e-05
5548,0.00010841662994047043
5549,0.00013459909563662422
5550,0.00016013491764161703
5551,0.00017469153279227377
5552,0.00017691067235495487
5553,0.0001791126420483854
5554,0.00017432383343847637
5555,0.00017909996276032342
5556,0.00017908332119474207
5557,0.0001734418304626649
5558,0.00016786584938557463
5559,0.00015850589327748725
5560,0.00014151036423774174
5561,0.00012783495960739258
5562,0.00011827398395315589
5563,0.00011717537647295227
5564,0.0001185534565941887
5565,0.00011357181714500375
5566,0.00011374510074851747
5567,0.00010813821390677612
5568,0.00010668802033468717
5569,0.00010683515290657307
5570,0.0001068613039382009
5571,0.00010848636602481131
5572,0.00011610793890923434
5573,0.0001395345085147499
5574,0.00016183975358228408
5575,0.00017856531944704328
5576,0.00018443530151607067
5577,0.00018285857921519657
5578,0.00017849320599619075
5579,0.00017965045518368103
5580,0.0001758318762623481
5581,0.00017544647873563084
5582,0.00017068276455001115
5583,0.00015312353549517678
5584,0.0001389552235414182
5585,0.00012104731406487938
5586,0.0001166211859239099
5587,0.00011484476483605958
5588,0.00011623869406737351
5589,0.00011464031131606017
5590,0.00011204634030004679
5591,0.00010662092576869253
5592,0.00010751507972889673
5593,0.00010606462200497317
5594,0.00010137275711837138
5595,0.0001052512985061641
5596,0.00011182260369611977
5597,0.00014136349581769046
5598,0.0001686802294917222
5599,0.00018501432233756774
5600,0.00018475730260247803
5601,0.00018472666098966163
5602,0.00018129902678357303
5603,0.00018374163879834654
5604,0.000179269812389987
5605,0.0001834339019110089
5606,0.00017717456003774485
5607,0.00015798525001144219
5608,0.0001438150889948412
5609,0.00012783654451840033
5610,0.00012410011681763565
5611,0.00012150852316813389
5612,0.00011991251778333217
5613,0.00011369623265911192
5614,0.0001104785991615499
5615,0.00010525816645386432
5616,0.00010589107424962482
5617,0.00010318774437407685
5618,0.00010026358356478276
5619,0.00010220879767495816
5620,0.00010931501033002863
5621,0.00014096621145841511
5622,0.00016157163947014015
5623,0.0001736457556789951
5624,0.00017903524556084038
5625,0.00018196019882563838
5626,0.00017315998045512048
5627,0.00016998144142908291
5628,0.00016862211608810479
5629,0.00016006386079810302
5630,0.00014646426774429113
5631,0.0001334724880619504
5632,0.00012072267146012576
5633,0.00010345955661190555
5634,9.408877027859857e-05
5635,8.549881676844182e-05
5636,8.777659803840959e-05
5637,8.207118256235328e-05
5638,7.82264526093925e-05
5639,6.455659516757047e-05
5640,6.114348931238627e-05
5641,5.981506973605925e-05
5642,5.481388305111206e-05
5643,5.629471823601746e-05
5644,5.485271337080188e-05
5645,5.3174556765431925e-05
5646,5.6106113826095516e-05
5647,5.525739398144674e-05
5648,5.654170020139144e-05
5649,5.6933701523974327e-05
5650,5.7995591899165135e-05
5651,5.006654627923911e-05
5652,4.5680833368967194e-05
5653,4.639536408162668e-05
5654,4.2495690547064e-05
5655,3.900069762314618e-05
5656,3.881473473157047e-05
5657,3.583800770718608e-05
5658,3.5725214873801384e-05
5659,3.88654518838184e-05
5660,4.1248629735801356e-05
5661,3.791529773467378e-05
5662,3.709220061798359e-05
5663,3.238950550616218e-05
5664,3.5876838026875894e-05
5665,3.689646410852677e-05
5666,3.71310309376734e-05
5667,4.070606186748247e-05
5668,4.807431314250052e-05
5669,4.8340049888132845e-05
5670,4.626592968266064e-05
5671,4.438939504948762e-05
5672,5.0408358753243315e-05
5673,5.678128591539594e-05
5674,5.699445644593798e-05
5675,5.8166762288001864e-05
5676,5.833846098050784e-05
5677,5.698785265007236e-05
5678,5.641860544645639e-05
5679,5.602554751653502e-05
5680,5.5400828427647883e-05
5681,5.82079699742033e-05
5682,5.617400084759404e-05
5683,5.878012284800014e-05
5684,6.338613838834895e-05
5685,7.069838947442659e-05
5686,7.301156709023403e-05
5687,7.664708879017214e-05
5688,8.230627769516915e-05
5689,8.101748089403582e-05
5690,8.270329790260989e-05
5691,8.492930541299123e-05
5692,9.615232441068578e-05
5693,0.00013037900592666193
5694,0.00015860072378611747
5695,0.00017483285402379795
5696,0.00018200616124486305
5697,0.00017616682078865209
5698,0.00017371892573718608
5699,0.0001728131490962584
5700,0.00017786003404859563
5701,0.0001741051157194072
5702,0.0001708338593994164
5703,0.00015724853054467427
5704,0.00014290455762089026
5705,0.00012598034957649341
5706,0.0001201201411253471
5707,0.00011750424550705988
5708,0.00011729873537972195
5709,0.00011429691393104822
5710,0.00011179064132413021
5711,0.00010779217500341793
5712,0.0001080188172775258
5713,0.00010312223471908997
5714,9.839391687930997e-05
5715,0.00010168181476488211
5716,0.00010688851157716724
5717,0.00013264331545306384
5718,0.00015638211252710563
5719,0.0001706563493665487
5720,0.00017847814934161715
5721,0.00018078181749137814
5722,0.00016884373947735482
5723,0.00017190922151817306
5724,0.00017216016576106642
5725,0.00016729422481544704
5726,0.00015927299020523705
5727,0.00014701264695297174
5728,0.00013355833740820336
5729,0.00012230467679769238
5730,0.0001225746399726787
5731,0.00012230546925319624
5732,0.00012181969402932164
5733,0.000117821491860444
5734,0.00011126048859203866
5735,0.00010560579026823027
5736,0.00010639296273541153
5737,0.00010729134312496972
5738,0.0001028829131569201
5739,0.00010504076949396828
5740,0.00011259762517890828
5741,0.00014236410296724838
5742,0.00016749418775425783
5743,0.00017942830349076177
5744,0.00018538941794273467
5745,0.00018577957020247517
5746,0.00018234427559318253
5747,0.00018377492192950924
5748,0.00018497417125870483
5749,0.0001797230969382028
5750,0.0001749387789094824
5751,0.00016156107339675515
5752,0.0001490495217497619
5753,0.00013154497212469483
5754,0.00012546895162466023
5755,0.00012156637241991668
5756,0.00012278120670735512
5757,0.00011580944733610856
5758,0.00011371842141322038
5759,0.0001079435340046578
5760,0.00010967953986181056
5761,0.00010381616158864874
5762,0.00010368910455619431
5763,0.0001037931803790364
5764,0.00011404464892898174
5765,0.00014386818351360073
5766,0.0001698620447998326
5767,0.00017822377112487368
5768,0.00018850905110965097
5769,0.00019460646790829016
5770,0.00018925977062365403
5771,0.0001917689489007529
5772,0.00019694289088554456
5773,0.00019730187322879937
5774,0.00018787667161755973
5775,0.00017464953265056848
5776,0.0001573898517761984
5777,0.00014214802676652547
5778,0.0001392703566801253
5779,0.00012757371344294886
5780,0.00011550514442262104
5781,0.00010912851913478367
5782,0.00010444378634771673
5783,0.00010026886660147524
5784,9.746040429574671e-05
5785,9.676568497068405e-05
5786,9.250702909286657e-05
5787,9.508884912448723e-05
5788,9.992467676095941e-05
5789,0.00012634752062662158
5790,0.00015168443630014209
5791,0.00016256775603850943
5792,0.0001710496714483047
5793,0.00016765954680273283
5794,0.0001586147238333526
5795,0.00015889234741154302
5796,0.00015552626058292198
5797,0.0001506349610611786
5798,0.00013638185636850552
5799,0.00012406472047179595
5800,0.00010387295423309303
5801,9.283140754578556e-05
5802,8.515674014260299e-05
5803,8.229571162178417e-05
5804,8.022872351584682e-05
5805,7.47253841932783e-05
5806,6.68008291545409e-05
5807,5.4898675790026554e-05
5808,5.288583881018725e-05
5809,5.177217467541002e-05
5810,4.591777756462545e-05
5811,4.523151109827078e-05
5812,4.264757785197314e-05
5813,4.1914028207220683e-05
5814,3.440524815618236e-05
5815,3.443324825065256e-05
5816,3.315343261189647e-05
5817,3.417913418574371e-05
5818,3.0892557059344685e-05
5819,2.613808818793686e-05
5820,2.6049597323337623e-05
5821,2.49338199738834e-05
5822,2.4419780503703966e-05
5823,2.2315546989084556e-05
5824,2.3310606950115352e-05
5825,2.1422977939888102e-05
5826,2.1534978317768923e-05
5827,2.3813816195075177e-05
5828,2.485800839734614e-05
5829,2.4071892537503392e-05
5830,2.457985651548646e-05
5831,2.4869102774400374e-05
5832,2.6060691700391857e-05
5833,2.4909253853263312e-05
5834,2.47275173910416e-05
5835,2.1817884932651847e-05
5836,2.556118058111678e-05
5837,2.4214006224531414e-05
5838,2.933696690524053e-05
5839,3.159652169861919e-05
5840,3.533136448837614e-05
5841,4.2772785821585195e-05
5842,4.296139023150714e-05
5843,4.508702004473114e-05
5844,4.3790826992228325e-05
5845,4.422588506385501e-05
5846,4.7080838092477474e-05
5847,4.7527782996662266e-05
5848,4.7008724641624966e-05
5849,4.919405276947412e-05
5850,5.1182059476858706e-05
5851,5.85841221867087e-05
5852,6.51350876853983e-05
5853,7.276167945467918e-05
5854,7.355175759204131e-05
5855,7.262722617085527e-05
5856,7.825392440019346e-05
5857,7.622391755110357e-05
5858,7.802384815223545e-05
5859,8.046434695233194e-05
5860,9.125732676325767e-05
5861,0.00012636548295137605
5862,0.00015465191801031464
5863,0.0001665015051597387
5864,0.00017293597969935884
5865,0.00017692757807237088
5866,0.00016829351120583184
5867,0.00016886751314247104
5868,0.00017223518488209983
5869,0.00016884928666588195
5870,0.00015868472406952808
5871,0.00014390357985944046
5872,0.0001255096310071924
5873,0.00011074354345167836
5874,0.00010953795447845177
5875,0.00011113712968526898
5876,0.0001101700698187084
5877,0.00010522937390389025
5878,0.00010306095149345706
5879,9.932293888168462e-05
5880,9.661987315797129e-05
5881,9.480567835776967e-05
5882,8.97519254577322e-05
5883,9.295793627457073e-05
5884,0.00010071184922814067
5885,0.0001323944844248475
5886,0.00015375934896111817
5887,0.0001614995260192876
5888,0.0001705007639359548
5889,0.00017423824824405802
5890,0.00017257594074876554
5891,0.00017767195794234295
5892,0.00018183631161519946
5893,0.00018041015586006134
5894,0.0001730421687368779
5895,0.0001634251928937008
5896,0.00014348093692404112
5897,0.00012691808858941066
5898,0.00011816621000462908
5899,0.0001168607716379144
5900,0.00011935859138612442
5901,0.00011137063990707711
5902,0.00011127396033560451
5903,0.00010622786783877115
5904,0.00010151724817191101
5905,0.00010059403750989811
5906,9.39387320365318e-05
5907,0.00010207434439113426
5908,0.00011272362560402422
5909,0.00013866492067516576
5910,0.00016493323571757255
5911,0.0001783970547283874
5912,0.0001827677109840857
5913,0.00018127155499277208
5914,0.0001798047198551018
5915,0.00018511707740123673
5916,0.00018714919746500364
5917,0.00018446303745870627
5918,0.0001782776580991371
5919,0.00016947453405843834
5920,0.00015245417474623812
5921,0.00013255059815911062
5922,0.0001323762579482584
5923,0.00012761439282548106
5924,0.0001275887700975225
5925,0.00012135769247056326
5926,0.00012097704967686922
5927,0.0001111093937426334
5928,0.00011013176780268784
5929,0.00010773300499246202
5930,0.00010207513684663812
5931,0.00010426759707402215
5932,0.00010955750171421399
5933,0.00013981054718193255
5934,0.0001654121429937469
5935,0.00017911581187040089
5936,0.0001891475060939386
5937,0.00018942460136845977
5938,0.00019435842933557767
5939,0.00019822376313163916
5940,0.0001985711227941705
5941,0.00018880542946809973
5942,0.0001779693929081302
5943,0.0001648458014603118
5944,0.00015529169375377535
5945,0.00013034968507301859
5946,0.00012696906989349323
5947,0.00012589872665959441
5948,0.00012417434348316515
5949,0.00011715292356700919
5950,0.00011650601572401357
5951,0.00010872014039845407
5952,0.00010735553202078348
5953,0.00010530412887308899
5954,0.00010485110847670784
5955,0.00010413393624570211
5956,0.00011050554264868162
5957,0.00014051715333955332
5958,0.00016239473658683033
5959,0.00017143929540437597
5960,0.00018000204127556634
5961,0.00018706361227058526
5962,0.00017772214679092163
5963,0.00017824569572714752
5964,0.00017253341230339097
5965,0.00016458825342155286
5966,0.00014730453473023192
5967,0.00013306543008479392
5968,0.00011945527095759703
5969,0.00010589662143815193
5970,9.892089978938602e-05
5971,9.333091866506064e-05
5972,9.458696063870052e-05
5973,8.82002975811474e-05
5974,8.440337911025369e-05
5975,7.464296882087545e-05
5976,6.884959078388914e-05
5977,6.096677173502242e-05
5978,5.574792393834458e-05
5979,5.713921165131225e-05
5980,5.449531593855482e-05
5981,5.3197009671375014e-05
5982,5.074092591303566e-05
5983,5.571992384387437e-05
5984,5.5923849060204556e-05
5985,5.89763876611262e-05
5986,5.289587657990299e-05
5987,4.638189233806083e-05
5988,4.425758328400996e-05
5989,4.227142563946774e-05
5990,4.387482727563894e-05
5991,4.4354791159151805e-05
5992,3.961934121983695e-05
5993,3.804763780382069e-05
5994,3.557306341705763e-05
5995,3.343264110109465e-05
5996,2.9716288939761428e-05
5997,2.804209461191084e-05
5998,2.3654004335127307e-05
5999,2.3794797262982205e-05
6000,2.5311821249231176e-05
6001,2.5474802931194538e-05
6002,2.4562422494401236e-05
6003,2.540057626566503e-05
6004,2.7414205701008207e-05
6005,2.8986701572528337e-05
6006,3.5712007282070156e-05
6007,3.86129227299173e-05
6008,3.924450976650467e-05
6009,4.407267699977275e-05
6010,4.519558644876184e-05
6011,5.094168130735034e-05
6012,5.356867130269179e-05
6013,5.7541779047280106e-05
6014,5.97210316829329e-05
6015,5.931503031311492e-05
6016,5.709773981327619e-05
6017,5.6643926961391156e-05
6018,6.375753586783111e-05
6019,7.108774927866322e-05
6020,7.615708713694354e-05
6021,8.01423458659246e-05
6022,8.037638439140197e-05
6023,8.377073546632782e-05
6024,8.932373533380575e-05
6025,8.987185039065176e-05
6026,9.236280219116155e-05
6027,9.317110680511276e-05
6028,0.00010461284352187647
6029,0.00013829563641036058
6030,0.00016628516480718115
6031,0.00018723187698924113
6032,0.00019367691760224627
6033,0.0001960867747895263
6034,0.00018710112183110194
6035,0.0001856464376778244
6036,0.00018286122073354284
6037,0.00018453699997240114
6038,0.00017690591762193166
6039,0.00015422135051987656
6040,0.00013664970632881483
6041,0.00012136825854394823
6042,0.000120338330540747
6043,0.0001113146397181367
6044,0.00010909100957426699
6045,0.00010356257582740913
6046,0.00010366136861355873
6047,9.84575774714545e-05
6048,9.564753025471821e-05
6049,9.647749531910864e-05
6050,9.300918173048791e-05
6051,9.502360362133495e-05
6052,0.00010222464678503563
6053,0.0001364172527143452
6054,0.00015572675182540206
6055,0.0001673710929993228
6056,0.00017683987966327552
6057,0.00017558198862679323
6058,0.00016436689418413745
6059,0.00016615176813069573
6060,0.000165989050600567
6061,0.00016481515984749533
6062,0.00016034808817215907
6063,0.0001455740760616063
6064,0.00012740148644677365
6065,0.00011150773470924726
6066,0.00011387427099564888
6067,0.00011282426745301618
6068,0.00010951312420599707
6069,0.0001048688066496277
6070,0.0001024111379802806
6071,9.971995908912536e-05
6072,9.523069865968061e-05
6073,9.351159851994386e-05
6074,8.823093919396385e-05
6075,8.986102016543215e-05
6076,0.00010199298562606988
6077,0.00013419652824065638
6078,0.0001606600514888507
6079,0.00017186405155445228
6080,0.00017575421562296848
6081,0.0001722166942536761
6082,0.0001628490777423846
6083,0.00016111122282238947
6084,0.00015359055593879305
6085,0.0001507960936802996
6086,0.00014220534771463902
6087,0.00012475230769732373
6088,0.00011639507195347126
6089,0.00010149611602514105
6090,0.00010173253191713005
6091,0.00010094218962793331
6092,9.991728050958993e-05
6093,9.694266669988252e-05
6094,9.701266693605804e-05
6095,9.38634487636638e-05
6096,9.299386092407968e-05
6097,8.790523998187176e-05
6098,8.440654893226919e-05
6099,9.251336873689756e-05
6100,9.960056245987506e-05
6101,0.00013103621569120788
6102,0.00015416667109010925
6103,0.00016676486453885938
6104,0.00017317609371703257
6105,0.000169608459038593
6106,0.00015740781410095286
6107,0.00016325692817504496
6108,0.00016192903690238718
6109,0.00015794721214725625
6110,0.00015304244088194707
6111,0.00014126708039805252
6112,0.00012699812659530192
6113,0.00011256381374407634
6114,0.0001112586395291963
6115,0.00010887704658822107
6116,0.00010621915082822855
6117,0.00010281027140239834
6118,0.00010373348206441125
6119,9.703010095714326e-05
6120,9.707289355435245e-05
6121,9.461760225151697e-05
6122,8.805448576843464e-05
6123,9.083996686455084e-05
6124,9.883320138029065e-05
6125,0.0001309881400573062
6126,0.000158279515155214
6127,0.00016871747490040427
6128,0.00017235061923383076
6129,0.00017038797110257014
6130,0.00015986495446663072
6131,0.00015516410841765168
6132,0.00014876740759038287
6133,0.0001411532309573293
6134,0.00012572068832305744
6135,0.00011431038567461407
6136,9.825972774732068e-05
6137,8.968588749907605e-05
6138,8.458617217981391e-05
6139,8.487119200937382e-05
6140,8.611878112430572e-05
6141,8.087193323315768e-05
6142,7.676173068639921e-05
6143,6.455078382720873e-05
6144,6.136537685347091e-05
6145,5.5297545060309674e-05
6146,5.30453865183005e-05
6147,5.680373882133903e-05
6148,5.441052319964033e-05
6149,5.5746339027336835e-05
6150,5.802279953813146e-05
6151,6.14963961634447e-05
6152,5.405708804491264e-05
6153,5.14227017982017e-05
6154,4.741419770777369e-05
6155,3.9706247173428435e-05
6156,3.51826470054825e-05
6157,3.6593746106047e-05
6158,3.5162835617885657e-05
6159,3.612831057343849e-05
6160,3.572283750728976e-05
6161,3.121323738657893e-05
6162,3.185354143370891e-05
6163,3.274505387556687e-05
6164,3.673321827472878e-05
6165,3.5024684208376996e-05
6166,3.1330256649317616e-05
6167,3.343290525292928e-05
6168,3.491109891948843e-05
6169,3.545710076165743e-05
6170,3.33869428337046e-05
6171,3.142165318409772e-05
6172,4.203923617683273e-05
6173,4.5641210593773505e-05
6174,5.015001825898047e-05
6175,4.898616527562457e-05
6176,5.121983318921002e-05
6177,5.300708450227993e-05
6178,5.5543734570179776e-05
6179,5.4121541092561035e-05
6180,5.725094787735845e-05
6181,5.7819138473635915e-05
6182,5.883533058143668e-05
6183,5.431437193183698e-05
6184,5.8731783062263846e-05
6185,5.7811478070431806e-05
6186,6.0916582886443753e-05
6187,6.158171720602845e-05
6188,6.846023097965252e-05
6189,7.534878252299232e-05
6190,8.225027750622874e-05
6191,8.09646505271109e-05
6192,9.056313574186429e-05
6193,8.232450417175824e-05
6194,8.41960199200734e-05
6195,8.837120381814952e-05
6196,0.00010077392490927744
6197,0.00013436003822628895
6198,0.0001641547802609339
6199,0.00017505659062772496
6200,0.00018215672779059905
6201,0.00018192770814997954
6202,0.00017358526490886606
6203,0.00017019936669264817
6204,0.0001755278375006952
6205,0.00016552070939777758
6206,0.00016391308133225242
6207,0.0001448304886471381
6208,0.00013510705961460728
6209,0.00011757292498406226
6210,0.00011543725740112252
6211,0.00011141739478180566
6212,0.00011204686860371604
6213,0.00010940614271297412
6214,0.00011051346720372035
6215,0.00010517363786678446
6216,9.858410620023967e-05
6217,9.766512196758075e-05
6218,9.478058393348033e-05
6219,9.691519490908157e-05
6220,0.0001091406701191764
6221,0.00014149345852032576
6222,0.0001642128936645513
6223,0.00017850509282874886
6224,0.00017845067755081618
6225,0.0001770657294818795
6226,0.00017281922458845477
6227,0.0001784026019169145
6228,0.00017508353411485668
6229,0.00017045506566856476
6230,0.00016193379163541045
6231,0.0001476793661835642
6232,0.0001334125255954906
6233,0.00011834451249300066
6234,0.00011693341339243615
6235,0.00011221486917053728
6236,0.00011190501906852263
6237,0.00010946927500144938
6238,0.00011011882436279122
6239,0.00010647167998212964
6240,0.00010037082920964033
6241,0.00010097943503661537
6242,9.332642808387203e-05
6243,9.831678454359959e-05
6244,0.00010615443362874551
6245,0.00013907435601883387
6246,0.00016412017637059808
6247,0.00017881996181562135
6248,0.00017849452675536387
6249,0.00017694131396777134
6250,0.00016673131725586206
6251,0.00016786479277823614
6252,0.00017101348264696113
6253,0.0001695632890748722
6254,0.00016318138075034231
6255,0.00015238417451006258
6256,0.00013544992869595
6257,0.00011958470535656306
6258,0.00011646692125248914
6259,0.00011454865062944544
6260,0.00010899406585095977
6261,0.00010814904413199573
6262,0.00010761941970357345
6263,0.00010492744835691435
6264,0.00010192219293439049
6265,9.245551948511478e-05
6266,8.792742873598023e-05
6267,9.653877854474154e-05
6268,0.00010298064933573119
6269,0.00013567313699620778
6270,0.00015554395875584182
6271,0.00017491659015537395
6272,0.00017666950172994265
6273,0.000173464283368608
6274,0.00017096302964654783
6275,0.00016800769892076804
6276,0.00017160465445285094
6277,0.00016979045965264932
6278,0.0001637033447755605
6279,0.0001516213040116668
6280,0.00013157667034484978
6281,0.00011302660775833861
6282,0.00011465748118531076
6283,0.00011330079736267892
6284,0.0001098789744969521
6285,0.00010645318935370592
6286,0.00010698571945230907
6287,0.00010565307344662808
6288,0.00010545178974864413
6289,0.00010095407646049142
6290,9.575002116655254e-05
6291,9.917105157677549e-05
6292,0.00010549537480135719
6293,0.0001383342025782158
6294,0.00016469365000356802
6295,0.000174543607764884
6296,0.00018130008339091154
6297,0.00017793188334761352
6298,0.0001689797776721865
6299,0.00016570376661917245
6300,0.0001663329762892482
6301,0.00015734415350880836
6302,0.0001469270617585534
6303,0.0001314427453646951
6304,0.00011620831660639168
6305,0.00010217498624012622
6306,9.740730977698717e-05
6307,9.379027870547278e-05
6308,9.099106171395611e-05
6309,8.41970765274119e-05
6310,7.914173871636668e-05
6311,6.484584142648439e-05
6312,5.848797091890536e-05
6313,5.6487020771624156e-05
6314,5.378686071809169e-05
6315,5.5358828285942574e-05
6316,5.488044931343746e-05
6317,5.784344044242138e-05
6318,5.2570177367810875e-05
6319,4.7666991013509415e-05
6320,4.8856995028493155e-05
6321,4.363709062447682e-05
6322,4.2581539893316995e-05
6323,3.9311076028830065e-05
6324,3.696487943369454e-05
6325,3.949175588371327e-05
6326,3.6771784442583973e-05
6327,3.623423545912295e-05
6328,3.511053355462999e-05
6329,3.3352074791534153e-05
6330,3.143803059784444e-05
6331,3.148557792807687e-05
6332,3.0434517778105663e-05
6333,2.948119380694555e-05
6334,2.5635143094811656e-05
6335,2.593786109729143e-05
6336,3.290512988734936e-05
6337,3.1249426187922496e-05
6338,3.0912632598776156e-05
6339,3.07895378438411e-05
6340,3.4777438091168386e-05
6341,4.0536476389653494e-05
6342,4.32564478307828e-05
6343,4.2187953659726364e-05
6344,4.6617779926380583e-05
6345,4.9950583623838915e-05
6346,5.185062777029352e-05
6347,4.8317861134024384e-05
6348,4.864514525712423e-05
6349,4.8887900793144227e-05
6350,4.8149596415368525e-05
6351,4.8366200919760685e-05
6352,5.039330209866971e-05
6353,5.0982888993551775e-05
6354,5.610479306692239e-05
6355,5.955646508996178e-05
6356,6.763845462213545e-05
6357,7.16324303616591e-05
6358,7.600836965404989e-05
6359,7.310534099152576e-05
6360,8.36534520517545e-05
6361,8.31040162357354e-05
6362,8.4608625085757e-05
6363,8.607493191975803e-05
6364,9.71014219524919e-05
6365,0.00013934220597914317
6366,0.00016634988200666415
6367,0.00018190684015504418
6368,0.0001876164820604545
6369,0.00018687738522717495
6370,0.00017837169615226344
6371,0.00017669776597624748
6372,0.00017299752707682634
6373,0.00017078155733616076
6374,0.00016538282214010358
6375,0.0001543616151440622
6376,0.00014150508120104924
6377,0.00012463211861256956
6378,0.00012350181291221097
6379,0.00012089542675997024
6380,0.00011940587456452223
6381,0.00011187913218872944
6382,0.00011049524072713125
6383,0.00010552680886967752
6384,0.00010198321200818877
6385,9.828719953812164e-05
6386,9.386714688934853e-05
6387,9.982456321563671e-05
6388,0.00010779164669974867
6389,0.0001427780288921051
6390,0.00016585882374609706
6391,0.00018395005459586534
6392,0.000188810184201123
6393,0.00018408265881684688
6394,0.00017786161895960338
6395,0.0001774524477677699
6396,0.0001766560299863768
6397,0.00017290718714938475
6398,0.00017234824186731915
6399,0.0001558466767583216
6400,0.00013565623127879178
6401,0.00012178456183531658
6402,0.00011830647462881473
6403,0.00011406419616474396
6404,0.00011310479670138747
6405,0.000114354763182831
6406,0.00011437774439244334
6407,0.00010964836994532485
6408,0.00010754360812703619
6409,0.00010759934416414198
6410,0.00010715292756362643
6411,0.00011020097558335947
6412,0.00011623763746003501
6413,0.00014981952434769255
6414,0.00017755071225025027
6415,0.0001877895015121336
6416,0.00019471899658984025
6417,0.0001964283231116959
6418,0.00018291537185964086
6419,0.0001858947404023715
6420,0.000183213599280932
6421,0.0001750837982666913
6422,0.00017317345219868634
6423,0.00015856849726229326
6424,0.0001405945498270983
6425,0.0001281067718452213
6426,0.0001259330663980956
6427,0.00012504340301908002
6428,0.0001256277068772696
6429,0.00012286203716875023
6430,0.00012303981135345258
6431,0.00011479906656866955
6432,0.00011430351772691384
6433,0.00010864195145540519
6434,0.00011182524521446602
6435,0.00011219954836412905
6436,0.00011854421127997684
6437,0.00015166198339419898
6438,0.00017797177027464183
6439,0.0001881667103319775
6440,0.00018919954400535964
6441,0.00018559519222190722
6442,0.00017709927676487684
6443,0.0001774535043751084
6444,0.00017919320835794588
6445,0.00017476919343165342
6446,0.0001677401131122933
6447,0.00015718751147087594
6448,0.0001456044535225881
6449,0.0001348600776492333
6450,0.00013353694110959877
6451,0.00013038693048170066
6452,0.00012876530236894036
6453,0.0001223770544003795
6454,0.00012031614178663853
6455,0.00011073746795948199
6456,0.00011307230602572866
6457,0.00010843908284641352
6458,0.00010449027707061066
6459,0.00010455789994027456
6460,0.00011082965694976597
6461,0.000144418940088793
6462,0.00016855317245926778
6463,0.00017740701365221448
6464,0.00018096064828341895
6465,0.0001820304632136485
6466,0.00017338133969253589
6467,0.00017113763400923468
6468,0.00016669354354351072
6469,0.00016275424723375436
6470,0.0001468367218311118
6471,0.00012990855150919555
6472,0.00011640880784887173
6473,0.00010783813742264261
6474,0.00010613303733014093
6475,9.949859985170997e-05
6476,9.688851557378448e-05
6477,9.38946186801495e-05
6478,9.075596658114024e-05
6479,7.945317372938906e-05
6480,7.405258947048951e-05
6481,6.723694383350609e-05
6482,5.9615370949083067e-05
6483,5.751747707849464e-05
6484,5.841849898639909e-05
6485,6.490870956312504e-05
6486,6.373006407703016e-05
6487,6.182315198287531e-05
6488,6.220960611693107e-05
6489,5.271546087685439e-05
6490,5.073326550983155e-05
6491,5.020020710755914e-05
6492,4.3608033922668114e-05
6493,3.991783279296273e-05
6494,3.830835566459515e-05
6495,3.766303273260731e-05
6496,3.7156653665631986e-05
6497,3.614178231700435e-05
6498,4.1474215402570756e-05
6499,4.308369253093832e-05
6500,4.2928899555848315e-05
6501,4.242674691822699e-05
6502,4.499271783977017e-05
6503,4.135825274717056e-05
6504,4.31016548556928e-05
6505,3.9639152607433795e-05
6506,4.0039078485055403e-05
6507,3.80637510657328e-05
6508,4.295003170261828e-05
6509,4.852337126136231e-05
6510,4.964231843283203e-05
6511,5.38148608125619e-05
6512,5.3437387840883375e-05
6513,5.8913519524485555e-05
6514,6.0223184320554224e-05
6515,6.215703990184078e-05
6516,6.0178278508668045e-05
6517,5.886068915756064e-05
6518,5.7100909635291684e-05
6519,5.639086950382081e-05
6520,5.963888046236465e-05
6521,5.982510750577498e-05
6522,6.682618773066486e-05
6523,7.204028079431946e-05
6524,8.085423506023782e-05
6525,8.948698116760374e-05
6526,9.556854885616546e-05
6527,9.276669034630254e-05
6528,9.771214099414393e-05
6529,9.123962859033783e-05
6530,9.003826604646525e-05
6531,9.147762939333457e-05
6532,0.00010619669792228546
6533,0.0001423147065741736
6534,0.00017045559397223402
6535,0.0001895400357201907
6536,0.00019268846143708109
6537,0.00019554130125102654
6538,0.0001805129109237303
6539,0.00017705516340849454
6540,0.00017366583121842654
6541,0.000174721646101421
6542,0.0001686147198367353
6543,0.00015643282967935354
6544,0.0001418186294287486
6545,0.00012755971339571378
6546,0.00012652476650765467
6547,0.0001245724202979444
6548,0.0001224716207571751
6549,0.00012073455829268387
6550,0.00012132625840224293
6551,0.00011552231429187164
6552,0.00011398944119554521
6553,0.00011176792426635247
6554,0.00011202573645694607
6555,0.00011385393130438278
6556,0.00012593491546093798
6557,0.00016154469598300843
6558,0.00018465983057550157
6559,0.00019620960539262674
6560,0.000197630742262907
6561,0.00019364020049723345
6562,0.0001854454181316751
6563,0.00018254555929116643
6564,0.00017763259931898387
6565,0.0001758514234981103
6566,0.00017238812879434746
6567,0.00015919929184337678
6568,0.00014302236933913285
6569,0.00012795488454031215
6570,0.0001298768532890406
6571,0.00012782254447116524
6572,0.00012667506890155604
6573,0.00012458906186352573
6574,0.00012164059908544618
6575,0.00012046670833237453
6576,0.00012018538662849936
6577,0.00011461204706975534
6578,0.00011003191840919973
6579,0.00011426468740722401
6580,0.00012738061845183832
6581,0.0001621559433283297
6582,0.0001883492392497031
6583,0.0001986540664702426
6584,0.00019479744968472373
6585,0.00019312325535687314
6586,0.000184479414872453
6587,0.00017925898216476741
6588,0.00018135925340186744
6589,0.00018046008055680538
6590,0.00017379975619858122
6591,0.00015766773950622346
6592,0.0001425072732616149
6593,0.00013324822315435414
6594,0.0001343484155455655
6595,0.0001308098375689346
6596,0.00012840632002568555
6597,0.00013107425355539382
6598,0.00012771160070062292
6599,0.00012109010666208855
6600,0.0001211336917148016
6601,0.00011901915627863183
6602,0.0001140797811229868
6603,0.00011796069987729115
6604,0.00012749156222238063
6605,0.00016403802515002982
6606,0.00018537858771751505
6607,0.0001965078328139179
6608,0.00019720466535365754
6609,0.00018996135789641692
6610,0.0001814466876591282
6611,0.00017936252968394023
6612,0.00017863003664652627
6613,0.00016995634700479355
6614,0.0001637820620222786
6615,0.0001483767270269731
6616,0.00014032115267826188
6617,0.00012664838956625898
6618,0.00012614808599148002
6619,0.00012269113093174813
6620,0.00012164561797030404
6621,0.00011696537576442574
6622,0.00011839628625258707
6623,0.00011228698262138978
6624,0.00011289532429653019
6625,0.0001099616540211896
6626,0.00010812632707421801
6627,0.00011235566209839216
6628,0.00011810809660101167
6629,0.00015489388109083072
6630,0.00018131857401933527
6631,0.0001903451705121264
6632,0.00018793399256567328
6633,0.00018378495969922497
6634,0.0001657581818971051
6635,0.00015744638026880806
6636,0.0001532849322661324
6637,0.00014591456777643738
6638,0.00013445751025326544
6639,0.00012274792357619242
6640,0.00011241007737632485
6641,0.00010707236125406593
6642,0.00010479616489510593
6643,9.770474474277445e-05
6644,9.358978746299272e-05
6645,8.657312227986e-05
6646,8.492481483180262e-05
6647,7.305673705395484e-05
6648,7.214303585798842e-05
6649,6.746358610761397e-05
6650,6.047703423362845e-05
6651,5.699128662392248e-05
6652,5.573048991725936e-05
6653,5.897136877626834e-05
6654,5.7597779236220516e-05
6655,5.62886427438211e-05
6656,5.131783351985575e-05
6657,4.609528759749316e-05
6658,4.477637748721263e-05
6659,4.088700587420031e-05
6660,4.0937458874613605e-05
6661,3.705838918315164e-05
6662,3.827137440774772e-05
6663,3.66914822848581e-05
6664,3.6452424874522855e-05
6665,3.705389860196303e-05
6666,3.994953101311768e-05
6667,4.018145632391806e-05
6668,4.147791352825549e-05
6669,4.1496140004844595e-05
6670,4.251048304980298e-05
6671,3.9029754324954884e-05
6672,4.146312102551652e-05
6673,4.102198746169347e-05
6674,4.0845005732495e-05
6675,3.904771664970936e-05
6676,4.400214845992799e-05
6677,4.7488160221468576e-05
6678,4.8385484003688275e-05
6679,4.866046606353246e-05
6680,4.945873290776795e-05
6681,5.715875888707446e-05
6682,5.814615844490114e-05
6683,6.0896243195177654e-05
6684,6.076680879621161e-05
6685,6.0462241730889474e-05
6686,6.349391233687578e-05
6687,6.031484500716896e-05
6688,6.156296242577009e-05
6689,6.910079917861714e-05
6690,7.033702976466015e-05
6691,7.902656851647036e-05
6692,8.32986961378537e-05
6693,9.418148757255179e-05
6694,9.511579261161893e-05
6695,9.24816705167426e-05
6696,9.903448507827459e-05
6697,9.54594541484655e-05
6698,8.89544510690006e-05
6699,9.136008182692664e-05
6700,0.00010586069678864299
6701,0.0001464758904250146
6702,0.0001756168566689637
6703,0.00018936569550933848
6704,0.00019232947909382628
6705,0.00019052717112618276
6706,0.00018432726341570922
6707,0.0001834798643302336
6708,0.00018216835047132253
6709,0.0001814382348004202
6710,0.00016879222986960305
6711,0.0001550042965577038
6712,0.00014088749421169698
6713,0.00013548690995279742
6714,0.00012860866033100797
6715,0.00012316211365288375
6716,0.00012342547303200447
6717,0.00012053987839056556
6718,0.00011857538119646253
6719,0.00011389619559792271
6720,0.00011240558679513622
6721,0.0001070203233426449
6722,0.00010015580961625592
6723,0.00010332061274689303
6724,0.00011533450233745357
6725,0.00015130986899864444
6726,0.00017688003074213844
6727,0.00019021335874664876
6728,0.00018641010063172406
6729,0.00018748229292846525
6730,0.00017979415378171682
6731,0.00018432013131617438
6732,0.0001847459440735892
6733,0.00018451666028113505
6734,0.00018063626983049995
6735,0.0001647620653287358
6736,0.0001455162268098235
6737,0.00013136085829596147
6738,0.0001284594145444451
6739,0.00012700261717649053
6740,0.00012625031275147972
6741,0.00012122323918673935
6742,0.00011806953043315647
6743,0.00011306147580050905
6744,0.00010997169179090534
6745,0.0001029206868692714
6746,9.917078742494087e-05
6747,0.00010602975396280272
6748,0.0001155907296170394
6749,0.00014813238657994534
6750,0.00017661059587082139
6751,0.00019045400106799175
6752,0.0001931755574201288
6753,0.0001953656402810012
6754,0.0001856443244631474
6755,0.00018906086429218172
6756,0.00018116404519607989
6757,0.00018220004869147748
6758,0.00017380028450225045
6759,0.00016564486076005116
6760,0.0001477826495509024
6761,0.00013386713090287952
6762,0.00012917341695343532
6763,0.0001291612659690426
6764,0.00012402932412595625
6765,0.00011990380077278956
6766,0.00012164588212213867
6767,0.00011619352410365269
6768,0.00011329340111130944
6769,0.00010811734591184078
6770,0.00010551333712611167
6771,0.00011099052541705235
6772,0.00011669329937476241
6773,0.0001544765211921239
6774,0.00018165774497499323
6775,0.00019445061832586166
6776,0.00019345687912400398
6777,0.0001922932902924827
6778,0.0001872897262410239
6779,0.00018713229174758766
6780,0.00018478847251896376
6781,0.0001816189146553034
6782,0.00017645976517325073
6783,0.00015719437941857621
6784,0.00014124304258110167
6785,0.00013240108822071308
6786,0.00012682088071426883
6787,0.00012582080186838017
6788,0.00012424751354135616
6789,0.00011883213677971764
6790,0.00011675669581507231
6791,0.00011089543075658749
6792,0.0001116004520032005
6793,0.00010880519728920319
6794,0.00010300204563433577
6795,0.00010699205909634007
6796,0.00011486616113466419
6797,0.00014987182641094823
6798,0.00017535376144167761
6799,0.00019084626654240926
6800,0.0001923284224864878
6801,0.0001856562112957055
6802,0.00017146174831031904
6803,0.00017149186161946625
6804,0.0001658815408038748
6805,0.00016046589989040163
6806,0.0001442900339934962
6807,0.00012883741581979288
6808,0.00011607544823357552
6809,0.00011075516613240184
6810,0.00010874444236723953
6811,0.00010072743418638352
6812,9.916312702173676e-05
6813,9.324137119312291e-05
6814,8.782837179799601e-05
6815,7.796837626696429e-05
6816,7.726758144970528e-05
6817,7.478561081157272e-05
6818,6.937313972011508e-05
6819,6.977993354543693e-05
6820,6.57217689100995e-05
6821,6.753992598782048e-05
6822,6.294553312819516e-05
6823,5.808091294174887e-05
6824,5.500935540873425e-05
6825,5.640302048821354e-05
6826,5.610267985224539e-05
6827,5.178009923044876e-05
6828,4.9822469984045996e-05
6829,4.9816130340015005e-05
6830,4.950628023800037e-05
6831,4.7558424609478716e-05
6832,5.112896495809917e-05
6833,5.123304078094125e-05
6834,4.915865642363442e-05
6835,4.824099295014863e-05
6836,4.713868734426026e-05
6837,4.5541097048450795e-05
6838,4.721476307263214e-05
6839,4.4814151199563945e-05
6840,4.6909667703640744e-05
6841,4.618245770291927e-05
6842,4.646562846963683e-05
6843,4.71434420772835e-05
6844,5.270991368832728e-05
6845,5.6338567440565146e-05
6846,6.173756678845694e-05
6847,6.638505416684181e-05
6848,6.513033295237506e-05
6849,7.030321832982822e-05
6850,6.90844217648704e-05
6851,7.191243130636116e-05
6852,6.572916516146898e-05
6853,6.724935896973343e-05
6854,6.601550575020202e-05
6855,6.181496327600195e-05
6856,6.744456717552101e-05
6857,6.574633503071957e-05
6858,6.839577793200412e-05
6859,7.478244098955723e-05
6860,8.136642546757489e-05
6861,9.305804981989344e-05
6862,9.628651354267507e-05
6863,9.784104708944072e-05
6864,0.00010135928537480551
6865,0.0001039115204009482
6866,0.00010139837984632995
6867,0.00010411386070627063
6868,0.00011555057853817648
6869,0.00015538810917341332
6870,0.00018574258894562772
6871,0.0001992064079564426
6872,0.00019578273602787342
6873,0.00019564009403717615
6874,0.00018761489714944678
6875,0.0001865791578058838
6876,0.00018140072523990352
6877,0.00017396485109522156
6878,0.00016051714534631882
6879,0.00014302236933913285
6880,0.0001251892148317928
6881,0.00011474412298706763
6882,0.00011608548600329125
6883,0.00011055018430873317
6884,0.00010952553934222442
6885,0.00010676911494791691
6886,0.00010982878564837344
6887,0.00010312461208560159
6888,0.00010566601688652466
6889,9.969380805749754e-05
6890,9.897584337098792e-05
6891,0.00010492295777572572
6892,0.00010940799177581648
6893,0.00014900488008971034
6894,0.00017422134252664202
6895,0.000184155036419534
6896,0.00019047222754458085
6897,0.00018494854853074626
6898,0.00017926690671980614
6899,0.00017646874633562797
6900,0.0001687658146861406
6901,0.00016524387827509106
6902,0.0001523466649495459
6903,0.0001462944181146275
6904,0.00012669355952997976
6905,0.00011429427241270197
6906,0.00011070365652465005
6907,0.00010635043429003695
6908,0.00010842851677302854
6909,0.00010340936776332688
6910,0.00010354619841366241
6911,9.677942086608453e-05
6912,9.544149182371104e-05
6913,9.302054025937676e-05
6914,9.309080464738689e-05
6915,9.779851864406617e-05
6916,0.00011451378258727499
6917,0.00015224179667119997
6918,0.00017265597875465677
6919,0.00018256801219710954
6920,0.0001791102646818738
6921,0.00017721893754596177
6922,0.00017017876284954744
6923,0.00017184344771135158
6924,0.00016337289083044512
6925,0.000158019853901778
6926,0.00015183341793487034
6927,0.00014005039704777168
6928,0.0001271463157745263
6929,0.00011637605302137829
6930,0.00011836802200628224
6931,0.00011192535875978873
6932,0.00011162686718666296
6933,0.00010605801820910755
6934,0.00010601918788941774
6935,0.00010246211928436313
6936,9.702693113512777e-05
6937,9.324480516697303e-05
6938,9.206325401069727e-05
6939,9.483103693389363e-05
6940,0.00010203023103475194
6941,0.00013237916361843926
6942,0.00015676935911666524
6943,0.00016993891298370834
6944,0.0001717399001921787
6945,0.0001713579366393116
6946,0.0001628823608735473
6947,0.00016795645346485085
6948,0.0001660719942766391
6949,0.0001575253616673608
6950,0.00015683830274550227
6951,0.00014415082597664904
6952,0.00012799239410082882
6953,0.00011643812870251507
6954,0.00011304879651244707
6955,0.00011058980708392685
6956,0.00011191954741942699
6957,0.0001080164399110142
6958,0.00010666160515122472
6959,9.894863573202158e-05
6960,9.848821908427094e-05
6961,9.436824291963137e-05
6962,8.701240678084067e-05
6963,9.184823441731288e-05
6964,9.809753852086118e-05
6965,0.0001325558811958031
6966,0.00016525919908149926
6967,0.0001734043209021482
6968,0.0001762833117477215
6969,0.00017463632505883726
6970,0.00016599380533359026
6971,0.00016277775674703596
6972,0.0001568515103372335
6973,0.00014676011779907067
6974,0.00013725382157460126
6975,0.000123802946003683
6976,0.00010787089225013603
6977,9.590032356045393e-05
6978,8.79562212859543e-05
6979,8.328971497547646e-05
6980,7.872569957683296e-05
6981,7.183397821147766e-05
6982,6.877774148487126e-05
6983,5.6183510313640514e-05
6984,5.4691844903515514e-05
6985,4.861820176999253e-05
6986,4.309293784515018e-05
6987,4.3586373472228904e-05
6988,4.04044004723412e-05
6989,4.577856954777829e-05
6990,4.408086570664611e-05
6991,3.498558973685256e-05
6992,3.516257146605103e-05
6993,3.4959174553390095e-05
6994,3.57489885389176e-05
6995,3.2653921492621386e-05
6996,3.3055168129416125e-05
6997,3.424041741137661e-05
6998,3.603321591297364e-05
6999,3.3372678634634875e-05
7000,2.8539228364674297e-05
7001,2.920145701407812e-05
7002,2.7399677350103855e-05
7003,2.5841445677653455e-05
7004,2.793801878906875e-05
7005,2.84726621023489e-05
7006,2.6632052118684824e-05
7007,2.4682083275486172e-05
7008,2.7137110426487024e-05
7009,2.5006461728405158e-05
7010,2.4037024495332947e-05
7011,2.18324132835562e-05
7012,2.7285035453876787e-05
7013,3.7026426811162064e-05
7014,4.114878034231327e-05
7015,4.072111852205607e-05
7016,4.058587278272829e-05
7017,4.5305209460131044e-05
7018,4.7313820010616354e-05
7019,4.8227785358417396e-05
7020,4.8714088885961256e-05
7021,5.134609776616057e-05
7022,5.22436857002149e-05
7023,4.844888044399817e-05
7024,4.87510701428087e-05
7025,5.2861800993236413e-05
7026,5.6506832159221e-05
7027,6.0563411883550686e-05
7028,6.514248393676778e-05
7029,7.583614265787467e-05
7030,7.860973692143278e-05
7031,7.868977492732402e-05
7032,7.942226796473799e-05
7033,7.966792917093885e-05
7034,8.12837459433374e-05
7035,8.394428322167618e-05
7036,9.545285035259989e-05
7037,0.00013255535289213383
7038,0.00016127394035251824
7039,0.0001793952845114337
7040,0.0001847728875607209
7041,0.000189111317292595
7042,0.00018289503216837474
7043,0.00018243355891328563
7044,0.00018343680758118976
7045,0.00017895230188476826
7046,0.0001714593709438074
7047,0.00016001287949402048
7048,0.0001398409246429144
7049,0.00012999281594444078
7050,0.00012834715001472965
7051,0.00011917527001289497
7052,0.0001186921363073666
7053,0.00011395668636805175
7054,0.0001074955324931345
7055,0.0001039006901757286
7056,0.00010390148263123248
7057,0.00010022158342307744
7058,9.5623756589602e-05
7059,9.845044537191962e-05
7060,0.00011039644794098166
7061,0.00014502490439742178
7062,0.00017191925928788883
7063,0.00018545651250872932
7064,0.00018357601559803693
7065,0.00017923494434781656
7066,0.00017385654884302548
7067,0.00017561844157997143
7068,0.00018006279619753
7069,0.0001758984425246735
7070,0.00016536776548552995
7071,0.0001517760969867568
7072,0.00014101745691433228
7073,0.0001303628926647498
7074,0.00012595604760770794
7075,0.00012052033115480333
7076,0.00012569400898776036
7077,0.00012050184052637961
7078,0.00011649307228411698
7079,0.00011360747764267807
7080,0.00010733255081117115
7081,0.00010092871788436744
7082,0.00010004354508654047
7083,0.00010172011678090268
7084,0.00011119814875906725
7085,0.00014206983782347662
7086,0.00016634988200666415
7087,0.0001797479272106575
7088,0.00017711882400063905
7089,0.0001797249460010452
7090,0.00017411383272994985
7091,0.00017542481828519162
7092,0.00017447651319888938
7093,0.00017240635527093656
7094,0.0001678043020081071
7095,0.0001548677300592029
7096,0.0001453064902531316
7097,0.0001336735076080997
7098,0.00012913141681173004
7099,0.0001249348366150493
7100,0.0001255201970805774
7101,0.00012170161815924446
7102,0.00012033885884441624
7103,0.00011730269765724131
7104,0.00011662092177207527
7105,0.00011434921599430388
7106,0.00011169264099348447
7107,0.00011684465837600228
7108,0.00012060644465289094
7109,0.00015385391531791377
7110,0.00017917683094419916
7111,0.00018882286348918497
7112,0.00018741942479182458
7113,0.00018926214799016563
7114,0.0001803570613413018
7115,0.00018240687957798854
7116,0.0001828461640789692
7117,0.00018492266165095304
7118,0.00017645791611040835
7119,0.00016531335020759732
7120,0.00014204659246202963
7121,0.00013025696777906536
7122,0.0001296491544075942
7123,0.00012704144749618035
7124,0.00012732805223674803
7125,0.00012410777722083975
7126,0.00012261611181071475
7127,0.00011891375969661664
7128,0.00011379502544526152
7129,0.00011054067484268668
7130,0.00010616975443515375
7131,0.00010720813529706298
7132,0.00011520031320546429
7133,0.00014980684505963056
7134,0.00017962562491122632
7135,0.0001932571803370278
7136,0.00019277800890901882
7137,0.000190774681395226
7138,0.00017717588079691797
7139,0.00017919003853593038
7140,0.00017567338516157337
7141,0.00015868076179200873
7142,0.00014857801072495701
7143,0.00013565781618979955
7144,0.00012060908617123719
7145,0.00010544545010461314
7146,0.0001049195238018756
7147,9.596292754525996e-05
7148,9.828957690463327e-05
7149,9.142928960759829e-05
7150,8.372556550260702e-05
7151,7.360907854015484e-05
7152,6.895710058058135e-05
7153,6.423300917015535e-05
7154,6.359006360467913e-05
7155,6.407689543589224e-05
7156,6.265364535093499e-05
7157,6.47364825669498e-05
7158,6.74078500705082e-05
7159,6.204715273863695e-05
7160,6.311009972116626e-05
7161,6.0508996605618015e-05
7162,6.078054469161209e-05
7163,5.6706002642527936e-05
7164,5.912774666236609e-05
7165,5.691098446619661e-05
7166,5.448844799085458e-05
7167,5.3841011844189734e-05
7168,5.2952140920678024e-05
7169,5.201123208574526e-05
7170,5.597562281979097e-05
7171,5.164036290993236e-05
7172,5.412893734393052e-05
7173,5.399950294496448e-05
7174,5.2214628998406195e-05
7175,5.375833231995224e-05
7176,5.0236395908902706e-05
7177,5.1120776251225806e-05
7178,4.7053102149841894e-05
7179,4.516203916576452e-05
7180,4.5176567516668875e-05
7181,4.8163068158934374e-05
7182,5.183081638269668e-05
7183,5.975589972510334e-05
7184,6.0495260710217543e-05
7185,5.914359577244356e-05
7186,6.316372254359506e-05
7187,6.731909505407434e-05
7188,6.959661217220746e-05
7189,7.204160155349259e-05
7190,6.874604326471631e-05
7191,6.881234537520708e-05
7192,6.706498098916548e-05
7193,7.159439249747317e-05
7194,6.91639314670924e-05
7195,7.278941539731477e-05
7196,7.419919373870615e-05
7197,7.870694479657461e-05
7198,9.201465007312636e-05
7199,9.33401639792725e-05
7200,9.429137473575562e-05
7201,9.659768440386283e-05
7202,9.795806635217942e-05
7203,9.808221771445297e-05
7204,0.0001037157838914914
7205,0.00011403170548908514
7206,0.0001528416854876324
7207,0.00017831965824084242
7208,0.00019609337858539193
7209,0.00020135211330909807
7210,0.00020023765671881697
7211,0.00019156608029176122
7212,0.00019479639307738524
7213,0.00018719542403606293
7214,0.00017926928408631778
7215,0.00016899298526391773
7216,0.00015935408481846676
7217,0.00014622468203028663
7218,0.00013187304870329854
7219,0.00012979258885379536
7220,0.0001222373180798631
7221,0.00012219795945650404
7222,0.00011997512176813819
7223,0.00011790786951036622
7224,0.00011146784778221896
7225,0.00010791368484734522
7226,0.00010424329510523667
7227,0.00010065241506535013
7228,0.00010215042011950614
7229,0.00010885934841530123
7230,0.00014643441858697853
7231,0.0001807794401248665
7232,0.0001943864294300479
7233,0.00019298668885837223
7234,0.0001884448622138372
7235,0.00018756655736371046
7236,0.0001872382166332721
7237,0.00018511602079389824
7238,0.000185249153318549
7239,0.00017844116808476973
7240,0.00016692678961348427
7241,0.00014905506893828898
7242,0.0001316921046965807
7243,0.00012673423891251196
7244,0.00012757450589845275
7245,0.00013037108137162317
7246,0.0001215946366662215
7247,0.00012275452737205804
7248,0.00011861341906064848
7249,0.00011661220476153265
7250,0.00011208913289725597
7251,0.00010649307628073422
7252,0.00011022633415948342
7253,0.00011912270379780468
7254,0.00015360349937868967
7255,0.00017862237624332217
7256,0.00019054407684359871
7257,0.00019254423453537604
7258,0.00018657017664350654
7259,0.00018297956075545463
7260,0.0001820682369259998
7261,0.00018609655240402467
7262,0.0001852037192029936
7263,0.00017186141003610602
7264,0.00015655935840813871
7265,0.00014525049006419117
7266,0.0001360540439417364
7267,0.00013035047752852247
7268,0.00012767118546992535
7269,0.00012986285324180548
7270,0.0001262769920867768
7271,0.00012551517819571953
7272,0.00012213588377536726
7273,0.00011930311950085326
7274,0.00011905402432080229
7275,0.00011570299414675485
7276,0.00012022051882250443
7277,0.00012885749135922435
7278,0.0001699426111093931
7279,0.0001946711851077732
7280,0.0002073016050803475
7281,0.00020408133006443924
7282,0.00019881863306321371
7283,0.0001988550860163919
7284,0.00019366080434033415
7285,0.00018391809222387576
7286,0.00018019090983732294
7287,0.00017393473778607436
7288,0.0001637873450589711
7289,0.00014556905717674843
7290,0.0001359322699459745
7291,0.00013552045723579478
7292,0.00012664284237773186
7293,0.00013121663139425646
7294,0.00012434524972016725
7295,0.00012186459984120782
7296,0.00011324189150355764
7297,0.0001111297334338995
7298,0.00010920670807783256
7299,0.00010531575155381247
7300,0.00011064527896919802
7301,0.00011903500538870931
7302,0.00015380583968401207
7303,0.00017280205471920416
7304,0.0001818067266097215
7305,0.00018829614473094358
7306,0.00018492054843627603
7307,0.00017431326736509138
7308,0.0001699751017850519
7309,0.00016743158376945184
7310,0.00016006676646828388
7311,0.0001434928237565992
7312,0.00013688902789098473
7313,0.0001276212607731813
7314,0.00011252815324640202
7315,0.00010671417136631501
7316,0.0001038737466885969
7317,0.00010161049376953348
7318,9.74044041068063e-05
7319,9.463662118360993e-05
7320,8.481968240162203e-05
7321,7.706127886686348e-05
7322,7.450772308154765e-05
7323,7.381326790831964e-05
7324,7.724354363275443e-05
7325,7.639931436929428e-05
7326,7.745671416329648e-05
7327,7.788675335006529e-05
7328,6.966687656021759e-05
7329,5.940035135569865e-05
7330,5.5496187239947355e-05
7331,5.471588272046634e-05
7332,5.25133847233666e-05
7333,4.9833036057430976e-05
7334,5.305251861783536e-05
7335,5.541086619736362e-05
7336,5.6916003351054475e-05
7337,5.954616316841143e-05
7338,4.719415922953141e-05
7339,4.921175094239396e-05
7340,4.430222494406151e-05
7341,4.102859125755908e-05
7342,4.14264039205037e-05
7343,4.205270792039859e-05
7344,4.0511646117198785e-05
7345,4.647223226550244e-05
7346,4.282535203667548e-05
7347,4.265761562168887e-05
7348,4.3549128063546834e-05
7349,4.5209850647831566e-05
7350,4.886703279820888e-05
7351,5.2396365460627904e-05
7352,5.509097832563325e-05
7353,5.078134114373322e-05
7354,5.57492446975177e-05
7355,6.880125099815285e-05
7356,6.806505983505414e-05
7357,6.808222970430473e-05
7358,7.129193864682802e-05
7359,7.88807567037576e-05
7360,7.632878582944952e-05
7361,8.305514814632984e-05
7362,8.119816074891904e-05
7363,8.349337603997201e-05
7364,8.757822001060652e-05
7365,9.125653430775381e-05
7366,9.881101262618218e-05
7367,0.00010517654353696532
7368,0.00010340276396746127
7369,0.0001114274325515214
7370,0.00010998912581199055
7371,0.00011281000325394644
7372,0.00011466936801786887
7373,0.00012997828759353644
7374,0.00017082884051455857
7375,0.00020854364700675226
7376,0.00022688582209941387
7377,0.00022374769830407388
7378,0.00021621382382874623
7379,0.00020119784863767732
7380,0.00020505525787870008
7381,0.0001998308628934951
7382,0.00019214853508710844
7383,0.00018261265385716106
7384,0.00017242748741770652
7385,0.0001565527546122731
7386,0.00014480196024899865
7387,0.00013537755109326288
7388,0.00012779824250237976
7389,0.00012901915228201457
7390,0.0001276236381396929
7391,0.00012557883878786403
7392,0.00011753752863822258
7393,0.00012288475422652794
7394,0.00011825919145041691
7395,0.00010880519728920319
7396,0.00011531680416453373
7397,0.0001246582696441974
7398,0.00016785211349017415
7399,0.00019558224478539334
7400,0.00020651760243518174
7401,0.0002164835228518979
7402,0.00021296158644084837
7403,0.00020326510089544928
7404,0.000201003168735559
7405,0.00019983641008202222
7406,0.00019590530247913925
7407,0.0001853725122253187
7408,0.00017927668033768725
7409,0.0001665847129876454
7410,0.00014890846467007236
7411,0.00014603528516486078
7412,0.00013822510787051584
7413,0.00014417142981974976
7414,0.0001395551123578506
7415,0.00013671310276912473
7416,0.00013218580447549406
7417,0.0001278457898326122
7418,0.00011761730249227919
7419,0.0001147610287044836
7420,0.00011676779019212654
7421,0.0001278814503302865
7422,0.00017120103044954458
7423,0.0001979329319617175
7424,0.0002119657340243137
7425,0.0002191667771880144
7426,0.0002182285098714279
7427,0.00021359475838844352
7428,0.00021287256727257992
7429,0.00021788299927173895
7430,0.00021282792561252834
7431,0.00020241717350630439
7432,0.000193768578288861
7433,0.00017386130357604872
7434,0.00015790098557619695
7435,0.00014703060927772623
7436,0.00014475467707060084
7437,0.0001447863752907558
7438,0.00014233081983608568
7439,0.0001398129245484442
7440,0.00013376120601719507
7441,0.00013240029576520922
7442,0.00013107108373337832
7443,0.00012328309519314183
7444,0.00012771741204098465
7445,0.00013640272436344085
7446,0.00017920773670885025
7447,0.000204781596578029
7448,0.00021477419633004224
7449,0.0002224787128905374
7450,0.00022087610370987007
7451,0.00020931866848954077
7452,0.00020509012592087052
7453,0.00020491129512882966
7454,0.00020327540281699964
7455,0.00019258200824772738
7456,0.00018187936836424324
7457,0.00016828426589161996
7458,0.00015239526888711683
7459,0.00014744876163193694
7460,0.00014270512298574872
7461,0.00014005726499547193
7462,0.0001376764645100006
7463,0.00013785555945387606
7464,0.00013140048107115518
7465,0.00012770578936026117
7466,0.00012925187004831883
7467,0.00012569665050610662
7468,0.00012962696565348576
7469,0.00014027334119619484
7470,0.00018330658072671986
7471,0.00020991116105460373
7472,0.00021938100432589494
7473,0.00021988817584837414
7474,0.00021788141436073118
7475,0.00021030580389553284
7476,0.00021167173303237655
7477,0.00020300438303467484
7478,0.00019569741498528967
7479,0.00018199585932331268
7480,0.0001680010951249024
7481,0.00014701343940847563
7482,0.00013032300573772153
7483,0.00012123406941195894
7484,0.00010954482242615202
7485,0.00010658394451184508
7486,0.00010525499663184882
7487,0.00010283959225604166
7488,9.226585846785434e-05
7489,8.563327005226574e-05
7490,8.71545204678687e-05
7491,8.129484032039162e-05
7492,8.089808426478551e-05
7493,7.836856629642053e-05
7494,8.014445908060157e-05
7495,8.339273419098004e-05
7496,7.816913166127897e-05
7497,7.492666789126226e-05
7498,7.193039363111563e-05
7499,7.034944490088752e-05
7500,6.707660366988896e-05
7501,6.988163200176738e-05
7502,6.610399661480125e-05
7503,6.920144102760909e-05
7504,6.835853252332205e-05
7505,6.642811091588562e-05
7506,6.362070521749558e-05
7507,5.948963467580176e-05
7508,6.018884458205303e-05
7509,6.116224409264461e-05
7510,5.9467974225362544e-05
7511,5.9730805300814e-05
7512,5.845970667260053e-05
7513,5.8083026156425874e-05
7514,5.7251740332862314e-05
7515,6.027416562463677e-05
7516,5.9937107883655804e-05
7517,6.465697286472781e-05
7518,7.109276816352108e-05
7519,7.673293813642513e-05
7520,7.441077935824043e-05
7521,7.675829671254909e-05
7522,8.158963376783266e-05
7523,8.360748963252983e-05
7524,8.915599891881914e-05
7525,9.238948152645863e-05
7526,8.927222572605396e-05
7527,9.320914466929871e-05
7528,9.307231401896317e-05
7529,9.2238650828888e-05
7530,9.310850282030674e-05
7531,9.26211426854244e-05
7532,9.249725547498546e-05
7533,0.00010326091443226787
7534,0.00010835878068868765
7535,0.00011452699017900622
7536,0.00011273339922190532
7537,0.00011421264949580298
7538,0.00011246898323544611
7539,0.00011404279986613936
7540,0.00012204316648141403
7541,0.00013256010762515707
7542,0.00017355594405522274
7543,0.0002130424169022435
7544,0.00022662616084597793
7545,0.00023129530867480201
7546,0.00022752823936122085
7547,0.00021969798652744443
7548,0.00021952100479824598
7549,0.00022015074277199095
7550,0.00021103988184395457
7551,0.00020293015636914532
7552,0.00019107819185320966
7553,0.00017727546603857143
7554,0.0001601021628141236
7555,0.0001585515915448773
7556,0.0001539186325173968
7557,0.00015278145886933798
7558,0.00014145674141531297
7559,0.0001390371106101518
7560,0.00012862450944108546
7561,0.00013076308269420608
7562,0.0001288635668514207
7563,0.0001263123884326165
7564,0.00013053010077606716
7565,0.0001415304397771732
7566,0.00018834395621301062
7567,0.00021700548687711608
7568,0.00022682533132928486
7569,0.00022659868905517699
7570,0.00021916307906232966
7571,0.00021776835737551185
7572,0.00022186482402686988
7573,0.0002161834463677644
7574,0.00021532019817221127
7575,0.00020373529116108103
7576,0.00019225762979480839
7577,0.00017019540441512882
7578,0.00015343787617838004
7579,0.00014636838062832242
7580,0.00014406524078223069
7581,0.00014074247485448808
7582,0.0001350909463526952
7583,0.00012830779139137057
7584,0.00012775703481617833
7585,0.00013150244367932026
7586,0.0001315233116742556
7587,0.00012793005426785744
7588,0.00013157957601503064
7589,0.0001423479897053363
7590,0.0001780866763227035
7591,0.00021530012263277977
7592,0.00023352659922187585
7593,0.00023363173165205645
7594,0.00021882417225850632
7595,0.000213114530353096
7596,0.0002185906620366982
7597,0.0002085386281218944
7598,0.00020630786587848984
7599,0.0001973171940352076
7600,0.0001860088539949293
7601,0.0001721424675881466
7602,0.00014906748407451635
7603,0.00013850563711888714
7604,0.00013940243259743759
7605,0.00013257622088706916
7606,0.00012979813604232246
7607,0.00012975587174878254
7608,0.0001332912799033979
7609,0.00013596343986246016
7610,0.0001356144952889211
7611,0.00013546630610969672
7612,0.00014158010032208263
7613,0.00015458852157000473
7614,0.00019780006358890135
7615,0.00023094583579759368
7616,0.00023892771178444464
7617,0.00024173802315301555
7618,0.0002355069455260563
7619,0.00022316180953487657
7620,0.0002245602293473791
7621,0.00021937492883369858
7622,0.00021272992528188265
7623,0.0002049128800398374
7624,0.00019234691311491151
7625,0.0001785494703369658
7626,0.00015894095134911393
7627,0.00015890238518125873
7628,0.0001533396116958997
7629,0.00014925767339544606
7630,0.00014703219418873398
7631,0.00014205398871339913
7632,0.00013801484301015468
7633,0.00013969167885635153
7634,0.00013572174093377868
7635,0.00013272520252179744
7636,0.000135684231373262
7637,0.0001446503370959241
7638,0.00018595443871699665
7639,0.00022100025507214361
7640,0.0002269341618851502
7641,0.00022789144813382966
7642,0.00022373977374903515
7643,0.00021180301649418497
7644,0.00021785420672176486
7645,0.00021601835147112402
7646,0.0002044709540205105
7647,0.00019399231489278801
7648,0.00017566889458038473
7649,0.00015231338181838323
7650,0.00013765269084488438
7651,0.00012659344598465704
7652,0.00011573865464442917
7653,0.0001153413702851538
7654,0.00011105101618718137
7655,0.00010959316221188831
7656,9.576877594681088e-05
7657,9.285306799622477e-05
7658,8.979683126961839e-05
7659,8.917950843210074e-05
7660,8.635968759748334e-05
7661,8.514643822105264e-05
7662,8.537360879882979e-05
7663,9.248774600893899e-05
7664,8.793878726486907e-05
7665,8.519609876596206e-05
7666,7.89507569399331e-05
7667,7.635520101291197e-05
7668,7.498293223203727e-05
7669,7.079427659039531e-05
7670,6.587365621500863e-05
7671,6.984782056693544e-05
7672,6.971468804228465e-05
7673,6.431991512374683e-05
7674,6.648437525666066e-05
7675,6.389014008881265e-05
7676,6.199511482721591e-05
7677,6.15930757349173e-05
7678,6.619829881976223e-05
7679,6.716113225696882e-05
7680,6.545444725345942e-05
7681,6.580682580084861e-05
7682,6.629920482058883e-05
7683,6.525263525180624e-05
7684,6.693898056404956e-05
7685,6.884536435453516e-05
7686,7.305356723193935e-05
7687,7.366138060341051e-05
7688,7.688667450417663e-05
7689,7.725886443916266e-05
7690,8.200620121103563e-05
7691,7.991860926199756e-05
7692,8.39456039808493e-05
7693,8.295186477899162e-05
7694,8.441922822033116e-05
7695,8.192325753496351e-05
7696,8.538575978322251e-05
7697,8.638346126259954e-05
7698,8.588315768782058e-05
7699,8.543911845381667e-05
7700,9.306095549007432e-05
7701,0.00010093505752839844
7702,0.00010729583370615833
7703,0.00011569322052887375
7704,0.00011594733459378259
7705,0.0001225693569359862
7706,0.00012268743280606338
7707,0.00012443849531778973
7708,0.00012898454839167876
7709,0.00013774038925397974
7710,0.00018074034565334206
7711,0.00022210546634821287
7712,0.00023885137190423814
7713,0.00024089088821937452
7714,0.00024159538116231828
7715,0.000235705587705694
7716,0.00023547973788709
7717,0.00022998802124524496
7718,0.00022186772969705074
7719,0.00022046930988454822
7720,0.00020678703730649882
7721,0.00018905505295181997
7722,0.00017458349469191234
7723,0.00016758981071839197
7724,0.00016470104625493752
7725,0.00016610976798899041
7726,0.00016065186278197736
7727,0.00015763524883056462
7728,0.00014795461239524302
7729,0.0001448339226209882
7730,0.00014163160992983442
7731,0.0001386799773297394
7732,0.00013561396698525186
7733,0.00015115877414923918
7734,0.00019078815313879185
7735,0.0002221059946518821
7736,0.00023757816006134765
7737,0.0002365854774668285
7738,0.00023804993523798718
7739,0.0002301668520372858
7740,0.0002283323175458181
7741,0.00022673525555367787
7742,0.0002213225203103856
7743,0.00021628276745758323
7744,0.00020519235268087022
7745,0.000188490032177558
7746,0.0001764441802150079
7747,0.00016673395877420832
7748,0.0001621636037315338
7749,0.00016023740855345138
7750,0.00015601494147697746
7751,0.0001582700056891675
7752,0.00014912718238914153
7753,0.00014374271139215407
7754,0.0001424190465488503
7755,0.0001385534486009542
7756,0.00014372501321923423
7757,0.0001547728995505727
7758,0.00019546496137082004
7759,0.00022997402119800985
7760,0.00023856793698568597
7761,0.00024057390601782503
7762,0.00023561471947458314
7763,0.00022868733761155353
7764,0.0002315261773782639
7765,0.00022145221886118627
7766,0.0002214405961804628
7767,0.0002183146233695155
7768,0.00020664862174515553
7769,0.00018799791730965241
7770,0.0001750491943763555
7771,0.00016687237433555158
7772,0.00016299462540326272
7773,0.00016100027905184718
7774,0.0001558791674339804
7775,0.00014687106156961298
7776,0.0001435646730556171
7777,0.00014369648482109477
7778,0.00014120579717241962
7779,0.0001386300526329953
7780,0.00014161681742709545
7781,0.00015216677755016655
7782,0.00019277114096131857
7783,0.00022781510825362316
7784,0.00024704245614411174
7785,0.00024586433896168613
7786,0.0002383296720308546
7787,0.00022746774859109186
7788,0.0002313750825288586
7789,0.00022857084665248409
7790,0.00023009843671211802
7791,0.00021843745397261594
7792,0.0002093670082752771
7793,0.00018730451874376288
7794,0.000168985060708879
7795,0.00015877427154146583
7796,0.00015336708348670064
7797,0.0001556340345314488
7798,0.00015388217956421857
7799,0.00015431353951016053
7800,0.00014545890586170997
7801,0.00014614226665788377
7802,0.00014268082101696327
7803,0.00014028443557324906
7804,0.0001441180711491556
7805,0.0001548740697032339
7806,0.00019554526352854592
7807,0.00022984881322839782
7808,0.0002424467425253133
7809,0.0002440855405073242
7810,0.0002452615444750728
7811,0.00023247580322373926
7812,0.00022688423718840615
7813,0.00021744635628910452
7814,0.00020707443450257036
7815,0.00019228747895212096
7816,0.00018081615722987933
7817,0.00016832177545213667
7818,0.00015399417994209943
7819,0.00014408637292900064
7820,0.00013385577237399066
7821,0.00013221935175849136
7822,0.0001270990325961285
7823,0.00012167942940513599
7824,0.00011149188559916978
7825,0.0001031988387511311
7826,0.00010098366146596937
7827,9.624873983032376e-05
7828,9.987660112705775e-05
7829,9.582926671693992e-05
7830,0.00010244494941511254
7831,0.00010559284682833367
7832,9.880335222297807e-05
7833,9.514960404645087e-05
7834,9.159042222671928e-05
7835,7.650048452195549e-05
7836,7.176899686016e-05
7837,6.551705123826544e-05
7838,6.351028975062251e-05
7839,6.23958331603414e-05
7840,6.567290082069395e-05
7841,6.378659256963982e-05
7842,6.051877022349913e-05
7843,6.068545003114724e-05
7844,6.176239706091165e-05
7845,6.0799035320035815e-05
7846,5.857065044314285e-05
7847,5.833634776583085e-05
7848,5.766143982836504e-05
7849,6.338270441449883e-05
7850,6.452568940291939e-05
7851,6.262379619362241e-05
7852,6.522093703165129e-05
7853,6.560157982534531e-05
7854,7.160627933003127e-05
7855,7.592965240733178e-05
7856,8.196605013217269e-05
7857,7.963649510261852e-05
7858,8.577828940947463e-05
7859,9.211344285927595e-05
7860,9.624979643766226e-05
7861,9.409141179694481e-05
7862,9.565175668407221e-05
7863,9.638292896231304e-05
7864,9.531628385409899e-05
7865,9.774780149181824e-05
7866,9.438197881503185e-05
7867,9.472062146702056e-05
7868,9.194993287364333e-05
7869,9.355439111715303e-05
7870,0.0001000834320135688
7871,0.00010670677511494551
7872,0.00010402167171598667
7873,0.00010987686128227512
7874,0.00010572386613830746
7875,0.00011014312633157668
7876,0.00011408770567802554
7877,0.00012950888978340854
7878,0.0001712889930104746
7879,0.00020644760219900625
7880,0.0002211751235866651
7881,0.00022945020810994932
7882,0.00022921643373630655
7883,0.00022092074536992162
7884,0.00022175388025632753
7885,0.000221075274193177
7886,0.0002156044255462673
7887,0.0002058347699426772
7888,0.0001957975285306124
7889,0.00017507270388963705
7890,0.00015727071929878272
7891,0.0001501468084707924
7892,0.00014455180846160916
7893,0.00014259312260786792
7894,0.00013572491075579418
7895,0.00013850669372622563
7896,0.00013138383950557383
7897,0.00012817730038506604
7898,0.00012824597986206844
7899,0.00012525340372760655
7900,0.00013002055188707638
7901,0.00014201198857169382
7902,0.00018527424774283837
7903,0.00021860571869127178
7904,0.0002308805902944414
7905,0.00022486294734985887
7906,0.00021996055345106127
7907,0.0002123104521684988
7908,0.00021640612636435292
7909,0.00021675375017871884
7910,0.0002121868291098945
7911,0.00020494959714485023
7912,0.0001873465188854682
7913,0.00017019302704861719
7914,0.000158038872833871
7915,0.00015165802111667963
7916,0.0001504574510283109
7917,0.00014829483995823948
7918,0.00014445169491628644
7919,0.00014110885344911238
7920,0.00013519687123837964
7921,0.00013450822740551337
7922,0.00013256380575084185
7923,0.0001303206283712099
7924,0.00013857616565873189
7925,0.00015279308155006143
7926,0.00018809987991781749
7927,0.00022035995102501362
7928,0.00023419622412264914
7929,0.00023427943195055591
7930,0.00022841288385537858
7931,0.0002268868787067524
7932,0.00022443607798510552
7933,0.00022125516159255632
7934,0.00021881254957778284
7935,0.00021318241737459454
7936,0.00019712938208078952
7937,0.00017409243643134526
7938,0.00015658418868059342
7939,0.0001492117109762214
7940,0.00014340089891814987
7941,0.00014247980147081397
7942,0.00013832205159382304
7943,0.00013689510338318108
7944,0.00013389539514918435
7945,0.0001286937172217571
7946,0.00012504736529659938
7947,0.00012873756642630478
7948,0.0001340882259884603
7949,0.00014912084274511052
7950,0.00019016449065724323
7951,0.00022373449071234265
7952,0.00023744053695550825
7953,0.00024145987127115586
7954,0.000234615697236033
7955,0.000228236694581684
7956,0.0002322407080909234
7957,0.00022701393573920683
7958,0.00021292909576518955
7959,0.00021359739990678975
7960,0.0001985034999245066
7961,0.0001804326087660044
7962,0.00016897528709099787
7963,0.00016240371774920757
7964,0.00015189285209766087
7965,0.00014820899061198647
7966,0.00014908571055110545
7967,0.00014679181601922562
7968,0.00014055070062255065
7969,0.00014006809522069152
7970,0.0001386910717067936
7971,0.00013965760326968495
7972,0.00014654932463504023
7973,0.00015653347152834552
7974,0.00019837776365122528
7975,0.0002261776310307854
7976,0.0002415245884706389
7977,0.00024192715586660675
7978,0.0002357592105281228
7979,0.00022517015593352725
7980,0.0002173008086282264
7981,0.00020900987499486464
7982,0.00019994656139706067
7983,0.00018288605100599752
7984,0.00016879381478061077
7985,0.0001479612161911086
7986,0.0001393879042465332
7987,0.00013494513453998243
7988,0.00012269430075376362
7989,0.00012103806875066751
7990,0.00011620039205135295
7991,0.00011125177158149605
7992,9.84221811256148e-05
7993,9.229016043663979e-05
7994,9.001554898868753e-05
7995,8.600070525422853e-05
7996,8.38124714561985e-05
7997,8.693685935613804e-05
7998,9.463767779094843e-05
7999,9.888286192520007e-05
8000,0.00010064845278783076
8001,9.958920393098619e-05
8002,9.495598075167105e-05
8003,8.809463684729758e-05
8004,8.464349312792744e-05
8005,8.013415715905122e-05
8006,7.213828112496518e-05
8007,7.5089385421391e-05
8008,7.449953437467429e-05
8009,7.124386301292635e-05
8010,6.693448998286095e-05
8011,6.500855895661312e-05
8012,6.304485421801399e-05
8013,6.421451854173164e-05
8014,6.266315481698147e-05
8015,6.182024631269443e-05
8016,5.900280284458866e-05
8017,6.111628167341993e-05
8018,5.9746918562726106e-05
8019,6.12298669623085e-05
8020,5.907940687662979e-05
8021,6.779905893758718e-05
8022,7.201095994067613e-05
8023,8.056525295315854e-05
8024,8.252288219956131e-05
8025,8.185404975429187e-05
8026,8.736980421308774e-05
8027,8.883875256543502e-05
8028,9.080562712604964e-05
8029,9.166676210692578e-05
8030,9.20495181152968e-05
8031,9.272178453441636e-05
8032,9.141291219385155e-05
8033,9.110464700284468e-05
8034,9.358476857813486e-05
8035,8.997962433917858e-05
8036,9.318299363767087e-05
8037,0.00010246053437335538
8038,0.00010832655416486344
8039,0.00011307890982159427
8040,0.00011242645479007157
8041,0.00011865409844318067
8042,0.00011991727251635541
8043,0.00011762866102116805
8044,0.00012242063945309257
8045,0.00013527004129657065
8046,0.00017773324116797585
8047,0.0002165963156852826
8048,0.000232107311414438
8049,0.00023014783310519284
8050,0.00022942934011501397
8051,0.00022108346290005036
8052,0.00022096961345932715
8053,0.00021691250543132823
8054,0.00021247290554679291
8055,0.00020642065871187453
8056,0.00019255031002757243
8057,0.00017187461762783725
8058,0.0001612662799493141
8059,0.00015456104977920376
8060,0.0001466486457248591
8061,0.00014474331854171196
8062,0.00013865514705728465
8063,0.00013895892166710291
8064,0.00013320569470897956
8065,0.00013010745784066785
8066,0.00012807031889204307
8067,0.00012669884256667226
8068,0.00013408690522928715
8069,0.00014770868703720754
8070,0.000185416625581701
8071,0.00021503887646833608
8072,0.00023350810859345213
8073,0.00023475965998590338
8074,0.00023276214381247228
8075,0.00023219606643087181
8076,0.00023796699156191503
8077,0.00023190523526095018
8078,0.00022643438661404047
8079,0.00022053455538770047
8080,0.00020762466277409334
8081,0.00018611609963978688
8082,0.00017649780303743667
8083,0.0001687872109847452
8084,0.00016121107221587756
8085,0.00016053167369722314
8086,0.00015757687127511261
8087,0.00015721287004699994
8088,0.00015613090413237762
8089,0.00015061303645890479
8090,0.0001479720464163282
8091,0.00014740464827555464
8092,0.00015209889052866804
8093,0.00016486270717772778
8094,0.0002045861242204068
8095,0.00023369856206621644
8096,0.00024956008727991866
8097,0.00024328119817089235
8098,0.00024116983255673808
8099,0.00023464448978600708
8100,0.0002280325052135192
8101,0.00023161678145754012
8102,0.0002283550346035958
8103,0.00022401422750521006
8104,0.0002111283727085538
8105,0.00018445749027017915
8106,0.00017306858392034037
8107,0.00016264409591871593
8108,0.0001574337009807461
8109,0.00015804415587056348
8110,0.00015379712267346948
8111,0.0001519866259989526
8112,0.00014756498843917175
8113,0.0001503747715040734
8114,0.0001441621845055379
8115,0.00014036394527547105
8116,0.00014659026816940703
8117,0.0001581215523581085
8118,0.00019975373055778473
8119,0.00023167463070932292
8120,0.00024748517461894255
8121,0.0002446679953026714
8122,0.00023692464842248645
8123,0.00023507558558011438
8124,0.00023983771485472632
8125,0.00023629913687809543
8126,0.0002304804002649852
8127,0.0002240113218350292
8128,0.0002083537218376572
8129,0.0001890682605435512
8130,0.000175123421041885
8131,0.00016448497005421461
8132,0.00016168575306269796
8133,0.00016777683021730613
8134,0.00016028442758001457
8135,0.00015768675843831642
8136,0.00015638343328627875
8137,0.0001509249997755964
8138,0.00014859201077219213
8139,0.000145293546813235
8140,0.00014633773901550595
8141,0.00015667637767087742
8142,0.00019794323388326785
8143,0.00023241663321278336
8144,0.00024648430331755
8145,0.00024309021639445875
8146,0.0002364309486435731
8147,0.00022939737774302441
8148,0.00022345739543782147
8149,0.00021941164593871138
8150,0.00021207350797284054
8151,0.0001972664768829597
8152,0.00018713017853291066
8153,0.00016416296896780728
8154,0.00015112707592908423
8155,0.00013873544921501053
8156,0.00013254267360407186
8157,0.00012852782986961286
8158,0.00012543804586000914
8159,0.00012152410812637675
8160,0.00011170954671090045
8161,0.00010620171680714333
8162,0.00010447257889769082
8163,0.00010270434651671387
8164,0.00010363944401128488
8165,0.00010304483823154496
8166,0.00010782070340155737
8167,0.00010720232395670122
8168,0.00011021154165674445
8169,0.0001083680260028995
8170,0.00010652688771556618
8171,0.00010113185064519375
8172,9.456582849193055e-05
8173,8.815433516192275e-05
8174,8.973105746279686e-05
8175,9.088143870258691e-05
8176,8.859890269959591e-05
8177,8.78164849654379e-05
8178,8.297827996245408e-05
8179,7.977517481579643e-05
8180,8.247031598447101e-05
8181,8.185801203181123e-05
8182,7.766460165714603e-05
8183,7.699365599719958e-05
8184,7.421847682263375e-05
8185,7.470134637632748e-05
8186,7.440470386604406e-05
8187,7.280949093674624e-05
8188,7.01547649987692e-05
8189,7.641965406056038e-05
8190,8.144355780328528e-05
8191,8.893860195892312e-05
8192,9.467730056614213e-05
8193,8.993973741215027e-05
8194,9.868527635290088e-05
8195,0.00010007524330669542
8196,0.0001002490552138784
8197,9.995294100726425e-05
8198,0.00010058716956219786
8199,0.00010458352266823314
8200,0.00010221408071165065
8201,0.000102787290192786
8202,0.00010401955850130966
8203,0.00010508673191319297
8204,0.00010841398842212418
8205,0.00011429955544939446
8206,0.0001213302206797623
8207,0.00012520453563820102
8208,0.0001262252183271904
8209,0.0001303734587381348
8210,0.00012789016734082912
8211,0.00012864062270299755
8212,0.00013516041828520145
8213,0.0001478135553155535
8214,0.00018980973474334238
8215,0.00022889258358705684
8216,0.00025401580042636604
8217,0.0002554966356112715
8218,0.000249936239492424
8219,0.00024319931110215875
8220,0.00024725641913015767
8221,0.00023647559030362465
8222,0.0002408269634753954
8223,0.00022945073641361856
8224,0.00021372709845759042
8225,0.00020059954473225264
8226,0.0001833736752927145
8227,0.00017264726174411418
8228,0.00016700946913772175
8229,0.00016472191424987288
8230,0.00016075646690848867
8231,0.00016438855463457667
8232,0.00015603396040907042
8233,0.00015312855438003465
8234,0.00014812868845426062
8235,0.00014452988385933534
8236,0.00015009794038138685
8237,0.00016255190692843194
8238,0.0002094755746793078
8239,0.00024315572604944566
8240,0.0002529200986163433
8241,0.0002636578706938325
8242,0.00025707230130480707
8243,0.00024924152016736137
8244,0.0002465978886064386
8245,0.0002487861224044686
8246,0.00024037816950836822
8247,0.00023343176871324563
8248,0.0002220008622217015
8249,0.00019842663174063084
8250,0.00018157110317323637
8251,0.0001720566182418936
8252,0.0001671787904637161
8253,0.00016819788824169773
8254,0.00016135450666207875
8255,0.00016105073205226046
8256,0.0001578616269528379
8257,0.00015567920449516962
8258,0.000150561526851153
8259,0.00014916839007534294
8260,0.00015264145839698694
8261,0.00016422768616729028
8262,0.00020805126798701206
8263,0.00023740963119085715
8264,0.0002540699515524641
8265,0.00025015680627433557
8266,0.0002553973145214526
8267,0.00024564350802793995
8268,0.00024105994539353425
8269,0.00024019299907229638
8270,0.0002351852085914836
8271,0.00022149976619141872
8272,0.00020800398480861425
8273,0.0001945103166404868
8274,0.00017889947151784335
8275,0.00017237201553243537
8276,0.0001682707941480541
8277,0.00016607569240232383
8278,0.00016505712292801147
8279,0.0001647800276534903
8280,0.00015819736393464574
8281,0.00015195836175264777
8282,0.00015177187055740284
8283,0.0001515811529328039
8284,0.0001542744450386361
8285,0.00016793162319239617
8286,0.00020738930348944285
8287,0.0002417237589539458
8288,0.00025826019210511384
8289,0.00026415183462458045
8290,0.0002527016450491088
8291,0.00024386233220706643
8292,0.00024370410525812632
8293,0.00024160700384304176
8294,0.00023412886540481989
8295,0.00022410324667347856
8296,0.00021634220162037378
8297,0.00019346163385702725
8298,0.00017840682834626852
8299,0.0001693828733718236
8300,0.00016363070302103874
8301,0.0001685415497785443
8302,0.00016362858980636174
8303,0.00016403089305049498
8304,0.00015641169753258358
8305,0.00015307915798695986
8306,0.00015156926610024576
8307,0.00014929491880412811
8308,0.00015314123366809665
8309,0.00016408372341741986
8310,0.00020725881248313832
8311,0.00023461860290621385
8312,0.00025181832131412413
8313,0.0002511304699367618
8314,0.0002510152997368655
8315,0.0002372368758910127
8316,0.00023678174227995455
8317,0.000232640633968545
8318,0.0002242614736224187
8319,0.0002076357571511476
8320,0.0001930820476706717
8321,0.00016872645606278152
8322,0.0001509688489801441
8323,0.00014415425995049918
8324,0.00013906141257893727
8325,0.00013753725649315343
8326,0.00012969458852314964
8327,0.00012740544872429302
8328,0.00011551835201435227
8329,0.00011298328685746017
8330,0.00011134052659792991
8331,0.00010888180132124432
8332,0.00010919138727142433
8333,0.00011101931796702642
8334,0.00011485031202458671
8335,0.00011672816741693285
8336,0.00011686526221910301
8337,0.00011136350780754224
8338,0.0001104957690308005
8339,9.92421084202895e-05
8340,9.128955328708188e-05
8341,8.897241339375506e-05
8342,8.618957381598511e-05
8343,8.616078126601102e-05
8344,8.60411204849261e-05
8345,8.045615824545858e-05
8346,7.519029142221758e-05
8347,6.981770725778824e-05
8348,7.021736898357523e-05
8349,7.312198255710711e-05
8350,7.277171722439492e-05
8351,7.016850089416968e-05
8352,6.913751628362994e-05
8353,6.839709869117725e-05
8354,7.074857832300526e-05
8355,7.098076778564027e-05
8356,7.22642815500811e-05
8357,7.806981057146013e-05
8358,7.815116933652449e-05
8359,8.333250757268563e-05
8360,8.664444327520865e-05
8361,8.303031787387513e-05
8362,8.692576497908382e-05
8363,8.883822426176577e-05
8364,9.699602537047669e-05
8365,9.531813291694135e-05
8366,9.181019655312693e-05
8367,9.145808215757236e-05
8368,8.645874453546756e-05
8369,8.806742920833125e-05
8370,8.402247216472505e-05
8371,8.718040734766191e-05
8372,9.456926246578067e-05
8373,0.00010575794172497403
8374,0.00011134184735710304
8375,0.00011336472210665807
8376,0.00010673583181675422
8377,0.0001109899971133831
8378,0.00011051663702573584
8379,0.00010888417868775593
8380,0.00010992018218315355
8381,0.00012569163162124875
8382,0.00017501379803051576
8383,0.00021248532068302025
8384,0.00023311425820802688
8385,0.00023464924451903032
8386,0.0002336486373694724
8387,0.00022534845842189883
8388,0.00022420177530779351
8389,0.00022547102487316465
8390,0.00021480219642451247
8391,0.00020651390430949702
8392,0.00020335861064490639
8393,0.00017657678443598943
8394,0.0001597431804708688
8395,0.00015001499670531474
8396,0.00014645290921540228
8397,0.0001464563431892524
8398,0.00013902733699227069
8399,0.00013952579150420727
8400,0.0001356874011952775
8401,0.00013219478563787128
8402,0.00012955221068428697
8403,0.00012333618971190137
8404,0.00012914700176997287
8405,0.000140171906891699
8406,0.00018231548304320844
8407,0.00021089935306793428
8408,0.0002258479695411739
8409,0.00023351207087097148
8410,0.0002366628739543735
8411,0.0002257597428284093
8412,0.00022098202859555452
8413,0.00022091387742222138
8414,0.00022014810125364472
8415,0.0002046236337809235
8416,0.00019337631281444347
8417,0.0001741391913060738
8418,0.0001601077100026507
8419,0.0001521712681313552
8420,0.00014772163047710414
8421,0.0001480502353593771
8422,0.00014488886620259015
8423,0.00014409192011752777
8424,0.00013758665288622824
8425,0.00013347486542846198
8426,0.00013354011093161426
8427,0.00012847922593204193
8428,0.00013877005310534635
8429,0.00015202783368515406
8430,0.00018839467336525853
8431,0.0002149841970385688
8432,0.00022762729629920508
8433,0.0002225032790111575
8434,0.00022194010729973787
8435,0.0002151635561342789
8436,0.00022267022297064022
8437,0.00021701922277251657
8438,0.00021261581168932479
8439,0.0002041935945941547
8440,0.00019688689069660416
8441,0.00017621595302989225
8442,0.00016319643740491592
8443,0.00015466274823553423
8444,0.00014936993792516153
8445,0.0001478222723260961
8446,0.00014149213776115264
8447,0.00013995556653914146
8448,0.00013460173715497045
8449,0.00013501566307982718
8450,0.00012718012720935827
8451,0.00012424672108585227
8452,0.00012979866434599172
8453,0.00013773933264664125
8454,0.00017767116548683906
8455,0.00020831224999962112
8456,0.00022877213035046802
8457,0.00023206821694291355
8458,0.00022825729842478471
8459,0.00022150531337994581
8460,0.00021483997013686378
8461,0.00021029497367031324
8462,0.00020931919679321006
8463,0.00020187883206733946
8464,0.00018451771688847356
8465,0.00016844592681441022
8466,0.00015512871207181198
8467,0.000149517334648882
8468,0.00014242670695205443
8469,0.00014134606179660525
8470,0.0001379369182189404
8471,0.00014152410013314222
8472,0.00013326909114928947
8473,0.00013354301660179513
8474,0.00012894809543850057
8475,0.00012680001271933347
8476,0.00013132414119094865
8477,0.0001417100630247179
8478,0.00017843588504807723
8479,0.00020645869657606047
8480,0.00021990217589560923
8481,0.0002132561157364548
8482,0.0002026324572515234
8483,0.00019124513581269238
8484,0.00019234876217775386
8485,0.0001941320512133044
8486,0.00017552123370482962
8487,0.00016217443395675344
8488,0.00014848027454614592
8489,0.00013400396155321506
8490,0.00011918266626426445
8491,0.00011901651476028559
8492,0.00011006599399586631
8493,0.00010281238461707532
8494,9.958920393098619e-05
8495,9.418756306474816e-05
8496,8.272971308607235e-05
8497,8.744799315613661e-05
8498,8.242752338726182e-05
8499,7.808830119988386e-05
8500,7.285281183762467e-05
8501,7.280764187390385e-05
8502,7.342496471142151e-05
8503,7.494832834170146e-05
8504,7.720841143874937e-05
8505,7.77826775272232e-05
8506,7.597138839720246e-05
8507,7.363364466077492e-05
8508,7.19129596100304e-05
8509,7.253450887690205e-05
8510,7.05491436878637e-05
8511,7.109118325251333e-05
8512,6.447233073232522e-05
8513,6.593810926265702e-05
8514,6.519689921470045e-05
8515,6.109594198215384e-05
8516,6.0644770648615056e-05
8517,6.014420292200147e-05
8518,6.154711331569263e-05
8519,6.105288523311002e-05
8520,6.216417200137564e-05
8521,6.355493141067406e-05
8522,6.370417719723694e-05
8523,5.824680029389312e-05
8524,5.834163080252334e-05
8525,5.952001213678359e-05
8526,6.31383639674711e-05
8527,6.599675096994368e-05
8528,6.160047198628678e-05
8529,5.719230617007179e-05
8530,6.024748628933969e-05
8531,5.755709985368833e-05
8532,6.01584671210712e-05
8533,5.855559378856925e-05
8534,5.514512945173129e-05
8535,5.634860521028088e-05
8536,5.835351763508144e-05
8537,5.641781299095252e-05
8538,5.112236116223356e-05
8539,4.968484687820659e-05
8540,5.197953386559032e-05
8541,5.404942764170853e-05
8542,5.378131352956458e-05
8543,5.391338944687687e-05
8544,5.636419016852373e-05
8545,5.7317249987849215e-05
8546,5.658132297658513e-05
8547,5.470399588790824e-05
8548,5.52140730805683e-05
8549,6.351847845749587e-05
8550,8.42359068471017e-05
8551,9.649228782184761e-05
8552,0.00010398786028115471
8553,9.936916545274393e-05
8554,0.00010003112995031313
8555,9.851199274938716e-05
8556,9.494964110764007e-05
8557,9.462843247673658e-05
8558,9.296454007043636e-05
8559,9.189763081038767e-05
8560,8.748708762766104e-05
8561,8.213352239532468e-05
8562,7.351054990583988e-05
8563,6.427817913387616e-05
8564,6.211556806380472e-05
8565,6.005307053905599e-05
8566,5.989484359011587e-05
8567,5.78157044997858e-05
8568,5.57674711741068e-05
8569,5.641754883911789e-05
8570,5.705785288624788e-05
8571,5.6697285631985325e-05
8572,5.582849024790508e-05
8573,5.656124743715367e-05
8574,6.013812742980511e-05
8575,6.163507587662261e-05
8576,6.195443544468373e-05
8577,5.509467645131799e-05
8578,5.393055931612747e-05
8579,5.187308067623661e-05
8580,5.221436484657157e-05
8581,5.183477866021604e-05
8582,5.086454897163996e-05
8583,5.265681916956774e-05
8584,5.647381317989293e-05
8585,5.484161899374764e-05
8586,5.2112930542075725e-05
8587,4.8293030861569675e-05
8588,4.869137182818354e-05
8589,4.8438578522447815e-05
8590,4.856431479572912e-05
8591,4.648834552741454e-05
8592,4.6191174713461884e-05
8593,4.913831673236833e-05
8594,4.9695148799756944e-05
8595,4.911982610394461e-05
8596,5.285493304553618e-05
8597,5.316953788057405e-05
8598,5.392157815375023e-05
8599,5.4253352858038704e-05
8600,5.741128804097557e-05
8601,5.561769708387466e-05
8602,5.251391302703584e-05
8603,5.1726476408019966e-05
8604,5.191930724729591e-05
8605,4.998730072885173e-05
8606,5.039224549133121e-05
8607,5.5209582499379683e-05
8608,5.248617708440026e-05
8609,5.152545686187067e-05
8610,4.800827518384437e-05
8611,4.8245219379502625e-05
8612,4.5484568555841134e-05
8613,4.893465566787278e-05
8614,4.529385093124219e-05
8615,4.677653517898995e-05
8616,4.434211187108982e-05
8617,4.6854724122038836e-05
8618,4.556249334705538e-05
8619,4.7058913490203635e-05
8620,4.7172762930926824e-05
8621,5.01954523745359e-05
8622,5.3569463758195666e-05
8623,5.514460114806204e-05
8624,5.8141403711877904e-05
8625,5.3446369003260615e-05
8626,5.093296429680773e-05
8627,5.20513831646082e-05
8628,5.043794375872126e-05
8629,5.1757382172671045e-05
8630,4.910371284203251e-05
8631,5.159941937556555e-05
8632,5.063447272368195e-05
8633,4.9362053336295354e-05
8634,4.493671765082975e-05
8635,4.6822233446380004e-05
8636,4.796918071231994e-05
8637,4.803706773381845e-05
8638,4.529807736059618e-05
8639,4.770212320751449e-05
8640,4.523415261661703e-05
8641,5.083020923313876e-05
8642,4.8935712275211277e-05
8643,4.682091268720688e-05
8644,5.166360827137932e-05
8645,5.924318101409703e-05
8646,7.531946166934899e-05
8647,8.807561791520461e-05
8648,9.033464440491403e-05
8649,9.075490997380173e-05
8650,9.187015901958671e-05
8651,8.737984198280346e-05
8652,8.844173235799428e-05
8653,8.841875114838194e-05
8654,8.571621372833786e-05
8655,8.479590873650582e-05
8656,8.078529143140081e-05
8657,7.891166246840867e-05
8658,6.696750896218902e-05
8659,6.106292300282577e-05
8660,5.70752869073331e-05
8661,5.5829811007078196e-05
8662,5.7468344837254474e-05
8663,5.6514756714259736e-05
8664,5.507697827839815e-05
8665,5.44316553464103e-05
8666,5.401825772522283e-05
8667,5.134583361432595e-05
8668,5.0163490002546324e-05
8669,5.0730623991485304e-05
8670,5.373878508419003e-05
8671,5.4806750951577204e-05
8672,5.497580812573693e-05
8673,5.3507123925224264e-05
8674,5.686105976945257e-05
8675,5.2001722619698785e-05
8676,5.252817722610557e-05
8677,5.131598445701337e-05
8678,5.035869820833389e-05
8679,5.1858816477166886e-05
8680,5.1748929313963056e-05
8681,4.862771123603902e-05
8682,4.7403895786223335e-05
8683,4.849193719304198e-05
8684,5.0425264470659286e-05
8685,5.0068395342081475e-05
8686,4.907703350673543e-05
8687,4.792955793712625e-05
8688,4.942175165092051e-05
8689,5.1707457475927e-05
8690,5.312780189070337e-05
8691,5.302161285318429e-05
8692,5.4784298045634115e-05
8693,5.497607227757156e-05
8694,5.2161270327812026e-05
8695,5.380931362403478e-05
8696,5.636894490154697e-05
8697,5.315236801132346e-05
8698,5.744192965379202e-05
8699,5.518052579757098e-05
8700,5.2963235297732254e-05
8701,5.4091163631579214e-05
8702,5.4489768750027706e-05
8703,5.647909621658542e-05
8704,5.473965638558256e-05
8705,5.4988751565633536e-05
8706,5.513852565586568e-05
8707,5.7581137670639174e-05
8708,5.419497530258667e-05
8709,5.6896191963457634e-05
8710,5.0949605862389076e-05
8711,5.540875298268662e-05
8712,5.057213289071056e-05
8713,5.218847796677836e-05
8714,5.107428552833188e-05
8715,5.2170251490189266e-05
8716,5.41167863595378e-05
8717,6.445885898875937e-05
8718,8.237337226116378e-05
8719,9.380824103022725e-05
8720,0.00010108694483330757
8721,9.744693255218085e-05
8722,9.483711242608999e-05
8723,8.912588560967194e-05
8724,9.162634687622823e-05
8725,8.911981011747557e-05
8726,8.748312535014167e-05
8727,8.990751088832609e-05
8728,8.561794924585753e-05
8729,7.866705786954631e-05
8730,7.023876528217982e-05
8731,6.589003362875535e-05
8732,6.513138955971356e-05
8733,6.161209466701027e-05
8734,6.200858657078177e-05
8735,6.089016770298129e-05
8736,5.95437858018998e-05
8737,5.7395174779063464e-05
8738,5.701849426288881e-05
8739,5.759038298485103e-05
8740,5.912219947383897e-05
8741,5.896872725792209e-05
8742,6.365293174131978e-05
8743,6.407398976571136e-05
8744,6.277990992788554e-05
8745,5.925691690949751e-05
8746,6.07216388324908e-05
8747,5.718940049989092e-05
8748,5.679290859611942e-05
8749,5.892646296438216e-05
8750,5.919695444303773e-05
8751,5.825261163425485e-05
8752,5.7396231386401966e-05
8753,5.508120470775214e-05
8754,4.992997978073819e-05
8755,4.647962851687193e-05
8756,4.7039366254441416e-05
8757,4.761257573557675e-05
8758,4.7412612796765947e-05
8759,4.474573587439618e-05
