hour,value
0,0.0001678002609238989
1,0.00016093968888022657
2,0.0001538714818431875
3,0.000144149568280254
4,0.00013730910318257965
5,0.0001345671723017962
6,0.0001326451124027256
7,0.00013388558786704891
8,0.0001397588678276376
9,0.0001560024077731349
10,0.00017803223436184192
11,0.00019836979472002652
12,0.0002130150376316041
13,0.00022162245190207906
14,0.00023408998945832627
15,0.00025074920973639365
16,0.00026669689033363524
17,0.0002757093159449263
18,0.0002734696483682552
19,0.0002661880614961358
20,0.00025441441874973666
21,0.0002385639901157914
22,0.00021713039602779948
23,0.00019408455314744025
24,0.00017712906317528037
25,0.00016493440560043412
26,0.00015865939706572287
27,0.00015206144635753412
28,0.00014990507898571178
29,0.00015389815432257257
30,0.00016335334309165552
31,0.00017638223375249888
32,0.00018791500349275912
33,0.00020136614001955972
34,0.0002144056996721571
35,0.00022946703326214154
36,0.00024240400645556562
37,0.0002457688423164492
38,0.0002486129493105693
39,0.0002607952965103147
40,0.00028848256114950984
41,0.0003124085958495758
42,0.0003180844994627151
43,0.00031048530491299513
44,0.0002964367048479694
45,0.0002784738158467279
46,0.00025706812527563107
47,0.00023308341112091802
48,0.00021235109806783464
49,0.0001970899260553807
50,0.00019037748885875457
51,0.0001853134108881247
52,0.00018274669767960925
53,0.00018572498776232792
54,0.00019578502629469653
55,0.0002079033595439179
56,0.0002185235201433726
57,0.00022943995043691977
58,0.00023395908913642112
59,0.0002393682679557099
60,0.0002489404052882504
61,0.0002511997694650827
62,0.0002556778735809148
63,0.0002693198209217777
64,0.000300416649118056
65,0.0003290522229858489
66,0.00033708228066409667
67,0.0003334449751676488
68,0.000319778817422421
69,0.00030395670265120754
70,0.00027982549503279507
71,0.0002554694178958747
72,0.00023582657303921156
73,0.0002233750389705954
74,0.00021226041163792544
75,0.0002053473153271564
76,0.00020258568784621168
77,0.00020671417730918119
78,0.0002194361292841781
79,0.00023544289968190348
80,0.00025014518066478143
81,0.00026234517273550465
82,0.0002646792198546152
83,0.00026390243518575505
84,0.0002654047112938886
85,0.0002628273290936191
86,0.00026975232543365225
87,0.00029004679947898407
88,0.0003249996475026676
89,0.00035450310281506656
90,0.0003653087397327066
91,0.00035866195786995135
92,0.0003485563709497098
93,0.0003354626456466689
94,0.0003148669777572043
95,0.0002925051813866125
96,0.0002766789631570322
97,0.00026744084733555987
98,0.00026143297394053583
99,0.0002569581525913973
100,0.00025529830368197366
101,0.0002597144455764651
102,0.00027140478811801545
103,0.0002835325593214807
104,0.0002960706763616391
105,0.00030608803892699166
106,0.00030582582793734473
107,0.000302189753478407
108,0.00029539360573109546
109,0.0002927119956883059
110,0.0002973960934141579
111,0.00031391743749109645
112,0.0003430244987252498
113,0.000369421225708045
114,0.0003763659186482395
115,0.0003676280144016961
116,0.00035262412922884876
117,0.00034052056842974834
118,0.0003258847634724147
119,0.00030879262833663604
120,0.00029279570623899127
121,0.00028218867670631073
122,0.0002739563185305733
123,0.00026794680375220246
124,0.00026543712861498735
125,0.00026575842940511807
126,0.00027069653120388314
127,0.0002824233945248992
128,0.0003057979244204496
129,0.00033376709664945293
130,0.00034394203201609563
131,0.00034382631449014815
132,0.00033801951055510373
133,0.0003327412320577201
134,0.00033458122278945206
135,0.00034868193677573786
136,0.00037543976809482313
137,0.0003973272046781976
138,0.00039974250027297335
139,0.0003873599043049217
140,0.00037116970931819443
141,0.0003568728500219693
142,0.0003409091659370967
143,0.00032331025369300204
144,0.00030607080440185055
145,0.00029379612938884917
146,0.00028563804380955316
147,0.00027929368682844076
148,0.0002769941087596125
149,0.00027561534674832357
150,0.0002764286521966494
151,0.00028312098244727754
152,0.0002998622718926836
153,0.0003255454074654695
154,0.0003372574983363646
155,0.00034105442836328606
156,0.0003373169984826851
157,0.0003353785247501468
158,0.0003368176075994296
159,0.00035086169386025175
160,0.0003837714299630403
161,0.0004079182307232471
162,0.00041034583669312364
163,0.0003977227780647698
164,0.00037911974955828705
165,0.00035826720517505257
166,0.0003317399882161889
167,0.00030313765236116805
168,0.000282502591271381
169,0.0002724798942101514
170,0.0002689857994107095
171,0.00026851636377353257
172,0.000270100298703168
173,0.0002746891961949072
174,0.00028877185496437854
175,0.0003026690374156645
176,0.00030271581684104755
177,0.0003009550228557974
178,0.0002989730524645696
179,0.00029873341049594076
180,0.00030004200336915515
181,0.00029403782308666136
182,0.0002898814301067967
183,0.0002963977219934835
184,0.00032256670703691414
185,0.0003550295765235438
186,0.00036383108437477464
187,0.0003518001547887689
188,0.00033387830037119674
189,0.0003113285656073995
190,0.00028552889181699277
191,0.00025421786309396066
192,0.0002367781650345029
193,0.00022674972313155967
194,0.0002245289314633765
195,0.0002206052045729168
196,0.00021500480459372905
197,0.00021226574613380248
198,0.00022466434558948519
199,0.00023880937692613387
200,0.00023134518615668595
201,0.00022647109830844502
202,0.0002217459659989237
203,0.0002191730976028578
204,0.00021858137890634635
205,0.00021623912487050197
206,0.0002204808697843988
207,0.00023578430741803214
208,0.0002711573495784895
209,0.0003122124505396365
210,0.00032137629376466733
211,0.0003123400680948481
212,0.00029598614511928034
213,0.00027557554320216436
214,0.00024627644011643865
215,0.00021688788163831384
216,0.00019999722630835147
217,0.0001894681624846426
218,0.00018507376891949593
219,0.00018185747825149524
220,0.000180152901645872
221,0.00018475493020438536
222,0.00020526196339312424
223,0.0002232240317026923
224,0.000215355239938265
225,0.00021181682778846018
226,0.00021023904804637512
227,0.00021091734971442886
228,0.00021296866855205777
229,0.0002122037839124618
230,0.0002182026296990786
231,0.00023467883573398087
232,0.0002744643266763994
233,0.0003175059118329778
234,0.00032708625608225217
235,0.0003183557380607693
236,0.00030216267065318525
237,0.00027843360195473196
238,0.0002479719891136546
239,0.00021640039078432236
240,0.0001948793930331148
241,0.00018013853954158775
242,0.00017116304505559906
243,0.00016685195169530108
244,0.00016610635331002968
245,0.0001738627103152031
246,0.0001990993896176669
247,0.00022220432229850992
248,0.00021917802175289814
249,0.00021542335734715606
250,0.00020526319443063432
251,0.00019543992544603762
252,0.0001885132877226577
253,0.00018271510105018386
254,0.0001890081648017096
255,0.0002088368963223947
256,0.00024794983043847316
257,0.0002922167082634173
258,0.00030653203312229363
259,0.0003038056953833045
260,0.0002927776510221768
261,0.000276344941645964
262,0.00025334998164935473
263,0.00022620724593545134
264,0.0002083600744601573
265,0.0001946294924185687
266,0.00018681445595874818
267,0.00018153863953638467
268,0.00017759316431658029
269,0.00018270607344177662
270,0.00020635307297289123
271,0.0002308568746110211
272,0.00023297343843668424
273,0.00023417370000901165
274,0.00022426713081956625
275,0.00021241880513088899
276,0.00020528330137663226
277,0.00020144369538269472
278,0.00020715242666276948
279,0.00022854006201705176
280,0.0002669336598814072
281,0.00030458206970632786
282,0.0003162395845809428
283,0.0003073465696081295
284,0.00028467537247667106
285,0.00026311498152514095
286,0.00024332523285894167
287,0.00022044804211746334
288,0.00020312036847142283
289,0.00018672582125802244
290,0.00017674662085548237
291,0.00016932633709056062
292,0.00016107305127715182
293,0.00015472992533354952
294,0.00014922677731765805
295,0.00015478737375068655
296,0.0001771405528587078
297,0.00020461566870033255
298,0.00022220883610271354
299,0.00022368895353566565
300,0.0002245863798805135
301,0.0002185231097975359
302,0.00021621204204528023
303,0.00023052162206244284
304,0.00025475910925255884
305,0.0002761520791027182
306,0.00027867447496087084
307,0.00026361970690427355
308,0.00024451482543951506
309,0.00022856057930888642
310,0.00021520792578289216
311,0.00019769805858535987
312,0.00018061084759962153
313,0.0001683661278326987
314,0.00015773406720397988
315,0.0001466518571924087
316,0.00014249587455838074
317,0.0001430888242924023
318,0.0001468488231940214
319,0.00015935739533393787
320,0.00018685713192576425
321,0.00021907092148952125
322,0.00023175265957252222
323,0.00023717620049609525
324,0.0002428656455218454
325,0.00024474667083724665
326,0.00024076836795050682
327,0.0002532338537775705
328,0.00028215174558100835
329,0.00030415448934449364
330,0.00030540276137971413
331,0.00028849774394546754
332,0.0002694187142684207
333,0.000246995366022325
334,0.00022036227983759452
335,0.00019311080247696744
336,0.00017502522007055473
337,0.00016490321931684544
338,0.0001597911308833225
339,0.0001612893035330891
340,0.0001648892675583979
341,0.00017634366124384974
342,0.00020239241495712923
343,0.00022699346855855536
344,0.0002259355969915605
345,0.00022850723435011632
346,0.00022850559296676954
347,0.00023104399231255318
348,0.00023777735714685064
349,0.00023362752970037311
350,0.00024043475678527532
351,0.000262355431381422
352,0.00030561162741059094
353,0.0003549659729188564
354,0.0003719481353704013
355,0.0003694778534335087
356,0.0003580665460609096
357,0.0003397117767856262
358,0.0003152625511437765
359,0.00028732907900256546
360,0.0002735447416563701
361,0.00026697018066087287
362,0.0002673899644518099
363,0.00026639774821868593
364,0.0002690264236485421
365,0.0002762608207494419
366,0.000300349762746675
367,0.0003179757578159914
368,0.0003125948928594345
369,0.00030872451092774496
370,0.000296482663581679
371,0.0002873713446237449
372,0.0002805715037639031
373,0.0002686144364285022
374,0.00026789551052261586
375,0.00027975901900725077
376,0.00031632534686081167
377,0.00035594341670185944
378,0.00036338052464608553
379,0.000350845280026784
380,0.00032932346158390306
381,0.00030272812721614836
382,0.0002703165509591053
383,0.00023378633353917332
384,0.0002093055112678983
385,0.00019254206314731079
386,0.00018196416816903543
387,0.00017616392976737815
388,0.00017386599308189665
389,0.00017800720326580365
390,0.00020054503800033676
391,0.00022005534115174803
392,0.00021837046114628607
393,0.00021490960435961625
394,0.00021065554907061864
395,0.00020597637549480695
396,0.00020606583088720606
397,0.00020765838307941207
398,0.0002127409266126931
399,0.0002278974604367903
400,0.0002650875139621248
401,0.00030469737688643866
402,0.0003124689166875697
403,0.0003048492048460151
404,0.0002878067215564763
405,0.0002664556069816597
406,0.00023926609184237333
407,0.00020795383208183115
408,0.00019720441254381804
409,0.000188900654192496
410,0.0001871296015613285
411,0.00018953135574349334
412,0.00019597132330455522
413,0.00021070273884183838
414,0.00023916309503736337
415,0.0002654650321318825
416,0.00026607275431602496
417,0.00026267550113404266
418,0.00024913121610231273
419,0.00022796721922902814
420,0.00020856647841601395
421,0.00019466888561889124
422,0.00019582031603665215
423,0.00021569213387019005
424,0.0002575613609713362
425,0.0003003690490009996
426,0.00030913075330607113
427,0.00030158654509846805
428,0.00028456334806325383
429,0.00026473420619673203
430,0.00023859969020358367
431,0.00020795793554019806
432,0.0001879634243014889
433,0.0001783793869396843
434,0.00017386024824018296
435,0.00016996073175408818
436,0.0001651990786651012
437,0.00016805795810934218
438,0.00018869014677827244
439,0.00021306427913200728
440,0.000214166468049365
441,0.00021178687254238158
442,0.00019972024286858358
443,0.00019117355978193922
444,0.0001851357311408366
445,0.00017995921841095283
446,0.0001848357683342139
447,0.00020633009360603645
448,0.00024175319795857034
449,0.00027731376816639644
450,0.0002866848360389573
451,0.0002773158198955799
452,0.0002579593964329285
453,0.00023839656901442056
454,0.00021819114001565118
455,0.00019681786676565313
456,0.0001779214409859348
457,0.0001639696825383686
458,0.00015512837114097856
459,0.0001500704483578991
460,0.0001472833794350794
461,0.0001483039095309352
462,0.00015354566724885317
463,0.00017383644818165476
464,0.0002140962989112905
465,0.00025161503945181617
466,0.00026515193825848564
467,0.0002698446532469082
468,0.00027159149547371084
469,0.0002710629700360501
470,0.000270932069714145
471,0.0002777741761951661
472,0.00029999686532711895
473,0.00031467083244726506
474,0.00030931212616588954
475,0.0002873052789440373
476,0.00025990689777387414
477,0.00023845771054408787
478,0.0002173655241922246
479,0.0001923984421044682
480,0.00017267229704295636
481,0.00015714604161999864
482,0.00014938640184813167
483,0.0001453920954737608
484,0.00014227551884407654
485,0.00014266739911811846
486,0.00014695428207405154
487,0.00015802377136468523
488,0.00018499334113550406
489,0.0002164406046763183
490,0.00023784875732243526
491,0.0002456576385947054
492,0.0002512547558071996
493,0.00026389135584816434
494,0.0002727872432418346
495,0.00028110413265993085
496,0.0002983193715467174
497,0.00031431629364436217
498,0.0003085066172884609
499,0.00028837505054029623
500,0.0002683846427599541
501,0.00024286113171764174
502,0.00021084759092219102
503,0.00017768015763395924
504,0.00015781449498797174
505,0.00014765145965059314
506,0.00014422302018502207
507,0.00014297392745812822
508,0.00013968541592286954
509,0.0001409940087960839
510,0.00015858225204842458
511,0.00017624353685969662
512,0.00016990369368278784
513,0.00016690078284986755
514,0.00016446086650489025
515,0.00016591184938343715
516,0.00016833124843657982
517,0.00015840416195529974
518,0.00016015182487377576
519,0.00017939622392300987
520,0.00021641229081358648
521,0.0002601736225677247
522,0.000268946406210387
523,0.0002601933191678859
524,0.00024333959496322593
525,0.00022064705984825952
526,0.00019164709887748308
527,0.0001585330105480214
528,0.0001394486463750976
529,0.00013034389295055057
530,0.00012450426134857071
531,0.00011888785788175194
532,0.00011441837102849046
533,0.0001193207727394632
534,0.00014149955486688983
535,0.0001604353738469307
536,0.00015450054201083805
537,0.00014780698072269983
538,0.00013874736534018906
539,0.00013527255679507167
540,0.0001347998383912012
541,0.00013135334370881566
542,0.00013582159952456706
543,0.00015679765800464616
544,0.00019874033701056042
545,0.00024462233604872867
546,0.0002570168320460444
547,0.0002507910650117364
548,0.00023557749311633883
549,0.00021556697838999865
550,0.000186279775333537
551,0.00015448659025239051
552,0.00013808096370139942
553,0.00013090155294261652
554,0.0001249240451395078
555,0.00012027154404308116
556,0.00011510898307164497
557,0.00011486031349460894
558,0.00013274482644104203
559,0.0001506006151789066
560,0.0001466214916004934
561,0.00014349342528738172
562,0.00014355005301284535
563,0.00014771834602197412
564,0.0001522895986427355
565,0.00015360680877852043
566,0.00015401017873598976
567,0.0001614382590718087
568,0.00019562170865169268
569,0.00023869571112936989
570,0.00024798799260128564
571,0.00024318735665781278
572,0.00023170629049297587
573,0.00021519520506195467
574,0.00018768808224506783
575,0.00015594085589763093
576,0.00013206857650217176
577,0.00011976558762643853
578,0.00011360588627183804
579,0.00010855329798463564
580,0.00011133298068239483
581,0.00012243899075249423
582,0.00014872000020934204
583,0.00017299893232896409
584,0.00017300426682484107
585,0.000167709164148153
586,0.00015503152952351897
587,0.000144728566255828
588,0.00013898413488796097
589,0.00013336526934612205
590,0.0001389521279126989
591,0.00015662613344490846
592,0.00019746087869175127
593,0.000246447143984503
594,0.0002636402241961082
595,0.00026406657352043235
596,0.0002558219049695941
597,0.00024179628427142312
598,0.00021866508945703173
599,0.00018957197998132594
600,0.0001695848549676773
601,0.000154773421992239
602,0.0001439242884159095
603,0.000138327581549252
604,0.000135784258053428
605,0.0001404695868167901
606,0.00015776402245005846
607,0.0001769304557903209
608,0.00017601989837869885
609,0.0001755217385329534
610,0.00017603097771628956
611,0.0001814360530772114
612,0.00018713042225300188
613,0.00018646976545592595
614,0.00018793141732622684
615,0.00019760573077210394
616,0.00022254737141798537
617,0.0002546089226763292
618,0.0002567209726977887
619,0.00024135844526367156
620,0.0002232864042698697
621,0.00020642324211096578
622,0.00018902909243938095
623,0.0001692795576651776
624,0.00015308772129510363
625,0.00014144333748726287
626,0.00013372555299073858
627,0.00012616944475387143
628,0.0001218091098931703
629,0.00012105612528283841
630,0.00012411607418705902
631,0.00013809696718903046
632,0.00016566030738554425
633,0.00018808119355661983
634,0.00020074897988117327
635,0.00020645073528202418
636,0.000208670706258534
637,0.00020506376635400146
638,0.00020512408719199535
639,0.00021407003677774214
640,0.0002305729152920295
641,0.0002479773236095316
642,0.00024748860171803014
643,0.0002321708019801125
644,0.00021080942875937857
645,0.00019478788591153226
646,0.0001807975549553169
647,0.00016347726753433684
648,0.00014706507544995866
649,0.00013031393770447197
650,0.00012041598577759713
651,0.00010953402453433218
652,0.00010488808897129263
653,0.00010514988961510286
654,0.000107396122725161
655,0.0001193014864851386
656,0.0001440789887963428
657,0.00017278144903551672
658,0.00019194213753406542
659,0.0002042385608764116
660,0.00020542117757776115
661,0.00020550037432424292
662,0.00020916599368342264
663,0.0002177643803454903
664,0.0002473593427794718
665,0.00028129945727819674
666,0.00028476277613988666
667,0.000271961627418408
668,0.0002539445727667231
669,0.00023136898621521415
670,0.0002030625097084491
671,0.00017149501483748378
672,0.00015122967534655717
673,0.00014031488643635677
674,0.0001339056948130469
675,0.00012675747033785267
676,0.00012320962023380392
677,0.00012854329541914114
678,0.00014827928878073361
679,0.0001655084794259678
680,0.0001597505066454899
681,0.00015599173878138087
682,0.00015213366722479212
683,0.00015333228741377274
684,0.00015900121514768824
685,0.00016043742557611418
686,0.00016586137684552386
687,0.00017923044420498584
688,0.00021002854063215156
689,0.0002475731329603889
690,0.0002561235091595635
691,0.00024759816405642716
692,0.0002318495011899818
693,0.00021088082893496317
694,0.0001817273986212635
695,0.00015004213449516725
696,0.00012975299494571247
697,0.00011917345858409036
698,0.00011368180025162627
699,0.00010798620003832571
700,0.00010461151587736149
701,0.00011000838432154945
702,0.00013193275203022636
703,0.00015127358235108334
704,0.0001463461495440723
705,0.00014526899172275287
706,0.00014491650464903348
707,0.00014913198742938193
708,0.00015193300811064918
709,0.00015212587065389495
710,0.0001550183984567448
711,0.00016863080089736578
712,0.00019863692985971375
713,0.00023868627317512594
714,0.00025044062966720043
715,0.00024413484519473721
716,0.00022822450606863474
717,0.00020764114855427096
718,0.00018066214082920816
719,0.0001462214044097176
720,0.0001302999859460244
721,0.00011879676110600607
722,0.00011449756777497222
723,0.00011079542763632685
724,0.00011011384320157958
725,0.0001195948837583742
726,0.00014371993618923632
727,0.000163908951354538
728,0.00015901270483111566
729,0.00014958911269145805
730,0.00014038259349941117
731,0.00014247576761238276
732,0.00014517912598451706
733,0.0001464893602410782
734,0.00015398309591076802
735,0.00017052988142958155
736,0.0001992840452441788
737,0.00022444727264187453
738,0.0002277813325650062
739,0.00022567092392689343
740,0.00021806229142292953
741,0.00020625787273877844
742,0.00019140458448799744
743,0.00017321518458490135
744,0.0001617542253660624
745,0.00015440493143088858
746,0.00015020873490486467
747,0.0001459579623825606
748,0.00014293986875368268
749,0.00014284015471536626
750,0.00015335239435977071
751,0.00016783719204920128
752,0.0001635338952598005
753,0.00015595111454354827
754,0.0001445685313795177
755,0.00013975025056506705
756,0.00013800587041328457
757,0.00013422330249064735
758,0.0001396209916265087
759,0.00015544105466853872
760,0.000191562977980961
761,0.00023726647658016772
762,0.0002493934270919596
763,0.00024686733812127675
764,0.00023382121293529222
765,0.00021630806297106645
766,0.0001916635127109508
767,0.00016544815858797392
768,0.00014320331078083968
769,0.00012618667927901252
770,0.00011522305921424567
771,0.00010786555836233796
772,0.00010600792275962818
773,0.00011196696500008572
774,0.00013221178719917767
775,0.000154535421406957
776,0.0001548632877304748
777,0.00015864667634478538
778,0.0001616721561987238
779,0.00016482032945783345
780,0.00016948021677932055
781,0.00016620360527332595
782,0.00016873461839404913
783,0.00017903388854920987
784,0.00020419383318021203
785,0.00023547080319879862
786,0.00024101211337750257
787,0.00022823517506038874
788,0.00020833381232660897
789,0.00018927571028723352
790,0.00017087580296991386
791,0.0001495809057747242
792,0.00013196434865965173
793,0.00011639664830718799
794,0.0001078212410119751
795,0.00010397547983048714
796,9.879240156721629e-05
797,9.716332859554459e-05
798,0.0001004087538179505
799,0.00011548691158723934
800,0.0001453211056440129
801,0.00016883022897399864
802,0.00017594972924062433
803,0.00017839374904396859
804,0.00017754843662038075
805,0.00017357136477115097
806,0.00017201656439592075
807,0.00018108233496598193
808,0.00020678434644725573
809,0.00023707361403692192
810,0.0002445780186983658
811,0.00023184457703994148
812,0.0002084679954152076
813,0.00019025192303272646
814,0.00017642819248620852
815,0.00015815385099491694
816,0.00014500596004143258
817,0.0001287324648498567
818,0.00012004010899118624
819,0.00011074003094837329
820,0.00010545846968429607
821,0.0001055947045020782
822,0.00010714745314812498
823,0.00011714922257168317
824,0.00014374291555609115
825,0.00017163042896359252
826,0.00018995237057194047
827,0.00019974527396462188
828,0.0002056599988547166
829,0.00019805588015495628
830,0.00019429095710329688
831,0.00020327096539348919
832,0.0002318474494607983
833,0.0002627235115969357
834,0.0002678741725391078
835,0.0002553495969115603
836,0.0002362451257926385
837,0.00021214469411197798
838,0.0001833560612470985
839,0.00015373032287536507
840,0.00013719051323577534
841,0.0001261234860201618
842,0.00012065111394202229
843,0.0001183174771687485
844,0.00011618408916378096
845,0.00012161583700408785
846,0.00014288693414074926
847,0.00016274685194502306
848,0.00015823879258311242
849,0.0001461381042048689
850,0.00013796770825047212
851,0.0001360415448930346
852,0.00013896361759612632
853,0.00014310852089256357
854,0.00014857186536229583
855,0.00016620319492748926
856,0.00020490126940267097
857,0.0002550726134717925
858,0.00027121684972480995
859,0.0002653841940020539
860,0.0002508973445834399
861,0.00022934721227782712
862,0.0002005671966755182
863,0.00017334116075676614
864,0.00015326006654651475
865,0.00014148026861256525
866,0.00013511949779798516
867,0.00013064631783219342
868,0.0001312421399870718
869,0.0001396829538478494
870,0.0001627636761243275
871,0.00018274095283789553
872,0.00017705191815798208
873,0.00017352417499993128
874,0.0001679906613921245
875,0.00017059061261341212
876,0.00017814877257946277
877,0.00017947131721112472
878,0.00018489567882637112
879,0.00019909692754264673
880,0.00022902057699181937
881,0.0002699669363062427
882,0.00028292647852068496
883,0.00027945372170475106
884,0.0002658277778515192
885,0.00024564286614458446
886,0.00021680294005011833
887,0.0001878025687335052
888,0.0001729915461039036
889,0.00016303614575989173
890,0.00015849772080606578
891,0.0001539568337772197
892,0.00015146357247347226
893,0.00015825684779992693
894,0.00018076267555919797
895,0.00020221432486400442
896,0.0001973213611072756
897,0.00019377145927404338
898,0.00019087770043368346
899,0.00018974227350355359
900,0.00019116658390271542
901,0.00018737745044669114
902,0.0001928157638203851
903,0.00020295212667837865
904,0.000237710060429633
905,0.0002857402199228897
906,0.00030421563087416095
907,0.0003014002480886094
908,0.00028661589793839285
909,0.00026666529370420985
910,0.0002357748694637882
911,0.00020163737861761386
912,0.00018210122367849093
913,0.00016906002264254678
914,0.00016205172609766493
915,0.0001564853848229227
916,0.0001544972592441445
917,0.00016081412305419846
918,0.00018655183462326457
919,0.0002108127115260721
920,0.00020897190010266676
921,0.0002047223586178728
922,0.00018984650134607365
923,0.00017806054822457374
924,0.00017732602917689308
925,0.0001735110439331571
926,0.0001780584964953903
927,0.00019265613928991148
928,0.0002249154772415414
929,0.0002709858250187518
930,0.0002870397851876968
931,0.00028350096269205537
932,0.0002708774937178648
933,0.0002510171655677543
934,0.0002244144449749391
935,0.00019643501410001845
936,0.0001783855421272347
937,0.0001698060313736549
938,0.00016789997496221532
939,0.0001702652083649145
940,0.00017376258593104998
941,0.00018177458839248323
942,0.00020503955594963655
943,0.00022846661011228367
944,0.00022749573186266775
945,0.00022292283785855957
946,0.00021661130854438263
947,0.0002142029888288307
948,0.00021460020359874966
949,0.00021129404719251314
950,0.00021437287200522167
951,0.0002259355969915605
952,0.00025302539809253044
953,0.0002934321526317023
954,0.0003071935106110429
955,0.00029856393766538653
956,0.00028047507249228027
957,0.00026307969178318536
958,0.00024466542236158145
959,0.00022176812467410511
960,0.0002079677838402787
961,0.00019466888561889124
962,0.00018438808102638174
963,0.0001779678100654811
964,0.0001740124865455961
965,0.00017280319736486145
966,0.00017757346771641902
967,0.00019252811138886322
968,0.0002235736463555549
969,0.00025112016237276424
970,0.00026356554125383
971,0.00026384991091865835
972,0.0002617165229136908
973,0.00025815020724699085
974,0.0002550217305880425
975,0.0002593709861111529
976,0.00027401828075191396
977,0.0002950608152575373
978,0.00029760290771585127
979,0.00028273033321074564
980,0.0002571325495719919
981,0.00023773468117983457
982,0.00022128473727848062
983,0.0002006935831932197
984,0.00018311723997014312
985,0.00016848964192954334
986,0.0001610812581938857
987,0.00015416282738723965
988,0.00015167325919602243
989,0.00015052100808658815
990,0.00015183944925988317
991,0.0001612363689201557
992,0.00018588461229280154
993,0.00020906217618673926
994,0.00022313621769364002
995,0.00023165294553420578
996,0.00023459758725831562
997,0.0002354059685566011
998,0.00023747944606941144
999,0.00024577581819567305
1000,0.00026352327563265065
1001,0.0002865765047380703
1002,0.00029370462226726657
1003,0.00028108730848062637
1004,0.0002614719567950217
1005,0.00024028580124655572
1006,0.00021686202985060215
1007,0.0001873433917422456
1008,0.0001661962190482655
1009,0.00015453665244446706
1010,0.0001495636712495831
1011,0.00014625956657253009
1012,0.0001457257066389923
1013,0.00015233391599309837
1014,0.00016609773604745913
1015,0.00018105771421578033
1016,0.00018419152537060572
1017,0.00018809268324004725
1018,0.0001921235103938838
1019,0.0001980788595218111
1020,0.0002040571880165932
1021,0.00020173380988923676
1022,0.00020084376976944938
1023,0.00020773388671336364
1024,0.00023104727507924672
1025,0.00027188284101776296
1026,0.0002856043954509443
1027,0.00027709997798547933
1028,0.00026076369988088936
1029,0.00023975317235052805
1030,0.00021502368050221695
1031,0.00018602987471899091
1032,0.00016619580870242878
1033,0.00015416159634972954
1034,0.00014934988106866598
1035,0.0001467823471684771
1036,0.000148471330632306
1037,0.00015608734936133038
1038,0.00017543474521557447
1039,0.00019061261702317973
1040,0.00019099629038048777
1041,0.0001877496341205718
1042,0.00018307210192810688
1043,0.00018130597344697967
1044,0.0001835673893529955
1045,0.00018335647159293522
1046,0.00018175981594236227
1047,0.00018378405195476944
1048,0.00020453359953299393
1049,0.00024203551589421521
1050,0.00025808537260479334
1051,0.0002522120926442047
1052,0.00023716594185017788
1053,0.0002209630261425132
1054,0.0001972249298356527
1055,0.0001677994402322255
1056,0.00015151158293636534
1057,0.00013828818834892944
1058,0.00013279858174564886
1059,0.00012951007021039015
1060,0.00012813746338665165
1061,0.00013100537043929988
1062,0.00014218360137665726
1063,0.00015748416658943376
1064,0.00015986130002139704
1065,0.00015739553188870805
1066,0.00015612510117830614
1067,0.0001573089489171658
1068,0.00016347562615099006
1069,0.00016064793299033775
1070,0.00016220232301973131
1071,0.00017507323053344784
1072,0.00020102514262926774
1073,0.0002343899522649489
1074,0.00024466419132407135
1075,0.00023635961228107592
1076,0.00021992320979233285
1077,0.00020339324845282375
1078,0.00018425471862945647
1079,0.00015787973997600594
1080,0.0001377662284446558
1081,0.0001243040125802645
1082,0.00011740035422373936
1083,0.0001138537351572007
1084,0.00011379833846924712
1085,0.00011873151611797187
1086,0.000132418601500871
1087,0.00014623166305563492
1088,0.0001504475561818201
1089,0.00015003638965345358
1090,0.00014806672963732658
1091,0.00014754148696635938
1092,0.0001487643175597049
1093,0.0001514668552401658
1094,0.00015478121856313617
1095,0.00016487285372493015
1096,0.00019108861819374374
1097,0.00022562127208065357
1098,0.00023333126000628067
1099,0.0002269922375210453
1100,0.00021145161999380332
1101,0.000193656972785606
1102,0.00016967061724754617
1103,0.00014166451389324047
1104,0.0001222789558761839
1105,0.00010848764265076471
1106,0.00010016336700760802
1107,9.441852529390428e-05
1108,9.24000341232108e-05
1109,9.483543666398451e-05
1110,0.00010394388320106176
1111,0.00011761537544216658
1112,0.00012725234741690458
1113,0.00013141325420097284
1114,0.00013269804701565902
1115,0.00013935919098269852
1116,0.00014594811408248
1117,0.00014883941084781974
1118,0.00015628513605461645
1119,0.0001679783510170237
1120,0.00018958593173977353
1121,0.00021359608733636156
1122,0.00022090639841704956
1123,0.00021000309919027657
1124,0.00019321585101116087
1125,0.00018002077028645683
1126,0.00016340997081711915
1127,0.00014395260227864133
1128,0.0001286118231738689
1129,0.00011620378576394223
1130,0.00010964358687272925
1131,0.00010912573042682254
1132,0.00010907854065560281
1133,0.00011365307604305777
1134,0.00012147549872793879
1135,0.00013748883465905125
1136,0.00016053262581022698
1137,0.00017248189657473074
1138,0.00017159637025914698
1139,0.00016639482643322493
1140,0.00015988551042576192
1141,0.0001537467367088328
1142,0.00015031173170987466
1143,0.0001589499219181016
1144,0.00018445291566857925
1145,0.00021636181827567325
1146,0.0002403407875886726
1147,0.00023528409584310325
1148,0.00021964745739007507
1149,0.00020685041212696332
1150,0.00019660982142644971
1151,0.0001816440984164148
1152,0.0001690403260423855
1153,0.00015510210900743018
1154,0.00014438100333214894
1155,0.00013465334492750175
1156,0.00012948996326439218
1157,0.000126648728691129
1158,0.0001277578934877105
1159,0.00013983560249909921
1160,0.00016238615795456982
1161,0.0001893910174673443
1162,0.00020798378732790973
1163,0.0002211657369858396
1164,0.00023041205972404577
1165,0.00023438707984409205
1166,0.00023783070210562079
1167,0.0002442005005286081
1168,0.0002609467141240545
1169,0.00028100031516324744
1170,0.00028671725336005605
1171,0.00027449551295998805
1172,0.0002505276229845794
1173,0.00022260892329348933
1174,0.0001877734341791
1175,0.00015414272044124167
1176,0.00013443422025070763
1177,0.00012079719705988505
1178,0.0001109472555959033
1179,0.00010639487888362978
1180,0.00010691478705871998
1181,0.00011520336261408439
1182,0.0001389106829831929
1183,0.00016081781616672869
1184,0.0001570155516439302
1185,0.0001553762200263412
1186,0.000153532536182079
1187,0.00015391703023106044
1188,0.00015093381599830144
1189,0.000146097890312873
1190,0.00014849923414920113
1191,0.00016306363893095016
1192,0.00019478091003230846
1193,0.0002451344476529217
1194,0.0002628338946270062
1195,0.0002573964019449856
1196,0.0002423535339176524
1197,0.0002220627529848508
1198,0.00019349242410509205
1199,0.00016190153952143523
1200,0.00014347660110807732
1201,0.0001320259005351557
1202,0.00012759539653638003
1203,0.00012330358943040665
1204,0.00012002410550355521
1205,0.00012492609686869127
1206,0.00014600474180794364
1207,0.0001630209629639341
1208,0.00015421945511270328
1209,0.00014598545555361906
1210,0.0001411388608764366
1211,0.0001386189270933041
1212,0.00013447074103017332
1213,0.0001286360335782338
1214,0.00013640223888348785
1215,0.00015218619149188884
1216,0.00018248202461494217
1217,0.00022785355343226416
1218,0.0002451377304196152
1219,0.00023968382390412692
1220,0.0002229700276297793
1221,0.00020254465326254237
1222,0.0001748783162610186
1223,0.00014900601125751714
1224,0.0001265629664112601
1225,0.00011387589383238212
1226,0.00010535177976675587
1227,9.942474450156039e-05
1228,9.639516118925507e-05
1229,0.00010234066201710174
1230,0.00012397245314421646
1231,0.0001436497670511618
1232,0.00013714414415622901
1233,0.00013361558030650485
1234,0.000130050495677315
1235,0.0001319581934721013
1236,0.00013463036556064694
1237,0.00012902134831888862
1238,0.00013242475668842139
1239,0.0001461069179212802
1240,0.00018205362356143456
1241,0.00022835294431551969
1242,0.00024328789138780262
1243,0.0002404593775354769
1244,0.00022815310589305014
1245,0.00020844419535667939
1246,0.00017860138403733532
1247,0.00014528007106034358
1248,0.0001244821026733893
1249,0.00011367195195154566
1250,0.00010505674111017353
1251,9.774971279617907e-05
1252,9.499875430698836e-05
1253,0.00010302840163939941
1254,0.00012191456877320041
1255,0.00014044619710409858
1256,0.0001374724208255835
1257,0.00013381377734562763
1258,0.00013202343846013551
1259,0.0001340960952812725
1260,0.00013754094858031127
1261,0.0001348585178458483
1262,0.00013898536592547105
1263,0.00015063221180833199
1264,0.00017803182401600524
1265,0.0002154615195099685
1266,0.00023240798187372112
1267,0.00022742966618296016
1268,0.0002129846720396888
1269,0.00019480676182002013
1270,0.0001697440691523142
1271,0.00014182536946122417
1272,0.00012169995790060991
1273,0.00010851021167178285
1274,0.0001011436832114679
1275,9.831229693828534e-05
1276,9.375335469262474e-05
1277,0.00010060366809037974
1278,0.00012667950462888096
1279,0.00015278981021766443
1280,0.00015119438560460158
1281,0.0001485538101454813
1282,0.00014194724217472202
1283,0.00013248015337637497
1284,0.00013399638124295606
1285,0.00013590038592521217
1286,0.00014359888416741183
1287,0.0001588596458340291
1288,0.00017885333638106488
1289,0.00021845540273448153
1290,0.00023744908047749615
1291,0.00022909772200911771
1292,0.0002112357780837027
1293,0.00019607021665119827
1294,0.0001783096281474465
1295,0.00015830280653363654
1296,0.00014132351650294849
1297,0.0001232235719922515
1298,0.00011125788739428
1299,0.00010408627320639428
1300,0.0001008925515594117
1301,0.00010002343907729567
1302,0.0001076115542894249
1303,0.00013271158842826988
1304,0.0001579055917637176
1305,0.00017033701888633578
1306,0.00017535103466488906
1307,0.00018150499117777584
1308,0.0001833691923138727
1309,0.0001836913137956768
1310,0.00018396460412291443
1311,0.00018402738703592847
1312,0.00018818131794077296
1313,0.000194980748454778
1314,0.00019843586039973413
1315,0.00020209737630054686
1316,0.00019507430730554404
1317,0.00017920295103392741
1318,0.00016483592259962777
1319,0.00014578479643947612
1320,0.00013043457938045975
1321,0.00011558334285886223
1322,0.00010894722998786102
1323,0.00010208542690667861
1324,0.00010052324030638788
1325,0.00010139481486352408
1326,0.00010370711365328982
1327,0.00011543849077850955
1328,0.0001437338879476839
1329,0.00017258161061304718
1330,0.00019217521396930714
1331,0.00020420983666784306
1332,0.00019948634574166852
1333,0.00019194870306745254
1334,0.0001862108372329726
1335,0.00018864049493203257
1336,0.00020698582625307206
1337,0.00024110690326577868
1338,0.0002607542619266454
1339,0.00025232657913264205
1340,0.0002297120097266473
1341,0.00020758246909962383
1342,0.00017874213265932105
1343,0.00015065190840849328
1344,0.000135975479213327
1345,0.00012156249204531772
1346,0.0001122008621270008
1347,0.00010617780593601912
1348,0.00010428939439555737
1349,0.00011009825005978523
1350,0.0001309454599471427
1351,0.00015031706620575167
1352,0.00014371665342254278
1353,0.00013453352394318736
1354,0.00012198596894878502
1355,0.00011943731095708404
1356,0.0001248830105558385
1357,0.0001251140352618967
1358,0.00013191551750508523
1359,0.00015068145330873514
1360,0.0001864492481640913
1361,0.0002316943904637118
1362,0.00024957849306430816
1363,0.0002449243505845348
1364,0.00022981254445663714
1365,0.00020994524042730286
1366,0.00017994690803585205
1367,0.0001477803082433148
1368,0.0001296980086035956
1369,0.00012017552311729497
1370,0.00011638680000710736
1371,0.00010984917013691252
1372,0.00010687046970835713
1373,0.00011376551080231168
1374,0.0001362376902029739
1375,0.00015490021885577717
1376,0.00014598217278692551
1377,0.0001410227330046524
1378,0.0001367793467074088
1379,0.00013724180646536196
1380,0.00013968992972707316
1381,0.00014032678646562087
1382,0.00014827354393901992
1383,0.0001634842434135606
1384,0.00019511000739333634
1385,0.0002365586300118721
1386,0.00025603200203798095
1387,0.0002518317020535901
1388,0.00023929727812596198
1389,0.00021779269420822212
1390,0.00019125111514507422
1391,0.0001603221183960034
1392,0.00014451067261654396
1393,0.00013236279446708074
1394,0.00012610050665330698
1395,0.00011978364284325302
1396,0.00011674954572674408
1397,0.00012126211889285836
1398,0.00014286395477389446
1399,0.0001618387566084212
1400,0.00015750960803130875
1401,0.00015403562017786475
1402,0.0001538645059639637
1403,0.00015459779397413432
1404,0.00015454526970703762
1405,0.00014957351954966372
1406,0.00014883900050198303
1407,0.00015833276177971514
1408,0.00018371224143334816
1409,0.00022530448509472647
1410,0.0002487471323991679
1411,0.0002487660083076558
1412,0.00023479865671829526
1413,0.00021421776127895166
1414,0.0001883983908883836
1415,0.00015794580565571352
1416,0.00013547157452586784
1417,0.00012196709304029714
1418,0.00011437159160310744
1419,0.00011181759911552943
1420,0.00011385824896140434
1421,0.00011922926561788062
1422,0.00014017413781437104
1423,0.00015820063042029994
1424,0.00014738760727759948
1425,0.00013629719034929442
1426,0.0001273586269886081
1427,0.000129595832490259
1428,0.00012790602833475672
1429,0.00013158354772320048
1430,0.00013745313457125895
1431,0.0001477622530265003
1432,0.00016653352332602722
1433,0.00020119707753484214
1434,0.00022144395146311756
1435,0.00021744143817201283
1436,0.00020227013189779466
1437,0.00018456699181117995
1438,0.0001655860347891028
1439,0.00014464157293844908
1440,0.00012545995680222902
1441,0.00010958860053061239
1442,9.939109614295156e-05
1443,9.274226255101287e-05
1444,9.032286349787022e-05
1445,9.249072055311998e-05
1446,9.71329630036293e-05
1447,0.00011297026057080042
1448,0.0001387264377025177
1449,0.00015916740521154896
1450,0.00016886510837011757
1451,0.0001792164924465383
1452,0.0001818225988553763
1453,0.00018273233557532497
1454,0.00018244222106878293
1455,0.0001830766157323105
1456,0.00019456670950555464
1457,0.00020990379549779687
1458,0.00021792400487596398
1459,0.0002046304411504535
1460,0.00018342212692680612
1461,0.00016482443291620036
1462,0.00014828462327661063
1463,0.00013268040214468123
1464,0.00011424643612291604
1465,9.774437830030205e-05
1466,8.872210438893034e-05
1467,7.92784053032748e-05
1468,7.441867955931812e-05
1469,7.462590420684816e-05
1470,7.850079994274133e-05
1471,9.4315938834731e-05
1472,0.00012052308604097404
1473,0.00014506710157109984
1474,0.00016159008703138514
1475,0.00017353074053331837
1476,0.00018206511324486195
1477,0.00018088290688934907
1478,0.0001716796704639957
1479,0.00017253113807513392
1480,0.00019271194632370175
1481,0.00022091255360459996
1482,0.0002370514553617405
1483,0.00023042231836996313
1484,0.00021129281615500306
1485,0.00018846773933478474
1486,0.00016262374819401516
1487,0.00013331028300400517
1488,0.00011421319811014389
1489,0.00010289955304667777
1490,9.837056604709576e-05
1491,9.637751631827725e-05
1492,9.868078749963576e-05
1493,0.0001086505499479319
1494,0.0001312782504207008
1495,0.0001478984878442824
1496,0.00013582365125375056
1497,0.00012269381551708068
1498,0.00011162309518893688
1499,0.00010805842090558372
1500,0.00010749501607180404
1501,0.00010198899563505572
1502,0.0001000451874066404
1503,0.00010764807506889058
1504,0.00013541617783791425
1505,0.00018482961314666353
1506,0.00022093060882141447
1507,0.00022813012652619534
1508,0.00021573111672467592
1509,0.00019934929023221302
1510,0.00017449792567040406
1511,0.00014635640818998964
1512,0.00013500419061787436
1513,0.0001242026571586013
1514,0.00012008770910824264
1515,0.00011843893953640967
1516,0.00011949599041173116
1517,0.0001283192465923067
1518,0.00014905812517877718
1519,0.0001653184893035789
1520,0.00015305037982396458
1521,0.0001378487079578311
1522,0.00012820845321639954
1523,0.00012304876466582022
1524,0.000122016744886537
1525,0.00011897854431166113
1526,0.00011918987241755808
1527,0.00012966025678661983
1528,0.00015909231192343413
1529,0.00020664934266698368
1530,0.0002396920308208608
1531,0.000242580044819507
1532,0.00023205098099579813
1533,0.00021640326320517922
1534,0.00019080096576222185
1535,0.00015954984753134696
1536,0.00013781013544918196
1537,0.0001267673186379333
1538,0.00012130602589738453
1539,0.00011696784971186481
1540,0.00011653657623750035
1541,0.00012431960572205881
1542,0.00014812705047532047
1543,0.0001684026486121644
1544,0.0001603771047381203
1545,0.00015290757947279536
1546,0.00014542697486987971
1547,0.0001451651742260695
1548,0.00014053934560902793
1549,0.00013276616442455008
1550,0.00014026769666513708
1551,0.0001556741311037804
1552,0.00018471881977075638
1553,0.00022381862282006067
1554,0.00024514101318630875
1555,0.00024611230178176136
1556,0.00023454711472040238
1557,0.0002197877956662241
1558,0.00019699636720461465
1559,0.00017282002154416588
1560,0.00015755597711085507
1561,0.00014982588223923
1562,0.00014859320334580388
1563,0.00014721608271786173
1564,0.00014735272788148055
1565,0.00015539837870152262
1566,0.00017918161305041937
1567,0.00019318876818593916
1568,0.0001698643004824653
1569,0.00014641344626129
1570,0.0001279491146476095
1571,0.00011889483376097571
1572,0.00011498300689978018
1573,0.00010770059933598731
1574,0.0001052069276864032
1575,0.00011225831054413783
1576,0.00013858733046387872
1577,0.0001838468348677835
1578,0.00022048333185941896
1579,0.00023016585222202993
1580,0.00022244642634215887
1581,0.0002103120896053065
1582,0.00018967743886135608
1583,0.0001671445282768633
1584,0.0001507680362802774
1585,0.00014118769203100306
1586,0.00013927383904866633
1587,0.0001398249335073452
1588,0.00014158285507173853
1589,0.00015015621063776795
1590,0.00017367723399701782
1591,0.00018940004507575153
1592,0.0001676521260768527
1593,0.000144665783342814
1594,0.0001273873511971766
1595,0.00011772493778056363
1596,0.00011143105333736451
1597,0.00010370301019492289
1598,0.00010339525081740306
1599,0.00011018319164798071
1600,0.00013215146636118378
1601,0.00016961727228877605
1602,0.00020258856026706852
1603,0.0002059800686073372
1604,0.00019377802480743047
1605,0.0001813589080599131
1606,0.00016781339199067308
1607,0.00015056368405360422
1608,0.00013660453938097757
1609,0.0001272154162916022
1610,0.0001233955068978259
1611,0.0001222432557883916
1612,0.00012440947146029463
1613,0.00012821953255399027
1614,0.00013593280324631092
1615,0.00015432245191771324
1616,0.0001813100769053466
1617,0.00020217082820531493
1618,0.00020839495385627623
1619,0.00020320325833043482
1620,0.00018904591661868538
1621,0.00017403464522077754
1622,0.0001624776650761524
1623,0.00016075339187036789
1624,0.00017393205876160424
1625,0.00020437110258166345
1626,0.0002343817453482151
1627,0.00023511667474173246
1628,0.00021590592405110716
1629,0.00019818226667265776
1630,0.000188150542003021
1631,0.00017253113807513392
1632,0.00015510334004494025
1633,0.00014102683646301933
1634,0.00013563119905634147
1635,0.00013136237131722292
1636,0.00013298734083052767
1637,0.00013439236497536495
1638,0.00013584868234978883
1639,0.00014863957242535017
1640,0.0001734691886578144
1641,0.00019679858051132858
1642,0.00020334031383989032
1643,0.00019987042944481328
1644,0.00020094020104107226
1645,0.00020249869452883273
1646,0.00020626074515963527
1647,0.00021276554736289471
1648,0.0002324145474071082
1649,0.0002609939038952742
1650,0.0002793014833993379
1651,0.0002756399674985252
1652,0.0002528944977706253
1653,0.00022705584112573274
1654,0.00019681663572814305
1655,0.00016581664914932433
1656,0.000151692545450347
1657,0.00014248889867915696
1658,0.00013570465096110953
1659,0.00013362214583989194
1660,0.0001330936204022312
1661,0.00013732592736188405
1662,0.00015882722851293034
1663,0.000172584483033904
1664,0.0001528205861554164
1665,0.0001335880871354464
1666,0.00012056904477468367
1667,0.00011502650355846965
1668,0.00011202072030469251
1669,0.0001064543790299503
1670,0.0001106554997060145
1671,0.00013151050616426913
1672,0.00017209863356325937
1673,0.00023158359708780465
1674,0.00023974045162959056
1675,0.00023549583429483686
1676,0.00021936308772524672
1677,0.00019780638988624687
1678,0.0001726747591179765
1679,0.0001439599885037018
1680,0.0001227927088637237
1681,0.00011305315042981242
1682,0.00011107035934691124
1683,0.00011476880637302636
1684,0.00011695102553256039
1685,0.0001240175911862527
1686,0.00014709379965852716
1687,0.00016205582955603186
1688,0.00015105938182432952
1689,0.00013816426390624812
1690,0.00012635245899703654
1691,0.00012114270825438067
1692,0.00011913324469209444
1693,0.00011526614552709843
1694,0.00011630924464397237
1695,0.00012874518557079418
1696,0.0001664871542464809
1697,0.0002250291430383054
1698,0.0002370219104614986
1699,0.00023076413645192848
1700,0.00021543443668474676
1701,0.00019593890598345646
1702,0.00016928448181521792
1703,0.000139817136936448
1704,0.00012154074371597298
1705,0.00011039985424975467
1706,0.00010444081200929713
1707,0.00010448102590129305
1708,0.00010168698109924959
1709,0.00010423071494091025
1710,0.00012524042177959819
1711,0.00014249669525005413
1712,0.00013691476083351755
1713,0.00013339645562971073
1714,0.0001331933344405476
1715,0.00013439318566703832
1716,0.00013737270678726709
1717,0.00013519418074026327
1718,0.00013484538677907416
1719,0.00014768428731752858
1720,0.00018089070346024626
1721,0.00022757082515078263
1722,0.00024043393609360193
1723,0.0002319098220279757
1724,0.00021609386244431263
1725,0.00019325606490315682
1726,0.00016732672182835504
1727,0.00014115240228904744
1728,0.00011673969742666344
1729,0.00010316258472799806
1730,9.607221901577757e-05
1731,9.534631723066744e-05
1732,9.163925294198175e-05
1733,9.324165343426842e-05
1734,0.00011250574908366379
1735,0.00012946698389753735
1736,0.0001225247530323631
1737,0.0001182879322685066
1738,0.00011622184098075672
1739,0.0001188788302733447
1740,0.00012193795848589193
1741,0.00012359698670364223
1742,0.00013147152330978329
1743,0.00014628911147277195
1744,0.00017957103124944116
1745,0.00022502832234663197
1746,0.00023155405218756273
1747,0.00022236558821233033
1748,0.00020682743276010851
1749,0.00018804508312299085
1750,0.0001633956087128349
1751,0.0001376283522435269
1752,0.0001202214818510046
1753,0.00010445394307607133
1754,9.386948256440889e-05
1755,8.970898612617731e-05
1756,8.587635601146353e-05
1757,8.676598578541422e-05
1758,0.00010328281605814915
1759,0.00012221289019647634
1760,0.00011903681342047154
1761,0.00012082510057678019
1762,0.00011780659660206555
1763,0.00011236582115335144
1764,0.00011047781995872637
1765,0.00011294687085810889
1766,0.00011421114638096041
1767,0.00012938368369268865
1768,0.00016088962668815
1769,0.00020083638354438888
1770,0.0002129502029894066
1771,0.00020143466777428745
1772,0.00017975732825929982
1773,0.0001620283363849734
1774,0.00014653326724560438
1775,0.00012674064615854824
1776,0.00010965302482697319
1777,9.515140295823821e-05
1778,8.669704768484978e-05
1779,8.43449453489248e-05
1780,8.041998742095506e-05
1781,8.053037045102552e-05
1782,8.736221828612933e-05
1783,0.00010672397624465768
1784,0.00013174317225367414
1785,0.00015358259837415554
1786,0.00016479447767012175
1787,0.00017442611514898276
1788,0.00017630139562267033
1789,0.00017938637562292924
1790,0.00018438110514715794
1791,0.00018932331040428992
1792,0.00019847525360005666
1793,0.00023260905133370074
1794,0.0002450478646813794
1795,0.0002331802527383776
1796,0.00021746482788470432
1797,0.00020309369599203777
1798,0.0001911329355441066
1799,0.00017402602795820696
1800,0.00015750386318959505
1801,0.0001435607220045994
1802,0.00013666034641476784
1803,0.00013461600345636266
1804,0.00013371201157812772
1805,0.0001356829026317648
1806,0.00014117866442259582
1807,0.0001487811417390093
1808,0.00015801064029791103
1809,0.00016476616380738994
1810,0.00016732754252002843
1811,0.0001656582556563608
1812,0.00016157941803963114
1813,0.00015664911281176326
1814,0.00015401264081100994
1815,0.00016023553542446114
1816,0.00018432365673002091
1817,0.00022903042529190003
1818,0.00026062459264225037
1819,0.0002560389779172048
1820,0.00023982990702198968
1821,0.000218571120260429
1822,0.0001928334086913629
1823,0.0001686944045020532
1824,0.00015123172707574064
1825,0.00014516886733859972
1826,0.00013922254581907967
1827,0.00013848966815474577
1828,0.0001387744481654108
1829,0.00014652875344140076
1830,0.0001693156680988066
1831,0.00017696861795313336
1832,0.0001605075947141887
1833,0.00014677578163509002
1834,0.00013518104967348912
1835,0.0001269692087895863
1836,0.0001213076672807313
1837,0.0001130839263675644
1838,0.00011125870808595338
1839,0.00012209265886632524
1840,0.00015733521105071416
1841,0.00021167156536227083
1842,0.00024225956472104964
1843,0.00024404497945650143
1844,0.00023276334136829738
1845,0.00021381521201315571
1846,0.00018602659195229737
1847,0.00015960114076093358
1848,0.00014284220644454973
1849,0.00012935906294248708
1850,0.00012334175159321912
1851,0.00012197529995703101
1852,0.00012236635953939956
1853,0.00013006608881910932
1854,0.0001518788424602057
1855,0.00016308292518527474
1856,0.00015162647977063942
1857,0.0001412623749732812
1858,0.00012952197023965425
1859,0.00012829298445875834
1860,0.00012733482693007988
1861,0.0001233421619390558
1862,0.00012377302506758357
1863,0.00013440713742548588
1864,0.00017507856502932485
1865,0.00022941327795753474
1866,0.00024974263139898546
1867,0.0002398217001052558
1868,0.00022557531334694393
1869,0.00020778600063462365
1870,0.00018555715631512045
1871,0.00015713947608661155
1872,0.00013522249460299512
1873,0.00012184357894345251
1874,0.00011265265289319994
1875,0.00010830216633257944
1876,0.00010258522813577083
1877,0.0001058745603627029
1878,0.0001256868780499203
1879,0.0001401589550184134
1880,0.0001336836977153959
1881,0.00013109687756088245
1882,0.00013035702401732475
1883,0.00013097746692240477
1884,0.0001316553582446218
1885,0.00013095161513469307
1886,0.00013254786043942935
1887,0.0001413637303949444
1888,0.00017245358271199892
1889,0.00021621655584948385
1890,0.000238216837537949
1891,0.00023089667815718033
1892,0.00021664700863217496
1893,0.0001979294936372548
1894,0.000172413368820003
1895,0.0001459403175115828
1896,0.0001249416900104856
1897,0.0001136752347182392
1898,0.00010794352407130963
1899,0.00010309775008580055
1900,9.890401563479682e-05
1901,0.00010317120199056862
1902,0.00012374430085901507
1903,0.0001385766614721247
1904,0.000129673387853394
1905,0.00012483212767208852
1906,0.00012031873381430086
1907,0.00012253870479081067
1908,0.00012187312384369442
1909,0.000113299768277665
1910,0.00011391733876188813
1911,0.0001306516523280704
1912,0.00016402015507628186
1913,0.00021122757116696884
1914,0.00023360824344604853
1915,0.0002284534790455095
1916,0.00021699990605173104
1917,0.00019999804700002486
1918,0.00017314173268013328
1919,0.00014477985948541466
1920,0.00012683543604682435
1921,0.00011543561835765269
1922,0.00010812448658529132
1923,0.00010535588322512281
1924,9.797786508138045e-05
1925,9.915925074521995e-05
1926,0.00011639295519465775
1927,0.00013415846784844984
1928,0.00013102178427276762
1929,0.00012883997545907027
1930,0.0001190454306830421
1931,0.00011152994668400755
1932,0.0001108762657661554
1933,0.0001033755542172418
1934,0.00010741376759613881
1935,0.00011457676452145399
1936,0.00013744164488783153
1937,0.00017761245057090487
1938,0.00020790459058142797
1939,0.0002030875408044874
1940,0.00018795685876810182
1941,0.0001724593275537126
1942,0.00015712757605734746
1943,0.0001363640767206754
1944,0.00012371762837963
1945,0.00010920903063167124
1946,0.00010150191512690098
1947,9.775668867540284e-05
1948,9.367867175034658e-05
1949,9.430691122632375e-05
1950,9.900619174813341e-05
1951,0.0001097248353483945
1952,0.00012841526751809288
1953,0.00014717258605917227
1954,0.00015442339699353976
1955,0.0001548682118805151
1956,0.00015449479716912436
1957,0.0001528095068178257
1958,0.0001495874713081113
1959,0.0001557873865547077
1960,0.0001706287747762246
1961,0.0001966048972764094
1962,0.0002203979799253868
1963,0.00020751065857820252
1964,0.0001873380572463686
1965,0.00016820322053553153
1966,0.00015229985728865283
1967,0.0001367079465318242
1968,0.00012098677683643728
1969,0.00010890414367500825
1970,0.0001051043412272299
1971,9.70673076697584e-05
1972,8.992277630709442e-05
1973,8.838562080284198e-05
1974,9.229457524318068e-05
1975,0.00010275798373301863
1976,0.00012111029093328191
1977,0.00013730253764919256
1978,0.00014682174036879966
1979,0.00015164084187492367
1980,0.0001538169058469073
1981,0.00015995362783465298
1982,0.00016782898513246743
1983,0.00016878796335281925
1984,0.0001857266291456747
1985,0.0002187200757991486
1986,0.00024385498933411252
1987,0.00023374037480546368
1988,0.00021351401816902294
1989,0.00018922687913266705
1990,0.00016057366039389632
1991,0.00013400130539299637
1992,0.00011549758057899335
1993,0.00010415685269030551
1994,9.939068579711487e-05
1995,9.498316116519403e-05
1996,9.225313031367467e-05
1997,9.78670717054733e-05
1998,0.00011951979047025936
1999,0.00013384988777925662
2000,0.00012427159525916573
2001,0.00011579343992724911
2002,0.00010935880686206423
2003,0.00011143761887075159
2004,0.00011443929866616178
2005,0.00011410240473423673
2006,0.00011502075871675595
2007,0.00012404426366563774
2008,0.00015203887733651603
2009,0.00019042755105083112
2010,0.00022611450777635872
2011,0.0002285080550417897
2012,0.0002196991609654984
2013,0.0001997132669893598
2014,0.00017403997971665453
2015,0.00014373183621850042
2016,0.00012730610272151138
2017,0.0001197495841388075
2018,0.0001171964123429029
2019,0.00011220004143532742
2020,0.00010804159672627929
2021,0.00011243024544971225
2022,0.00013057902111497573
2023,0.00013802433597593578
2024,0.00012472297567952815
2025,0.00011224600016903705
2026,0.00010520036215301611
2027,0.00010948847614645925
2028,0.00011040929220399863
2029,0.00010640965133375076
2030,0.00011378233498161608
2031,0.00012089157660232447
2032,0.00013559057481850884
2033,0.00018904058212280836
2034,0.00022182721447458896
2035,0.00021873566894094293
2036,0.0002086235164873143
2037,0.00019012102271082136
2038,0.00016594837016290284
2039,0.00013716096833553344
2040,0.0001200844263415491
2041,0.00011052213730908923
2042,0.00010909659587241733
2043,0.00010420814591989214
2044,9.846494558953518e-05
2045,0.00010244447951378508
2046,0.0001215706989620516
2047,0.00013155974766467229
2048,0.00011848694999930275
2049,9.773863345858835e-05
2050,8.615990498461848e-05
2051,8.279547946957156e-05
2052,8.260302727216248e-05
2053,7.986602054141935e-05
2054,7.887585603747884e-05
2055,8.388782008684865e-05
2056,0.00010918974437734666
2057,0.00015409224790332841
2058,0.00018531053846726787
2059,0.00018335852332211866
2060,0.0001760720122999589
2061,0.00015989741045502602
2062,0.00013678509154912253
2063,0.00010978638722389846
2064,9.65116994068759e-05
2065,8.370316446033674e-05
2066,8.247623040862431e-05
2067,8.008186245151993e-05
2068,7.736537301261146e-05
2069,8.266622053101322e-05
2070,9.775545763789277e-05
2071,0.00010869650868164153
2072,0.00010411745948998295
2073,0.00010864152233952464
2074,0.00011101455231312097
2075,0.00011592557128666428
2076,0.00012130889831824138
2077,0.00011705648441259052
2078,0.00011016718816034968
2079,0.00012776651075028107
2080,0.00015482553591349903
2081,0.00018119230765021568
2082,0.00019664511116840533
2083,0.00018537988691366903
2084,0.00017360583382143322
2085,0.00016074805737449087
2086,0.00014288488241156582
2087,0.0001232637858842474
2088,0.00010847615296733732
2089,9.635248522223898e-05
2090,9.328186732626433e-05
2091,8.939260948608691e-05
2092,8.568923830993147e-05
2093,8.387468902007448e-05
2094,8.368305751433878e-05
2095,9.391790337313868e-05
2096,0.00011272118064792768
2097,0.00012347757606516452
2098,0.00013084123210462263
2099,0.00013204559713531696
2100,0.00013523726705311608
2101,0.00013945316017930121
2102,0.00013817206047714528
2103,0.00014031570712803016
2104,0.00015324652513390387
2105,0.00017840893183992623
2106,0.00019505666243456625
2107,0.0001790835403954497
2108,0.00016274028641163598
2109,0.00014835889587305208
2110,0.0001359459343130851
2111,0.00011748324408275137
2112,0.00010279737693334119
2113,9.126255546389747e-05
2114,8.530351322343994e-05
2115,8.010032801417112e-05
2116,7.553399954345004e-05
2117,7.49755188597107e-05
2118,7.79238536963508e-05
2119,8.869584225538199e-05
2120,0.00010279696658750448
2121,0.00011083482083664939
2122,0.00011383157648201927
2123,0.00011119264240624581
2124,0.00010708795300180446
2125,0.00010835797336636969
2126,0.00011203836517567033
2127,0.00011243681098309934
2128,0.0001255740329448297
2129,0.00014969539226316158
2130,0.00016133403122928867
2131,0.00014443516898259245
2132,0.00013330535885396484
2133,0.00012233106979744394
2134,0.00011081512423648811
2135,9.750555702334666e-05
2136,8.500437110849065e-05
2137,7.44802314348221e-05
2138,6.735785874733955e-05
2139,6.063105944642918e-05
2140,5.857974060880025e-05
2141,5.9622429379837485e-05
2142,6.507387382030563e-05
2143,7.522295739923666e-05
2144,8.855057982919262e-05
2145,0.00010478632320379275
2146,0.00011184345090324109
2147,0.00011918084480915082
2148,0.00012421332615035528
2149,0.0001273889925805234
2150,0.00013131764362102336
2151,0.00014110931597619467
2152,0.00015439385209329787
2153,0.00016820363088136824
2154,0.00018127109405086076
2155,0.0001666787857522166
2156,0.00015434871405126162
2157,0.0001384523266836067
2158,0.00011735931964007005
2159,0.00010071158904543003
2160,8.623376723522324e-05
2161,7.767518411931476e-05
2162,7.423771704533646e-05
2163,7.306207622321067e-05
2164,7.274528923728357e-05
2165,7.387538167153644e-05
2166,7.835061336651164e-05
2167,8.888295995691404e-05
2168,0.00010138414587177007
2169,0.0001108516450159538
2170,0.0001106370341433633
2171,0.00010931695158672154
2172,0.00010314452951118354
2173,0.00010104478986482485
2174,0.00010376620345377365
2175,0.00011736014033174345
2176,0.0001392639907485857
2177,0.00016484289847885155
2178,0.00018816490410730524
2179,0.00017378392391455803
2180,0.0001557631761503428
2181,0.00013350642831394448
2182,0.0001103198368115995
2183,9.118992425080279e-05
2184,8.273187586488412e-05
2185,8.22382298233423e-05
2186,7.904655990554318e-05
2187,7.812779557718728e-05
2188,8.555587591300619e-05
2189,0.00010173047775793905
2190,0.00011945987997810216
2191,0.00012847640904776016
2192,0.00013479778666201773
2193,0.00014165548628483323
2194,0.00015006798628287895
2195,0.00015927778824161942
2196,0.00016082027824174886
2197,0.0001633233878455769
2198,0.00017404941767089848
2199,0.0001996549978805494
2200,0.00022970585453909692
2201,0.00025061995079783537
2202,0.0002640029699157449
2203,0.00024736713935036894
2204,0.00022811207130938083
2205,0.0002029238128156468
2206,0.00018086608271004466
2207,0.00015688957547206544
2208,0.00014360627039247234
2209,0.00013835384368280035
2210,0.00013601364137613947
2211,0.00013155687524381545
2212,0.00013606124149319587
2213,0.00015100316444470257
2214,0.0001655626450764113
2215,0.00016433776275388232
2216,0.00015101629551147677
2217,0.00014192590419121397
2218,0.00013866857893954395
2219,0.0001365470909638405
2220,0.00012902791385227574
2221,0.00012368398002102118
2222,0.00012507628344492094
2223,0.00014261569554269512
2224,0.00017512616514638125
2225,0.00020050523445417753
2226,0.00022810058162595342
2227,0.00022142794797548653
2228,0.00020725337173859598
2229,0.00018460022982395207
2230,0.00015732249032977667
2231,0.00014077078066092286
2232,0.00012933813530481572
2233,0.00012527407013820702
2234,0.0001220356207950249
2235,0.00011814266984231723
2236,0.00012270530520050807
2237,0.00013644614588801402
2238,0.00015185914586004443
2239,0.00015597491460207647
2240,0.00015980179987507652
2241,0.00016329589467451849
2242,0.00016299223875536556
2243,0.00016403082406803586
2244,0.00016098195450140596
2245,0.00016672228241090606
2246,0.00017467273299683533
2247,0.00019659381793881868
2248,0.00022864757262626534
2249,0.0002488759809918896
2250,0.00025720600147675996
2251,0.00023796242311919925
2252,0.00021749888658914988
2253,0.0001916754127402149
2254,0.00016301644915973047
2255,0.00014603305567067548
2256,0.00012934305945485605
2257,0.00012160434732066041
2258,0.00011880784044359677
2259,0.00011072813091910917
2260,0.00010974412160271906
2261,0.00011798222462017022
2262,0.0001268678533679231
2263,0.00012689001204310452
2264,0.00012623181732104876
2265,0.00012422071237541576
2266,0.0001253405461637513
2267,0.0001292687868584146
2268,0.00013010835444028873
2269,0.00013081086651270735
2270,0.0001376862110065006
2271,0.00016325157732415563
2272,0.00019155682279341061
2273,0.00021218244592895378
2274,0.00021943941205087165
2275,0.00019527414572801361
2276,0.00017296938742872216
2277,0.0001527565722048923
2278,0.0001315942167149545
2279,0.00011840447048612746
2280,0.0001030702569147421
2281,9.387030325608227e-05
2282,9.050054324515833e-05
2283,8.639831591573718e-05
2284,8.495553995392416e-05
2285,8.892030142805313e-05
2286,0.00010284497705039759
2287,0.0001237479939715453
2288,0.0001429628481205375
2289,0.00015236592296836044
2290,0.00015243896452729182
2291,0.000144102788854871
2292,0.00013354541116843033
2293,0.00013059912806097368
2294,0.00013351791799737187
2295,0.00014365304981785534
2296,0.00016327455669101044
2297,0.0001792632718719213
2298,0.00018569544286208602
2299,0.00016847158671272884
2300,0.00014951484009501662
2301,0.00013244691536360283
2302,0.00011220127247283748
2303,9.333808470589129e-05
2304,7.886108358735789e-05
2305,7.617372870285461e-05
2306,6.887572799726742e-05
2307,5.970326750966603e-05
2308,5.607909307999236e-05
2309,5.721205793510207e-05
2310,6.817567799986895e-05
2311,9.318174294211121e-05
2312,0.00012012710230856518
2313,0.00013942238424154924
2314,0.00013921392855650915
2315,0.000135820368487057
2316,0.00013313301360255372
2317,0.00012896102748089473
2318,0.00012590354065169428
2319,0.00013295984765946924
2320,0.00015066996362530775
2321,0.0001753485725898689
2322,0.00019650805565894983
2323,0.0001875953440859752
2324,0.0001658671216872376
2325,0.0001376981110357647
2326,0.00011134652209500571
2327,8.92731988476092e-05
2328,7.465134564872313e-05
2329,6.589989998956889e-05
2330,6.149894089103514e-05
2331,5.863185453006029e-05
2332,6.357077702049871e-05
2333,8.23338404032918e-05
2334,9.215587835037841e-05
2335,7.877942476585595e-05
2336,6.909321129071478e-05
2337,6.32010554216382e-05
2338,6.35067630699746e-05
2339,6.435699964360274e-05
2340,6.157690660000683e-05
2341,6.297864797815054e-05
2342,6.747152454410354e-05
2343,8.716689366786341e-05
2344,0.00012104463559941101
2345,0.00014455827273360036
2346,0.00016470050847351903
2347,0.00016245509605513427
2348,0.0001441507993177641
2349,0.0001164618932952222
2350,8.624033276861033e-05
2351,7.119295093707349e-05
2352,5.8488643833054375e-05
2353,5.3293255194682734e-05
2354,5.069125224421164e-05
2355,4.9474166492579835e-05
2356,5.654565629631244e-05
2357,7.507769497304729e-05
2358,8.604788057120125e-05
2359,7.63247359707577e-05
2360,6.792126358111921e-05
2361,5.919690074718671e-05
2362,6.026133784756868e-05
2363,6.922164953759972e-05
2364,7.079491547548116e-05
2365,7.4390776042423e-05
2366,8.120046520234539e-05
2367,0.00010602105382640235
2368,0.00014665267788408206
2369,0.00017554061444144127
2370,0.00018880873672507675
2371,0.00017815738984203332
2372,0.0001587230006704103
2373,0.00013260120539819944
2374,0.00010331974718345152
2375,8.255378577175931e-05
2376,7.033245571752801e-05
2377,6.448420685297762e-05
2378,6.251331579934054e-05
2379,6.12929472810152e-05
2380,6.671238474622127e-05
2381,8.798389222871942e-05
2382,0.00010568785300700755
2383,0.00010218514094499504
2384,9.595568079815673e-05
2385,9.014559409641879e-05
2386,9.42564386884105e-05
2387,8.871061470550293e-05
2388,8.233137832827165e-05
2389,8.137281045375651e-05
2390,8.713940049680496e-05
2391,0.0001038757657921707
2392,0.00013121505716185008
2393,0.00014911352186673074
2394,0.0001644350147171786
2395,0.00017235674109453933
2396,0.00016518882001918385
2397,0.00014459438316722937
2398,0.000119576418195723
2399,9.73886084598891e-05
2400,8.18024425447742e-05
2401,7.24810265184532e-05
2402,6.686380235996104e-05
2403,6.574150649660534e-05
2404,7.213223255726405e-05
2405,9.37496615800945e-05
2406,0.00011203467206314009
2407,0.00010812735900614815
2408,0.00010471820579490169
2409,0.00010293771520949023
2410,0.0001023837483299545
2411,0.000105607014877179
2412,0.00010068204414518812
2413,9.420596615049725e-05
2414,9.191951914844317e-05
2415,0.00010297957048483293
2416,0.000126648728691129
2417,0.00014160049994271632
2418,0.0001563610500344047
2419,0.00016364222656068748
2420,0.00015766594979508883
2421,0.000137609476335039
2422,0.00011426161891887365
2423,9.292240437332117e-05
2424,7.95287162636576e-05
2425,7.098982974791039e-05
2426,6.621094213378228e-05
2427,6.57919790345186e-05
2428,7.126147869180124e-05
2429,8.91484537132545e-05
2430,0.00010285318396713143
2431,9.948916879792122e-05
2432,0.00010019783605789024
2433,0.00010032709499644856
2434,0.0001091462477186572
2435,0.0001175661339417634
2436,0.0001184418119572665
2437,0.00012086736619795956
2438,0.00012631881063842774
2439,0.00014288857552409605
2440,0.00016629962619911214
2441,0.00017760711607502785
2442,0.00017944013092753604
2443,0.00017155205290878412
2444,0.00015877183182497678
2445,0.00014179746594432903
2446,0.00012194944816931933
2447,0.00010643345139227896
2448,9.119731047586327e-05
2449,7.755618382667376e-05
2450,6.90205800776201e-05
2451,6.412925770423806e-05
2452,6.259046081663884e-05
2453,6.665083287071729e-05
2454,8.139784154979478e-05
2455,0.00010427831505796666
2456,0.00012322685475894504
2457,0.00013287449572543707
2458,0.0001398298576573855
2459,0.00014315324858876313
2460,0.00014117743338508572
2461,0.00013029177902929053
2462,0.00012276931915103218
2463,0.00012375948365497269
2464,0.00013372842541159547
2465,0.0001460970696211996
2466,0.00015572952779173397
2467,0.00015101178170727313
2468,0.00013673543970288266
2469,0.00012314273386242295
2470,0.00010491763387153455
2471,9.336229511025618e-05
2472,7.703832738076703e-05
2473,6.862172392435437e-05
2474,6.608578665359087e-05
2475,6.267950586320125e-05
2476,6.438736523551802e-05
2477,6.799307410254051e-05
2478,7.712326896896251e-05
2479,9.585473572233022e-05
2480,0.00011503512082104021
2481,0.0001267484427294454
2482,0.0001334452867842772
2483,0.00013783434585354685
2484,0.00013718846150659187
2485,0.00013337675902954946
2486,0.00013234884270863317
2487,0.00014346223900379304
2488,0.00016008411781072142
2489,0.00017432599076482966
2490,0.00018279552883417572
2491,0.00018500893427729842
2492,0.00017385860685683617
2493,0.00014782380490200426
2494,0.00011774012057652127
2495,0.00010183347456294904
2496,8.592970097023364e-05
2497,7.832229950377982e-05
2498,7.378469524162726e-05
2499,7.528697134976078e-05
2500,8.27392620899446e-05
2501,0.00010120892819950209
2502,0.00010684954207068576
2503,9.457814982437791e-05
2504,8.489521911593027e-05
2505,7.91048290143536e-05
2506,7.814503010232839e-05
2507,7.85024413260881e-05
2508,7.469114919488237e-05
2509,7.504650868945861e-05
2510,8.161081103903851e-05
2511,0.00010207598895243467
2512,0.0001354859366301521
2513,0.00015326129758402483
2514,0.00016407391038088863
2515,0.00016856432487182148
2516,0.00015969798237839316
2517,0.00013380926354142401
2518,0.0001048142267206879
2519,8.779308141465711e-05
2520,7.906010131815405e-05
2521,7.806378162666315e-05
2522,7.628288069541499e-05
2523,7.556600651871211e-05
2524,8.41594690307395e-05
2525,0.00010600751241379148
2526,0.00011510528995911472
2527,9.73237738176916e-05
2528,8.436135918239252e-05
2529,7.614500449428611e-05
2530,7.234766412152793e-05
2531,7.53452404585712e-05
2532,7.24506609265379e-05
2533,7.442524509270523e-05
2534,8.078355383226517e-05
2535,0.0001019426265555094
2536,0.00013106117747309015
2537,0.00014846886855728584
2538,0.00016177638404124382
2539,0.00016765171573101598
2540,0.00016497051603406312
2541,0.0001481541333005422
2542,0.00012139794336480378
2543,0.00010134885612981445
2544,9.26154656874747e-05
2545,9.065072982138802e-05
2546,9.292732852336147e-05
2547,9.498193012768394e-05
2548,0.00010521923806150398
2549,0.00012496959352738073
2550,0.00013285931292947943
2551,0.00011356362065065867
2552,9.618013997082787e-05
2553,8.261205488056974e-05
2554,7.958698537246804e-05
2555,7.86518072106444e-05
2556,7.603339042670558e-05
2557,7.855291386400135e-05
2558,8.428831762346115e-05
2559,0.00010237718279656742
2560,0.00013252323968922775
2561,0.00014582624136898214
2562,0.00015516530226628093
2563,0.00016605875319297328
2564,0.0001595941648817098
2565,0.00014008550311364533
2566,0.00011184427159491447
2567,9.225189927616458e-05
2568,7.945321262970606e-05
2569,7.486595652131363e-05
2570,7.369113639086122e-05
2571,7.62102494823203e-05
2572,8.670402356407356e-05
2573,0.00010679578676607897
2574,0.00011392677671613208
2575,0.00010018552568278944
2576,9.258345871221263e-05
2577,8.481438098610173e-05
2578,8.197232572116515e-05
2579,8.318325628524656e-05
2580,7.979010656163112e-05
2581,8.060012924326336e-05
2582,8.739094249469785e-05
2583,0.00010660784837287352
2584,0.00013594798604226857
2585,0.00015159324175786728
2586,0.00016084654037529721
2587,0.00017032511885707168
2588,0.00016970221387697154
2589,0.0001510138334364566
2590,0.0001250364798987617
2591,0.00011219060348108347
2592,0.00010121672477039927
2593,9.91317575741615e-05
2594,0.00010309898112331063
2595,0.00010667350370674443
2596,0.00011319636112681831
2597,0.000128908503213798
2598,0.00013902886258416054
2599,0.0001248583898056369
2600,0.0001109661315043912
2601,0.0001016143498861549
2602,9.821094151662214e-05
2603,9.816949658711613e-05
2604,9.337624686870375e-05
2605,9.885928793859726e-05
2606,0.0001094507243294835
2607,0.00012653301116518153
2608,0.00015310618685775482
2609,0.00016603002898440478
2610,0.00017181426389843105
2611,0.00017299318748725036
2612,0.00017149132172495352
2613,0.00016157203181457066
2614,0.00014713647562554329
2615,0.0001354929125093759
2616,0.00012574022300869042
2617,0.00012137373296043889
2618,0.00012149519532810005
2619,0.00012407955340759333
2620,0.00012983342272970434
2621,0.000130402162059361
2622,0.00013051911062281852
2623,0.000137867583866319
2624,0.00014469573858889257
2625,0.00015101670585731343
2626,0.0001556983415081453
2627,0.00015299087967764405
2628,0.00014256563335061857
2629,0.00013872972046921123
2630,0.00014751153172028078
2631,0.0001552625542295772
2632,0.00016056422243965237
2633,0.00016332256715390352
2634,0.00016430411439527346
2635,0.00016568492813574584
2636,0.0001648223811870169
2637,0.00015465688377461814
2638,0.00014112819188468254
2639,0.00012644601784780258
2640,0.00011539622515733015
2641,0.00011180364735708185
2642,0.00010784257899548314
2643,0.00010906212682213509
2644,0.00011244871101236345
2645,0.00011531579737333831
2646,0.00011956862162482584
2647,0.00012739802018893063
2648,0.00013676416391145116
2649,0.00013964109857250668
2650,0.00013963494338495625
2651,0.00013717738216900116
2652,0.00013274523678687874
2653,0.00012986789177998653
2654,0.00013138494033824102
2655,0.00014688903708601732
2656,0.00017240926536163606
2657,0.00019235781786663557
2658,0.00019982693278612382
2659,0.00020022004409767582
2660,0.0001904402717717686
2661,0.00016701896245083518
2662,0.0001407445185273745
2663,0.00012459412708680653
2664,0.00011803844199979719
2665,0.00011815128710488778
2666,0.00011825879771410138
2667,0.0001197438392970938
2668,0.00012824989814590556
2669,0.00014443927244095936
2670,0.00014625546311416315
2671,0.00012721172317907195
2672,0.00011245281447073039
2673,0.00010302799129356273
2674,0.00010113178318220379
2675,0.00010059546117364588
2676,9.591095310195717e-05
2677,9.514565811652449e-05
2678,0.00010169067421177983
2679,0.0001222206867673735
2680,0.00015399992009007245
2681,0.00016862259398063193
2682,0.00017855296322860553
2683,0.00018147339454835048
2684,0.00018002077028645683
2685,0.00015927942962496618
2686,0.00013039846894683074
2687,0.00011575035361439632
2688,0.00010708549092678431
2689,0.00010562096663562656
2690,0.00010321716072427824
2691,0.00010163979132802987
2692,0.00010865219133127868
2693,0.00012288257460195949
2694,0.00012410007069942798
2695,0.0001098499908285859
2696,9.890483632647021e-05
2697,9.274759704688989e-05
2698,9.053788471629742e-05
2699,8.837618284859805e-05
2700,8.274049312745468e-05
2701,8.193662563337285e-05
2702,9.452398417393442e-05
2703,0.0001293881974968923
2704,0.00016793444401249754
2705,0.00018397445242299506
2706,0.00018719895000772962
2707,0.00018534049371334645
2708,0.0001790851817787965
2709,0.00015620224619560444
2710,0.0001272933820005739
2711,0.00011008429830133768
2712,0.00010267960767821024
2713,0.00010238169660077104
2714,0.00010197011972656784
2715,0.00010307271898976226
2716,0.00010936249997459447
2717,0.0001236417143998418
2718,0.00012932541458387823
2719,0.0001165328831249701
2720,0.00010214820981969265
2721,9.554328323228013e-05
2722,9.76520504870461e-05
2723,9.93529339801391e-05
2724,9.015708377984619e-05
2725,8.548160331656475e-05
2726,9.033640491048109e-05
2727,0.00011020945378152908
2728,0.00013721923744434387
2729,0.00015220465705454006
2730,0.00016116866185710132
2731,0.00016818270324369687
2732,0.00016597052883808426
2733,0.00014852959974111642
2734,0.00012189323078969238
2735,0.00010607932293521279
2736,9.658597200331736e-05
2737,9.292322506499455e-05
2738,9.394088273999349e-05
2739,9.597619808999138e-05
2740,0.0001019196471886546
2741,0.00011711721559642112
2742,0.0001193142072060761
2743,9.9842476563314e-05
2744,8.532197878609112e-05
2745,7.890170782519052e-05
2746,8.128663782805094e-05
2747,8.61233842051528e-05
2748,8.082787118262803e-05
2749,8.276018972761596e-05
2750,8.85756109252309e-05
2751,0.00010996201524200311
2752,0.0001402492311024859
2753,0.00014897113186139823
2754,0.00015760439791958486
2755,0.00016665457534785168
2756,0.00016247930645949918
2757,0.00014121846796875503
2758,0.0001139312905203357
2759,9.353053690330036e-05
2760,8.50371987754261e-05
2761,7.986150673721572e-05
2762,7.821848200709646e-05
2763,7.615854590689698e-05
2764,8.259810312212217e-05
2765,9.943254107245757e-05
2766,0.00010690904221700627
2767,9.628231608416445e-05
2768,8.529202354001253e-05
2769,8.125134808609533e-05
2770,8.324727023577069e-05
2771,8.428872796929784e-05
2772,7.983729633285084e-05
2773,8.263503424742456e-05
2774,9.206847468716277e-05
2775,0.00010831447670768023
2776,0.00013478137282855
2777,0.00014753328004962554
2778,0.0001496289162376173
2779,0.00014787673951493767
2780,0.00014386273654040552
2781,0.00013112642246112434
2782,0.0001125886389426758
2783,9.90788229612281e-05
2784,8.919318140945405e-05
2785,8.588579396570747e-05
2786,8.231168172811036e-05
2787,8.114835128108536e-05
2788,8.260589969301933e-05
2789,8.707374516293407e-05
2790,9.648379588998078e-05
2791,0.00011642126905738957
2792,0.0001294579562891301
2793,0.00013416421269016356
2794,0.00013503948035983
2795,0.00013694430573375947
2796,0.00012984942621733537
2797,0.00012333805848068887
2798,0.0001198689947772852
2799,0.00012235815262266568
2800,0.0001283192465923067
2801,0.00013473623478651376
2802,0.00013749252777158147
2803,0.00013859102357640897
2804,0.00013454173085992123
2805,0.00012082592126845357
2806,0.00010238826213415813
2807,8.607373235891292e-05
2808,7.229760192945138e-05
2809,6.711411332034384e-05
2810,6.132946806048087e-05
2811,6.000487169963547e-05
2812,6.0440248632366876e-05
2813,6.363930477522646e-05
2814,6.945144320614787e-05
2815,9.203975047859424e-05
2816,0.00010838587688326484
2817,0.00011516807287212877
2818,0.0001168131493314315
2819,0.00011102070750067139
2820,0.0001012261627246432
2821,9.435943549342047e-05
2822,9.508903039106084e-05
2823,0.00010309733973996386
2824,0.00012326953072596113
2825,0.00013764927988119824
2826,0.00014730594845609754
2827,0.00014445486558275372
2828,0.00012916784178258807
2829,0.00010007062884851537
2830,6.882115200098723e-05
2831,5.3433183124995096e-05
2832,4.184912015514822e-05
2833,3.7609837316271553e-05
2834,3.6091557720507e-05
2835,3.4815382168391386e-05
2836,4.223484524163975e-05
2837,6.023343433067354e-05
2838,7.609001815216923e-05
2839,6.870297240001962e-05
2840,6.287893393983411e-05
2841,5.876275485196538e-05
2842,6.014767205080469e-05
2843,6.339596969406745e-05
2844,6.108531228764846e-05
2845,6.126955756832368e-05
2846,6.672715719634222e-05
2847,8.515168526386347e-05
2848,0.00011305109870062897
2849,0.0001278580178718636
2850,0.00013490488692539465
2851,0.00013752330370933347
2852,0.00013555856784324677
2853,0.00011645902087436534
2854,8.783124357746958e-05
2855,7.481671502091046e-05
2856,6.157403417914998e-05
2857,5.525511863991256e-05
2858,5.089560447088482e-05
2859,4.987999852506934e-05
2860,5.602697915873233e-05
2861,7.071571872899939e-05
2862,7.604570080180638e-05
2863,6.523555007996272e-05
2864,5.745621370793448e-05
2865,5.16547442687671e-05
2866,5.2027748634321156e-05
2867,5.572947842712981e-05
2868,5.434250949910706e-05
2869,5.670076702258244e-05
2870,6.437218243956039e-05
2871,8.176387003612504e-05
2872,9.563150758716916e-05
2873,9.448377028193849e-05
2874,9.14582904280001e-05
2875,9.347062641114317e-05
2876,9.584037361804596e-05
2877,8.545041703297607e-05
2878,6.746454866487977e-05
2879,5.306058910527774e-05
2880,4.116097018701384e-05
2881,3.416908747559971e-05
2882,3.201928563716444e-05
2883,3.018298801796271e-05
2884,3.0225663984978795e-05
2885,3.0125539600825672e-05
2886,3.999887077749892e-05
2887,6.095564300325345e-05
2888,8.077042276549099e-05
2889,8.891783935303296e-05
2890,8.89223531572366e-05
2891,8.703147954175468e-05
2892,8.002359334270951e-05
2893,7.553769265598028e-05
2894,7.405183038131449e-05
2895,8.188081859958258e-05
2896,9.691424867267186e-05
2897,0.00010753769203882015
2898,0.00011424602577707933
2899,0.00011757475120433395
2900,0.00011264034251809913
2901,9.014600444225548e-05
2902,5.907174526699531e-05
2903,4.0261902458819215e-05
2904,3.061303045481711e-05
2905,2.5827577307301893e-05
2906,2.371060313580207e-05
2907,2.2196837344241137e-05
2908,2.6866162619972193e-05
2909,4.224756596257724e-05
2910,5.511847347629375e-05
2911,4.9217700344646635e-05
2912,4.5222573278602386e-05
2913,4.194308935175094e-05
2914,4.274982926668962e-05
2915,4.581059886258363e-05
2916,4.310559910710256e-05
2917,4.427672612502473e-05
2918,5.0456124079786484e-05
2919,6.814120894958673e-05
2920,9.18222671851469e-05
2921,0.00010366156526541691
2922,0.00010916266155212491
2923,0.00011246061104162755
2924,0.00011050367174643802
2925,9.047510180328336e-05
2926,6.025559300585497e-05
2927,4.488444830916725e-05
2928,3.377761754739447e-05
2929,2.6294140523621977e-05
2930,2.320464671915945e-05
2931,2.3351140182858892e-05
2932,2.878288802316577e-05
2933,4.400097372276696e-05
2934,5.696256766639265e-05
2935,5.418862981034714e-05
2936,4.999735743436358e-05
2937,4.698993279723967e-05
2938,4.665919405286501e-05
2939,4.841096042970796e-05
2940,4.6342407066937915e-05
2941,4.799158698460758e-05
2942,5.416606078932902e-05
2943,6.700701305696693e-05
2944,8.424523131060837e-05
2945,9.162324945435073e-05
2946,9.326340176361315e-05
2947,9.193223986938065e-05
2948,9.139386613163928e-05
2949,8.156197988447203e-05
2950,6.225274619304041e-05
2951,4.722711269084829e-05
2952,3.6128488845809376e-05
2953,2.8274879877339683e-05
2954,2.22587995655818e-05
2955,1.9651872465070386e-05
2956,1.9037584747540777e-05
2957,2.07548820741015e-05
2958,3.226056898913999e-05
2959,5.4019977671466265e-05
2960,7.176825580011725e-05
2961,7.860010363522106e-05
2962,7.969900978588525e-05
2963,7.978230999073394e-05
2964,8.049795312992676e-05
2965,8.637779862390253e-05
2966,8.946934415754852e-05
2967,9.61846537750315e-05
2968,0.00010159588432350371
2969,0.00010982537007838432
2970,0.00011271748753539745
2971,0.00010773999253630985
2972,0.00010194016448048925
2973,9.20787333330801e-05
2974,7.425536191631427e-05
2975,5.670651186429615e-05
2976,4.211543460316205e-05
2977,3.527661088883446e-05
2978,2.8566635767228496e-05
2979,2.43413046867994e-05
2980,2.3743841148574214e-05
2981,2.4646601989299085e-05
2982,3.398361115741442e-05
2983,5.4927662662231455e-05
2984,7.72668900118051e-05
2985,8.965441012989713e-05
2986,9.522444451716958e-05
2987,9.746329140216726e-05
2988,9.565776972071751e-05
2989,9.332905709748405e-05
2990,9.344641600677829e-05
2991,0.00010422127698666631
2992,0.0001255329983611604
2993,0.00014102068127546896
2994,0.00014911639428758758
2995,0.00014280650635675743
2996,0.00012310621308295725
2997,9.593639454383215e-05
2998,7.041370419319325e-05
2999,4.792552130489999e-05
3000,3.568695672552758e-05
3001,3.0296653814726703e-05
3002,2.6793941752714206e-05
3003,2.3990458996426783e-05
3004,2.9228523601814506e-05
3005,4.9571828801712804e-05
3006,6.762909734539371e-05
3007,6.658148442431616e-05
3008,6.344356981112384e-05
3009,6.461797959573956e-05
3010,6.72359860338417e-05
3011,6.711944781622085e-05
3012,6.447682062791713e-05
3013,6.726429989657353e-05
3014,7.289465512183987e-05
3015,9.59987671110095e-05
3016,0.00012845425037257875
3017,0.00014055699048000573
3018,0.0001405598629008626
3019,0.0001363394559704738
3020,0.00013438128563777422
3021,0.00012025102675124649
3022,9.400530703635431e-05
3023,7.380398149595183e-05
3024,6.438490316049787e-05
3025,5.928758717709589e-05
3026,5.519890126028561e-05
3027,5.34807832420515e-05
3028,5.585340286981114e-05
3029,6.622243181720968e-05
3030,7.314209366136583e-05
3031,6.220555642182069e-05
3032,5.451608578802825e-05
3033,4.9728580911329574e-05
3034,5.029280643678262e-05
3035,5.193952427943212e-05
3036,4.937896625846703e-05
3037,5.09321252503505e-05
3038,5.837744011131054e-05
3039,7.525865748702896e-05
3040,0.00010109854516943165
3041,0.00011384593858630353
3042,0.00012110167367071136
3043,0.0001276503828784969
3044,0.00012743946511843666
3045,0.0001110133212756109
3046,8.892932903646037e-05
3047,6.62815216176935e-05
3048,5.4344561228290526e-05
3049,4.7006756976544087e-05
3050,4.3529076010569864e-05
3051,3.947691087322527e-05
3052,4.1541360777628374e-05
3053,5.2952257804390754e-05
3054,6.0631880138102566e-05
3055,5.7224778656039555e-05
3056,5.4363026790941706e-05
3057,5.215331446034924e-05
3058,5.6056524058974235e-05
3059,6.096138784496714e-05
3060,5.86966891722578e-05
3061,5.8103329092399534e-05
3062,6.186332799401862e-05
3063,7.681633028311606e-05
3064,9.804475145276142e-05
3065,0.00010823199719450491
3066,0.00011450700572921617
3067,0.00011681766313563514
3068,0.00011330879588607222
3069,9.979897990462452e-05
3070,7.78220879288509e-05
3071,6.048743840358659e-05
3072,4.727922661210832e-05
3073,3.978056679237818e-05
3074,3.597625054039623e-05
3075,3.51723830463144e-05
3076,3.573783960927752e-05
3077,3.761476146631187e-05
3078,4.785124870845853e-05
3079,6.954787447777076e-05
3080,9.013123199213454e-05
3081,0.00010698741827181466
3082,0.0001158943850030756
3083,0.00011863221242549213
3084,0.00011327145441493315
3085,0.00011268137710176845
3086,0.0001124281937205288
3087,0.00012016936792974458
3088,0.0001385774821637981
3089,0.00014706835821665223
3090,0.0001440601128878549
3091,0.00013510800811455774
3092,0.00012487890709747155
3093,0.0001078384755371162
3094,8.9052843133305e-05
3095,7.028280387128814e-05
3096,5.406265363848235e-05
3097,4.659312837315741e-05
3098,4.314006815738478e-05
3099,4.1827371825803475e-05
3100,4.0676351753879274e-05
3101,4.310518876126587e-05
3102,5.229611481151845e-05
3103,6.602710719894376e-05
3104,7.169480389534918e-05
3105,7.462672489852154e-05
3106,7.822750961550371e-05
3107,7.8568096659959e-05
3108,7.511421575251297e-05
3109,7.419298934913691e-05
3110,7.635961536687661e-05
3111,8.561701744267348e-05
3112,9.907143673616762e-05
3113,0.00010281789422517584
3114,0.0001052963830788023
3115,0.00010323275386607258
3116,0.00010243996570958147
3117,9.479768484700873e-05
3118,7.981924111603633e-05
3119,6.886670038886018e-05
3120,5.531749120708992e-05
3121,4.7980917992853565e-05
3122,4.360047618615447e-05
3123,4.246012510598428e-05
3124,4.284338811745566e-05
3125,4.3334982429814016e-05
3126,4.6505724709941786e-05
3127,5.9032352066672765e-05
3128,7.199435635613515e-05
3129,7.750694232627058e-05
3130,7.937770899575453e-05
3131,7.876629369908178e-05
3132,7.484625992115237e-05
3133,7.137637552607533e-05
3134,7.071489803732601e-05
3135,7.551184086826861e-05
3136,8.584311799869138e-05
3137,9.326914660532684e-05
3138,9.492735413140376e-05
3139,9.550676245281446e-05
3140,9.37668961052356e-05
3141,8.767120870115925e-05
3142,7.583026923754247e-05
3143,6.526099152183769e-05
3144,5.2165624835450036e-05
3145,4.576956427891432e-05
3146,4.093527997683263e-05
3147,3.789256559775312e-05
3148,3.671692477562732e-05
3149,3.258925600433119e-05
3150,3.377023132233399e-05
3151,4.7454854630212977e-05
3152,6.614856956660493e-05
3153,7.843186184217688e-05
3154,8.386525106583053e-05
3155,8.640159868243073e-05
3156,8.566748998058674e-05
3157,8.26440618558318e-05
3158,8.357924001765543e-05
3159,9.313578420840158e-05
3160,0.00010960829713077365
3161,0.0001230023955862739
3162,0.00012900616552293098
3163,0.00012870907513716517
3164,0.00012282512618482246
3165,0.00010409324908561807
3166,7.398043020572988e-05
3167,5.4168112518512486e-05
3168,4.279168454203232e-05
3169,3.807024534504124e-05
3170,3.6044367949287286e-05
3171,3.45396297661336e-05
3172,3.82278181463314e-05
3173,5.021237865279077e-05
3174,5.653334592121165e-05
3175,4.806052508517203e-05
3176,4.201941367737586e-05
3177,4.0234409287760775e-05
3178,4.328368920022738e-05
3179,4.651844543087927e-05
3180,4.4309553791960185e-05
3181,4.504366249380419e-05
3182,5.1259991573868314e-05
3183,6.970134382069399e-05
3184,9.480794349292605e-05
3185,0.00010621843017385175
3186,0.00011134241863663879
3187,0.00011186437854091244
3188,0.000109670669697951
3189,9.384116870167706e-05
3190,6.338365931896665e-05
3191,4.6658373361191627e-05
3192,3.330982329356431e-05
3193,3.0046342854343898e-05
3194,2.878493975234924e-05
3195,2.838813532826699e-05
3196,3.074352043088552e-05
3197,4.2154007111811204e-05
3198,5.0557889847286375e-05
3199,4.316591994509645e-05
3200,3.784947928490034e-05
3201,3.653596226164565e-05
3202,3.79413967523196e-05
3203,4.0215533379272885e-05
3204,3.8550349973972195e-05
3205,4.038254413480699e-05
3206,4.659353871899411e-05
3207,6.413992669599208e-05
3208,8.800564055806415e-05
3209,9.978133503364671e-05
3210,0.00010492173732990147
3211,0.00010717946012338705
3212,0.00010602597797644267
3213,9.143736279032874e-05
3214,6.556587847850069e-05
3215,4.461403040278648e-05
3216,2.978536290220707e-05
3217,2.226782717398905e-05
3218,1.7948116551120536e-05
3219,1.759152601903421e-05
3220,2.0914096258738434e-05
3221,3.520972451745348e-05
3222,4.680814959158462e-05
3223,4.150525034399938e-05
3224,3.740302301457822e-05
3225,3.483425807687926e-05
3226,3.682812849737115e-05
3227,3.949455574420307e-05
3228,3.8203607741966507e-05
3229,3.995455342713606e-05
3230,4.700757766821747e-05
3231,6.466640040446935e-05
3232,8.787925404036267e-05
3233,9.676816555480911e-05
3234,0.00010115599358656868
3235,0.00010346993375968121
3236,0.0001029274565635729
3237,8.810330286719712e-05
3238,5.929579409382975e-05
3239,4.3090826656981605e-05
3240,2.873898101863961e-05
3241,1.98480177750097e-05
3242,1.4694894757817453e-05
3243,1.3359629405218029e-05
3244,1.632355738365246e-05
3245,3.136560471931229e-05
3246,4.4247181224782825e-05
3247,4.025492657959543e-05
3248,3.6230664959145964e-05
3249,3.415718744633561e-05
3250,3.703124968653425e-05
3251,3.927502072157225e-05
3252,3.894223024801413e-05
3253,3.982324275939426e-05
3254,4.640190721325842e-05
3255,6.31899760840475e-05
3256,8.486936732821861e-05
3257,9.362737852075995e-05
3258,9.850228706067426e-05
3259,0.00010046825396427101
3260,0.00010106161404412926
3261,8.840654844051333e-05
3262,6.083335994391889e-05
3263,4.202556886492626e-05
3264,2.8844439898669737e-05
3265,2.299578068828265e-05
3266,1.7256273470455928e-05
3267,1.4396162988704858e-05
3268,1.6489747447513172e-05
3269,3.061877529653081e-05
3270,4.467558227829045e-05
3271,4.332677551308016e-05
3272,4.102391467755834e-05
3273,3.853639821552463e-05
3274,4.079330031733681e-05
3275,4.389510449690013e-05
3276,4.2138003624180175e-05
3277,4.3816728442091744e-05
3278,5.082871809950384e-05
3279,6.321131406755553e-05
3280,7.820617163199566e-05
3281,8.646643332462824e-05
3282,8.925514363079472e-05
3283,8.709713487562557e-05
3284,8.683861699850891e-05
3285,8.625756729375144e-05
3286,7.00640895403307e-05
3287,5.0624776218667354e-05
3288,3.4138721883684425e-05
3289,2.543159357489303e-05
3290,2.0256311882519357e-05
3291,1.7715450461715535e-05
3292,1.558944868180846e-05
3293,1.565633505318944e-05
3294,2.645499609160568e-05
3295,4.9900105471067305e-05
3296,6.79512188271978e-05
3297,7.386430233394572e-05
3298,7.607442501037489e-05
3299,7.434727938373354e-05
3300,6.730574482607952e-05
3301,6.1011039691207016e-05
3302,5.856907161704623e-05
3303,6.251208476183046e-05
3304,7.127994425445243e-05
3305,7.925050178637966e-05
3306,8.057797056808193e-05
3307,8.01073038933949e-05
3308,7.917417746075475e-05
3309,7.493940842608171e-05
3310,5.931425965648095e-05
3311,4.495543813891516e-05
3312,3.213705489229536e-05
3313,2.5279765615316577e-05
3314,1.9102419389738294e-05
3315,1.4988702376889727e-05
3316,1.1881153355612702e-05
3317,1.1464652331369182e-05
3318,2.0542322930694464e-05
3319,4.178633724213417e-05
3320,6.211651137525829e-05
3321,7.220896722872566e-05
3322,7.492381528428737e-05
3323,7.60859146938023e-05
3324,7.512734681928716e-05
3325,7.381547117937924e-05
3326,7.472110444096097e-05
3327,8.22562850401568e-05
3328,9.683792434704695e-05
3329,0.0001068667765958269
3330,0.00011301457792116328
3331,0.0001134302582537334
3332,0.00010828821457413186
3333,9.088749936915995e-05
3334,6.186455903152871e-05
3335,4.1815061450702686e-05
3336,2.872215683933519e-05
3337,2.3613761518342494e-05
3338,1.7280894220657517e-05
3339,1.3344446609260382e-05
3340,1.495341263493412e-05
3341,2.8693432630766672e-05
3342,4.113101494093525e-05
3343,3.866524680824627e-05
3344,3.594014010676723e-05
3345,3.4328712006073336e-05
3346,3.705422905338907e-05
3347,4.021389199592612e-05
3348,3.943177283118902e-05
3349,4.0723541525098976e-05
3350,4.9346548937368276e-05
3351,6.739273814345846e-05
3352,9.239839273986405e-05
3353,0.00010192621272204168
3354,0.00010681302129122007
3355,0.0001064006237253435
3356,0.000100695585557799
3357,8.537778581988138e-05
3358,5.619111749340958e-05
3359,3.604559898679737e-05
3360,2.2944897804532703e-05
3361,1.9167254031935808e-05
3362,1.5113037165407746e-05
3363,1.1415000485129313e-05
3364,1.323529461670001e-05
3365,2.790228585762233e-05
3366,4.0987393898092657e-05
3367,3.6158033746051284e-05
3368,3.2919994748705846e-05
3369,3.134467708164094e-05
3370,3.374930368466265e-05
3371,3.566808081703969e-05
3372,3.449285034075059e-05
3373,3.6126437116625915e-05
3374,4.3436748197313914e-05
3375,6.119815739273907e-05
3376,8.390013046194945e-05
3377,9.445217365251311e-05
3378,9.891673635573431e-05
3379,0.00010069968901616593
3380,9.841077993909169e-05
3381,8.641267802002145e-05
3382,5.7463599932994954e-05
3383,3.791800703962809e-05
3384,2.655183770906526e-05
3385,1.9792621087056127e-05
3386,1.6284164183329918e-05
3387,1.2514316981630191e-05
3388,1.40892243028584e-05
3389,2.806026900474918e-05
3390,4.118641162888882e-05
3391,3.7513816390485364e-05
3392,3.373740365539855e-05
3393,3.185104384412025e-05
3394,3.450064691164776e-05
3395,3.6995139252905255e-05
3396,3.6167882046131915e-05
3397,3.859466732433505e-05
3398,4.6314503550042786e-05
3399,6.418506473802832e-05
3400,8.701752778330711e-05
3401,9.471930879220035e-05
3402,9.88038912506437e-05
3403,0.00010026185000841437
3404,9.721421147929455e-05
3405,8.537368236151444e-05
3406,6.0999139661942916e-05
3407,3.7335726297360545e-05
3408,2.3102470605822862e-05
3409,1.6110587894408725e-05
3410,1.3896361759612631e-05
3411,1.0006283227761821e-05
3412,1.0398163501803753e-05
3413,2.4693791760518797e-05
3414,3.830414247195632e-05
3415,3.498977914898596e-05
3416,3.2337303660601607e-05
3417,3.166392614258819e-05
3418,3.4231460042777064e-05
3419,3.7362398776745606e-05
3420,3.7184719029457484e-05
3421,3.975061154629958e-05
3422,4.913398979396124e-05
3423,6.754251437385145e-05
3424,0.00010159998778187065
3425,0.00010875231571543178
3426,0.00010429924269563801
3427,0.00010397260740963028
3428,0.00010113424525722395
3429,8.80614475918544e-05
3430,6.166184818820231e-05
3431,4.3758048987444625e-05
3432,2.973530071013051e-05
3433,1.901542607235935e-05
3434,1.1816729059251882e-05
3435,8.55078654501131e-06
3436,1.1122423903567116e-05
3437,2.6346664790718698e-05
3438,4.512367993195934e-05
3439,4.688488426304623e-05
3440,4.661528704833885e-05
3441,4.635594847954879e-05
3442,5.002895406378894e-05
3443,5.4166471135165714e-05
3444,5.6505032058479815e-05
3445,5.6852184636322206e-05
3446,5.7323261656845916e-05
3447,5.8496440403951545e-05
3448,5.998599579114759e-05
3449,6.091542911125751e-05
3450,6.0780835676822166e-05
3451,6.019568251369777e-05
3452,5.9917878382256534e-05
3453,6.148375809507748e-05
3454,6.186496937736541e-05
3455,5.761337616338795e-05
3456,5.279099189057035e-05
3457,5.1535333630289405e-05
3458,5.087098372068323e-05
3459,5.050167246765942e-05
3460,5.031988926200437e-05
3461,5.0551734659735984e-05
3462,5.17503548487166e-05
3463,5.392272570816999e-05
3464,5.561006778865212e-05
3465,5.524773241485209e-05
3466,5.7212878626775455e-05
3467,5.7293716756604e-05
3468,5.621696928112125e-05
3469,5.5638381651383936e-05
3470,5.693794691619106e-05
3471,6.29991652699852e-05
3472,7.405921660637496e-05
3473,8.746234267028246e-05
3474,0.00010116543154081263
3475,9.169341859242525e-05
3476,8.323495986066989e-05
3477,7.382942293782681e-05
3478,5.8796813556410917e-05
3479,4.5412973746827994e-05
3480,3.074064801002866e-05
3481,2.3063898097173706e-05
3482,1.5307951437836978e-05
3483,9.368605797540706e-06
3484,6.204018704963337e-06
3485,6.815844347472783e-06
3486,1.805480646866075e-05
3487,3.961150430766062e-05
3488,5.9187873138779466e-05
3489,6.852816507358835e-05
3490,7.174937989162936e-05
3491,7.457255924807805e-05
3492,8.35866262427159e-05
3493,8.726455597699636e-05
3494,8.859079372118855e-05
3495,9.873331176673247e-05
3496,0.00011438595370739168
3497,0.00012160147489980358
3498,0.00011569865003897298
3499,0.0001109304314165989
3500,0.00010536285910434658
3501,9.022479084290056e-05
3502,6.225972207226419e-05
3503,4.482453781701005e-05
3504,3.0125949946662365e-05
3505,2.2547272688777066e-05
3506,1.5273482387554754e-05
3507,1.1301334688365319e-05
3508,1.2468768593757256e-05
3509,2.4923585429066944e-05
3510,3.7008680665516133e-05
3511,3.530410405989289e-05
3512,3.3194516113453544e-05
3513,3.295692587400823e-05
3514,3.619619590886374e-05
3515,4.089465573900001e-05
3516,4.2722746441467876e-05
3517,5.115904649804181e-05
3518,5.254273265937102e-05
3519,6.868040337900149e-05
3520,9.519038581272404e-05
3521,0.00010996119455032973
3522,0.00011160873308465261
3523,0.0001053858384712014
3524,9.745098102706648e-05
3525,8.39625030291268e-05
3526,5.758342091730935e-05
3527,4.012812971605726e-05
3528,2.902335068346794e-05
3529,2.0727799248879756e-05
3530,1.3361681134401492e-05
3531,1.0637805470432538e-05
3532,1.1504455877528414e-05
3533,2.732698099457857e-05
3534,3.964269059124929e-05
3535,3.500865505747385e-05
3536,3.302463293706259e-05
3537,3.2135823854785285e-05
3538,3.520931417161678e-05
3539,4.065788619122808e-05
3540,3.8924175031199626e-05
3541,4.371578336626524e-05
3542,5.3992484500407825e-05
3543,7.508385016059768e-05
3544,9.846166282284163e-05
3545,0.00010826728693646053
3546,0.00011437774679065783
3547,0.00011479588919824812
3548,0.00010454175708512365
3549,8.425795203154585e-05
3550,5.6498876870929424e-05
3551,4.009242962826495e-05
3552,2.9347113548618816e-05
3553,2.0449584771601815e-05
3554,1.646676808065836e-05
3555,1.5456086284883195e-05
3556,1.7380608258973943e-05
3557,3.068073751787147e-05
3558,4.2214327949805095e-05
3559,3.870956415860913e-05
3560,3.574645687184808e-05
3561,3.444360884034741e-05
3562,3.617608896286578e-05
3563,3.899393382343746e-05
3564,3.7622558037209046e-05
3565,4.00838123656944e-05
3566,5.035558934979667e-05
3567,7.242398844715287e-05
3568,9.789948902657206e-05
3569,0.00010716058421489917
3570,0.00010664108638564565
3571,0.00010368823774480194
3572,9.842760411839611e-05
3573,8.375897149412701e-05
3574,5.662772546365107e-05
3575,3.9470345339838174e-05
3576,3.129584592707446e-05
3577,2.2399137841730848e-05
3578,1.6080222302493435e-05
3579,1.3567674744421443e-05
3580,1.6118794811142592e-05
3581,3.237915893594431e-05
3582,4.486393101733259e-05
3583,4.04059338474985e-05
3584,3.797258303590828e-05
3585,3.868453306257084e-05
3586,4.107643894465506e-05
3587,4.296772290597367e-05
3588,4.308426112359452e-05
3589,5.3564083446900205e-05
3590,6.342879736100288e-05
3591,7.367308117404673e-05
3592,8.930643686038135e-05
3593,9.76274297368445e-05
3594,0.00010013956694907982
3595,0.00010172350187871528
3596,9.735249802626012e-05
3597,8.665642344701716e-05
3598,6.895533508958589e-05
3599,4.638467268811731e-05
3600,3.221666198461383e-05
3601,2.175530522395934e-05
3602,1.6252157208067856e-05
3603,1.328125335040964e-05
3604,1.330628444644792e-05
3605,2.7273225689971768e-05
3606,4.204854823178108e-05
3607,4.183024424666033e-05
3608,4.060125846576443e-05
3609,3.882158857202635e-05
3610,4.117615298297149e-05
3611,4.7083491648005696e-05
3612,4.671007693661496e-05
3613,4.720823678236041e-05
3614,5.251893260084281e-05
3615,6.643827372731026e-05
3616,9.095438574054093e-05
3617,9.225230962200128e-05
3618,9.860241144482738e-05
3619,9.627575055077737e-05
3620,8.356569860504454e-05
3621,7.638382577124151e-05
3622,6.199135589506689e-05
3623,4.156844360285012e-05
3624,2.6919507578742296e-05
3625,1.814795497359009e-05
3626,1.3694061262122922e-05
3627,9.317312567954066e-06
3628,6.356667356213178e-06
3629,8.947590969093561e-06
3630,2.4011796979934824e-05
3631,4.679624956232051e-05
3632,6.402174709502445e-05
3633,6.975058532109716e-05
3634,7.102388845235592e-05
3635,7.022371407080434e-05
3636,6.749573494846843e-05
3637,6.485515948934819e-05
3638,6.482725597245307e-05
3639,6.994590993936308e-05
3640,7.975933062387914e-05
3641,8.441552483283602e-05
3642,8.269494473958175e-05
3643,7.967603041903044e-05
3644,7.67839129620173e-05
3645,7.178959378362528e-05
3646,5.8922789728275704e-05
3647,4.346547240588243e-05
3648,2.9608093500755642e-05
3649,2.3836989653503553e-05
3650,1.786891980463876e-05
3651,1.0435094627106134e-05
3652,5.366913198109365e-06
3653,5.478527265689894e-06
3654,1.6346947096343966e-05
3655,3.775879285499116e-05
3656,5.8429964378407256e-05
3657,6.764222841216788e-05
3658,7.203087713560085e-05
3659,7.44141657551145e-05
3660,7.39250335177763e-05
3661,7.515648137369237e-05
3662,7.679909575797494e-05
3663,8.570565214339919e-05
3664,0.0001010546381649055
3665,0.00011058081676373634
3666,0.00011322508533538684
3667,0.00011200020301285785
3668,0.00010592092944224924
3669,8.939055775690344e-05
3670,6.254573312043929e-05
3671,4.1006680152417236e-05
3672,2.7132887413822724e-05
3673,2.0604695497871817e-05
3674,1.5628841882131e-05
3675,1.0982495973254761e-05
3676,1.131323471762942e-05
3677,2.5018375317343058e-05
3678,3.7143274099951476e-05
3679,3.47608061721112e-05
3680,3.380141760592267e-05
3681,3.4340201689500746e-05
3682,3.872105384203653e-05
3683,4.212117944487576e-05
3684,4.1329622325894725e-05
3685,4.334811349658819e-05
3686,5.052301045116746e-05
3687,6.686298166828764e-05
3688,8.945169928657071e-05
3689,0.0001018773815674752
3690,0.00010641334444628099
3691,0.00010564353565664468
3692,9.961842773647956e-05
3693,8.622186720595914e-05
3694,6.133275082717442e-05
3695,4.394434599730331e-05
3696,2.9056588696240086e-05
3697,2.2939152962818998e-05
3698,1.6353102283894364e-05
3699,1.3108908098998529e-05
3700,1.4161855515953084e-05
3701,2.742833641624177e-05
3702,3.9129347949546194e-05
3703,3.7276636496876744e-05
3704,3.53274937725844e-05
3705,3.472674746766566e-05
3706,3.643829995251269e-05
3707,3.880599543023201e-05
3708,3.70940325995483e-05
3709,3.829306313436561e-05
3710,4.4957079522261934e-05
3711,6.041439684465521e-05
3712,8.136091042449241e-05
3713,9.222235437592269e-05
3714,9.540294495613109e-05
3715,9.589166684763261e-05
3716,9.661018240768226e-05
3717,8.43215556362333e-05
3718,6.204552154551037e-05
3719,4.0041546744515e-05
3720,2.6512034162906024e-05
3721,1.9581292981159168e-05
3722,1.7361732350486063e-05
3723,1.2899631722285034e-05
3724,1.3656309445147154e-05
3725,3.0150981042700646e-05
3726,4.179290277552125e-05
3727,4.59677613180371e-05
3728,4.7447468405152496e-05
3729,4.562512254439834e-05
3730,4.69402809509998e-05
3731,4.9384300754344044e-05
3732,4.742407869246099e-05
3733,5.000843677195429e-05
3734,5.433019912400626e-05
3735,6.63053216762217e-05
3736,8.151479011325232e-05
3737,8.889034618197452e-05
3738,8.965605151324389e-05
3739,8.859120406702523e-05
3740,8.821286520559417e-05
3741,8.359483315944977e-05
3742,6.953474341099657e-05
3743,5.8094711829828984e-05
3744,4.281507425472383e-05
3745,3.236397613998666e-05
3746,2.5816087623874487e-05
3747,2.222843397366651e-05
3748,1.8319889879164506e-05
3749,1.7831167987662994e-05
3750,2.748906760007235e-05
3751,4.634035533775445e-05
3752,6.498647015709e-05
3753,7.668132650284401e-05
3754,8.134572762853475e-05
3755,8.20285431007921e-05
3756,7.952091969276042e-05
3757,8.991662111954403e-05
3758,8.920056763451452e-05
3759,8.78780230028526e-05
3760,9.661592724939595e-05
3761,0.00010420568384487197
3762,0.00010197996802664847
3763,0.00010124626967064118
3764,9.915514728685301e-05
3765,9.11049826626073e-05
3766,7.516427794458955e-05
3767,5.827731572715742e-05
3768,4.4553709564792595e-05
3769,3.372960708450138e-05
3770,2.812428295527331e-05
3771,2.5563314588471523e-05
3772,2.443199111670858e-05
3773,2.5773411656858404e-05
3774,3.3612658521043836e-05
3775,4.364971768655764e-05
3776,5.145613688380763e-05
3777,5.497526277928786e-05
3778,5.785835262789375e-05
3779,6.065814227165093e-05
3780,5.88936551738705e-05
3781,5.884113090677377e-05
3782,6.246366395310067e-05
3783,7.468868711986222e-05
3784,8.715006948855898e-05
3785,0.00010387125198796708
3786,0.00011302278483789712
3787,9.839518679729735e-05
3788,9.19589123487657e-05
3789,8.425877272321924e-05
3790,7.057702183619712e-05
3791,5.5755740560678174e-05
3792,4.236205245101462e-05
3793,3.432214647268625e-05
3794,3.0191605280533268e-05
3795,2.737827422416521e-05
3796,2.1404459533586717e-05
3797,2.1002320613627454e-05
3798,3.257366286253685e-05
3799,4.984183636225688e-05
3800,6.424948903438914e-05
3801,7.390041276757473e-05
3802,8.096328530873676e-05
3803,9.297492864041788e-05
3804,9.715594237048411e-05
3805,0.00010095246205156889
3806,0.0001049631822594075
3807,0.00011167151599766667
3808,0.00012190841358565002
3809,0.00012687072578877997
3810,0.00012215708316268606
3811,0.00011270845992699019
3812,0.00010713842553971774
3813,9.603610858214858e-05
3814,8.158413855965345e-05
3815,6.603941757404455e-05
3816,5.2477077325500115e-05
3817,4.639328995068787e-05
3818,4.134726719687253e-05
3819,3.689255279373198e-05
3820,3.59302918066866e-05
3821,3.316045740900801e-05
3822,3.689624590626221e-05
3823,5.3643690539218676e-05
3824,7.319543862013593e-05
3825,9.005654904985638e-05
3826,0.0001058819465877634
3827,0.00012168518545048896
3828,0.00012662657001594757
3829,0.00012609271008240982
3830,0.0001228288192973527
3831,0.0001272576819127816
3832,0.00013655611857224778
3833,0.00014362227388010337
3834,0.00014161198962614377
3835,0.0001374010206499989
3836,0.00012652521459428437
3837,0.00010952417623425156
3838,8.347788459599223e-05
3839,6.328189355146675e-05
3840,4.8028518109909964e-05
3841,4.206906552361573e-05
3842,3.5450187177755643e-05
3843,3.2392290002718485e-05
3844,3.495695148205051e-05
3845,4.841096042970796e-05
3846,6.324209000530753e-05
3847,5.9255169855997134e-05
3848,6.11911815135153e-05
3849,6.0725849334705294e-05
3850,6.214769765884697e-05
3851,6.348091128226293e-05
3852,5.852270253749991e-05
3853,5.883866883175361e-05
3854,6.222771509700212e-05
3855,7.610438025645348e-05
3856,0.00010019086017866646
3857,0.00011232150380298858
3858,0.00011665229376344779
3859,0.00011583201243589826
3860,0.00011170393331876542
3861,9.884820860100656e-05
3862,7.732597981228892e-05
3863,5.3264530986114226e-05
3864,4.0735441554363076e-05
3865,3.5547439141051915e-05
3866,2.929089616899186e-05
3867,2.733436721963905e-05
3868,2.7990099866674654e-05
3869,3.8482232565081134e-05
3870,4.9438466404787536e-05
3871,4.727060934953776e-05
3872,4.113224597844533e-05
3873,3.812153857462788e-05
3874,4.2975109131034146e-05
3875,4.7441723563438795e-05
3876,4.7397816558912636e-05
3877,4.676998742877215e-05
3878,5.119351554832403e-05
3879,6.434386857682856e-05
3880,8.411145856784641e-05
3881,9.396919660272532e-05
3882,9.796350297709618e-05
3883,9.77948508382153e-05
3884,9.600163953186635e-05
3885,8.789033337795338e-05
3886,6.690442659779365e-05
3887,5.029444782012939e-05
3888,3.804808666985981e-05
3889,3.430162918085159e-05
3890,2.9028685179344953e-05
3891,2.453662930506533e-05
3892,2.2793480190792938e-05
3893,3.1611812221328165e-05
3894,3.9566366265624363e-05
3895,4.114127358685258e-05
3896,4.1089570011429244e-05
3897,4.172109225409996e-05
3898,4.660256632740136e-05
3899,5.249143942978438e-05
3900,5.8271160539607024e-05
3901,6.0792325360249576e-05
3902,6.216041837978446e-05
3903,7.797678830928421e-05
3904,0.00010487741997953862
3905,0.00010911793385592536
3906,0.0001108766761119921
3907,0.00010892712304186307
3908,0.00010363489278603183
3909,9.426177318428751e-05
3910,7.394267838875411e-05
3911,5.51513011432292e-05
3912,4.1756381996055574e-05
3913,3.517279339215109e-05
3914,2.9742276589354296e-05
3915,2.8622032455182064e-05
3916,2.7935934216231165e-05
3917,3.8927457797893176e-05
3918,5.287347140374567e-05
3919,5.5872278778299026e-05
3920,5.9029889991652614e-05
3921,6.11013157752795e-05
3922,6.52905364220796e-05
3923,6.412761632089129e-05
3924,6.194744889054071e-05
3925,6.361181160416802e-05
3926,6.418752681304848e-05
3927,7.467350432390456e-05
3928,9.339430208551824e-05
3929,0.00010316094334465129
3930,0.00011012122942664005
3931,0.00011667691451364938
3932,0.000112379772911799
3933,9.864467706600676e-05
3934,7.638341542540481e-05
3935,5.948660490789206e-05
3936,4.680445647905437e-05
3937,3.956103176974736e-05
3938,3.437302935643619e-05
3939,2.9435748249344536e-05
3940,2.8487849366583418e-05
3941,3.6985701298661313e-05
3942,4.6279624153923866e-05
3943,4.886275119590709e-05
3944,4.835761547093785e-05
3945,5.084349054962479e-05
3946,5.887888272374954e-05
3947,6.508987730793667e-05
3948,6.38707398271214e-05
3949,6.17874140142304e-05
3950,6.64723324317558e-05
3951,8.473928769798688e-05
3952,9.866027020780111e-05
3953,0.00010508423428123196
3954,0.00010445763618860156
3955,9.68169967093756e-05
3956,9.073731279293027e-05
3957,8.592970097023364e-05
3958,7.45278315518785e-05
3959,5.822315007671392e-05
3960,4.41893224618091e-05
3961,3.648097591952877e-05
3962,3.11920284303911e-05
3963,2.7482502066685266e-05
3964,2.492317508323025e-05
3965,2.374835495277784e-05
3966,3.1480501553586366e-05
3967,4.842696391733899e-05
3968,6.711780643287407e-05
3969,7.88011730952007e-05
3970,8.356036410916755e-05
3971,8.36822368226654e-05
3972,8.31040595387648e-05
3973,8.493091920372257e-05
3974,9.593557385215877e-05
3975,0.00010422702182838002
3976,0.00011923911391796126
3977,0.00012906320359423133
3978,0.00012167492680457165
3979,0.00011097967291700208
3980,0.00010109115894437117
3981,8.979228633102601e-05
3982,7.179985242954261e-05
3983,5.540653625365233e-05
3984,4.214662088675073e-05
3985,3.635828251435753e-05
3986,3.093966574082483e-05
3987,2.582921869064867e-05
3988,2.2141030310450873e-05
3989,2.1382300858405286e-05
3990,2.9978635791289533e-05
3991,4.829893601629073e-05
3992,6.616662478341942e-05
3993,7.70399687641138e-05
3994,8.407247571336057e-05
3995,8.663303373432566e-05
3996,8.676557543957753e-05
3997,8.559608980500212e-05
3998,8.525098895634321e-05
3999,9.203113321602369e-05
4000,0.00010660046214781305
4001,0.00011285249131566947
4002,0.00011106871796356447
4003,0.00010711175306033268
4004,0.00010195206450975335
4005,8.947796142011908e-05
4006,6.4216251021617e-05
4007,4.739453379221909e-05
4008,3.1335649473233695e-05
4009,2.32850745031513e-05
4010,1.7879588796392782e-05
4011,1.541341031786711e-05
4012,1.6637471948722697e-05
4013,2.87155913059481e-05
4014,3.9294306975896824e-05
4015,3.843299106467796e-05
4016,3.789543801860997e-05
4017,3.9006244198538254e-05
4018,4.332431343805999e-05
4019,4.7721579424063504e-05
4020,4.573837799532565e-05
4021,4.498498303915707e-05
4022,4.981844664956537e-05
4023,6.480263522225148e-05
4024,8.874795617664201e-05
4025,9.973004180406009e-05
4026,0.00010365417904035641
4027,0.00010290734961757493
4028,9.868283922881923e-05
4029,8.630229498995099e-05
4030,6.195565580727459e-05
4031,4.16771852495738e-05
4032,2.839223878663392e-05
4033,2.1635073893808253e-05
4034,1.625667101227148e-05
4035,1.5521331272917402e-05
4036,1.5504917439449676e-05
4037,2.5947398291616286e-05
4038,3.838457025594817e-05
4039,3.845679112320616e-05
4040,3.730741243462872e-05
4041,3.916997218737881e-05
4042,4.281589494639722e-05
4043,4.752297203910404e-05
4044,4.78590452793557e-05
4045,4.833586714159311e-05
4046,5.158621651403935e-05
4047,6.894056263946493e-05
4048,9.301021838237348e-05
4049,0.0001035721098730178
4050,0.000104531908785043
4051,0.00010358113748142503
4052,9.826921062543256e-05
4053,8.785832640269132e-05
4054,6.567420977938766e-05
4055,4.544662210543683e-05
4056,3.2267134522527084e-05
4057,2.535773132428827e-05
4058,2.1485708009251953e-05
4059,1.93227751040425e-05
4060,2.0055242422539725e-05
4061,2.881038119422421e-05
4062,3.8534756832177855e-05
4063,3.927994487161257e-05
4064,3.898777863588707e-05
4065,3.979000474662212e-05
4066,4.2511418335570917e-05
4067,4.584055410866223e-05
4068,4.419178453682926e-05
4069,4.39271114721622e-05
4070,4.865716793172383e-05
4071,6.163476536298057e-05
4072,8.1773307990369e-05
4073,9.151614919097382e-05
4074,9.51940789252543e-05
4075,9.60709879782675e-05
4076,9.315383942521607e-05
4077,8.811438220478783e-05
4078,7.272477194544892e-05
4079,5.124686050709413e-05
4080,3.454537460784731e-05
4081,2.4688867610478478e-05
4082,1.8520959339144137e-05
4083,1.565633505318944e-05
4084,1.6130284494569995e-05
4085,2.2568610672285107e-05
4086,3.310259864603429e-05
4087,3.91051375451813e-05
4088,4.110598384489697e-05
4089,4.3540565693997274e-05
4090,4.753282033918467e-05
4091,5.218778351063146e-05
4092,5.320215841893686e-05
4093,5.459117907614309e-05
4094,5.962612249236772e-05
4095,7.170301081208304e-05
4096,8.657312324216845e-05
4097,9.065770570061181e-05
4098,9.104548251628681e-05
4099,8.907418111681304e-05
4100,8.545575152885308e-05
4101,8.048851517568281e-05
4102,6.961270911996827e-05
4103,5.2151673077002475e-05
4104,3.543131126926777e-05
4105,2.4452508408543237e-05
4106,1.7383480679830797e-05
4107,1.2534013581791462e-05
4108,1.0964851102276958e-05
4109,1.2184809274765615e-05
4110,2.1401587112729863e-05
4111,4.096728695209469e-05
4112,5.8251463939445755e-05
4113,6.775671490060526e-05
4114,6.949699159402082e-05
4115,6.524991218424697e-05
4116,5.7899387211563054e-05
4117,5.1083542864090274e-05
4118,4.800184563052491e-05
4119,4.629685867906498e-05
4120,4.7362937162793717e-05
4121,4.7282509378801867e-05
4122,4.654593860193771e-05
4123,4.5461394555557785e-05
4124,4.731944050410425e-05
4125,5.020335104438352e-05
4126,4.456848201491355e-05
4127,3.3432516698735557e-05
4128,2.2548914072123838e-05
4129,1.4974750618442161e-05
4130,1.006414199073555e-05
4131,6.144928904479527e-06
4132,5.55156882462127e-06
4133,6.46581934877355e-06
4134,1.3441698572556652e-05
4135,2.6384006261857776e-05
4136,4.3607041719541556e-05
4137,6.008365810028055e-05
4138,7.281422733784802e-05
4139,8.21065088097638e-05
4140,8.584393869036477e-05
4141,8.95719306167218e-05
4142,9.27410315135028e-05
4143,9.618588481254157e-05
4144,0.00010157906014419928
4145,0.00010314001570697994
4146,9.859789764062374e-05
4147,9.407711755777561e-05
4148,8.610614968001168e-05
4149,7.576461390367158e-05
4150,6.260400222924972e-05
4151,4.501411759356228e-05
4152,3.1691829659483325e-05
4153,2.570857701466089e-05
4154,1.9651462119233693e-05
4155,1.617131907823931e-05
4156,1.465139809912798e-05
4157,1.4973519580932082e-05
4158,2.025549119084597e-05
4159,3.371934843858405e-05
4160,5.1947731196165996e-05
4161,6.830780935928414e-05
4162,7.636248778773346e-05
4163,7.905517716811374e-05
4164,7.862718646044281e-05
4165,7.731736254971836e-05
4166,7.635428087099959e-05
4167,8.233835420749542e-05
4168,9.288752497720225e-05
4169,0.00010395003838861217
4170,0.00010618026801103928
4171,0.00010488644758794589
4172,9.925568201684282e-05
4173,8.846686927850723e-05
4174,6.81851159541129e-05
4175,4.750409613061615e-05
4176,3.21350031631119e-05
4177,2.5725401193965306e-05
4178,2.1164407219121236e-05
4179,1.55274864604678e-05
4180,1.5703114478572457e-05
4181,2.2170575210692777e-05
4182,3.1349601231681256e-05
4183,3.407306654981352e-05
4184,3.474316130113339e-05
4185,3.6819100888963905e-05
4186,4.0929535135118924e-05
4187,4.470717890771582e-05
4188,4.349214488526748e-05
4189,4.2380928359502503e-05
4190,4.564605018206969e-05
4191,5.9683981255341444e-05
4192,8.051929111343481e-05
4193,9.253462755764615e-05
4194,9.510298214950842e-05
4195,9.427982840110201e-05
4196,9.035240839811213e-05
4197,7.930753985768001e-05
4198,5.810045667154268e-05
4199,3.989628431832564e-05
4200,2.725886358568751e-05
4201,2.2459048333888046e-05
4202,1.649015779334987e-05
4203,1.2520472169180589e-05
4204,1.2475334127144345e-05
4205,1.9426592600725862e-05
4206,2.7981482604104102e-05
4207,2.9457906924525963e-05
4208,3.0459561111893878e-05
4209,3.1380377169433246e-05
4210,3.4792402801536566e-05
4211,3.802921076137193e-05
4212,3.700991170302621e-05
4213,3.647194831112152e-05
4214,4.0277905946450244e-05
4215,5.267404332711282e-05
4216,7.202800471474399e-05
4217,8.244258205001548e-05
4218,8.467650478497284e-05
4219,8.611846005511247e-05
4220,8.536137198641366e-05
4221,7.759927013952654e-05
4222,5.7962170124577096e-05
4223,4.00358019028013e-05
4224,2.7056152742361104e-05
4225,1.888001194625062e-05
4226,1.5616121161193513e-05
4227,1.1712501216731827e-05
4228,1.0664477949817591e-05
4229,1.7211956120093073e-05
4230,2.608855725943872e-05
4231,2.8717232689294875e-05
4232,2.9849376852731202e-05
4233,3.101188660808282e-05
4234,3.464016449612342e-05
4235,3.744857140245116e-05
4236,3.622697184661573e-05
4237,3.5768615547029506e-05
4238,4.00181570318235e-05
4239,5.218983523981493e-05
4240,6.943585006435353e-05
4241,7.743800422570613e-05
4242,8.053242218020899e-05
4243,8.275936903594256e-05
4244,8.212128125988476e-05
4245,7.676298532434595e-05
4246,5.7816907698387736e-05
4247,3.800007620696672e-05
4248,2.3723734202576248e-05
4249,1.6518882001918387e-05
4250,1.2655065603615934e-05
4251,7.596322128863106e-06
4252,6.331225914338204e-06
4253,1.3510636673121097e-05
4254,2.3697882414864584e-05
4255,2.8141517480414422e-05
4256,3.005331873356768e-05
4257,3.1671722713485366e-05
4258,3.4906068598300564e-05
4259,3.8602874241068916e-05
4260,3.822658710882132e-05
4261,3.7794492942783466e-05
4262,4.163820239508795e-05
4263,5.22690319862967e-05
4264,6.682605054298527e-05
4265,7.327791813331125e-05
4266,7.823735791558434e-05
4267,8.184840127848384e-05
4268,8.325014265662754e-05
4269,7.775643259498e-05
4270,6.141892345287997e-05
4271,4.31031370320824e-05
4272,2.8695074014113447e-05
4273,2.161783936866714e-05
4274,1.6056011898128543e-05
4275,1.0337021972136478e-05
4276,8.226613334023744e-06
4277,1.488406418853298e-05
4278,2.5237910339973877e-05
4279,3.078332397704475e-05
4280,3.4424322586022836e-05
4281,3.856142931156291e-05
4282,4.5790491916585665e-05
4283,5.329243450300935e-05
4284,5.71152163176425e-05
4285,5.659900125508254e-05
4286,5.546890882082968e-05
4287,6.21337459003994e-05
4288,8.551196890848003e-05
4289,9.684284849708725e-05
4290,8.770731913478825e-05
4291,8.114958231859543e-05
4292,7.404977865213102e-05
4293,6.866891369557408e-05
4294,5.7260068397995164e-05
4295,4.182408905910994e-05
4296,2.8836643327772574e-05
4297,2.0131977094001338e-05
4298,1.606996365657611e-05
4299,1.2075246936368548e-05
4300,7.767025996927445e-06
4301,7.5302564491555115e-06
4302,1.552379334793756e-05
4303,3.2812484139492246e-05
4304,4.9243962478195e-05
4305,5.898598298712645e-05
4306,6.429585811393547e-05
4307,6.94022017057447e-05
4308,7.022494510831441e-05
4309,6.96767230704924e-05
4310,7.015272424105642e-05
4311,7.719138637785357e-05
4312,8.144667270436126e-05
4313,8.644550568695688e-05
4314,9.07410059054605e-05
4315,8.444301800389445e-05
4316,7.556272375201857e-05
4317,6.842639930608845e-05
4318,5.747467927058567e-05
4319,4.187497194285988e-05
4320,2.7917878999416667e-05
4321,2.1493504580149123e-05
4322,1.4467973510126152e-05
4323,8.961542727541127e-06
4324,6.743623480214795e-06
4325,6.502340128239237e-06
4326,1.449382529783782e-05
4327,2.9277765102217677e-05
4328,4.877042338265113e-05
4329,6.414567153770578e-05
4330,7.417452378648573e-05
4331,8.196206707524782e-05
4332,8.397932720843122e-05
4333,8.304579042995436e-05
4334,8.307574567603296e-05
4335,8.99125176611771e-05
4336,0.00010519215523628226
4337,0.00012160721974151726
4338,0.00011584801592352929
4339,0.00010728204658256031
4340,9.737342566393148e-05
4341,8.25603513051464e-05
4342,6.1029094908021507e-05
4343,4.309985426538886e-05
4344,3.0306912460644037e-05
4345,2.4302321832313554e-05
4346,2.0429067479767163e-05
4347,1.609663613596116e-05
4348,1.4987471339379648e-05
4349,2.120544180279055e-05
4350,2.8571970263105504e-05
4351,3.29766224741695e-05
4352,3.581662600992261e-05
4353,3.808830056185574e-05
4354,4.1975917018686386e-05
4355,4.508469707747349e-05
4356,4.435920563820005e-05
4357,4.415649479487365e-05
4358,4.765551374435592e-05
4359,6.061710768798161e-05
4360,8.247582006278761e-05
4361,9.522116175047604e-05
4362,9.57837458925823e-05
4363,9.361547849149585e-05
4364,8.957931684178228e-05
4365,7.909785313512982e-05
4366,5.880419978147138e-05
4367,4.0977955943848715e-05
4368,2.6714334660395735e-05
4369,2.0370798370956737e-05
4370,1.6738417024549206e-05
4371,1.2375620088827915e-05
4372,1.1939422464423127e-05
4373,1.8113485923307865e-05
4374,2.731754304033463e-05
4375,3.054901650429298e-05
4376,3.3043508845550475e-05
4377,3.6062423166101784e-05
4378,4.083843835937305e-05
4379,4.4491747343451926e-05
4380,4.285692953006653e-05
4381,4.269320154122597e-05
4382,4.4837668883784235e-05
4383,5.705161271295506e-05
4384,7.701452732223883e-05
4385,8.847179342854754e-05
4386,9.013492510466476e-05
4387,8.9363064585845e-05
4388,8.644878845365044e-05
4389,7.638218438789472e-05
4390,5.4583792851082614e-05
4391,3.818144906678508e-05
4392,2.6006488092100098e-05
4393,1.82665449203944e-05
4394,1.1887718888999792e-05
4395,7.78220879288509e-06
4396,8.192964975414908e-06
4397,1.5051074944067085e-05
4398,2.406144882617469e-05
4399,2.9270378877157206e-05
4400,3.221091714290012e-05
4401,3.4846978797816755e-05
4402,3.9227010258679156e-05
4403,4.2694022232899354e-05
4404,4.262015998229459e-05
4405,4.175925441691242e-05
4406,4.5577112081505244e-05
4407,5.770775570582737e-05
4408,7.489303934653539e-05
4409,8.49830331249826e-05
4410,8.868517326362797e-05
4411,8.785504363599777e-05
4412,8.317422867683932e-05
4413,7.308710731924895e-05
4414,5.3521817825720805e-05
4415,3.635664113101076e-05
4416,2.361253048083241e-05
4417,1.771462977004215e-05
4418,1.489309179694023e-05
4419,1.5515176085367007e-05
4420,1.6334636721243174e-05
4421,1.994691112165274e-05
4422,2.7823909802813946e-05
4423,3.5610222054065964e-05
4424,4.122088067917104e-05
4425,4.779503132883158e-05
4426,5.4933817849781846e-05
4427,6.26409333545521e-05
4428,6.745880382316607e-05
4429,7.061313226982611e-05
4430,7.265583384488447e-05
4431,7.681879235813621e-05
4432,9.253298617429938e-05
4433,0.00010044773667243636
4434,0.0001004091641637872
4435,9.746698451469751e-05
4436,9.32966397763853e-05
4437,8.50133987168979e-05
4438,6.645755998163484e-05
4439,4.9381428333487196e-05
4440,3.770011340034404e-05
4441,3.0811227493939885e-05
4442,2.7259273931524204e-05
4443,2.273315935279905e-05
4444,2.139830434603632e-05
4445,2.5142710105861073e-05
4446,3.150512230378795e-05
4447,3.7798596401150396e-05
4448,4.324963049578185e-05
4449,4.667971134469967e-05
4450,5.156446818469461e-05
4451,5.6238717610465983e-05
4452,6.004139247910116e-05
4453,6.111034338368675e-05
4454,6.489783545636427e-05
4455,7.422745839941914e-05
4456,8.618452573482006e-05
4457,9.577718035919522e-05
4458,9.70562283321677e-05
4459,9.229457524318068e-05
4460,9.01628286215599e-05
4461,8.000102432169138e-05
4462,6.577228243435733e-05
4463,4.8967389384263826e-05
4464,3.476244755545797e-05
4465,2.5491093721213536e-05
4466,1.925999219102845e-05
4467,1.638798168001328e-05
4468,1.5110575090387586e-05
4469,1.541094824284695e-05
4470,2.1595270347649018e-05
4471,3.752243365305592e-05
4472,5.37429942316984e-05
4473,6.427698220544758e-05
4474,7.167100383682098e-05
4475,8.171093542319163e-05
4476,8.558911392577835e-05
4477,8.240811299973326e-05
4478,8.417793459339069e-05
4479,9.324083274259502e-05
4480,9.98662766218422e-05
4481,9.905707463188335e-05
4482,9.150835262007666e-05
4483,8.75608256710888e-05
4484,8.231988864484423e-05
4485,7.22844708626772e-05
4486,5.860477170483854e-05
4487,4.46251097403772e-05
4488,3.2510879949522806e-05
4489,2.8722977531008576e-05
4490,2.2057319759765475e-05
4491,1.984432466247946e-05
4492,1.8797942778911993e-05
4493,1.7506584430838734e-05
4494,2.1795519115955263e-05
4495,3.751053362379181e-05
4496,5.6146389797210034e-05
4497,7.096972280191243e-05
4498,7.974907197796181e-05
4499,8.392598224966112e-05
4500,8.417465182669715e-05
4501,8.385909587828013e-05
4502,8.275813799843249e-05
4503,8.36826471685021e-05
4504,9.167536337561075e-05
4505,9.98539662467414e-05
4506,0.00010274731474126462
4507,9.708166977404265e-05
4508,9.126994168895795e-05
4509,8.327312202348236e-05
4510,6.515553264180757e-05
4511,4.6737570107673394e-05
4512,3.221748267628722e-05
4513,2.5226010310709777e-05
4514,2.0973186059222243e-05
4515,1.8381441754668475e-05
4516,1.6590692523339684e-05
4517,1.8163958461221118e-05
4518,2.3425002433463655e-05
4519,3.475957513460112e-05
4520,4.653609030185707e-05
4521,4.94286181047069e-05
4522,6.284774765624543e-05
4523,6.414977499607271e-05
4524,6.255517107468323e-05
4525,5.967618468444428e-05
4526,5.9008141662307876e-05
4527,6.943872248521039e-05
4528,8.316150795590183e-05
4529,9.033886698550124e-05
4530,9.492160928969005e-05
4531,9.0402060244352e-05
4532,8.487880528246255e-05
4533,7.768051861519177e-05
4534,6.0839515131469285e-05
4535,4.466039948233281e-05
4536,3.309357103762704e-05
4537,2.7295384365153196e-05
4538,2.345700940872572e-05
4539,2.1553825418143014e-05
4540,2.0009283688830095e-05
4541,2.0415526067156288e-05
4542,2.508485134288734e-05
4543,3.2163317025843725e-05
4544,3.75413095615438e-05
4545,4.042604079349646e-05
4546,4.220447964972446e-05
4547,4.412407747377489e-05
4548,4.305964037339293e-05
4549,4.19036961514284e-05
4550,4.480771363770564e-05
4551,5.550625029196876e-05
4552,6.856919965725766e-05
4553,7.970024082339534e-05
4554,8.461413221779548e-05
4555,8.525098895634321e-05
4556,8.008760729323364e-05
4557,6.885151759290252e-05
4558,5.0701921235965667e-05
4559,3.322816447206238e-05
4560,2.0465998605069544e-05
4561,1.298457331048051e-05
4562,1.0299680500997404e-05
4563,8.229896100717289e-06
4564,5.973814690578494e-06
4565,9.285715938528695e-06
4566,1.6613671890194498e-05
4567,2.7461164083177218e-05
4568,3.7143684445788166e-05
4569,4.5406818559277596e-05
4570,4.9890257170986666e-05
4571,6.093061190721516e-05
4572,5.896136223692486e-05
4573,5.3578035205347766e-05
4574,5.7322030619335834e-05
4575,7.326273533735361e-05
4576,8.875246998084564e-05
4577,8.719520753059523e-05
4578,8.355626065080061e-05
4579,8.132356895335332e-05
4580,7.730423148294417e-05
4581,7.233699512977392e-05
4582,6.16384584755108e-05
4583,4.242237328900851e-05
4584,2.7059435509054654e-05
4585,1.657304765236188e-05
4586,1.0894681964202433e-05
4587,7.517946074054719e-06
4588,6.574560995497228e-06
4589,8.911070189627873e-06
4590,1.56587971282096e-05
4591,2.6087326221928644e-05
4592,3.4186322000740824e-05
4593,3.89676716898891e-05
4594,4.419917076188974e-05
4595,4.90945965936387e-05
4596,4.988040887090603e-05
4597,4.747373053870086e-05
4598,4.7116319314941155e-05
4599,5.321528948571104e-05
4600,6.356749425380517e-05
4601,7.117120260772876e-05
4602,7.705104810170452e-05
4603,7.808594030184458e-05
4604,7.575189318273409e-05
4605,6.799635686923405e-05
4606,5.030963061608704e-05
4607,3.297416039914934e-05
4608,2.0594847197791182e-05
4609,1.3689957803755993e-05
4610,9.749817079828618e-06
4611,7.2828179096295585e-06
4612,5.8461971353669325e-06
4613,7.726812104931519e-06
4614,1.5619814273723753e-05
4615,2.6492747908581448e-05
4616,3.555605640362247e-05
4617,4.0929124789282234e-05
4618,4.571129517010389e-05
4619,4.751804788906372e-05
4620,4.606419258965998e-05
4621,4.4502826681042646e-05
4622,4.504817629800781e-05
4623,5.014959573977672e-05
4624,5.744267229532361e-05
4625,6.335862822292838e-05
4626,6.446492059865303e-05
4627,6.381123968080088e-05
4628,6.28678546022434e-05
4629,6.0483745291056345e-05
4630,4.9465959575845976e-05
4631,3.498116188641541e-05
4632,2.2773373244794975e-05
4633,1.5245578870659622e-05
4634,1.0374773789112245e-05
4635,7.079286374629769e-06
4636,2.9187899363981887e-06
4637,1.6857006971353517e-06
4638,8.32878944736033e-06
4639,2.2557531334694393e-05
4640,3.8135490333075446e-05
4641,4.82115323530751e-05
4642,5.5968710049921905e-05
4643,5.8863699927791895e-05
4644,6.041357615298182e-05
4645,6.0505083274564386e-05
4646,6.314114492948102e-05
4647,7.459143515656594e-05
4648,8.566420721389319e-05
4649,9.063759875461385e-05
4650,8.863675245489818e-05
4651,7.979954451587507e-05
4652,7.213633601563098e-05
4653,6.453508973672755e-05
4654,5.098259778826376e-05
4655,3.536524558956017e-05
4656,2.2823845782708228e-05
4657,1.7173383611443917e-05
4658,1.1488862735734075e-05
4659,7.519177111564798e-06
4660,5.471141040629417e-06
4661,5.1079849751560034e-06
4662,1.1392021118274498e-05
4663,2.5696676985396787e-05
4664,4.4315298633673886e-05
4665,5.9098007400543674e-05
4666,6.600371748625224e-05
4667,7.02557210460664e-05
4668,7.080558446723519e-05
4669,7.136447549681121e-05
4670,6.950725023993814e-05
4671,7.188274228855462e-05
4672,7.948521960496812e-05
4673,8.514060592627277e-05
4674,8.912301227137952e-05
4675,9.02584392015094e-05
4676,7.964156136874822e-05
4677,7.2302115733655e-05
4678,5.901183477483811e-05
4679,4.12294979417416e-05
4680,2.548493853366314e-05
4681,1.725011828290553e-05
4682,1.1380941780683784e-05
4683,8.144133820848425e-06
4684,7.739122480032311e-06
4685,1.1350576188768494e-05
4686,1.9276406024496176e-05
4687,3.123552508908057e-05
4688,4.1508122764856227e-05
4689,4.7562775585263266e-05
4690,5.4542347921576613e-05
4691,5.970162612631926e-05
4692,5.844391613685483e-05
4693,5.5307232561172594e-05
4694,5.543526046222084e-05
4695,6.140209927357556e-05
4696,7.453521777693898e-05
4697,8.243273374993485e-05
4698,8.397358236671752e-05
4699,8.221771253150765e-05
4700,7.87227970403923e-05
4701,6.9515457156672e-05
4702,5.171670649010776e-05
4703,3.590526071064832e-05
4704,2.387474147047932e-05
4705,1.7415898000929556e-05
4706,1.1706346029181433e-05
4707,8.087506095384775e-06
4708,6.872061727099743e-06
4709,8.28652382618094e-06
4710,1.4494235643674513e-05
4711,2.5539514529943324e-05
4712,3.414487707123482e-05
4713,3.986797045559381e-05
4714,4.3074823169350576e-05
4715,4.582742304188805e-05
4716,4.442157820537741e-05
4717,4.458858896091151e-05
4718,4.848482268031272e-05
4719,5.915545581768071e-05
4720,7.637890162120118e-05
4721,8.524565446046621e-05
4722,8.592272509100985e-05
4723,8.055129808869687e-05
4724,7.676216463267256e-05
4725,6.604926587412518e-05
4726,4.6903349825697417e-05
4727,3.197127517427134e-05
4728,1.9264916341068766e-05
4729,1.2934100772567257e-05
4730,9.033763594799118e-06
4731,7.097341591444266e-06
4732,7.405921660637496e-06
4733,9.64764096649203e-06
4734,1.7263659695516405e-05
4735,2.892732975768175e-05
4736,3.877932295084696e-05
4737,4.369567642026727e-05
4738,4.7873407383639966e-05
4739,5.069904881510881e-05
4740,4.956895638085595e-05
4741,4.862434026478838e-05
4742,4.9368297266713014e-05
4743,5.6070065471585114e-05
4744,6.638328738519339e-05
4745,7.39373438928771e-05
4746,7.929235706172235e-05
4747,7.657217451028364e-05
4748,7.432758278357225e-05
4749,6.693109907717871e-05
4750,4.995221939232733e-05
4751,3.562909796255385e-05
4752,2.3022453167667702e-05
4753,1.5947680597241557e-05
4754,1.271784851662998e-05
4755,8.909018460444408e-06
4756,7.112114041565219e-06
4757,8.004616236372764e-06
4758,1.4526652964773271e-05
4759,2.5694214910376633e-05
4760,3.551502181995316e-05
4761,3.961150430766062e-05
4762,4.246710098520806e-05
4763,4.457997169834095e-05
4764,4.2861853680106845e-05
4765,4.1938575547547315e-05
4766,4.337314459262648e-05
4767,4.9745815436470686e-05
4768,5.875167551437467e-05
4769,6.547601274026489e-05
4770,6.937388784301287e-05
4771,6.931438769669237e-05
4772,6.924175648359768e-05
4773,6.444686538183853e-05
4774,4.969164978602719e-05
4775,3.404885614544863e-05
4776,2.2028595551196957e-05
4777,1.4666580895085628e-05
4778,1.1260300104696006e-05
4779,7.300873126444055e-06
4780,5.016477853573436e-06
4781,5.488785911607222e-06
4782,1.2242668037739344e-05
4783,2.3305591794985955e-05
4784,3.297169832412918e-05
4785,3.824053886726889e-05
4786,4.173914747091446e-05
4787,4.255368395675031e-05
4788,4.0398957968274715e-05
4789,3.942766937282209e-05
4790,4.0680865558082893e-05
4791,4.5245962991293896e-05
4792,5.274995730690105e-05
4793,5.9294563056319666e-05
4794,6.129664039354543e-05
4795,6.113742620890849e-05
4796,6.154736169976493e-05
4797,5.892976560749948e-05
4798,4.7820883116543245e-05
4799,3.612889919164607e-05
4800,2.4157059406124188e-05
4801,1.5760973241546187e-05
4802,1.0500749960977036e-05
4803,7.3431387476234485e-06
4804,4.539245645499334e-06
4805,3.643050338161552e-06
4806,9.491299202711951e-06
4807,2.2916583941800877e-05
4808,3.5807598401515356e-05
4809,4.1220470333334354e-05
4810,4.420327422025667e-05
4811,4.419342592017603e-05
4812,4.242975951406899e-05
4813,3.94330038686991e-05
4814,3.990859469342643e-05
4815,4.35988348028077e-05
4816,4.98463501664605e-05
4817,5.4448378724973885e-05
4818,5.6537859725415266e-05
4819,5.578815788177693e-05
4820,5.6956002133005566e-05
4821,5.5947372066413864e-05
4822,4.531161832516479e-05
4823,3.16278157089592e-05
4824,1.935970622934488e-05
4825,1.4722798274712584e-05
4826,9.359167843296764e-06
4827,4.918815544440473e-06
4828,9.142505241522794e-07
4829,0.0
4830,5.451444440468148e-06
4831,1.9456547846804456e-05
4832,3.3098905533504044e-05
4833,4.1494581352245355e-05
4834,4.608265815231117e-05
4835,4.687872907549583e-05
4836,4.619263083654493e-05
4837,4.4274264050004575e-05
4838,4.428041923755497e-05
4839,4.938348006267066e-05
4840,5.6762318898086414e-05
4841,6.374968780529692e-05
4842,6.930289801326497e-05
4843,7.144079982243614e-05
4844,7.308259351504533e-05
4845,6.975304739611731e-05
4846,5.4857083178320236e-05
4847,3.6235999455022976e-05
4848,2.1908774566882565e-05
4849,1.3960786055973452e-05
4850,7.365297422804876e-06
4851,3.4181808196537203e-06
4852,2.1255914340703805e-06
4853,3.2466562599159946e-06
4854,8.729697329809512e-06
4855,2.0230049748970996e-05
4856,3.224128273481542e-05
4857,4.0582382557276546e-05
4858,5.3159482451920784e-05
4859,6.339720073157752e-05
4860,6.353138382017617e-05
4861,6.0320837993889177e-05
4862,6.003852005824431e-05
4863,6.678173319262242e-05
4864,7.754633552659313e-05
4865,8.461618394697895e-05
4866,8.428257278174744e-05
4867,7.787173977509077e-05
4868,7.462590420684816e-05
4869,6.731395174281338e-05
4870,5.068550740249794e-05
4871,3.4643857608653655e-05
4872,2.2762293907204262e-05
4873,1.5925521922060127e-05
4874,1.0576663940765261e-05
4875,8.359975730949008e-06
4876,5.3927649858210305e-06
4877,6.100201208279976e-06
4878,1.278473488801096e-05
4879,2.4176756006285457e-05
4880,3.366518278814056e-05
4881,3.7363219468418985e-05
4882,4.119461854562268e-05
4883,4.3315696175489436e-05
4884,4.157336775289044e-05
4885,4.071451391669173e-05
4886,4.174160954593461e-05
4887,5.287839555378599e-05
4888,6.987081665124825e-05
4889,7.672113004900325e-05
4890,7.592259705079843e-05
4891,7.41453892320805e-05
4892,6.985358212610713e-05
4893,6.107915710009807e-05
4894,4.510439367763477e-05
4895,3.063806155085538e-05
4896,1.9295692278820753e-05
4897,1.220532656660027e-05
4898,8.775656063519142e-06
4899,5.4752444989963496e-06
4900,3.704191867828827e-06
4901,4.721439196991081e-06
4902,1.0762960950623939e-05
4903,2.197648162993693e-05
4904,3.236110371912981e-05
4905,3.8423142764597325e-05
4906,4.385653198825098e-05
4907,4.6981725880505805e-05
4908,4.601084763088988e-05
4909,4.5076079814902944e-05
4910,4.60034614058294e-05
4911,5.218244901475446e-05
4912,6.005206147085518e-05
4913,6.727291715914408e-05
4914,6.955526070283122e-05
4915,6.978792679223623e-05
4916,6.89840592981544e-05
4917,6.327696940142644e-05
4918,4.695341201777398e-05
4919,3.148337397444322e-05
4920,1.886195672943612e-05
4921,1.166284937049196e-05
4922,7.953733352622816e-06
4923,5.290178526647751e-06
4924,3.851916369038352e-06
4925,4.236000072183116e-06
4926,1.127794497567381e-05
4927,2.1763512140693198e-05
4928,3.239844519026888e-05
4929,3.7542540599053885e-05
4930,4.1795364850541417e-05
4931,4.48278205837036e-05
4932,4.2562301219320866e-05
4933,4.1275456675451226e-05
4934,4.02627231504926e-05
4935,4.5224625007785855e-05
4936,5.401669490477272e-05
4937,6.178125882668e-05
4938,6.694587152729966e-05
4939,6.986999595957485e-05
4940,6.936321885125884e-05
4941,6.196263168649836e-05
4942,4.5915647396777066e-05
4943,3.128969073952406e-05
4944,1.923742317001033e-05
4945,1.2093302153183048e-05
4946,8.14372347501173e-06
4947,6.00746304918733e-06
4948,4.05134444567121e-06
4949,3.835092189733934e-06
4950,1.111914113687357e-05
4951,2.1088903585169705e-05
4952,3.323596104295955e-05
4953,4.0383364826480376e-05
4954,4.552869127277545e-05
4955,5.073105579037088e-05
4956,5.240157369154859e-05
4957,5.3409793412303586e-05
4958,5.784111810275263e-05
4959,6.365859102955104e-05
4960,7.20513944274355e-05
4961,7.931533642857717e-05
4962,8.316643210594214e-05
4963,7.830096152027177e-05
4964,7.182324214223413e-05
4965,6.230568080597382e-05
4966,5.134247108704363e-05
4967,3.612807849997269e-05
4968,2.3964196862878422e-05
4969,1.4812664012948377e-05
4970,8.826128601432397e-06
4971,6.071476999711457e-06
4972,4.048472024814358e-06
4973,3.279073581014751e-06
4974,9.93118993964698e-06
4975,2.4922764737393558e-05
4976,4.0010360460926324e-05
4977,4.8201684052994466e-05
4978,5.2543553351044403e-05
4979,5.4160726293452e-05
4980,5.335234499516655e-05
4981,5.081517668689297e-05
4982,5.021196830695407e-05
4983,5.308890296800956e-05
4984,5.986863688185336e-05
4985,6.36200185209019e-05
4986,6.44973379197518e-05
4987,6.40434954243692e-05
4988,6.363397027934945e-05
4989,5.921249388898105e-05
4990,4.702809496005213e-05
4991,3.1895361194483115e-05
4992,2.0286677474434647e-05
4993,1.4986650647706262e-05
4994,1.0046907465594439e-05
4995,6.347229401969237e-06
4996,3.2101354804503064e-06
4997,2.006591141429375e-06
4998,7.6324325624921e-06
4999,2.124852811564333e-05
5000,3.631027205146443e-05
5001,4.679050472060681e-05
5002,5.32542723401969e-05
5003,5.6319966086131226e-05
5004,5.647261473738106e-05
5005,5.632160746947799e-05
5006,5.508851823021516e-05
5007,5.9812419502226396e-05
5008,6.740627955606935e-05
5009,7.383927123790744e-05
5010,7.695748925093848e-05
5011,7.623733230754206e-05
5012,7.445150722625358e-05
5013,6.784411856382091e-05
5014,5.03120926911072e-05
5015,3.385106945216254e-05
5016,2.174258450302185e-05
5017,1.50916991818997e-05
5018,1.045930503147103e-05
5019,7.241783325960247e-06
5020,5.895438635770107e-06
5021,7.082158795486621e-06
5022,1.31942600330307e-05
5023,2.4300680448966783e-05
5024,3.377023132233399e-05
5025,3.8407139276966296e-05
5026,4.2476538939452e-05
5027,4.4756420408119e-05
5028,4.487377931741323e-05
5029,4.358118993182989e-05
5030,4.497513473907643e-05
5031,5.2212814606669745e-05
5032,6.363848408355309e-05
5033,7.178672136276844e-05
5034,7.428203439569932e-05
5035,7.547244766794607e-05
5036,7.422909978276591e-05
5037,6.524745010922682e-05
5038,4.711221585657422e-05
5039,3.270579422195203e-05
5040,1.922388175739946e-05
5041,1.2568482632073684e-05
5042,6.474026265507412e-06
5043,3.882692306790336e-06
5044,3.1608939800471313e-06
5045,5.478116919853201e-06
5046,1.1908646526671142e-05
5047,2.2802918145036883e-05
5048,3.2452200494875687e-05
5049,3.7722682421362165e-05
5050,4.1637381703414564e-05
5051,4.408017046924873e-05
5052,4.323608908317097e-05
5053,4.157049533203358e-05
5054,4.292915039732452e-05
5055,4.940030424197507e-05
5056,5.924162844338626e-05
5057,6.617072824178636e-05
5058,6.97009334748573e-05
5059,7.169193147449233e-05
5060,7.169808666204273e-05
5061,6.491671136485217e-05
5062,4.787833153368028e-05
5063,3.09655175285365e-05
5064,1.8625597527500883e-05
5065,1.234976830111625e-05
5066,7.682905100405354e-06
5067,6.167908271334342e-06
5068,4.964774278150103e-06
5069,5.373478731496455e-06
5070,1.1459728181328864e-05
5071,2.3225164010994105e-05
5072,3.288634639009701e-05
5073,3.818062837511169e-05
5074,4.260456684050026e-05
5075,4.390331141363399e-05
5076,4.258815300703253e-05
5077,4.1879896092900196e-05
5078,4.344741718906793e-05
5079,4.995139870065394e-05
5080,6.042957964061286e-05
5081,6.746742108573662e-05
5082,7.17711282209741e-05
5083,7.22307155580704e-05
5084,7.20275943689073e-05
5085,6.578787557615166e-05
5086,5.217916624806091e-05
5087,3.411328044180945e-05
5088,2.3386840270651198e-05
5089,1.788656467561657e-05
5090,1.2773655550420247e-05
5091,9.983303860907006e-06
5092,9.118705182994594e-06
5093,9.89466916018129e-06
5094,1.5248861637353167e-05
5095,2.552843519235261e-05
5096,3.462375066265569e-05
5097,3.919131017088685e-05
5098,4.323608908317097e-05
5099,4.5352242562997414e-05
5100,4.366161771582174e-05
5101,4.1695650812224993e-05
5102,4.294474353911885e-05
5103,4.918897613607812e-05
5104,5.8849337823507644e-05
5105,6.690196452277349e-05
5106,6.952817787760948e-05
5107,7.217244644925998e-05
5108,7.373217097453055e-05
5109,6.625115602577821e-05
5110,4.903304471813473e-05
5111,3.442596396936961e-05
5112,2.3710192789965377e-05
5113,1.6399061017603994e-05
5114,1.2415833980823842e-05
5115,8.502776082118215e-06
5116,7.130579604216409e-06
5117,7.67716025869165e-06
5118,1.4321069700590015e-05
5119,2.5097161717988136e-05
5120,3.565412905859213e-05
5121,4.106659064457443e-05
5122,4.5186462844973384e-05
5123,4.743679941339848e-05
5124,4.551597055183797e-05
5125,4.471743755363315e-05
5126,4.5248425066314054e-05
5127,5.0252592544786694e-05
5128,5.815872578035311e-05
5129,6.455724841190898e-05
5130,6.614692818325814e-05
5131,6.648300142350981e-05
5132,6.706035801573705e-05
5133,6.181367614777876e-05
5134,4.892060995888082e-05
5135,3.359255157504588e-05
5136,2.1222676327931662e-05
5137,1.4900478022000706e-05
5138,1.0362463414011453e-05
5139,7.53518059919583e-06
5140,4.87367750240423e-06
5141,3.871202623362928e-06
5142,9.575830445070732e-06
5143,2.4256363098603924e-05
5144,3.981093238429347e-05
5145,4.949878724278143e-05
5146,5.4605130834590655e-05
5147,5.690511924925561e-05
5148,5.566259205574883e-05
5149,5.427767485690955e-05
5150,5.331582421570086e-05
5151,5.582796142793617e-05
5152,6.339679038574083e-05
5153,7.049166990216494e-05
5154,7.090940196391854e-05
5155,6.936773265546248e-05
5156,6.804231560294368e-05
5157,6.147308910332346e-05
5158,4.701373285576787e-05
5159,3.291383956115545e-05
5160,2.11906693526696e-05
5161,1.5861507971536002e-05
5162,1.0412525606088014e-05
5163,6.159701354600479e-06
5164,3.7382505722743566e-06
5165,2.0935844588083167e-06
5166,7.324673184972258e-06
5167,2.3210391560873155e-05
5168,4.6061730514639826e-05
5169,6.199012485755681e-05
5170,7.235381930907833e-05
5171,7.77449429115526e-05
5172,8.061982584342462e-05
5173,8.291489010804925e-05
5174,8.438515924092071e-05
5175,9.318379467129468e-05
5176,0.00010395660392199925
5177,0.00010654096200149255
5178,0.00010229798605008564
5179,9.579687695935648e-05
5180,8.957275130839519e-05
5181,7.588361419631259e-05
5182,5.3588293851265094e-05
5183,3.586340543530562e-05
5184,2.3151301760389343e-05
5185,1.8084761714739347e-05
5186,1.2571355052930536e-05
5187,9.937345127197374e-06
5188,1.010230415354801e-05
5189,1.3703499216366864e-05
5190,2.080330288283129e-05
5191,2.8530525333599504e-05
5192,3.653637260748235e-05
5193,4.1038276781842606e-05
5194,4.6255824095395674e-05
5195,4.99538607756741e-05
5196,4.8736775024042294e-05
5197,4.8204966819688003e-05
5198,5.105030485131813e-05
5199,6.201392491608501e-05
5200,7.761691501050435e-05
5201,8.69046826782165e-05
5202,8.976397246829418e-05
5203,8.866260424260984e-05
5204,8.472943939790625e-05
5205,7.317245925328111e-05
5206,5.2121307485087174e-05
5207,3.4070194128956675e-05
5208,2.206839909735619e-05
5209,1.7104855856716167e-05
5210,1.2162240253747491e-05
5211,8.845825201593666e-06
5212,9.41374383957695e-06
5213,1.320369798727464e-05
5214,2.0534936705633987e-05
5215,2.8455842391321355e-05
5216,3.4680788733956037e-05
5217,3.836200123493005e-05
5218,4.103991816518938e-05
5219,4.385694233408767e-05
5220,4.286103298843346e-05
5221,4.120364615402993e-05
5222,4.410109810692008e-05
5223,5.51032906803361e-05
5224,7.048633540628794e-05
5225,7.78938984502722e-05
5226,8.199858785471351e-05
5227,8.421445537285638e-05
5228,8.436423160324938e-05
5229,7.321677660364398e-05
5230,5.042288606701434e-05
5231,3.361019644602368e-05
5232,2.2216944290239103e-05
5233,1.5194695986909676e-05
5234,1.0140876662197164e-05
5235,5.979559532292198e-06
5236,5.936883565276113e-06
5237,9.985355590090471e-06
5238,1.7545977631161273e-05
5239,2.620632651456965e-05
5240,3.2934356852990103e-05
5241,3.8387853022641716e-05
5242,4.31388371198747e-05
5243,4.675767705367136e-05
5244,4.604162356864186e-05
5245,4.611835824010348e-05
5246,5.041591018779056e-05
5247,6.251906064105423e-05
5248,8.35632365300244e-05
5249,9.807347566132994e-05
5250,0.00010315807092379443
5251,9.736357736385084e-05
5252,8.701096224992003e-05
5253,7.184211805072201e-05
5254,5.135724353716458e-05
5255,3.6361565281051073e-05
5256,2.433720122843247e-05
5257,1.6736775641202434e-05
5258,1.0416629064454944e-05
5259,6.609030045779449e-06
5260,6.463357273753391e-06
5261,1.1620173403475876e-05
5262,2.0024876830624435e-05
5263,2.9001602354123207e-05
5264,3.6666452237714065e-05
5265,4.1827371825803475e-05
5266,4.707938818963877e-05
5267,5.1141401627064e-05
5268,5.1246039815420746e-05
5269,5.001295057615791e-05
5270,5.247215317545979e-05
5271,6.490686306477154e-05
5272,7.978230999073394e-05
5273,8.72091592890428e-05
5274,8.832858273154164e-05
5275,8.817716511780187e-05
5276,8.69879828830652e-05
5277,7.613638723171556e-05
5278,5.8965465695291786e-05
5279,3.81502627831964e-05
5280,2.628552326105142e-05
5281,1.6571406269015108e-05
5282,9.951707231481635e-06
5283,7.1666900378454055e-06
5284,7.227010875839294e-06
5285,1.0802354150946481e-05
5286,2.119272108185306e-05
5287,3.6879421726957796e-05
5288,4.9360500695815844e-05
5289,6.0163265192599014e-05
5290,7.084087420919079e-05
5291,8.463095639709991e-05
5292,8.601833567095936e-05
5293,8.170888369400817e-05
5294,8.208435013458237e-05
5295,8.566010375552625e-05
5296,9.398191732366281e-05
5297,9.832501765922282e-05
5298,9.602379820704778e-05
5299,9.280381442651684e-05
5300,8.715827640529285e-05
5301,7.538053020052682e-05
5302,6.067660783430212e-05
5303,4.1738737125077766e-05
5304,2.922811325597781e-05
5305,1.9936652475735415e-05
5306,1.47576776708315e-05
5307,1.179949453411077e-05
5308,9.112960341280889e-06
5309,9.115012070464355e-06
5310,1.598461172254394e-05
5311,3.3160867754844706e-05
5312,5.253042228427022e-05
5313,6.540584360219037e-05
5314,7.32446801205391e-05
5315,7.721067263217815e-05
5316,7.629601176218918e-05
5317,7.27198477954086e-05
5318,7.12516303917206e-05
5319,7.387332994235297e-05
5320,8.162681452666954e-05
5321,8.921862285132902e-05
5322,8.933516106894987e-05
5323,8.461331152612209e-05
5324,8.060505339330366e-05
5325,7.201446330213311e-05
5326,5.6114793167784665e-05
5327,4.1002166348213604e-05
5328,2.9481296637217473e-05
5329,2.1812343295259682e-05
5330,1.4496697718694672e-05
5331,9.642716816451713e-06
5332,7.144121016827282e-06
5333,6.118666770931167e-06
5334,1.2304219913243314e-05
5335,2.9916263224112177e-05
5336,4.963050825635992e-05
5337,6.373573604684935e-05
5338,7.328202159167817e-05
5339,7.859558983101744e-05
5340,7.935308824555294e-05
5341,7.750037679288349e-05
5342,7.812328177298365e-05
5343,8.592067336182638e-05
5344,9.954128271918124e-05
5345,0.00011021478827740608
5346,0.00011293661221219156
5347,0.00011081758631150827
5348,0.0001037686655287938
5349,8.513650246790583e-05
5350,6.062080080051185e-05
5351,4.127463598377784e-05
5352,2.7402074282693413e-05
5353,2.0190656548648454e-05
5354,1.428249719194086e-05
5355,1.3286177500449956e-05
5356,1.637074715487217e-05
5357,2.5636766493239593e-05
5358,3.360814471684022e-05
5359,3.3198209225983784e-05
5360,3.492248243176829e-05
5361,3.794508986484984e-05
5362,4.164394723680166e-05
5363,4.472318239534686e-05
5364,4.296485048511682e-05
5365,4.216385541189184e-05
5366,4.6154058327895776e-05
5367,6.060192489202397e-05
5368,8.362396771385498e-05
5369,9.435902514758377e-05
5370,9.704802141543382e-05
5371,9.901809177739751e-05
5372,9.845673867280132e-05
5373,8.153284533006681e-05
5374,5.724365456452744e-05
5375,3.800541070284373e-05
5376,2.433843226594255e-05
5377,1.769411247820749e-05
5378,1.22512853003099e-05
5379,1.0398573847640446e-05
5380,1.2404344297396435e-05
5381,2.2445096575440475e-05
5382,3.112391102150004e-05
5383,3.225728622244645e-05
5384,3.33282888562155e-05
5385,3.502219647008471e-05
5386,3.9608631886803763e-05
5387,4.3468344826739284e-05
5388,4.1557364265259404e-05
5389,4.099231804813297e-05
5390,4.6113023744226465e-05
5391,6.121128845951325e-05
5392,8.577417989812694e-05
5393,9.63212989386503e-05
5394,9.697908331486937e-05
5395,9.705335591131083e-05
5396,9.59749670524813e-05
5397,7.79414985673286e-05
5398,5.589895125768408e-05
5399,3.306074337069159e-05
5400,1.9832014287378666e-05
5401,1.4276752350227157e-05
5402,9.783465438437453e-06
5403,6.3221983059309564e-06
5404,8.068630186896891e-06
5405,1.8263672499537548e-05
5406,2.76712611515641e-05
5407,3.193516474064235e-05
5408,3.563402211259416e-05
5409,3.90751822991027e-05
5410,4.3210647641295994e-05
5411,4.716186770281409e-05
5412,4.498662442250384e-05
5413,4.416839482413775e-05
5414,4.878847859946563e-05
5415,6.320556922584184e-05
5416,8.795680940349767e-05
5417,0.00010009401856120689
5418,0.00010688278008345791
5419,0.00010605347114750111
5420,9.878214292129896e-05
5421,7.65631469018764e-05
5422,4.96136840770555e-05
5423,3.294953964894775e-05
5424,2.2520600209392012e-05
5425,1.595465647646534e-05
5426,1.2451944414452837e-05
5427,8.061243961836414e-06
5428,9.0288394447588e-06
5429,2.123950050723608e-05
5430,3.422202208853313e-05
5431,3.332951989372558e-05
5432,3.309316069179034e-05
5433,3.491468586087112e-05
5434,4.0852800463657314e-05
5435,4.995262973816402e-05
5436,5.356818690526713e-05
5437,5.352961439661798e-05
5438,5.479019680693926e-05
5439,6.836607846809456e-05
5440,9.256417245788806e-05
5441,0.00010466650221947836
5442,0.00010553520435575771
5443,0.00010509982742302629
5444,9.735537044711697e-05
5445,7.725129687001078e-05
5446,5.523254961889444e-05
5447,3.6288113376283e-05
5448,2.4616646743220488e-05
5449,1.8429041871724877e-05
5450,1.346385724773808e-05
5451,8.72805594646274e-06
5452,9.964838298255815e-06
5453,2.1544387463899072e-05
5454,3.7071053232693486e-05
5455,4.019050228323461e-05
5456,4.256968744438134e-05
5457,4.4254567449843306e-05
5458,4.991980207122857e-05
5459,5.221158356915966e-05
5460,4.975853615740818e-05
5461,5.064816593135886e-05
5462,5.4729055277271974e-05
5463,6.583629638488145e-05
5464,8.154392466765753e-05
5465,9.033599456464441e-05
5466,9.178246363898766e-05
5467,8.929043337275033e-05
5468,8.677460304798478e-05
5469,7.427834128316909e-05
5470,5.635566617392352e-05
5471,4.0277495600613555e-05
5472,2.7983123987450877e-05
5473,2.1228421169645367e-05
5474,1.794483378442699e-05
5475,1.5203723595316925e-05
5476,1.2042008923596407e-05
5477,1.1111754911813095e-05
5478,1.9127860831613266e-05
5479,3.909939270346759e-05
5480,5.917227999698512e-05
5481,6.794301191046394e-05
5482,7.119705439544041e-05
5483,7.365584664890562e-05
5484,7.015067251187296e-05
5485,6.690524728946703e-05
5486,6.872882418773128e-05
5487,7.348021863080096e-05
5488,8.313688720570023e-05
5489,8.948739937436301e-05
5490,8.7507070366482e-05
5491,8.65944612256765e-05
5492,8.352507436721193e-05
5493,7.039770070556221e-05
5494,5.4144722805820976e-05
5495,4.2790043158685544e-05
5496,3.156585348761853e-05
5497,2.5228882731566628e-05
5498,1.870725634900281e-05
5499,1.4170062432686946e-05
5500,1.2850800567718553e-05
5501,1.2746162379361806e-05
5502,1.8445866051029293e-05
5503,3.553225634509427e-05
5504,5.63802869241251e-05
5505,7.562427562752253e-05
5506,8.977176903919136e-05
5507,9.440170111459987e-05
5508,9.564299727059656e-05
5509,9.670251022093822e-05
5510,9.883302580504891e-05
5511,0.00010836166647889993
5512,0.0001242309710213331
5513,0.00012983301238386763
5514,0.00013203000399352263
5515,0.00013029629283349415
5516,0.00011352299641282604
5517,8.742746327416354e-05
5518,6.543128504406534e-05
5519,4.580444367503323e-05
5520,2.902335068346794e-05
5521,2.2177140744079868e-05
5522,1.8691663207208475e-05
5523,1.5973122039116532e-05
5524,1.870274254479919e-05
5525,3.274559776811127e-05
5526,4.3090416311144916e-05
5527,3.770380651287428e-05
5528,3.527702123467115e-05
5529,3.537263181462065e-05
5530,3.867263303330674e-05
5531,4.2501570035490285e-05
5532,4.10981872739998e-05
5533,4.2001358460561364e-05
5534,4.825420832009119e-05
5535,6.615062129578838e-05
5536,9.258592078723279e-05
5537,0.00010426354260784571
5538,0.00010952992107596527
5539,0.00011163417452652758
5540,0.00010608383673941641
5541,8.065675696872701e-05
5542,5.060672100185286e-05
5543,3.448710549903688e-05
5544,2.477462989034734e-05
5545,1.980903492052385e-05
5546,1.5336675646405496e-05
5547,1.2517189402487044e-05
5548,1.63510505547109e-05
5549,3.089698977380875e-05
5550,4.16886749330012e-05
5551,3.560940136239258e-05
5552,3.335331995225379e-05
5553,3.261469744620616e-05
5554,3.557041850790673e-05
5555,3.922085507112876e-05
5556,3.80008968986401e-05
5557,3.94449038979632e-05
5558,4.7032608764255754e-05
5559,6.54284126232085e-05
5560,9.341071591898597e-05
5561,0.00010444122235513384
5562,0.00010683887307893175
5563,0.00010845563567550266
5564,0.00010178915721258617
5565,7.667968511949724e-05
5566,5.060672100185286e-05
5567,3.394585934043866e-05
5568,2.2254285761378177e-05
5569,1.7079414414841192e-05
5570,1.2769552092053316e-05
5571,8.811356151311445e-06
5572,1.1522100748506218e-05
5573,2.7132477067986027e-05
5574,4.3909876947021086e-05
5575,4.155572288191263e-05
5576,4.084705562194361e-05
5577,4.280112249627626e-05
5578,4.708431233967909e-05
5579,5.06941246650685e-05
5580,4.822507376568597e-05
5581,4.886603396260063e-05
5582,5.490591433288672e-05
5583,7.137555483440193e-05
5584,9.541689671457866e-05
5585,0.00010637477193763184
5586,0.00011034609894514787
5587,0.00011178477144859397
5588,0.00010636574432922457
5589,8.338186367020602e-05
5590,5.4324864628129256e-05
5591,3.7657847779164655e-05
5592,2.5664259664298032e-05
5593,2.0677737056803193e-05
5594,1.5188540799359278e-05
5595,1.2375209742991224e-05
5596,1.5842221717211426e-05
5597,3.0527678520784935e-05
5598,4.2953360801689415e-05
5599,4.13722982929108e-05
5600,4.086921429712504e-05
5601,4.3085081815267904e-05
5602,4.71791022279552e-05
5603,5.376884601941008e-05
5604,5.267937782298982e-05
5605,5.469622761033653e-05
5606,6.55289473531983e-05
5607,9.06158504252691e-05
5608,0.00011973440134284987
5609,0.0001314575715513357
5610,0.0001321153559275548
5611,0.00012572462986689607
5612,0.00011011302250990619
5613,8.426862102329987e-05
5614,5.744472402450708e-05
5615,4.3008757489642984e-05
5616,3.051824056654099e-05
5617,2.0850902999887692e-05
5618,1.4795429487807265e-05
5619,1.2082222815592334e-05
5620,1.5068719815044886e-05
5621,3.149199123701377e-05
5622,4.8928406529777984e-05
5623,4.88438752874192e-05
5624,4.9024427455564173e-05
5625,5.2562429259532294e-05
5626,5.8909248315664825e-05
5627,6.391300544830078e-05
5628,6.183788655214365e-05
5629,6.839685440584654e-05
5630,8.029975609080398e-05
5631,9.368893039626391e-05
5632,0.00010405221450194875
5633,0.00011487713767391334
5634,0.0001184848982701193
5635,0.00011128497021950174
5636,9.923639576251825e-05
5637,8.180654600314113e-05
5638,6.304061019949119e-05
5639,4.872774741563505e-05
5640,3.9933625789464714e-05
5641,2.9807931923225195e-05
5642,2.240980683348487e-05
5643,1.7874664646352467e-05
5644,1.5184847686829041e-05
5645,1.623820544962029e-05
5646,2.7365963849064418e-05
5647,4.943559398393068e-05
5648,6.794506363964741e-05
5649,7.548927184725049e-05
5650,7.95701611931636e-05
5651,8.252013741315047e-05
5652,7.950204378427255e-05
5653,7.747411465933512e-05
5654,7.941833323358715e-05
5655,8.681892039834765e-05
5656,0.0001011670729241594
5657,0.0001108881657954195
5658,0.00011058656160545005
5659,9.856342859034152e-05
5660,8.700316567902285e-05
5661,7.184129735904863e-05
5662,5.6500518254276195e-05
5663,4.0002153544192464e-05
5664,2.9330699715151094e-05
5665,2.30286083552181e-05
5666,1.4781067383523006e-05
5667,9.94062789389092e-06
5668,8.351768814215145e-06
5669,9.763358492439493e-06
5670,1.9864021262640728e-05
5671,3.990202916003934e-05
5672,6.296018241549935e-05
5673,7.750201817623027e-05
5674,8.660513021743052e-05
5675,9.126009338887732e-05
5676,9.705869040718785e-05
5677,9.456132564507349e-05
5678,9.658104785327705e-05
5679,0.00010429390819976101
5680,0.00011932159343113658
5681,0.00012997252996834328
5682,0.0001339709398010811
5683,0.0001319467037886739
5684,0.0001184377084988996
5685,9.031301519778959e-05
5686,6.096015680745706e-05
5687,4.4747803145548436e-05
5688,3.089288631544182e-05
5689,2.2883756274865426e-05
5690,1.7171331882260452e-05
5691,1.4478232156043483e-05
5692,1.7435594601090825e-05
5693,3.4639343804450036e-05
5694,5.188864139568218e-05
5695,4.938389040850735e-05
5696,4.7752765707652184e-05
5697,4.74835788387815e-05
5698,4.9777412065896055e-05
5699,5.208273497643803e-05
5700,4.892266168806428e-05
5701,4.996986426330513e-05
5702,5.818868102643171e-05
5703,8.05853567931424e-05
5704,0.00011069243083131687
5705,0.00012177956499292839
5706,0.0001241427466664441
5707,0.00012243160452743378
5708,0.00011059969267222423
5709,8.362150563883482e-05
5710,5.517756327677757e-05
5711,3.907805471995955e-05
5712,2.6892014407683857e-05
5713,1.8370362417077762e-05
5714,1.2090019386489502e-05
5715,1.0378877247479177e-05
5716,1.580857335860259e-05
5717,3.2570380095843304e-05
5718,4.3785131812666374e-05
5719,3.8853185201451724e-05
5720,3.710388089962894e-05
5721,3.6850697518389274e-05
5722,3.935257608470725e-05
5723,4.171657844989634e-05
5724,3.941248657686445e-05
5725,4.0050984698758945e-05
5726,4.823902552413354e-05
5727,6.847482011481823e-05
5728,9.482558836390386e-05
5729,0.00010754261618886046
5730,0.00011387014899066844
5731,0.00011633181366499048
5732,0.0001064071892587306
5733,8.066824665215441e-05
5734,5.261085006826207e-05
5735,3.5654949750265515e-05
5736,2.3706910023271833e-05
5737,1.8509880001553424e-05
5738,1.2343613113565853e-05
5739,9.957452073195339e-06
5740,1.4472897660166473e-05
5741,3.140951172383846e-05
5742,4.3059230027556236e-05
5743,3.830865627615994e-05
5744,3.5435004381798e-05
5745,3.3870766052323815e-05
5746,3.5870381314529404e-05
5747,3.793318983558573e-05
5748,3.554005291599144e-05
5749,3.69089666271997e-05
5750,4.411628090287772e-05
5751,6.231593945189115e-05
5752,8.643360565769278e-05
5753,9.559703853688694e-05
5754,0.00010089911709279879
5755,0.00010829683183670242
5756,0.00010261354199850267
5757,7.832722365382014e-05
5758,5.0681403944131004e-05
5759,3.3858866023059715e-05
5760,2.4243232031829746e-05
5761,1.5650179865639043e-05
5762,1.014949392476772e-05
5763,7.1490451668676e-06
5764,1.0881961243264947e-05
5765,2.7214546235324656e-05
5766,3.9467472918981326e-05
5767,3.5289331609771944e-05
5768,3.3423489090328304e-05
5769,3.343744084877587e-05
5770,3.6833052647411466e-05
5771,3.954297655293286e-05
5772,3.841206342700661e-05
5773,4.031401638007924e-05
5774,4.865593689421375e-05
5775,6.599263814866153e-05
5776,8.876190793508958e-05
5777,0.00010181500900029785
5778,0.00010975150782777954
5779,0.00011138509460365487
5780,0.00010241862772607343
5781,7.80424436431551e-05
5782,5.2154135152022626e-05
5783,3.3957349023866056e-05
5784,2.3286715886498075e-05
5785,1.8169703302934823e-05
5786,1.4116717473916841e-05
5787,9.731351517177427e-06
5788,1.2443327151882281e-05
5789,2.8590025479920005e-05
5790,4.123154967092507e-05
5791,4.086182807206456e-05
5792,4.081874175921179e-05
5793,4.0103508965855666e-05
5794,4.343592750564053e-05
5795,4.689062910475993e-05
5796,4.5385480575769555e-05
5797,4.778641406626102e-05
5798,5.569583006852097e-05
5799,7.347816690161749e-05
5800,8.95120201245646e-05
5801,9.347596090702018e-05
5802,9.564176623308649e-05
5803,9.501352675710932e-05
5804,8.80680131252415e-05
5805,7.285977572572095e-05
5806,5.476803813175783e-05
5807,3.917735841243929e-05
5808,2.798558606247103e-05
5809,2.0868547870865497e-05
5810,1.6798327516706403e-05
5811,1.6003897976868515e-05
5812,1.5947270251404864e-05
5813,1.6097046481797854e-05
5814,2.7595347171775875e-05
5815,4.928294533268084e-05
5816,6.625977328834876e-05
5817,7.25647370691386e-05
5818,7.442524509270523e-05
5819,7.348555312667797e-05
5820,6.957372626548243e-05
5821,6.593847249821803e-05
5822,6.410586799154656e-05
5823,6.955608139450462e-05
5824,7.869243144847701e-05
5825,8.545821360387324e-05
5826,8.729697329809513e-05
5827,8.824035837665262e-05
5828,8.276634491516635e-05
5829,6.96890334455932e-05
5830,5.762650723016213e-05
5831,4.2322248904855384e-05
5832,3.2290934581055284e-05
5833,2.9565007187902867e-05
5834,2.3209570869199766e-05
5835,1.9459830613498003e-05
5836,1.868961147802501e-05
5837,1.877660479540395e-05
5838,2.5554697325900968e-05
5839,4.437233670497423e-05
5840,6.349896649907742e-05
5841,7.495007741783572e-05
5842,7.919920855679302e-05
5843,8.109952012651889e-05
5844,7.917499815242813e-05
5845,7.759885979368984e-05
5846,7.79833538426713e-05
5847,8.607414270474962e-05
5848,0.00010275511131216179
5849,0.00011680863552722789
5850,0.00012635615210956677
5851,0.00012703732619847737
5852,0.00011323206121461061
5853,8.498467450832938e-05
5854,5.6640446184588544e-05
5855,4.060125846576443e-05
5856,2.9844863048527576e-05
5857,2.5520228275618744e-05
5858,2.405077983442067e-05
5859,2.156777717659058e-05
5860,2.4800481678059007e-05
5861,4.2727260245671495e-05
5862,5.586489255323855e-05
5863,4.7069129543721446e-05
5864,4.087454879300205e-05
5865,3.7589730370273594e-05
5866,4.059592396988742e-05
5867,4.348024485600338e-05
5868,4.156475049031988e-05
5869,4.3460548255842114e-05
5870,5.319682392305986e-05
5871,7.47309527410416e-05
5872,0.00010470384369061743
5873,0.00011829531849356707
5874,0.00012498559701501176
5875,0.00012276193292597173
5876,0.00010670058653196616
5877,7.834363748728786e-05
5878,5.00732714141518e-05
5879,3.383670734787829e-05
5880,2.349640260904826e-05
5881,1.9977687059404726e-05
5882,1.3807727058886917e-05
5883,1.0432222206249284e-05
5884,1.5229985728865285e-05
5885,3.4359487943825326e-05
5886,4.606665466468014e-05
5887,4.0606182615804745e-05
5888,3.623558910918628e-05
5889,3.3638920654592193e-05
5890,3.545059752359234e-05
5891,3.878055398835704e-05
5892,3.674236621750229e-05
5893,3.8129745491361744e-05
5894,4.635225536701855e-05
5895,6.640257363951796e-05
5896,9.176358773049978e-05
5897,0.00010520446561138304
5898,0.00011185740266168864
5899,0.0001164023931489017
5900,0.00010554792507669518
5901,7.862472438542266e-05
5902,5.2004769267466336e-05
5903,3.4734133692726143e-05
5904,2.2375337783202645e-05
5905,1.2563558482033367e-05
5906,7.432594140022549e-06
5907,5.495761790831005e-06
5908,9.002166965373747e-06
5909,2.7474705495788093e-05
5910,4.1703857728958846e-05
5911,3.803618664059571e-05
5912,3.753351299064663e-05
5913,3.766154089169489e-05
5914,4.0554889386218106e-05
5915,4.2879088205247956e-05
5916,4.3325544475570074e-05
5917,4.517538350738267e-05
5918,5.2189424893978235e-05
5919,7.560334798985118e-05
5920,9.921751985403037e-05
5921,0.00010656558275169414
5922,0.00011248851455852269
5923,0.00011779141380610791
5924,0.00010655327237659333
5925,8.316561141426875e-05
5926,5.5328160198843946e-05
5927,3.528235573054816e-05
5928,2.1550952997286163e-05
5929,1.3075259740389693e-05
5930,8.560224499255253e-06
5931,6.807637430738921e-06
5932,1.0869650868164151e-05
5933,2.9495248395665034e-05
5934,4.215728987850475e-05
5935,3.719743975039496e-05
5936,3.4851082256183685e-05
5937,3.33705544773949e-05
5938,3.599676783223088e-05
5939,3.979985304670275e-05
5940,3.852942233630085e-05
5941,4.01671125705431e-05
5942,4.757221353950721e-05
5943,6.408904381224213e-05
5944,8.462357017203942e-05
5945,9.356951975778622e-05
5946,0.0001002712879626583
5947,0.00011008511899301106
5948,0.00010273664574951059
5949,7.840395832528175e-05
5950,5.154641296788012e-05
5951,3.4444019186184106e-05
5952,2.1822191595340313e-05
5953,1.574168698722161e-05
5954,1.3823320200681257e-05
5955,1.087457501820447e-05
5956,1.2854493680248792e-05
5957,2.8389366365777063e-05
5958,4.204977926929115e-05
5959,4.033289228856712e-05
5960,3.910554789101799e-05
5961,3.7794903288620156e-05
5962,4.0796172738193656e-05
5963,4.4376029817504473e-05
5964,4.4158546524057116e-05
5965,4.7196747098933e-05
5966,5.337450367034798e-05
5967,6.656466024501175e-05
5968,8.135065177857508e-05
5969,8.8318734431461e-05
5970,9.1141503442073e-05
5971,9.405413819092079e-05
5972,8.768187769291328e-05
5973,7.36923674283713e-05
5974,5.923260083497902e-05
5975,4.1553671152729164e-05
5976,2.6752086477371505e-05
5977,1.719431124911527e-05
5978,1.103460989451479e-05
5979,7.542977170092999e-06
5980,6.460074507059846e-06
5981,9.705089383629067e-06
5982,2.202120932613648e-05
5983,4.4446609301415685e-05
5984,6.20972251209337e-05
5985,6.816131589558469e-05
5986,7.063611163668093e-05
5987,7.088847432624719e-05
5988,6.78326288803935e-05
5989,6.470210049226167e-05
5990,6.449938964893525e-05
5991,6.870625516671316e-05
5992,7.862267265623919e-05
5993,8.590754229505221e-05
5994,8.789320579881024e-05
5995,8.79847129203928e-05
5996,7.925747766560345e-05
5997,6.590933794381284e-05
5998,4.9730222294676346e-05
5999,3.571732231744287e-05
6000,2.4685995189621624e-05
6001,1.9390071821260174e-05
6002,1.3655078407637076e-05
6003,8.937332323176233e-06
6004,6.010745815880875e-06
6005,6.437095140205031e-06
6006,1.6673172036515002e-05
6007,3.6797352559619174e-05
6008,5.7124654271886435e-05
6009,7.031152807985666e-05
6010,7.629847383720933e-05
6011,7.92127499694039e-05
6012,7.79057984795363e-05
6013,7.489878418824909e-05
6014,7.6365770554427e-05
6015,8.530802702764355e-05
6016,0.00010263200756115385
6017,0.00011838436354012949
6018,0.00012934880429656974
6019,0.0001316065270900553
6020,0.00011399284239583968
6021,8.468922550591033e-05
6022,5.621984170197809e-05
6023,4.083392455516943e-05
6024,2.8230152181140132e-05
6025,1.888657747963771e-05
6026,1.18873085431631e-05
6027,8.494569165384354e-06
6028,1.1096161770018756e-05
6029,2.768685429335844e-05
6030,4.3133502623997695e-05
6031,3.68433112933288e-05
6032,3.7065308390979784e-05
6033,3.9142479016320376e-05
6034,4.706748816037467e-05
6035,5.060138650597585e-05
6036,4.792346957571653e-05
6037,5.4608823947120896e-05
6038,6.801400174021186e-05
6039,9.309023582052865e-05
6040,0.0001257841300132166
6041,0.00014066737351007617
6042,0.00013874367222765883
6043,0.0001286105921363588
6044,0.0001091388614935967
6045,8.006709000139897e-05
6046,5.4560403138391104e-05
6047,3.3922059281910454e-05
6048,2.3146377610349024e-05
6049,1.9475834101129033e-05
6050,1.4974340272605466e-05
6051,1.1749432342034209e-05
6052,1.5412589626193726e-05
6053,3.4193708225801304e-05
6054,4.7753996745162266e-05
6055,4.137681209711443e-05
6056,3.9010347656905184e-05
6057,3.7276636496876744e-05
6058,4.0301295659141754e-05
6059,4.4071142860841475e-05
6060,4.2036237856680284e-05
6061,4.5483142884902516e-05
6062,5.522639443134405e-05
6063,8.267196537272693e-05
6064,0.00011838518423180287
6065,0.00013503045275142274
6066,0.00013658156001412273
6067,0.0001293820423093419
6068,0.00011127348053607436
6069,8.759529472137102e-05
6070,6.173571043880707e-05
6071,4.353564154395695e-05
6072,3.0961824416006264e-05
6073,2.2944077112859317e-05
6074,1.8677301102924218e-05
6075,1.6961234813873575e-05
6076,2.1607580722749814e-05
6077,4.0930766172629006e-05
6078,5.653334592121165e-05
6079,5.169167539406948e-05
6080,4.9295666053618334e-05
6081,4.55200740102049e-05
6082,4.909705866865886e-05
6083,5.0931304558677124e-05
6084,4.777246230781345e-05
6085,4.753897552673507e-05
6086,5.832450549837714e-05
6087,7.896736315906141e-05
6088,0.00010849954268002881
6089,0.00012828436719618778
6090,0.00013441985814642338
6091,0.00013328155879543664
6092,0.00011811435597958541
6093,9.217516460470297e-05
6094,6.476036960107208e-05
6095,5.061328653523995e-05
6096,3.9995998356642066e-05
6097,3.048869566629909e-05
6098,2.496544070440964e-05
6099,2.2916173595964184e-05
6100,2.7164073697411403e-05
6101,4.62061722491558e-05
6102,6.170001035101476e-05
6103,5.551281582535584e-05
6104,5.186278960797051e-05
6105,4.6788042645586654e-05
6106,4.7226291999174905e-05
6107,4.9755663736551324e-05
6108,4.655619724785504e-05
6109,4.852380553479856e-05
6110,5.543895357475108e-05
6111,7.524019192437776e-05
6112,0.00010486880271696808
6113,0.000122482077065347
6114,0.00012891835151387866
6115,0.00013239480144234278
6116,0.00011876352309323392
6117,9.513211670391363e-05
6118,6.831970938854824e-05
6119,5.590551679107117e-05
6120,4.515814898224156e-05
6121,3.4969672202988e-05
6122,2.923549948103829e-05
6123,2.7792723519225263e-05
6124,3.2686918313464156e-05
6125,5.25078532632521e-05
6126,6.782319092614956e-05
6127,5.999297167037137e-05
6128,5.2924354287495625e-05
6129,4.987835714172256e-05
6130,5.2216507719199985e-05
6131,5.5378222390920496e-05
6132,5.3063051180297905e-05
6133,5.588335811588974e-05
6134,6.370619114660744e-05
6135,7.960504058928253e-05
6136,0.00010235625515889607
6137,0.00011574460877268261
6138,0.00012067983815059082
6139,0.00011923172769290078
6140,0.00010782903758287227
6141,9.250631369491434e-05
6142,7.598620065548587e-05
6143,6.135367846484577e-05
6144,5.06461142021754e-05
6145,4.605598567292612e-05
6146,4.312447501559045e-05
6147,4.22914729671034e-05
6148,4.177361652119668e-05
6149,4.61589824779361e-05
6150,5.886452061946528e-05
6151,7.570429306567769e-05
6152,8.652593347094875e-05
6153,8.83425344899892e-05
6154,8.745495644522198e-05
6155,8.651526447919472e-05
6156,8.307779740521643e-05
6157,7.999240705912083e-05
6158,8.069615016904953e-05
6159,8.884192537324473e-05
6160,0.00010189174367175946
6161,0.0001149046308449718
6162,0.00012135567774362438
6163,0.00011824443560981714
6164,0.00010563902185244105
6165,9.16486908962257e-05
6166,7.825869589909239e-05
6167,6.171970695117604e-05
6168,5.0853338849705425e-05
6169,4.7296461137249434e-05
6170,4.3133092278161e-05
6171,3.911580653693532e-05
6172,3.803864871561587e-05
6173,4.0809714150804535e-05
6174,4.878765790779224e-05
6175,6.679855737192682e-05
6176,8.778938830212687e-05
6177,9.300898734486341e-05
6178,9.615100541642265e-05
6179,9.810137917822507e-05
6180,9.58026218010702e-05
6181,9.404428989084016e-05
6182,9.476198475921643e-05
6183,0.00010459961584809739
6184,0.00012319156501698942
6185,0.0001385011578381732
6186,0.00015219275702527596
6187,0.00014816972644233654
6188,0.00012628311055063542
6189,9.785681305955597e-05
6190,7.176127992089346e-05
6191,5.163997181864615e-05
6192,4.6066244318843445e-05
6193,3.9029633911229764e-05
6194,3.3782952043271485e-05
6195,3.243250389471441e-05
6196,3.792703464803534e-05
6197,5.7959708049556945e-05
6198,7.172599017893786e-05
6199,5.979764705210544e-05
6200,5.122757425276956e-05
6201,4.780857274144245e-05
6202,4.815818739430499e-05
6203,4.996370907575473e-05
6204,4.696120858867115e-05
6205,4.672608042424599e-05
6206,5.5702395601908074e-05
6207,7.891812165865822e-05
6208,0.00010837192512481726
6209,0.00012582926805525284
6210,0.0001371617890272068
6211,0.00013452613771812688
6212,0.00011577579505627129
6213,8.989569348187267e-05
6214,6.490399064391468e-05
6215,4.575191940793651e-05
6216,3.612479573327914e-05
6217,3.249405577021838e-05
6218,3.167008133013859e-05
6219,3.0240026089263052e-05
6220,3.5604066866515566e-05
6221,5.650339067513305e-05
6222,7.06553978910055e-05
6223,5.790472170744006e-05
6224,4.84203983839519e-05
6225,4.313104054897753e-05
6226,4.325373395414878e-05
6227,4.50124762102155e-05
6228,4.263903589078248e-05
6229,4.418275692842201e-05
6230,5.453290996733267e-05
6231,7.471412856173717e-05
6232,0.00010460002619393407
6233,0.00012089362833150793
6234,0.00013111000862765662
6235,0.00012896513093926167
6236,0.00011159601236371512
6237,8.584845249456841e-05
6238,5.851326458325597e-05
6239,4.258815300703253e-05
6240,3.388759023162823e-05
6241,2.8954002237066805e-05
6242,2.8992164399879262e-05
6243,2.6774245152552933e-05
6244,3.0615902875673955e-05
6245,5.080655942432241e-05
6246,6.452975524085055e-05
6247,5.610658625105079e-05
6248,4.7858224587682315e-05
6249,4.2632880703232084e-05
6250,4.2472845826921763e-05
6251,4.4364129788240374e-05
6252,4.1555312536075935e-05
6253,4.313227158648761e-05
6254,5.0915711416882784e-05
6255,7.083184660078354e-05
6256,9.926183720439322e-05
6257,0.00011199363747947076
6258,0.00012276931915103218
6259,0.00012269176378789718
6260,0.00010688195939178452
6261,8.281148295720258e-05
6262,5.5089749267725244e-05
6263,3.856307069490968e-05
6264,2.9131271638518234e-05
6265,2.4515291321557286e-05
6266,2.277501462814175e-05
6267,2.2669145402274923e-05
6268,2.6399599403652112e-05
6269,4.652131785173612e-05
6270,6.154654100809154e-05
6271,5.318533423963245e-05
6272,4.611753754843009e-05
6273,4.149909515644898e-05
6274,4.164846104100528e-05
6275,4.342854128058005e-05
6276,4.0918866143364906e-05
6277,4.238503181786943e-05
6278,5.027721329498828e-05
6279,6.873005522524136e-05
6280,9.550512106946768e-05
6281,0.00011087052092444169
6282,0.00012326132380922726
6283,0.00012334831712660618
6284,0.00010774163391965662
6285,8.680127552736982e-05
6286,6.43717720937237e-05
6287,4.588281972984162e-05
6288,3.319328507594347e-05
6289,2.4953951020982234e-05
6290,2.1041303468113303e-05
6291,2.0216097990523428e-05
6292,2.573730122322941e-05
6293,4.631163112918594e-05
6294,6.199258693257697e-05
6295,5.7203030326694824e-05
6296,5.1015425455199214e-05
6297,4.5802391945849765e-05
6298,4.6607900823278374e-05
6299,4.886808569178409e-05
6300,4.696120858867115e-05
6301,4.8397419017097086e-05
6302,5.491658332464074e-05
6303,6.945349493533133e-05
6304,8.962814799634877e-05
6305,0.0001025031589684322
6306,0.00011084548982840341
6307,0.00010672479693633107
6308,9.261669672498478e-05
6309,7.706499986015209e-05
6310,5.9226035301591916e-05
6311,4.503832799792717e-05
6312,3.4377543160639824e-05
6313,2.915425100537305e-05
6314,2.689119371601047e-05
6315,2.5509559283864724e-05
6316,2.3228857123524342e-05
6317,2.7055332050687725e-05
6318,4.14502640018825e-05
6319,6.32552210720817e-05
6320,7.774248083653244e-05
6321,8.160916965569174e-05
6322,8.22435643192193e-05
6323,8.174704585682063e-05
6324,7.690209256298491e-05
6325,7.295169319314022e-05
6326,7.36271224403371e-05
6327,7.843883772140065e-05
6328,9.098393064078284e-05
6329,0.00010400051092652542
6330,0.00011077244826947203
6331,0.00010424261497017435
6332,9.108774813746621e-05
6333,7.648682257625148e-05
6334,6.204757327469384e-05
6335,4.4941896726304284e-05
6336,3.2366438215006825e-05
6337,2.7606426509366588e-05
6338,2.2433196546176378e-05
6339,1.8516855880777204e-05
6340,1.7807778274971485e-05
6341,2.2600617647547173e-05
6342,3.299590872849407e-05
6343,5.238064605387724e-05
6344,7.312198671536785e-05
6345,8.400189622944935e-05
6346,8.946236827832474e-05
6347,9.159083213325198e-05
6348,8.961542727541128e-05
6349,8.60146425584291e-05
6350,8.829575506460618e-05
6351,0.00010007760472773915
6352,0.00012022394392602476
6353,0.00013583349955383116
6354,0.00014628623905191512
6355,0.0001369311746669853
6356,0.00011432645356107119
6357,8.522841993532508e-05
6358,5.7488220683196546e-05
6359,4.081094518831461e-05
6360,3.0176422484575618e-05
6361,2.5554286980064275e-05
6362,2.189400211676161e-05
6363,1.8229203449255325e-05
6364,2.148242524255841e-05
6365,4.007109164475691e-05
6366,5.6277700464951826e-05
6367,5.110159808090477e-05
6368,4.871584738637095e-05
6369,4.81040217438615e-05
6370,5.162068556432156e-05
6371,5.35583386051865e-05
6372,4.8812278657993835e-05
6373,4.777205196197676e-05
6374,5.523337031056783e-05
6375,7.731243839967803e-05
6376,0.00011022422623165002
6377,0.0001271624816786688
6378,0.00013744697938370852
6379,0.0001301378993405306
6380,0.000109825780424221
6381,8.25061856547029e-05
6382,5.5561646979922326e-05
6383,4.249705623128666e-05
6384,3.090930014890954e-05
6385,2.2254285761378177e-05
6386,1.6178294957463093e-05
6387,1.403136553988467e-05
6388,1.864980793186578e-05
6389,3.874854701309497e-05
6390,5.461579982634467e-05
6391,4.880858554546359e-05
6392,4.471620651612307e-05
6393,4.4341971113058946e-05
6394,4.960711854366841e-05
6395,5.455629968002417e-05
6396,5.4416371749711827e-05
6397,5.881322738987864e-05
6398,7.15380517857324e-05
6399,9.668896880832734e-05
6400,0.0001331104445815356
6401,0.0001489916491532329
6402,0.00014876390721386818
6403,0.0001354444917006461
6404,0.00011504086566275392
6405,8.676967889794446e-05
6406,5.790800447413361e-05
6407,4.070548630828448e-05
6408,3.0301988310603715e-05
6409,2.3775848123836276e-05
6410,2.0852954729071157e-05
6411,1.9963735300957158e-05
6412,2.3152532797899422e-05
6413,4.2833950163211716e-05
6414,6.069958720115693e-05
6415,5.623174173124219e-05
6416,5.17142444150876e-05
6417,4.908926209776169e-05
6418,5.147829555898906e-05
6419,5.522516339383397e-05
6420,5.220173526907903e-05
6421,5.448941330864319e-05
6422,6.395609176115356e-05
6423,8.733923891927451e-05
6424,0.00011551973925417478
6425,0.00013375920134934744
6426,0.0001454753956786095
6427,0.0001401359756515586
6428,0.00012411279142036547
6429,9.95441551400381e-05
6430,7.257007156501561e-05
6431,5.619275887675636e-05
6432,4.585368517543641e-05
6433,3.662664869155483e-05
6434,3.111816617978634e-05
6435,2.987153552791263e-05
6436,3.447971927397641e-05
6437,5.373478731496455e-05
6438,6.77903632592141e-05
6439,6.25219330619111e-05
6440,5.663511168871154e-05
6441,5.217219036883713e-05
6442,5.30392511217697e-05
6443,5.561006778865212e-05
6444,5.4196426381244305e-05
6445,5.912919368413235e-05
6446,6.985891662198415e-05
6447,9.354900246595156e-05
6448,0.00012214805555427883
6449,0.00014102724680885604
6450,0.00014800148464929239
6451,0.00013797222205467574
6452,0.00012145251936108397
6453,9.752238120265108e-05
6454,6.91453252119748e-05
6455,5.184309300780924e-05
6456,4.0776476138032394e-05
6457,3.522203489255427e-05
6458,3.2321710518807274e-05
6459,3.369965183842278e-05
6460,3.6278675422039066e-05
6461,5.085826299974574e-05
6462,6.85605823946871e-05
6463,7.133369955905923e-05
6464,7.104112297749703e-05
6465,7.001115492739729e-05
6466,7.478142527895486e-05
6467,8.225423331097333e-05
6468,8.25484512758823e-05
6469,8.538517204494186e-05
6470,9.439636661872286e-05
6471,0.00011456035068798626
6472,0.00014086557054919895
6473,0.00015476890818803536
6474,0.00015387968875992138
6475,0.00013982370246983511
6476,0.000125568288103116
6477,0.00011076013789437125
6478,9.604964999475945e-05
6479,8.804913721675362e-05
6480,7.518520558226088e-05
6481,6.492163551489247e-05
6482,6.136516814827318e-05
6483,5.4232947160709996e-05
6484,5.042575848787119e-05
6485,5.272985036090308e-05
6486,6.765371809559529e-05
6487,9.135160051045988e-05
6488,0.0001098680460454004
6489,0.00011434450877788568
6490,0.00011048889929631709
6491,0.00011010235351815217
6492,0.00010725865686986882
6493,0.00010299762570164743
6494,0.0001031482226237138
6495,0.00011068258253123626
6496,0.00012640457291829656
6497,0.0001447835525979449
6498,0.0001504520699860237
6499,0.00013831937463251812
6500,0.0001214623676611646
6501,0.00010548226974282427
6502,8.820055483049339e-05
6503,7.289957927188019e-05
6504,6.155597896233547e-05
6505,5.718169234318678e-05
6506,5.320913429816065e-05
6507,5.074664893216522e-05
6508,5.042945160040143e-05
6509,5.4032698392403744e-05
6510,6.658846030353995e-05
6511,8.546806190395388e-05
6512,9.896926062283104e-05
6513,0.00010722213609040313
6514,0.0001120703721509324
6515,0.00011326735095656624
6516,0.0001122431277481802
6517,0.00011053239595500655
6518,0.00011397068372065825
6519,0.0001274304375100294
6520,0.00015057845650372518
6521,0.0001739033345530357
6522,0.00018343484764774361
6523,0.0001690177570213674
6524,0.0001492165186717407
6525,0.00012022845773022838
6526,8.888131857356727e-05
6527,6.713832372470874e-05
6528,5.4291626615357115e-05
6529,5.078399040330429e-05
6530,4.67732701954657e-05
6531,4.2376824901135574e-05
6532,4.658328007307678e-05
6533,6.545016095255322e-05
6534,8.235312665761638e-05
6535,7.560539971903465e-05
6536,7.019457951639911e-05
6537,6.512762912491242e-05
6538,6.159496181682132e-05
6539,6.29864445490477e-05
6540,5.953174294992831e-05
6541,5.9712295118073276e-05
6542,6.733077592211781e-05
6543,9.037661880247702e-05
6544,0.00012539224973917465
6545,0.00014964286799606488
6546,0.0001637731268825926
6547,0.0001543675899597495
6548,0.0001360522138847886
6549,0.00011069899636470398
6550,8.669376491815625e-05
6551,6.820522290011086e-05
6552,5.871515473490898e-05
6553,5.415908491010523e-05
6554,4.957716329758981e-05
6555,4.685533936280432e-05
6556,5.223004913181086e-05
6557,7.164761412412947e-05
6558,8.692355858670438e-05
6559,7.575025179938731e-05
6560,6.594955183580875e-05
6561,6.365120480449056e-05
6562,6.207670782909905e-05
6563,6.413787496680861e-05
6564,6.414690257521585e-05
6565,6.70148096278641e-05
6566,7.690168221714823e-05
6567,0.00010148673233094335
6568,0.00013692748155445504
6569,0.00016106443401458126
6570,0.00017153892184200995
6571,0.00016321998069473024
6572,0.00014560998911304485
6573,0.00012047794799893779
6574,9.474351919656524e-05
6575,7.405306141882455e-05
6576,6.483423185167684e-05
6577,6.103360871222513e-05
6578,5.7283047764849984e-05
6579,5.626497974401434e-05
6580,6.419778545896581e-05
6581,8.625305348954782e-05
6582,0.00010488234412957895
6583,9.380628930555815e-05
6584,7.999240705912083e-05
6585,6.996601688536104e-05
6586,6.708990291597894e-05
6587,6.639847018115104e-05
6588,6.266883687144723e-05
6589,6.2939254777828e-05
6590,7.228611224602398e-05
6591,9.576733205911459e-05
6592,0.00013061349016525796
6593,0.00015500116393160366
6594,0.00016966528275166913
6595,0.00016314365636910531
6596,0.0001467589574557856
6597,0.00012175945804693042
6598,9.422812482567868e-05
6599,7.963253376034097e-05
6600,7.016872772868746e-05
6601,6.700373029027339e-05
6602,6.624746291324797e-05
6603,6.652896015721945e-05
6604,7.174322470407896e-05
6605,9.326955695116354e-05
6606,0.00011129153575288885
6607,0.00010027251900016838
6608,8.528422696911536e-05
6609,7.345067373055905e-05
6610,6.768121126665374e-05
6611,6.550432660299671e-05
6612,6.080997023122738e-05
6613,6.058674209606632e-05
6614,6.884043825531181e-05
6615,9.060271935849493e-05
6616,0.00012457689256166541
6617,0.00014934208449776882
6618,0.0001661715982980639
6619,0.00015885349064647872
6620,0.00014306789665473096
6621,0.0001182875219226699
6622,9.363476474582043e-05
6623,7.74458007966033e-05
6624,7.007557922375812e-05
6625,6.52663260177147e-05
6626,6.62573112133286e-05
6627,6.484449049759417e-05
6628,6.912850103267038e-05
6629,9.105615150804083e-05
6630,0.00011211427915545855
6631,0.00010430744961237186
6632,9.034543251888834e-05
6633,8.024887320705402e-05
6634,7.27912479709932e-05
6635,7.136939964685153e-05
6636,6.858192037819514e-05
6637,7.014492767015925e-05
6638,7.706171709345853e-05
6639,9.469632942534554e-05
6640,0.0001231328855623423
6641,0.00014620745265127004
6642,0.00015318620429590998
6643,0.00013838954377059265
6644,0.0001234677277650839
6645,0.00010727383966582647
6646,9.562124894125183e-05
6647,7.453603846861236e-05
6648,6.090804288619704e-05
6649,5.0498800046802573e-05
6650,4.480771363770564e-05
6651,3.9526152373628445e-05
6652,3.7478526648529754e-05
6653,4.185486499686192e-05
6654,5.7296589177460856e-05
6655,8.148278313799025e-05
6656,9.870787032485751e-05
6657,0.0001057744359785498
6658,0.00010985737705364636
6659,0.00010784339968715653
6660,0.00010414536300687808
6661,0.00010198612321419888
6662,0.00010466075737776465
6663,0.0001139198008369083
6664,0.00012811120125310327
6665,0.0001459046174237905
6666,0.0001503150144765682
6667,0.00013603169659295395
6668,0.00012115378759197137
6669,0.000106377234012652
6670,8.976068970160064e-05
6671,7.560457902736126e-05
6672,6.512680843323904e-05
6673,6.0060678733425736e-05
6674,5.521080128954971e-05
6675,5.2456560033665466e-05
6676,5.040401015852646e-05
6677,5.039005840007889e-05
6678,6.362986682098253e-05
6679,8.682343420255127e-05
6680,0.00010445599480525479
6681,0.00011029070225719431
6682,0.0001129760054125141
6683,0.00011616562360112977
6684,0.00011416436695557739
6685,0.00011114381125167931
6686,0.00011561042568408397
6687,0.00013096351516395717
6688,0.00015804510934819328
6689,0.00017980780079721308
6690,0.00018508238618206648
6691,0.00016903211912565165
6692,0.0001471106238378316
6693,0.00011985832578553118
6694,9.319651539223217e-05
6695,7.4504441839187e-05
6696,6.676901247168492e-05
6697,6.194662819886733e-05
6698,5.4972390358431006e-05
6699,5.105317727217498e-05
6700,5.568762315178711e-05
6701,7.3687443278331e-05
6702,9.154282167035888e-05
6703,8.737288727788336e-05
6704,8.21491847767799e-05
6705,7.747698708019199e-05
6706,7.735101090832719e-05
6707,8.092922660429124e-05
6708,7.991649307933261e-05
6709,8.727112151038346e-05
6710,9.317435671705073e-05
6711,0.00011660346260888132
6712,0.00016125237240778673
6713,0.00018302860526941741
6714,0.00018327440242559657
6715,0.00016574442828206634
6716,0.00014630265288538284
6717,0.0001171607122551106
6718,8.760555336728835e-05
6719,6.704230279892255e-05
6720,5.585668563650468e-05
6721,5.2784426357183264e-05
6722,4.6502441943248236e-05
6723,4.2202838266377685e-05
6724,4.538465988409617e-05
6725,6.516373955854143e-05
6726,8.223084359828181e-05
6727,7.480153222495282e-05
6728,6.920154259160175e-05
6729,6.65018773319977e-05
6730,6.741079336027296e-05
6731,7.40144889101754e-05
6732,7.450854529755392e-05
6733,7.564233084433703e-05
6734,8.628629150231996e-05
6735,0.00011280037739440946
6736,0.0001536687709998611
6737,0.00017486436450257103
6738,0.00017435143220670461
6739,0.00015873366966216433
6740,0.00013854301311351587
6741,0.00010963620064766876
6742,7.942079530860731e-05
6743,6.332169709762599e-05
6744,4.861777473140129e-05
6745,4.044696843116781e-05
6746,3.720851908798568e-05
6747,3.686136651014329e-05
6748,3.856553276992984e-05
6749,5.718169234318678e-05
6750,7.551471328912546e-05
6751,7.055322177766892e-05
6752,6.667914673344912e-05
6753,6.346819056132544e-05
6754,6.532049166815819e-05
6755,6.665247425406406e-05
6756,6.168769997591396e-05
6757,6.537137455190815e-05
6758,7.88898077959264e-05
6759,0.0001109300210707622
6760,0.00014910203218330333
6761,0.00016456263227239014
6762,0.00016443132160464836
6763,0.00015054932194931997
6764,0.00013181785519595228
6765,0.00010546667660102995
6766,7.801002632205634e-05
6767,6.11431710506222e-05
6768,4.625131029119204e-05
6769,3.7006628936332665e-05
6770,3.1799750614533614e-05
6771,3.1259735493445465e-05
6772,3.760286143704777e-05
6773,5.782675599846837e-05
6774,7.694189610914416e-05
6775,7.361029826103267e-05
6776,7.005711366110692e-05
6777,6.754292471968815e-05
6778,7.265255107819093e-05
6779,7.791687781712702e-05
6780,7.496854298048691e-05
6781,7.425248949545741e-05
6782,8.616647051800557e-05
6783,0.00010738299165838683
6784,0.00014605152123332664
6785,0.00016770752276480625
6786,0.00017017247020582185
6787,0.00015814687511569317
6788,0.00013984668183668992
6789,0.00011517381771384248
6790,8.715047983439568e-05
6791,7.09717745310959e-05
6792,6.105617773324326e-05
6793,5.5428284582997066e-05
6794,5.2136079935208135e-05
6795,4.988779509596651e-05
6796,5.6266210781524416e-05
6797,7.720000364042412e-05
6798,9.884615687182309e-05
6799,9.444027362324901e-05
6800,8.687267570295444e-05
6801,7.854470694726749e-05
6802,7.73087452871478e-05
6803,7.958041983908093e-05
6804,7.650733986808613e-05
6805,8.031699061594509e-05
6806,9.3504274769752e-05
6807,0.00011505892087956841
6808,0.00014733426231882936
6809,0.00016831647598645883
6810,0.0001667928618948173
6811,0.0001506679118961243
6812,0.0001344654065342963
6813,0.00011798468669519036
6814,9.988145941779985e-05
6815,8.299285581702095e-05
6816,7.31076246110836e-05
6817,6.34587526070815e-05
6818,5.5359756828269315e-05
6819,5.2893988695580325e-05
6820,5.2116383335046865e-05
6821,5.661746681773373e-05
6822,7.415031338212083e-05
6823,9.802710658178362e-05
6824,0.0001110962111346229
6825,0.00011277903941090141
6826,0.00011862113308790142
6827,0.000124063960265799
6828,0.00011738968523198535
6829,0.0001192789174641205
6830,0.00012326788934261435
6831,0.00012992328846794012
6832,0.00015346975326906493
6833,0.00017252867600011377
6834,0.00016866937340601494
6835,0.00014938024666058127
6836,0.00013447279275935679
6837,0.00012074262106360486
6838,0.0001051527620359597
6839,8.943364406975622e-05
6840,7.67781681203036e-05
6841,6.696638881913431e-05
6842,5.9977378528577025e-05
6843,5.536509132414632e-05
6844,5.324811715264649e-05
6845,5.485174868244323e-05
6846,6.624171807153426e-05
6847,9.178369467649775e-05
6848,0.00011812584566301281
6849,0.00013163566164446053
6850,0.00013656268410563486
6851,0.00014167887599752472
6852,0.0001393596013285352
6853,0.0001343513303916956
6854,0.0001373361860078014
6855,0.00015867786262837406
6856,0.00018676808687920183
6857,0.00020429354721852847
6858,0.00020482371403953597
6859,0.00018477667853373012
6860,0.0001595539509897139
6861,0.00012987938146341395
6862,0.00010369972742822937
6863,8.789074372379007e-05
6864,7.625169441182631e-05
6865,7.167839006188145e-05
6866,6.79163394310789e-05
6867,6.652157393215897e-05
6868,7.25823819401164e-05
6869,9.443411843569862e-05
6870,0.00011449920915831898
6871,0.00010705963913907265
6872,9.651703390275292e-05
6873,8.999499717435241e-05
6874,0.00010090198951365564
6875,0.00010321757107011493
6876,9.874480145015989e-05
6877,9.634961280138213e-05
6878,0.0001047050747281275
6879,0.00012759826895723686
6880,0.0001673771943662683
6881,0.00019747277872101537
6882,0.00020453195814964717
6883,0.00019204800675993227
6884,0.00017224225460610196
6885,0.00014355046335868204
6886,0.00011597440244123076
6887,9.893971572258911e-05
6888,9.059615382510784e-05
6889,8.017624199395935e-05
6890,7.578964499970985e-05
6891,7.30243244062349e-05
6892,8.028170087398949e-05
6893,0.00010076780642505699
6894,0.00011983247399781952
6895,0.00011291281215366336
6896,0.00010553151124322746
6897,9.926758204610692e-05
6898,9.856465962785161e-05
6899,9.919454048717555e-05
6900,9.365035788761477e-05
6901,9.090760631515793e-05
6902,9.59216220937112e-05
6903,0.00012148821944887628
6904,0.00016564922804795354
6905,0.00019792662121639797
6906,0.00020727429937626734
6907,0.00019614161682678287
6908,0.00018025589845088198
6909,0.0001558637108803326
6910,0.0001273824270471363
6911,0.00010805349675554339
6912,9.792410977677364e-05
6913,9.432537678897494e-05
6914,9.397740351945918e-05
6915,9.34025090022521e-05
6916,9.744892929788301e-05
6917,0.00011628872735213769
6918,0.0001314945026766381
6919,0.0001227155638464254
6920,0.00010954920733028982
6921,9.763563665357838e-05
6922,9.146321457804041e-05
6923,9.080337847263786e-05
6924,8.292104529559966e-05
6925,8.203880174670943e-05
6926,8.988010034007834e-05
6927,0.00011530102492321734
6928,0.00015960278214428037
6929,0.0001879695794890393
6930,0.00019172506458645477
6931,0.00018080371014286728
6932,0.00016151745581829047
6933,0.00013666403952729807
6934,0.00010676788324918384
6935,8.786037813187479e-05
6936,7.621394259485056e-05
6937,6.77485079838714e-05
6938,6.654044984064685e-05
6939,6.404390577020588e-05
6940,6.911126650752927e-05
6941,8.894204975739786e-05
6942,0.00010816223840226707
6943,9.935703743850604e-05
6944,8.693751034515195e-05
6945,7.872115565704554e-05
6946,7.553810300181698e-05
6947,7.447982108898541e-05
6948,7.035502473854613e-05
6949,7.505840871872271e-05
6950,8.606388405883229e-05
6951,0.00011153610187155794
6952,0.0001504643803611245
6953,0.00017311341881740146
6954,0.00017587873941087644
6955,0.00016471035677359966
6956,0.00014687713705675322
6957,0.00012356210730752332
6958,9.552317628628218e-05
6959,8.135106212441176e-05
6960,6.703984072390238e-05
6961,5.660597713430632e-05
6962,4.915368639412251e-05
6963,4.5921802584327464e-05
6964,4.981557422870852e-05
6965,6.891676258093673e-05
6966,8.839957256128955e-05
6967,8.938235084016957e-05
6968,8.931177135625837e-05
6969,8.689114126560562e-05
6970,9.005819043320315e-05
6971,9.322113614243375e-05
6972,9.324124308843172e-05
6973,9.697456951066576e-05
6974,0.00010960993851412042
6975,0.00013288762679221125
6976,0.000161701290753129
6977,0.0001709283272370106
6978,0.0001617312459992076
6979,0.00014323736948528522
6980,0.0001265112628358368
6981,0.00010873631222780074
6982,8.907541215432312e-05
6983,7.335424245893618e-05
6984,6.075826665580405e-05
6985,5.292722670835248e-05
6986,4.969534289855743e-05
6987,4.711180551073752e-05
6988,4.6070347777210375e-05
6989,4.9772898261692435e-05
6990,6.414649222937917e-05
6991,9.204959877867488e-05
6992,0.00011181841980720281
6993,0.00011491735156590929
6994,0.0001144384779744884
6995,0.00011294153636223189
6996,0.00010652988266390183
6997,0.00010362996863599153
6998,0.00010873549153612739
6999,0.00012199704828637573
7000,0.00014575853430592774
7001,0.00016181741862491314
7002,0.00015204216010320957
7003,0.00013370339431555717
7004,0.000117642868613225
7005,0.0001019307265262453
7006,8.530884771931693e-05
7007,6.84834373773888e-05
7008,5.40835812761537e-05
7009,4.886069946672362e-05
7010,4.2903298609612845e-05
7011,3.533693172682834e-05
7012,3.336932343988482e-05
7013,3.8217969846250764e-05
7014,4.964897381901111e-05
7015,7.75364872265125e-05
7016,0.00010157741876085253
7017,0.00011527230071464884
7018,0.0001284735366269033
7019,0.00013294548555518496
7020,0.00013526845333670476
7021,0.00014136701316163795
7022,0.00014375727766037538
7023,0.00015782352259637898
7024,0.00018216523762901507
7025,0.00019519248690651168
7026,0.00018581813626725725
7027,0.00016597175987559433
7028,0.00014135798555323068
7029,0.00011082743461158892
7030,8.509710926758329e-05
7031,6.308903100822098e-05
7032,5.428957488617365e-05
7033,4.711508827743107e-05
7034,4.1156046036973526e-05
7035,3.798366237349899e-05
7036,4.177689928789022e-05
7037,6.161547910865599e-05
7038,8.062844310599518e-05
7039,7.614869760681634e-05
7040,7.090365712220483e-05
7041,6.920072189992837e-05
7042,7.46300076652151e-05
7043,7.942366772946416e-05
7044,7.932190196196427e-05
7045,7.726606932013171e-05
7046,8.6504185141604e-05
7047,0.00011555010484609008
7048,0.00015728884197116784
7049,0.0001807922204594399
7050,0.00017717707363817348
7051,0.00016204967436848146
7052,0.00014222668768951006
7053,0.00011502896563348982
7054,8.669827872235985e-05
7055,6.84288613811086e-05
7056,5.435933367841148e-05
7057,4.671992523669559e-05
7058,4.011212622842623e-05
7059,3.875634358399214e-05
7060,4.4804020525175404e-05
7061,6.496061836937833e-05
7062,8.334944634910727e-05
7063,7.900019082599686e-05
7064,7.330582165020639e-05
7065,6.741653820198667e-05
7066,6.654003949481016e-05
7067,6.715555824984985e-05
7068,6.41144852541171e-05
7069,6.673372272972931e-05
7070,8.551689305852036e-05
7071,0.00011578933646888217
7072,0.00015433312090946727
7073,0.00017757757117478596
7074,0.0001768159693018835
7075,0.00016398486533432622
7076,0.00014525627100181538
7077,0.00011782506216471675
7078,9.199420209072131e-05
7079,6.836033362638085e-05
7080,5.6308476402703816e-05
7081,5.0888628591661034e-05
7082,4.9405638737852085e-05
7083,4.654019376022401e-05
7084,5.0717514377760006e-05
7085,7.116627845768843e-05
7086,9.069094371338396e-05
7087,8.612174282180602e-05
7088,7.649297776380188e-05
7089,7.048141125624761e-05
7090,6.98195234216616e-05
7091,7.236243657164889e-05
7092,6.844896832710657e-05
7093,7.160329677376661e-05
7094,8.248074421282793e-05
7095,0.0001128340257530183
7096,0.00015491827407259167
7097,0.00017891201583571198
7098,0.00017809214485399913
7099,0.00016469189121094848
7100,0.00014497025995364025
7101,0.00011887924061918138
7102,8.950299251615737e-05
7103,7.568008266131279e-05
7104,6.113414344221495e-05
7105,5.0809431845179266e-05
7106,4.394844945567024e-05
7107,4.188112713041028e-05
7108,4.7305078399819984e-05
7109,6.654414295317709e-05
7110,8.51861543141457e-05
7111,8.298670062947056e-05
7112,7.939371248338557e-05
7113,7.38236780961131e-05
7114,7.458569031485224e-05
7115,7.488113931727129e-05
7116,7.513432269851094e-05
7117,8.2243974665056e-05
7118,9.72757633547985e-05
7119,0.00012749814457308376
7120,0.00016140625209654666
7121,0.00017766251276298144
7122,0.0001754216141488003
7123,0.00016323926694905485
7124,0.00014585496557755064
7125,0.00012098718718227397
7126,9.30212977199642e-05
7127,7.601041105985076e-05
7128,6.530407783469047e-05
7129,5.90426107125901e-05
7130,5.724283387285406e-05
7131,5.244014620019773e-05
7132,5.5842733878057125e-05
7133,7.470551129916662e-05
7134,9.478127101354101e-05
7135,9.768323677063479e-05
7136,9.852978023173269e-05
7137,9.824746229608783e-05
7138,0.00010100662770201239
7139,0.00010519174489044555
7140,0.00010396111772620288
7141,0.00010967887661468487
7142,0.00011884477156889917
7143,0.00013993572688325234
7144,0.00016522657183615962
7145,0.00017385532409014263
7146,0.00016429221436600936
7147,0.00014712621697962594
7148,0.00013246538092625401
7149,0.00011782342078136998
7150,0.00010495907880104056
7151,8.785052983179415e-05
7152,7.030906600483649e-05
7153,5.659900125508254e-05
7154,4.881022692881037e-05
7155,4.4157315486547034e-05
7156,4.280809837550004e-05
7157,4.650531436410509e-05
7158,6.008940294199426e-05
7159,8.615498083457816e-05
7160,0.00010822173854858758
7161,0.00011667322140111916
7162,0.0001255748536365031
7163,0.00013284413013352176
7164,0.00013199717632658716
7165,0.00013355402843100088
7166,0.00013431275788304645
7167,0.000143601346242432
7168,0.00016108330992306916
7169,0.00017055942632982347
7170,0.00016323311176150442
7171,0.00014714468254227713
7172,0.00012996842650997634
7173,0.00011307079530079023
7174,9.574886649646339e-05
7175,8.036582177051158e-05
7176,6.690606798114042e-05
7177,5.995316812421214e-05
7178,5.1678544327295296e-05
7179,4.872815776147174e-05
7180,4.596694062636371e-05
7181,4.7229574765868456e-05
7182,5.341389687067052e-05
7183,7.081173965478558e-05
7184,9.898362272711529e-05
7185,0.00012360929707874304
7186,0.00014131202681952107
7187,0.00015517063676215794
7188,0.00016024907683707203
7189,0.00015155672097840158
7190,0.00013912488350994673
7191,0.00014474703181847922
7192,0.0001713132316318287
7193,0.00020126806736459006
7194,0.00020558736764162187
7195,0.0001931678405482678
7196,0.00017301083235822818
7197,0.00015018206242547964
7198,0.00012388792190185766
7199,9.675831725472848e-05
7200,8.224274362754592e-05
7201,7.09894194020737e-05
7202,6.53143364806078e-05
7203,5.809676355901245e-05
7204,5.480989340710052e-05
7205,5.889529655721726e-05
7206,7.512242266924684e-05
7207,9.254693793274695e-05
7208,9.55638005241148e-05
7209,9.341235730233275e-05
7210,8.642786081597909e-05
7211,9.197040203219312e-05
7212,0.0001012446282872944
7213,0.00010278137344571015
7214,0.00010376825518295711
7215,0.00011513975900939696
7216,0.00014323531775610172
7217,0.0001821459513746905
7218,0.00019061754117322005
7219,0.0001806178234788453
7220,0.000163826061495526
7221,0.00014348152525811762
7222,0.00011691696682811486
7223,9.017103553829376e-05
7224,7.249538862273745e-05
7225,6.446738267367319e-05
7226,5.8570713000393e-05
7227,5.0461868921500186e-05
7228,4.7392892408872314e-05
7229,5.274134004433049e-05
7230,6.90320697610475e-05
7231,8.465270472644464e-05
7232,8.471466694778529e-05
7233,8.358539520520582e-05
7234,8.314960792663773e-05
7235,8.605772887128189e-05
7236,9.155061824125604e-05
7237,9.724868052957676e-05
7238,9.971403831642905e-05
7239,0.0001096944697564792
7240,0.00013997060627937125
7241,0.000178214017567497
7242,0.0001851123414281451
7243,0.00017761696437510849
7244,0.00016426020739074732
7245,0.00014731743813952493
7246,0.00012311811311222135
7247,9.542838639800608e-05
7248,8.068876394398907e-05
7249,6.405949891200023e-05
7250,5.532364639464031e-05
7251,5.119597762334418e-05
7252,4.81159217731256e-05
7253,5.491124882876372e-05
7254,7.235546069242511e-05
7255,8.911931915884929e-05
7256,8.612502558849956e-05
7257,8.30613835717487e-05
7258,8.182665294913909e-05
7259,8.520708195181705e-05
7260,8.798676464957626e-05
7261,8.970118955528014e-05
7262,9.164171501700192e-05
7263,0.00010537147636691714
7264,0.0001376521523020551
7265,0.0001776760541755923
7266,0.00018659738301113752
7267,0.00017915986472107464
7268,0.00016591554249596738
7269,0.00014833755788954404
7270,0.00012387684256426692
7271,9.800084444823527e-05
7272,8.654768180029348e-05
7273,7.077644991282996e-05
7274,6.0045495937468086e-05
7275,5.342620724577132e-05
7276,5.093910112957429e-05
7277,5.6177986426635396e-05
7278,6.915312178287197e-05
7279,8.550663441260304e-05
7280,9.056045373731554e-05
7281,8.951366150791138e-05
7282,9.042216719034995e-05
7283,9.821996912502937e-05
7284,0.00010521062079893344
7285,0.00010113219352804048
7286,0.00010410063531067855
7287,0.00011564202231350935
7288,0.00014397927475802636
7289,0.00016909982618870602
7290,0.00017167023250975173
7291,0.00016343089845479052
7292,0.00015173316968817964
7293,0.0001372996652283357
7294,0.0001159723507120473
7295,9.029126686844486e-05
7296,7.380808495431876e-05
7297,6.235246023135684e-05
7298,5.5522253779599794e-05
7299,4.926119700333611e-05
7300,4.6028492501867685e-05
7301,4.878601652444547e-05
7302,5.983170575655097e-05
7303,7.68249475456866e-05
7304,8.446845944576943e-05
7305,8.549719645835909e-05
7306,9.00015627077395e-05
7307,9.942843761409063e-05
7308,0.0001043062185748618
7309,0.00010466609187364167
7310,0.00010443999131762375
7311,0.0001163420723109078
7312,0.0001493059740641398
7313,0.00018048897488612368
7314,0.00018501426877317543
7315,0.00017703386294116755
7316,0.0001640825276434592
7317,0.00015413533421618117
7318,0.00014202438719202034
7319,0.00013043622076380654
7320,0.0001158767401320978
7321,0.00010602310555558584
7322,0.00010237923452575089
7323,9.846166282284163e-05
7324,9.663111004535361e-05
7325,9.962047946566301e-05
7326,0.00010894558860451424
7327,0.00012791628698067406
7328,0.00014978607869307078
7329,0.000157596191002851
7330,0.0001547615219629749
7331,0.00014747747301583524
7332,0.00014547785775362966
7333,0.00014070020117701163
7334,0.0001447412869767655
7335,0.00015454526970703762
7336,0.00017979631111378566
7337,0.00019901198595445124
7338,0.0001972019504687979
7339,0.00018343402695607022
7340,0.00016719089735640961
7341,0.00015259038214103157
7342,0.00013920613198561196
7343,0.00012102288727006626
7344,9.965494851594524e-05
7345,8.62058637183281e-05
7346,7.725211756168415e-05
7347,6.991431330993772e-05
7348,6.185717280646823e-05
7349,5.896341396610832e-05
7350,6.048538667440312e-05
7351,7.181954902970389e-05
7352,9.50028577653553e-05
7353,0.00011748037166189453
7354,0.0001263631279887906
7355,0.00012950801848120668
7356,0.00013172593772853302
7357,0.00013315558262357185
7358,0.00013855532348861665
7359,0.00015175943182172801
7360,0.00018160634659943905
7361,0.00020854103697413897
7362,0.0002084466574316996
7363,0.00019727950583193292
7364,0.00018017464997521676
7365,0.00015831347552539056
7366,0.00013383757740415583
7367,0.00010669484169025248
7368,8.774630198927409e-05
7369,7.560581006487133e-05
7370,6.827785411320555e-05
7371,6.65252670446892e-05
7372,6.862500669104792e-05
7373,7.699483072207755e-05
7374,9.983385930074344e-05
7375,0.0001178283449314103
7376,0.00010850939098010945
7377,9.782644746764068e-05
7378,9.07053058176682e-05
7379,8.742253912412322e-05
7380,9.060764350853524e-05
7381,9.193059848603388e-05
7382,9.959298629460457e-05
7383,0.00011691696682811486
7384,0.0001540044338942761
7385,0.00019493725179608854
7386,0.0002014330263909407
7387,0.0001930947989893364
7388,0.00017700595942427244
7389,0.00015620840138315484
7390,0.00012787320066782125
7391,9.723595980863928e-05
7392,8.139948293314155e-05
7393,7.322211109952098e-05
7394,6.572796508399447e-05
7395,6.122852298465437e-05
7396,5.790061824907314e-05
7397,6.162286533371645e-05
7398,8.188287032876605e-05
7399,9.946290666437286e-05
7400,9.439759765623293e-05
7401,8.900360163290182e-05
7402,8.486280179483151e-05
7403,8.593872857864089e-05
7404,9.079188878921046e-05
7405,9.000771789528991e-05
7406,9.519202719607083e-05
7407,0.00011212741022223273
7408,0.00015151650708640567
7409,0.00019346328955068684
7410,0.00020164353380516426
7411,0.00019485887574128015
7412,0.0001795562587993202
7413,0.00015941156098438138
7414,0.00013269189182810862
7415,0.00010376702414544703
7416,8.799497156631012e-05
7417,8.034530447867692e-05
7418,6.999104798139933e-05
7419,6.21280010586857e-05
7420,5.886493096530197e-05
7421,6.36971635382002e-05
7422,8.500519180016404e-05
7423,0.00010293156002193983
7424,9.755315714040306e-05
7425,9.455968426172672e-05
7426,9.310336688730283e-05
7427,9.948424464788089e-05
7428,0.000107504454026048
7429,0.00010885490217460508
7430,0.0001146715544097301
7431,0.0001311190362360639
7432,0.000164751391357269
7433,0.00020058607258400607
7434,0.00020490455216936451
7435,0.00019610591673899057
7436,0.00018276967704646406
7437,0.00016202956742248351
7438,0.00013384988777925662
7439,0.0001038638657629066
7440,8.683738596099883e-05
7441,7.60678594769878e-05
7442,7.034927989683242e-05
7443,6.47049729131185e-05
7444,5.861790277161271e-05
7445,6.255147796215299e-05
7446,8.254270643416859e-05
7447,0.0001007916064835852
7448,9.462000509972061e-05
7449,8.845127613671289e-05
7450,8.348855358774624e-05
7451,8.197273606700184e-05
7452,8.281763814475299e-05
7453,8.084961951197277e-05
7454,8.678937549810573e-05
7455,0.00010584829822915454
7456,0.0001491697392463577
7457,0.00019169387830286611
7458,0.00020332102758556576
7459,0.00020042152390349215
7460,0.00019103650427248372
7461,0.00017521931365131058
7462,0.00015233514703060844
7463,0.00012631593821757085
7464,0.00011104122479250603
7465,0.00010277029410811943
7466,9.944731352257852e-05
7467,9.492201963552675e-05
7468,9.062118492114613e-05
7469,8.84496347533661e-05
7470,0.00010530582103304625
7471,0.00012421496753370207
7472,0.00011967572188820275
7473,0.00011369616235591054
7474,0.00011190007862870475
7475,0.00011355582407976148
7476,0.00011772083432219672
7477,0.00012098882856562074
7478,0.0001281805496995044
7479,0.00014388407452391356
7480,0.00017268912122226076
7481,0.00019868535066844354
7482,0.0002027100226347297
7483,0.00019117807358614284
7484,0.00017339040225716932
7485,0.00015826546506249745
7486,0.00014104612271734394
7487,0.00012176356150529736
7488,0.00010317284337391539
7489,9.23647443812552e-05
7490,8.665437171783369e-05
7491,7.836128235826567e-05
7492,7.645030179678579e-05
7493,7.082117760902951e-05
7494,7.476378040797705e-05
7495,9.076234388896855e-05
7496,0.00011869909879687312
7497,0.00014221191523938908
7498,0.00015502168122343831
7499,0.0001650008816259784
7500,0.00017118520373078048
7501,0.0001727104592057688
7502,0.00017415077309256168
7503,0.00018243114173119223
7504,0.00019784455204905932
7505,0.00021147254763147468
7506,0.00020853036798238497
7507,0.00019263398061473004
7508,0.00017289962863648432
7509,0.00015732495240479685
7510,0.00014103709510893668
7511,0.00012158629210384592
7512,0.00010793285507955562
7513,9.734264972617948e-05
7514,8.915912270500853e-05
7515,8.32764047901759e-05
7516,7.533867492518412e-05
7517,7.166690037845405e-05
7518,7.468827677402552e-05
7519,8.72805594646274e-05
7520,0.00011431003972760344
7521,0.0001424733055373626
7522,0.0001603824392339973
7523,0.00017109862075923824
7524,0.00017807942413306167
7525,0.0001825279833486518
7526,0.0001878518102339084
7527,0.00019678585979039109
7528,0.00021530435705451503
7529,0.00023128076186032512
7530,0.00023046171157028566
7531,0.00021875495519526751
7532,0.00020247940827450815
7533,0.0001802481018799848
7534,0.00015099290579878523
7535,0.00012206967949947043
7536,0.00010392705902175735
7537,9.315507046272616e-05
7538,8.871143539717632e-05
7539,8.232768521574139e-05
7540,7.837236169585637e-05
7541,8.037279764973536e-05
7542,9.862005631580517e-05
7543,0.00011586812286952724
7544,0.00011006254997199293
7545,0.00010441783264244233
7546,9.971239693308227e-05
7547,0.00010231481022939006
7548,0.00010360042373574962
7549,0.00010192292995534812
7550,0.00010860089810169201
7551,0.00012675500826283252
7552,0.0001720083574791869
7553,0.0002180040223141191
7554,0.00023076413645192848
7555,0.00022718017591425073
7556,0.00021410737824888122
7557,0.00019208452753939796
7558,0.00016047394635557984
7559,0.00012947313908508778
7560,0.00010882166416183293
7561,9.821627601249915e-05
7562,9.595609114399342e-05
7563,8.80626786293645e-05
7564,8.304250766326082e-05
7565,8.828631711036225e-05
7566,0.00010992795653755758
7567,0.00012819819457048222
7568,0.00012397942902344023
7569,0.00011903681342047154
7570,0.00011291281215366336
7571,0.00011363337944289648
7572,0.00011878363003923189
7573,0.00011671056287225823
7574,0.00012599997192331715
7575,0.00014583896208991964
7576,0.00018318043322899385
7577,0.00022130238214945842
7578,0.00022841039273265674
7579,0.00022213907731047572
7580,0.00020654101136609668
7581,0.00018736390903408026
7582,0.00015838200328011833
7583,0.00013111123966516673
7584,0.00011057219950116579
7585,9.879445329639975e-05
7586,9.360768192059867e-05
7587,8.705856236697641e-05
7588,8.855386259588616e-05
7589,9.288711463136555e-05
7590,0.00010982331834920084
7591,0.0001275785723570756
7592,0.00011965602528804148
7593,0.00011026977461952297
7594,0.00010203331298541859
7595,0.0001033037436958205
7596,0.00010612487132308572
7597,0.00010338991632152606
7598,0.00010983850114515848
7599,0.0001319007450549643
7600,0.00016947570297511693
7601,0.00020655209070368738
7602,0.00020924683181325118
7603,0.00020040305834084096
7604,0.00018596832284348695
7605,0.00016763530189754826
7606,0.0001477913875809055
7607,0.00012340781727292668
7608,0.00010000169074795092
7609,9.196711926549956e-05
7610,8.881484254802299e-05
7611,8.63741055113723e-05
7612,8.419681050187858e-05
7613,9.291050434405707e-05
7614,0.00011763876515485807
7615,0.0001386788375854613
7616,0.0001322454355577865
7617,0.00012044553067783904
7618,0.00011239044190355303
7619,0.00010523483120329835
7620,0.00010389874515902551
7621,0.00010458853651050667
7622,0.00011215695512247463
7623,0.000135437926167259
7624,0.00017821606929668046
7625,0.00022004221008497388
7626,0.0002311974616554764
7627,0.00022853267579199126
7628,0.00021666752592400961
7629,0.00019802756629222446
7630,0.00016798984070045113
7631,0.00013208293860645604
7632,0.0001112935874820723
7633,9.986709731351559e-05
7634,9.530364126365134e-05
7635,9.339594346886503e-05
7636,9.149234913244562e-05
7637,9.453834627821869e-05
7638,0.00011439416062412555
7639,0.0001337185771115148
7640,0.0001291957452994832
7641,0.00011563381539677547
7642,0.00010157126357330212
7643,9.945675147682246e-05
7644,0.00010411499741496278
7645,0.00010388438305474127
7646,0.00011517299702216909
7647,0.00013463036556064694
7648,0.00016662790286846665
7649,0.00019258268738514341
7650,0.0001955667223095758
7651,0.00018489362709718765
7652,0.0001692926887319518
7653,0.0001537541229338933
7654,0.0001387563929485963
7655,0.00012413946389975053
7656,0.00010218719267417851
7657,8.730846298152254e-05
7658,8.322675294393603e-05
7659,7.373791581624424e-05
7660,6.704107176141246e-05
7661,6.42105061799033e-05
7662,6.624294910904433e-05
7663,8.13371103659642e-05
7664,0.00011082825530326231
7665,0.00013631893867863912
7666,0.00014974176134270793
7667,0.00015505532958204717
7668,0.00016118958949477266
7669,0.00016098359588475271
7670,0.00015969223753667947
7671,0.00017110723802180877
7672,0.00019672718033574395
7673,0.0002149481768682654
7674,0.00021381233959229885
7675,0.0002000427746962244
7676,0.0001833261060010199
7677,0.00016839813480796077
7678,0.00015198389099439912
7679,0.00013545885380493035
7680,0.00011891658209032045
7681,0.00010358811336064884
7682,9.416329018348117e-05
7683,8.3365860182575e-05
7684,7.746057324672425e-05
7685,7.553482023512342e-05
7686,7.750858370961735e-05
7687,8.963102041720561e-05
7688,0.00011505399672952808
7689,0.000138260695177871
7690,0.00015386778873065728
7691,0.00015575414854193556
7692,0.00015816534067834435
7693,0.00015855927268156977
7694,0.00016636035738294274
7695,0.00018181110917194892
7696,0.00021545946778078504
7697,0.0002378885608685945
7698,0.0002392779918716374
7699,0.00022710097916776897
7700,0.00020781800760988567
7701,0.0001838304210343158
7702,0.00015399827870672567
7703,0.00012632742790099827
7704,0.0001146530888470789
7705,0.00010404113516435805
7706,9.771647478340692e-05
7707,9.438118382276521e-05
7708,9.520269618782484e-05
7709,0.00010246910026398667
7710,0.0001265034662649396
7711,0.00014991985143583274
7712,0.00014866419317555177
7713,0.0001376632316396458
7714,0.0001267385944293648
7715,0.00012302742668231218
7716,0.00012645996960625015
7717,0.00012529048397167476
7718,0.00013257740533967124
7719,0.00016053385684773705
7720,0.00020730015116397896
7721,0.00024927237507013514
7722,0.0002600279497956986
7723,0.0002500651632266262
7724,0.00023065498445936811
7725,0.00021068058016665694
7726,0.00018052098186138572
7727,0.00015810091638198353
7728,0.00013527419817841845
7729,0.00012398886697768418
7730,0.00012208157952873453
7731,0.00012142502619002551
7732,0.0001203043717100166
7733,0.0001290353000773362
7734,0.00015217347077095135
7735,0.00017252293115840005
7736,0.00016711580406829476
7737,0.00016052647062267657
7738,0.00015444145221035427
7739,0.00015926752959570208
7740,0.0001626143102397712
7741,0.00015577671756295368
7742,0.00015883871819635779
7743,0.00017902157817410906
7744,0.00021970777822806898
7745,0.0002598416527858399
7746,0.0002704060063515044
7747,0.00026507438289535064
7748,0.0002515399461637013
7749,0.00023203046370396348
7750,0.00020443634756969767
7751,0.00017617541945080554
7752,0.00015575332785026217
7753,0.00014460259008396321
7754,0.0001395434362633737
7755,0.00013849295092143932
7756,0.00013580764776611952
7757,0.00014087623954095298
7758,0.00016253470314745274
7759,0.0001824865384191458
7760,0.00017532231045632054
7761,0.00016621345357340658
7762,0.00015500157427744037
7763,0.0001511562234417891
7764,0.00015502660537347864
7765,0.00015810584053202386
7766,0.0001644998493593761
7767,0.00018650505519788156
7768,0.0002299709379496007
7769,0.000269164299849671
7770,0.00028003846452203876
7771,0.0002765451904142702
7772,0.00026507151047449375
7773,0.00025046976422160567
7774,0.00022658189168435217
7775,0.00020027256836477255
7776,0.00018539548005546335
7777,0.00018007165317020677
7778,0.000175701470009425
7779,0.00016959716534277808
7780,0.00016534352039961715
7781,0.00017049910549182958
7782,0.00019179769579954947
7783,0.00021499988044368875
7784,0.00021196537298134312
7785,0.00020117368782215066
7786,0.00018513162768246967
7787,0.0001815788534283806
7788,0.00018985799102950107
7789,0.00018864665011958297
7790,0.0001926306978480365
7791,0.00021326370720864014
7792,0.000256255230173142
7793,0.0002940653162577198
7794,0.00030463459397342456
7795,0.000304630080169221
7796,0.0002968856231933116
7797,0.00028250218092554425
7798,0.0002622339690137608
7799,0.000245077819927458
7800,0.00022159044492681699
7801,0.00021391082259310522
7802,0.0002127302576209391
7803,0.0002092923802011241
7804,0.00020719592332145892
7805,0.00021592151719290154
7806,0.0002364379883358843
7807,0.00025874192594350237
7808,0.00025730899828176995
7809,0.0002478168783873846
7810,0.0002289545113121118
7811,0.00021279304053395311
7812,0.0002049972903284572
7813,0.00020118599819725144
7814,0.00020999284054435926
7815,0.00023815241324158819
7816,0.0002783905156418792
7817,0.0003119494188583162
7818,0.0003194690063157177
7819,0.00031002817965091904
7820,0.0002854948331125472
7821,0.00025781413400673917
7822,0.00023484912925620855
7823,0.00021264244361188676
7824,0.00019237833515847023
7825,0.00017940443083974374
7826,0.00017149829760417732
7827,0.000166302498619969
7828,0.0001614518004844196
7829,0.00015655842638185406
7830,0.00015855557956903952
7831,0.0001695602342174757
7832,0.00019617362380204494
7833,0.00020648889744483666
7834,0.000205687492025775
7835,0.00020528330137663226
7836,0.0002060818343748371
7837,0.0002043271955771373
7838,0.0002081598256918511
7839,0.00022190394914605054
7840,0.00024506140609399033
7841,0.00025936359988609244
7842,0.0002598018492396807
7843,0.00024611845696931176
7844,0.00022682891987804143
7845,0.00020896697595262643
7846,0.0001947390547569658
7847,0.00017165710144297755
7848,0.00015597737667709662
7849,0.00014424394782269344
7850,0.0001371630200647169
7851,0.0001259371890103031
7852,0.00012439593004768374
7853,0.00012167944060877525
7854,0.00012352927964058786
7855,0.0001327411333285118
7856,0.00015755269434416152
7857,0.00018953545920186027
7858,0.0002136896461871276
7859,0.000226191652793657
7860,0.0002331260870879341
7861,0.00023262915827969874
7862,0.00023275923790993047
7863,0.00023545767213202441
7864,0.0002463741024255716
7865,0.0002579569343579084
7866,0.0002556717183933644
7867,0.0002408303301718475
7868,0.00021751571076845429
7869,0.0001896950837323339
7870,0.00015828475131682206
7871,0.0001272154162916022
7872,0.00010709123576849802
7873,9.567623528336871e-05
7874,8.435930745320906e-05
7875,7.777366712012111e-05
7876,7.272682367463239e-05
7877,7.739450756701667e-05
7878,9.606893624908403e-05
7879,0.00011434081566535543
7880,0.00011199076505861392
7881,0.00011174866101496499
7882,0.00011515371076784451
7883,0.00012209758301636554
7884,0.00012835084322173205
7885,0.0001277459934584464
7886,0.00013155030971042834
7887,0.00014708066859175301
7888,0.00017957431401613468
7889,0.00021260715386993117
7890,0.00021890226935064036
7891,0.00021207739739476032
7892,0.00019775837942335377
7893,0.00017826900390961387
7894,0.00014914840126284965
7895,0.00012025266813459326
7896,0.00010370670330745314
7897,9.660730998682541e-05
7898,8.61172290176024e-05
7899,8.031452854092494e-05
7900,7.968628906494777e-05
7901,8.277414148606352e-05
7902,0.00010414577335271479
7903,0.00012329907562620303
7904,0.00011978938768496673
7905,0.00010870553629004877
7906,0.00010204890612721292
7907,0.00011251559738374443
7908,0.0001216601543544507
7909,0.0001245596580365243
7910,0.00013485154196662453
7911,0.0001515747761952161
7912,0.00018414064248685577
7913,0.00021758629025236552
7914,0.00022573370683990748
7915,0.00022006559979766537
7916,0.00020816803260858497
7917,0.0001882100421493415
7918,0.00016290483509214993
7919,0.0001355634919932871
7920,0.00010970554909406992
7921,9.736439805552422e-05
7922,8.74775254662401e-05
7923,8.01795247606529e-05
7924,7.845114809650145e-05
7925,8.615416014290477e-05
7926,0.00010568292885696722
7927,0.00012356087627001325
7928,0.000121421743423332
7929,0.00011581723998577731
7930,0.00011162514691812036
7931,0.00011135144624504603
7932,0.00011331372003611255
7933,0.00011468837858903452
7934,0.00012500529361517303
7935,0.00014692309579046286
7936,0.0001840610353945373
7937,0.00021847181656794927
7938,0.00022804969874220345
7939,0.00022532828515325467
7940,0.00021496787346842667
7941,0.0001982823910568109
7942,0.00017344661963679628
7943,0.0001471098031461582
7944,0.00012644355577278243
7945,0.0001167117939097683
7946,0.00011332931317790688
7947,0.00010701080798450617
7948,0.00010203454402292865
7949,0.00010675064872404273
7950,0.0001270406089651709
7951,0.00014796045006562305
7952,0.00014412207510919558
7953,0.0001420313630712441
7954,0.00014021024824800002
7955,0.00014444132417014283
7956,0.00014675608503492875
7957,0.00014577125502686524
7958,0.0001544451453228845
7959,0.00017322913634334891
7960,0.0002094277943272328
7961,0.0002448952160301296
7962,0.0002546782711227303
7963,0.00025383131731579575
7964,0.00024646396816380736
7965,0.00023401694789939489
7966,0.0002137717153544662
7967,0.00019496228289212685
7968,0.00017108343796328057
7969,0.00016323721521987135
7970,0.00015963889257790938
7971,0.00015459615259078756
7972,0.00015691747898896057
7973,0.00015676934414191434
7974,0.0001733986091739032
7975,0.00018957444205634612
7976,0.00018411232862412395
7977,0.00017031691194033783
7978,0.00015895443572230524
7979,0.00015938652988834308
7980,0.0001621916540279773
7981,0.00016046122563464238
7982,0.00016475180170310568
7983,0.00018155669475319918
7984,0.00020618524152568376
7985,0.00022753266298797015
7986,0.00023144859330753262
7987,0.00022144518250062764
7988,0.00020354589710407358
7989,0.0001865136724604521
7990,0.00017039487764930952
7991,0.00014944220888192194
7992,0.0001311473500987957
7993,0.00011544874942442688
7994,0.00010505345834347998
7995,9.882646027166181e-05
7996,9.630611614269265e-05
7997,9.809029984063435e-05
7998,0.00010411048361075918
7999,0.00011647789678285323
8000,0.00014424682024355027
8001,0.00016852534201733564
8002,0.00017620947815525108
8003,0.00018096579674836108
8004,0.00018666467972835519
8005,0.00019260977021036516
8006,0.00019698898097955417
8007,0.00020839495385627623
8008,0.0002255211476965004
8009,0.00023615402901689268
8010,0.00023723241787572218
8011,0.00022316781432306539
8012,0.00020144369538269472
8013,0.00018450667097318605
8014,0.00016866732167683147
8015,0.00014577166537270192
8016,0.00012995488509736549
8017,0.00011591572298658364
8018,0.00010434438073767426
8019,9.304058397428877e-05
8020,8.593503546611065e-05
8021,8.360016765532677e-05
8022,8.652018862923504e-05
8023,9.788143380975756e-05
8024,0.0001242010157752545
8025,0.00015595562834775186
8026,0.00017581677718953576
8027,0.00018831180791684137
8028,0.00019685520823679221
8029,0.00020385693924828698
8030,0.0002065529113953608
8031,0.0002163815148758345
8032,0.00023407152389567505
8033,0.00024851241458057944
8034,0.0002509744896007382
8035,0.00024148442143553632
8036,0.00022466352489781182
8037,0.0002005138517167481
8038,0.00017056640220904724
8039,0.00014007319273854452
8040,0.00012648376966477835
8041,0.00011697605662859869
8042,0.0001096288144226083
8043,0.00010264513862792803
8044,9.709069738244992e-05
8045,9.955113101926188e-05
8046,0.00011701750155810468
8047,0.00013366194938605117
8048,0.00012899713791452374
8049,0.000127418947826602
8050,0.0001268030187257256
8051,0.00013107225681068086
8052,0.00013727463413229743
8053,0.00013684336065793295
8054,0.00014268996813913658
8055,0.00015848253801010814
8056,0.00018892404390518752
8057,0.00022128760969933746
8058,0.00023012851075089082
8059,0.00022249771957174553
8060,0.00020811756007067166
8061,0.00018654034493983718
8062,0.00015647102271863845
8063,0.00012405616369490184
8064,0.00010411786983581966
8065,9.240413758157774e-05
8066,9.153420440778831e-05
8067,8.922272630969595e-05
8068,9.27767316012951e-05
8069,0.00010088803775520807
8070,0.00012810135295302264
8071,0.00015281443096786603
8072,0.0001513724756977264
8073,0.00015015251752523772
8074,0.00014818819200498775
8075,0.00015291865881038606
8076,0.0001581678027533645
8077,0.0001578690709842519
8078,0.00016656347857210582
8079,0.00019310136452272352
8080,0.0002357018279048568
8081,0.0002758685301295632
8082,0.0002880336428041676
8083,0.0002861772382389679
8084,0.000276381052079593
8085,0.0002602257364889847
8086,0.0002340932722250198
8087,0.00021044832442308861
8088,0.00019716542968933222
8089,0.00018500811358562505
8090,0.0001743399425232772
8091,0.00016996319382910833
8092,0.00016918312639355472
8093,0.00017545280043238895
8094,0.00019570911231490832
8095,0.00021071545956277587
8096,0.00020284543676083843
8097,0.00019662459387657068
8098,0.00019018175389465193
8099,0.00018738073321338469
8100,0.00018422722545839804
8101,0.00018061536140382515
8102,0.00018874964692459296
8103,0.0002121742390122199
8104,0.0002499675009174933
8105,0.00028344761773328524
8106,0.000290934787869588
8107,0.00028517804612662013
8108,0.0002714897297062109
8109,0.0002514344872836712
8110,0.0002238900229956453
8111,0.0001932983305243362
8112,0.00017492632672391168
8113,0.00016755610515106648
8114,0.0001646906601734384
8115,0.00015855640026071288
8116,0.00015447304883977963
8117,0.00015876075248738607
8118,0.0001808673137475547
8119,0.00019961437364271676
8120,0.00019429095710329688
8121,0.0001882518974246842
8122,0.00017868550493385738
8123,0.00017628908524756955
8124,0.00018420711851240007
8125,0.0001837922588715033
8126,0.0001904406821176053
8127,0.00020826692595522797
8128,0.00023997106598981212
8129,0.00026830052186343193
8130,0.00027197147571848867
8131,0.00026639118268529885
8132,0.00025471889536056295
8133,0.00023587006969790102
8134,0.00020756810699533958
8135,0.00017570311139277175
8136,0.00015562488960337722
8137,0.00014425502716028415
8138,0.0001365795082849393
8139,0.0001328133541957698
8140,0.0001270135261399492
8141,0.000128623723203133
8142,0.00014547867844530305
8143,0.00016506899903486947
8144,0.0001644506078589729
8145,0.00016507515422241987
8146,0.00016188102222960057
8147,0.0001629487420966761
8148,0.00016978715546516702
8149,0.00017371498581399359
8150,0.00018171755032118288
8151,0.0001982462806231819
8152,0.00022386088844124005
8153,0.00024625920559129754
8154,0.00024821081039061004
8155,0.00023751555650304047
8156,0.00022144066869642402
8157,0.0002064511456278609
8158,0.00019008080881882541
8159,0.00017086226155730298
8160,0.00015294984509397474
8161,0.00013773422146939372
8162,0.00012815100479926254
8163,0.00012127483961379584
8164,0.00011822597004716594
8165,0.0001183654876316416
8166,0.00012172909245501515
8167,0.00013179528617493415
8168,0.00015791010556792122
8169,0.00018677588345009902
8170,0.00020346998312428536
8171,0.00021532323296300293
8172,0.00021683043322117678
8173,0.0002163692045007337
8174,0.0002192629633410936
8175,0.00022864962435544884
8176,0.00024240605818474912
8177,0.0002487393358282708
8178,0.00024686938985046017
8179,0.00023291475898203716
8180,0.0002151328324947773
8181,0.0001993443660821727
8182,0.0001822583861339444
8183,0.00016424584528646307
8184,0.00014670232973032195
8185,0.00013186053116296835
8186,0.00012283866759743334
8187,0.00011520582468910453
8188,0.00011258084237177862
8189,0.00010800343456346685
8190,0.00010723896026970756
8191,0.00011829860126026061
8192,0.000143011679275104
8193,0.00017394354844503166
8194,0.00019355725874728956
8195,0.00020622012092180267
8196,0.00021538027103430328
8197,0.0002186659101487051
8198,0.00022325768006130117
8199,0.00024003877305286647
8200,0.00026219006200923464
8201,0.0002786116920478568
8202,0.00028333231055317445
8203,0.0002738947666550693
8204,0.00025760978178006604
8205,0.00023502106416178295
8206,0.0002065635803871148
8207,0.000179196795846377
8208,0.00016285887635844032
8209,0.00015853506227720486
8210,0.00014992272385668957
8211,0.0001409997536377976
8212,0.00013624138331550412
8213,0.00014010848248050014
8214,0.00015892078736369638
8215,0.00017889560200224427
8216,0.00017530179316448588
8217,0.00017170018775583036
8218,0.0001624464787925637
8219,0.00015912801201122643
8220,0.00016027164585809015
8221,0.00015966064090725408
8222,0.00017133046615696982
8223,0.00019817570113927067
8224,0.00024308928400284312
8225,0.000284156695339091
8226,0.0002972237481627468
8227,0.0002951527327249566
8228,0.00028346321087507957
8229,0.00026159095708766267
8230,0.00022977356160215127
8231,0.0001969877499420441
8232,0.00017732274641019954
8233,0.00016765376746019945
8234,0.00016451667353868053
8235,0.00015618542201630004
8236,0.00015166628331679866
8237,0.00015614849089099766
8238,0.00017928460985542935
8239,0.00019909487581346329
8240,0.00019513216606851778
8241,0.00019365286932723907
8242,0.00019283751214972984
8243,0.00019544608063358802
8244,0.00019839769823692166
8245,0.00019895453753731424
8246,0.0002062964452474276
8247,0.0002264555051666507
8248,0.0002594830105245701
8249,0.00028979607817276453
8250,0.0002954707507483938
8251,0.0002863811801198044
8252,0.0002702398162876437
8253,0.0002517734329447797
8254,0.00022262082332275343
8255,0.00019048130635543792
8256,0.00016830908976139835
8257,0.00015730402476712548
8258,0.00014968595430891763
8259,0.00014578233436445597
8260,0.00014229029129419747
8261,0.0001444671759578545
8262,0.0001637534302824313
8263,0.00018208932364922683
8264,0.00017711716314601627
8265,0.00017564402159228796
8266,0.0001730633566253249
8267,0.00017467191230516194
8268,0.0001763096025394042
8269,0.0001758861256359369
8270,0.00018279224606748215
8271,0.00020286226094014284
8272,0.00023550978605328449
8273,0.00026613471653736564
8274,0.00027815374609410724
8275,0.00027857763334341126
8276,0.00026812284211614383
8277,0.0002536392754642233
8278,0.0002292827879814663
8279,0.00020115563260533612
8280,0.00018381359685501136
8281,0.00017563745605890085
8282,0.00017275190413527483
8283,0.00016970221387697154
8284,0.00016780764714895938
8285,0.0001733858884529657
8286,0.00019565002251442453
8287,0.00021011512360369383
8288,0.00020268088808032448
8289,0.00019883471655299982
8290,0.00019237587308345007
8291,0.00019293804687971964
8292,0.00019620357904812354
8293,0.00019290439852111081
8294,0.00019516006958541292
8295,0.0002109592049897716
8296,0.0002397979000467276
8297,0.00026330702337671333
8298,0.0002699271327600835
8299,0.0002698183911133598
8300,0.0002632007438050098
8301,0.00025263105574346834
8302,0.00023032958021087046
8303,0.0002029504852950319
8304,0.00018404708363608973
8305,0.00017242608954094046
8306,0.0001636885956402338
8307,0.00015637048798864864
8308,0.00014893789384862606
8309,0.00014863711035033002
8310,0.0001661592879229631
8311,0.00017955215534095327
8312,0.00017283930779849046
8313,0.00016962753093469337
8314,0.00016668863405229723
8315,0.00016826928621523914
8316,0.00017423735606410392
8317,0.00017997809431944073
8318,0.00018967538713217264
8319,0.00020563086430031136
8320,0.0002295930094340063
8321,0.0002488747499543795
8322,0.0002499437008589651
8323,0.00024102893755680697
8324,0.000224815763203225
8325,0.00020982706082633523
8326,0.00019643542444585513
8327,0.00017957267263278792
8328,0.00016158680426469162
8329,0.00014829324053918118
8330,0.00013751427610092623
8331,0.00013138247826322087
8332,0.00012712390917001963
8333,0.00012737873393460608
8334,0.0001267849635089111
8335,0.00013585360649982913
8336,0.00016144810737188934
8337,0.00019008573296886574
8338,0.00020566287127557343
8339,0.000211767586288057
8340,0.0002055754676123578
8341,0.00020720330954651937
8342,0.00020848317821116528
8343,0.0002215970104602041
8344,0.0002413855280888933
8345,0.0002556663838974874
8346,0.00025666557600983515
8347,0.00024684682082944207
8348,0.0002306434947759407
8349,0.00021579307894601657
8350,0.00020161563028826915
8351,0.00018761586137780984
8352,0.0001689804155502283
8353,0.00015054932194931997
8354,0.00014034730375745553
8355,0.0001287369786540603
8356,0.00012647843516890134
8357,0.00012873287519569337
8358,0.00013423930597827839
8359,0.000147953884532236
8360,0.00017372319273072746
8361,0.00020104894268779594
8362,0.00021389399841380077
8363,0.00021762773518187154
8364,0.00022335000787455713
8365,0.00023279329661437598
8366,0.0002345110042867734
8367,0.0002402094769209308
8368,0.00025018047040673697
8369,0.0002570611493964073
8370,0.0002551407308806835
8371,0.00024969503128192906
8372,0.00023137144829023432
8373,0.00020469609648432442
8374,0.00017270102125152486
8375,0.0001392508596818115
8376,0.00011904378929969532
8377,0.00010373665855353173
8378,0.00010079201682942188
8379,9.434384235162614e-05
8380,9.274718670105319e-05
8381,9.664506180380118e-05
8382,0.00011767528593432376
8383,0.00013621758325697592
8384,0.0001358318581704844
8385,0.00013283181975842098
8386,0.00012922487985388842
8387,0.0001289097342513081
8388,0.00013126511935392663
8389,0.00013380680146640384
8390,0.00014545405769510146
8391,0.00016622248118181384
8392,0.00019925614172728367
8393,0.00023100008530802703
8394,0.0002387593147340573
8395,0.0002328696209400009
8396,0.00021945090173429907
8397,0.00020055898975878436
8398,0.00017275600759364176
8399,0.0001404199349705502
8400,0.00012096256643207237
8401,0.00011481558579840938
8402,0.00010687088005419381
8403,9.735208768042343e-05
8404,9.352479206158667e-05
8405,9.817770350384999e-05
8406,0.00011845986717408102
8407,0.00013793775300439352
8408,0.0001355286125971682
8409,0.00013060241082766725
8410,0.00012153581956593268
8411,0.00012016239205052078
8412,0.0001199527053279706
8413,0.00011837656696923231
8414,0.00013013625795718384
8415,0.0001554344891351516
8416,0.00019112472862737272
8417,0.00022346982885887152
8418,0.00023188684266112086
8419,0.000227954088162254
8420,0.00022038443851277593
8421,0.00020033699266113337
8422,0.00017445689108673475
8423,0.0001428799582615255
8424,0.0001199879950699262
8425,0.00010525740022431646
8426,9.968449341618714e-05
8427,9.485595395581916e-05
8428,9.150465950754642e-05
8429,9.402746571153574e-05
8430,0.00011347047214572932
8431,0.00013283879563764478
8432,0.0001321732146905285
8433,0.00013350109381806747
8434,0.00013647404940490915
8435,0.0001446107970006971
8436,0.0001519206977355484
8437,0.00015199948413619348
8438,0.0001568427960466824
8439,0.00017115155537217162
8440,0.00019877439571500593
8441,0.00022517932961453507
8442,0.0002305462428126444
8443,0.00022729958655272846
8444,0.0002113970439975231
8445,0.00019503655548856828
8446,0.00016801897525485634
8447,0.0001394301808124464
8448,0.00012044922379036928
8449,0.00010859392222246824
8450,9.33081294598127e-05
8451,8.915337786329482e-05
8452,9.187191903138676e-05
8453,9.415015911670699e-05
8454,0.00011142900160818103
8455,0.00012977351223754713
8456,0.00012951950816463407
8457,0.00012995939890156913
8458,0.00013255524666448983
8459,0.00013614741411890143
8460,0.00013465047250664492
8461,0.00013503373551811628
8462,0.00014603510739985892
8463,0.0001650390437887909
8464,0.00019604887866769022
8465,0.00022465285590605777
8466,0.0002323993646111506
8467,0.0002292996121607707
8468,0.0002191012870814365
8469,0.00020179454107306733
8470,0.00017728499459322374
8471,0.00014858335504572322
8472,0.0001303722068132824
8473,0.00012094861467362482
8474,0.00011145690512507617
8475,0.00011139042909953188
8476,0.00010701860455540335
8477,0.00011065057555597418
8478,0.00012490804165187676
8479,0.00014734082785221645
8480,0.0001561743426787093
8481,0.00015538976143895206
8482,0.00014943030885265784
8483,0.00014823497143037076
8484,0.00014939748118572238
8485,0.0001528521827848418
8486,0.0001645527839723095
8487,0.00018898846820154835
8488,0.00022348993580486947
8489,0.00024638641280067236
8490,0.00025225435826538404
8491,0.0002451016199859862
8492,0.00023013917974264484
8493,0.0002092620146092088
8494,0.00018848497385992588
8495,0.00016505668865976866
8496,0.0001485201617868725
8497,0.00012918876942025944
8498,0.0001129522053539859
8499,0.0001082381523820553
8500,0.0001029992670849942
8501,9.674928964632123e-05
8502,9.86729909287386e-05
8503,0.0001101598019352892
8504,0.00013651672537192522
8505,0.00016367464388178623
8506,0.0001785825081288474
8507,0.00018880217119168966
8508,0.00019135575333343097
8509,0.00019440585393757094
8510,0.00020083720423606227
8511,0.00020892306894810029
8512,0.00022096261579667654
8513,0.00022912890829270637
8514,0.0002289959562416178
8515,0.00021829454716649786
8516,0.00020184747568600074
8517,0.0001871103153070039
8518,0.00016866568029348468
8519,0.00014842126844022944
8520,0.0001326389572151752
8521,0.00012100360101574168
8522,0.00011463913708863134
8523,0.00010398204536387422
8524,9.606852590324733e-05
8525,9.327366040953047e-05
8526,9.541156221870165e-05
8527,0.00010706169086825613
8528,0.00013317404818622306
8529,0.00016315350466918597
8530,0.00017872982228422024
8531,0.00018235153463887373
8532,0.00018451816065661344
8533,0.00018528017287535256
8534,0.00019129543249543708
8535,0.00020591154085260944
8536,0.00022567831015195391
8537,0.00023477075320140015
8538,0.00023308833527095835
8539,0.0002245026693298281
8540,0.00021087631513075955
8541,0.00019234099368733117
8542,0.0001723706928529869
8543,0.00014784186011881873
8544,0.00012750676183565432
8545,0.00011412128064272462
8546,0.00010482038190823829
8547,9.987489388441275e-05
8548,9.483707804733127e-05
8549,9.388138259367299e-05
8550,9.89655675103008e-05
8551,0.00011156031227592285
8552,0.00013362583895242216
8553,0.0001565567849985073
8554,0.00017041744667032764
8555,0.0001805521681449744
8556,0.00018840290469258723
8557,0.00019225933486582923
8558,0.00020268293980950795
8559,0.00021723872732868642
8560,0.00023487867415645044
8561,0.0002438800204301508
8562,0.0002426338001241138
8563,0.00023432388658524132
8564,0.0002148890870677816
8565,0.00020081012141084055
8566,0.00018828431474578295
8567,0.0001749718751117846
8568,0.00016289088333370236
8569,0.00014568918585952664
8570,0.00013912488350994673
8571,0.0001325384224851854
8572,0.00013018221669089348
8573,0.0001300443404897646
8574,0.00013198158318479284
8575,0.00014430262727734055
8576,0.0001721322819218682
8577,0.0002012955605356485
8578,0.00022192692851290537
8579,0.0002317538906100323
8580,0.00023400750994515094
8581,0.00022705871354658958
8582,0.00021719810309085382
8583,0.0002152949191002711
8584,0.00020967112940839186
8585,0.00019555810504700525
8586,0.0001858029534712996
8587,0.00017424104917663417
8588,0.0001663562539245758
8589,0.00016308456656862153
8590,0.000155285533596432
8591,0.00014396204023288528
8592,0.0001287956581087074
8593,0.00011556610833372111
8594,0.0001052294967074213
8595,9.539720011441738e-05
8596,9.12186484593713e-05
8597,8.961542727541128e-05
8598,8.703353127093815e-05
8599,9.060148832098484e-05
8600,0.00010391269691747309
8601,0.00012518338370829784
8602,0.00014543600247828695
8603,0.0001593557539505911
8604,0.0001699603214082515
8605,0.00017469037786781313
8606,0.00017777781994309218
8607,0.0001830655363947198
8608,0.00019020062980313983
8609,0.0001913959672254269
8610,0.0001867471592415305
8611,0.0001780277205576383
8612,0.00017037395001163818
8613,0.0001570057033438496
8614,0.00014514917073843846
8615,0.00012586701987222858
8616,0.00011151476388804989
8617,9.599179123178572e-05
8618,8.689565506980926e-05
8619,8.19037979664374e-05
8620,7.987422745815321e-05
8621,7.943720914207504e-05
8622,7.89620286631844e-05
8623,8.651485413335803e-05
8624,0.000100152698015854
8625,0.0001231981305503765
8626,0.00014308595187154544
8627,0.00015560970680741958
8628,0.0001629544869383898
8629,0.00016580885257842716
8630,0.00017031896366952127
8631,0.0001788578501852685
8632,0.00018891829906347382
8633,0.00019552527738006978
8634,0.00019579610563228724
8635,0.00018969631476984397
8636,0.00017980082491798928
8637,0.000169197488497839
8638,0.00015340738070188757
8639,0.00013347072822615216
8640,0.00011578564335635192
8641,0.00010095287239740558
8642,9.150055604917948e-05
8643,8.56875969265847e-05
8644,8.239375089544899e-05
8645,7.99521931671249e-05
8646,8.264734462252534e-05
8647,9.073895417627704e-05
8648,0.00010646340663835755
8649,0.00012424697450896414
8650,0.0001368289985536487
8651,0.00014553817859162355
8652,0.00015154112783660726
8653,0.00015436635892223942
8654,0.00015994952437628607
8655,0.00017127465912317958
8656,0.00018876729179557073
8657,0.00020158403365884376
8658,0.0002062890590223671
8659,0.00019890652707442113
8660,0.00018520466924140105
8661,0.0001717014187933404
8662,0.00015718789689534135
8663,0.00013983888526579276
8664,0.00012290473327714093
8665,0.00010830626979094635
8666,9.891755704740769e-05
8667,9.390805507305803e-05
8668,8.827154466024129e-05
8669,8.506428160064784e-05
8670,8.616277740547533e-05
8671,9.407014167855182e-05
8672,0.00011107856626364511
8673,0.0001350513803890941
8674,0.0001520930429869595
8675,0.00016360652647289518
8676,0.00017203461961273522
8677,0.00017656278592064387
8678,0.00018184475753055775
8679,0.00019189412707117234
8680,0.00020683030518096535
8681,0.00021745046578042007
8682,0.0002165903809067113
8683,0.00020591564431097638
8684,0.00019245958363413545
8685,0.00017977784555113448
8686,0.0001639754273800823
8687,0.00014624930792661274
8688,0.00012939681475946285
8689,0.00011397724925404532
8690,0.00010517615174865123
8691,9.860528386568424e-05
8692,9.22986787015476e-05
8693,8.92793540351596e-05
8694,8.790346444472757e-05
8695,9.265485888779724e-05
8696,0.00010847040812562361
8697,0.00013102014288942084
8698,0.00014913075639187186
8699,0.0001610262718517688
8700,0.00017118192096408693
8701,0.0001774913985490804
8702,0.00018375286567118076
8703,0.00019429834332835736
8704,0.0002089444069316083
8705,0.0002208986018461524
8706,0.0002203598177625743
8707,0.00021147624074400488
8708,0.00019712808821819314
8709,0.0001809465104940365
8710,0.00016246289262603146
8711,0.00014272813030194906
8712,0.00012113491168348349
8713,0.00010587743278355978
8714,9.562781447463892e-05
8715,8.889732206119831e-05
8716,8.338555678273626e-05
8717,8.343561897481284e-05
8718,8.902042581220624e-05
8719,0.00010180434000854382
8720,0.00011794201072817428
8721,0.00013749211742574476
8722,0.0001489054765275273
8723,0.00015321780092533537
8724,0.00016417485545671513
8725,0.00017041867770783772
8726,0.00017864200827516792
8727,0.00019474274786949601
8728,0.0002163519699755926
8729,0.00023394103391960667
8730,0.0002388073251969504
8731,0.00023337024286076651
8732,0.00022338283554149257
8733,0.0002115357408903254
8734,0.00019916914840990474
8735,0.00018438110514715794
8736,0.0001655257139511089
8737,0.0001475894974292525
8738,0.0001391019041430919
8739,0.00013015349248232498
8740,0.0001264685868688207
8741,0.0001259618097605047
8742,0.0001259745304814422
8743,0.00013156385112303922
8744,0.000148083553816631
8745,0.00017250036213738192
8746,0.00019611125123486758
8747,0.00021653006006871738
8748,0.00023294471422811576
8749,0.00024898513298444997
8750,0.0002642278394342527
8751,0.0002731434234280842
8752,0.00027693501895912866
8753,0.0002653915802271144
8754,0.0002487237426864764
8755,0.00022712929303050078
8756,0.00020051631379176826
8757,0.00017773924743444305
8758,0.00016107592369800868
8759,0.00014756651806239766
