hour,value
0,0.00011384335154826958
1,0.00011384335154826958
2,0.00011384335154826958
3,0.00011384335154826958
4,0.00011384335154826958
5,0.00011384335154826958
6,0.00011384335154826958
7,0.00011384335154826958
8,0.00011384335154826958
9,0.00011384335154826958
10,0.00011384335154826958
11,0.00011384335154826958
12,0.00011384335154826958
13,0.00011384335154826958
14,0.00011384335154826958
15,0.00011384335154826958
16,0.00011384335154826958
17,0.00011384335154826958
18,0.00011384335154826958
19,0.00011384335154826958
20,0.00011384335154826958
21,0.00011384335154826958
22,0.00011384335154826958
23,0.00011384335154826958
24,0.00011384335154826958
25,0.00011384335154826958
26,0.00011384335154826958
27,0.00011384335154826958
28,0.00011384335154826958
29,0.00011384335154826958
30,0.00011384335154826958
31,0.00011384335154826958
32,0.00011384335154826958
33,0.00011384335154826958
34,0.00011384335154826958
35,0.00011384335154826958
36,0.00011384335154826958
37,0.00011384335154826958
38,0.00011384335154826958
39,0.00011384335154826958
40,0.00011384335154826958
41,0.00011384335154826958
42,0.00011384335154826958
43,0.00011384335154826958
44,0.00011384335154826958
45,0.00011384335154826958
46,0.00011384335154826958
47,0.00011384335154826958
48,0.00011384335154826958
49,0.00011384335154826958
50,0.00011384335154826958
51,0.00011384335154826958
52,0.00011384335154826958
53,0.00011384335154826958
54,0.00011384335154826958
55,0.00011384335154826958
56,0.00011384335154826958
57,0.00011384335154826958
58,0.00011384335154826958
59,0.00011384335154826958
60,0.00011384335154826958
61,0.00011384335154826958
62,0.00011384335154826958
63,0.00011384335154826958
64,0.00011384335154826958
65,0.00011384335154826958
66,0.00011384335154826958
67,0.00011384335154826958
68,0.00011384335154826958
69,0.00011384335154826958
70,0.00011384335154826958
71,0.00011384335154826958
72,0.00011384335154826958
73,0.00011384335154826958
74,0.00011384335154826958
75,0.00011384335154826958
76,0.00011384335154826958
77,0.00011384335154826958
78,0.00011384335154826958
79,0.00011384335154826958
80,0.00011384335154826958
81,0.00011384335154826958
82,0.00011384335154826958
83,0.00011384335154826958
84,0.00011384335154826958
85,0.00011384335154826958
86,0.00011384335154826958
87,0.00011384335154826958
88,0.00011384335154826958
89,0.00011384335154826958
90,0.00011384335154826958
91,0.00011384335154826958
92,0.00011384335154826958
93,0.00011384335154826958
94,0.00011384335154826958
95,0.00011384335154826958
96,0.00011384335154826958
97,0.00011384335154826958
98,0.00011384335154826958
99,0.00011384335154826958
100,0.00011384335154826958
101,0.00011384335154826958
102,0.00011384335154826958
103,0.00011384335154826958
104,0.00011384335154826958
105,0.00011384335154826958
106,0.00011384335154826958
107,0.00011384335154826958
108,0.00011384335154826958
109,0.00011384335154826958
110,0.00011384335154826958
111,0.00011384335154826958
112,0.00011384335154826958
113,0.00011384335154826958
114,0.00011384335154826958
115,0.00011384335154826958
116,0.00011384335154826958
117,0.00011384335154826958
118,0.00011384335154826958
119,0.00011384335154826958
120,0.00011384335154826958
121,0.00011384335154826958
122,0.00011384335154826958
123,0.00011384335154826958
124,0.00011384335154826958
125,0.00011384335154826958
126,0.00011384335154826958
127,0.00011384335154826958
128,0.00011384335154826958
129,0.00011384335154826958
130,0.00011384335154826958
131,0.00011384335154826958
132,0.00011384335154826958
133,0.00011384335154826958
134,0.00011384335154826958
135,0.00011384335154826958
136,0.00011384335154826958
137,0.00011384335154826958
138,0.00011384335154826958
139,0.00011384335154826958
140,0.00011384335154826958
141,0.00011384335154826958
142,0.00011384335154826958
143,0.00011384335154826958
144,0.00011384335154826958
145,0.00011384335154826958
146,0.00011384335154826958
147,0.00011384335154826958
148,0.00011384335154826958
149,0.00011384335154826958
150,0.00011384335154826958
151,0.00011384335154826958
152,0.00011384335154826958
153,0.00011384335154826958
154,0.00011384335154826958
155,0.00011384335154826958
156,0.00011384335154826958
157,0.00011384335154826958
158,0.00011384335154826958
159,0.00011384335154826958
160,0.00011384335154826958
161,0.00011384335154826958
162,0.00011384335154826958
163,0.00011384335154826958
164,0.00011384335154826958
165,0.00011384335154826958
166,0.00011384335154826958
167,0.00011384335154826958
168,0.00011384335154826958
169,0.00011384335154826958
170,0.00011384335154826958
171,0.00011384335154826958
172,0.00011384335154826958
173,0.00011384335154826958
174,0.00011384335154826958
175,0.00011384335154826958
176,0.00011384335154826958
177,0.00011384335154826958
178,0.00011384335154826958
179,0.00011384335154826958
180,0.00011384335154826958
181,0.00011384335154826958
182,0.00011384335154826958
183,0.00011384335154826958
184,0.00011384335154826958
185,0.00011384335154826958
186,0.00011384335154826958
187,0.00011384335154826958
188,0.00011384335154826958
189,0.00011384335154826958
190,0.00011384335154826958
191,0.00011384335154826958
192,0.00011384335154826958
193,0.00011384335154826958
194,0.00011384335154826958
195,0.00011384335154826958
196,0.00011384335154826958
197,0.00011384335154826958
198,0.00011384335154826958
199,0.00011384335154826958
200,0.00011384335154826958
201,0.00011384335154826958
202,0.00011384335154826958
203,0.00011384335154826958
204,0.00011384335154826958
205,0.00011384335154826958
206,0.00011384335154826958
207,0.00011384335154826958
208,0.00011384335154826958
209,0.00011384335154826958
210,0.00011384335154826958
211,0.00011384335154826958
212,0.00011384335154826958
213,0.00011384335154826958
214,0.00011384335154826958
215,0.00011384335154826958
216,0.00011384335154826958
217,0.00011384335154826958
218,0.00011384335154826958
219,0.00011384335154826958
220,0.00011384335154826958
221,0.00011384335154826958
222,0.00011384335154826958
223,0.00011384335154826958
224,0.00011384335154826958
225,0.00011384335154826958
226,0.00011384335154826958
227,0.00011384335154826958
228,0.00011384335154826958
229,0.00011384335154826958
230,0.00011384335154826958
231,0.00011384335154826958
232,0.00011384335154826958
233,0.00011384335154826958
234,0.00011384335154826958
235,0.00011384335154826958
236,0.00011384335154826958
237,0.00011384335154826958
238,0.00011384335154826958
239,0.00011384335154826958
240,0.00011384335154826958
241,0.00011384335154826958
242,0.00011384335154826958
243,0.00011384335154826958
244,0.00011384335154826958
245,0.00011384335154826958
246,0.00011384335154826958
247,0.00011384335154826958
248,0.00011384335154826958
249,0.00011384335154826958
250,0.00011384335154826958
251,0.00011384335154826958
252,0.00011384335154826958
253,0.00011384335154826958
254,0.00011384335154826958
255,0.00011384335154826958
256,0.00011384335154826958
257,0.00011384335154826958
258,0.00011384335154826958
259,0.00011384335154826958
260,0.00011384335154826958
261,0.00011384335154826958
262,0.00011384335154826958
263,0.00011384335154826958
264,0.00011384335154826958
265,0.00011384335154826958
266,0.00011384335154826958
267,0.00011384335154826958
268,0.00011384335154826958
269,0.00011384335154826958
270,0.00011384335154826958
271,0.00011384335154826958
272,0.00011384335154826958
273,0.00011384335154826958
274,0.00011384335154826958
275,0.00011384335154826958
276,0.00011384335154826958
277,0.00011384335154826958
278,0.00011384335154826958
279,0.00011384335154826958
280,0.00011384335154826958
281,0.00011384335154826958
282,0.00011384335154826958
283,0.00011384335154826958
284,0.00011384335154826958
285,0.00011384335154826958
286,0.00011384335154826958
287,0.00011384335154826958
288,0.00011384335154826958
289,0.00011384335154826958
290,0.00011384335154826958
291,0.00011384335154826958
292,0.00011384335154826958
293,0.00011384335154826958
294,0.00011384335154826958
295,0.00011384335154826958
296,0.00011384335154826958
297,0.00011384335154826958
298,0.00011384335154826958
299,0.00011384335154826958
300,0.00011384335154826958
301,0.00011384335154826958
302,0.00011384335154826958
303,0.00011384335154826958
304,0.00011384335154826958
305,0.00011384335154826958
306,0.00011384335154826958
307,0.00011384335154826958
308,0.00011384335154826958
309,0.00011384335154826958
310,0.00011384335154826958
311,0.00011384335154826958
312,0.00011384335154826958
313,0.00011384335154826958
314,0.00011384335154826958
315,0.00011384335154826958
316,0.00011384335154826958
317,0.00011384335154826958
318,0.00011384335154826958
319,0.00011384335154826958
320,0.00011384335154826958
321,0.00011384335154826958
322,0.00011384335154826958
323,0.00011384335154826958
324,0.00011384335154826958
325,0.00011384335154826958
326,0.00011384335154826958
327,0.00011384335154826958
328,0.00011384335154826958
329,0.00011384335154826958
330,0.00011384335154826958
331,0.00011384335154826958
332,0.00011384335154826958
333,0.00011384335154826958
334,0.00011384335154826958
335,0.00011384335154826958
336,0.00011384335154826958
337,0.00011384335154826958
338,0.00011384335154826958
339,0.00011384335154826958
340,0.00011384335154826958
341,0.00011384335154826958
342,0.00011384335154826958
343,0.00011384335154826958
344,0.00011384335154826958
345,0.00011384335154826958
346,0.00011384335154826958
347,0.00011384335154826958
348,0.00011384335154826958
349,0.00011384335154826958
350,0.00011384335154826958
351,0.00011384335154826958
352,0.00011384335154826958
353,0.00011384335154826958
354,0.00011384335154826958
355,0.00011384335154826958
356,0.00011384335154826958
357,0.00011384335154826958
358,0.00011384335154826958
359,0.00011384335154826958
360,0.00011384335154826958
361,0.00011384335154826958
362,0.00011384335154826958
363,0.00011384335154826958
364,0.00011384335154826958
365,0.00011384335154826958
366,0.00011384335154826958
367,0.00011384335154826958
368,0.00011384335154826958
369,0.00011384335154826958
370,0.00011384335154826958
371,0.00011384335154826958
372,0.00011384335154826958
373,0.00011384335154826958
374,0.00011384335154826958
375,0.00011384335154826958
376,0.00011384335154826958
377,0.00011384335154826958
378,0.00011384335154826958
379,0.00011384335154826958
380,0.00011384335154826958
381,0.00011384335154826958
382,0.00011384335154826958
383,0.00011384335154826958
384,0.00011384335154826958
385,0.00011384335154826958
386,0.00011384335154826958
387,0.00011384335154826958
388,0.00011384335154826958
389,0.00011384335154826958
390,0.00011384335154826958
391,0.00011384335154826958
392,0.00011384335154826958
393,0.00011384335154826958
394,0.00011384335154826958
395,0.00011384335154826958
396,0.00011384335154826958
397,0.00011384335154826958
398,0.00011384335154826958
399,0.00011384335154826958
400,0.00011384335154826958
401,0.00011384335154826958
402,0.00011384335154826958
403,0.00011384335154826958
404,0.00011384335154826958
405,0.00011384335154826958
406,0.00011384335154826958
407,0.00011384335154826958
408,0.00011384335154826958
409,0.00011384335154826958
410,0.00011384335154826958
411,0.00011384335154826958
412,0.00011384335154826958
413,0.00011384335154826958
414,0.00011384335154826958
415,0.00011384335154826958
416,0.00011384335154826958
417,0.00011384335154826958
418,0.00011384335154826958
419,0.00011384335154826958
420,0.00011384335154826958
421,0.00011384335154826958
422,0.00011384335154826958
423,0.00011384335154826958
424,0.00011384335154826958
425,0.00011384335154826958
426,0.00011384335154826958
427,0.00011384335154826958
428,0.00011384335154826958
429,0.00011384335154826958
430,0.00011384335154826958
431,0.00011384335154826958
432,0.00011384335154826958
433,0.00011384335154826958
434,0.00011384335154826958
435,0.00011384335154826958
436,0.00011384335154826958
437,0.00011384335154826958
438,0.00011384335154826958
439,0.00011384335154826958
440,0.00011384335154826958
441,0.00011384335154826958
442,0.00011384335154826958
443,0.00011384335154826958
444,0.00011384335154826958
445,0.00011384335154826958
446,0.00011384335154826958
447,0.00011384335154826958
448,0.00011384335154826958
449,0.00011384335154826958
450,0.00011384335154826958
451,0.00011384335154826958
452,0.00011384335154826958
453,0.00011384335154826958
454,0.00011384335154826958
455,0.00011384335154826958
456,0.00011384335154826958
457,0.00011384335154826958
458,0.00011384335154826958
459,0.00011384335154826958
460,0.00011384335154826958
461,0.00011384335154826958
462,0.00011384335154826958
463,0.00011384335154826958
464,0.00011384335154826958
465,0.00011384335154826958
466,0.00011384335154826958
467,0.00011384335154826958
468,0.00011384335154826958
469,0.00011384335154826958
470,0.00011384335154826958
471,0.00011384335154826958
472,0.00011384335154826958
473,0.00011384335154826958
474,0.00011384335154826958
475,0.00011384335154826958
476,0.00011384335154826958
477,0.00011384335154826958
478,0.00011384335154826958
479,0.00011384335154826958
480,0.00011384335154826958
481,0.00011384335154826958
482,0.00011384335154826958
483,0.00011384335154826958
484,0.00011384335154826958
485,0.00011384335154826958
486,0.00011384335154826958
487,0.00011384335154826958
488,0.00011384335154826958
489,0.00011384335154826958
490,0.00011384335154826958
491,0.00011384335154826958
492,0.00011384335154826958
493,0.00011384335154826958
494,0.00011384335154826958
495,0.00011384335154826958
496,0.00011384335154826958
497,0.00011384335154826958
498,0.00011384335154826958
499,0.00011384335154826958
500,0.00011384335154826958
501,0.00011384335154826958
502,0.00011384335154826958
503,0.00011384335154826958
504,0.00011384335154826958
505,0.00011384335154826958
506,0.00011384335154826958
507,0.00011384335154826958
508,0.00011384335154826958
509,0.00011384335154826958
510,0.00011384335154826958
511,0.00011384335154826958
512,0.00011384335154826958
513,0.00011384335154826958
514,0.00011384335154826958
515,0.00011384335154826958
516,0.00011384335154826958
517,0.00011384335154826958
518,0.00011384335154826958
519,0.00011384335154826958
520,0.00011384335154826958
521,0.00011384335154826958
522,0.00011384335154826958
523,0.00011384335154826958
524,0.00011384335154826958
525,0.00011384335154826958
526,0.00011384335154826958
527,0.00011384335154826958
528,0.00011384335154826958
529,0.00011384335154826958
530,0.00011384335154826958
531,0.00011384335154826958
532,0.00011384335154826958
533,0.00011384335154826958
534,0.00011384335154826958
535,0.00011384335154826958
536,0.00011384335154826958
537,0.00011384335154826958
538,0.00011384335154826958
539,0.00011384335154826958
540,0.00011384335154826958
541,0.00011384335154826958
542,0.00011384335154826958
543,0.00011384335154826958
544,0.00011384335154826958
545,0.00011384335154826958
546,0.00011384335154826958
547,0.00011384335154826958
548,0.00011384335154826958
549,0.00011384335154826958
550,0.00011384335154826958
551,0.00011384335154826958
552,0.00011384335154826958
553,0.00011384335154826958
554,0.00011384335154826958
555,0.00011384335154826958
556,0.00011384335154826958
557,0.00011384335154826958
558,0.00011384335154826958
559,0.00011384335154826958
560,0.00011384335154826958
561,0.00011384335154826958
562,0.00011384335154826958
563,0.00011384335154826958
564,0.00011384335154826958
565,0.00011384335154826958
566,0.00011384335154826958
567,0.00011384335154826958
568,0.00011384335154826958
569,0.00011384335154826958
570,0.00011384335154826958
571,0.00011384335154826958
572,0.00011384335154826958
573,0.00011384335154826958
574,0.00011384335154826958
575,0.00011384335154826958
576,0.00011384335154826958
577,0.00011384335154826958
578,0.00011384335154826958
579,0.00011384335154826958
580,0.00011384335154826958
581,0.00011384335154826958
582,0.00011384335154826958
583,0.00011384335154826958
584,0.00011384335154826958
585,0.00011384335154826958
586,0.00011384335154826958
587,0.00011384335154826958
588,0.00011384335154826958
589,0.00011384335154826958
590,0.00011384335154826958
591,0.00011384335154826958
592,0.00011384335154826958
593,0.00011384335154826958
594,0.00011384335154826958
595,0.00011384335154826958
596,0.00011384335154826958
597,0.00011384335154826958
598,0.00011384335154826958
599,0.00011384335154826958
600,0.00011384335154826958
601,0.00011384335154826958
602,0.00011384335154826958
603,0.00011384335154826958
604,0.00011384335154826958
605,0.00011384335154826958
606,0.00011384335154826958
607,0.00011384335154826958
608,0.00011384335154826958
609,0.00011384335154826958
610,0.00011384335154826958
611,0.00011384335154826958
612,0.00011384335154826958
613,0.00011384335154826958
614,0.00011384335154826958
615,0.00011384335154826958
616,0.00011384335154826958
617,0.00011384335154826958
618,0.00011384335154826958
619,0.00011384335154826958
620,0.00011384335154826958
621,0.00011384335154826958
622,0.00011384335154826958
623,0.00011384335154826958
624,0.00011384335154826958
625,0.00011384335154826958
626,0.00011384335154826958
627,0.00011384335154826958
628,0.00011384335154826958
629,0.00011384335154826958
630,0.00011384335154826958
631,0.00011384335154826958
632,0.00011384335154826958
633,0.00011384335154826958
634,0.00011384335154826958
635,0.00011384335154826958
636,0.00011384335154826958
637,0.00011384335154826958
638,0.00011384335154826958
639,0.00011384335154826958
640,0.00011384335154826958
641,0.00011384335154826958
642,0.00011384335154826958
643,0.00011384335154826958
644,0.00011384335154826958
645,0.00011384335154826958
646,0.00011384335154826958
647,0.00011384335154826958
648,0.00011384335154826958
649,0.00011384335154826958
650,0.00011384335154826958
651,0.00011384335154826958
652,0.00011384335154826958
653,0.00011384335154826958
654,0.00011384335154826958
655,0.00011384335154826958
656,0.00011384335154826958
657,0.00011384335154826958
658,0.00011384335154826958
659,0.00011384335154826958
660,0.00011384335154826958
661,0.00011384335154826958
662,0.00011384335154826958
663,0.00011384335154826958
664,0.00011384335154826958
665,0.00011384335154826958
666,0.00011384335154826958
667,0.00011384335154826958
668,0.00011384335154826958
669,0.00011384335154826958
670,0.00011384335154826958
671,0.00011384335154826958
672,0.00011384335154826958
673,0.00011384335154826958
674,0.00011384335154826958
675,0.00011384335154826958
676,0.00011384335154826958
677,0.00011384335154826958
678,0.00011384335154826958
679,0.00011384335154826958
680,0.00011384335154826958
681,0.00011384335154826958
682,0.00011384335154826958
683,0.00011384335154826958
684,0.00011384335154826958
685,0.00011384335154826958
686,0.00011384335154826958
687,0.00011384335154826958
688,0.00011384335154826958
689,0.00011384335154826958
690,0.00011384335154826958
691,0.00011384335154826958
692,0.00011384335154826958
693,0.00011384335154826958
694,0.00011384335154826958
695,0.00011384335154826958
696,0.00011384335154826958
697,0.00011384335154826958
698,0.00011384335154826958
699,0.00011384335154826958
700,0.00011384335154826958
701,0.00011384335154826958
702,0.00011384335154826958
703,0.00011384335154826958
704,0.00011384335154826958
705,0.00011384335154826958
706,0.00011384335154826958
707,0.00011384335154826958
708,0.00011384335154826958
709,0.00011384335154826958
710,0.00011384335154826958
711,0.00011384335154826958
712,0.00011384335154826958
713,0.00011384335154826958
714,0.00011384335154826958
715,0.00011384335154826958
716,0.00011384335154826958
717,0.00011384335154826958
718,0.00011384335154826958
719,0.00011384335154826958
720,0.00011384335154826958
721,0.00011384335154826958
722,0.00011384335154826958
723,0.00011384335154826958
724,0.00011384335154826958
725,0.00011384335154826958
726,0.00011384335154826958
727,0.00011384335154826958
728,0.00011384335154826958
729,0.00011384335154826958
730,0.00011384335154826958
731,0.00011384335154826958
732,0.00011384335154826958
733,0.00011384335154826958
734,0.00011384335154826958
735,0.00011384335154826958
736,0.00011384335154826958
737,0.00011384335154826958
738,0.00011384335154826958
739,0.00011384335154826958
740,0.00011384335154826958
741,0.00011384335154826958
742,0.00011384335154826958
743,0.00011384335154826958
744,0.00011384335154826958
745,0.00011384335154826958
746,0.00011384335154826958
747,0.00011384335154826958
748,0.00011384335154826958
749,0.00011384335154826958
750,0.00011384335154826958
751,0.00011384335154826958
752,0.00011384335154826958
753,0.00011384335154826958
754,0.00011384335154826958
755,0.00011384335154826958
756,0.00011384335154826958
757,0.00011384335154826958
758,0.00011384335154826958
759,0.00011384335154826958
760,0.00011384335154826958
761,0.00011384335154826958
762,0.00011384335154826958
763,0.00011384335154826958
764,0.00011384335154826958
765,0.00011384335154826958
766,0.00011384335154826958
767,0.00011384335154826958
768,0.00011384335154826958
769,0.00011384335154826958
770,0.00011384335154826958
771,0.00011384335154826958
772,0.00011384335154826958
773,0.00011384335154826958
774,0.00011384335154826958
775,0.00011384335154826958
776,0.00011384335154826958
777,0.00011384335154826958
778,0.00011384335154826958
779,0.00011384335154826958
780,0.00011384335154826958
781,0.00011384335154826958
782,0.00011384335154826958
783,0.00011384335154826958
784,0.00011384335154826958
785,0.00011384335154826958
786,0.00011384335154826958
787,0.00011384335154826958
788,0.00011384335154826958
789,0.00011384335154826958
790,0.00011384335154826958
791,0.00011384335154826958
792,0.00011384335154826958
793,0.00011384335154826958
794,0.00011384335154826958
795,0.00011384335154826958
796,0.00011384335154826958
797,0.00011384335154826958
798,0.00011384335154826958
799,0.00011384335154826958
800,0.00011384335154826958
801,0.00011384335154826958
802,0.00011384335154826958
803,0.00011384335154826958
804,0.00011384335154826958
805,0.00011384335154826958
806,0.00011384335154826958
807,0.00011384335154826958
808,0.00011384335154826958
809,0.00011384335154826958
810,0.00011384335154826958
811,0.00011384335154826958
812,0.00011384335154826958
813,0.00011384335154826958
814,0.00011384335154826958
815,0.00011384335154826958
816,0.00011384335154826958
817,0.00011384335154826958
818,0.00011384335154826958
819,0.00011384335154826958
820,0.00011384335154826958
821,0.00011384335154826958
822,0.00011384335154826958
823,0.00011384335154826958
824,0.00011384335154826958
825,0.00011384335154826958
826,0.00011384335154826958
827,0.00011384335154826958
828,0.00011384335154826958
829,0.00011384335154826958
830,0.00011384335154826958
831,0.00011384335154826958
832,0.00011384335154826958
833,0.00011384335154826958
834,0.00011384335154826958
835,0.00011384335154826958
836,0.00011384335154826958
837,0.00011384335154826958
838,0.00011384335154826958
839,0.00011384335154826958
840,0.00011384335154826958
841,0.00011384335154826958
842,0.00011384335154826958
843,0.00011384335154826958
844,0.00011384335154826958
845,0.00011384335154826958
846,0.00011384335154826958
847,0.00011384335154826958
848,0.00011384335154826958
849,0.00011384335154826958
850,0.00011384335154826958
851,0.00011384335154826958
852,0.00011384335154826958
853,0.00011384335154826958
854,0.00011384335154826958
855,0.00011384335154826958
856,0.00011384335154826958
857,0.00011384335154826958
858,0.00011384335154826958
859,0.00011384335154826958
860,0.00011384335154826958
861,0.00011384335154826958
862,0.00011384335154826958
863,0.00011384335154826958
864,0.00011384335154826958
865,0.00011384335154826958
866,0.00011384335154826958
867,0.00011384335154826958
868,0.00011384335154826958
869,0.00011384335154826958
870,0.00011384335154826958
871,0.00011384335154826958
872,0.00011384335154826958
873,0.00011384335154826958
874,0.00011384335154826958
875,0.00011384335154826958
876,0.00011384335154826958
877,0.00011384335154826958
878,0.00011384335154826958
879,0.00011384335154826958
880,0.00011384335154826958
881,0.00011384335154826958
882,0.00011384335154826958
883,0.00011384335154826958
884,0.00011384335154826958
885,0.00011384335154826958
886,0.00011384335154826958
887,0.00011384335154826958
888,0.00011384335154826958
889,0.00011384335154826958
890,0.00011384335154826958
891,0.00011384335154826958
892,0.00011384335154826958
893,0.00011384335154826958
894,0.00011384335154826958
895,0.00011384335154826958
896,0.00011384335154826958
897,0.00011384335154826958
898,0.00011384335154826958
899,0.00011384335154826958
900,0.00011384335154826958
901,0.00011384335154826958
902,0.00011384335154826958
903,0.00011384335154826958
904,0.00011384335154826958
905,0.00011384335154826958
906,0.00011384335154826958
907,0.00011384335154826958
908,0.00011384335154826958
909,0.00011384335154826958
910,0.00011384335154826958
911,0.00011384335154826958
912,0.00011384335154826958
913,0.00011384335154826958
914,0.00011384335154826958
915,0.00011384335154826958
916,0.00011384335154826958
917,0.00011384335154826958
918,0.00011384335154826958
919,0.00011384335154826958
920,0.00011384335154826958
921,0.00011384335154826958
922,0.00011384335154826958
923,0.00011384335154826958
924,0.00011384335154826958
925,0.00011384335154826958
926,0.00011384335154826958
927,0.00011384335154826958
928,0.00011384335154826958
929,0.00011384335154826958
930,0.00011384335154826958
931,0.00011384335154826958
932,0.00011384335154826958
933,0.00011384335154826958
934,0.00011384335154826958
935,0.00011384335154826958
936,0.00011384335154826958
937,0.00011384335154826958
938,0.00011384335154826958
939,0.00011384335154826958
940,0.00011384335154826958
941,0.00011384335154826958
942,0.00011384335154826958
943,0.00011384335154826958
944,0.00011384335154826958
945,0.00011384335154826958
946,0.00011384335154826958
947,0.00011384335154826958
948,0.00011384335154826958
949,0.00011384335154826958
950,0.00011384335154826958
951,0.00011384335154826958
952,0.00011384335154826958
953,0.00011384335154826958
954,0.00011384335154826958
955,0.00011384335154826958
956,0.00011384335154826958
957,0.00011384335154826958
958,0.00011384335154826958
959,0.00011384335154826958
960,0.00011384335154826958
961,0.00011384335154826958
962,0.00011384335154826958
963,0.00011384335154826958
964,0.00011384335154826958
965,0.00011384335154826958
966,0.00011384335154826958
967,0.00011384335154826958
968,0.00011384335154826958
969,0.00011384335154826958
970,0.00011384335154826958
971,0.00011384335154826958
972,0.00011384335154826958
973,0.00011384335154826958
974,0.00011384335154826958
975,0.00011384335154826958
976,0.00011384335154826958
977,0.00011384335154826958
978,0.00011384335154826958
979,0.00011384335154826958
980,0.00011384335154826958
981,0.00011384335154826958
982,0.00011384335154826958
983,0.00011384335154826958
984,0.00011384335154826958
985,0.00011384335154826958
986,0.00011384335154826958
987,0.00011384335154826958
988,0.00011384335154826958
989,0.00011384335154826958
990,0.00011384335154826958
991,0.00011384335154826958
992,0.00011384335154826958
993,0.00011384335154826958
994,0.00011384335154826958
995,0.00011384335154826958
996,0.00011384335154826958
997,0.00011384335154826958
998,0.00011384335154826958
999,0.00011384335154826958
1000,0.00011384335154826958
1001,0.00011384335154826958
1002,0.00011384335154826958
1003,0.00011384335154826958
1004,0.00011384335154826958
1005,0.00011384335154826958
1006,0.00011384335154826958
1007,0.00011384335154826958
1008,0.00011384335154826958
1009,0.00011384335154826958
1010,0.00011384335154826958
1011,0.00011384335154826958
1012,0.00011384335154826958
1013,0.00011384335154826958
1014,0.00011384335154826958
1015,0.00011384335154826958
1016,0.00011384335154826958
1017,0.00011384335154826958
1018,0.00011384335154826958
1019,0.00011384335154826958
1020,0.00011384335154826958
1021,0.00011384335154826958
1022,0.00011384335154826958
1023,0.00011384335154826958
1024,0.00011384335154826958
1025,0.00011384335154826958
1026,0.00011384335154826958
1027,0.00011384335154826958
1028,0.00011384335154826958
1029,0.00011384335154826958
1030,0.00011384335154826958
1031,0.00011384335154826958
1032,0.00011384335154826958
1033,0.00011384335154826958
1034,0.00011384335154826958
1035,0.00011384335154826958
1036,0.00011384335154826958
1037,0.00011384335154826958
1038,0.00011384335154826958
1039,0.00011384335154826958
1040,0.00011384335154826958
1041,0.00011384335154826958
1042,0.00011384335154826958
1043,0.00011384335154826958
1044,0.00011384335154826958
1045,0.00011384335154826958
1046,0.00011384335154826958
1047,0.00011384335154826958
1048,0.00011384335154826958
1049,0.00011384335154826958
1050,0.00011384335154826958
1051,0.00011384335154826958
1052,0.00011384335154826958
1053,0.00011384335154826958
1054,0.00011384335154826958
1055,0.00011384335154826958
1056,0.00011384335154826958
1057,0.00011384335154826958
1058,0.00011384335154826958
1059,0.00011384335154826958
1060,0.00011384335154826958
1061,0.00011384335154826958
1062,0.00011384335154826958
1063,0.00011384335154826958
1064,0.00011384335154826958
1065,0.00011384335154826958
1066,0.00011384335154826958
1067,0.00011384335154826958
1068,0.00011384335154826958
1069,0.00011384335154826958
1070,0.00011384335154826958
1071,0.00011384335154826958
1072,0.00011384335154826958
1073,0.00011384335154826958
1074,0.00011384335154826958
1075,0.00011384335154826958
1076,0.00011384335154826958
1077,0.00011384335154826958
1078,0.00011384335154826958
1079,0.00011384335154826958
1080,0.00011384335154826958
1081,0.00011384335154826958
1082,0.00011384335154826958
1083,0.00011384335154826958
1084,0.00011384335154826958
1085,0.00011384335154826958
1086,0.00011384335154826958
1087,0.00011384335154826958
1088,0.00011384335154826958
1089,0.00011384335154826958
1090,0.00011384335154826958
1091,0.00011384335154826958
1092,0.00011384335154826958
1093,0.00011384335154826958
1094,0.00011384335154826958
1095,0.00011384335154826958
1096,0.00011384335154826958
1097,0.00011384335154826958
1098,0.00011384335154826958
1099,0.00011384335154826958
1100,0.00011384335154826958
1101,0.00011384335154826958
1102,0.00011384335154826958
1103,0.00011384335154826958
1104,0.00011384335154826958
1105,0.00011384335154826958
1106,0.00011384335154826958
1107,0.00011384335154826958
1108,0.00011384335154826958
1109,0.00011384335154826958
1110,0.00011384335154826958
1111,0.00011384335154826958
1112,0.00011384335154826958
1113,0.00011384335154826958
1114,0.00011384335154826958
1115,0.00011384335154826958
1116,0.00011384335154826958
1117,0.00011384335154826958
1118,0.00011384335154826958
1119,0.00011384335154826958
1120,0.00011384335154826958
1121,0.00011384335154826958
1122,0.00011384335154826958
1123,0.00011384335154826958
1124,0.00011384335154826958
1125,0.00011384335154826958
1126,0.00011384335154826958
1127,0.00011384335154826958
1128,0.00011384335154826958
1129,0.00011384335154826958
1130,0.00011384335154826958
1131,0.00011384335154826958
1132,0.00011384335154826958
1133,0.00011384335154826958
1134,0.00011384335154826958
1135,0.00011384335154826958
1136,0.00011384335154826958
1137,0.00011384335154826958
1138,0.00011384335154826958
1139,0.00011384335154826958
1140,0.00011384335154826958
1141,0.00011384335154826958
1142,0.00011384335154826958
1143,0.00011384335154826958
1144,0.00011384335154826958
1145,0.00011384335154826958
1146,0.00011384335154826958
1147,0.00011384335154826958
1148,0.00011384335154826958
1149,0.00011384335154826958
1150,0.00011384335154826958
1151,0.00011384335154826958
1152,0.00011384335154826958
1153,0.00011384335154826958
1154,0.00011384335154826958
1155,0.00011384335154826958
1156,0.00011384335154826958
1157,0.00011384335154826958
1158,0.00011384335154826958
1159,0.00011384335154826958
1160,0.00011384335154826958
1161,0.00011384335154826958
1162,0.00011384335154826958
1163,0.00011384335154826958
1164,0.00011384335154826958
1165,0.00011384335154826958
1166,0.00011384335154826958
1167,0.00011384335154826958
1168,0.00011384335154826958
1169,0.00011384335154826958
1170,0.00011384335154826958
1171,0.00011384335154826958
1172,0.00011384335154826958
1173,0.00011384335154826958
1174,0.00011384335154826958
1175,0.00011384335154826958
1176,0.00011384335154826958
1177,0.00011384335154826958
1178,0.00011384335154826958
1179,0.00011384335154826958
1180,0.00011384335154826958
1181,0.00011384335154826958
1182,0.00011384335154826958
1183,0.00011384335154826958
1184,0.00011384335154826958
1185,0.00011384335154826958
1186,0.00011384335154826958
1187,0.00011384335154826958
1188,0.00011384335154826958
1189,0.00011384335154826958
1190,0.00011384335154826958
1191,0.00011384335154826958
1192,0.00011384335154826958
1193,0.00011384335154826958
1194,0.00011384335154826958
1195,0.00011384335154826958
1196,0.00011384335154826958
1197,0.00011384335154826958
1198,0.00011384335154826958
1199,0.00011384335154826958
1200,0.00011384335154826958
1201,0.00011384335154826958
1202,0.00011384335154826958
1203,0.00011384335154826958
1204,0.00011384335154826958
1205,0.00011384335154826958
1206,0.00011384335154826958
1207,0.00011384335154826958
1208,0.00011384335154826958
1209,0.00011384335154826958
1210,0.00011384335154826958
1211,0.00011384335154826958
1212,0.00011384335154826958
1213,0.00011384335154826958
1214,0.00011384335154826958
1215,0.00011384335154826958
1216,0.00011384335154826958
1217,0.00011384335154826958
1218,0.00011384335154826958
1219,0.00011384335154826958
1220,0.00011384335154826958
1221,0.00011384335154826958
1222,0.00011384335154826958
1223,0.00011384335154826958
1224,0.00011384335154826958
1225,0.00011384335154826958
1226,0.00011384335154826958
1227,0.00011384335154826958
1228,0.00011384335154826958
1229,0.00011384335154826958
1230,0.00011384335154826958
1231,0.00011384335154826958
1232,0.00011384335154826958
1233,0.00011384335154826958
1234,0.00011384335154826958
1235,0.00011384335154826958
1236,0.00011384335154826958
1237,0.00011384335154826958
1238,0.00011384335154826958
1239,0.00011384335154826958
1240,0.00011384335154826958
1241,0.00011384335154826958
1242,0.00011384335154826958
1243,0.00011384335154826958
1244,0.00011384335154826958
1245,0.00011384335154826958
1246,0.00011384335154826958
1247,0.00011384335154826958
1248,0.00011384335154826958
1249,0.00011384335154826958
1250,0.00011384335154826958
1251,0.00011384335154826958
1252,0.00011384335154826958
1253,0.00011384335154826958
1254,0.00011384335154826958
1255,0.00011384335154826958
1256,0.00011384335154826958
1257,0.00011384335154826958
1258,0.00011384335154826958
1259,0.00011384335154826958
1260,0.00011384335154826958
1261,0.00011384335154826958
1262,0.00011384335154826958
1263,0.00011384335154826958
1264,0.00011384335154826958
1265,0.00011384335154826958
1266,0.00011384335154826958
1267,0.00011384335154826958
1268,0.00011384335154826958
1269,0.00011384335154826958
1270,0.00011384335154826958
1271,0.00011384335154826958
1272,0.00011384335154826958
1273,0.00011384335154826958
1274,0.00011384335154826958
1275,0.00011384335154826958
1276,0.00011384335154826958
1277,0.00011384335154826958
1278,0.00011384335154826958
1279,0.00011384335154826958
1280,0.00011384335154826958
1281,0.00011384335154826958
1282,0.00011384335154826958
1283,0.00011384335154826958
1284,0.00011384335154826958
1285,0.00011384335154826958
1286,0.00011384335154826958
1287,0.00011384335154826958
1288,0.00011384335154826958
1289,0.00011384335154826958
1290,0.00011384335154826958
1291,0.00011384335154826958
1292,0.00011384335154826958
1293,0.00011384335154826958
1294,0.00011384335154826958
1295,0.00011384335154826958
1296,0.00011384335154826958
1297,0.00011384335154826958
1298,0.00011384335154826958
1299,0.00011384335154826958
1300,0.00011384335154826958
1301,0.00011384335154826958
1302,0.00011384335154826958
1303,0.00011384335154826958
1304,0.00011384335154826958
1305,0.00011384335154826958
1306,0.00011384335154826958
1307,0.00011384335154826958
1308,0.00011384335154826958
1309,0.00011384335154826958
1310,0.00011384335154826958
1311,0.00011384335154826958
1312,0.00011384335154826958
1313,0.00011384335154826958
1314,0.00011384335154826958
1315,0.00011384335154826958
1316,0.00011384335154826958
1317,0.00011384335154826958
1318,0.00011384335154826958
1319,0.00011384335154826958
1320,0.00011384335154826958
1321,0.00011384335154826958
1322,0.00011384335154826958
1323,0.00011384335154826958
1324,0.00011384335154826958
1325,0.00011384335154826958
1326,0.00011384335154826958
1327,0.00011384335154826958
1328,0.00011384335154826958
1329,0.00011384335154826958
1330,0.00011384335154826958
1331,0.00011384335154826958
1332,0.00011384335154826958
1333,0.00011384335154826958
1334,0.00011384335154826958
1335,0.00011384335154826958
1336,0.00011384335154826958
1337,0.00011384335154826958
1338,0.00011384335154826958
1339,0.00011384335154826958
1340,0.00011384335154826958
1341,0.00011384335154826958
1342,0.00011384335154826958
1343,0.00011384335154826958
1344,0.00011384335154826958
1345,0.00011384335154826958
1346,0.00011384335154826958
1347,0.00011384335154826958
1348,0.00011384335154826958
1349,0.00011384335154826958
1350,0.00011384335154826958
1351,0.00011384335154826958
1352,0.00011384335154826958
1353,0.00011384335154826958
1354,0.00011384335154826958
1355,0.00011384335154826958
1356,0.00011384335154826958
1357,0.00011384335154826958
1358,0.00011384335154826958
1359,0.00011384335154826958
1360,0.00011384335154826958
1361,0.00011384335154826958
1362,0.00011384335154826958
1363,0.00011384335154826958
1364,0.00011384335154826958
1365,0.00011384335154826958
1366,0.00011384335154826958
1367,0.00011384335154826958
1368,0.00011384335154826958
1369,0.00011384335154826958
1370,0.00011384335154826958
1371,0.00011384335154826958
1372,0.00011384335154826958
1373,0.00011384335154826958
1374,0.00011384335154826958
1375,0.00011384335154826958
1376,0.00011384335154826958
1377,0.00011384335154826958
1378,0.00011384335154826958
1379,0.00011384335154826958
1380,0.00011384335154826958
1381,0.00011384335154826958
1382,0.00011384335154826958
1383,0.00011384335154826958
1384,0.00011384335154826958
1385,0.00011384335154826958
1386,0.00011384335154826958
1387,0.00011384335154826958
1388,0.00011384335154826958
1389,0.00011384335154826958
1390,0.00011384335154826958
1391,0.00011384335154826958
1392,0.00011384335154826958
1393,0.00011384335154826958
1394,0.00011384335154826958
1395,0.00011384335154826958
1396,0.00011384335154826958
1397,0.00011384335154826958
1398,0.00011384335154826958
1399,0.00011384335154826958
1400,0.00011384335154826958
1401,0.00011384335154826958
1402,0.00011384335154826958
1403,0.00011384335154826958
1404,0.00011384335154826958
1405,0.00011384335154826958
1406,0.00011384335154826958
1407,0.00011384335154826958
1408,0.00011384335154826958
1409,0.00011384335154826958
1410,0.00011384335154826958
1411,0.00011384335154826958
1412,0.00011384335154826958
1413,0.00011384335154826958
1414,0.00011384335154826958
1415,0.00011384335154826958
1416,0.00011384335154826958
1417,0.00011384335154826958
1418,0.00011384335154826958
1419,0.00011384335154826958
1420,0.00011384335154826958
1421,0.00011384335154826958
1422,0.00011384335154826958
1423,0.00011384335154826958
1424,0.00011384335154826958
1425,0.00011384335154826958
1426,0.00011384335154826958
1427,0.00011384335154826958
1428,0.00011384335154826958
1429,0.00011384335154826958
1430,0.00011384335154826958
1431,0.00011384335154826958
1432,0.00011384335154826958
1433,0.00011384335154826958
1434,0.00011384335154826958
1435,0.00011384335154826958
1436,0.00011384335154826958
1437,0.00011384335154826958
1438,0.00011384335154826958
1439,0.00011384335154826958
1440,0.00011384335154826958
1441,0.00011384335154826958
1442,0.00011384335154826958
1443,0.00011384335154826958
1444,0.00011384335154826958
1445,0.00011384335154826958
1446,0.00011384335154826958
1447,0.00011384335154826958
1448,0.00011384335154826958
1449,0.00011384335154826958
1450,0.00011384335154826958
1451,0.00011384335154826958
1452,0.00011384335154826958
1453,0.00011384335154826958
1454,0.00011384335154826958
1455,0.00011384335154826958
1456,0.00011384335154826958
1457,0.00011384335154826958
1458,0.00011384335154826958
1459,0.00011384335154826958
1460,0.00011384335154826958
1461,0.00011384335154826958
1462,0.00011384335154826958
1463,0.00011384335154826958
1464,0.00011384335154826958
1465,0.00011384335154826958
1466,0.00011384335154826958
1467,0.00011384335154826958
1468,0.00011384335154826958
1469,0.00011384335154826958
1470,0.00011384335154826958
1471,0.00011384335154826958
1472,0.00011384335154826958
1473,0.00011384335154826958
1474,0.00011384335154826958
1475,0.00011384335154826958
1476,0.00011384335154826958
1477,0.00011384335154826958
1478,0.00011384335154826958
1479,0.00011384335154826958
1480,0.00011384335154826958
1481,0.00011384335154826958
1482,0.00011384335154826958
1483,0.00011384335154826958
1484,0.00011384335154826958
1485,0.00011384335154826958
1486,0.00011384335154826958
1487,0.00011384335154826958
1488,0.00011384335154826958
1489,0.00011384335154826958
1490,0.00011384335154826958
1491,0.00011384335154826958
1492,0.00011384335154826958
1493,0.00011384335154826958
1494,0.00011384335154826958
1495,0.00011384335154826958
1496,0.00011384335154826958
1497,0.00011384335154826958
1498,0.00011384335154826958
1499,0.00011384335154826958
1500,0.00011384335154826958
1501,0.00011384335154826958
1502,0.00011384335154826958
1503,0.00011384335154826958
1504,0.00011384335154826958
1505,0.00011384335154826958
1506,0.00011384335154826958
1507,0.00011384335154826958
1508,0.00011384335154826958
1509,0.00011384335154826958
1510,0.00011384335154826958
1511,0.00011384335154826958
1512,0.00011384335154826958
1513,0.00011384335154826958
1514,0.00011384335154826958
1515,0.00011384335154826958
1516,0.00011384335154826958
1517,0.00011384335154826958
1518,0.00011384335154826958
1519,0.00011384335154826958
1520,0.00011384335154826958
1521,0.00011384335154826958
1522,0.00011384335154826958
1523,0.00011384335154826958
1524,0.00011384335154826958
1525,0.00011384335154826958
1526,0.00011384335154826958
1527,0.00011384335154826958
1528,0.00011384335154826958
1529,0.00011384335154826958
1530,0.00011384335154826958
1531,0.00011384335154826958
1532,0.00011384335154826958
1533,0.00011384335154826958
1534,0.00011384335154826958
1535,0.00011384335154826958
1536,0.00011384335154826958
1537,0.00011384335154826958
1538,0.00011384335154826958
1539,0.00011384335154826958
1540,0.00011384335154826958
1541,0.00011384335154826958
1542,0.00011384335154826958
1543,0.00011384335154826958
1544,0.00011384335154826958
1545,0.00011384335154826958
1546,0.00011384335154826958
1547,0.00011384335154826958
1548,0.00011384335154826958
1549,0.00011384335154826958
1550,0.00011384335154826958
1551,0.00011384335154826958
1552,0.00011384335154826958
1553,0.00011384335154826958
1554,0.00011384335154826958
1555,0.00011384335154826958
1556,0.00011384335154826958
1557,0.00011384335154826958
1558,0.00011384335154826958
1559,0.00011384335154826958
1560,0.00011384335154826958
1561,0.00011384335154826958
1562,0.00011384335154826958
1563,0.00011384335154826958
1564,0.00011384335154826958
1565,0.00011384335154826958
1566,0.00011384335154826958
1567,0.00011384335154826958
1568,0.00011384335154826958
1569,0.00011384335154826958
1570,0.00011384335154826958
1571,0.00011384335154826958
1572,0.00011384335154826958
1573,0.00011384335154826958
1574,0.00011384335154826958
1575,0.00011384335154826958
1576,0.00011384335154826958
1577,0.00011384335154826958
1578,0.00011384335154826958
1579,0.00011384335154826958
1580,0.00011384335154826958
1581,0.00011384335154826958
1582,0.00011384335154826958
1583,0.00011384335154826958
1584,0.00011384335154826958
1585,0.00011384335154826958
1586,0.00011384335154826958
1587,0.00011384335154826958
1588,0.00011384335154826958
1589,0.00011384335154826958
1590,0.00011384335154826958
1591,0.00011384335154826958
1592,0.00011384335154826958
1593,0.00011384335154826958
1594,0.00011384335154826958
1595,0.00011384335154826958
1596,0.00011384335154826958
1597,0.00011384335154826958
1598,0.00011384335154826958
1599,0.00011384335154826958
1600,0.00011384335154826958
1601,0.00011384335154826958
1602,0.00011384335154826958
1603,0.00011384335154826958
1604,0.00011384335154826958
1605,0.00011384335154826958
1606,0.00011384335154826958
1607,0.00011384335154826958
1608,0.00011384335154826958
1609,0.00011384335154826958
1610,0.00011384335154826958
1611,0.00011384335154826958
1612,0.00011384335154826958
1613,0.00011384335154826958
1614,0.00011384335154826958
1615,0.00011384335154826958
1616,0.00011384335154826958
1617,0.00011384335154826958
1618,0.00011384335154826958
1619,0.00011384335154826958
1620,0.00011384335154826958
1621,0.00011384335154826958
1622,0.00011384335154826958
1623,0.00011384335154826958
1624,0.00011384335154826958
1625,0.00011384335154826958
1626,0.00011384335154826958
1627,0.00011384335154826958
1628,0.00011384335154826958
1629,0.00011384335154826958
1630,0.00011384335154826958
1631,0.00011384335154826958
1632,0.00011384335154826958
1633,0.00011384335154826958
1634,0.00011384335154826958
1635,0.00011384335154826958
1636,0.00011384335154826958
1637,0.00011384335154826958
1638,0.00011384335154826958
1639,0.00011384335154826958
1640,0.00011384335154826958
1641,0.00011384335154826958
1642,0.00011384335154826958
1643,0.00011384335154826958
1644,0.00011384335154826958
1645,0.00011384335154826958
1646,0.00011384335154826958
1647,0.00011384335154826958
1648,0.00011384335154826958
1649,0.00011384335154826958
1650,0.00011384335154826958
1651,0.00011384335154826958
1652,0.00011384335154826958
1653,0.00011384335154826958
1654,0.00011384335154826958
1655,0.00011384335154826958
1656,0.00011384335154826958
1657,0.00011384335154826958
1658,0.00011384335154826958
1659,0.00011384335154826958
1660,0.00011384335154826958
1661,0.00011384335154826958
1662,0.00011384335154826958
1663,0.00011384335154826958
1664,0.00011384335154826958
1665,0.00011384335154826958
1666,0.00011384335154826958
1667,0.00011384335154826958
1668,0.00011384335154826958
1669,0.00011384335154826958
1670,0.00011384335154826958
1671,0.00011384335154826958
1672,0.00011384335154826958
1673,0.00011384335154826958
1674,0.00011384335154826958
1675,0.00011384335154826958
1676,0.00011384335154826958
1677,0.00011384335154826958
1678,0.00011384335154826958
1679,0.00011384335154826958
1680,0.00011384335154826958
1681,0.00011384335154826958
1682,0.00011384335154826958
1683,0.00011384335154826958
1684,0.00011384335154826958
1685,0.00011384335154826958
1686,0.00011384335154826958
1687,0.00011384335154826958
1688,0.00011384335154826958
1689,0.00011384335154826958
1690,0.00011384335154826958
1691,0.00011384335154826958
1692,0.00011384335154826958
1693,0.00011384335154826958
1694,0.00011384335154826958
1695,0.00011384335154826958
1696,0.00011384335154826958
1697,0.00011384335154826958
1698,0.00011384335154826958
1699,0.00011384335154826958
1700,0.00011384335154826958
1701,0.00011384335154826958
1702,0.00011384335154826958
1703,0.00011384335154826958
1704,0.00011384335154826958
1705,0.00011384335154826958
1706,0.00011384335154826958
1707,0.00011384335154826958
1708,0.00011384335154826958
1709,0.00011384335154826958
1710,0.00011384335154826958
1711,0.00011384335154826958
1712,0.00011384335154826958
1713,0.00011384335154826958
1714,0.00011384335154826958
1715,0.00011384335154826958
1716,0.00011384335154826958
1717,0.00011384335154826958
1718,0.00011384335154826958
1719,0.00011384335154826958
1720,0.00011384335154826958
1721,0.00011384335154826958
1722,0.00011384335154826958
1723,0.00011384335154826958
1724,0.00011384335154826958
1725,0.00011384335154826958
1726,0.00011384335154826958
1727,0.00011384335154826958
1728,0.00011384335154826958
1729,0.00011384335154826958
1730,0.00011384335154826958
1731,0.00011384335154826958
1732,0.00011384335154826958
1733,0.00011384335154826958
1734,0.00011384335154826958
1735,0.00011384335154826958
1736,0.00011384335154826958
1737,0.00011384335154826958
1738,0.00011384335154826958
1739,0.00011384335154826958
1740,0.00011384335154826958
1741,0.00011384335154826958
1742,0.00011384335154826958
1743,0.00011384335154826958
1744,0.00011384335154826958
1745,0.00011384335154826958
1746,0.00011384335154826958
1747,0.00011384335154826958
1748,0.00011384335154826958
1749,0.00011384335154826958
1750,0.00011384335154826958
1751,0.00011384335154826958
1752,0.00011384335154826958
1753,0.00011384335154826958
1754,0.00011384335154826958
1755,0.00011384335154826958
1756,0.00011384335154826958
1757,0.00011384335154826958
1758,0.00011384335154826958
1759,0.00011384335154826958
1760,0.00011384335154826958
1761,0.00011384335154826958
1762,0.00011384335154826958
1763,0.00011384335154826958
1764,0.00011384335154826958
1765,0.00011384335154826958
1766,0.00011384335154826958
1767,0.00011384335154826958
1768,0.00011384335154826958
1769,0.00011384335154826958
1770,0.00011384335154826958
1771,0.00011384335154826958
1772,0.00011384335154826958
1773,0.00011384335154826958
1774,0.00011384335154826958
1775,0.00011384335154826958
1776,0.00011384335154826958
1777,0.00011384335154826958
1778,0.00011384335154826958
1779,0.00011384335154826958
1780,0.00011384335154826958
1781,0.00011384335154826958
1782,0.00011384335154826958
1783,0.00011384335154826958
1784,0.00011384335154826958
1785,0.00011384335154826958
1786,0.00011384335154826958
1787,0.00011384335154826958
1788,0.00011384335154826958
1789,0.00011384335154826958
1790,0.00011384335154826958
1791,0.00011384335154826958
1792,0.00011384335154826958
1793,0.00011384335154826958
1794,0.00011384335154826958
1795,0.00011384335154826958
1796,0.00011384335154826958
1797,0.00011384335154826958
1798,0.00011384335154826958
1799,0.00011384335154826958
1800,0.00011384335154826958
1801,0.00011384335154826958
1802,0.00011384335154826958
1803,0.00011384335154826958
1804,0.00011384335154826958
1805,0.00011384335154826958
1806,0.00011384335154826958
1807,0.00011384335154826958
1808,0.00011384335154826958
1809,0.00011384335154826958
1810,0.00011384335154826958
1811,0.00011384335154826958
1812,0.00011384335154826958
1813,0.00011384335154826958
1814,0.00011384335154826958
1815,0.00011384335154826958
1816,0.00011384335154826958
1817,0.00011384335154826958
1818,0.00011384335154826958
1819,0.00011384335154826958
1820,0.00011384335154826958
1821,0.00011384335154826958
1822,0.00011384335154826958
1823,0.00011384335154826958
1824,0.00011384335154826958
1825,0.00011384335154826958
1826,0.00011384335154826958
1827,0.00011384335154826958
1828,0.00011384335154826958
1829,0.00011384335154826958
1830,0.00011384335154826958
1831,0.00011384335154826958
1832,0.00011384335154826958
1833,0.00011384335154826958
1834,0.00011384335154826958
1835,0.00011384335154826958
1836,0.00011384335154826958
1837,0.00011384335154826958
1838,0.00011384335154826958
1839,0.00011384335154826958
1840,0.00011384335154826958
1841,0.00011384335154826958
1842,0.00011384335154826958
1843,0.00011384335154826958
1844,0.00011384335154826958
1845,0.00011384335154826958
1846,0.00011384335154826958
1847,0.00011384335154826958
1848,0.00011384335154826958
1849,0.00011384335154826958
1850,0.00011384335154826958
1851,0.00011384335154826958
1852,0.00011384335154826958
1853,0.00011384335154826958
1854,0.00011384335154826958
1855,0.00011384335154826958
1856,0.00011384335154826958
1857,0.00011384335154826958
1858,0.00011384335154826958
1859,0.00011384335154826958
1860,0.00011384335154826958
1861,0.00011384335154826958
1862,0.00011384335154826958
1863,0.00011384335154826958
1864,0.00011384335154826958
1865,0.00011384335154826958
1866,0.00011384335154826958
1867,0.00011384335154826958
1868,0.00011384335154826958
1869,0.00011384335154826958
1870,0.00011384335154826958
1871,0.00011384335154826958
1872,0.00011384335154826958
1873,0.00011384335154826958
1874,0.00011384335154826958
1875,0.00011384335154826958
1876,0.00011384335154826958
1877,0.00011384335154826958
1878,0.00011384335154826958
1879,0.00011384335154826958
1880,0.00011384335154826958
1881,0.00011384335154826958
1882,0.00011384335154826958
1883,0.00011384335154826958
1884,0.00011384335154826958
1885,0.00011384335154826958
1886,0.00011384335154826958
1887,0.00011384335154826958
1888,0.00011384335154826958
1889,0.00011384335154826958
1890,0.00011384335154826958
1891,0.00011384335154826958
1892,0.00011384335154826958
1893,0.00011384335154826958
1894,0.00011384335154826958
1895,0.00011384335154826958
1896,0.00011384335154826958
1897,0.00011384335154826958
1898,0.00011384335154826958
1899,0.00011384335154826958
1900,0.00011384335154826958
1901,0.00011384335154826958
1902,0.00011384335154826958
1903,0.00011384335154826958
1904,0.00011384335154826958
1905,0.00011384335154826958
1906,0.00011384335154826958
1907,0.00011384335154826958
1908,0.00011384335154826958
1909,0.00011384335154826958
1910,0.00011384335154826958
1911,0.00011384335154826958
1912,0.00011384335154826958
1913,0.00011384335154826958
1914,0.00011384335154826958
1915,0.00011384335154826958
1916,0.00011384335154826958
1917,0.00011384335154826958
1918,0.00011384335154826958
1919,0.00011384335154826958
1920,0.00011384335154826958
1921,0.00011384335154826958
1922,0.00011384335154826958
1923,0.00011384335154826958
1924,0.00011384335154826958
1925,0.00011384335154826958
1926,0.00011384335154826958
1927,0.00011384335154826958
1928,0.00011384335154826958
1929,0.00011384335154826958
1930,0.00011384335154826958
1931,0.00011384335154826958
1932,0.00011384335154826958
1933,0.00011384335154826958
1934,0.00011384335154826958
1935,0.00011384335154826958
1936,0.00011384335154826958
1937,0.00011384335154826958
1938,0.00011384335154826958
1939,0.00011384335154826958
1940,0.00011384335154826958
1941,0.00011384335154826958
1942,0.00011384335154826958
1943,0.00011384335154826958
1944,0.00011384335154826958
1945,0.00011384335154826958
1946,0.00011384335154826958
1947,0.00011384335154826958
1948,0.00011384335154826958
1949,0.00011384335154826958
1950,0.00011384335154826958
1951,0.00011384335154826958
1952,0.00011384335154826958
1953,0.00011384335154826958
1954,0.00011384335154826958
1955,0.00011384335154826958
1956,0.00011384335154826958
1957,0.00011384335154826958
1958,0.00011384335154826958
1959,0.00011384335154826958
1960,0.00011384335154826958
1961,0.00011384335154826958
1962,0.00011384335154826958
1963,0.00011384335154826958
1964,0.00011384335154826958
1965,0.00011384335154826958
1966,0.00011384335154826958
1967,0.00011384335154826958
1968,0.00011384335154826958
1969,0.00011384335154826958
1970,0.00011384335154826958
1971,0.00011384335154826958
1972,0.00011384335154826958
1973,0.00011384335154826958
1974,0.00011384335154826958
1975,0.00011384335154826958
1976,0.00011384335154826958
1977,0.00011384335154826958
1978,0.00011384335154826958
1979,0.00011384335154826958
1980,0.00011384335154826958
1981,0.00011384335154826958
1982,0.00011384335154826958
1983,0.00011384335154826958
1984,0.00011384335154826958
1985,0.00011384335154826958
1986,0.00011384335154826958
1987,0.00011384335154826958
1988,0.00011384335154826958
1989,0.00011384335154826958
1990,0.00011384335154826958
1991,0.00011384335154826958
1992,0.00011384335154826958
1993,0.00011384335154826958
1994,0.00011384335154826958
1995,0.00011384335154826958
1996,0.00011384335154826958
1997,0.00011384335154826958
1998,0.00011384335154826958
1999,0.00011384335154826958
2000,0.00011384335154826958
2001,0.00011384335154826958
2002,0.00011384335154826958
2003,0.00011384335154826958
2004,0.00011384335154826958
2005,0.00011384335154826958
2006,0.00011384335154826958
2007,0.00011384335154826958
2008,0.00011384335154826958
2009,0.00011384335154826958
2010,0.00011384335154826958
2011,0.00011384335154826958
2012,0.00011384335154826958
2013,0.00011384335154826958
2014,0.00011384335154826958
2015,0.00011384335154826958
2016,0.00011384335154826958
2017,0.00011384335154826958
2018,0.00011384335154826958
2019,0.00011384335154826958
2020,0.00011384335154826958
2021,0.00011384335154826958
2022,0.00011384335154826958
2023,0.00011384335154826958
2024,0.00011384335154826958
2025,0.00011384335154826958
2026,0.00011384335154826958
2027,0.00011384335154826958
2028,0.00011384335154826958
2029,0.00011384335154826958
2030,0.00011384335154826958
2031,0.00011384335154826958
2032,0.00011384335154826958
2033,0.00011384335154826958
2034,0.00011384335154826958
2035,0.00011384335154826958
2036,0.00011384335154826958
2037,0.00011384335154826958
2038,0.00011384335154826958
2039,0.00011384335154826958
2040,0.00011384335154826958
2041,0.00011384335154826958
2042,0.00011384335154826958
2043,0.00011384335154826958
2044,0.00011384335154826958
2045,0.00011384335154826958
2046,0.00011384335154826958
2047,0.00011384335154826958
2048,0.00011384335154826958
2049,0.00011384335154826958
2050,0.00011384335154826958
2051,0.00011384335154826958
2052,0.00011384335154826958
2053,0.00011384335154826958
2054,0.00011384335154826958
2055,0.00011384335154826958
2056,0.00011384335154826958
2057,0.00011384335154826958
2058,0.00011384335154826958
2059,0.00011384335154826958
2060,0.00011384335154826958
2061,0.00011384335154826958
2062,0.00011384335154826958
2063,0.00011384335154826958
2064,0.00011384335154826958
2065,0.00011384335154826958
2066,0.00011384335154826958
2067,0.00011384335154826958
2068,0.00011384335154826958
2069,0.00011384335154826958
2070,0.00011384335154826958
2071,0.00011384335154826958
2072,0.00011384335154826958
2073,0.00011384335154826958
2074,0.00011384335154826958
2075,0.00011384335154826958
2076,0.00011384335154826958
2077,0.00011384335154826958
2078,0.00011384335154826958
2079,0.00011384335154826958
2080,0.00011384335154826958
2081,0.00011384335154826958
2082,0.00011384335154826958
2083,0.00011384335154826958
2084,0.00011384335154826958
2085,0.00011384335154826958
2086,0.00011384335154826958
2087,0.00011384335154826958
2088,0.00011384335154826958
2089,0.00011384335154826958
2090,0.00011384335154826958
2091,0.00011384335154826958
2092,0.00011384335154826958
2093,0.00011384335154826958
2094,0.00011384335154826958
2095,0.00011384335154826958
2096,0.00011384335154826958
2097,0.00011384335154826958
2098,0.00011384335154826958
2099,0.00011384335154826958
2100,0.00011384335154826958
2101,0.00011384335154826958
2102,0.00011384335154826958
2103,0.00011384335154826958
2104,0.00011384335154826958
2105,0.00011384335154826958
2106,0.00011384335154826958
2107,0.00011384335154826958
2108,0.00011384335154826958
2109,0.00011384335154826958
2110,0.00011384335154826958
2111,0.00011384335154826958
2112,0.00011384335154826958
2113,0.00011384335154826958
2114,0.00011384335154826958
2115,0.00011384335154826958
2116,0.00011384335154826958
2117,0.00011384335154826958
2118,0.00011384335154826958
2119,0.00011384335154826958
2120,0.00011384335154826958
2121,0.00011384335154826958
2122,0.00011384335154826958
2123,0.00011384335154826958
2124,0.00011384335154826958
2125,0.00011384335154826958
2126,0.00011384335154826958
2127,0.00011384335154826958
2128,0.00011384335154826958
2129,0.00011384335154826958
2130,0.00011384335154826958
2131,0.00011384335154826958
2132,0.00011384335154826958
2133,0.00011384335154826958
2134,0.00011384335154826958
2135,0.00011384335154826958
2136,0.00011384335154826958
2137,0.00011384335154826958
2138,0.00011384335154826958
2139,0.00011384335154826958
2140,0.00011384335154826958
2141,0.00011384335154826958
2142,0.00011384335154826958
2143,0.00011384335154826958
2144,0.00011384335154826958
2145,0.00011384335154826958
2146,0.00011384335154826958
2147,0.00011384335154826958
2148,0.00011384335154826958
2149,0.00011384335154826958
2150,0.00011384335154826958
2151,0.00011384335154826958
2152,0.00011384335154826958
2153,0.00011384335154826958
2154,0.00011384335154826958
2155,0.00011384335154826958
2156,0.00011384335154826958
2157,0.00011384335154826958
2158,0.00011384335154826958
2159,0.00011384335154826958
2160,0.00011384335154826958
2161,0.00011384335154826958
2162,0.00011384335154826958
2163,0.00011384335154826958
2164,0.00011384335154826958
2165,0.00011384335154826958
2166,0.00011384335154826958
2167,0.00011384335154826958
2168,0.00011384335154826958
2169,0.00011384335154826958
2170,0.00011384335154826958
2171,0.00011384335154826958
2172,0.00011384335154826958
2173,0.00011384335154826958
2174,0.00011384335154826958
2175,0.00011384335154826958
2176,0.00011384335154826958
2177,0.00011384335154826958
2178,0.00011384335154826958
2179,0.00011384335154826958
2180,0.00011384335154826958
2181,0.00011384335154826958
2182,0.00011384335154826958
2183,0.00011384335154826958
2184,0.00011384335154826958
2185,0.00011384335154826958
2186,0.00011384335154826958
2187,0.00011384335154826958
2188,0.00011384335154826958
2189,0.00011384335154826958
2190,0.00011384335154826958
2191,0.00011384335154826958
2192,0.00011384335154826958
2193,0.00011384335154826958
2194,0.00011384335154826958
2195,0.00011384335154826958
2196,0.00011384335154826958
2197,0.00011384335154826958
2198,0.00011384335154826958
2199,0.00011384335154826958
2200,0.00011384335154826958
2201,0.00011384335154826958
2202,0.00011384335154826958
2203,0.00011384335154826958
2204,0.00011384335154826958
2205,0.00011384335154826958
2206,0.00011384335154826958
2207,0.00011384335154826958
2208,0.00011384335154826958
2209,0.00011384335154826958
2210,0.00011384335154826958
2211,0.00011384335154826958
2212,0.00011384335154826958
2213,0.00011384335154826958
2214,0.00011384335154826958
2215,0.00011384335154826958
2216,0.00011384335154826958
2217,0.00011384335154826958
2218,0.00011384335154826958
2219,0.00011384335154826958
2220,0.00011384335154826958
2221,0.00011384335154826958
2222,0.00011384335154826958
2223,0.00011384335154826958
2224,0.00011384335154826958
2225,0.00011384335154826958
2226,0.00011384335154826958
2227,0.00011384335154826958
2228,0.00011384335154826958
2229,0.00011384335154826958
2230,0.00011384335154826958
2231,0.00011384335154826958
2232,0.00011384335154826958
2233,0.00011384335154826958
2234,0.00011384335154826958
2235,0.00011384335154826958
2236,0.00011384335154826958
2237,0.00011384335154826958
2238,0.00011384335154826958
2239,0.00011384335154826958
2240,0.00011384335154826958
2241,0.00011384335154826958
2242,0.00011384335154826958
2243,0.00011384335154826958
2244,0.00011384335154826958
2245,0.00011384335154826958
2246,0.00011384335154826958
2247,0.00011384335154826958
2248,0.00011384335154826958
2249,0.00011384335154826958
2250,0.00011384335154826958
2251,0.00011384335154826958
2252,0.00011384335154826958
2253,0.00011384335154826958
2254,0.00011384335154826958
2255,0.00011384335154826958
2256,0.00011384335154826958
2257,0.00011384335154826958
2258,0.00011384335154826958
2259,0.00011384335154826958
2260,0.00011384335154826958
2261,0.00011384335154826958
2262,0.00011384335154826958
2263,0.00011384335154826958
2264,0.00011384335154826958
2265,0.00011384335154826958
2266,0.00011384335154826958
2267,0.00011384335154826958
2268,0.00011384335154826958
2269,0.00011384335154826958
2270,0.00011384335154826958
2271,0.00011384335154826958
2272,0.00011384335154826958
2273,0.00011384335154826958
2274,0.00011384335154826958
2275,0.00011384335154826958
2276,0.00011384335154826958
2277,0.00011384335154826958
2278,0.00011384335154826958
2279,0.00011384335154826958
2280,0.00011384335154826958
2281,0.00011384335154826958
2282,0.00011384335154826958
2283,0.00011384335154826958
2284,0.00011384335154826958
2285,0.00011384335154826958
2286,0.00011384335154826958
2287,0.00011384335154826958
2288,0.00011384335154826958
2289,0.00011384335154826958
2290,0.00011384335154826958
2291,0.00011384335154826958
2292,0.00011384335154826958
2293,0.00011384335154826958
2294,0.00011384335154826958
2295,0.00011384335154826958
2296,0.00011384335154826958
2297,0.00011384335154826958
2298,0.00011384335154826958
2299,0.00011384335154826958
2300,0.00011384335154826958
2301,0.00011384335154826958
2302,0.00011384335154826958
2303,0.00011384335154826958
2304,0.00011384335154826958
2305,0.00011384335154826958
2306,0.00011384335154826958
2307,0.00011384335154826958
2308,0.00011384335154826958
2309,0.00011384335154826958
2310,0.00011384335154826958
2311,0.00011384335154826958
2312,0.00011384335154826958
2313,0.00011384335154826958
2314,0.00011384335154826958
2315,0.00011384335154826958
2316,0.00011384335154826958
2317,0.00011384335154826958
2318,0.00011384335154826958
2319,0.00011384335154826958
2320,0.00011384335154826958
2321,0.00011384335154826958
2322,0.00011384335154826958
2323,0.00011384335154826958
2324,0.00011384335154826958
2325,0.00011384335154826958
2326,0.00011384335154826958
2327,0.00011384335154826958
2328,0.00011384335154826958
2329,0.00011384335154826958
2330,0.00011384335154826958
2331,0.00011384335154826958
2332,0.00011384335154826958
2333,0.00011384335154826958
2334,0.00011384335154826958
2335,0.00011384335154826958
2336,0.00011384335154826958
2337,0.00011384335154826958
2338,0.00011384335154826958
2339,0.00011384335154826958
2340,0.00011384335154826958
2341,0.00011384335154826958
2342,0.00011384335154826958
2343,0.00011384335154826958
2344,0.00011384335154826958
2345,0.00011384335154826958
2346,0.00011384335154826958
2347,0.00011384335154826958
2348,0.00011384335154826958
2349,0.00011384335154826958
2350,0.00011384335154826958
2351,0.00011384335154826958
2352,0.00011384335154826958
2353,0.00011384335154826958
2354,0.00011384335154826958
2355,0.00011384335154826958
2356,0.00011384335154826958
2357,0.00011384335154826958
2358,0.00011384335154826958
2359,0.00011384335154826958
2360,0.00011384335154826958
2361,0.00011384335154826958
2362,0.00011384335154826958
2363,0.00011384335154826958
2364,0.00011384335154826958
2365,0.00011384335154826958
2366,0.00011384335154826958
2367,0.00011384335154826958
2368,0.00011384335154826958
2369,0.00011384335154826958
2370,0.00011384335154826958
2371,0.00011384335154826958
2372,0.00011384335154826958
2373,0.00011384335154826958
2374,0.00011384335154826958
2375,0.00011384335154826958
2376,0.00011384335154826958
2377,0.00011384335154826958
2378,0.00011384335154826958
2379,0.00011384335154826958
2380,0.00011384335154826958
2381,0.00011384335154826958
2382,0.00011384335154826958
2383,0.00011384335154826958
2384,0.00011384335154826958
2385,0.00011384335154826958
2386,0.00011384335154826958
2387,0.00011384335154826958
2388,0.00011384335154826958
2389,0.00011384335154826958
2390,0.00011384335154826958
2391,0.00011384335154826958
2392,0.00011384335154826958
2393,0.00011384335154826958
2394,0.00011384335154826958
2395,0.00011384335154826958
2396,0.00011384335154826958
2397,0.00011384335154826958
2398,0.00011384335154826958
2399,0.00011384335154826958
2400,0.00011384335154826958
2401,0.00011384335154826958
2402,0.00011384335154826958
2403,0.00011384335154826958
2404,0.00011384335154826958
2405,0.00011384335154826958
2406,0.00011384335154826958
2407,0.00011384335154826958
2408,0.00011384335154826958
2409,0.00011384335154826958
2410,0.00011384335154826958
2411,0.00011384335154826958
2412,0.00011384335154826958
2413,0.00011384335154826958
2414,0.00011384335154826958
2415,0.00011384335154826958
2416,0.00011384335154826958
2417,0.00011384335154826958
2418,0.00011384335154826958
2419,0.00011384335154826958
2420,0.00011384335154826958
2421,0.00011384335154826958
2422,0.00011384335154826958
2423,0.00011384335154826958
2424,0.00011384335154826958
2425,0.00011384335154826958
2426,0.00011384335154826958
2427,0.00011384335154826958
2428,0.00011384335154826958
2429,0.00011384335154826958
2430,0.00011384335154826958
2431,0.00011384335154826958
2432,0.00011384335154826958
2433,0.00011384335154826958
2434,0.00011384335154826958
2435,0.00011384335154826958
2436,0.00011384335154826958
2437,0.00011384335154826958
2438,0.00011384335154826958
2439,0.00011384335154826958
2440,0.00011384335154826958
2441,0.00011384335154826958
2442,0.00011384335154826958
2443,0.00011384335154826958
2444,0.00011384335154826958
2445,0.00011384335154826958
2446,0.00011384335154826958
2447,0.00011384335154826958
2448,0.00011384335154826958
2449,0.00011384335154826958
2450,0.00011384335154826958
2451,0.00011384335154826958
2452,0.00011384335154826958
2453,0.00011384335154826958
2454,0.00011384335154826958
2455,0.00011384335154826958
2456,0.00011384335154826958
2457,0.00011384335154826958
2458,0.00011384335154826958
2459,0.00011384335154826958
2460,0.00011384335154826958
2461,0.00011384335154826958
2462,0.00011384335154826958
2463,0.00011384335154826958
2464,0.00011384335154826958
2465,0.00011384335154826958
2466,0.00011384335154826958
2467,0.00011384335154826958
2468,0.00011384335154826958
2469,0.00011384335154826958
2470,0.00011384335154826958
2471,0.00011384335154826958
2472,0.00011384335154826958
2473,0.00011384335154826958
2474,0.00011384335154826958
2475,0.00011384335154826958
2476,0.00011384335154826958
2477,0.00011384335154826958
2478,0.00011384335154826958
2479,0.00011384335154826958
2480,0.00011384335154826958
2481,0.00011384335154826958
2482,0.00011384335154826958
2483,0.00011384335154826958
2484,0.00011384335154826958
2485,0.00011384335154826958
2486,0.00011384335154826958
2487,0.00011384335154826958
2488,0.00011384335154826958
2489,0.00011384335154826958
2490,0.00011384335154826958
2491,0.00011384335154826958
2492,0.00011384335154826958
2493,0.00011384335154826958
2494,0.00011384335154826958
2495,0.00011384335154826958
2496,0.00011384335154826958
2497,0.00011384335154826958
2498,0.00011384335154826958
2499,0.00011384335154826958
2500,0.00011384335154826958
2501,0.00011384335154826958
2502,0.00011384335154826958
2503,0.00011384335154826958
2504,0.00011384335154826958
2505,0.00011384335154826958
2506,0.00011384335154826958
2507,0.00011384335154826958
2508,0.00011384335154826958
2509,0.00011384335154826958
2510,0.00011384335154826958
2511,0.00011384335154826958
2512,0.00011384335154826958
2513,0.00011384335154826958
2514,0.00011384335154826958
2515,0.00011384335154826958
2516,0.00011384335154826958
2517,0.00011384335154826958
2518,0.00011384335154826958
2519,0.00011384335154826958
2520,0.00011384335154826958
2521,0.00011384335154826958
2522,0.00011384335154826958
2523,0.00011384335154826958
2524,0.00011384335154826958
2525,0.00011384335154826958
2526,0.00011384335154826958
2527,0.00011384335154826958
2528,0.00011384335154826958
2529,0.00011384335154826958
2530,0.00011384335154826958
2531,0.00011384335154826958
2532,0.00011384335154826958
2533,0.00011384335154826958
2534,0.00011384335154826958
2535,0.00011384335154826958
2536,0.00011384335154826958
2537,0.00011384335154826958
2538,0.00011384335154826958
2539,0.00011384335154826958
2540,0.00011384335154826958
2541,0.00011384335154826958
2542,0.00011384335154826958
2543,0.00011384335154826958
2544,0.00011384335154826958
2545,0.00011384335154826958
2546,0.00011384335154826958
2547,0.00011384335154826958
2548,0.00011384335154826958
2549,0.00011384335154826958
2550,0.00011384335154826958
2551,0.00011384335154826958
2552,0.00011384335154826958
2553,0.00011384335154826958
2554,0.00011384335154826958
2555,0.00011384335154826958
2556,0.00011384335154826958
2557,0.00011384335154826958
2558,0.00011384335154826958
2559,0.00011384335154826958
2560,0.00011384335154826958
2561,0.00011384335154826958
2562,0.00011384335154826958
2563,0.00011384335154826958
2564,0.00011384335154826958
2565,0.00011384335154826958
2566,0.00011384335154826958
2567,0.00011384335154826958
2568,0.00011384335154826958
2569,0.00011384335154826958
2570,0.00011384335154826958
2571,0.00011384335154826958
2572,0.00011384335154826958
2573,0.00011384335154826958
2574,0.00011384335154826958
2575,0.00011384335154826958
2576,0.00011384335154826958
2577,0.00011384335154826958
2578,0.00011384335154826958
2579,0.00011384335154826958
2580,0.00011384335154826958
2581,0.00011384335154826958
2582,0.00011384335154826958
2583,0.00011384335154826958
2584,0.00011384335154826958
2585,0.00011384335154826958
2586,0.00011384335154826958
2587,0.00011384335154826958
2588,0.00011384335154826958
2589,0.00011384335154826958
2590,0.00011384335154826958
2591,0.00011384335154826958
2592,0.00011384335154826958
2593,0.00011384335154826958
2594,0.00011384335154826958
2595,0.00011384335154826958
2596,0.00011384335154826958
2597,0.00011384335154826958
2598,0.00011384335154826958
2599,0.00011384335154826958
2600,0.00011384335154826958
2601,0.00011384335154826958
2602,0.00011384335154826958
2603,0.00011384335154826958
2604,0.00011384335154826958
2605,0.00011384335154826958
2606,0.00011384335154826958
2607,0.00011384335154826958
2608,0.00011384335154826958
2609,0.00011384335154826958
2610,0.00011384335154826958
2611,0.00011384335154826958
2612,0.00011384335154826958
2613,0.00011384335154826958
2614,0.00011384335154826958
2615,0.00011384335154826958
2616,0.00011384335154826958
2617,0.00011384335154826958
2618,0.00011384335154826958
2619,0.00011384335154826958
2620,0.00011384335154826958
2621,0.00011384335154826958
2622,0.00011384335154826958
2623,0.00011384335154826958
2624,0.00011384335154826958
2625,0.00011384335154826958
2626,0.00011384335154826958
2627,0.00011384335154826958
2628,0.00011384335154826958
2629,0.00011384335154826958
2630,0.00011384335154826958
2631,0.00011384335154826958
2632,0.00011384335154826958
2633,0.00011384335154826958
2634,0.00011384335154826958
2635,0.00011384335154826958
2636,0.00011384335154826958
2637,0.00011384335154826958
2638,0.00011384335154826958
2639,0.00011384335154826958
2640,0.00011384335154826958
2641,0.00011384335154826958
2642,0.00011384335154826958
2643,0.00011384335154826958
2644,0.00011384335154826958
2645,0.00011384335154826958
2646,0.00011384335154826958
2647,0.00011384335154826958
2648,0.00011384335154826958
2649,0.00011384335154826958
2650,0.00011384335154826958
2651,0.00011384335154826958
2652,0.00011384335154826958
2653,0.00011384335154826958
2654,0.00011384335154826958
2655,0.00011384335154826958
2656,0.00011384335154826958
2657,0.00011384335154826958
2658,0.00011384335154826958
2659,0.00011384335154826958
2660,0.00011384335154826958
2661,0.00011384335154826958
2662,0.00011384335154826958
2663,0.00011384335154826958
2664,0.00011384335154826958
2665,0.00011384335154826958
2666,0.00011384335154826958
2667,0.00011384335154826958
2668,0.00011384335154826958
2669,0.00011384335154826958
2670,0.00011384335154826958
2671,0.00011384335154826958
2672,0.00011384335154826958
2673,0.00011384335154826958
2674,0.00011384335154826958
2675,0.00011384335154826958
2676,0.00011384335154826958
2677,0.00011384335154826958
2678,0.00011384335154826958
2679,0.00011384335154826958
2680,0.00011384335154826958
2681,0.00011384335154826958
2682,0.00011384335154826958
2683,0.00011384335154826958
2684,0.00011384335154826958
2685,0.00011384335154826958
2686,0.00011384335154826958
2687,0.00011384335154826958
2688,0.00011384335154826958
2689,0.00011384335154826958
2690,0.00011384335154826958
2691,0.00011384335154826958
2692,0.00011384335154826958
2693,0.00011384335154826958
2694,0.00011384335154826958
2695,0.00011384335154826958
2696,0.00011384335154826958
2697,0.00011384335154826958
2698,0.00011384335154826958
2699,0.00011384335154826958
2700,0.00011384335154826958
2701,0.00011384335154826958
2702,0.00011384335154826958
2703,0.00011384335154826958
2704,0.00011384335154826958
2705,0.00011384335154826958
2706,0.00011384335154826958
2707,0.00011384335154826958
2708,0.00011384335154826958
2709,0.00011384335154826958
2710,0.00011384335154826958
2711,0.00011384335154826958
2712,0.00011384335154826958
2713,0.00011384335154826958
2714,0.00011384335154826958
2715,0.00011384335154826958
2716,0.00011384335154826958
2717,0.00011384335154826958
2718,0.00011384335154826958
2719,0.00011384335154826958
2720,0.00011384335154826958
2721,0.00011384335154826958
2722,0.00011384335154826958
2723,0.00011384335154826958
2724,0.00011384335154826958
2725,0.00011384335154826958
2726,0.00011384335154826958
2727,0.00011384335154826958
2728,0.00011384335154826958
2729,0.00011384335154826958
2730,0.00011384335154826958
2731,0.00011384335154826958
2732,0.00011384335154826958
2733,0.00011384335154826958
2734,0.00011384335154826958
2735,0.00011384335154826958
2736,0.00011384335154826958
2737,0.00011384335154826958
2738,0.00011384335154826958
2739,0.00011384335154826958
2740,0.00011384335154826958
2741,0.00011384335154826958
2742,0.00011384335154826958
2743,0.00011384335154826958
2744,0.00011384335154826958
2745,0.00011384335154826958
2746,0.00011384335154826958
2747,0.00011384335154826958
2748,0.00011384335154826958
2749,0.00011384335154826958
2750,0.00011384335154826958
2751,0.00011384335154826958
2752,0.00011384335154826958
2753,0.00011384335154826958
2754,0.00011384335154826958
2755,0.00011384335154826958
2756,0.00011384335154826958
2757,0.00011384335154826958
2758,0.00011384335154826958
2759,0.00011384335154826958
2760,0.00011384335154826958
2761,0.00011384335154826958
2762,0.00011384335154826958
2763,0.00011384335154826958
2764,0.00011384335154826958
2765,0.00011384335154826958
2766,0.00011384335154826958
2767,0.00011384335154826958
2768,0.00011384335154826958
2769,0.00011384335154826958
2770,0.00011384335154826958
2771,0.00011384335154826958
2772,0.00011384335154826958
2773,0.00011384335154826958
2774,0.00011384335154826958
2775,0.00011384335154826958
2776,0.00011384335154826958
2777,0.00011384335154826958
2778,0.00011384335154826958
2779,0.00011384335154826958
2780,0.00011384335154826958
2781,0.00011384335154826958
2782,0.00011384335154826958
2783,0.00011384335154826958
2784,0.00011384335154826958
2785,0.00011384335154826958
2786,0.00011384335154826958
2787,0.00011384335154826958
2788,0.00011384335154826958
2789,0.00011384335154826958
2790,0.00011384335154826958
2791,0.00011384335154826958
2792,0.00011384335154826958
2793,0.00011384335154826958
2794,0.00011384335154826958
2795,0.00011384335154826958
2796,0.00011384335154826958
2797,0.00011384335154826958
2798,0.00011384335154826958
2799,0.00011384335154826958
2800,0.00011384335154826958
2801,0.00011384335154826958
2802,0.00011384335154826958
2803,0.00011384335154826958
2804,0.00011384335154826958
2805,0.00011384335154826958
2806,0.00011384335154826958
2807,0.00011384335154826958
2808,0.00011384335154826958
2809,0.00011384335154826958
2810,0.00011384335154826958
2811,0.00011384335154826958
2812,0.00011384335154826958
2813,0.00011384335154826958
2814,0.00011384335154826958
2815,0.00011384335154826958
2816,0.00011384335154826958
2817,0.00011384335154826958
2818,0.00011384335154826958
2819,0.00011384335154826958
2820,0.00011384335154826958
2821,0.00011384335154826958
2822,0.00011384335154826958
2823,0.00011384335154826958
2824,0.00011384335154826958
2825,0.00011384335154826958
2826,0.00011384335154826958
2827,0.00011384335154826958
2828,0.00011384335154826958
2829,0.00011384335154826958
2830,0.00011384335154826958
2831,0.00011384335154826958
2832,0.00011384335154826958
2833,0.00011384335154826958
2834,0.00011384335154826958
2835,0.00011384335154826958
2836,0.00011384335154826958
2837,0.00011384335154826958
2838,0.00011384335154826958
2839,0.00011384335154826958
2840,0.00011384335154826958
2841,0.00011384335154826958
2842,0.00011384335154826958
2843,0.00011384335154826958
2844,0.00011384335154826958
2845,0.00011384335154826958
2846,0.00011384335154826958
2847,0.00011384335154826958
2848,0.00011384335154826958
2849,0.00011384335154826958
2850,0.00011384335154826958
2851,0.00011384335154826958
2852,0.00011384335154826958
2853,0.00011384335154826958
2854,0.00011384335154826958
2855,0.00011384335154826958
2856,0.00011384335154826958
2857,0.00011384335154826958
2858,0.00011384335154826958
2859,0.00011384335154826958
2860,0.00011384335154826958
2861,0.00011384335154826958
2862,0.00011384335154826958
2863,0.00011384335154826958
2864,0.00011384335154826958
2865,0.00011384335154826958
2866,0.00011384335154826958
2867,0.00011384335154826958
2868,0.00011384335154826958
2869,0.00011384335154826958
2870,0.00011384335154826958
2871,0.00011384335154826958
2872,0.00011384335154826958
2873,0.00011384335154826958
2874,0.00011384335154826958
2875,0.00011384335154826958
2876,0.00011384335154826958
2877,0.00011384335154826958
2878,0.00011384335154826958
2879,0.00011384335154826958
2880,0.00011384335154826958
2881,0.00011384335154826958
2882,0.00011384335154826958
2883,0.00011384335154826958
2884,0.00011384335154826958
2885,0.00011384335154826958
2886,0.00011384335154826958
2887,0.00011384335154826958
2888,0.00011384335154826958
2889,0.00011384335154826958
2890,0.00011384335154826958
2891,0.00011384335154826958
2892,0.00011384335154826958
2893,0.00011384335154826958
2894,0.00011384335154826958
2895,0.00011384335154826958
2896,0.00011384335154826958
2897,0.00011384335154826958
2898,0.00011384335154826958
2899,0.00011384335154826958
2900,0.00011384335154826958
2901,0.00011384335154826958
2902,0.00011384335154826958
2903,0.00011384335154826958
2904,0.00011384335154826958
2905,0.00011384335154826958
2906,0.00011384335154826958
2907,0.00011384335154826958
2908,0.00011384335154826958
2909,0.00011384335154826958
2910,0.00011384335154826958
2911,0.00011384335154826958
2912,0.00011384335154826958
2913,0.00011384335154826958
2914,0.00011384335154826958
2915,0.00011384335154826958
2916,0.00011384335154826958
2917,0.00011384335154826958
2918,0.00011384335154826958
2919,0.00011384335154826958
2920,0.00011384335154826958
2921,0.00011384335154826958
2922,0.00011384335154826958
2923,0.00011384335154826958
2924,0.00011384335154826958
2925,0.00011384335154826958
2926,0.00011384335154826958
2927,0.00011384335154826958
2928,0.00011384335154826958
2929,0.00011384335154826958
2930,0.00011384335154826958
2931,0.00011384335154826958
2932,0.00011384335154826958
2933,0.00011384335154826958
2934,0.00011384335154826958
2935,0.00011384335154826958
2936,0.00011384335154826958
2937,0.00011384335154826958
2938,0.00011384335154826958
2939,0.00011384335154826958
2940,0.00011384335154826958
2941,0.00011384335154826958
2942,0.00011384335154826958
2943,0.00011384335154826958
2944,0.00011384335154826958
2945,0.00011384335154826958
2946,0.00011384335154826958
2947,0.00011384335154826958
2948,0.00011384335154826958
2949,0.00011384335154826958
2950,0.00011384335154826958
2951,0.00011384335154826958
2952,0.00011384335154826958
2953,0.00011384335154826958
2954,0.00011384335154826958
2955,0.00011384335154826958
2956,0.00011384335154826958
2957,0.00011384335154826958
2958,0.00011384335154826958
2959,0.00011384335154826958
2960,0.00011384335154826958
2961,0.00011384335154826958
2962,0.00011384335154826958
2963,0.00011384335154826958
2964,0.00011384335154826958
2965,0.00011384335154826958
2966,0.00011384335154826958
2967,0.00011384335154826958
2968,0.00011384335154826958
2969,0.00011384335154826958
2970,0.00011384335154826958
2971,0.00011384335154826958
2972,0.00011384335154826958
2973,0.00011384335154826958
2974,0.00011384335154826958
2975,0.00011384335154826958
2976,0.00011384335154826958
2977,0.00011384335154826958
2978,0.00011384335154826958
2979,0.00011384335154826958
2980,0.00011384335154826958
2981,0.00011384335154826958
2982,0.00011384335154826958
2983,0.00011384335154826958
2984,0.00011384335154826958
2985,0.00011384335154826958
2986,0.00011384335154826958
2987,0.00011384335154826958
2988,0.00011384335154826958
2989,0.00011384335154826958
2990,0.00011384335154826958
2991,0.00011384335154826958
2992,0.00011384335154826958
2993,0.00011384335154826958
2994,0.00011384335154826958
2995,0.00011384335154826958
2996,0.00011384335154826958
2997,0.00011384335154826958
2998,0.00011384335154826958
2999,0.00011384335154826958
3000,0.00011384335154826958
3001,0.00011384335154826958
3002,0.00011384335154826958
3003,0.00011384335154826958
3004,0.00011384335154826958
3005,0.00011384335154826958
3006,0.00011384335154826958
3007,0.00011384335154826958
3008,0.00011384335154826958
3009,0.00011384335154826958
3010,0.00011384335154826958
3011,0.00011384335154826958
3012,0.00011384335154826958
3013,0.00011384335154826958
3014,0.00011384335154826958
3015,0.00011384335154826958
3016,0.00011384335154826958
3017,0.00011384335154826958
3018,0.00011384335154826958
3019,0.00011384335154826958
3020,0.00011384335154826958
3021,0.00011384335154826958
3022,0.00011384335154826958
3023,0.00011384335154826958
3024,0.00011384335154826958
3025,0.00011384335154826958
3026,0.00011384335154826958
3027,0.00011384335154826958
3028,0.00011384335154826958
3029,0.00011384335154826958
3030,0.00011384335154826958
3031,0.00011384335154826958
3032,0.00011384335154826958
3033,0.00011384335154826958
3034,0.00011384335154826958
3035,0.00011384335154826958
3036,0.00011384335154826958
3037,0.00011384335154826958
3038,0.00011384335154826958
3039,0.00011384335154826958
3040,0.00011384335154826958
3041,0.00011384335154826958
3042,0.00011384335154826958
3043,0.00011384335154826958
3044,0.00011384335154826958
3045,0.00011384335154826958
3046,0.00011384335154826958
3047,0.00011384335154826958
3048,0.00011384335154826958
3049,0.00011384335154826958
3050,0.00011384335154826958
3051,0.00011384335154826958
3052,0.00011384335154826958
3053,0.00011384335154826958
3054,0.00011384335154826958
3055,0.00011384335154826958
3056,0.00011384335154826958
3057,0.00011384335154826958
3058,0.00011384335154826958
3059,0.00011384335154826958
3060,0.00011384335154826958
3061,0.00011384335154826958
3062,0.00011384335154826958
3063,0.00011384335154826958
3064,0.00011384335154826958
3065,0.00011384335154826958
3066,0.00011384335154826958
3067,0.00011384335154826958
3068,0.00011384335154826958
3069,0.00011384335154826958
3070,0.00011384335154826958
3071,0.00011384335154826958
3072,0.00011384335154826958
3073,0.00011384335154826958
3074,0.00011384335154826958
3075,0.00011384335154826958
3076,0.00011384335154826958
3077,0.00011384335154826958
3078,0.00011384335154826958
3079,0.00011384335154826958
3080,0.00011384335154826958
3081,0.00011384335154826958
3082,0.00011384335154826958
3083,0.00011384335154826958
3084,0.00011384335154826958
3085,0.00011384335154826958
3086,0.00011384335154826958
3087,0.00011384335154826958
3088,0.00011384335154826958
3089,0.00011384335154826958
3090,0.00011384335154826958
3091,0.00011384335154826958
3092,0.00011384335154826958
3093,0.00011384335154826958
3094,0.00011384335154826958
3095,0.00011384335154826958
3096,0.00011384335154826958
3097,0.00011384335154826958
3098,0.00011384335154826958
3099,0.00011384335154826958
3100,0.00011384335154826958
3101,0.00011384335154826958
3102,0.00011384335154826958
3103,0.00011384335154826958
3104,0.00011384335154826958
3105,0.00011384335154826958
3106,0.00011384335154826958
3107,0.00011384335154826958
3108,0.00011384335154826958
3109,0.00011384335154826958
3110,0.00011384335154826958
3111,0.00011384335154826958
3112,0.00011384335154826958
3113,0.00011384335154826958
3114,0.00011384335154826958
3115,0.00011384335154826958
3116,0.00011384335154826958
3117,0.00011384335154826958
3118,0.00011384335154826958
3119,0.00011384335154826958
3120,0.00011384335154826958
3121,0.00011384335154826958
3122,0.00011384335154826958
3123,0.00011384335154826958
3124,0.00011384335154826958
3125,0.00011384335154826958
3126,0.00011384335154826958
3127,0.00011384335154826958
3128,0.00011384335154826958
3129,0.00011384335154826958
3130,0.00011384335154826958
3131,0.00011384335154826958
3132,0.00011384335154826958
3133,0.00011384335154826958
3134,0.00011384335154826958
3135,0.00011384335154826958
3136,0.00011384335154826958
3137,0.00011384335154826958
3138,0.00011384335154826958
3139,0.00011384335154826958
3140,0.00011384335154826958
3141,0.00011384335154826958
3142,0.00011384335154826958
3143,0.00011384335154826958
3144,0.00011384335154826958
3145,0.00011384335154826958
3146,0.00011384335154826958
3147,0.00011384335154826958
3148,0.00011384335154826958
3149,0.00011384335154826958
3150,0.00011384335154826958
3151,0.00011384335154826958
3152,0.00011384335154826958
3153,0.00011384335154826958
3154,0.00011384335154826958
3155,0.00011384335154826958
3156,0.00011384335154826958
3157,0.00011384335154826958
3158,0.00011384335154826958
3159,0.00011384335154826958
3160,0.00011384335154826958
3161,0.00011384335154826958
3162,0.00011384335154826958
3163,0.00011384335154826958
3164,0.00011384335154826958
3165,0.00011384335154826958
3166,0.00011384335154826958
3167,0.00011384335154826958
3168,0.00011384335154826958
3169,0.00011384335154826958
3170,0.00011384335154826958
3171,0.00011384335154826958
3172,0.00011384335154826958
3173,0.00011384335154826958
3174,0.00011384335154826958
3175,0.00011384335154826958
3176,0.00011384335154826958
3177,0.00011384335154826958
3178,0.00011384335154826958
3179,0.00011384335154826958
3180,0.00011384335154826958
3181,0.00011384335154826958
3182,0.00011384335154826958
3183,0.00011384335154826958
3184,0.00011384335154826958
3185,0.00011384335154826958
3186,0.00011384335154826958
3187,0.00011384335154826958
3188,0.00011384335154826958
3189,0.00011384335154826958
3190,0.00011384335154826958
3191,0.00011384335154826958
3192,0.00011384335154826958
3193,0.00011384335154826958
3194,0.00011384335154826958
3195,0.00011384335154826958
3196,0.00011384335154826958
3197,0.00011384335154826958
3198,0.00011384335154826958
3199,0.00011384335154826958
3200,0.00011384335154826958
3201,0.00011384335154826958
3202,0.00011384335154826958
3203,0.00011384335154826958
3204,0.00011384335154826958
3205,0.00011384335154826958
3206,0.00011384335154826958
3207,0.00011384335154826958
3208,0.00011384335154826958
3209,0.00011384335154826958
3210,0.00011384335154826958
3211,0.00011384335154826958
3212,0.00011384335154826958
3213,0.00011384335154826958
3214,0.00011384335154826958
3215,0.00011384335154826958
3216,0.00011384335154826958
3217,0.00011384335154826958
3218,0.00011384335154826958
3219,0.00011384335154826958
3220,0.00011384335154826958
3221,0.00011384335154826958
3222,0.00011384335154826958
3223,0.00011384335154826958
3224,0.00011384335154826958
3225,0.00011384335154826958
3226,0.00011384335154826958
3227,0.00011384335154826958
3228,0.00011384335154826958
3229,0.00011384335154826958
3230,0.00011384335154826958
3231,0.00011384335154826958
3232,0.00011384335154826958
3233,0.00011384335154826958
3234,0.00011384335154826958
3235,0.00011384335154826958
3236,0.00011384335154826958
3237,0.00011384335154826958
3238,0.00011384335154826958
3239,0.00011384335154826958
3240,0.00011384335154826958
3241,0.00011384335154826958
3242,0.00011384335154826958
3243,0.00011384335154826958
3244,0.00011384335154826958
3245,0.00011384335154826958
3246,0.00011384335154826958
3247,0.00011384335154826958
3248,0.00011384335154826958
3249,0.00011384335154826958
3250,0.00011384335154826958
3251,0.00011384335154826958
3252,0.00011384335154826958
3253,0.00011384335154826958
3254,0.00011384335154826958
3255,0.00011384335154826958
3256,0.00011384335154826958
3257,0.00011384335154826958
3258,0.00011384335154826958
3259,0.00011384335154826958
3260,0.00011384335154826958
3261,0.00011384335154826958
3262,0.00011384335154826958
3263,0.00011384335154826958
3264,0.00011384335154826958
3265,0.00011384335154826958
3266,0.00011384335154826958
3267,0.00011384335154826958
3268,0.00011384335154826958
3269,0.00011384335154826958
3270,0.00011384335154826958
3271,0.00011384335154826958
3272,0.00011384335154826958
3273,0.00011384335154826958
3274,0.00011384335154826958
3275,0.00011384335154826958
3276,0.00011384335154826958
3277,0.00011384335154826958
3278,0.00011384335154826958
3279,0.00011384335154826958
3280,0.00011384335154826958
3281,0.00011384335154826958
3282,0.00011384335154826958
3283,0.00011384335154826958
3284,0.00011384335154826958
3285,0.00011384335154826958
3286,0.00011384335154826958
3287,0.00011384335154826958
3288,0.00011384335154826958
3289,0.00011384335154826958
3290,0.00011384335154826958
3291,0.00011384335154826958
3292,0.00011384335154826958
3293,0.00011384335154826958
3294,0.00011384335154826958
3295,0.00011384335154826958
3296,0.00011384335154826958
3297,0.00011384335154826958
3298,0.00011384335154826958
3299,0.00011384335154826958
3300,0.00011384335154826958
3301,0.00011384335154826958
3302,0.00011384335154826958
3303,0.00011384335154826958
3304,0.00011384335154826958
3305,0.00011384335154826958
3306,0.00011384335154826958
3307,0.00011384335154826958
3308,0.00011384335154826958
3309,0.00011384335154826958
3310,0.00011384335154826958
3311,0.00011384335154826958
3312,0.00011384335154826958
3313,0.00011384335154826958
3314,0.00011384335154826958
3315,0.00011384335154826958
3316,0.00011384335154826958
3317,0.00011384335154826958
3318,0.00011384335154826958
3319,0.00011384335154826958
3320,0.00011384335154826958
3321,0.00011384335154826958
3322,0.00011384335154826958
3323,0.00011384335154826958
3324,0.00011384335154826958
3325,0.00011384335154826958
3326,0.00011384335154826958
3327,0.00011384335154826958
3328,0.00011384335154826958
3329,0.00011384335154826958
3330,0.00011384335154826958
3331,0.00011384335154826958
3332,0.00011384335154826958
3333,0.00011384335154826958
3334,0.00011384335154826958
3335,0.00011384335154826958
3336,0.00011384335154826958
3337,0.00011384335154826958
3338,0.00011384335154826958
3339,0.00011384335154826958
3340,0.00011384335154826958
3341,0.00011384335154826958
3342,0.00011384335154826958
3343,0.00011384335154826958
3344,0.00011384335154826958
3345,0.00011384335154826958
3346,0.00011384335154826958
3347,0.00011384335154826958
3348,0.00011384335154826958
3349,0.00011384335154826958
3350,0.00011384335154826958
3351,0.00011384335154826958
3352,0.00011384335154826958
3353,0.00011384335154826958
3354,0.00011384335154826958
3355,0.00011384335154826958
3356,0.00011384335154826958
3357,0.00011384335154826958
3358,0.00011384335154826958
3359,0.00011384335154826958
3360,0.00011384335154826958
3361,0.00011384335154826958
3362,0.00011384335154826958
3363,0.00011384335154826958
3364,0.00011384335154826958
3365,0.00011384335154826958
3366,0.00011384335154826958
3367,0.00011384335154826958
3368,0.00011384335154826958
3369,0.00011384335154826958
3370,0.00011384335154826958
3371,0.00011384335154826958
3372,0.00011384335154826958
3373,0.00011384335154826958
3374,0.00011384335154826958
3375,0.00011384335154826958
3376,0.00011384335154826958
3377,0.00011384335154826958
3378,0.00011384335154826958
3379,0.00011384335154826958
3380,0.00011384335154826958
3381,0.00011384335154826958
3382,0.00011384335154826958
3383,0.00011384335154826958
3384,0.00011384335154826958
3385,0.00011384335154826958
3386,0.00011384335154826958
3387,0.00011384335154826958
3388,0.00011384335154826958
3389,0.00011384335154826958
3390,0.00011384335154826958
3391,0.00011384335154826958
3392,0.00011384335154826958
3393,0.00011384335154826958
3394,0.00011384335154826958
3395,0.00011384335154826958
3396,0.00011384335154826958
3397,0.00011384335154826958
3398,0.00011384335154826958
3399,0.00011384335154826958
3400,0.00011384335154826958
3401,0.00011384335154826958
3402,0.00011384335154826958
3403,0.00011384335154826958
3404,0.00011384335154826958
3405,0.00011384335154826958
3406,0.00011384335154826958
3407,0.00011384335154826958
3408,0.00011384335154826958
3409,0.00011384335154826958
3410,0.00011384335154826958
3411,0.00011384335154826958
3412,0.00011384335154826958
3413,0.00011384335154826958
3414,0.00011384335154826958
3415,0.00011384335154826958
3416,0.00011384335154826958
3417,0.00011384335154826958
3418,0.00011384335154826958
3419,0.00011384335154826958
3420,0.00011384335154826958
3421,0.00011384335154826958
3422,0.00011384335154826958
3423,0.00011384335154826958
3424,0.00011384335154826958
3425,0.00011384335154826958
3426,0.00011384335154826958
3427,0.00011384335154826958
3428,0.00011384335154826958
3429,0.00011384335154826958
3430,0.00011384335154826958
3431,0.00011384335154826958
3432,0.00011384335154826958
3433,0.00011384335154826958
3434,0.00011384335154826958
3435,0.00011384335154826958
3436,0.00011384335154826958
3437,0.00011384335154826958
3438,0.00011384335154826958
3439,0.00011384335154826958
3440,0.00011384335154826958
3441,0.00011384335154826958
3442,0.00011384335154826958
3443,0.00011384335154826958
3444,0.00011384335154826958
3445,0.00011384335154826958
3446,0.00011384335154826958
3447,0.00011384335154826958
3448,0.00011384335154826958
3449,0.00011384335154826958
3450,0.00011384335154826958
3451,0.00011384335154826958
3452,0.00011384335154826958
3453,0.00011384335154826958
3454,0.00011384335154826958
3455,0.00011384335154826958
3456,0.00011384335154826958
3457,0.00011384335154826958
3458,0.00011384335154826958
3459,0.00011384335154826958
3460,0.00011384335154826958
3461,0.00011384335154826958
3462,0.00011384335154826958
3463,0.00011384335154826958
3464,0.00011384335154826958
3465,0.00011384335154826958
3466,0.00011384335154826958
3467,0.00011384335154826958
3468,0.00011384335154826958
3469,0.00011384335154826958
3470,0.00011384335154826958
3471,0.00011384335154826958
3472,0.00011384335154826958
3473,0.00011384335154826958
3474,0.00011384335154826958
3475,0.00011384335154826958
3476,0.00011384335154826958
3477,0.00011384335154826958
3478,0.00011384335154826958
3479,0.00011384335154826958
3480,0.00011384335154826958
3481,0.00011384335154826958
3482,0.00011384335154826958
3483,0.00011384335154826958
3484,0.00011384335154826958
3485,0.00011384335154826958
3486,0.00011384335154826958
3487,0.00011384335154826958
3488,0.00011384335154826958
3489,0.00011384335154826958
3490,0.00011384335154826958
3491,0.00011384335154826958
3492,0.00011384335154826958
3493,0.00011384335154826958
3494,0.00011384335154826958
3495,0.00011384335154826958
3496,0.00011384335154826958
3497,0.00011384335154826958
3498,0.00011384335154826958
3499,0.00011384335154826958
3500,0.00011384335154826958
3501,0.00011384335154826958
3502,0.00011384335154826958
3503,0.00011384335154826958
3504,0.00011384335154826958
3505,0.00011384335154826958
3506,0.00011384335154826958
3507,0.00011384335154826958
3508,0.00011384335154826958
3509,0.00011384335154826958
3510,0.00011384335154826958
3511,0.00011384335154826958
3512,0.00011384335154826958
3513,0.00011384335154826958
3514,0.00011384335154826958
3515,0.00011384335154826958
3516,0.00011384335154826958
3517,0.00011384335154826958
3518,0.00011384335154826958
3519,0.00011384335154826958
3520,0.00011384335154826958
3521,0.00011384335154826958
3522,0.00011384335154826958
3523,0.00011384335154826958
3524,0.00011384335154826958
3525,0.00011384335154826958
3526,0.00011384335154826958
3527,0.00011384335154826958
3528,0.00011384335154826958
3529,0.00011384335154826958
3530,0.00011384335154826958
3531,0.00011384335154826958
3532,0.00011384335154826958
3533,0.00011384335154826958
3534,0.00011384335154826958
3535,0.00011384335154826958
3536,0.00011384335154826958
3537,0.00011384335154826958
3538,0.00011384335154826958
3539,0.00011384335154826958
3540,0.00011384335154826958
3541,0.00011384335154826958
3542,0.00011384335154826958
3543,0.00011384335154826958
3544,0.00011384335154826958
3545,0.00011384335154826958
3546,0.00011384335154826958
3547,0.00011384335154826958
3548,0.00011384335154826958
3549,0.00011384335154826958
3550,0.00011384335154826958
3551,0.00011384335154826958
3552,0.00011384335154826958
3553,0.00011384335154826958
3554,0.00011384335154826958
3555,0.00011384335154826958
3556,0.00011384335154826958
3557,0.00011384335154826958
3558,0.00011384335154826958
3559,0.00011384335154826958
3560,0.00011384335154826958
3561,0.00011384335154826958
3562,0.00011384335154826958
3563,0.00011384335154826958
3564,0.00011384335154826958
3565,0.00011384335154826958
3566,0.00011384335154826958
3567,0.00011384335154826958
3568,0.00011384335154826958
3569,0.00011384335154826958
3570,0.00011384335154826958
3571,0.00011384335154826958
3572,0.00011384335154826958
3573,0.00011384335154826958
3574,0.00011384335154826958
3575,0.00011384335154826958
3576,0.00011384335154826958
3577,0.00011384335154826958
3578,0.00011384335154826958
3579,0.00011384335154826958
3580,0.00011384335154826958
3581,0.00011384335154826958
3582,0.00011384335154826958
3583,0.00011384335154826958
3584,0.00011384335154826958
3585,0.00011384335154826958
3586,0.00011384335154826958
3587,0.00011384335154826958
3588,0.00011384335154826958
3589,0.00011384335154826958
3590,0.00011384335154826958
3591,0.00011384335154826958
3592,0.00011384335154826958
3593,0.00011384335154826958
3594,0.00011384335154826958
3595,0.00011384335154826958
3596,0.00011384335154826958
3597,0.00011384335154826958
3598,0.00011384335154826958
3599,0.00011384335154826958
3600,0.00011384335154826958
3601,0.00011384335154826958
3602,0.00011384335154826958
3603,0.00011384335154826958
3604,0.00011384335154826958
3605,0.00011384335154826958
3606,0.00011384335154826958
3607,0.00011384335154826958
3608,0.00011384335154826958
3609,0.00011384335154826958
3610,0.00011384335154826958
3611,0.00011384335154826958
3612,0.00011384335154826958
3613,0.00011384335154826958
3614,0.00011384335154826958
3615,0.00011384335154826958
3616,0.00011384335154826958
3617,0.00011384335154826958
3618,0.00011384335154826958
3619,0.00011384335154826958
3620,0.00011384335154826958
3621,0.00011384335154826958
3622,0.00011384335154826958
3623,0.00011384335154826958
3624,0.00011384335154826958
3625,0.00011384335154826958
3626,0.00011384335154826958
3627,0.00011384335154826958
3628,0.00011384335154826958
3629,0.00011384335154826958
3630,0.00011384335154826958
3631,0.00011384335154826958
3632,0.00011384335154826958
3633,0.00011384335154826958
3634,0.00011384335154826958
3635,0.00011384335154826958
3636,0.00011384335154826958
3637,0.00011384335154826958
3638,0.00011384335154826958
3639,0.00011384335154826958
3640,0.00011384335154826958
3641,0.00011384335154826958
3642,0.00011384335154826958
3643,0.00011384335154826958
3644,0.00011384335154826958
3645,0.00011384335154826958
3646,0.00011384335154826958
3647,0.00011384335154826958
3648,0.00011384335154826958
3649,0.00011384335154826958
3650,0.00011384335154826958
3651,0.00011384335154826958
3652,0.00011384335154826958
3653,0.00011384335154826958
3654,0.00011384335154826958
3655,0.00011384335154826958
3656,0.00011384335154826958
3657,0.00011384335154826958
3658,0.00011384335154826958
3659,0.00011384335154826958
3660,0.00011384335154826958
3661,0.00011384335154826958
3662,0.00011384335154826958
3663,0.00011384335154826958
3664,0.00011384335154826958
3665,0.00011384335154826958
3666,0.00011384335154826958
3667,0.00011384335154826958
3668,0.00011384335154826958
3669,0.00011384335154826958
3670,0.00011384335154826958
3671,0.00011384335154826958
3672,0.00011384335154826958
3673,0.00011384335154826958
3674,0.00011384335154826958
3675,0.00011384335154826958
3676,0.00011384335154826958
3677,0.00011384335154826958
3678,0.00011384335154826958
3679,0.00011384335154826958
3680,0.00011384335154826958
3681,0.00011384335154826958
3682,0.00011384335154826958
3683,0.00011384335154826958
3684,0.00011384335154826958
3685,0.00011384335154826958
3686,0.00011384335154826958
3687,0.00011384335154826958
3688,0.00011384335154826958
3689,0.00011384335154826958
3690,0.00011384335154826958
3691,0.00011384335154826958
3692,0.00011384335154826958
3693,0.00011384335154826958
3694,0.00011384335154826958
3695,0.00011384335154826958
3696,0.00011384335154826958
3697,0.00011384335154826958
3698,0.00011384335154826958
3699,0.00011384335154826958
3700,0.00011384335154826958
3701,0.00011384335154826958
3702,0.00011384335154826958
3703,0.00011384335154826958
3704,0.00011384335154826958
3705,0.00011384335154826958
3706,0.00011384335154826958
3707,0.00011384335154826958
3708,0.00011384335154826958
3709,0.00011384335154826958
3710,0.00011384335154826958
3711,0.00011384335154826958
3712,0.00011384335154826958
3713,0.00011384335154826958
3714,0.00011384335154826958
3715,0.00011384335154826958
3716,0.00011384335154826958
3717,0.00011384335154826958
3718,0.00011384335154826958
3719,0.00011384335154826958
3720,0.00011384335154826958
3721,0.00011384335154826958
3722,0.00011384335154826958
3723,0.00011384335154826958
3724,0.00011384335154826958
3725,0.00011384335154826958
3726,0.00011384335154826958
3727,0.00011384335154826958
3728,0.00011384335154826958
3729,0.00011384335154826958
3730,0.00011384335154826958
3731,0.00011384335154826958
3732,0.00011384335154826958
3733,0.00011384335154826958
3734,0.00011384335154826958
3735,0.00011384335154826958
3736,0.00011384335154826958
3737,0.00011384335154826958
3738,0.00011384335154826958
3739,0.00011384335154826958
3740,0.00011384335154826958
3741,0.00011384335154826958
3742,0.00011384335154826958
3743,0.00011384335154826958
3744,0.00011384335154826958
3745,0.00011384335154826958
3746,0.00011384335154826958
3747,0.00011384335154826958
3748,0.00011384335154826958
3749,0.00011384335154826958
3750,0.00011384335154826958
3751,0.00011384335154826958
3752,0.00011384335154826958
3753,0.00011384335154826958
3754,0.00011384335154826958
3755,0.00011384335154826958
3756,0.00011384335154826958
3757,0.00011384335154826958
3758,0.00011384335154826958
3759,0.00011384335154826958
3760,0.00011384335154826958
3761,0.00011384335154826958
3762,0.00011384335154826958
3763,0.00011384335154826958
3764,0.00011384335154826958
3765,0.00011384335154826958
3766,0.00011384335154826958
3767,0.00011384335154826958
3768,0.00011384335154826958
3769,0.00011384335154826958
3770,0.00011384335154826958
3771,0.00011384335154826958
3772,0.00011384335154826958
3773,0.00011384335154826958
3774,0.00011384335154826958
3775,0.00011384335154826958
3776,0.00011384335154826958
3777,0.00011384335154826958
3778,0.00011384335154826958
3779,0.00011384335154826958
3780,0.00011384335154826958
3781,0.00011384335154826958
3782,0.00011384335154826958
3783,0.00011384335154826958
3784,0.00011384335154826958
3785,0.00011384335154826958
3786,0.00011384335154826958
3787,0.00011384335154826958
3788,0.00011384335154826958
3789,0.00011384335154826958
3790,0.00011384335154826958
3791,0.00011384335154826958
3792,0.00011384335154826958
3793,0.00011384335154826958
3794,0.00011384335154826958
3795,0.00011384335154826958
3796,0.00011384335154826958
3797,0.00011384335154826958
3798,0.00011384335154826958
3799,0.00011384335154826958
3800,0.00011384335154826958
3801,0.00011384335154826958
3802,0.00011384335154826958
3803,0.00011384335154826958
3804,0.00011384335154826958
3805,0.00011384335154826958
3806,0.00011384335154826958
3807,0.00011384335154826958
3808,0.00011384335154826958
3809,0.00011384335154826958
3810,0.00011384335154826958
3811,0.00011384335154826958
3812,0.00011384335154826958
3813,0.00011384335154826958
3814,0.00011384335154826958
3815,0.00011384335154826958
3816,0.00011384335154826958
3817,0.00011384335154826958
3818,0.00011384335154826958
3819,0.00011384335154826958
3820,0.00011384335154826958
3821,0.00011384335154826958
3822,0.00011384335154826958
3823,0.00011384335154826958
3824,0.00011384335154826958
3825,0.00011384335154826958
3826,0.00011384335154826958
3827,0.00011384335154826958
3828,0.00011384335154826958
3829,0.00011384335154826958
3830,0.00011384335154826958
3831,0.00011384335154826958
3832,0.00011384335154826958
3833,0.00011384335154826958
3834,0.00011384335154826958
3835,0.00011384335154826958
3836,0.00011384335154826958
3837,0.00011384335154826958
3838,0.00011384335154826958
3839,0.00011384335154826958
3840,0.00011384335154826958
3841,0.00011384335154826958
3842,0.00011384335154826958
3843,0.00011384335154826958
3844,0.00011384335154826958
3845,0.00011384335154826958
3846,0.00011384335154826958
3847,0.00011384335154826958
3848,0.00011384335154826958
3849,0.00011384335154826958
3850,0.00011384335154826958
3851,0.00011384335154826958
3852,0.00011384335154826958
3853,0.00011384335154826958
3854,0.00011384335154826958
3855,0.00011384335154826958
3856,0.00011384335154826958
3857,0.00011384335154826958
3858,0.00011384335154826958
3859,0.00011384335154826958
3860,0.00011384335154826958
3861,0.00011384335154826958
3862,0.00011384335154826958
3863,0.00011384335154826958
3864,0.00011384335154826958
3865,0.00011384335154826958
3866,0.00011384335154826958
3867,0.00011384335154826958
3868,0.00011384335154826958
3869,0.00011384335154826958
3870,0.00011384335154826958
3871,0.00011384335154826958
3872,0.00011384335154826958
3873,0.00011384335154826958
3874,0.00011384335154826958
3875,0.00011384335154826958
3876,0.00011384335154826958
3877,0.00011384335154826958
3878,0.00011384335154826958
3879,0.00011384335154826958
3880,0.00011384335154826958
3881,0.00011384335154826958
3882,0.00011384335154826958
3883,0.00011384335154826958
3884,0.00011384335154826958
3885,0.00011384335154826958
3886,0.00011384335154826958
3887,0.00011384335154826958
3888,0.00011384335154826958
3889,0.00011384335154826958
3890,0.00011384335154826958
3891,0.00011384335154826958
3892,0.00011384335154826958
3893,0.00011384335154826958
3894,0.00011384335154826958
3895,0.00011384335154826958
3896,0.00011384335154826958
3897,0.00011384335154826958
3898,0.00011384335154826958
3899,0.00011384335154826958
3900,0.00011384335154826958
3901,0.00011384335154826958
3902,0.00011384335154826958
3903,0.00011384335154826958
3904,0.00011384335154826958
3905,0.00011384335154826958
3906,0.00011384335154826958
3907,0.00011384335154826958
3908,0.00011384335154826958
3909,0.00011384335154826958
3910,0.00011384335154826958
3911,0.00011384335154826958
3912,0.00011384335154826958
3913,0.00011384335154826958
3914,0.00011384335154826958
3915,0.00011384335154826958
3916,0.00011384335154826958
3917,0.00011384335154826958
3918,0.00011384335154826958
3919,0.00011384335154826958
3920,0.00011384335154826958
3921,0.00011384335154826958
3922,0.00011384335154826958
3923,0.00011384335154826958
3924,0.00011384335154826958
3925,0.00011384335154826958
3926,0.00011384335154826958
3927,0.00011384335154826958
3928,0.00011384335154826958
3929,0.00011384335154826958
3930,0.00011384335154826958
3931,0.00011384335154826958
3932,0.00011384335154826958
3933,0.00011384335154826958
3934,0.00011384335154826958
3935,0.00011384335154826958
3936,0.00011384335154826958
3937,0.00011384335154826958
3938,0.00011384335154826958
3939,0.00011384335154826958
3940,0.00011384335154826958
3941,0.00011384335154826958
3942,0.00011384335154826958
3943,0.00011384335154826958
3944,0.00011384335154826958
3945,0.00011384335154826958
3946,0.00011384335154826958
3947,0.00011384335154826958
3948,0.00011384335154826958
3949,0.00011384335154826958
3950,0.00011384335154826958
3951,0.00011384335154826958
3952,0.00011384335154826958
3953,0.00011384335154826958
3954,0.00011384335154826958
3955,0.00011384335154826958
3956,0.00011384335154826958
3957,0.00011384335154826958
3958,0.00011384335154826958
3959,0.00011384335154826958
3960,0.00011384335154826958
3961,0.00011384335154826958
3962,0.00011384335154826958
3963,0.00011384335154826958
3964,0.00011384335154826958
3965,0.00011384335154826958
3966,0.00011384335154826958
3967,0.00011384335154826958
3968,0.00011384335154826958
3969,0.00011384335154826958
3970,0.00011384335154826958
3971,0.00011384335154826958
3972,0.00011384335154826958
3973,0.00011384335154826958
3974,0.00011384335154826958
3975,0.00011384335154826958
3976,0.00011384335154826958
3977,0.00011384335154826958
3978,0.00011384335154826958
3979,0.00011384335154826958
3980,0.00011384335154826958
3981,0.00011384335154826958
3982,0.00011384335154826958
3983,0.00011384335154826958
3984,0.00011384335154826958
3985,0.00011384335154826958
3986,0.00011384335154826958
3987,0.00011384335154826958
3988,0.00011384335154826958
3989,0.00011384335154826958
3990,0.00011384335154826958
3991,0.00011384335154826958
3992,0.00011384335154826958
3993,0.00011384335154826958
3994,0.00011384335154826958
3995,0.00011384335154826958
3996,0.00011384335154826958
3997,0.00011384335154826958
3998,0.00011384335154826958
3999,0.00011384335154826958
4000,0.00011384335154826958
4001,0.00011384335154826958
4002,0.00011384335154826958
4003,0.00011384335154826958
4004,0.00011384335154826958
4005,0.00011384335154826958
4006,0.00011384335154826958
4007,0.00011384335154826958
4008,0.00011384335154826958
4009,0.00011384335154826958
4010,0.00011384335154826958
4011,0.00011384335154826958
4012,0.00011384335154826958
4013,0.00011384335154826958
4014,0.00011384335154826958
4015,0.00011384335154826958
4016,0.00011384335154826958
4017,0.00011384335154826958
4018,0.00011384335154826958
4019,0.00011384335154826958
4020,0.00011384335154826958
4021,0.00011384335154826958
4022,0.00011384335154826958
4023,0.00011384335154826958
4024,0.00011384335154826958
4025,0.00011384335154826958
4026,0.00011384335154826958
4027,0.00011384335154826958
4028,0.00011384335154826958
4029,0.00011384335154826958
4030,0.00011384335154826958
4031,0.00011384335154826958
4032,0.00011384335154826958
4033,0.00011384335154826958
4034,0.00011384335154826958
4035,0.00011384335154826958
4036,0.00011384335154826958
4037,0.00011384335154826958
4038,0.00011384335154826958
4039,0.00011384335154826958
4040,0.00011384335154826958
4041,0.00011384335154826958
4042,0.00011384335154826958
4043,0.00011384335154826958
4044,0.00011384335154826958
4045,0.00011384335154826958
4046,0.00011384335154826958
4047,0.00011384335154826958
4048,0.00011384335154826958
4049,0.00011384335154826958
4050,0.00011384335154826958
4051,0.00011384335154826958
4052,0.00011384335154826958
4053,0.00011384335154826958
4054,0.00011384335154826958
4055,0.00011384335154826958
4056,0.00011384335154826958
4057,0.00011384335154826958
4058,0.00011384335154826958
4059,0.00011384335154826958
4060,0.00011384335154826958
4061,0.00011384335154826958
4062,0.00011384335154826958
4063,0.00011384335154826958
4064,0.00011384335154826958
4065,0.00011384335154826958
4066,0.00011384335154826958
4067,0.00011384335154826958
4068,0.00011384335154826958
4069,0.00011384335154826958
4070,0.00011384335154826958
4071,0.00011384335154826958
4072,0.00011384335154826958
4073,0.00011384335154826958
4074,0.00011384335154826958
4075,0.00011384335154826958
4076,0.00011384335154826958
4077,0.00011384335154826958
4078,0.00011384335154826958
4079,0.00011384335154826958
4080,0.00011384335154826958
4081,0.00011384335154826958
4082,0.00011384335154826958
4083,0.00011384335154826958
4084,0.00011384335154826958
4085,0.00011384335154826958
4086,0.00011384335154826958
4087,0.00011384335154826958
4088,0.00011384335154826958
4089,0.00011384335154826958
4090,0.00011384335154826958
4091,0.00011384335154826958
4092,0.00011384335154826958
4093,0.00011384335154826958
4094,0.00011384335154826958
4095,0.00011384335154826958
4096,0.00011384335154826958
4097,0.00011384335154826958
4098,0.00011384335154826958
4099,0.00011384335154826958
4100,0.00011384335154826958
4101,0.00011384335154826958
4102,0.00011384335154826958
4103,0.00011384335154826958
4104,0.00011384335154826958
4105,0.00011384335154826958
4106,0.00011384335154826958
4107,0.00011384335154826958
4108,0.00011384335154826958
4109,0.00011384335154826958
4110,0.00011384335154826958
4111,0.00011384335154826958
4112,0.00011384335154826958
4113,0.00011384335154826958
4114,0.00011384335154826958
4115,0.00011384335154826958
4116,0.00011384335154826958
4117,0.00011384335154826958
4118,0.00011384335154826958
4119,0.00011384335154826958
4120,0.00011384335154826958
4121,0.00011384335154826958
4122,0.00011384335154826958
4123,0.00011384335154826958
4124,0.00011384335154826958
4125,0.00011384335154826958
4126,0.00011384335154826958
4127,0.00011384335154826958
4128,0.00011384335154826958
4129,0.00011384335154826958
4130,0.00011384335154826958
4131,0.00011384335154826958
4132,0.00011384335154826958
4133,0.00011384335154826958
4134,0.00011384335154826958
4135,0.00011384335154826958
4136,0.00011384335154826958
4137,0.00011384335154826958
4138,0.00011384335154826958
4139,0.00011384335154826958
4140,0.00011384335154826958
4141,0.00011384335154826958
4142,0.00011384335154826958
4143,0.00011384335154826958
4144,0.00011384335154826958
4145,0.00011384335154826958
4146,0.00011384335154826958
4147,0.00011384335154826958
4148,0.00011384335154826958
4149,0.00011384335154826958
4150,0.00011384335154826958
4151,0.00011384335154826958
4152,0.00011384335154826958
4153,0.00011384335154826958
4154,0.00011384335154826958
4155,0.00011384335154826958
4156,0.00011384335154826958
4157,0.00011384335154826958
4158,0.00011384335154826958
4159,0.00011384335154826958
4160,0.00011384335154826958
4161,0.00011384335154826958
4162,0.00011384335154826958
4163,0.00011384335154826958
4164,0.00011384335154826958
4165,0.00011384335154826958
4166,0.00011384335154826958
4167,0.00011384335154826958
4168,0.00011384335154826958
4169,0.00011384335154826958
4170,0.00011384335154826958
4171,0.00011384335154826958
4172,0.00011384335154826958
4173,0.00011384335154826958
4174,0.00011384335154826958
4175,0.00011384335154826958
4176,0.00011384335154826958
4177,0.00011384335154826958
4178,0.00011384335154826958
4179,0.00011384335154826958
4180,0.00011384335154826958
4181,0.00011384335154826958
4182,0.00011384335154826958
4183,0.00011384335154826958
4184,0.00011384335154826958
4185,0.00011384335154826958
4186,0.00011384335154826958
4187,0.00011384335154826958
4188,0.00011384335154826958
4189,0.00011384335154826958
4190,0.00011384335154826958
4191,0.00011384335154826958
4192,0.00011384335154826958
4193,0.00011384335154826958
4194,0.00011384335154826958
4195,0.00011384335154826958
4196,0.00011384335154826958
4197,0.00011384335154826958
4198,0.00011384335154826958
4199,0.00011384335154826958
4200,0.00011384335154826958
4201,0.00011384335154826958
4202,0.00011384335154826958
4203,0.00011384335154826958
4204,0.00011384335154826958
4205,0.00011384335154826958
4206,0.00011384335154826958
4207,0.00011384335154826958
4208,0.00011384335154826958
4209,0.00011384335154826958
4210,0.00011384335154826958
4211,0.00011384335154826958
4212,0.00011384335154826958
4213,0.00011384335154826958
4214,0.00011384335154826958
4215,0.00011384335154826958
4216,0.00011384335154826958
4217,0.00011384335154826958
4218,0.00011384335154826958
4219,0.00011384335154826958
4220,0.00011384335154826958
4221,0.00011384335154826958
4222,0.00011384335154826958
4223,0.00011384335154826958
4224,0.00011384335154826958
4225,0.00011384335154826958
4226,0.00011384335154826958
4227,0.00011384335154826958
4228,0.00011384335154826958
4229,0.00011384335154826958
4230,0.00011384335154826958
4231,0.00011384335154826958
4232,0.00011384335154826958
4233,0.00011384335154826958
4234,0.00011384335154826958
4235,0.00011384335154826958
4236,0.00011384335154826958
4237,0.00011384335154826958
4238,0.00011384335154826958
4239,0.00011384335154826958
4240,0.00011384335154826958
4241,0.00011384335154826958
4242,0.00011384335154826958
4243,0.00011384335154826958
4244,0.00011384335154826958
4245,0.00011384335154826958
4246,0.00011384335154826958
4247,0.00011384335154826958
4248,0.00011384335154826958
4249,0.00011384335154826958
4250,0.00011384335154826958
4251,0.00011384335154826958
4252,0.00011384335154826958
4253,0.00011384335154826958
4254,0.00011384335154826958
4255,0.00011384335154826958
4256,0.00011384335154826958
4257,0.00011384335154826958
4258,0.00011384335154826958
4259,0.00011384335154826958
4260,0.00011384335154826958
4261,0.00011384335154826958
4262,0.00011384335154826958
4263,0.00011384335154826958
4264,0.00011384335154826958
4265,0.00011384335154826958
4266,0.00011384335154826958
4267,0.00011384335154826958
4268,0.00011384335154826958
4269,0.00011384335154826958
4270,0.00011384335154826958
4271,0.00011384335154826958
4272,0.00011384335154826958
4273,0.00011384335154826958
4274,0.00011384335154826958
4275,0.00011384335154826958
4276,0.00011384335154826958
4277,0.00011384335154826958
4278,0.00011384335154826958
4279,0.00011384335154826958
4280,0.00011384335154826958
4281,0.00011384335154826958
4282,0.00011384335154826958
4283,0.00011384335154826958
4284,0.00011384335154826958
4285,0.00011384335154826958
4286,0.00011384335154826958
4287,0.00011384335154826958
4288,0.00011384335154826958
4289,0.00011384335154826958
4290,0.00011384335154826958
4291,0.00011384335154826958
4292,0.00011384335154826958
4293,0.00011384335154826958
4294,0.00011384335154826958
4295,0.00011384335154826958
4296,0.00011384335154826958
4297,0.00011384335154826958
4298,0.00011384335154826958
4299,0.00011384335154826958
4300,0.00011384335154826958
4301,0.00011384335154826958
4302,0.00011384335154826958
4303,0.00011384335154826958
4304,0.00011384335154826958
4305,0.00011384335154826958
4306,0.00011384335154826958
4307,0.00011384335154826958
4308,0.00011384335154826958
4309,0.00011384335154826958
4310,0.00011384335154826958
4311,0.00011384335154826958
4312,0.00011384335154826958
4313,0.00011384335154826958
4314,0.00011384335154826958
4315,0.00011384335154826958
4316,0.00011384335154826958
4317,0.00011384335154826958
4318,0.00011384335154826958
4319,0.00011384335154826958
4320,0.00011384335154826958
4321,0.00011384335154826958
4322,0.00011384335154826958
4323,0.00011384335154826958
4324,0.00011384335154826958
4325,0.00011384335154826958
4326,0.00011384335154826958
4327,0.00011384335154826958
4328,0.00011384335154826958
4329,0.00011384335154826958
4330,0.00011384335154826958
4331,0.00011384335154826958
4332,0.00011384335154826958
4333,0.00011384335154826958
4334,0.00011384335154826958
4335,0.00011384335154826958
4336,0.00011384335154826958
4337,0.00011384335154826958
4338,0.00011384335154826958
4339,0.00011384335154826958
4340,0.00011384335154826958
4341,0.00011384335154826958
4342,0.00011384335154826958
4343,0.00011384335154826958
4344,0.00011384335154826958
4345,0.00011384335154826958
4346,0.00011384335154826958
4347,0.00011384335154826958
4348,0.00011384335154826958
4349,0.00011384335154826958
4350,0.00011384335154826958
4351,0.00011384335154826958
4352,0.00011384335154826958
4353,0.00011384335154826958
4354,0.00011384335154826958
4355,0.00011384335154826958
4356,0.00011384335154826958
4357,0.00011384335154826958
4358,0.00011384335154826958
4359,0.00011384335154826958
4360,0.00011384335154826958
4361,0.00011384335154826958
4362,0.00011384335154826958
4363,0.00011384335154826958
4364,0.00011384335154826958
4365,0.00011384335154826958
4366,0.00011384335154826958
4367,0.00011384335154826958
4368,0.00011384335154826958
4369,0.00011384335154826958
4370,0.00011384335154826958
4371,0.00011384335154826958
4372,0.00011384335154826958
4373,0.00011384335154826958
4374,0.00011384335154826958
4375,0.00011384335154826958
4376,0.00011384335154826958
4377,0.00011384335154826958
4378,0.00011384335154826958
4379,0.00011384335154826958
4380,0.00011384335154826958
4381,0.00011384335154826958
4382,0.00011384335154826958
4383,0.00011384335154826958
4384,0.00011384335154826958
4385,0.00011384335154826958
4386,0.00011384335154826958
4387,0.00011384335154826958
4388,0.00011384335154826958
4389,0.00011384335154826958
4390,0.00011384335154826958
4391,0.00011384335154826958
4392,0.00011384335154826958
4393,0.00011384335154826958
4394,0.00011384335154826958
4395,0.00011384335154826958
4396,0.00011384335154826958
4397,0.00011384335154826958
4398,0.00011384335154826958
4399,0.00011384335154826958
4400,0.00011384335154826958
4401,0.00011384335154826958
4402,0.00011384335154826958
4403,0.00011384335154826958
4404,0.00011384335154826958
4405,0.00011384335154826958
4406,0.00011384335154826958
4407,0.00011384335154826958
4408,0.00011384335154826958
4409,0.00011384335154826958
4410,0.00011384335154826958
4411,0.00011384335154826958
4412,0.00011384335154826958
4413,0.00011384335154826958
4414,0.00011384335154826958
4415,0.00011384335154826958
4416,0.00011384335154826958
4417,0.00011384335154826958
4418,0.00011384335154826958
4419,0.00011384335154826958
4420,0.00011384335154826958
4421,0.00011384335154826958
4422,0.00011384335154826958
4423,0.00011384335154826958
4424,0.00011384335154826958
4425,0.00011384335154826958
4426,0.00011384335154826958
4427,0.00011384335154826958
4428,0.00011384335154826958
4429,0.00011384335154826958
4430,0.00011384335154826958
4431,0.00011384335154826958
4432,0.00011384335154826958
4433,0.00011384335154826958
4434,0.00011384335154826958
4435,0.00011384335154826958
4436,0.00011384335154826958
4437,0.00011384335154826958
4438,0.00011384335154826958
4439,0.00011384335154826958
4440,0.00011384335154826958
4441,0.00011384335154826958
4442,0.00011384335154826958
4443,0.00011384335154826958
4444,0.00011384335154826958
4445,0.00011384335154826958
4446,0.00011384335154826958
4447,0.00011384335154826958
4448,0.00011384335154826958
4449,0.00011384335154826958
4450,0.00011384335154826958
4451,0.00011384335154826958
4452,0.00011384335154826958
4453,0.00011384335154826958
4454,0.00011384335154826958
4455,0.00011384335154826958
4456,0.00011384335154826958
4457,0.00011384335154826958
4458,0.00011384335154826958
4459,0.00011384335154826958
4460,0.00011384335154826958
4461,0.00011384335154826958
4462,0.00011384335154826958
4463,0.00011384335154826958
4464,0.00011384335154826958
4465,0.00011384335154826958
4466,0.00011384335154826958
4467,0.00011384335154826958
4468,0.00011384335154826958
4469,0.00011384335154826958
4470,0.00011384335154826958
4471,0.00011384335154826958
4472,0.00011384335154826958
4473,0.00011384335154826958
4474,0.00011384335154826958
4475,0.00011384335154826958
4476,0.00011384335154826958
4477,0.00011384335154826958
4478,0.00011384335154826958
4479,0.00011384335154826958
4480,0.00011384335154826958
4481,0.00011384335154826958
4482,0.00011384335154826958
4483,0.00011384335154826958
4484,0.00011384335154826958
4485,0.00011384335154826958
4486,0.00011384335154826958
4487,0.00011384335154826958
4488,0.00011384335154826958
4489,0.00011384335154826958
4490,0.00011384335154826958
4491,0.00011384335154826958
4492,0.00011384335154826958
4493,0.00011384335154826958
4494,0.00011384335154826958
4495,0.00011384335154826958
4496,0.00011384335154826958
4497,0.00011384335154826958
4498,0.00011384335154826958
4499,0.00011384335154826958
4500,0.00011384335154826958
4501,0.00011384335154826958
4502,0.00011384335154826958
4503,0.00011384335154826958
4504,0.00011384335154826958
4505,0.00011384335154826958
4506,0.00011384335154826958
4507,0.00011384335154826958
4508,0.00011384335154826958
4509,0.00011384335154826958
4510,0.00011384335154826958
4511,0.00011384335154826958
4512,0.00011384335154826958
4513,0.00011384335154826958
4514,0.00011384335154826958
4515,0.00011384335154826958
4516,0.00011384335154826958
4517,0.00011384335154826958
4518,0.00011384335154826958
4519,0.00011384335154826958
4520,0.00011384335154826958
4521,0.00011384335154826958
4522,0.00011384335154826958
4523,0.00011384335154826958
4524,0.00011384335154826958
4525,0.00011384335154826958
4526,0.00011384335154826958
4527,0.00011384335154826958
4528,0.00011384335154826958
4529,0.00011384335154826958
4530,0.00011384335154826958
4531,0.00011384335154826958
4532,0.00011384335154826958
4533,0.00011384335154826958
4534,0.00011384335154826958
4535,0.00011384335154826958
4536,0.00011384335154826958
4537,0.00011384335154826958
4538,0.00011384335154826958
4539,0.00011384335154826958
4540,0.00011384335154826958
4541,0.00011384335154826958
4542,0.00011384335154826958
4543,0.00011384335154826958
4544,0.00011384335154826958
4545,0.00011384335154826958
4546,0.00011384335154826958
4547,0.00011384335154826958
4548,0.00011384335154826958
4549,0.00011384335154826958
4550,0.00011384335154826958
4551,0.00011384335154826958
4552,0.00011384335154826958
4553,0.00011384335154826958
4554,0.00011384335154826958
4555,0.00011384335154826958
4556,0.00011384335154826958
4557,0.00011384335154826958
4558,0.00011384335154826958
4559,0.00011384335154826958
4560,0.00011384335154826958
4561,0.00011384335154826958
4562,0.00011384335154826958
4563,0.00011384335154826958
4564,0.00011384335154826958
4565,0.00011384335154826958
4566,0.00011384335154826958
4567,0.00011384335154826958
4568,0.00011384335154826958
4569,0.00011384335154826958
4570,0.00011384335154826958
4571,0.00011384335154826958
4572,0.00011384335154826958
4573,0.00011384335154826958
4574,0.00011384335154826958
4575,0.00011384335154826958
4576,0.00011384335154826958
4577,0.00011384335154826958
4578,0.00011384335154826958
4579,0.00011384335154826958
4580,0.00011384335154826958
4581,0.00011384335154826958
4582,0.00011384335154826958
4583,0.00011384335154826958
4584,0.00011384335154826958
4585,0.00011384335154826958
4586,0.00011384335154826958
4587,0.00011384335154826958
4588,0.00011384335154826958
4589,0.00011384335154826958
4590,0.00011384335154826958
4591,0.00011384335154826958
4592,0.00011384335154826958
4593,0.00011384335154826958
4594,0.00011384335154826958
4595,0.00011384335154826958
4596,0.00011384335154826958
4597,0.00011384335154826958
4598,0.00011384335154826958
4599,0.00011384335154826958
4600,0.00011384335154826958
4601,0.00011384335154826958
4602,0.00011384335154826958
4603,0.00011384335154826958
4604,0.00011384335154826958
4605,0.00011384335154826958
4606,0.00011384335154826958
4607,0.00011384335154826958
4608,0.00011384335154826958
4609,0.00011384335154826958
4610,0.00011384335154826958
4611,0.00011384335154826958
4612,0.00011384335154826958
4613,0.00011384335154826958
4614,0.00011384335154826958
4615,0.00011384335154826958
4616,0.00011384335154826958
4617,0.00011384335154826958
4618,0.00011384335154826958
4619,0.00011384335154826958
4620,0.00011384335154826958
4621,0.00011384335154826958
4622,0.00011384335154826958
4623,0.00011384335154826958
4624,0.00011384335154826958
4625,0.00011384335154826958
4626,0.00011384335154826958
4627,0.00011384335154826958
4628,0.00011384335154826958
4629,0.00011384335154826958
4630,0.00011384335154826958
4631,0.00011384335154826958
4632,0.00011384335154826958
4633,0.00011384335154826958
4634,0.00011384335154826958
4635,0.00011384335154826958
4636,0.00011384335154826958
4637,0.00011384335154826958
4638,0.00011384335154826958
4639,0.00011384335154826958
4640,0.00011384335154826958
4641,0.00011384335154826958
4642,0.00011384335154826958
4643,0.00011384335154826958
4644,0.00011384335154826958
4645,0.00011384335154826958
4646,0.00011384335154826958
4647,0.00011384335154826958
4648,0.00011384335154826958
4649,0.00011384335154826958
4650,0.00011384335154826958
4651,0.00011384335154826958
4652,0.00011384335154826958
4653,0.00011384335154826958
4654,0.00011384335154826958
4655,0.00011384335154826958
4656,0.00011384335154826958
4657,0.00011384335154826958
4658,0.00011384335154826958
4659,0.00011384335154826958
4660,0.00011384335154826958
4661,0.00011384335154826958
4662,0.00011384335154826958
4663,0.00011384335154826958
4664,0.00011384335154826958
4665,0.00011384335154826958
4666,0.00011384335154826958
4667,0.00011384335154826958
4668,0.00011384335154826958
4669,0.00011384335154826958
4670,0.00011384335154826958
4671,0.00011384335154826958
4672,0.00011384335154826958
4673,0.00011384335154826958
4674,0.00011384335154826958
4675,0.00011384335154826958
4676,0.00011384335154826958
4677,0.00011384335154826958
4678,0.00011384335154826958
4679,0.00011384335154826958
4680,0.00011384335154826958
4681,0.00011384335154826958
4682,0.00011384335154826958
4683,0.00011384335154826958
4684,0.00011384335154826958
4685,0.00011384335154826958
4686,0.00011384335154826958
4687,0.00011384335154826958
4688,0.00011384335154826958
4689,0.00011384335154826958
4690,0.00011384335154826958
4691,0.00011384335154826958
4692,0.00011384335154826958
4693,0.00011384335154826958
4694,0.00011384335154826958
4695,0.00011384335154826958
4696,0.00011384335154826958
4697,0.00011384335154826958
4698,0.00011384335154826958
4699,0.00011384335154826958
4700,0.00011384335154826958
4701,0.00011384335154826958
4702,0.00011384335154826958
4703,0.00011384335154826958
4704,0.00011384335154826958
4705,0.00011384335154826958
4706,0.00011384335154826958
4707,0.00011384335154826958
4708,0.00011384335154826958
4709,0.00011384335154826958
4710,0.00011384335154826958
4711,0.00011384335154826958
4712,0.00011384335154826958
4713,0.00011384335154826958
4714,0.00011384335154826958
4715,0.00011384335154826958
4716,0.00011384335154826958
4717,0.00011384335154826958
4718,0.00011384335154826958
4719,0.00011384335154826958
4720,0.00011384335154826958
4721,0.00011384335154826958
4722,0.00011384335154826958
4723,0.00011384335154826958
4724,0.00011384335154826958
4725,0.00011384335154826958
4726,0.00011384335154826958
4727,0.00011384335154826958
4728,0.00011384335154826958
4729,0.00011384335154826958
4730,0.00011384335154826958
4731,0.00011384335154826958
4732,0.00011384335154826958
4733,0.00011384335154826958
4734,0.00011384335154826958
4735,0.00011384335154826958
4736,0.00011384335154826958
4737,0.00011384335154826958
4738,0.00011384335154826958
4739,0.00011384335154826958
4740,0.00011384335154826958
4741,0.00011384335154826958
4742,0.00011384335154826958
4743,0.00011384335154826958
4744,0.00011384335154826958
4745,0.00011384335154826958
4746,0.00011384335154826958
4747,0.00011384335154826958
4748,0.00011384335154826958
4749,0.00011384335154826958
4750,0.00011384335154826958
4751,0.00011384335154826958
4752,0.00011384335154826958
4753,0.00011384335154826958
4754,0.00011384335154826958
4755,0.00011384335154826958
4756,0.00011384335154826958
4757,0.00011384335154826958
4758,0.00011384335154826958
4759,0.00011384335154826958
4760,0.00011384335154826958
4761,0.00011384335154826958
4762,0.00011384335154826958
4763,0.00011384335154826958
4764,0.00011384335154826958
4765,0.00011384335154826958
4766,0.00011384335154826958
4767,0.00011384335154826958
4768,0.00011384335154826958
4769,0.00011384335154826958
4770,0.00011384335154826958
4771,0.00011384335154826958
4772,0.00011384335154826958
4773,0.00011384335154826958
4774,0.00011384335154826958
4775,0.00011384335154826958
4776,0.00011384335154826958
4777,0.00011384335154826958
4778,0.00011384335154826958
4779,0.00011384335154826958
4780,0.00011384335154826958
4781,0.00011384335154826958
4782,0.00011384335154826958
4783,0.00011384335154826958
4784,0.00011384335154826958
4785,0.00011384335154826958
4786,0.00011384335154826958
4787,0.00011384335154826958
4788,0.00011384335154826958
4789,0.00011384335154826958
4790,0.00011384335154826958
4791,0.00011384335154826958
4792,0.00011384335154826958
4793,0.00011384335154826958
4794,0.00011384335154826958
4795,0.00011384335154826958
4796,0.00011384335154826958
4797,0.00011384335154826958
4798,0.00011384335154826958
4799,0.00011384335154826958
4800,0.00011384335154826958
4801,0.00011384335154826958
4802,0.00011384335154826958
4803,0.00011384335154826958
4804,0.00011384335154826958
4805,0.00011384335154826958
4806,0.00011384335154826958
4807,0.00011384335154826958
4808,0.00011384335154826958
4809,0.00011384335154826958
4810,0.00011384335154826958
4811,0.00011384335154826958
4812,0.00011384335154826958
4813,0.00011384335154826958
4814,0.00011384335154826958
4815,0.00011384335154826958
4816,0.00011384335154826958
4817,0.00011384335154826958
4818,0.00011384335154826958
4819,0.00011384335154826958
4820,0.00011384335154826958
4821,0.00011384335154826958
4822,0.00011384335154826958
4823,0.00011384335154826958
4824,0.00011384335154826958
4825,0.00011384335154826958
4826,0.00011384335154826958
4827,0.00011384335154826958
4828,0.00011384335154826958
4829,0.00011384335154826958
4830,0.00011384335154826958
4831,0.00011384335154826958
4832,0.00011384335154826958
4833,0.00011384335154826958
4834,0.00011384335154826958
4835,0.00011384335154826958
4836,0.00011384335154826958
4837,0.00011384335154826958
4838,0.00011384335154826958
4839,0.00011384335154826958
4840,0.00011384335154826958
4841,0.00011384335154826958
4842,0.00011384335154826958
4843,0.00011384335154826958
4844,0.00011384335154826958
4845,0.00011384335154826958
4846,0.00011384335154826958
4847,0.00011384335154826958
4848,0.00011384335154826958
4849,0.00011384335154826958
4850,0.00011384335154826958
4851,0.00011384335154826958
4852,0.00011384335154826958
4853,0.00011384335154826958
4854,0.00011384335154826958
4855,0.00011384335154826958
4856,0.00011384335154826958
4857,0.00011384335154826958
4858,0.00011384335154826958
4859,0.00011384335154826958
4860,0.00011384335154826958
4861,0.00011384335154826958
4862,0.00011384335154826958
4863,0.00011384335154826958
4864,0.00011384335154826958
4865,0.00011384335154826958
4866,0.00011384335154826958
4867,0.00011384335154826958
4868,0.00011384335154826958
4869,0.00011384335154826958
4870,0.00011384335154826958
4871,0.00011384335154826958
4872,0.00011384335154826958
4873,0.00011384335154826958
4874,0.00011384335154826958
4875,0.00011384335154826958
4876,0.00011384335154826958
4877,0.00011384335154826958
4878,0.00011384335154826958
4879,0.00011384335154826958
4880,0.00011384335154826958
4881,0.00011384335154826958
4882,0.00011384335154826958
4883,0.00011384335154826958
4884,0.00011384335154826958
4885,0.00011384335154826958
4886,0.00011384335154826958
4887,0.00011384335154826958
4888,0.00011384335154826958
4889,0.00011384335154826958
4890,0.00011384335154826958
4891,0.00011384335154826958
4892,0.00011384335154826958
4893,0.00011384335154826958
4894,0.00011384335154826958
4895,0.00011384335154826958
4896,0.00011384335154826958
4897,0.00011384335154826958
4898,0.00011384335154826958
4899,0.00011384335154826958
4900,0.00011384335154826958
4901,0.00011384335154826958
4902,0.00011384335154826958
4903,0.00011384335154826958
4904,0.00011384335154826958
4905,0.00011384335154826958
4906,0.00011384335154826958
4907,0.00011384335154826958
4908,0.00011384335154826958
4909,0.00011384335154826958
4910,0.00011384335154826958
4911,0.00011384335154826958
4912,0.00011384335154826958
4913,0.00011384335154826958
4914,0.00011384335154826958
4915,0.00011384335154826958
4916,0.00011384335154826958
4917,0.00011384335154826958
4918,0.00011384335154826958
4919,0.00011384335154826958
4920,0.00011384335154826958
4921,0.00011384335154826958
4922,0.00011384335154826958
4923,0.00011384335154826958
4924,0.00011384335154826958
4925,0.00011384335154826958
4926,0.00011384335154826958
4927,0.00011384335154826958
4928,0.00011384335154826958
4929,0.00011384335154826958
4930,0.00011384335154826958
4931,0.00011384335154826958
4932,0.00011384335154826958
4933,0.00011384335154826958
4934,0.00011384335154826958
4935,0.00011384335154826958
4936,0.00011384335154826958
4937,0.00011384335154826958
4938,0.00011384335154826958
4939,0.00011384335154826958
4940,0.00011384335154826958
4941,0.00011384335154826958
4942,0.00011384335154826958
4943,0.00011384335154826958
4944,0.00011384335154826958
4945,0.00011384335154826958
4946,0.00011384335154826958
4947,0.00011384335154826958
4948,0.00011384335154826958
4949,0.00011384335154826958
4950,0.00011384335154826958
4951,0.00011384335154826958
4952,0.00011384335154826958
4953,0.00011384335154826958
4954,0.00011384335154826958
4955,0.00011384335154826958
4956,0.00011384335154826958
4957,0.00011384335154826958
4958,0.00011384335154826958
4959,0.00011384335154826958
4960,0.00011384335154826958
4961,0.00011384335154826958
4962,0.00011384335154826958
4963,0.00011384335154826958
4964,0.00011384335154826958
4965,0.00011384335154826958
4966,0.00011384335154826958
4967,0.00011384335154826958
4968,0.00011384335154826958
4969,0.00011384335154826958
4970,0.00011384335154826958
4971,0.00011384335154826958
4972,0.00011384335154826958
4973,0.00011384335154826958
4974,0.00011384335154826958
4975,0.00011384335154826958
4976,0.00011384335154826958
4977,0.00011384335154826958
4978,0.00011384335154826958
4979,0.00011384335154826958
4980,0.00011384335154826958
4981,0.00011384335154826958
4982,0.00011384335154826958
4983,0.00011384335154826958
4984,0.00011384335154826958
4985,0.00011384335154826958
4986,0.00011384335154826958
4987,0.00011384335154826958
4988,0.00011384335154826958
4989,0.00011384335154826958
4990,0.00011384335154826958
4991,0.00011384335154826958
4992,0.00011384335154826958
4993,0.00011384335154826958
4994,0.00011384335154826958
4995,0.00011384335154826958
4996,0.00011384335154826958
4997,0.00011384335154826958
4998,0.00011384335154826958
4999,0.00011384335154826958
5000,0.00011384335154826958
5001,0.00011384335154826958
5002,0.00011384335154826958
5003,0.00011384335154826958
5004,0.00011384335154826958
5005,0.00011384335154826958
5006,0.00011384335154826958
5007,0.00011384335154826958
5008,0.00011384335154826958
5009,0.00011384335154826958
5010,0.00011384335154826958
5011,0.00011384335154826958
5012,0.00011384335154826958
5013,0.00011384335154826958
5014,0.00011384335154826958
5015,0.00011384335154826958
5016,0.00011384335154826958
5017,0.00011384335154826958
5018,0.00011384335154826958
5019,0.00011384335154826958
5020,0.00011384335154826958
5021,0.00011384335154826958
5022,0.00011384335154826958
5023,0.00011384335154826958
5024,0.00011384335154826958
5025,0.00011384335154826958
5026,0.00011384335154826958
5027,0.00011384335154826958
5028,0.00011384335154826958
5029,0.00011384335154826958
5030,0.00011384335154826958
5031,0.00011384335154826958
5032,0.00011384335154826958
5033,0.00011384335154826958
5034,0.00011384335154826958
5035,0.00011384335154826958
5036,0.00011384335154826958
5037,0.00011384335154826958
5038,0.00011384335154826958
5039,0.00011384335154826958
5040,0.00011384335154826958
5041,0.00011384335154826958
5042,0.00011384335154826958
5043,0.00011384335154826958
5044,0.00011384335154826958
5045,0.00011384335154826958
5046,0.00011384335154826958
5047,0.00011384335154826958
5048,0.00011384335154826958
5049,0.00011384335154826958
5050,0.00011384335154826958
5051,0.00011384335154826958
5052,0.00011384335154826958
5053,0.00011384335154826958
5054,0.00011384335154826958
5055,0.00011384335154826958
5056,0.00011384335154826958
5057,0.00011384335154826958
5058,0.00011384335154826958
5059,0.00011384335154826958
5060,0.00011384335154826958
5061,0.00011384335154826958
5062,0.00011384335154826958
5063,0.00011384335154826958
5064,0.00011384335154826958
5065,0.00011384335154826958
5066,0.00011384335154826958
5067,0.00011384335154826958
5068,0.00011384335154826958
5069,0.00011384335154826958
5070,0.00011384335154826958
5071,0.00011384335154826958
5072,0.00011384335154826958
5073,0.00011384335154826958
5074,0.00011384335154826958
5075,0.00011384335154826958
5076,0.00011384335154826958
5077,0.00011384335154826958
5078,0.00011384335154826958
5079,0.00011384335154826958
5080,0.00011384335154826958
5081,0.00011384335154826958
5082,0.00011384335154826958
5083,0.00011384335154826958
5084,0.00011384335154826958
5085,0.00011384335154826958
5086,0.00011384335154826958
5087,0.00011384335154826958
5088,0.00011384335154826958
5089,0.00011384335154826958
5090,0.00011384335154826958
5091,0.00011384335154826958
5092,0.00011384335154826958
5093,0.00011384335154826958
5094,0.00011384335154826958
5095,0.00011384335154826958
5096,0.00011384335154826958
5097,0.00011384335154826958
5098,0.00011384335154826958
5099,0.00011384335154826958
5100,0.00011384335154826958
5101,0.00011384335154826958
5102,0.00011384335154826958
5103,0.00011384335154826958
5104,0.00011384335154826958
5105,0.00011384335154826958
5106,0.00011384335154826958
5107,0.00011384335154826958
5108,0.00011384335154826958
5109,0.00011384335154826958
5110,0.00011384335154826958
5111,0.00011384335154826958
5112,0.00011384335154826958
5113,0.00011384335154826958
5114,0.00011384335154826958
5115,0.00011384335154826958
5116,0.00011384335154826958
5117,0.00011384335154826958
5118,0.00011384335154826958
5119,0.00011384335154826958
5120,0.00011384335154826958
5121,0.00011384335154826958
5122,0.00011384335154826958
5123,0.00011384335154826958
5124,0.00011384335154826958
5125,0.00011384335154826958
5126,0.00011384335154826958
5127,0.00011384335154826958
5128,0.00011384335154826958
5129,0.00011384335154826958
5130,0.00011384335154826958
5131,0.00011384335154826958
5132,0.00011384335154826958
5133,0.00011384335154826958
5134,0.00011384335154826958
5135,0.00011384335154826958
5136,0.00011384335154826958
5137,0.00011384335154826958
5138,0.00011384335154826958
5139,0.00011384335154826958
5140,0.00011384335154826958
5141,0.00011384335154826958
5142,0.00011384335154826958
5143,0.00011384335154826958
5144,0.00011384335154826958
5145,0.00011384335154826958
5146,0.00011384335154826958
5147,0.00011384335154826958
5148,0.00011384335154826958
5149,0.00011384335154826958
5150,0.00011384335154826958
5151,0.00011384335154826958
5152,0.00011384335154826958
5153,0.00011384335154826958
5154,0.00011384335154826958
5155,0.00011384335154826958
5156,0.00011384335154826958
5157,0.00011384335154826958
5158,0.00011384335154826958
5159,0.00011384335154826958
5160,0.00011384335154826958
5161,0.00011384335154826958
5162,0.00011384335154826958
5163,0.00011384335154826958
5164,0.00011384335154826958
5165,0.00011384335154826958
5166,0.00011384335154826958
5167,0.00011384335154826958
5168,0.00011384335154826958
5169,0.00011384335154826958
5170,0.00011384335154826958
5171,0.00011384335154826958
5172,0.00011384335154826958
5173,0.00011384335154826958
5174,0.00011384335154826958
5175,0.00011384335154826958
5176,0.00011384335154826958
5177,0.00011384335154826958
5178,0.00011384335154826958
5179,0.00011384335154826958
5180,0.00011384335154826958
5181,0.00011384335154826958
5182,0.00011384335154826958
5183,0.00011384335154826958
5184,0.00011384335154826958
5185,0.00011384335154826958
5186,0.00011384335154826958
5187,0.00011384335154826958
5188,0.00011384335154826958
5189,0.00011384335154826958
5190,0.00011384335154826958
5191,0.00011384335154826958
5192,0.00011384335154826958
5193,0.00011384335154826958
5194,0.00011384335154826958
5195,0.00011384335154826958
5196,0.00011384335154826958
5197,0.00011384335154826958
5198,0.00011384335154826958
5199,0.00011384335154826958
5200,0.00011384335154826958
5201,0.00011384335154826958
5202,0.00011384335154826958
5203,0.00011384335154826958
5204,0.00011384335154826958
5205,0.00011384335154826958
5206,0.00011384335154826958
5207,0.00011384335154826958
5208,0.00011384335154826958
5209,0.00011384335154826958
5210,0.00011384335154826958
5211,0.00011384335154826958
5212,0.00011384335154826958
5213,0.00011384335154826958
5214,0.00011384335154826958
5215,0.00011384335154826958
5216,0.00011384335154826958
5217,0.00011384335154826958
5218,0.00011384335154826958
5219,0.00011384335154826958
5220,0.00011384335154826958
5221,0.00011384335154826958
5222,0.00011384335154826958
5223,0.00011384335154826958
5224,0.00011384335154826958
5225,0.00011384335154826958
5226,0.00011384335154826958
5227,0.00011384335154826958
5228,0.00011384335154826958
5229,0.00011384335154826958
5230,0.00011384335154826958
5231,0.00011384335154826958
5232,0.00011384335154826958
5233,0.00011384335154826958
5234,0.00011384335154826958
5235,0.00011384335154826958
5236,0.00011384335154826958
5237,0.00011384335154826958
5238,0.00011384335154826958
5239,0.00011384335154826958
5240,0.00011384335154826958
5241,0.00011384335154826958
5242,0.00011384335154826958
5243,0.00011384335154826958
5244,0.00011384335154826958
5245,0.00011384335154826958
5246,0.00011384335154826958
5247,0.00011384335154826958
5248,0.00011384335154826958
5249,0.00011384335154826958
5250,0.00011384335154826958
5251,0.00011384335154826958
5252,0.00011384335154826958
5253,0.00011384335154826958
5254,0.00011384335154826958
5255,0.00011384335154826958
5256,0.00011384335154826958
5257,0.00011384335154826958
5258,0.00011384335154826958
5259,0.00011384335154826958
5260,0.00011384335154826958
5261,0.00011384335154826958
5262,0.00011384335154826958
5263,0.00011384335154826958
5264,0.00011384335154826958
5265,0.00011384335154826958
5266,0.00011384335154826958
5267,0.00011384335154826958
5268,0.00011384335154826958
5269,0.00011384335154826958
5270,0.00011384335154826958
5271,0.00011384335154826958
5272,0.00011384335154826958
5273,0.00011384335154826958
5274,0.00011384335154826958
5275,0.00011384335154826958
5276,0.00011384335154826958
5277,0.00011384335154826958
5278,0.00011384335154826958
5279,0.00011384335154826958
5280,0.00011384335154826958
5281,0.00011384335154826958
5282,0.00011384335154826958
5283,0.00011384335154826958
5284,0.00011384335154826958
5285,0.00011384335154826958
5286,0.00011384335154826958
5287,0.00011384335154826958
5288,0.00011384335154826958
5289,0.00011384335154826958
5290,0.00011384335154826958
5291,0.00011384335154826958
5292,0.00011384335154826958
5293,0.00011384335154826958
5294,0.00011384335154826958
5295,0.00011384335154826958
5296,0.00011384335154826958
5297,0.00011384335154826958
5298,0.00011384335154826958
5299,0.00011384335154826958
5300,0.00011384335154826958
5301,0.00011384335154826958
5302,0.00011384335154826958
5303,0.00011384335154826958
5304,0.00011384335154826958
5305,0.00011384335154826958
5306,0.00011384335154826958
5307,0.00011384335154826958
5308,0.00011384335154826958
5309,0.00011384335154826958
5310,0.00011384335154826958
5311,0.00011384335154826958
5312,0.00011384335154826958
5313,0.00011384335154826958
5314,0.00011384335154826958
5315,0.00011384335154826958
5316,0.00011384335154826958
5317,0.00011384335154826958
5318,0.00011384335154826958
5319,0.00011384335154826958
5320,0.00011384335154826958
5321,0.00011384335154826958
5322,0.00011384335154826958
5323,0.00011384335154826958
5324,0.00011384335154826958
5325,0.00011384335154826958
5326,0.00011384335154826958
5327,0.00011384335154826958
5328,0.00011384335154826958
5329,0.00011384335154826958
5330,0.00011384335154826958
5331,0.00011384335154826958
5332,0.00011384335154826958
5333,0.00011384335154826958
5334,0.00011384335154826958
5335,0.00011384335154826958
5336,0.00011384335154826958
5337,0.00011384335154826958
5338,0.00011384335154826958
5339,0.00011384335154826958
5340,0.00011384335154826958
5341,0.00011384335154826958
5342,0.00011384335154826958
5343,0.00011384335154826958
5344,0.00011384335154826958
5345,0.00011384335154826958
5346,0.00011384335154826958
5347,0.00011384335154826958
5348,0.00011384335154826958
5349,0.00011384335154826958
5350,0.00011384335154826958
5351,0.00011384335154826958
5352,0.00011384335154826958
5353,0.00011384335154826958
5354,0.00011384335154826958
5355,0.00011384335154826958
5356,0.00011384335154826958
5357,0.00011384335154826958
5358,0.00011384335154826958
5359,0.00011384335154826958
5360,0.00011384335154826958
5361,0.00011384335154826958
5362,0.00011384335154826958
5363,0.00011384335154826958
5364,0.00011384335154826958
5365,0.00011384335154826958
5366,0.00011384335154826958
5367,0.00011384335154826958
5368,0.00011384335154826958
5369,0.00011384335154826958
5370,0.00011384335154826958
5371,0.00011384335154826958
5372,0.00011384335154826958
5373,0.00011384335154826958
5374,0.00011384335154826958
5375,0.00011384335154826958
5376,0.00011384335154826958
5377,0.00011384335154826958
5378,0.00011384335154826958
5379,0.00011384335154826958
5380,0.00011384335154826958
5381,0.00011384335154826958
5382,0.00011384335154826958
5383,0.00011384335154826958
5384,0.00011384335154826958
5385,0.00011384335154826958
5386,0.00011384335154826958
5387,0.00011384335154826958
5388,0.00011384335154826958
5389,0.00011384335154826958
5390,0.00011384335154826958
5391,0.00011384335154826958
5392,0.00011384335154826958
5393,0.00011384335154826958
5394,0.00011384335154826958
5395,0.00011384335154826958
5396,0.00011384335154826958
5397,0.00011384335154826958
5398,0.00011384335154826958
5399,0.00011384335154826958
5400,0.00011384335154826958
5401,0.00011384335154826958
5402,0.00011384335154826958
5403,0.00011384335154826958
5404,0.00011384335154826958
5405,0.00011384335154826958
5406,0.00011384335154826958
5407,0.00011384335154826958
5408,0.00011384335154826958
5409,0.00011384335154826958
5410,0.00011384335154826958
5411,0.00011384335154826958
5412,0.00011384335154826958
5413,0.00011384335154826958
5414,0.00011384335154826958
5415,0.00011384335154826958
5416,0.00011384335154826958
5417,0.00011384335154826958
5418,0.00011384335154826958
5419,0.00011384335154826958
5420,0.00011384335154826958
5421,0.00011384335154826958
5422,0.00011384335154826958
5423,0.00011384335154826958
5424,0.00011384335154826958
5425,0.00011384335154826958
5426,0.00011384335154826958
5427,0.00011384335154826958
5428,0.00011384335154826958
5429,0.00011384335154826958
5430,0.00011384335154826958
5431,0.00011384335154826958
5432,0.00011384335154826958
5433,0.00011384335154826958
5434,0.00011384335154826958
5435,0.00011384335154826958
5436,0.00011384335154826958
5437,0.00011384335154826958
5438,0.00011384335154826958
5439,0.00011384335154826958
5440,0.00011384335154826958
5441,0.00011384335154826958
5442,0.00011384335154826958
5443,0.00011384335154826958
5444,0.00011384335154826958
5445,0.00011384335154826958
5446,0.00011384335154826958
5447,0.00011384335154826958
5448,0.00011384335154826958
5449,0.00011384335154826958
5450,0.00011384335154826958
5451,0.00011384335154826958
5452,0.00011384335154826958
5453,0.00011384335154826958
5454,0.00011384335154826958
5455,0.00011384335154826958
5456,0.00011384335154826958
5457,0.00011384335154826958
5458,0.00011384335154826958
5459,0.00011384335154826958
5460,0.00011384335154826958
5461,0.00011384335154826958
5462,0.00011384335154826958
5463,0.00011384335154826958
5464,0.00011384335154826958
5465,0.00011384335154826958
5466,0.00011384335154826958
5467,0.00011384335154826958
5468,0.00011384335154826958
5469,0.00011384335154826958
5470,0.00011384335154826958
5471,0.00011384335154826958
5472,0.00011384335154826958
5473,0.00011384335154826958
5474,0.00011384335154826958
5475,0.00011384335154826958
5476,0.00011384335154826958
5477,0.00011384335154826958
5478,0.00011384335154826958
5479,0.00011384335154826958
5480,0.00011384335154826958
5481,0.00011384335154826958
5482,0.00011384335154826958
5483,0.00011384335154826958
5484,0.00011384335154826958
5485,0.00011384335154826958
5486,0.00011384335154826958
5487,0.00011384335154826958
5488,0.00011384335154826958
5489,0.00011384335154826958
5490,0.00011384335154826958
5491,0.00011384335154826958
5492,0.00011384335154826958
5493,0.00011384335154826958
5494,0.00011384335154826958
5495,0.00011384335154826958
5496,0.00011384335154826958
5497,0.00011384335154826958
5498,0.00011384335154826958
5499,0.00011384335154826958
5500,0.00011384335154826958
5501,0.00011384335154826958
5502,0.00011384335154826958
5503,0.00011384335154826958
5504,0.00011384335154826958
5505,0.00011384335154826958
5506,0.00011384335154826958
5507,0.00011384335154826958
5508,0.00011384335154826958
5509,0.00011384335154826958
5510,0.00011384335154826958
5511,0.00011384335154826958
5512,0.00011384335154826958
5513,0.00011384335154826958
5514,0.00011384335154826958
5515,0.00011384335154826958
5516,0.00011384335154826958
5517,0.00011384335154826958
5518,0.00011384335154826958
5519,0.00011384335154826958
5520,0.00011384335154826958
5521,0.00011384335154826958
5522,0.00011384335154826958
5523,0.00011384335154826958
5524,0.00011384335154826958
5525,0.00011384335154826958
5526,0.00011384335154826958
5527,0.00011384335154826958
5528,0.00011384335154826958
5529,0.00011384335154826958
5530,0.00011384335154826958
5531,0.00011384335154826958
5532,0.00011384335154826958
5533,0.00011384335154826958
5534,0.00011384335154826958
5535,0.00011384335154826958
5536,0.00011384335154826958
5537,0.00011384335154826958
5538,0.00011384335154826958
5539,0.00011384335154826958
5540,0.00011384335154826958
5541,0.00011384335154826958
5542,0.00011384335154826958
5543,0.00011384335154826958
5544,0.00011384335154826958
5545,0.00011384335154826958
5546,0.00011384335154826958
5547,0.00011384335154826958
5548,0.00011384335154826958
5549,0.00011384335154826958
5550,0.00011384335154826958
5551,0.00011384335154826958
5552,0.00011384335154826958
5553,0.00011384335154826958
5554,0.00011384335154826958
5555,0.00011384335154826958
5556,0.00011384335154826958
5557,0.00011384335154826958
5558,0.00011384335154826958
5559,0.00011384335154826958
5560,0.00011384335154826958
5561,0.00011384335154826958
5562,0.00011384335154826958
5563,0.00011384335154826958
5564,0.00011384335154826958
5565,0.00011384335154826958
5566,0.00011384335154826958
5567,0.00011384335154826958
5568,0.00011384335154826958
5569,0.00011384335154826958
5570,0.00011384335154826958
5571,0.00011384335154826958
5572,0.00011384335154826958
5573,0.00011384335154826958
5574,0.00011384335154826958
5575,0.00011384335154826958
5576,0.00011384335154826958
5577,0.00011384335154826958
5578,0.00011384335154826958
5579,0.00011384335154826958
5580,0.00011384335154826958
5581,0.00011384335154826958
5582,0.00011384335154826958
5583,0.00011384335154826958
5584,0.00011384335154826958
5585,0.00011384335154826958
5586,0.00011384335154826958
5587,0.00011384335154826958
5588,0.00011384335154826958
5589,0.00011384335154826958
5590,0.00011384335154826958
5591,0.00011384335154826958
5592,0.00011384335154826958
5593,0.00011384335154826958
5594,0.00011384335154826958
5595,0.00011384335154826958
5596,0.00011384335154826958
5597,0.00011384335154826958
5598,0.00011384335154826958
5599,0.00011384335154826958
5600,0.00011384335154826958
5601,0.00011384335154826958
5602,0.00011384335154826958
5603,0.00011384335154826958
5604,0.00011384335154826958
5605,0.00011384335154826958
5606,0.00011384335154826958
5607,0.00011384335154826958
5608,0.00011384335154826958
5609,0.00011384335154826958
5610,0.00011384335154826958
5611,0.00011384335154826958
5612,0.00011384335154826958
5613,0.00011384335154826958
5614,0.00011384335154826958
5615,0.00011384335154826958
5616,0.00011384335154826958
5617,0.00011384335154826958
5618,0.00011384335154826958
5619,0.00011384335154826958
5620,0.00011384335154826958
5621,0.00011384335154826958
5622,0.00011384335154826958
5623,0.00011384335154826958
5624,0.00011384335154826958
5625,0.00011384335154826958
5626,0.00011384335154826958
5627,0.00011384335154826958
5628,0.00011384335154826958
5629,0.00011384335154826958
5630,0.00011384335154826958
5631,0.00011384335154826958
5632,0.00011384335154826958
5633,0.00011384335154826958
5634,0.00011384335154826958
5635,0.00011384335154826958
5636,0.00011384335154826958
5637,0.00011384335154826958
5638,0.00011384335154826958
5639,0.00011384335154826958
5640,0.00011384335154826958
5641,0.00011384335154826958
5642,0.00011384335154826958
5643,0.00011384335154826958
5644,0.00011384335154826958
5645,0.00011384335154826958
5646,0.00011384335154826958
5647,0.00011384335154826958
5648,0.00011384335154826958
5649,0.00011384335154826958
5650,0.00011384335154826958
5651,0.00011384335154826958
5652,0.00011384335154826958
5653,0.00011384335154826958
5654,0.00011384335154826958
5655,0.00011384335154826958
5656,0.00011384335154826958
5657,0.00011384335154826958
5658,0.00011384335154826958
5659,0.00011384335154826958
5660,0.00011384335154826958
5661,0.00011384335154826958
5662,0.00011384335154826958
5663,0.00011384335154826958
5664,0.00011384335154826958
5665,0.00011384335154826958
5666,0.00011384335154826958
5667,0.00011384335154826958
5668,0.00011384335154826958
5669,0.00011384335154826958
5670,0.00011384335154826958
5671,0.00011384335154826958
5672,0.00011384335154826958
5673,0.00011384335154826958
5674,0.00011384335154826958
5675,0.00011384335154826958
5676,0.00011384335154826958
5677,0.00011384335154826958
5678,0.00011384335154826958
5679,0.00011384335154826958
5680,0.00011384335154826958
5681,0.00011384335154826958
5682,0.00011384335154826958
5683,0.00011384335154826958
5684,0.00011384335154826958
5685,0.00011384335154826958
5686,0.00011384335154826958
5687,0.00011384335154826958
5688,0.00011384335154826958
5689,0.00011384335154826958
5690,0.00011384335154826958
5691,0.00011384335154826958
5692,0.00011384335154826958
5693,0.00011384335154826958
5694,0.00011384335154826958
5695,0.00011384335154826958
5696,0.00011384335154826958
5697,0.00011384335154826958
5698,0.00011384335154826958
5699,0.00011384335154826958
5700,0.00011384335154826958
5701,0.00011384335154826958
5702,0.00011384335154826958
5703,0.00011384335154826958
5704,0.00011384335154826958
5705,0.00011384335154826958
5706,0.00011384335154826958
5707,0.00011384335154826958
5708,0.00011384335154826958
5709,0.00011384335154826958
5710,0.00011384335154826958
5711,0.00011384335154826958
5712,0.00011384335154826958
5713,0.00011384335154826958
5714,0.00011384335154826958
5715,0.00011384335154826958
5716,0.00011384335154826958
5717,0.00011384335154826958
5718,0.00011384335154826958
5719,0.00011384335154826958
5720,0.00011384335154826958
5721,0.00011384335154826958
5722,0.00011384335154826958
5723,0.00011384335154826958
5724,0.00011384335154826958
5725,0.00011384335154826958
5726,0.00011384335154826958
5727,0.00011384335154826958
5728,0.00011384335154826958
5729,0.00011384335154826958
5730,0.00011384335154826958
5731,0.00011384335154826958
5732,0.00011384335154826958
5733,0.00011384335154826958
5734,0.00011384335154826958
5735,0.00011384335154826958
5736,0.00011384335154826958
5737,0.00011384335154826958
5738,0.00011384335154826958
5739,0.00011384335154826958
5740,0.00011384335154826958
5741,0.00011384335154826958
5742,0.00011384335154826958
5743,0.00011384335154826958
5744,0.00011384335154826958
5745,0.00011384335154826958
5746,0.00011384335154826958
5747,0.00011384335154826958
5748,0.00011384335154826958
5749,0.00011384335154826958
5750,0.00011384335154826958
5751,0.00011384335154826958
5752,0.00011384335154826958
5753,0.00011384335154826958
5754,0.00011384335154826958
5755,0.00011384335154826958
5756,0.00011384335154826958
5757,0.00011384335154826958
5758,0.00011384335154826958
5759,0.00011384335154826958
5760,0.00011384335154826958
5761,0.00011384335154826958
5762,0.00011384335154826958
5763,0.00011384335154826958
5764,0.00011384335154826958
5765,0.00011384335154826958
5766,0.00011384335154826958
5767,0.00011384335154826958
5768,0.00011384335154826958
5769,0.00011384335154826958
5770,0.00011384335154826958
5771,0.00011384335154826958
5772,0.00011384335154826958
5773,0.00011384335154826958
5774,0.00011384335154826958
5775,0.00011384335154826958
5776,0.00011384335154826958
5777,0.00011384335154826958
5778,0.00011384335154826958
5779,0.00011384335154826958
5780,0.00011384335154826958
5781,0.00011384335154826958
5782,0.00011384335154826958
5783,0.00011384335154826958
5784,0.00011384335154826958
5785,0.00011384335154826958
5786,0.00011384335154826958
5787,0.00011384335154826958
5788,0.00011384335154826958
5789,0.00011384335154826958
5790,0.00011384335154826958
5791,0.00011384335154826958
5792,0.00011384335154826958
5793,0.00011384335154826958
5794,0.00011384335154826958
5795,0.00011384335154826958
5796,0.00011384335154826958
5797,0.00011384335154826958
5798,0.00011384335154826958
5799,0.00011384335154826958
5800,0.00011384335154826958
5801,0.00011384335154826958
5802,0.00011384335154826958
5803,0.00011384335154826958
5804,0.00011384335154826958
5805,0.00011384335154826958
5806,0.00011384335154826958
5807,0.00011384335154826958
5808,0.00011384335154826958
5809,0.00011384335154826958
5810,0.00011384335154826958
5811,0.00011384335154826958
5812,0.00011384335154826958
5813,0.00011384335154826958
5814,0.00011384335154826958
5815,0.00011384335154826958
5816,0.00011384335154826958
5817,0.00011384335154826958
5818,0.00011384335154826958
5819,0.00011384335154826958
5820,0.00011384335154826958
5821,0.00011384335154826958
5822,0.00011384335154826958
5823,0.00011384335154826958
5824,0.00011384335154826958
5825,0.00011384335154826958
5826,0.00011384335154826958
5827,0.00011384335154826958
5828,0.00011384335154826958
5829,0.00011384335154826958
5830,0.00011384335154826958
5831,0.00011384335154826958
5832,0.00011384335154826958
5833,0.00011384335154826958
5834,0.00011384335154826958
5835,0.00011384335154826958
5836,0.00011384335154826958
5837,0.00011384335154826958
5838,0.00011384335154826958
5839,0.00011384335154826958
5840,0.00011384335154826958
5841,0.00011384335154826958
5842,0.00011384335154826958
5843,0.00011384335154826958
5844,0.00011384335154826958
5845,0.00011384335154826958
5846,0.00011384335154826958
5847,0.00011384335154826958
5848,0.00011384335154826958
5849,0.00011384335154826958
5850,0.00011384335154826958
5851,0.00011384335154826958
5852,0.00011384335154826958
5853,0.00011384335154826958
5854,0.00011384335154826958
5855,0.00011384335154826958
5856,0.00011384335154826958
5857,0.00011384335154826958
5858,0.00011384335154826958
5859,0.00011384335154826958
5860,0.00011384335154826958
5861,0.00011384335154826958
5862,0.00011384335154826958
5863,0.00011384335154826958
5864,0.00011384335154826958
5865,0.00011384335154826958
5866,0.00011384335154826958
5867,0.00011384335154826958
5868,0.00011384335154826958
5869,0.00011384335154826958
5870,0.00011384335154826958
5871,0.00011384335154826958
5872,0.00011384335154826958
5873,0.00011384335154826958
5874,0.00011384335154826958
5875,0.00011384335154826958
5876,0.00011384335154826958
5877,0.00011384335154826958
5878,0.00011384335154826958
5879,0.00011384335154826958
5880,0.00011384335154826958
5881,0.00011384335154826958
5882,0.00011384335154826958
5883,0.00011384335154826958
5884,0.00011384335154826958
5885,0.00011384335154826958
5886,0.00011384335154826958
5887,0.00011384335154826958
5888,0.00011384335154826958
5889,0.00011384335154826958
5890,0.00011384335154826958
5891,0.00011384335154826958
5892,0.00011384335154826958
5893,0.00011384335154826958
5894,0.00011384335154826958
5895,0.00011384335154826958
5896,0.00011384335154826958
5897,0.00011384335154826958
5898,0.00011384335154826958
5899,0.00011384335154826958
5900,0.00011384335154826958
5901,0.00011384335154826958
5902,0.00011384335154826958
5903,0.00011384335154826958
5904,0.00011384335154826958
5905,0.00011384335154826958
5906,0.00011384335154826958
5907,0.00011384335154826958
5908,0.00011384335154826958
5909,0.00011384335154826958
5910,0.00011384335154826958
5911,0.00011384335154826958
5912,0.00011384335154826958
5913,0.00011384335154826958
5914,0.00011384335154826958
5915,0.00011384335154826958
5916,0.00011384335154826958
5917,0.00011384335154826958
5918,0.00011384335154826958
5919,0.00011384335154826958
5920,0.00011384335154826958
5921,0.00011384335154826958
5922,0.00011384335154826958
5923,0.00011384335154826958
5924,0.00011384335154826958
5925,0.00011384335154826958
5926,0.00011384335154826958
5927,0.00011384335154826958
5928,0.00011384335154826958
5929,0.00011384335154826958
5930,0.00011384335154826958
5931,0.00011384335154826958
5932,0.00011384335154826958
5933,0.00011384335154826958
5934,0.00011384335154826958
5935,0.00011384335154826958
5936,0.00011384335154826958
5937,0.00011384335154826958
5938,0.00011384335154826958
5939,0.00011384335154826958
5940,0.00011384335154826958
5941,0.00011384335154826958
5942,0.00011384335154826958
5943,0.00011384335154826958
5944,0.00011384335154826958
5945,0.00011384335154826958
5946,0.00011384335154826958
5947,0.00011384335154826958
5948,0.00011384335154826958
5949,0.00011384335154826958
5950,0.00011384335154826958
5951,0.00011384335154826958
5952,0.00011384335154826958
5953,0.00011384335154826958
5954,0.00011384335154826958
5955,0.00011384335154826958
5956,0.00011384335154826958
5957,0.00011384335154826958
5958,0.00011384335154826958
5959,0.00011384335154826958
5960,0.00011384335154826958
5961,0.00011384335154826958
5962,0.00011384335154826958
5963,0.00011384335154826958
5964,0.00011384335154826958
5965,0.00011384335154826958
5966,0.00011384335154826958
5967,0.00011384335154826958
5968,0.00011384335154826958
5969,0.00011384335154826958
5970,0.00011384335154826958
5971,0.00011384335154826958
5972,0.00011384335154826958
5973,0.00011384335154826958
5974,0.00011384335154826958
5975,0.00011384335154826958
5976,0.00011384335154826958
5977,0.00011384335154826958
5978,0.00011384335154826958
5979,0.00011384335154826958
5980,0.00011384335154826958
5981,0.00011384335154826958
5982,0.00011384335154826958
5983,0.00011384335154826958
5984,0.00011384335154826958
5985,0.00011384335154826958
5986,0.00011384335154826958
5987,0.00011384335154826958
5988,0.00011384335154826958
5989,0.00011384335154826958
5990,0.00011384335154826958
5991,0.00011384335154826958
5992,0.00011384335154826958
5993,0.00011384335154826958
5994,0.00011384335154826958
5995,0.00011384335154826958
5996,0.00011384335154826958
5997,0.00011384335154826958
5998,0.00011384335154826958
5999,0.00011384335154826958
6000,0.00011384335154826958
6001,0.00011384335154826958
6002,0.00011384335154826958
6003,0.00011384335154826958
6004,0.00011384335154826958
6005,0.00011384335154826958
6006,0.00011384335154826958
6007,0.00011384335154826958
6008,0.00011384335154826958
6009,0.00011384335154826958
6010,0.00011384335154826958
6011,0.00011384335154826958
6012,0.00011384335154826958
6013,0.00011384335154826958
6014,0.00011384335154826958
6015,0.00011384335154826958
6016,0.00011384335154826958
6017,0.00011384335154826958
6018,0.00011384335154826958
6019,0.00011384335154826958
6020,0.00011384335154826958
6021,0.00011384335154826958
6022,0.00011384335154826958
6023,0.00011384335154826958
6024,0.00011384335154826958
6025,0.00011384335154826958
6026,0.00011384335154826958
6027,0.00011384335154826958
6028,0.00011384335154826958
6029,0.00011384335154826958
6030,0.00011384335154826958
6031,0.00011384335154826958
6032,0.00011384335154826958
6033,0.00011384335154826958
6034,0.00011384335154826958
6035,0.00011384335154826958
6036,0.00011384335154826958
6037,0.00011384335154826958
6038,0.00011384335154826958
6039,0.00011384335154826958
6040,0.00011384335154826958
6041,0.00011384335154826958
6042,0.00011384335154826958
6043,0.00011384335154826958
6044,0.00011384335154826958
6045,0.00011384335154826958
6046,0.00011384335154826958
6047,0.00011384335154826958
6048,0.00011384335154826958
6049,0.00011384335154826958
6050,0.00011384335154826958
6051,0.00011384335154826958
6052,0.00011384335154826958
6053,0.00011384335154826958
6054,0.00011384335154826958
6055,0.00011384335154826958
6056,0.00011384335154826958
6057,0.00011384335154826958
6058,0.00011384335154826958
6059,0.00011384335154826958
6060,0.00011384335154826958
6061,0.00011384335154826958
6062,0.00011384335154826958
6063,0.00011384335154826958
6064,0.00011384335154826958
6065,0.00011384335154826958
6066,0.00011384335154826958
6067,0.00011384335154826958
6068,0.00011384335154826958
6069,0.00011384335154826958
6070,0.00011384335154826958
6071,0.00011384335154826958
6072,0.00011384335154826958
6073,0.00011384335154826958
6074,0.00011384335154826958
6075,0.00011384335154826958
6076,0.00011384335154826958
6077,0.00011384335154826958
6078,0.00011384335154826958
6079,0.00011384335154826958
6080,0.00011384335154826958
6081,0.00011384335154826958
6082,0.00011384335154826958
6083,0.00011384335154826958
6084,0.00011384335154826958
6085,0.00011384335154826958
6086,0.00011384335154826958
6087,0.00011384335154826958
6088,0.00011384335154826958
6089,0.00011384335154826958
6090,0.00011384335154826958
6091,0.00011384335154826958
6092,0.00011384335154826958
6093,0.00011384335154826958
6094,0.00011384335154826958
6095,0.00011384335154826958
6096,0.00011384335154826958
6097,0.00011384335154826958
6098,0.00011384335154826958
6099,0.00011384335154826958
6100,0.00011384335154826958
6101,0.00011384335154826958
6102,0.00011384335154826958
6103,0.00011384335154826958
6104,0.00011384335154826958
6105,0.00011384335154826958
6106,0.00011384335154826958
6107,0.00011384335154826958
6108,0.00011384335154826958
6109,0.00011384335154826958
6110,0.00011384335154826958
6111,0.00011384335154826958
6112,0.00011384335154826958
6113,0.00011384335154826958
6114,0.00011384335154826958
6115,0.00011384335154826958
6116,0.00011384335154826958
6117,0.00011384335154826958
6118,0.00011384335154826958
6119,0.00011384335154826958
6120,0.00011384335154826958
6121,0.00011384335154826958
6122,0.00011384335154826958
6123,0.00011384335154826958
6124,0.00011384335154826958
6125,0.00011384335154826958
6126,0.00011384335154826958
6127,0.00011384335154826958
6128,0.00011384335154826958
6129,0.00011384335154826958
6130,0.00011384335154826958
6131,0.00011384335154826958
6132,0.00011384335154826958
6133,0.00011384335154826958
6134,0.00011384335154826958
6135,0.00011384335154826958
6136,0.00011384335154826958
6137,0.00011384335154826958
6138,0.00011384335154826958
6139,0.00011384335154826958
6140,0.00011384335154826958
6141,0.00011384335154826958
6142,0.00011384335154826958
6143,0.00011384335154826958
6144,0.00011384335154826958
6145,0.00011384335154826958
6146,0.00011384335154826958
6147,0.00011384335154826958
6148,0.00011384335154826958
6149,0.00011384335154826958
6150,0.00011384335154826958
6151,0.00011384335154826958
6152,0.00011384335154826958
6153,0.00011384335154826958
6154,0.00011384335154826958
6155,0.00011384335154826958
6156,0.00011384335154826958
6157,0.00011384335154826958
6158,0.00011384335154826958
6159,0.00011384335154826958
6160,0.00011384335154826958
6161,0.00011384335154826958
6162,0.00011384335154826958
6163,0.00011384335154826958
6164,0.00011384335154826958
6165,0.00011384335154826958
6166,0.00011384335154826958
6167,0.00011384335154826958
6168,0.00011384335154826958
6169,0.00011384335154826958
6170,0.00011384335154826958
6171,0.00011384335154826958
6172,0.00011384335154826958
6173,0.00011384335154826958
6174,0.00011384335154826958
6175,0.00011384335154826958
6176,0.00011384335154826958
6177,0.00011384335154826958
6178,0.00011384335154826958
6179,0.00011384335154826958
6180,0.00011384335154826958
6181,0.00011384335154826958
6182,0.00011384335154826958
6183,0.00011384335154826958
6184,0.00011384335154826958
6185,0.00011384335154826958
6186,0.00011384335154826958
6187,0.00011384335154826958
6188,0.00011384335154826958
6189,0.00011384335154826958
6190,0.00011384335154826958
6191,0.00011384335154826958
6192,0.00011384335154826958
6193,0.00011384335154826958
6194,0.00011384335154826958
6195,0.00011384335154826958
6196,0.00011384335154826958
6197,0.00011384335154826958
6198,0.00011384335154826958
6199,0.00011384335154826958
6200,0.00011384335154826958
6201,0.00011384335154826958
6202,0.00011384335154826958
6203,0.00011384335154826958
6204,0.00011384335154826958
6205,0.00011384335154826958
6206,0.00011384335154826958
6207,0.00011384335154826958
6208,0.00011384335154826958
6209,0.00011384335154826958
6210,0.00011384335154826958
6211,0.00011384335154826958
6212,0.00011384335154826958
6213,0.00011384335154826958
6214,0.00011384335154826958
6215,0.00011384335154826958
6216,0.00011384335154826958
6217,0.00011384335154826958
6218,0.00011384335154826958
6219,0.00011384335154826958
6220,0.00011384335154826958
6221,0.00011384335154826958
6222,0.00011384335154826958
6223,0.00011384335154826958
6224,0.00011384335154826958
6225,0.00011384335154826958
6226,0.00011384335154826958
6227,0.00011384335154826958
6228,0.00011384335154826958
6229,0.00011384335154826958
6230,0.00011384335154826958
6231,0.00011384335154826958
6232,0.00011384335154826958
6233,0.00011384335154826958
6234,0.00011384335154826958
6235,0.00011384335154826958
6236,0.00011384335154826958
6237,0.00011384335154826958
6238,0.00011384335154826958
6239,0.00011384335154826958
6240,0.00011384335154826958
6241,0.00011384335154826958
6242,0.00011384335154826958
6243,0.00011384335154826958
6244,0.00011384335154826958
6245,0.00011384335154826958
6246,0.00011384335154826958
6247,0.00011384335154826958
6248,0.00011384335154826958
6249,0.00011384335154826958
6250,0.00011384335154826958
6251,0.00011384335154826958
6252,0.00011384335154826958
6253,0.00011384335154826958
6254,0.00011384335154826958
6255,0.00011384335154826958
6256,0.00011384335154826958
6257,0.00011384335154826958
6258,0.00011384335154826958
6259,0.00011384335154826958
6260,0.00011384335154826958
6261,0.00011384335154826958
6262,0.00011384335154826958
6263,0.00011384335154826958
6264,0.00011384335154826958
6265,0.00011384335154826958
6266,0.00011384335154826958
6267,0.00011384335154826958
6268,0.00011384335154826958
6269,0.00011384335154826958
6270,0.00011384335154826958
6271,0.00011384335154826958
6272,0.00011384335154826958
6273,0.00011384335154826958
6274,0.00011384335154826958
6275,0.00011384335154826958
6276,0.00011384335154826958
6277,0.00011384335154826958
6278,0.00011384335154826958
6279,0.00011384335154826958
6280,0.00011384335154826958
6281,0.00011384335154826958
6282,0.00011384335154826958
6283,0.00011384335154826958
6284,0.00011384335154826958
6285,0.00011384335154826958
6286,0.00011384335154826958
6287,0.00011384335154826958
6288,0.00011384335154826958
6289,0.00011384335154826958
6290,0.00011384335154826958
6291,0.00011384335154826958
6292,0.00011384335154826958
6293,0.00011384335154826958
6294,0.00011384335154826958
6295,0.00011384335154826958
6296,0.00011384335154826958
6297,0.00011384335154826958
6298,0.00011384335154826958
6299,0.00011384335154826958
6300,0.00011384335154826958
6301,0.00011384335154826958
6302,0.00011384335154826958
6303,0.00011384335154826958
6304,0.00011384335154826958
6305,0.00011384335154826958
6306,0.00011384335154826958
6307,0.00011384335154826958
6308,0.00011384335154826958
6309,0.00011384335154826958
6310,0.00011384335154826958
6311,0.00011384335154826958
6312,0.00011384335154826958
6313,0.00011384335154826958
6314,0.00011384335154826958
6315,0.00011384335154826958
6316,0.00011384335154826958
6317,0.00011384335154826958
6318,0.00011384335154826958
6319,0.00011384335154826958
6320,0.00011384335154826958
6321,0.00011384335154826958
6322,0.00011384335154826958
6323,0.00011384335154826958
6324,0.00011384335154826958
6325,0.00011384335154826958
6326,0.00011384335154826958
6327,0.00011384335154826958
6328,0.00011384335154826958
6329,0.00011384335154826958
6330,0.00011384335154826958
6331,0.00011384335154826958
6332,0.00011384335154826958
6333,0.00011384335154826958
6334,0.00011384335154826958
6335,0.00011384335154826958
6336,0.00011384335154826958
6337,0.00011384335154826958
6338,0.00011384335154826958
6339,0.00011384335154826958
6340,0.00011384335154826958
6341,0.00011384335154826958
6342,0.00011384335154826958
6343,0.00011384335154826958
6344,0.00011384335154826958
6345,0.00011384335154826958
6346,0.00011384335154826958
6347,0.00011384335154826958
6348,0.00011384335154826958
6349,0.00011384335154826958
6350,0.00011384335154826958
6351,0.00011384335154826958
6352,0.00011384335154826958
6353,0.00011384335154826958
6354,0.00011384335154826958
6355,0.00011384335154826958
6356,0.00011384335154826958
6357,0.00011384335154826958
6358,0.00011384335154826958
6359,0.00011384335154826958
6360,0.00011384335154826958
6361,0.00011384335154826958
6362,0.00011384335154826958
6363,0.00011384335154826958
6364,0.00011384335154826958
6365,0.00011384335154826958
6366,0.00011384335154826958
6367,0.00011384335154826958
6368,0.00011384335154826958
6369,0.00011384335154826958
6370,0.00011384335154826958
6371,0.00011384335154826958
6372,0.00011384335154826958
6373,0.00011384335154826958
6374,0.00011384335154826958
6375,0.00011384335154826958
6376,0.00011384335154826958
6377,0.00011384335154826958
6378,0.00011384335154826958
6379,0.00011384335154826958
6380,0.00011384335154826958
6381,0.00011384335154826958
6382,0.00011384335154826958
6383,0.00011384335154826958
6384,0.00011384335154826958
6385,0.00011384335154826958
6386,0.00011384335154826958
6387,0.00011384335154826958
6388,0.00011384335154826958
6389,0.00011384335154826958
6390,0.00011384335154826958
6391,0.00011384335154826958
6392,0.00011384335154826958
6393,0.00011384335154826958
6394,0.00011384335154826958
6395,0.00011384335154826958
6396,0.00011384335154826958
6397,0.00011384335154826958
6398,0.00011384335154826958
6399,0.00011384335154826958
6400,0.00011384335154826958
6401,0.00011384335154826958
6402,0.00011384335154826958
6403,0.00011384335154826958
6404,0.00011384335154826958
6405,0.00011384335154826958
6406,0.00011384335154826958
6407,0.00011384335154826958
6408,0.00011384335154826958
6409,0.00011384335154826958
6410,0.00011384335154826958
6411,0.00011384335154826958
6412,0.00011384335154826958
6413,0.00011384335154826958
6414,0.00011384335154826958
6415,0.00011384335154826958
6416,0.00011384335154826958
6417,0.00011384335154826958
6418,0.00011384335154826958
6419,0.00011384335154826958
6420,0.00011384335154826958
6421,0.00011384335154826958
6422,0.00011384335154826958
6423,0.00011384335154826958
6424,0.00011384335154826958
6425,0.00011384335154826958
6426,0.00011384335154826958
6427,0.00011384335154826958
6428,0.00011384335154826958
6429,0.00011384335154826958
6430,0.00011384335154826958
6431,0.00011384335154826958
6432,0.00011384335154826958
6433,0.00011384335154826958
6434,0.00011384335154826958
6435,0.00011384335154826958
6436,0.00011384335154826958
6437,0.00011384335154826958
6438,0.00011384335154826958
6439,0.00011384335154826958
6440,0.00011384335154826958
6441,0.00011384335154826958
6442,0.00011384335154826958
6443,0.00011384335154826958
6444,0.00011384335154826958
6445,0.00011384335154826958
6446,0.00011384335154826958
6447,0.00011384335154826958
6448,0.00011384335154826958
6449,0.00011384335154826958
6450,0.00011384335154826958
6451,0.00011384335154826958
6452,0.00011384335154826958
6453,0.00011384335154826958
6454,0.00011384335154826958
6455,0.00011384335154826958
6456,0.00011384335154826958
6457,0.00011384335154826958
6458,0.00011384335154826958
6459,0.00011384335154826958
6460,0.00011384335154826958
6461,0.00011384335154826958
6462,0.00011384335154826958
6463,0.00011384335154826958
6464,0.00011384335154826958
6465,0.00011384335154826958
6466,0.00011384335154826958
6467,0.00011384335154826958
6468,0.00011384335154826958
6469,0.00011384335154826958
6470,0.00011384335154826958
6471,0.00011384335154826958
6472,0.00011384335154826958
6473,0.00011384335154826958
6474,0.00011384335154826958
6475,0.00011384335154826958
6476,0.00011384335154826958
6477,0.00011384335154826958
6478,0.00011384335154826958
6479,0.00011384335154826958
6480,0.00011384335154826958
6481,0.00011384335154826958
6482,0.00011384335154826958
6483,0.00011384335154826958
6484,0.00011384335154826958
6485,0.00011384335154826958
6486,0.00011384335154826958
6487,0.00011384335154826958
6488,0.00011384335154826958
6489,0.00011384335154826958
6490,0.00011384335154826958
6491,0.00011384335154826958
6492,0.00011384335154826958
6493,0.00011384335154826958
6494,0.00011384335154826958
6495,0.00011384335154826958
6496,0.00011384335154826958
6497,0.00011384335154826958
6498,0.00011384335154826958
6499,0.00011384335154826958
6500,0.00011384335154826958
6501,0.00011384335154826958
6502,0.00011384335154826958
6503,0.00011384335154826958
6504,0.00011384335154826958
6505,0.00011384335154826958
6506,0.00011384335154826958
6507,0.00011384335154826958
6508,0.00011384335154826958
6509,0.00011384335154826958
6510,0.00011384335154826958
6511,0.00011384335154826958
6512,0.00011384335154826958
6513,0.00011384335154826958
6514,0.00011384335154826958
6515,0.00011384335154826958
6516,0.00011384335154826958
6517,0.00011384335154826958
6518,0.00011384335154826958
6519,0.00011384335154826958
6520,0.00011384335154826958
6521,0.00011384335154826958
6522,0.00011384335154826958
6523,0.00011384335154826958
6524,0.00011384335154826958
6525,0.00011384335154826958
6526,0.00011384335154826958
6527,0.00011384335154826958
6528,0.00011384335154826958
6529,0.00011384335154826958
6530,0.00011384335154826958
6531,0.00011384335154826958
6532,0.00011384335154826958
6533,0.00011384335154826958
6534,0.00011384335154826958
6535,0.00011384335154826958
6536,0.00011384335154826958
6537,0.00011384335154826958
6538,0.00011384335154826958
6539,0.00011384335154826958
6540,0.00011384335154826958
6541,0.00011384335154826958
6542,0.00011384335154826958
6543,0.00011384335154826958
6544,0.00011384335154826958
6545,0.00011384335154826958
6546,0.00011384335154826958
6547,0.00011384335154826958
6548,0.00011384335154826958
6549,0.00011384335154826958
6550,0.00011384335154826958
6551,0.00011384335154826958
6552,0.00011384335154826958
6553,0.00011384335154826958
6554,0.00011384335154826958
6555,0.00011384335154826958
6556,0.00011384335154826958
6557,0.00011384335154826958
6558,0.00011384335154826958
6559,0.00011384335154826958
6560,0.00011384335154826958
6561,0.00011384335154826958
6562,0.00011384335154826958
6563,0.00011384335154826958
6564,0.00011384335154826958
6565,0.00011384335154826958
6566,0.00011384335154826958
6567,0.00011384335154826958
6568,0.00011384335154826958
6569,0.00011384335154826958
6570,0.00011384335154826958
6571,0.00011384335154826958
6572,0.00011384335154826958
6573,0.00011384335154826958
6574,0.00011384335154826958
6575,0.00011384335154826958
6576,0.00011384335154826958
6577,0.00011384335154826958
6578,0.00011384335154826958
6579,0.00011384335154826958
6580,0.00011384335154826958
6581,0.00011384335154826958
6582,0.00011384335154826958
6583,0.00011384335154826958
6584,0.00011384335154826958
6585,0.00011384335154826958
6586,0.00011384335154826958
6587,0.00011384335154826958
6588,0.00011384335154826958
6589,0.00011384335154826958
6590,0.00011384335154826958
6591,0.00011384335154826958
6592,0.00011384335154826958
6593,0.00011384335154826958
6594,0.00011384335154826958
6595,0.00011384335154826958
6596,0.00011384335154826958
6597,0.00011384335154826958
6598,0.00011384335154826958
6599,0.00011384335154826958
6600,0.00011384335154826958
6601,0.00011384335154826958
6602,0.00011384335154826958
6603,0.00011384335154826958
6604,0.00011384335154826958
6605,0.00011384335154826958
6606,0.00011384335154826958
6607,0.00011384335154826958
6608,0.00011384335154826958
6609,0.00011384335154826958
6610,0.00011384335154826958
6611,0.00011384335154826958
6612,0.00011384335154826958
6613,0.00011384335154826958
6614,0.00011384335154826958
6615,0.00011384335154826958
6616,0.00011384335154826958
6617,0.00011384335154826958
6618,0.00011384335154826958
6619,0.00011384335154826958
6620,0.00011384335154826958
6621,0.00011384335154826958
6622,0.00011384335154826958
6623,0.00011384335154826958
6624,0.00011384335154826958
6625,0.00011384335154826958
6626,0.00011384335154826958
6627,0.00011384335154826958
6628,0.00011384335154826958
6629,0.00011384335154826958
6630,0.00011384335154826958
6631,0.00011384335154826958
6632,0.00011384335154826958
6633,0.00011384335154826958
6634,0.00011384335154826958
6635,0.00011384335154826958
6636,0.00011384335154826958
6637,0.00011384335154826958
6638,0.00011384335154826958
6639,0.00011384335154826958
6640,0.00011384335154826958
6641,0.00011384335154826958
6642,0.00011384335154826958
6643,0.00011384335154826958
6644,0.00011384335154826958
6645,0.00011384335154826958
6646,0.00011384335154826958
6647,0.00011384335154826958
6648,0.00011384335154826958
6649,0.00011384335154826958
6650,0.00011384335154826958
6651,0.00011384335154826958
6652,0.00011384335154826958
6653,0.00011384335154826958
6654,0.00011384335154826958
6655,0.00011384335154826958
6656,0.00011384335154826958
6657,0.00011384335154826958
6658,0.00011384335154826958
6659,0.00011384335154826958
6660,0.00011384335154826958
6661,0.00011384335154826958
6662,0.00011384335154826958
6663,0.00011384335154826958
6664,0.00011384335154826958
6665,0.00011384335154826958
6666,0.00011384335154826958
6667,0.00011384335154826958
6668,0.00011384335154826958
6669,0.00011384335154826958
6670,0.00011384335154826958
6671,0.00011384335154826958
6672,0.00011384335154826958
6673,0.00011384335154826958
6674,0.00011384335154826958
6675,0.00011384335154826958
6676,0.00011384335154826958
6677,0.00011384335154826958
6678,0.00011384335154826958
6679,0.00011384335154826958
6680,0.00011384335154826958
6681,0.00011384335154826958
6682,0.00011384335154826958
6683,0.00011384335154826958
6684,0.00011384335154826958
6685,0.00011384335154826958
6686,0.00011384335154826958
6687,0.00011384335154826958
6688,0.00011384335154826958
6689,0.00011384335154826958
6690,0.00011384335154826958
6691,0.00011384335154826958
6692,0.00011384335154826958
6693,0.00011384335154826958
6694,0.00011384335154826958
6695,0.00011384335154826958
6696,0.00011384335154826958
6697,0.00011384335154826958
6698,0.00011384335154826958
6699,0.00011384335154826958
6700,0.00011384335154826958
6701,0.00011384335154826958
6702,0.00011384335154826958
6703,0.00011384335154826958
6704,0.00011384335154826958
6705,0.00011384335154826958
6706,0.00011384335154826958
6707,0.00011384335154826958
6708,0.00011384335154826958
6709,0.00011384335154826958
6710,0.00011384335154826958
6711,0.00011384335154826958
6712,0.00011384335154826958
6713,0.00011384335154826958
6714,0.00011384335154826958
6715,0.00011384335154826958
6716,0.00011384335154826958
6717,0.00011384335154826958
6718,0.00011384335154826958
6719,0.00011384335154826958
6720,0.00011384335154826958
6721,0.00011384335154826958
6722,0.00011384335154826958
6723,0.00011384335154826958
6724,0.00011384335154826958
6725,0.00011384335154826958
6726,0.00011384335154826958
6727,0.00011384335154826958
6728,0.00011384335154826958
6729,0.00011384335154826958
6730,0.00011384335154826958
6731,0.00011384335154826958
6732,0.00011384335154826958
6733,0.00011384335154826958
6734,0.00011384335154826958
6735,0.00011384335154826958
6736,0.00011384335154826958
6737,0.00011384335154826958
6738,0.00011384335154826958
6739,0.00011384335154826958
6740,0.00011384335154826958
6741,0.00011384335154826958
6742,0.00011384335154826958
6743,0.00011384335154826958
6744,0.00011384335154826958
6745,0.00011384335154826958
6746,0.00011384335154826958
6747,0.00011384335154826958
6748,0.00011384335154826958
6749,0.00011384335154826958
6750,0.00011384335154826958
6751,0.00011384335154826958
6752,0.00011384335154826958
6753,0.00011384335154826958
6754,0.00011384335154826958
6755,0.00011384335154826958
6756,0.00011384335154826958
6757,0.00011384335154826958
6758,0.00011384335154826958
6759,0.00011384335154826958
6760,0.00011384335154826958
6761,0.00011384335154826958
6762,0.00011384335154826958
6763,0.00011384335154826958
6764,0.00011384335154826958
6765,0.00011384335154826958
6766,0.00011384335154826958
6767,0.00011384335154826958
6768,0.00011384335154826958
6769,0.00011384335154826958
6770,0.00011384335154826958
6771,0.00011384335154826958
6772,0.00011384335154826958
6773,0.00011384335154826958
6774,0.00011384335154826958
6775,0.00011384335154826958
6776,0.00011384335154826958
6777,0.00011384335154826958
6778,0.00011384335154826958
6779,0.00011384335154826958
6780,0.00011384335154826958
6781,0.00011384335154826958
6782,0.00011384335154826958
6783,0.00011384335154826958
6784,0.00011384335154826958
6785,0.00011384335154826958
6786,0.00011384335154826958
6787,0.00011384335154826958
6788,0.00011384335154826958
6789,0.00011384335154826958
6790,0.00011384335154826958
6791,0.00011384335154826958
6792,0.00011384335154826958
6793,0.00011384335154826958
6794,0.00011384335154826958
6795,0.00011384335154826958
6796,0.00011384335154826958
6797,0.00011384335154826958
6798,0.00011384335154826958
6799,0.00011384335154826958
6800,0.00011384335154826958
6801,0.00011384335154826958
6802,0.00011384335154826958
6803,0.00011384335154826958
6804,0.00011384335154826958
6805,0.00011384335154826958
6806,0.00011384335154826958
6807,0.00011384335154826958
6808,0.00011384335154826958
6809,0.00011384335154826958
6810,0.00011384335154826958
6811,0.00011384335154826958
6812,0.00011384335154826958
6813,0.00011384335154826958
6814,0.00011384335154826958
6815,0.00011384335154826958
6816,0.00011384335154826958
6817,0.00011384335154826958
6818,0.00011384335154826958
6819,0.00011384335154826958
6820,0.00011384335154826958
6821,0.00011384335154826958
6822,0.00011384335154826958
6823,0.00011384335154826958
6824,0.00011384335154826958
6825,0.00011384335154826958
6826,0.00011384335154826958
6827,0.00011384335154826958
6828,0.00011384335154826958
6829,0.00011384335154826958
6830,0.00011384335154826958
6831,0.00011384335154826958
6832,0.00011384335154826958
6833,0.00011384335154826958
6834,0.00011384335154826958
6835,0.00011384335154826958
6836,0.00011384335154826958
6837,0.00011384335154826958
6838,0.00011384335154826958
6839,0.00011384335154826958
6840,0.00011384335154826958
6841,0.00011384335154826958
6842,0.00011384335154826958
6843,0.00011384335154826958
6844,0.00011384335154826958
6845,0.00011384335154826958
6846,0.00011384335154826958
6847,0.00011384335154826958
6848,0.00011384335154826958
6849,0.00011384335154826958
6850,0.00011384335154826958
6851,0.00011384335154826958
6852,0.00011384335154826958
6853,0.00011384335154826958
6854,0.00011384335154826958
6855,0.00011384335154826958
6856,0.00011384335154826958
6857,0.00011384335154826958
6858,0.00011384335154826958
6859,0.00011384335154826958
6860,0.00011384335154826958
6861,0.00011384335154826958
6862,0.00011384335154826958
6863,0.00011384335154826958
6864,0.00011384335154826958
6865,0.00011384335154826958
6866,0.00011384335154826958
6867,0.00011384335154826958
6868,0.00011384335154826958
6869,0.00011384335154826958
6870,0.00011384335154826958
6871,0.00011384335154826958
6872,0.00011384335154826958
6873,0.00011384335154826958
6874,0.00011384335154826958
6875,0.00011384335154826958
6876,0.00011384335154826958
6877,0.00011384335154826958
6878,0.00011384335154826958
6879,0.00011384335154826958
6880,0.00011384335154826958
6881,0.00011384335154826958
6882,0.00011384335154826958
6883,0.00011384335154826958
6884,0.00011384335154826958
6885,0.00011384335154826958
6886,0.00011384335154826958
6887,0.00011384335154826958
6888,0.00011384335154826958
6889,0.00011384335154826958
6890,0.00011384335154826958
6891,0.00011384335154826958
6892,0.00011384335154826958
6893,0.00011384335154826958
6894,0.00011384335154826958
6895,0.00011384335154826958
6896,0.00011384335154826958
6897,0.00011384335154826958
6898,0.00011384335154826958
6899,0.00011384335154826958
6900,0.00011384335154826958
6901,0.00011384335154826958
6902,0.00011384335154826958
6903,0.00011384335154826958
6904,0.00011384335154826958
6905,0.00011384335154826958
6906,0.00011384335154826958
6907,0.00011384335154826958
6908,0.00011384335154826958
6909,0.00011384335154826958
6910,0.00011384335154826958
6911,0.00011384335154826958
6912,0.00011384335154826958
6913,0.00011384335154826958
6914,0.00011384335154826958
6915,0.00011384335154826958
6916,0.00011384335154826958
6917,0.00011384335154826958
6918,0.00011384335154826958
6919,0.00011384335154826958
6920,0.00011384335154826958
6921,0.00011384335154826958
6922,0.00011384335154826958
6923,0.00011384335154826958
6924,0.00011384335154826958
6925,0.00011384335154826958
6926,0.00011384335154826958
6927,0.00011384335154826958
6928,0.00011384335154826958
6929,0.00011384335154826958
6930,0.00011384335154826958
6931,0.00011384335154826958
6932,0.00011384335154826958
6933,0.00011384335154826958
6934,0.00011384335154826958
6935,0.00011384335154826958
6936,0.00011384335154826958
6937,0.00011384335154826958
6938,0.00011384335154826958
6939,0.00011384335154826958
6940,0.00011384335154826958
6941,0.00011384335154826958
6942,0.00011384335154826958
6943,0.00011384335154826958
6944,0.00011384335154826958
6945,0.00011384335154826958
6946,0.00011384335154826958
6947,0.00011384335154826958
6948,0.00011384335154826958
6949,0.00011384335154826958
6950,0.00011384335154826958
6951,0.00011384335154826958
6952,0.00011384335154826958
6953,0.00011384335154826958
6954,0.00011384335154826958
6955,0.00011384335154826958
6956,0.00011384335154826958
6957,0.00011384335154826958
6958,0.00011384335154826958
6959,0.00011384335154826958
6960,0.00011384335154826958
6961,0.00011384335154826958
6962,0.00011384335154826958
6963,0.00011384335154826958
6964,0.00011384335154826958
6965,0.00011384335154826958
6966,0.00011384335154826958
6967,0.00011384335154826958
6968,0.00011384335154826958
6969,0.00011384335154826958
6970,0.00011384335154826958
6971,0.00011384335154826958
6972,0.00011384335154826958
6973,0.00011384335154826958
6974,0.00011384335154826958
6975,0.00011384335154826958
6976,0.00011384335154826958
6977,0.00011384335154826958
6978,0.00011384335154826958
6979,0.00011384335154826958
6980,0.00011384335154826958
6981,0.00011384335154826958
6982,0.00011384335154826958
6983,0.00011384335154826958
6984,0.00011384335154826958
6985,0.00011384335154826958
6986,0.00011384335154826958
6987,0.00011384335154826958
6988,0.00011384335154826958
6989,0.00011384335154826958
6990,0.00011384335154826958
6991,0.00011384335154826958
6992,0.00011384335154826958
6993,0.00011384335154826958
6994,0.00011384335154826958
6995,0.00011384335154826958
6996,0.00011384335154826958
6997,0.00011384335154826958
6998,0.00011384335154826958
6999,0.00011384335154826958
7000,0.00011384335154826958
7001,0.00011384335154826958
7002,0.00011384335154826958
7003,0.00011384335154826958
7004,0.00011384335154826958
7005,0.00011384335154826958
7006,0.00011384335154826958
7007,0.00011384335154826958
7008,0.00011384335154826958
7009,0.00011384335154826958
7010,0.00011384335154826958
7011,0.00011384335154826958
7012,0.00011384335154826958
7013,0.00011384335154826958
7014,0.00011384335154826958
7015,0.00011384335154826958
7016,0.00011384335154826958
7017,0.00011384335154826958
7018,0.00011384335154826958
7019,0.00011384335154826958
7020,0.00011384335154826958
7021,0.00011384335154826958
7022,0.00011384335154826958
7023,0.00011384335154826958
7024,0.00011384335154826958
7025,0.00011384335154826958
7026,0.00011384335154826958
7027,0.00011384335154826958
7028,0.00011384335154826958
7029,0.00011384335154826958
7030,0.00011384335154826958
7031,0.00011384335154826958
7032,0.00011384335154826958
7033,0.00011384335154826958
7034,0.00011384335154826958
7035,0.00011384335154826958
7036,0.00011384335154826958
7037,0.00011384335154826958
7038,0.00011384335154826958
7039,0.00011384335154826958
7040,0.00011384335154826958
7041,0.00011384335154826958
7042,0.00011384335154826958
7043,0.00011384335154826958
7044,0.00011384335154826958
7045,0.00011384335154826958
7046,0.00011384335154826958
7047,0.00011384335154826958
7048,0.00011384335154826958
7049,0.00011384335154826958
7050,0.00011384335154826958
7051,0.00011384335154826958
7052,0.00011384335154826958
7053,0.00011384335154826958
7054,0.00011384335154826958
7055,0.00011384335154826958
7056,0.00011384335154826958
7057,0.00011384335154826958
7058,0.00011384335154826958
7059,0.00011384335154826958
7060,0.00011384335154826958
7061,0.00011384335154826958
7062,0.00011384335154826958
7063,0.00011384335154826958
7064,0.00011384335154826958
7065,0.00011384335154826958
7066,0.00011384335154826958
7067,0.00011384335154826958
7068,0.00011384335154826958
7069,0.00011384335154826958
7070,0.00011384335154826958
7071,0.00011384335154826958
7072,0.00011384335154826958
7073,0.00011384335154826958
7074,0.00011384335154826958
7075,0.00011384335154826958
7076,0.00011384335154826958
7077,0.00011384335154826958
7078,0.00011384335154826958
7079,0.00011384335154826958
7080,0.00011384335154826958
7081,0.00011384335154826958
7082,0.00011384335154826958
7083,0.00011384335154826958
7084,0.00011384335154826958
7085,0.00011384335154826958
7086,0.00011384335154826958
7087,0.00011384335154826958
7088,0.00011384335154826958
7089,0.00011384335154826958
7090,0.00011384335154826958
7091,0.00011384335154826958
7092,0.00011384335154826958
7093,0.00011384335154826958
7094,0.00011384335154826958
7095,0.00011384335154826958
7096,0.00011384335154826958
7097,0.00011384335154826958
7098,0.00011384335154826958
7099,0.00011384335154826958
7100,0.00011384335154826958
7101,0.00011384335154826958
7102,0.00011384335154826958
7103,0.00011384335154826958
7104,0.00011384335154826958
7105,0.00011384335154826958
7106,0.00011384335154826958
7107,0.00011384335154826958
7108,0.00011384335154826958
7109,0.00011384335154826958
7110,0.00011384335154826958
7111,0.00011384335154826958
7112,0.00011384335154826958
7113,0.00011384335154826958
7114,0.00011384335154826958
7115,0.00011384335154826958
7116,0.00011384335154826958
7117,0.00011384335154826958
7118,0.00011384335154826958
7119,0.00011384335154826958
7120,0.00011384335154826958
7121,0.00011384335154826958
7122,0.00011384335154826958
7123,0.00011384335154826958
7124,0.00011384335154826958
7125,0.00011384335154826958
7126,0.00011384335154826958
7127,0.00011384335154826958
7128,0.00011384335154826958
7129,0.00011384335154826958
7130,0.00011384335154826958
7131,0.00011384335154826958
7132,0.00011384335154826958
7133,0.00011384335154826958
7134,0.00011384335154826958
7135,0.00011384335154826958
7136,0.00011384335154826958
7137,0.00011384335154826958
7138,0.00011384335154826958
7139,0.00011384335154826958
7140,0.00011384335154826958
7141,0.00011384335154826958
7142,0.00011384335154826958
7143,0.00011384335154826958
7144,0.00011384335154826958
7145,0.00011384335154826958
7146,0.00011384335154826958
7147,0.00011384335154826958
7148,0.00011384335154826958
7149,0.00011384335154826958
7150,0.00011384335154826958
7151,0.00011384335154826958
7152,0.00011384335154826958
7153,0.00011384335154826958
7154,0.00011384335154826958
7155,0.00011384335154826958
7156,0.00011384335154826958
7157,0.00011384335154826958
7158,0.00011384335154826958
7159,0.00011384335154826958
7160,0.00011384335154826958
7161,0.00011384335154826958
7162,0.00011384335154826958
7163,0.00011384335154826958
7164,0.00011384335154826958
7165,0.00011384335154826958
7166,0.00011384335154826958
7167,0.00011384335154826958
7168,0.00011384335154826958
7169,0.00011384335154826958
7170,0.00011384335154826958
7171,0.00011384335154826958
7172,0.00011384335154826958
7173,0.00011384335154826958
7174,0.00011384335154826958
7175,0.00011384335154826958
7176,0.00011384335154826958
7177,0.00011384335154826958
7178,0.00011384335154826958
7179,0.00011384335154826958
7180,0.00011384335154826958
7181,0.00011384335154826958
7182,0.00011384335154826958
7183,0.00011384335154826958
7184,0.00011384335154826958
7185,0.00011384335154826958
7186,0.00011384335154826958
7187,0.00011384335154826958
7188,0.00011384335154826958
7189,0.00011384335154826958
7190,0.00011384335154826958
7191,0.00011384335154826958
7192,0.00011384335154826958
7193,0.00011384335154826958
7194,0.00011384335154826958
7195,0.00011384335154826958
7196,0.00011384335154826958
7197,0.00011384335154826958
7198,0.00011384335154826958
7199,0.00011384335154826958
7200,0.00011384335154826958
7201,0.00011384335154826958
7202,0.00011384335154826958
7203,0.00011384335154826958
7204,0.00011384335154826958
7205,0.00011384335154826958
7206,0.00011384335154826958
7207,0.00011384335154826958
7208,0.00011384335154826958
7209,0.00011384335154826958
7210,0.00011384335154826958
7211,0.00011384335154826958
7212,0.00011384335154826958
7213,0.00011384335154826958
7214,0.00011384335154826958
7215,0.00011384335154826958
7216,0.00011384335154826958
7217,0.00011384335154826958
7218,0.00011384335154826958
7219,0.00011384335154826958
7220,0.00011384335154826958
7221,0.00011384335154826958
7222,0.00011384335154826958
7223,0.00011384335154826958
7224,0.00011384335154826958
7225,0.00011384335154826958
7226,0.00011384335154826958
7227,0.00011384335154826958
7228,0.00011384335154826958
7229,0.00011384335154826958
7230,0.00011384335154826958
7231,0.00011384335154826958
7232,0.00011384335154826958
7233,0.00011384335154826958
7234,0.00011384335154826958
7235,0.00011384335154826958
7236,0.00011384335154826958
7237,0.00011384335154826958
7238,0.00011384335154826958
7239,0.00011384335154826958
7240,0.00011384335154826958
7241,0.00011384335154826958
7242,0.00011384335154826958
7243,0.00011384335154826958
7244,0.00011384335154826958
7245,0.00011384335154826958
7246,0.00011384335154826958
7247,0.00011384335154826958
7248,0.00011384335154826958
7249,0.00011384335154826958
7250,0.00011384335154826958
7251,0.00011384335154826958
7252,0.00011384335154826958
7253,0.00011384335154826958
7254,0.00011384335154826958
7255,0.00011384335154826958
7256,0.00011384335154826958
7257,0.00011384335154826958
7258,0.00011384335154826958
7259,0.00011384335154826958
7260,0.00011384335154826958
7261,0.00011384335154826958
7262,0.00011384335154826958
7263,0.00011384335154826958
7264,0.00011384335154826958
7265,0.00011384335154826958
7266,0.00011384335154826958
7267,0.00011384335154826958
7268,0.00011384335154826958
7269,0.00011384335154826958
7270,0.00011384335154826958
7271,0.00011384335154826958
7272,0.00011384335154826958
7273,0.00011384335154826958
7274,0.00011384335154826958
7275,0.00011384335154826958
7276,0.00011384335154826958
7277,0.00011384335154826958
7278,0.00011384335154826958
7279,0.00011384335154826958
7280,0.00011384335154826958
7281,0.00011384335154826958
7282,0.00011384335154826958
7283,0.00011384335154826958
7284,0.00011384335154826958
7285,0.00011384335154826958
7286,0.00011384335154826958
7287,0.00011384335154826958
7288,0.00011384335154826958
7289,0.00011384335154826958
7290,0.00011384335154826958
7291,0.00011384335154826958
7292,0.00011384335154826958
7293,0.00011384335154826958
7294,0.00011384335154826958
7295,0.00011384335154826958
7296,0.00011384335154826958
7297,0.00011384335154826958
7298,0.00011384335154826958
7299,0.00011384335154826958
7300,0.00011384335154826958
7301,0.00011384335154826958
7302,0.00011384335154826958
7303,0.00011384335154826958
7304,0.00011384335154826958
7305,0.00011384335154826958
7306,0.00011384335154826958
7307,0.00011384335154826958
7308,0.00011384335154826958
7309,0.00011384335154826958
7310,0.00011384335154826958
7311,0.00011384335154826958
7312,0.00011384335154826958
7313,0.00011384335154826958
7314,0.00011384335154826958
7315,0.00011384335154826958
7316,0.00011384335154826958
7317,0.00011384335154826958
7318,0.00011384335154826958
7319,0.00011384335154826958
7320,0.00011384335154826958
7321,0.00011384335154826958
7322,0.00011384335154826958
7323,0.00011384335154826958
7324,0.00011384335154826958
7325,0.00011384335154826958
7326,0.00011384335154826958
7327,0.00011384335154826958
7328,0.00011384335154826958
7329,0.00011384335154826958
7330,0.00011384335154826958
7331,0.00011384335154826958
7332,0.00011384335154826958
7333,0.00011384335154826958
7334,0.00011384335154826958
7335,0.00011384335154826958
7336,0.00011384335154826958
7337,0.00011384335154826958
7338,0.00011384335154826958
7339,0.00011384335154826958
7340,0.00011384335154826958
7341,0.00011384335154826958
7342,0.00011384335154826958
7343,0.00011384335154826958
7344,0.00011384335154826958
7345,0.00011384335154826958
7346,0.00011384335154826958
7347,0.00011384335154826958
7348,0.00011384335154826958
7349,0.00011384335154826958
7350,0.00011384335154826958
7351,0.00011384335154826958
7352,0.00011384335154826958
7353,0.00011384335154826958
7354,0.00011384335154826958
7355,0.00011384335154826958
7356,0.00011384335154826958
7357,0.00011384335154826958
7358,0.00011384335154826958
7359,0.00011384335154826958
7360,0.00011384335154826958
7361,0.00011384335154826958
7362,0.00011384335154826958
7363,0.00011384335154826958
7364,0.00011384335154826958
7365,0.00011384335154826958
7366,0.00011384335154826958
7367,0.00011384335154826958
7368,0.00011384335154826958
7369,0.00011384335154826958
7370,0.00011384335154826958
7371,0.00011384335154826958
7372,0.00011384335154826958
7373,0.00011384335154826958
7374,0.00011384335154826958
7375,0.00011384335154826958
7376,0.00011384335154826958
7377,0.00011384335154826958
7378,0.00011384335154826958
7379,0.00011384335154826958
7380,0.00011384335154826958
7381,0.00011384335154826958
7382,0.00011384335154826958
7383,0.00011384335154826958
7384,0.00011384335154826958
7385,0.00011384335154826958
7386,0.00011384335154826958
7387,0.00011384335154826958
7388,0.00011384335154826958
7389,0.00011384335154826958
7390,0.00011384335154826958
7391,0.00011384335154826958
7392,0.00011384335154826958
7393,0.00011384335154826958
7394,0.00011384335154826958
7395,0.00011384335154826958
7396,0.00011384335154826958
7397,0.00011384335154826958
7398,0.00011384335154826958
7399,0.00011384335154826958
7400,0.00011384335154826958
7401,0.00011384335154826958
7402,0.00011384335154826958
7403,0.00011384335154826958
7404,0.00011384335154826958
7405,0.00011384335154826958
7406,0.00011384335154826958
7407,0.00011384335154826958
7408,0.00011384335154826958
7409,0.00011384335154826958
7410,0.00011384335154826958
7411,0.00011384335154826958
7412,0.00011384335154826958
7413,0.00011384335154826958
7414,0.00011384335154826958
7415,0.00011384335154826958
7416,0.00011384335154826958
7417,0.00011384335154826958
7418,0.00011384335154826958
7419,0.00011384335154826958
7420,0.00011384335154826958
7421,0.00011384335154826958
7422,0.00011384335154826958
7423,0.00011384335154826958
7424,0.00011384335154826958
7425,0.00011384335154826958
7426,0.00011384335154826958
7427,0.00011384335154826958
7428,0.00011384335154826958
7429,0.00011384335154826958
7430,0.00011384335154826958
7431,0.00011384335154826958
7432,0.00011384335154826958
7433,0.00011384335154826958
7434,0.00011384335154826958
7435,0.00011384335154826958
7436,0.00011384335154826958
7437,0.00011384335154826958
7438,0.00011384335154826958
7439,0.00011384335154826958
7440,0.00011384335154826958
7441,0.00011384335154826958
7442,0.00011384335154826958
7443,0.00011384335154826958
7444,0.00011384335154826958
7445,0.00011384335154826958
7446,0.00011384335154826958
7447,0.00011384335154826958
7448,0.00011384335154826958
7449,0.00011384335154826958
7450,0.00011384335154826958
7451,0.00011384335154826958
7452,0.00011384335154826958
7453,0.00011384335154826958
7454,0.00011384335154826958
7455,0.00011384335154826958
7456,0.00011384335154826958
7457,0.00011384335154826958
7458,0.00011384335154826958
7459,0.00011384335154826958
7460,0.00011384335154826958
7461,0.00011384335154826958
7462,0.00011384335154826958
7463,0.00011384335154826958
7464,0.00011384335154826958
7465,0.00011384335154826958
7466,0.00011384335154826958
7467,0.00011384335154826958
7468,0.00011384335154826958
7469,0.00011384335154826958
7470,0.00011384335154826958
7471,0.00011384335154826958
7472,0.00011384335154826958
7473,0.00011384335154826958
7474,0.00011384335154826958
7475,0.00011384335154826958
7476,0.00011384335154826958
7477,0.00011384335154826958
7478,0.00011384335154826958
7479,0.00011384335154826958
7480,0.00011384335154826958
7481,0.00011384335154826958
7482,0.00011384335154826958
7483,0.00011384335154826958
7484,0.00011384335154826958
7485,0.00011384335154826958
7486,0.00011384335154826958
7487,0.00011384335154826958
7488,0.00011384335154826958
7489,0.00011384335154826958
7490,0.00011384335154826958
7491,0.00011384335154826958
7492,0.00011384335154826958
7493,0.00011384335154826958
7494,0.00011384335154826958
7495,0.00011384335154826958
7496,0.00011384335154826958
7497,0.00011384335154826958
7498,0.00011384335154826958
7499,0.00011384335154826958
7500,0.00011384335154826958
7501,0.00011384335154826958
7502,0.00011384335154826958
7503,0.00011384335154826958
7504,0.00011384335154826958
7505,0.00011384335154826958
7506,0.00011384335154826958
7507,0.00011384335154826958
7508,0.00011384335154826958
7509,0.00011384335154826958
7510,0.00011384335154826958
7511,0.00011384335154826958
7512,0.00011384335154826958
7513,0.00011384335154826958
7514,0.00011384335154826958
7515,0.00011384335154826958
7516,0.00011384335154826958
7517,0.00011384335154826958
7518,0.00011384335154826958
7519,0.00011384335154826958
7520,0.00011384335154826958
7521,0.00011384335154826958
7522,0.00011384335154826958
7523,0.00011384335154826958
7524,0.00011384335154826958
7525,0.00011384335154826958
7526,0.00011384335154826958
7527,0.00011384335154826958
7528,0.00011384335154826958
7529,0.00011384335154826958
7530,0.00011384335154826958
7531,0.00011384335154826958
7532,0.00011384335154826958
7533,0.00011384335154826958
7534,0.00011384335154826958
7535,0.00011384335154826958
7536,0.00011384335154826958
7537,0.00011384335154826958
7538,0.00011384335154826958
7539,0.00011384335154826958
7540,0.00011384335154826958
7541,0.00011384335154826958
7542,0.00011384335154826958
7543,0.00011384335154826958
7544,0.00011384335154826958
7545,0.00011384335154826958
7546,0.00011384335154826958
7547,0.00011384335154826958
7548,0.00011384335154826958
7549,0.00011384335154826958
7550,0.00011384335154826958
7551,0.00011384335154826958
7552,0.00011384335154826958
7553,0.00011384335154826958
7554,0.00011384335154826958
7555,0.00011384335154826958
7556,0.00011384335154826958
7557,0.00011384335154826958
7558,0.00011384335154826958
7559,0.00011384335154826958
7560,0.00011384335154826958
7561,0.00011384335154826958
7562,0.00011384335154826958
7563,0.00011384335154826958
7564,0.00011384335154826958
7565,0.00011384335154826958
7566,0.00011384335154826958
7567,0.00011384335154826958
7568,0.00011384335154826958
7569,0.00011384335154826958
7570,0.00011384335154826958
7571,0.00011384335154826958
7572,0.00011384335154826958
7573,0.00011384335154826958
7574,0.00011384335154826958
7575,0.00011384335154826958
7576,0.00011384335154826958
7577,0.00011384335154826958
7578,0.00011384335154826958
7579,0.00011384335154826958
7580,0.00011384335154826958
7581,0.00011384335154826958
7582,0.00011384335154826958
7583,0.00011384335154826958
7584,0.00011384335154826958
7585,0.00011384335154826958
7586,0.00011384335154826958
7587,0.00011384335154826958
7588,0.00011384335154826958
7589,0.00011384335154826958
7590,0.00011384335154826958
7591,0.00011384335154826958
7592,0.00011384335154826958
7593,0.00011384335154826958
7594,0.00011384335154826958
7595,0.00011384335154826958
7596,0.00011384335154826958
7597,0.00011384335154826958
7598,0.00011384335154826958
7599,0.00011384335154826958
7600,0.00011384335154826958
7601,0.00011384335154826958
7602,0.00011384335154826958
7603,0.00011384335154826958
7604,0.00011384335154826958
7605,0.00011384335154826958
7606,0.00011384335154826958
7607,0.00011384335154826958
7608,0.00011384335154826958
7609,0.00011384335154826958
7610,0.00011384335154826958
7611,0.00011384335154826958
7612,0.00011384335154826958
7613,0.00011384335154826958
7614,0.00011384335154826958
7615,0.00011384335154826958
7616,0.00011384335154826958
7617,0.00011384335154826958
7618,0.00011384335154826958
7619,0.00011384335154826958
7620,0.00011384335154826958
7621,0.00011384335154826958
7622,0.00011384335154826958
7623,0.00011384335154826958
7624,0.00011384335154826958
7625,0.00011384335154826958
7626,0.00011384335154826958
7627,0.00011384335154826958
7628,0.00011384335154826958
7629,0.00011384335154826958
7630,0.00011384335154826958
7631,0.00011384335154826958
7632,0.00011384335154826958
7633,0.00011384335154826958
7634,0.00011384335154826958
7635,0.00011384335154826958
7636,0.00011384335154826958
7637,0.00011384335154826958
7638,0.00011384335154826958
7639,0.00011384335154826958
7640,0.00011384335154826958
7641,0.00011384335154826958
7642,0.00011384335154826958
7643,0.00011384335154826958
7644,0.00011384335154826958
7645,0.00011384335154826958
7646,0.00011384335154826958
7647,0.00011384335154826958
7648,0.00011384335154826958
7649,0.00011384335154826958
7650,0.00011384335154826958
7651,0.00011384335154826958
7652,0.00011384335154826958
7653,0.00011384335154826958
7654,0.00011384335154826958
7655,0.00011384335154826958
7656,0.00011384335154826958
7657,0.00011384335154826958
7658,0.00011384335154826958
7659,0.00011384335154826958
7660,0.00011384335154826958
7661,0.00011384335154826958
7662,0.00011384335154826958
7663,0.00011384335154826958
7664,0.00011384335154826958
7665,0.00011384335154826958
7666,0.00011384335154826958
7667,0.00011384335154826958
7668,0.00011384335154826958
7669,0.00011384335154826958
7670,0.00011384335154826958
7671,0.00011384335154826958
7672,0.00011384335154826958
7673,0.00011384335154826958
7674,0.00011384335154826958
7675,0.00011384335154826958
7676,0.00011384335154826958
7677,0.00011384335154826958
7678,0.00011384335154826958
7679,0.00011384335154826958
7680,0.00011384335154826958
7681,0.00011384335154826958
7682,0.00011384335154826958
7683,0.00011384335154826958
7684,0.00011384335154826958
7685,0.00011384335154826958
7686,0.00011384335154826958
7687,0.00011384335154826958
7688,0.00011384335154826958
7689,0.00011384335154826958
7690,0.00011384335154826958
7691,0.00011384335154826958
7692,0.00011384335154826958
7693,0.00011384335154826958
7694,0.00011384335154826958
7695,0.00011384335154826958
7696,0.00011384335154826958
7697,0.00011384335154826958
7698,0.00011384335154826958
7699,0.00011384335154826958
7700,0.00011384335154826958
7701,0.00011384335154826958
7702,0.00011384335154826958
7703,0.00011384335154826958
7704,0.00011384335154826958
7705,0.00011384335154826958
7706,0.00011384335154826958
7707,0.00011384335154826958
7708,0.00011384335154826958
7709,0.00011384335154826958
7710,0.00011384335154826958
7711,0.00011384335154826958
7712,0.00011384335154826958
7713,0.00011384335154826958
7714,0.00011384335154826958
7715,0.00011384335154826958
7716,0.00011384335154826958
7717,0.00011384335154826958
7718,0.00011384335154826958
7719,0.00011384335154826958
7720,0.00011384335154826958
7721,0.00011384335154826958
7722,0.00011384335154826958
7723,0.00011384335154826958
7724,0.00011384335154826958
7725,0.00011384335154826958
7726,0.00011384335154826958
7727,0.00011384335154826958
7728,0.00011384335154826958
7729,0.00011384335154826958
7730,0.00011384335154826958
7731,0.00011384335154826958
7732,0.00011384335154826958
7733,0.00011384335154826958
7734,0.00011384335154826958
7735,0.00011384335154826958
7736,0.00011384335154826958
7737,0.00011384335154826958
7738,0.00011384335154826958
7739,0.00011384335154826958
7740,0.00011384335154826958
7741,0.00011384335154826958
7742,0.00011384335154826958
7743,0.00011384335154826958
7744,0.00011384335154826958
7745,0.00011384335154826958
7746,0.00011384335154826958
7747,0.00011384335154826958
7748,0.00011384335154826958
7749,0.00011384335154826958
7750,0.00011384335154826958
7751,0.00011384335154826958
7752,0.00011384335154826958
7753,0.00011384335154826958
7754,0.00011384335154826958
7755,0.00011384335154826958
7756,0.00011384335154826958
7757,0.00011384335154826958
7758,0.00011384335154826958
7759,0.00011384335154826958
7760,0.00011384335154826958
7761,0.00011384335154826958
7762,0.00011384335154826958
7763,0.00011384335154826958
7764,0.00011384335154826958
7765,0.00011384335154826958
7766,0.00011384335154826958
7767,0.00011384335154826958
7768,0.00011384335154826958
7769,0.00011384335154826958
7770,0.00011384335154826958
7771,0.00011384335154826958
7772,0.00011384335154826958
7773,0.00011384335154826958
7774,0.00011384335154826958
7775,0.00011384335154826958
7776,0.00011384335154826958
7777,0.00011384335154826958
7778,0.00011384335154826958
7779,0.00011384335154826958
7780,0.00011384335154826958
7781,0.00011384335154826958
7782,0.00011384335154826958
7783,0.00011384335154826958
7784,0.00011384335154826958
7785,0.00011384335154826958
7786,0.00011384335154826958
7787,0.00011384335154826958
7788,0.00011384335154826958
7789,0.00011384335154826958
7790,0.00011384335154826958
7791,0.00011384335154826958
7792,0.00011384335154826958
7793,0.00011384335154826958
7794,0.00011384335154826958
7795,0.00011384335154826958
7796,0.00011384335154826958
7797,0.00011384335154826958
7798,0.00011384335154826958
7799,0.00011384335154826958
7800,0.00011384335154826958
7801,0.00011384335154826958
7802,0.00011384335154826958
7803,0.00011384335154826958
7804,0.00011384335154826958
7805,0.00011384335154826958
7806,0.00011384335154826958
7807,0.00011384335154826958
7808,0.00011384335154826958
7809,0.00011384335154826958
7810,0.00011384335154826958
7811,0.00011384335154826958
7812,0.00011384335154826958
7813,0.00011384335154826958
7814,0.00011384335154826958
7815,0.00011384335154826958
7816,0.00011384335154826958
7817,0.00011384335154826958
7818,0.00011384335154826958
7819,0.00011384335154826958
7820,0.00011384335154826958
7821,0.00011384335154826958
7822,0.00011384335154826958
7823,0.00011384335154826958
7824,0.00011384335154826958
7825,0.00011384335154826958
7826,0.00011384335154826958
7827,0.00011384335154826958
7828,0.00011384335154826958
7829,0.00011384335154826958
7830,0.00011384335154826958
7831,0.00011384335154826958
7832,0.00011384335154826958
7833,0.00011384335154826958
7834,0.00011384335154826958
7835,0.00011384335154826958
7836,0.00011384335154826958
7837,0.00011384335154826958
7838,0.00011384335154826958
7839,0.00011384335154826958
7840,0.00011384335154826958
7841,0.00011384335154826958
7842,0.00011384335154826958
7843,0.00011384335154826958
7844,0.00011384335154826958
7845,0.00011384335154826958
7846,0.00011384335154826958
7847,0.00011384335154826958
7848,0.00011384335154826958
7849,0.00011384335154826958
7850,0.00011384335154826958
7851,0.00011384335154826958
7852,0.00011384335154826958
7853,0.00011384335154826958
7854,0.00011384335154826958
7855,0.00011384335154826958
7856,0.00011384335154826958
7857,0.00011384335154826958
7858,0.00011384335154826958
7859,0.00011384335154826958
7860,0.00011384335154826958
7861,0.00011384335154826958
7862,0.00011384335154826958
7863,0.00011384335154826958
7864,0.00011384335154826958
7865,0.00011384335154826958
7866,0.00011384335154826958
7867,0.00011384335154826958
7868,0.00011384335154826958
7869,0.00011384335154826958
7870,0.00011384335154826958
7871,0.00011384335154826958
7872,0.00011384335154826958
7873,0.00011384335154826958
7874,0.00011384335154826958
7875,0.00011384335154826958
7876,0.00011384335154826958
7877,0.00011384335154826958
7878,0.00011384335154826958
7879,0.00011384335154826958
7880,0.00011384335154826958
7881,0.00011384335154826958
7882,0.00011384335154826958
7883,0.00011384335154826958
7884,0.00011384335154826958
7885,0.00011384335154826958
7886,0.00011384335154826958
7887,0.00011384335154826958
7888,0.00011384335154826958
7889,0.00011384335154826958
7890,0.00011384335154826958
7891,0.00011384335154826958
7892,0.00011384335154826958
7893,0.00011384335154826958
7894,0.00011384335154826958
7895,0.00011384335154826958
7896,0.00011384335154826958
7897,0.00011384335154826958
7898,0.00011384335154826958
7899,0.00011384335154826958
7900,0.00011384335154826958
7901,0.00011384335154826958
7902,0.00011384335154826958
7903,0.00011384335154826958
7904,0.00011384335154826958
7905,0.00011384335154826958
7906,0.00011384335154826958
7907,0.00011384335154826958
7908,0.00011384335154826958
7909,0.00011384335154826958
7910,0.00011384335154826958
7911,0.00011384335154826958
7912,0.00011384335154826958
7913,0.00011384335154826958
7914,0.00011384335154826958
7915,0.00011384335154826958
7916,0.00011384335154826958
7917,0.00011384335154826958
7918,0.00011384335154826958
7919,0.00011384335154826958
7920,0.00011384335154826958
7921,0.00011384335154826958
7922,0.00011384335154826958
7923,0.00011384335154826958
7924,0.00011384335154826958
7925,0.00011384335154826958
7926,0.00011384335154826958
7927,0.00011384335154826958
7928,0.00011384335154826958
7929,0.00011384335154826958
7930,0.00011384335154826958
7931,0.00011384335154826958
7932,0.00011384335154826958
7933,0.00011384335154826958
7934,0.00011384335154826958
7935,0.00011384335154826958
7936,0.00011384335154826958
7937,0.00011384335154826958
7938,0.00011384335154826958
7939,0.00011384335154826958
7940,0.00011384335154826958
7941,0.00011384335154826958
7942,0.00011384335154826958
7943,0.00011384335154826958
7944,0.00011384335154826958
7945,0.00011384335154826958
7946,0.00011384335154826958
7947,0.00011384335154826958
7948,0.00011384335154826958
7949,0.00011384335154826958
7950,0.00011384335154826958
7951,0.00011384335154826958
7952,0.00011384335154826958
7953,0.00011384335154826958
7954,0.00011384335154826958
7955,0.00011384335154826958
7956,0.00011384335154826958
7957,0.00011384335154826958
7958,0.00011384335154826958
7959,0.00011384335154826958
7960,0.00011384335154826958
7961,0.00011384335154826958
7962,0.00011384335154826958
7963,0.00011384335154826958
7964,0.00011384335154826958
7965,0.00011384335154826958
7966,0.00011384335154826958
7967,0.00011384335154826958
7968,0.00011384335154826958
7969,0.00011384335154826958
7970,0.00011384335154826958
7971,0.00011384335154826958
7972,0.00011384335154826958
7973,0.00011384335154826958
7974,0.00011384335154826958
7975,0.00011384335154826958
7976,0.00011384335154826958
7977,0.00011384335154826958
7978,0.00011384335154826958
7979,0.00011384335154826958
7980,0.00011384335154826958
7981,0.00011384335154826958
7982,0.00011384335154826958
7983,0.00011384335154826958
7984,0.00011384335154826958
7985,0.00011384335154826958
7986,0.00011384335154826958
7987,0.00011384335154826958
7988,0.00011384335154826958
7989,0.00011384335154826958
7990,0.00011384335154826958
7991,0.00011384335154826958
7992,0.00011384335154826958
7993,0.00011384335154826958
7994,0.00011384335154826958
7995,0.00011384335154826958
7996,0.00011384335154826958
7997,0.00011384335154826958
7998,0.00011384335154826958
7999,0.00011384335154826958
8000,0.00011384335154826958
8001,0.00011384335154826958
8002,0.00011384335154826958
8003,0.00011384335154826958
8004,0.00011384335154826958
8005,0.00011384335154826958
8006,0.00011384335154826958
8007,0.00011384335154826958
8008,0.00011384335154826958
8009,0.00011384335154826958
8010,0.00011384335154826958
8011,0.00011384335154826958
8012,0.00011384335154826958
8013,0.00011384335154826958
8014,0.00011384335154826958
8015,0.00011384335154826958
8016,0.00011384335154826958
8017,0.00011384335154826958
8018,0.00011384335154826958
8019,0.00011384335154826958
8020,0.00011384335154826958
8021,0.00011384335154826958
8022,0.00011384335154826958
8023,0.00011384335154826958
8024,0.00011384335154826958
8025,0.00011384335154826958
8026,0.00011384335154826958
8027,0.00011384335154826958
8028,0.00011384335154826958
8029,0.00011384335154826958
8030,0.00011384335154826958
8031,0.00011384335154826958
8032,0.00011384335154826958
8033,0.00011384335154826958
8034,0.00011384335154826958
8035,0.00011384335154826958
8036,0.00011384335154826958
8037,0.00011384335154826958
8038,0.00011384335154826958
8039,0.00011384335154826958
8040,0.00011384335154826958
8041,0.00011384335154826958
8042,0.00011384335154826958
8043,0.00011384335154826958
8044,0.00011384335154826958
8045,0.00011384335154826958
8046,0.00011384335154826958
8047,0.00011384335154826958
8048,0.00011384335154826958
8049,0.00011384335154826958
8050,0.00011384335154826958
8051,0.00011384335154826958
8052,0.00011384335154826958
8053,0.00011384335154826958
8054,0.00011384335154826958
8055,0.00011384335154826958
8056,0.00011384335154826958
8057,0.00011384335154826958
8058,0.00011384335154826958
8059,0.00011384335154826958
8060,0.00011384335154826958
8061,0.00011384335154826958
8062,0.00011384335154826958
8063,0.00011384335154826958
8064,0.00011384335154826958
8065,0.00011384335154826958
8066,0.00011384335154826958
8067,0.00011384335154826958
8068,0.00011384335154826958
8069,0.00011384335154826958
8070,0.00011384335154826958
8071,0.00011384335154826958
8072,0.00011384335154826958
8073,0.00011384335154826958
8074,0.00011384335154826958
8075,0.00011384335154826958
8076,0.00011384335154826958
8077,0.00011384335154826958
8078,0.00011384335154826958
8079,0.00011384335154826958
8080,0.00011384335154826958
8081,0.00011384335154826958
8082,0.00011384335154826958
8083,0.00011384335154826958
8084,0.00011384335154826958
8085,0.00011384335154826958
8086,0.00011384335154826958
8087,0.00011384335154826958
8088,0.00011384335154826958
8089,0.00011384335154826958
8090,0.00011384335154826958
8091,0.00011384335154826958
8092,0.00011384335154826958
8093,0.00011384335154826958
8094,0.00011384335154826958
8095,0.00011384335154826958
8096,0.00011384335154826958
8097,0.00011384335154826958
8098,0.00011384335154826958
8099,0.00011384335154826958
8100,0.00011384335154826958
8101,0.00011384335154826958
8102,0.00011384335154826958
8103,0.00011384335154826958
8104,0.00011384335154826958
8105,0.00011384335154826958
8106,0.00011384335154826958
8107,0.00011384335154826958
8108,0.00011384335154826958
8109,0.00011384335154826958
8110,0.00011384335154826958
8111,0.00011384335154826958
8112,0.00011384335154826958
8113,0.00011384335154826958
8114,0.00011384335154826958
8115,0.00011384335154826958
8116,0.00011384335154826958
8117,0.00011384335154826958
8118,0.00011384335154826958
8119,0.00011384335154826958
8120,0.00011384335154826958
8121,0.00011384335154826958
8122,0.00011384335154826958
8123,0.00011384335154826958
8124,0.00011384335154826958
8125,0.00011384335154826958
8126,0.00011384335154826958
8127,0.00011384335154826958
8128,0.00011384335154826958
8129,0.00011384335154826958
8130,0.00011384335154826958
8131,0.00011384335154826958
8132,0.00011384335154826958
8133,0.00011384335154826958
8134,0.00011384335154826958
8135,0.00011384335154826958
8136,0.00011384335154826958
8137,0.00011384335154826958
8138,0.00011384335154826958
8139,0.00011384335154826958
8140,0.00011384335154826958
8141,0.00011384335154826958
8142,0.00011384335154826958
8143,0.00011384335154826958
8144,0.00011384335154826958
8145,0.00011384335154826958
8146,0.00011384335154826958
8147,0.00011384335154826958
8148,0.00011384335154826958
8149,0.00011384335154826958
8150,0.00011384335154826958
8151,0.00011384335154826958
8152,0.00011384335154826958
8153,0.00011384335154826958
8154,0.00011384335154826958
8155,0.00011384335154826958
8156,0.00011384335154826958
8157,0.00011384335154826958
8158,0.00011384335154826958
8159,0.00011384335154826958
8160,0.00011384335154826958
8161,0.00011384335154826958
8162,0.00011384335154826958
8163,0.00011384335154826958
8164,0.00011384335154826958
8165,0.00011384335154826958
8166,0.00011384335154826958
8167,0.00011384335154826958
8168,0.00011384335154826958
8169,0.00011384335154826958
8170,0.00011384335154826958
8171,0.00011384335154826958
8172,0.00011384335154826958
8173,0.00011384335154826958
8174,0.00011384335154826958
8175,0.00011384335154826958
8176,0.00011384335154826958
8177,0.00011384335154826958
8178,0.00011384335154826958
8179,0.00011384335154826958
8180,0.00011384335154826958
8181,0.00011384335154826958
8182,0.00011384335154826958
8183,0.00011384335154826958
8184,0.00011384335154826958
8185,0.00011384335154826958
8186,0.00011384335154826958
8187,0.00011384335154826958
8188,0.00011384335154826958
8189,0.00011384335154826958
8190,0.00011384335154826958
8191,0.00011384335154826958
8192,0.00011384335154826958
8193,0.00011384335154826958
8194,0.00011384335154826958
8195,0.00011384335154826958
8196,0.00011384335154826958
8197,0.00011384335154826958
8198,0.00011384335154826958
8199,0.00011384335154826958
8200,0.00011384335154826958
8201,0.00011384335154826958
8202,0.00011384335154826958
8203,0.00011384335154826958
8204,0.00011384335154826958
8205,0.00011384335154826958
8206,0.00011384335154826958
8207,0.00011384335154826958
8208,0.00011384335154826958
8209,0.00011384335154826958
8210,0.00011384335154826958
8211,0.00011384335154826958
8212,0.00011384335154826958
8213,0.00011384335154826958
8214,0.00011384335154826958
8215,0.00011384335154826958
8216,0.00011384335154826958
8217,0.00011384335154826958
8218,0.00011384335154826958
8219,0.00011384335154826958
8220,0.00011384335154826958
8221,0.00011384335154826958
8222,0.00011384335154826958
8223,0.00011384335154826958
8224,0.00011384335154826958
8225,0.00011384335154826958
8226,0.00011384335154826958
8227,0.00011384335154826958
8228,0.00011384335154826958
8229,0.00011384335154826958
8230,0.00011384335154826958
8231,0.00011384335154826958
8232,0.00011384335154826958
8233,0.00011384335154826958
8234,0.00011384335154826958
8235,0.00011384335154826958
8236,0.00011384335154826958
8237,0.00011384335154826958
8238,0.00011384335154826958
8239,0.00011384335154826958
8240,0.00011384335154826958
8241,0.00011384335154826958
8242,0.00011384335154826958
8243,0.00011384335154826958
8244,0.00011384335154826958
8245,0.00011384335154826958
8246,0.00011384335154826958
8247,0.00011384335154826958
8248,0.00011384335154826958
8249,0.00011384335154826958
8250,0.00011384335154826958
8251,0.00011384335154826958
8252,0.00011384335154826958
8253,0.00011384335154826958
8254,0.00011384335154826958
8255,0.00011384335154826958
8256,0.00011384335154826958
8257,0.00011384335154826958
8258,0.00011384335154826958
8259,0.00011384335154826958
8260,0.00011384335154826958
8261,0.00011384335154826958
8262,0.00011384335154826958
8263,0.00011384335154826958
8264,0.00011384335154826958
8265,0.00011384335154826958
8266,0.00011384335154826958
8267,0.00011384335154826958
8268,0.00011384335154826958
8269,0.00011384335154826958
8270,0.00011384335154826958
8271,0.00011384335154826958
8272,0.00011384335154826958
8273,0.00011384335154826958
8274,0.00011384335154826958
8275,0.00011384335154826958
8276,0.00011384335154826958
8277,0.00011384335154826958
8278,0.00011384335154826958
8279,0.00011384335154826958
8280,0.00011384335154826958
8281,0.00011384335154826958
8282,0.00011384335154826958
8283,0.00011384335154826958
8284,0.00011384335154826958
8285,0.00011384335154826958
8286,0.00011384335154826958
8287,0.00011384335154826958
8288,0.00011384335154826958
8289,0.00011384335154826958
8290,0.00011384335154826958
8291,0.00011384335154826958
8292,0.00011384335154826958
8293,0.00011384335154826958
8294,0.00011384335154826958
8295,0.00011384335154826958
8296,0.00011384335154826958
8297,0.00011384335154826958
8298,0.00011384335154826958
8299,0.00011384335154826958
8300,0.00011384335154826958
8301,0.00011384335154826958
8302,0.00011384335154826958
8303,0.00011384335154826958
8304,0.00011384335154826958
8305,0.00011384335154826958
8306,0.00011384335154826958
8307,0.00011384335154826958
8308,0.00011384335154826958
8309,0.00011384335154826958
8310,0.00011384335154826958
8311,0.00011384335154826958
8312,0.00011384335154826958
8313,0.00011384335154826958
8314,0.00011384335154826958
8315,0.00011384335154826958
8316,0.00011384335154826958
8317,0.00011384335154826958
8318,0.00011384335154826958
8319,0.00011384335154826958
8320,0.00011384335154826958
8321,0.00011384335154826958
8322,0.00011384335154826958
8323,0.00011384335154826958
8324,0.00011384335154826958
8325,0.00011384335154826958
8326,0.00011384335154826958
8327,0.00011384335154826958
8328,0.00011384335154826958
8329,0.00011384335154826958
8330,0.00011384335154826958
8331,0.00011384335154826958
8332,0.00011384335154826958
8333,0.00011384335154826958
8334,0.00011384335154826958
8335,0.00011384335154826958
8336,0.00011384335154826958
8337,0.00011384335154826958
8338,0.00011384335154826958
8339,0.00011384335154826958
8340,0.00011384335154826958
8341,0.00011384335154826958
8342,0.00011384335154826958
8343,0.00011384335154826958
8344,0.00011384335154826958
8345,0.00011384335154826958
8346,0.00011384335154826958
8347,0.00011384335154826958
8348,0.00011384335154826958
8349,0.00011384335154826958
8350,0.00011384335154826958
8351,0.00011384335154826958
8352,0.00011384335154826958
8353,0.00011384335154826958
8354,0.00011384335154826958
8355,0.00011384335154826958
8356,0.00011384335154826958
8357,0.00011384335154826958
8358,0.00011384335154826958
8359,0.00011384335154826958
8360,0.00011384335154826958
8361,0.00011384335154826958
8362,0.00011384335154826958
8363,0.00011384335154826958
8364,0.00011384335154826958
8365,0.00011384335154826958
8366,0.00011384335154826958
8367,0.00011384335154826958
8368,0.00011384335154826958
8369,0.00011384335154826958
8370,0.00011384335154826958
8371,0.00011384335154826958
8372,0.00011384335154826958
8373,0.00011384335154826958
8374,0.00011384335154826958
8375,0.00011384335154826958
8376,0.00011384335154826958
8377,0.00011384335154826958
8378,0.00011384335154826958
8379,0.00011384335154826958
8380,0.00011384335154826958
8381,0.00011384335154826958
8382,0.00011384335154826958
8383,0.00011384335154826958
8384,0.00011384335154826958
8385,0.00011384335154826958
8386,0.00011384335154826958
8387,0.00011384335154826958
8388,0.00011384335154826958
8389,0.00011384335154826958
8390,0.00011384335154826958
8391,0.00011384335154826958
8392,0.00011384335154826958
8393,0.00011384335154826958
8394,0.00011384335154826958
8395,0.00011384335154826958
8396,0.00011384335154826958
8397,0.00011384335154826958
8398,0.00011384335154826958
8399,0.00011384335154826958
8400,0.00011384335154826958
8401,0.00011384335154826958
8402,0.00011384335154826958
8403,0.00011384335154826958
8404,0.00011384335154826958
8405,0.00011384335154826958
8406,0.00011384335154826958
8407,0.00011384335154826958
8408,0.00011384335154826958
8409,0.00011384335154826958
8410,0.00011384335154826958
8411,0.00011384335154826958
8412,0.00011384335154826958
8413,0.00011384335154826958
8414,0.00011384335154826958
8415,0.00011384335154826958
8416,0.00011384335154826958
8417,0.00011384335154826958
8418,0.00011384335154826958
8419,0.00011384335154826958
8420,0.00011384335154826958
8421,0.00011384335154826958
8422,0.00011384335154826958
8423,0.00011384335154826958
8424,0.00011384335154826958
8425,0.00011384335154826958
8426,0.00011384335154826958
8427,0.00011384335154826958
8428,0.00011384335154826958
8429,0.00011384335154826958
8430,0.00011384335154826958
8431,0.00011384335154826958
8432,0.00011384335154826958
8433,0.00011384335154826958
8434,0.00011384335154826958
8435,0.00011384335154826958
8436,0.00011384335154826958
8437,0.00011384335154826958
8438,0.00011384335154826958
8439,0.00011384335154826958
8440,0.00011384335154826958
8441,0.00011384335154826958
8442,0.00011384335154826958
8443,0.00011384335154826958
8444,0.00011384335154826958
8445,0.00011384335154826958
8446,0.00011384335154826958
8447,0.00011384335154826958
8448,0.00011384335154826958
8449,0.00011384335154826958
8450,0.00011384335154826958
8451,0.00011384335154826958
8452,0.00011384335154826958
8453,0.00011384335154826958
8454,0.00011384335154826958
8455,0.00011384335154826958
8456,0.00011384335154826958
8457,0.00011384335154826958
8458,0.00011384335154826958
8459,0.00011384335154826958
8460,0.00011384335154826958
8461,0.00011384335154826958
8462,0.00011384335154826958
8463,0.00011384335154826958
8464,0.00011384335154826958
8465,0.00011384335154826958
8466,0.00011384335154826958
8467,0.00011384335154826958
8468,0.00011384335154826958
8469,0.00011384335154826958
8470,0.00011384335154826958
8471,0.00011384335154826958
8472,0.00011384335154826958
8473,0.00011384335154826958
8474,0.00011384335154826958
8475,0.00011384335154826958
8476,0.00011384335154826958
8477,0.00011384335154826958
8478,0.00011384335154826958
8479,0.00011384335154826958
8480,0.00011384335154826958
8481,0.00011384335154826958
8482,0.00011384335154826958
8483,0.00011384335154826958
8484,0.00011384335154826958
8485,0.00011384335154826958
8486,0.00011384335154826958
8487,0.00011384335154826958
8488,0.00011384335154826958
8489,0.00011384335154826958
8490,0.00011384335154826958
8491,0.00011384335154826958
8492,0.00011384335154826958
8493,0.00011384335154826958
8494,0.00011384335154826958
8495,0.00011384335154826958
8496,0.00011384335154826958
8497,0.00011384335154826958
8498,0.00011384335154826958
8499,0.00011384335154826958
8500,0.00011384335154826958
8501,0.00011384335154826958
8502,0.00011384335154826958
8503,0.00011384335154826958
8504,0.00011384335154826958
8505,0.00011384335154826958
8506,0.00011384335154826958
8507,0.00011384335154826958
8508,0.00011384335154826958
8509,0.00011384335154826958
8510,0.00011384335154826958
8511,0.00011384335154826958
8512,0.00011384335154826958
8513,0.00011384335154826958
8514,0.00011384335154826958
8515,0.00011384335154826958
8516,0.00011384335154826958
8517,0.00011384335154826958
8518,0.00011384335154826958
8519,0.00011384335154826958
8520,0.00011384335154826958
8521,0.00011384335154826958
8522,0.00011384335154826958
8523,0.00011384335154826958
8524,0.00011384335154826958
8525,0.00011384335154826958
8526,0.00011384335154826958
8527,0.00011384335154826958
8528,0.00011384335154826958
8529,0.00011384335154826958
8530,0.00011384335154826958
8531,0.00011384335154826958
8532,0.00011384335154826958
8533,0.00011384335154826958
8534,0.00011384335154826958
8535,0.00011384335154826958
8536,0.00011384335154826958
8537,0.00011384335154826958
8538,0.00011384335154826958
8539,0.00011384335154826958
8540,0.00011384335154826958
8541,0.00011384335154826958
8542,0.00011384335154826958
8543,0.00011384335154826958
8544,0.00011384335154826958
8545,0.00011384335154826958
8546,0.00011384335154826958
8547,0.00011384335154826958
8548,0.00011384335154826958
8549,0.00011384335154826958
8550,0.00011384335154826958
8551,0.00011384335154826958
8552,0.00011384335154826958
8553,0.00011384335154826958
8554,0.00011384335154826958
8555,0.00011384335154826958
8556,0.00011384335154826958
8557,0.00011384335154826958
8558,0.00011384335154826958
8559,0.00011384335154826958
8560,0.00011384335154826958
8561,0.00011384335154826958
8562,0.00011384335154826958
8563,0.00011384335154826958
8564,0.00011384335154826958
8565,0.00011384335154826958
8566,0.00011384335154826958
8567,0.00011384335154826958
8568,0.00011384335154826958
8569,0.00011384335154826958
8570,0.00011384335154826958
8571,0.00011384335154826958
8572,0.00011384335154826958
8573,0.00011384335154826958
8574,0.00011384335154826958
8575,0.00011384335154826958
8576,0.00011384335154826958
8577,0.00011384335154826958
8578,0.00011384335154826958
8579,0.00011384335154826958
8580,0.00011384335154826958
8581,0.00011384335154826958
8582,0.00011384335154826958
8583,0.00011384335154826958
8584,0.00011384335154826958
8585,0.00011384335154826958
8586,0.00011384335154826958
8587,0.00011384335154826958
8588,0.00011384335154826958
8589,0.00011384335154826958
8590,0.00011384335154826958
8591,0.00011384335154826958
8592,0.00011384335154826958
8593,0.00011384335154826958
8594,0.00011384335154826958
8595,0.00011384335154826958
8596,0.00011384335154826958
8597,0.00011384335154826958
8598,0.00011384335154826958
8599,0.00011384335154826958
8600,0.00011384335154826958
8601,0.00011384335154826958
8602,0.00011384335154826958
8603,0.00011384335154826958
8604,0.00011384335154826958
8605,0.00011384335154826958
8606,0.00011384335154826958
8607,0.00011384335154826958
8608,0.00011384335154826958
8609,0.00011384335154826958
8610,0.00011384335154826958
8611,0.00011384335154826958
8612,0.00011384335154826958
8613,0.00011384335154826958
8614,0.00011384335154826958
8615,0.00011384335154826958
8616,0.00011384335154826958
8617,0.00011384335154826958
8618,0.00011384335154826958
8619,0.00011384335154826958
8620,0.00011384335154826958
8621,0.00011384335154826958
8622,0.00011384335154826958
8623,0.00011384335154826958
8624,0.00011384335154826958
8625,0.00011384335154826958
8626,0.00011384335154826958
8627,0.00011384335154826958
8628,0.00011384335154826958
8629,0.00011384335154826958
8630,0.00011384335154826958
8631,0.00011384335154826958
8632,0.00011384335154826958
8633,0.00011384335154826958
8634,0.00011384335154826958
8635,0.00011384335154826958
8636,0.00011384335154826958
8637,0.00011384335154826958
8638,0.00011384335154826958
8639,0.00011384335154826958
8640,0.00011384335154826958
8641,0.00011384335154826958
8642,0.00011384335154826958
8643,0.00011384335154826958
8644,0.00011384335154826958
8645,0.00011384335154826958
8646,0.00011384335154826958
8647,0.00011384335154826958
8648,0.00011384335154826958
8649,0.00011384335154826958
8650,0.00011384335154826958
8651,0.00011384335154826958
8652,0.00011384335154826958
8653,0.00011384335154826958
8654,0.00011384335154826958
8655,0.00011384335154826958
8656,0.00011384335154826958
8657,0.00011384335154826958
8658,0.00011384335154826958
8659,0.00011384335154826958
8660,0.00011384335154826958
8661,0.00011384335154826958
8662,0.00011384335154826958
8663,0.00011384335154826958
8664,0.00011384335154826958
8665,0.00011384335154826958
8666,0.00011384335154826958
8667,0.00011384335154826958
8668,0.00011384335154826958
8669,0.00011384335154826958
8670,0.00011384335154826958
8671,0.00011384335154826958
8672,0.00011384335154826958
8673,0.00011384335154826958
8674,0.00011384335154826958
8675,0.00011384335154826958
8676,0.00011384335154826958
8677,0.00011384335154826958
8678,0.00011384335154826958
8679,0.00011384335154826958
8680,0.00011384335154826958
8681,0.00011384335154826958
8682,0.00011384335154826958
8683,0.00011384335154826958
8684,0.00011384335154826958
8685,0.00011384335154826958
8686,0.00011384335154826958
8687,0.00011384335154826958
8688,0.00011384335154826958
8689,0.00011384335154826958
8690,0.00011384335154826958
8691,0.00011384335154826958
8692,0.00011384335154826958
8693,0.00011384335154826958
8694,0.00011384335154826958
8695,0.00011384335154826958
8696,0.00011384335154826958
8697,0.00011384335154826958
8698,0.00011384335154826958
8699,0.00011384335154826958
8700,0.00011384335154826958
8701,0.00011384335154826958
8702,0.00011384335154826958
8703,0.00011384335154826958
8704,0.00011384335154826958
8705,0.00011384335154826958
8706,0.00011384335154826958
8707,0.00011384335154826958
8708,0.00011384335154826958
8709,0.00011384335154826958
8710,0.00011384335154826958
8711,0.00011384335154826958
8712,0.00011384335154826958
8713,0.00011384335154826958
8714,0.00011384335154826958
8715,0.00011384335154826958
8716,0.00011384335154826958
8717,0.00011384335154826958
8718,0.00011384335154826958
8719,0.00011384335154826958
8720,0.00011384335154826958
8721,0.00011384335154826958
8722,0.00011384335154826958
8723,0.00011384335154826958
8724,0.00011384335154826958
8725,0.00011384335154826958
8726,0.00011384335154826958
8727,0.00011384335154826958
8728,0.00011384335154826958
8729,0.00011384335154826958
8730,0.00011384335154826958
8731,0.00011384335154826958
8732,0.00011384335154826958
8733,0.00011384335154826958
8734,0.00011384335154826958
8735,0.00011384335154826958
8736,0.00011384335154826958
8737,0.00011384335154826958
8738,0.00011384335154826958
8739,0.00011384335154826958
8740,0.00011384335154826958
8741,0.00011384335154826958
8742,0.00011384335154826958
8743,0.00011384335154826958
8744,0.00011384335154826958
8745,0.00011384335154826958
8746,0.00011384335154826958
8747,0.00011384335154826958
8748,0.00011384335154826958
8749,0.00011384335154826958
8750,0.00011384335154826958
8751,0.00011384335154826958
8752,0.00011384335154826958
8753,0.00011384335154826958
8754,0.00011384335154826958
8755,0.00011384335154826958
8756,0.00011384335154826958
8757,0.00011384335154826958
8758,0.00011384335154826958
8759,0.00011384335154826958
8760,0.00011384335154826958
8761,0.00011384335154826958
8762,0.00011384335154826958
8763,0.00011384335154826958
8764,0.00011384335154826958
8765,0.00011384335154826958
8766,0.00011384335154826958
8767,0.00011384335154826958
8768,0.00011384335154826958
8769,0.00011384335154826958
8770,0.00011384335154826958
8771,0.00011384335154826958
8772,0.00011384335154826958
8773,0.00011384335154826958
8774,0.00011384335154826958
8775,0.00011384335154826958
8776,0.00011384335154826958
8777,0.00011384335154826958
8778,0.00011384335154826958
8779,0.00011384335154826958
8780,0.00011384335154826958
8781,0.00011384335154826958
8782,0.00011384335154826958
8783,0.00011384335154826958
