hour,value
0,0.0002935367895529085
1,0.0002583123748065593
2,0.00021721722426915215
3,0.000176122073731745
4,0.00011741471582116325
5,8.80610368658725e-05
6,6.457809370163969e-05
7,4.461759201204185e-05
8,2.935367895529074e-05
9,2.348294316423254e-05
10,3.170197327171397e-05
11,4.6965886328465356e-05
12,4.344344485383038e-05
13,5.870735791058148e-05
14,6.457809370163969e-05
15,7.631956528375608e-05
16,6.105565222700498e-05
17,5.635906359415825e-05
18,8.21903010748143e-05
19,8.80610368658725e-05
20,0.00012328545161222147
21,0.00018199280952280322
22,0.00023482943164232676
23,0.0002700538463886757
24,0.0002935367895529085
25,0.0002583123748065593
26,0.00021721722426915215
27,0.000176122073731745
28,0.00011741471582116325
29,8.80610368658725e-05
30,6.457809370163969e-05
31,4.461759201204185e-05
32,2.935367895529074e-05
33,2.348294316423254e-05
34,3.170197327171397e-05
35,4.6965886328465356e-05
36,4.344344485383038e-05
37,5.870735791058148e-05
38,6.457809370163969e-05
39,7.631956528375608e-05
40,6.105565222700498e-05
41,5.635906359415825e-05
42,8.21903010748143e-05
43,8.80610368658725e-05
44,0.00012328545161222147
45,0.00018199280952280322
46,0.00023482943164232676
47,0.0002700538463886757
48,0.0002935367895529085
49,0.0002583123748065593
50,0.00021721722426915215
51,0.000176122073731745
52,0.00011741471582116325
53,8.80610368658725e-05
54,6.457809370163969e-05
55,4.461759201204185e-05
56,2.935367895529074e-05
57,2.348294316423254e-05
58,3.170197327171397e-05
59,4.6965886328465356e-05
60,4.344344485383038e-05
61,5.870735791058148e-05
62,6.457809370163969e-05
63,7.631956528375608e-05
64,6.105565222700498e-05
65,5.635906359415825e-05
66,8.21903010748143e-05
67,8.80610368658725e-05
68,0.00012328545161222147
69,0.00018199280952280322
70,0.00023482943164232676
71,0.0002700538463886757
72,0.0002935367895529085
73,0.0002583123748065593
74,0.00021721722426915215
75,0.000176122073731745
76,0.00011741471582116325
77,8.80610368658725e-05
78,6.457809370163969e-05
79,4.461759201204185e-05
80,2.935367895529074e-05
81,2.348294316423254e-05
82,3.170197327171397e-05
83,4.6965886328465356e-05
84,4.344344485383038e-05
85,5.870735791058148e-05
86,6.457809370163969e-05
87,7.631956528375608e-05
88,6.105565222700498e-05
89,5.635906359415825e-05
90,8.21903010748143e-05
91,8.80610368658725e-05
92,0.00012328545161222147
93,0.00018199280952280322
94,0.00023482943164232676
95,0.0002700538463886757
96,0.0002935367895529085
97,0.0002583123748065593
98,0.00021721722426915215
99,0.000176122073731745
100,0.00011741471582116325
101,8.80610368658725e-05
102,6.457809370163969e-05
103,4.461759201204185e-05
104,2.935367895529074e-05
105,2.348294316423254e-05
106,3.170197327171397e-05
107,4.6965886328465356e-05
108,4.344344485383038e-05
109,5.870735791058148e-05
110,6.457809370163969e-05
111,7.631956528375608e-05
112,6.105565222700498e-05
113,5.635906359415825e-05
114,8.21903010748143e-05
115,8.80610368658725e-05
116,0.00012328545161222147
117,0.00018199280952280322
118,0.00023482943164232676
119,0.0002700538463886757
120,0.0002935367895529085
121,0.0002583123748065593
122,0.00021721722426915215
123,0.000176122073731745
124,0.00011741471582116325
125,8.80610368658725e-05
126,6.457809370163969e-05
127,4.461759201204185e-05
128,2.935367895529074e-05
129,2.348294316423254e-05
130,3.170197327171397e-05
131,4.6965886328465356e-05
132,4.344344485383038e-05
133,5.870735791058148e-05
134,6.457809370163969e-05
135,7.631956528375608e-05
136,6.105565222700498e-05
137,5.635906359415825e-05
138,8.21903010748143e-05
139,8.80610368658725e-05
140,0.00012328545161222147
141,0.00018199280952280322
142,0.00023482943164232676
143,0.0002700538463886757
144,0.0002935367895529085
145,0.0002583123748065593
146,0.00021721722426915215
147,0.000176122073731745
148,0.00011741471582116325
149,8.80610368658725e-05
150,6.457809370163969e-05
151,4.461759201204185e-05
152,2.935367895529074e-05
153,2.348294316423254e-05
154,3.170197327171397e-05
155,4.6965886328465356e-05
156,4.344344485383038e-05
157,5.870735791058148e-05
158,6.457809370163969e-05
159,7.631956528375608e-05
160,6.105565222700498e-05
161,5.635906359415825e-05
162,8.21903010748143e-05
163,8.80610368658725e-05
164,0.00012328545161222147
165,0.00018199280952280322
166,0.00023482943164232676
167,0.0002700538463886757
168,0.0002935367895529085
169,0.0002583123748065593
170,0.00021721722426915215
171,0.000176122073731745
172,0.00011741471582116325
173,8.80610368658725e-05
174,6.457809370163969e-05
175,4.461759201204185e-05
176,2.935367895529074e-05
177,2.348294316423254e-05
178,3.170197327171397e-05
179,4.6965886328465356e-05
180,4.344344485383038e-05
181,5.870735791058148e-05
182,6.457809370163969e-05
183,7.631956528375608e-05
184,6.105565222700498e-05
185,5.635906359415825e-05
186,8.21903010748143e-05
187,8.80610368658725e-05
188,0.00012328545161222147
189,0.00018199280952280322
190,0.00023482943164232676
191,0.0002700538463886757
192,0.0002935367895529085
193,0.0002583123748065593
194,0.00021721722426915215
195,0.000176122073731745
196,0.00011741471582116325
197,8.80610368658725e-05
198,6.457809370163969e-05
199,4.461759201204185e-05
200,2.935367895529074e-05
201,2.348294316423254e-05
202,3.170197327171397e-05
203,4.6965886328465356e-05
204,4.344344485383038e-05
205,5.870735791058148e-05
206,6.457809370163969e-05
207,7.631956528375608e-05
208,6.105565222700498e-05
209,5.635906359415825e-05
210,8.21903010748143e-05
211,8.80610368658725e-05
212,0.00012328545161222147
213,0.00018199280952280322
214,0.00023482943164232676
215,0.0002700538463886757
216,0.0002935367895529085
217,0.0002583123748065593
218,0.00021721722426915215
219,0.000176122073731745
220,0.00011741471582116325
221,8.80610368658725e-05
222,6.457809370163969e-05
223,4.461759201204185e-05
224,2.935367895529074e-05
225,2.348294316423254e-05
226,3.170197327171397e-05
227,4.6965886328465356e-05
228,4.344344485383038e-05
229,5.870735791058148e-05
230,6.457809370163969e-05
231,7.631956528375608e-05
232,6.105565222700498e-05
233,5.635906359415825e-05
234,8.21903010748143e-05
235,8.80610368658725e-05
236,0.00012328545161222147
237,0.00018199280952280322
238,0.00023482943164232676
239,0.0002700538463886757
240,0.0002935367895529085
241,0.0002583123748065593
242,0.00021721722426915215
243,0.000176122073731745
244,0.00011741471582116325
245,8.80610368658725e-05
246,6.457809370163969e-05
247,4.461759201204185e-05
248,2.935367895529074e-05
249,2.348294316423254e-05
250,3.170197327171397e-05
251,4.6965886328465356e-05
252,4.344344485383038e-05
253,5.870735791058148e-05
254,6.457809370163969e-05
255,7.631956528375608e-05
256,6.105565222700498e-05
257,5.635906359415825e-05
258,8.21903010748143e-05
259,8.80610368658725e-05
260,0.00012328545161222147
261,0.00018199280952280322
262,0.00023482943164232676
263,0.0002700538463886757
264,0.0002935367895529085
265,0.0002583123748065593
266,0.00021721722426915215
267,0.000176122073731745
268,0.00011741471582116325
269,8.80610368658725e-05
270,6.457809370163969e-05
271,4.461759201204185e-05
272,2.935367895529074e-05
273,2.348294316423254e-05
274,3.170197327171397e-05
275,4.6965886328465356e-05
276,4.344344485383038e-05
277,5.870735791058148e-05
278,6.457809370163969e-05
279,7.631956528375608e-05
280,6.105565222700498e-05
281,5.635906359415825e-05
282,8.21903010748143e-05
283,8.80610368658725e-05
284,0.00012328545161222147
285,0.00018199280952280322
286,0.00023482943164232676
287,0.0002700538463886757
288,0.0002935367895529085
289,0.0002583123748065593
290,0.00021721722426915215
291,0.000176122073731745
292,0.00011741471582116325
293,8.80610368658725e-05
294,6.457809370163969e-05
295,4.461759201204185e-05
296,2.935367895529074e-05
297,2.348294316423254e-05
298,3.170197327171397e-05
299,4.6965886328465356e-05
300,4.344344485383038e-05
301,5.870735791058148e-05
302,6.457809370163969e-05
303,7.631956528375608e-05
304,6.105565222700498e-05
305,5.635906359415825e-05
306,8.21903010748143e-05
307,8.80610368658725e-05
308,0.00012328545161222147
309,0.00018199280952280322
310,0.00023482943164232676
311,0.0002700538463886757
312,0.0002935367895529085
313,0.0002583123748065593
314,0.00021721722426915215
315,0.000176122073731745
316,0.00011741471582116325
317,8.80610368658725e-05
318,6.457809370163969e-05
319,4.461759201204185e-05
320,2.935367895529074e-05
321,2.348294316423254e-05
322,3.170197327171397e-05
323,4.6965886328465356e-05
324,4.344344485383038e-05
325,5.870735791058148e-05
326,6.457809370163969e-05
327,7.631956528375608e-05
328,6.105565222700498e-05
329,5.635906359415825e-05
330,8.21903010748143e-05
331,8.80610368658725e-05
332,0.00012328545161222147
333,0.00018199280952280322
334,0.00023482943164232676
335,0.0002700538463886757
336,0.0002935367895529085
337,0.0002583123748065593
338,0.00021721722426915215
339,0.000176122073731745
340,0.00011741471582116325
341,8.80610368658725e-05
342,6.457809370163969e-05
343,4.461759201204185e-05
344,2.935367895529074e-05
345,2.348294316423254e-05
346,3.170197327171397e-05
347,4.6965886328465356e-05
348,4.344344485383038e-05
349,5.870735791058148e-05
350,6.457809370163969e-05
351,7.631956528375608e-05
352,6.105565222700498e-05
353,5.635906359415825e-05
354,8.21903010748143e-05
355,8.80610368658725e-05
356,0.00012328545161222147
357,0.00018199280952280322
358,0.00023482943164232676
359,0.0002700538463886757
360,0.0002935367895529085
361,0.0002583123748065593
362,0.00021721722426915215
363,0.000176122073731745
364,0.00011741471582116325
365,8.80610368658725e-05
366,6.457809370163969e-05
367,4.461759201204185e-05
368,2.935367895529074e-05
369,2.348294316423254e-05
370,3.170197327171397e-05
371,4.6965886328465356e-05
372,4.344344485383038e-05
373,5.870735791058148e-05
374,6.457809370163969e-05
375,7.631956528375608e-05
376,6.105565222700498e-05
377,5.635906359415825e-05
378,8.21903010748143e-05
379,8.80610368658725e-05
380,0.00012328545161222147
381,0.00018199280952280322
382,0.00023482943164232676
383,0.0002700538463886757
384,0.0002935367895529085
385,0.0002583123748065593
386,0.00021721722426915215
387,0.000176122073731745
388,0.00011741471582116325
389,8.80610368658725e-05
390,6.457809370163969e-05
391,4.461759201204185e-05
392,2.935367895529074e-05
393,2.348294316423254e-05
394,3.170197327171397e-05
395,4.6965886328465356e-05
396,4.344344485383038e-05
397,5.870735791058148e-05
398,6.457809370163969e-05
399,7.631956528375608e-05
400,6.105565222700498e-05
401,5.635906359415825e-05
402,8.21903010748143e-05
403,8.80610368658725e-05
404,0.00012328545161222147
405,0.00018199280952280322
406,0.00023482943164232676
407,0.0002700538463886757
408,0.0002935367895529085
409,0.0002583123748065593
410,0.00021721722426915215
411,0.000176122073731745
412,0.00011741471582116325
413,8.80610368658725e-05
414,6.457809370163969e-05
415,4.461759201204185e-05
416,2.935367895529074e-05
417,2.348294316423254e-05
418,3.170197327171397e-05
419,4.6965886328465356e-05
420,4.344344485383038e-05
421,5.870735791058148e-05
422,6.457809370163969e-05
423,7.631956528375608e-05
424,6.105565222700498e-05
425,5.635906359415825e-05
426,8.21903010748143e-05
427,8.80610368658725e-05
428,0.00012328545161222147
429,0.00018199280952280322
430,0.00023482943164232676
431,0.0002700538463886757
432,0.0002935367895529085
433,0.0002583123748065593
434,0.00021721722426915215
435,0.000176122073731745
436,0.00011741471582116325
437,8.80610368658725e-05
438,6.457809370163969e-05
439,4.461759201204185e-05
440,2.935367895529074e-05
441,2.348294316423254e-05
442,3.170197327171397e-05
443,4.6965886328465356e-05
444,4.344344485383038e-05
445,5.870735791058148e-05
446,6.457809370163969e-05
447,7.631956528375608e-05
448,6.105565222700498e-05
449,5.635906359415825e-05
450,8.21903010748143e-05
451,8.80610368658725e-05
452,0.00012328545161222147
453,0.00018199280952280322
454,0.00023482943164232676
455,0.0002700538463886757
456,0.0002935367895529085
457,0.0002583123748065593
458,0.00021721722426915215
459,0.000176122073731745
460,0.00011741471582116325
461,8.80610368658725e-05
462,6.457809370163969e-05
463,4.461759201204185e-05
464,2.935367895529074e-05
465,2.348294316423254e-05
466,3.170197327171397e-05
467,4.6965886328465356e-05
468,4.344344485383038e-05
469,5.870735791058148e-05
470,6.457809370163969e-05
471,7.631956528375608e-05
472,6.105565222700498e-05
473,5.635906359415825e-05
474,8.21903010748143e-05
475,8.80610368658725e-05
476,0.00012328545161222147
477,0.00018199280952280322
478,0.00023482943164232676
479,0.0002700538463886757
480,0.0002935367895529085
481,0.0002583123748065593
482,0.00021721722426915215
483,0.000176122073731745
484,0.00011741471582116325
485,8.80610368658725e-05
486,6.457809370163969e-05
487,4.461759201204185e-05
488,2.935367895529074e-05
489,2.348294316423254e-05
490,3.170197327171397e-05
491,4.6965886328465356e-05
492,4.344344485383038e-05
493,5.870735791058148e-05
494,6.457809370163969e-05
495,7.631956528375608e-05
496,6.105565222700498e-05
497,5.635906359415825e-05
498,8.21903010748143e-05
499,8.80610368658725e-05
500,0.00012328545161222147
501,0.00018199280952280322
502,0.00023482943164232676
503,0.0002700538463886757
504,0.0002935367895529085
505,0.0002583123748065593
506,0.00021721722426915215
507,0.000176122073731745
508,0.00011741471582116325
509,8.80610368658725e-05
510,6.457809370163969e-05
511,4.461759201204185e-05
512,2.935367895529074e-05
513,2.348294316423254e-05
514,3.170197327171397e-05
515,4.6965886328465356e-05
516,4.344344485383038e-05
517,5.870735791058148e-05
518,6.457809370163969e-05
519,7.631956528375608e-05
520,6.105565222700498e-05
521,5.635906359415825e-05
522,8.21903010748143e-05
523,8.80610368658725e-05
524,0.00012328545161222147
525,0.00018199280952280322
526,0.00023482943164232676
527,0.0002700538463886757
528,0.0002935367895529085
529,0.0002583123748065593
530,0.00021721722426915215
531,0.000176122073731745
532,0.00011741471582116325
533,8.80610368658725e-05
534,6.457809370163969e-05
535,4.461759201204185e-05
536,2.935367895529074e-05
537,2.348294316423254e-05
538,3.170197327171397e-05
539,4.6965886328465356e-05
540,4.344344485383038e-05
541,5.870735791058148e-05
542,6.457809370163969e-05
543,7.631956528375608e-05
544,6.105565222700498e-05
545,5.635906359415825e-05
546,8.21903010748143e-05
547,8.80610368658725e-05
548,0.00012328545161222147
549,0.00018199280952280322
550,0.00023482943164232676
551,0.0002700538463886757
552,0.0002935367895529085
553,0.0002583123748065593
554,0.00021721722426915215
555,0.000176122073731745
556,0.00011741471582116325
557,8.80610368658725e-05
558,6.457809370163969e-05
559,4.461759201204185e-05
560,2.935367895529074e-05
561,2.348294316423254e-05
562,3.170197327171397e-05
563,4.6965886328465356e-05
564,4.344344485383038e-05
565,5.870735791058148e-05
566,6.457809370163969e-05
567,7.631956528375608e-05
568,6.105565222700498e-05
569,5.635906359415825e-05
570,8.21903010748143e-05
571,8.80610368658725e-05
572,0.00012328545161222147
573,0.00018199280952280322
574,0.00023482943164232676
575,0.0002700538463886757
576,0.0002935367895529085
577,0.0002583123748065593
578,0.00021721722426915215
579,0.000176122073731745
580,0.00011741471582116325
581,8.80610368658725e-05
582,6.457809370163969e-05
583,4.461759201204185e-05
584,2.935367895529074e-05
585,2.348294316423254e-05
586,3.170197327171397e-05
587,4.6965886328465356e-05
588,4.344344485383038e-05
589,5.870735791058148e-05
590,6.457809370163969e-05
591,7.631956528375608e-05
592,6.105565222700498e-05
593,5.635906359415825e-05
594,8.21903010748143e-05
595,8.80610368658725e-05
596,0.00012328545161222147
597,0.00018199280952280322
598,0.00023482943164232676
599,0.0002700538463886757
600,0.0002935367895529085
601,0.0002583123748065593
602,0.00021721722426915215
603,0.000176122073731745
604,0.00011741471582116325
605,8.80610368658725e-05
606,6.457809370163969e-05
607,4.461759201204185e-05
608,2.935367895529074e-05
609,2.348294316423254e-05
610,3.170197327171397e-05
611,4.6965886328465356e-05
612,4.344344485383038e-05
613,5.870735791058148e-05
614,6.457809370163969e-05
615,7.631956528375608e-05
616,6.105565222700498e-05
617,5.635906359415825e-05
618,8.21903010748143e-05
619,8.80610368658725e-05
620,0.00012328545161222147
621,0.00018199280952280322
622,0.00023482943164232676
623,0.0002700538463886757
624,0.0002935367895529085
625,0.0002583123748065593
626,0.00021721722426915215
627,0.000176122073731745
628,0.00011741471582116325
629,8.80610368658725e-05
630,6.457809370163969e-05
631,4.461759201204185e-05
632,2.935367895529074e-05
633,2.348294316423254e-05
634,3.170197327171397e-05
635,4.6965886328465356e-05
636,4.344344485383038e-05
637,5.870735791058148e-05
638,6.457809370163969e-05
639,7.631956528375608e-05
640,6.105565222700498e-05
641,5.635906359415825e-05
642,8.21903010748143e-05
643,8.80610368658725e-05
644,0.00012328545161222147
645,0.00018199280952280322
646,0.00023482943164232676
647,0.0002700538463886757
648,0.0002935367895529085
649,0.0002583123748065593
650,0.00021721722426915215
651,0.000176122073731745
652,0.00011741471582116325
653,8.80610368658725e-05
654,6.457809370163969e-05
655,4.461759201204185e-05
656,2.935367895529074e-05
657,2.348294316423254e-05
658,3.170197327171397e-05
659,4.6965886328465356e-05
660,4.344344485383038e-05
661,5.870735791058148e-05
662,6.457809370163969e-05
663,7.631956528375608e-05
664,6.105565222700498e-05
665,5.635906359415825e-05
666,8.21903010748143e-05
667,8.80610368658725e-05
668,0.00012328545161222147
669,0.00018199280952280322
670,0.00023482943164232676
671,0.0002700538463886757
672,0.0002935367895529085
673,0.0002583123748065593
674,0.00021721722426915215
675,0.000176122073731745
676,0.00011741471582116325
677,8.80610368658725e-05
678,6.457809370163969e-05
679,4.461759201204185e-05
680,2.935367895529074e-05
681,2.348294316423254e-05
682,3.170197327171397e-05
683,4.6965886328465356e-05
684,4.344344485383038e-05
685,5.870735791058148e-05
686,6.457809370163969e-05
687,7.631956528375608e-05
688,6.105565222700498e-05
689,5.635906359415825e-05
690,8.21903010748143e-05
691,8.80610368658725e-05
692,0.00012328545161222147
693,0.00018199280952280322
694,0.00023482943164232676
695,0.0002700538463886757
696,0.0002935367895529085
697,0.0002583123748065593
698,0.00021721722426915215
699,0.000176122073731745
700,0.00011741471582116325
701,8.80610368658725e-05
702,6.457809370163969e-05
703,4.461759201204185e-05
704,2.935367895529074e-05
705,2.348294316423254e-05
706,3.170197327171397e-05
707,4.6965886328465356e-05
708,4.344344485383038e-05
709,5.870735791058148e-05
710,6.457809370163969e-05
711,7.631956528375608e-05
712,6.105565222700498e-05
713,5.635906359415825e-05
714,8.21903010748143e-05
715,8.80610368658725e-05
716,0.00012328545161222147
717,0.00018199280952280322
718,0.00023482943164232676
719,0.0002700538463886757
720,0.0002935367895529085
721,0.0002583123748065593
722,0.00021721722426915215
723,0.000176122073731745
724,0.00011741471582116325
725,8.80610368658725e-05
726,6.457809370163969e-05
727,4.461759201204185e-05
728,2.935367895529074e-05
729,2.348294316423254e-05
730,3.170197327171397e-05
731,4.6965886328465356e-05
732,4.344344485383038e-05
733,5.870735791058148e-05
734,6.457809370163969e-05
735,7.631956528375608e-05
736,6.105565222700498e-05
737,5.635906359415825e-05
738,8.21903010748143e-05
739,8.80610368658725e-05
740,0.00012328545161222147
741,0.00018199280952280322
742,0.00023482943164232676
743,0.0002700538463886757
744,0.0002935367895529085
745,0.0002583123748065593
746,0.00021721722426915215
747,0.000176122073731745
748,0.00011741471582116325
749,8.80610368658725e-05
750,6.457809370163969e-05
751,4.461759201204185e-05
752,2.935367895529074e-05
753,2.348294316423254e-05
754,3.170197327171397e-05
755,4.6965886328465356e-05
756,4.344344485383038e-05
757,5.870735791058148e-05
758,6.457809370163969e-05
759,7.631956528375608e-05
760,6.105565222700498e-05
761,5.635906359415825e-05
762,8.21903010748143e-05
763,8.80610368658725e-05
764,0.00012328545161222147
765,0.00018199280952280322
766,0.00023482943164232676
767,0.0002700538463886757
768,0.0002935367895529085
769,0.0002583123748065593
770,0.00021721722426915215
771,0.000176122073731745
772,0.00011741471582116325
773,8.80610368658725e-05
774,6.457809370163969e-05
775,4.461759201204185e-05
776,2.935367895529074e-05
777,2.348294316423254e-05
778,3.170197327171397e-05
779,4.6965886328465356e-05
780,4.344344485383038e-05
781,5.870735791058148e-05
782,6.457809370163969e-05
783,7.631956528375608e-05
784,6.105565222700498e-05
785,5.635906359415825e-05
786,8.21903010748143e-05
787,8.80610368658725e-05
788,0.00012328545161222147
789,0.00018199280952280322
790,0.00023482943164232676
791,0.0002700538463886757
792,0.0002935367895529085
793,0.0002583123748065593
794,0.00021721722426915215
795,0.000176122073731745
796,0.00011741471582116325
797,8.80610368658725e-05
798,6.457809370163969e-05
799,4.461759201204185e-05
800,2.935367895529074e-05
801,2.348294316423254e-05
802,3.170197327171397e-05
803,4.6965886328465356e-05
804,4.344344485383038e-05
805,5.870735791058148e-05
806,6.457809370163969e-05
807,7.631956528375608e-05
808,6.105565222700498e-05
809,5.635906359415825e-05
810,8.21903010748143e-05
811,8.80610368658725e-05
812,0.00012328545161222147
813,0.00018199280952280322
814,0.00023482943164232676
815,0.0002700538463886757
816,0.0002935367895529085
817,0.0002583123748065593
818,0.00021721722426915215
819,0.000176122073731745
820,0.00011741471582116325
821,8.80610368658725e-05
822,6.457809370163969e-05
823,4.461759201204185e-05
824,2.935367895529074e-05
825,2.348294316423254e-05
826,3.170197327171397e-05
827,4.6965886328465356e-05
828,4.344344485383038e-05
829,5.870735791058148e-05
830,6.457809370163969e-05
831,7.631956528375608e-05
832,6.105565222700498e-05
833,5.635906359415825e-05
834,8.21903010748143e-05
835,8.80610368658725e-05
836,0.00012328545161222147
837,0.00018199280952280322
838,0.00023482943164232676
839,0.0002700538463886757
840,0.0002935367895529085
841,0.0002583123748065593
842,0.00021721722426915215
843,0.000176122073731745
844,0.00011741471582116325
845,8.80610368658725e-05
846,6.457809370163969e-05
847,4.461759201204185e-05
848,2.935367895529074e-05
849,2.348294316423254e-05
850,3.170197327171397e-05
851,4.6965886328465356e-05
852,4.344344485383038e-05
853,5.870735791058148e-05
854,6.457809370163969e-05
855,7.631956528375608e-05
856,6.105565222700498e-05
857,5.635906359415825e-05
858,8.21903010748143e-05
859,8.80610368658725e-05
860,0.00012328545161222147
861,0.00018199280952280322
862,0.00023482943164232676
863,0.0002700538463886757
864,0.0002935367895529085
865,0.0002583123748065593
866,0.00021721722426915215
867,0.000176122073731745
868,0.00011741471582116325
869,8.80610368658725e-05
870,6.457809370163969e-05
871,4.461759201204185e-05
872,2.935367895529074e-05
873,2.348294316423254e-05
874,3.170197327171397e-05
875,4.6965886328465356e-05
876,4.344344485383038e-05
877,5.870735791058148e-05
878,6.457809370163969e-05
879,7.631956528375608e-05
880,6.105565222700498e-05
881,5.635906359415825e-05
882,8.21903010748143e-05
883,8.80610368658725e-05
884,0.00012328545161222147
885,0.00018199280952280322
886,0.00023482943164232676
887,0.0002700538463886757
888,0.0002935367895529085
889,0.0002583123748065593
890,0.00021721722426915215
891,0.000176122073731745
892,0.00011741471582116325
893,8.80610368658725e-05
894,6.457809370163969e-05
895,4.461759201204185e-05
896,2.935367895529074e-05
897,2.348294316423254e-05
898,3.170197327171397e-05
899,4.6965886328465356e-05
900,4.344344485383038e-05
901,5.870735791058148e-05
902,6.457809370163969e-05
903,7.631956528375608e-05
904,6.105565222700498e-05
905,5.635906359415825e-05
906,8.21903010748143e-05
907,8.80610368658725e-05
908,0.00012328545161222147
909,0.00018199280952280322
910,0.00023482943164232676
911,0.0002700538463886757
912,0.0002935367895529085
913,0.0002583123748065593
914,0.00021721722426915215
915,0.000176122073731745
916,0.00011741471582116325
917,8.80610368658725e-05
918,6.457809370163969e-05
919,4.461759201204185e-05
920,2.935367895529074e-05
921,2.348294316423254e-05
922,3.170197327171397e-05
923,4.6965886328465356e-05
924,4.344344485383038e-05
925,5.870735791058148e-05
926,6.457809370163969e-05
927,7.631956528375608e-05
928,6.105565222700498e-05
929,5.635906359415825e-05
930,8.21903010748143e-05
931,8.80610368658725e-05
932,0.00012328545161222147
933,0.00018199280952280322
934,0.00023482943164232676
935,0.0002700538463886757
936,0.0002935367895529085
937,0.0002583123748065593
938,0.00021721722426915215
939,0.000176122073731745
940,0.00011741471582116325
941,8.80610368658725e-05
942,6.457809370163969e-05
943,4.461759201204185e-05
944,2.935367895529074e-05
945,2.348294316423254e-05
946,3.170197327171397e-05
947,4.6965886328465356e-05
948,4.344344485383038e-05
949,5.870735791058148e-05
950,6.457809370163969e-05
951,7.631956528375608e-05
952,6.105565222700498e-05
953,5.635906359415825e-05
954,8.21903010748143e-05
955,8.80610368658725e-05
956,0.00012328545161222147
957,0.00018199280952280322
958,0.00023482943164232676
959,0.0002700538463886757
960,0.0002935367895529085
961,0.0002583123748065593
962,0.00021721722426915215
963,0.000176122073731745
964,0.00011741471582116325
965,8.80610368658725e-05
966,6.457809370163969e-05
967,4.461759201204185e-05
968,2.935367895529074e-05
969,2.348294316423254e-05
970,3.170197327171397e-05
971,4.6965886328465356e-05
972,4.344344485383038e-05
973,5.870735791058148e-05
974,6.457809370163969e-05
975,7.631956528375608e-05
976,6.105565222700498e-05
977,5.635906359415825e-05
978,8.21903010748143e-05
979,8.80610368658725e-05
980,0.00012328545161222147
981,0.00018199280952280322
982,0.00023482943164232676
983,0.0002700538463886757
984,0.0002935367895529085
985,0.0002583123748065593
986,0.00021721722426915215
987,0.000176122073731745
988,0.00011741471582116325
989,8.80610368658725e-05
990,6.457809370163969e-05
991,4.461759201204185e-05
992,2.935367895529074e-05
993,2.348294316423254e-05
994,3.170197327171397e-05
995,4.6965886328465356e-05
996,4.344344485383038e-05
997,5.870735791058148e-05
998,6.457809370163969e-05
999,7.631956528375608e-05
1000,6.105565222700498e-05
1001,5.635906359415825e-05
1002,8.21903010748143e-05
1003,8.80610368658725e-05
1004,0.00012328545161222147
1005,0.00018199280952280322
1006,0.00023482943164232676
1007,0.0002700538463886757
1008,0.0002935367895529085
1009,0.0002583123748065593
1010,0.00021721722426915215
1011,0.000176122073731745
1012,0.00011741471582116325
1013,8.80610368658725e-05
1014,6.457809370163969e-05
1015,4.461759201204185e-05
1016,2.935367895529074e-05
1017,2.348294316423254e-05
1018,3.170197327171397e-05
1019,4.6965886328465356e-05
1020,4.344344485383038e-05
1021,5.870735791058148e-05
1022,6.457809370163969e-05
1023,7.631956528375608e-05
1024,6.105565222700498e-05
1025,5.635906359415825e-05
1026,8.21903010748143e-05
1027,8.80610368658725e-05
1028,0.00012328545161222147
1029,0.00018199280952280322
1030,0.00023482943164232676
1031,0.0002700538463886757
1032,0.0002935367895529085
1033,0.0002583123748065593
1034,0.00021721722426915215
1035,0.000176122073731745
1036,0.00011741471582116325
1037,8.80610368658725e-05
1038,6.457809370163969e-05
1039,4.461759201204185e-05
1040,2.935367895529074e-05
1041,2.348294316423254e-05
1042,3.170197327171397e-05
1043,4.6965886328465356e-05
1044,4.344344485383038e-05
1045,5.870735791058148e-05
1046,6.457809370163969e-05
1047,7.631956528375608e-05
1048,6.105565222700498e-05
1049,5.635906359415825e-05
1050,8.21903010748143e-05
1051,8.80610368658725e-05
1052,0.00012328545161222147
1053,0.00018199280952280322
1054,0.00023482943164232676
1055,0.0002700538463886757
1056,0.0002935367895529085
1057,0.0002583123748065593
1058,0.00021721722426915215
1059,0.000176122073731745
1060,0.00011741471582116325
1061,8.80610368658725e-05
1062,6.457809370163969e-05
1063,4.461759201204185e-05
1064,2.935367895529074e-05
1065,2.348294316423254e-05
1066,3.170197327171397e-05
1067,4.6965886328465356e-05
1068,4.344344485383038e-05
1069,5.870735791058148e-05
1070,6.457809370163969e-05
1071,7.631956528375608e-05
1072,6.105565222700498e-05
1073,5.635906359415825e-05
1074,8.21903010748143e-05
1075,8.80610368658725e-05
1076,0.00012328545161222147
1077,0.00018199280952280322
1078,0.00023482943164232676
1079,0.0002700538463886757
1080,0.0002935367895529085
1081,0.0002583123748065593
1082,0.00021721722426915215
1083,0.000176122073731745
1084,0.00011741471582116325
1085,8.80610368658725e-05
1086,6.457809370163969e-05
1087,4.461759201204185e-05
1088,2.935367895529074e-05
1089,2.348294316423254e-05
1090,3.170197327171397e-05
1091,4.6965886328465356e-05
1092,4.344344485383038e-05
1093,5.870735791058148e-05
1094,6.457809370163969e-05
1095,7.631956528375608e-05
1096,6.105565222700498e-05
1097,5.635906359415825e-05
1098,8.21903010748143e-05
1099,8.80610368658725e-05
1100,0.00012328545161222147
1101,0.00018199280952280322
1102,0.00023482943164232676
1103,0.0002700538463886757
1104,0.0002935367895529085
1105,0.0002583123748065593
1106,0.00021721722426915215
1107,0.000176122073731745
1108,0.00011741471582116325
1109,8.80610368658725e-05
1110,6.457809370163969e-05
1111,4.461759201204185e-05
1112,2.935367895529074e-05
1113,2.348294316423254e-05
1114,3.170197327171397e-05
1115,4.6965886328465356e-05
1116,4.344344485383038e-05
1117,5.870735791058148e-05
1118,6.457809370163969e-05
1119,7.631956528375608e-05
1120,6.105565222700498e-05
1121,5.635906359415825e-05
1122,8.21903010748143e-05
1123,8.80610368658725e-05
1124,0.00012328545161222147
1125,0.00018199280952280322
1126,0.00023482943164232676
1127,0.0002700538463886757
1128,0.0002935367895529085
1129,0.0002583123748065593
1130,0.00021721722426915215
1131,0.000176122073731745
1132,0.00011741471582116325
1133,8.80610368658725e-05
1134,6.457809370163969e-05
1135,4.461759201204185e-05
1136,2.935367895529074e-05
1137,2.348294316423254e-05
1138,3.170197327171397e-05
1139,4.6965886328465356e-05
1140,4.344344485383038e-05
1141,5.870735791058148e-05
1142,6.457809370163969e-05
1143,7.631956528375608e-05
1144,6.105565222700498e-05
1145,5.635906359415825e-05
1146,8.21903010748143e-05
1147,8.80610368658725e-05
1148,0.00012328545161222147
1149,0.00018199280952280322
1150,0.00023482943164232676
1151,0.0002700538463886757
1152,0.0002935367895529085
1153,0.0002583123748065593
1154,0.00021721722426915215
1155,0.000176122073731745
1156,0.00011741471582116325
1157,8.80610368658725e-05
1158,6.457809370163969e-05
1159,4.461759201204185e-05
1160,2.935367895529074e-05
1161,2.348294316423254e-05
1162,3.170197327171397e-05
1163,4.6965886328465356e-05
1164,4.344344485383038e-05
1165,5.870735791058148e-05
1166,6.457809370163969e-05
1167,7.631956528375608e-05
1168,6.105565222700498e-05
1169,5.635906359415825e-05
1170,8.21903010748143e-05
1171,8.80610368658725e-05
1172,0.00012328545161222147
1173,0.00018199280952280322
1174,0.00023482943164232676
1175,0.0002700538463886757
1176,0.0002935367895529085
1177,0.0002583123748065593
1178,0.00021721722426915215
1179,0.000176122073731745
1180,0.00011741471582116325
1181,8.80610368658725e-05
1182,6.457809370163969e-05
1183,4.461759201204185e-05
1184,2.935367895529074e-05
1185,2.348294316423254e-05
1186,3.170197327171397e-05
1187,4.6965886328465356e-05
1188,4.344344485383038e-05
1189,5.870735791058148e-05
1190,6.457809370163969e-05
1191,7.631956528375608e-05
1192,6.105565222700498e-05
1193,5.635906359415825e-05
1194,8.21903010748143e-05
1195,8.80610368658725e-05
1196,0.00012328545161222147
1197,0.00018199280952280322
1198,0.00023482943164232676
1199,0.0002700538463886757
1200,0.0002935367895529085
1201,0.0002583123748065593
1202,0.00021721722426915215
1203,0.000176122073731745
1204,0.00011741471582116325
1205,8.80610368658725e-05
1206,6.457809370163969e-05
1207,4.461759201204185e-05
1208,2.935367895529074e-05
1209,2.348294316423254e-05
1210,3.170197327171397e-05
1211,4.6965886328465356e-05
1212,4.344344485383038e-05
1213,5.870735791058148e-05
1214,6.457809370163969e-05
1215,7.631956528375608e-05
1216,6.105565222700498e-05
1217,5.635906359415825e-05
1218,8.21903010748143e-05
1219,8.80610368658725e-05
1220,0.00012328545161222147
1221,0.00018199280952280322
1222,0.00023482943164232676
1223,0.0002700538463886757
1224,0.0002935367895529085
1225,0.0002583123748065593
1226,0.00021721722426915215
1227,0.000176122073731745
1228,0.00011741471582116325
1229,8.80610368658725e-05
1230,6.457809370163969e-05
1231,4.461759201204185e-05
1232,2.935367895529074e-05
1233,2.348294316423254e-05
1234,3.170197327171397e-05
1235,4.6965886328465356e-05
1236,4.344344485383038e-05
1237,5.870735791058148e-05
1238,6.457809370163969e-05
1239,7.631956528375608e-05
1240,6.105565222700498e-05
1241,5.635906359415825e-05
1242,8.21903010748143e-05
1243,8.80610368658725e-05
1244,0.00012328545161222147
1245,0.00018199280952280322
1246,0.00023482943164232676
1247,0.0002700538463886757
1248,0.0002935367895529085
1249,0.0002583123748065593
1250,0.00021721722426915215
1251,0.000176122073731745
1252,0.00011741471582116325
1253,8.80610368658725e-05
1254,6.457809370163969e-05
1255,4.461759201204185e-05
1256,2.935367895529074e-05
1257,2.348294316423254e-05
1258,3.170197327171397e-05
1259,4.6965886328465356e-05
1260,4.344344485383038e-05
1261,5.870735791058148e-05
1262,6.457809370163969e-05
1263,7.631956528375608e-05
1264,6.105565222700498e-05
1265,5.635906359415825e-05
1266,8.21903010748143e-05
1267,8.80610368658725e-05
1268,0.00012328545161222147
1269,0.00018199280952280322
1270,0.00023482943164232676
1271,0.0002700538463886757
1272,0.0002935367895529085
1273,0.0002583123748065593
1274,0.00021721722426915215
1275,0.000176122073731745
1276,0.00011741471582116325
1277,8.80610368658725e-05
1278,6.457809370163969e-05
1279,4.461759201204185e-05
1280,2.935367895529074e-05
1281,2.348294316423254e-05
1282,3.170197327171397e-05
1283,4.6965886328465356e-05
1284,4.344344485383038e-05
1285,5.870735791058148e-05
1286,6.457809370163969e-05
1287,7.631956528375608e-05
1288,6.105565222700498e-05
1289,5.635906359415825e-05
1290,8.21903010748143e-05
1291,8.80610368658725e-05
1292,0.00012328545161222147
1293,0.00018199280952280322
1294,0.00023482943164232676
1295,0.0002700538463886757
1296,0.0002935367895529085
1297,0.0002583123748065593
1298,0.00021721722426915215
1299,0.000176122073731745
1300,0.00011741471582116325
1301,8.80610368658725e-05
1302,6.457809370163969e-05
1303,4.461759201204185e-05
1304,2.935367895529074e-05
1305,2.348294316423254e-05
1306,3.170197327171397e-05
1307,4.6965886328465356e-05
1308,4.344344485383038e-05
1309,5.870735791058148e-05
1310,6.457809370163969e-05
1311,7.631956528375608e-05
1312,6.105565222700498e-05
1313,5.635906359415825e-05
1314,8.21903010748143e-05
1315,8.80610368658725e-05
1316,0.00012328545161222147
1317,0.00018199280952280322
1318,0.00023482943164232676
1319,0.0002700538463886757
1320,0.0002935367895529085
1321,0.0002583123748065593
1322,0.00021721722426915215
1323,0.000176122073731745
1324,0.00011741471582116325
1325,8.80610368658725e-05
1326,6.457809370163969e-05
1327,4.461759201204185e-05
1328,2.935367895529074e-05
1329,2.348294316423254e-05
1330,3.170197327171397e-05
1331,4.6965886328465356e-05
1332,4.344344485383038e-05
1333,5.870735791058148e-05
1334,6.457809370163969e-05
1335,7.631956528375608e-05
1336,6.105565222700498e-05
1337,5.635906359415825e-05
1338,8.21903010748143e-05
1339,8.80610368658725e-05
1340,0.00012328545161222147
1341,0.00018199280952280322
1342,0.00023482943164232676
1343,0.0002700538463886757
1344,0.0002935367895529085
1345,0.0002583123748065593
1346,0.00021721722426915215
1347,0.000176122073731745
1348,0.00011741471582116325
1349,8.80610368658725e-05
1350,6.457809370163969e-05
1351,4.461759201204185e-05
1352,2.935367895529074e-05
1353,2.348294316423254e-05
1354,3.170197327171397e-05
1355,4.6965886328465356e-05
1356,4.344344485383038e-05
1357,5.870735791058148e-05
1358,6.457809370163969e-05
1359,7.631956528375608e-05
1360,6.105565222700498e-05
1361,5.635906359415825e-05
1362,8.21903010748143e-05
1363,8.80610368658725e-05
1364,0.00012328545161222147
1365,0.00018199280952280322
1366,0.00023482943164232676
1367,0.0002700538463886757
1368,0.0002935367895529085
1369,0.0002583123748065593
1370,0.00021721722426915215
1371,0.000176122073731745
1372,0.00011741471582116325
1373,8.80610368658725e-05
1374,6.457809370163969e-05
1375,4.461759201204185e-05
1376,2.935367895529074e-05
1377,2.348294316423254e-05
1378,3.170197327171397e-05
1379,4.6965886328465356e-05
1380,4.344344485383038e-05
1381,5.870735791058148e-05
1382,6.457809370163969e-05
1383,7.631956528375608e-05
1384,6.105565222700498e-05
1385,5.635906359415825e-05
1386,8.21903010748143e-05
1387,8.80610368658725e-05
1388,0.00012328545161222147
1389,0.00018199280952280322
1390,0.00023482943164232676
1391,0.0002700538463886757
1392,0.0002935367895529085
1393,0.0002583123748065593
1394,0.00021721722426915215
1395,0.000176122073731745
1396,0.00011741471582116325
1397,8.80610368658725e-05
1398,6.457809370163969e-05
1399,4.461759201204185e-05
1400,2.935367895529074e-05
1401,2.348294316423254e-05
1402,3.170197327171397e-05
1403,4.6965886328465356e-05
1404,4.344344485383038e-05
1405,5.870735791058148e-05
1406,6.457809370163969e-05
1407,7.631956528375608e-05
1408,6.105565222700498e-05
1409,5.635906359415825e-05
1410,8.21903010748143e-05
1411,8.80610368658725e-05
1412,0.00012328545161222147
1413,0.00018199280952280322
1414,0.00023482943164232676
1415,0.0002700538463886757
1416,0.0002935367895529085
1417,0.0002583123748065593
1418,0.00021721722426915215
1419,0.000176122073731745
1420,0.00011741471582116325
1421,8.80610368658725e-05
1422,6.457809370163969e-05
1423,4.461759201204185e-05
1424,2.935367895529074e-05
1425,2.348294316423254e-05
1426,3.170197327171397e-05
1427,4.6965886328465356e-05
1428,4.344344485383038e-05
1429,5.870735791058148e-05
1430,6.457809370163969e-05
1431,7.631956528375608e-05
1432,6.105565222700498e-05
1433,5.635906359415825e-05
1434,8.21903010748143e-05
1435,8.80610368658725e-05
1436,0.00012328545161222147
1437,0.00018199280952280322
1438,0.00023482943164232676
1439,0.0002700538463886757
1440,0.0002935367895529085
1441,0.0002583123748065593
1442,0.00021721722426915215
1443,0.000176122073731745
1444,0.00011741471582116325
1445,8.80610368658725e-05
1446,6.457809370163969e-05
1447,4.461759201204185e-05
1448,2.935367895529074e-05
1449,2.348294316423254e-05
1450,3.170197327171397e-05
1451,4.6965886328465356e-05
1452,4.344344485383038e-05
1453,5.870735791058148e-05
1454,6.457809370163969e-05
1455,7.631956528375608e-05
1456,6.105565222700498e-05
1457,5.635906359415825e-05
1458,8.21903010748143e-05
1459,8.80610368658725e-05
1460,0.00012328545161222147
1461,0.00018199280952280322
1462,0.00023482943164232676
1463,0.0002700538463886757
1464,0.0002935367895529085
1465,0.0002583123748065593
1466,0.00021721722426915215
1467,0.000176122073731745
1468,0.00011741471582116325
1469,8.80610368658725e-05
1470,6.457809370163969e-05
1471,4.461759201204185e-05
1472,2.935367895529074e-05
1473,2.348294316423254e-05
1474,3.170197327171397e-05
1475,4.6965886328465356e-05
1476,4.344344485383038e-05
1477,5.870735791058148e-05
1478,6.457809370163969e-05
1479,7.631956528375608e-05
1480,6.105565222700498e-05
1481,5.635906359415825e-05
1482,8.21903010748143e-05
1483,8.80610368658725e-05
1484,0.00012328545161222147
1485,0.00018199280952280322
1486,0.00023482943164232676
1487,0.0002700538463886757
1488,0.0002935367895529085
1489,0.0002583123748065593
1490,0.00021721722426915215
1491,0.000176122073731745
1492,0.00011741471582116325
1493,8.80610368658725e-05
1494,6.457809370163969e-05
1495,4.461759201204185e-05
1496,2.935367895529074e-05
1497,2.348294316423254e-05
1498,3.170197327171397e-05
1499,4.6965886328465356e-05
1500,4.344344485383038e-05
1501,5.870735791058148e-05
1502,6.457809370163969e-05
1503,7.631956528375608e-05
1504,6.105565222700498e-05
1505,5.635906359415825e-05
1506,8.21903010748143e-05
1507,8.80610368658725e-05
1508,0.00012328545161222147
1509,0.00018199280952280322
1510,0.00023482943164232676
1511,0.0002700538463886757
1512,0.0002935367895529085
1513,0.0002583123748065593
1514,0.00021721722426915215
1515,0.000176122073731745
1516,0.00011741471582116325
1517,8.80610368658725e-05
1518,6.457809370163969e-05
1519,4.461759201204185e-05
1520,2.935367895529074e-05
1521,2.348294316423254e-05
1522,3.170197327171397e-05
1523,4.6965886328465356e-05
1524,4.344344485383038e-05
1525,5.870735791058148e-05
1526,6.457809370163969e-05
1527,7.631956528375608e-05
1528,6.105565222700498e-05
1529,5.635906359415825e-05
1530,8.21903010748143e-05
1531,8.80610368658725e-05
1532,0.00012328545161222147
1533,0.00018199280952280322
1534,0.00023482943164232676
1535,0.0002700538463886757
1536,0.0002935367895529085
1537,0.0002583123748065593
1538,0.00021721722426915215
1539,0.000176122073731745
1540,0.00011741471582116325
1541,8.80610368658725e-05
1542,6.457809370163969e-05
1543,4.461759201204185e-05
1544,2.935367895529074e-05
1545,2.348294316423254e-05
1546,3.170197327171397e-05
1547,4.6965886328465356e-05
1548,4.344344485383038e-05
1549,5.870735791058148e-05
1550,6.457809370163969e-05
1551,7.631956528375608e-05
1552,6.105565222700498e-05
1553,5.635906359415825e-05
1554,8.21903010748143e-05
1555,8.80610368658725e-05
1556,0.00012328545161222147
1557,0.00018199280952280322
1558,0.00023482943164232676
1559,0.0002700538463886757
1560,0.0002935367895529085
1561,0.0002583123748065593
1562,0.00021721722426915215
1563,0.000176122073731745
1564,0.00011741471582116325
1565,8.80610368658725e-05
1566,6.457809370163969e-05
1567,4.461759201204185e-05
1568,2.935367895529074e-05
1569,2.348294316423254e-05
1570,3.170197327171397e-05
1571,4.6965886328465356e-05
1572,4.344344485383038e-05
1573,5.870735791058148e-05
1574,6.457809370163969e-05
1575,7.631956528375608e-05
1576,6.105565222700498e-05
1577,5.635906359415825e-05
1578,8.21903010748143e-05
1579,8.80610368658725e-05
1580,0.00012328545161222147
1581,0.00018199280952280322
1582,0.00023482943164232676
1583,0.0002700538463886757
1584,0.0002935367895529085
1585,0.0002583123748065593
1586,0.00021721722426915215
1587,0.000176122073731745
1588,0.00011741471582116325
1589,8.80610368658725e-05
1590,6.457809370163969e-05
1591,4.461759201204185e-05
1592,2.935367895529074e-05
1593,2.348294316423254e-05
1594,3.170197327171397e-05
1595,4.6965886328465356e-05
1596,4.344344485383038e-05
1597,5.870735791058148e-05
1598,6.457809370163969e-05
1599,7.631956528375608e-05
1600,6.105565222700498e-05
1601,5.635906359415825e-05
1602,8.21903010748143e-05
1603,8.80610368658725e-05
1604,0.00012328545161222147
1605,0.00018199280952280322
1606,0.00023482943164232676
1607,0.0002700538463886757
1608,0.0002935367895529085
1609,0.0002583123748065593
1610,0.00021721722426915215
1611,0.000176122073731745
1612,0.00011741471582116325
1613,8.80610368658725e-05
1614,6.457809370163969e-05
1615,4.461759201204185e-05
1616,2.935367895529074e-05
1617,2.348294316423254e-05
1618,3.170197327171397e-05
1619,4.6965886328465356e-05
1620,4.344344485383038e-05
1621,5.870735791058148e-05
1622,6.457809370163969e-05
1623,7.631956528375608e-05
1624,6.105565222700498e-05
1625,5.635906359415825e-05
1626,8.21903010748143e-05
1627,8.80610368658725e-05
1628,0.00012328545161222147
1629,0.00018199280952280322
1630,0.00023482943164232676
1631,0.0002700538463886757
1632,0.0002935367895529085
1633,0.0002583123748065593
1634,0.00021721722426915215
1635,0.000176122073731745
1636,0.00011741471582116325
1637,8.80610368658725e-05
1638,6.457809370163969e-05
1639,4.461759201204185e-05
1640,2.935367895529074e-05
1641,2.348294316423254e-05
1642,3.170197327171397e-05
1643,4.6965886328465356e-05
1644,4.344344485383038e-05
1645,5.870735791058148e-05
1646,6.457809370163969e-05
1647,7.631956528375608e-05
1648,6.105565222700498e-05
1649,5.635906359415825e-05
1650,8.21903010748143e-05
1651,8.80610368658725e-05
1652,0.00012328545161222147
1653,0.00018199280952280322
1654,0.00023482943164232676
1655,0.0002700538463886757
1656,0.0002935367895529085
1657,0.0002583123748065593
1658,0.00021721722426915215
1659,0.000176122073731745
1660,0.00011741471582116325
1661,8.80610368658725e-05
1662,6.457809370163969e-05
1663,4.461759201204185e-05
1664,2.935367895529074e-05
1665,2.348294316423254e-05
1666,3.170197327171397e-05
1667,4.6965886328465356e-05
1668,4.344344485383038e-05
1669,5.870735791058148e-05
1670,6.457809370163969e-05
1671,7.631956528375608e-05
1672,6.105565222700498e-05
1673,5.635906359415825e-05
1674,8.21903010748143e-05
1675,8.80610368658725e-05
1676,0.00012328545161222147
1677,0.00018199280952280322
1678,0.00023482943164232676
1679,0.0002700538463886757
1680,0.0002935367895529085
1681,0.0002583123748065593
1682,0.00021721722426915215
1683,0.000176122073731745
1684,0.00011741471582116325
1685,8.80610368658725e-05
1686,6.457809370163969e-05
1687,4.461759201204185e-05
1688,2.935367895529074e-05
1689,2.348294316423254e-05
1690,3.170197327171397e-05
1691,4.6965886328465356e-05
1692,4.344344485383038e-05
1693,5.870735791058148e-05
1694,6.457809370163969e-05
1695,7.631956528375608e-05
1696,6.105565222700498e-05
1697,5.635906359415825e-05
1698,8.21903010748143e-05
1699,8.80610368658725e-05
1700,0.00012328545161222147
1701,0.00018199280952280322
1702,0.00023482943164232676
1703,0.0002700538463886757
1704,0.0002935367895529085
1705,0.0002583123748065593
1706,0.00021721722426915215
1707,0.000176122073731745
1708,0.00011741471582116325
1709,8.80610368658725e-05
1710,6.457809370163969e-05
1711,4.461759201204185e-05
1712,2.935367895529074e-05
1713,2.348294316423254e-05
1714,3.170197327171397e-05
1715,4.6965886328465356e-05
1716,4.344344485383038e-05
1717,5.870735791058148e-05
1718,6.457809370163969e-05
1719,7.631956528375608e-05
1720,6.105565222700498e-05
1721,5.635906359415825e-05
1722,8.21903010748143e-05
1723,8.80610368658725e-05
1724,0.00012328545161222147
1725,0.00018199280952280322
1726,0.00023482943164232676
1727,0.0002700538463886757
1728,0.0002935367895529085
1729,0.0002583123748065593
1730,0.00021721722426915215
1731,0.000176122073731745
1732,0.00011741471582116325
1733,8.80610368658725e-05
1734,6.457809370163969e-05
1735,4.461759201204185e-05
1736,2.935367895529074e-05
1737,2.348294316423254e-05
1738,3.170197327171397e-05
1739,4.6965886328465356e-05
1740,4.344344485383038e-05
1741,5.870735791058148e-05
1742,6.457809370163969e-05
1743,7.631956528375608e-05
1744,6.105565222700498e-05
1745,5.635906359415825e-05
1746,8.21903010748143e-05
1747,8.80610368658725e-05
1748,0.00012328545161222147
1749,0.00018199280952280322
1750,0.00023482943164232676
1751,0.0002700538463886757
1752,0.0002935367895529085
1753,0.0002583123748065593
1754,0.00021721722426915215
1755,0.000176122073731745
1756,0.00011741471582116325
1757,8.80610368658725e-05
1758,6.457809370163969e-05
1759,4.461759201204185e-05
1760,2.935367895529074e-05
1761,2.348294316423254e-05
1762,3.170197327171397e-05
1763,4.6965886328465356e-05
1764,4.344344485383038e-05
1765,5.870735791058148e-05
1766,6.457809370163969e-05
1767,7.631956528375608e-05
1768,6.105565222700498e-05
1769,5.635906359415825e-05
1770,8.21903010748143e-05
1771,8.80610368658725e-05
1772,0.00012328545161222147
1773,0.00018199280952280322
1774,0.00023482943164232676
1775,0.0002700538463886757
1776,0.0002935367895529085
1777,0.0002583123748065593
1778,0.00021721722426915215
1779,0.000176122073731745
1780,0.00011741471582116325
1781,8.80610368658725e-05
1782,6.457809370163969e-05
1783,4.461759201204185e-05
1784,2.935367895529074e-05
1785,2.348294316423254e-05
1786,3.170197327171397e-05
1787,4.6965886328465356e-05
1788,4.344344485383038e-05
1789,5.870735791058148e-05
1790,6.457809370163969e-05
1791,7.631956528375608e-05
1792,6.105565222700498e-05
1793,5.635906359415825e-05
1794,8.21903010748143e-05
1795,8.80610368658725e-05
1796,0.00012328545161222147
1797,0.00018199280952280322
1798,0.00023482943164232676
1799,0.0002700538463886757
1800,0.0002935367895529085
1801,0.0002583123748065593
1802,0.00021721722426915215
1803,0.000176122073731745
1804,0.00011741471582116325
1805,8.80610368658725e-05
1806,6.457809370163969e-05
1807,4.461759201204185e-05
1808,2.935367895529074e-05
1809,2.348294316423254e-05
1810,3.170197327171397e-05
1811,4.6965886328465356e-05
1812,4.344344485383038e-05
1813,5.870735791058148e-05
1814,6.457809370163969e-05
1815,7.631956528375608e-05
1816,6.105565222700498e-05
1817,5.635906359415825e-05
1818,8.21903010748143e-05
1819,8.80610368658725e-05
1820,0.00012328545161222147
1821,0.00018199280952280322
1822,0.00023482943164232676
1823,0.0002700538463886757
1824,0.0002935367895529085
1825,0.0002583123748065593
1826,0.00021721722426915215
1827,0.000176122073731745
1828,0.00011741471582116325
1829,8.80610368658725e-05
1830,6.457809370163969e-05
1831,4.461759201204185e-05
1832,2.935367895529074e-05
1833,2.348294316423254e-05
1834,3.170197327171397e-05
1835,4.6965886328465356e-05
1836,4.344344485383038e-05
1837,5.870735791058148e-05
1838,6.457809370163969e-05
1839,7.631956528375608e-05
1840,6.105565222700498e-05
1841,5.635906359415825e-05
1842,8.21903010748143e-05
1843,8.80610368658725e-05
1844,0.00012328545161222147
1845,0.00018199280952280322
1846,0.00023482943164232676
1847,0.0002700538463886757
1848,0.0002935367895529085
1849,0.0002583123748065593
1850,0.00021721722426915215
1851,0.000176122073731745
1852,0.00011741471582116325
1853,8.80610368658725e-05
1854,6.457809370163969e-05
1855,4.461759201204185e-05
1856,2.935367895529074e-05
1857,2.348294316423254e-05
1858,3.170197327171397e-05
1859,4.6965886328465356e-05
1860,4.344344485383038e-05
1861,5.870735791058148e-05
1862,6.457809370163969e-05
1863,7.631956528375608e-05
1864,6.105565222700498e-05
1865,5.635906359415825e-05
1866,8.21903010748143e-05
1867,8.80610368658725e-05
1868,0.00012328545161222147
1869,0.00018199280952280322
1870,0.00023482943164232676
1871,0.0002700538463886757
1872,0.0002935367895529085
1873,0.0002583123748065593
1874,0.00021721722426915215
1875,0.000176122073731745
1876,0.00011741471582116325
1877,8.80610368658725e-05
1878,6.457809370163969e-05
1879,4.461759201204185e-05
1880,2.935367895529074e-05
1881,2.348294316423254e-05
1882,3.170197327171397e-05
1883,4.6965886328465356e-05
1884,4.344344485383038e-05
1885,5.870735791058148e-05
1886,6.457809370163969e-05
1887,7.631956528375608e-05
1888,6.105565222700498e-05
1889,5.635906359415825e-05
1890,8.21903010748143e-05
1891,8.80610368658725e-05
1892,0.00012328545161222147
1893,0.00018199280952280322
1894,0.00023482943164232676
1895,0.0002700538463886757
1896,0.0002935367895529085
1897,0.0002583123748065593
1898,0.00021721722426915215
1899,0.000176122073731745
1900,0.00011741471582116325
1901,8.80610368658725e-05
1902,6.457809370163969e-05
1903,4.461759201204185e-05
1904,2.935367895529074e-05
1905,2.348294316423254e-05
1906,3.170197327171397e-05
1907,4.6965886328465356e-05
1908,4.344344485383038e-05
1909,5.870735791058148e-05
1910,6.457809370163969e-05
1911,7.631956528375608e-05
1912,6.105565222700498e-05
1913,5.635906359415825e-05
1914,8.21903010748143e-05
1915,8.80610368658725e-05
1916,0.00012328545161222147
1917,0.00018199280952280322
1918,0.00023482943164232676
1919,0.0002700538463886757
1920,0.0002935367895529085
1921,0.0002583123748065593
1922,0.00021721722426915215
1923,0.000176122073731745
1924,0.00011741471582116325
1925,8.80610368658725e-05
1926,6.457809370163969e-05
1927,4.461759201204185e-05
1928,2.935367895529074e-05
1929,2.348294316423254e-05
1930,3.170197327171397e-05
1931,4.6965886328465356e-05
1932,4.344344485383038e-05
1933,5.870735791058148e-05
1934,6.457809370163969e-05
1935,7.631956528375608e-05
1936,6.105565222700498e-05
1937,5.635906359415825e-05
1938,8.21903010748143e-05
1939,8.80610368658725e-05
1940,0.00012328545161222147
1941,0.00018199280952280322
1942,0.00023482943164232676
1943,0.0002700538463886757
1944,0.0002935367895529085
1945,0.0002583123748065593
1946,0.00021721722426915215
1947,0.000176122073731745
1948,0.00011741471582116325
1949,8.80610368658725e-05
1950,6.457809370163969e-05
1951,4.461759201204185e-05
1952,2.935367895529074e-05
1953,2.348294316423254e-05
1954,3.170197327171397e-05
1955,4.6965886328465356e-05
1956,4.344344485383038e-05
1957,5.870735791058148e-05
1958,6.457809370163969e-05
1959,7.631956528375608e-05
1960,6.105565222700498e-05
1961,5.635906359415825e-05
1962,8.21903010748143e-05
1963,8.80610368658725e-05
1964,0.00012328545161222147
1965,0.00018199280952280322
1966,0.00023482943164232676
1967,0.0002700538463886757
1968,0.0002935367895529085
1969,0.0002583123748065593
1970,0.00021721722426915215
1971,0.000176122073731745
1972,0.00011741471582116325
1973,8.80610368658725e-05
1974,6.457809370163969e-05
1975,4.461759201204185e-05
1976,2.935367895529074e-05
1977,2.348294316423254e-05
1978,3.170197327171397e-05
1979,4.6965886328465356e-05
1980,4.344344485383038e-05
1981,5.870735791058148e-05
1982,6.457809370163969e-05
1983,7.631956528375608e-05
1984,6.105565222700498e-05
1985,5.635906359415825e-05
1986,8.21903010748143e-05
1987,8.80610368658725e-05
1988,0.00012328545161222147
1989,0.00018199280952280322
1990,0.00023482943164232676
1991,0.0002700538463886757
1992,0.0002935367895529085
1993,0.0002583123748065593
1994,0.00021721722426915215
1995,0.000176122073731745
1996,0.00011741471582116325
1997,8.80610368658725e-05
1998,6.457809370163969e-05
1999,4.461759201204185e-05
2000,2.935367895529074e-05
2001,2.348294316423254e-05
2002,3.170197327171397e-05
2003,4.6965886328465356e-05
2004,4.344344485383038e-05
2005,5.870735791058148e-05
2006,6.457809370163969e-05
2007,7.631956528375608e-05
2008,6.105565222700498e-05
2009,5.635906359415825e-05
2010,8.21903010748143e-05
2011,8.80610368658725e-05
2012,0.00012328545161222147
2013,0.00018199280952280322
2014,0.00023482943164232676
2015,0.0002700538463886757
2016,0.0002935367895529085
2017,0.0002583123748065593
2018,0.00021721722426915215
2019,0.000176122073731745
2020,0.00011741471582116325
2021,8.80610368658725e-05
2022,6.457809370163969e-05
2023,4.461759201204185e-05
2024,2.935367895529074e-05
2025,2.348294316423254e-05
2026,3.170197327171397e-05
2027,4.6965886328465356e-05
2028,4.344344485383038e-05
2029,5.870735791058148e-05
2030,6.457809370163969e-05
2031,7.631956528375608e-05
2032,6.105565222700498e-05
2033,5.635906359415825e-05
2034,8.21903010748143e-05
2035,8.80610368658725e-05
2036,0.00012328545161222147
2037,0.00018199280952280322
2038,0.00023482943164232676
2039,0.0002700538463886757
2040,0.0002935367895529085
2041,0.0002583123748065593
2042,0.00021721722426915215
2043,0.000176122073731745
2044,0.00011741471582116325
2045,8.80610368658725e-05
2046,6.457809370163969e-05
2047,4.461759201204185e-05
2048,2.935367895529074e-05
2049,2.348294316423254e-05
2050,3.170197327171397e-05
2051,4.6965886328465356e-05
2052,4.344344485383038e-05
2053,5.870735791058148e-05
2054,6.457809370163969e-05
2055,7.631956528375608e-05
2056,6.105565222700498e-05
2057,5.635906359415825e-05
2058,8.21903010748143e-05
2059,8.80610368658725e-05
2060,0.00012328545161222147
2061,0.00018199280952280322
2062,0.00023482943164232676
2063,0.0002700538463886757
2064,0.0002935367895529085
2065,0.0002583123748065593
2066,0.00021721722426915215
2067,0.000176122073731745
2068,0.00011741471582116325
2069,8.80610368658725e-05
2070,6.457809370163969e-05
2071,4.461759201204185e-05
2072,2.935367895529074e-05
2073,2.348294316423254e-05
2074,3.170197327171397e-05
2075,4.6965886328465356e-05
2076,4.344344485383038e-05
2077,5.870735791058148e-05
2078,6.457809370163969e-05
2079,7.631956528375608e-05
2080,6.105565222700498e-05
2081,5.635906359415825e-05
2082,8.21903010748143e-05
2083,8.80610368658725e-05
2084,0.00012328545161222147
2085,0.00018199280952280322
2086,0.00023482943164232676
2087,0.0002700538463886757
2088,0.0002935367895529085
2089,0.0002583123748065593
2090,0.00021721722426915215
2091,0.000176122073731745
2092,0.00011741471582116325
2093,8.80610368658725e-05
2094,6.457809370163969e-05
2095,4.461759201204185e-05
2096,2.935367895529074e-05
2097,2.348294316423254e-05
2098,3.170197327171397e-05
2099,4.6965886328465356e-05
2100,4.344344485383038e-05
2101,5.870735791058148e-05
2102,6.457809370163969e-05
2103,7.631956528375608e-05
2104,6.105565222700498e-05
2105,5.635906359415825e-05
2106,8.21903010748143e-05
2107,8.80610368658725e-05
2108,0.00012328545161222147
2109,0.00018199280952280322
2110,0.00023482943164232676
2111,0.0002700538463886757
2112,0.0002935367895529085
2113,0.0002583123748065593
2114,0.00021721722426915215
2115,0.000176122073731745
2116,0.00011741471582116325
2117,8.80610368658725e-05
2118,6.457809370163969e-05
2119,4.461759201204185e-05
2120,2.935367895529074e-05
2121,2.348294316423254e-05
2122,3.170197327171397e-05
2123,4.6965886328465356e-05
2124,4.344344485383038e-05
2125,5.870735791058148e-05
2126,6.457809370163969e-05
2127,7.631956528375608e-05
2128,6.105565222700498e-05
2129,5.635906359415825e-05
2130,8.21903010748143e-05
2131,8.80610368658725e-05
2132,0.00012328545161222147
2133,0.00018199280952280322
2134,0.00023482943164232676
2135,0.0002700538463886757
2136,0.0002935367895529085
2137,0.0002583123748065593
2138,0.00021721722426915215
2139,0.000176122073731745
2140,0.00011741471582116325
2141,8.80610368658725e-05
2142,6.457809370163969e-05
2143,4.461759201204185e-05
2144,2.935367895529074e-05
2145,2.348294316423254e-05
2146,3.170197327171397e-05
2147,4.6965886328465356e-05
2148,4.344344485383038e-05
2149,5.870735791058148e-05
2150,6.457809370163969e-05
2151,7.631956528375608e-05
2152,6.105565222700498e-05
2153,5.635906359415825e-05
2154,8.21903010748143e-05
2155,8.80610368658725e-05
2156,0.00012328545161222147
2157,0.00018199280952280322
2158,0.00023482943164232676
2159,0.0002700538463886757
2160,0.0002935367895529085
2161,0.0002583123748065593
2162,0.00021721722426915215
2163,0.000176122073731745
2164,0.00011741471582116325
2165,8.80610368658725e-05
2166,6.457809370163969e-05
2167,4.461759201204185e-05
2168,2.935367895529074e-05
2169,2.348294316423254e-05
2170,3.170197327171397e-05
2171,4.6965886328465356e-05
2172,4.344344485383038e-05
2173,5.870735791058148e-05
2174,6.457809370163969e-05
2175,7.631956528375608e-05
2176,6.105565222700498e-05
2177,5.635906359415825e-05
2178,8.21903010748143e-05
2179,8.80610368658725e-05
2180,0.00012328545161222147
2181,0.00018199280952280322
2182,0.00023482943164232676
2183,0.0002700538463886757
2184,0.0002935367895529085
2185,0.0002583123748065593
2186,0.00021721722426915215
2187,0.000176122073731745
2188,0.00011741471582116325
2189,8.80610368658725e-05
2190,6.457809370163969e-05
2191,4.461759201204185e-05
2192,2.935367895529074e-05
2193,2.348294316423254e-05
2194,3.170197327171397e-05
2195,4.6965886328465356e-05
2196,4.344344485383038e-05
2197,5.870735791058148e-05
2198,6.457809370163969e-05
2199,7.631956528375608e-05
2200,6.105565222700498e-05
2201,5.635906359415825e-05
2202,8.21903010748143e-05
2203,8.80610368658725e-05
2204,0.00012328545161222147
2205,0.00018199280952280322
2206,0.00023482943164232676
2207,0.0002700538463886757
2208,0.0002935367895529085
2209,0.0002583123748065593
2210,0.00021721722426915215
2211,0.000176122073731745
2212,0.00011741471582116325
2213,8.80610368658725e-05
2214,6.457809370163969e-05
2215,4.461759201204185e-05
2216,2.935367895529074e-05
2217,2.348294316423254e-05
2218,3.170197327171397e-05
2219,4.6965886328465356e-05
2220,4.344344485383038e-05
2221,5.870735791058148e-05
2222,6.457809370163969e-05
2223,7.631956528375608e-05
2224,6.105565222700498e-05
2225,5.635906359415825e-05
2226,8.21903010748143e-05
2227,8.80610368658725e-05
2228,0.00012328545161222147
2229,0.00018199280952280322
2230,0.00023482943164232676
2231,0.0002700538463886757
2232,0.0002935367895529085
2233,0.0002583123748065593
2234,0.00021721722426915215
2235,0.000176122073731745
2236,0.00011741471582116325
2237,8.80610368658725e-05
2238,6.457809370163969e-05
2239,4.461759201204185e-05
2240,2.935367895529074e-05
2241,2.348294316423254e-05
2242,3.170197327171397e-05
2243,4.6965886328465356e-05
2244,4.344344485383038e-05
2245,5.870735791058148e-05
2246,6.457809370163969e-05
2247,7.631956528375608e-05
2248,6.105565222700498e-05
2249,5.635906359415825e-05
2250,8.21903010748143e-05
2251,8.80610368658725e-05
2252,0.00012328545161222147
2253,0.00018199280952280322
2254,0.00023482943164232676
2255,0.0002700538463886757
2256,0.0002935367895529085
2257,0.0002583123748065593
2258,0.00021721722426915215
2259,0.000176122073731745
2260,0.00011741471582116325
2261,8.80610368658725e-05
2262,6.457809370163969e-05
2263,4.461759201204185e-05
2264,2.935367895529074e-05
2265,2.348294316423254e-05
2266,3.170197327171397e-05
2267,4.6965886328465356e-05
2268,4.344344485383038e-05
2269,5.870735791058148e-05
2270,6.457809370163969e-05
2271,7.631956528375608e-05
2272,6.105565222700498e-05
2273,5.635906359415825e-05
2274,8.21903010748143e-05
2275,8.80610368658725e-05
2276,0.00012328545161222147
2277,0.00018199280952280322
2278,0.00023482943164232676
2279,0.0002700538463886757
2280,0.0002935367895529085
2281,0.0002583123748065593
2282,0.00021721722426915215
2283,0.000176122073731745
2284,0.00011741471582116325
2285,8.80610368658725e-05
2286,6.457809370163969e-05
2287,4.461759201204185e-05
2288,2.935367895529074e-05
2289,2.348294316423254e-05
2290,3.170197327171397e-05
2291,4.6965886328465356e-05
2292,4.344344485383038e-05
2293,5.870735791058148e-05
2294,6.457809370163969e-05
2295,7.631956528375608e-05
2296,6.105565222700498e-05
2297,5.635906359415825e-05
2298,8.21903010748143e-05
2299,8.80610368658725e-05
2300,0.00012328545161222147
2301,0.00018199280952280322
2302,0.00023482943164232676
2303,0.0002700538463886757
2304,0.0002935367895529085
2305,0.0002583123748065593
2306,0.00021721722426915215
2307,0.000176122073731745
2308,0.00011741471582116325
2309,8.80610368658725e-05
2310,6.457809370163969e-05
2311,4.461759201204185e-05
2312,2.935367895529074e-05
2313,2.348294316423254e-05
2314,3.170197327171397e-05
2315,4.6965886328465356e-05
2316,4.344344485383038e-05
2317,5.870735791058148e-05
2318,6.457809370163969e-05
2319,7.631956528375608e-05
2320,6.105565222700498e-05
2321,5.635906359415825e-05
2322,8.21903010748143e-05
2323,8.80610368658725e-05
2324,0.00012328545161222147
2325,0.00018199280952280322
2326,0.00023482943164232676
2327,0.0002700538463886757
2328,0.0002935367895529085
2329,0.0002583123748065593
2330,0.00021721722426915215
2331,0.000176122073731745
2332,0.00011741471582116325
2333,8.80610368658725e-05
2334,6.457809370163969e-05
2335,4.461759201204185e-05
2336,2.935367895529074e-05
2337,2.348294316423254e-05
2338,3.170197327171397e-05
2339,4.6965886328465356e-05
2340,4.344344485383038e-05
2341,5.870735791058148e-05
2342,6.457809370163969e-05
2343,7.631956528375608e-05
2344,6.105565222700498e-05
2345,5.635906359415825e-05
2346,8.21903010748143e-05
2347,8.80610368658725e-05
2348,0.00012328545161222147
2349,0.00018199280952280322
2350,0.00023482943164232676
2351,0.0002700538463886757
2352,0.0002935367895529085
2353,0.0002583123748065593
2354,0.00021721722426915215
2355,0.000176122073731745
2356,0.00011741471582116325
2357,8.80610368658725e-05
2358,6.457809370163969e-05
2359,4.461759201204185e-05
2360,2.935367895529074e-05
2361,2.348294316423254e-05
2362,3.170197327171397e-05
2363,4.6965886328465356e-05
2364,4.344344485383038e-05
2365,5.870735791058148e-05
2366,6.457809370163969e-05
2367,7.631956528375608e-05
2368,6.105565222700498e-05
2369,5.635906359415825e-05
2370,8.21903010748143e-05
2371,8.80610368658725e-05
2372,0.00012328545161222147
2373,0.00018199280952280322
2374,0.00023482943164232676
2375,0.0002700538463886757
2376,0.0002935367895529085
2377,0.0002583123748065593
2378,0.00021721722426915215
2379,0.000176122073731745
2380,0.00011741471582116325
2381,8.80610368658725e-05
2382,6.457809370163969e-05
2383,4.461759201204185e-05
2384,2.935367895529074e-05
2385,2.348294316423254e-05
2386,3.170197327171397e-05
2387,4.6965886328465356e-05
2388,4.344344485383038e-05
2389,5.870735791058148e-05
2390,6.457809370163969e-05
2391,7.631956528375608e-05
2392,6.105565222700498e-05
2393,5.635906359415825e-05
2394,8.21903010748143e-05
2395,8.80610368658725e-05
2396,0.00012328545161222147
2397,0.00018199280952280322
2398,0.00023482943164232676
2399,0.0002700538463886757
2400,0.0002935367895529085
2401,0.0002583123748065593
2402,0.00021721722426915215
2403,0.000176122073731745
2404,0.00011741471582116325
2405,8.80610368658725e-05
2406,6.457809370163969e-05
2407,4.461759201204185e-05
2408,2.935367895529074e-05
2409,2.348294316423254e-05
2410,3.170197327171397e-05
2411,4.6965886328465356e-05
2412,4.344344485383038e-05
2413,5.870735791058148e-05
2414,6.457809370163969e-05
2415,7.631956528375608e-05
2416,6.105565222700498e-05
2417,5.635906359415825e-05
2418,8.21903010748143e-05
2419,8.80610368658725e-05
2420,0.00012328545161222147
2421,0.00018199280952280322
2422,0.00023482943164232676
2423,0.0002700538463886757
2424,0.0002935367895529085
2425,0.0002583123748065593
2426,0.00021721722426915215
2427,0.000176122073731745
2428,0.00011741471582116325
2429,8.80610368658725e-05
2430,6.457809370163969e-05
2431,4.461759201204185e-05
2432,2.935367895529074e-05
2433,2.348294316423254e-05
2434,3.170197327171397e-05
2435,4.6965886328465356e-05
2436,4.344344485383038e-05
2437,5.870735791058148e-05
2438,6.457809370163969e-05
2439,7.631956528375608e-05
2440,6.105565222700498e-05
2441,5.635906359415825e-05
2442,8.21903010748143e-05
2443,8.80610368658725e-05
2444,0.00012328545161222147
2445,0.00018199280952280322
2446,0.00023482943164232676
2447,0.0002700538463886757
2448,0.0002935367895529085
2449,0.0002583123748065593
2450,0.00021721722426915215
2451,0.000176122073731745
2452,0.00011741471582116325
2453,8.80610368658725e-05
2454,6.457809370163969e-05
2455,4.461759201204185e-05
2456,2.935367895529074e-05
2457,2.348294316423254e-05
2458,3.170197327171397e-05
2459,4.6965886328465356e-05
2460,4.344344485383038e-05
2461,5.870735791058148e-05
2462,6.457809370163969e-05
2463,7.631956528375608e-05
2464,6.105565222700498e-05
2465,5.635906359415825e-05
2466,8.21903010748143e-05
2467,8.80610368658725e-05
2468,0.00012328545161222147
2469,0.00018199280952280322
2470,0.00023482943164232676
2471,0.0002700538463886757
2472,0.0002935367895529085
2473,0.0002583123748065593
2474,0.00021721722426915215
2475,0.000176122073731745
2476,0.00011741471582116325
2477,8.80610368658725e-05
2478,6.457809370163969e-05
2479,4.461759201204185e-05
2480,2.935367895529074e-05
2481,2.348294316423254e-05
2482,3.170197327171397e-05
2483,4.6965886328465356e-05
2484,4.344344485383038e-05
2485,5.870735791058148e-05
2486,6.457809370163969e-05
2487,7.631956528375608e-05
2488,6.105565222700498e-05
2489,5.635906359415825e-05
2490,8.21903010748143e-05
2491,8.80610368658725e-05
2492,0.00012328545161222147
2493,0.00018199280952280322
2494,0.00023482943164232676
2495,0.0002700538463886757
2496,0.0002935367895529085
2497,0.0002583123748065593
2498,0.00021721722426915215
2499,0.000176122073731745
2500,0.00011741471582116325
2501,8.80610368658725e-05
2502,6.457809370163969e-05
2503,4.461759201204185e-05
2504,2.935367895529074e-05
2505,2.348294316423254e-05
2506,3.170197327171397e-05
2507,4.6965886328465356e-05
2508,4.344344485383038e-05
2509,5.870735791058148e-05
2510,6.457809370163969e-05
2511,7.631956528375608e-05
2512,6.105565222700498e-05
2513,5.635906359415825e-05
2514,8.21903010748143e-05
2515,8.80610368658725e-05
2516,0.00012328545161222147
2517,0.00018199280952280322
2518,0.00023482943164232676
2519,0.0002700538463886757
2520,0.0002935367895529085
2521,0.0002583123748065593
2522,0.00021721722426915215
2523,0.000176122073731745
2524,0.00011741471582116325
2525,8.80610368658725e-05
2526,6.457809370163969e-05
2527,4.461759201204185e-05
2528,2.935367895529074e-05
2529,2.348294316423254e-05
2530,3.170197327171397e-05
2531,4.6965886328465356e-05
2532,4.344344485383038e-05
2533,5.870735791058148e-05
2534,6.457809370163969e-05
2535,7.631956528375608e-05
2536,6.105565222700498e-05
2537,5.635906359415825e-05
2538,8.21903010748143e-05
2539,8.80610368658725e-05
2540,0.00012328545161222147
2541,0.00018199280952280322
2542,0.00023482943164232676
2543,0.0002700538463886757
2544,0.0002935367895529085
2545,0.0002583123748065593
2546,0.00021721722426915215
2547,0.000176122073731745
2548,0.00011741471582116325
2549,8.80610368658725e-05
2550,6.457809370163969e-05
2551,4.461759201204185e-05
2552,2.935367895529074e-05
2553,2.348294316423254e-05
2554,3.170197327171397e-05
2555,4.6965886328465356e-05
2556,4.344344485383038e-05
2557,5.870735791058148e-05
2558,6.457809370163969e-05
2559,7.631956528375608e-05
2560,6.105565222700498e-05
2561,5.635906359415825e-05
2562,8.21903010748143e-05
2563,8.80610368658725e-05
2564,0.00012328545161222147
2565,0.00018199280952280322
2566,0.00023482943164232676
2567,0.0002700538463886757
2568,0.0002935367895529085
2569,0.0002583123748065593
2570,0.00021721722426915215
2571,0.000176122073731745
2572,0.00011741471582116325
2573,8.80610368658725e-05
2574,6.457809370163969e-05
2575,4.461759201204185e-05
2576,2.935367895529074e-05
2577,2.348294316423254e-05
2578,3.170197327171397e-05
2579,4.6965886328465356e-05
2580,4.344344485383038e-05
2581,5.870735791058148e-05
2582,6.457809370163969e-05
2583,7.631956528375608e-05
2584,6.105565222700498e-05
2585,5.635906359415825e-05
2586,8.21903010748143e-05
2587,8.80610368658725e-05
2588,0.00012328545161222147
2589,0.00018199280952280322
2590,0.00023482943164232676
2591,0.0002700538463886757
2592,0.0002935367895529085
2593,0.0002583123748065593
2594,0.00021721722426915215
2595,0.000176122073731745
2596,0.00011741471582116325
2597,8.80610368658725e-05
2598,6.457809370163969e-05
2599,4.461759201204185e-05
2600,2.935367895529074e-05
2601,2.348294316423254e-05
2602,3.170197327171397e-05
2603,4.6965886328465356e-05
2604,4.344344485383038e-05
2605,5.870735791058148e-05
2606,6.457809370163969e-05
2607,7.631956528375608e-05
2608,6.105565222700498e-05
2609,5.635906359415825e-05
2610,8.21903010748143e-05
2611,8.80610368658725e-05
2612,0.00012328545161222147
2613,0.00018199280952280322
2614,0.00023482943164232676
2615,0.0002700538463886757
2616,0.0002935367895529085
2617,0.0002583123748065593
2618,0.00021721722426915215
2619,0.000176122073731745
2620,0.00011741471582116325
2621,8.80610368658725e-05
2622,6.457809370163969e-05
2623,4.461759201204185e-05
2624,2.935367895529074e-05
2625,2.348294316423254e-05
2626,3.170197327171397e-05
2627,4.6965886328465356e-05
2628,4.344344485383038e-05
2629,5.870735791058148e-05
2630,6.457809370163969e-05
2631,7.631956528375608e-05
2632,6.105565222700498e-05
2633,5.635906359415825e-05
2634,8.21903010748143e-05
2635,8.80610368658725e-05
2636,0.00012328545161222147
2637,0.00018199280952280322
2638,0.00023482943164232676
2639,0.0002700538463886757
2640,0.0002935367895529085
2641,0.0002583123748065593
2642,0.00021721722426915215
2643,0.000176122073731745
2644,0.00011741471582116325
2645,8.80610368658725e-05
2646,6.457809370163969e-05
2647,4.461759201204185e-05
2648,2.935367895529074e-05
2649,2.348294316423254e-05
2650,3.170197327171397e-05
2651,4.6965886328465356e-05
2652,4.344344485383038e-05
2653,5.870735791058148e-05
2654,6.457809370163969e-05
2655,7.631956528375608e-05
2656,6.105565222700498e-05
2657,5.635906359415825e-05
2658,8.21903010748143e-05
2659,8.80610368658725e-05
2660,0.00012328545161222147
2661,0.00018199280952280322
2662,0.00023482943164232676
2663,0.0002700538463886757
2664,0.0002935367895529085
2665,0.0002583123748065593
2666,0.00021721722426915215
2667,0.000176122073731745
2668,0.00011741471582116325
2669,8.80610368658725e-05
2670,6.457809370163969e-05
2671,4.461759201204185e-05
2672,2.935367895529074e-05
2673,2.348294316423254e-05
2674,3.170197327171397e-05
2675,4.6965886328465356e-05
2676,4.344344485383038e-05
2677,5.870735791058148e-05
2678,6.457809370163969e-05
2679,7.631956528375608e-05
2680,6.105565222700498e-05
2681,5.635906359415825e-05
2682,8.21903010748143e-05
2683,8.80610368658725e-05
2684,0.00012328545161222147
2685,0.00018199280952280322
2686,0.00023482943164232676
2687,0.0002700538463886757
2688,0.0002935367895529085
2689,0.0002583123748065593
2690,0.00021721722426915215
2691,0.000176122073731745
2692,0.00011741471582116325
2693,8.80610368658725e-05
2694,6.457809370163969e-05
2695,4.461759201204185e-05
2696,2.935367895529074e-05
2697,2.348294316423254e-05
2698,3.170197327171397e-05
2699,4.6965886328465356e-05
2700,4.344344485383038e-05
2701,5.870735791058148e-05
2702,6.457809370163969e-05
2703,7.631956528375608e-05
2704,6.105565222700498e-05
2705,5.635906359415825e-05
2706,8.21903010748143e-05
2707,8.80610368658725e-05
2708,0.00012328545161222147
2709,0.00018199280952280322
2710,0.00023482943164232676
2711,0.0002700538463886757
2712,0.0002935367895529085
2713,0.0002583123748065593
2714,0.00021721722426915215
2715,0.000176122073731745
2716,0.00011741471582116325
2717,8.80610368658725e-05
2718,6.457809370163969e-05
2719,4.461759201204185e-05
2720,2.935367895529074e-05
2721,2.348294316423254e-05
2722,3.170197327171397e-05
2723,4.6965886328465356e-05
2724,4.344344485383038e-05
2725,5.870735791058148e-05
2726,6.457809370163969e-05
2727,7.631956528375608e-05
2728,6.105565222700498e-05
2729,5.635906359415825e-05
2730,8.21903010748143e-05
2731,8.80610368658725e-05
2732,0.00012328545161222147
2733,0.00018199280952280322
2734,0.00023482943164232676
2735,0.0002700538463886757
2736,0.0002935367895529085
2737,0.0002583123748065593
2738,0.00021721722426915215
2739,0.000176122073731745
2740,0.00011741471582116325
2741,8.80610368658725e-05
2742,6.457809370163969e-05
2743,4.461759201204185e-05
2744,2.935367895529074e-05
2745,2.348294316423254e-05
2746,3.170197327171397e-05
2747,4.6965886328465356e-05
2748,4.344344485383038e-05
2749,5.870735791058148e-05
2750,6.457809370163969e-05
2751,7.631956528375608e-05
2752,6.105565222700498e-05
2753,5.635906359415825e-05
2754,8.21903010748143e-05
2755,8.80610368658725e-05
2756,0.00012328545161222147
2757,0.00018199280952280322
2758,0.00023482943164232676
2759,0.0002700538463886757
2760,0.0002935367895529085
2761,0.0002583123748065593
2762,0.00021721722426915215
2763,0.000176122073731745
2764,0.00011741471582116325
2765,8.80610368658725e-05
2766,6.457809370163969e-05
2767,4.461759201204185e-05
2768,2.935367895529074e-05
2769,2.348294316423254e-05
2770,3.170197327171397e-05
2771,4.6965886328465356e-05
2772,4.344344485383038e-05
2773,5.870735791058148e-05
2774,6.457809370163969e-05
2775,7.631956528375608e-05
2776,6.105565222700498e-05
2777,5.635906359415825e-05
2778,8.21903010748143e-05
2779,8.80610368658725e-05
2780,0.00012328545161222147
2781,0.00018199280952280322
2782,0.00023482943164232676
2783,0.0002700538463886757
2784,0.0002935367895529085
2785,0.0002583123748065593
2786,0.00021721722426915215
2787,0.000176122073731745
2788,0.00011741471582116325
2789,8.80610368658725e-05
2790,6.457809370163969e-05
2791,4.461759201204185e-05
2792,2.935367895529074e-05
2793,2.348294316423254e-05
2794,3.170197327171397e-05
2795,4.6965886328465356e-05
2796,4.344344485383038e-05
2797,5.870735791058148e-05
2798,6.457809370163969e-05
2799,7.631956528375608e-05
2800,6.105565222700498e-05
2801,5.635906359415825e-05
2802,8.21903010748143e-05
2803,8.80610368658725e-05
2804,0.00012328545161222147
2805,0.00018199280952280322
2806,0.00023482943164232676
2807,0.0002700538463886757
2808,0.0002935367895529085
2809,0.0002583123748065593
2810,0.00021721722426915215
2811,0.000176122073731745
2812,0.00011741471582116325
2813,8.80610368658725e-05
2814,6.457809370163969e-05
2815,4.461759201204185e-05
2816,2.935367895529074e-05
2817,2.348294316423254e-05
2818,3.170197327171397e-05
2819,4.6965886328465356e-05
2820,4.344344485383038e-05
2821,5.870735791058148e-05
2822,6.457809370163969e-05
2823,7.631956528375608e-05
2824,6.105565222700498e-05
2825,5.635906359415825e-05
2826,8.21903010748143e-05
2827,8.80610368658725e-05
2828,0.00012328545161222147
2829,0.00018199280952280322
2830,0.00023482943164232676
2831,0.0002700538463886757
2832,0.0002935367895529085
2833,0.0002583123748065593
2834,0.00021721722426915215
2835,0.000176122073731745
2836,0.00011741471582116325
2837,8.80610368658725e-05
2838,6.457809370163969e-05
2839,4.461759201204185e-05
2840,2.935367895529074e-05
2841,2.348294316423254e-05
2842,3.170197327171397e-05
2843,4.6965886328465356e-05
2844,4.344344485383038e-05
2845,5.870735791058148e-05
2846,6.457809370163969e-05
2847,7.631956528375608e-05
2848,6.105565222700498e-05
2849,5.635906359415825e-05
2850,8.21903010748143e-05
2851,8.80610368658725e-05
2852,0.00012328545161222147
2853,0.00018199280952280322
2854,0.00023482943164232676
2855,0.0002700538463886757
2856,0.0002935367895529085
2857,0.0002583123748065593
2858,0.00021721722426915215
2859,0.000176122073731745
2860,0.00011741471582116325
2861,8.80610368658725e-05
2862,6.457809370163969e-05
2863,4.461759201204185e-05
2864,2.935367895529074e-05
2865,2.348294316423254e-05
2866,3.170197327171397e-05
2867,4.6965886328465356e-05
2868,4.344344485383038e-05
2869,5.870735791058148e-05
2870,6.457809370163969e-05
2871,7.631956528375608e-05
2872,6.105565222700498e-05
2873,5.635906359415825e-05
2874,8.21903010748143e-05
2875,8.80610368658725e-05
2876,0.00012328545161222147
2877,0.00018199280952280322
2878,0.00023482943164232676
2879,0.0002700538463886757
2880,0.0002935367895529085
2881,0.0002583123748065593
2882,0.00021721722426915215
2883,0.000176122073731745
2884,0.00011741471582116325
2885,8.80610368658725e-05
2886,6.457809370163969e-05
2887,4.461759201204185e-05
2888,2.935367895529074e-05
2889,2.348294316423254e-05
2890,3.170197327171397e-05
2891,4.6965886328465356e-05
2892,4.344344485383038e-05
2893,5.870735791058148e-05
2894,6.457809370163969e-05
2895,7.631956528375608e-05
2896,6.105565222700498e-05
2897,5.635906359415825e-05
2898,8.21903010748143e-05
2899,8.80610368658725e-05
2900,0.00012328545161222147
2901,0.00018199280952280322
2902,0.00023482943164232676
2903,0.0002700538463886757
2904,0.0002935367895529085
2905,0.0002583123748065593
2906,0.00021721722426915215
2907,0.000176122073731745
2908,0.00011741471582116325
2909,8.80610368658725e-05
2910,6.457809370163969e-05
2911,4.461759201204185e-05
2912,2.935367895529074e-05
2913,2.348294316423254e-05
2914,3.170197327171397e-05
2915,4.6965886328465356e-05
2916,4.344344485383038e-05
2917,5.870735791058148e-05
2918,6.457809370163969e-05
2919,7.631956528375608e-05
2920,6.105565222700498e-05
2921,5.635906359415825e-05
2922,8.21903010748143e-05
2923,8.80610368658725e-05
2924,0.00012328545161222147
2925,0.00018199280952280322
2926,0.00023482943164232676
2927,0.0002700538463886757
2928,0.0002935367895529085
2929,0.0002583123748065593
2930,0.00021721722426915215
2931,0.000176122073731745
2932,0.00011741471582116325
2933,8.80610368658725e-05
2934,6.457809370163969e-05
2935,4.461759201204185e-05
2936,2.935367895529074e-05
2937,2.348294316423254e-05
2938,3.170197327171397e-05
2939,4.6965886328465356e-05
2940,4.344344485383038e-05
2941,5.870735791058148e-05
2942,6.457809370163969e-05
2943,7.631956528375608e-05
2944,6.105565222700498e-05
2945,5.635906359415825e-05
2946,8.21903010748143e-05
2947,8.80610368658725e-05
2948,0.00012328545161222147
2949,0.00018199280952280322
2950,0.00023482943164232676
2951,0.0002700538463886757
2952,0.0002935367895529085
2953,0.0002583123748065593
2954,0.00021721722426915215
2955,0.000176122073731745
2956,0.00011741471582116325
2957,8.80610368658725e-05
2958,6.457809370163969e-05
2959,4.461759201204185e-05
2960,2.935367895529074e-05
2961,2.348294316423254e-05
2962,3.170197327171397e-05
2963,4.6965886328465356e-05
2964,4.344344485383038e-05
2965,5.870735791058148e-05
2966,6.457809370163969e-05
2967,7.631956528375608e-05
2968,6.105565222700498e-05
2969,5.635906359415825e-05
2970,8.21903010748143e-05
2971,8.80610368658725e-05
2972,0.00012328545161222147
2973,0.00018199280952280322
2974,0.00023482943164232676
2975,0.0002700538463886757
2976,0.0002935367895529085
2977,0.0002583123748065593
2978,0.00021721722426915215
2979,0.000176122073731745
2980,0.00011741471582116325
2981,8.80610368658725e-05
2982,6.457809370163969e-05
2983,4.461759201204185e-05
2984,2.935367895529074e-05
2985,2.348294316423254e-05
2986,3.170197327171397e-05
2987,4.6965886328465356e-05
2988,4.344344485383038e-05
2989,5.870735791058148e-05
2990,6.457809370163969e-05
2991,7.631956528375608e-05
2992,6.105565222700498e-05
2993,5.635906359415825e-05
2994,8.21903010748143e-05
2995,8.80610368658725e-05
2996,0.00012328545161222147
2997,0.00018199280952280322
2998,0.00023482943164232676
2999,0.0002700538463886757
3000,0.0002935367895529085
3001,0.0002583123748065593
3002,0.00021721722426915215
3003,0.000176122073731745
3004,0.00011741471582116325
3005,8.80610368658725e-05
3006,6.457809370163969e-05
3007,4.461759201204185e-05
3008,2.935367895529074e-05
3009,2.348294316423254e-05
3010,3.170197327171397e-05
3011,4.6965886328465356e-05
3012,4.344344485383038e-05
3013,5.870735791058148e-05
3014,6.457809370163969e-05
3015,7.631956528375608e-05
3016,6.105565222700498e-05
3017,5.635906359415825e-05
3018,8.21903010748143e-05
3019,8.80610368658725e-05
3020,0.00012328545161222147
3021,0.00018199280952280322
3022,0.00023482943164232676
3023,0.0002700538463886757
3024,0.0002935367895529085
3025,0.0002583123748065593
3026,0.00021721722426915215
3027,0.000176122073731745
3028,0.00011741471582116325
3029,8.80610368658725e-05
3030,6.457809370163969e-05
3031,4.461759201204185e-05
3032,2.935367895529074e-05
3033,2.348294316423254e-05
3034,3.170197327171397e-05
3035,4.6965886328465356e-05
3036,4.344344485383038e-05
3037,5.870735791058148e-05
3038,6.457809370163969e-05
3039,7.631956528375608e-05
3040,6.105565222700498e-05
3041,5.635906359415825e-05
3042,8.21903010748143e-05
3043,8.80610368658725e-05
3044,0.00012328545161222147
3045,0.00018199280952280322
3046,0.00023482943164232676
3047,0.0002700538463886757
3048,0.0002935367895529085
3049,0.0002583123748065593
3050,0.00021721722426915215
3051,0.000176122073731745
3052,0.00011741471582116325
3053,8.80610368658725e-05
3054,6.457809370163969e-05
3055,4.461759201204185e-05
3056,2.935367895529074e-05
3057,2.348294316423254e-05
3058,3.170197327171397e-05
3059,4.6965886328465356e-05
3060,4.344344485383038e-05
3061,5.870735791058148e-05
3062,6.457809370163969e-05
3063,7.631956528375608e-05
3064,6.105565222700498e-05
3065,5.635906359415825e-05
3066,8.21903010748143e-05
3067,8.80610368658725e-05
3068,0.00012328545161222147
3069,0.00018199280952280322
3070,0.00023482943164232676
3071,0.0002700538463886757
3072,0.0002935367895529085
3073,0.0002583123748065593
3074,0.00021721722426915215
3075,0.000176122073731745
3076,0.00011741471582116325
3077,8.80610368658725e-05
3078,6.457809370163969e-05
3079,4.461759201204185e-05
3080,2.935367895529074e-05
3081,2.348294316423254e-05
3082,3.170197327171397e-05
3083,4.6965886328465356e-05
3084,4.344344485383038e-05
3085,5.870735791058148e-05
3086,6.457809370163969e-05
3087,7.631956528375608e-05
3088,6.105565222700498e-05
3089,5.635906359415825e-05
3090,8.21903010748143e-05
3091,8.80610368658725e-05
3092,0.00012328545161222147
3093,0.00018199280952280322
3094,0.00023482943164232676
3095,0.0002700538463886757
3096,0.0002935367895529085
3097,0.0002583123748065593
3098,0.00021721722426915215
3099,0.000176122073731745
3100,0.00011741471582116325
3101,8.80610368658725e-05
3102,6.457809370163969e-05
3103,4.461759201204185e-05
3104,2.935367895529074e-05
3105,2.348294316423254e-05
3106,3.170197327171397e-05
3107,4.6965886328465356e-05
3108,4.344344485383038e-05
3109,5.870735791058148e-05
3110,6.457809370163969e-05
3111,7.631956528375608e-05
3112,6.105565222700498e-05
3113,5.635906359415825e-05
3114,8.21903010748143e-05
3115,8.80610368658725e-05
3116,0.00012328545161222147
3117,0.00018199280952280322
3118,0.00023482943164232676
3119,0.0002700538463886757
3120,0.0002935367895529085
3121,0.0002583123748065593
3122,0.00021721722426915215
3123,0.000176122073731745
3124,0.00011741471582116325
3125,8.80610368658725e-05
3126,6.457809370163969e-05
3127,4.461759201204185e-05
3128,2.935367895529074e-05
3129,2.348294316423254e-05
3130,3.170197327171397e-05
3131,4.6965886328465356e-05
3132,4.344344485383038e-05
3133,5.870735791058148e-05
3134,6.457809370163969e-05
3135,7.631956528375608e-05
3136,6.105565222700498e-05
3137,5.635906359415825e-05
3138,8.21903010748143e-05
3139,8.80610368658725e-05
3140,0.00012328545161222147
3141,0.00018199280952280322
3142,0.00023482943164232676
3143,0.0002700538463886757
3144,0.0002935367895529085
3145,0.0002583123748065593
3146,0.00021721722426915215
3147,0.000176122073731745
3148,0.00011741471582116325
3149,8.80610368658725e-05
3150,6.457809370163969e-05
3151,4.461759201204185e-05
3152,2.935367895529074e-05
3153,2.348294316423254e-05
3154,3.170197327171397e-05
3155,4.6965886328465356e-05
3156,4.344344485383038e-05
3157,5.870735791058148e-05
3158,6.457809370163969e-05
3159,7.631956528375608e-05
3160,6.105565222700498e-05
3161,5.635906359415825e-05
3162,8.21903010748143e-05
3163,8.80610368658725e-05
3164,0.00012328545161222147
3165,0.00018199280952280322
3166,0.00023482943164232676
3167,0.0002700538463886757
3168,0.0002935367895529085
3169,0.0002583123748065593
3170,0.00021721722426915215
3171,0.000176122073731745
3172,0.00011741471582116325
3173,8.80610368658725e-05
3174,6.457809370163969e-05
3175,4.461759201204185e-05
3176,2.935367895529074e-05
3177,2.348294316423254e-05
3178,3.170197327171397e-05
3179,4.6965886328465356e-05
3180,4.344344485383038e-05
3181,5.870735791058148e-05
3182,6.457809370163969e-05
3183,7.631956528375608e-05
3184,6.105565222700498e-05
3185,5.635906359415825e-05
3186,8.21903010748143e-05
3187,8.80610368658725e-05
3188,0.00012328545161222147
3189,0.00018199280952280322
3190,0.00023482943164232676
3191,0.0002700538463886757
3192,0.0002935367895529085
3193,0.0002583123748065593
3194,0.00021721722426915215
3195,0.000176122073731745
3196,0.00011741471582116325
3197,8.80610368658725e-05
3198,6.457809370163969e-05
3199,4.461759201204185e-05
3200,2.935367895529074e-05
3201,2.348294316423254e-05
3202,3.170197327171397e-05
3203,4.6965886328465356e-05
3204,4.344344485383038e-05
3205,5.870735791058148e-05
3206,6.457809370163969e-05
3207,7.631956528375608e-05
3208,6.105565222700498e-05
3209,5.635906359415825e-05
3210,8.21903010748143e-05
3211,8.80610368658725e-05
3212,0.00012328545161222147
3213,0.00018199280952280322
3214,0.00023482943164232676
3215,0.0002700538463886757
3216,0.0002935367895529085
3217,0.0002583123748065593
3218,0.00021721722426915215
3219,0.000176122073731745
3220,0.00011741471582116325
3221,8.80610368658725e-05
3222,6.457809370163969e-05
3223,4.461759201204185e-05
3224,2.935367895529074e-05
3225,2.348294316423254e-05
3226,3.170197327171397e-05
3227,4.6965886328465356e-05
3228,4.344344485383038e-05
3229,5.870735791058148e-05
3230,6.457809370163969e-05
3231,7.631956528375608e-05
3232,6.105565222700498e-05
3233,5.635906359415825e-05
3234,8.21903010748143e-05
3235,8.80610368658725e-05
3236,0.00012328545161222147
3237,0.00018199280952280322
3238,0.00023482943164232676
3239,0.0002700538463886757
3240,0.0002935367895529085
3241,0.0002583123748065593
3242,0.00021721722426915215
3243,0.000176122073731745
3244,0.00011741471582116325
3245,8.80610368658725e-05
3246,6.457809370163969e-05
3247,4.461759201204185e-05
3248,2.935367895529074e-05
3249,2.348294316423254e-05
3250,3.170197327171397e-05
3251,4.6965886328465356e-05
3252,4.344344485383038e-05
3253,5.870735791058148e-05
3254,6.457809370163969e-05
3255,7.631956528375608e-05
3256,6.105565222700498e-05
3257,5.635906359415825e-05
3258,8.21903010748143e-05
3259,8.80610368658725e-05
3260,0.00012328545161222147
3261,0.00018199280952280322
3262,0.00023482943164232676
3263,0.0002700538463886757
3264,0.0002935367895529085
3265,0.0002583123748065593
3266,0.00021721722426915215
3267,0.000176122073731745
3268,0.00011741471582116325
3269,8.80610368658725e-05
3270,6.457809370163969e-05
3271,4.461759201204185e-05
3272,2.935367895529074e-05
3273,2.348294316423254e-05
3274,3.170197327171397e-05
3275,4.6965886328465356e-05
3276,4.344344485383038e-05
3277,5.870735791058148e-05
3278,6.457809370163969e-05
3279,7.631956528375608e-05
3280,6.105565222700498e-05
3281,5.635906359415825e-05
3282,8.21903010748143e-05
3283,8.80610368658725e-05
3284,0.00012328545161222147
3285,0.00018199280952280322
3286,0.00023482943164232676
3287,0.0002700538463886757
3288,0.0002935367895529085
3289,0.0002583123748065593
3290,0.00021721722426915215
3291,0.000176122073731745
3292,0.00011741471582116325
3293,8.80610368658725e-05
3294,6.457809370163969e-05
3295,4.461759201204185e-05
3296,2.935367895529074e-05
3297,2.348294316423254e-05
3298,3.170197327171397e-05
3299,4.6965886328465356e-05
3300,4.344344485383038e-05
3301,5.870735791058148e-05
3302,6.457809370163969e-05
3303,7.631956528375608e-05
3304,6.105565222700498e-05
3305,5.635906359415825e-05
3306,8.21903010748143e-05
3307,8.80610368658725e-05
3308,0.00012328545161222147
3309,0.00018199280952280322
3310,0.00023482943164232676
3311,0.0002700538463886757
3312,0.0002935367895529085
3313,0.0002583123748065593
3314,0.00021721722426915215
3315,0.000176122073731745
3316,0.00011741471582116325
3317,8.80610368658725e-05
3318,6.457809370163969e-05
3319,4.461759201204185e-05
3320,2.935367895529074e-05
3321,2.348294316423254e-05
3322,3.170197327171397e-05
3323,4.6965886328465356e-05
3324,4.344344485383038e-05
3325,5.870735791058148e-05
3326,6.457809370163969e-05
3327,7.631956528375608e-05
3328,6.105565222700498e-05
3329,5.635906359415825e-05
3330,8.21903010748143e-05
3331,8.80610368658725e-05
3332,0.00012328545161222147
3333,0.00018199280952280322
3334,0.00023482943164232676
3335,0.0002700538463886757
3336,0.0002935367895529085
3337,0.0002583123748065593
3338,0.00021721722426915215
3339,0.000176122073731745
3340,0.00011741471582116325
3341,8.80610368658725e-05
3342,6.457809370163969e-05
3343,4.461759201204185e-05
3344,2.935367895529074e-05
3345,2.348294316423254e-05
3346,3.170197327171397e-05
3347,4.6965886328465356e-05
3348,4.344344485383038e-05
3349,5.870735791058148e-05
3350,6.457809370163969e-05
3351,7.631956528375608e-05
3352,6.105565222700498e-05
3353,5.635906359415825e-05
3354,8.21903010748143e-05
3355,8.80610368658725e-05
3356,0.00012328545161222147
3357,0.00018199280952280322
3358,0.00023482943164232676
3359,0.0002700538463886757
3360,0.0002935367895529085
3361,0.0002583123748065593
3362,0.00021721722426915215
3363,0.000176122073731745
3364,0.00011741471582116325
3365,8.80610368658725e-05
3366,6.457809370163969e-05
3367,4.461759201204185e-05
3368,2.935367895529074e-05
3369,2.348294316423254e-05
3370,3.170197327171397e-05
3371,4.6965886328465356e-05
3372,4.344344485383038e-05
3373,5.870735791058148e-05
3374,6.457809370163969e-05
3375,7.631956528375608e-05
3376,6.105565222700498e-05
3377,5.635906359415825e-05
3378,8.21903010748143e-05
3379,8.80610368658725e-05
3380,0.00012328545161222147
3381,0.00018199280952280322
3382,0.00023482943164232676
3383,0.0002700538463886757
3384,0.0002935367895529085
3385,0.0002583123748065593
3386,0.00021721722426915215
3387,0.000176122073731745
3388,0.00011741471582116325
3389,8.80610368658725e-05
3390,6.457809370163969e-05
3391,4.461759201204185e-05
3392,2.935367895529074e-05
3393,2.348294316423254e-05
3394,3.170197327171397e-05
3395,4.6965886328465356e-05
3396,4.344344485383038e-05
3397,5.870735791058148e-05
3398,6.457809370163969e-05
3399,7.631956528375608e-05
3400,6.105565222700498e-05
3401,5.635906359415825e-05
3402,8.21903010748143e-05
3403,8.80610368658725e-05
3404,0.00012328545161222147
3405,0.00018199280952280322
3406,0.00023482943164232676
3407,0.0002700538463886757
3408,0.0002935367895529085
3409,0.0002583123748065593
3410,0.00021721722426915215
3411,0.000176122073731745
3412,0.00011741471582116325
3413,8.80610368658725e-05
3414,6.457809370163969e-05
3415,4.461759201204185e-05
3416,2.935367895529074e-05
3417,2.348294316423254e-05
3418,3.170197327171397e-05
3419,4.6965886328465356e-05
3420,4.344344485383038e-05
3421,5.870735791058148e-05
3422,6.457809370163969e-05
3423,7.631956528375608e-05
3424,6.105565222700498e-05
3425,5.635906359415825e-05
3426,8.21903010748143e-05
3427,8.80610368658725e-05
3428,0.00012328545161222147
3429,0.00018199280952280322
3430,0.00023482943164232676
3431,0.0002700538463886757
3432,0.0002935367895529085
3433,0.0002583123748065593
3434,0.00021721722426915215
3435,0.000176122073731745
3436,0.00011741471582116325
3437,8.80610368658725e-05
3438,6.457809370163969e-05
3439,4.461759201204185e-05
3440,2.935367895529074e-05
3441,2.348294316423254e-05
3442,3.170197327171397e-05
3443,4.6965886328465356e-05
3444,4.344344485383038e-05
3445,5.870735791058148e-05
3446,6.457809370163969e-05
3447,7.631956528375608e-05
3448,6.105565222700498e-05
3449,5.635906359415825e-05
3450,8.21903010748143e-05
3451,8.80610368658725e-05
3452,0.00012328545161222147
3453,0.00018199280952280322
3454,0.00023482943164232676
3455,0.0002700538463886757
3456,0.0002935367895529085
3457,0.0002583123748065593
3458,0.00021721722426915215
3459,0.000176122073731745
3460,0.00011741471582116325
3461,8.80610368658725e-05
3462,6.457809370163969e-05
3463,4.461759201204185e-05
3464,2.935367895529074e-05
3465,2.348294316423254e-05
3466,3.170197327171397e-05
3467,4.6965886328465356e-05
3468,4.344344485383038e-05
3469,5.870735791058148e-05
3470,6.457809370163969e-05
3471,7.631956528375608e-05
3472,6.105565222700498e-05
3473,5.635906359415825e-05
3474,8.21903010748143e-05
3475,8.80610368658725e-05
3476,0.00012328545161222147
3477,0.00018199280952280322
3478,0.00023482943164232676
3479,0.0002700538463886757
3480,0.0002935367895529085
3481,0.0002583123748065593
3482,0.00021721722426915215
3483,0.000176122073731745
3484,0.00011741471582116325
3485,8.80610368658725e-05
3486,6.457809370163969e-05
3487,4.461759201204185e-05
3488,2.935367895529074e-05
3489,2.348294316423254e-05
3490,3.170197327171397e-05
3491,4.6965886328465356e-05
3492,4.344344485383038e-05
3493,5.870735791058148e-05
3494,6.457809370163969e-05
3495,7.631956528375608e-05
3496,6.105565222700498e-05
3497,5.635906359415825e-05
3498,8.21903010748143e-05
3499,8.80610368658725e-05
3500,0.00012328545161222147
3501,0.00018199280952280322
3502,0.00023482943164232676
3503,0.0002700538463886757
3504,0.0002935367895529085
3505,0.0002583123748065593
3506,0.00021721722426915215
3507,0.000176122073731745
3508,0.00011741471582116325
3509,8.80610368658725e-05
3510,6.457809370163969e-05
3511,4.461759201204185e-05
3512,2.935367895529074e-05
3513,2.348294316423254e-05
3514,3.170197327171397e-05
3515,4.6965886328465356e-05
3516,4.344344485383038e-05
3517,5.870735791058148e-05
3518,6.457809370163969e-05
3519,7.631956528375608e-05
3520,6.105565222700498e-05
3521,5.635906359415825e-05
3522,8.21903010748143e-05
3523,8.80610368658725e-05
3524,0.00012328545161222147
3525,0.00018199280952280322
3526,0.00023482943164232676
3527,0.0002700538463886757
3528,0.0002935367895529085
3529,0.0002583123748065593
3530,0.00021721722426915215
3531,0.000176122073731745
3532,0.00011741471582116325
3533,8.80610368658725e-05
3534,6.457809370163969e-05
3535,4.461759201204185e-05
3536,2.935367895529074e-05
3537,2.348294316423254e-05
3538,3.170197327171397e-05
3539,4.6965886328465356e-05
3540,4.344344485383038e-05
3541,5.870735791058148e-05
3542,6.457809370163969e-05
3543,7.631956528375608e-05
3544,6.105565222700498e-05
3545,5.635906359415825e-05
3546,8.21903010748143e-05
3547,8.80610368658725e-05
3548,0.00012328545161222147
3549,0.00018199280952280322
3550,0.00023482943164232676
3551,0.0002700538463886757
3552,0.0002935367895529085
3553,0.0002583123748065593
3554,0.00021721722426915215
3555,0.000176122073731745
3556,0.00011741471582116325
3557,8.80610368658725e-05
3558,6.457809370163969e-05
3559,4.461759201204185e-05
3560,2.935367895529074e-05
3561,2.348294316423254e-05
3562,3.170197327171397e-05
3563,4.6965886328465356e-05
3564,4.344344485383038e-05
3565,5.870735791058148e-05
3566,6.457809370163969e-05
3567,7.631956528375608e-05
3568,6.105565222700498e-05
3569,5.635906359415825e-05
3570,8.21903010748143e-05
3571,8.80610368658725e-05
3572,0.00012328545161222147
3573,0.00018199280952280322
3574,0.00023482943164232676
3575,0.0002700538463886757
3576,0.0002935367895529085
3577,0.0002583123748065593
3578,0.00021721722426915215
3579,0.000176122073731745
3580,0.00011741471582116325
3581,8.80610368658725e-05
3582,6.457809370163969e-05
3583,4.461759201204185e-05
3584,2.935367895529074e-05
3585,2.348294316423254e-05
3586,3.170197327171397e-05
3587,4.6965886328465356e-05
3588,4.344344485383038e-05
3589,5.870735791058148e-05
3590,6.457809370163969e-05
3591,7.631956528375608e-05
3592,6.105565222700498e-05
3593,5.635906359415825e-05
3594,8.21903010748143e-05
3595,8.80610368658725e-05
3596,0.00012328545161222147
3597,0.00018199280952280322
3598,0.00023482943164232676
3599,0.0002700538463886757
3600,0.0002935367895529085
3601,0.0002583123748065593
3602,0.00021721722426915215
3603,0.000176122073731745
3604,0.00011741471582116325
3605,8.80610368658725e-05
3606,6.457809370163969e-05
3607,4.461759201204185e-05
3608,2.935367895529074e-05
3609,2.348294316423254e-05
3610,3.170197327171397e-05
3611,4.6965886328465356e-05
3612,4.344344485383038e-05
3613,5.870735791058148e-05
3614,6.457809370163969e-05
3615,7.631956528375608e-05
3616,6.105565222700498e-05
3617,5.635906359415825e-05
3618,8.21903010748143e-05
3619,8.80610368658725e-05
3620,0.00012328545161222147
3621,0.00018199280952280322
3622,0.00023482943164232676
3623,0.0002700538463886757
3624,0.0002935367895529085
3625,0.0002583123748065593
3626,0.00021721722426915215
3627,0.000176122073731745
3628,0.00011741471582116325
3629,8.80610368658725e-05
3630,6.457809370163969e-05
3631,4.461759201204185e-05
3632,2.935367895529074e-05
3633,2.348294316423254e-05
3634,3.170197327171397e-05
3635,4.6965886328465356e-05
3636,4.344344485383038e-05
3637,5.870735791058148e-05
3638,6.457809370163969e-05
3639,7.631956528375608e-05
3640,6.105565222700498e-05
3641,5.635906359415825e-05
3642,8.21903010748143e-05
3643,8.80610368658725e-05
3644,0.00012328545161222147
3645,0.00018199280952280322
3646,0.00023482943164232676
3647,0.0002700538463886757
3648,0.0002935367895529085
3649,0.0002583123748065593
3650,0.00021721722426915215
3651,0.000176122073731745
3652,0.00011741471582116325
3653,8.80610368658725e-05
3654,6.457809370163969e-05
3655,4.461759201204185e-05
3656,2.935367895529074e-05
3657,2.348294316423254e-05
3658,3.170197327171397e-05
3659,4.6965886328465356e-05
3660,4.344344485383038e-05
3661,5.870735791058148e-05
3662,6.457809370163969e-05
3663,7.631956528375608e-05
3664,6.105565222700498e-05
3665,5.635906359415825e-05
3666,8.21903010748143e-05
3667,8.80610368658725e-05
3668,0.00012328545161222147
3669,0.00018199280952280322
3670,0.00023482943164232676
3671,0.0002700538463886757
3672,0.0002935367895529085
3673,0.0002583123748065593
3674,0.00021721722426915215
3675,0.000176122073731745
3676,0.00011741471582116325
3677,8.80610368658725e-05
3678,6.457809370163969e-05
3679,4.461759201204185e-05
3680,2.935367895529074e-05
3681,2.348294316423254e-05
3682,3.170197327171397e-05
3683,4.6965886328465356e-05
3684,4.344344485383038e-05
3685,5.870735791058148e-05
3686,6.457809370163969e-05
3687,7.631956528375608e-05
3688,6.105565222700498e-05
3689,5.635906359415825e-05
3690,8.21903010748143e-05
3691,8.80610368658725e-05
3692,0.00012328545161222147
3693,0.00018199280952280322
3694,0.00023482943164232676
3695,0.0002700538463886757
3696,0.0002935367895529085
3697,0.0002583123748065593
3698,0.00021721722426915215
3699,0.000176122073731745
3700,0.00011741471582116325
3701,8.80610368658725e-05
3702,6.457809370163969e-05
3703,4.461759201204185e-05
3704,2.935367895529074e-05
3705,2.348294316423254e-05
3706,3.170197327171397e-05
3707,4.6965886328465356e-05
3708,4.344344485383038e-05
3709,5.870735791058148e-05
3710,6.457809370163969e-05
3711,7.631956528375608e-05
3712,6.105565222700498e-05
3713,5.635906359415825e-05
3714,8.21903010748143e-05
3715,8.80610368658725e-05
3716,0.00012328545161222147
3717,0.00018199280952280322
3718,0.00023482943164232676
3719,0.0002700538463886757
3720,0.0002935367895529085
3721,0.0002583123748065593
3722,0.00021721722426915215
3723,0.000176122073731745
3724,0.00011741471582116325
3725,8.80610368658725e-05
3726,6.457809370163969e-05
3727,4.461759201204185e-05
3728,2.935367895529074e-05
3729,2.348294316423254e-05
3730,3.170197327171397e-05
3731,4.6965886328465356e-05
3732,4.344344485383038e-05
3733,5.870735791058148e-05
3734,6.457809370163969e-05
3735,7.631956528375608e-05
3736,6.105565222700498e-05
3737,5.635906359415825e-05
3738,8.21903010748143e-05
3739,8.80610368658725e-05
3740,0.00012328545161222147
3741,0.00018199280952280322
3742,0.00023482943164232676
3743,0.0002700538463886757
3744,0.0002935367895529085
3745,0.0002583123748065593
3746,0.00021721722426915215
3747,0.000176122073731745
3748,0.00011741471582116325
3749,8.80610368658725e-05
3750,6.457809370163969e-05
3751,4.461759201204185e-05
3752,2.935367895529074e-05
3753,2.348294316423254e-05
3754,3.170197327171397e-05
3755,4.6965886328465356e-05
3756,4.344344485383038e-05
3757,5.870735791058148e-05
3758,6.457809370163969e-05
3759,7.631956528375608e-05
3760,6.105565222700498e-05
3761,5.635906359415825e-05
3762,8.21903010748143e-05
3763,8.80610368658725e-05
3764,0.00012328545161222147
3765,0.00018199280952280322
3766,0.00023482943164232676
3767,0.0002700538463886757
3768,0.0002935367895529085
3769,0.0002583123748065593
3770,0.00021721722426915215
3771,0.000176122073731745
3772,0.00011741471582116325
3773,8.80610368658725e-05
3774,6.457809370163969e-05
3775,4.461759201204185e-05
3776,2.935367895529074e-05
3777,2.348294316423254e-05
3778,3.170197327171397e-05
3779,4.6965886328465356e-05
3780,4.344344485383038e-05
3781,5.870735791058148e-05
3782,6.457809370163969e-05
3783,7.631956528375608e-05
3784,6.105565222700498e-05
3785,5.635906359415825e-05
3786,8.21903010748143e-05
3787,8.80610368658725e-05
3788,0.00012328545161222147
3789,0.00018199280952280322
3790,0.00023482943164232676
3791,0.0002700538463886757
3792,0.0002935367895529085
3793,0.0002583123748065593
3794,0.00021721722426915215
3795,0.000176122073731745
3796,0.00011741471582116325
3797,8.80610368658725e-05
3798,6.457809370163969e-05
3799,4.461759201204185e-05
3800,2.935367895529074e-05
3801,2.348294316423254e-05
3802,3.170197327171397e-05
3803,4.6965886328465356e-05
3804,4.344344485383038e-05
3805,5.870735791058148e-05
3806,6.457809370163969e-05
3807,7.631956528375608e-05
3808,6.105565222700498e-05
3809,5.635906359415825e-05
3810,8.21903010748143e-05
3811,8.80610368658725e-05
3812,0.00012328545161222147
3813,0.00018199280952280322
3814,0.00023482943164232676
3815,0.0002700538463886757
3816,0.0002935367895529085
3817,0.0002583123748065593
3818,0.00021721722426915215
3819,0.000176122073731745
3820,0.00011741471582116325
3821,8.80610368658725e-05
3822,6.457809370163969e-05
3823,4.461759201204185e-05
3824,2.935367895529074e-05
3825,2.348294316423254e-05
3826,3.170197327171397e-05
3827,4.6965886328465356e-05
3828,4.344344485383038e-05
3829,5.870735791058148e-05
3830,6.457809370163969e-05
3831,7.631956528375608e-05
3832,6.105565222700498e-05
3833,5.635906359415825e-05
3834,8.21903010748143e-05
3835,8.80610368658725e-05
3836,0.00012328545161222147
3837,0.00018199280952280322
3838,0.00023482943164232676
3839,0.0002700538463886757
3840,0.0002935367895529085
3841,0.0002583123748065593
3842,0.00021721722426915215
3843,0.000176122073731745
3844,0.00011741471582116325
3845,8.80610368658725e-05
3846,6.457809370163969e-05
3847,4.461759201204185e-05
3848,2.935367895529074e-05
3849,2.348294316423254e-05
3850,3.170197327171397e-05
3851,4.6965886328465356e-05
3852,4.344344485383038e-05
3853,5.870735791058148e-05
3854,6.457809370163969e-05
3855,7.631956528375608e-05
3856,6.105565222700498e-05
3857,5.635906359415825e-05
3858,8.21903010748143e-05
3859,8.80610368658725e-05
3860,0.00012328545161222147
3861,0.00018199280952280322
3862,0.00023482943164232676
3863,0.0002700538463886757
3864,0.0002935367895529085
3865,0.0002583123748065593
3866,0.00021721722426915215
3867,0.000176122073731745
3868,0.00011741471582116325
3869,8.80610368658725e-05
3870,6.457809370163969e-05
3871,4.461759201204185e-05
3872,2.935367895529074e-05
3873,2.348294316423254e-05
3874,3.170197327171397e-05
3875,4.6965886328465356e-05
3876,4.344344485383038e-05
3877,5.870735791058148e-05
3878,6.457809370163969e-05
3879,7.631956528375608e-05
3880,6.105565222700498e-05
3881,5.635906359415825e-05
3882,8.21903010748143e-05
3883,8.80610368658725e-05
3884,0.00012328545161222147
3885,0.00018199280952280322
3886,0.00023482943164232676
3887,0.0002700538463886757
3888,0.0002935367895529085
3889,0.0002583123748065593
3890,0.00021721722426915215
3891,0.000176122073731745
3892,0.00011741471582116325
3893,8.80610368658725e-05
3894,6.457809370163969e-05
3895,4.461759201204185e-05
3896,2.935367895529074e-05
3897,2.348294316423254e-05
3898,3.170197327171397e-05
3899,4.6965886328465356e-05
3900,4.344344485383038e-05
3901,5.870735791058148e-05
3902,6.457809370163969e-05
3903,7.631956528375608e-05
3904,6.105565222700498e-05
3905,5.635906359415825e-05
3906,8.21903010748143e-05
3907,8.80610368658725e-05
3908,0.00012328545161222147
3909,0.00018199280952280322
3910,0.00023482943164232676
3911,0.0002700538463886757
3912,0.0002935367895529085
3913,0.0002583123748065593
3914,0.00021721722426915215
3915,0.000176122073731745
3916,0.00011741471582116325
3917,8.80610368658725e-05
3918,6.457809370163969e-05
3919,4.461759201204185e-05
3920,2.935367895529074e-05
3921,2.348294316423254e-05
3922,3.170197327171397e-05
3923,4.6965886328465356e-05
3924,4.344344485383038e-05
3925,5.870735791058148e-05
3926,6.457809370163969e-05
3927,7.631956528375608e-05
3928,6.105565222700498e-05
3929,5.635906359415825e-05
3930,8.21903010748143e-05
3931,8.80610368658725e-05
3932,0.00012328545161222147
3933,0.00018199280952280322
3934,0.00023482943164232676
3935,0.0002700538463886757
3936,0.0002935367895529085
3937,0.0002583123748065593
3938,0.00021721722426915215
3939,0.000176122073731745
3940,0.00011741471582116325
3941,8.80610368658725e-05
3942,6.457809370163969e-05
3943,4.461759201204185e-05
3944,2.935367895529074e-05
3945,2.348294316423254e-05
3946,3.170197327171397e-05
3947,4.6965886328465356e-05
3948,4.344344485383038e-05
3949,5.870735791058148e-05
3950,6.457809370163969e-05
3951,7.631956528375608e-05
3952,6.105565222700498e-05
3953,5.635906359415825e-05
3954,8.21903010748143e-05
3955,8.80610368658725e-05
3956,0.00012328545161222147
3957,0.00018199280952280322
3958,0.00023482943164232676
3959,0.0002700538463886757
3960,0.0002935367895529085
3961,0.0002583123748065593
3962,0.00021721722426915215
3963,0.000176122073731745
3964,0.00011741471582116325
3965,8.80610368658725e-05
3966,6.457809370163969e-05
3967,4.461759201204185e-05
3968,2.935367895529074e-05
3969,2.348294316423254e-05
3970,3.170197327171397e-05
3971,4.6965886328465356e-05
3972,4.344344485383038e-05
3973,5.870735791058148e-05
3974,6.457809370163969e-05
3975,7.631956528375608e-05
3976,6.105565222700498e-05
3977,5.635906359415825e-05
3978,8.21903010748143e-05
3979,8.80610368658725e-05
3980,0.00012328545161222147
3981,0.00018199280952280322
3982,0.00023482943164232676
3983,0.0002700538463886757
3984,0.0002935367895529085
3985,0.0002583123748065593
3986,0.00021721722426915215
3987,0.000176122073731745
3988,0.00011741471582116325
3989,8.80610368658725e-05
3990,6.457809370163969e-05
3991,4.461759201204185e-05
3992,2.935367895529074e-05
3993,2.348294316423254e-05
3994,3.170197327171397e-05
3995,4.6965886328465356e-05
3996,4.344344485383038e-05
3997,5.870735791058148e-05
3998,6.457809370163969e-05
3999,7.631956528375608e-05
4000,6.105565222700498e-05
4001,5.635906359415825e-05
4002,8.21903010748143e-05
4003,8.80610368658725e-05
4004,0.00012328545161222147
4005,0.00018199280952280322
4006,0.00023482943164232676
4007,0.0002700538463886757
4008,0.0002935367895529085
4009,0.0002583123748065593
4010,0.00021721722426915215
4011,0.000176122073731745
4012,0.00011741471582116325
4013,8.80610368658725e-05
4014,6.457809370163969e-05
4015,4.461759201204185e-05
4016,2.935367895529074e-05
4017,2.348294316423254e-05
4018,3.170197327171397e-05
4019,4.6965886328465356e-05
4020,4.344344485383038e-05
4021,5.870735791058148e-05
4022,6.457809370163969e-05
4023,7.631956528375608e-05
4024,6.105565222700498e-05
4025,5.635906359415825e-05
4026,8.21903010748143e-05
4027,8.80610368658725e-05
4028,0.00012328545161222147
4029,0.00018199280952280322
4030,0.00023482943164232676
4031,0.0002700538463886757
4032,0.0002935367895529085
4033,0.0002583123748065593
4034,0.00021721722426915215
4035,0.000176122073731745
4036,0.00011741471582116325
4037,8.80610368658725e-05
4038,6.457809370163969e-05
4039,4.461759201204185e-05
4040,2.935367895529074e-05
4041,2.348294316423254e-05
4042,3.170197327171397e-05
4043,4.6965886328465356e-05
4044,4.344344485383038e-05
4045,5.870735791058148e-05
4046,6.457809370163969e-05
4047,7.631956528375608e-05
4048,6.105565222700498e-05
4049,5.635906359415825e-05
4050,8.21903010748143e-05
4051,8.80610368658725e-05
4052,0.00012328545161222147
4053,0.00018199280952280322
4054,0.00023482943164232676
4055,0.0002700538463886757
4056,0.0002935367895529085
4057,0.0002583123748065593
4058,0.00021721722426915215
4059,0.000176122073731745
4060,0.00011741471582116325
4061,8.80610368658725e-05
4062,6.457809370163969e-05
4063,4.461759201204185e-05
4064,2.935367895529074e-05
4065,2.348294316423254e-05
4066,3.170197327171397e-05
4067,4.6965886328465356e-05
4068,4.344344485383038e-05
4069,5.870735791058148e-05
4070,6.457809370163969e-05
4071,7.631956528375608e-05
4072,6.105565222700498e-05
4073,5.635906359415825e-05
4074,8.21903010748143e-05
4075,8.80610368658725e-05
4076,0.00012328545161222147
4077,0.00018199280952280322
4078,0.00023482943164232676
4079,0.0002700538463886757
4080,0.0002935367895529085
4081,0.0002583123748065593
4082,0.00021721722426915215
4083,0.000176122073731745
4084,0.00011741471582116325
4085,8.80610368658725e-05
4086,6.457809370163969e-05
4087,4.461759201204185e-05
4088,2.935367895529074e-05
4089,2.348294316423254e-05
4090,3.170197327171397e-05
4091,4.6965886328465356e-05
4092,4.344344485383038e-05
4093,5.870735791058148e-05
4094,6.457809370163969e-05
4095,7.631956528375608e-05
4096,6.105565222700498e-05
4097,5.635906359415825e-05
4098,8.21903010748143e-05
4099,8.80610368658725e-05
4100,0.00012328545161222147
4101,0.00018199280952280322
4102,0.00023482943164232676
4103,0.0002700538463886757
4104,0.0002935367895529085
4105,0.0002583123748065593
4106,0.00021721722426915215
4107,0.000176122073731745
4108,0.00011741471582116325
4109,8.80610368658725e-05
4110,6.457809370163969e-05
4111,4.461759201204185e-05
4112,2.935367895529074e-05
4113,2.348294316423254e-05
4114,3.170197327171397e-05
4115,4.6965886328465356e-05
4116,4.344344485383038e-05
4117,5.870735791058148e-05
4118,6.457809370163969e-05
4119,7.631956528375608e-05
4120,6.105565222700498e-05
4121,5.635906359415825e-05
4122,8.21903010748143e-05
4123,8.80610368658725e-05
4124,0.00012328545161222147
4125,0.00018199280952280322
4126,0.00023482943164232676
4127,0.0002700538463886757
4128,0.0002935367895529085
4129,0.0002583123748065593
4130,0.00021721722426915215
4131,0.000176122073731745
4132,0.00011741471582116325
4133,8.80610368658725e-05
4134,6.457809370163969e-05
4135,4.461759201204185e-05
4136,2.935367895529074e-05
4137,2.348294316423254e-05
4138,3.170197327171397e-05
4139,4.6965886328465356e-05
4140,4.344344485383038e-05
4141,5.870735791058148e-05
4142,6.457809370163969e-05
4143,7.631956528375608e-05
4144,6.105565222700498e-05
4145,5.635906359415825e-05
4146,8.21903010748143e-05
4147,8.80610368658725e-05
4148,0.00012328545161222147
4149,0.00018199280952280322
4150,0.00023482943164232676
4151,0.0002700538463886757
4152,0.0002935367895529085
4153,0.0002583123748065593
4154,0.00021721722426915215
4155,0.000176122073731745
4156,0.00011741471582116325
4157,8.80610368658725e-05
4158,6.457809370163969e-05
4159,4.461759201204185e-05
4160,2.935367895529074e-05
4161,2.348294316423254e-05
4162,3.170197327171397e-05
4163,4.6965886328465356e-05
4164,4.344344485383038e-05
4165,5.870735791058148e-05
4166,6.457809370163969e-05
4167,7.631956528375608e-05
4168,6.105565222700498e-05
4169,5.635906359415825e-05
4170,8.21903010748143e-05
4171,8.80610368658725e-05
4172,0.00012328545161222147
4173,0.00018199280952280322
4174,0.00023482943164232676
4175,0.0002700538463886757
4176,0.0002935367895529085
4177,0.0002583123748065593
4178,0.00021721722426915215
4179,0.000176122073731745
4180,0.00011741471582116325
4181,8.80610368658725e-05
4182,6.457809370163969e-05
4183,4.461759201204185e-05
4184,2.935367895529074e-05
4185,2.348294316423254e-05
4186,3.170197327171397e-05
4187,4.6965886328465356e-05
4188,4.344344485383038e-05
4189,5.870735791058148e-05
4190,6.457809370163969e-05
4191,7.631956528375608e-05
4192,6.105565222700498e-05
4193,5.635906359415825e-05
4194,8.21903010748143e-05
4195,8.80610368658725e-05
4196,0.00012328545161222147
4197,0.00018199280952280322
4198,0.00023482943164232676
4199,0.0002700538463886757
4200,0.0002935367895529085
4201,0.0002583123748065593
4202,0.00021721722426915215
4203,0.000176122073731745
4204,0.00011741471582116325
4205,8.80610368658725e-05
4206,6.457809370163969e-05
4207,4.461759201204185e-05
4208,2.935367895529074e-05
4209,2.348294316423254e-05
4210,3.170197327171397e-05
4211,4.6965886328465356e-05
4212,4.344344485383038e-05
4213,5.870735791058148e-05
4214,6.457809370163969e-05
4215,7.631956528375608e-05
4216,6.105565222700498e-05
4217,5.635906359415825e-05
4218,8.21903010748143e-05
4219,8.80610368658725e-05
4220,0.00012328545161222147
4221,0.00018199280952280322
4222,0.00023482943164232676
4223,0.0002700538463886757
4224,0.0002935367895529085
4225,0.0002583123748065593
4226,0.00021721722426915215
4227,0.000176122073731745
4228,0.00011741471582116325
4229,8.80610368658725e-05
4230,6.457809370163969e-05
4231,4.461759201204185e-05
4232,2.935367895529074e-05
4233,2.348294316423254e-05
4234,3.170197327171397e-05
4235,4.6965886328465356e-05
4236,4.344344485383038e-05
4237,5.870735791058148e-05
4238,6.457809370163969e-05
4239,7.631956528375608e-05
4240,6.105565222700498e-05
4241,5.635906359415825e-05
4242,8.21903010748143e-05
4243,8.80610368658725e-05
4244,0.00012328545161222147
4245,0.00018199280952280322
4246,0.00023482943164232676
4247,0.0002700538463886757
4248,0.0002935367895529085
4249,0.0002583123748065593
4250,0.00021721722426915215
4251,0.000176122073731745
4252,0.00011741471582116325
4253,8.80610368658725e-05
4254,6.457809370163969e-05
4255,4.461759201204185e-05
4256,2.935367895529074e-05
4257,2.348294316423254e-05
4258,3.170197327171397e-05
4259,4.6965886328465356e-05
4260,4.344344485383038e-05
4261,5.870735791058148e-05
4262,6.457809370163969e-05
4263,7.631956528375608e-05
4264,6.105565222700498e-05
4265,5.635906359415825e-05
4266,8.21903010748143e-05
4267,8.80610368658725e-05
4268,0.00012328545161222147
4269,0.00018199280952280322
4270,0.00023482943164232676
4271,0.0002700538463886757
4272,0.0002935367895529085
4273,0.0002583123748065593
4274,0.00021721722426915215
4275,0.000176122073731745
4276,0.00011741471582116325
4277,8.80610368658725e-05
4278,6.457809370163969e-05
4279,4.461759201204185e-05
4280,2.935367895529074e-05
4281,2.348294316423254e-05
4282,3.170197327171397e-05
4283,4.6965886328465356e-05
4284,4.344344485383038e-05
4285,5.870735791058148e-05
4286,6.457809370163969e-05
4287,7.631956528375608e-05
4288,6.105565222700498e-05
4289,5.635906359415825e-05
4290,8.21903010748143e-05
4291,8.80610368658725e-05
4292,0.00012328545161222147
4293,0.00018199280952280322
4294,0.00023482943164232676
4295,0.0002700538463886757
4296,0.0002935367895529085
4297,0.0002583123748065593
4298,0.00021721722426915215
4299,0.000176122073731745
4300,0.00011741471582116325
4301,8.80610368658725e-05
4302,6.457809370163969e-05
4303,4.461759201204185e-05
4304,2.935367895529074e-05
4305,2.348294316423254e-05
4306,3.170197327171397e-05
4307,4.6965886328465356e-05
4308,4.344344485383038e-05
4309,5.870735791058148e-05
4310,6.457809370163969e-05
4311,7.631956528375608e-05
4312,6.105565222700498e-05
4313,5.635906359415825e-05
4314,8.21903010748143e-05
4315,8.80610368658725e-05
4316,0.00012328545161222147
4317,0.00018199280952280322
4318,0.00023482943164232676
4319,0.0002700538463886757
4320,0.0002935367895529085
4321,0.0002583123748065593
4322,0.00021721722426915215
4323,0.000176122073731745
4324,0.00011741471582116325
4325,8.80610368658725e-05
4326,6.457809370163969e-05
4327,4.461759201204185e-05
4328,2.935367895529074e-05
4329,2.348294316423254e-05
4330,3.170197327171397e-05
4331,4.6965886328465356e-05
4332,4.344344485383038e-05
4333,5.870735791058148e-05
4334,6.457809370163969e-05
4335,7.631956528375608e-05
4336,6.105565222700498e-05
4337,5.635906359415825e-05
4338,8.21903010748143e-05
4339,8.80610368658725e-05
4340,0.00012328545161222147
4341,0.00018199280952280322
4342,0.00023482943164232676
4343,0.0002700538463886757
4344,0.0002935367895529085
4345,0.0002583123748065593
4346,0.00021721722426915215
4347,0.000176122073731745
4348,0.00011741471582116325
4349,8.80610368658725e-05
4350,6.457809370163969e-05
4351,4.461759201204185e-05
4352,2.935367895529074e-05
4353,2.348294316423254e-05
4354,3.170197327171397e-05
4355,4.6965886328465356e-05
4356,4.344344485383038e-05
4357,5.870735791058148e-05
4358,6.457809370163969e-05
4359,7.631956528375608e-05
4360,6.105565222700498e-05
4361,5.635906359415825e-05
4362,8.21903010748143e-05
4363,8.80610368658725e-05
4364,0.00012328545161222147
4365,0.00018199280952280322
4366,0.00023482943164232676
4367,0.0002700538463886757
4368,0.0002935367895529085
4369,0.0002583123748065593
4370,0.00021721722426915215
4371,0.000176122073731745
4372,0.00011741471582116325
4373,8.80610368658725e-05
4374,6.457809370163969e-05
4375,4.461759201204185e-05
4376,2.935367895529074e-05
4377,2.348294316423254e-05
4378,3.170197327171397e-05
4379,4.6965886328465356e-05
4380,4.344344485383038e-05
4381,5.870735791058148e-05
4382,6.457809370163969e-05
4383,7.631956528375608e-05
4384,6.105565222700498e-05
4385,5.635906359415825e-05
4386,8.21903010748143e-05
4387,8.80610368658725e-05
4388,0.00012328545161222147
4389,0.00018199280952280322
4390,0.00023482943164232676
4391,0.0002700538463886757
4392,0.0002935367895529085
4393,0.0002583123748065593
4394,0.00021721722426915215
4395,0.000176122073731745
4396,0.00011741471582116325
4397,8.80610368658725e-05
4398,6.457809370163969e-05
4399,4.461759201204185e-05
4400,2.935367895529074e-05
4401,2.348294316423254e-05
4402,3.170197327171397e-05
4403,4.6965886328465356e-05
4404,4.344344485383038e-05
4405,5.870735791058148e-05
4406,6.457809370163969e-05
4407,7.631956528375608e-05
4408,6.105565222700498e-05
4409,5.635906359415825e-05
4410,8.21903010748143e-05
4411,8.80610368658725e-05
4412,0.00012328545161222147
4413,0.00018199280952280322
4414,0.00023482943164232676
4415,0.0002700538463886757
4416,0.0002935367895529085
4417,0.0002583123748065593
4418,0.00021721722426915215
4419,0.000176122073731745
4420,0.00011741471582116325
4421,8.80610368658725e-05
4422,6.457809370163969e-05
4423,4.461759201204185e-05
4424,2.935367895529074e-05
4425,2.348294316423254e-05
4426,3.170197327171397e-05
4427,4.6965886328465356e-05
4428,4.344344485383038e-05
4429,5.870735791058148e-05
4430,6.457809370163969e-05
4431,7.631956528375608e-05
4432,6.105565222700498e-05
4433,5.635906359415825e-05
4434,8.21903010748143e-05
4435,8.80610368658725e-05
4436,0.00012328545161222147
4437,0.00018199280952280322
4438,0.00023482943164232676
4439,0.0002700538463886757
4440,0.0002935367895529085
4441,0.0002583123748065593
4442,0.00021721722426915215
4443,0.000176122073731745
4444,0.00011741471582116325
4445,8.80610368658725e-05
4446,6.457809370163969e-05
4447,4.461759201204185e-05
4448,2.935367895529074e-05
4449,2.348294316423254e-05
4450,3.170197327171397e-05
4451,4.6965886328465356e-05
4452,4.344344485383038e-05
4453,5.870735791058148e-05
4454,6.457809370163969e-05
4455,7.631956528375608e-05
4456,6.105565222700498e-05
4457,5.635906359415825e-05
4458,8.21903010748143e-05
4459,8.80610368658725e-05
4460,0.00012328545161222147
4461,0.00018199280952280322
4462,0.00023482943164232676
4463,0.0002700538463886757
4464,0.0002935367895529085
4465,0.0002583123748065593
4466,0.00021721722426915215
4467,0.000176122073731745
4468,0.00011741471582116325
4469,8.80610368658725e-05
4470,6.457809370163969e-05
4471,4.461759201204185e-05
4472,2.935367895529074e-05
4473,2.348294316423254e-05
4474,3.170197327171397e-05
4475,4.6965886328465356e-05
4476,4.344344485383038e-05
4477,5.870735791058148e-05
4478,6.457809370163969e-05
4479,7.631956528375608e-05
4480,6.105565222700498e-05
4481,5.635906359415825e-05
4482,8.21903010748143e-05
4483,8.80610368658725e-05
4484,0.00012328545161222147
4485,0.00018199280952280322
4486,0.00023482943164232676
4487,0.0002700538463886757
4488,0.0002935367895529085
4489,0.0002583123748065593
4490,0.00021721722426915215
4491,0.000176122073731745
4492,0.00011741471582116325
4493,8.80610368658725e-05
4494,6.457809370163969e-05
4495,4.461759201204185e-05
4496,2.935367895529074e-05
4497,2.348294316423254e-05
4498,3.170197327171397e-05
4499,4.6965886328465356e-05
4500,4.344344485383038e-05
4501,5.870735791058148e-05
4502,6.457809370163969e-05
4503,7.631956528375608e-05
4504,6.105565222700498e-05
4505,5.635906359415825e-05
4506,8.21903010748143e-05
4507,8.80610368658725e-05
4508,0.00012328545161222147
4509,0.00018199280952280322
4510,0.00023482943164232676
4511,0.0002700538463886757
4512,0.0002935367895529085
4513,0.0002583123748065593
4514,0.00021721722426915215
4515,0.000176122073731745
4516,0.00011741471582116325
4517,8.80610368658725e-05
4518,6.457809370163969e-05
4519,4.461759201204185e-05
4520,2.935367895529074e-05
4521,2.348294316423254e-05
4522,3.170197327171397e-05
4523,4.6965886328465356e-05
4524,4.344344485383038e-05
4525,5.870735791058148e-05
4526,6.457809370163969e-05
4527,7.631956528375608e-05
4528,6.105565222700498e-05
4529,5.635906359415825e-05
4530,8.21903010748143e-05
4531,8.80610368658725e-05
4532,0.00012328545161222147
4533,0.00018199280952280322
4534,0.00023482943164232676
4535,0.0002700538463886757
4536,0.0002935367895529085
4537,0.0002583123748065593
4538,0.00021721722426915215
4539,0.000176122073731745
4540,0.00011741471582116325
4541,8.80610368658725e-05
4542,6.457809370163969e-05
4543,4.461759201204185e-05
4544,2.935367895529074e-05
4545,2.348294316423254e-05
4546,3.170197327171397e-05
4547,4.6965886328465356e-05
4548,4.344344485383038e-05
4549,5.870735791058148e-05
4550,6.457809370163969e-05
4551,7.631956528375608e-05
4552,6.105565222700498e-05
4553,5.635906359415825e-05
4554,8.21903010748143e-05
4555,8.80610368658725e-05
4556,0.00012328545161222147
4557,0.00018199280952280322
4558,0.00023482943164232676
4559,0.0002700538463886757
4560,0.0002935367895529085
4561,0.0002583123748065593
4562,0.00021721722426915215
4563,0.000176122073731745
4564,0.00011741471582116325
4565,8.80610368658725e-05
4566,6.457809370163969e-05
4567,4.461759201204185e-05
4568,2.935367895529074e-05
4569,2.348294316423254e-05
4570,3.170197327171397e-05
4571,4.6965886328465356e-05
4572,4.344344485383038e-05
4573,5.870735791058148e-05
4574,6.457809370163969e-05
4575,7.631956528375608e-05
4576,6.105565222700498e-05
4577,5.635906359415825e-05
4578,8.21903010748143e-05
4579,8.80610368658725e-05
4580,0.00012328545161222147
4581,0.00018199280952280322
4582,0.00023482943164232676
4583,0.0002700538463886757
4584,0.0002935367895529085
4585,0.0002583123748065593
4586,0.00021721722426915215
4587,0.000176122073731745
4588,0.00011741471582116325
4589,8.80610368658725e-05
4590,6.457809370163969e-05
4591,4.461759201204185e-05
4592,2.935367895529074e-05
4593,2.348294316423254e-05
4594,3.170197327171397e-05
4595,4.6965886328465356e-05
4596,4.344344485383038e-05
4597,5.870735791058148e-05
4598,6.457809370163969e-05
4599,7.631956528375608e-05
4600,6.105565222700498e-05
4601,5.635906359415825e-05
4602,8.21903010748143e-05
4603,8.80610368658725e-05
4604,0.00012328545161222147
4605,0.00018199280952280322
4606,0.00023482943164232676
4607,0.0002700538463886757
4608,0.0002935367895529085
4609,0.0002583123748065593
4610,0.00021721722426915215
4611,0.000176122073731745
4612,0.00011741471582116325
4613,8.80610368658725e-05
4614,6.457809370163969e-05
4615,4.461759201204185e-05
4616,2.935367895529074e-05
4617,2.348294316423254e-05
4618,3.170197327171397e-05
4619,4.6965886328465356e-05
4620,4.344344485383038e-05
4621,5.870735791058148e-05
4622,6.457809370163969e-05
4623,7.631956528375608e-05
4624,6.105565222700498e-05
4625,5.635906359415825e-05
4626,8.21903010748143e-05
4627,8.80610368658725e-05
4628,0.00012328545161222147
4629,0.00018199280952280322
4630,0.00023482943164232676
4631,0.0002700538463886757
4632,0.0002935367895529085
4633,0.0002583123748065593
4634,0.00021721722426915215
4635,0.000176122073731745
4636,0.00011741471582116325
4637,8.80610368658725e-05
4638,6.457809370163969e-05
4639,4.461759201204185e-05
4640,2.935367895529074e-05
4641,2.348294316423254e-05
4642,3.170197327171397e-05
4643,4.6965886328465356e-05
4644,4.344344485383038e-05
4645,5.870735791058148e-05
4646,6.457809370163969e-05
4647,7.631956528375608e-05
4648,6.105565222700498e-05
4649,5.635906359415825e-05
4650,8.21903010748143e-05
4651,8.80610368658725e-05
4652,0.00012328545161222147
4653,0.00018199280952280322
4654,0.00023482943164232676
4655,0.0002700538463886757
4656,0.0002935367895529085
4657,0.0002583123748065593
4658,0.00021721722426915215
4659,0.000176122073731745
4660,0.00011741471582116325
4661,8.80610368658725e-05
4662,6.457809370163969e-05
4663,4.461759201204185e-05
4664,2.935367895529074e-05
4665,2.348294316423254e-05
4666,3.170197327171397e-05
4667,4.6965886328465356e-05
4668,4.344344485383038e-05
4669,5.870735791058148e-05
4670,6.457809370163969e-05
4671,7.631956528375608e-05
4672,6.105565222700498e-05
4673,5.635906359415825e-05
4674,8.21903010748143e-05
4675,8.80610368658725e-05
4676,0.00012328545161222147
4677,0.00018199280952280322
4678,0.00023482943164232676
4679,0.0002700538463886757
4680,0.0002935367895529085
4681,0.0002583123748065593
4682,0.00021721722426915215
4683,0.000176122073731745
4684,0.00011741471582116325
4685,8.80610368658725e-05
4686,6.457809370163969e-05
4687,4.461759201204185e-05
4688,2.935367895529074e-05
4689,2.348294316423254e-05
4690,3.170197327171397e-05
4691,4.6965886328465356e-05
4692,4.344344485383038e-05
4693,5.870735791058148e-05
4694,6.457809370163969e-05
4695,7.631956528375608e-05
4696,6.105565222700498e-05
4697,5.635906359415825e-05
4698,8.21903010748143e-05
4699,8.80610368658725e-05
4700,0.00012328545161222147
4701,0.00018199280952280322
4702,0.00023482943164232676
4703,0.0002700538463886757
4704,0.0002935367895529085
4705,0.0002583123748065593
4706,0.00021721722426915215
4707,0.000176122073731745
4708,0.00011741471582116325
4709,8.80610368658725e-05
4710,6.457809370163969e-05
4711,4.461759201204185e-05
4712,2.935367895529074e-05
4713,2.348294316423254e-05
4714,3.170197327171397e-05
4715,4.6965886328465356e-05
4716,4.344344485383038e-05
4717,5.870735791058148e-05
4718,6.457809370163969e-05
4719,7.631956528375608e-05
4720,6.105565222700498e-05
4721,5.635906359415825e-05
4722,8.21903010748143e-05
4723,8.80610368658725e-05
4724,0.00012328545161222147
4725,0.00018199280952280322
4726,0.00023482943164232676
4727,0.0002700538463886757
4728,0.0002935367895529085
4729,0.0002583123748065593
4730,0.00021721722426915215
4731,0.000176122073731745
4732,0.00011741471582116325
4733,8.80610368658725e-05
4734,6.457809370163969e-05
4735,4.461759201204185e-05
4736,2.935367895529074e-05
4737,2.348294316423254e-05
4738,3.170197327171397e-05
4739,4.6965886328465356e-05
4740,4.344344485383038e-05
4741,5.870735791058148e-05
4742,6.457809370163969e-05
4743,7.631956528375608e-05
4744,6.105565222700498e-05
4745,5.635906359415825e-05
4746,8.21903010748143e-05
4747,8.80610368658725e-05
4748,0.00012328545161222147
4749,0.00018199280952280322
4750,0.00023482943164232676
4751,0.0002700538463886757
4752,0.0002935367895529085
4753,0.0002583123748065593
4754,0.00021721722426915215
4755,0.000176122073731745
4756,0.00011741471582116325
4757,8.80610368658725e-05
4758,6.457809370163969e-05
4759,4.461759201204185e-05
4760,2.935367895529074e-05
4761,2.348294316423254e-05
4762,3.170197327171397e-05
4763,4.6965886328465356e-05
4764,4.344344485383038e-05
4765,5.870735791058148e-05
4766,6.457809370163969e-05
4767,7.631956528375608e-05
4768,6.105565222700498e-05
4769,5.635906359415825e-05
4770,8.21903010748143e-05
4771,8.80610368658725e-05
4772,0.00012328545161222147
4773,0.00018199280952280322
4774,0.00023482943164232676
4775,0.0002700538463886757
4776,0.0002935367895529085
4777,0.0002583123748065593
4778,0.00021721722426915215
4779,0.000176122073731745
4780,0.00011741471582116325
4781,8.80610368658725e-05
4782,6.457809370163969e-05
4783,4.461759201204185e-05
4784,2.935367895529074e-05
4785,2.348294316423254e-05
4786,3.170197327171397e-05
4787,4.6965886328465356e-05
4788,4.344344485383038e-05
4789,5.870735791058148e-05
4790,6.457809370163969e-05
4791,7.631956528375608e-05
4792,6.105565222700498e-05
4793,5.635906359415825e-05
4794,8.21903010748143e-05
4795,8.80610368658725e-05
4796,0.00012328545161222147
4797,0.00018199280952280322
4798,0.00023482943164232676
4799,0.0002700538463886757
4800,0.0002935367895529085
4801,0.0002583123748065593
4802,0.00021721722426915215
4803,0.000176122073731745
4804,0.00011741471582116325
4805,8.80610368658725e-05
4806,6.457809370163969e-05
4807,4.461759201204185e-05
4808,2.935367895529074e-05
4809,2.348294316423254e-05
4810,3.170197327171397e-05
4811,4.6965886328465356e-05
4812,4.344344485383038e-05
4813,5.870735791058148e-05
4814,6.457809370163969e-05
4815,7.631956528375608e-05
4816,6.105565222700498e-05
4817,5.635906359415825e-05
4818,8.21903010748143e-05
4819,8.80610368658725e-05
4820,0.00012328545161222147
4821,0.00018199280952280322
4822,0.00023482943164232676
4823,0.0002700538463886757
4824,0.0002935367895529085
4825,0.0002583123748065593
4826,0.00021721722426915215
4827,0.000176122073731745
4828,0.00011741471582116325
4829,8.80610368658725e-05
4830,6.457809370163969e-05
4831,4.461759201204185e-05
4832,2.935367895529074e-05
4833,2.348294316423254e-05
4834,3.170197327171397e-05
4835,4.6965886328465356e-05
4836,4.344344485383038e-05
4837,5.870735791058148e-05
4838,6.457809370163969e-05
4839,7.631956528375608e-05
4840,6.105565222700498e-05
4841,5.635906359415825e-05
4842,8.21903010748143e-05
4843,8.80610368658725e-05
4844,0.00012328545161222147
4845,0.00018199280952280322
4846,0.00023482943164232676
4847,0.0002700538463886757
4848,0.0002935367895529085
4849,0.0002583123748065593
4850,0.00021721722426915215
4851,0.000176122073731745
4852,0.00011741471582116325
4853,8.80610368658725e-05
4854,6.457809370163969e-05
4855,4.461759201204185e-05
4856,2.935367895529074e-05
4857,2.348294316423254e-05
4858,3.170197327171397e-05
4859,4.6965886328465356e-05
4860,4.344344485383038e-05
4861,5.870735791058148e-05
4862,6.457809370163969e-05
4863,7.631956528375608e-05
4864,6.105565222700498e-05
4865,5.635906359415825e-05
4866,8.21903010748143e-05
4867,8.80610368658725e-05
4868,0.00012328545161222147
4869,0.00018199280952280322
4870,0.00023482943164232676
4871,0.0002700538463886757
4872,0.0002935367895529085
4873,0.0002583123748065593
4874,0.00021721722426915215
4875,0.000176122073731745
4876,0.00011741471582116325
4877,8.80610368658725e-05
4878,6.457809370163969e-05
4879,4.461759201204185e-05
4880,2.935367895529074e-05
4881,2.348294316423254e-05
4882,3.170197327171397e-05
4883,4.6965886328465356e-05
4884,4.344344485383038e-05
4885,5.870735791058148e-05
4886,6.457809370163969e-05
4887,7.631956528375608e-05
4888,6.105565222700498e-05
4889,5.635906359415825e-05
4890,8.21903010748143e-05
4891,8.80610368658725e-05
4892,0.00012328545161222147
4893,0.00018199280952280322
4894,0.00023482943164232676
4895,0.0002700538463886757
4896,0.0002935367895529085
4897,0.0002583123748065593
4898,0.00021721722426915215
4899,0.000176122073731745
4900,0.00011741471582116325
4901,8.80610368658725e-05
4902,6.457809370163969e-05
4903,4.461759201204185e-05
4904,2.935367895529074e-05
4905,2.348294316423254e-05
4906,3.170197327171397e-05
4907,4.6965886328465356e-05
4908,4.344344485383038e-05
4909,5.870735791058148e-05
4910,6.457809370163969e-05
4911,7.631956528375608e-05
4912,6.105565222700498e-05
4913,5.635906359415825e-05
4914,8.21903010748143e-05
4915,8.80610368658725e-05
4916,0.00012328545161222147
4917,0.00018199280952280322
4918,0.00023482943164232676
4919,0.0002700538463886757
4920,0.0002935367895529085
4921,0.0002583123748065593
4922,0.00021721722426915215
4923,0.000176122073731745
4924,0.00011741471582116325
4925,8.80610368658725e-05
4926,6.457809370163969e-05
4927,4.461759201204185e-05
4928,2.935367895529074e-05
4929,2.348294316423254e-05
4930,3.170197327171397e-05
4931,4.6965886328465356e-05
4932,4.344344485383038e-05
4933,5.870735791058148e-05
4934,6.457809370163969e-05
4935,7.631956528375608e-05
4936,6.105565222700498e-05
4937,5.635906359415825e-05
4938,8.21903010748143e-05
4939,8.80610368658725e-05
4940,0.00012328545161222147
4941,0.00018199280952280322
4942,0.00023482943164232676
4943,0.0002700538463886757
4944,0.0002935367895529085
4945,0.0002583123748065593
4946,0.00021721722426915215
4947,0.000176122073731745
4948,0.00011741471582116325
4949,8.80610368658725e-05
4950,6.457809370163969e-05
4951,4.461759201204185e-05
4952,2.935367895529074e-05
4953,2.348294316423254e-05
4954,3.170197327171397e-05
4955,4.6965886328465356e-05
4956,4.344344485383038e-05
4957,5.870735791058148e-05
4958,6.457809370163969e-05
4959,7.631956528375608e-05
4960,6.105565222700498e-05
4961,5.635906359415825e-05
4962,8.21903010748143e-05
4963,8.80610368658725e-05
4964,0.00012328545161222147
4965,0.00018199280952280322
4966,0.00023482943164232676
4967,0.0002700538463886757
4968,0.0002935367895529085
4969,0.0002583123748065593
4970,0.00021721722426915215
4971,0.000176122073731745
4972,0.00011741471582116325
4973,8.80610368658725e-05
4974,6.457809370163969e-05
4975,4.461759201204185e-05
4976,2.935367895529074e-05
4977,2.348294316423254e-05
4978,3.170197327171397e-05
4979,4.6965886328465356e-05
4980,4.344344485383038e-05
4981,5.870735791058148e-05
4982,6.457809370163969e-05
4983,7.631956528375608e-05
4984,6.105565222700498e-05
4985,5.635906359415825e-05
4986,8.21903010748143e-05
4987,8.80610368658725e-05
4988,0.00012328545161222147
4989,0.00018199280952280322
4990,0.00023482943164232676
4991,0.0002700538463886757
4992,0.0002935367895529085
4993,0.0002583123748065593
4994,0.00021721722426915215
4995,0.000176122073731745
4996,0.00011741471582116325
4997,8.80610368658725e-05
4998,6.457809370163969e-05
4999,4.461759201204185e-05
5000,2.935367895529074e-05
5001,2.348294316423254e-05
5002,3.170197327171397e-05
5003,4.6965886328465356e-05
5004,4.344344485383038e-05
5005,5.870735791058148e-05
5006,6.457809370163969e-05
5007,7.631956528375608e-05
5008,6.105565222700498e-05
5009,5.635906359415825e-05
5010,8.21903010748143e-05
5011,8.80610368658725e-05
5012,0.00012328545161222147
5013,0.00018199280952280322
5014,0.00023482943164232676
5015,0.0002700538463886757
5016,0.0002935367895529085
5017,0.0002583123748065593
5018,0.00021721722426915215
5019,0.000176122073731745
5020,0.00011741471582116325
5021,8.80610368658725e-05
5022,6.457809370163969e-05
5023,4.461759201204185e-05
5024,2.935367895529074e-05
5025,2.348294316423254e-05
5026,3.170197327171397e-05
5027,4.6965886328465356e-05
5028,4.344344485383038e-05
5029,5.870735791058148e-05
5030,6.457809370163969e-05
5031,7.631956528375608e-05
5032,6.105565222700498e-05
5033,5.635906359415825e-05
5034,8.21903010748143e-05
5035,8.80610368658725e-05
5036,0.00012328545161222147
5037,0.00018199280952280322
5038,0.00023482943164232676
5039,0.0002700538463886757
5040,0.0002935367895529085
5041,0.0002583123748065593
5042,0.00021721722426915215
5043,0.000176122073731745
5044,0.00011741471582116325
5045,8.80610368658725e-05
5046,6.457809370163969e-05
5047,4.461759201204185e-05
5048,2.935367895529074e-05
5049,2.348294316423254e-05
5050,3.170197327171397e-05
5051,4.6965886328465356e-05
5052,4.344344485383038e-05
5053,5.870735791058148e-05
5054,6.457809370163969e-05
5055,7.631956528375608e-05
5056,6.105565222700498e-05
5057,5.635906359415825e-05
5058,8.21903010748143e-05
5059,8.80610368658725e-05
5060,0.00012328545161222147
5061,0.00018199280952280322
5062,0.00023482943164232676
5063,0.0002700538463886757
5064,0.0002935367895529085
5065,0.0002583123748065593
5066,0.00021721722426915215
5067,0.000176122073731745
5068,0.00011741471582116325
5069,8.80610368658725e-05
5070,6.457809370163969e-05
5071,4.461759201204185e-05
5072,2.935367895529074e-05
5073,2.348294316423254e-05
5074,3.170197327171397e-05
5075,4.6965886328465356e-05
5076,4.344344485383038e-05
5077,5.870735791058148e-05
5078,6.457809370163969e-05
5079,7.631956528375608e-05
5080,6.105565222700498e-05
5081,5.635906359415825e-05
5082,8.21903010748143e-05
5083,8.80610368658725e-05
5084,0.00012328545161222147
5085,0.00018199280952280322
5086,0.00023482943164232676
5087,0.0002700538463886757
5088,0.0002935367895529085
5089,0.0002583123748065593
5090,0.00021721722426915215
5091,0.000176122073731745
5092,0.00011741471582116325
5093,8.80610368658725e-05
5094,6.457809370163969e-05
5095,4.461759201204185e-05
5096,2.935367895529074e-05
5097,2.348294316423254e-05
5098,3.170197327171397e-05
5099,4.6965886328465356e-05
5100,4.344344485383038e-05
5101,5.870735791058148e-05
5102,6.457809370163969e-05
5103,7.631956528375608e-05
5104,6.105565222700498e-05
5105,5.635906359415825e-05
5106,8.21903010748143e-05
5107,8.80610368658725e-05
5108,0.00012328545161222147
5109,0.00018199280952280322
5110,0.00023482943164232676
5111,0.0002700538463886757
5112,0.0002935367895529085
5113,0.0002583123748065593
5114,0.00021721722426915215
5115,0.000176122073731745
5116,0.00011741471582116325
5117,8.80610368658725e-05
5118,6.457809370163969e-05
5119,4.461759201204185e-05
5120,2.935367895529074e-05
5121,2.348294316423254e-05
5122,3.170197327171397e-05
5123,4.6965886328465356e-05
5124,4.344344485383038e-05
5125,5.870735791058148e-05
5126,6.457809370163969e-05
5127,7.631956528375608e-05
5128,6.105565222700498e-05
5129,5.635906359415825e-05
5130,8.21903010748143e-05
5131,8.80610368658725e-05
5132,0.00012328545161222147
5133,0.00018199280952280322
5134,0.00023482943164232676
5135,0.0002700538463886757
5136,0.0002935367895529085
5137,0.0002583123748065593
5138,0.00021721722426915215
5139,0.000176122073731745
5140,0.00011741471582116325
5141,8.80610368658725e-05
5142,6.457809370163969e-05
5143,4.461759201204185e-05
5144,2.935367895529074e-05
5145,2.348294316423254e-05
5146,3.170197327171397e-05
5147,4.6965886328465356e-05
5148,4.344344485383038e-05
5149,5.870735791058148e-05
5150,6.457809370163969e-05
5151,7.631956528375608e-05
5152,6.105565222700498e-05
5153,5.635906359415825e-05
5154,8.21903010748143e-05
5155,8.80610368658725e-05
5156,0.00012328545161222147
5157,0.00018199280952280322
5158,0.00023482943164232676
5159,0.0002700538463886757
5160,0.0002935367895529085
5161,0.0002583123748065593
5162,0.00021721722426915215
5163,0.000176122073731745
5164,0.00011741471582116325
5165,8.80610368658725e-05
5166,6.457809370163969e-05
5167,4.461759201204185e-05
5168,2.935367895529074e-05
5169,2.348294316423254e-05
5170,3.170197327171397e-05
5171,4.6965886328465356e-05
5172,4.344344485383038e-05
5173,5.870735791058148e-05
5174,6.457809370163969e-05
5175,7.631956528375608e-05
5176,6.105565222700498e-05
5177,5.635906359415825e-05
5178,8.21903010748143e-05
5179,8.80610368658725e-05
5180,0.00012328545161222147
5181,0.00018199280952280322
5182,0.00023482943164232676
5183,0.0002700538463886757
5184,0.0002935367895529085
5185,0.0002583123748065593
5186,0.00021721722426915215
5187,0.000176122073731745
5188,0.00011741471582116325
5189,8.80610368658725e-05
5190,6.457809370163969e-05
5191,4.461759201204185e-05
5192,2.935367895529074e-05
5193,2.348294316423254e-05
5194,3.170197327171397e-05
5195,4.6965886328465356e-05
5196,4.344344485383038e-05
5197,5.870735791058148e-05
5198,6.457809370163969e-05
5199,7.631956528375608e-05
5200,6.105565222700498e-05
5201,5.635906359415825e-05
5202,8.21903010748143e-05
5203,8.80610368658725e-05
5204,0.00012328545161222147
5205,0.00018199280952280322
5206,0.00023482943164232676
5207,0.0002700538463886757
5208,0.0002935367895529085
5209,0.0002583123748065593
5210,0.00021721722426915215
5211,0.000176122073731745
5212,0.00011741471582116325
5213,8.80610368658725e-05
5214,6.457809370163969e-05
5215,4.461759201204185e-05
5216,2.935367895529074e-05
5217,2.348294316423254e-05
5218,3.170197327171397e-05
5219,4.6965886328465356e-05
5220,4.344344485383038e-05
5221,5.870735791058148e-05
5222,6.457809370163969e-05
5223,7.631956528375608e-05
5224,6.105565222700498e-05
5225,5.635906359415825e-05
5226,8.21903010748143e-05
5227,8.80610368658725e-05
5228,0.00012328545161222147
5229,0.00018199280952280322
5230,0.00023482943164232676
5231,0.0002700538463886757
5232,0.0002935367895529085
5233,0.0002583123748065593
5234,0.00021721722426915215
5235,0.000176122073731745
5236,0.00011741471582116325
5237,8.80610368658725e-05
5238,6.457809370163969e-05
5239,4.461759201204185e-05
5240,2.935367895529074e-05
5241,2.348294316423254e-05
5242,3.170197327171397e-05
5243,4.6965886328465356e-05
5244,4.344344485383038e-05
5245,5.870735791058148e-05
5246,6.457809370163969e-05
5247,7.631956528375608e-05
5248,6.105565222700498e-05
5249,5.635906359415825e-05
5250,8.21903010748143e-05
5251,8.80610368658725e-05
5252,0.00012328545161222147
5253,0.00018199280952280322
5254,0.00023482943164232676
5255,0.0002700538463886757
5256,0.0002935367895529085
5257,0.0002583123748065593
5258,0.00021721722426915215
5259,0.000176122073731745
5260,0.00011741471582116325
5261,8.80610368658725e-05
5262,6.457809370163969e-05
5263,4.461759201204185e-05
5264,2.935367895529074e-05
5265,2.348294316423254e-05
5266,3.170197327171397e-05
5267,4.6965886328465356e-05
5268,4.344344485383038e-05
5269,5.870735791058148e-05
5270,6.457809370163969e-05
5271,7.631956528375608e-05
5272,6.105565222700498e-05
5273,5.635906359415825e-05
5274,8.21903010748143e-05
5275,8.80610368658725e-05
5276,0.00012328545161222147
5277,0.00018199280952280322
5278,0.00023482943164232676
5279,0.0002700538463886757
5280,0.0002935367895529085
5281,0.0002583123748065593
5282,0.00021721722426915215
5283,0.000176122073731745
5284,0.00011741471582116325
5285,8.80610368658725e-05
5286,6.457809370163969e-05
5287,4.461759201204185e-05
5288,2.935367895529074e-05
5289,2.348294316423254e-05
5290,3.170197327171397e-05
5291,4.6965886328465356e-05
5292,4.344344485383038e-05
5293,5.870735791058148e-05
5294,6.457809370163969e-05
5295,7.631956528375608e-05
5296,6.105565222700498e-05
5297,5.635906359415825e-05
5298,8.21903010748143e-05
5299,8.80610368658725e-05
5300,0.00012328545161222147
5301,0.00018199280952280322
5302,0.00023482943164232676
5303,0.0002700538463886757
5304,0.0002935367895529085
5305,0.0002583123748065593
5306,0.00021721722426915215
5307,0.000176122073731745
5308,0.00011741471582116325
5309,8.80610368658725e-05
5310,6.457809370163969e-05
5311,4.461759201204185e-05
5312,2.935367895529074e-05
5313,2.348294316423254e-05
5314,3.170197327171397e-05
5315,4.6965886328465356e-05
5316,4.344344485383038e-05
5317,5.870735791058148e-05
5318,6.457809370163969e-05
5319,7.631956528375608e-05
5320,6.105565222700498e-05
5321,5.635906359415825e-05
5322,8.21903010748143e-05
5323,8.80610368658725e-05
5324,0.00012328545161222147
5325,0.00018199280952280322
5326,0.00023482943164232676
5327,0.0002700538463886757
5328,0.0002935367895529085
5329,0.0002583123748065593
5330,0.00021721722426915215
5331,0.000176122073731745
5332,0.00011741471582116325
5333,8.80610368658725e-05
5334,6.457809370163969e-05
5335,4.461759201204185e-05
5336,2.935367895529074e-05
5337,2.348294316423254e-05
5338,3.170197327171397e-05
5339,4.6965886328465356e-05
5340,4.344344485383038e-05
5341,5.870735791058148e-05
5342,6.457809370163969e-05
5343,7.631956528375608e-05
5344,6.105565222700498e-05
5345,5.635906359415825e-05
5346,8.21903010748143e-05
5347,8.80610368658725e-05
5348,0.00012328545161222147
5349,0.00018199280952280322
5350,0.00023482943164232676
5351,0.0002700538463886757
5352,0.0002935367895529085
5353,0.0002583123748065593
5354,0.00021721722426915215
5355,0.000176122073731745
5356,0.00011741471582116325
5357,8.80610368658725e-05
5358,6.457809370163969e-05
5359,4.461759201204185e-05
5360,2.935367895529074e-05
5361,2.348294316423254e-05
5362,3.170197327171397e-05
5363,4.6965886328465356e-05
5364,4.344344485383038e-05
5365,5.870735791058148e-05
5366,6.457809370163969e-05
5367,7.631956528375608e-05
5368,6.105565222700498e-05
5369,5.635906359415825e-05
5370,8.21903010748143e-05
5371,8.80610368658725e-05
5372,0.00012328545161222147
5373,0.00018199280952280322
5374,0.00023482943164232676
5375,0.0002700538463886757
5376,0.0002935367895529085
5377,0.0002583123748065593
5378,0.00021721722426915215
5379,0.000176122073731745
5380,0.00011741471582116325
5381,8.80610368658725e-05
5382,6.457809370163969e-05
5383,4.461759201204185e-05
5384,2.935367895529074e-05
5385,2.348294316423254e-05
5386,3.170197327171397e-05
5387,4.6965886328465356e-05
5388,4.344344485383038e-05
5389,5.870735791058148e-05
5390,6.457809370163969e-05
5391,7.631956528375608e-05
5392,6.105565222700498e-05
5393,5.635906359415825e-05
5394,8.21903010748143e-05
5395,8.80610368658725e-05
5396,0.00012328545161222147
5397,0.00018199280952280322
5398,0.00023482943164232676
5399,0.0002700538463886757
5400,0.0002935367895529085
5401,0.0002583123748065593
5402,0.00021721722426915215
5403,0.000176122073731745
5404,0.00011741471582116325
5405,8.80610368658725e-05
5406,6.457809370163969e-05
5407,4.461759201204185e-05
5408,2.935367895529074e-05
5409,2.348294316423254e-05
5410,3.170197327171397e-05
5411,4.6965886328465356e-05
5412,4.344344485383038e-05
5413,5.870735791058148e-05
5414,6.457809370163969e-05
5415,7.631956528375608e-05
5416,6.105565222700498e-05
5417,5.635906359415825e-05
5418,8.21903010748143e-05
5419,8.80610368658725e-05
5420,0.00012328545161222147
5421,0.00018199280952280322
5422,0.00023482943164232676
5423,0.0002700538463886757
5424,0.0002935367895529085
5425,0.0002583123748065593
5426,0.00021721722426915215
5427,0.000176122073731745
5428,0.00011741471582116325
5429,8.80610368658725e-05
5430,6.457809370163969e-05
5431,4.461759201204185e-05
5432,2.935367895529074e-05
5433,2.348294316423254e-05
5434,3.170197327171397e-05
5435,4.6965886328465356e-05
5436,4.344344485383038e-05
5437,5.870735791058148e-05
5438,6.457809370163969e-05
5439,7.631956528375608e-05
5440,6.105565222700498e-05
5441,5.635906359415825e-05
5442,8.21903010748143e-05
5443,8.80610368658725e-05
5444,0.00012328545161222147
5445,0.00018199280952280322
5446,0.00023482943164232676
5447,0.0002700538463886757
5448,0.0002935367895529085
5449,0.0002583123748065593
5450,0.00021721722426915215
5451,0.000176122073731745
5452,0.00011741471582116325
5453,8.80610368658725e-05
5454,6.457809370163969e-05
5455,4.461759201204185e-05
5456,2.935367895529074e-05
5457,2.348294316423254e-05
5458,3.170197327171397e-05
5459,4.6965886328465356e-05
5460,4.344344485383038e-05
5461,5.870735791058148e-05
5462,6.457809370163969e-05
5463,7.631956528375608e-05
5464,6.105565222700498e-05
5465,5.635906359415825e-05
5466,8.21903010748143e-05
5467,8.80610368658725e-05
5468,0.00012328545161222147
5469,0.00018199280952280322
5470,0.00023482943164232676
5471,0.0002700538463886757
5472,0.0002935367895529085
5473,0.0002583123748065593
5474,0.00021721722426915215
5475,0.000176122073731745
5476,0.00011741471582116325
5477,8.80610368658725e-05
5478,6.457809370163969e-05
5479,4.461759201204185e-05
5480,2.935367895529074e-05
5481,2.348294316423254e-05
5482,3.170197327171397e-05
5483,4.6965886328465356e-05
5484,4.344344485383038e-05
5485,5.870735791058148e-05
5486,6.457809370163969e-05
5487,7.631956528375608e-05
5488,6.105565222700498e-05
5489,5.635906359415825e-05
5490,8.21903010748143e-05
5491,8.80610368658725e-05
5492,0.00012328545161222147
5493,0.00018199280952280322
5494,0.00023482943164232676
5495,0.0002700538463886757
5496,0.0002935367895529085
5497,0.0002583123748065593
5498,0.00021721722426915215
5499,0.000176122073731745
5500,0.00011741471582116325
5501,8.80610368658725e-05
5502,6.457809370163969e-05
5503,4.461759201204185e-05
5504,2.935367895529074e-05
5505,2.348294316423254e-05
5506,3.170197327171397e-05
5507,4.6965886328465356e-05
5508,4.344344485383038e-05
5509,5.870735791058148e-05
5510,6.457809370163969e-05
5511,7.631956528375608e-05
5512,6.105565222700498e-05
5513,5.635906359415825e-05
5514,8.21903010748143e-05
5515,8.80610368658725e-05
5516,0.00012328545161222147
5517,0.00018199280952280322
5518,0.00023482943164232676
5519,0.0002700538463886757
5520,0.0002935367895529085
5521,0.0002583123748065593
5522,0.00021721722426915215
5523,0.000176122073731745
5524,0.00011741471582116325
5525,8.80610368658725e-05
5526,6.457809370163969e-05
5527,4.461759201204185e-05
5528,2.935367895529074e-05
5529,2.348294316423254e-05
5530,3.170197327171397e-05
5531,4.6965886328465356e-05
5532,4.344344485383038e-05
5533,5.870735791058148e-05
5534,6.457809370163969e-05
5535,7.631956528375608e-05
5536,6.105565222700498e-05
5537,5.635906359415825e-05
5538,8.21903010748143e-05
5539,8.80610368658725e-05
5540,0.00012328545161222147
5541,0.00018199280952280322
5542,0.00023482943164232676
5543,0.0002700538463886757
5544,0.0002935367895529085
5545,0.0002583123748065593
5546,0.00021721722426915215
5547,0.000176122073731745
5548,0.00011741471582116325
5549,8.80610368658725e-05
5550,6.457809370163969e-05
5551,4.461759201204185e-05
5552,2.935367895529074e-05
5553,2.348294316423254e-05
5554,3.170197327171397e-05
5555,4.6965886328465356e-05
5556,4.344344485383038e-05
5557,5.870735791058148e-05
5558,6.457809370163969e-05
5559,7.631956528375608e-05
5560,6.105565222700498e-05
5561,5.635906359415825e-05
5562,8.21903010748143e-05
5563,8.80610368658725e-05
5564,0.00012328545161222147
5565,0.00018199280952280322
5566,0.00023482943164232676
5567,0.0002700538463886757
5568,0.0002935367895529085
5569,0.0002583123748065593
5570,0.00021721722426915215
5571,0.000176122073731745
5572,0.00011741471582116325
5573,8.80610368658725e-05
5574,6.457809370163969e-05
5575,4.461759201204185e-05
5576,2.935367895529074e-05
5577,2.348294316423254e-05
5578,3.170197327171397e-05
5579,4.6965886328465356e-05
5580,4.344344485383038e-05
5581,5.870735791058148e-05
5582,6.457809370163969e-05
5583,7.631956528375608e-05
5584,6.105565222700498e-05
5585,5.635906359415825e-05
5586,8.21903010748143e-05
5587,8.80610368658725e-05
5588,0.00012328545161222147
5589,0.00018199280952280322
5590,0.00023482943164232676
5591,0.0002700538463886757
5592,0.0002935367895529085
5593,0.0002583123748065593
5594,0.00021721722426915215
5595,0.000176122073731745
5596,0.00011741471582116325
5597,8.80610368658725e-05
5598,6.457809370163969e-05
5599,4.461759201204185e-05
5600,2.935367895529074e-05
5601,2.348294316423254e-05
5602,3.170197327171397e-05
5603,4.6965886328465356e-05
5604,4.344344485383038e-05
5605,5.870735791058148e-05
5606,6.457809370163969e-05
5607,7.631956528375608e-05
5608,6.105565222700498e-05
5609,5.635906359415825e-05
5610,8.21903010748143e-05
5611,8.80610368658725e-05
5612,0.00012328545161222147
5613,0.00018199280952280322
5614,0.00023482943164232676
5615,0.0002700538463886757
5616,0.0002935367895529085
5617,0.0002583123748065593
5618,0.00021721722426915215
5619,0.000176122073731745
5620,0.00011741471582116325
5621,8.80610368658725e-05
5622,6.457809370163969e-05
5623,4.461759201204185e-05
5624,2.935367895529074e-05
5625,2.348294316423254e-05
5626,3.170197327171397e-05
5627,4.6965886328465356e-05
5628,4.344344485383038e-05
5629,5.870735791058148e-05
5630,6.457809370163969e-05
5631,7.631956528375608e-05
5632,6.105565222700498e-05
5633,5.635906359415825e-05
5634,8.21903010748143e-05
5635,8.80610368658725e-05
5636,0.00012328545161222147
5637,0.00018199280952280322
5638,0.00023482943164232676
5639,0.0002700538463886757
5640,0.0002935367895529085
5641,0.0002583123748065593
5642,0.00021721722426915215
5643,0.000176122073731745
5644,0.00011741471582116325
5645,8.80610368658725e-05
5646,6.457809370163969e-05
5647,4.461759201204185e-05
5648,2.935367895529074e-05
5649,2.348294316423254e-05
5650,3.170197327171397e-05
5651,4.6965886328465356e-05
5652,4.344344485383038e-05
5653,5.870735791058148e-05
5654,6.457809370163969e-05
5655,7.631956528375608e-05
5656,6.105565222700498e-05
5657,5.635906359415825e-05
5658,8.21903010748143e-05
5659,8.80610368658725e-05
5660,0.00012328545161222147
5661,0.00018199280952280322
5662,0.00023482943164232676
5663,0.0002700538463886757
5664,0.0002935367895529085
5665,0.0002583123748065593
5666,0.00021721722426915215
5667,0.000176122073731745
5668,0.00011741471582116325
5669,8.80610368658725e-05
5670,6.457809370163969e-05
5671,4.461759201204185e-05
5672,2.935367895529074e-05
5673,2.348294316423254e-05
5674,3.170197327171397e-05
5675,4.6965886328465356e-05
5676,4.344344485383038e-05
5677,5.870735791058148e-05
5678,6.457809370163969e-05
5679,7.631956528375608e-05
5680,6.105565222700498e-05
5681,5.635906359415825e-05
5682,8.21903010748143e-05
5683,8.80610368658725e-05
5684,0.00012328545161222147
5685,0.00018199280952280322
5686,0.00023482943164232676
5687,0.0002700538463886757
5688,0.0002935367895529085
5689,0.0002583123748065593
5690,0.00021721722426915215
5691,0.000176122073731745
5692,0.00011741471582116325
5693,8.80610368658725e-05
5694,6.457809370163969e-05
5695,4.461759201204185e-05
5696,2.935367895529074e-05
5697,2.348294316423254e-05
5698,3.170197327171397e-05
5699,4.6965886328465356e-05
5700,4.344344485383038e-05
5701,5.870735791058148e-05
5702,6.457809370163969e-05
5703,7.631956528375608e-05
5704,6.105565222700498e-05
5705,5.635906359415825e-05
5706,8.21903010748143e-05
5707,8.80610368658725e-05
5708,0.00012328545161222147
5709,0.00018199280952280322
5710,0.00023482943164232676
5711,0.0002700538463886757
5712,0.0002935367895529085
5713,0.0002583123748065593
5714,0.00021721722426915215
5715,0.000176122073731745
5716,0.00011741471582116325
5717,8.80610368658725e-05
5718,6.457809370163969e-05
5719,4.461759201204185e-05
5720,2.935367895529074e-05
5721,2.348294316423254e-05
5722,3.170197327171397e-05
5723,4.6965886328465356e-05
5724,4.344344485383038e-05
5725,5.870735791058148e-05
5726,6.457809370163969e-05
5727,7.631956528375608e-05
5728,6.105565222700498e-05
5729,5.635906359415825e-05
5730,8.21903010748143e-05
5731,8.80610368658725e-05
5732,0.00012328545161222147
5733,0.00018199280952280322
5734,0.00023482943164232676
5735,0.0002700538463886757
5736,0.0002935367895529085
5737,0.0002583123748065593
5738,0.00021721722426915215
5739,0.000176122073731745
5740,0.00011741471582116325
5741,8.80610368658725e-05
5742,6.457809370163969e-05
5743,4.461759201204185e-05
5744,2.935367895529074e-05
5745,2.348294316423254e-05
5746,3.170197327171397e-05
5747,4.6965886328465356e-05
5748,4.344344485383038e-05
5749,5.870735791058148e-05
5750,6.457809370163969e-05
5751,7.631956528375608e-05
5752,6.105565222700498e-05
5753,5.635906359415825e-05
5754,8.21903010748143e-05
5755,8.80610368658725e-05
5756,0.00012328545161222147
5757,0.00018199280952280322
5758,0.00023482943164232676
5759,0.0002700538463886757
5760,0.0002935367895529085
5761,0.0002583123748065593
5762,0.00021721722426915215
5763,0.000176122073731745
5764,0.00011741471582116325
5765,8.80610368658725e-05
5766,6.457809370163969e-05
5767,4.461759201204185e-05
5768,2.935367895529074e-05
5769,2.348294316423254e-05
5770,3.170197327171397e-05
5771,4.6965886328465356e-05
5772,4.344344485383038e-05
5773,5.870735791058148e-05
5774,6.457809370163969e-05
5775,7.631956528375608e-05
5776,6.105565222700498e-05
5777,5.635906359415825e-05
5778,8.21903010748143e-05
5779,8.80610368658725e-05
5780,0.00012328545161222147
5781,0.00018199280952280322
5782,0.00023482943164232676
5783,0.0002700538463886757
5784,0.0002935367895529085
5785,0.0002583123748065593
5786,0.00021721722426915215
5787,0.000176122073731745
5788,0.00011741471582116325
5789,8.80610368658725e-05
5790,6.457809370163969e-05
5791,4.461759201204185e-05
5792,2.935367895529074e-05
5793,2.348294316423254e-05
5794,3.170197327171397e-05
5795,4.6965886328465356e-05
5796,4.344344485383038e-05
5797,5.870735791058148e-05
5798,6.457809370163969e-05
5799,7.631956528375608e-05
5800,6.105565222700498e-05
5801,5.635906359415825e-05
5802,8.21903010748143e-05
5803,8.80610368658725e-05
5804,0.00012328545161222147
5805,0.00018199280952280322
5806,0.00023482943164232676
5807,0.0002700538463886757
5808,0.0002935367895529085
5809,0.0002583123748065593
5810,0.00021721722426915215
5811,0.000176122073731745
5812,0.00011741471582116325
5813,8.80610368658725e-05
5814,6.457809370163969e-05
5815,4.461759201204185e-05
5816,2.935367895529074e-05
5817,2.348294316423254e-05
5818,3.170197327171397e-05
5819,4.6965886328465356e-05
5820,4.344344485383038e-05
5821,5.870735791058148e-05
5822,6.457809370163969e-05
5823,7.631956528375608e-05
5824,6.105565222700498e-05
5825,5.635906359415825e-05
5826,8.21903010748143e-05
5827,8.80610368658725e-05
5828,0.00012328545161222147
5829,0.00018199280952280322
5830,0.00023482943164232676
5831,0.0002700538463886757
5832,0.0002935367895529085
5833,0.0002583123748065593
5834,0.00021721722426915215
5835,0.000176122073731745
5836,0.00011741471582116325
5837,8.80610368658725e-05
5838,6.457809370163969e-05
5839,4.461759201204185e-05
5840,2.935367895529074e-05
5841,2.348294316423254e-05
5842,3.170197327171397e-05
5843,4.6965886328465356e-05
5844,4.344344485383038e-05
5845,5.870735791058148e-05
5846,6.457809370163969e-05
5847,7.631956528375608e-05
5848,6.105565222700498e-05
5849,5.635906359415825e-05
5850,8.21903010748143e-05
5851,8.80610368658725e-05
5852,0.00012328545161222147
5853,0.00018199280952280322
5854,0.00023482943164232676
5855,0.0002700538463886757
5856,0.0002935367895529085
5857,0.0002583123748065593
5858,0.00021721722426915215
5859,0.000176122073731745
5860,0.00011741471582116325
5861,8.80610368658725e-05
5862,6.457809370163969e-05
5863,4.461759201204185e-05
5864,2.935367895529074e-05
5865,2.348294316423254e-05
5866,3.170197327171397e-05
5867,4.6965886328465356e-05
5868,4.344344485383038e-05
5869,5.870735791058148e-05
5870,6.457809370163969e-05
5871,7.631956528375608e-05
5872,6.105565222700498e-05
5873,5.635906359415825e-05
5874,8.21903010748143e-05
5875,8.80610368658725e-05
5876,0.00012328545161222147
5877,0.00018199280952280322
5878,0.00023482943164232676
5879,0.0002700538463886757
5880,0.0002935367895529085
5881,0.0002583123748065593
5882,0.00021721722426915215
5883,0.000176122073731745
5884,0.00011741471582116325
5885,8.80610368658725e-05
5886,6.457809370163969e-05
5887,4.461759201204185e-05
5888,2.935367895529074e-05
5889,2.348294316423254e-05
5890,3.170197327171397e-05
5891,4.6965886328465356e-05
5892,4.344344485383038e-05
5893,5.870735791058148e-05
5894,6.457809370163969e-05
5895,7.631956528375608e-05
5896,6.105565222700498e-05
5897,5.635906359415825e-05
5898,8.21903010748143e-05
5899,8.80610368658725e-05
5900,0.00012328545161222147
5901,0.00018199280952280322
5902,0.00023482943164232676
5903,0.0002700538463886757
5904,0.0002935367895529085
5905,0.0002583123748065593
5906,0.00021721722426915215
5907,0.000176122073731745
5908,0.00011741471582116325
5909,8.80610368658725e-05
5910,6.457809370163969e-05
5911,4.461759201204185e-05
5912,2.935367895529074e-05
5913,2.348294316423254e-05
5914,3.170197327171397e-05
5915,4.6965886328465356e-05
5916,4.344344485383038e-05
5917,5.870735791058148e-05
5918,6.457809370163969e-05
5919,7.631956528375608e-05
5920,6.105565222700498e-05
5921,5.635906359415825e-05
5922,8.21903010748143e-05
5923,8.80610368658725e-05
5924,0.00012328545161222147
5925,0.00018199280952280322
5926,0.00023482943164232676
5927,0.0002700538463886757
5928,0.0002935367895529085
5929,0.0002583123748065593
5930,0.00021721722426915215
5931,0.000176122073731745
5932,0.00011741471582116325
5933,8.80610368658725e-05
5934,6.457809370163969e-05
5935,4.461759201204185e-05
5936,2.935367895529074e-05
5937,2.348294316423254e-05
5938,3.170197327171397e-05
5939,4.6965886328465356e-05
5940,4.344344485383038e-05
5941,5.870735791058148e-05
5942,6.457809370163969e-05
5943,7.631956528375608e-05
5944,6.105565222700498e-05
5945,5.635906359415825e-05
5946,8.21903010748143e-05
5947,8.80610368658725e-05
5948,0.00012328545161222147
5949,0.00018199280952280322
5950,0.00023482943164232676
5951,0.0002700538463886757
5952,0.0002935367895529085
5953,0.0002583123748065593
5954,0.00021721722426915215
5955,0.000176122073731745
5956,0.00011741471582116325
5957,8.80610368658725e-05
5958,6.457809370163969e-05
5959,4.461759201204185e-05
5960,2.935367895529074e-05
5961,2.348294316423254e-05
5962,3.170197327171397e-05
5963,4.6965886328465356e-05
5964,4.344344485383038e-05
5965,5.870735791058148e-05
5966,6.457809370163969e-05
5967,7.631956528375608e-05
5968,6.105565222700498e-05
5969,5.635906359415825e-05
5970,8.21903010748143e-05
5971,8.80610368658725e-05
5972,0.00012328545161222147
5973,0.00018199280952280322
5974,0.00023482943164232676
5975,0.0002700538463886757
5976,0.0002935367895529085
5977,0.0002583123748065593
5978,0.00021721722426915215
5979,0.000176122073731745
5980,0.00011741471582116325
5981,8.80610368658725e-05
5982,6.457809370163969e-05
5983,4.461759201204185e-05
5984,2.935367895529074e-05
5985,2.348294316423254e-05
5986,3.170197327171397e-05
5987,4.6965886328465356e-05
5988,4.344344485383038e-05
5989,5.870735791058148e-05
5990,6.457809370163969e-05
5991,7.631956528375608e-05
5992,6.105565222700498e-05
5993,5.635906359415825e-05
5994,8.21903010748143e-05
5995,8.80610368658725e-05
5996,0.00012328545161222147
5997,0.00018199280952280322
5998,0.00023482943164232676
5999,0.0002700538463886757
6000,0.0002935367895529085
6001,0.0002583123748065593
6002,0.00021721722426915215
6003,0.000176122073731745
6004,0.00011741471582116325
6005,8.80610368658725e-05
6006,6.457809370163969e-05
6007,4.461759201204185e-05
6008,2.935367895529074e-05
6009,2.348294316423254e-05
6010,3.170197327171397e-05
6011,4.6965886328465356e-05
6012,4.344344485383038e-05
6013,5.870735791058148e-05
6014,6.457809370163969e-05
6015,7.631956528375608e-05
6016,6.105565222700498e-05
6017,5.635906359415825e-05
6018,8.21903010748143e-05
6019,8.80610368658725e-05
6020,0.00012328545161222147
6021,0.00018199280952280322
6022,0.00023482943164232676
6023,0.0002700538463886757
6024,0.0002935367895529085
6025,0.0002583123748065593
6026,0.00021721722426915215
6027,0.000176122073731745
6028,0.00011741471582116325
6029,8.80610368658725e-05
6030,6.457809370163969e-05
6031,4.461759201204185e-05
6032,2.935367895529074e-05
6033,2.348294316423254e-05
6034,3.170197327171397e-05
6035,4.6965886328465356e-05
6036,4.344344485383038e-05
6037,5.870735791058148e-05
6038,6.457809370163969e-05
6039,7.631956528375608e-05
6040,6.105565222700498e-05
6041,5.635906359415825e-05
6042,8.21903010748143e-05
6043,8.80610368658725e-05
6044,0.00012328545161222147
6045,0.00018199280952280322
6046,0.00023482943164232676
6047,0.0002700538463886757
6048,0.0002935367895529085
6049,0.0002583123748065593
6050,0.00021721722426915215
6051,0.000176122073731745
6052,0.00011741471582116325
6053,8.80610368658725e-05
6054,6.457809370163969e-05
6055,4.461759201204185e-05
6056,2.935367895529074e-05
6057,2.348294316423254e-05
6058,3.170197327171397e-05
6059,4.6965886328465356e-05
6060,4.344344485383038e-05
6061,5.870735791058148e-05
6062,6.457809370163969e-05
6063,7.631956528375608e-05
6064,6.105565222700498e-05
6065,5.635906359415825e-05
6066,8.21903010748143e-05
6067,8.80610368658725e-05
6068,0.00012328545161222147
6069,0.00018199280952280322
6070,0.00023482943164232676
6071,0.0002700538463886757
6072,0.0002935367895529085
6073,0.0002583123748065593
6074,0.00021721722426915215
6075,0.000176122073731745
6076,0.00011741471582116325
6077,8.80610368658725e-05
6078,6.457809370163969e-05
6079,4.461759201204185e-05
6080,2.935367895529074e-05
6081,2.348294316423254e-05
6082,3.170197327171397e-05
6083,4.6965886328465356e-05
6084,4.344344485383038e-05
6085,5.870735791058148e-05
6086,6.457809370163969e-05
6087,7.631956528375608e-05
6088,6.105565222700498e-05
6089,5.635906359415825e-05
6090,8.21903010748143e-05
6091,8.80610368658725e-05
6092,0.00012328545161222147
6093,0.00018199280952280322
6094,0.00023482943164232676
6095,0.0002700538463886757
6096,0.0002935367895529085
6097,0.0002583123748065593
6098,0.00021721722426915215
6099,0.000176122073731745
6100,0.00011741471582116325
6101,8.80610368658725e-05
6102,6.457809370163969e-05
6103,4.461759201204185e-05
6104,2.935367895529074e-05
6105,2.348294316423254e-05
6106,3.170197327171397e-05
6107,4.6965886328465356e-05
6108,4.344344485383038e-05
6109,5.870735791058148e-05
6110,6.457809370163969e-05
6111,7.631956528375608e-05
6112,6.105565222700498e-05
6113,5.635906359415825e-05
6114,8.21903010748143e-05
6115,8.80610368658725e-05
6116,0.00012328545161222147
6117,0.00018199280952280322
6118,0.00023482943164232676
6119,0.0002700538463886757
6120,0.0002935367895529085
6121,0.0002583123748065593
6122,0.00021721722426915215
6123,0.000176122073731745
6124,0.00011741471582116325
6125,8.80610368658725e-05
6126,6.457809370163969e-05
6127,4.461759201204185e-05
6128,2.935367895529074e-05
6129,2.348294316423254e-05
6130,3.170197327171397e-05
6131,4.6965886328465356e-05
6132,4.344344485383038e-05
6133,5.870735791058148e-05
6134,6.457809370163969e-05
6135,7.631956528375608e-05
6136,6.105565222700498e-05
6137,5.635906359415825e-05
6138,8.21903010748143e-05
6139,8.80610368658725e-05
6140,0.00012328545161222147
6141,0.00018199280952280322
6142,0.00023482943164232676
6143,0.0002700538463886757
6144,0.0002935367895529085
6145,0.0002583123748065593
6146,0.00021721722426915215
6147,0.000176122073731745
6148,0.00011741471582116325
6149,8.80610368658725e-05
6150,6.457809370163969e-05
6151,4.461759201204185e-05
6152,2.935367895529074e-05
6153,2.348294316423254e-05
6154,3.170197327171397e-05
6155,4.6965886328465356e-05
6156,4.344344485383038e-05
6157,5.870735791058148e-05
6158,6.457809370163969e-05
6159,7.631956528375608e-05
6160,6.105565222700498e-05
6161,5.635906359415825e-05
6162,8.21903010748143e-05
6163,8.80610368658725e-05
6164,0.00012328545161222147
6165,0.00018199280952280322
6166,0.00023482943164232676
6167,0.0002700538463886757
6168,0.0002935367895529085
6169,0.0002583123748065593
6170,0.00021721722426915215
6171,0.000176122073731745
6172,0.00011741471582116325
6173,8.80610368658725e-05
6174,6.457809370163969e-05
6175,4.461759201204185e-05
6176,2.935367895529074e-05
6177,2.348294316423254e-05
6178,3.170197327171397e-05
6179,4.6965886328465356e-05
6180,4.344344485383038e-05
6181,5.870735791058148e-05
6182,6.457809370163969e-05
6183,7.631956528375608e-05
6184,6.105565222700498e-05
6185,5.635906359415825e-05
6186,8.21903010748143e-05
6187,8.80610368658725e-05
6188,0.00012328545161222147
6189,0.00018199280952280322
6190,0.00023482943164232676
6191,0.0002700538463886757
6192,0.0002935367895529085
6193,0.0002583123748065593
6194,0.00021721722426915215
6195,0.000176122073731745
6196,0.00011741471582116325
6197,8.80610368658725e-05
6198,6.457809370163969e-05
6199,4.461759201204185e-05
6200,2.935367895529074e-05
6201,2.348294316423254e-05
6202,3.170197327171397e-05
6203,4.6965886328465356e-05
6204,4.344344485383038e-05
6205,5.870735791058148e-05
6206,6.457809370163969e-05
6207,7.631956528375608e-05
6208,6.105565222700498e-05
6209,5.635906359415825e-05
6210,8.21903010748143e-05
6211,8.80610368658725e-05
6212,0.00012328545161222147
6213,0.00018199280952280322
6214,0.00023482943164232676
6215,0.0002700538463886757
6216,0.0002935367895529085
6217,0.0002583123748065593
6218,0.00021721722426915215
6219,0.000176122073731745
6220,0.00011741471582116325
6221,8.80610368658725e-05
6222,6.457809370163969e-05
6223,4.461759201204185e-05
6224,2.935367895529074e-05
6225,2.348294316423254e-05
6226,3.170197327171397e-05
6227,4.6965886328465356e-05
6228,4.344344485383038e-05
6229,5.870735791058148e-05
6230,6.457809370163969e-05
6231,7.631956528375608e-05
6232,6.105565222700498e-05
6233,5.635906359415825e-05
6234,8.21903010748143e-05
6235,8.80610368658725e-05
6236,0.00012328545161222147
6237,0.00018199280952280322
6238,0.00023482943164232676
6239,0.0002700538463886757
6240,0.0002935367895529085
6241,0.0002583123748065593
6242,0.00021721722426915215
6243,0.000176122073731745
6244,0.00011741471582116325
6245,8.80610368658725e-05
6246,6.457809370163969e-05
6247,4.461759201204185e-05
6248,2.935367895529074e-05
6249,2.348294316423254e-05
6250,3.170197327171397e-05
6251,4.6965886328465356e-05
6252,4.344344485383038e-05
6253,5.870735791058148e-05
6254,6.457809370163969e-05
6255,7.631956528375608e-05
6256,6.105565222700498e-05
6257,5.635906359415825e-05
6258,8.21903010748143e-05
6259,8.80610368658725e-05
6260,0.00012328545161222147
6261,0.00018199280952280322
6262,0.00023482943164232676
6263,0.0002700538463886757
6264,0.0002935367895529085
6265,0.0002583123748065593
6266,0.00021721722426915215
6267,0.000176122073731745
6268,0.00011741471582116325
6269,8.80610368658725e-05
6270,6.457809370163969e-05
6271,4.461759201204185e-05
6272,2.935367895529074e-05
6273,2.348294316423254e-05
6274,3.170197327171397e-05
6275,4.6965886328465356e-05
6276,4.344344485383038e-05
6277,5.870735791058148e-05
6278,6.457809370163969e-05
6279,7.631956528375608e-05
6280,6.105565222700498e-05
6281,5.635906359415825e-05
6282,8.21903010748143e-05
6283,8.80610368658725e-05
6284,0.00012328545161222147
6285,0.00018199280952280322
6286,0.00023482943164232676
6287,0.0002700538463886757
6288,0.0002935367895529085
6289,0.0002583123748065593
6290,0.00021721722426915215
6291,0.000176122073731745
6292,0.00011741471582116325
6293,8.80610368658725e-05
6294,6.457809370163969e-05
6295,4.461759201204185e-05
6296,2.935367895529074e-05
6297,2.348294316423254e-05
6298,3.170197327171397e-05
6299,4.6965886328465356e-05
6300,4.344344485383038e-05
6301,5.870735791058148e-05
6302,6.457809370163969e-05
6303,7.631956528375608e-05
6304,6.105565222700498e-05
6305,5.635906359415825e-05
6306,8.21903010748143e-05
6307,8.80610368658725e-05
6308,0.00012328545161222147
6309,0.00018199280952280322
6310,0.00023482943164232676
6311,0.0002700538463886757
6312,0.0002935367895529085
6313,0.0002583123748065593
6314,0.00021721722426915215
6315,0.000176122073731745
6316,0.00011741471582116325
6317,8.80610368658725e-05
6318,6.457809370163969e-05
6319,4.461759201204185e-05
6320,2.935367895529074e-05
6321,2.348294316423254e-05
6322,3.170197327171397e-05
6323,4.6965886328465356e-05
6324,4.344344485383038e-05
6325,5.870735791058148e-05
6326,6.457809370163969e-05
6327,7.631956528375608e-05
6328,6.105565222700498e-05
6329,5.635906359415825e-05
6330,8.21903010748143e-05
6331,8.80610368658725e-05
6332,0.00012328545161222147
6333,0.00018199280952280322
6334,0.00023482943164232676
6335,0.0002700538463886757
6336,0.0002935367895529085
6337,0.0002583123748065593
6338,0.00021721722426915215
6339,0.000176122073731745
6340,0.00011741471582116325
6341,8.80610368658725e-05
6342,6.457809370163969e-05
6343,4.461759201204185e-05
6344,2.935367895529074e-05
6345,2.348294316423254e-05
6346,3.170197327171397e-05
6347,4.6965886328465356e-05
6348,4.344344485383038e-05
6349,5.870735791058148e-05
6350,6.457809370163969e-05
6351,7.631956528375608e-05
6352,6.105565222700498e-05
6353,5.635906359415825e-05
6354,8.21903010748143e-05
6355,8.80610368658725e-05
6356,0.00012328545161222147
6357,0.00018199280952280322
6358,0.00023482943164232676
6359,0.0002700538463886757
6360,0.0002935367895529085
6361,0.0002583123748065593
6362,0.00021721722426915215
6363,0.000176122073731745
6364,0.00011741471582116325
6365,8.80610368658725e-05
6366,6.457809370163969e-05
6367,4.461759201204185e-05
6368,2.935367895529074e-05
6369,2.348294316423254e-05
6370,3.170197327171397e-05
6371,4.6965886328465356e-05
6372,4.344344485383038e-05
6373,5.870735791058148e-05
6374,6.457809370163969e-05
6375,7.631956528375608e-05
6376,6.105565222700498e-05
6377,5.635906359415825e-05
6378,8.21903010748143e-05
6379,8.80610368658725e-05
6380,0.00012328545161222147
6381,0.00018199280952280322
6382,0.00023482943164232676
6383,0.0002700538463886757
6384,0.0002935367895529085
6385,0.0002583123748065593
6386,0.00021721722426915215
6387,0.000176122073731745
6388,0.00011741471582116325
6389,8.80610368658725e-05
6390,6.457809370163969e-05
6391,4.461759201204185e-05
6392,2.935367895529074e-05
6393,2.348294316423254e-05
6394,3.170197327171397e-05
6395,4.6965886328465356e-05
6396,4.344344485383038e-05
6397,5.870735791058148e-05
6398,6.457809370163969e-05
6399,7.631956528375608e-05
6400,6.105565222700498e-05
6401,5.635906359415825e-05
6402,8.21903010748143e-05
6403,8.80610368658725e-05
6404,0.00012328545161222147
6405,0.00018199280952280322
6406,0.00023482943164232676
6407,0.0002700538463886757
6408,0.0002935367895529085
6409,0.0002583123748065593
6410,0.00021721722426915215
6411,0.000176122073731745
6412,0.00011741471582116325
6413,8.80610368658725e-05
6414,6.457809370163969e-05
6415,4.461759201204185e-05
6416,2.935367895529074e-05
6417,2.348294316423254e-05
6418,3.170197327171397e-05
6419,4.6965886328465356e-05
6420,4.344344485383038e-05
6421,5.870735791058148e-05
6422,6.457809370163969e-05
6423,7.631956528375608e-05
6424,6.105565222700498e-05
6425,5.635906359415825e-05
6426,8.21903010748143e-05
6427,8.80610368658725e-05
6428,0.00012328545161222147
6429,0.00018199280952280322
6430,0.00023482943164232676
6431,0.0002700538463886757
6432,0.0002935367895529085
6433,0.0002583123748065593
6434,0.00021721722426915215
6435,0.000176122073731745
6436,0.00011741471582116325
6437,8.80610368658725e-05
6438,6.457809370163969e-05
6439,4.461759201204185e-05
6440,2.935367895529074e-05
6441,2.348294316423254e-05
6442,3.170197327171397e-05
6443,4.6965886328465356e-05
6444,4.344344485383038e-05
6445,5.870735791058148e-05
6446,6.457809370163969e-05
6447,7.631956528375608e-05
6448,6.105565222700498e-05
6449,5.635906359415825e-05
6450,8.21903010748143e-05
6451,8.80610368658725e-05
6452,0.00012328545161222147
6453,0.00018199280952280322
6454,0.00023482943164232676
6455,0.0002700538463886757
6456,0.0002935367895529085
6457,0.0002583123748065593
6458,0.00021721722426915215
6459,0.000176122073731745
6460,0.00011741471582116325
6461,8.80610368658725e-05
6462,6.457809370163969e-05
6463,4.461759201204185e-05
6464,2.935367895529074e-05
6465,2.348294316423254e-05
6466,3.170197327171397e-05
6467,4.6965886328465356e-05
6468,4.344344485383038e-05
6469,5.870735791058148e-05
6470,6.457809370163969e-05
6471,7.631956528375608e-05
6472,6.105565222700498e-05
6473,5.635906359415825e-05
6474,8.21903010748143e-05
6475,8.80610368658725e-05
6476,0.00012328545161222147
6477,0.00018199280952280322
6478,0.00023482943164232676
6479,0.0002700538463886757
6480,0.0002935367895529085
6481,0.0002583123748065593
6482,0.00021721722426915215
6483,0.000176122073731745
6484,0.00011741471582116325
6485,8.80610368658725e-05
6486,6.457809370163969e-05
6487,4.461759201204185e-05
6488,2.935367895529074e-05
6489,2.348294316423254e-05
6490,3.170197327171397e-05
6491,4.6965886328465356e-05
6492,4.344344485383038e-05
6493,5.870735791058148e-05
6494,6.457809370163969e-05
6495,7.631956528375608e-05
6496,6.105565222700498e-05
6497,5.635906359415825e-05
6498,8.21903010748143e-05
6499,8.80610368658725e-05
6500,0.00012328545161222147
6501,0.00018199280952280322
6502,0.00023482943164232676
6503,0.0002700538463886757
6504,0.0002935367895529085
6505,0.0002583123748065593
6506,0.00021721722426915215
6507,0.000176122073731745
6508,0.00011741471582116325
6509,8.80610368658725e-05
6510,6.457809370163969e-05
6511,4.461759201204185e-05
6512,2.935367895529074e-05
6513,2.348294316423254e-05
6514,3.170197327171397e-05
6515,4.6965886328465356e-05
6516,4.344344485383038e-05
6517,5.870735791058148e-05
6518,6.457809370163969e-05
6519,7.631956528375608e-05
6520,6.105565222700498e-05
6521,5.635906359415825e-05
6522,8.21903010748143e-05
6523,8.80610368658725e-05
6524,0.00012328545161222147
6525,0.00018199280952280322
6526,0.00023482943164232676
6527,0.0002700538463886757
6528,0.0002935367895529085
6529,0.0002583123748065593
6530,0.00021721722426915215
6531,0.000176122073731745
6532,0.00011741471582116325
6533,8.80610368658725e-05
6534,6.457809370163969e-05
6535,4.461759201204185e-05
6536,2.935367895529074e-05
6537,2.348294316423254e-05
6538,3.170197327171397e-05
6539,4.6965886328465356e-05
6540,4.344344485383038e-05
6541,5.870735791058148e-05
6542,6.457809370163969e-05
6543,7.631956528375608e-05
6544,6.105565222700498e-05
6545,5.635906359415825e-05
6546,8.21903010748143e-05
6547,8.80610368658725e-05
6548,0.00012328545161222147
6549,0.00018199280952280322
6550,0.00023482943164232676
6551,0.0002700538463886757
6552,0.0002935367895529085
6553,0.0002583123748065593
6554,0.00021721722426915215
6555,0.000176122073731745
6556,0.00011741471582116325
6557,8.80610368658725e-05
6558,6.457809370163969e-05
6559,4.461759201204185e-05
6560,2.935367895529074e-05
6561,2.348294316423254e-05
6562,3.170197327171397e-05
6563,4.6965886328465356e-05
6564,4.344344485383038e-05
6565,5.870735791058148e-05
6566,6.457809370163969e-05
6567,7.631956528375608e-05
6568,6.105565222700498e-05
6569,5.635906359415825e-05
6570,8.21903010748143e-05
6571,8.80610368658725e-05
6572,0.00012328545161222147
6573,0.00018199280952280322
6574,0.00023482943164232676
6575,0.0002700538463886757
6576,0.0002935367895529085
6577,0.0002583123748065593
6578,0.00021721722426915215
6579,0.000176122073731745
6580,0.00011741471582116325
6581,8.80610368658725e-05
6582,6.457809370163969e-05
6583,4.461759201204185e-05
6584,2.935367895529074e-05
6585,2.348294316423254e-05
6586,3.170197327171397e-05
6587,4.6965886328465356e-05
6588,4.344344485383038e-05
6589,5.870735791058148e-05
6590,6.457809370163969e-05
6591,7.631956528375608e-05
6592,6.105565222700498e-05
6593,5.635906359415825e-05
6594,8.21903010748143e-05
6595,8.80610368658725e-05
6596,0.00012328545161222147
6597,0.00018199280952280322
6598,0.00023482943164232676
6599,0.0002700538463886757
6600,0.0002935367895529085
6601,0.0002583123748065593
6602,0.00021721722426915215
6603,0.000176122073731745
6604,0.00011741471582116325
6605,8.80610368658725e-05
6606,6.457809370163969e-05
6607,4.461759201204185e-05
6608,2.935367895529074e-05
6609,2.348294316423254e-05
6610,3.170197327171397e-05
6611,4.6965886328465356e-05
6612,4.344344485383038e-05
6613,5.870735791058148e-05
6614,6.457809370163969e-05
6615,7.631956528375608e-05
6616,6.105565222700498e-05
6617,5.635906359415825e-05
6618,8.21903010748143e-05
6619,8.80610368658725e-05
6620,0.00012328545161222147
6621,0.00018199280952280322
6622,0.00023482943164232676
6623,0.0002700538463886757
6624,0.0002935367895529085
6625,0.0002583123748065593
6626,0.00021721722426915215
6627,0.000176122073731745
6628,0.00011741471582116325
6629,8.80610368658725e-05
6630,6.457809370163969e-05
6631,4.461759201204185e-05
6632,2.935367895529074e-05
6633,2.348294316423254e-05
6634,3.170197327171397e-05
6635,4.6965886328465356e-05
6636,4.344344485383038e-05
6637,5.870735791058148e-05
6638,6.457809370163969e-05
6639,7.631956528375608e-05
6640,6.105565222700498e-05
6641,5.635906359415825e-05
6642,8.21903010748143e-05
6643,8.80610368658725e-05
6644,0.00012328545161222147
6645,0.00018199280952280322
6646,0.00023482943164232676
6647,0.0002700538463886757
6648,0.0002935367895529085
6649,0.0002583123748065593
6650,0.00021721722426915215
6651,0.000176122073731745
6652,0.00011741471582116325
6653,8.80610368658725e-05
6654,6.457809370163969e-05
6655,4.461759201204185e-05
6656,2.935367895529074e-05
6657,2.348294316423254e-05
6658,3.170197327171397e-05
6659,4.6965886328465356e-05
6660,4.344344485383038e-05
6661,5.870735791058148e-05
6662,6.457809370163969e-05
6663,7.631956528375608e-05
6664,6.105565222700498e-05
6665,5.635906359415825e-05
6666,8.21903010748143e-05
6667,8.80610368658725e-05
6668,0.00012328545161222147
6669,0.00018199280952280322
6670,0.00023482943164232676
6671,0.0002700538463886757
6672,0.0002935367895529085
6673,0.0002583123748065593
6674,0.00021721722426915215
6675,0.000176122073731745
6676,0.00011741471582116325
6677,8.80610368658725e-05
6678,6.457809370163969e-05
6679,4.461759201204185e-05
6680,2.935367895529074e-05
6681,2.348294316423254e-05
6682,3.170197327171397e-05
6683,4.6965886328465356e-05
6684,4.344344485383038e-05
6685,5.870735791058148e-05
6686,6.457809370163969e-05
6687,7.631956528375608e-05
6688,6.105565222700498e-05
6689,5.635906359415825e-05
6690,8.21903010748143e-05
6691,8.80610368658725e-05
6692,0.00012328545161222147
6693,0.00018199280952280322
6694,0.00023482943164232676
6695,0.0002700538463886757
6696,0.0002935367895529085
6697,0.0002583123748065593
6698,0.00021721722426915215
6699,0.000176122073731745
6700,0.00011741471582116325
6701,8.80610368658725e-05
6702,6.457809370163969e-05
6703,4.461759201204185e-05
6704,2.935367895529074e-05
6705,2.348294316423254e-05
6706,3.170197327171397e-05
6707,4.6965886328465356e-05
6708,4.344344485383038e-05
6709,5.870735791058148e-05
6710,6.457809370163969e-05
6711,7.631956528375608e-05
6712,6.105565222700498e-05
6713,5.635906359415825e-05
6714,8.21903010748143e-05
6715,8.80610368658725e-05
6716,0.00012328545161222147
6717,0.00018199280952280322
6718,0.00023482943164232676
6719,0.0002700538463886757
6720,0.0002935367895529085
6721,0.0002583123748065593
6722,0.00021721722426915215
6723,0.000176122073731745
6724,0.00011741471582116325
6725,8.80610368658725e-05
6726,6.457809370163969e-05
6727,4.461759201204185e-05
6728,2.935367895529074e-05
6729,2.348294316423254e-05
6730,3.170197327171397e-05
6731,4.6965886328465356e-05
6732,4.344344485383038e-05
6733,5.870735791058148e-05
6734,6.457809370163969e-05
6735,7.631956528375608e-05
6736,6.105565222700498e-05
6737,5.635906359415825e-05
6738,8.21903010748143e-05
6739,8.80610368658725e-05
6740,0.00012328545161222147
6741,0.00018199280952280322
6742,0.00023482943164232676
6743,0.0002700538463886757
6744,0.0002935367895529085
6745,0.0002583123748065593
6746,0.00021721722426915215
6747,0.000176122073731745
6748,0.00011741471582116325
6749,8.80610368658725e-05
6750,6.457809370163969e-05
6751,4.461759201204185e-05
6752,2.935367895529074e-05
6753,2.348294316423254e-05
6754,3.170197327171397e-05
6755,4.6965886328465356e-05
6756,4.344344485383038e-05
6757,5.870735791058148e-05
6758,6.457809370163969e-05
6759,7.631956528375608e-05
6760,6.105565222700498e-05
6761,5.635906359415825e-05
6762,8.21903010748143e-05
6763,8.80610368658725e-05
6764,0.00012328545161222147
6765,0.00018199280952280322
6766,0.00023482943164232676
6767,0.0002700538463886757
6768,0.0002935367895529085
6769,0.0002583123748065593
6770,0.00021721722426915215
6771,0.000176122073731745
6772,0.00011741471582116325
6773,8.80610368658725e-05
6774,6.457809370163969e-05
6775,4.461759201204185e-05
6776,2.935367895529074e-05
6777,2.348294316423254e-05
6778,3.170197327171397e-05
6779,4.6965886328465356e-05
6780,4.344344485383038e-05
6781,5.870735791058148e-05
6782,6.457809370163969e-05
6783,7.631956528375608e-05
6784,6.105565222700498e-05
6785,5.635906359415825e-05
6786,8.21903010748143e-05
6787,8.80610368658725e-05
6788,0.00012328545161222147
6789,0.00018199280952280322
6790,0.00023482943164232676
6791,0.0002700538463886757
6792,0.0002935367895529085
6793,0.0002583123748065593
6794,0.00021721722426915215
6795,0.000176122073731745
6796,0.00011741471582116325
6797,8.80610368658725e-05
6798,6.457809370163969e-05
6799,4.461759201204185e-05
6800,2.935367895529074e-05
6801,2.348294316423254e-05
6802,3.170197327171397e-05
6803,4.6965886328465356e-05
6804,4.344344485383038e-05
6805,5.870735791058148e-05
6806,6.457809370163969e-05
6807,7.631956528375608e-05
6808,6.105565222700498e-05
6809,5.635906359415825e-05
6810,8.21903010748143e-05
6811,8.80610368658725e-05
6812,0.00012328545161222147
6813,0.00018199280952280322
6814,0.00023482943164232676
6815,0.0002700538463886757
6816,0.0002935367895529085
6817,0.0002583123748065593
6818,0.00021721722426915215
6819,0.000176122073731745
6820,0.00011741471582116325
6821,8.80610368658725e-05
6822,6.457809370163969e-05
6823,4.461759201204185e-05
6824,2.935367895529074e-05
6825,2.348294316423254e-05
6826,3.170197327171397e-05
6827,4.6965886328465356e-05
6828,4.344344485383038e-05
6829,5.870735791058148e-05
6830,6.457809370163969e-05
6831,7.631956528375608e-05
6832,6.105565222700498e-05
6833,5.635906359415825e-05
6834,8.21903010748143e-05
6835,8.80610368658725e-05
6836,0.00012328545161222147
6837,0.00018199280952280322
6838,0.00023482943164232676
6839,0.0002700538463886757
6840,0.0002935367895529085
6841,0.0002583123748065593
6842,0.00021721722426915215
6843,0.000176122073731745
6844,0.00011741471582116325
6845,8.80610368658725e-05
6846,6.457809370163969e-05
6847,4.461759201204185e-05
6848,2.935367895529074e-05
6849,2.348294316423254e-05
6850,3.170197327171397e-05
6851,4.6965886328465356e-05
6852,4.344344485383038e-05
6853,5.870735791058148e-05
6854,6.457809370163969e-05
6855,7.631956528375608e-05
6856,6.105565222700498e-05
6857,5.635906359415825e-05
6858,8.21903010748143e-05
6859,8.80610368658725e-05
6860,0.00012328545161222147
6861,0.00018199280952280322
6862,0.00023482943164232676
6863,0.0002700538463886757
6864,0.0002935367895529085
6865,0.0002583123748065593
6866,0.00021721722426915215
6867,0.000176122073731745
6868,0.00011741471582116325
6869,8.80610368658725e-05
6870,6.457809370163969e-05
6871,4.461759201204185e-05
6872,2.935367895529074e-05
6873,2.348294316423254e-05
6874,3.170197327171397e-05
6875,4.6965886328465356e-05
6876,4.344344485383038e-05
6877,5.870735791058148e-05
6878,6.457809370163969e-05
6879,7.631956528375608e-05
6880,6.105565222700498e-05
6881,5.635906359415825e-05
6882,8.21903010748143e-05
6883,8.80610368658725e-05
6884,0.00012328545161222147
6885,0.00018199280952280322
6886,0.00023482943164232676
6887,0.0002700538463886757
6888,0.0002935367895529085
6889,0.0002583123748065593
6890,0.00021721722426915215
6891,0.000176122073731745
6892,0.00011741471582116325
6893,8.80610368658725e-05
6894,6.457809370163969e-05
6895,4.461759201204185e-05
6896,2.935367895529074e-05
6897,2.348294316423254e-05
6898,3.170197327171397e-05
6899,4.6965886328465356e-05
6900,4.344344485383038e-05
6901,5.870735791058148e-05
6902,6.457809370163969e-05
6903,7.631956528375608e-05
6904,6.105565222700498e-05
6905,5.635906359415825e-05
6906,8.21903010748143e-05
6907,8.80610368658725e-05
6908,0.00012328545161222147
6909,0.00018199280952280322
6910,0.00023482943164232676
6911,0.0002700538463886757
6912,0.0002935367895529085
6913,0.0002583123748065593
6914,0.00021721722426915215
6915,0.000176122073731745
6916,0.00011741471582116325
6917,8.80610368658725e-05
6918,6.457809370163969e-05
6919,4.461759201204185e-05
6920,2.935367895529074e-05
6921,2.348294316423254e-05
6922,3.170197327171397e-05
6923,4.6965886328465356e-05
6924,4.344344485383038e-05
6925,5.870735791058148e-05
6926,6.457809370163969e-05
6927,7.631956528375608e-05
6928,6.105565222700498e-05
6929,5.635906359415825e-05
6930,8.21903010748143e-05
6931,8.80610368658725e-05
6932,0.00012328545161222147
6933,0.00018199280952280322
6934,0.00023482943164232676
6935,0.0002700538463886757
6936,0.0002935367895529085
6937,0.0002583123748065593
6938,0.00021721722426915215
6939,0.000176122073731745
6940,0.00011741471582116325
6941,8.80610368658725e-05
6942,6.457809370163969e-05
6943,4.461759201204185e-05
6944,2.935367895529074e-05
6945,2.348294316423254e-05
6946,3.170197327171397e-05
6947,4.6965886328465356e-05
6948,4.344344485383038e-05
6949,5.870735791058148e-05
6950,6.457809370163969e-05
6951,7.631956528375608e-05
6952,6.105565222700498e-05
6953,5.635906359415825e-05
6954,8.21903010748143e-05
6955,8.80610368658725e-05
6956,0.00012328545161222147
6957,0.00018199280952280322
6958,0.00023482943164232676
6959,0.0002700538463886757
6960,0.0002935367895529085
6961,0.0002583123748065593
6962,0.00021721722426915215
6963,0.000176122073731745
6964,0.00011741471582116325
6965,8.80610368658725e-05
6966,6.457809370163969e-05
6967,4.461759201204185e-05
6968,2.935367895529074e-05
6969,2.348294316423254e-05
6970,3.170197327171397e-05
6971,4.6965886328465356e-05
6972,4.344344485383038e-05
6973,5.870735791058148e-05
6974,6.457809370163969e-05
6975,7.631956528375608e-05
6976,6.105565222700498e-05
6977,5.635906359415825e-05
6978,8.21903010748143e-05
6979,8.80610368658725e-05
6980,0.00012328545161222147
6981,0.00018199280952280322
6982,0.00023482943164232676
6983,0.0002700538463886757
6984,0.0002935367895529085
6985,0.0002583123748065593
6986,0.00021721722426915215
6987,0.000176122073731745
6988,0.00011741471582116325
6989,8.80610368658725e-05
6990,6.457809370163969e-05
6991,4.461759201204185e-05
6992,2.935367895529074e-05
6993,2.348294316423254e-05
6994,3.170197327171397e-05
6995,4.6965886328465356e-05
6996,4.344344485383038e-05
6997,5.870735791058148e-05
6998,6.457809370163969e-05
6999,7.631956528375608e-05
7000,6.105565222700498e-05
7001,5.635906359415825e-05
7002,8.21903010748143e-05
7003,8.80610368658725e-05
7004,0.00012328545161222147
7005,0.00018199280952280322
7006,0.00023482943164232676
7007,0.0002700538463886757
7008,0.0002935367895529085
7009,0.0002583123748065593
7010,0.00021721722426915215
7011,0.000176122073731745
7012,0.00011741471582116325
7013,8.80610368658725e-05
7014,6.457809370163969e-05
7015,4.461759201204185e-05
7016,2.935367895529074e-05
7017,2.348294316423254e-05
7018,3.170197327171397e-05
7019,4.6965886328465356e-05
7020,4.344344485383038e-05
7021,5.870735791058148e-05
7022,6.457809370163969e-05
7023,7.631956528375608e-05
7024,6.105565222700498e-05
7025,5.635906359415825e-05
7026,8.21903010748143e-05
7027,8.80610368658725e-05
7028,0.00012328545161222147
7029,0.00018199280952280322
7030,0.00023482943164232676
7031,0.0002700538463886757
7032,0.0002935367895529085
7033,0.0002583123748065593
7034,0.00021721722426915215
7035,0.000176122073731745
7036,0.00011741471582116325
7037,8.80610368658725e-05
7038,6.457809370163969e-05
7039,4.461759201204185e-05
7040,2.935367895529074e-05
7041,2.348294316423254e-05
7042,3.170197327171397e-05
7043,4.6965886328465356e-05
7044,4.344344485383038e-05
7045,5.870735791058148e-05
7046,6.457809370163969e-05
7047,7.631956528375608e-05
7048,6.105565222700498e-05
7049,5.635906359415825e-05
7050,8.21903010748143e-05
7051,8.80610368658725e-05
7052,0.00012328545161222147
7053,0.00018199280952280322
7054,0.00023482943164232676
7055,0.0002700538463886757
7056,0.0002935367895529085
7057,0.0002583123748065593
7058,0.00021721722426915215
7059,0.000176122073731745
7060,0.00011741471582116325
7061,8.80610368658725e-05
7062,6.457809370163969e-05
7063,4.461759201204185e-05
7064,2.935367895529074e-05
7065,2.348294316423254e-05
7066,3.170197327171397e-05
7067,4.6965886328465356e-05
7068,4.344344485383038e-05
7069,5.870735791058148e-05
7070,6.457809370163969e-05
7071,7.631956528375608e-05
7072,6.105565222700498e-05
7073,5.635906359415825e-05
7074,8.21903010748143e-05
7075,8.80610368658725e-05
7076,0.00012328545161222147
7077,0.00018199280952280322
7078,0.00023482943164232676
7079,0.0002700538463886757
7080,0.0002935367895529085
7081,0.0002583123748065593
7082,0.00021721722426915215
7083,0.000176122073731745
7084,0.00011741471582116325
7085,8.80610368658725e-05
7086,6.457809370163969e-05
7087,4.461759201204185e-05
7088,2.935367895529074e-05
7089,2.348294316423254e-05
7090,3.170197327171397e-05
7091,4.6965886328465356e-05
7092,4.344344485383038e-05
7093,5.870735791058148e-05
7094,6.457809370163969e-05
7095,7.631956528375608e-05
7096,6.105565222700498e-05
7097,5.635906359415825e-05
7098,8.21903010748143e-05
7099,8.80610368658725e-05
7100,0.00012328545161222147
7101,0.00018199280952280322
7102,0.00023482943164232676
7103,0.0002700538463886757
7104,0.0002935367895529085
7105,0.0002583123748065593
7106,0.00021721722426915215
7107,0.000176122073731745
7108,0.00011741471582116325
7109,8.80610368658725e-05
7110,6.457809370163969e-05
7111,4.461759201204185e-05
7112,2.935367895529074e-05
7113,2.348294316423254e-05
7114,3.170197327171397e-05
7115,4.6965886328465356e-05
7116,4.344344485383038e-05
7117,5.870735791058148e-05
7118,6.457809370163969e-05
7119,7.631956528375608e-05
7120,6.105565222700498e-05
7121,5.635906359415825e-05
7122,8.21903010748143e-05
7123,8.80610368658725e-05
7124,0.00012328545161222147
7125,0.00018199280952280322
7126,0.00023482943164232676
7127,0.0002700538463886757
7128,0.0002935367895529085
7129,0.0002583123748065593
7130,0.00021721722426915215
7131,0.000176122073731745
7132,0.00011741471582116325
7133,8.80610368658725e-05
7134,6.457809370163969e-05
7135,4.461759201204185e-05
7136,2.935367895529074e-05
7137,2.348294316423254e-05
7138,3.170197327171397e-05
7139,4.6965886328465356e-05
7140,4.344344485383038e-05
7141,5.870735791058148e-05
7142,6.457809370163969e-05
7143,7.631956528375608e-05
7144,6.105565222700498e-05
7145,5.635906359415825e-05
7146,8.21903010748143e-05
7147,8.80610368658725e-05
7148,0.00012328545161222147
7149,0.00018199280952280322
7150,0.00023482943164232676
7151,0.0002700538463886757
7152,0.0002935367895529085
7153,0.0002583123748065593
7154,0.00021721722426915215
7155,0.000176122073731745
7156,0.00011741471582116325
7157,8.80610368658725e-05
7158,6.457809370163969e-05
7159,4.461759201204185e-05
7160,2.935367895529074e-05
7161,2.348294316423254e-05
7162,3.170197327171397e-05
7163,4.6965886328465356e-05
7164,4.344344485383038e-05
7165,5.870735791058148e-05
7166,6.457809370163969e-05
7167,7.631956528375608e-05
7168,6.105565222700498e-05
7169,5.635906359415825e-05
7170,8.21903010748143e-05
7171,8.80610368658725e-05
7172,0.00012328545161222147
7173,0.00018199280952280322
7174,0.00023482943164232676
7175,0.0002700538463886757
7176,0.0002935367895529085
7177,0.0002583123748065593
7178,0.00021721722426915215
7179,0.000176122073731745
7180,0.00011741471582116325
7181,8.80610368658725e-05
7182,6.457809370163969e-05
7183,4.461759201204185e-05
7184,2.935367895529074e-05
7185,2.348294316423254e-05
7186,3.170197327171397e-05
7187,4.6965886328465356e-05
7188,4.344344485383038e-05
7189,5.870735791058148e-05
7190,6.457809370163969e-05
7191,7.631956528375608e-05
7192,6.105565222700498e-05
7193,5.635906359415825e-05
7194,8.21903010748143e-05
7195,8.80610368658725e-05
7196,0.00012328545161222147
7197,0.00018199280952280322
7198,0.00023482943164232676
7199,0.0002700538463886757
7200,0.0002935367895529085
7201,0.0002583123748065593
7202,0.00021721722426915215
7203,0.000176122073731745
7204,0.00011741471582116325
7205,8.80610368658725e-05
7206,6.457809370163969e-05
7207,4.461759201204185e-05
7208,2.935367895529074e-05
7209,2.348294316423254e-05
7210,3.170197327171397e-05
7211,4.6965886328465356e-05
7212,4.344344485383038e-05
7213,5.870735791058148e-05
7214,6.457809370163969e-05
7215,7.631956528375608e-05
7216,6.105565222700498e-05
7217,5.635906359415825e-05
7218,8.21903010748143e-05
7219,8.80610368658725e-05
7220,0.00012328545161222147
7221,0.00018199280952280322
7222,0.00023482943164232676
7223,0.0002700538463886757
7224,0.0002935367895529085
7225,0.0002583123748065593
7226,0.00021721722426915215
7227,0.000176122073731745
7228,0.00011741471582116325
7229,8.80610368658725e-05
7230,6.457809370163969e-05
7231,4.461759201204185e-05
7232,2.935367895529074e-05
7233,2.348294316423254e-05
7234,3.170197327171397e-05
7235,4.6965886328465356e-05
7236,4.344344485383038e-05
7237,5.870735791058148e-05
7238,6.457809370163969e-05
7239,7.631956528375608e-05
7240,6.105565222700498e-05
7241,5.635906359415825e-05
7242,8.21903010748143e-05
7243,8.80610368658725e-05
7244,0.00012328545161222147
7245,0.00018199280952280322
7246,0.00023482943164232676
7247,0.0002700538463886757
7248,0.0002935367895529085
7249,0.0002583123748065593
7250,0.00021721722426915215
7251,0.000176122073731745
7252,0.00011741471582116325
7253,8.80610368658725e-05
7254,6.457809370163969e-05
7255,4.461759201204185e-05
7256,2.935367895529074e-05
7257,2.348294316423254e-05
7258,3.170197327171397e-05
7259,4.6965886328465356e-05
7260,4.344344485383038e-05
7261,5.870735791058148e-05
7262,6.457809370163969e-05
7263,7.631956528375608e-05
7264,6.105565222700498e-05
7265,5.635906359415825e-05
7266,8.21903010748143e-05
7267,8.80610368658725e-05
7268,0.00012328545161222147
7269,0.00018199280952280322
7270,0.00023482943164232676
7271,0.0002700538463886757
7272,0.0002935367895529085
7273,0.0002583123748065593
7274,0.00021721722426915215
7275,0.000176122073731745
7276,0.00011741471582116325
7277,8.80610368658725e-05
7278,6.457809370163969e-05
7279,4.461759201204185e-05
7280,2.935367895529074e-05
7281,2.348294316423254e-05
7282,3.170197327171397e-05
7283,4.6965886328465356e-05
7284,4.344344485383038e-05
7285,5.870735791058148e-05
7286,6.457809370163969e-05
7287,7.631956528375608e-05
7288,6.105565222700498e-05
7289,5.635906359415825e-05
7290,8.21903010748143e-05
7291,8.80610368658725e-05
7292,0.00012328545161222147
7293,0.00018199280952280322
7294,0.00023482943164232676
7295,0.0002700538463886757
7296,0.0002935367895529085
7297,0.0002583123748065593
7298,0.00021721722426915215
7299,0.000176122073731745
7300,0.00011741471582116325
7301,8.80610368658725e-05
7302,6.457809370163969e-05
7303,4.461759201204185e-05
7304,2.935367895529074e-05
7305,2.348294316423254e-05
7306,3.170197327171397e-05
7307,4.6965886328465356e-05
7308,4.344344485383038e-05
7309,5.870735791058148e-05
7310,6.457809370163969e-05
7311,7.631956528375608e-05
7312,6.105565222700498e-05
7313,5.635906359415825e-05
7314,8.21903010748143e-05
7315,8.80610368658725e-05
7316,0.00012328545161222147
7317,0.00018199280952280322
7318,0.00023482943164232676
7319,0.0002700538463886757
7320,0.0002935367895529085
7321,0.0002583123748065593
7322,0.00021721722426915215
7323,0.000176122073731745
7324,0.00011741471582116325
7325,8.80610368658725e-05
7326,6.457809370163969e-05
7327,4.461759201204185e-05
7328,2.935367895529074e-05
7329,2.348294316423254e-05
7330,3.170197327171397e-05
7331,4.6965886328465356e-05
7332,4.344344485383038e-05
7333,5.870735791058148e-05
7334,6.457809370163969e-05
7335,7.631956528375608e-05
7336,6.105565222700498e-05
7337,5.635906359415825e-05
7338,8.21903010748143e-05
7339,8.80610368658725e-05
7340,0.00012328545161222147
7341,0.00018199280952280322
7342,0.00023482943164232676
7343,0.0002700538463886757
7344,0.0002935367895529085
7345,0.0002583123748065593
7346,0.00021721722426915215
7347,0.000176122073731745
7348,0.00011741471582116325
7349,8.80610368658725e-05
7350,6.457809370163969e-05
7351,4.461759201204185e-05
7352,2.935367895529074e-05
7353,2.348294316423254e-05
7354,3.170197327171397e-05
7355,4.6965886328465356e-05
7356,4.344344485383038e-05
7357,5.870735791058148e-05
7358,6.457809370163969e-05
7359,7.631956528375608e-05
7360,6.105565222700498e-05
7361,5.635906359415825e-05
7362,8.21903010748143e-05
7363,8.80610368658725e-05
7364,0.00012328545161222147
7365,0.00018199280952280322
7366,0.00023482943164232676
7367,0.0002700538463886757
7368,0.0002935367895529085
7369,0.0002583123748065593
7370,0.00021721722426915215
7371,0.000176122073731745
7372,0.00011741471582116325
7373,8.80610368658725e-05
7374,6.457809370163969e-05
7375,4.461759201204185e-05
7376,2.935367895529074e-05
7377,2.348294316423254e-05
7378,3.170197327171397e-05
7379,4.6965886328465356e-05
7380,4.344344485383038e-05
7381,5.870735791058148e-05
7382,6.457809370163969e-05
7383,7.631956528375608e-05
7384,6.105565222700498e-05
7385,5.635906359415825e-05
7386,8.21903010748143e-05
7387,8.80610368658725e-05
7388,0.00012328545161222147
7389,0.00018199280952280322
7390,0.00023482943164232676
7391,0.0002700538463886757
7392,0.0002935367895529085
7393,0.0002583123748065593
7394,0.00021721722426915215
7395,0.000176122073731745
7396,0.00011741471582116325
7397,8.80610368658725e-05
7398,6.457809370163969e-05
7399,4.461759201204185e-05
7400,2.935367895529074e-05
7401,2.348294316423254e-05
7402,3.170197327171397e-05
7403,4.6965886328465356e-05
7404,4.344344485383038e-05
7405,5.870735791058148e-05
7406,6.457809370163969e-05
7407,7.631956528375608e-05
7408,6.105565222700498e-05
7409,5.635906359415825e-05
7410,8.21903010748143e-05
7411,8.80610368658725e-05
7412,0.00012328545161222147
7413,0.00018199280952280322
7414,0.00023482943164232676
7415,0.0002700538463886757
7416,0.0002935367895529085
7417,0.0002583123748065593
7418,0.00021721722426915215
7419,0.000176122073731745
7420,0.00011741471582116325
7421,8.80610368658725e-05
7422,6.457809370163969e-05
7423,4.461759201204185e-05
7424,2.935367895529074e-05
7425,2.348294316423254e-05
7426,3.170197327171397e-05
7427,4.6965886328465356e-05
7428,4.344344485383038e-05
7429,5.870735791058148e-05
7430,6.457809370163969e-05
7431,7.631956528375608e-05
7432,6.105565222700498e-05
7433,5.635906359415825e-05
7434,8.21903010748143e-05
7435,8.80610368658725e-05
7436,0.00012328545161222147
7437,0.00018199280952280322
7438,0.00023482943164232676
7439,0.0002700538463886757
7440,0.0002935367895529085
7441,0.0002583123748065593
7442,0.00021721722426915215
7443,0.000176122073731745
7444,0.00011741471582116325
7445,8.80610368658725e-05
7446,6.457809370163969e-05
7447,4.461759201204185e-05
7448,2.935367895529074e-05
7449,2.348294316423254e-05
7450,3.170197327171397e-05
7451,4.6965886328465356e-05
7452,4.344344485383038e-05
7453,5.870735791058148e-05
7454,6.457809370163969e-05
7455,7.631956528375608e-05
7456,6.105565222700498e-05
7457,5.635906359415825e-05
7458,8.21903010748143e-05
7459,8.80610368658725e-05
7460,0.00012328545161222147
7461,0.00018199280952280322
7462,0.00023482943164232676
7463,0.0002700538463886757
7464,0.0002935367895529085
7465,0.0002583123748065593
7466,0.00021721722426915215
7467,0.000176122073731745
7468,0.00011741471582116325
7469,8.80610368658725e-05
7470,6.457809370163969e-05
7471,4.461759201204185e-05
7472,2.935367895529074e-05
7473,2.348294316423254e-05
7474,3.170197327171397e-05
7475,4.6965886328465356e-05
7476,4.344344485383038e-05
7477,5.870735791058148e-05
7478,6.457809370163969e-05
7479,7.631956528375608e-05
7480,6.105565222700498e-05
7481,5.635906359415825e-05
7482,8.21903010748143e-05
7483,8.80610368658725e-05
7484,0.00012328545161222147
7485,0.00018199280952280322
7486,0.00023482943164232676
7487,0.0002700538463886757
7488,0.0002935367895529085
7489,0.0002583123748065593
7490,0.00021721722426915215
7491,0.000176122073731745
7492,0.00011741471582116325
7493,8.80610368658725e-05
7494,6.457809370163969e-05
7495,4.461759201204185e-05
7496,2.935367895529074e-05
7497,2.348294316423254e-05
7498,3.170197327171397e-05
7499,4.6965886328465356e-05
7500,4.344344485383038e-05
7501,5.870735791058148e-05
7502,6.457809370163969e-05
7503,7.631956528375608e-05
7504,6.105565222700498e-05
7505,5.635906359415825e-05
7506,8.21903010748143e-05
7507,8.80610368658725e-05
7508,0.00012328545161222147
7509,0.00018199280952280322
7510,0.00023482943164232676
7511,0.0002700538463886757
7512,0.0002935367895529085
7513,0.0002583123748065593
7514,0.00021721722426915215
7515,0.000176122073731745
7516,0.00011741471582116325
7517,8.80610368658725e-05
7518,6.457809370163969e-05
7519,4.461759201204185e-05
7520,2.935367895529074e-05
7521,2.348294316423254e-05
7522,3.170197327171397e-05
7523,4.6965886328465356e-05
7524,4.344344485383038e-05
7525,5.870735791058148e-05
7526,6.457809370163969e-05
7527,7.631956528375608e-05
7528,6.105565222700498e-05
7529,5.635906359415825e-05
7530,8.21903010748143e-05
7531,8.80610368658725e-05
7532,0.00012328545161222147
7533,0.00018199280952280322
7534,0.00023482943164232676
7535,0.0002700538463886757
7536,0.0002935367895529085
7537,0.0002583123748065593
7538,0.00021721722426915215
7539,0.000176122073731745
7540,0.00011741471582116325
7541,8.80610368658725e-05
7542,6.457809370163969e-05
7543,4.461759201204185e-05
7544,2.935367895529074e-05
7545,2.348294316423254e-05
7546,3.170197327171397e-05
7547,4.6965886328465356e-05
7548,4.344344485383038e-05
7549,5.870735791058148e-05
7550,6.457809370163969e-05
7551,7.631956528375608e-05
7552,6.105565222700498e-05
7553,5.635906359415825e-05
7554,8.21903010748143e-05
7555,8.80610368658725e-05
7556,0.00012328545161222147
7557,0.00018199280952280322
7558,0.00023482943164232676
7559,0.0002700538463886757
7560,0.0002935367895529085
7561,0.0002583123748065593
7562,0.00021721722426915215
7563,0.000176122073731745
7564,0.00011741471582116325
7565,8.80610368658725e-05
7566,6.457809370163969e-05
7567,4.461759201204185e-05
7568,2.935367895529074e-05
7569,2.348294316423254e-05
7570,3.170197327171397e-05
7571,4.6965886328465356e-05
7572,4.344344485383038e-05
7573,5.870735791058148e-05
7574,6.457809370163969e-05
7575,7.631956528375608e-05
7576,6.105565222700498e-05
7577,5.635906359415825e-05
7578,8.21903010748143e-05
7579,8.80610368658725e-05
7580,0.00012328545161222147
7581,0.00018199280952280322
7582,0.00023482943164232676
7583,0.0002700538463886757
7584,0.0002935367895529085
7585,0.0002583123748065593
7586,0.00021721722426915215
7587,0.000176122073731745
7588,0.00011741471582116325
7589,8.80610368658725e-05
7590,6.457809370163969e-05
7591,4.461759201204185e-05
7592,2.935367895529074e-05
7593,2.348294316423254e-05
7594,3.170197327171397e-05
7595,4.6965886328465356e-05
7596,4.344344485383038e-05
7597,5.870735791058148e-05
7598,6.457809370163969e-05
7599,7.631956528375608e-05
7600,6.105565222700498e-05
7601,5.635906359415825e-05
7602,8.21903010748143e-05
7603,8.80610368658725e-05
7604,0.00012328545161222147
7605,0.00018199280952280322
7606,0.00023482943164232676
7607,0.0002700538463886757
7608,0.0002935367895529085
7609,0.0002583123748065593
7610,0.00021721722426915215
7611,0.000176122073731745
7612,0.00011741471582116325
7613,8.80610368658725e-05
7614,6.457809370163969e-05
7615,4.461759201204185e-05
7616,2.935367895529074e-05
7617,2.348294316423254e-05
7618,3.170197327171397e-05
7619,4.6965886328465356e-05
7620,4.344344485383038e-05
7621,5.870735791058148e-05
7622,6.457809370163969e-05
7623,7.631956528375608e-05
7624,6.105565222700498e-05
7625,5.635906359415825e-05
7626,8.21903010748143e-05
7627,8.80610368658725e-05
7628,0.00012328545161222147
7629,0.00018199280952280322
7630,0.00023482943164232676
7631,0.0002700538463886757
7632,0.0002935367895529085
7633,0.0002583123748065593
7634,0.00021721722426915215
7635,0.000176122073731745
7636,0.00011741471582116325
7637,8.80610368658725e-05
7638,6.457809370163969e-05
7639,4.461759201204185e-05
7640,2.935367895529074e-05
7641,2.348294316423254e-05
7642,3.170197327171397e-05
7643,4.6965886328465356e-05
7644,4.344344485383038e-05
7645,5.870735791058148e-05
7646,6.457809370163969e-05
7647,7.631956528375608e-05
7648,6.105565222700498e-05
7649,5.635906359415825e-05
7650,8.21903010748143e-05
7651,8.80610368658725e-05
7652,0.00012328545161222147
7653,0.00018199280952280322
7654,0.00023482943164232676
7655,0.0002700538463886757
7656,0.0002935367895529085
7657,0.0002583123748065593
7658,0.00021721722426915215
7659,0.000176122073731745
7660,0.00011741471582116325
7661,8.80610368658725e-05
7662,6.457809370163969e-05
7663,4.461759201204185e-05
7664,2.935367895529074e-05
7665,2.348294316423254e-05
7666,3.170197327171397e-05
7667,4.6965886328465356e-05
7668,4.344344485383038e-05
7669,5.870735791058148e-05
7670,6.457809370163969e-05
7671,7.631956528375608e-05
7672,6.105565222700498e-05
7673,5.635906359415825e-05
7674,8.21903010748143e-05
7675,8.80610368658725e-05
7676,0.00012328545161222147
7677,0.00018199280952280322
7678,0.00023482943164232676
7679,0.0002700538463886757
7680,0.0002935367895529085
7681,0.0002583123748065593
7682,0.00021721722426915215
7683,0.000176122073731745
7684,0.00011741471582116325
7685,8.80610368658725e-05
7686,6.457809370163969e-05
7687,4.461759201204185e-05
7688,2.935367895529074e-05
7689,2.348294316423254e-05
7690,3.170197327171397e-05
7691,4.6965886328465356e-05
7692,4.344344485383038e-05
7693,5.870735791058148e-05
7694,6.457809370163969e-05
7695,7.631956528375608e-05
7696,6.105565222700498e-05
7697,5.635906359415825e-05
7698,8.21903010748143e-05
7699,8.80610368658725e-05
7700,0.00012328545161222147
7701,0.00018199280952280322
7702,0.00023482943164232676
7703,0.0002700538463886757
7704,0.0002935367895529085
7705,0.0002583123748065593
7706,0.00021721722426915215
7707,0.000176122073731745
7708,0.00011741471582116325
7709,8.80610368658725e-05
7710,6.457809370163969e-05
7711,4.461759201204185e-05
7712,2.935367895529074e-05
7713,2.348294316423254e-05
7714,3.170197327171397e-05
7715,4.6965886328465356e-05
7716,4.344344485383038e-05
7717,5.870735791058148e-05
7718,6.457809370163969e-05
7719,7.631956528375608e-05
7720,6.105565222700498e-05
7721,5.635906359415825e-05
7722,8.21903010748143e-05
7723,8.80610368658725e-05
7724,0.00012328545161222147
7725,0.00018199280952280322
7726,0.00023482943164232676
7727,0.0002700538463886757
7728,0.0002935367895529085
7729,0.0002583123748065593
7730,0.00021721722426915215
7731,0.000176122073731745
7732,0.00011741471582116325
7733,8.80610368658725e-05
7734,6.457809370163969e-05
7735,4.461759201204185e-05
7736,2.935367895529074e-05
7737,2.348294316423254e-05
7738,3.170197327171397e-05
7739,4.6965886328465356e-05
7740,4.344344485383038e-05
7741,5.870735791058148e-05
7742,6.457809370163969e-05
7743,7.631956528375608e-05
7744,6.105565222700498e-05
7745,5.635906359415825e-05
7746,8.21903010748143e-05
7747,8.80610368658725e-05
7748,0.00012328545161222147
7749,0.00018199280952280322
7750,0.00023482943164232676
7751,0.0002700538463886757
7752,0.0002935367895529085
7753,0.0002583123748065593
7754,0.00021721722426915215
7755,0.000176122073731745
7756,0.00011741471582116325
7757,8.80610368658725e-05
7758,6.457809370163969e-05
7759,4.461759201204185e-05
7760,2.935367895529074e-05
7761,2.348294316423254e-05
7762,3.170197327171397e-05
7763,4.6965886328465356e-05
7764,4.344344485383038e-05
7765,5.870735791058148e-05
7766,6.457809370163969e-05
7767,7.631956528375608e-05
7768,6.105565222700498e-05
7769,5.635906359415825e-05
7770,8.21903010748143e-05
7771,8.80610368658725e-05
7772,0.00012328545161222147
7773,0.00018199280952280322
7774,0.00023482943164232676
7775,0.0002700538463886757
7776,0.0002935367895529085
7777,0.0002583123748065593
7778,0.00021721722426915215
7779,0.000176122073731745
7780,0.00011741471582116325
7781,8.80610368658725e-05
7782,6.457809370163969e-05
7783,4.461759201204185e-05
7784,2.935367895529074e-05
7785,2.348294316423254e-05
7786,3.170197327171397e-05
7787,4.6965886328465356e-05
7788,4.344344485383038e-05
7789,5.870735791058148e-05
7790,6.457809370163969e-05
7791,7.631956528375608e-05
7792,6.105565222700498e-05
7793,5.635906359415825e-05
7794,8.21903010748143e-05
7795,8.80610368658725e-05
7796,0.00012328545161222147
7797,0.00018199280952280322
7798,0.00023482943164232676
7799,0.0002700538463886757
7800,0.0002935367895529085
7801,0.0002583123748065593
7802,0.00021721722426915215
7803,0.000176122073731745
7804,0.00011741471582116325
7805,8.80610368658725e-05
7806,6.457809370163969e-05
7807,4.461759201204185e-05
7808,2.935367895529074e-05
7809,2.348294316423254e-05
7810,3.170197327171397e-05
7811,4.6965886328465356e-05
7812,4.344344485383038e-05
7813,5.870735791058148e-05
7814,6.457809370163969e-05
7815,7.631956528375608e-05
7816,6.105565222700498e-05
7817,5.635906359415825e-05
7818,8.21903010748143e-05
7819,8.80610368658725e-05
7820,0.00012328545161222147
7821,0.00018199280952280322
7822,0.00023482943164232676
7823,0.0002700538463886757
7824,0.0002935367895529085
7825,0.0002583123748065593
7826,0.00021721722426915215
7827,0.000176122073731745
7828,0.00011741471582116325
7829,8.80610368658725e-05
7830,6.457809370163969e-05
7831,4.461759201204185e-05
7832,2.935367895529074e-05
7833,2.348294316423254e-05
7834,3.170197327171397e-05
7835,4.6965886328465356e-05
7836,4.344344485383038e-05
7837,5.870735791058148e-05
7838,6.457809370163969e-05
7839,7.631956528375608e-05
7840,6.105565222700498e-05
7841,5.635906359415825e-05
7842,8.21903010748143e-05
7843,8.80610368658725e-05
7844,0.00012328545161222147
7845,0.00018199280952280322
7846,0.00023482943164232676
7847,0.0002700538463886757
7848,0.0002935367895529085
7849,0.0002583123748065593
7850,0.00021721722426915215
7851,0.000176122073731745
7852,0.00011741471582116325
7853,8.80610368658725e-05
7854,6.457809370163969e-05
7855,4.461759201204185e-05
7856,2.935367895529074e-05
7857,2.348294316423254e-05
7858,3.170197327171397e-05
7859,4.6965886328465356e-05
7860,4.344344485383038e-05
7861,5.870735791058148e-05
7862,6.457809370163969e-05
7863,7.631956528375608e-05
7864,6.105565222700498e-05
7865,5.635906359415825e-05
7866,8.21903010748143e-05
7867,8.80610368658725e-05
7868,0.00012328545161222147
7869,0.00018199280952280322
7870,0.00023482943164232676
7871,0.0002700538463886757
7872,0.0002935367895529085
7873,0.0002583123748065593
7874,0.00021721722426915215
7875,0.000176122073731745
7876,0.00011741471582116325
7877,8.80610368658725e-05
7878,6.457809370163969e-05
7879,4.461759201204185e-05
7880,2.935367895529074e-05
7881,2.348294316423254e-05
7882,3.170197327171397e-05
7883,4.6965886328465356e-05
7884,4.344344485383038e-05
7885,5.870735791058148e-05
7886,6.457809370163969e-05
7887,7.631956528375608e-05
7888,6.105565222700498e-05
7889,5.635906359415825e-05
7890,8.21903010748143e-05
7891,8.80610368658725e-05
7892,0.00012328545161222147
7893,0.00018199280952280322
7894,0.00023482943164232676
7895,0.0002700538463886757
7896,0.0002935367895529085
7897,0.0002583123748065593
7898,0.00021721722426915215
7899,0.000176122073731745
7900,0.00011741471582116325
7901,8.80610368658725e-05
7902,6.457809370163969e-05
7903,4.461759201204185e-05
7904,2.935367895529074e-05
7905,2.348294316423254e-05
7906,3.170197327171397e-05
7907,4.6965886328465356e-05
7908,4.344344485383038e-05
7909,5.870735791058148e-05
7910,6.457809370163969e-05
7911,7.631956528375608e-05
7912,6.105565222700498e-05
7913,5.635906359415825e-05
7914,8.21903010748143e-05
7915,8.80610368658725e-05
7916,0.00012328545161222147
7917,0.00018199280952280322
7918,0.00023482943164232676
7919,0.0002700538463886757
7920,0.0002935367895529085
7921,0.0002583123748065593
7922,0.00021721722426915215
7923,0.000176122073731745
7924,0.00011741471582116325
7925,8.80610368658725e-05
7926,6.457809370163969e-05
7927,4.461759201204185e-05
7928,2.935367895529074e-05
7929,2.348294316423254e-05
7930,3.170197327171397e-05
7931,4.6965886328465356e-05
7932,4.344344485383038e-05
7933,5.870735791058148e-05
7934,6.457809370163969e-05
7935,7.631956528375608e-05
7936,6.105565222700498e-05
7937,5.635906359415825e-05
7938,8.21903010748143e-05
7939,8.80610368658725e-05
7940,0.00012328545161222147
7941,0.00018199280952280322
7942,0.00023482943164232676
7943,0.0002700538463886757
7944,0.0002935367895529085
7945,0.0002583123748065593
7946,0.00021721722426915215
7947,0.000176122073731745
7948,0.00011741471582116325
7949,8.80610368658725e-05
7950,6.457809370163969e-05
7951,4.461759201204185e-05
7952,2.935367895529074e-05
7953,2.348294316423254e-05
7954,3.170197327171397e-05
7955,4.6965886328465356e-05
7956,4.344344485383038e-05
7957,5.870735791058148e-05
7958,6.457809370163969e-05
7959,7.631956528375608e-05
7960,6.105565222700498e-05
7961,5.635906359415825e-05
7962,8.21903010748143e-05
7963,8.80610368658725e-05
7964,0.00012328545161222147
7965,0.00018199280952280322
7966,0.00023482943164232676
7967,0.0002700538463886757
7968,0.0002935367895529085
7969,0.0002583123748065593
7970,0.00021721722426915215
7971,0.000176122073731745
7972,0.00011741471582116325
7973,8.80610368658725e-05
7974,6.457809370163969e-05
7975,4.461759201204185e-05
7976,2.935367895529074e-05
7977,2.348294316423254e-05
7978,3.170197327171397e-05
7979,4.6965886328465356e-05
7980,4.344344485383038e-05
7981,5.870735791058148e-05
7982,6.457809370163969e-05
7983,7.631956528375608e-05
7984,6.105565222700498e-05
7985,5.635906359415825e-05
7986,8.21903010748143e-05
7987,8.80610368658725e-05
7988,0.00012328545161222147
7989,0.00018199280952280322
7990,0.00023482943164232676
7991,0.0002700538463886757
7992,0.0002935367895529085
7993,0.0002583123748065593
7994,0.00021721722426915215
7995,0.000176122073731745
7996,0.00011741471582116325
7997,8.80610368658725e-05
7998,6.457809370163969e-05
7999,4.461759201204185e-05
8000,2.935367895529074e-05
8001,2.348294316423254e-05
8002,3.170197327171397e-05
8003,4.6965886328465356e-05
8004,4.344344485383038e-05
8005,5.870735791058148e-05
8006,6.457809370163969e-05
8007,7.631956528375608e-05
8008,6.105565222700498e-05
8009,5.635906359415825e-05
8010,8.21903010748143e-05
8011,8.80610368658725e-05
8012,0.00012328545161222147
8013,0.00018199280952280322
8014,0.00023482943164232676
8015,0.0002700538463886757
8016,0.0002935367895529085
8017,0.0002583123748065593
8018,0.00021721722426915215
8019,0.000176122073731745
8020,0.00011741471582116325
8021,8.80610368658725e-05
8022,6.457809370163969e-05
8023,4.461759201204185e-05
8024,2.935367895529074e-05
8025,2.348294316423254e-05
8026,3.170197327171397e-05
8027,4.6965886328465356e-05
8028,4.344344485383038e-05
8029,5.870735791058148e-05
8030,6.457809370163969e-05
8031,7.631956528375608e-05
8032,6.105565222700498e-05
8033,5.635906359415825e-05
8034,8.21903010748143e-05
8035,8.80610368658725e-05
8036,0.00012328545161222147
8037,0.00018199280952280322
8038,0.00023482943164232676
8039,0.0002700538463886757
8040,0.0002935367895529085
8041,0.0002583123748065593
8042,0.00021721722426915215
8043,0.000176122073731745
8044,0.00011741471582116325
8045,8.80610368658725e-05
8046,6.457809370163969e-05
8047,4.461759201204185e-05
8048,2.935367895529074e-05
8049,2.348294316423254e-05
8050,3.170197327171397e-05
8051,4.6965886328465356e-05
8052,4.344344485383038e-05
8053,5.870735791058148e-05
8054,6.457809370163969e-05
8055,7.631956528375608e-05
8056,6.105565222700498e-05
8057,5.635906359415825e-05
8058,8.21903010748143e-05
8059,8.80610368658725e-05
8060,0.00012328545161222147
8061,0.00018199280952280322
8062,0.00023482943164232676
8063,0.0002700538463886757
8064,0.0002935367895529085
8065,0.0002583123748065593
8066,0.00021721722426915215
8067,0.000176122073731745
8068,0.00011741471582116325
8069,8.80610368658725e-05
8070,6.457809370163969e-05
8071,4.461759201204185e-05
8072,2.935367895529074e-05
8073,2.348294316423254e-05
8074,3.170197327171397e-05
8075,4.6965886328465356e-05
8076,4.344344485383038e-05
8077,5.870735791058148e-05
8078,6.457809370163969e-05
8079,7.631956528375608e-05
8080,6.105565222700498e-05
8081,5.635906359415825e-05
8082,8.21903010748143e-05
8083,8.80610368658725e-05
8084,0.00012328545161222147
8085,0.00018199280952280322
8086,0.00023482943164232676
8087,0.0002700538463886757
8088,0.0002935367895529085
8089,0.0002583123748065593
8090,0.00021721722426915215
8091,0.000176122073731745
8092,0.00011741471582116325
8093,8.80610368658725e-05
8094,6.457809370163969e-05
8095,4.461759201204185e-05
8096,2.935367895529074e-05
8097,2.348294316423254e-05
8098,3.170197327171397e-05
8099,4.6965886328465356e-05
8100,4.344344485383038e-05
8101,5.870735791058148e-05
8102,6.457809370163969e-05
8103,7.631956528375608e-05
8104,6.105565222700498e-05
8105,5.635906359415825e-05
8106,8.21903010748143e-05
8107,8.80610368658725e-05
8108,0.00012328545161222147
8109,0.00018199280952280322
8110,0.00023482943164232676
8111,0.0002700538463886757
8112,0.0002935367895529085
8113,0.0002583123748065593
8114,0.00021721722426915215
8115,0.000176122073731745
8116,0.00011741471582116325
8117,8.80610368658725e-05
8118,6.457809370163969e-05
8119,4.461759201204185e-05
8120,2.935367895529074e-05
8121,2.348294316423254e-05
8122,3.170197327171397e-05
8123,4.6965886328465356e-05
8124,4.344344485383038e-05
8125,5.870735791058148e-05
8126,6.457809370163969e-05
8127,7.631956528375608e-05
8128,6.105565222700498e-05
8129,5.635906359415825e-05
8130,8.21903010748143e-05
8131,8.80610368658725e-05
8132,0.00012328545161222147
8133,0.00018199280952280322
8134,0.00023482943164232676
8135,0.0002700538463886757
8136,0.0002935367895529085
8137,0.0002583123748065593
8138,0.00021721722426915215
8139,0.000176122073731745
8140,0.00011741471582116325
8141,8.80610368658725e-05
8142,6.457809370163969e-05
8143,4.461759201204185e-05
8144,2.935367895529074e-05
8145,2.348294316423254e-05
8146,3.170197327171397e-05
8147,4.6965886328465356e-05
8148,4.344344485383038e-05
8149,5.870735791058148e-05
8150,6.457809370163969e-05
8151,7.631956528375608e-05
8152,6.105565222700498e-05
8153,5.635906359415825e-05
8154,8.21903010748143e-05
8155,8.80610368658725e-05
8156,0.00012328545161222147
8157,0.00018199280952280322
8158,0.00023482943164232676
8159,0.0002700538463886757
8160,0.0002935367895529085
8161,0.0002583123748065593
8162,0.00021721722426915215
8163,0.000176122073731745
8164,0.00011741471582116325
8165,8.80610368658725e-05
8166,6.457809370163969e-05
8167,4.461759201204185e-05
8168,2.935367895529074e-05
8169,2.348294316423254e-05
8170,3.170197327171397e-05
8171,4.6965886328465356e-05
8172,4.344344485383038e-05
8173,5.870735791058148e-05
8174,6.457809370163969e-05
8175,7.631956528375608e-05
8176,6.105565222700498e-05
8177,5.635906359415825e-05
8178,8.21903010748143e-05
8179,8.80610368658725e-05
8180,0.00012328545161222147
8181,0.00018199280952280322
8182,0.00023482943164232676
8183,0.0002700538463886757
8184,0.0002935367895529085
8185,0.0002583123748065593
8186,0.00021721722426915215
8187,0.000176122073731745
8188,0.00011741471582116325
8189,8.80610368658725e-05
8190,6.457809370163969e-05
8191,4.461759201204185e-05
8192,2.935367895529074e-05
8193,2.348294316423254e-05
8194,3.170197327171397e-05
8195,4.6965886328465356e-05
8196,4.344344485383038e-05
8197,5.870735791058148e-05
8198,6.457809370163969e-05
8199,7.631956528375608e-05
8200,6.105565222700498e-05
8201,5.635906359415825e-05
8202,8.21903010748143e-05
8203,8.80610368658725e-05
8204,0.00012328545161222147
8205,0.00018199280952280322
8206,0.00023482943164232676
8207,0.0002700538463886757
8208,0.0002935367895529085
8209,0.0002583123748065593
8210,0.00021721722426915215
8211,0.000176122073731745
8212,0.00011741471582116325
8213,8.80610368658725e-05
8214,6.457809370163969e-05
8215,4.461759201204185e-05
8216,2.935367895529074e-05
8217,2.348294316423254e-05
8218,3.170197327171397e-05
8219,4.6965886328465356e-05
8220,4.344344485383038e-05
8221,5.870735791058148e-05
8222,6.457809370163969e-05
8223,7.631956528375608e-05
8224,6.105565222700498e-05
8225,5.635906359415825e-05
8226,8.21903010748143e-05
8227,8.80610368658725e-05
8228,0.00012328545161222147
8229,0.00018199280952280322
8230,0.00023482943164232676
8231,0.0002700538463886757
8232,0.0002935367895529085
8233,0.0002583123748065593
8234,0.00021721722426915215
8235,0.000176122073731745
8236,0.00011741471582116325
8237,8.80610368658725e-05
8238,6.457809370163969e-05
8239,4.461759201204185e-05
8240,2.935367895529074e-05
8241,2.348294316423254e-05
8242,3.170197327171397e-05
8243,4.6965886328465356e-05
8244,4.344344485383038e-05
8245,5.870735791058148e-05
8246,6.457809370163969e-05
8247,7.631956528375608e-05
8248,6.105565222700498e-05
8249,5.635906359415825e-05
8250,8.21903010748143e-05
8251,8.80610368658725e-05
8252,0.00012328545161222147
8253,0.00018199280952280322
8254,0.00023482943164232676
8255,0.0002700538463886757
8256,0.0002935367895529085
8257,0.0002583123748065593
8258,0.00021721722426915215
8259,0.000176122073731745
8260,0.00011741471582116325
8261,8.80610368658725e-05
8262,6.457809370163969e-05
8263,4.461759201204185e-05
8264,2.935367895529074e-05
8265,2.348294316423254e-05
8266,3.170197327171397e-05
8267,4.6965886328465356e-05
8268,4.344344485383038e-05
8269,5.870735791058148e-05
8270,6.457809370163969e-05
8271,7.631956528375608e-05
8272,6.105565222700498e-05
8273,5.635906359415825e-05
8274,8.21903010748143e-05
8275,8.80610368658725e-05
8276,0.00012328545161222147
8277,0.00018199280952280322
8278,0.00023482943164232676
8279,0.0002700538463886757
8280,0.0002935367895529085
8281,0.0002583123748065593
8282,0.00021721722426915215
8283,0.000176122073731745
8284,0.00011741471582116325
8285,8.80610368658725e-05
8286,6.457809370163969e-05
8287,4.461759201204185e-05
8288,2.935367895529074e-05
8289,2.348294316423254e-05
8290,3.170197327171397e-05
8291,4.6965886328465356e-05
8292,4.344344485383038e-05
8293,5.870735791058148e-05
8294,6.457809370163969e-05
8295,7.631956528375608e-05
8296,6.105565222700498e-05
8297,5.635906359415825e-05
8298,8.21903010748143e-05
8299,8.80610368658725e-05
8300,0.00012328545161222147
8301,0.00018199280952280322
8302,0.00023482943164232676
8303,0.0002700538463886757
8304,0.0002935367895529085
8305,0.0002583123748065593
8306,0.00021721722426915215
8307,0.000176122073731745
8308,0.00011741471582116325
8309,8.80610368658725e-05
8310,6.457809370163969e-05
8311,4.461759201204185e-05
8312,2.935367895529074e-05
8313,2.348294316423254e-05
8314,3.170197327171397e-05
8315,4.6965886328465356e-05
8316,4.344344485383038e-05
8317,5.870735791058148e-05
8318,6.457809370163969e-05
8319,7.631956528375608e-05
8320,6.105565222700498e-05
8321,5.635906359415825e-05
8322,8.21903010748143e-05
8323,8.80610368658725e-05
8324,0.00012328545161222147
8325,0.00018199280952280322
8326,0.00023482943164232676
8327,0.0002700538463886757
8328,0.0002935367895529085
8329,0.0002583123748065593
8330,0.00021721722426915215
8331,0.000176122073731745
8332,0.00011741471582116325
8333,8.80610368658725e-05
8334,6.457809370163969e-05
8335,4.461759201204185e-05
8336,2.935367895529074e-05
8337,2.348294316423254e-05
8338,3.170197327171397e-05
8339,4.6965886328465356e-05
8340,4.344344485383038e-05
8341,5.870735791058148e-05
8342,6.457809370163969e-05
8343,7.631956528375608e-05
8344,6.105565222700498e-05
8345,5.635906359415825e-05
8346,8.21903010748143e-05
8347,8.80610368658725e-05
8348,0.00012328545161222147
8349,0.00018199280952280322
8350,0.00023482943164232676
8351,0.0002700538463886757
8352,0.0002935367895529085
8353,0.0002583123748065593
8354,0.00021721722426915215
8355,0.000176122073731745
8356,0.00011741471582116325
8357,8.80610368658725e-05
8358,6.457809370163969e-05
8359,4.461759201204185e-05
8360,2.935367895529074e-05
8361,2.348294316423254e-05
8362,3.170197327171397e-05
8363,4.6965886328465356e-05
8364,4.344344485383038e-05
8365,5.870735791058148e-05
8366,6.457809370163969e-05
8367,7.631956528375608e-05
8368,6.105565222700498e-05
8369,5.635906359415825e-05
8370,8.21903010748143e-05
8371,8.80610368658725e-05
8372,0.00012328545161222147
8373,0.00018199280952280322
8374,0.00023482943164232676
8375,0.0002700538463886757
8376,0.0002935367895529085
8377,0.0002583123748065593
8378,0.00021721722426915215
8379,0.000176122073731745
8380,0.00011741471582116325
8381,8.80610368658725e-05
8382,6.457809370163969e-05
8383,4.461759201204185e-05
8384,2.935367895529074e-05
8385,2.348294316423254e-05
8386,3.170197327171397e-05
8387,4.6965886328465356e-05
8388,4.344344485383038e-05
8389,5.870735791058148e-05
8390,6.457809370163969e-05
8391,7.631956528375608e-05
8392,6.105565222700498e-05
8393,5.635906359415825e-05
8394,8.21903010748143e-05
8395,8.80610368658725e-05
8396,0.00012328545161222147
8397,0.00018199280952280322
8398,0.00023482943164232676
8399,0.0002700538463886757
8400,0.0002935367895529085
8401,0.0002583123748065593
8402,0.00021721722426915215
8403,0.000176122073731745
8404,0.00011741471582116325
8405,8.80610368658725e-05
8406,6.457809370163969e-05
8407,4.461759201204185e-05
8408,2.935367895529074e-05
8409,2.348294316423254e-05
8410,3.170197327171397e-05
8411,4.6965886328465356e-05
8412,4.344344485383038e-05
8413,5.870735791058148e-05
8414,6.457809370163969e-05
8415,7.631956528375608e-05
8416,6.105565222700498e-05
8417,5.635906359415825e-05
8418,8.21903010748143e-05
8419,8.80610368658725e-05
8420,0.00012328545161222147
8421,0.00018199280952280322
8422,0.00023482943164232676
8423,0.0002700538463886757
8424,0.0002935367895529085
8425,0.0002583123748065593
8426,0.00021721722426915215
8427,0.000176122073731745
8428,0.00011741471582116325
8429,8.80610368658725e-05
8430,6.457809370163969e-05
8431,4.461759201204185e-05
8432,2.935367895529074e-05
8433,2.348294316423254e-05
8434,3.170197327171397e-05
8435,4.6965886328465356e-05
8436,4.344344485383038e-05
8437,5.870735791058148e-05
8438,6.457809370163969e-05
8439,7.631956528375608e-05
8440,6.105565222700498e-05
8441,5.635906359415825e-05
8442,8.21903010748143e-05
8443,8.80610368658725e-05
8444,0.00012328545161222147
8445,0.00018199280952280322
8446,0.00023482943164232676
8447,0.0002700538463886757
8448,0.0002935367895529085
8449,0.0002583123748065593
8450,0.00021721722426915215
8451,0.000176122073731745
8452,0.00011741471582116325
8453,8.80610368658725e-05
8454,6.457809370163969e-05
8455,4.461759201204185e-05
8456,2.935367895529074e-05
8457,2.348294316423254e-05
8458,3.170197327171397e-05
8459,4.6965886328465356e-05
8460,4.344344485383038e-05
8461,5.870735791058148e-05
8462,6.457809370163969e-05
8463,7.631956528375608e-05
8464,6.105565222700498e-05
8465,5.635906359415825e-05
8466,8.21903010748143e-05
8467,8.80610368658725e-05
8468,0.00012328545161222147
8469,0.00018199280952280322
8470,0.00023482943164232676
8471,0.0002700538463886757
8472,0.0002935367895529085
8473,0.0002583123748065593
8474,0.00021721722426915215
8475,0.000176122073731745
8476,0.00011741471582116325
8477,8.80610368658725e-05
8478,6.457809370163969e-05
8479,4.461759201204185e-05
8480,2.935367895529074e-05
8481,2.348294316423254e-05
8482,3.170197327171397e-05
8483,4.6965886328465356e-05
8484,4.344344485383038e-05
8485,5.870735791058148e-05
8486,6.457809370163969e-05
8487,7.631956528375608e-05
8488,6.105565222700498e-05
8489,5.635906359415825e-05
8490,8.21903010748143e-05
8491,8.80610368658725e-05
8492,0.00012328545161222147
8493,0.00018199280952280322
8494,0.00023482943164232676
8495,0.0002700538463886757
8496,0.0002935367895529085
8497,0.0002583123748065593
8498,0.00021721722426915215
8499,0.000176122073731745
8500,0.00011741471582116325
8501,8.80610368658725e-05
8502,6.457809370163969e-05
8503,4.461759201204185e-05
8504,2.935367895529074e-05
8505,2.348294316423254e-05
8506,3.170197327171397e-05
8507,4.6965886328465356e-05
8508,4.344344485383038e-05
8509,5.870735791058148e-05
8510,6.457809370163969e-05
8511,7.631956528375608e-05
8512,6.105565222700498e-05
8513,5.635906359415825e-05
8514,8.21903010748143e-05
8515,8.80610368658725e-05
8516,0.00012328545161222147
8517,0.00018199280952280322
8518,0.00023482943164232676
8519,0.0002700538463886757
8520,0.0002935367895529085
8521,0.0002583123748065593
8522,0.00021721722426915215
8523,0.000176122073731745
8524,0.00011741471582116325
8525,8.80610368658725e-05
8526,6.457809370163969e-05
8527,4.461759201204185e-05
8528,2.935367895529074e-05
8529,2.348294316423254e-05
8530,3.170197327171397e-05
8531,4.6965886328465356e-05
8532,4.344344485383038e-05
8533,5.870735791058148e-05
8534,6.457809370163969e-05
8535,7.631956528375608e-05
8536,6.105565222700498e-05
8537,5.635906359415825e-05
8538,8.21903010748143e-05
8539,8.80610368658725e-05
8540,0.00012328545161222147
8541,0.00018199280952280322
8542,0.00023482943164232676
8543,0.0002700538463886757
8544,0.0002935367895529085
8545,0.0002583123748065593
8546,0.00021721722426915215
8547,0.000176122073731745
8548,0.00011741471582116325
8549,8.80610368658725e-05
8550,6.457809370163969e-05
8551,4.461759201204185e-05
8552,2.935367895529074e-05
8553,2.348294316423254e-05
8554,3.170197327171397e-05
8555,4.6965886328465356e-05
8556,4.344344485383038e-05
8557,5.870735791058148e-05
8558,6.457809370163969e-05
8559,7.631956528375608e-05
8560,6.105565222700498e-05
8561,5.635906359415825e-05
8562,8.21903010748143e-05
8563,8.80610368658725e-05
8564,0.00012328545161222147
8565,0.00018199280952280322
8566,0.00023482943164232676
8567,0.0002700538463886757
8568,0.0002935367895529085
8569,0.0002583123748065593
8570,0.00021721722426915215
8571,0.000176122073731745
8572,0.00011741471582116325
8573,8.80610368658725e-05
8574,6.457809370163969e-05
8575,4.461759201204185e-05
8576,2.935367895529074e-05
8577,2.348294316423254e-05
8578,3.170197327171397e-05
8579,4.6965886328465356e-05
8580,4.344344485383038e-05
8581,5.870735791058148e-05
8582,6.457809370163969e-05
8583,7.631956528375608e-05
8584,6.105565222700498e-05
8585,5.635906359415825e-05
8586,8.21903010748143e-05
8587,8.80610368658725e-05
8588,0.00012328545161222147
8589,0.00018199280952280322
8590,0.00023482943164232676
8591,0.0002700538463886757
8592,0.0002935367895529085
8593,0.0002583123748065593
8594,0.00021721722426915215
8595,0.000176122073731745
8596,0.00011741471582116325
8597,8.80610368658725e-05
8598,6.457809370163969e-05
8599,4.461759201204185e-05
8600,2.935367895529074e-05
8601,2.348294316423254e-05
8602,3.170197327171397e-05
8603,4.6965886328465356e-05
8604,4.344344485383038e-05
8605,5.870735791058148e-05
8606,6.457809370163969e-05
8607,7.631956528375608e-05
8608,6.105565222700498e-05
8609,5.635906359415825e-05
8610,8.21903010748143e-05
8611,8.80610368658725e-05
8612,0.00012328545161222147
8613,0.00018199280952280322
8614,0.00023482943164232676
8615,0.0002700538463886757
8616,0.0002935367895529085
8617,0.0002583123748065593
8618,0.00021721722426915215
8619,0.000176122073731745
8620,0.00011741471582116325
8621,8.80610368658725e-05
8622,6.457809370163969e-05
8623,4.461759201204185e-05
8624,2.935367895529074e-05
8625,2.348294316423254e-05
8626,3.170197327171397e-05
8627,4.6965886328465356e-05
8628,4.344344485383038e-05
8629,5.870735791058148e-05
8630,6.457809370163969e-05
8631,7.631956528375608e-05
8632,6.105565222700498e-05
8633,5.635906359415825e-05
8634,8.21903010748143e-05
8635,8.80610368658725e-05
8636,0.00012328545161222147
8637,0.00018199280952280322
8638,0.00023482943164232676
8639,0.0002700538463886757
8640,0.0002935367895529085
8641,0.0002583123748065593
8642,0.00021721722426915215
8643,0.000176122073731745
8644,0.00011741471582116325
8645,8.80610368658725e-05
8646,6.457809370163969e-05
8647,4.461759201204185e-05
8648,2.935367895529074e-05
8649,2.348294316423254e-05
8650,3.170197327171397e-05
8651,4.6965886328465356e-05
8652,4.344344485383038e-05
8653,5.870735791058148e-05
8654,6.457809370163969e-05
8655,7.631956528375608e-05
8656,6.105565222700498e-05
8657,5.635906359415825e-05
8658,8.21903010748143e-05
8659,8.80610368658725e-05
8660,0.00012328545161222147
8661,0.00018199280952280322
8662,0.00023482943164232676
8663,0.0002700538463886757
8664,0.0002935367895529085
8665,0.0002583123748065593
8666,0.00021721722426915215
8667,0.000176122073731745
8668,0.00011741471582116325
8669,8.80610368658725e-05
8670,6.457809370163969e-05
8671,4.461759201204185e-05
8672,2.935367895529074e-05
8673,2.348294316423254e-05
8674,3.170197327171397e-05
8675,4.6965886328465356e-05
8676,4.344344485383038e-05
8677,5.870735791058148e-05
8678,6.457809370163969e-05
8679,7.631956528375608e-05
8680,6.105565222700498e-05
8681,5.635906359415825e-05
8682,8.21903010748143e-05
8683,8.80610368658725e-05
8684,0.00012328545161222147
8685,0.00018199280952280322
8686,0.00023482943164232676
8687,0.0002700538463886757
8688,0.0002935367895529085
8689,0.0002583123748065593
8690,0.00021721722426915215
8691,0.000176122073731745
8692,0.00011741471582116325
8693,8.80610368658725e-05
8694,6.457809370163969e-05
8695,4.461759201204185e-05
8696,2.935367895529074e-05
8697,2.348294316423254e-05
8698,3.170197327171397e-05
8699,4.6965886328465356e-05
8700,4.344344485383038e-05
8701,5.870735791058148e-05
8702,6.457809370163969e-05
8703,7.631956528375608e-05
8704,6.105565222700498e-05
8705,5.635906359415825e-05
8706,8.21903010748143e-05
8707,8.80610368658725e-05
8708,0.00012328545161222147
8709,0.00018199280952280322
8710,0.00023482943164232676
8711,0.0002700538463886757
8712,0.0002935367895529085
8713,0.0002583123748065593
8714,0.00021721722426915215
8715,0.000176122073731745
8716,0.00011741471582116325
8717,8.80610368658725e-05
8718,6.457809370163969e-05
8719,4.461759201204185e-05
8720,2.935367895529074e-05
8721,2.348294316423254e-05
8722,3.170197327171397e-05
8723,4.6965886328465356e-05
8724,4.344344485383038e-05
8725,5.870735791058148e-05
8726,6.457809370163969e-05
8727,7.631956528375608e-05
8728,6.105565222700498e-05
8729,5.635906359415825e-05
8730,8.21903010748143e-05
8731,8.80610368658725e-05
8732,0.00012328545161222147
8733,0.00018199280952280322
8734,0.00023482943164232676
8735,0.0002700538463886757
8736,0.0002935367895529085
8737,0.0002583123748065593
8738,0.00021721722426915215
8739,0.000176122073731745
8740,0.00011741471582116325
8741,8.80610368658725e-05
8742,6.457809370163969e-05
8743,4.461759201204185e-05
8744,2.935367895529074e-05
8745,2.348294316423254e-05
8746,3.170197327171397e-05
8747,4.6965886328465356e-05
8748,4.344344485383038e-05
8749,5.870735791058148e-05
8750,6.457809370163969e-05
8751,7.631956528375608e-05
8752,6.105565222700498e-05
8753,5.635906359415825e-05
8754,8.21903010748143e-05
8755,8.80610368658725e-05
8756,0.00012328545161222147
8757,0.00018199280952280322
8758,0.00023482943164232676
8759,0.0002700538463886757
8760,0.0002935367895529085
8761,0.0002583123748065593
8762,0.00021721722426915215
8763,0.000176122073731745
8764,0.00011741471582116325
8765,8.80610368658725e-05
8766,6.457809370163969e-05
8767,4.461759201204185e-05
8768,2.935367895529074e-05
8769,2.348294316423254e-05
8770,3.170197327171397e-05
8771,4.6965886328465356e-05
8772,4.344344485383038e-05
8773,5.870735791058148e-05
8774,6.457809370163969e-05
8775,7.631956528375608e-05
8776,6.105565222700498e-05
8777,5.635906359415825e-05
8778,8.21903010748143e-05
8779,8.80610368658725e-05
8780,0.00012328545161222147
8781,0.00018199280952280322
8782,0.00023482943164232676
8783,0.0002700538463886757
