hour,value
0,0.00016004910044308996
1,0.00015756531555292995
2,0.000153635671815033
3,0.00014829740790872238
4,0.00014445356488964234
5,0.00014375568985934678
6,0.0001418719555064639
7,0.00014513786939808422
8,0.00015069008060699583
9,0.0001612679959608136
10,0.00017167822052200482
11,0.00018359585281392104
12,0.0001903304504591821
13,0.00019344644656421657
14,0.0001959485297709406
15,0.0002026473479327767
16,0.00020989526151112307
17,0.0002149349739366524
18,0.00021539672188669365
19,0.00021198229103654972
20,0.000202570506676775
21,0.00019418453703346785
22,0.00018455145102376497
23,0.00017251250118486853
24,0.00016554924754235212
25,0.0001606423803113992
26,0.00015901283788399094
27,0.0001565324966961508
28,0.00015540576399136044
29,0.00015904855899958
30,0.00016654803795078418
31,0.00017178658040940863
32,0.00017848431876628
33,0.00018484839738905823
34,0.00018871199792060053
35,0.00019586766113425974
36,0.00020352301139131465
37,0.00020238197856672148
38,0.00020351985952817445
39,0.0002111409770494565
40,0.00022454669731840495
41,0.00023736345693890296
42,0.00024199631636408306
43,0.00024024679884992092
44,0.00023056030627034222
45,0.00022006229648391246
46,0.00020948417684266897
47,0.0001969075716831044
48,0.00018771986144546448
49,0.00018225447239249857
50,0.00018007662251436502
51,0.0001777897707026324
52,0.00017564597845676398
53,0.00017815591213742054
54,0.00018416473492681158
55,0.00018846136643311764
56,0.00019337789354091696
57,0.000196967019323999
58,0.00020244478235818204
59,0.00020923246555022137
60,0.00021615401537396586
61,0.00021484272357196523
62,0.0002160446048655153
63,0.00022264813753519584
64,0.0002370799059919556
65,0.00025055870279148826
66,0.00025450028275183286
67,0.00025370963204632675
68,0.00024577026389963703
69,0.00023356829269498844
70,0.00022261691074297336
71,0.00021040542558106818
72,0.0002006634835573561
73,0.00019731731389133214
74,0.00019186015470323237
75,0.00018846014070856312
76,0.0001896783066283376
77,0.00019405466859852389
78,0.00020212408028366533
79,0.00021099902647247503
80,0.00021993736013110456
81,0.00022567777842697205
82,0.00022924630036397087
83,0.00023113846886914564
84,0.0002294312972199506
85,0.00022694436046665037
86,0.00022916966339539492
87,0.00024057289994926115
88,0.00025806080829530927
89,0.0002725988937652153
90,0.00027800524375213816
91,0.0002727488991035551
92,0.00026424342131618154
93,0.0002544016702930293
94,0.00024883378732017055
95,0.0002367030248753564
96,0.0002237255786025434
97,0.00022082837433049212
98,0.00022293915956514223
99,0.00022037672401606674
100,0.0002156562252852379
101,0.00021529805106005419
102,0.00022105093088889272
103,0.0002258861516012417
104,0.0002309689103057693
105,0.00023748506632506283
106,0.00024013905182479437
107,0.00023861182821377117
108,0.00023921371733788007
109,0.0002379195273118069
110,0.000242598993453977
111,0.00025585371613137485
112,0.0002719676456196337
113,0.0002827793241563506
114,0.0002860529717862317
115,0.00028167888616164666
116,0.0002737982068739844
117,0.00026794902011586163
118,0.000262837165045123
119,0.00025822657294935015
120,0.00025327581310577793
121,0.0002487673355389644
122,0.0002465465853014224
123,0.00024419506192747953
124,0.0002435529865483329
125,0.00024367161917486036
126,0.00024603834737006296
127,0.0002492572751537598
128,0.00025601953915325163
129,0.00026419771930064843
130,0.00026688593753615284
131,0.00026577102431813826
132,0.0002664390442003557
133,0.0002669907661694829
134,0.0002671070348986552
135,0.0002737352571629341
136,0.0002809780051878007
137,0.0002906536705338144
138,0.00029183917964938614
139,0.00028513633410687093
140,0.00027313506070606716
141,0.0002663633994849906
142,0.00025757480850943914
143,0.0002484925397674065
144,0.00024436333639846534
145,0.00024043602737400558
146,0.0002389939624356041
147,0.00023541216181593123
148,0.0002369599017212838
149,0.00023499378116798587
150,0.0002243183915281652
151,0.0002256593341908182
152,0.00023824028775415953
153,0.00024613354531046464
154,0.0002485094664398262
155,0.0002522492979752792
156,0.00025313453375890965
157,0.0002550466056961365
158,0.0002574977921499297
159,0.00026056309578945905
160,0.00026828238801077515
161,0.00027679481157062436
162,0.0002824889733565174
163,0.0002849479811003252
164,0.00027840156135810204
165,0.00026529010253399405
166,0.0002506859446738154
167,0.00023343900793840376
168,0.0002271734834065931
169,0.0002268190739068269
170,0.00022532856366460358
171,0.00021889593201852574
172,0.00021213769539971304
173,0.00020870508296867693
174,0.0002148522375292218
175,0.0002203654882076502
176,0.0002254071559556832
177,0.0002265814584467564
178,0.00022527048766785338
179,0.00022272763452773234
180,0.00022333900842517985
181,0.00022088108048633678
182,0.00022054450236044714
183,0.00022672565618542113
184,0.00024312687216212684
185,0.0002598720206120493
186,0.0002628320286755612
187,0.000254957127803656
188,0.0002469398969638359
189,0.00023532714906289939
190,0.00022255104264012651
191,0.00020707705810500286
192,0.00019948535797302948
193,0.00019636352508440203
194,0.00019508439395999876
195,0.00019130536842271886
196,0.00018584610799252558
197,0.0001829423665228501
198,0.00018938743051798108
199,0.00019369445149908262
200,0.00019290832430086108
201,0.00018967544660437706
202,0.00018641963034837257
203,0.00018539971078333387
204,0.0001853265467009958
205,0.00018233537021309734
206,0.00018258760681606832
207,0.00019119712527098694
208,0.00020918533352270798
209,0.00023028752418912394
210,0.00023548272852957046
211,0.0002344715057720853
212,0.00022722038196276278
213,0.00021576890439250053
214,0.0002051870492097575
215,0.00018797233151977917
216,0.00017748027525261423
217,0.00017141784160592163
218,0.0001675888823850037
219,0.00016843185985542097
220,0.0001668181934793856
221,0.00016751490115296262
222,0.0001801078493065875
223,0.00018731365049131052
224,0.00018222776910756063
225,0.00017896004581302648
226,0.00017250397948082274
227,0.00016777049390649952
228,0.0001667392801652084
229,0.00016542133442991178
230,0.0001684666179017172
231,0.00017775664695574223
232,0.00019807685454028764
233,0.00022000562131522456
234,0.00022551863852230924
235,0.00022168658580608706
236,0.00021188324081897672
237,0.0001997505230516589
238,0.0001920456476858175
239,0.00018068344372060996
240,0.00017075609626606667
241,0.00016298777506256945
242,0.00015561819373022723
243,0.00014929120786718244
244,0.0001460238639635818
245,0.00014506418000522276
246,0.00015469817071638253
247,0.0001605111986001468
248,0.00016039805255019674
249,0.00015709755571578795
250,0.00014935821414282992
251,0.00014535987146204352
252,0.00014444060723006592
253,0.00014371086336135264
254,0.00014759856980913394
255,0.00015813880872485897
256,0.00018207747193004121
257,0.0002049859428310611
258,0.00021167597663358974
259,0.00020726214251273647
260,0.00019785864638566377
261,0.0001849641116237892
262,0.0001752160409773045
263,0.0001644825753407336
264,0.00015541799205298775
265,0.0001496110927919961
266,0.00014326067224282549
267,0.00014238690573895523
268,0.0001445100357709045
269,0.00014776722367105331
270,0.000161876918409152
271,0.00016877421639706764
272,0.00016986330184768324
273,0.00016828547332290884
274,0.00016388529727566319
275,0.00015802064304101893
276,0.0001567138747463029
277,0.00015370404973482485
278,0.00015931316958376813
279,0.00017148411828361997
280,0.00019003026467899478
281,0.0002063125561899933
282,0.00021202422832666533
283,0.0002049355130208177
284,0.0001925154503972171
285,0.00018138298223422959
286,0.00017729580370715788
287,0.0001720422315307815
288,0.00016920818125720628
289,0.00016435078076720397
290,0.0001608032712511399
291,0.00015788353699441965
292,0.0001551741604183907
293,0.00015531418485678646
294,0.00015518466662885807
295,0.00016062451975360466
296,0.0001723221344879832
297,0.0001791527764072669
298,0.00018195338191085428
299,0.00018701404838948244
300,0.00019142090755394205
301,0.00018212781418853075
302,0.00018330766162401725
303,0.00018718789698879957
304,0.0001963000208789103
305,0.00020554218830747282
306,0.00020980662995226355
307,0.00020396864981863928
308,0.0001940252512092152
309,0.00018664986227719796
310,0.00017856667578277705
311,0.00016972327740928745
312,0.00015939762784235865
313,0.0001535899697994999
314,0.00014926097332817076
315,0.00014194520714055588
316,0.00013971829909632325
317,0.00013940477626562593
318,0.00014118852651556096
319,0.00015032490224150055
320,0.00016501897575292918
321,0.00017748602448445337
322,0.00018394617656517214
323,0.0001878452063731239
324,0.0001933398960797266
325,0.00019531471344057808
326,0.00019416247399148634
327,0.00019761542761334398
328,0.00020799687683142177
329,0.00021863902598868036
330,0.0002199243441036922
331,0.0002136235653989799
332,0.0002006817818739201
333,0.00018668062212673302
334,0.00017109903648607265
335,0.0001564349932262299
336,0.00014717280562994347
337,0.00014938226169123304
338,0.00015263422567006615
339,0.0001572175308025418
340,0.00015761411106376735
341,0.0001650270305142875
342,0.00017989962205190767
343,0.0001869951080267232
344,0.0001872192405166939
345,0.0001888505339791801
346,0.00018797414092269296
347,0.00019579761973114392
348,0.00020227157580506011
349,0.00019940054950742336
350,0.00020192352839941026
351,0.00021109057642313103
352,0.0002308390126869074
353,0.00025313613887439776
354,0.00025631318773581483
355,0.00025635168132361063
356,0.00025133015047897343
357,0.00023871440968541792
358,0.00023118420006859667
359,0.00022124220228723492
360,0.00021993295335949185
361,0.00022054969709784492
362,0.00022345495613125454
363,0.00022394139367589412
364,0.0002273879268357995
365,0.000231027453245207
366,0.00024278340663159745
367,0.00024908243430123183
368,0.00024768662587280475
369,0.00024381946490327074
370,0.0002354049533881939
371,0.0002312682497523357
372,0.0002258145050826378
373,0.00021792749288477718
374,0.00021774401359253164
375,0.0002270822836629527
376,0.000249538462203352
377,0.0002727883557606437
378,0.00027672713406486364
379,0.0002770527974054344
380,0.0002690454599138044
381,0.0002513047604703439
382,0.00023288463023274177
383,0.00020967617783896028
384,0.00020244682523243957
385,0.00019398804171380992
386,0.00018324555824658788
387,0.00017747759033216149
388,0.00017493683843413394
389,0.00017420216248328457
390,0.00018086269134475063
391,0.00018228625367916235
392,0.00017880531267997637
393,0.00017863484941514317
394,0.00017712589493676598
395,0.00017735265397935356
396,0.0001771378019752957
397,0.00017034040053857404
398,0.0001700100677711289
399,0.0001798411666642239
400,0.00019855357384024493
401,0.00021884200013812653
402,0.0002232969252154744
403,0.00021863788781587975
404,0.00021146065768684442
405,0.00020147713119021858
406,0.00019198135551454074
407,0.0001794575148786568
408,0.0001753128440331942
409,0.00017518201252895738
410,0.0001743107266581141
411,0.00017752644421083476
412,0.0001783498100883796
413,0.0001844292579592458
414,0.0001985777964921558
415,0.00020627849855772823
416,0.0002053665886730778
417,0.00020188643563967684
418,0.00019401672950516947
419,0.00018748904583827978
420,0.000185282245513525
421,0.0001791794213243689
422,0.00017930266500993484
423,0.00018715284710332366
424,0.0002080663637400963
425,0.00022999282498551397
426,0.00023895535211213646
427,0.0002409619215757338
428,0.0002372013402746077
429,0.00022859882596000072
430,0.00022175595597908972
431,0.00020973264872022244
432,0.00019722561802108633
433,0.00018592052698333618
434,0.00017856533332255065
435,0.00017590542348747224
436,0.00017402241873253852
437,0.0001766164020969341
438,0.00018734738710047798
439,0.00019530438233361847
440,0.00019384285172193436
441,0.00019066877962014965
442,0.00018266967199338574
443,0.00017633536096693176
444,0.00017413603172517598
445,0.00017016836134217076
446,0.00017199337765210816
447,0.000180629336736703
448,0.00019763279204453312
449,0.00021672975570757817
450,0.00022394457472295232
451,0.00021921791818543292
452,0.0002078558601398152
453,0.00019630623705343684
454,0.0001920002958773
455,0.00018469631999254294
456,0.00017811271993883245
457,0.00016746061906554782
458,0.00016172215609218396
459,0.00015968570229659055
460,0.00015824594288770826
461,0.0001626050279784593
462,0.00016882382905760804
463,0.00018066473682919448
464,0.00020112070800011277
465,0.0002180923820212791
466,0.00022572027021152902
467,0.00022659695510719578
468,0.00022815525959085165
469,0.00022744822081031507
470,0.0002268150173422298
471,0.00023293485575555945
472,0.00024661793998084666
473,0.00025253559221051524
474,0.00024935723007278967
475,0.0002384723874537347
476,0.00022386679958157576
477,0.00021172307947718515
478,0.00020120227705082476
479,0.00018758255111143944
480,0.00017498615925549466
481,0.00016222624990719234
482,0.0001524827903197461
483,0.00014872276351306134
484,0.0001450988504997651
485,0.0001405937582674355
486,0.00014133984513020915
487,0.0001458486437201203
488,0.00015892884656808781
489,0.00017399594891894432
490,0.00018572228062860036
491,0.00019261642675337575
492,0.00019697425693565427
493,0.00019620094147741935
494,0.00019077664338094808
495,0.00019284242701409626
496,0.00020673697790895743
497,0.0002203570248714404
498,0.00021984044033954302
499,0.00021337153308343472
500,0.0002023904710868493
501,0.0001874127007088835
502,0.00017150122005954744
503,0.0001547703717294278
504,0.00014479168976318411
505,0.00014054528377969574
506,0.0001374622363180437
507,0.00013603035656701193
508,0.00013404299012143554
509,0.00013313105105286716
510,0.00014415734812229822
511,0.00014762994252094625
512,0.00014435944675420543
513,0.0001438293208843723
514,0.00014309111367944918
515,0.00014168593721335535
516,0.00014258483107059344
517,0.00014170327246062654
518,0.00014043990065192434
519,0.00014584146447630094
520,0.00016366183601580566
521,0.00018419248883279625
522,0.00018707273724850992
523,0.00018482793946256483
524,0.00017603111862214726
525,0.00016337819751710442
526,0.00015319966408063683
527,0.00013830305417853153
528,0.00012992610236587556
529,0.00012718179264004255
530,0.00012486922979658283
531,0.00012175542248539576
532,0.00011947306499702977
533,0.00012119383635199644
534,0.0001337918333234293
535,0.00013849061921929217
536,0.0001351512494061541
537,0.00013112121299045776
538,0.00012489070916020504
539,0.00013026017067482021
540,0.00013181923394034315
541,0.00012519343394125536
542,0.00012579873758376616
543,0.00013590930167529336
544,0.00015736181609296042
545,0.00018065116630734074
546,0.0001880321585516073
547,0.00018720321854573117
548,0.0001792541613382771
549,0.00016749777019311717
550,0.00015641526489768565
551,0.00014131997088207503
552,0.00013271690207302672
553,0.00012647878124018514
554,0.00012595790667234693
555,0.00012578236540578783
556,0.00012796862025229525
557,0.0001310962899245157
558,0.00013962272176498808
559,0.0001402227723022652
560,0.00013295478018835892
561,0.00012929844384220363
562,0.00012724926585837748
563,0.00013014772503890128
564,0.0001323871238000229
565,0.00013071803716377213
566,0.00013405869106930068
567,0.00014010142557136697
568,0.00015622440207419493
569,0.00017366112182813255
570,0.0001789540047420077
571,0.0001771717720558069
572,0.00017237851781749146
573,0.00016610715650208782
574,0.00016152116644915942
575,0.00014927363914856752
576,0.0001388801661562882
577,0.00013187398297044537
578,0.0001294906491259207
579,0.00012714534192650434
580,0.00012546186761869685
581,0.00012814996911852939
582,0.0001423228178551042
583,0.0001484660909545597
584,0.0001478849515961239
585,0.0001454519467232229
586,0.00013947251213922255
587,0.00013874805055966093
588,0.00013535115924421392
589,0.0001300599981814987
590,0.0001320538434568633
591,0.0001427964436597572
592,0.0001640859367116721
593,0.0001892860164030529
594,0.0001952704122531073
595,0.0001948884823187001
596,0.00019197274625874108
597,0.00018409597761608618
598,0.00017815500743596362
599,0.00016573118008694556
600,0.0001576597547114645
601,0.00015425758110686587
602,0.00015155830216645276
603,0.00014832457813634774
604,0.00014749601752140514
605,0.0001493276877646386
606,0.0001593452135256936
607,0.00016547763020766616
608,0.00016325886447654577
609,0.00016141978151814923
610,0.0001589899576923064
611,0.0001618041045338295
612,0.0001654893329587701
613,0.0001667655165074589
614,0.00016694126206144377
615,0.00017272373438309872
616,0.00018443737108844003
617,0.00019566932722777
618,0.00019324402690921178
619,0.0001832028329906872
620,0.00017215076652169308
621,0.00016592703336040823
622,0.0001647667683338762
623,0.0001560039467578878
624,0.00014798540264175924
625,0.00014275917579651597
626,0.0001396175562115083
627,0.0001359020348797201
628,0.00013362764460095853
629,0.0001333955449013834
630,0.0001367692058181303
631,0.00014604589782164532
632,0.00016071647827911218
633,0.00016732724856044804
634,0.00016354475013693033
635,0.0001608166666694858
636,0.00016706383451689651
637,0.00016770395457353947
638,0.0001640964429221395
639,0.00016498363402827365
640,0.00017133723562450244
641,0.0001814657770094961
642,0.00018194392632143362
643,0.0001738479572709441
644,0.00016262604039939403
645,0.00015531541058134098
646,0.00014823358268013304
647,0.0001405968225788218
648,0.0001338139839171647
649,0.00012608383527836563
650,0.00012032468090716464
651,0.00011353933242856251
652,0.0001101043269162533
653,0.00010918582146614281
654,0.00011065348070059958
655,0.0001166083716095914
656,0.0001320453509367355
657,0.00014807814913305177
658,0.0001542432226192271
659,0.00016182059344747968
660,0.00016789429208650678
661,0.00016972386108764678
662,0.00016663121211698425
663,0.0001701601606612226
664,0.0001828485694105108
665,0.00019727858683219268
666,0.00019929531229924177
667,0.00019347568885001745
668,0.00018516037347210342
669,0.0001723629336052982
670,0.00015648256301251277
671,0.0001395905902713087
672,0.00013041674239470212
673,0.0001271778528111173
674,0.00012343863413794156
675,0.0001201018908774203
676,0.0001167214884756235
677,0.00012075006569542159
678,0.00013313052574234378
679,0.00013938017422278148
680,0.00013641304528328618
681,0.00013434040342941625
682,0.00012936402010587083
683,0.0001265675587186345
684,0.00012810531772404303
685,0.00012414587720590387
686,0.000127489391135393
687,0.0001350079855528642
688,0.00015278280099642564
689,0.0001718602698022701
690,0.00017679506604271545
691,0.00017349812964629837
692,0.00016617264521400117
693,0.00015494025131590171
694,0.00014274761896500185
695,0.00012732350974568028
696,0.00012023035848430197
697,0.0001156417418787567
698,0.0001126318293155248
699,0.00011132984718335498
700,0.00010952321674173547
701,0.00011292918425566955
702,0.0001251452221087773
703,0.00013185734813720538
704,0.00013014369765822212
705,0.0001308793074944464
706,0.00012931723828537304
707,0.00013148752952875367
708,0.00013677183237074714
709,0.00013440805175125896
710,0.00013274789539390546
711,0.0001371447736584211
712,0.00015385895797138277
713,0.000170724169059813
714,0.0001742336519307687
715,0.0001695904030307931
716,0.00016115590053191026
717,0.00015047662943100027
718,0.0001408279008412682
719,0.00012483251642778296
720,0.00011973566189087829
721,0.00011355838952699363
722,0.00010740291754982877
723,0.00010372343835672727
724,0.0001021478278097182
725,0.00010749814467414836
726,0.00012459530954256394
727,0.00013234944736193016
728,0.00013444088365896953
729,0.00013125280327656166
730,0.00012660838701986744
731,0.00012768460236266046
732,0.00013027563815134162
733,0.00012927559283443707
734,0.00012947652410962569
735,0.0001371158815796358
736,0.0001561015669634805
737,0.00017787171914427795
738,0.00018289056506846238
739,0.00018100519641617343
740,0.00017493856028529385
741,0.00016357834082650794
742,0.00015560444810486576
743,0.0001435997601856601
744,0.00013828288809121777
745,0.00013243845831172323
746,0.0001291015107637762
747,0.00012649918079884264
748,0.00012412077903645402
749,0.00012658390171269485
750,0.00013765318669328828
751,0.0001439992296547642
752,0.00014143084058642382
753,0.0001373693439071613
754,0.0001311087806414047
755,0.00012949412201215853
756,0.000129497040403955
757,0.00012670489823657748
758,0.00012767929088959085
759,0.0001369025471393121
760,0.00015787565733656913
761,0.0001828971022660865
762,0.00018946491382017798
763,0.00018778155624804235
764,0.00018319769662112538
765,0.00017332579861071542
766,0.00016490206497756166
767,0.0001528445249829215
768,0.0001446607123393575
769,0.00013814820430980957
770,0.00013268780570681565
771,0.0001290127041014089
772,0.00012631879500190135
773,0.0001263375602611528
774,0.00013482797914685646
775,0.00013920183130009775
776,0.00013643557526795512
777,0.00013510023591755137
778,0.0001359351586266103
779,0.00014126061079293434
780,0.00014918211838182947
781,0.00014821586804192834
782,0.0001448144240352788
783,0.00014805363464196123
784,0.00015914369857214573
785,0.00017469411578841955
786,0.00017927345190805194
787,0.00017182632890567687
788,0.0001604184812927722
789,0.00015092168417996557
790,0.00014391278688975203
791,0.0001339907509082783
792,0.00012743691845089206
793,0.00011922006961219172
794,0.00011365901567613674
795,0.00011117076564652809
796,0.00010804954562017793
797,0.00010567295326070314
798,0.00010708133995777311
799,0.00011793285454251217
800,0.00013344752145927894
801,0.00014046902620205336
802,0.00014020514521581438
803,0.00014075453247150435
804,0.00014358122839775236
805,0.00014337650321322832
806,0.00014600107132365118
807,0.00014943703990525324
808,0.0001622252284700636
809,0.00017732271127952155
810,0.00018412918891473027
811,0.00017836822514061547
812,0.00016758176150902026
813,0.000155605878116846
814,0.00015054486143120232
815,0.00014169407952646757
816,0.0001368670594950667
817,0.0001286048588478489
818,0.00012536205861925678
819,0.00012034487617839638
820,0.00011814093587760217
821,0.00011758591612574497
822,0.00011678627677350566
823,0.00012266245865574606
824,0.00013625224189529937
825,0.00014752584348556532
826,0.00015336023399727992
827,0.00015690170244232523
828,0.00016497058881694332
829,0.0001630381756888949
830,0.00016402850276111712
831,0.0001628164362801973
832,0.00017210979230087033
833,0.00018993903575143637
834,0.00019685760881554842
835,0.00019267155517441154
836,0.00018409343861522324
837,0.0001713629174723116
838,0.00015731643510052495
839,0.00014224618088652828
840,0.00013619066382839336
841,0.0001311395696748577
842,0.00013105038362155684
843,0.00013128251250504996
844,0.00012920908268539496
845,0.00013176264632340916
846,0.00014421092979568186
847,0.00015020886698367196
848,0.00014749365362405
849,0.00014017782906859918
850,0.0001342179768935533
851,0.0001331524720486534
852,0.00013146266483064753
853,0.00013084020104437336
854,0.00013322601552192504
855,0.0001418912460762387
856,0.00016616041715237386
857,0.00019389879729267315
858,0.00020034494109276877
859,0.00020083651500697023
860,0.000195859956579917
861,0.0001870382418574754
862,0.00017863785535869353
863,0.00016961555956807885
864,0.00016105941849911816
865,0.00015724420490356174
866,0.00015273739082007223
867,0.0001523277945314343
868,0.00015519972553052798
869,0.00016096451239789618
870,0.00017253062439792473
871,0.00017888422599415357
872,0.0001770157840142843
873,0.00017176294143585703
874,0.00016141411983806403
875,0.00015646426469594877
876,0.00016050775489782695
877,0.00015975822433273343
878,0.0001631906616602617
879,0.00017010590775772577
880,0.000187934158955081
881,0.00020857247124544427
882,0.00021316400624278603
883,0.0002096908281657787
884,0.0002019810207178012
885,0.00019197607322538908
886,0.00018465876029012204
887,0.00017234133750600414
888,0.00016543268697400017
889,0.00016122915216600225
890,0.0001608111800929084
891,0.0001588974154884396
892,0.0001575551303655602
893,0.00016258252717770832
894,0.00017666624822881822
895,0.00018151982562556718
896,0.00017932729623669727
897,0.00017705526985529085
898,0.00017406990096706745
899,0.0001755676196370281
900,0.000172681884644737
901,0.00017065488643856422
902,0.00016988591938410605
903,0.00017385017524870945
904,0.0001912430023900278
905,0.00021842429072029435
906,0.000224063878579593
907,0.00022218980410355647
908,0.00021428612788853792
909,0.00020403078237998663
910,0.00019341431507053717
911,0.00018161797114168326
912,0.00018011923103459384
913,0.00018223553202973932
914,0.00018510731710924316
915,0.0001864848564050242
916,0.00018154956403797342
917,0.0001776725972720032
918,0.00018762008162994236
919,0.0001907837642569315
920,0.00018282119489545972
921,0.0001777078806288228
922,0.0001721917699264338
923,0.00017013299043359723
924,0.0001714727073716957
925,0.00016793313588131813
926,0.0001675627627784251
927,0.00017582338749407283
928,0.00019154082427285998
929,0.00020968105155326044
930,0.00021674674074783376
931,0.00021776989972776653
932,0.00021176991966551887
933,0.00020235527528178357
934,0.0001936162385989366
935,0.0001830464071903951
936,0.00017437107900046564
937,0.00017357357007423773
938,0.00017014346746014664
939,0.00017095702754125526
940,0.00017118226902010865
941,0.00017269992030603934
942,0.00018444735198838404
943,0.00019361358286240177
944,0.00019632847519892612
945,0.00018785442849120082
946,0.0001841949402819053
947,0.0001837326378374227
948,0.0001800546762080554
949,0.00017550825954788741
950,0.00017748147179325082
951,0.00018558050515512668
952,0.00020293729015775835
953,0.00022516186512518786
954,0.0002297504233628972
955,0.0002205975587233074
956,0.00020804561397442324
957,0.00019745526627155241
958,0.00019212712918477561
959,0.00018476140012960474
960,0.0001802836240444903
961,0.00017430036636723658
962,0.0001692227440322708
963,0.000167636072780353
964,0.00016635571593139522
965,0.00016613085384347537
966,0.00016963660117293159
967,0.0001803440931225137
968,0.00019595103958788558
969,0.00020686573735501874
970,0.0002122663381101025
971,0.00021605846722654867
972,0.00021995878112689081
973,0.00021694209789469105
974,0.00021154666269308708
975,0.00021024882467726832
976,0.0002148092788019774
977,0.0002255387462417871
978,0.00022839602691406238
979,0.00021900522579130442
980,0.0002051132138973062
981,0.0001929065440818652
982,0.0001857145760742576
983,0.0001743637830209744
984,0.00016749356770893022
985,0.00016079177278746173
986,0.00015664374579143312
987,0.0001547521317806997
988,0.000153097987310447
989,0.0001517418106426163
990,0.0001516739580333478
991,0.00015901797425355274
992,0.00017257215311318884
993,0.00018631699050888987
994,0.00019461018447698646
995,0.00020156637561135533
996,0.00020527235380196903
997,0.00020394553615561104
998,0.00020342194748340208
999,0.00020225371524726558
1000,0.00021000939981428396
1001,0.00022047110480676534
1002,0.00022447151954572723
1003,0.0002199682075323935
1004,0.00021045241168899173
1005,0.00019859737890111029
1006,0.00018893499223777063
1007,0.00017445804707600114
1008,0.00016438942027458952
1009,0.00015824118590907998
1010,0.0001580015275747519
1011,0.00015707108590219375
1012,0.00015531611099537217
1013,0.00015817698128955712
1014,0.00016741646379766684
1015,0.00017207973286536643
1016,0.00017403660211666946
1017,0.00017605834721760855
1018,0.0001804498556412186
1019,0.00018543073328813062
1020,0.0001902203687206184
1021,0.0001867637087411792
1022,0.000184033699135149
1023,0.00018472915190025348
1024,0.00019591026965448858
1025,0.00021465294055343921
1026,0.00021808765422656878
1027,0.00021493736701792552
1028,0.00020720975737998943
1029,0.00019495980781420642
1030,0.00018719297499052547
1031,0.00017486770173247496
1032,0.00016617007702922026
1033,0.00016136135531438344
1034,0.0001583795760480697
1035,0.0001563854973013614
1036,0.00015466691474024208
1037,0.0001566927164057783
1038,0.00016205050435320748
1039,0.0001661702229488101
1040,0.00016850954744504362
1041,0.0001674084965880624
1042,0.0001673819975905503
1043,0.0001697787852212568
1044,0.00017190982409497456
1045,0.00016625325119542034
1046,0.00016180964947824287
1047,0.00016624324111155835
1048,0.00017788715743688143
1049,0.00019779698076700388
1050,0.00020272821656945755
1051,0.000200111674036475
1052,0.0001931274663408598
1053,0.00018320268707109738
1054,0.00017034655834526467
1055,0.00015443087521174167
1056,0.00014524444906649218
1057,0.00014161017576231838
1058,0.00013688232268416239
1059,0.00013418447375572958
1060,0.00013324942102413295
1061,0.00013325738823373736
1062,0.0001391837956387954
1063,0.00014357752204017081
1064,0.00014508577610451682
1065,0.00014261057128623852
1066,0.00013901552116780957
1067,0.00013591995380535056
1068,0.00013709702876863044
1069,0.000135064748273306
1070,0.00013143269294689755
1071,0.00013419217831007232
1072,0.00015249364673722903
1073,0.00017444780352079544
1074,0.000180482833468519
1075,0.00017730467561821923
1076,0.00017101685457308338
1077,0.00016309858639908234
1078,0.0001573955818860459
1079,0.00014607157966945448
1080,0.00013462246599654735
1081,0.00012931805543507606
1082,0.0001253159188449542
1083,0.00012337270766725876
1084,0.00012328130363619257
1085,0.00012594795495632087
1086,0.00013223568844970284
1087,0.00013610524250051
1088,0.00013948713328212298
1089,0.00014100034861252303
1090,0.0001421879881541062
1091,0.00014316424857786932
1092,0.0001437678887370561
1093,0.00014253638576677163
1094,0.00014086297991066206
1095,0.0001434168937556918
1096,0.00015546051302146264
1097,0.0001753384675131674
1098,0.00018273965502866565
1099,0.00018053075346181741
1100,0.00017380470670452005
1101,0.00016420328524580915
1102,0.00015442139043840306
1103,0.00014064947036683054
1104,0.00013294561643811793
1105,0.0001280032323790017
1106,0.00012506563756448688
1107,0.00012184247811268517
1108,0.00011937605765371431
1109,0.00011586809234649277
1110,0.00011797928615599438
1111,0.00012020692379817612
1112,0.00012359246256953476
1113,0.0001252792054761543
1114,0.0001259756504944696
1115,0.00012811483168129962
1116,0.00012592125167138296
1117,0.0001246305637154656
1118,0.00012613610367544085
1119,0.0001294497040890159
1120,0.00013967942611759396
1121,0.00015777724916519133
1122,0.00016315476544116481
1123,0.00015637005900875794
1124,0.0001465520053269933
1125,0.00014065367285101752
1126,0.00013707388592168425
1127,0.00013059779942175659
1128,0.00012370490820545367
1129,0.00011933365342091125
1130,0.00011980967230683736
1131,0.00012125141622214126
1132,0.00012185920049767907
1133,0.00012216239222141682
1134,0.0001257446014159412
1135,0.00013432260123945764
1136,0.00014450793452881104
1137,0.00014821601396151817
1138,0.00014576704548549034
1139,0.00014611640616744861
1140,0.00014719148333744103
1141,0.00014635492632897605
1142,0.00014399409328520236
1143,0.0001470728798948315
1144,0.0001615792132619917
1145,0.00017912945845681294
1146,0.00019136227706275052
1147,0.00018567319327858332
1148,0.00017159481288446103
1149,0.00016268262801632805
1150,0.00016111437181664617
1151,0.0001569374235579143
1152,0.0001540005875252666
1153,0.0001474567067839064
1154,0.00014122092066450203
1155,0.00013741989045307657
1156,0.00013554680823025088
1157,0.00013570874979103832
1158,0.00013689128214697762
1159,0.0001431388002014039
1160,0.00015586946726390535
1161,0.000163317786806917
1162,0.00016861034869769453
1163,0.0001701112775986313
1164,0.00017517909413716087
1165,0.00017388362001869725
1166,0.0001737222621362691
1167,0.0001789007440917217
1168,0.00018853295458388564
1169,0.00020061191557431204
1170,0.00020900707815177814
1171,0.00020523826698578597
1172,0.0001953623124107789
1173,0.00017886076212410976
1174,0.0001621523562269051
1175,0.00014740187020205028
1176,0.00013781235578186904
1177,0.00013141319808969697
1178,0.00012669798164801979
1179,0.0001238810039664541
1180,0.00012264170889007297
1181,0.00012641054923998312
1182,0.00013820771031854007
1183,0.0001429760706748314
1184,0.00013965920166244427
1185,0.0001353591556377363
1186,0.00013316032252258598
1187,0.00013712373205356838
1188,0.00014194275569144683
1189,0.00013827316984653542
1190,0.00014028738549663955
1191,0.0001454815100321214
1192,0.00016230282850793234
1193,0.00018781111955694084
1194,0.000192823486651337
1195,0.000191154604302512
1196,0.00018335277996119105
1197,0.00017177292233580102
1198,0.0001592203647246396
1199,0.0001467965373756215
1200,0.0001380289004531689
1201,0.00013459377820518783
1202,0.0001340113839382795
1203,0.00013101034328610894
1204,0.00012928350167620557
1205,0.00013236193807881916
1206,0.000144592859730089
1207,0.00015035843456324226
1208,0.0001477736733169236
1209,0.00014536807214299166
1210,0.00014209071815552904
1211,0.00014489380429214343
1212,0.00014531022961758515
1213,0.00014008248520860773
1214,0.0001411322891056425
1215,0.00014744491648104854
1216,0.00016197129919985064
1217,0.0001838102962431274
1218,0.00018961704958452922
1219,0.00018704241515774434
1220,0.00017743410629439372
1221,0.00016437637506325922
1222,0.00015244295427172393
1223,0.0001392991012986749
1224,0.00012801814536108177
1225,0.00012061348495934566
1226,0.00011470435443372287
1227,0.00010999938154725141
1228,0.00010768620584151442
1229,0.00011091940456109609
1230,0.0001234514166940102
1231,0.00012805439178719422
1232,0.0001259200551307464
1233,0.00012481556057144532
1234,0.0001247164519860364
1235,0.00012220100254488445
1236,0.0001211142226237881
1237,0.00012151515128879042
1238,0.00012449783525656104
1239,0.00013069413553495885
1240,0.00014777662089263805
1241,0.0001711173931704726
1242,0.00017634575044172727
1243,0.00017354710026064353
1244,0.00016704825030470322
1245,0.00015785225183436125
1246,0.00015018814640191687
1247,0.00013430030472613241
1248,0.00012545719819182248
1249,0.0001241561791289455
1250,0.00011894603262250094
1251,0.00011423344273344062
1252,0.00011116545417345848
1253,0.0001139156590507204
1254,0.00012531046145229476
1255,0.0001292568275751856
1256,0.00012498949672251636
1257,0.00012160436652600925
1258,0.00012022440496503711
1259,0.00011779644890994406
1260,0.00011945675118688737
1261,0.00011678992476325127
1262,0.00011980415654634199
1263,0.00012572983435345093
1264,0.00014062594812895083
1265,0.000161071208801976
1266,0.00016942148651361206
1267,0.0001682443823664142
1268,0.00016186375646214986
1269,0.00015158856588938242
1270,0.00014274347484865085
1271,0.00012945259329689442
1272,0.00012173067452296148
1273,0.00011671147839176154
1274,0.00011345589560710076
1275,0.0001101807595974035
1276,0.0001065283338962555
1277,0.0001081427882380759
1278,0.00011692084381924199
1279,0.00012449987813081858
1280,0.00012343416899849292
1281,0.00012254616074265577
1282,0.00011781349231803556
1283,0.00011980439001768573
1284,0.00011921061402277108
1285,0.00012040292299122864
1286,0.0001253174072247704
1287,0.0001335083991121538
1288,0.00015019021846009235
1289,0.00016917923081058507
1290,0.00018076790197920053
1291,0.0001737793750637265
1292,0.0001656458171268981
1293,0.0001583070248280089
1294,0.0001544225286112037
1295,0.00014483730422696332
1296,0.00013623461480884855
1297,0.00012832145382049137
1298,0.0001191177799797246
1299,0.0001143761229083712
1300,0.00011144512365931648
1301,0.0001119228935803205
1302,0.0001192379885378222
1303,0.00013199255722913693
1304,0.00014823431227808218
1305,0.00015317973146466678
1306,0.0001469224076138043
1307,0.00014272079894439208
1308,0.00014031260040176126
1309,0.00013543013092622705
1310,0.00013481884458053345
1311,0.00013543278666276184
1312,0.0001434961280929666
1313,0.00016226707820842531
1314,0.00017158847997426262
1315,0.00016406051751912467
1316,0.00015315746413525953
1317,0.00014400932729038006
1318,0.00013942284111084622
1319,0.00013000282688620536
1320,0.00012235844978230527
1321,0.00011506883238518699
1322,0.00011178701325827574
1323,0.00010945212471757287
1324,0.00010895141623704842
1325,0.00010874768330573518
1326,0.00010925775982392638
1327,0.00011640589358675065
1328,0.00012956740283016847
1329,0.00013897145345168253
1330,0.0001421433659435378
1331,0.0001496209277723503
1332,0.00016112376903823085
1333,0.0001577006121966154
1334,0.00014987138415632542
1335,0.00014840112755316976
1336,0.00015731447977802133
1337,0.00017705920968421612
1338,0.00018949059566798713
1339,0.00018872863275384052
1340,0.00017671174595692554
1341,0.00016367564000900305
1342,0.00015089985460932782
1343,0.00014040558036439757
1344,0.00013919535247030953
1345,0.00013350851584782567
1346,0.00013182720114994758
1347,0.00012959112935547398
1348,0.00013056403362867114
1349,0.00013430509088867867
1350,0.0001444086508398943
1351,0.00014694347840257498
1352,0.00014310672707556042
1353,0.00013616358115252188
1354,0.0001349547249025782
1355,0.00013244292345117184
1356,0.00013956622169980796
1357,0.00013049743592787516
1358,0.00013085137848495393
1359,0.0001381133003439235
1360,0.00015190731264139547
1361,0.0001749246103725066
1362,0.0001843773105852682
1363,0.00018299203755122644
1364,0.00017418576112138826
1365,0.00016289855982535063
1366,0.00015049988901361832
1367,0.00013589453461280312
1368,0.000127635048069956
1369,0.0001237373607222307
1370,0.00012209845025715565
1371,0.00011917670231009582
1372,0.00011632808926145612
1373,0.00012042212600924958
1374,0.00013263606262026381
1375,0.00013775941615468064
1376,0.00013609858856721395
1377,0.00013236039133116703
1378,0.00012884860293069206
1379,0.00012939396280570287
1380,0.00012555137469509532
1381,0.00012638130695418227
1382,0.00012834576402415618
1383,0.00013371402899813476
1384,0.00015019261154136548
1385,0.00017493059307568942
1386,0.0001849944045306368
1387,0.00018365019326917174
1388,0.00017797996229600992
1389,0.00016981176304855716
1390,0.00015880624492871714
1391,0.00014451995830301256
1392,0.00013834116837539376
1393,0.00013421094356932378
1394,0.00013148703340214827
1395,0.0001271715199009189
1396,0.0001259415344943686
1397,0.0001286251416708345
1398,0.00014077391059303307
1399,0.00014426658352724098
1400,0.00013879445298922518
1401,0.00013282949362853543
1402,0.00012952774188565414
1403,0.00012853674358331873
1404,0.0001323059633241624
1405,0.00013268272770508975
1406,0.00013241163829111346
1407,0.00013632064899900918
1408,0.0001542773386193281
1409,0.00017489697320219381
1410,0.00018225990060124003
1411,0.0001793296017662165
1412,0.00017050170005316627
1413,0.000160629247548315
1414,0.00015037568225875953
1415,0.00013678540289260082
1416,0.00013055384844130137
1417,0.00012733246920849554
1418,0.0001251259023550845
1419,0.00012407148739901125
1420,0.00012462793716284875
1421,0.00012605791995921276
1422,0.00013535267680794808
1423,0.00014070331469547587
1424,0.00014005759132658364
1425,0.0001378903935785073
1426,0.00013628895526409925
1427,0.00013823610627071995
1428,0.0001413603614245385
1429,0.00013850874243234842
1430,0.0001392130087406783
1431,0.00014283919809957585
1432,0.00015119779322783188
1433,0.0001655312702488857
1434,0.0001712905997235945
1435,0.00016584660248249687
1436,0.00015604757671524536
1437,0.00014693215504240457
1438,0.0001404766432046422
1439,0.0001288850244603123
1440,0.00011998462989503718
1441,0.0001111304042879826
1442,0.00010515082378439243
1443,0.00010144680091628241
1444,0.0001005927919248744
1445,0.00010084266463049022
1446,0.00010575023227547431
1447,0.0001160663387012286
1448,0.0001321703748412973
1449,0.0001451138218496811
1450,0.00014935266919841657
1451,0.00015377344909174551
1452,0.00015719076914976794
1453,0.00015606596258356328
1454,0.0001549652911175156
1455,0.0001532264841012466
1456,0.00015640846504479979
1457,0.00016711058715347633
1458,0.00017249458225923804
1459,0.00016427863812199463
1460,0.0001533882213746083
1461,0.00014185692578871193
1462,0.00013529410468459245
1463,0.00012903500061473412
1464,0.0001210286553763149
1465,0.00011400811370283333
1466,0.00010765824764810401
1467,0.00010364382462851894
1468,0.00010183894522197729
1469,0.00010197931986738865
1470,0.00010437637015335684
1471,0.00011460755137783317
1472,0.00012833411964088815
1473,0.00014035363299042
1474,0.00014977545661797465
1475,0.000154802649142697
1476,0.00015458590018397142
1477,0.00015748164526012447
1478,0.00015544186449788306
1479,0.00015152036307309835
1480,0.0001538399592407876
1481,0.00016822465403786992
1482,0.00018039212985148395
1483,0.00017858774657154774
1484,0.000173099739982159
1485,0.0001610208373595685
1486,0.00014909158986830225
1487,0.0001339124212724604
1488,0.00012473661807335017
1489,0.00011885600023557911
1490,0.00011643787916084022
1491,0.00011392438504219193
1492,0.0001146590609930413
1493,0.00012022493027556048
1494,0.0001333085476419299
1495,0.00013932761398652662
1496,0.00013753291976735475
1497,0.00013661266328216637
1498,0.00013599971345314876
1499,0.00013815754316355835
1500,0.00013788400230047297
1501,0.00013152961273845909
1502,0.00012884253267575534
1503,0.0001295597274597437
1504,0.00014148766167470156
1505,0.00016781091363288095
1506,0.00018554049400359675
1507,0.00018761068440835763
1508,0.0001814187325337366
1509,0.00016972575804231446
1510,0.0001573055203152061
1511,0.00014345363630840965
1512,0.00013861961213669722
1513,0.00013169181695450822
1514,0.0001284138209208504
1515,0.0001259556595106636
1516,0.00012493649872749203
1517,0.00012940356431471333
1518,0.0001426481309886594
1519,0.0001491489654510213
1520,0.00014646646726343806
1521,0.0001446478714154529
1522,0.0001466019390106313
1523,0.00014845972886044336
1524,0.00015153267868647953
1525,0.00015016307741638497
1526,0.0001484496312248275
1527,0.00015211122067621647
1528,0.00016446095005752157
1529,0.00018679791229303408
1530,0.0001957321310192306
1531,0.0001951439583365652
1532,0.0001866066992625278
1533,0.0001774615975451167
1534,0.0001692784853155838
1535,0.00015464978378039668
1536,0.00014393175643642923
1537,0.0001382604456583027
1538,0.00013594595667625734
1539,0.0001316807854335175
1540,0.00013085701098112116
1541,0.00013507989472672982
1542,0.00014706628432937144
1543,0.00015211866257529752
1544,0.00014987584929577403
1545,0.00014831865380100085
1546,0.00014744617138952106
1547,0.00014906004205298215
1548,0.00015061431915595885
1549,0.00014337624055796663
1550,0.00014055745347348712
1551,0.00014246996316948343
1552,0.0001568478872975979
1553,0.00018015766625455363
1554,0.0001986112704460616
1555,0.00019910783481023504
1556,0.00019637067514430344
1557,0.0001881760644510924
1558,0.0001809695920362562
1559,0.00017048124212667282
1560,0.000160689132947979
1561,0.00015808972137484192
1562,0.0001566720833757771
1563,0.00015390016566354926
1564,0.00015409829528261322
1565,0.00015899273016451308
1566,0.00017146894264627823
1567,0.00017014463481686523
1568,0.00015414604017240387
1569,0.0001431400551098764
1570,0.00013529786941000996
1571,0.0001323749541062315
1572,0.00012766507832154194
1573,0.00011959391560132258
1574,0.00011346006890736975
1575,0.00011420878232276025
1576,0.00012940160899220968
1577,0.0001574632302078886
1578,0.00017902139040858875
1579,0.0001828074492700982
1580,0.00017969302909663385
1581,0.00017153472319737123
1582,0.00016504156410543404
1583,0.0001540616110977313
1584,0.00014632971142385437
1585,0.00014201527772758968
1586,0.00014096188420864523
1587,0.00014110672399350523
1588,0.000143471671969712
1589,0.00014748326414925448
1590,0.000160997957167884
1591,0.0001604331316195906
1592,0.00014335315607885636
1593,0.00012971235935070035
1594,0.0001211144560951318
1595,0.00011665909325901447
1596,0.00011364401514230275
1597,0.00010878964977976876
1598,0.00010625164117002991
1599,0.00011014442561953714
1600,0.00012581411750853366
1601,0.00014909830216943418
1602,0.0001709977682907343
1603,0.00017259462473002185
1604,0.00016413035463481478
1605,0.00015593434311354142
1606,0.00015221336438909377
1607,0.00014497581110162492
1608,0.0001413047660608153
1609,0.00013526267360494424
1610,0.0001308876832789023
1611,0.00012981806350156934
1612,0.00012980916240659004
1613,0.00013005556222596803
1614,0.00013278236160102206
1615,0.00014368553172055905
1616,0.00015893252374175141
1617,0.00017109903648607265
1618,0.00017600841353397056
1619,0.0001831841260992717
1620,0.0001880670333335754
1621,0.00018941658525202802
1622,0.00018426731639845833
1623,0.00018262928145092226
1624,0.00018704057657091257
1625,0.00019542998991653956
1626,0.00020007615720831168
1627,0.00019434919269862604
1628,0.00018084903327114307
1629,0.0001698465794626893
1630,0.0001656363323535595
1631,0.00015789068705432106
1632,0.00014903812493059047
1633,0.00014379517570035333
1634,0.00013985987028237117
1635,0.00013858987372429094
1636,0.00013883353025538023
1637,0.00013838970123096944
1638,0.00013797666124001166
1639,0.00014512403622096885
1640,0.00015836454633031777
1641,0.00017133659357830723
1642,0.0001760592227351475
1643,0.00018291928204373985
1644,0.00018859091384496398
1645,0.00018788661835271615
1646,0.00018502134128691846
1647,0.00018296854449726467
1648,0.0001891128974016849
1649,0.00020251858848671536
1650,0.0002138899270182459
1651,0.00021116677563293748
1652,0.00020129861316402702
1653,0.0001871156084240004
1654,0.0001717728639679651
1655,0.0001546446765947528
1656,0.000148022203562313
1657,0.00014400261498924812
1658,0.0001404897175998905
1659,0.00013761950845195674
1660,0.00013634113610942058
1661,0.00013859941686546548
1662,0.00015084723600523704
1663,0.0001556842953044178
1664,0.0001499242362317599
1665,0.00014306009117465247
1666,0.00013219567729817289
1667,0.00012668945994397405
1668,0.00012845765516563375
1669,0.0001266098462157657
1670,0.00012199032384109556
1671,0.00012193604175368076
1672,0.00013655984039064983
1673,0.00016562807330477544
1674,0.00018156176291568278
1675,0.00018601911025822176
1676,0.00017989445649842787
1677,0.00017301250925136179
1678,0.0001643348171640771
1679,0.00015355646666167618
1680,0.0001439926340893041
1681,0.00013974555687570252
1682,0.0001366643188169643
1683,0.00013719604980228547
1684,0.00013701084865887998
1685,0.00013929323533116395
1686,0.0001508183731103697
1687,0.0001527812542487735
1688,0.00014109954474968584
1689,0.00012670492742049546
1690,0.00011851221368195213
1691,0.00011490493550189589
1692,0.00011430856213828238
1693,0.00010933460107992807
1694,0.00010842324568971895
1695,0.00011755439749434284
1696,0.00013374111167400622
1697,0.00016139412885425805
1698,0.00017005390201591225
1699,0.00016954324181936173
1700,0.00016338359654192793
1701,0.00015367693787503544
1702,0.00014321855984920207
1703,0.00013048170579609204
1704,0.00012368237822078473
1705,0.00011841196692374256
1706,0.00011501656398811178
1707,0.00011336916100290895
1708,0.00011278986023130492
1709,0.00011619658652710611
1710,0.00012818726616568857
1711,0.00013169779965769104
1712,0.00012677365554730288
1713,0.00012466981608512842
1714,0.00012398200950653076
1715,0.0001263347294211102
1716,0.00012680733378863442
1717,0.00012275581800931588
1718,0.00012164995180587047
1719,0.0001242868647135925
1720,0.00013828749915025622
1721,0.0001594470070315553
1722,0.00016883503568210657
1723,0.00016674972800783986
1724,0.00016108025581654513
1725,0.0001479718613038235
1726,0.00013942634318100204
1727,0.00012727990897224068
1728,0.00011585306262874082
1729,0.00010753815582567829
1730,0.00010417923278750368
1731,0.00010182076364108515
1732,9.963911985361615e-05
1733,9.896508808429792e-05
1734,0.00010861229911029584
1735,0.00011318180024957406
1736,0.00010808442040214603
1737,0.00010548457107023946
1738,0.00010442551587120981
1739,0.00010521774250828604
1740,0.00010555729739380809
1741,0.00010109431755510189
1742,0.00010323236056913125
1743,0.00011058691218372154
1744,0.00012402739049896622
1745,0.00014732710100422408
1746,0.0001542337670298065
1747,0.00015490310018833234
1748,0.0001487002627123104
1749,0.0001390378176811348
1750,0.00013043369825103973
1751,0.00011879655259468453
1752,0.00011140076410400979
1753,0.00010352708895665918
1754,9.71834390764564e-05
1755,9.242619779290971e-05
1756,8.947573287057238e-05
1757,9.1115810692366e-05
1758,0.00010186059968910728
1759,0.00010814847910207906
1760,0.00010666870854166686
1761,0.00010098379805776867
1762,9.616057193570327e-05
1763,9.953434958812203e-05
1764,0.00010365917536936847
1765,0.00010470101205679882
1766,0.00010720178198721441
1767,0.00011220956720649008
1768,0.00012759573733245723
1769,0.00014213002889302783
1770,0.00014985562484062434
1771,0.00014589186510262638
1772,0.0001345847311906187
1773,0.00012532096766276215
1774,0.00012018614484858508
1775,0.00011048599419539879
1776,0.00010189413201084899
1777,9.467735767297118e-05
1778,8.973827139658497e-05
1779,8.748127473293051e-05
1780,8.670836784954708e-05
1781,8.667439776903591e-05
1782,8.883736384900731e-05
1783,9.753314996543025e-05
1784,0.00011058513196472569
1785,0.00012243692533771302
1786,0.0001317629381625888
1787,0.00013774208090740949
1788,0.0001385108436744419
1789,0.00013883843315359832
1790,0.0001381324449941085
1791,0.00014468735725645947
1792,0.00015025001630800252
1793,0.00016658708603302125
1794,0.00018147103011472977
1795,0.00018076153988508416
1796,0.00017104554236444292
1797,0.00016449544544855615
1798,0.00015905842316385214
1799,0.00015318857419181016
1800,0.00014593149686322276
1801,0.0001397146802904956
1802,0.00013555267419776182
1803,0.00013560494259483703
1804,0.00013573752513415174
1805,0.00013769681665064585
1806,0.00014051586639038708
1807,0.00014330088768178115
1808,0.00014886232100876968
1809,0.00015296946133572942
1810,0.00015026052251846989
1811,0.00014999153434658706
1812,0.00015009858095768247
1813,0.0001472116202408368
1814,0.00014303668567244458
1815,0.00014215544808557527
1816,0.00015293079264442586
1817,0.00017529650103913382
1818,0.00019238832525056182
1819,0.00019550461319477592
1820,0.00018774939557044497
1821,0.00017672064705190487
1822,0.00016647569101814908
1823,0.00015650474279016612
1824,0.00014935013019755364
1825,0.0001500514197462511
1826,0.0001484840098801902
1827,0.0001481691154053485
1828,0.00015011638314764108
1829,0.00015563605428802176
1830,0.00016455299613478302
1831,0.0001547838546995276
1832,0.0001423789385293508
1833,0.00013421765587045572
1834,0.00012623535818043959
1835,0.0001243060093637775
1836,0.00012205931462316466
1837,0.00011702751103940384
1838,0.0001145345332150849
1839,0.00011662159192442951
1840,0.00013217273873865245
1841,0.00016105711296959894
1842,0.00018088347029434167
1843,0.00018651920587646893
1844,0.00017880522512822244
1845,0.00016959253345680454
1846,0.00016135677343926292
1847,0.0001536666651359118
1848,0.00014943712745700712
1849,0.00014515648873774588
1850,0.00014148850800832255
1851,0.00013887386243000778
1852,0.00013957605668016214
1853,0.00014494458430940244
1854,0.00015459529740555612
1855,0.0001503971324384638
1856,0.000135719839679865
1857,0.00012195025432172969
1858,0.00011484802686186426
1859,0.00011248351664442697
1860,0.00011101801701989961
1861,0.0001052341730541003
1862,0.00010504193858646524
1863,0.00011227984208094968
1864,0.00013009414336551768
1865,0.00015546092159631416
1866,0.00017082966892325625
1867,0.00017232805882333007
1868,0.0001677750174137841
1869,0.00015758440183527903
1870,0.00014941760341588857
1871,0.00013751675187680218
1872,0.00012763752870298303
1873,0.00012143895207898395
1874,0.00011646443652618831
1875,0.00011432458410924511
1876,0.0001132069859707778
1877,0.00011653188056060528
1878,0.00012664676387199133
1879,0.00013054894554308328
1880,0.00012173131656915672
1881,0.00011367763501579837
1882,0.00011087171803914137
1883,0.00010848800480368315
1884,0.00011097718871866666
1885,0.00010914595623420269
1886,0.00011255878196885855
1887,0.00011949005003728537
1888,0.00013557088496257195
1889,0.0001577705660479774
1890,0.0001679770284939374
1891,0.00016717131888676137
1892,0.00016159246276074778
1893,0.00015144360936885054
1894,0.00014325419341303726
1895,0.0001304894103504348
1896,0.00012280998336105882
1897,0.00011683037367355068
1898,0.00011466335102898214
1899,0.00011148481378774881
1900,0.00011035265287421697
1901,0.00011280906324932586
1902,0.00012457321731666448
1903,0.00012796290020437412
1904,0.00012206526814242952
1905,0.00011705214226616626
1906,0.00011547696947792665
1907,0.00012043552142759547
1908,0.00012005510905692251
1909,0.00011838324994846506
1910,0.00012139310414386105
1911,0.00012483633952103636
1912,0.0001395308216073165
1913,0.0001595891035281266
1914,0.00016752368551227004
1915,0.00016676922286504046
1916,0.00016326502228323635
1917,0.00015573919025410986
1918,0.0001471506258522901
1919,0.0001342305551621962
1920,0.00012789860803309736
1921,0.00012494971904233017
1922,0.00012062755160780477
1923,0.00011890540860869374
1924,0.00011302552036887181
1925,0.0001112683274842849
1926,0.0001187272407895178
1927,0.00012188272273555883
1928,0.00011962549260056064
1929,0.0001172691830640715
1930,0.00011423586499863172
1931,0.00011350976911966405
1932,0.00010856049765590806
1933,0.00010508956674058401
1934,0.00010769408549936496
1935,0.00011319429096646306
1936,0.00012352215851115723
1937,0.00014418302997010735
1938,0.00015886791054737704
1939,0.0001613724743871281
1940,0.00015351254486513895
1941,0.00014686106301824197
1942,0.00014184811224548653
1943,0.00013249662186022736
1944,0.00012736632255333486
1945,0.00011985791332323342
1946,0.0001146780305397185
1947,0.00011176337428472414
1948,0.00011030662983558627
1949,0.00011153162479216457
1950,0.00011275195032186849
1951,0.00011484677195339176
1952,0.00012083198495314917
1953,0.00012676708916576078
1954,0.00012987176191062483
1955,0.0001315703243040202
1956,0.00013834919395283409
1957,0.0001293129482494322
1958,0.00012639718300555517
1959,0.00012760361699030778
1960,0.00013234731693591872
1961,0.00015340873766893766
1962,0.00016549496545493732
1963,0.000162062557311327
1964,0.00015318475109855675
1965,0.00014430542732205232
1966,0.00013771531925463565
1967,0.00013264802802662943
1968,0.0001268031896722834
1969,0.0001235544651083444
1970,0.00012044804132840243
1971,0.00011833258666687794
1972,0.00011847307804796115
1973,0.0001191460883801506
1974,0.00011868936006399932
1975,0.00012234779765224807
1976,0.00012959034138968894
1977,0.0001341202691362067
1978,0.00013741554204929978
1979,0.00014422242825936002
1980,0.00014739597505062133
1981,0.00014935687168260352
1982,0.00014730200283477425
1983,0.00014643611598875452
1984,0.0001519312434541267
1985,0.0001650679171833564
1986,0.00017682188606332524
1987,0.0001760693787385993
1988,0.000167876635816138
1989,0.00015590775656427534
1990,0.00014398177767182115
1991,0.00013159069467875973
1992,0.00012382552533840276
1993,0.00011975185896534883
1994,0.00011737444945617104
1995,0.0001154975733240099
1996,0.00011544127754625553
1997,0.00011846835025325083
1998,0.00012646462703997215
1999,0.0001302852104764341
2000,0.00012976871349629064
2001,0.0001260391546999613
2002,0.0001271393884072395
2003,0.00013006090288295559
2004,0.00013269702782489257
2005,0.00012887912930888338
2006,0.00012844250871220993
2007,0.00012982267456060782
2008,0.00014192250205237916
2009,0.00016321984557822664
2010,0.00017425151248856325
2011,0.0001746117587719225
2012,0.00017088561449399506
2013,0.0001618993316581491
2014,0.00015182297111847678
2015,0.0001370854135692804
2016,0.00012834885751946044
2017,0.0001238642815814602
2018,0.00012266038659757055
2019,0.00012011157993818465
2020,0.00011853509387363665
2021,0.0001203671726917216
2022,0.0001279252237662814
2023,0.00013104588929819025
2024,0.00012782439332971254
2025,0.00012684769514717994
2026,0.00012166080822335342
2027,0.00011933537527207118
2028,0.00012119065530493827
2029,0.00012158171980566845
2030,0.00011664426782868827
2031,0.00011483533185754952
2032,0.00012932523467889544
2033,0.00015110580551840638
2034,0.00016617439624907907
2035,0.0001675256408347737
2036,0.00016268128555610166
2037,0.00015277372479793855
2038,0.00014543335656747923
2039,0.00013420379350942237
2040,0.0001304586213169818
2041,0.00012677444351308795
2042,0.00012348270185406863
2043,0.00011969894852207839
2044,0.00011676508924906311
2045,0.00011684178458547497
2046,0.000122426098104148
2047,0.00012533862393313092
2048,0.00012475450781506268
2049,0.0001231064044158287
2050,0.00011598190962655603
2051,0.00011153571054067966
2052,0.0001080269280837551
2053,0.00010220164295444556
2054,9.730566132489356e-05
2055,9.716481973679477e-05
2056,0.0001069931169737651
2057,0.0001235311471578904
2058,0.0001420514657858662
2059,0.00014794340698380765
2060,0.00014462604184481512
2061,0.00013839457494526958
2062,0.00013232350285885932
2063,0.00012240365567123298
2064,0.00011881642684281864
2065,0.00011483080835026495
2066,0.0001136926647335503
2067,0.00011273280567168348
2068,0.00011127973839620918
2069,0.00011507151730563975
2070,0.00011846706616086036
2071,0.00012182566817593737
2072,0.00012029085674624327
2073,0.0001229060568189994
2074,0.00012259177520643498
2075,0.0001212189345214463
2076,0.0001252657225060545
2077,0.00011882182586764217
2078,0.00011627366125445152
2079,0.00012565929682372966
2080,0.0001354944230975038
2081,0.00014699020185523684
2082,0.00015242380962153892
2083,0.0001472030693528731
2084,0.0001408919011733653
2085,0.00013341962163370446
2086,0.0001265247459109799
2087,0.00011665775079878807
2088,0.00011127054546205023
2089,0.00010606381347400756
2090,0.00010452617120427089
2091,0.00010181437236305082
2092,9.826881816949042e-05
2093,9.579410947781753e-05
2094,9.711771689319936e-05
2095,9.789897037712076e-05
2096,0.00010652261384833437
2097,0.0001127454423081623
2098,0.00011635619337445636
2099,0.00011479132250925839
2100,0.00011422054344170012
2101,0.00011034588220524912
2102,0.00010653469599037184
2103,0.00010786326467180771
2104,0.00011512291018517602
2105,0.00012809565784719664
2106,0.00013995036961198044
2107,0.00013983194127287874
2108,0.00013265733769646026
2109,0.0001234525840507288
2110,0.00011921595467975866
2111,0.00011112313749240933
2112,0.0001063491154560328
2113,9.883901355868939e-05
2114,9.52952979519608e-05
2115,9.083652059744155e-05
2116,8.94137170448969e-05
2117,9.064203896812319e-05
2118,9.204596052574453e-05
2119,9.577461462061696e-05
2120,0.00010828859109222873
2121,0.0001179543047222164
2122,0.00012373388783599285
2123,0.00012629909585727502
2124,0.00012041707719144164
2125,0.00011270578136364795
2126,0.00010694440901468162
2127,0.00010821315066428936
2128,0.00011608632968503458
2129,0.0001273741146594315
2130,0.00013288076977239984
2131,0.0001291029407757565
2132,0.0001246848166189624
2133,0.00011762178316092389
2134,0.00010998099567893348
2135,0.00010628546533095128
2136,0.00010081718707010684
2137,9.578803922288083e-05
2138,9.203020121004346e-05
2139,9.037923778684891e-05
2140,8.814754358007007e-05
2141,8.837593692206368e-05
2142,9.126199293745239e-05
2143,9.957082948557819e-05
2144,0.00010829206397846655
2145,0.00011208194593322941
2146,0.000115798809725244
2147,0.00011551905268763209
2148,0.00011102598422950404
2149,0.00010732762304147923
2150,0.00010691297793503339
2151,0.00011129765732183965
2152,0.00012192264633533486
2153,0.0001330566028781386
2154,0.00013939158513470576
2155,0.0001354757745739242
2156,0.0001308326715935384
2157,0.00011999922185401965
2158,0.00010992411622281982
2159,0.00010217636968148791
2160,9.452481333376845e-05
2161,9.042841268861985e-05
2162,8.892870951223758e-05
2163,8.870399334390754e-05
2164,8.869891534218165e-05
2165,8.8886743038204e-05
2166,9.157420249184129e-05
2167,0.00010120212294806438
2168,0.00011101862988217687
2169,0.00012223237525669676
2170,0.00012447775672100116
2171,0.00012986110978056763
2172,0.00011794744650149465
2173,0.00011169105653600703
2174,0.00010784149346900588
2175,0.00010947211570137884
2176,0.00012049263435505286
2177,0.00013715679743262263
2178,0.0001502700072918085
2179,0.0001481113312477779
2180,0.00014139164658459691
2181,0.00013245223312100267
2182,0.00012320881078396766
2183,0.00011060305089035615
2184,0.00010666762873670213
2185,0.00010709021186883445
2186,0.00010601046527196766
2187,0.00010730415917143543
2188,0.0001115914518239927
2189,0.00012357976756522
2190,0.0001307509274393186
2191,0.00013392056358557262
2192,0.0001382839387122645
2193,0.00014499559779800514
2194,0.00015218814948397206
2195,0.00015879261603902748
2196,0.00015746466021986888
2197,0.00015657475500936404
2198,0.00015899687428086407
2199,0.0001672811671539814
2200,0.00018191917835899937
2201,0.0001979369468375637
2202,0.00020326575515445373
2203,0.00019872143973637924
2204,0.00018850088145804214
2205,0.00017547353068550912
2206,0.00016306949003287128
2207,0.00015150880624158422
2208,0.00014593739201465168
2209,0.0001430897712192228
2210,0.00014246503108734736
2211,0.0001421083452419799
2212,0.00014545571144864035
2213,0.0001566299709821537
2214,0.00016112566599289858
2215,0.00015712350021885877
2216,0.00015415409493376217
2217,0.00014810383098086093
2218,0.00014527167766195347
2219,0.00014143661900218089
2220,0.00013486746498786304
2221,0.00012938549946949304
2222,0.00012711837598630474
2223,0.00013419515506970473
2224,0.00015156454752489728
2225,0.00016449958956490717
2226,0.000178274544763948
2227,0.00018180401861870972
2228,0.00017503693927275367
2229,0.00016322719992555381
2230,0.00015005506773599673
2231,0.00014187364817370586
2232,0.0001394708778398165
2233,0.0001387813494100589
2234,0.00013849476333564322
2235,0.00013990682720637677
2236,0.00014524231864048074
2237,0.0001576486648226378
2238,0.00016199835269180415
2239,0.00015696243417561025
2240,0.00015093528388573726
2241,0.00014119089041291608
2242,0.0001463823592118631
2243,0.00015346369098646564
2244,0.0001505477798229988
2245,0.00014905239586647534
2246,0.00015106605702213812
2247,0.00016489634492964053
2248,0.0001797748899865255
2249,0.00018801170062511386
2250,0.00019007430321120385
2251,0.00018521556026097514
2252,0.00017850819121117533
2253,0.0001660063844333549
2254,0.00015118471883258358
2255,0.00014383644176035575
2256,0.00013614572059472734
2257,0.0001311737732267126
2258,0.00012879957394851095
2259,0.00012723015039211045
2260,0.00012898996982931422
2261,0.00013863764779799954
2262,0.0001438031137260398
2263,0.00013769687501848178
2264,0.00013240390455285272
2265,0.0001283749479421211
2266,0.00012421588942510177
2267,0.0001247553249647657
2268,0.00012028916407900131
2269,0.00011682077216454023
2270,0.0001257706334707659
2271,0.0001400364038021411
2272,0.00015524545672997904
2273,0.0001662627651526769
2274,0.000169301657346448
2275,0.00016124286860744576
2276,0.0001516864487502368
2277,0.0001438472106260848
2278,0.00013316700563979994
2279,0.00012816275167459802
2280,0.0001187990624116295
2281,0.00011351286261496831
2282,0.00010952730249025054
2283,0.00010751212377085356
2284,0.00010760329433057604
2285,0.00011017740344683753
2286,0.00011853602775901152
2287,0.00012939647262264785
2288,0.0001348970282967615
2289,0.00013841719248169242
2290,0.0001392858517999188
2291,0.0001399147068642273
2292,0.00013664736296062666
2293,0.00013400942861577588
2294,0.00013209998323116586
2295,0.00013527997966829742
2296,0.00014390972257836572
2297,0.00015359574821525697
2298,0.00015752720135606775
2299,0.00015063614872659663
2300,0.00014060192976446569
2301,0.0001338689080507747
2302,0.00012541120433710973
2303,0.0001179019487733873
2304,0.00011050724008767726
2305,0.00010660570046278054
2306,9.968744842176609e-05
2307,9.420650434052487e-05
2308,9.223837009688736e-05
2309,9.248091763909398e-05
2310,9.439488653098854e-05
2311,0.00010409877272567435
2312,0.00011719234180806982
2313,0.00012722364237840425
2314,0.00013730592725342346
2315,0.00013615584741426119
2316,0.0001292025746716888
2317,0.00012323452181569477
2318,0.00011981933218368377
2319,0.00011977438895001776
2320,0.00012627569035506713
2321,0.00013897942066128696
2322,0.00014856963549549933
2323,0.0001462000180924182
2324,0.0001358959646247834
2325,0.00012237969567458376
2326,0.0001111049267275992
2327,9.928036195007317e-05
2328,9.311096924403904e-05
2329,9.002745483969955e-05
2330,8.914265681483854e-05
2331,8.989793661177116e-05
2332,9.360896362019276e-05
2333,0.00010344479030799805
2334,9.907838005383782e-05
2335,8.978079236505989e-05
2336,8.169999895191211e-05
2337,7.930344479254932e-05
2338,8.069770647332425e-05
2339,8.037443621402662e-05
2340,7.910026635567742e-05
2341,7.736239322478327e-05
2342,7.88478254652807e-05
2343,8.845914027218172e-05
2344,0.000106254063435221
2345,0.00011745633952998065
2346,0.00012674371284747085
2347,0.00012893878123720372
2348,0.00012158347084074635
2349,0.00010836260150818781
2350,9.307568588721942e-05
2351,8.768742992943484e-05
2352,8.18536522799975e-05
2353,7.880580062341117e-05
2354,7.51457871035923e-05
2355,7.460337480429596e-05
2356,8.050596813229462e-05
2357,9.2394328954492e-05
2358,9.151957019741092e-05
2359,8.290004165863038e-05
2360,7.811948242462972e-05
2361,7.529246547528407e-05
2362,7.548111032100945e-05
2363,7.625649783741988e-05
2364,7.446434261911098e-05
2365,7.630231658862485e-05
2366,8.12169759256744e-05
2367,9.152094184155529e-05
2368,0.00010939900998687667
2369,0.0001204161141221488
2370,0.00012667364226043705
2371,0.00012378866605001305
2372,0.00011399970873445943
2373,9.975223671964825e-05
2374,9.337026835515751e-05
2375,8.556240294281783e-05
2376,8.024199959430173e-05
2377,7.901609993626653e-05
2378,7.95801375187749e-05
2379,7.929606126130418e-05
2380,8.177859124299169e-05
2381,9.251328260411708e-05
2382,9.815748152245418e-05
2383,9.731222770643566e-05
2384,9.455326765378426e-05
2385,9.523520826487098e-05
2386,9.709130544744107e-05
2387,0.00010233921594373227
2388,0.00010007813353156273
2389,9.519858244782499e-05
2390,9.764250210604488e-05
2391,0.00010605167296413416
2392,0.00012326933822982695
2393,0.00013373504141906952
2394,0.00014094320650114768
2395,0.00014561969588368535
2396,0.00014303327115404267
2397,0.00013453149972425066
2398,0.00012317060903535156
2399,0.00011393541656318267
2400,0.0001067387499447827
2401,9.967370279640462e-05
2402,9.549109285758757e-05
2403,9.480308199156414e-05
2404,9.887266261610298e-05
2405,0.00010864157058001467
2406,0.00011287665320333266
2407,0.0001096999837328491
2408,0.00010680199149501273
2409,0.00010489409285805485
2410,0.00010535216363443253
2411,0.0001049435012311695
2412,0.0001002813411523526
2413,9.591169148329826e-05
2414,9.772299135179217e-05
2415,0.00010563060739573602
2416,0.0001139542110063521
2417,0.00012099383896218271
2418,0.0001288481651719226
2419,0.00013447599191228135
2420,0.00012966476038049952
2421,0.00011959878931562273
2422,0.00010694166572639292
2423,9.908579276900091e-05
2424,9.30091173703414e-05
2425,8.947993535475935e-05
2426,8.647638488564379e-05
2427,8.576674873640834e-05
2428,9.0627213537797e-05
2429,9.970951146374758e-05
2430,0.00010094057667526259
2431,9.897320121349219e-05
2432,9.990530636937437e-05
2433,0.00010051063919580311
2434,0.00010026336385888619
2435,0.00010344884687259518
2436,0.00010552131362295732
2437,0.00010822733404842032
2438,0.00010963840566594307
2439,0.00011632283615622243
2440,0.00012596289712231892
2441,0.00013414621363927755
2442,0.00013721271381944347
2443,0.0001332296343277527
2444,0.00012596015383403022
2445,0.00011836617735645557
2446,0.00010915847613500965
2447,0.00010248040773884665
2448,9.622410532511294e-05
2449,9.021928073248309e-05
2450,8.623663899956182e-05
2451,8.380468474770755e-05
2452,8.307152636059236e-05
2453,8.39249224897231e-05
2454,8.99174606528897e-05
2455,0.00010281561422059193
2456,0.00010894315718826433
2457,0.00011130860129107651
2458,0.00011456292916726477
2459,0.00011705646148602507
2460,0.00011358503444409561
2461,0.00010989128431510925
2462,0.00011020328958207243
2463,0.00010956386993946062
2464,0.00011369578741277255
2465,0.00012655921211809652
2466,0.00012785337296025172
2467,0.0001249535129516656
2468,0.00011926976982448602
2469,0.00011162229922528163
2470,0.00010181402215603525
2471,9.70128882598693e-05
2472,8.780127639341606e-05
2473,8.359768321758225e-05
2474,8.13112107967832e-05
2475,7.993337966182251e-05
2476,8.340060421956501e-05
2477,8.52696882456295e-05
2478,9.024615912092881e-05
2479,0.00010162018257291212
2480,0.0001132198852625183
2481,0.00011576927560026349
2482,0.00011803727460099072
2483,0.00012111142096766346
2484,0.00012103519257393904
2485,0.00011867050725299395
2486,0.00011724379305544201
2487,0.00013577289604272525
2488,0.0001348562583633645
2489,0.00014004442937958145
2490,0.00014572540003455437
2491,0.00014711385411565427
2492,0.00014040957856115876
2493,0.00013027867327880998
2494,0.00011797417897035052
2495,0.00011198543471651935
2496,0.00010343337939607375
2497,0.00010071699867973319
2498,9.987008138039067e-05
2499,0.00010182400305597925
2500,0.00010728866251099604
2501,0.00011619404752624316
2502,0.00011088899491857661
2503,9.99034385986246e-05
2504,9.359845740972537e-05
2505,8.935190550664715e-05
2506,8.702693949805236e-05
2507,8.702653092320083e-05
2508,8.501896920639272e-05
2509,8.536946806115163e-05
2510,8.855848232893436e-05
2511,0.00010484593939341271
2512,0.00012613785471051874
2513,0.00013124889263155438
2514,0.00013565251238111987
2515,0.0001387824292150236
2516,0.0001325031298739335
2517,0.00011913975546995219
2518,0.0001043488497187159
2519,9.57099722423246e-05
2520,9.235942498860594e-05
2521,9.40050477548129e-05
2522,9.605670637166605e-05
2523,9.602486671716629e-05
2524,0.00010158589146930332
2525,0.00011348764770984662
2526,0.00010827907713497215
2527,0.00010020371193056585
2528,9.138935155545136e-05
2529,8.862186979875421e-05
2530,8.806256001095617e-05
2531,9.632505249735366e-05
2532,0.00010083884153723683
2533,9.385796080826961e-05
2534,9.793623824036199e-05
2535,0.00011181079815141717
2536,0.00012389477877573353
2537,0.00013188892513644343
2538,0.00013955790428318797
2539,0.0001431071648343299
2540,0.00014155536836438023
2541,0.00013539271714339599
2542,0.0001246387060285778
2543,0.0001161731226570623
2544,0.00011249685369493696
2545,0.00011046556545282332
2546,0.0001074469268981199
2547,0.00010668330050064933
2548,0.0001137997113446457
2549,0.00012604747211658132
2550,0.00012412985523494114
2551,0.00010603214892301559
2552,9.903232783128914e-05
2553,9.234389914424859e-05
2554,9.331020785198568e-05
2555,9.442882742758176e-05
2556,9.294179007159628e-05
2557,9.162962275205671e-05
2558,9.485298649128417e-05
2559,0.00010126699879770043
2560,0.00011818080110954228
2561,0.00013363829673101573
2562,0.0001393444531071924
2563,0.0001439081466467956
2564,0.0001403623589818915
2565,0.00013244041363422689
2566,0.00011762691953048572
2567,0.00010737840305873823
2568,0.00010189850959854373
2569,9.878473147127462e-05
2570,9.656827126967346e-05
2571,9.803978278130158e-05
2572,0.00010505968240858793
2573,0.00011836620654037353
2574,0.00012637132605423823
2575,0.0001275433230157922
2576,0.00012659405771614664
2577,0.0001270260964376996
2578,0.00012668554929896674
2579,0.00012031291978822477
2580,0.00011950537159421695
2581,0.00011660230135465468
2582,0.00011700150816849708
2583,0.00013228355007516532
2584,0.00014680996197788537
2585,0.00015046959610677071
2586,0.00015388601146333624
2587,0.00016234467824629406
2588,0.00016127581725082819
2589,0.00015404287502239781
2590,0.00013966997052817332
2591,0.0001286974010517157
2592,0.0001226825663752239
2593,0.00011819979984013747
2594,0.00011724513551566838
2595,0.00011682223136043847
2596,0.000119694279095204
2597,0.0001294308804619285
2598,0.00013350912871010293
2599,0.00013332416103804115
2600,0.00013133478090212518
2601,0.00013107017031793709
2602,0.00013128983766845918
2603,0.00013029017174248815
2604,0.0001254435984860508
2605,0.00012897140885748852
2606,0.00013293977965452494
2607,0.00014389977086233966
2608,0.0001551232928493778
2609,0.00016865736398953603
2610,0.00017110253855622844
2611,0.00016437176400422074
2612,0.0001577402731411298
2613,0.00014925750044193293
2614,0.00014277677369904884
2615,0.00013970639205779356
2616,0.00013361716757440912
2617,0.00012975339193935904
2618,0.00012694029571888268
2619,0.00012702253599970788
2620,0.00012778149297030408
2621,0.0001228382917614848
2622,0.00011930598706668049
2623,0.00012219647903759988
2624,0.0001237508436923305
2625,0.00012168905825594348
2626,0.00012303519565599424
2627,0.00012378122415093197
2628,0.00012023520301468414
2629,0.00011743036584299187
2630,0.00011490125832823232
2631,0.00011607535653187976
2632,0.00012336223064070935
2633,0.00013191735027254128
2634,0.00013632969601357832
2635,0.00013755436994705898
2636,0.0001394549142366897
2637,0.00013499137990354216
2638,0.00013161938247011924
2639,0.00012684191673142288
2640,0.00012150840980374052
2641,0.00011974462135369352
2642,0.00011781492233001585
2643,0.000119852426746656
2644,0.00012084456322179205
2645,0.00011459739537438137
2646,0.00011309168031089833
2647,0.00011518317497577361
2648,0.00012234181494906528
2649,0.00012421142428565313
2650,0.0001251087422113211
2651,0.00012904238414597924
2652,0.00012911794130959046
2653,0.00012551781318943564
2654,0.000122807327624524
2655,0.0001290562465070126
2656,0.00014645674901875573
2657,0.0001554529835706277
2658,0.00016299180244324862
2659,0.00016675830807972157
2660,0.00016090731191868493
2661,0.00014925242244020703
2662,0.00013657507439582752
2663,0.00012977443354421177
2664,0.00012634935056401065
2665,0.00012829156948849528
2666,0.00012842111690034163
2667,0.00012676703079792485
2668,0.00013051666812981404
2669,0.00014086029499020926
2670,0.00013461111345245902
2671,0.00012585334069427855
2672,0.00012198156866570606
2673,0.00012472506124183605
2674,0.00012591833327958645
2675,0.00012475818498872626
2676,0.00012680949339856384
2677,0.0001264783142974977
2678,0.00012812901506543056
2679,0.00013586704336208014
2680,0.00014546510867022508
2681,0.00014975733340491843
2682,0.00015895776783079107
2683,0.0001664161558255006
2684,0.0001648020516906958
2685,0.00015450546930606006
2686,0.00013872306912588294
2687,0.0001334218396114698
2688,0.0001286290814997598
2689,0.00012779342919275172
2690,0.00012564835285449282
2691,0.00012380395842302665
2692,0.00012549449523898166
2693,0.0001331818018862082
2694,0.00012358289024444225
2695,0.00010925752635258265
2696,0.00010191587402973288
2697,9.819031343016475e-05
2698,0.00010418436915706552
2699,0.00010912009928288576
2700,0.00010530450629639579
2701,0.00010182876003460753
2702,9.908920728740282e-05
2703,0.0001091347204257862
2704,0.00012923018265808363
2705,0.00013827655518101935
2706,0.0001434181194802463
2707,0.0001497724214905063
2708,0.0001474605298771598
2709,0.00013795401451967087
2710,0.0001260081030112466
2711,0.00011886192457092598
2712,0.00011393643800031144
2713,0.0001116617850662882
2714,0.00011104594602939206
2715,0.00011163397279246761
2716,0.00011620122677006253
2717,0.00012410297684649542
2718,0.00012163150756971662
2719,0.0001117209700519211
2720,9.879684279723006e-05
2721,8.987744950135977e-05
2722,9.397271197370775e-05
2723,9.70909552404255e-05
2724,9.304518869294606e-05
2725,8.970937931779968e-05
2726,9.233759541796815e-05
2727,0.00010711008611696857
2728,0.00012610335931948418
2729,0.0001395397227022958
2730,0.00014449267133971537
2731,0.00014590870422329213
2732,0.00014283709685748236
2733,0.00013446925042723143
2734,0.00012322912279087126
2735,0.00011657481010393172
2736,0.00011297462361594096
2737,0.00011340208046237341
2738,0.0001145032188711085
2739,0.00011801019192511925
2740,0.0001221840466885468
2741,0.00012956982509535958
2742,0.00012803746511477456
2743,0.00011743661120143635
2744,0.00011176988229843033
2745,0.00010370881721382683
2746,9.744533555627375e-05
2747,9.449376164505375e-05
2748,9.455773279323291e-05
2749,9.273937041659146e-05
2750,9.315728412184938e-05
2751,0.00010088766623199215
2752,0.00011478496041514203
2753,0.0001235047648960501
2754,0.00013238677359300732
2755,0.00014058389410316334
2756,0.00014250839838944325
2757,0.00013538758077383416
2758,0.00012304508900418435
2759,0.0001125152979310908
2760,0.00010982649601722709
2761,0.00010904985359234415
2762,0.0001077699636860738
2763,0.00010865969379307089
2764,0.00011184754070413503
2765,0.00011955066503489853
2766,0.00012191917344909703
2767,0.00011570866060265031
2768,0.00010910827979610996
2769,0.00010782838988983961
2770,0.00010825762695526792
2771,0.00011020477796188864
2772,0.00010741257742667517
2773,0.0001058795753998949
2774,0.00010496553508923304
2775,0.00011044242260587713
2776,0.00011977363016815067
2777,0.00012693340831424296
2778,0.0001303073610701695
2779,0.00013322689103946402
2780,0.00013450853198081225
2781,0.00012973722404880647
2782,0.00012109825902066127
2783,0.00011207321994175789
2784,0.00010527999180530523
2785,0.00010463280924051476
2786,0.00010422239580217384
2787,0.00010223733488611667
2788,0.00010361070088162871
2789,0.00010881109995947299
2790,0.00011615858906591576
2791,0.00012789029061647736
2792,0.00013185626833224064
2793,0.00013405930393157794
2794,0.0001320654878401313
2795,0.0001281227405230681
2796,0.00012662703554344702
2797,0.0001248369815672316
2798,0.00011655049990026692
2799,0.00012031449571979487
2800,0.00012754612467191683
2801,0.00013054194140277168
2802,0.0001306409040685908
2803,0.00013236094582560836
2804,0.00013187838974205808
2805,0.0001264677497191944
2806,0.0001178123833291529
2807,0.00010788433546057841
2808,0.00010138650694176684
2809,9.930595624612841e-05
2810,9.647934787163429e-05
2811,9.718548195071393e-05
2812,9.759175127270385e-05
2813,9.835117518598748e-05
2814,9.904047014440137e-05
2815,0.00011189464354773043
2816,0.00012238833411430138
2817,0.00013130244512102004
2818,0.00013462620153804688
2819,0.00012665531475995507
2820,0.0001210730149316216
2821,0.00011292629504779102
2822,0.00010564201830766031
2823,0.00010480347679277373
2824,0.00011271398204459609
2825,0.0001220977206592065
2826,0.00012569545569808823
2827,0.0001269088062713985
2828,0.0001225286503918768
2829,0.00010721307616346684
2830,9.070530970227119e-05
2831,8.09884950319269e-05
2832,7.56541125867056e-05
2833,7.367728153551454e-05
2834,7.107080745422995e-05
2835,7.000921325433735e-05
2836,7.234045380529461e-05
2837,8.063653698126974e-05
2838,8.559818242624286e-05
2839,8.303157357689836e-05
2840,8.012173266836824e-05
2841,8.149121720279095e-05
2842,8.27460381235294e-05
2843,8.223494016820944e-05
2844,8.131529654529829e-05
2845,7.864006515328829e-05
2846,8.02958147390291e-05
2847,8.885767585591092e-05
2848,0.00010267156240151699
2849,0.00010997466276873509
2850,0.00011538714137843057
2851,0.00012126107609898767
2852,0.00012345780797204452
2853,0.0001139200658223331
2854,0.0001007420384813471
2855,9.699893834708205e-05
2856,9.108910740742808e-05
2857,8.98126612034776e-05
2858,8.74941156568351e-05
2859,8.838367066032439e-05
2860,9.075086579821445e-05
2861,9.578634655563886e-05
2862,9.301991541998843e-05
2863,8.3816796073663e-05
2864,7.870003810470624e-05
2865,7.55369099721584e-05
2866,7.751861473764959e-05
2867,7.741355263297582e-05
2868,7.52443411945599e-05
2869,7.492153787794971e-05
2870,7.690297998817922e-05
2871,8.40617658810607e-05
2872,9.449662166901432e-05
2873,9.915583417211677e-05
2874,0.00010041544125540149
2875,0.0001019081986593081
2876,0.00010217406415196869
2877,9.800721352885272e-05
2878,9.012989039175649e-05
2879,8.385313005152934e-05
2880,7.763143976450205e-05
2881,7.572934872721921e-05
2882,7.474255290907075e-05
2883,7.508190350716704e-05
2884,7.514934754158402e-05
2885,7.231205785311472e-05
2886,7.480655324116785e-05
2887,8.285839620769442e-05
2888,9.090323503390939e-05
2889,9.331335971512588e-05
2890,9.393354715579879e-05
2891,9.493443880632433e-05
2892,9.338932545358861e-05
2893,9.035834210158601e-05
2894,8.887568233329529e-05
2895,9.208433737786842e-05
2896,0.00010181980057179229
2897,0.00010859227894257187
2898,0.00011456030261464794
2899,0.00011475081523112306
2900,0.00011211104229944045
2901,9.960660896900322e-05
2902,8.655316777380954e-05
2903,7.869892911582357e-05
2904,7.484910339356072e-05
2905,7.35983390374194e-05
2906,7.30697015474025e-05
2907,7.126806155575498e-05
2908,7.396427618478176e-05
2909,7.943917919500424e-05
2910,7.978810211819305e-05
2911,7.584196946664591e-05
2912,7.249542040968844e-05
2913,7.016654375608633e-05
2914,7.14307618984095e-05
2915,7.364979028479157e-05
2916,7.149464549483475e-05
2917,7.136086641488348e-05
2918,7.336218277324712e-05
2919,8.365774372075408e-05
2920,9.858021057417632e-05
2921,0.00010485396497085307
2922,0.00011154286060058107
2923,0.00011344997127175388
2924,0.00011153229602227776
2925,0.00010111886123011041
2926,8.809183148067501e-05
2927,8.319599577071283e-05
2928,7.93700424933453e-05
2929,7.688503187863078e-05
2930,7.492719955803491e-05
2931,7.555301949487505e-05
2932,7.768046874668315e-05
2933,8.448936864708298e-05
2934,8.38982775726211e-05
2935,7.875668408947618e-05
2936,7.527790270021956e-05
2937,7.270049580122805e-05
2938,7.289538600539792e-05
2939,7.423735010517968e-05
2940,7.181304203983224e-05
2941,7.253799974599927e-05
2942,7.53053647670246e-05
2943,8.144283026680508e-05
2944,9.202138766681806e-05
2945,0.00010027836439272016
2946,0.00010232450724907794
2947,0.00010045092889964685
2948,0.00010079675832753137
2949,9.812038876272075e-05
2950,8.863360173377612e-05
2951,8.375533474242884e-05
2952,7.93568805463431e-05
2953,7.690277570075346e-05
2954,7.279937091529328e-05
2955,7.120633756925914e-05
2956,6.953532479442267e-05
2957,6.71608920448773e-05
2958,7.084848436717305e-05
2959,8.04919014838355e-05
2960,8.664413404610625e-05
2961,8.744053398345147e-05
2962,8.669797837475156e-05
2963,8.727360197269202e-05
2964,8.477280285835846e-05
2965,8.172766530614287e-05
2966,8.114932760383168e-05
2967,8.538820413648513e-05
2968,9.419459730199516e-05
2969,9.903343682017182e-05
2970,9.979636280361124e-05
2971,0.00010061631416275416
2972,9.422859656642433e-05
2973,8.670451557237571e-05
2974,7.706074824869767e-05
2975,6.986895534459785e-05
2976,6.357675671176726e-05
2977,6.037029046104149e-05
2978,5.872595178722499e-05
2979,5.87380922970984e-05
2980,5.777452687765003e-05
2981,5.7549898261073895e-05
2982,6.330651363141193e-05
2983,7.640300110560388e-05
2984,8.760378882054733e-05
2985,9.27168696158405e-05
2986,9.743742671450525e-05
2987,0.00010162064951559955
2988,0.00010036095488056094
2989,9.755778119219265e-05
2990,9.457051534930155e-05
2991,9.793492496405357e-05
2992,0.00010805990591105547
2993,0.00011899389424796344
2994,0.00011957287399646987
2995,0.00011721913264476162
2996,0.0001125279345675696
2997,9.774166905928974e-05
2998,8.854409465737765e-05
2999,7.816959121177553e-05
3000,7.170573277347516e-05
3001,7.104728521635021e-05
3002,7.091484859662532e-05
3003,6.891294855990239e-05
3004,7.229539383595675e-05
3005,8.457651182612628e-05
3006,9.186948537381054e-05
3007,9.176713737350751e-05
3008,9.349777289274633e-05
3009,9.41265695892189e-05
3010,9.778958905258817e-05
3011,9.841071037863595e-05
3012,9.402839488918484e-05
3013,9.306348700951008e-05
3014,9.19587589788653e-05
3015,0.00010035856179928781
3016,0.00011623146130907422
3017,0.00011655598647684434
3018,0.00012043995738312615
3019,0.000123586421498516
3020,0.00012345920880010684
3021,0.00011214965262290808
3022,9.84721717098701e-05
3023,9.043080576989297e-05
3024,8.696273487852949e-05
3025,8.922924549944051e-05
3026,9.076183895136927e-05
3027,9.232717675925468e-05
3028,9.383779472095582e-05
3029,0.00010121805736727322
3030,0.00010191278053442859
3031,9.641704020677913e-05
3032,9.065995789375366e-05
3033,8.801154652235345e-05
3034,8.810624833614967e-05
3035,8.667915474766417e-05
3036,8.179866977855157e-05
3037,8.038713121834137e-05
3038,7.942622153542781e-05
3039,8.840865209410237e-05
3040,0.00010266829380270492
3041,0.00010836549071606634
3042,0.00011559332575885287
3043,0.0001183013306907375
3044,0.0001167467909324991
3045,0.00010709505639921664
3046,9.490038117405924e-05
3047,8.339114863014437e-05
3048,7.787629283622788e-05
3049,7.622071835399489e-05
3050,7.459928905578085e-05
3051,7.229270891550397e-05
3052,7.406770399004949e-05
3053,8.286008887493638e-05
3054,8.874590145010521e-05
3055,8.021684305701597e-05
3056,7.397717547652226e-05
3057,7.218324003921749e-05
3058,7.315731166913323e-05
3059,7.543354053472659e-05
3060,7.416284356261521e-05
3061,7.451941267231083e-05
3062,7.631965183589602e-05
3063,8.52975005194501e-05
3064,9.622982537303407e-05
3065,0.00010620804039659029
3066,0.0001115126260615694
3067,0.00011446533814559002
3068,0.00010979906313434005
3069,0.00010217531906044117
3070,9.022324974532631e-05
3071,8.199210078682318e-05
3072,7.52364323527914e-05
3073,7.291359677020804e-05
3074,7.143598581972523e-05
3075,7.171717286931742e-05
3076,7.181012364803574e-05
3077,7.132715898963398e-05
3078,7.943483079122746e-05
3079,9.210307345320192e-05
3080,9.935162907774354e-05
3081,0.00010295870297037404
3082,0.00010681556201686642
3083,0.00011222987921339368
3084,0.00011103593594553009
3085,0.00011190246483774505
3086,0.00011282350928871851
3087,0.00011302114278117707
3088,0.00012019863556547407
3089,0.00012432894792329793
3090,0.00012275076919150796
3091,0.00012006494403727669
3092,0.00011497491853717582
3093,0.00010446684029904816
3094,9.492349483708747e-05
3095,8.510193908516705e-05
3096,7.726103747769104e-05
3097,7.420755332493748e-05
3098,7.228074350913835e-05
3099,7.139740468017558e-05
3100,7.069036589963901e-05
3101,7.50622043625407e-05
3102,8.167291627604064e-05
3103,8.939970876427371e-05
3104,9.772853629620551e-05
3105,9.55196055454393e-05
3106,9.207114624694827e-05
3107,9.282038497286214e-05
3108,8.866497444558842e-05
3109,8.498616648260013e-05
3110,8.362286893878598e-05
3111,8.856183847950033e-05
3112,0.00010011864080969806
3113,0.00011053478970623615
3114,0.00011082230966602674
3115,0.00010901950231766062
3116,0.00010469619671033461
3117,0.00010081639910432177
3118,9.464616006466667e-05
3119,8.846833320634066e-05
3120,8.138028913060621e-05
3121,7.632712291889505e-05
3122,7.335246452856478e-05
3123,7.17297511379603e-05
3124,7.078854059967307e-05
3125,6.918692718175725e-05
3126,7.204925667184045e-05
3127,8.133271934432335e-05
3128,8.748398883730124e-05
3129,8.902621298215844e-05
3130,8.760489780943e-05
3131,8.903826594027796e-05
3132,8.651718400295877e-05
3133,8.31841179161011e-05
3134,8.158714474114168e-05
3135,8.35511932362641e-05
3136,9.081652961363556e-05
3137,9.776370291735326e-05
3138,9.831527896689061e-05
3139,9.819186017781688e-05
3140,9.711870914641016e-05
3141,9.593381289311569e-05
3142,8.936226579752471e-05
3143,8.366687828707711e-05
3144,7.759779070708848e-05
3145,7.523298865047154e-05
3146,7.325817128962006e-05
3147,7.251310586397518e-05
3148,6.852964698135089e-05
3149,6.224413146573428e-05
3150,6.259489297575487e-05
3151,7.045975457988006e-05
3152,8.193927789530664e-05
3153,8.621121980701435e-05
3154,8.876910266488732e-05
3155,9.095789651225772e-05
3156,9.024326991305028e-05
3157,8.685986156770308e-05
3158,8.613516651679773e-05
3159,9.027980817834237e-05
3160,9.832380067093637e-05
3161,0.00010904346231430982
3162,0.00011233138088007575
3163,0.00011349024507854548
3164,0.00010819146701324141
3165,9.670488118966732e-05
3166,7.808659214908324e-05
3167,6.833542800729423e-05
3168,6.341779191061223e-05
3169,6.26579594224771e-05
3170,6.227991094915929e-05
3171,5.990833822357448e-05
3172,6.082923675495812e-05
3173,6.712908157429552e-05
3174,6.877347861594794e-05
3175,6.610265399555067e-05
3176,6.45302828634357e-05
3177,6.429217127675977e-05
3178,6.648744395391838e-05
3179,7.002059498234368e-05
3180,6.861235420486352e-05
3181,6.684920780101176e-05
3182,6.78240382127946e-05
3183,7.792786081927193e-05
3184,9.220127733715393e-05
3185,9.816013725898899e-05
3186,0.00010246062104246641
3187,0.0001035159990678325
3188,9.973478473670521e-05
3189,8.986268243886951e-05
3190,7.392467360810333e-05
3191,6.474481384439596e-05
3192,5.7850696903538516e-05
3193,5.7439232844150845e-05
3194,5.586406005591125e-05
3195,5.5605198703562244e-05
3196,5.678714738114226e-05
3197,6.411803083826297e-05
3198,6.677289185553345e-05
3199,6.40575909441576e-05
3200,6.287663451978838e-05
3201,6.263204410332424e-05
3202,6.396782121249744e-05
3203,6.662370366689667e-05
3204,6.556745012399166e-05
3205,6.600383724932138e-05
3206,6.762938147996846e-05
3207,7.67430229338134e-05
3208,8.948127781498572e-05
3209,9.681866928581262e-05
3210,0.00010104164058317518
3211,0.00010109031935834069
3212,0.00010151503291648443
3213,9.268164462685683e-05
3214,7.91061031392704e-05
3215,6.877543393845161e-05
3216,6.033944305975255e-05
3217,5.6779063435865975e-05
3218,5.346654282725561e-05
3219,5.2185222909004984e-05
3220,5.504734811166244e-05
3221,6.340197422707524e-05
3222,6.724879400578769e-05
3223,6.561639155441886e-05
3224,6.341662455389365e-05
3225,6.161326271108618e-05
3226,6.439011250545009e-05
3227,6.693022235728243e-05
3228,6.472721594186311e-05
3229,6.454046805080547e-05
3230,6.77020202517832e-05
3231,7.671591107402396e-05
3232,8.778861057301929e-05
3233,9.36898322568736e-05
3234,9.788259819914242e-05
3235,9.992462612306714e-05
3236,9.816585730691012e-05
3237,9.033940173882678e-05
3238,7.510778964240195e-05
3239,6.795399419949247e-05
3240,6.199498835806759e-05
3241,5.880588653853096e-05
3242,5.7020560357025835e-05
3243,5.643457646820784e-05
3244,5.745910709228497e-05
3245,6.454467053499242e-05
3246,6.732102420275093e-05
3247,6.565637352203082e-05
3248,6.444527011040384e-05
3249,6.335781895919429e-05
3250,6.57565327284865e-05
3251,6.776310219208381e-05
3252,6.591596447232895e-05
3253,6.530581629943598e-05
3254,6.764820510705585e-05
3255,7.69330394236831e-05
3256,8.651940198072411e-05
3257,9.335316657923006e-05
3258,9.933379770386697e-05
3259,0.00010131310938808504
3260,9.912472411556614e-05
3261,9.164564472301947e-05
3262,7.749906151261309e-05
3263,7.112281319604348e-05
3264,6.543571391829793e-05
3265,6.32894702233204e-05
3266,6.151275329761494e-05
3267,5.97142943530256e-05
3268,6.0291085307684645e-05
3269,6.64098439160496e-05
3270,6.961794446618142e-05
3271,6.784820249686956e-05
3272,6.642779202559805e-05
3273,6.583465807687863e-05
3274,6.69769458099443e-05
3275,6.988205892376411e-05
3276,6.879481205998033e-05
3277,6.853790603013496e-05
3278,7.107769485886967e-05
3279,7.884826322405017e-05
3280,8.771497954799374e-05
3281,9.226851708414515e-05
3282,9.334105525327461e-05
3283,9.250239700271617e-05
3284,9.218125716942999e-05
3285,9.415032529844237e-05
3286,8.589194774447792e-05
3287,7.628644053725192e-05
3288,6.73128818896387e-05
3289,6.237324111881115e-05
3290,6.062953120432404e-05
3291,5.973019958831649e-05
3292,5.68636092462104e-05
3293,5.548881323871807e-05
3294,6.245886673412028e-05
3295,7.414078052063371e-05
3296,8.054095964993456e-05
3297,8.097664636123314e-05
3298,8.26508109992098e-05
3299,8.32938202637313e-05
3300,8.104855553509874e-05
3301,7.802031547138486e-05
3302,7.70996795952629e-05
3303,7.88767759119019e-05
3304,8.294629816860481e-05
3305,8.820821694551917e-05
3306,8.873291460661081e-05
3307,8.972131554024734e-05
3308,8.85839307053998e-05
3309,8.49577997143382e-05
3310,7.617174773964971e-05
3311,6.98525247987836e-05
3312,6.361857726621102e-05
3313,5.972001440094673e-05
3314,5.662800747647945e-05
3315,5.376938434397778e-05
3316,5.117983693511285e-05
3317,5.053805339514588e-05
3318,5.560689137080421e-05
3319,6.784382490917483e-05
3320,7.681347291178075e-05
3321,8.049721295690512e-05
3322,8.383953034575767e-05
3323,8.568850665234433e-05
3324,8.728480859719055e-05
3325,8.610040847050147e-05
3326,8.567029588753421e-05
3327,9.141301971292094e-05
3328,9.705561351576996e-05
3329,0.00010302407494661549
3330,0.00010825791879444758
3331,0.00010921424660224065
3332,0.00010473486540163816
3333,9.442208594253186e-05
3334,7.85650624841184e-05
3335,6.901696004352943e-05
3336,6.183917542005278e-05
3337,6.051457575146015e-05
3338,5.677182582421066e-05
3339,5.362215147784467e-05
3340,5.485995817440958e-05
3341,6.39100954227628e-05
3342,6.700525421037028e-05
3343,6.577494778072236e-05
3344,6.623240569482277e-05
3345,6.4725640010293e-05
3346,6.705647198639875e-05
3347,6.91971999208809e-05
3348,6.767543370251714e-05
3349,6.63789673308427e-05
3350,6.738908109944515e-05
3351,7.667587073857607e-05
3352,8.991597227307349e-05
3353,9.584383887402978e-05
3354,0.00010177908900623121
3355,0.0001033464405044562
3356,0.00010038071239302322
3357,9.086964434433176e-05
3358,7.594148662690634e-05
3359,6.855232288560965e-05
3360,6.424290882323496e-05
3361,6.410568604096381e-05
3362,6.27097316929469e-05
3363,6.107855496613259e-05
3364,6.081257273780014e-05
3365,6.702425294096546e-05
3366,6.866908774138736e-05
3367,6.579858675427396e-05
3368,6.411814757393484e-05
3369,6.255631183620522e-05
3370,6.390662253652497e-05
3371,6.704258044144744e-05
3372,6.517475132385544e-05
3373,6.465977190744613e-05
3374,6.679326223027297e-05
3375,7.570997060569048e-05
3376,8.804925214436415e-05
3377,9.659485781893952e-05
3378,0.00010158081346757742
3379,0.0001029981888113806
3380,9.881330252696228e-05
3381,9.159387245254966e-05
3382,7.706404603142771e-05
3383,7.09086324220988e-05
3384,6.743536679333756e-05
3385,6.628496593107764e-05
3386,6.392083510457388e-05
3387,6.140655302014053e-05
3388,6.133639488135282e-05
3389,6.699938824285934e-05
3390,6.829710952300626e-05
3391,6.552174810845856e-05
3392,6.428125649144088e-05
3393,6.240651078529119e-05
3394,6.415559054068386e-05
3395,6.721257676359322e-05
3396,6.503142910272963e-05
3397,6.531635169382132e-05
3398,6.75487754985493e-05
3399,7.685266691360766e-05
3400,8.877035757335982e-05
3401,9.633809770868397e-05
3402,0.0001003605754896274
3403,0.0001013667494293046
3404,9.868107019466315e-05
3405,9.284069697976573e-05
3406,8.029310063465833e-05
3407,6.93750759008772e-05
3408,6.286825873533244e-05
3409,5.99006628531497e-05
3410,5.924694309073508e-05
3411,5.6828034050211136e-05
3412,5.6088688672487386e-05
3413,6.318820202798206e-05
3414,6.637657424956957e-05
3415,6.526349961838683e-05
3416,6.306294465207655e-05
3417,6.267949715393522e-05
3418,6.459276563179864e-05
3419,6.668612806742368e-05
3420,6.407504292710062e-05
3421,6.470354778439355e-05
3422,6.712289458368695e-05
3423,7.675014380979683e-05
3424,8.832792937701134e-05
3425,9.460719953418347e-05
3426,9.94149289958095e-05
3427,0.00010203438992058849
3428,0.00010020412050541736
3429,9.250837970589898e-05
3430,7.741171404614403e-05
3431,6.951238623490222e-05
3432,6.252117439897542e-05
3433,5.681685660963057e-05
3434,5.2197888729401766e-05
3435,4.940504614799307e-05
3436,5.16164575317863e-05
3437,6.139552149914978e-05
3438,6.644433930708417e-05
3439,6.643319105042157e-05
3440,6.704007062450246e-05
3441,6.647521589229107e-05
3442,6.840258020253154e-05
3443,7.148840013639025e-05
3444,7.166256975880502e-05
3445,7.161529181170181e-05
3446,7.486722660661695e-05
3447,8.244307987113538e-05
3448,9.555763219054763e-05
3449,0.00010209118182494827
3450,0.00010204930290266858
3451,9.492460382597014e-05
3452,9.145519047438028e-05
3453,8.778761831980849e-05
3454,8.038371669993949e-05
3455,7.303322164994633e-05
3456,6.273544272467402e-05
3457,5.837554048421997e-05
3458,5.4684737930948084e-05
3459,5.0878629717796716e-05
3460,4.884462737131235e-05
3461,5.239061932364222e-05
3462,6.218996611399135e-05
3463,7.329657732566192e-05
3464,7.973799333104726e-05
3465,8.148015649788223e-05
3466,8.275788679422316e-05
3467,8.372632592797168e-05
3468,8.328742898569697e-05
3469,8.118131317792125e-05
3470,8.04020150165035e-05
3471,8.091947506593984e-05
3472,8.437668953982035e-05
3473,8.974317429480308e-05
3474,9.120476327432314e-05
3475,9.07693100343683e-05
3476,8.871747631400734e-05
3477,8.507964257184182e-05
3478,7.773364184521525e-05
3479,6.979777576868136e-05
3480,6.15489997237274e-05
3481,5.76506119619709e-05
3482,5.342107428306624e-05
3483,5.070997585587733e-05
3484,4.815075053777797e-05
3485,4.874910840781311e-05
3486,5.444195691739776e-05
3487,6.689380082766218e-05
3488,7.679549561831436e-05
3489,8.014099405422509e-05
3490,8.442204134833785e-05
3491,8.63901464080574e-05
3492,8.497840356042145e-05
3493,8.177908736959709e-05
3494,8.249365560096861e-05
3495,8.614427189920277e-05
3496,9.295299669609483e-05
3497,0.00010456291375698873
3498,0.00010955313025764953
3499,0.00011070601175293645
3500,0.00010188164129396
3501,9.258918997474391e-05
3502,7.748502404807196e-05
3503,6.938502761690323e-05
3504,6.23478219262637e-05
3505,5.9322208415166654e-05
3506,5.5499494552693236e-05
3507,5.205555876148676e-05
3508,5.264241816784371e-05
3509,6.040105031057654e-05
3510,6.532609912242162e-05
3511,6.549311868493496e-05
3512,6.302456779995266e-05
3513,6.237583848751004e-05
3514,6.563895072300576e-05
3515,7.065919747525246e-05
3516,7.006066450170953e-05
3517,6.788071338148252e-05
3518,7.228515028075105e-05
3519,8.275441390798535e-05
3520,9.786990319482768e-05
3521,0.00010809475150910561
3522,0.00010453977091004253
3523,0.0001025278899733756
3524,9.653899979995462e-05
3525,8.743399678582731e-05
3526,7.413695742738031e-05
3527,6.671370686990055e-05
3528,6.216606448517806e-05
3529,5.962688851872061e-05
3530,5.425891538392166e-05
3531,5.1582808474372724e-05
3532,5.226746318983018e-05
3533,6.047120844936425e-05
3534,6.401792999964325e-05
3535,6.329282637388637e-05
3536,6.20177809979982e-05
3537,6.229526169000884e-05
3538,6.504263572722816e-05
3539,6.720212892096177e-05
3540,6.50639983551785e-05
3541,6.564341586245438e-05
3542,6.84642166372735e-05
3543,7.920226414896487e-05
3544,9.288409346577959e-05
3545,0.00010000905519773971
3546,0.0001014092703977795
3547,9.990769945064748e-05
3548,9.791262845072835e-05
3549,8.9798185980167e-05
3550,7.474771846255053e-05
3551,6.722010621442816e-05
3552,6.207340554563937e-05
3553,5.623285722723418e-05
3554,5.150979031162444e-05
3555,5.010598548967496e-05
3556,5.2336950098504694e-05
3557,6.151009756108013e-05
3558,6.478999054940569e-05
3559,6.377214304254252e-05
3560,6.243350590940876e-05
3561,6.252202073259641e-05
3562,6.439282660982084e-05
3563,6.595235681803123e-05
3564,6.510033233304484e-05
3565,6.503834569128732e-05
3566,6.657849777796899e-05
3567,7.572418317373941e-05
3568,8.814564662540234e-05
3569,9.310133855111061e-05
3570,9.801982098141356e-05
3571,9.941755554842633e-05
3572,9.828959711908146e-05
3573,8.941313336653759e-05
3574,7.383966085507147e-05
3575,6.476816097876791e-05
3576,6.259506807926265e-05
3577,5.807739757829016e-05
3578,5.3856060580333644e-05
3579,5.1606476631842285e-05
3580,5.12178343963032e-05
3581,6.01905758942134e-05
3582,6.637902569867864e-05
3583,6.613090402814072e-05
3584,6.457957450087849e-05
3585,6.399043874892027e-05
3586,6.552527936253233e-05
3587,6.729928218386705e-05
3588,6.695660461912273e-05
3589,6.606188406215365e-05
3590,7.014345927697607e-05
3591,8.064774360576829e-05
3592,9.19799756872258e-05
3593,0.0001001444102092611
3594,0.00010416102202269357
3595,9.975054405240629e-05
3596,9.618782971508251e-05
3597,8.945828088762935e-05
3598,8.010407639799944e-05
3599,7.019009517788404e-05
3600,6.381148296395926e-05
3601,5.94665812573392e-05
3602,5.616564666416092e-05
3603,5.39588171554882e-05
3604,5.478340875758754e-05
3605,6.296342749181612e-05
3606,6.778105030163225e-05
3607,6.802394805085442e-05
3608,6.664687569776084e-05
3609,6.509227757168652e-05
3610,6.58263698441766e-05
3611,6.746568888410311e-05
3612,6.685072536474593e-05
3613,6.720954163612485e-05
3614,7.126698175079027e-05
3615,7.781176719360741e-05
3616,8.477863964195143e-05
3617,9.090799201253768e-05
3618,9.323803602285838e-05
3619,9.21460321804463e-05
3620,8.952546226678465e-05
3621,8.807321214101337e-05
3622,7.909387507764309e-05
3623,6.751833667211187e-05
3624,5.94333699586951e-05
3625,5.5076677949217204e-05
3626,5.271777104402918e-05
3627,4.953532315778855e-05
3628,4.792136494257356e-05
3629,4.9630083339420716e-05
3630,5.6928485095846455e-05
3631,6.880546419003753e-05
3632,7.654430963639011e-05
3633,7.682969917016926e-05
3634,7.986435969583542e-05
3635,8.188000535791986e-05
3636,8.01935834743979e-05
3637,7.776667804035158e-05
3638,7.658157749963134e-05
3639,8.030716728311744e-05
3640,8.778472911192996e-05
3641,9.178718672514942e-05
3642,9.088362344103696e-05
3643,8.788602649118626e-05
3644,8.484745532051276e-05
3645,8.257919366452385e-05
3646,7.475553975256515e-05
3647,6.663295496889156e-05
3648,5.9535951430341865e-05
3649,5.643489749130545e-05
3650,5.413333698491853e-05
3651,4.964817736855897e-05
3652,4.703539956099395e-05
3653,4.724038740077968e-05
3654,5.3620633914110486e-05
3655,6.637479403057371e-05
3656,7.571977640212671e-05
3657,7.923483340141375e-05
3658,8.290584925830541e-05
3659,8.68533535539969e-05
3660,8.777757905202853e-05
3661,8.744704199715764e-05
3662,8.712622318696907e-05
3663,9.074628392309395e-05
3664,9.869379438289586e-05
3665,0.00010497957255377417
3666,0.00010843888826974816
3667,0.00010827834753702303
3668,0.00010347444116865042
3669,9.382051784152058e-05
3670,7.689868995223836e-05
3671,6.660304145297751e-05
3672,6.089665160545712e-05
3673,5.72762990301526e-05
3674,5.4188027647184825e-05
3675,4.951795872659942e-05
3676,4.987409007752556e-05
3677,5.862725177666757e-05
3678,6.23489017312284e-05
3679,6.144828602283039e-05
3680,6.141457859758089e-05
3681,6.209762819755028e-05
3682,6.498412197170846e-05
3683,6.834365787216033e-05
3684,6.741502560251599e-05
3685,6.653603517733e-05
3686,6.788660853291143e-05
3687,7.60003797733596e-05
3688,8.998026444435025e-05
3689,9.749734129808728e-05
3690,0.00010070891473445691
3691,0.00010052473502818018
3692,9.770877878374324e-05
3693,8.943081882082435e-05
3694,7.609035379244549e-05
3695,6.795568686673444e-05
3696,6.211980797520364e-05
3697,5.942309721957144e-05
3698,5.5832920815442664e-05
3699,5.221945564477785e-05
3700,5.3102561002396895e-05
3701,6.0908441908314954e-05
3702,6.427495276516046e-05
3703,6.285124451115889e-05
3704,6.222828459827931e-05
3705,6.182864002566744e-05
3706,6.359301215407373e-05
3707,6.52603477552466e-05
3708,6.359164050992938e-05
3709,6.345523487736126e-05
3710,6.568579091133948e-05
3711,7.488768453311037e-05
3712,8.819248681373608e-05
3713,9.430823947855063e-05
3714,9.727554352155374e-05
3715,9.669781868151982e-05
3716,9.543745281636801e-05
3717,8.860001104419849e-05
3718,7.714984675024464e-05
3719,6.484616959148819e-05
3720,5.751925514721071e-05
3721,5.440857051524586e-05
3722,5.414252991907748e-05
3723,5.039190033397747e-05
3724,5.047924780044653e-05
3725,5.9821370148038964e-05
3726,6.491705732822503e-05
3727,6.41717000634005e-05
3728,6.374021583628889e-05
3729,6.598440075995674e-05
3730,7.090215359231058e-05
3731,7.269670189189261e-05
3732,7.07648724422035e-05
3733,7.012600729403303e-05
3734,7.111627599841934e-05
3735,7.872516545807404e-05
3736,8.85100953929485e-05
3737,9.246676343888098e-05
3738,9.616284828130451e-05
3739,9.51335606785991e-05
3740,9.363940244663018e-05
3741,9.239943614013587e-05
3742,8.551562112232004e-05
3743,7.957412563167413e-05
3744,7.235487066076929e-05
3745,6.798571711832037e-05
3746,6.534614847406352e-05
3747,6.258114735039338e-05
3748,5.888135615038829e-05
3749,5.827009898861265e-05
3750,6.265460327191113e-05
3751,7.250563478097615e-05
3752,8.30580142065746e-05
3753,8.810490587592329e-05
3754,9.005909020677356e-05
3755,9.073595281613436e-05
3756,8.813347693161098e-05
3757,8.267509201895663e-05
3758,8.140427831117338e-05
3759,8.700875791716019e-05
3760,0.00010322121231246865
3761,0.00010300312089351666
3762,0.00010256153903078918
3763,0.00010063919435443867
3764,9.882824469296032e-05
3765,9.667978302021749e-05
3766,8.916985622638187e-05
3767,8.239016942786494e-05
3768,7.686577049277392e-05
3769,7.155280904333888e-05
3770,6.840876719314011e-05
3771,6.598778609444067e-05
3772,6.324607373730654e-05
3773,6.276909178208758e-05
3774,6.51259266291001e-05
3775,7.079577821132837e-05
3776,7.478994759184579e-05
3777,7.669244720398016e-05
3778,7.86515344330485e-05
3779,8.06806922491507e-05
3780,7.89314665741682e-05
3781,8.048063649150103e-05
3782,8.285480658578472e-05
3783,8.440893776917161e-05
3784,9.143435315695331e-05
3785,9.612520102712975e-05
3786,9.562755685799163e-05
3787,9.586257494936326e-05
3788,9.27924559633697e-05
3789,9.153153560377656e-05
3790,8.474513650412769e-05
3791,7.595774206921283e-05
3792,7.066912000736055e-05
3793,6.784589696735034e-05
3794,6.687588190203171e-05
3795,6.463286433508246e-05
3796,5.953600979817779e-05
3797,5.696300967079898e-05
3798,5.960438771796964e-05
3799,6.926721214007879e-05
3800,7.818240295176213e-05
3801,8.325483054933014e-05
3802,9.21442811453684e-05
3803,9.933983877488571e-05
3804,9.549859312450456e-05
3805,9.723810055480472e-05
3806,9.64809238032044e-05
3807,0.0001015675056009854
3808,0.00010730345875740427
3809,0.00011124503871774888
3810,0.00011048757012696888
3811,0.00010400660991274109
3812,9.910668845426381e-05
3813,9.782300463865803e-05
3814,9.026273558633288e-05
3815,8.402910907685793e-05
3816,7.735839502802208e-05
3817,7.472886565154519e-05
3818,7.300540937612573e-05
3819,6.933100818475014e-05
3820,6.640631266197585e-05
3821,6.61835226322315e-05
3822,6.678535338850447e-05
3823,7.416751298948959e-05
3824,8.594964435029461e-05
3825,9.418435374678947e-05
3826,0.00010040566464288322
3827,0.00010957139939029557
3828,0.00011864745195780165
3829,0.00011065453132164631
3830,0.00010440161424239652
3831,0.0001044993511836611
3832,0.00011175155479794834
3833,0.0001195108289868764
3834,0.00012412550683116435
3835,0.00012123122095090954
3836,0.000114756681198634
3837,0.00010625528915977552
3838,9.05499637069438e-05
3839,8.076363294400705e-05
3840,7.430739150829554e-05
3841,7.131560215811987e-05
3842,6.839283277393125e-05
3843,6.610300420256625e-05
3844,6.82197429564812e-05
3845,7.664531517646678e-05
3846,7.735603113066693e-05
3847,7.407622569409526e-05
3848,7.11927086795695e-05
3849,7.219447584763398e-05
3850,7.313081267162106e-05
3851,7.609181298834375e-05
3852,7.654970866121364e-05
3853,7.556772818952938e-05
3854,7.621213828211319e-05
3855,9.208424982611453e-05
3856,0.0001014728621550251
3857,0.00010676600772416195
3858,0.00010789691372922129
3859,0.00010796103079699026
3860,0.00010192725575773921
3861,9.589409358076541e-05
3862,8.591185117653001e-05
3863,7.582889507139761e-05
3864,7.025094364684092e-05
3865,6.907381031572513e-05
3866,6.556409397342569e-05
3867,6.242842790768286e-05
3868,6.20731428903777e-05
3869,6.771077542717268e-05
3870,6.94837859952966e-05
3871,6.7474940186098e-05
3872,6.559073889052768e-05
3873,6.595019720810182e-05
3874,6.762745534138277e-05
3875,7.03913182922523e-05
3876,6.96559127434538e-05
3877,6.85980540850607e-05
3878,6.97002722987605e-05
3879,7.716840772207034e-05
3880,8.846844994201253e-05
3881,9.502324546869164e-05
3882,9.88029714200027e-05
3883,0.00010086525298299508
3884,9.840122560529735e-05
3885,9.316341274462202e-05
3886,8.084120379795785e-05
3887,7.204887728090691e-05
3888,6.64222470811847e-05
3889,6.482057529543295e-05
3890,6.274524852111024e-05
3891,5.955171074604293e-05
3892,5.78554538821668e-05
3893,6.405902095613787e-05
3894,6.580328536506633e-05
3895,6.444491990338825e-05
3896,6.308375278558555e-05
3897,6.305947176583872e-05
3898,6.58305139605276e-05
3899,6.991521185457228e-05
3900,6.876950960310473e-05
3901,7.16138034318856e-05
3902,7.521148010293136e-05
3903,8.019939107407293e-05
3904,9.392374135936257e-05
3905,0.00010847563082246602
3906,0.00011021294945891882
3907,0.00011009373315403204
3908,0.00010518237159971253
3909,9.780318875835983e-05
3910,8.530663508577311e-05
3911,7.29817995864921e-05
3912,6.793823488379141e-05
3913,6.603526832896963e-05
3914,6.579207874056779e-05
3915,6.464199890140549e-05
3916,6.36082753431694e-05
3917,7.321217743490732e-05
3918,7.965832123500297e-05
3919,7.719484835174657e-05
3920,7.559198002535824e-05
3921,7.12980918073409e-05
3922,7.21665760220595e-05
3923,7.493312389338178e-05
3924,7.31349567879721e-05
3925,7.42189350529438e-05
3926,7.477448011532438e-05
3927,8.433624062952095e-05
3928,9.211655642330172e-05
3929,9.946538798997086e-05
3930,0.00010556077028004591
3931,0.0001041738921305161
3932,0.00010356514478568545
3933,0.00010121370896349645
3934,8.918021651725943e-05
3935,8.262650079554503e-05
3936,7.568679857482634e-05
3937,7.186989231202794e-05
3938,6.938108778797797e-05
3939,6.854140810029075e-05
3940,6.723998046256228e-05
3941,7.047933698883454e-05
3942,7.240223615962638e-05
3943,7.641163954532151e-05
3944,7.877918489022716e-05
3945,8.140918120939149e-05
3946,8.405283560216343e-05
3947,8.102275695161774e-05
3948,7.750002458190593e-05
3949,7.705441533849928e-05
3950,8.08349292555954e-05
3951,8.46904458418614e-05
3952,9.017352034911408e-05
3953,9.19156251481131e-05
3954,9.105933981110384e-05
3955,8.9907217097684e-05
3956,8.907270296347659e-05
3957,8.92395766064001e-05
3958,8.387280001223772e-05
3959,7.541851081697466e-05
3960,6.908268222678647e-05
3961,6.621285246978627e-05
3962,6.53010593208077e-05
3963,6.516830167798519e-05
3964,6.122059309486794e-05
3965,5.9269502259321974e-05
3966,6.298607421215691e-05
3967,7.181537675326944e-05
3968,8.059424948413856e-05
3969,8.378594867237407e-05
3970,8.963002824485301e-05
3971,9.352686925895737e-05
3972,9.239345343695305e-05
3973,9.226594889936423e-05
3974,8.864825206059452e-05
3975,9.120523021701057e-05
3976,0.00010067707507995717
3977,0.00010705069684390993
3978,0.00010610055602672543
3979,0.00010342042173649731
3980,9.645457072528205e-05
3981,9.069194346784323e-05
3982,8.27332263835428e-05
3983,7.625629354999415e-05
3984,6.926864215205907e-05
3985,6.606319733846207e-05
3986,6.403050826828612e-05
3987,6.234726743182237e-05
3988,5.874789809353462e-05
3989,5.686025309564443e-05
3990,6.060895654215876e-05
3991,7.31528465296846e-05
3992,8.193417070966276e-05
3993,8.671440892056582e-05
3994,9.140233839894576e-05
3995,9.620846274508372e-05
3996,9.486302575906413e-05
3997,9.134566323025786e-05
3998,9.218747334395652e-05
3999,0.00010010223944780177
4000,0.00010611762861873492
4001,0.00010925288610962624
4002,0.0001081017556494172
4003,0.00010581367811313007
4004,9.99667093327726e-05
4005,9.21369559819592e-05
4006,8.146393023949371e-05
4007,7.405101078897356e-05
4008,6.642895938231664e-05
4009,6.185367982728136e-05
4010,5.8566053100695093e-05
4011,5.5864877205614265e-05
4012,5.696397274009182e-05
4013,6.678654992914104e-05
4014,6.745684615695975e-05
4015,6.666663321022311e-05
4016,6.658804091914353e-05
4017,6.705746423960956e-05
4018,7.120662940843878e-05
4019,7.548335748269275e-05
4020,7.167453516517065e-05
4021,6.933202962187892e-05
4022,7.166648040381231e-05
4023,8.069327051779359e-05
4024,0.00010158393614679967
4025,0.00010564554956173407
4026,0.00010609597415160493
4027,0.000106402230186729
4028,0.00010057271338931454
4029,9.27566472960267e-05
4030,8.00684720180822e-05
4031,7.025027241672774e-05
4032,6.487611229132022e-05
4033,6.284318974980057e-05
4034,5.9207194594466826e-05
4035,5.8654830579144434e-05
4036,5.96445447890894e-05
4037,6.520565709298031e-05
4038,6.583083498362522e-05
4039,6.515808730669746e-05
4040,6.53256029958162e-05
4041,6.578221457629563e-05
4042,7.11724842244198e-05
4043,7.342168878197762e-05
4044,7.119749484211575e-05
4045,6.940201265715883e-05
4046,7.007656973700043e-05
4047,7.893917112851095e-05
4048,9.166026586591991e-05
4049,9.973606882909568e-05
4050,0.0001028132211393188
4051,0.00010276611829572341
4052,9.893721744264141e-05
4053,9.125621452169532e-05
4054,7.96929333617094e-05
4055,7.059119894639415e-05
4056,6.451510722609393e-05
4057,6.159414724481915e-05
4058,6.137199926127005e-05
4059,5.948829409230512e-05
4060,5.863915881519726e-05
4061,6.399863942986841e-05
4062,6.694210021189416e-05
4063,6.593712281285353e-05
4064,6.621705495397322e-05
4065,6.714037575054796e-05
4066,6.99133732677405e-05
4067,7.323184739561569e-05
4068,7.351968837850388e-05
4069,7.18422843256331e-05
4070,7.15524588363233e-05
4071,7.884943058076877e-05
4072,8.848990012171676e-05
4073,9.409837792446477e-05
4074,9.84172475762601e-05
4075,9.892379284037754e-05
4076,9.820189944559682e-05
4077,9.269337656187873e-05
4078,8.379023870831491e-05
4079,7.38453809029926e-05
4080,6.610455095021838e-05
4081,6.017490413026622e-05
4082,5.686311311960499e-05
4083,5.5423091055461024e-05
4084,5.50700240159212e-05
4085,6.119342286724259e-05
4086,6.497525006064712e-05
4087,6.671376523773647e-05
4088,6.791480019766556e-05
4089,6.917936854700433e-05
4090,7.153561971565753e-05
4091,7.502385669433478e-05
4092,7.46853232459415e-05
4093,7.294038760689985e-05
4094,7.537280880144156e-05
4095,8.1288067949837e-05
4096,8.866727997510766e-05
4097,9.392096888715591e-05
4098,9.653114932602205e-05
4099,9.647426986990839e-05
4100,9.419620241748324e-05
4101,9.077117780511806e-05
4102,8.604075654218114e-05
4103,7.68311583660675e-05
4104,6.763311702146798e-05
4105,6.133505242112643e-05
4106,5.763882165911306e-05
4107,5.440264617989898e-05
4108,5.1362761732917086e-05
4109,5.208710657680686e-05
4110,5.8741915390351815e-05
4111,7.020115588279275e-05
4112,7.919342142182148e-05
4113,8.244150393956527e-05
4114,8.457703713664964e-05
4115,8.217289515861597e-05
4116,7.45760294731628e-05
4117,6.908954044750823e-05
4118,6.636942418966817e-05
4119,6.633224387818083e-05
4120,6.830793675657125e-05
4121,6.922743445989257e-05
4122,6.94408272680522e-05
4123,6.856046519872186e-05
4124,6.845470268001692e-05
4125,6.932566752776255e-05
4126,6.728839658246612e-05
4127,6.256591334521568e-05
4128,5.6629320752787865e-05
4129,5.3058755941531525e-05
4130,5.022073665511311e-05
4131,4.7164801053250484e-05
4132,4.616177897671351e-05
4133,4.6347038487954945e-05
4134,4.931880767040668e-05
4135,5.7167121993045755e-05
4136,6.681821448013299e-05
4137,7.481519168088547e-05
4138,8.60281490896203e-05
4139,9.449811004883052e-05
4140,9.870389201851173e-05
4141,9.744262145190302e-05
4142,9.651807493077376e-05
4143,9.753271220666078e-05
4144,9.880481000683449e-05
4145,0.00010029094266136306
4146,9.893514538446591e-05
4147,9.685517836718678e-05
4148,9.20285960945554e-05
4149,8.735420795411117e-05
4150,8.148660614375247e-05
4151,7.240786865579362e-05
4152,6.677347553389273e-05
4153,6.337381174623908e-05
4154,6.024436185502278e-05
4155,5.763899676262085e-05
4156,5.710388044281574e-05
4157,5.7075980617241256e-05
4158,6.055236892522474e-05
4159,6.790657033279944e-05
4160,7.516580727131624e-05
4161,7.989698731612023e-05
4162,8.491297321634405e-05
4163,8.83735146568726e-05
4164,8.784248408558256e-05
4165,8.523802369463755e-05
4166,8.369997285004935e-05
4167,8.604335391088003e-05
4168,9.289004698504445e-05
4169,9.994236994518984e-05
4170,0.00010290337026191251
4171,0.00010215328520237765
4172,9.667517196117903e-05
4173,9.020106996767297e-05
4174,7.923874404642105e-05
4175,6.959833287330897e-05
4176,6.360547368704476e-05
4177,6.084298238031961e-05
4178,5.9054883726607816e-05
4179,5.51521767449925e-05
4180,5.39970189041043e-05
4181,5.757724359220704e-05
4182,5.996279541449705e-05
4183,6.282241080020953e-05
4184,6.362257546297222e-05
4185,6.514323269245331e-05
4186,6.73629906767845e-05
4187,7.11982828079008e-05
4188,6.98938784105399e-05
4189,6.813321263971515e-05
4190,6.973754016200173e-05
4191,7.715133513006085e-05
4192,8.588657790357238e-05
4193,9.142880821253996e-05
4194,9.598771558959692e-05
4195,9.736899042687748e-05
4196,9.392362462369072e-05
4197,8.729099558779912e-05
4198,7.500739696460256e-05
4199,6.504739270585644e-05
4200,5.9654146298099864e-05
4201,5.7090368288797974e-05
4202,5.2821928447246054e-05
4203,5.0266993165087534e-05
4204,5.0268656648411536e-05
4205,5.459277940544056e-05
4206,5.7464331013600696e-05
4207,6.020052761023945e-05
4208,6.14460388611471e-05
4209,6.283090332033733e-05
4210,6.490115209293413e-05
4211,6.760390391958507e-05
4212,6.646964176395977e-05
4213,6.633008426825143e-05
4214,6.622671483081962e-05
4215,7.334849551572156e-05
4216,8.385969643307146e-05
4217,9.040594107178684e-05
4218,9.557543438050623e-05
4219,9.670747855836621e-05
4220,9.388778677242978e-05
4221,8.731918725255325e-05
4222,7.503710619309087e-05
4223,6.704981805310274e-05
4224,6.066116657139803e-05
4225,5.642042226799484e-05
4226,5.452965459088239e-05
4227,5.086815269124731e-05
4228,4.952578001661402e-05
4229,5.341240665943065e-05
4230,5.7414601617388444e-05
4231,6.0131595196006255e-05
4232,6.180812373133808e-05
4233,6.275000549973852e-05
4234,6.408321442413081e-05
4235,6.691919083629168e-05
4236,6.599254307306895e-05
4237,6.44604457477456e-05
4238,6.513876755300467e-05
4239,7.326602176355263e-05
4240,8.175851270743181e-05
4241,8.785873952788902e-05
4242,9.238995136679726e-05
4243,9.500894534888882e-05
4244,9.327854330099371e-05
4245,8.808590714532811e-05
4246,7.640002434597147e-05
4247,6.592253085387106e-05
4248,5.832006185616862e-05
4249,5.510230142919042e-05
4250,5.3898756652316355e-05
4251,5.063824178551952e-05
4252,4.968830525576076e-05
4253,5.342122020265606e-05
4254,5.698165819437858e-05
4255,6.022297004315448e-05
4256,6.210250191185042e-05
4257,6.362639855622562e-05
4258,6.598606424328074e-05
4259,6.845292246102106e-05
4260,6.730333874846416e-05
4261,6.704193839525221e-05
4262,6.864174241025421e-05
4263,7.605603350491873e-05
4264,8.571477217851278e-05
4265,9.039079461836303e-05
4266,9.447339127031422e-05
4267,9.648419240201646e-05
4268,9.649945559111213e-05
4269,9.190654894962601e-05
4270,8.304050385579563e-05
4271,7.078579731138436e-05
4272,6.362911266059636e-05
4273,5.87095504253287e-05
4274,5.548020398291842e-05
4275,5.1288255190352595e-05
4276,4.917939609428817e-05
4277,5.3838404309964857e-05
4278,6.013454277172072e-05
4279,6.327569541404096e-05
4280,6.737081196679911e-05
4281,6.90412994311122e-05
4282,7.213105919389617e-05
4283,7.564848009053837e-05
4284,7.614644528277411e-05
4285,7.649793639074383e-05
4286,8.201547710511309e-05
4287,8.895955691352651e-05
4288,9.620014532846371e-05
4289,9.759609967648062e-05
4290,9.166878756996565e-05
4291,9.070093211457644e-05
4292,8.989472638079501e-05
4293,8.573237008104564e-05
4294,7.830374968266034e-05
4295,6.952902106814224e-05
4296,6.234563313241633e-05
4297,5.7121741000610275e-05
4298,5.658744183050818e-05
4299,5.403452023868925e-05
4300,5.111064186561798e-05
4301,5.069631778226975e-05
4302,5.5797462355115255e-05
4303,6.590490376742023e-05
4304,7.343925750059252e-05
4305,7.878598474311298e-05
4306,8.146734475789561e-05
4307,8.3120934733707e-05
4308,8.361341334936534e-05
4309,8.223006645390929e-05
4310,7.94000143770953e-05
4311,8.120212131143026e-05
4312,8.537796058127943e-05
4313,8.841793258001522e-05
4314,8.843917847229369e-05
4315,8.703408955795377e-05
4316,8.598691221353584e-05
4317,8.52656024971144e-05
4318,7.806394542874244e-05
4319,6.788792180921985e-05
4320,5.9657590000419724e-05
4321,5.5662340814937595e-05
4322,5.232378815150251e-05
4323,4.952043935962644e-05
4324,4.888519301728362e-05
4325,4.968331480578876e-05
4326,5.278582794072342e-05
4327,6.277028832272415e-05
4328,7.380338524504105e-05
4329,8.26571439094082e-05
4330,9.105137260149941e-05
4331,9.859319741767072e-05
4332,0.00010079646648835173
4333,9.980651880706304e-05
4334,9.885013263143405e-05
4335,0.00010131351796293654
4336,0.0001080101765148432
4337,0.00011218744579667268
4338,0.00011092100967658416
4339,0.00010722098500523534
4340,0.0001002356391368195
4341,9.308108491204294e-05
4342,8.097857249981883e-05
4343,7.17399071414121e-05
4344,6.427072109705554e-05
4345,6.0066252403682757e-05
4346,5.7966119299089854e-05
4347,5.4999019543512506e-05
4348,5.527825127060104e-05
4349,5.812893637741624e-05
4350,6.110412007826988e-05
4351,6.403824200654684e-05
4352,6.716810047261465e-05
4353,6.824974402414917e-05
4354,7.054211159637712e-05
4355,7.433911442712344e-05
4356,7.244516570295281e-05
4357,7.019348051236797e-05
4358,7.014118293137479e-05
4359,7.548592566747366e-05
4360,8.52994850258717e-05
4361,9.368314913965962e-05
4362,9.617971658588827e-05
4363,9.655700627733899e-05
4364,9.381503126494319e-05
4365,8.722390176039772e-05
4366,7.73973263745873e-05
4367,6.910433669391646e-05
4368,6.28656321827156e-05
4369,6.066639049271376e-05
4370,5.784669870677732e-05
4371,5.4800481349597026e-05
4372,5.3649642728567634e-05
4373,5.689795871765513e-05
4374,5.9042451377554753e-05
4375,6.098642133711728e-05
4376,6.48943522400483e-05
4377,6.553987132151479e-05
4378,6.908335345689967e-05
4379,7.173345749554186e-05
4380,7.061731855297277e-05
4381,7.111712233204032e-05
4382,7.36326301410282e-05
4383,7.900991294565796e-05
4384,8.782050859535495e-05
4385,9.315582492595114e-05
4386,9.783082592867263e-05
4387,9.612750655664899e-05
4388,9.0597241654047e-05
4389,8.382864474435676e-05
4390,7.219298746781778e-05
4391,6.592991438511619e-05
4392,6.122961092551911e-05
4393,5.770217994501495e-05
4394,5.3914778623279105e-05
4395,5.1892245556554966e-05
4396,5.1280463084255956e-05
4397,5.668509122001887e-05
4398,5.963520593534061e-05
4399,6.332638787954605e-05
4400,6.499106774418411e-05
4401,6.630901347948075e-05
4402,6.903893553375703e-05
4403,7.390462425646143e-05
4404,7.325087531012883e-05
4405,7.342904312930478e-05
4406,7.471649167032805e-05
4407,8.580241148416149e-05
4408,9.390001483405708e-05
4409,9.521183194658108e-05
4410,9.486010736726763e-05
4411,9.439298957632082e-05
4412,9.30952682961739e-05
4413,8.952753432496014e-05
4414,8.082118363023391e-05
4415,7.26845613820192e-05
4416,6.721476555744059e-05
4417,6.403955528285526e-05
4418,6.19766608575856e-05
4419,5.955118543551956e-05
4420,5.966932193544163e-05
4421,6.306571712428322e-05
4422,6.442665077074221e-05
4423,6.883596138431089e-05
4424,7.177250557777895e-05
4425,7.556005281910461e-05
4426,7.609429362137077e-05
4427,8.041937944769263e-05
4428,7.759904561556096e-05
4429,7.791309375678167e-05
4430,7.945908262705633e-05
4431,8.978195972177849e-05
4432,0.00010153727106197373
4433,0.00010252500076549708
4434,0.00010341067430789704
4435,0.00010128118218183138
4436,0.00010007460227748897
4437,9.494617074134623e-05
4438,8.564654017831076e-05
4439,7.82417630409028e-05
4440,7.355397948211268e-05
4441,7.058037171282916e-05
4442,6.91137922833371e-05
4443,6.478800604298407e-05
4444,6.157981794109837e-05
4445,6.317874643856143e-05
4446,6.670912499478006e-05
4447,7.011316637012846e-05
4448,7.304991485102226e-05
4449,7.675031891330463e-05
4450,8.05320293710373e-05
4451,8.265337918399072e-05
4452,8.058636982628802e-05
4453,8.082739980476044e-05
4454,7.96944217415256e-05
4455,8.578309173046871e-05
4456,9.327804717438831e-05
4457,9.594493196586032e-05
4458,9.392593015320994e-05
4459,9.292106948984118e-05
4460,9.203346980885553e-05
4461,8.801513614426314e-05
4462,8.326583288640292e-05
4463,7.397632914290129e-05
4464,6.728530308716184e-05
4465,6.29962302156087e-05
4466,5.966290147348934e-05
4467,5.696213415326003e-05
4468,5.718895156368354e-05
4469,5.791744052392433e-05
4470,6.122619640711721e-05
4471,7.050373474425323e-05
4472,7.765169340356972e-05
4473,8.099958492075357e-05
4474,8.516760290058814e-05
4475,8.625747631698879e-05
4476,9.006883763537383e-05
4477,9.091330348560729e-05
4478,9.503407270225663e-05
4479,9.591986298032845e-05
4480,0.00010130359543082847
4481,0.00010426488758673077
4482,9.9450299904383e-05
4483,9.439278528889507e-05
4484,8.978222237704016e-05
4485,8.446800601913264e-05
4486,7.607873859309546e-05
4487,6.801052344859056e-05
4488,6.149959135061275e-05
4489,6.0776209576015825e-05
4490,5.9518324343891034e-05
4491,5.845004702678446e-05
4492,5.7899959357063336e-05
4493,5.608165534825783e-05
4494,5.938285259669779e-05
4495,6.765558863830097e-05
4496,7.778923720893848e-05
4497,8.400421519483384e-05
4498,9.176290570540258e-05
4499,9.873182102800418e-05
4500,9.730230517432759e-05
4501,9.389543295893659e-05
4502,9.27743035663955e-05
4503,9.27675620813456e-05
4504,9.653797836282585e-05
4505,0.00010254653849695519
4506,0.0001045071724736757
4507,0.00010230340727638929
4508,9.777785711756626e-05
4509,9.234894796205653e-05
4510,8.2684781079721e-05
4511,7.30747795491284e-05
4512,6.701465143195499e-05
4513,6.354608441398611e-05
4514,6.1694160531685e-05
4515,6.011525220194589e-05
4516,5.831632631466911e-05
4517,5.7380806640385044e-05
4518,5.887298036593235e-05
4519,6.415459828747305e-05
4520,6.821945111730156e-05
4521,7.408439719112545e-05
4522,7.816839467113897e-05
4523,8.233647101880945e-05
4524,8.202414472874868e-05
4525,8.374085951911824e-05
4526,8.169328665078017e-05
4527,8.53329589797775e-05
4528,9.282636767604496e-05
4529,9.948815144598353e-05
4530,9.76550511907698e-05
4531,9.625705396849535e-05
4532,9.403020429209867e-05
4533,8.826713927589038e-05
4534,7.829382715055227e-05
4535,6.96754659684903e-05
4536,6.538172367006279e-05
4537,6.449841402501798e-05
4538,6.123918325061161e-05
4539,6.029009305447384e-05
4540,5.7614161248432685e-05
4541,5.7660388574489154e-05
4542,5.997204671649194e-05
4543,6.527978424461125e-05
4544,6.794494718492335e-05
4545,6.860394923648962e-05
4546,7.025756839621897e-05
4547,7.156518302455601e-05
4548,6.917560382158683e-05
4549,6.722445461820494e-05
4550,6.766787506776421e-05
4551,7.248167478432694e-05
4552,8.04502852168175e-05
4553,8.539398255224218e-05
4554,8.865980889210863e-05
4555,8.877992989845232e-05
4556,8.60029925523345e-05
4557,8.141300430264491e-05
4558,7.37078662815418e-05
4559,6.392953191212744e-05
4560,5.6381315817921824e-05
4561,5.378841225849092e-05
4562,5.2155717967942434e-05
4563,5.070589010736225e-05
4564,4.8836280770774385e-05
4565,5.050358718802929e-05
4566,5.47692837412925e-05
4567,6.0982043749422535e-05
4568,6.474020278535751e-05
4569,6.788074256540048e-05
4570,7.033046982329539e-05
4571,7.476479105456002e-05
4572,7.386598474907585e-05
4573,7.728435542814503e-05
4574,8.169979466448635e-05
4575,8.673901096341027e-05
4576,9.771076329016488e-05
4577,0.00010048165956526394
4578,9.993084229759368e-05
4579,9.578392429044776e-05
4580,8.860587701170943e-05
4581,8.358933661704427e-05
4582,7.727174797558418e-05
4583,6.594342653913396e-05
4584,5.965239526302196e-05
4585,5.4964290681134224e-05
4586,5.1739088355074966e-05
4587,4.9864196729335454e-05
4588,4.962617269441341e-05
4589,5.116612049366933e-05
4590,5.447023613390578e-05
4591,6.129308594709285e-05
4592,6.507984522263347e-05
4593,6.783040030691096e-05
4594,7.004624764623486e-05
4595,7.26806507370119e-05
4596,7.229192094971891e-05
4597,7.49497587266218e-05
4598,7.51778310455178e-05
4599,7.923929854086238e-05
4600,8.547511384418471e-05
4601,9.225728127572866e-05
4602,9.341168033474976e-05
4603,9.164713310283568e-05
4604,8.936597215510625e-05
4605,8.245157239126317e-05
4606,7.274917457639357e-05
4607,6.403450646504733e-05
4608,5.842448191464718e-05
4609,5.4275491849325745e-05
4610,5.358059357866259e-05
4611,5.1966547811693696e-05
4612,5.025499857480394e-05
4613,5.23009955115719e-05
4614,5.6207117011589104e-05
4615,6.171581499881498e-05
4616,6.730914634813919e-05
4617,6.941972729536355e-05
4618,7.074517329757716e-05
4619,7.463947531081858e-05
4620,7.376585472653813e-05
4621,7.318480291985622e-05
4622,7.252661801799296e-05
4623,7.41522789843119e-05
4624,8.196204135131929e-05
4625,8.582476636532264e-05
4626,8.463295352347047e-05
4627,8.302290595326277e-05
4628,8.142295601867095e-05
4629,7.964594725378583e-05
4630,7.370547320026867e-05
4631,6.526323696312514e-05
4632,5.900191491550145e-05
4633,5.5233132933427244e-05
4634,5.294260394803107e-05
4635,5.1295492802007896e-05
4636,4.725387037087948e-05
4637,4.682731822590394e-05
4638,5.211363475823699e-05
4639,6.0437355104524925e-05
4640,6.887953297383254e-05
4641,7.342408186325075e-05
4642,7.720914847154938e-05
4643,8.009497101559438e-05
4644,8.028805181685041e-05
4645,7.93031237694517e-05
4646,7.93623087550846e-05
4647,8.299742839287938e-05
4648,8.969551695676634e-05
4649,9.706693687594036e-05
4650,9.22727195683321e-05
4651,8.724619827372295e-05
4652,8.305740134429734e-05
4653,7.96436417242666e-05
4654,7.152023979089e-05
4655,6.348395185263876e-05
4656,5.7266697521142134e-05
4657,5.4333480294322085e-05
4658,5.2209854135767385e-05
4659,5.0220036241081944e-05
4660,4.919378376584488e-05
4661,4.982576150937562e-05
4662,5.3055283055293694e-05
4663,6.252199154867844e-05
4664,7.352135186182789e-05
4665,8.173204289383761e-05
4666,8.576575648319753e-05
4667,8.74236073110318e-05
4668,8.673148151257532e-05
4669,8.460012161575991e-05
4670,8.543265124354572e-05
4671,8.775592458489855e-05
4672,9.009761297848725e-05
4673,9.288952167452108e-05
4674,9.590512510175615e-05
4675,9.515921334249028e-05
4676,8.956165032506117e-05
4677,8.600147498860034e-05
4678,7.854314536172673e-05
4679,6.871820427532235e-05
4680,6.181582828568082e-05
4681,5.802804757301145e-05
4682,5.515769250548788e-05
4683,5.247922169858377e-05
4684,5.141196581860597e-05
4685,5.2562308313029955e-05
4686,5.6380411116464906e-05
4687,6.303104662974087e-05
4688,6.935315877848553e-05
4689,7.197565483073288e-05
4690,7.856710535837595e-05
4691,8.31676290024509e-05
4692,8.406865328570042e-05
4693,7.991478950607885e-05
4694,8.160658123050634e-05
4695,8.23440880213983e-05
4696,8.877657374788635e-05
4697,9.259765331095374e-05
4698,9.281755413281953e-05
4699,9.165994484282228e-05
4700,8.763845931508967e-05
4701,8.276509522196051e-05
4702,7.306567416672333e-05
4703,6.446021227640189e-05
4704,5.884989588682208e-05
4705,5.635735582127261e-05
4706,5.2883477330234104e-05
4707,5.17447208512422e-05
4708,5.0048522355202e-05
4709,5.11192803053356e-05
4710,5.4351136564690866e-05
4711,6.0033712335151856e-05
4712,6.50447661532396e-05
4713,6.797296374616968e-05
4714,7.096720454545443e-05
4715,7.332082916149079e-05
4716,7.403125327651129e-05
4717,7.197156908221778e-05
4718,7.096303124518544e-05
4719,7.518369701302876e-05
4720,8.443377328335977e-05
4721,9.007779709818906e-05
4722,9.257095002601581e-05
4723,9.040623291096648e-05
4724,8.711166041190457e-05
4725,8.103151212700723e-05
4726,7.037313671136014e-05
4727,6.266192843532034e-05
4728,5.609872794026732e-05
4729,5.284877765177379e-05
4730,5.038343699776764e-05
4731,4.929826219215936e-05
4732,4.96995118802593e-05
4733,5.154396467956138e-05
4734,5.4347342655355424e-05
4735,6.193638705079399e-05
4736,6.739380889415547e-05
4737,7.213470718364179e-05
4738,7.60210128033608e-05
4739,7.950907467853027e-05
4740,7.988286229982522e-05
4741,7.893817887530013e-05
4742,7.98165272542909e-05
4743,8.109478286115521e-05
4744,8.553981459031296e-05
4745,9.184675110171587e-05
4746,9.253735933643817e-05
4747,9.138622887622912e-05
4748,8.866465342249081e-05
4749,8.324779722510059e-05
4750,7.362600539165014e-05
4751,6.722597218193911e-05
4752,6.034563005036111e-05
4753,5.670166768542296e-05
4754,5.499890280784064e-05
4755,5.159112589099273e-05
4756,4.88995223210044e-05
4757,5.113162510263477e-05
4758,5.5603739507664e-05
4759,6.219489819612741e-05
4760,6.663199189959872e-05
4761,6.886926023470887e-05
4762,7.127448201770727e-05
4763,7.219269562863812e-05
4764,7.10432286517531e-05
4765,6.841267783814741e-05
4766,6.927065584239864e-05
4767,7.146449850757698e-05
4768,7.696937340154945e-05
4769,8.3684447005692e-05
4770,8.782555741316289e-05
4771,8.737659201919027e-05
4772,8.591576182153731e-05
4773,8.11751261873127e-05
4774,7.382083722798409e-05
4775,6.568366048532804e-05
4776,5.951689433191075e-05
4777,5.639164692488141e-05
4778,5.5405697440353926e-05
4779,5.2258970669702385e-05
4780,5.025009567658584e-05
4781,5.133588334447138e-05
4782,5.498927211491222e-05
4783,6.0444651084016155e-05
4784,6.632891691153283e-05
4785,6.801922025614411e-05
4786,6.80261368447018e-05
4787,6.969291795143334e-05
4788,6.802275151021787e-05
4789,6.555166162437262e-05
4790,6.644445604275602e-05
4791,7.051415340296672e-05
4792,7.631197646547125e-05
4793,8.039328902503199e-05
4794,8.156770825177704e-05
4795,8.182114139538457e-05
4796,8.170627349427457e-05
4797,7.877042971483767e-05
4798,7.164298734985055e-05
4799,6.603176625881384e-05
4800,5.9171911237647215e-05
4801,5.3842781897659605e-05
4802,5.087611990085173e-05
4803,4.777836374454536e-05
4804,4.560267347634122e-05
4805,4.583798340689252e-05
4806,5.051882119320699e-05
4807,5.918971342760583e-05
4808,6.574996634694438e-05
4809,6.831926011674164e-05
4810,6.916013634506543e-05
4811,7.079399799233252e-05
4812,6.884235266234521e-05
4813,6.706919617463146e-05
4814,6.648799844835972e-05
4815,6.93807375809624e-05
4816,7.541708080499437e-05
4817,8.018503258643418e-05
4818,8.162867345640581e-05
4819,8.098904952636824e-05
4820,8.051784598690633e-05
4821,7.893076616013703e-05
4822,7.10851659418687e-05
4823,6.291553668243565e-05
4824,5.757155272820387e-05
4825,5.504527605348693e-05
4826,5.222967001606558e-05
4827,4.8973299265619766e-05
4828,4.6114325926102526e-05
4829,4.573423457852716e-05
4830,4.939226359192443e-05
4831,5.745580930955493e-05
4832,6.532452319085151e-05
4833,6.999546762897586e-05
4834,7.321366581472354e-05
4835,7.335310657476002e-05
4836,7.2718852485628e-05
4837,7.071336282699539e-05
4838,7.088791184034368e-05
4839,7.44484373838201e-05
4840,8.069003110289947e-05
4841,8.764012279841367e-05
4842,9.080126642453989e-05
4843,9.208480432055586e-05
4844,9.114756279511186e-05
4845,8.595653175493433e-05
4846,7.662996443561721e-05
4847,6.530380260909641e-05
4848,5.839488942183073e-05
4849,5.456797307517036e-05
4850,5.057654698294164e-05
4851,4.774605714735817e-05
4852,4.706122732839292e-05
4853,4.750695330747143e-05
4854,5.133926867895531e-05
4855,5.844350982916032e-05
4856,6.588219867924353e-05
4857,6.956471299981337e-05
4858,7.366379856541474e-05
4859,7.71249820521385e-05
4860,7.700597003467749e-05
4861,7.459961007887847e-05
4862,7.449422695110707e-05
4863,7.941945086645994e-05
4864,9.045645843378414e-05
4865,9.608883786534544e-05
4866,9.863910372062957e-05
4867,9.605285409449468e-05
4868,8.97411606044635e-05
4869,8.310152742826032e-05
4870,7.208614514414813e-05
4871,6.455596471124486e-05
4872,5.782063746803463e-05
4873,5.55901689858103e-05
4874,5.2364937475833076e-05
4875,5.0500143485709426e-05
4876,4.7897988624283646e-05
4877,4.9057407317194724e-05
4878,5.4315794840035326e-05
4879,6.23347475310154e-05
4880,6.809369761479064e-05
4881,6.950456494488763e-05
4882,7.014999647460022e-05
4883,7.241274237009377e-05
4884,6.992720644485588e-05
4885,6.720840346332422e-05
4886,6.716740005858349e-05
4887,7.200708591038111e-05
4888,7.96531264976052e-05
4889,8.352454831916211e-05
4890,8.564662773006465e-05
4891,8.606387020520937e-05
4892,8.525582588459615e-05
4893,8.129784456235525e-05
4894,7.134925121553343e-05
4895,6.314862863522161e-05
4896,5.6650887668163964e-05
4897,5.315602594010867e-05
4898,5.0988186145837094e-05
4899,4.9209893288561525e-05
4900,4.67711683677394e-05
4901,4.847448773976304e-05
4902,5.179234900536098e-05
4903,5.8739522309078686e-05
4904,6.450711083257154e-05
4905,6.911458024912216e-05
4906,7.451220424457348e-05
4907,7.87157974204073e-05
4908,7.701300335890704e-05
4909,7.784290643407598e-05
4910,7.857291295805097e-05
4911,8.337941669512246e-05
4912,8.656618380122191e-05
4913,8.605117520089464e-05
4914,8.864372855330995e-05
4915,8.661057254044657e-05
4916,8.544730157036412e-05
4917,8.077303016559175e-05
4918,7.179777885073657e-05
4919,6.394753838951181e-05
4920,5.8280955406095605e-05
4921,5.460915158341889e-05
4922,5.307250156689301e-05
4923,5.0542635270266376e-05
4924,4.867428084215101e-05
4925,4.9006014437658464e-05
4926,5.2952789135400834e-05
4927,5.9460627738074354e-05
4928,6.600488787036812e-05
4929,6.939527117210893e-05
4930,7.224975018825958e-05
4931,7.532383818709639e-05
4932,7.403478453058506e-05
4933,7.131361765169825e-05
4934,6.963017252780873e-05
4935,7.41273851022878e-05
4936,7.917486044999578e-05
4937,8.267462507626919e-05
4938,8.451122740163872e-05
4939,8.450813390633444e-05
4940,8.451936971475094e-05
4941,8.168750823502311e-05
4942,7.32892813461707e-05
4943,6.475879294110117e-05
4944,5.91052551690153e-05
4945,5.5349605950025306e-05
4946,5.312479914788618e-05
4947,5.124138581810091e-05
4948,4.8611097659756915e-05
4949,5.067480923472958e-05
4950,5.310098507082679e-05
4951,6.0894813018625334e-05
4952,6.713243772486149e-05
4953,6.998750041937143e-05
4954,7.233178618165902e-05
4955,7.53736843189805e-05
4956,7.500240651463055e-05
4957,7.540672051411682e-05
4958,7.510160265179338e-05
4959,7.840411317654176e-05
4960,8.751962240113643e-05
4961,9.295503957035236e-05
4962,9.079026408746712e-05
4963,8.583556441496966e-05
4964,8.306317976005438e-05
4965,7.939735864056049e-05
4966,7.493802679159991e-05
4967,6.505521399587105e-05
4968,5.879806524851635e-05
4969,5.429962694948275e-05
4970,5.0537644820294376e-05
4971,4.899638374473003e-05
4972,4.801878086074052e-05
4973,4.840324979601062e-05
4974,5.182141618765405e-05
4975,6.076760032021616e-05
4976,6.917145970523582e-05
4977,7.342653331235981e-05
4978,7.587290441968874e-05
4979,7.765431995618656e-05
4980,7.74736715039836e-05
4981,7.398873230803638e-05
4982,7.2496616950325e-05
4983,7.395473304360722e-05
4984,8.030529951236769e-05
4985,8.400103414777566e-05
4986,8.280779129394322e-05
4987,8.224325758482945e-05
4988,8.173434842335683e-05
4989,7.986970035282302e-05
4990,7.299866789107583e-05
4991,6.490573396805463e-05
4992,5.9004307996774575e-05
4993,5.5726195227444875e-05
4994,5.445535233574366e-05
4995,5.245389005779021e-05
4996,4.976114831500125e-05
4997,4.887176841501975e-05
4998,5.267796417992501e-05
4999,6.014875533976964e-05
5000,6.784388327701077e-05
5001,7.443518788506401e-05
5002,7.885480042167431e-05
5003,8.193685563011556e-05
5004,8.280647801763479e-05
5005,8.087788798283978e-05
5006,7.908643317856203e-05
5007,8.055771121884645e-05
5008,8.324283595904656e-05
5009,8.82453097052526e-05
5010,9.177002658138604e-05
5011,9.214600299652833e-05
5012,9.088989798339942e-05
5013,8.53277058745438e-05
5014,7.406452294299132e-05
5015,6.525690405292674e-05
5016,5.8923380992257794e-05
5017,5.57681325175605e-05
5018,5.363770650611998e-05
5019,5.148898217811545e-05
5020,4.944998938165908e-05
5021,5.024688544560969e-05
5022,5.3466338539829856e-05
5023,5.991884443404186e-05
5024,6.63052195701453e-05
5025,6.827670996434877e-05
5026,7.078188666637706e-05
5027,7.268126359928917e-05
5028,7.072780886638803e-05
5029,6.96412624166354e-05
5030,7.06305388678109e-05
5031,7.376232347246439e-05
5032,8.010819133043251e-05
5033,8.447681956235805e-05
5034,8.77449806156617e-05
5035,8.800048581744474e-05
5036,8.647154035526161e-05
5037,8.145447465007308e-05
5038,7.070790543433595e-05
5039,6.363156410970541e-05
5040,5.7360056874711964e-05
5041,5.4499916178476124e-05
5042,5.052354898791731e-05
5043,4.9254894890063466e-05
5044,4.784096324858015e-05
5045,5.0374302431444616e-05
5046,5.408781007289323e-05
5047,5.98656129676738e-05
5048,6.501899675367656e-05
5049,6.763515989572552e-05
5050,6.987511315128846e-05
5051,7.242272327003778e-05
5052,7.042809002888811e-05
5053,6.892856195601364e-05
5054,6.865974888763858e-05
5055,7.171568448950121e-05
5056,7.937853501347311e-05
5057,8.412950175465732e-05
5058,8.67336411225047e-05
5059,8.71628198200971e-05
5060,8.550038711714234e-05
5061,8.260043955680232e-05
5062,7.137808492648279e-05
5063,6.273911989833759e-05
5064,5.655925016575405e-05
5065,5.332292876695015e-05
5066,5.1103083230865066e-05
5067,5.0151891792633813e-05
5068,4.920353119444517e-05
5069,4.963049191427222e-05
5070,5.296075634500526e-05
5071,5.894877100088729e-05
5072,6.407726090486595e-05
5073,6.665484290736527e-05
5074,6.967596209509572e-05
5075,7.236225419201441e-05
5076,7.005080033743739e-05
5077,6.873612320095283e-05
5078,6.746811114929422e-05
5079,7.217576895621846e-05
5080,7.827611251234755e-05
5081,8.478044904486527e-05
5082,8.691569040277e-05
5083,8.789011223970135e-05
5084,8.69607211881899e-05
5085,8.450670389435415e-05
5086,7.648287748907393e-05
5087,6.509881476931067e-05
5088,6.0736169240567926e-05
5089,5.709693467034008e-05
5090,5.3892394558199994e-05
5091,5.154066689683135e-05
5092,4.994623272273489e-05
5093,5.080021253022493e-05
5094,5.456295344128039e-05
5095,6.108535481901842e-05
5096,6.682332166577687e-05
5097,6.921313434008976e-05
5098,7.087647174450143e-05
5099,7.269900742141185e-05
5100,7.015697143099383e-05
5101,6.783080888176247e-05
5102,6.762313612152396e-05
5103,7.087536275561876e-05
5104,7.679599174491976e-05
5105,8.217190290540516e-05
5106,8.426001223579652e-05
5107,8.688128256348934e-05
5108,8.682481168222719e-05
5109,8.181311581794421e-05
5110,7.375651587278937e-05
5111,6.520174644797301e-05
5112,5.954380190427443e-05
5113,5.5847950533194604e-05
5114,5.4249109587485444e-05
5115,5.153853647081991e-05
5116,4.955265840505974e-05
5117,5.059896023193871e-05
5118,5.3293365458051665e-05
5119,5.986914422174757e-05
5120,6.592072145095724e-05
5121,6.853069760239762e-05
5122,6.954539324612058e-05
5123,7.067195084740313e-05
5124,7.013359511270391e-05
5125,6.932447098712598e-05
5126,6.822312829096513e-05
5127,7.074855863206111e-05
5128,7.626738343882082e-05
5129,8.164195213907985e-05
5130,8.287870821459801e-05
5131,8.337883301676317e-05
5132,8.488446052849232e-05
5133,8.184489710460803e-05
5134,7.385288116990959e-05
5135,6.506151772215148e-05
5136,5.8301267412999204e-05
5137,5.406157373064275e-05
5138,5.2336716627160975e-05
5139,5.116086738843563e-05
5140,4.760025429320534e-05
5141,4.676305523854515e-05
5142,5.095374912263847e-05
5143,5.892463590073029e-05
5144,6.666768383126984e-05
5145,7.180700096881349e-05
5146,7.412239465231578e-05
5147,7.708689703919425e-05
5148,7.625287903159225e-05
5149,7.506235028213054e-05
5150,7.26535972450584e-05
5151,7.513084493759424e-05
5152,8.011645037921658e-05
5153,8.523110710607985e-05
5154,8.644947731328011e-05
5155,8.48975349237406e-05
5156,8.273407271716378e-05
5157,7.868964862991072e-05
5158,6.910065952025288e-05
5159,6.187740635258685e-05
5160,5.686851214442851e-05
5161,5.407175891801251e-05
5162,5.14199330282104e-05
5163,4.9582367633548035e-05
5164,4.791258058326611e-05
5165,4.6735126229052695e-05
5166,5.0622861860751994e-05
5167,5.872615607465075e-05
5168,6.91967037942755e-05
5169,7.475767017857658e-05
5170,8.203689810089935e-05
5171,8.642055605057686e-05
5172,8.810087849524413e-05
5173,8.727646199665257e-05
5174,8.552560202226405e-05
5175,9.049285077948643e-05
5176,9.556387754899212e-05
5177,0.00010109825738402715
5178,0.00010027048473486963
5179,9.869504929136835e-05
5180,9.428544683862003e-05
5181,8.6084999361816e-05
5182,7.385002114594903e-05
5183,6.417412232859159e-05
5184,5.7778758545754944e-05
5185,5.538115376534541e-05
5186,5.26218726895964e-05
5187,5.080094212817405e-05
5188,4.990998629662244e-05
5189,5.249924186630772e-05
5190,5.552214127303403e-05
5191,6.0659619823745894e-05
5192,6.560509737816642e-05
5193,6.968711035175832e-05
5194,7.287323541166253e-05
5195,7.554703679169224e-05
5196,7.29947864299865e-05
5197,7.107786996237747e-05
5198,7.064174549230942e-05
5199,7.551435080357152e-05
5200,8.628587226916866e-05
5201,9.55086323922845e-05
5202,9.834682678221071e-05
5203,9.574846583012036e-05
5204,9.357718233352893e-05
5205,8.585459232948281e-05
5206,7.466982658550213e-05
5207,6.501791694871186e-05
5208,5.855160706130245e-05
5209,5.7104230649831314e-05
5210,5.3390781376218633e-05
5211,5.065513927402122e-05
5212,4.846780462254907e-05
5213,5.1128356503822695e-05
5214,5.4438075456308414e-05
5215,6.060271118371426e-05
5216,6.427080864880943e-05
5217,6.642373546100092e-05
5218,6.897671542065578e-05
5219,7.165679134304795e-05
5220,7.16482696390022e-05
5221,7.051251910356068e-05
5222,7.098655348306518e-05
5223,7.58831771588124e-05
5224,8.692161473811689e-05
5225,9.335783600610444e-05
5226,9.522140427167358e-05
5227,9.575039196870605e-05
5228,9.290560201331976e-05
5229,8.52145890085117e-05
5230,7.341766140129845e-05
5231,6.41637036698781e-05
5232,5.804217258930648e-05
5233,5.418443802527514e-05
5234,5.1932256708084894e-05
5235,4.9199299526340255e-05
5236,4.82358800264817e-05
5237,5.0844251062434016e-05
5238,5.523605132522373e-05
5239,6.0336641403627916e-05
5240,6.52491119468301e-05
5241,6.740463612772047e-05
5242,7.117020787881854e-05
5243,7.38435423161608e-05
5244,7.12063667531771e-05
5245,6.948877644526859e-05
5246,7.041697095614347e-05
5247,7.767871771160525e-05
5248,8.752143180405027e-05
5249,9.198648370093199e-05
5250,9.397548444591441e-05
5251,9.583911107931946e-05
5252,9.462202496450966e-05
5253,8.687953152841145e-05
5254,7.683717025316829e-05
5255,6.88229745408165e-05
5256,6.255765429643161e-05
5257,5.6843968469419993e-05
5258,5.2156360014137656e-05
5259,4.961908100234793e-05
5260,4.907967464660197e-05
5261,5.221364804510283e-05
5262,5.6095313421865424e-05
5263,6.172363628882959e-05
5264,6.94257683663823e-05
5265,7.367246618905033e-05
5266,7.907904964731689e-05
5267,8.418051524326003e-05
5268,8.198591379621462e-05
5269,7.882065523765533e-05
5270,7.723182437580814e-05
5271,8.138367446509015e-05
5272,8.825421080023191e-05
5273,9.356536284675313e-05
5274,9.520024593114899e-05
5275,9.63612113717122e-05
5276,9.489647052905194e-05
5277,8.797486233747153e-05
5278,8.149255966301732e-05
5279,6.981128792269914e-05
5280,6.370102183446198e-05
5281,5.6540747561764286e-05
5282,5.316168762019386e-05
5283,5.191783985261021e-05
5284,5.2356123932607664e-05
5285,5.493779168362206e-05
5286,5.780461549707188e-05
5287,6.319082858059892e-05
5288,6.877645537558038e-05
5289,7.548148971194299e-05
5290,8.115697379033849e-05
5291,8.75337182335135e-05
5292,8.8976629505536e-05
5293,9.194273700790254e-05
5294,9.176346019984391e-05
5295,9.422173834570256e-05
5296,9.960926470553802e-05
5297,0.00010255298814282545
5298,0.0001002716812755062
5299,9.500602695709232e-05
5300,9.169347716456401e-05
5301,8.678430440409185e-05
5302,7.958060446146234e-05
5303,6.890740361548905e-05
5304,6.180339593662777e-05
5305,5.727151286760635e-05
5306,5.550649869300482e-05
5307,5.457305107689626e-05
5308,5.2712517938795496e-05
5309,5.254576103154383e-05
5310,5.6688855945436345e-05
5311,6.677400084441611e-05
5312,7.549981721242496e-05
5313,7.989698731612023e-05
5314,8.626383841110513e-05
5315,9.094455946174775e-05
5316,9.160788073317284e-05
5317,8.798717795085273e-05
5318,8.485577273713279e-05
5319,8.554506769554666e-05
5320,9.057614168135836e-05
5321,9.265199376620444e-05
5322,9.265038865071638e-05
5323,9.145714579688393e-05
5324,8.882107922278288e-05
5325,8.31819583061717e-05
5326,7.406081658540978e-05
5327,6.637461892706593e-05
5328,6.198740053939671e-05
5329,5.826216096292619e-05
5330,5.552625620546708e-05
5331,5.405471550992099e-05
5332,5.235378921917047e-05
5333,5.1692569189838856e-05
5334,5.590153220657823e-05
5335,6.38682165004831e-05
5336,7.337143407524199e-05
5337,7.870120546142484e-05
5338,8.360007629885536e-05
5339,8.83779214284853e-05
5340,8.909310252213407e-05
5341,8.60952429170217e-05
5342,8.436647516853261e-05
5343,8.82747854623972e-05
5344,9.582915936329342e-05
5345,0.00010306831776625033
5346,0.00010717744259963166
5347,0.0001059359295454852
5348,0.00010084888080501675
5349,9.037328426758408e-05
5350,7.714447690933908e-05
5351,6.782543904085691e-05
5352,6.164060804221934e-05
5353,5.8921513221508044e-05
5354,5.5309769902003175e-05
5355,5.5002142222734755e-05
5356,5.644487839124946e-05
5357,6.017893151094539e-05
5358,6.132191965804222e-05
5359,6.253713800210226e-05
5360,6.446780009507277e-05
5361,6.550934494332346e-05
5362,6.841346580393248e-05
5363,7.213581617252446e-05
5364,6.949297892945554e-05
5365,6.817841852864285e-05
5366,6.83285406026545e-05
5367,7.575126584961088e-05
5368,8.760977152373014e-05
5369,9.356165648917159e-05
5370,9.737526496923993e-05
5371,9.954129536059769e-05
5372,9.735063374247753e-05
5373,8.725886409411971e-05
5374,7.590926758147306e-05
5375,6.773202131945115e-05
5376,6.034218634804126e-05
5377,5.850894017323771e-05
5378,5.55901689858103e-05
5379,5.460276030538457e-05
5380,5.61965524332858e-05
5381,5.992975921936075e-05
5382,5.9974293878175245e-05
5383,6.189121034578427e-05
5384,6.301668814210212e-05
5385,6.352822385619156e-05
5386,6.664576670887817e-05
5387,6.941441582229393e-05
5388,6.837193708866837e-05
5389,6.643759782203427e-05
5390,6.762882698552713e-05
5391,7.515938680936396e-05
5392,8.862347491424229e-05
5393,9.474827459362598e-05
5394,0.00010059465969562417
5395,0.00010021909185533338
5396,9.685100506691778e-05
5397,8.509540188754288e-05
5398,7.490951410374815e-05
5399,6.326752391701077e-05
5400,5.683711024869824e-05
5401,5.526637341598931e-05
5402,5.2928624851325865e-05
5403,5.2115765184248434e-05
5404,5.322361589411547e-05
5405,5.855925324780926e-05
5406,6.026336058561795e-05
5407,6.229310208007944e-05
5408,6.408411912558772e-05
5409,6.400313375323501e-05
5410,6.70534368589304e-05
5411,7.052874536194918e-05
5412,6.828797495668324e-05
5413,6.717939464886707e-05
5414,6.869225977225153e-05
5415,7.648381137444881e-05
5416,8.715669119732446e-05
5417,9.362603621220224e-05
5418,9.779174866251757e-05
5419,9.919788819790424e-05
5420,9.678554553892242e-05
5421,8.549635973646319e-05
5422,7.155718663103362e-05
5423,6.310473602260235e-05
5424,5.804736732670423e-05
5425,5.4897722164256204e-05
5426,5.342717372192091e-05
5427,5.049147586207384e-05
5428,5.1108073680837066e-05
5429,5.78639464022946e-05
5430,6.144691437868604e-05
5431,6.383812788106126e-05
5432,6.50330342182177e-05
5433,6.647145116687359e-05
5434,6.9127187701683e-05
5435,7.352928988751435e-05
5436,7.207540546233704e-05
5437,6.924450705190206e-05
5438,7.080473767414361e-05
5439,8.198104008191446e-05
5440,9.215907739177663e-05
5441,9.87608590263793e-05
5442,0.00010274466811601916
5443,0.00010274904570371391
5444,9.80492675546402e-05
5445,8.71291999466015e-05
5446,7.542656557833297e-05
5447,6.522731156011029e-05
5448,5.945347767817295e-05
5449,5.617326366674977e-05
5450,5.316130822926032e-05
5451,5.056134216168191e-05
5452,5.1251104062783226e-05
5453,5.7402169268335375e-05
5454,6.113520095090253e-05
5455,6.450603102760684e-05
5456,6.683146397888908e-05
5457,6.887702315688755e-05
5458,7.23607658121982e-05
5459,7.705444452241725e-05
5460,7.630640233713995e-05
5461,7.419369096390415e-05
5462,7.409618749398329e-05
5463,7.863104732263711e-05
5464,8.695260805899566e-05
5465,9.344033894219133e-05
5466,9.589858790413202e-05
5467,9.451051321396563e-05
5468,9.217629590337595e-05
5469,8.610566157573517e-05
5470,7.718402111818157e-05
5471,6.969627410199931e-05
5472,6.305153374015226e-05
5473,6.064181763378728e-05
5474,5.913379704078501e-05
5475,5.831121912902525e-05
5476,5.548752914632761e-05
5477,5.3675879070818115e-05
5478,5.879038987809158e-05
5479,6.919568235714672e-05
5480,7.667922688914204e-05
5481,8.137556133589588e-05
5482,8.515158092962541e-05
5483,8.789387696511882e-05
5484,8.58034037373723e-05
5485,8.359345154947732e-05
5486,8.095642190608344e-05
5487,8.170586491942306e-05
5488,8.844781691201132e-05
5489,9.361086057486046e-05
5490,9.487624607390224e-05
5491,9.222634632268581e-05
5492,8.853808277027686e-05
5493,8.305839359750815e-05
5494,7.606417581803096e-05
5495,7.039840998431778e-05
5496,6.617549705479115e-05
5497,6.224258471808213e-05
5498,6.0271269427386454e-05
5499,5.814670938345689e-05
5500,5.7144592008376824e-05
5501,5.5285021939568906e-05
5502,5.7317244067057404e-05
5503,6.68416783501768e-05
5504,7.668392549993439e-05
5505,8.263554781011414e-05
5506,8.696361039606843e-05
5507,9.192315459894807e-05
5508,9.501758378860643e-05
5509,9.312804183604852e-05
5510,8.919037252071122e-05
5511,9.496029575764126e-05
5512,0.00011029912956866928
5513,0.00011767734934072913
5514,0.00011710184247846055
5515,0.00011268961347309537
5516,0.00010542868386733661
5517,9.04010673574867e-05
5518,7.80560657708919e-05
5519,6.970523356481455e-05
5520,6.300533559801376e-05
5521,5.995298961806083e-05
5522,5.8458597914748185e-05
5523,5.677990976948696e-05
5524,5.917024775432321e-05
5525,6.621775536800439e-05
5526,6.683715484289224e-05
5527,6.533205264168646e-05
5528,6.506250997536228e-05
5529,6.482717086089303e-05
5530,6.674210282208043e-05
5531,6.942944554004587e-05
5532,6.80095020114618e-05
5533,6.628236856237875e-05
5534,6.789463411035179e-05
5535,7.75212704741844e-05
5536,9.081725921158469e-05
5537,9.84160802195415e-05
5538,0.0001024795322213077
5539,0.00010280893110337796
5540,0.00010034703415169168
5541,8.751950566546458e-05
5542,7.29271964759797e-05
5543,6.517159946071523e-05
5544,6.230737301596429e-05
5545,6.037542683060332e-05
5546,5.7784857984609616e-05
5547,5.64796364375457e-05
5548,6.022381637677547e-05
5549,6.77133436119536e-05
5550,6.779251958139247e-05
5551,6.497574618725252e-05
5552,6.339896828352486e-05
5553,6.251959846740533e-05
5554,6.425799690882282e-05
5555,6.611009589463172e-05
5556,6.425481586176465e-05
5557,6.52524389134781e-05
5558,6.736713479313552e-05
5559,7.754619354012646e-05
5560,9.218566394104269e-05
5561,9.668947208098185e-05
5562,0.0001015481858472926
5563,0.00010419540067805627
5564,9.99001991837305e-05
5565,8.579065036522161e-05
5566,7.291540617312187e-05
5567,6.545310753340503e-05
5568,6.031128057891638e-05
5569,5.779510153981531e-05
5570,5.5280644351874164e-05
5571,5.346744752871253e-05
5572,5.624844143942745e-05
5573,6.343877514762904e-05
5574,6.59996639490524e-05
5575,6.448665290607813e-05
5576,6.607239027262102e-05
5577,6.768305070510598e-05
5578,7.419030562942022e-05
5579,7.624260629246859e-05
5580,7.496131555813591e-05
5581,7.598383249187347e-05
5582,7.692574344419186e-05
5583,8.862843618029633e-05
5584,9.914013322425163e-05
5585,0.00010369402096741862
5586,0.00010731904296959753
5587,0.00010821574803298825
5588,0.00010498059399090293
5589,9.27939443431859e-05
5590,7.80311718888678e-05
5591,7.082306517462558e-05
5592,6.526484207861321e-05
5593,6.303621218322067e-05
5594,5.9765366209464244e-05
5595,5.885984760284813e-05
5596,6.179125542675435e-05
5597,6.877315759285034e-05
5598,6.961444239602562e-05
5599,6.666917221108606e-05
5600,6.562228670584777e-05
5601,6.49817580743533e-05
5602,6.760142328655805e-05
5603,7.198347612074747e-05
5604,7.145221207811374e-05
5605,7.148734951534352e-05
5606,7.611746565223493e-05
5607,8.85016028728207e-05
5608,0.0001029542378309254
5609,0.00010847922044437571
5610,0.00011376244348140447
5611,0.00011245815581971543
5612,0.00010374585160572435
5613,9.106301698476744e-05
5614,7.771000287166365e-05
5615,7.170269764600681e-05
5616,6.636994950019154e-05
5617,6.0927790845925715e-05
5618,5.656006731545707e-05
5619,5.42605496833277e-05
5620,5.6015349486641495e-05
5621,6.504234388804851e-05
5622,6.981105445135541e-05
5623,7.031316375994219e-05
5624,7.147199877449397e-05
5625,7.185512524953768e-05
5626,7.391016920087476e-05
5627,7.65188612599247e-05
5628,7.590048322216561e-05
5629,7.702715755912003e-05
5630,8.277023159152232e-05
5631,9.204178722547554e-05
5632,0.00010336243329150099
5633,0.00010866328341498057
5634,0.00010550035956985848
5635,0.00010389489387477129
5636,9.753066933240323e-05
5637,8.96461961354056e-05
5638,7.945254542943218e-05
5639,7.31944627967026e-05
5640,6.944587608586013e-05
5641,6.459761016218081e-05
5642,6.0835394561648723e-05
5643,5.7915047442651204e-05
5644,5.767938730508433e-05
5645,5.90146099198162e-05
5646,6.391377259642637e-05
5647,7.592759508195503e-05
5648,8.54135357772787e-05
5649,8.643754109083246e-05
5650,8.81244591009598e-05
5651,8.96919565187746e-05
5652,8.884763658813098e-05
5653,8.651864319885701e-05
5654,8.502092452889636e-05
5655,8.803369711608884e-05
5656,9.332223162618724e-05
5657,0.00010210948014151228
5658,0.00010120962321498136
5659,9.822828170743712e-05
5660,9.162547863570569e-05
5661,8.251262514764583e-05
5662,7.4027342631504e-05
5663,6.489706634441905e-05
5664,5.884198704505358e-05
5665,5.575248993753129e-05
5666,5.1711713840023855e-05
5667,4.89800115667517e-05
5668,4.845481777905467e-05
5669,4.944742119687816e-05
5670,5.588839944349401e-05
5671,6.86539996557995e-05
5672,8.11225075832219e-05
5673,8.908338427745175e-05
5674,9.41035142940266e-05
5675,0.00010173344535853405
5676,0.00010262939164005765
5677,9.73493204661691e-05
5678,9.446370220954986e-05
5679,9.768233815406701e-05
5680,0.00010853300640518508
5681,0.00011678747331414223
5682,0.00012095371107498094
5683,0.00011863408572337371
5684,0.00011007674811377645
5685,9.438496399888046e-05
5686,7.9011547245064e-05
5687,7.165606174509883e-05
5688,6.637917161826846e-05
5689,6.267220117444399e-05
5690,6.093120536432762e-05
5691,5.9410168743912976e-05
5692,6.36470607701448e-05
5693,7.127287690221919e-05
5694,7.115371896516835e-05
5695,6.917820119028573e-05
5696,6.915785999946415e-05
5697,6.77666042622396e-05
5698,7.115736695491396e-05
5699,7.250306659619524e-05
5700,7.035594738367879e-05
5701,6.895202582605745e-05
5702,7.139422363311741e-05
5703,8.146250022751344e-05
5704,9.875265834543115e-05
5705,0.00010751825239362622
5706,0.00011076919493533054
5707,0.00010965226802697643
5708,0.00010249284008789971
5709,8.734907158454934e-05
5710,7.236601891743189e-05
5711,6.592585782051908e-05
5712,6.092058241818837e-05
5713,5.7408560546369694e-05
5714,5.4174136102233514e-05
5715,5.292217520545561e-05
5716,5.5810215727265935e-05
5717,6.488650176611575e-05
5718,6.848248576991954e-05
5719,6.614222738831112e-05
5720,6.462615203395053e-05
5721,6.442854772540992e-05
5722,6.53836206247305e-05
5723,6.858346212607824e-05
5724,6.661766259587793e-05
5725,6.571080152903544e-05
5726,6.857835494043436e-05
5727,7.872726670016753e-05
5728,9.448836262023025e-05
5729,0.00010266274885829158
5730,0.00010608911593088316
5731,0.00010956702180260082
5732,0.00010327374336480554
5733,8.851067907130779e-05
5734,7.393307857647723e-05
5735,6.619461252105818e-05
5736,5.9610983283429715e-05
5737,5.7736179209444096e-05
5738,5.4927898335431946e-05
5739,5.3520095316721275e-05
5740,5.749050898801524e-05
5741,6.57006747095016e-05
5742,6.906928680844056e-05
5743,6.487485738284773e-05
5744,6.404171489278466e-05
5745,6.30830523715544e-05
5746,6.420435686760327e-05
5747,6.636650579787167e-05
5748,6.490158985170362e-05
5749,6.432471134529067e-05
5750,6.666429849678591e-05
5751,7.724641633479062e-05
5752,8.994016574106643e-05
5753,9.595298672721866e-05
5754,9.992958738912117e-05
5755,0.00010331290818271449
5756,9.966191249354678e-05
5757,8.528857024055282e-05
5758,7.090454667358369e-05
5759,6.347172379101145e-05
5760,5.9881693306472486e-05
5761,5.6519355749895985e-05
5762,5.384511661109679e-05
5763,5.273633201585488e-05
5764,5.566838188595634e-05
5765,6.514708496962467e-05
5766,6.650591737399018e-05
5767,6.499112611202005e-05
5768,6.445717714893353e-05
5769,6.330105623875249e-05
5770,6.493141581586379e-05
5771,6.686292424245529e-05
5772,6.632415993290455e-05
5773,6.526244899734008e-05
5774,6.751127416396436e-05
5775,7.789213970368285e-05
5776,9.155666295714436e-05
5777,0.00010162018257291212
5778,0.00010501266711674641
5779,0.00010704021981736051
5780,9.981620786782741e-05
5781,8.542465485002333e-05
5782,7.200235811567079e-05
5783,6.355504387680135e-05
5784,5.7157841507132905e-05
5785,5.414760792080338e-05
5786,5.197886342507491e-05
5787,5.001601147058906e-05
5788,5.2496294290593265e-05
5789,6.150752937629922e-05
5790,6.620039093681524e-05
5791,6.58964404312104e-05
5792,6.672888250724232e-05
5793,6.637380177736291e-05
5794,6.811908762342013e-05
5795,7.103371469449652e-05
5796,6.955301024870942e-05
5797,7.106044716335241e-05
5798,7.37936086325228e-05
5799,8.061059247819891e-05
5800,8.716451248733907e-05
5801,8.950885661746259e-05
5802,9.076271446890821e-05
5803,9.13252344876824e-05
5804,8.786247506938855e-05
5805,8.232062415135449e-05
5806,7.458495975206007e-05
5807,6.801449246143379e-05
5808,6.295099514276305e-05
5809,6.039363759541344e-05
5810,5.882398056766922e-05
5811,5.842042535005005e-05
5812,5.906635300636803e-05
5813,5.721244461764531e-05
5814,6.266423396483956e-05
5815,7.380189686522483e-05
5816,8.233264792555605e-05
5817,8.40893154996196e-05
5818,8.911461106967423e-05
5819,8.839376829594026e-05
5820,8.493751689135256e-05
5821,8.022918785431513e-05
5822,7.898417273001288e-05
5823,8.032467763389641e-05
5824,8.545252549167984e-05
5825,8.890798893048247e-05
5826,8.915112015104837e-05
5827,8.947835942318922e-05
5828,8.605164214358208e-05
5829,7.99094196651733e-05
5830,7.722776781121101e-05
5831,6.945413513464421e-05
5832,6.441462699654065e-05
5833,6.375685066952891e-05
5834,6.084397463353041e-05
5835,5.933204339552084e-05
5836,5.9921558538412594e-05
5837,6.0532086102239104e-05
5838,6.209850371508923e-05
5839,6.99577328230472e-05
5840,7.936983820591954e-05
5841,8.40334574806347e-05
5842,8.933459944329395e-05
5843,9.477967648935627e-05
5844,9.294955299377495e-05
5845,9.062128920245013e-05
5846,8.870869195469991e-05
5847,9.189986583241204e-05
5848,0.00010277671205794468
5849,0.00011294739502047968
5850,0.00011781565192796498
5851,0.00011691868420931259
5852,0.00010709922969948561
5853,9.364786578284001e-05
5854,7.835000619263476e-05
5855,7.011033553008586e-05
5856,6.526256573301194e-05
5857,6.281887954613577e-05
5858,6.249703929881843e-05
5859,6.0897848146093684e-05
5860,6.239264842425785e-05
5861,7.061078135534863e-05
5862,7.14008775664134e-05
5863,6.733678351845199e-05
5864,6.573263109967321e-05
5865,6.575822539572847e-05
5866,6.890681993712976e-05
5867,7.147339960255628e-05
5868,7.030671411407193e-05
5869,6.945311369751545e-05
5870,7.128472557291295e-05
5871,8.582167287001835e-05
5872,9.949290842461182e-05
5873,0.00010670119024236183
5874,0.00011131919505329778
5875,0.00011029991753445433
5876,0.00010170402796922539
5877,8.761452850235843e-05
5878,7.44291176301273e-05
5879,6.779211100654096e-05
5880,6.282772227327915e-05
5881,6.200727478753083e-05
5882,5.715150859693452e-05
5883,5.616062703027095e-05
5884,5.86886547400658e-05
5885,6.752890125041518e-05
5886,7.068689301340119e-05
5887,6.821437311557565e-05
5888,6.675488537814907e-05
5889,6.672225775786428e-05
5890,6.806220816730646e-05
5891,6.941438663837596e-05
5892,6.675036187086451e-05
5893,6.675935051759771e-05
5894,6.831949358808537e-05
5895,7.75685484212876e-05
5896,9.269369758497634e-05
5897,0.00010074600749419034
5898,0.00010523992228593939
5899,0.00010743528251485189
5900,9.955194749065489e-05
5901,8.56429213724831e-05
5902,7.275069214012774e-05
5903,6.489554878068487e-05
5904,6.006727384081154e-05
5905,5.440681948016797e-05
5906,5.118984701897482e-05
5907,5.024460910000842e-05
5908,5.470268604049652e-05
5909,6.438197019233788e-05
5910,6.61437449520453e-05
5911,6.389226404888621e-05
5912,6.265959372188314e-05
5913,6.151214043533768e-05
5914,6.49233318705875e-05
5915,6.71591410097994e-05
5916,6.565806618927279e-05
5917,6.561621645091107e-05
5918,6.81092818269839e-05
5919,7.906428258482665e-05
5920,9.178380139066548e-05
5921,9.611285622983058e-05
5922,0.00010022542476553176
5923,0.00010665219044409869
5924,0.00010121309610121918
5925,8.856960140167901e-05
5926,7.414687995948838e-05
5927,6.495946156102809e-05
5928,5.804558710770838e-05
5929,5.335473923753193e-05
5930,5.061445689237809e-05
5931,4.977390168715193e-05
5932,5.229950713175568e-05
5933,6.187670593855569e-05
5934,6.436399289887149e-05
5935,6.236066285016827e-05
5936,6.252552280275221e-05
5937,6.183818316684198e-05
5938,6.333172853653364e-05
5939,6.656165865730322e-05
5940,6.514142328953948e-05
5941,6.536412576752993e-05
5942,6.791944044062199e-05
5943,7.748840938255589e-05
5944,9.206090269174257e-05
5945,9.709930184096346e-05
5946,0.00010264518013967668
5947,0.00010726508190528037
5948,9.93377667167102e-05
5949,8.590840747421015e-05
5950,7.181018201587167e-05
5951,6.289364874396195e-05
5952,5.6642307596282264e-05
5953,5.4343402826430156e-05
5954,5.3144323189004724e-05
5955,5.173313483581012e-05
5956,5.368615180994178e-05
5957,6.221386774280462e-05
5958,6.65276302089561e-05
5959,6.659778834774381e-05
5960,6.529653581352313e-05
5961,6.3996479819939e-05
5962,6.668925074664592e-05
5963,6.987928645155745e-05
5964,6.971859979924249e-05
5965,7.15542974231551e-05
5966,7.408393024843802e-05
5967,8.25384529150448e-05
5968,9.007803056953279e-05
5969,9.669274067979392e-05
5970,9.812284021182979e-05
5971,9.783762578155847e-05
5972,9.112625853499744e-05
5973,8.465916068180299e-05
5974,7.792669346255334e-05
5975,6.955309780046333e-05
5976,6.111010278145269e-05
5977,5.681262494152565e-05
5978,5.379547476663844e-05
5979,5.2623565356838365e-05
5980,5.258831118393672e-05
5981,5.507104545304997e-05
5982,6.19316300721657e-05
5983,7.210038689611503e-05
5984,7.865214729532578e-05
5985,7.9665792318002e-05
5986,8.084356769531301e-05
5987,8.239151188809133e-05
5988,8.17642619392709e-05
5989,7.891439398215872e-05
5990,7.977403546973395e-05
5991,8.242948016536371e-05
5992,8.873265195134911e-05
5993,9.500558919832285e-05
5994,9.611221418363535e-05
5995,9.551006240426478e-05
5996,8.932196280681512e-05
5997,8.104280630325966e-05
5998,7.168028439700973e-05
5999,6.373224862668446e-05
6000,5.827424310496367e-05
6001,5.587841854355e-05
6002,5.414139174627686e-05
6003,5.175233785383105e-05
6004,5.002091436880717e-05
6005,5.040351553332751e-05
6006,5.4982559813780276e-05
6007,6.735910921569517e-05
6008,7.730954114934878e-05
6009,8.125506093861866e-05
6010,8.697003085802073e-05
6011,9.232846085164515e-05
6012,9.19317054869118e-05
6013,9.091181510579109e-05
6014,9.03438668782754e-05
6015,9.300888389899768e-05
6016,0.00010219679842406336
6017,0.00011254988087387923
6018,0.00011661070632302859
6019,0.00011622813434242621
6020,0.00010365628616148996
6021,8.827609873870561e-05
6022,7.312766080848086e-05
6023,6.788214339346279e-05
6024,6.184203544401335e-05
6025,5.609510913443967e-05
6026,5.242146672493116e-05
6027,5.016254392269101e-05
6028,5.271009567360441e-05
6029,6.229730456426639e-05
6030,6.438862412563389e-05
6031,6.349702624788705e-05
6032,6.414803190593094e-05
6033,6.50283647913433e-05
6034,6.72314879424345e-05
6035,7.08538542080786e-05
6036,7.121687296364446e-05
6037,7.023188654840982e-05
6038,7.236347991656894e-05
6039,8.46460862865547e-05
6040,0.0001023460157966181
6041,0.00011095427934306419
6042,0.00011422982392761297
6043,0.00010968512911860493
6044,9.882246627720329e-05
6045,8.389191547850474e-05
6046,7.159527164397787e-05
6047,6.201804365325988e-05
6048,5.88045148943866e-05
6049,5.8517549429037364e-05
6050,5.4488330163044044e-05
6051,5.1220665236345794e-05
6052,5.2806198315462944e-05
6053,6.436189165677801e-05
6054,6.803556325020447e-05
6055,6.56920946376199e-05
6056,6.499611656199205e-05
6057,6.599931374203682e-05
6058,6.768521031503539e-05
6059,7.167631538416649e-05
6060,6.918059427155884e-05
6061,6.734384602659951e-05
6062,7.045604822229851e-05
6063,8.26723779145859e-05
6064,9.797581163312243e-05
6065,0.00010726785437748704
6066,0.00011325674455090803
6067,0.00011152345329513438
6068,0.00010149104373591727
6069,8.875138802668261e-05
6070,7.549996313201479e-05
6071,6.655973251871753e-05
6072,6.180409635065893e-05
6073,5.8137691552805725e-05
6074,5.623965708012001e-05
6075,5.708275128620913e-05
6076,6.07293693876821e-05
6077,7.139121768956701e-05
6078,7.4547575153147e-05
6079,7.431804363835274e-05
6080,7.60562377923445e-05
6081,7.491012696602542e-05
6082,7.750772913624867e-05
6083,8.30650767147221e-05
6084,8.302022103281e-05
6085,8.099243486085217e-05
6086,8.391354076171677e-05
6087,9.095579527016424e-05
6088,0.00010632034011291938
6089,0.00011755973815133043
6090,0.00012437981549231081
6091,0.0001251690070019187
6092,0.0001146272505224595
6093,0.00010052432645332867
6094,8.796817922025755e-05
6095,8.375947885877987e-05
6096,7.998596908199534e-05
6097,7.539262468173975e-05
6098,7.297645892950451e-05
6099,7.133962052260501e-05
6100,7.425369309924005e-05
6101,8.553867641751234e-05
6102,8.534474928263533e-05
6103,7.898428946568474e-05
6104,7.402229381369606e-05
6105,7.184858805191354e-05
6106,7.15884134232561e-05
6107,7.465972894988626e-05
6108,7.229046175382067e-05
6109,7.273936877995736e-05
6110,7.461297631330641e-05
6111,8.523530959026681e-05
6112,0.00010248519390139289
6113,0.00011050729845551318
6114,0.00012257554894804645
6115,0.00012361134456445805
6116,0.00011422897759399198
6117,0.00010082264446276627
6118,8.756065498979514e-05
6119,8.23315973045093e-05
6120,7.916622201027818e-05
6121,7.460947424315063e-05
6122,7.237106773523982e-05
6123,7.14348476469246e-05
6124,7.476595841127862e-05
6125,8.372857308965498e-05
6126,8.507978849143164e-05
6127,8.1115766098172e-05
6128,7.613541376178336e-05
6129,7.327074955826296e-05
6130,7.503926580302027e-05
6131,7.693160941170282e-05
6132,7.462208169571147e-05
6133,7.590267201601298e-05
6134,7.696455805508525e-05
6135,8.712275030073125e-05
6136,9.91861854468003e-05
6137,0.00010982830542014093
6138,0.00011564979664011502
6139,0.00011348507952506569
6140,0.00010685131231637346
6141,9.714675489157447e-05
6142,8.711411186101362e-05
6143,7.837023064778446e-05
6144,7.177676642980182e-05
6145,7.127258506303954e-05
6146,6.947949595935574e-05
6147,6.838682088683048e-05
6148,6.799412208669427e-05
6149,7.07592107621183e-05
6150,7.635794113626602e-05
6151,8.601533734963368e-05
6152,9.059706655053922e-05
6153,9.019176029784216e-05
6154,9.12254254882423e-05
6155,9.258790588235344e-05
6156,9.093276915888992e-05
6157,8.837164688612283e-05
6158,8.809626743620567e-05
6159,9.192732789921706e-05
6160,9.944259535004026e-05
6161,0.00011032203894427176
6162,0.00011547367169519663
6163,0.00011312340322972621
6164,0.00010671105440663397
6165,9.80267083860533e-05
6166,9.265666319307884e-05
6167,8.31104577071576e-05
6168,7.746421591456295e-05
6169,7.454967639524046e-05
6170,7.397414034905392e-05
6171,7.307696834297577e-05
6172,7.431130215330284e-05
6173,7.69471936238961e-05
6174,8.05540924130188e-05
6175,8.58657405861454e-05
6176,9.114873015183047e-05
6177,9.136842668627053e-05
6178,9.562913278956172e-05
6179,0.00010003961075984901
6180,9.911287544487238e-05
6181,9.601987626719429e-05
6182,9.469069472348117e-05
6183,9.837802439051523e-05
6184,0.00010889479943619643
6185,0.00012014724268593782
6186,0.00012882721111882376
6187,0.0001251884143073654
6188,0.00011296157840461063
6189,9.808595173952212e-05
6190,8.623821493113193e-05
6191,7.701081456505966e-05
6192,7.488441593429831e-05
6193,7.299609970629493e-05
6194,7.046351930529754e-05
6195,6.892009861980381e-05
6196,7.307941979208482e-05
6197,8.458158982785218e-05
6198,8.713611653515918e-05
6199,7.90321802750652e-05
6200,7.421362357987418e-05
6201,7.178356628268765e-05
6202,7.306666641993414e-05
6203,7.50824288176904e-05
6204,7.214174050787134e-05
6205,7.106056389902426e-05
6206,7.299989361563037e-05
6207,8.594392430237348e-05
6208,0.0001050130756915979
6209,0.00011440405191786364
6210,0.00012199391346300524
6211,0.00012069210643434322
6212,0.00011072063289583688
6213,9.764299823265028e-05
6214,8.574912164995752e-05
6215,7.573956309850694e-05
6216,7.22392439777922e-05
6217,7.116405007212793e-05
6218,7.184356841802357e-05
6219,6.99040344139917e-05
6220,7.440343578231816e-05
6221,8.583083662025934e-05
6222,8.677922640236595e-05
6223,8.125509012253662e-05
6224,7.241250889875004e-05
6225,6.982153147790483e-05
6226,7.104249905380397e-05
6227,7.159667247204018e-05
6228,6.98745878407651e-05
6229,6.954016932480486e-05
6230,7.259937352547954e-05
6231,8.548048368509026e-05
6232,0.00010245793612201364
6233,0.00011057182409813366
6234,0.00011713540398412021
6235,0.00011574706663869215
6236,0.00010682469658318945
6237,9.4865623127763e-05
6238,8.155737714481744e-05
6239,7.50229228089599e-05
6240,7.209694319379516e-05
6241,6.975823155983888e-05
6242,7.073309115553969e-05
6243,6.929928526592225e-05
6244,7.14770475923019e-05
6245,8.275458901149313e-05
6246,8.47777641244125e-05
6247,7.71667734226643e-05
6248,7.171139445356036e-05
6249,6.873694035065585e-05
6250,7.018720597000551e-05
6251,7.238685623485886e-05
6252,6.87229028861147e-05
6253,6.779753921528244e-05
6254,7.053720869815902e-05
6255,8.156330148016434e-05
6256,9.737313454322849e-05
6257,0.00010659420199910236
6258,0.00011514205483536101
6259,0.00011536595385398803
6260,0.00010501794940589807
6261,9.042943412574861e-05
6262,7.812794576083956e-05
6263,7.081967984014165e-05
6264,6.658570620570633e-05
6265,6.519599721613392e-05
6266,6.481400891389083e-05
6267,6.501762510953222e-05
6268,6.81853643011185e-05
6269,7.902438816896856e-05
6270,8.264608320449949e-05
6271,7.621178807509762e-05
6272,7.235542515521062e-05
6273,7.041659156520992e-05
6274,7.215207161483092e-05
6275,7.23400452304431e-05
6276,7.08103993542288e-05
6277,6.924535338552304e-05
6278,7.068782689877606e-05
6279,8.10020655537806e-05
6280,9.651474796412575e-05
6281,0.00010622047274564335
6282,0.00011535544764352066
6283,0.00011657650277117368
6284,0.00010579068118577371
6285,9.46179975838305e-05
6286,8.496028034736522e-05
6287,7.491243249554464e-05
6288,6.856507625776032e-05
6289,6.387609615833364e-05
6290,6.0674182598810396e-05
6291,6.041237367074693e-05
6292,6.467681531553766e-05
6293,7.614869244445742e-05
6294,8.053923779877463e-05
6295,7.471506165834776e-05
6296,7.219666464148135e-05
6297,6.986682491858641e-05
6298,7.034109276943463e-05
6299,7.209440419293221e-05
6300,6.94691356684782e-05
6301,7.087921503279013e-05
6302,7.335202676979531e-05
6303,8.245825550847714e-05
6304,9.471345817949382e-05
6305,0.00010303927976787522
6306,0.00010736349007665814
6307,0.00010246508618191505
6308,9.659535394554492e-05
6309,8.900747690682494e-05
6310,7.937552906992271e-05
6311,7.175411970946103e-05
6312,6.605099846075272e-05
6313,6.353522799650315e-05
6314,6.309834474456803e-05
6315,6.228204137517073e-05
6316,6.145575710582942e-05
6317,6.443213734731962e-05
6318,7.061177360855943e-05
6319,7.934161735724745e-05
6320,8.5539785406395e-05
6321,8.643678230896535e-05
6322,8.806533248316283e-05
6323,8.992700379406423e-05
6324,8.738846987380201e-05
6325,8.323478119768823e-05
6326,8.24795889525095e-05
6327,8.440905450484347e-05
6328,9.247262940639193e-05
6329,0.00010202230777855101
6330,0.00010643514964619345
6331,0.00010248291755579163
6332,9.401844317315881e-05
6333,8.705162909265068e-05
6334,8.035068050480317e-05
6335,6.940910434922432e-05
6336,6.230241174991025e-05
6337,5.904913449476872e-05
6338,5.644406124154644e-05
6339,5.3409021324946715e-05
6340,5.2911114500546904e-05
6341,5.622903413398077e-05
6342,6.18163535962042e-05
6343,7.398356675455659e-05
6344,8.325062806514319e-05
6345,8.865032411877002e-05
6346,9.291631251121289e-05
6347,9.582341013145432e-05
6348,9.7549171936393e-05
6349,9.249442979311174e-05
6350,9.066436466536637e-05
6351,9.534202140462266e-05
6352,0.00010739492115630637
6353,0.00011889414361635927
6354,0.0001248444526502306
6355,0.00011860945449661131
6356,0.00010488775994785648
6357,8.954095892722402e-05
6358,7.634781431673219e-05
6359,6.93022328416367e-05
6360,6.459413727594299e-05
6361,6.127111045686526e-05
6362,5.9369865753203394e-05
6363,5.736268342732881e-05
6364,6.063811127620573e-05
6365,7.06960275797242e-05
6366,7.494923341609844e-05
6367,7.189046697419322e-05
6368,6.885134130907841e-05
6369,6.826961827228328e-05
6370,7.115147180348504e-05
6371,7.496884500897088e-05
6372,7.225514921308308e-05
6373,6.960924765862786e-05
6374,7.16561784807707e-05
6375,8.402178391344874e-05
6376,9.98073067728481e-05
6377,0.00010931679888996944
6378,0.00011921265689702862
6379,0.00011434279487405525
6380,0.00010314915721901322
6381,9.05461406136904e-05
6382,7.816824875154913e-05
6383,7.173389525431133e-05
6384,6.542652098413896e-05
6385,6.118113643777934e-05
6386,5.791781991485787e-05
6387,5.6432767065294005e-05
6388,5.978211777837612e-05
6389,7.177866338446954e-05
6390,7.664782499341176e-05
6391,7.332144202376805e-05
6392,6.975808564024905e-05
6393,6.7746292255336e-05
6394,7.028217043906342e-05
6395,7.314590075720895e-05
6396,7.074931741392819e-05
6397,7.177492784297003e-05
6398,7.707166303401656e-05
6399,9.022969939119657e-05
6400,0.00010888540221461173
6401,0.00011680836899940513
6402,0.00012015512234378834
6403,0.0001150691534082846
6404,0.00010315703687686375
6405,8.995081787112363e-05
6406,7.618660235389386e-05
6407,6.711160040743452e-05
6408,6.322001249856385e-05
6409,6.018643177786238e-05
6410,5.85377447002691e-05
6411,5.818426908587776e-05
6412,6.058216570546695e-05
6413,7.189860928730543e-05
6414,7.583047100296773e-05
6415,7.31431866528382e-05
6416,7.043532764054341e-05
6417,7.058104294294235e-05
6418,7.22178521659239e-05
6419,7.583228040588154e-05
6420,7.319093154262885e-05
6421,7.535375170301046e-05
6422,7.905584843253477e-05
6423,9.051902875390097e-05
6424,0.0001087226143202033
6425,0.00011971628376934956
6426,0.0001265453205731452
6427,0.0001242586438649204
6428,0.00011367495009534559
6429,0.00010254449562269765
6430,9.079315329534565e-05
6431,8.451329945981421e-05
6432,8.064605093852632e-05
6433,7.551709409186021e-05
6434,7.164964128314654e-05
6435,7.083103238423002e-05
6436,7.324118624936448e-05
6437,8.687713844713833e-05
6438,9.067705966968113e-05
6439,8.440704081450388e-05
6440,7.80818643543729e-05
6441,7.35965880023415e-05
6442,7.275781301611119e-05
6443,7.394326376384699e-05
6444,7.311934339186086e-05
6445,7.290668018165035e-05
6446,7.850424319907948e-05
6447,9.41857545748518e-05
6448,0.00011270773668615159
6449,0.00012249657726603333
6450,0.00012864790512684716
6451,0.00012329490334196425
6452,0.00011123812212919118
6453,9.685900146044017e-05
6454,8.268816641420493e-05
6455,7.471231837005906e-05
6456,7.054076913615074e-05
6457,6.843590823684751e-05
6458,6.687509393624667e-05
6459,6.738131817726649e-05
6460,6.841723052934994e-05
6461,7.890876148599149e-05
6462,8.360947352044008e-05
6463,8.174966998028843e-05
6464,8.430632711360689e-05
6465,8.582949416003296e-05
6466,8.96955461406843e-05
6467,9.228036575483892e-05
6468,9.166566489074341e-05
6469,9.431407626214363e-05
6470,9.825720297014037e-05
6471,0.00011079128716123
6472,0.00012610114134171884
6473,0.00013591300803287491
6474,0.00013568315549498307
6475,0.000127195567449322
6476,0.00011920752052746679
6477,0.00011087057986634074
6478,0.00010484290426594435
6479,0.0001031949467863002
6480,9.55282731690749e-05
6481,8.938394944857265e-05
6482,8.482375797912524e-05
6483,8.132624051453514e-05
6484,7.999066769278768e-05
6485,8.32190802498231e-05
6486,9.340543497630526e-05
6487,0.000103018646737874
6488,0.00010906672189692789
6489,0.00010776771652439051
6490,0.00010782436250916044
6491,0.00011608612539760883
6492,0.00011101317248951744
6493,0.00010822438647270586
6494,0.00010665280330637596
6495,0.00010937747225541855
6496,0.00012102564943276451
6497,0.00013311607970295113
6498,0.00013662290683737205
6499,0.00013048404050952924
6500,0.00012344934463583468
6501,0.00011384961584436574
6502,0.0001042123565343939
6503,9.673788820088568e-05
6504,9.359828230621758e-05
6505,9.129689690333845e-05
6506,9.050210208148131e-05
6507,9.146546321350392e-05
6508,9.04787257631914e-05
6509,9.256140688484127e-05
6510,9.808029005943693e-05
6511,0.00010483992750631194
6512,0.00010821641926310143
6513,0.00010763498806548596
6514,0.00011018046775822384
6515,0.00011214393257498695
6516,0.00011131829035184086
6517,0.00010709584436500168
6518,0.00010809078249626237
6519,0.00011397236340332627
6520,0.00012868380134594404
6521,0.00014410820240444525
6522,0.00015330230392011953
6523,0.00014640077426409897
6524,0.00013255341376458712
6525,0.00011775807205782015
6526,0.00010136243020944578
6527,9.185614832330056e-05
6528,8.4704921065172e-05
6529,8.393758831011988e-05
6530,8.287581900671948e-05
6531,8.066869765886711e-05
6532,8.50377928334801e-05
6533,9.316005659405606e-05
6534,9.658280486081999e-05
6535,9.650018518906126e-05
6536,9.321617726830264e-05
6537,9.229031747086496e-05
6538,9.189146086403814e-05
6539,9.11194003142757e-05
6540,8.596432386103098e-05
6541,8.242446053147374e-05
6542,8.259112988697151e-05
6543,9.298635391432875e-05
6544,0.00011183318221649628
6545,0.000130249518544763
6546,0.00014214316165611204
6547,0.00013624447897312068
6548,0.0001272141284211477
6549,0.0001153484143192911
6550,0.00010370420615478839
6551,9.620469801966624e-05
6552,9.384366068846679e-05
6553,9.228614417059598e-05
6554,9.083786305766792e-05
6555,8.805453443351581e-05
6556,9.175587238117304e-05
6557,0.00010377923800787624
6558,0.00010681200157887469
6559,9.592371525749982e-05
6560,8.697884440124613e-05
6561,8.316891309484137e-05
6562,8.588383461528368e-05
6563,8.774500979957967e-05
6564,8.63331210323539e-05
6565,8.636755805555253e-05
6566,9.044352995812567e-05
6567,0.00010175369899760172
6568,0.00011920203395088938
6569,0.00013245503477712732
6570,0.00013713015251552065
6571,0.00013302922836308748
6572,0.00012589323511013662
6573,0.00011358885753734902
6574,0.00010192138979022824
6575,9.060879848556113e-05
6576,8.602911215891314e-05
6577,8.32893259403647e-05
6578,8.062655608132573e-05
6579,8.068530330818916e-05
6580,8.637173135582152e-05
6581,9.915676805749164e-05
6582,0.00010557466182499722
6583,9.991718422398608e-05
6584,9.163484667337244e-05
6585,8.963767443135984e-05
6586,9.132351263652247e-05
6587,8.939372606109092e-05
6588,8.416519368632843e-05
6589,8.454703606898169e-05
6590,8.656595032987818e-05
6591,9.896733524598122e-05
6592,0.00011987521938658663
6593,0.00013401406885873228
6594,0.0001402971037413219
6595,0.0001366710603020142
6596,0.00012655597270320242
6597,0.00011323614070482477
6598,9.968152408641921e-05
6599,9.422567817462782e-05
6600,9.12088782067562e-05
6601,9.06306280561989e-05
6602,9.12296863402652e-05
6603,9.132511775201053e-05
6604,9.42945522210251e-05
6605,0.00010695202601727048
6606,0.00011205605979799452
6607,0.00010259974077940528
6608,9.140627822787104e-05
6609,8.402254269531583e-05
6610,8.312186861908187e-05
6611,8.278561151628985e-05
6612,7.9490163499689e-05
6613,7.764559396471505e-05
6614,7.966383699549834e-05
6615,9.217702550132506e-05
6616,0.00011134260055550565
6617,0.0001284633460296369
6618,0.00013803062230432884
6619,0.00013424152831535103
6620,0.0001279839126253089
6621,0.00011467937299994489
6622,0.00010126839962576275
6623,9.528771013328991e-05
6624,9.297208297844389e-05
6625,9.103777289572775e-05
6626,9.256759387544984e-05
6627,9.014025068263405e-05
6628,9.303701719591589e-05
6629,0.0001044290179413656
6630,0.00011107200726813475
6631,0.00010376447094538599
6632,9.44462794105248e-05
6633,8.599050183544551e-05
6634,8.379058891533048e-05
6635,8.333628286437029e-05
6636,8.17794083926947e-05
6637,8.243508347761297e-05
6638,8.4635842731349e-05
6639,9.470076317517907e-05
6640,0.00011338915198671496
6641,0.00013082496703919566
6642,0.00013449070060693566
6643,0.00012756716627676957
6644,0.00012008948771228521
6645,0.00011116977339331729
6646,0.000105908642582188
6647,9.511818075383159e-05
6648,9.092897524955447e-05
6649,8.803544815116674e-05
6650,8.774369652327125e-05
6651,8.458736824360924e-05
6652,8.28744765464931e-05
6653,8.434108515990312e-05
6654,9.136997343392266e-05
6655,0.0001023550919951052
6656,0.0001063710033945065
6657,0.00010663765685295216
6658,0.00010545357774936069
6659,0.00010626938499215259
6660,0.00010398081132926007
6661,0.00010142073967753973
6662,9.87038336506758e-05
6663,0.00010479761082526277
6664,0.00011541930205602794
6665,0.0001288433206415404
6666,0.0001309433661943794
6667,0.00012106230443372847
6668,0.00011372430010062431
6669,0.00010640085854258464
6670,9.85514352310629e-05
6671,9.095287687836775e-05
6672,8.554174072889866e-05
6673,8.262072237978796e-05
6674,8.262944837125947e-05
6675,8.207705517201911e-05
6676,7.997989882705861e-05
6677,8.147268541488321e-05
6678,8.91617430971876e-05
6679,9.868156632126855e-05
6680,0.00010289268894793733
6681,0.0001031245259922508
6682,0.00010462706000867567
6683,0.00010922049196068515
6684,0.00010827391158149236
6685,0.00010488726382125107
6686,0.00010430422750814752
6687,0.00011156028339960613
6688,0.00012779906168891897
6689,0.00014595315133035275
6690,0.00014712193806093056
6691,0.0001384180388153134
6692,0.0001248155022036094
6693,0.00011078985714924972
6694,0.00010100052044276258
6695,9.329421506494088e-05
6696,9.221478949117169e-05
6697,9.147354715878022e-05
6698,9.008287509991496e-05
6699,8.833799782870926e-05
6700,9.325718067304337e-05
6701,0.00010507830174824954
6702,0.00010808911901293837
6703,0.00010182441163083076
6704,9.925859074727132e-05
6705,9.122189423416857e-05
6706,9.055717213468116e-05
6707,8.793928714147226e-05
6708,8.766411197898086e-05
6709,8.863946770128707e-05
6710,9.406534172932847e-05
6711,0.00010781476100014998
6712,0.00012848996176282094
6713,0.00013847780747930558
6714,0.00013805998132580157
6715,0.00013109672768328516
6716,0.00012128489017604706
6717,0.00010815311934503549
6718,9.37859640826501e-05
6719,8.493065867063082e-05
6720,8.007448390518298e-05
6721,8.046849598162762e-05
6722,7.66519399258448e-05
6723,7.37821977205985e-05
6724,7.628448521474828e-05
6725,8.638810353379985e-05
6726,9.088905164977842e-05
6727,8.881121505851074e-05
6728,8.574839205200839e-05
6729,8.375621025996778e-05
6730,8.809994460986924e-05
6731,9.088280629133394e-05
6732,8.691049566537224e-05
6733,8.773820994669382e-05
6734,9.108805678638135e-05
6735,0.00010614193882239972
6736,0.00012945948070153414
6737,0.00013802449368155618
6738,0.00013744574740439348
6739,0.00012838498720990104
6740,0.00011669513539770117
6741,0.00010473133414756439
6742,8.955190289646088e-05
6743,8.432780647722908e-05
6744,7.58820098020938e-05
6745,7.289669928170634e-05
6746,7.058632523209401e-05
6747,6.864436896287107e-05
6748,6.815787305039553e-05
6749,8.146317145762662e-05
6750,8.598247625800516e-05
6751,8.372676368674117e-05
6752,8.25182284598951e-05
6753,8.185087980779084e-05
6754,8.476506912009775e-05
6755,8.698293014976122e-05
6756,8.491428649265248e-05
6757,8.499988292404365e-05
6758,8.445735388907544e-05
6759,9.647613764065814e-05
6760,0.00011798672805507545
6761,0.00013095591527910433
6762,0.00013053636727444038
6763,0.00012371999629104153
6764,0.00011485923348636279
6765,0.00010372545204706687
6766,9.197052009780517e-05
6767,8.512767930081211e-05
6768,7.829239713857199e-05
6769,7.480296361925815e-05
6770,7.079364778531694e-05
6771,6.934431605134215e-05
6772,7.28279711548989e-05
6773,8.384285731240569e-05
6774,9.018571922682342e-05
6775,8.871070564503948e-05
6776,8.860578945995552e-05
6777,8.910212035278523e-05
6778,9.061600691329847e-05
6779,9.621100174594668e-05
6780,9.450161211898633e-05
6781,9.493785332472623e-05
6782,9.62156419889031e-05
6783,0.00010873341236985033
6784,0.00012902472787561044
6785,0.00013998775421089355
6786,0.00013894267810856908
6787,0.00013054445121971666
6788,0.00012122923644448792
6789,0.00010828932069017786
6790,9.371075712605446e-05
6791,8.686622366181943e-05
6792,8.234686049360497e-05
6793,7.95505742098764e-05
6794,8.094944694968981e-05
6795,8.022568578415934e-05
6796,8.48828845969222e-05
6797,9.796238703085857e-05
6798,0.00010654952142069804
6799,0.00010446187903299413
6800,0.00010009561469842372
6801,9.62753231011414e-05
6802,9.460968016721049e-05
6803,9.370652545794953e-05
6804,9.217466160396992e-05
6805,9.223761131502028e-05
6806,9.480089319771677e-05
6807,0.00010628126284676431
6808,0.0001245344027057711
6809,0.0001415258342393997
6810,0.0001406925458297468
6811,0.00013387833445627735
6812,0.00012407995073522108
6813,0.000117290399772432
6814,0.00010648315719124577
6815,9.751572716640518e-05
6816,9.35071117464951e-05
6817,8.944114992778395e-05
6818,8.560419431334363e-05
6819,8.714481334271275e-05
6820,8.81988780917704e-05
6821,9.228086188144432e-05
6822,0.00010221743145406459
6823,0.0001130898709079845
6824,0.00011330551087782743
6825,0.00011060521050028555
6826,0.00010870889787875978
6827,0.00010939644180209577
6828,0.00010823057346331443
6829,0.00010814701990618082
6830,0.00011484347417066173
6831,0.00012376683647937525
6832,0.00013195280873286866
6833,0.0001403863189785407
6834,0.00013608913297779332
6835,0.00012717356277517643
6836,0.00011964665094108523
6837,0.00011246177462554309
6838,0.00010474741448636308
6839,9.724040608432396e-05
6840,9.205404447102083e-05
6841,8.62282340311879e-05
6842,8.414768333554946e-05
6843,8.124149041676495e-05
6844,7.904318261213798e-05
6845,7.99576898654873e-05
6846,8.731755295314721e-05
6847,0.00010014846677385823
6848,0.00011055475150612419
6849,0.00011501169027381165
6850,0.00012053611839282063
6851,0.00012502495518284376
6852,0.0001315908697822675
6853,0.00013331531831089777
6854,0.00013508374700390118
6855,0.00014007180389463258
6856,0.00015363899878168103
6857,0.00016009305142354515
6858,0.00015413328680025318
6859,0.0001440489882348944
6860,0.00012888178504541817
6861,0.00011403741435647012
6862,0.00010012091715529932
6863,9.357686131043132e-05
6864,8.631759518799655e-05
6865,8.136984128797475e-05
6866,7.793025390054505e-05
6867,7.736023361485387e-05
6868,7.930951504748602e-05
6869,9.117134768825328e-05
6870,9.749634904487646e-05
6871,9.540529213877065e-05
6872,9.168197870088582e-05
6873,8.721689762008614e-05
6874,8.809171474500314e-05
6875,8.811707556971467e-05
6876,8.60191604428871e-05
6877,8.831395028030614e-05
6878,9.234877285854873e-05
6879,0.00010710007603310661
6880,0.0001304305463878995
6881,0.0001464316216653879
6882,0.0001502782663405926
6883,0.00014327109090153897
6884,0.000131293310554697
6885,0.00011839255961829589
6886,0.00010553050655711628
6887,0.00010077454936596007
6888,0.00010143667409674858
6889,9.705421268770764e-05
6890,9.711672463998854e-05
6891,9.615368453106353e-05
6892,0.0001006616367873537
6893,0.0001156113614201552
6894,0.00012263391678397635
6895,0.00011804530017843107
6896,0.00010744946589898285
6897,9.74298972636703e-05
6898,9.38731948134473e-05
6899,9.420863476653631e-05
6900,9.020997106265228e-05
6901,8.877879172565168e-05
6902,9.11475336111939e-05
6903,0.00010560685168651255
6904,0.00013092573910792858
6905,0.000150076488731783
6906,0.00015650129908784626
6907,0.0001513878972694555
6908,0.00014449824546804667
6909,0.0001319596085857545
6910,0.0001182953188036367
6911,0.00011195765162661675
6912,0.00010684781024621768
6913,0.00010600775116759692
6914,0.00010615221156152336
6915,0.00010699057797290215
6916,0.00011111356516731683
6917,0.0001242277672797135
6918,0.00013061154504711808
6919,0.00012302711171071796
6920,0.00011311362661720796
6921,0.00010377690329443903
6922,9.939023940121116e-05
6923,9.658942961019802e-05
6924,9.312938429627492e-05
6925,9.162915580936929e-05
6926,9.329223055851927e-05
6927,0.00010838142513527519
6928,0.00013221371295947523
6929,0.00014951665363346157
6930,0.00015359697393981151
6931,0.00014844805529325738
6932,0.00013834782230868974
6933,0.00012744479810874258
6934,0.00011169820659590843
6935,0.00010507888542660885
6936,9.891185661792989e-05
6937,9.431025316889023e-05
6938,9.347118634348026e-05
6939,9.091079366866231e-05
6940,9.48724521645668e-05
6941,0.00010798574957550657
6942,0.00011291467984844098
6943,0.00010931729501657485
6944,0.00010311378631043972
6945,9.433517623483228e-05
6946,9.127757714964566e-05
6947,8.926461640801402e-05
6948,8.497539761687106e-05
6949,8.294694021480005e-05
6950,8.58743206580271e-05
6951,9.678910597691415e-05
6952,0.00012148967372840702
6953,0.00013744606842749113
6954,0.00013968984477630744
6955,0.0001346476517177511
6956,0.00012753138679334454
6957,0.0001152984806356531
6958,0.00010227638296835376
6959,9.85823118162698e-05
6960,9.597344465371208e-05
6961,8.94675613735422e-05
6962,8.287427225906735e-05
6963,7.882132646776853e-05
6964,8.176000108724802e-05
6965,9.239202342497278e-05
6966,9.867599219293725e-05
6967,9.830900442452815e-05
6968,9.54545254083775e-05
6969,9.380437913488597e-05
6970,9.615876253278944e-05
6971,9.426554340656793e-05
6972,9.392315768100328e-05
6973,9.743900264607536e-05
6974,0.00010465989191638622
6975,0.00011637262392027062
6976,0.00013045059573954144
6977,0.00013774327744804605
6978,0.00013192625136752059
6979,0.0001217483016094123
6980,0.00011215458470504414
6981,0.0001036824641359045
6982,9.422398550738586e-05
6983,8.60313009527605e-05
6984,7.95664794451673e-05
6985,7.612090935455479e-05
6986,7.432236285821155e-05
6987,7.22359170111442e-05
6988,7.329888285518116e-05
6989,7.698028818686834e-05
6990,8.583527257579002e-05
6991,9.766010000857774e-05
6992,0.00010494428919695455
6993,0.00010767549534362129
6994,0.0001088398169347505
6995,0.00010878649791662854
6996,0.00010640511939460752
6997,0.00010415722811335812
6998,0.0001036901978741652
6999,0.00010909949543680251
7000,0.00012500391357799103
7001,0.00013372091640277448
7002,0.000128578126378993
7003,0.0001196635776135049
7004,0.00011032597877319702
7005,0.00010249356968584882
7006,9.33502190035156e-05
7007,8.443170122518425e-05
7008,7.732220696974557e-05
7009,7.486699313527325e-05
7010,7.265353887722246e-05
7011,6.809801683464945e-05
7012,6.69018555890205e-05
7013,6.875593908125102e-05
7014,7.202663913541762e-05
7015,8.593832099012421e-05
7016,9.881581234390727e-05
7017,0.00010197208225573334
7018,0.00010898340181113799
7019,0.0001132796539265105
7020,0.00011323450640541873
7021,0.0001147156486099753
7022,0.00011544156938543518
7023,0.0001254968591363368
7024,0.00013811922467927038
7025,0.0001460013047949949
7026,0.0001426470219997767
7027,0.0001321146919258202
7028,0.00011545992606983514
7029,9.958536307672473e-05
7030,8.842537447909629e-05
7031,7.735471785435851e-05
7032,7.253951730973345e-05
7033,7.02454862541815e-05
7034,6.743609639128667e-05
7035,6.453862946397367e-05
7036,6.80187241295387e-05
7037,7.949655477772331e-05
7038,8.522319826431135e-05
7039,8.362438650252016e-05
7040,8.078925642398028e-05
7041,8.248014344695083e-05
7042,8.666540912230268e-05
7043,8.998140261715089e-05
7044,8.648505250927938e-05
7045,8.576663200073649e-05
7046,9.002301888416889e-05
7047,0.00010471309419883631
7048,0.00012726064758638382
7049,0.00013744697312894803
7050,0.00014054785196447665
7051,0.00013065710114306133
7052,0.0001217486518164279
7053,0.00011042651737058624
7054,9.70792233054036e-05
7055,8.98744143738914e-05
7056,8.212523782057922e-05
7057,7.916371219333318e-05
7058,7.54645046716874e-05
7059,7.366312733530157e-05
7060,7.73740376080513e-05
7061,8.783477953123982e-05
7062,9.248240601891018e-05
7063,9.154169160722835e-05
7064,8.910051523729717e-05
7065,8.638226675020686e-05
7066,8.338318142053994e-05
7067,8.667857106930488e-05
7068,8.357783815336608e-05
7069,8.230393095027855e-05
7070,8.759296158698233e-05
7071,0.00010567849820511647
7072,0.00012824773524371195
7073,0.00014036288429241487
7074,0.00014001296911601523
7075,0.000132413681165371
7076,0.00012251216147822662
7077,0.00011100593487786213
7078,9.880834126090825e-05
7079,8.76360954177345e-05
7080,8.329767254090267e-05
7081,8.216691245543315e-05
7082,8.242819607297326e-05
7083,8.135495748981265e-05
7084,8.385263392492394e-05
7085,9.637562822718689e-05
7086,0.00010343314592473003
7087,9.819244385617618e-05
7088,9.20958358415466e-05
7089,8.956252584260012e-05
7090,8.697175270918066e-05
7091,8.714986216052069e-05
7092,8.436953947991894e-05
7093,8.5952650293845e-05
7094,9.105326955616714e-05
7095,0.00010682198247881869
7096,0.00013175876486231982
7097,0.00014373791685330612
7098,0.00014387055776045676
7099,0.00013785382612929722
7100,0.00012677922967563418
7101,0.00011344150793554405
7102,0.00010051892742850516
7103,9.527273878337389e-05
7104,8.606988209231016e-05
7105,7.932115943075403e-05
7106,7.527057753681037e-05
7107,7.358543974567888e-05
7108,7.579066413886354e-05
7109,8.623205712444132e-05
7110,9.317353956415587e-05
7111,9.098039731300869e-05
7112,8.726741498208345e-05
7113,8.739378134687164e-05
7114,8.920423488174456e-05
7115,8.722180051830424e-05
7116,8.313660649765417e-05
7117,8.315659748146017e-05
7118,8.910034013378938e-05
7119,0.00010591249485935937
7120,0.00012600092376742724
7121,0.0001332188946459416
7122,0.00013200887103927933
7123,0.00012882931236091722
7124,0.0001211677459293358
7125,0.00010848213883617221
7126,9.619299526856231e-05
7127,8.804898948910248e-05
7128,8.442145766997856e-05
7129,8.399598532996772e-05
7130,8.389891961881633e-05
7131,8.47164195288502e-05
7132,9.183881307602941e-05
7133,0.00010378031781284093
7134,0.00011125822984866903
7135,0.00011027479018108653
7136,0.00010553447556995951
7137,0.00010228248240720843
7138,9.890616575392672e-05
7139,9.561395715221996e-05
7140,9.132400876312787e-05
7141,9.601567378300734e-05
7142,0.00010150473099344283
7143,0.00011411329254317897
7144,0.000132205570646363
7145,0.00014169046072063992
7146,0.00013738008358897238
7147,0.00012724812768557685
7148,0.00011952060559939465
7149,0.00011578313796129682
7150,0.0001113987504136702
7151,0.00010114903740128615
7152,9.008903290660558e-05
7153,8.315983689635427e-05
7154,7.90570741570893e-05
7155,7.562446172605322e-05
7156,7.35379866950679e-05
7157,7.701212784136808e-05
7158,8.458649272607029e-05
7159,9.863023180956823e-05
7160,0.00010875217762910177
7161,0.00011264157674412508
7162,0.0001160680021845526
7163,0.00011730087679898142
7164,0.00011637799376117616
7165,0.00011523885789125071
7166,0.00011504898732097082
7167,0.00011795121122691211
7168,0.00013036552461867363
7169,0.0001374806221863616
7170,0.0001313933530254808
7171,0.00012255039241076068
7172,0.00011319776385270087
7173,0.00010593368238380189
7174,9.855881876230802e-05
7175,9.063217480385104e-05
7176,8.383611582735578e-05
7177,8.093123618487969e-05
7178,7.543920221481178e-05
7179,7.546961185733126e-05
7180,7.46486098771416e-05
7181,7.490569101049474e-05
7182,7.766202451052931e-05
7183,8.640176160740743e-05
7184,0.00010127700888156241
7185,0.00011484545867708335
7186,0.00012068387656947712
7187,0.00012541887970753452
7188,0.0001332420374928878
7189,0.0001345972219075077
7190,0.0001305243726841568
7191,0.0001286657073168058
7192,0.00014166956503537702
7193,0.00015708138782523536
7194,0.0001598346570138836
7195,0.00015569681520522476
7196,0.00014447626997781906
7197,0.0001323141056372746
7198,0.00011939922968457847
7199,0.00010739445421361894
7200,0.00010179692038010778
7201,9.610579372168308e-05
7202,9.443988813249048e-05
7203,9.074278185293817e-05
7204,8.794465698237781e-05
7205,9.03515422487002e-05
7206,9.853077301714371e-05
7207,0.00010309735576462545
7208,0.00010324196207814172
7209,0.00010243012384819306
7210,0.00010157270033838316
7211,0.00010429141576816092
7212,0.00010571080480230367
7213,0.0001019937659067813
7214,0.00010388701421692076
7215,0.00010916025635400552
7216,0.00012433008609609856
7217,0.00014474254404533117
7218,0.00014969861536197297
7219,0.00014623696493256178
7220,0.00013888095412207326
7221,0.0001280343424355523
7222,0.00011578197060457822
7223,0.00010566802117856707
7224,9.767416665703684e-05
7225,9.427473634072689e-05
7226,9.322682939835984e-05
7227,8.890731770036928e-05
7228,8.799663354027337e-05
7229,9.302061583401959e-05
7230,0.00010301044605692586
7231,0.00010656466787412184
7232,0.00010241097919800805
7233,9.666717556765662e-05
7234,9.372631215432976e-05
7235,9.72333727600944e-05
7236,9.801232071449658e-05
7237,9.345125372751023e-05
7238,9.57356249062158e-05
7239,0.00010383924014321215
7240,0.00012055073953572106
7241,0.0001407508261139228
7242,0.00014566306318578126
7243,0.0001434260575059328
7244,0.00013649408902347481
7245,0.00012760382127773354
7246,0.00011441143544910878
7247,0.00010149606336980724
7248,9.598036124226975e-05
7249,8.771261565063859e-05
7250,8.395565315534018e-05
7251,8.011782202336091e-05
7252,7.679041761658845e-05
7253,7.93633010082954e-05
7254,8.850072735528175e-05
7255,9.431220849139387e-05
7256,9.515226757001462e-05
7257,9.293268468919122e-05
7258,9.153121458067895e-05
7259,9.919070895408487e-05
7260,0.00010244780930247981
7261,9.956598495519602e-05
7262,9.978559393788217e-05
7263,0.00010617827280026606
7264,0.00012581738610734574
7265,0.0001464383923343558
7266,0.00015177026496263212
7267,0.00014622173092738406
7268,0.00013947315418541778
7269,0.00012861685343813246
7270,0.00011823292358702767
7271,0.00010556654869580297
7272,0.00010107111634031975
7273,9.382013845058705e-05
7274,8.771092298339662e-05
7275,8.385041594715861e-05
7276,8.214327348188155e-05
7277,8.426252205274152e-05
7278,9.125428838310963e-05
7279,9.632330146227576e-05
7280,0.00010066840745632158
7281,0.00010183103638020879
7282,0.00010148357265291824
7283,0.00010244054250690655
7284,0.00010736156393807246
7285,0.00010665256983503224
7286,0.00010588643362061666
7287,0.00010924001600180369
7288,0.00012308857304195212
7289,0.00013637965888113428
7290,0.00013782213239438732
7291,0.0001333744741126127
7292,0.0001284073129071442
7293,0.00011880434470078117
7294,0.00010816006511751114
7295,9.501408171845066e-05
7296,8.898614346279257e-05
7297,8.309102121779294e-05
7298,7.931736552141858e-05
7299,7.510799392982771e-05
7300,7.338086048074467e-05
7301,7.391282493740957e-05
7302,7.95574032466802e-05
7303,8.59768729457559e-05
7304,9.151825692110252e-05
7305,9.090162991842131e-05
7306,9.158584687510932e-05
7307,9.545125680956544e-05
7308,9.866665333918846e-05
7309,0.00010095966295761165
7310,0.0001160459391425711
7311,0.00011798923787202043
7312,0.00013235464209932792
7313,0.00014813952291253205
7314,0.0001533546890528666
7315,0.00014823743495730442
7316,0.00014046453187868674
7317,0.0001370487877522344
7318,0.0001356917063829468
7319,0.00012988515732897073
7320,0.00012044176678603997
7321,0.0001161534818802719
7322,0.00011309512401321819
7323,0.00011059015159861566
7324,0.00010859172444813054
7325,0.00010817906384810632
7326,0.00011154040915147201
7327,0.00012204939209105659
7328,0.00012901285002099873
7329,0.00012955934806881017
7330,0.0001260896136941227
7331,0.0001272783038567526
7332,0.00012930839555822966
7333,0.0001267031472014996
7334,0.00012671692201077906
7335,0.00013548438382972387
7336,0.00015049376039084566
7337,0.00016041004714048034
7338,0.00016191360259403396
7339,0.00015689840465959518
7340,0.0001474680009601588
7341,0.0001390241012396913
7342,0.00013584308336543093
7343,0.00012470136390044852
7344,0.00011388215591289667
7345,0.00010632127399829426
7346,9.906285420948047e-05
7347,9.424248811137563e-05
7348,8.90816040584559e-05
7349,8.674204609087861e-05
7350,8.645613124657612e-05
7351,9.112325259144707e-05
7352,0.00010211765163854247
7353,0.0001085801968005344
7354,0.00011047219020220136
7355,0.00011476441493689471
7356,0.00011694567933343015
7357,0.00011898157863458223
7358,0.0001162688459079873
7359,0.00012453291432595488
7360,0.0001423557956824046
7361,0.00015675286446070405
7362,0.00015738449199721922
7363,0.00015342219145511948
7364,0.00014324870683645987
7365,0.00013139583365850784
7366,0.00012206666897049183
7367,0.00011086541431286095
7368,0.00010576304401546091
7369,0.00010199367835502741
7370,0.00010065784287801827
7371,0.00010134547435310814
7372,0.00010287809698895487
7373,0.00010808106425158006
7374,0.00012224758007795648
7375,0.00012699393576010224
7376,0.00011745759443845314
7377,0.00010986770370939358
7378,0.00010425432300842747
7379,9.79726889539002e-05
7380,9.866113757869309e-05
7381,9.618362723089557e-05
7382,9.580280628537109e-05
7383,0.00010439749930996346
7384,0.0001306259035347568
7385,0.00015197846303339398
7386,0.00015665553609429099
7387,0.00015433048253394227
7388,0.00014343708902692353
7389,0.0001305307639621911
7390,0.0001173839634134276
7391,0.00010404694208736862
7392,9.685894309260424e-05
7393,9.361728103681275e-05
7394,9.031479969598234e-05
7395,8.731165780171829e-05
7396,8.463289515563454e-05
7397,8.715458995523099e-05
7398,9.702333610250074e-05
7399,0.0001021087213596452
7400,9.92710814641603e-05
7401,9.553335117080081e-05
7402,9.48135298341956e-05
7403,9.715212473248001e-05
7404,9.93777195004042e-05
7405,9.805694292506496e-05
7406,0.00010034680068034796
7407,0.00010854701468580826
7408,0.0001264556967610749
7409,0.00014655235553400885
7410,0.0001510877114892681
7411,0.00014646856850553152
7412,0.00014029164634866246
7413,0.00013040293840150467
7414,0.00011945794772752393
7415,0.00010555032243741447
7416,9.9353759503755e-05
7417,9.822556760306638e-05
7418,9.308353636115199e-05
7419,8.77125280988847e-05
7420,8.506297855468385e-05
7421,8.840348654062257e-05
7422,9.935486849263765e-05
7423,0.0001036076365702424
7424,9.973288778203751e-05
7425,9.675043728561059e-05
7426,9.768931311046063e-05
7427,9.947507705073522e-05
7428,0.00010125576298928394
7429,0.00010122062555205415
7430,0.00010263546189499438
7431,0.0001102971158783297
7432,0.00013023445964309308
7433,0.0001487258278244477
7434,0.0001543113378837573
7435,0.0001531564135142128
7436,0.00014530839103075338
7437,0.00013244012179504722
7438,0.00012119193939732872
7439,0.00010767030060622355
7440,0.00010081400602304865
7441,9.558392690063404e-05
7442,9.278568529440183e-05
7443,9.044259607275081e-05
7444,8.494402490505876e-05
7445,8.600844994499396e-05
7446,9.810696416045688e-05
7447,0.00010597474415637857
7448,0.00010354643789426993
7449,0.00010150295077444696
7450,9.960783469355774e-05
7451,9.790877617355697e-05
7452,9.821900122152428e-05
7453,9.41186607474504e-05
7454,9.539055426019835e-05
7455,0.0001064199448249337
7456,0.0001306381607803021
7457,0.00015168055359880787
7458,0.00015867570526365994
7459,0.0001581867287181574
7460,0.0001542432226192271
7461,0.00014687028513631892
7462,0.00013919290102120047
7463,0.0001263706256402071
7464,0.00011894337688596614
7465,0.00011673082732937228
7466,0.00011708695868029842
7467,0.00011634063834618105
7468,0.00011458744365835533
7469,0.00011185851385728985
7470,0.00012237347950005723
7471,0.0001274071508545678
7472,0.00012397795294193364
7473,0.00011853950064524935
7474,0.00011402568242144823
7475,0.000112329513109326
7476,0.00011449379246560584
7477,0.00011589987363315658
7478,0.00012071308967136001
7479,0.00013036292724997474
7480,0.00014577504187901274
7481,0.0001619816594907282
7482,0.00016548787376287184
7483,0.00015686431784341215
7484,0.000146191000261767
7485,0.00013695350226007887
7486,0.0001324442367274803
7487,0.00012299457164218706
7488,0.00011450453214741694
7489,0.00010910550732390328
7490,0.00010706826556252482
7491,0.00010302209044019387
7492,0.00010142003926350857
7493,9.584728257634965e-05
7494,9.793019716934324e-05
7495,0.00010804044023777286
7496,0.00012214677882530558
7497,0.00013174023307441205
7498,0.00013682856590727097
7499,0.00014296445547548134
7500,0.00014602654888403458
7501,0.0001468794488865599
7502,0.00014903774553965692
7503,0.00015247464800663386
7504,0.00015962231482677072
7505,0.00016895527342412214
7506,0.00016745735046673574
7507,0.0001592827015734127
7508,0.00014850651068094116
7509,0.00013848796348275738
7510,0.00013004064924388792
7511,0.0001202725292457613
7512,0.00011406379661831043
7513,0.00010945828252426347
7514,0.00010525477690018353
7515,0.00010370408941911653
7516,9.800216471104479e-05
7517,9.573898105678176e-05
7518,9.789657729584763e-05
7519,0.00010511507348488537
7520,0.00011771362495075955
7521,0.00012793672222995958
7522,0.00013685696185945084
7523,0.00014335306852710248
7524,0.00014971457896509978
7525,0.0001500610796230975
7526,0.0001487213043171631
7527,0.00015156445997314334
7528,0.0001622250241826378
7529,0.00017336245361167937
7530,0.0001749386770209657
7531,0.00017107889958267684
7532,0.00016383895321393487
7533,0.00015000487139709703
7534,0.00013631519160634974
7535,0.0001212502196815047
7536,0.00011462153047453837
7537,0.00010967503148298906
7538,0.00010882254005531524
7539,0.00010568284660889324
7540,0.00010199980697780004
7541,0.0001021849497533696
7542,0.00011130139286333916
7543,0.0001159512081448569
7544,0.00011225270103724228
7545,0.00010898270139710683
7546,0.00010760962724077442
7547,0.00010683651606996525
7548,0.00011587792732684695
7549,0.00011539058508075043
7550,0.00011189613192754666
7551,0.00011993638887864113
7552,0.00014234286720674614
7553,0.00016459557547109387
7554,0.00016909964626629469
7555,0.0001680462819312682
7556,0.00015558693775408677
7557,0.00014385368945587303
7558,0.00013222004586967362
7559,0.0001189999353189822
7560,0.00011110378855479856
7561,0.00010824414398516812
7562,0.00010930357857513133
7563,0.00010520764487267017
7564,0.00010478030476190955
7565,0.00010853329824436474
7566,0.000119160738706969
7567,0.0001235866841537777
7568,0.00011989576486483393
7569,0.00011311170047862227
7570,0.00010594783658401489
7571,0.00010415445564115146
7572,0.00010854853224954245
7573,0.00010976383814535638
7574,0.00011118045470729247
7575,0.00012300423151903345
7576,0.00014405651768572934
7577,0.0001638184369196055
7578,0.00016837641041128758
7579,0.0001646493030640673
7580,0.00015792941411346052
7581,0.00014657981760081388
7582,0.00013683758373792215
7583,0.000124680993525709
7584,0.0001153463422611156
7585,0.00011050064452221719
7586,0.00010879286001074491
7587,0.00010554115868717348
7588,0.00010666462279315176
7589,0.00010772723843017314
7590,0.00011749337392187817
7591,0.00012285766988301351
7592,0.0001174831887345084
7593,0.00011239453487855187
7594,0.00010718146998031082
7595,0.00010649938344963427
7596,0.00011461931249677304
7597,0.00011337441410814265
7598,0.00011431212257627408
7599,0.00012145768815431745
7600,0.00014183392886135557
7601,0.00016098243132352664
7602,0.00016268157739528132
7603,0.0001588903237963741
7604,0.00015133317742327122
7605,0.00014225729995927293
7606,0.00013715776050191549
7607,0.0001226401913263388
7608,0.00011071234466313484
7609,0.0001065967409999653
7610,0.00010188631072083439
7611,9.953674266939516e-05
7612,9.567600216181342e-05
7613,9.973104919520571e-05
7614,0.00011127025362287059
7615,0.00011783240349687685
7616,0.00011106523659916689
7617,0.0001065002005993373
7618,0.00010097562656073849
7619,0.00010023905365522139
7620,0.00010290275739963524
7621,0.00010307351250364809
7622,0.00010649456810317007
7623,0.0001198264530596672
7624,0.00014157066073739385
7625,0.00016077677225362772
7626,0.00016565521434848282
7627,0.00016437552872963822
7628,0.00015770983431469233
7629,0.0001472134588276686
7630,0.00013546214568423457
7631,0.00012188073822913721
7632,0.00011470152359368027
7633,0.0001110203517333368
7634,0.00011021782317321897
7635,0.00010819777073952183
7636,0.00010503694813649324
7637,0.000104205615049344
7638,0.00011409344747896281
7639,0.00011901300971423047
7640,0.00011485873735975739
7641,0.0001084990363246739
7642,9.99558820992076e-05
7643,9.898627560874048e-05
7644,9.9184784618738e-05
7645,9.787331771322958e-05
7646,0.0001036654790956489
7647,0.0001147163198400885
7648,0.00013466367368871385
7649,0.0001491085165407219
7650,0.0001520914631637542
7651,0.00014405038906295672
7652,0.00013650687157954345
7653,0.00012669894471731264
7654,0.00012304412593489153
7655,0.00011792955675978212
7656,0.00010698170606184081
7657,9.825974197100332e-05
7658,9.729451306823095e-05
7659,9.289988196539863e-05
7660,8.876989063067238e-05
7661,8.60937253532875e-05
7662,8.670953520626567e-05
7663,9.503830437036155e-05
7664,0.00010968165623236712
7665,0.00011660177604413132
7666,0.00012007874803047411
7667,0.00012454213644403183
7668,0.00013076245508691477
7669,0.0001334584654285158
7670,0.00013510884517335103
7671,0.00014173382802273583
7672,0.00015466560146393365
7673,0.00016354008071005593
7674,0.00016317563194250976
7675,0.00015825312213152765
7676,0.00015168700324467814
7677,0.0001443894186379554
7678,0.00013815908991121048
7679,0.00013073111155902044
7680,0.00012218985428822182
7681,0.00011154099282983131
7682,0.00010510675606826536
7683,0.0001015230584939248
7684,9.85185449555164e-05
7685,9.709282301117527e-05
7686,9.938174688108336e-05
7687,0.00010849973673870506
7688,0.00012147429380363951
7689,0.00012641994646156782
7690,0.00013241662874108545
7691,0.0001393502023390315
7692,0.0001412682277955232
7693,0.00013965645837415555
7694,0.0001432470141692179
7695,0.00015095915633063256
7696,0.00016585252681784377
7697,0.0001772594113614556
7698,0.00018040272361370522
7699,0.00017551864902268292
7700,0.0001664877439762686
7701,0.00015235175452808352
7702,0.00013975244428034224
7703,0.00012679671084249517
7704,0.00012455710779394783
7705,0.00011948949554284403
7706,0.00011671813232505753
7707,0.00011317926124871111
7708,0.00011253120316638169
7709,0.00011825746726203617
7710,0.00013120686778968484
7711,0.00013926834144913983
7712,0.00013766022001751783
7713,0.0001265991940857085
7714,0.00012050524180761373
7715,0.00012007048898169003
7716,0.00012231575371032257
7717,0.00012075838311204159
7718,0.00012366679400859144
7719,0.00013671504046638736
7720,0.0001589308602584274
7721,0.00018126128529631579
7722,0.00018678156929897373
7723,0.00018663439480067656
7724,0.00017908028355504202
7725,0.00017008521635988863
7726,0.00015940895120252903
7727,0.00014855583150230188
7728,0.00014055684061120986
7729,0.00013300226242288788
7730,0.00013168136911187678
7731,0.00013040538985061376
7732,0.00012886307815400267
7733,0.00013287858097855247
7734,0.000147387949473181
7735,0.00015479552826671357
7736,0.00015136685566460276
7737,0.00014318266363010519
7738,0.00013345747317530497
7739,0.00012987412580798
7740,0.0001325727335182799
7741,0.00013160409009710562
7742,0.0001357027670878555
7743,0.0001502431289033628
7744,0.00017174327147514865
7745,0.00018759504182832843
7746,0.00019301391171605824
7747,0.00019128237149536247
7748,0.00018459026563465836
7749,0.00017305409633446182
7750,0.0001625551526626572
7751,0.00014974277062985392
7752,0.00014113421524422818
7753,0.0001365453651673392
7754,0.00013514503323162755
7755,0.00013672254073330436
7756,0.00013476654699954028
7757,0.0001391224510432331
7758,0.00014718509205940668
7759,0.00015234279506526826
7760,0.00014968913058863436
7761,0.00014757046569613373
7762,0.00014827423587785823
7763,0.0001483782181775673
7764,0.00015268579365311017
7765,0.00015094710337251304
7766,0.0001523727377651003
7767,0.00015877875367799414
7768,0.00017535737869200867
7769,0.00019289271090474984
7770,0.00019763428042434935
7771,0.00019533727260916494
7772,0.00018851258420914612
7773,0.00017880192734549244
7774,0.0001693197805595042
7775,0.0001591614132103504
7776,0.00015223058290069307
7777,0.0001487761700829372
7778,0.00014574264773007165
7779,0.00014201837122289397
7780,0.000138894495460009
7781,0.00014199709614669753
7782,0.00015236360319877725
7783,0.00015793574702365894
7784,0.00015458654223016665
7785,0.0001558135800610025
7786,0.00015707692268578671
7787,0.00016088250558841472
7788,0.00016485233558134938
7789,0.00016335911123475534
7790,0.00016368640887473213
7791,0.00017024566954085987
7792,0.00019025781168736738
7793,0.00020815032587208143
7794,0.00021279167781738934
7795,0.00020991548596627276
7796,0.00020476516649165633
7797,0.00019565339280856118
7798,0.00018522740893166888
7799,0.00017935052663539734
7800,0.00016895185890572023
7801,0.00016759474835251466
7802,0.00016754078728819748
7803,0.00016380833928398964
7804,0.00016185053614731175
7805,0.00016449748832281368
7806,0.00017521881344951113
7807,0.00018716968622398944
7808,0.00018837089628742632
7809,0.00018603373140112217
7810,0.00018000585151330004
7811,0.00017457539561013816
7812,0.00017268083402369026
7813,0.000171746306602617
7814,0.00017493427024935302
7815,0.00018818677494898553
7816,0.00020820361570628542
7817,0.00022373646420394434
7818,0.00022764144753116092
7819,0.00022350223407835773
7820,0.0002106487027212239
7821,0.00020163916030275993
7822,0.00019537699192151523
7823,0.00018601391552082398
7824,0.0001778612129338106
7825,0.00017152608475765358
7826,0.000166505721269735
7827,0.0001623578110093783
7828,0.0001601055713243521
7829,0.00015685754717444428
7830,0.00015572448155945555
7831,0.00016318794755589095
7832,0.0001753719414670732
7833,0.0001809927348832024
7834,0.00018128661693710932
7835,0.00017891699953402818
7836,0.0001779910521848366
7837,0.00017463507672237644
7838,0.00017575626448275346
7839,0.00018489836025661422
7840,0.0001954494555898222
7841,0.00020248969640793008
7842,0.00020448640170725525
7843,0.00019917346944173817
7844,0.00019037241693321572
7845,0.00018001466505652544
7846,0.00017471711271577588
7847,0.00016375105125302446
7848,0.00015974955670909784
7849,0.0001564208682099349
7850,0.00015054179711981598
7851,0.00014213642017106215
7852,0.00013992392898230422
7853,0.0001390414073030445
7854,0.00013957483095560763
7855,0.00014087847657110145
7856,0.00015160490888344274
7857,0.00016214967130645234
7858,0.00017226849444676367
7859,0.00017989220933674457
7860,0.00018783341607026604
7861,0.0001874959332429195
7862,0.00018520213565871127
7863,0.0001865598590741941
7864,0.00018825118385593415
7865,0.00019341160096616645
7866,0.0001919174427341975
7867,0.0001826828631243059
7868,0.0001652639163764089
7869,0.0001485858909378058
7870,0.00013126395153322426
7871,0.00011552293414872143
7872,0.00010793024176353724
7873,0.00010475736620238912
7874,9.740012966734606e-05
7875,9.249909921998613e-05
7876,8.703473160414899e-05
7877,8.7723092677188e-05
7878,9.56839985553358e-05
7879,0.00010053862657313148
7880,0.00010218725528288884
7881,0.00010418223873105408
7882,0.00010649450973533413
7883,0.0001111612808731895
7884,0.0001163386830236774
7885,0.00011548149298521122
7886,0.00011463043156951768
7887,0.00011863323938975272
7888,0.00013407958675456358
7889,0.00015048623094001074
7890,0.00015534987678845759
7891,0.0001549832100431461
7892,0.00014780011394659984
7893,0.00013580882144574008
7894,0.00012572639065113107
7895,0.00011209163499399378
7896,0.00010587563557096963
7897,0.00010436828620808057
7898,0.00010050766243617069
7899,9.671877273461865e-05
7900,9.614329505626801e-05
7901,9.804480241519155e-05
7902,0.00010865712560828998
7903,0.00011443244787004353
7904,0.00011397773324423184
7905,0.00010908744247868299
7906,0.00010482448921370848
7907,0.00010782909030387077
7908,0.00011423373457262028
7909,0.00011442045327975995
7910,0.00011870865063377414
7911,0.00012634727850583514
7912,0.0001427424242276041
7913,0.00016065542552272952
7914,0.00016458629498518102
7915,0.00016051881560273567
7916,0.00015297372218775227
7917,0.0001411660840826459
7918,0.00013366768493640644
7919,0.00012389717185700666
7920,0.00011250712643406061
7921,0.00010631062186823704
7922,0.000100912764401442
7923,9.57823191749597e-05
7924,9.406464131529731e-05
7925,9.73797884765245e-05
7926,0.00010789977375318185
7927,0.00011510002999349152
7928,0.0001130185454124782
7929,0.00011117237076201617
7930,0.0001102712297430948
7931,0.00011213386412328904
7932,0.00011518822379358155
7933,0.00011740824443317444
7934,0.0001232391620586512
7935,0.00013014848382076838
7936,0.0001485014910470512
7937,0.00016525311832676188
7938,0.00016938468559305825
7939,0.00016644008663823187
7940,0.00016303604526288348
7941,0.00015304749913236764
7942,0.00014272059465696632
7943,0.00012857214367581018
7944,0.00011958720330019064
7945,0.00011644281124297629
7946,0.00011537640169661948
7947,0.00011205880308628321
7948,0.00010934391074975888
7949,0.00011328677480249393
7950,0.0001253630508724676
7951,0.00013241181339462122
7952,0.00013330384903113756
7953,0.00013523170946798342
7954,0.00013565093644954978
7955,0.0001385228090808075
7956,0.00014173274821777112
7957,0.00014354492360380399
7958,0.0001482561710326379
7959,0.00015757914873004535
7960,0.0001745889953159098
7961,0.00018939399689952316
7962,0.00019381687803494556
7963,0.00019095449017702643
7964,0.00018530862777536532
7965,0.0001754815562629495
7966,0.00016474339201558627
7967,0.00015448381483893007
7968,0.0001419405960815174
7969,0.0001378028126406945
7970,0.0001355961290516116
7971,0.00013167281822391304
7972,0.0001312570933125025
7973,0.0001320489405586452
7974,0.00014438378614178819
7975,0.0001522950793593956
7976,0.00015249755738223637
7977,0.00014627032215079573
7978,0.0001445059500223894
7979,0.00014306601550999933
7980,0.00013969518543329503
7981,0.00013972428179950607
7982,0.0001460876016404172
7983,0.00015322330305418843
7984,0.00016489596553870696
7985,0.00017214309115126832
7986,0.0001734969622895798
7987,0.00016863162377389097
7988,0.0001579946985379481
7989,0.00014763677155775007
7990,0.00014228476202607793
7991,0.00013373349467141736
7992,0.0001242873608401979
7993,0.00011488287245991439
7994,0.00010965836746583109
7995,0.00010520641914811563
7996,0.00010362850307158734
7997,0.00010473471948204832
7998,0.00010729998587116643
7999,0.00011582776017186522
8000,0.00013097853281552715
8001,0.00014119789455322769
8002,0.00014037838095285425
8003,0.000145078947067713
8004,0.00014870901788769988
8005,0.00015060506785396398
8006,0.00015435622274958735
8007,0.0001609385970787433
8008,0.00017116951564795797
8009,0.00018012264555299572
8010,0.0001799718230649529
8011,0.00017299459032573132
8012,0.00016080761965491666
8013,0.00015136676811284888
8014,0.00014288204009114838
8015,0.00012943476192301786
8016,0.00012229608374961421
8017,0.00011511036110045111
8018,0.00010791544551712903
8019,0.00010209827351701374
8020,9.827471332091934e-05
8021,9.669650540521139e-05
8022,9.712369959638217e-05
8023,0.00010401297200685743
8024,0.0001184481549820191
8025,0.00013288266672706756
8026,0.00014101038788030297
8027,0.00014654027339197138
8028,0.00014916274026030078
8029,0.0001520251281182199
8030,0.00015178938042889915
8031,0.00015881853135818035
8032,0.00016683004215007938
8033,0.00017467520460957823
8034,0.00017922976358285842
8035,0.00017819814126671582
8036,0.00016849005258784305
8037,0.00015396833929591535
8038,0.00013930747708313084
8039,0.0001244044759029912
8040,0.00012003147008337091
8041,0.00011796866320985515
8042,0.00011741495673430637
8043,0.000112802292580358
8044,0.00010832725978353229
8045,0.00011122268383658772
8046,0.00012138496183074882
8047,0.00012679142855334354
8048,0.0001254889794784863
8049,0.0001228911730208373
8050,0.00011913531951442153
8051,0.00012031861065222794
8052,0.00012470758007497506
8053,0.00012091962425879788
8054,0.00012189746061413111
8055,0.00013032962839957675
8056,0.00014793990491365186
8057,0.00016393992957009352
8058,0.00016745878047871602
8059,0.0001628815164172591
8060,0.00015535845686033924
8061,0.00014293430848822357
8062,0.00013161223241021786
8063,0.00011613705133445763
8064,0.00010739092295954519
8065,0.00010419046859592018
8066,0.00011021125679167684
8067,0.00010857859168504631
8068,0.00011240013819080114
8069,0.00011711339930997465
8070,0.00013120713044494653
8071,0.00013837397109918635
8072,0.00013860633345402318
8073,0.00013921303792459628
8074,0.00013980135652685147
8075,0.00014529975259103573
8076,0.00014757875392883575
8077,0.00014631599498241083
8078,0.00015338013742933202
8079,0.0001661193553797972
8080,0.00018680170620236953
8081,0.00020742557245334014
8082,0.00021444010223972093
8083,0.0002148771897790818
8084,0.00021040878173163413
8085,0.00020008135194570946
8086,0.00018988860594119296
8087,0.00018124505903792726
8088,0.00017682387056974685
8089,0.00017154292387831937
8090,0.00016621884335613968
8091,0.00016454555423570195
8092,0.0001658738018940402
8093,0.0001713117288802011
8094,0.0001810381742434738
8095,0.00018636359722587988
8096,0.00018463853583497236
8097,0.00017960337610064558
8098,0.00017245868604014115
8099,0.00016935547249117533
8100,0.00016775616460277875
8101,0.00016588547546122616
8102,0.00016941559136218312
8103,0.00017772790079654676
8104,0.00019476868233545406
8105,0.00020862707435595666
8106,0.0002118922586496279
8107,0.00020909582644630952
8108,0.000202394031524841
8109,0.0001964117369168801
8110,0.0001896677420500343
8111,0.00018002193185209873
8112,0.0001719962668599867
8113,0.0001700711788953475
8114,0.00017031559420830383
8115,0.0001683525087824743
8116,0.00016583238991444796
8117,0.00016679146101052973
8118,0.00017954754726557865
8119,0.0001838018037229996
8120,0.00017781419764196908
8121,0.000174937597216001
8122,0.0001698183877979352
8123,0.00016690895546425658
8124,0.00016910735082063743
8125,0.00016648645988387814
8126,0.0001712799184096193
8127,0.00018298923589510184
8128,0.00019883187168195858
8129,0.0002149953262790039
8130,0.00021692309916409588
8131,0.00021266837576398748
8132,0.0002043680609199074
8133,0.00019322602043182738
8134,0.0001799971547057465
8135,0.0001635286114302957
8136,0.00015399375848846282
8137,0.00014985013826404695
8138,0.0001452281060724318
8139,0.0001416818222809223
8140,0.000136430672369737
8141,0.0001349588690189292
8142,0.00014407814296894139
8143,0.00014932914696053686
8144,0.00014837153506035332
8145,0.00014745265021930926
8146,0.00014648438618906852
8147,0.00014777090084471691
8148,0.00015201430088465493
8149,0.00015250628337370786
8150,0.0001568149970220514
8151,0.0001650595997667364
8152,0.000179492331292789
8153,0.00019068602731566695
8154,0.00019509046421493548
8155,0.0001895396538340862
8156,0.0001801046974434473
8157,0.00016959802003338193
8158,0.00016328259100185127
8159,0.00015445276315021535
8160,0.0001444545279589352
8161,0.00013739960763009093
8162,0.00013323059739704554
8163,0.0001291126590204388
8164,0.00012679671084249517
8165,0.00012594801332415682
8166,0.00012611675473783008
8167,0.00013124112970937569
8168,0.0001456904377008324
8169,0.00015930581523644093
8170,0.00016763980832185254
8171,0.0001746255335812019
8172,0.00017707464797681957
8173,0.00017649753599906288
8174,0.00017668133631440608
8175,0.0001816423980810199
8176,0.00018561926139818412
8177,0.0001895850931943576
8178,0.00018887469826325506
8179,0.00018149767503183178
8180,0.00017127796308711565
8181,0.00016145474385187124
8182,0.00015423645195025923
8183,0.00014408109054465582
8184,0.00013518177578434543
8185,0.00012933393148644899
8186,0.00012648111595362234
8187,0.00012317737970431942
8188,0.00012155309038214485
8189,0.00011797379957941698
8190,0.00011789774628920035
8191,0.00012505910036686273
8192,0.00013878782823984712
8193,0.00015469215882928176
8194,0.00016544509013913524
8195,0.00017360418400418296
8196,0.00018066710072654963
8197,0.00018581934633975174
8198,0.000186722238393751
8199,0.00018996821966940132
8200,0.00019564790623198376
8201,0.00020256160558179568
8202,0.00020570342945422913
8203,0.00020382351819459962
8204,0.0001958370180203966
8205,0.0001834478903498388
8206,0.00017145726907909225
8207,0.0001603423988186376
8208,0.000152547782905054
8209,0.00015357911338201698
8210,0.00014816389148403276
8211,0.0001404000646039022
8212,0.0001349691125741349
8213,0.00013518484009573172
8214,0.0001458656287603759
8215,0.0001516632475354547
8216,0.00015070481848556813
8217,0.00015319263075640728
8218,0.000151787016531544
8219,0.0001541103774246507
8220,0.0001553507523059965
8221,0.00015700367105169472
8222,0.00015856921314700588
8223,0.00016805996918879373
8224,0.00018399243307514658
8225,0.00020303742018029606
8226,0.00020695194664868715
8227,0.00020380901378737104
8228,0.00019606830057026871
8229,0.00018336203126318595
8230,0.00017241812039416987
8231,0.0001587777030569474
8232,0.0001512150992911851
8233,0.00014758283967735087
8234,0.00014842788920594363
8235,0.0001456073219024682
8236,0.0001454338818780026
8237,0.00015140666252870695
8238,0.00016482248043327125
8239,0.00017190760611720922
8240,0.00017099578378431267
8241,0.00016760484598813053
8242,0.00016515806630595006
8243,0.00016063800272370446
8244,0.00015847208906801858
8245,0.00015799233464059293
8246,0.0001646798586261766
8247,0.00017864973321330525
8248,0.000195710126345085
8249,0.00021200473346946478
8250,0.00021421243849567643
8251,0.00021102689711413155
8252,0.000201671554451701
8253,0.00019111488499016173
8254,0.00017877685835996057
8255,0.0001617802320889342
8256,0.00015196273290161088
8257,0.00014636219312454932
8258,0.00014011989899143876
8259,0.0001378108090342169
8260,0.00013283856982702254
8261,0.00013455513869780225
8262,0.0001422768823682274
8263,0.00014747555959491174
8264,0.0001444386227236443
8265,0.00014343872332632957
8266,0.00014358449699656444
8267,0.00014388888526093875
8268,0.00014471499442677226
8269,0.00014720934389523556
8270,0.00015194989197770631
8271,0.00016257651529060752
8272,0.00018239616031421834
8273,0.0002016855335484062
8274,0.0002093349886540322
8275,0.0002077946614638427
8276,0.00020307699357305652
8277,0.00019398167961969356
8278,0.00018855271209634788
8279,0.00017634820189083632
8280,0.00017034031298682016
8281,0.00016706958374873557
8282,0.00016640830535156806
8283,0.00016465957580319096
8284,0.00016088230130098898
8285,0.00016431829906650897
8286,0.00017372410072310089
8287,0.00017604737406445376
8288,0.00017508620172627847
8289,0.000173299503900629
8290,0.00016468849706589422
8291,0.00016427496094833103
8292,0.00016789653924819008
8293,0.00015666662598311766
8294,0.00015757874015519382
8295,0.00017084732519362505
8296,0.0001856688740587245
8297,0.00020148463145713556
8298,0.00020686789696494815
8299,0.00020790582300737117
8300,0.0002053898190717779
8301,0.00020259344523629544
8302,0.00019749122085848522
8303,0.0001851745568562344
8304,0.000179689585394314
8305,0.00017745147072558285
8306,0.00017424961553389557
8307,0.00017282576136030416
8308,0.0001656965095924032
8309,0.00015874358705684642
8310,0.00016643836478707192
8311,0.0001689881636996686
8312,0.0001649011894600227
8313,0.0001593635118422576
8314,0.00015740827689036062
8315,0.00015818804199446584
8316,0.00016138137548210737
8317,0.00016115201907082092
8318,0.00016182511695476428
8319,0.00016936011273413175
8320,0.000179713720494471
8321,0.00018948543011450733
8322,0.00018991866537669685
8323,0.00018497914134154116
8324,0.0001744570840067083
8325,0.0001654154976463188
8326,0.00016215641279150226
8327,0.00015254842495124923
8328,0.00014472334102731024
8329,0.00013697016627723686
8330,0.00013037375448353975
8331,0.00012908998311618005
8332,0.00012967771804007596
8333,0.00013063991181538
8334,0.00012927422119029272
8335,0.00013585414407033965
8336,0.00014991869128734656
8337,0.00016447314893523095
8338,0.00017204865199273376
8339,0.00017715764703951184
8340,0.00017432105776507372
8341,0.00017085144012605807
8342,0.0001705284908898581
8343,0.00017861733906436418
8344,0.00018772572741297542
8345,0.0001943871609758984
8346,0.00019921240078830339
8347,0.00019435240292960218
8348,0.0001885827423479338
8349,0.00018069394993107735
8350,0.00017645460645573647
8351,0.0001710367871890534
8352,0.0001629859072918197
8353,0.00015248287787149998
8354,0.00014359940997864452
8355,0.00013819548225691276
8356,0.00013448369646662408
8357,0.00013328642623211247
8358,0.00013496435559550663
8359,0.0001437781322922618
8360,0.00015841626023295165
8361,0.00017101737988360673
8362,0.00017820899768419878
8363,0.00018258492189561555
8364,0.00018684180490565334
8365,0.00019115568410747668
8366,0.0001910587059480792
8367,0.00019226181296618381
8368,0.00019481931643312324
8369,0.00019562852811045507
8370,0.000192213367662362
8371,0.00018761126808671696
8372,0.0001766870855462452
8373,0.00015942050803404313
8374,0.00014437841630088265
8375,0.00012622820812053818
8376,0.00011782916408198274
8377,0.00010816893702857249
8378,0.00010822774262327183
8379,0.00010371914832078643
8380,0.00010227976830283769
8381,0.00010520481403262756
8382,0.00011801010437336535
8383,0.00012441795887309102
8384,0.0001254121382224846
8385,0.00012423016036098664
8386,0.00012082737389411071
8387,0.00012077665224468765
8388,0.00012647676754984555
8389,0.00012683432891275197
8390,0.00013188694063002182
8391,0.00014214926109496672
8392,0.00015809421569820854
8393,0.00017466037917925205
8394,0.0001770252396037049
8395,0.00017265699076271293
8396,0.00016380075146531873
8397,0.00015604734324390165
8398,0.0001467815660257055
8399,0.00013380344852277932
8400,0.0001268069252137829
8401,0.0001267133615727873
8402,0.00012353094287046465
8403,0.00011694100990655576
8404,0.00011491593783896868
8405,0.00011826905327746827
8406,0.0001290477539868848
8407,0.00013694620628058765
8408,0.0001363551735739617
8409,0.00013308934723409526
8410,0.0001283254228333346
8411,0.00012822170318888722
8412,0.00012988352302956472
8413,0.00012911648211369223
8414,0.0001352697652970097
8415,0.00014700984263202722
8416,0.0001653114569787738
8417,0.00018338958088174483
8418,0.0001910361467794923
8419,0.00018758039150151002
8420,0.000183942995518114
8421,0.00017228740562560494
8422,0.0001622042160491288
8423,0.00014869212039919814
8424,0.00013779029273988755
8425,0.0001325226539150521
8426,0.00013045260942988102
8427,0.00012641626928790425
8428,0.0001221540164369609
8429,0.000122373683787483
8430,0.00013062330616605793
8431,0.00013414078543053605
8432,0.0001307967170066056
8433,0.0001264388576404091
8434,0.00012745696780253396
8435,0.0001298766939927609
8436,0.00013020247406900353
8437,0.00013041753036048716
8438,0.00013290096504363157
8439,0.00013986057069640233
8440,0.00015450021620082635
8441,0.0001699989486983843
8442,0.00017281236594195824
8443,0.00017020446184869338
8444,0.00016251318618862364
8445,0.0001504347213248026
8446,0.00013943439794236035
8447,0.00012779760249302072
8448,0.00012076211865354111
8449,0.00011608250659178117
8450,0.00010870417008404946
8451,0.0001065052786010632
8452,0.00010706499696371275
8453,0.0001055041826631119
8454,0.00011517579144452848
8455,0.00012176925566251115
8456,0.00012274297708541132
8457,0.00012287795270599916
8458,0.00012186311114268637
8459,0.0001257843790961274
8460,0.00012840789658550352
8461,0.00012731904460623166
8462,0.00012944342954665343
8463,0.00013931109588895848
8464,0.00015472817178405047
8465,0.00017159980333443303
8466,0.00017868157286780504
8467,0.00017841188428189105
8468,0.00017170258909350553
8469,0.00016119567821209645
8470,0.00015371913782041274
8471,0.00013928579343208287
8472,0.00012900952305435072
8473,0.0001253686250007989
8474,0.00012091381665912285
8475,0.00012467772492689693
8476,0.00012066557825291309
8477,0.00012183856746767786
8478,0.00013011232494640983
8479,0.0001363767404893378
8480,0.0001387336628881042
8481,0.0001384379422473655
8482,0.0001383116634343312
8483,0.0001391295135513806
8484,0.00014007799088524114
8485,0.00014038427610428317
8486,0.00014993395447644224
8487,0.00016415381850485856
8488,0.0001825372937414968
8489,0.00019524114078338847
8490,0.00019954436785515458
8491,0.0001947584971480843
8492,0.0001864265177530123
8493,0.00017825732625234873
8494,0.0001739616578153355
8495,0.00016657290264889032
8496,0.00015910552600744755
8497,0.0001467996308709258
8498,0.00013309241154548155
8499,0.0001281630435137777
8500,0.00012337413767923904
8501,0.0001177033522116359
8502,0.00011537027307384683
8503,0.00011993306191199313
8504,0.000133247728356891
8505,0.00014617322725572635
8506,0.00015309288012480313
8507,0.0001573263284487151
8508,0.00016071326804813606
8509,0.00016327879709251582
8510,0.00016521996539595372
8511,0.00016770094862998908
8512,0.00017236106583454845
8513,0.00017728249584056586
8514,0.0001786535271226407
8515,0.00017219600159453874
8516,0.00016252299198505984
8517,0.00015332398757116747
8518,0.00014633960477204445
8519,0.00013616938875219691
8520,0.0001277636615964275
8521,0.00012111641141763547
8522,0.00011837627499207145
8523,0.00011553209789896242
8524,0.00011011550435683388
8525,0.00010722483728240671
8526,0.00010773001090237982
8527,0.00011522403246092454
8528,0.0001312930478994353
8529,0.00014927544855148137
8530,0.0001552335788753673
8531,0.00015849616580033963
8532,0.00016428593410148585
8533,0.00016544392278241665
8534,0.00016755704273050396
8535,0.0001729869441392245
8536,0.00018401706430190898
8537,0.00019040866335932817
8538,0.00019194452541006899
8539,0.00018486978920092656
8540,0.0001740959038379742
8541,0.0001613569485427707
8542,0.0001510249660656435
8543,0.00013770787735555457
8544,0.00012828622883150767
8545,0.00012374719570258484
8546,0.00012011178422561041
8547,0.00011782776325392043
8548,0.00011282721564630005
8549,0.00011165606501836706
8550,0.00011580648509566878
8551,0.00012140276402070743
8552,0.00013520345943539338
8553,0.0001443926580528495
8554,0.0001521720399612554
8555,0.0001555845154888957
8556,0.00016332321501565846
8557,0.00016397422067370232
8558,0.00016880967485739505
8559,0.00017641783471910067
8560,0.00018418983309626143
8561,0.00019019600014911765
8562,0.00018901796211654495
8563,0.00018174004747053058
8564,0.00016964138733547784
8565,0.00016103901894046066
8566,0.00015885927210765942
8567,0.00015391035085091903
8568,0.00014618154467234637
8569,0.00013491553090075128
8570,0.0001303549892242883
8571,0.00012631937868026063
8572,0.0001255261014221377
8573,0.0001254820628899286
8574,0.00012623532899652164
8575,0.00013398981702290343
8576,0.00015272554214937844
8577,0.00017176168652738454
8578,0.00018334183599195422
8579,0.00019275499199587328
8580,0.00019358442812835483
8581,0.0001800568941858207
8582,0.00016941270215430459
8583,0.00016732742366395582
8584,0.00016474447182055095
8585,0.00016006836182894682
8586,0.00015471956252825086
8587,0.00015072670642404183
8588,0.00014710005012245688
8589,0.00014344152498245422
8590,0.00014050903735358329
8591,0.00013441056156820395
8592,0.00012469660692182024
8593,0.00011650018682569538
8594,0.00011084875029570297
8595,0.00010558616028867541
8596,0.000103511417192712
8597,0.0001008574900608164
8598,9.932819439161769e-05
8599,0.00010150309669403678
8600,0.00011233896869874663
8601,0.00012483117396755656
8602,0.0001341958554837359
8603,0.00013997260775746974
8604,0.00014405634258222156
8605,0.00014354433992544468
8606,0.00014271799728826745
8607,0.00014425257524661782
8608,0.00014679017528150515
8609,0.00015055239088203725
8610,0.00014764249160567118
8611,0.00014412769726164585
8612,0.0001404105708143696
8613,0.0001308151904266774
8614,0.00012708484366456303
8615,0.0001164185885910654
8616,0.0001095681307914835
8617,0.0001028784763798884
8618,9.93949380120035e-05
8619,9.684633564004339e-05
8620,9.503637823177586e-05
8621,9.219345604713933e-05
8622,9.164453573413679e-05
8623,9.616696321373758e-05
8624,0.00010549522320029666
8625,0.00011949247230247645
8626,0.0001289990752117193
8627,0.00013633541606149945
8628,0.00014121797308878757
8629,0.00013960634958700975
8630,0.00014136438880521767
8631,0.0001442455127384703
8632,0.0001489667702511662
8633,0.00015669624765985205
8634,0.00015729971271553108
8635,0.00015427561676816822
8636,0.0001486150164879348
8637,0.00013983334210094104
8638,0.0001343629042301672
8639,0.00012269067950441815
8640,0.00011330285514129262
8641,0.00010663590581787427
8642,0.0001015326308190173
8643,9.657796033043782e-05
8644,9.416515072876854e-05
8645,9.221216293855485e-05
8646,9.574216210383993e-05
8647,0.00010022945214621093
8648,0.0001101743391354512
8649,0.00011807503859083735
8650,0.00012545290815588162
8651,0.00013082018087664943
8652,0.00013794712711503115
8653,0.00013815444966825405
8654,0.00013938145831517195
8655,0.00014325436851654505
8656,0.00015173883388298388
8657,0.00015602516346624828
8658,0.0001573225637232976
8659,0.00015203172368368
8660,0.0001442144610497556
8661,0.00013777403729758108
8662,0.00013265675401810098
8663,0.00012385978725809358
8664,0.00011652706521414107
8665,0.00011005162076040863
8666,0.00010566279725725134
8667,0.00010349022966826944
8668,0.00010014105405869513
8669,9.764542049784137e-05
8670,9.856804088038494e-05
8671,0.00010340588814535078
8672,0.00011478385142625936
8673,0.00012632439831415063
8674,0.00013255318029324338
8675,0.00013956931519511226
8676,0.00014375904600991273
8677,0.00014644857752172557
8678,0.0001485427571070536
8679,0.0001551242851025886
8680,0.00016107975968993973
8681,0.00016943578663341485
8682,0.00016851042296258257
8683,0.00016282446185763764
8684,0.00015524064138351483
8685,0.00014773491707386613
8686,0.0001400731755387769
8687,0.0001309249219582256
8688,0.0001249611591381724
8689,0.00011762163724133406
8690,0.00011248567625435636
8691,0.00011124322931483504
8692,0.00010712782993909127
8693,0.00010331824883970207
8694,0.00010132437438041951
8695,0.0001037097802831197
8696,0.00011423598173430357
8697,0.0001260756054134995
8698,0.00013606152499139848
8699,0.00014055001157440604
8700,0.0001476363337989806
8701,0.00015340800807098852
8702,0.00015346173566396199
8703,0.00015421456401178556
8704,0.00016046861926383594
8705,0.00016776906389451925
8706,0.00016852209652976855
8707,0.00016526394556032686
8708,0.00015691174171010517
8709,0.0001481143663752463
8710,0.00013706947915007153
8711,0.00012704958949166136
8712,0.00011576113328715126
8713,0.00010932342363934748
8714,0.00010390426191243803
8715,9.89537939080455e-05
8716,9.606444010992675e-05
8717,0.00010807750381358833
8718,0.00011119843200075886
8719,0.00011621301707292037
8720,0.00012524284231437
8721,0.00013477010743753197
8722,0.0001387623798633817
8723,0.00013998591562406175
8724,0.00014826594764515616
8725,0.00015305161406480069
8726,0.00015654393679199305
8727,0.00016383297051075204
8728,0.00017303235431557796
8729,0.0001826190087117986
8730,0.0001854827098460262
8731,0.0001809687748865532
8732,0.00017536487895892567
8733,0.00016943289742553632
8734,0.00016528577513096466
8735,0.0001610536400833611
8736,0.00015561959455828955
8737,0.0001473653027528402
8738,0.00014368138760420803
8739,0.0001358267111874526
8740,0.00013375859284086723
8741,0.0001340738958905604
8742,0.00013245850766336513
8743,0.00013659909276031267
8744,0.0001475812053779448
8745,0.00015955738060929872
8746,0.00016991031713952477
8747,0.0001765031976791481
8748,0.00018288376521557654
8749,0.00018927375915750764
8750,0.00019615129963296098
8751,0.00020345734757589356
8752,0.00021231405381597515
8753,0.00021619388060590595
8754,0.0002101337233048146
8755,0.0001966266764726919
8756,0.00017916004320284022
8757,0.00016517831994501773
8758,0.0001520101567683039
8759,0.00014170584064540742
