hour,value
0,4.950028777786386e-05
1,4.9950012723192116e-05
2,5.016392905625143e-05
3,5.022995722433903e-05
4,5.0822300377758056e-05
5,5.200547157199282e-05
6,5.371528712386408e-05
7,5.391526002934254e-05
8,5.2429154147067705e-05
9,5.4197114889858806e-05
10,6.525155210857341e-05
11,6.904482315517544e-05
12,6.203222328261441e-05
13,5.866226152247489e-05
14,5.354135658863899e-05
15,5.5074650543152017e-05
16,5.490717570510609e-05
17,5.465775303756136e-05
18,5.332408065806807e-05
19,5.3589686484868054e-05
20,5.201754855651167e-05
21,5.104824977902888e-05
22,5.122222423056131e-05
23,5.3445575122327685e-05
24,5.6587237958753646e-05
25,5.832463295163521e-05
26,5.8481589834072905e-05
27,6.128443835936098e-05
28,6.187036973190818e-05
29,8.024796099054757e-05
30,0.00011059797204025609
31,0.0001519307488950983
32,0.00016176284157342973
33,0.00015796282937365083
34,0.00016884601495188815
35,0.0001680895565579348
36,0.00016136102931941078
37,0.00015973228327089152
38,0.00016784880736108997
39,0.00015501468374552415
40,0.00013628167781157188
41,0.0001254705369355279
42,0.0001094249894293245
43,0.00010049798988714294
44,9.810830598132151e-05
45,9.708999660484585e-05
46,9.394910230379837e-05
47,9.132956044535276e-05
48,8.738389981227653e-05
49,8.533641177325826e-05
50,8.13522804549511e-05
51,8.129870255999475e-05
52,8.12643380495002e-05
53,0.0001000667976235127
54,0.00013197537646260916
55,0.00015969532769826382
56,0.00017005781957850943
57,0.00016636535841540927
58,0.0001762611516975392
59,0.00018219815337069788
60,0.00017184464237530357
61,0.00017066415007581663
62,0.0001730142653887236
63,0.00015812878909909347
64,0.00013902449274472443
65,0.00012513211787115608
66,0.00011098239343656787
67,0.00010550570053880672
68,0.00010099793312991593
69,0.00010148538218325033
70,9.977694999506033e-05
71,9.627846716148657e-05
72,9.172155740468091e-05
73,8.752957020372753e-05
74,8.39702632844861e-05
75,8.336246159088295e-05
76,8.708439059620909e-05
77,0.00010386454813346354
78,0.00013585648012389372
79,0.00017422837562148025
80,0.00018302555855916104
81,0.00017180502986608177
82,0.00018445433170220186
83,0.00017875542228929387
84,0.00016703956156571243
85,0.00017291198430892575
86,0.0001702698914266604
87,0.00015733008321747782
88,0.000140555217595258
89,0.00013629261297209985
90,0.00011777688296871848
91,0.00011261456495705979
92,0.0001103240660313686
93,0.0001084761117347554
94,0.000105944490323607
95,9.874627817806811e-05
96,9.13412641412592e-05
97,8.535525186910767e-05
98,8.576426639753057e-05
99,8.538772797838653e-05
100,8.661918515254303e-05
101,0.00010223391368372858
102,0.00013477897156512203
103,0.0001721185923004984
104,0.00018582798987952937
105,0.00017121536560741054
106,0.00017268829659748303
107,0.0001631761561762864
108,0.00015001340683288585
109,0.00013637717382188546
110,0.00012757658737038574
111,0.00010324466945534153
112,9.280442375294823e-05
113,8.661955844115542e-05
114,7.685615086750575e-05
115,7.232264850251299e-05
116,6.999554533465287e-05
117,6.80065318588595e-05
118,6.466340296250547e-05
119,6.41521512705921e-05
120,6.466717976493682e-05
121,6.394091383228061e-05
122,6.376353586692923e-05
123,6.294827353744593e-05
124,6.250836388680844e-05
125,6.838080858817545e-05
126,7.625023757511828e-05
127,8.390801191882985e-05
128,7.835209400262503e-05
129,7.194654924644237e-05
130,7.910932093195685e-05
131,7.788087202485323e-05
132,7.277048504662557e-05
133,7.182316638096709e-05
134,7.040040977203202e-05
135,7.012235367210078e-05
136,6.667132240860926e-05
137,6.591897018939233e-05
138,6.479471272145586e-05
139,6.741759221925943e-05
140,6.55839985551468e-05
141,6.518293287835268e-05
142,6.560134549654661e-05
143,6.479357089746499e-05
144,6.472868455336828e-05
145,6.46279405443274e-05
146,6.520256346773423e-05
147,6.407709830134588e-05
148,6.269019935735496e-05
149,6.306559595250813e-05
150,6.362210339913667e-05
151,6.294487002362698e-05
152,6.31086119755489e-05
153,6.364322714296782e-05
154,6.354966345017725e-05
155,7.197408477114536e-05
156,7.286523447971435e-05
157,7.763072473823736e-05
158,6.548551623593402e-05
159,6.302181139408889e-05
160,6.352401632668994e-05
161,6.308447996466488e-05
162,6.370624704400254e-05
163,6.436081960492415e-05
164,6.581451525238113e-05
165,7.096899420317942e-05
166,7.392122404788882e-05
167,7.390578746585835e-05
168,7.387368464519189e-05
169,7.402047490248008e-05
170,7.532845624217873e-05
171,7.550469238353924e-05
172,7.472223553563987e-05
173,8.892775563870514e-05
174,0.0001365488207091288
175,0.00017698403607453015
176,0.00018873011121756239
177,0.0001860547736906397
178,0.00019509417702146125
179,0.0001918438432825193
180,0.00018407474109969761
181,0.00018197367516572299
182,0.0001888881879658373
183,0.0001780419799183813
184,0.00015287437859094012
185,0.00014529016406202515
186,0.0001317259757532181
187,0.00012851709900840632
188,0.00011432962850765834
189,0.00011268884939092755
190,0.00011033425461467177
191,0.0001100275211660467
192,0.00010329216494173112
193,9.679986352039578e-05
194,9.34548242646724e-05
195,9.165746155411633e-05
196,9.39132665970079e-05
197,0.00011112466031419993
198,0.00014079857981238965
199,0.0001842045577041984
200,0.0001962196202296959
201,0.00018628149162728898
202,0.00019396458372218281
203,0.0001950055099969392
204,0.00018410873232157975
205,0.00018841810781205633
206,0.00019105003406917222
207,0.00018023019776427466
208,0.00015578811579226488
209,0.00014697134618150992
210,0.00012684990423280975
211,0.00011209277335138451
212,0.00011031954265171246
213,0.00011077794106774062
214,0.00010984373141982351
215,0.00010534384698810048
216,9.875572018414649e-05
217,9.386572719431098e-05
218,9.325414869827648e-05
219,9.199245514651552e-05
220,8.651690407274523e-05
221,0.00010826667486504488
222,0.0001438994883156029
223,0.00018855543410511248
224,0.000194751585907892
225,0.0001910590149540235
226,0.0001944742544270319
227,0.00019332770943311975
228,0.00018654784403131377
229,0.000192189069374529
230,0.0001875993760942931
231,0.00017062982948162943
232,0.00015468873691243723
233,0.00013835979747496067
234,0.0001248940914853664
235,0.00011813723822860726
236,0.00011021122307965522
237,0.00010810668775740066
238,0.0001046138042530129
239,0.00010182531636022542
240,9.662779942823269e-05
241,8.766691845493733e-05
242,8.692813637468885e-05
243,8.270672524781682e-05
244,8.501979715548139e-05
245,0.00010534200250319213
246,0.00014058240178950224
247,0.00018285652469220452
248,0.00019104513740090368
249,0.0001848436497667822
250,0.0001918751775678073
251,0.0001877268651345048
252,0.00018005027265309749
253,0.00017636002926351807
254,0.00017714852460367687
255,0.0001644683276453422
256,0.00015070304656521945
257,0.0001465042303784745
258,0.0001294482784311169
259,0.00011614596306298581
260,0.00010585435210278903
261,0.00010738878788129295
262,0.0001041060219493795
263,9.951406697931551e-05
264,9.714660472500875e-05
265,8.6547118492196e-05
266,8.212307752325135e-05
267,8.086968415357791e-05
268,8.537453112803049e-05
269,0.00010102505144969916
270,0.00013500494292454653
271,0.00017076638723930712
272,0.00018632830641091477
273,0.00017990875235269027
274,0.00019135676751779729
275,0.00018772385686745193
276,0.00017190684982465248
277,0.00016617783578306205
278,0.00016300143514752917
279,0.0001306137074371858
280,0.0001117702080739629
281,0.00011029800170296158
282,9.793211375626835e-05
283,9.130092701296624e-05
284,8.713636554594748e-05
285,8.767936872806858e-05
286,8.643089398481734e-05
287,8.473313345931127e-05
288,8.444715046590493e-05
289,8.411966656206109e-05
290,8.324549050627948e-05
291,7.758353666599918e-05
292,7.65384822583527e-05
293,8.119189810054078e-05
294,9.200229239935996e-05
295,0.00010206413323954723
296,9.588796335660801e-05
297,9.679874365455858e-05
298,9.279535503548225e-05
299,9.063880084718195e-05
300,9.295382703052322e-05
301,8.520466285123446e-05
302,8.414114163635097e-05
303,7.830681628975619e-05
304,7.553453351437763e-05
305,7.495916401374601e-05
306,7.58273015772682e-05
307,7.924508819610238e-05
308,7.980201284765067e-05
309,7.891648442642134e-05
310,7.47950487732117e-05
311,7.603744110789617e-05
312,7.365522297432276e-05
313,7.489238926843361e-05
314,7.63727860307541e-05
315,7.688105141376825e-05
316,7.439852843422738e-05
317,7.126931587093268e-05
318,7.22392733930256e-05
319,7.407442608604883e-05
320,7.581783761303615e-05
321,8.264524241753904e-05
322,8.806043052686876e-05
323,8.807514248982808e-05
324,8.780084123417453e-05
325,8.806528327882998e-05
326,7.835393848753337e-05
327,7.294257109694233e-05
328,7.212722093484435e-05
329,7.285579247363598e-05
330,7.417365498248643e-05
331,7.609178753823097e-05
332,7.895080502060855e-05
333,8.271164387423904e-05
334,8.271654054250759e-05
335,8.404610674726447e-05
336,8.480256514121782e-05
337,8.545412943508654e-05
338,8.579254849945834e-05
339,8.45399675814707e-05
340,8.628223728446715e-05
341,0.00011217729028486276
342,0.00013680988119811897
343,0.00017855353902444606
344,0.0001975310270413672
345,0.00019266520997872303
346,0.0002043708821190013
347,0.00020088087513274442
348,0.00019806338051895804
349,0.00020048446458452847
350,0.000206426340967802
351,0.0001877148320662933
352,0.00015693509994925046
353,0.00014656011387956626
354,0.00013848728651517236
355,0.00013332261898107092
356,0.00012912606448415402
357,0.0001258523892278602
358,0.0001230023745884876
359,0.00012063302393296518
360,0.0001145711681980353
361,0.0001065677944737016
362,0.00010289529327228807
363,0.00010442931184587223
364,0.00010661157903212085
365,0.00012161808866478351
366,0.0001502453947264161
367,0.00019575896012383968
368,0.00021115636880814694
369,0.00021433533854765932
370,0.00021958153670633985
371,0.00021512842314193529
372,0.00021289112882258803
373,0.00020261080435337797
374,0.00020824862618277427
375,0.00019531597633168832
376,0.00016519044348695466
377,0.00015194699792881456
378,0.00013809030505496097
379,0.00012956338307265836
380,0.0001276840725326035
381,0.00012770671138903793
382,0.00012105595993081527
383,0.00011898504254183045
384,0.00011443195350376347
385,0.0001066998508098768
386,0.00010237196459585585
387,9.956085980478762e-05
388,0.0001019135661798277
389,0.00012343701428224415
390,0.00015918409796450412
391,0.00019179439352045303
392,0.00020752499522855853
393,0.00020069535069238122
394,0.000206774948615477
395,0.00020715071849924257
396,0.00020033088925775606
397,0.0002001158091425522
398,0.00020476588734538235
399,0.0001865052671713464
400,0.00016777188794878174
401,0.000148986445943864
402,0.00013618438123265728
403,0.0001271189355315824
404,0.0001202870512637307
405,0.00011840099957049893
406,0.00011799126042300489
407,0.00011622327772206014
408,0.00011183320601684394
409,0.00010641764461890182
410,0.00010288738833696665
411,0.0001032963589490822
412,9.94401119177528e-05
413,0.00011842289184970853
414,0.00013892339740522486
415,0.00019118512063055396
416,0.00019991961303950507
417,0.0001890790701956961
418,0.00020208521398711767
419,0.0002016891328112068
420,0.00018675012254292767
421,0.0001888715876016623
422,0.00019288931489508553
423,0.00018065618594548496
424,0.0001731783806292579
425,0.00015831332542254147
426,0.00013697327181958215
427,0.00012912610840046137
428,0.00012616478788013232
429,0.0001268001470565921
430,0.00012802668560432637
431,0.00012226172606517714
432,0.00011042740110254262
433,0.00010099830641852833
434,0.00010039272249844591
435,0.00010250933480521935
436,0.00010053386951024075
437,0.0001146202227133355
438,0.00014597080095135378
439,0.00018803816587909338
440,0.00020025276214699592
441,0.000193229622360673
442,0.00020232750025471946
443,0.00019960425003648743
444,0.0001900966110367933
445,0.00017394994623293663
446,0.00016705842361971552
447,0.0001392396387343893
448,0.00011433008962888541
449,0.00010546802034710791
450,9.851312650239331e-05
451,9.38034319123474e-05
452,8.944429924565312e-05
453,9.145939900800722e-05
454,8.483010066592079e-05
455,8.67195558729715e-05
456,8.766120933498297e-05
457,8.658712624818391e-05
458,8.087840154058515e-05
459,8.268555758767833e-05
460,8.162355148539811e-05
461,8.55484397051019e-05
462,8.99487439099286e-05
463,0.00010034636883604721
464,0.00010148689729585361
465,9.48625175801894e-05
466,0.00010821994791403378
467,0.00011015916029730215
468,0.00010174949485560072
469,9.521301362908007e-05
470,9.352994310837965e-05
471,8.80585421256531e-05
472,8.508547399311025e-05
473,8.279427240650163e-05
474,7.760955707809888e-05
475,7.935002621249434e-05
476,7.816270492721582e-05
477,7.923305512789086e-05
478,8.215061304795434e-05
479,8.212676649306802e-05
480,8.06833472615289e-05
481,7.895387916212242e-05
482,7.895159551414068e-05
483,7.642906477861193e-05
484,7.575369784616423e-05
485,7.507235829591812e-05
486,7.813591597973764e-05
487,7.856601033568434e-05
488,7.72715552186468e-05
489,7.949075601936944e-05
490,7.949901228514959e-05
491,7.756621168275304e-05
492,8.39283890854362e-05
493,9.49130652499392e-05
494,9.517452098569544e-05
495,9.204871193621968e-05
496,9.506547679456708e-05
497,8.159524742531665e-05
498,7.865355749436917e-05
499,7.991066179201295e-05
500,8.178011312106973e-05
501,8.711225549321712e-05
502,9.043577575834326e-05
503,9.181101492273508e-05
504,9.152013526106018e-05
505,9.00996403419532e-05
506,9.236069338357205e-05
507,9.102361749025981e-05
508,8.776726721721213e-05
509,0.00010428296075165746
510,0.00014649483228870348
511,0.00019217813421400104
512,0.00020652291292764548
513,0.00020159179231598486
514,0.00021022630925127359
515,0.00020558837390742326
516,0.00020006302174112797
517,0.00019691341005307326
518,0.00019578498053593937
519,0.00018215364419320751
520,0.0001559982992392002
521,0.0001473097872040354
522,0.00013153770654364608
523,0.00011914614951531188
524,0.00011635724441760467
525,0.0001182579641574884
526,0.00011720048143486434
527,0.00011271001705106604
528,0.0001093163404849622
529,9.913790184878387e-05
530,9.661387795880551e-05
531,9.78792824385368e-05
532,0.00010172911768899437
533,0.0001096332405587368
534,0.00014626734581667572
535,0.000196063409924483
536,0.00020670514364495805
537,0.00019412340704768252
538,0.00020443987463783443
539,0.00020184683627086928
540,0.0001934061878743386
541,0.00019486666859127978
542,0.00019801169102521735
543,0.0001787999095086306
544,0.00016306335714088034
545,0.00014960858631181406
546,0.00013605043649526642
547,0.00011852927910424276
548,0.0001157192502627044
549,0.00011800636763273028
550,0.00011570679998957314
551,0.00011331175829425608
552,0.00011028408023353438
553,0.00010188682114865686
554,9.921789540260599e-05
555,9.918355285026512e-05
556,0.00010158272267847226
557,0.00011221652950547221
558,0.00014405681848665298
559,0.0001930662536973635
560,0.00020388154466445123
561,0.000192305271923754
562,0.00020680399925278325
563,0.00019726127112352343
564,0.00019628413328518022
565,0.00019380914195234837
566,0.00018995552989945947
567,0.00017519910167895165
568,0.00016289243487270814
569,0.00015636840391931872
570,0.000134937443560163
571,0.0001268016402110417
572,0.00011935213895489611
573,0.00011919138331187339
574,0.00011878990043015953
575,0.00011668283992023283
576,0.00011034633159919063
577,9.896737482737773e-05
578,9.953251182839883e-05
579,9.901601213775818e-05
580,0.00010095906719791891
581,0.00012413763309141308
582,0.00015351423918890238
583,0.00019882100269505592
584,0.00021109332694895855
585,0.00019974234486492203
586,0.00021098843284887394
587,0.00020949099655930505
588,0.0001877585727084052
589,0.00019048520448230249
590,0.00018932849286324086
591,0.00017775373523514688
592,0.00016681881624686152
593,0.0001525385725468551
594,0.00013522228472957846
595,0.00012836927671789562
596,0.000123657693726634
597,0.00012347205949550248
598,0.00012232586583204905
599,0.00011711370281155802
600,0.00011062401441050948
601,0.00010226977134867273
602,0.00010024219935503372
603,9.661688622585839e-05
604,9.82490357881966e-05
605,0.00010557666929147021
606,0.00013906381979794853
607,0.00018872784952773432
608,0.00020184679235456195
609,0.00019502924676105716
610,0.00020789733964035145
611,0.00020346271484133756
612,0.00019038182549482115
613,0.00018144924858160726
614,0.00016550666285796548
615,0.00013403347028985034
616,0.00011522350102728248
617,0.00010558492555725036
618,9.516470569100467e-05
619,9.043393127343493e-05
620,8.74643105710184e-05
621,8.762390243189657e-05
622,8.646525849531189e-05
623,8.796420989748405e-05
624,8.81166434002656e-05
625,8.552090418039894e-05
626,8.409740099423907e-05
627,8.187934201750733e-05
628,8.072447488335399e-05
629,8.734358464213724e-05
630,9.602263271307e-05
631,9.971138294819981e-05
632,9.315303140062321e-05
633,9.761519172434008e-05
634,9.886324926267158e-05
635,9.394378843061008e-05
636,9.199886692738735e-05
637,9.120095153930385e-05
638,8.776836512489567e-05
639,8.053923589898853e-05
640,8.210759702491357e-05
641,8.073655186787285e-05
642,8.145219005415249e-05
643,8.408798094631438e-05
644,8.239246015248269e-05
645,8.221323770222298e-05
646,8.076786419500718e-05
647,8.446412411869233e-05
648,7.943037109677518e-05
649,7.976202704981645e-05
650,8.001592918070998e-05
651,7.890179442161569e-05
652,8.155449309210396e-05
653,7.654151248355925e-05
654,7.683955050333075e-05
655,7.866712763333763e-05
656,8.02449527234947e-05
657,8.869954454760624e-05
658,9.28904338408761e-05
659,9.190752100811751e-05
660,9.279649685947313e-05
661,7.778689112714292e-05
662,7.852448746709318e-05
663,8.281010423529816e-05
664,8.182539083393857e-05
665,8.35035207700631e-05
666,8.125524737388056e-05
667,8.304024764392006e-05
668,8.288254418425758e-05
669,8.573139504148563e-05
670,8.690286253981395e-05
671,8.832715621950596e-05
672,8.868063857729582e-05
673,8.86659266143365e-05
674,9.163671109889758e-05
675,8.860635414342807e-05
676,9.189700305250927e-05
677,9.82681832981974e-05
678,0.00012343738757085654
679,0.0001830055546811671
680,0.00019188196263729152
681,0.00018263162928230988
682,0.00018907377828066149
683,0.00018395405908712382
684,0.00017703010428093114
685,0.00017947037977280973
686,0.000181569601221876
687,0.00016468114607071798
688,0.00014043901504603298
689,0.0001218851876460331
690,0.00011028105000832785
691,0.00010689038170927689
692,0.00010683943879276102
693,0.00010423842961601342
694,0.00010367024043163208
695,0.00010191661836318792
696,9.042940789377878e-05
697,8.617361029825852e-05
698,8.554316974822096e-05
699,8.37276256864256e-05
700,8.41777678366736e-05
701,0.00010343067697508548
702,0.00013979990102529552
703,0.00018295382127111909
704,0.000192425207359103
705,0.0001826184543901075
706,0.00018793970551803424
707,0.00018752996637054023
708,0.00018319004708830777
709,0.0001839826925195103
710,0.00018803401578804962
711,0.0001723679710517358
712,0.0001480450998960039
713,0.00013861106462741374
714,0.00011272624412662863
715,0.00010773814210619273
716,0.0001074778062362737
717,0.00010509411690640435
718,0.00010111865905879707
719,9.644559066907377e-05
720,9.478366585035816e-05
721,9.251692564693862e-05
722,9.184761916490403e-05
723,8.988346231906581e-05
724,8.601812461211677e-05
725,0.00010231768403998205
726,0.00013843487240236058
727,0.00017545678061227656
728,0.00018789895118482154
729,0.00017486748964221777
730,0.0001899593067018908
731,0.00019207359144437515
732,0.00017764998295905312
733,0.00018039925358938487
734,0.00017222008288676408
735,0.0001622744445958018
736,0.00013830393593202258
737,0.00012955620275640806
738,0.00011703744214385989
739,0.00010976040022664345
740,0.00010780223795675731
741,0.00010525410401404859
742,0.00010875001774364289
743,9.65960918543323e-05
744,9.350616242795434e-05
745,8.740357431796542e-05
746,8.62671739910491e-05
747,8.409551259302341e-05
748,8.487687153323925e-05
749,9.683157109429617e-05
750,0.0001402137902638333
751,0.00017729267988252458
752,0.00017922589768984087
753,0.0001706815189753701
754,0.0001785818430845275
755,0.0001777748150626707
756,0.00016596995794226219
757,0.0001587799581461961
758,0.00016495355892515588
759,0.0001548924646621934
760,0.00014107323239850194
761,0.0001407197280825584
762,0.00011926083695193361
763,0.00011269719348932239
764,0.00011028704458427992
765,0.00010652517369742691
766,0.00010574833813686723
767,0.00010273005816591656
768,9.63557598624072e-05
769,8.454295389036991e-05
770,8.329529159880449e-05
771,8.351182095215061e-05
772,8.86289051672478e-05
773,0.00010973172287794958
774,0.00013359241881522198
775,0.0001688233760954537
776,0.00018328927598474536
777,0.00018065280438981968
778,0.00018645280914222727
779,0.00018209780460842312
780,0.00017273620928879235
781,0.00016365985038534312
782,0.00014843523041227006
783,0.00011924724485481148
784,0.0001014072770306439
785,0.00010020484853563998
786,8.739182670575163e-05
787,8.560236893051698e-05
788,8.586386858258056e-05
789,8.42358691112861e-05
790,8.918321679850928e-05
791,8.5790638140089e-05
792,8.420003340449561e-05
793,8.480557340827069e-05
794,8.25580905056203e-05
795,8.050414676942286e-05
796,7.978993586313181e-05
797,8.405326510536109e-05
798,8.261542324485432e-05
799,8.620643773799613e-05
800,8.645392808801784e-05
801,8.777859762450618e-05
802,8.848821927668006e-05
803,8.537150090282395e-05
804,8.418117135049255e-05
805,8.371710773081737e-05
806,8.39566492292103e-05
807,8.457011612646048e-05
808,8.132926830990428e-05
809,7.941605438058193e-05
810,7.96431675639973e-05
811,8.000989068845055e-05
812,7.752319565971228e-05
813,7.72300543082093e-05
814,8.015777885342228e-05
815,8.103535842302284e-05
816,7.541870425376503e-05
817,7.593972732406184e-05
818,7.42498717338772e-05
819,7.421214762587104e-05
820,7.463319522250544e-05
821,7.334739161801414e-05
822,7.538701863801831e-05
823,7.411592699648633e-05
824,7.855470188654397e-05
825,8.042487783467187e-05
826,8.285237368111413e-05
827,8.192499301898857e-05
828,9.092478384058829e-05
829,8.926433021816861e-05
830,9.098437826965038e-05
831,9.118735944218173e-05
832,8.019326322975403e-05
833,7.547002045889331e-05
834,7.501160008471149e-05
835,7.848151536035976e-05
836,7.721081896559384e-05
837,8.794229566012075e-05
838,8.917568515180027e-05
839,9.161029544003181e-05
840,8.74269158353173e-05
841,8.891271430344076e-05
842,8.620380275955565e-05
843,8.732810414379946e-05
844,8.864333167420942e-05
845,0.00010591695479890402
846,0.00014580965006156502
847,0.0001879732356186893
848,0.00020068970744688787
849,0.00019304438337630752
850,0.00020457419266383772
851,0.00020489794368155754
852,0.00019232817427803248
853,0.00019243166305628218
854,0.0001957491448291489
855,0.0001811545482011937
856,0.000163347451733071
857,0.00014942710217172626
858,0.0001339183436901552
859,0.00012597878036038837
860,0.00012029572473443059
861,0.0001224836132080189
862,0.00011750833474932663
863,0.00011516878130833527
864,0.00011325741186392125
865,0.00010709825955007678
866,0.00010705715388640536
867,9.983173558846855e-05
868,0.00010078439008546902
869,0.00011626065049960754
870,0.00014592326154865687
871,0.00019235810324148554
872,0.00020441124120544794
873,0.00020046031061549075
874,0.00020906808251960866
875,0.00020696014368353513
876,0.00019967506508207522
877,0.00020071946074511158
878,0.00019922318823768724
879,0.00017844416546101264
880,0.00015235144516127395
881,0.0001454425975648067
882,0.00013624922366044665
883,0.00012352302437017203
884,0.00011783619194178288
885,0.00012058054394569238
886,0.00011776225883837386
887,0.00011483073553257586
888,0.00011063154605721849
889,0.00010419506226251391
890,9.815545013725237e-05
891,9.741484553024922e-05
892,0.00010175779503768823
893,0.00011872316960115447
894,0.00014904981717535744
895,0.00019443505912272981
896,0.00020597169739605155
897,0.00019196156094434757
898,0.00021064439249716244
899,0.00020098058710856277
900,0.0002016079754752401
901,0.00019719754856157128
902,0.00019899833674409995
903,0.00017705386300320277
904,0.0001478527025535418
905,0.00014657142232870664
906,0.00013561731191411318
907,0.00012687748367382008
908,0.0001233887283023224
909,0.00012263145745668326
910,0.00012089447966872145
911,0.00011675187635537331
912,0.00011195309753588561
913,0.00010326541991056028
914,0.0001031725369205335
915,0.00010258970164765385
916,0.00010384867238835966
917,0.00011529174696889083
918,0.0001450962516069598
919,0.0001931405820475386
920,0.00020586153333908598
921,0.00019968909634227077
922,0.0002082192022568556
923,0.00020949099655930505
924,0.00018934509322741583
925,0.00018869917217904047
926,0.0001900479298101055
927,0.00018284596282028894
928,0.0001602891200898251
929,0.00015857893124934146
930,0.00013698119871305723
931,0.00013868313128776076
932,0.0001270385467309942
933,0.00012455637508191207
934,0.00012103595605282132
935,0.000115418138101419
936,0.00011290353425936533
937,0.0001115731775610763
938,0.00010938838518715556
939,0.00010611091117027672
940,0.00010400942803138238
941,0.00011271410126764877
942,0.0001459466469823161
943,0.00018619928029994613
944,0.00019863651028791525
945,0.00019182948265001872
946,0.00020771475759258012
947,0.0002033604776778471
948,0.0001842313246935229
949,0.00017386501209453863
950,0.00016603256063837715
951,0.00013910980017173483
952,0.00011794708061781958
953,0.00011020292289756772
954,9.745669777114544e-05
955,9.143221481376297e-05
956,9.09119163625373e-05
957,8.902287836040633e-05
958,8.822151554219653e-05
959,8.732961925640272e-05
960,8.422833746457706e-05
961,8.392272388178917e-05
962,8.0741075247529e-05
963,7.984463362392537e-05
964,8.164392865200445e-05
965,8.166953185918441e-05
966,8.365448307654872e-05
967,8.808192755931232e-05
968,8.886139809831248e-05
969,8.879532601391754e-05
970,9.200117253352278e-05
971,9.455993422260807e-05
972,9.018341069820667e-05
973,8.628333519215069e-05
974,8.466556822046672e-05
975,8.09602395793156e-05
976,8.39861170714363e-05
977,8.152469587757292e-05
978,8.015283826884639e-05
979,8.215739811743856e-05
980,8.126739023286042e-05
981,8.061808762881977e-05
982,8.197479411151358e-05
983,8.275573584680966e-05
984,8.450749147219184e-05
985,8.427884121801951e-05
986,8.118774800949704e-05
987,7.918777741502203e-05
988,7.732625297944036e-05
989,7.853316093779308e-05
990,7.957865450851298e-05
991,7.723038368051437e-05
992,7.589102413922038e-05
993,7.855584371053484e-05
994,9.135334112577805e-05
995,9.925976960165589e-05
996,9.548654634935515e-05
997,9.052330095887441e-05
998,7.811553881313129e-05
999,8.01717442391568e-05
1000,8.297836956687622e-05
1001,8.166195629616804e-05
1002,7.951714972008154e-05
1003,8.003931461436921e-05
1004,8.297687641242663e-05
1005,8.827357832454961e-05
1006,8.84312817842121e-05
1007,8.354243061836748e-05
1008,8.429963558954561e-05
1009,8.445165188740741e-05
1010,8.848674808038412e-05
1011,8.912210725684393e-05
1012,8.805551190044655e-05
1013,9.924200545533635e-05
1014,0.00013585118820885907
1015,0.0001906342344712651
1016,0.00019671273448667733
1017,0.00019445014437430153
1018,0.0002040750838309042
1019,0.000195257128479851
1020,0.00020146087780380053
1021,0.00019809133324858073
1022,0.00020698886494853631
1023,0.00019935599115108725
1024,0.0001721438661353733
1025,0.00015636803063070632
1026,0.00013603005932866008
1027,0.00013248243414717143
1028,0.00012386750388495692
1029,0.00012287099895507623
1030,0.00012240392706834816
1031,0.00011670018686163262
1032,0.00011419577160288215
1033,0.0001036117658684072
1034,0.00010327971466859986
1035,0.00010425391011435121
1036,0.00010734124847859603
1037,0.00011235877442495057
1038,0.00015032732059776124
1039,0.00019304170448155973
1040,0.0002058158823376047
1041,0.00019948238228361542
1042,0.00020168987938843158
1043,0.00020913448397630864
1044,0.0002005938381479619
1045,0.00019918924093211243
1046,0.00020743143153576795
1047,0.0001916205069015353
1048,0.00015454717269572268
1049,0.00014995372457120908
1050,0.00014197340690822954
1051,0.0001322820659949269
1052,0.00012360264463538175
1053,0.00012183916335593945
1054,0.00012147244023148619
1055,0.00011718273924669847
1056,0.00011220370594372856
1057,0.00010559210587350066
1058,0.00010410073003434486
1059,9.954386419384656e-05
1060,0.00010239234176246221
1061,0.0001107794561803439
1062,0.00015213149033595523
1063,0.0002023561776034133
1064,0.0002088402008008148
1065,0.00019328882154296903
1066,0.0002045866868532763
1067,0.0002018204206120035
1068,0.00020197171229079417
1069,0.00020280627583735397
1070,0.0001947870263679164
1071,0.0001765890528063028
1072,0.00015167798858819562
1073,0.00014345050994749945
1074,0.00013696534492610706
1075,0.00012869750719896427
1076,0.00012381730754566585
1077,0.00012150493829891873
1078,0.00011937892790237428
1079,0.00011593204672992652
1080,0.00010855680794949498
1081,9.953255574470618e-05
1082,9.975136874603405e-05
1083,9.551935183093909e-05
1084,9.93408830213152e-05
1085,0.00011237309114114382
1086,0.00014854497726431588
1087,0.00019250862638489776
1088,0.0001994269159874434
1089,0.00019819245054623403
1090,0.00021082317578434876
1091,0.00020589813758125491
1092,0.00019823768434279552
1093,0.00019213621609864379
1094,0.0001942882908235953
1095,0.00018112666134603196
1096,0.00015674456904985037
1097,0.00014443293970087728
1098,0.0001331536290304217
1099,0.00012864807939505166
1100,0.00012190712384155008
1101,0.00011941476360916476
1102,0.00011821914214179873
1103,0.00011572039208669527
1104,0.00010872322879616471
1105,0.00010320391512212884
1106,0.00010295717134933192
1107,9.726921905510558e-05
1108,0.00010023844451075604
1109,0.00011569057291401054
1110,0.00015250945603508787
1111,0.0001939559102514829
1112,0.00019806002092144642
1113,0.00018691008769241823
1114,0.00020555253820063278
1115,0.00020480060318633561
1116,0.00018462562725898648
1117,0.0001703317255873969
1118,0.00015845631691924463
1119,0.00012926872660855212
1120,0.00010450970064646043
1121,9.450442401012871e-05
1122,9.2061491581656e-05
1123,8.936167071339053e-05
1124,8.598648291267739e-05
1125,8.548506847360847e-05
1126,8.793215099312493e-05
1127,8.658258091037409e-05
1128,8.282213730350967e-05
1129,8.139411073769366e-05
1130,7.723986960290008e-05
1131,7.795858193069359e-05
1132,7.376883446141462e-05
1133,7.508970523731792e-05
1134,7.59687779613681e-05
1135,7.951258242411803e-05
1136,8.099838089224148e-05
1137,7.89572607177877e-05
1138,8.193140479986039e-05
1139,8.078521113640698e-05
1140,7.635776665364338e-05
1141,7.648453107478394e-05
1142,7.537794992055234e-05
1143,7.481050731339581e-05
1144,7.257773637370474e-05
1145,7.3044061683208e-05
1146,7.257283970543619e-05
1147,7.883804990150984e-05
1148,7.674330791579236e-05
1149,7.959220268932776e-05
1150,8.068071228308843e-05
1151,7.841660705810935e-05
1152,7.65105734450373e-05
1153,7.567449478587425e-05
1154,7.836568609974715e-05
1155,7.755490323361267e-05
1156,7.298181031755174e-05
1157,7.582163637362118e-05
1158,7.423175625709891e-05
1159,7.716780294255306e-05
1160,7.759036565179074e-05
1161,7.708554769890287e-05
1162,7.852224773541879e-05
1163,7.951488803025346e-05
1164,8.191142288002011e-05
1165,8.479575811357992e-05
1166,8.296517271652017e-05
1167,8.528737921611174e-05
1168,8.042184760946532e-05
1169,7.751074538658103e-05
1170,7.986538407914411e-05
1171,8.000800228723489e-05
1172,8.582684713549187e-05
1173,8.74069558736307e-05
1174,8.582722042410428e-05
1175,8.601024163494901e-05
1176,8.879989330988104e-05
1177,8.69949550363086e-05
1178,9.061576674398146e-05
1179,8.461014584060205e-05
1180,8.80177877924404e-05
1181,9.702548354936155e-05
1182,0.00014918150022292024
1183,0.00019254823889411956
1184,0.00020439993275630757
1185,0.00019992644202529664
1186,0.0002087662676974058
1187,0.000206525943152852
1188,0.00019551744239161635
1189,0.00019907264313612138
1190,0.0001978653399310026
1191,0.00018267429397489192
1192,0.0001586015701057759
1193,0.00014783307196416026
1194,0.00012953130221014556
1195,0.0001269917978218294
1196,0.00011908082400814175
1197,0.00011746641663396939
1198,0.00011744566617875064
1199,0.00011256024048487864
1200,0.00010176343828318157
1201,9.403173083606098e-05
1202,9.927448156461521e-05
1203,9.343675270420148e-05
1204,9.770234363625883e-05
1205,0.00011140952344176907
1206,0.00015328673075872096
1207,0.00019342355677389204
1208,0.00020195662703922245
1209,0.00019031509466581608
1210,0.00020537371099713916
1211,0.00020571213006151097
1212,0.00019681907782490422
1213,0.0001954759853974862
1214,0.00019848710701034024
1215,0.00017519574208144006
1216,0.0001620582665729144
1217,0.0001503322172660298
1218,0.00014176555102558337
1219,0.00013000592770173633
1220,0.0001241444181608973
1221,0.00011903747861279591
1222,0.00012047644033913991
1223,0.00011779431774273298
1224,0.0001116750853522617
1225,0.00010345746592256364
1226,9.833425538259234e-05
1227,9.495267775916103e-05
1228,9.274518065434486e-05
1229,0.00010683528870171727
1230,0.00015203678481917377
1231,0.0001901739915703286
1232,0.000211540438874
1233,0.00020101264601292187
1234,0.0002136894614155913
1235,0.00020874468283234754
1236,0.0001906478265683872
1237,0.0001951975560089426
1238,0.0001946931113446671
1239,0.00018020496784570709
1240,0.00015181682999385504
1241,0.00014318490412069945
1242,0.00012938604902361432
1243,0.00012525440282894784
1244,0.0001230981780129526
1245,0.00012479975925719738
1246,0.00012132044589177807
1247,0.00011528537910432633
1248,0.00010964151878267062
1249,9.649201020593348e-05
1250,9.591815581790514e-05
1251,9.903491810806859e-05
1252,0.00010000188932126231
1253,0.00011351473946678742
1254,0.00015296153050285886
1255,0.0001940313584674952
1256,0.00020050747672957527
1257,0.00020502962672912033
1258,0.0002115676011100906
1259,0.0002057838234332456
1260,0.00020141748849214735
1261,0.00018695874696095233
1262,0.00018647235189899416
1263,0.00017470899568902313
1264,0.00015219332449669174
1265,0.00015001940140883796
1266,0.00013595535768987256
1267,0.00012909139255950808
1268,0.0001239444672135725
1269,0.00011888656022261766
1270,0.00011671904891563571
1271,0.00011201091335450038
1272,0.00010711525516101785
1273,0.00010554610354156068
1274,0.00010183739334474428
1275,0.00010167213628021908
1276,0.00010536312624702328
1277,0.00011056817482572505
1278,0.00014277178341754013
1279,0.00018714958527450384
1280,0.00019834523537947427
1281,0.00018641245005578065
1282,0.00019957216917397463
1283,0.00019309152753223838
1284,0.00018092671039870715
1285,0.00016923575022138824
1286,0.0001580552512424505
1287,0.0001311354990428611
1288,0.00010813731938177119
1289,0.00010371815312294141
1290,9.445121940378477e-05
1291,8.988308903045341e-05
1292,8.49202608448924e-05
1293,8.477123085592982e-05
1294,8.461420809903112e-05
1295,8.123833959555418e-05
1296,7.862147663185637e-05
1297,7.68935016868995e-05
1298,7.708328600907479e-05
1299,7.718214161689998e-05
1300,7.682145698470615e-05
1301,7.188651565430686e-05
1302,7.566617264563309e-05
1303,7.67927796360123e-05
1304,7.996123141991644e-05
1305,8.066185022908534e-05
1306,7.927418274971597e-05
1307,7.661621412234672e-05
1308,7.342022681373962e-05
1309,7.28207033440703e-05
1310,7.148356157629705e-05
1311,7.238342867187331e-05
1312,6.684597756290548e-05
1313,6.845660813464649e-05
1314,7.032006488775117e-05
1315,7.360131570706135e-05
1316,7.176506510635458e-05
1317,7.117950702241978e-05
1318,7.291573823315682e-05
1319,7.411215019405499e-05
1320,7.38544712607301e-05
1321,6.998577395626944e-05
1322,7.01532927106227e-05
1323,6.789636780189392e-05
1324,6.962133447979792e-05
1325,7.085052996412635e-05
1326,7.0243474847748e-05
1327,6.547231938557796e-05
1328,6.508974247417451e-05
1329,7.020386233852618e-05
1330,8.023739911863201e-05
1331,7.81476196756441e-05
1332,7.95028110457346e-05
1333,8.109383298624773e-05
1334,7.922512823441578e-05
1335,6.940471729383712e-05
1336,7.13666563661546e-05
1337,7.050152706968528e-05
1338,7.28199567668455e-05
1339,7.310330478181137e-05
1340,7.333118650060521e-05
1341,7.724513955978103e-05
1342,8.195140867785435e-05
1343,8.522662100490509e-05
1344,8.829094722410308e-05
1345,8.525567164221135e-05
1346,8.681575454420254e-05
1347,8.34492402141893e-05
1348,8.260334626033546e-05
1349,0.00010515902520865474
1350,0.00014199562855974425
1351,0.00018225249980103272
1352,0.00020030256323952094
1353,0.0001936744506377327
1354,0.0002018245267867399
1355,0.00020508847458095762
1356,0.00019508697474705726
1357,0.00019635657323413964
1358,0.00019773253701760258
1359,0.00019004909359225002
1360,0.0001625804314672021
1361,0.00014481856879564094
1362,0.00013302949958772162
1363,0.00012561471417252927
1364,0.00012051040960286837
1365,0.00012622284523843745
1366,0.00012639418471152943
1367,0.00012085901725054336
1368,0.00011776792404202088
1369,0.00011036442511781523
1370,0.00010799544775090521
1371,0.00010370306787136969
1372,0.0001032552313272571
1373,0.00011930723453063965
1374,0.00014973308904312656
1375,0.00019304548128399107
1376,0.00020362720337048428
1377,0.00020201962498210348
1378,0.00020713973942240724
1379,0.0002101908468330955
1380,0.00019709528943992713
1381,0.00019205659583343407
1382,0.00018422908496184848
1383,0.000180855785562351
1384,0.00015949271981434489
1385,0.00014260689964162734
1386,0.00012790595967544525
1387,0.00012755772531638265
1388,0.00011979092873969639
1389,0.00011781168664228645
1390,0.00011531177280503844
1391,0.00010788491040532724
1392,0.00010030636108005932
1393,9.663197147743011e-05
1394,9.907905399694657e-05
1395,9.907527719451522e-05
1396,9.359482945247637e-05
1397,0.00010644779316389159
1398,0.00015072983551269766
1399,0.0001876876259138954
1400,0.00020078061420308432
1401,0.00019217699239001016
1402,0.0001927010456855135
1403,0.00019627319812465225
1404,0.00019681644284646373
1405,0.00019575933341245207
1406,0.00019408862533226823
1407,0.000181490332287125
1408,0.00015486040575783428
1409,0.00015280604481671708
1410,0.00013363240461305623
1411,0.00013085860672507437
1412,0.00012473034953344449
1413,0.00012527967666382274
1414,0.00011997579443544945
1415,0.00011498090734552932
1416,0.00010045124097797816
1417,9.875835516258697e-05
1418,0.00010313602051097924
1419,9.58393040880739e-05
1420,9.564231749149463e-05
1421,0.00011153925221365517
1422,0.0001415489557977762
1423,0.00017767224852687516
1424,0.0001910896685365477
1425,0.00018485162057656465
1426,0.00018957334823482206
1427,0.0001908187707947131
1428,0.00017931757298141575
1429,0.00015901469080893517
1430,0.00015156556284140197
1431,0.00012685747979582614
1432,0.0001072688085296366
1433,0.00010136843305680054
1434,9.227319014119458e-05
1435,8.815625590948741e-05
1436,8.179482508402905e-05
1437,8.074597191579756e-05
1438,8.062142526817771e-05
1439,7.788539540450938e-05
1440,7.733907654118401e-05
1441,7.718514988395287e-05
1442,7.379485487351431e-05
1443,7.152925649408564e-05
1444,7.115574830014816e-05
1445,7.233173917813264e-05
1446,7.674256133856757e-05
1447,8.196838233064174e-05
1448,8.359712837916103e-05
1449,7.939488672044344e-05
1450,8.318323914062324e-05
1451,8.657089917262131e-05
1452,8.872745336092162e-05
1453,8.880970860457181e-05
1454,8.485952459183943e-05
1455,7.327684007027038e-05
1456,7.066410523946267e-05
1457,7.299652228051108e-05
1458,7.491880492729939e-05
1459,7.571902592151831e-05
1460,6.984921619859176e-05
1461,7.031703466254463e-05
1462,7.042381716384492e-05
1463,7.3481336355405e-05
1464,7.470260494625833e-05
1465,7.720247486719899e-05
1466,7.326063495286146e-05
1467,6.987449003346667e-05
1468,7.419592055030844e-05
1469,7.047471616405345e-05
1470,6.97899730999884e-05
1471,6.986730971721637e-05
1472,6.985185117703224e-05
1473,7.111462067832305e-05
1474,7.409669165387084e-05
1475,7.711007495655297e-05
1476,8.941902541077824e-05
1477,8.950843901252505e-05
1478,8.922170944189392e-05
1479,8.521037197118883e-05
1480,7.145343498946095e-05
1481,7.281506009857697e-05
1482,7.129873979685132e-05
1483,7.572732610360579e-05
1484,7.568652785408575e-05
1485,7.980502111470354e-05
1486,8.203214880890127e-05
1487,8.139977594134068e-05
1488,8.120476557859178e-05
1489,7.864978069193783e-05
1490,8.089877870719149e-05
1491,7.852905476305667e-05
1492,8.317796918374229e-05
1493,9.402228882998261e-05
1494,0.00013825756031147018
1495,0.00017640036639181102
1496,0.00018400008337721746
1497,0.00018569859047994834
1498,0.0001999517378183252
1499,0.0001949741976698049
1500,0.0001845829845245581
1501,0.00019585252381663023
1502,0.0001871092920625182
1503,0.00018149037620343236
1504,0.00016537912990144643
1505,0.00015488794128253725
1506,0.00014126000845362432
1507,0.00012783503483908908
1508,0.00011963019505482733
1509,0.00012043004276043386
1510,0.00011812784013883623
1511,0.00011152572599099407
1512,0.00010589396461201087
1513,9.884513378589331e-05
1514,9.571365953277052e-05
1515,9.246708063810627e-05
1516,9.666291051595203e-05
1517,0.0001036151254659188
1518,0.00014976967132714183
1519,0.00019101986356602875
1520,0.00020421388132025627
1521,0.00019957179588536223
1522,0.00021165211804356887
1523,0.0002119418339230992
1524,0.0001964282446477206
1525,0.00019857048211982767
1526,0.00019561403630961348
1527,0.00018033511382251294
1528,0.00015985076946809824
1529,0.000152844186129643
1530,0.0001332524846382469
1531,0.00013057640053409938
1532,0.00011976828988326196
1533,0.00011898390071783957
1534,0.00012091070674428403
1535,0.00011517747673718885
1536,0.00010446707987018573
1537,0.00010399730713055618
1538,0.00010455159680366399
1539,0.00010429729942600438
1540,0.00010970341881786814
1541,0.0001189563651931366
1542,0.00015661927582500572
1543,0.0002059792070846069
1544,0.00021703930950696854
1545,0.00020959591261754336
1546,0.0002153080188808074
1547,0.0002080305597586712
1548,0.00020023238498038958
1549,0.0001977974233616993
1550,0.00018981368022674716
1551,0.00018346924501222987
1552,0.00015929577713407297
1553,0.0001584615868761256
1554,0.00014258314091935572
1555,0.00013694758077978752
1556,0.00012501062340689644
1557,0.0001234302292127599
1558,0.00012699214915228816
1559,0.00012487707391627167
1560,0.000108861279708292
1561,0.0001027689021397599
1562,0.0001050729931625732
1563,0.00010300547928740731
1564,9.786720545401795e-05
1565,0.00012059226959975252
1566,0.00015236767223683655
1567,0.00019754464109664297
1568,0.00021529519531906372
1569,0.00021225238809046296
1570,0.00021414673996578224
1571,0.00021769695620940403
1572,0.0002064190947770907
1573,0.0001993691880014433
1574,0.00018964269208411393
1575,0.00017802160275177495
1576,0.00016492035819680586
1577,0.00015853281912663313
1578,0.0001351106055600096
1579,0.00013037983114243989
1580,0.00012752566641202354
1581,0.0001257535555781887
1582,0.00012764713891812946
1583,0.00012059710039356004
1584,0.00011144913595099089
1585,0.00010352498724510085
1586,0.00010530805519761734
1587,0.00010226333760964722
1588,0.0001039690250286284
1589,0.00012186599621972497
1590,0.00014529883753272506
1591,0.0001884263640778365
1592,0.00019393024116984192
1593,0.00018687117784411386
1594,0.00019736467206915847
1595,0.00019414681443949539
1596,0.0001771515767870371
1597,0.0001672059604542285
1598,0.0001590943110741449
1599,0.00013180629867934527
1600,0.00010689942846858919
1601,9.488249950002968e-05
1602,8.546128779318317e-05
1603,8.12530515585135e-05
1604,8.132586479608533e-05
1605,8.064298817508228e-05
1606,8.201855671177915e-05
1607,7.831588500722217e-05
1608,7.559412794343973e-05
1609,7.271091257571714e-05
1610,7.507158976053965e-05
1611,7.123271162876374e-05
1612,6.746739331178442e-05
1613,6.879349012826136e-05
1614,6.9020317855679e-05
1615,7.019027024140406e-05
1616,7.062717162498866e-05
1617,7.348285146800827e-05
1618,7.330929422139559e-05
1619,7.443587925362114e-05
1620,7.083316106457287e-05
1621,7.105726598093536e-05
1622,7.462564161764275e-05
1623,7.502934227287736e-05
1624,7.609475188897652e-05
1625,6.992429112599166e-05
1626,7.051810547570661e-05
1627,7.109839360276045e-05
1628,7.595667901869558e-05
1629,7.422341215870408e-05
1630,7.055170145082269e-05
1631,6.895843977863515e-05
1632,6.907238063803207e-05
1633,6.990806405042907e-05
1634,7.059471747386346e-05
1635,7.023706306687617e-05
1636,6.663469620828665e-05
1637,6.623099555305203e-05
1638,6.60604685316459e-05
1639,6.856866059282772e-05
1640,7.30365080783453e-05
1641,7.659168686469663e-05
1642,9.423093520616096e-05
1643,9.194495966012594e-05
1644,8.750614085376096e-05
1645,8.387518447909226e-05
1646,8.50104429820177e-05
1647,6.85924632314067e-05
1648,7.610612621257791e-05
1649,7.71209662007736e-05
1650,7.541339038057675e-05
1651,7.56284704957806e-05
1652,7.966202961800038e-05
1653,8.637017968991804e-05
1654,8.653086945847975e-05
1655,8.480214793629808e-05
1656,8.441924165258956e-05
1657,8.465195416519094e-05
1658,8.714172333544311e-05
1659,8.899681403199928e-05
1660,8.559707701548236e-05
1661,9.90447114446057e-05
1662,0.00013745281593759514
1663,0.00017748209091608748
1664,0.00018544659870842412
1665,0.0001802385418626695
1666,0.00018681689728824007
1667,0.00017921303021178986
1668,0.00017195862715100785
1669,0.0001794816662637964
1670,0.0001830787412073513
1671,0.00016866303765735076
1672,0.0001384062170118204
1673,0.00013608438380084123
1674,0.00011693410707268588
1675,0.00011305519922676839
1676,0.00010544085811101734
1677,0.00010651950849377988
1678,0.00010623914678771323
1679,9.694621461461055e-05
1680,9.039914955802066e-05
1681,8.10877944939883e-05
1682,8.168727404735029e-05
1683,8.465349123594788e-05
1684,8.448412799668627e-05
1685,0.00010127109256157863
1686,0.000136476007471557
1687,0.0001758801338150464
1688,0.00019033358343120677
1689,0.00018206234219024503
1690,0.00018236793381487922
1691,0.0001841517483446205
1692,0.00017099466420486702
1693,0.0001757975052827838
1694,0.0001748002976919856
1695,0.00015743159576189718
1696,0.00012886691435453322
1697,0.00013085168990666814
1698,0.00011985318010535263
1699,0.000107588321623698
1700,9.971968313028732e-05
1701,9.869904618952258e-05
1702,9.83244840042089e-05
1703,9.22701818741417e-05
1704,8.644714301853361e-05
1705,8.096177665007254e-05
1706,7.970241066260068e-05
1707,7.90817634491002e-05
1708,7.906252810648473e-05
1709,9.895413406071434e-05
1710,0.00013533058234348202
1711,0.00018163710058625952
1712,0.00019071802678567222
1713,0.00017910027509269118
1714,0.0001892092600888093
1715,0.00018833233926381887
1716,0.0001746429016464745
1717,0.00018026267387355352
1718,0.0001776114903156685
1719,0.00015868116841283192
1720,0.0001409030567075545
1721,0.00013341282307634988
1722,0.00011857756508416449
1723,0.00010577664219694867
1724,0.00010097643609747239
1725,9.752123278478344e-05
1726,9.413170630972337e-05
1727,8.990190716814915e-05
1728,8.555032810631759e-05
1729,8.144999423878542e-05
1730,7.968958710085703e-05
1731,7.626567415714873e-05
1732,8.109231787364447e-05
1733,0.00010452215091959167
1734,0.0001329766463118364
1735,0.00017747831411365613
1736,0.00019227354239169993
1737,0.00018116440741219178
1738,0.00019210343257521352
1739,0.00019140129865344137
1740,0.00017538207897348904
1741,0.00018430257890218412
1742,0.00017719722778851833
1743,0.00016141498050297953
1744,0.00013558448447437558
1745,0.00012266885219238435
1746,0.0001124908088029721
1747,0.0001086232533225023
1748,0.0001076649555800085
1749,0.00010814673942969588
1750,9.961481098835637e-05
1751,9.560424205302976e-05
1752,9.007056774649329e-05
1753,8.437170224989263e-05
1754,8.621172965303075e-05
1755,8.417357382932251e-05
1756,8.211815889682914e-05
1757,9.618980013696455e-05
1758,0.00011751432932527873
1759,0.00015505394492428725
1760,0.000166192174457409
1761,0.00016530368168543412
1762,0.00016049666855831994
1763,0.00016211825624874257
1764,0.0001513150422661737
1765,0.00014357007209423605
1766,0.0001360929913970801
1767,0.00011430628699030645
1768,9.499301488745398e-05
1769,8.836112548323443e-05
1770,7.805328744747505e-05
1771,7.778616650807178e-05
1772,7.54594146706704e-05
1773,7.644265687573405e-05
1774,7.378506153697721e-05
1775,6.923309236474745e-05
1776,6.417369221934299e-05
1777,6.125161091962337e-05
1778,6.120029471449511e-05
1779,6.0349526050526396e-05
1780,6.015899515112631e-05
1781,6.357456399643975e-05
1782,6.397633233415134e-05
1783,6.5363648483062e-05
1784,6.52878269784373e-05
1785,6.41910391607428e-05
1786,6.625137271965839e-05
1787,6.628876745535948e-05
1788,6.490261508859336e-05
1789,6.42559474629932e-05
1790,6.174057508556106e-05
1791,5.951344739136334e-05
1792,5.793788399103433e-05
1793,5.963153834180401e-05
1794,6.282339751752103e-05
1795,6.667246423260014e-05
1796,6.146326556285463e-05
1797,6.002204214668256e-05
1798,6.175454047129559e-05
1799,5.9818314396926417e-05
1800,6.0607578272463684e-05
1801,5.9510065835698056e-05
1802,5.9819434262763625e-05
1803,5.7484382243274726e-05
1804,5.743122155323813e-05
1805,5.724973741315034e-05
1806,5.69788616294694e-05
1807,5.5544796571393965e-05
1808,5.5670419168543666e-05
1809,5.841215815216637e-05
1810,5.966094030956899e-05
1811,5.9783598555973144e-05
1812,7.046154127185107e-05
1813,7.141342723347305e-05
1814,7.263772604953292e-05
1815,6.939797614066023e-05
1816,6.0172170043328694e-05
1817,5.576323628410943e-05
1818,6.085772555907954e-05
1819,6.297769746336457e-05
1820,6.537836044602132e-05
1821,6.590318227690313e-05
1822,7.238757876291705e-05
1823,6.969526758320695e-05
1824,7.214083499012013e-05
1825,7.283014535014868e-05
1826,7.405057953116252e-05
1827,7.163904726243882e-05
1828,7.194766911227957e-05
1829,8.697345800386504e-05
1830,0.00012760715312029527
1831,0.0001682374447229065
1832,0.00017651775468133425
1833,0.00017599558978704656
1834,0.00019157560247727885
1835,0.0001907761280602847
1836,0.00018115270371628535
1837,0.00018286181660723911
1838,0.0001840924832878635
1839,0.00016687393121257482
1840,0.00014457972995816549
1841,0.00013478606404875764
1842,0.0001202455503532932
1843,0.00011025087950518438
1844,0.00010978299516677051
1845,0.00010759100051844581
1846,0.0001066828771570894
1847,0.00010089112867046197
1848,9.675950443394915e-05
1849,9.309115332357936e-05
1850,8.778801767243088e-05
1851,8.309834891853257e-05
1852,8.1781628233673e-05
1853,0.0001002625545634864
1854,0.00012781164940542985
1855,0.0001811798659523759
1856,0.0001951239742359923
1857,0.00017974505431707567
1858,0.00019299153010042232
1859,0.00018395287334682558
1860,0.0001770263274784998
1861,0.00017707004616245804
1862,0.00017620309433923406
1863,0.00016142139228385134
1864,0.00014732939583526327
1865,0.0001392241582360515
1866,0.00011547740315817603
1867,0.00010642293653393644
1868,0.00010567473440576325
1869,0.00010795923875550235
1870,0.00010699979918901765
1871,0.00010611016459305193
1872,9.79536107887119e-05
1873,8.861008702955207e-05
1874,8.623511508668998e-05
1875,8.235471408632289e-05
1876,8.103610500024763e-05
1877,9.619131524956783e-05
1878,0.00013630170364771949
1879,0.00018202196114564472
1880,0.00017505650542901457
1881,0.00017185030757895062
1882,0.00018381218745625784
1883,0.0001728157856376947
1884,0.0001612448267701858
1885,0.00016677432902752483
1886,0.00016216540040467342
1887,0.00015528635002273725
1888,0.00015044389643559865
1889,0.00014374630823559654
1890,0.00012041563821162593
1891,0.00011102204986209706
1892,0.00010601282409783002
1893,0.00010577659828064132
1894,0.00010361554267083854
1895,9.755179853469296e-05
1896,8.988686583288476e-05
1897,8.274862140502038e-05
1898,8.259770301484211e-05
1899,8.187934201750733e-05
1900,8.069052757777921e-05
1901,9.584420075634244e-05
1902,0.00012139475228379949
1903,0.00017728813454471478
1904,0.00018191105051145435
1905,0.00017306742607876017
1906,0.00018135946169124803
1907,0.00018598310227705873
1908,0.00017771366160469797
1909,0.00017366960648502365
1910,0.00017616229608971402
1911,0.00016101237775542846
1912,0.00014247934472695463
1913,0.00012259340397637204
1914,0.0001233830630986754
1915,0.00010754945569170096
1916,9.930840691203634e-05
1917,9.935787863225628e-05
1918,9.794342220540872e-05
1919,9.00151453666286e-05
1920,8.636750079517023e-05
1921,8.109835636590388e-05
1922,8.051167841613188e-05
1923,7.805177233487177e-05
1924,7.877579853585359e-05
1925,8.572691557813682e-05
1926,0.00012401345973240565
1927,0.00015402057225439352
1928,0.00016765605868816915
1929,0.00016347911282248013
1930,0.00016887658070179767
1931,0.00016798466245785017
1932,0.00015470232900955937
1933,0.00014848951096814388
1934,0.00012329288096155013
1935,0.00010902658068912452
1936,8.91579429636344e-05
1937,8.058222996387563e-05
1938,6.979412319103214e-05
1939,6.514968823369534e-05
1940,6.392809027053696e-05
1941,6.422610633215481e-05
1942,6.302449028883671e-05
1943,5.987826015644725e-05
1944,5.9288969186388444e-05
1945,6.841552442912873e-05
1946,6.067059817349841e-05
1947,5.7768894040385134e-05
1948,5.7762855548125705e-05
1949,5.932254320335084e-05
1950,5.643858125840344e-05
1951,5.453744431359996e-05
1952,5.3218022775838904e-05
1953,5.219448735878964e-05
1954,5.565796889541241e-05
1955,5.652762157153786e-05
1956,5.485695740766135e-05
1957,5.260912317455222e-05
1958,5.1651198720670816e-05
1959,5.088828462953831e-05
1960,4.9545938779345115e-05
1961,4.987645290839549e-05
1962,4.886833211522302e-05
1963,5.645291993275038e-05
1964,5.750478136803475e-05
1965,5.672568411764699e-05
1966,5.339311709320854e-05
1967,5.41058128868963e-05
1968,5.40963928389716e-05
1969,5.414353699490245e-05
1970,5.456192765494271e-05
1971,5.277135001387087e-05
1972,5.188244003697626e-05
1973,5.2031887230858596e-05
1974,5.009263093128288e-05
1975,4.900943521071051e-05
1976,5.005565340050154e-05
1977,5.1857561448867434e-05
1978,6.577786709390483e-05
1979,6.507803877826806e-05
1980,6.604389012562455e-05
1981,6.42487671467429e-05
1982,6.784129675248798e-05
1983,6.681053710288108e-05
1984,6.560435376359949e-05
1985,5.447253601134956e-05
1986,5.090831046568592e-05
1987,5.6763386267499464e-05
1988,5.969414103791898e-05
1989,6.29097808940613e-05
1990,6.429367157099933e-05
1991,6.534403985183413e-05
1992,6.480301290354337e-05
1993,7.682031516071527e-05
1994,6.471313818056946e-05
1995,6.420840806029628e-05
1996,6.390356301288687e-05
1997,9.157667750676207e-05
1998,0.00011664474252361427
1999,0.0001540492276449337
2000,0.00018572764111725456
2001,0.00017842831167406243
2002,0.0001802625640827852
2003,0.0001892152327066077
2004,0.00018380465580954881
2005,0.00019276364838162848
2006,0.00019499420154779883
2007,0.0001876845298142278
2008,0.00016632008070254043
2009,0.00014812502757536501
2010,0.00012997727231119614
2011,0.0001265669295064563
2012,0.00011969995610903895
2013,0.00012060660827409941
2014,0.00011933665845655832
2015,0.00011505938578674818
2016,0.00011047715827876028
2017,0.00010110583549705343
2018,9.908357737660272e-05
2019,9.581025345076765e-05
2020,9.528468504266102e-05
2021,0.00010984827675763333
2022,0.00014890908736848234
2023,0.00018947034253595312
2024,0.00019885453279571097
2025,0.0001901396490179877
2026,0.00020461573749058255
2027,0.000202094326620891
2028,0.00019243355145749785
2029,0.00019316095921414494
2030,0.0001905365646037381
2031,0.0001776533645147184
2032,0.000159229375677373
2033,0.0001464665501867757
2034,0.0001355338489720111
2035,0.00013756598826161358
2036,0.00013063335998472102
2037,0.0001260987597120447
2038,0.00012370110499644086
2039,0.00011971809354397089
2040,0.00011030858553303081
2041,0.00010255687420791627
2042,0.00010154043127450261
2043,9.998943904813106e-05
2044,9.800303859262449e-05
2045,0.00011114119480391391
2046,0.00014555502331160033
2047,0.00019000759268181255
2048,0.00019937333809248703
2049,0.00019127943090056933
2050,0.000200605563802022
2051,0.00018762616504177127
2052,0.00016786163092283362
2053,0.00017244719607017946
2054,0.00017007026985164068
2055,0.00016069060297153897
2056,0.00014410545579703345
2057,0.0001497420918861315
2058,0.00013064996034889602
2059,0.00012858281976234253
2060,0.0001228971071997906
2061,0.00012399501488332228
2062,0.000119676219344921
2063,0.00011691976839833896
2064,0.00010730763054532627
2065,9.838144345483053e-05
2066,9.700736807258326e-05
2067,9.936993365862146e-05
2068,9.682360028451374e-05
2069,0.00011043684310862097
2070,0.00014891400599490457
2071,0.00019034489188034714
2072,0.00019038487767818137
2073,0.00018424834226261764
2074,0.00019261235670283783
2075,0.00019140845701153797
2076,0.00017688408255902142
2077,0.00017375449670711433
2078,0.00016534970597552778
2079,0.0001619367721086548
2080,0.0001411155018443179
2081,0.00013175880319295572
2082,0.00012141212118335297
2083,0.00011917028152619591
2084,0.00011505220547049787
2085,0.00011251118596957845
2086,0.00010857156382876163
2087,9.566688866545207e-05
2088,7.833663546244092e-05
2089,7.685650219796447e-05
2090,7.881879260074069e-05
2091,7.94382979902503e-05
2092,7.956578703046199e-05
2093,8.085119538818724e-05
2094,8.15020570211385e-05
2095,8.302478910373595e-05
2096,8.246527339005452e-05
2097,8.553524285474585e-05
2098,8.695081914743062e-05
2099,8.601742195119931e-05
2100,8.552808449664923e-05
2101,8.45991228474594e-05
2102,8.535147506667632e-05
2103,9.095157278806647e-05
2104,8.830183846832372e-05
2105,8.083878903136332e-05
2106,7.779670642183368e-05
2107,7.465049824759791e-05
2108,7.3481336355405e-05
2109,7.450680408997728e-05
2110,7.004124025244145e-05
2111,6.757380252447232e-05
2112,6.972546004450407e-05
2113,6.858945496435382e-05
2114,7.068033231502526e-05
2115,7.203330591159505e-05
2116,7.23585281256108e-05
2117,6.870791920340689e-05
2118,6.702820828021807e-05
2119,6.679771354113744e-05
2120,6.663059003355023e-05
2121,6.825400025072755e-05
2122,6.289838461230624e-05
2123,6.473019966597155e-05
2124,6.13983792187579e-05
2125,5.1941331805120905e-05
2126,5.2297866346270985e-05
2127,5.161832736462588e-05
2128,5.932142333751365e-05
2129,5.814806743796965e-05
2130,5.860420416416973e-05
2131,6.512972827200873e-05
2132,6.7560957004575e-05
2133,6.893235349207444e-05
2134,6.983902761528859e-05
2135,6.747191669144057e-05
2136,6.589448684804958e-05
2137,6.607408258692168e-05
2138,6.837514338452843e-05
2139,6.973564862780725e-05
2140,6.882186006280381e-05
2141,6.56424731183717e-05
2142,6.502900622112154e-05
2143,6.417784231038676e-05
2144,6.439931224830876e-05
2145,6.33300160390099e-05
2146,6.606540911622179e-05
2147,6.778348093387321e-05
2148,6.564205591345196e-05
2149,6.282792089717719e-05
2150,6.484337198999e-05
2151,6.811441226784332e-05
2152,6.692976987731263e-05
2153,6.516060143606964e-05
2154,6.56009722079342e-05
2155,6.856530099531612e-05
2156,6.878977920029102e-05
2157,7.004200878781994e-05
2158,7.099464132666672e-05
2159,7.048380683967309e-05
2160,6.624726654492198e-05
2161,6.604503194961545e-05
2162,6.679582513992176e-05
2163,6.729686629037829e-05
2164,7.271506266676088e-05
2165,7.824645332531561e-05
2166,8.218229866370106e-05
2167,8.171070339731686e-05
2168,8.364613897815387e-05
2169,7.939530392536318e-05
2170,7.961369972177131e-05
2171,9.380233400466386e-05
2172,9.261764769782582e-05
2173,8.416268258510187e-05
2174,8.289762943582931e-05
2175,7.719081508759988e-05
2176,7.436758939570546e-05
2177,6.9928067928423e-05
2178,7.079431709072953e-05
2179,7.182656989478603e-05
2180,7.311612834355502e-05
2181,7.633853131102789e-05
2182,6.92459159264911e-05
2183,7.827282506787405e-05
2184,7.99963205494821e-05
2185,7.989935334287258e-05
2186,8.402720077695406e-05
2187,8.532244638752374e-05
2188,9.811094095976199e-05
2189,0.00013265177542827938
2190,0.00017879354164406609
2191,0.00018993780966944726
2192,0.00018529493374102107
2193,0.0001916166861827966
2194,0.00018703081362129935
2195,0.00018416268350514848
2196,0.00018263389097213794
2197,0.00018378201695311438
2198,0.00016983555914705525
2199,0.00015448235222608695
2200,0.0001391010827847276
2201,0.0001276369503348263
2202,0.00012490766162433486
2203,0.00012193013598659688
2204,0.00012229797897688735
2205,0.0001198727887365805
2206,0.00011825649296119248
2207,0.00011403194181834553
2208,0.00010544838975772636
2209,9.708850345039626e-05
2210,9.487382602932979e-05
2211,9.706961943823951e-05
2212,0.0001078302126445337
2213,0.00014187308010410842
2214,0.00017843549199031273
2215,0.00019758082813389218
2216,0.00019515943665417035
2217,0.00020379362421715403
2218,0.00019430146571579765
2219,0.00018239623787496068
2220,0.0001964867411690992
2221,0.0001888285935367752
2222,0.00017954018474332866
2223,0.0001545770577428684
2224,0.0001367314247150538
2225,0.00011955512012742743
2226,0.00011862732226038214
2227,0.0001209454225852373
2228,0.00012299859778605628
2229,0.0001189559919045242
2230,0.0001168801119728098
2231,0.00011223501827086288
2232,9.931108580678416e-05
2233,9.35714001025098e-05
2234,9.681945019346998e-05
2235,9.73597525226896e-05
2236,0.00011008632510157664
2237,0.00014644461399125874
2238,0.00019174990630111633
2239,0.00019522094144260182
2240,0.00018911306141757825
2241,0.0001893111020055337
2242,0.0001897212363997938
2243,0.0001830145355660184
2244,0.00018211176999415762
2245,0.00017897495990969287
2246,0.0001734711267339948
2247,0.0001533357413577138
2248,0.00015026091914106124
2249,0.000137372822383773
2250,0.00012846207187530774
2251,0.00012106577522550604
2252,0.00012199724010421433
2253,0.0001177448679806667
2254,0.00011510273118209401
2255,0.00010575286151652338
2256,9.841126262751524e-05
2257,9.774496441253353e-05
2258,9.692135798465539e-05
2259,9.933862133148713e-05
2260,0.00011221573901194007
2261,0.00013701591455401053
2262,0.0001675274058658129
2263,0.0001779005035342814
2264,0.0001757722314479089
2265,0.00018024420706631652
2266,0.00018550770825008953
2267,0.00017708473616726366
2268,0.00016795750022175962
2269,0.0001498394762976608
2270,0.0001324288562522151
2271,0.00011309182542709101
2272,0.00010049195139488351
2273,8.989479272635986e-05
2274,8.659127633922766e-05
2275,8.77767092232905e-05
2276,8.511986046175847e-05
2277,8.469237912609858e-05
2278,8.31289146684421e-05
2279,8.104706211892928e-05
2280,7.816911670808764e-05
2281,7.699725396299324e-05
2282,7.56201703136931e-05
2283,7.188842601367621e-05
2284,7.227515301612341e-05
2285,7.180996953061103e-05
2286,7.127987774284825e-05
2287,7.15077594616421e-05
2288,7.14179506131292e-05
2289,7.509796150309809e-05
2290,7.703952340880922e-05
2291,7.427734138411916e-05
2292,7.105726598093536e-05
2293,7.100482990996989e-05
2294,7.165564762661381e-05
2295,7.138136832911393e-05
2296,6.844038105908389e-05
2297,6.884030491188715e-05
2298,7.67512787255748e-05
2299,7.844150760437186e-05
2300,7.729603855998955e-05
2301,7.341682329992069e-05
2302,7.34485089156674e-05
2303,7.275770540118926e-05
2304,7.57525999384807e-05
2305,7.448076171972391e-05
2306,7.347718626436126e-05
2307,7.024007133392904e-05
2308,6.816799016279968e-05
2309,6.981412706902608e-05
2310,6.952588238579168e-05
2311,6.9202921861604e-05
2312,8.045735394395075e-05
2313,9.014035075885855e-05
2314,9.092590370642549e-05
2315,8.844860676745824e-05
2316,7.62306289438904e-05
2317,6.801928954614214e-05
2318,6.996917359209443e-05
2319,7.168395168669525e-05
2320,6.883920700420361e-05
2321,6.67739548188658e-05
2322,6.884412563062584e-05
2323,7.377713464350211e-05
2324,7.862031284971182e-05
2325,7.786916832894678e-05
2326,7.569939533213675e-05
2327,7.595443928702116e-05
2328,7.66015021593874e-05
2329,7.649961632635566e-05
2330,7.979709422122844e-05
2331,7.896329921004713e-05
2332,8.974119544143377e-05
2333,0.0001293777488415268
2334,0.00017712744477615307
2335,0.00019688589648652396
2336,0.00019098325932385981
2337,0.00019486137667624516
2338,0.00019431352074216285
2339,0.00018668635606466813
2340,0.00018711642846246118
2341,0.0001849504322680825
2342,0.0001736405558477174
2343,0.0001580273424291351
2344,0.00014339240867288695
2345,0.00012518837466086023
2346,0.00011751889662124221
2347,0.00012095484263316201
2348,0.00011850776011364555
2349,0.00011276133325619431
2350,0.00011028860361319054
2351,0.0001033299329660446
2352,9.826860050311714e-05
2353,9.645310035762913e-05
2354,9.531751248239862e-05
2355,9.001435487309647e-05
2356,0.00010357551295669697
2357,0.00013284162562491567
2358,0.00019596457627481148
2359,0.00020312471298188547
2360,0.0001978811717597991
2361,0.00019997398142799358
2362,0.00020031011684438363
2363,0.0001960223042608116
2364,0.00020421959044021064
2365,0.00019928054293507494
2366,0.00018349825173322878
2367,0.0001583019950152474
2368,0.00014607455322744755
2369,0.0001395444837817987
2370,0.00012447682069116335
2371,0.00012551697843054128
2372,0.00012460622009074438
2373,0.0001215354601325209
2374,0.00011758569332470827
2375,0.00010671754908173534
2376,9.727033892094278e-05
2377,9.495381958315191e-05
2378,9.358685864269393e-05
2379,9.707868815570548e-05
2380,0.00010909025933476936
2381,0.00013449527221969746
2382,0.00018445584681480514
2383,0.00019262030555446658
2384,0.0001885757673554115
2385,0.0001770383605467113
2386,0.0001794613330134974
2387,0.00018339944004171094
2388,0.00018607589743447085
2389,0.0001894416651872593
2390,0.0001783962527697033
2391,0.00015389982436735873
2392,0.00014885098609386985
2393,0.00014021034283370702
2394,0.00012525020882159674
2395,0.0001223960440911804
2396,0.00012407878523957577
2397,0.00011871829489103959
2398,0.00011664397398823581
2399,0.00010815877249790739
2400,9.913829709554994e-05
2401,9.84278190753829e-05
2402,9.703907564648367e-05
2403,9.630106210161366e-05
2404,0.0001093080403028747
2405,0.00013511400907382856
2406,0.00019202080404295095
2407,0.0002035004389493437
2408,0.00020238522824071956
2409,0.00020934233985895486
2410,0.00020951969586615257
2411,0.0001932149103977137
2412,0.00019949860935917802
2413,0.00019074255404332233
2414,0.00017745341356739363
2415,0.000150279737278757
2416,0.00014061408740524895
2417,0.00013051603756965882
2418,0.00012418855404977525
2419,0.00012358567098259433
2420,0.00012242210841958745
2421,0.00011749588447619538
2422,0.0001174215561260203
2423,0.00011154118453117817
2424,0.00010456253196419197
2425,0.00010073759725999689
2426,9.753783314895845e-05
2427,9.810112566507122e-05
2428,0.00010658024474683285
2429,0.00012258925388532833
2430,0.0001706909390232948
2431,0.00019085348663566639
2432,0.00018147340255064495
2433,0.00018422985349722697
2434,0.00018704629411963719
2435,0.00017343004302847705
2436,0.0001681480311211597
2437,0.0001624921377312925
2438,0.00013613717120226543
2439,0.0001170113338991455
2440,0.00010900998032494953
2441,9.845045793181734e-05
2442,8.92084906333842e-05
2443,8.831734092481518e-05
2444,9.08840295073756e-05
2445,8.692626993162686e-05
2446,8.40034640128361e-05
2447,8.156279327419147e-05
2448,7.69089821852373e-05
2449,7.15861939865536e-05
2450,7.262560514870673e-05
2451,7.500896510627101e-05
2452,7.074899546155334e-05
2453,6.998616920303551e-05
2454,7.464865376268958e-05
2455,7.629094799202364e-05
2456,7.53953188201058e-05
2457,7.715232244421527e-05
2458,7.940167178992766e-05
2459,7.197445805975775e-05
2460,7.065773737489819e-05
2461,7.095685134419955e-05
2462,7.199672362757977e-05
2463,6.946097408354129e-05
2464,6.541002410361438e-05
2465,6.28592332243115e-05
2466,6.683091426948744e-05
2467,7.193743661266906e-05
2468,7.282368965296952e-05
2469,7.014951590819135e-05
2470,6.77469206080116e-05
2471,6.875431678211294e-05
2472,6.988123118664355e-05
2473,6.87422397975941e-05
2474,6.446571370500876e-05
2475,6.557756481612132e-05
2476,6.876145318205589e-05
2477,6.332782022364284e-05
2478,6.500065824473275e-05
2479,6.618086508822197e-05
2480,6.875809358454428e-05
2481,6.412725072432961e-05
2482,6.36956632139333e-05
2483,7.672185479965615e-05
2484,8.17842412539598e-05
2485,7.46965664539989e-05
2486,7.010915682174473e-05
2487,6.886939946550074e-05
2488,5.9382928125945085e-05
2489,6.455738899658365e-05
2490,6.665393155090212e-05
2491,7.12425269234545e-05
2492,7.472067650672926e-05
2493,7.773028300698002e-05
2494,7.990198832131306e-05
2495,8.038034669902782e-05
2496,8.181555358109412e-05
2497,8.212911601551078e-05
2498,8.150315492882202e-05
2499,8.466330653063865e-05
2500,0.00010375396687157821
2501,0.00013229831502864316
2502,0.000179272690515313
2503,0.0001906112662425256
2504,0.0001932435877464075
2505,0.00019486478019006413
2506,0.0001966885805176396
2507,0.000183997448398777
2508,0.00018742731200213002
2509,0.0001861189134575116
2510,0.00016974805590467778
2511,0.00014223642167289643
2512,0.00014330446626743603
2513,0.00012680730541468876
2514,0.0001206310696572885
2515,0.00012103973285525268
2516,0.00011886912544860317
2517,0.00011535593065207009
2518,0.0001103987676701561
2519,9.953745241297472e-05
2520,9.359783771952925e-05
2521,9.178233757404123e-05
2522,9.043845465309109e-05
2523,8.519493538915837e-05
2524,9.78958828027118e-05
2525,0.00013679255621487283
2526,0.0001838880309190362
2527,0.0001919830799349448
2528,0.00019118624049639115
2529,0.0002014242735616316
2530,0.00019752235357066726
2531,0.0001889429076847845
2532,0.00019250105082188138
2533,0.00018863046511620503
2534,0.00017113723849665046
2535,0.0001519515213084707
2536,0.00014271293556570287
2537,0.00013225720936497175
2538,0.0001259293525564758
2539,0.00011975884787718358
2540,0.0001204451060538519
2541,0.00011634964689643462
2542,0.00010937933842784326
2543,0.00010400527794033862
2544,9.37061353334328e-05
2545,9.191817071264776e-05
2546,8.990798957671592e-05
2547,9.421659653181404e-05
2548,0.00011351853822737244
2549,0.0001517466517347237
2550,0.00018907268037297794
2551,0.00019653351203641762
2552,0.00018381482243469833
2553,0.00019478404005901718
2554,0.00019513416281929545
2555,0.0001847648419532583
2556,0.00017541192010432744
2557,0.00016986922099663235
2558,0.00015989415877975142
2559,0.00014700795042367886
2560,0.00013389462888419091
2561,0.00012068546000393067
2562,0.00011252515135531296
2563,0.00011400596532255317
2564,0.00011843760381266787
2565,0.0001197614608974704
2566,0.00010841118147435134
2567,9.596264303724184e-05
2568,8.72412596460321e-05
2569,8.906547717852735e-05
2570,9.482964622414448e-05
2571,9.306093890412856e-05
2572,0.0001025915461325622
2573,0.00013737771905204156
2574,0.00017797294348324084
2575,0.00019668783394041482
2576,0.00019719713135665152
2577,0.00020017922429035298
2578,0.00020386832585594152
2579,0.00018790193749372076
2580,0.00018318589699726403
2581,0.0001811628922995885
2582,0.00016781338885921924
2583,0.00015487852123461255
2584,0.00014523924310366296
2585,0.00012928570026133954
2586,0.00011989127750197117
2587,0.00011754305059027991
2588,0.00011506880583467287
2589,0.00011138007755769675
2590,0.00010557100408782317
2591,0.00010534916086128876
2592,0.00010475264565867231
2593,0.00010158724605812841
2594,0.00010283758724444165
2595,9.739372178641808e-05
2596,0.00010750648358496754
2597,0.00014201607160081161
2598,0.00017782839295762704
2599,0.00018573862019408992
2600,0.0001831367766075028
2601,0.00018494933436039897
2602,0.0001794537794086347
2603,0.0001730044500940328
2604,0.00016302108769506438
2605,0.0001527604377315432
2606,0.0001250299026658193
2607,0.00010878209860615569
2608,0.00010781545676526703
2609,9.64931300717707e-05
2610,8.828339361924039e-05
2611,8.835886379340635e-05
2612,8.73564082038809e-05
2613,8.353902710454853e-05
2614,8.165864061496378e-05
2615,8.125757493816965e-05
2616,7.90723434011755e-05
2617,7.370847149697404e-05
2618,7.582126308500878e-05
2619,7.641171783721213e-05
2620,7.340511960401424e-05
2621,7.394838628397939e-05
2622,7.864369828337105e-05
2623,7.515536011679314e-05
2624,7.515309842696505e-05
2625,7.767789085232189e-05
2626,8.014383542584143e-05
2627,7.920852787024077e-05
2628,7.535184167583796e-05
2629,7.003256678174156e-05
2630,7.146173517154843e-05
2631,7.340924773690432e-05
2632,7.003671687278531e-05
2633,6.549871308629006e-05
2634,7.009180988034493e-05
2635,6.880677481123209e-05
2636,6.814499997590653e-05
2637,6.88825963158568e-05
2638,7.058944751698251e-05
2639,7.50829201678337e-05
2640,7.467544271016776e-05
2641,7.137607641407929e-05
2642,6.826686772877853e-05
2643,6.868716874818814e-05
2644,6.714708972419089e-05
2645,6.719983320930776e-05
2646,6.751381284864415e-05
2647,6.53131008133122e-05
2648,6.892335064906949e-05
2649,7.178162155422224e-05
2650,7.353302584914568e-05
2651,8.62052739558516e-05
2652,8.534359208950857e-05
2653,8.111533001869127e-05
2654,8.236073062042862e-05
2655,7.42083708234397e-05
2656,6.593706370801693e-05
2657,7.29025852991081e-05
2658,6.90293646149913e-05
2659,7.616007739614665e-05
2660,8.258637260754807e-05
2661,8.844223890289374e-05
2662,8.61343710776491e-05
2663,8.13534003207883e-05
2664,7.926362087780039e-05
2665,7.993255407122258e-05
2666,8.247884352902298e-05
2667,8.412645163154533e-05
2668,9.344237399154116e-05
2669,0.00013399423106924094
2670,0.00018146510236855744
2671,0.00018993892953528447
2672,0.0001898411718351428
2673,0.00019803810668408313
2674,0.0001985968538623861
2675,0.00018912887128822112
2676,0.00019456975043734547
2677,0.0001939041768414349
2678,0.0001825520529334075
2679,0.0001492237037942752
2680,0.00013364448159757506
2681,0.00011771546601290172
2682,0.00011298469159533199
2683,0.0001200995066732298
2684,0.00012191880557930284
2685,0.0001169661879351987
2686,0.00010806637258726137
2687,0.00010297188331229125
2688,9.890852697554042e-05
2689,9.576346062529553e-05
2690,9.052108318535368e-05
2691,9.144806860071316e-05
2692,0.00010356611486692595
2693,0.00014551426897838765
2694,0.00019149448905761952
2695,0.00020035392336095653
2696,0.00019619471968343338
2697,0.00019479574375492364
2698,0.0001981094048090517
2699,0.00019461728984004239
2700,0.00019073010377019107
2701,0.00018387746904712063
2702,0.00017654377509343394
2703,0.0001639725784099203
2704,0.00014386477247464963
2705,0.00012701553458594736
2706,0.00012149549629284035
2707,0.00012007313493067137
2708,0.00012138645210171199
2709,0.00011746646055027674
2710,0.00011369661885364128
2711,0.00010392567963328257
2712,9.541636809022381e-05
2713,9.5063215104739e-05
2714,9.360501803577954e-05
2715,9.60777476787833e-05
2716,0.00010752159079469293
2717,0.00014539468487349738
2718,0.00019118887547483164
2719,0.00019721526879158346
2720,0.0001880770318110904
2721,0.0001902652935732911
2722,0.00019532317860609228
2723,0.0001878042456680401
2724,0.00018327531059901084
2725,0.00017976466294830355
2726,0.00017374582323641442
2727,0.00015900074738135433
2728,0.00015036693310698307
2729,0.0001316765479493055
2730,0.0001259587984405481
2731,0.0001172880066353955
2732,0.00012005690785510879
2733,0.00012021764153997782
2734,0.00011260059957132526
2735,0.00010755628467749253
2736,9.604795046425226e-05
2737,9.776685669174315e-05
2738,9.742013744528385e-05
2739,9.461878207444537e-05
2740,0.0001084500913226557
2741,0.00014684038775301825
2742,0.0001903731959404286
2743,0.00020543973916522677
2744,0.00019832110336859025
2745,0.00019705229537504002
2746,0.00019503003725458931
2747,0.00018655241132727726
2748,0.00018299196258404497
2749,0.00017980726176642457
2750,0.00017138024938332335
2751,0.00015841218103036664
2752,0.000156849463149935
2753,0.0001347249984233996
2754,0.0001207819660893131
2755,0.00012176975363218658
2756,0.0001242934481498599
2757,0.00012110839600178074
2758,0.00011289338959236949
2759,0.00010761289279765544
2760,0.00010100623331200344
2761,9.842219778804323e-05
2762,9.764046555921499e-05
2763,9.72929777773772e-05
2764,9.980494664099039e-05
2765,0.00013310723145171566
2766,0.00016906254430523426
2767,0.00017688597096023712
2768,0.00017523761628048995
2769,0.00017144023905915154
2770,0.00017195070025753274
2771,0.00016084033562141904
2772,0.00015748631548084439
2773,0.00014772705799823846
2774,0.00012429533655107557
2775,0.00010852064287039944
2776,0.00010320806521317258
2777,9.262935139373226e-05
2778,8.739564742449032e-05
2779,8.849730995229971e-05
2780,8.820643029062482e-05
2781,8.537942779629905e-05
2782,8.27882339142422e-05
2783,8.113043722841668e-05
2784,7.80080097346062e-05
2785,7.620383999641223e-05
2786,7.644491856556212e-05
2787,7.429929953778978e-05
2788,7.042381716384492e-05
2789,7.102784205501672e-05
2790,7.66603500112247e-05
2791,7.646415390817759e-05
2792,7.961903555311327e-05
2793,8.29557307104418e-05
2794,8.481538870296147e-05
2795,7.897006232137768e-05
2796,8.017288606314768e-05
2797,7.884597679498494e-05
2798,7.502699275043459e-05
2799,6.991447583130088e-05
2800,6.676523743185856e-05
2801,6.603747834475274e-05
2802,7.240947104212667e-05
2803,7.432189447791687e-05
2804,7.065244545986355e-05
2805,7.025744023348252e-05
2806,7.045923566571565e-05
2807,7.310593976025183e-05
2808,7.46543189663366e-05
2809,6.914027524918167e-05
2810,6.747909700769088e-05
2811,7.077356663551078e-05
2812,6.682109897479665e-05
2813,6.689314367699001e-05
2814,7.084897093521573e-05
2815,7.260904870083908e-05
2816,7.490031616190871e-05
2817,8.256939895476067e-05
2818,7.717265569451428e-05
2819,8.530472615751154e-05
2820,8.694592247916206e-05
2821,8.365371454117024e-05
2822,8.361519993963195e-05
2823,7.346247430140193e-05
2824,6.792467186197538e-05
2825,6.757228741186904e-05
2826,6.891160303685569e-05
2827,7.322328413346772e-05
2828,7.442263848695774e-05
2829,7.873203593558802e-05
2830,8.030153888550392e-05
2831,7.798047420990322e-05
2832,7.725043147481565e-05
2833,8.122588932242294e-05
2834,7.852602453785013e-05
2835,8.093612952658524e-05
2836,0.00010261155001055615
2837,0.00013632963441918854
2838,0.00018592800926949912
2839,0.00019751032050245576
2840,0.00019315944410154169
2841,0.0002029926566457103
2842,0.00020081836026924414
2843,0.00019121302944386933
2844,0.00019332579907375042
2845,0.00018586990799488663
2846,0.00017945189100741904
2847,0.000161144478007911
2848,0.00014840688243588127
2849,0.000124340240975332
2850,0.00011567807872457195
2851,0.00011759548666124539
2852,0.0001222844088379189
2853,0.00012008066657738041
2854,0.0001117079127919993
2855,0.0001028179566550601
2856,9.831581053350901e-05
2857,9.850519960891823e-05
2858,9.266450639775895e-05
2859,9.120027083654007e-05
2860,0.00010968644516508074
2861,0.00014306463931304539
2862,0.0001871029461561074
2863,0.00019283957967702154
2864,0.00019037545763025667
2865,0.00018412579380698183
2866,0.000181634202109975
2867,0.00016800209723186467
2868,0.00017501957181454054
2869,0.00017565036369503686
2870,0.00016743344692625627
2871,0.00014550065492311185
2872,0.00013656996641111364
2873,0.0001212453490062245
2874,0.00011595354376237007
2875,0.00011387847628234148
2876,0.00011934383877280861
2877,0.00011558908232774489
2878,0.00010870886816366412
2879,9.976873764558751e-05
2880,9.048105347121212e-05
2881,8.789480017373117e-05
2882,9.000491286701809e-05
2883,8.829169380132788e-05
2884,8.935602746789718e-05
2885,8.847921643367509e-05
2886,8.794908072960499e-05
2887,8.536508912195212e-05
2888,8.656637579296516e-05
2889,9.139521532482794e-05
2890,9.777436638029851e-05
2891,9.860783201917478e-05
2892,8.82977322935873e-05
2893,8.24184805645824e-05
2894,8.405100341553303e-05
2895,8.501685476288952e-05
2896,8.0641473062479e-05
2897,7.341003823043645e-05
2898,7.157567603094535e-05
2899,7.35473645234926e-05
2900,8.104324140019058e-05
2901,7.63513109564642e-05
2902,7.223738499180991e-05
2903,8.231808788600026e-05
2904,8.154696144539493e-05
2905,8.353975172361966e-05
2906,8.566466421248057e-05
2907,8.742129454797762e-05
2908,0.00010042254167113065
2909,0.0001369846022268762
2910,0.0001773749351261748
2911,0.0001873009428277555
2912,0.00018546919364855122
2913,0.00019522772651208603
2914,0.00019670439038828248
2915,0.00018522324036928644
2916,0.00018232078965894837
2917,0.0001794202053916723
2918,0.00016745004729043126
2919,0.0001518851198517707
2920,0.00014806435719677305
2921,0.00011800974918839555
2922,0.00010888095421398088
2923,0.00011039079686037366
2924,0.0001101606973680591
2925,0.00010948535239376509
2926,0.0001006946031951098
2927,9.296928557070735e-05
2928,8.590045086659585e-05
2929,8.809286271984029e-05
2930,8.658146104453689e-05
2931,8.72994267951056e-05
2932,8.773028968643078e-05
2933,0.00012647641799702595
2934,0.0001645302496386934
2935,0.0001747882646237741
2936,0.00017183260930709208
2937,0.00017198914898461002
2938,0.00016299921737400843
2939,0.00016209636396953298
2940,0.00015479165477869152
2941,0.00014045939221263935
2942,0.00012515135321377157
2943,0.00011000183012625206
2944,9.755897885094326e-05
2945,8.833165764100843e-05
2946,8.417135605580178e-05
2947,8.314777672244517e-05
2948,8.461956588852675e-05
2949,8.31322742659537e-05
2950,7.786082423055194e-05
2951,7.320479536807704e-05
2952,6.751528404494007e-05
2953,6.63400397441804e-05
2954,6.632570106983349e-05
2955,6.467242776366411e-05
2956,6.270567985569277e-05
2957,6.308854222309393e-05
2958,6.714441082944306e-05
2959,6.820536294034709e-05
2960,7.052642761594779e-05
2961,6.811515884506813e-05
2962,7.063165108833746e-05
2963,7.352356188491363e-05
2964,7.221700782520357e-05
2965,7.012869957851159e-05
2966,6.855243351726514e-05
2967,6.950961139392174e-05
2968,6.63785543457187e-05
2969,6.494448928764326e-05
2970,6.807855460289919e-05
2971,7.234796625369524e-05
2972,6.840759753565363e-05
2973,6.671811523408139e-05
2974,6.420911072121373e-05
2975,6.593864469508122e-05
2976,6.824196718251604e-05
2977,6.885842038866542e-05
2978,6.836761173781941e-05
2979,6.520067506651855e-05
2980,6.176284065338308e-05
2981,6.125611234112586e-05
2982,5.9891127634498246e-05
2983,6.16050493611059e-05
2984,6.259700895317679e-05
2985,6.790995989901606e-05
2986,7.80246100987812e-05
2987,8.152809939139187e-05
2988,7.270447883669164e-05
2989,7.143343111146699e-05
2990,6.88387678411302e-05
2991,6.558432792745188e-05
2992,6.724552812709635e-05
2993,6.642001133984885e-05
2994,6.578998799473102e-05
2995,6.868828861402534e-05
2996,7.401142814316778e-05
2997,7.625364108893723e-05
2998,7.747407526995106e-05
2999,7.758013315218023e-05
3000,7.7003270497099e-05
3001,7.6933136154275e-05
3002,7.417932018613345e-05
3003,7.352652623565916e-05
3004,8.488102162428299e-05
3005,0.00012939171422726137
3006,0.00018198008694659482
3007,0.00019116059337290388
3008,0.00019916319856185907
3009,0.0002044436953565731
3010,0.0001995495303175402
3011,0.0001918223023337684
3012,0.00019979662542079585
3013,0.00019681828733137207
3014,0.00018423626527809878
3015,0.0001693734498030568
3016,0.00015406503751557655
3017,0.00012608782455151673
3018,0.0001262142156840449
3019,0.00011982257043913577
3020,0.00012468959520023178
3021,0.00011857040672606785
3022,0.00011377773227330061
3023,0.00011185584487327836
3024,9.415019507511405e-05
3025,9.409172051188914e-05
3026,9.126206108096923e-05
3027,9.007851659812206e-05
3028,0.00010240178376854057
3029,0.00014482950395616892
3030,0.00017620873758472742
3031,0.00018977973292117235
3032,0.0001883166172257907
3033,0.00019262520222273515
3034,0.00018986460118510938
3035,0.0001734330512955299
3036,0.0001868402827218993
3037,0.00017961563295934097
3038,0.00016743076803150844
3039,0.0001541416714718871
3040,0.00015113129643625785
3041,0.00013137473312710264
3042,0.00011615992844872035
3043,0.00011906464084888649
3044,0.00012145021857997152
3045,0.00011695859041402865
3046,0.0001108673107531801
3047,0.00010521031945562935
3048,9.781099258062113e-05
3049,8.967521118965352e-05
3050,9.27248034877385e-05
3051,9.035055616394754e-05
3052,9.893191240919964e-05
3053,0.00014625526883215687
3054,0.0001892752882568969
3055,0.00020146691629605997
3056,0.00019105339366668383
3057,0.0001972699885105307
3058,0.00020363253920182626
3059,0.00018435090879841316
3060,0.0001828806786612422
3061,0.00018441509248159243
3062,0.0001704777692674603
3063,0.00015029486644663605
3064,0.00013608438380084123
3065,0.00012536834368834476
3066,0.00012179355627076555
3067,0.0001224575708377655
3068,0.00012351850099051587
3069,0.00012024475985976103
3070,0.00011067754838915846
3071,9.947897784974983e-05
3072,9.23248357186279e-05
3073,9.194043628046979e-05
3074,9.250862546485111e-05
3075,8.934239145446772e-05
3076,9.176310223142575e-05
3077,9.318056692532618e-05
3078,8.963026284908974e-05
3079,7.793515258072704e-05
3080,8.341863054797244e-05
3081,8.16231781967857e-05
3082,8.758802280879876e-05
3083,8.470551010199361e-05
3084,8.56736231391782e-05
3085,8.563521832840825e-05
3086,8.816040600053116e-05
3087,9.088591790859127e-05
3088,8.548959185326461e-05
3089,7.864411548829079e-05
3090,7.740200860960404e-05
3091,7.710214806307787e-05
3092,7.950696113677835e-05
3093,7.946056355807231e-05
3094,7.829361943940013e-05
3095,7.363111292159239e-05
3096,7.456038198493362e-05
3097,7.41249957139523e-05
3098,7.479010818863579e-05
3099,7.436229748067084e-05
3100,8.329002164192353e-05
3101,0.00011836516386370845
3102,0.00014959198594763904
3103,0.00015961302853830629
3104,0.00015157155741735406
3105,0.00015433709903955571
3106,0.00015319542875575845
3107,0.00014397871333404654
3108,0.00014417605126108453
3109,0.00013677856887098463
3110,0.00012434665275620383
3111,0.00010177841374398494
3112,0.00010071421182633768
3113,8.527378711898962e-05
3114,8.271842894372326e-05
3115,8.088670172267264e-05
3116,8.545753294890549e-05
3117,8.404836843709255e-05
3118,8.124286297521033e-05
3119,7.43075997198773e-05
3120,7.088976918473577e-05
3121,6.95745416543258e-05
3122,7.120480281544835e-05
3123,6.986651922368423e-05
3124,6.951149979513741e-05
3125,6.957831845675714e-05
3126,6.890372005968794e-05
3127,6.52478192224494e-05
3128,6.552886163127985e-05
3129,6.756172553995347e-05
3130,7.293879429451098e-05
3131,7.167565150460776e-05
3132,7.101728018310114e-05
3133,7.059471747386346e-05
3134,6.96662169459007e-05
3135,6.649249520511562e-05
3136,6.461096689154001e-05
3137,6.571980973559968e-05
3138,7.023627257334403e-05
3139,7.348285146800827e-05
3140,7.216424238193304e-05
3141,7.224610237881716e-05
3142,6.903199959343177e-05
3143,6.651476077293764e-05
3144,6.676036272174368e-05
3145,6.968169744423851e-05
3146,7.010878353313232e-05
3147,6.662266314007513e-05
3148,6.496824800991488e-05
3149,6.230797377641024e-05
3150,6.489620330772154e-05
3151,6.51799246112998e-05
3152,6.863433743045659e-05
3153,8.311042590305142e-05
3154,8.951254518726146e-05
3155,8.69534541258711e-05
3156,8.794115383612989e-05
3157,8.152087515883423e-05
3158,7.630456204729941e-05
3159,7.123875012102316e-05
3160,7.228382648682331e-05
3161,7.244078336926101e-05
3162,7.363603154801462e-05
3163,7.770731477824054e-05
3164,8.478256126322386e-05
3165,8.88040434009248e-05
3166,0.00010025087282573363
3167,9.134242792340375e-05
3168,8.324437064044229e-05
3169,8.379180936960486e-05
3170,8.588422379103324e-05
3171,8.763178540906431e-05
3172,9.516584751499555e-05
3173,0.00013732642480506697
3174,0.00017904480879651915
3175,0.000195222061308439
3176,0.00018283652081421055
3177,0.00019942122882564268
3178,0.00019890929643096554
3179,0.00018919039803480623
3180,0.00019216302700427563
3181,0.00019831884167876218
3182,0.00017966732245308162
3183,0.0001541737303762462
3184,0.00014500266595601554
3185,0.00012693558494843258
3186,0.00011632479026647946
3187,0.000114728125080473
3188,0.0001155147320194161
3189,0.00012142531803370901
3190,0.0001161881446761871
3191,0.0001063564911609291
3192,9.508921355868504e-05
3193,9.149745248831843e-05
3194,9.239090780302285e-05
3195,9.668363901301711e-05
3196,0.00010399508935703545
3197,0.00013073373070514947
3198,0.00018978952625770947
3199,0.00020582795932212356
3200,0.00019594457239681756
3201,0.00019832903026206533
3202,0.0001978909870544899
3203,0.0001855412822670519
3204,0.0001940140115260954
3205,0.0001919408104891288
3206,0.00017413782019574258
3207,0.00015913392358336674
3208,0.00014224046197317181
3209,0.0001324998030467249
3210,0.00012678539117732545
3211,0.00011442854998994452
3212,0.00011845795902112055
3213,0.000121154047003262
3214,0.00011611162051064496
3215,0.00011524122125729469
3216,9.412680964145482e-05
3217,9.759556113495854e-05
3218,9.369065483509502e-05
3219,9.740353708110885e-05
3220,0.00010523710840310752
3221,0.00014193684658236796
3222,0.00018399815105969445
3223,0.0001923742864007408
3224,0.00018155976396903156
3225,0.00018920583461683668
3226,0.0001930240062097012
3227,0.0001821917196316724
3228,0.000184475455446033
3229,0.0001862275843600276
3230,0.00016860530967135066
3231,0.00015025637380325143
3232,0.00013798213918997943
3233,0.00012345550304763481
3234,0.00011092771763392801
3235,0.00010680022153030527
3236,0.00011574972817999923
3237,0.00010992524008624887
3238,0.00010864778058015241
3239,0.00010444180603531083
3240,9.785930051869653e-05
3241,9.74503079484273e-05
3242,8.961781257595848e-05
3243,8.64112633954358e-05
3244,9.765065414251816e-05
3245,0.00013818812862956365
3246,0.00018049242203540937
3247,0.00019685684584921768
3248,0.00019020185646733662
3249,0.00019029546407643453
3250,0.000191580125856935
3251,0.00018444339654167388
3252,0.00018489085979717405
3253,0.00018097802660383544
3254,0.00017768996875688737
3255,0.00015253104090014608
3256,0.0001403224392081956
3257,0.00012580335667071368
3258,0.00012155544205236117
3259,0.00012110161093229652
3260,0.00012319668229031906
3261,0.00012041344239625884
3262,0.00011191809623893461
3263,0.00011001544418152785
3264,9.791814837053383e-05
3265,0.00010112998946609113
3266,9.904622655720897e-05
3267,9.34688116085606e-05
3268,9.867157653928061e-05
3269,0.0001386031596920923
3270,0.00016835215411768192
3271,0.00017979863221203202
3272,0.00017239702168904208
3273,0.00017478861595423284
3274,0.000179730298437809
3275,0.00017149304841872939
3276,0.00016415671948660223
3277,0.00015800356174870984
3278,0.00014024510259096765
3279,0.00011886128638774276
3280,0.00011210673873711903
3281,9.637203085427715e-05
3282,9.614263402288003e-05
3283,9.584420075634244e-05
3284,9.35276594603979e-05
3285,9.168161552315402e-05
3286,8.773331991163734e-05
3287,8.247054334693547e-05
3288,7.929682160615039e-05
3289,7.967032980008788e-05
3290,8.261500603993457e-05
3291,7.686370447236845e-05
3292,7.541945083098984e-05
3293,7.621025177728406e-05
3294,7.99299190927821e-05
3295,8.110327499232611e-05
3296,8.470706913090422e-05
3297,8.296060542055668e-05
3298,8.41222795823479e-05
3299,8.208269647865106e-05
3300,7.912135400016835e-05
3301,7.839396820167493e-05
3302,7.624986428650588e-05
3303,7.555754565942446e-05
3304,7.381070866046451e-05
3305,7.189108295027034e-05
3306,7.595068444274348e-05
3307,7.937077666771309e-05
3308,8.056110622004448e-05
3309,7.867580110403752e-05
3310,8.073881355770093e-05
3311,7.582655500004339e-05
3312,7.716213773890603e-05
3313,7.384090112176164e-05
3314,7.472260882425226e-05
3315,7.165641616199228e-05
3316,7.073470070351374e-05
3317,7.467880230767936e-05
3318,7.961488546206953e-05
3319,8.016759414811305e-05
3320,9.3148112774201e-05
3321,9.9572168253928e-05
3322,9.463801741706085e-05
3323,8.631396681652122e-05
3324,9.090174973738779e-05
3325,7.754998460719044e-05
3326,8.15424380657388e-05
3327,7.824869305699001e-05
3328,7.443361756379306e-05
3329,7.491654323747131e-05
3330,7.470638174868968e-05
3331,7.746057100544362e-05
3332,8.034189797195055e-05
3333,8.403251465014235e-05
3334,8.460070383452367e-05
3335,8.236222377487823e-05
3336,8.357148125567372e-05
3337,8.616908691860238e-05
3338,8.708245827868607e-05
3339,8.550092226055866e-05
3340,0.0001050722465853484
3341,0.00013407270951045977
3342,0.0001779091770049813
3343,0.00018922285218593143
3344,0.00018950205010985353
3345,0.00019755030630028999
3346,0.00020234146564045396
3347,0.00019462067139570767
3348,0.00019475762440015142
3349,0.0001891122709240461
3350,0.00017655014295799842
3351,0.00015472718563951454
3352,0.00015114750155366678
3353,0.00013565881282455068
3354,0.00012566148503984773
3355,0.00011621763447656679
3356,0.00011648589723996091
3357,0.00011170606830709097
3358,0.0001123862660333462
3359,0.00010554046029606733
3360,0.00010026523345823422
3361,9.425546246381106e-05
3362,9.043430456204734e-05
3363,8.896288868457815e-05
3364,0.0001049737642661356
3365,0.00013779575838162312
3366,0.0001824679312466953
3367,0.00019848447203189978
3368,0.0001894477036795187
3369,0.00019810756032414336
3370,0.00019842145213086506
3371,0.00019374726387530453
3372,0.00019178536871929442
3373,0.00018484632866153002
3374,0.00017523873614632714
3375,0.00015840877751654772
3376,0.00014515283776896903
3377,0.0001334592426132096
3378,0.00012045037601073286
3379,0.0001126485122626346
3380,0.00011428896200706032
3381,0.00011228782763044075
3382,0.00010796716564897744
3383,9.964346637889656e-05
3384,9.526845796709842e-05
3385,9.196645669256948e-05
3386,9.305191410296994e-05
3387,9.356351712534204e-05
3388,0.00010487530390507648
3389,0.00013849973678830362
3390,0.00018312553403282343
3391,0.00019686024936303666
3392,0.00019217736567862258
3393,0.00019366463534304192
3394,0.00019550578261201727
3395,0.00019038676607939704
3396,0.00017530287591319908
3397,0.00017852978030217443
3398,0.00018119646631655092
3399,0.00015497056981479985
3400,0.00014576856635604727
3401,0.00013262316395404653
3402,0.00011909553597110109
3403,0.0001172992931263822
3404,0.00011967433094370531
3405,0.00011839421450101469
3406,0.00011366605310373176
3407,0.00010725673154511775
3408,9.762083496983343e-05
3409,9.554387908858918e-05
3410,9.664782526438031e-05
3411,9.591962701420106e-05
3412,0.00010936989642176488
3413,0.00014320859696851005
3414,0.00018703533700095552
3415,0.00020943102884163055
3416,0.00019944540475283406
3417,0.00020696018759984246
3418,0.00020389700320463537
3419,0.00019256635437089783
3420,0.0001948146058089267
3421,0.00020081721844525326
3422,0.0001767373142598869
3423,0.00014886532476821677
3424,0.00013931769997068842
3425,0.0001272528363526659
3426,0.0001232083859862255
3427,0.00012047415669115815
3428,0.0001197977138091806
3429,0.00012025611222520878
3430,0.00011127858697143108
3431,0.00010784529789610543
3432,0.00010095228212843469
3433,9.67640278136053e-05
3434,9.599059576686456e-05
3435,0.00010110508891982863
3436,0.00010654252063882671
3437,0.0001436674565057653
3438,0.00017719722778851833
3439,0.0001878596680479048
3440,0.000183849911564264
3441,0.00018960123508998376
3442,0.00019242977465506648
3443,0.0001820242228354728
3444,0.00017719079404949285
3445,0.00016366852385604302
3446,0.00014246614787659858
3447,0.0001182697117697022
3448,0.00011004860099357052
3449,0.00010019393533326567
3450,9.682779429186482e-05
3451,9.624449789775809e-05
3452,9.164496736467775e-05
3453,9.418451566930125e-05
3454,8.877650787622181e-05
3455,8.419474148946099e-05
3456,8.286857879852305e-05
3457,8.421055136010385e-05
3458,8.446221375932299e-05
3459,8.457468342242397e-05
3460,7.918094842923045e-05
3461,8.047694061702494e-05
3462,8.213702095083222e-05
3463,8.293423367799825e-05
3464,8.176276617966993e-05
3465,8.612154751590545e-05
3466,9.02724510113411e-05
3467,8.702099740656197e-05
3468,8.552619609543356e-05
3469,8.152544245479771e-05
3470,7.81147922359065e-05
3471,7.892821008048145e-05
3472,7.897197268074704e-05
3473,8.088821683527592e-05
3474,8.160012213543155e-05
3475,7.965260957007567e-05
3476,7.753641446822199e-05
3477,7.727985540073431e-05
3478,7.629325359815904e-05
3479,7.870109689706609e-05
3480,7.750207191588112e-05
3481,7.838077135131887e-05
3482,7.838002477409408e-05
3483,7.678333762993393e-05
3484,7.405745243326143e-05
3485,7.237659968608173e-05
3486,7.427477228013969e-05
3487,7.487464708026775e-05
3488,8.054450585586949e-05
3489,8.049244307351641e-05
3490,7.903837413744703e-05
3491,7.716062262630277e-05
3492,7.295124456764222e-05
3493,8.57140700582395e-05
3494,8.899835110275623e-05
3495,8.924920105028955e-05
3496,7.590083943391115e-05
3497,7.563073218560868e-05
3498,7.424190092409476e-05
3499,7.826079199966255e-05
3500,8.50609906517675e-05
3501,8.768725170523634e-05
3502,8.75714663609311e-05
3503,8.691116272190145e-05
3504,8.485763619062376e-05
3505,8.469163254887377e-05
3506,8.231020490883251e-05
3507,8.460410734834262e-05
3508,9.416565361529816e-05
3509,0.00011779508627811144
3510,0.0001613813625697098
3511,0.00018363180122385358
3512,0.00018137224133668434
3513,0.00018952695065611603
3514,0.00019751064987476083
3515,0.0001957321711763615
3516,0.00020246671494899125
3517,0.00020228632871658703
3518,0.00014812357833722276
3519,0.00013869630617996314
3520,0.00013488349237659425
3521,0.00013332040120755018
3522,0.00012440923349416513
3523,0.0001184621091121643
3524,0.0001133238572369286
3525,0.00011429989716758829
3526,0.00011379128045411538
3527,0.00010255160425103532
3528,9.850781262920503e-05
3529,9.554427433535526e-05
3530,9.815621867263084e-05
3531,9.233432164101363e-05
3532,0.00010968455676386508
3533,0.0001416112510797398
3534,0.00018562090253226163
3535,0.0002012277041699721
3536,0.00019667083832947374
3537,0.00020601207844065183
3538,0.00020688662778504586
3539,0.0001975634592343387
3540,0.0001902158657693785
3541,0.00019357296005146705
3542,0.00018134771407903424
3543,0.00016761941052969285
3544,0.0001503993652999546
3545,0.0001255641445446258
3546,0.00013652543527546958
3547,0.0001256558198362007
3548,0.00012121706690429673
3549,0.00011942495219246793
3550,0.00011800522580873943
3551,0.0001131257946908195
3552,0.00010678436774335507
3553,0.00010180796941882562
3554,0.00010044972586537489
3555,9.667988416873943e-05
3556,0.00011090207051044071
3557,0.00014711699461480721
3558,0.00019019775029260023
3559,0.0001998453286056373
3560,0.0002006644116538593
3561,0.00020575136928212037
3562,0.00019916019029480618
3563,0.0001921946906618687
3564,0.00019945291444138942
3565,0.00019172537904346625
3566,0.00017430156214766452
3567,0.00016336141711880556
3568,0.00015469776171359587
3569,0.0001284058590019109
3570,0.00012136155155544948
3571,0.00012097102579241725
3572,0.00012135134101399265
3573,0.00011900691286288639
3574,0.0001177083076548051
3575,0.00011663415869354503
3576,0.00011051044683972497
3577,0.00010496434421821091
3578,0.00010126580064654399
3579,0.00010020864729622499
3580,0.00010527975113753588
3581,0.00014314869512529658
3582,0.00019394721482262934
3583,0.000209608736179287
3584,0.0001999192836672
3585,0.0002035785880182575
3586,0.00020033844286261875
3587,0.0001985667053173963
3588,0.00019721338039036776
3589,0.00018741150213148715
3590,0.00017879769173510986
3591,0.00014981005237174215
3592,0.00013881213544057573
3593,0.0001282383622057113
3594,0.00012526232972242293
3595,0.00012582522699176966
3596,0.00011872319155930812
3597,0.00012465070731008108
3598,0.00011662548522284514
3599,0.00011662700033544839
3600,0.00011059834532886849
3601,0.00010494548216420783
3602,0.00010298057874114482
3603,9.68968307270053e-05
3604,9.911754664033119e-05
3605,0.0001467653567419257
3606,0.00018688141034372437
3607,0.00019552088982174265
3608,0.00018984382877173695
3609,0.00019470745001901401
3610,0.00019368312410843262
3611,0.00018021023780258804
3612,0.00016883130298892882
3613,0.00015126596579271984
3614,0.0001352268081092346
3615,0.00011613878274673552
3616,0.00011067493536887166
3617,0.00010205734817006301
3618,9.59931868289977e-05
3619,9.358993278420781e-05
3620,9.233469492962602e-05
3621,9.345787644803262e-05
3622,8.974613602600966e-05
3623,8.519262978302297e-05
3624,8.427436175467072e-05
3625,8.395667118736398e-05
3626,8.851202191525903e-05
3627,8.582386082659266e-05
3628,8.19053843877607e-05
3629,8.117231142746658e-05
3630,7.878447200655348e-05
3631,7.849466829440846e-05
3632,7.996349310974452e-05
3633,8.380952959961706e-05
3634,8.852409889977787e-05
3635,8.91417158880718e-05
3636,8.156277131603779e-05
3637,8.179596690801993e-05
3638,8.419739842605514e-05
3639,7.869200622144644e-05
3640,7.72138272326467e-05
3641,7.616569868348634e-05
3642,7.963864418434115e-05
3643,7.816837013086285e-05
3644,7.956468912277847e-05
3645,8.272787094980163e-05
3646,7.75209339698842e-05
3647,7.48953975354865e-05
3648,7.42177908713644e-05
3649,7.45392362829488e-05
3650,7.782913861480521e-05
3651,6.961415416354762e-05
3652,6.839967064217853e-05
3653,7.227892981855475e-05
3654,7.295427479284877e-05
3655,7.233061931229542e-05
3656,7.939341552414751e-05
3657,7.880181894795328e-05
3658,7.871807054985349e-05
3659,8.848712136899653e-05
3660,8.826604667784059e-05
3661,8.131644474816063e-05
3662,8.005780337975988e-05
3663,6.402729720882088e-05
3664,6.681356732808764e-05
3665,6.650191525304031e-05
3666,6.813292299138767e-05
3667,7.552320310708359e-05
3668,7.794237681328468e-05
3669,8.299494797289755e-05
3670,8.302553568096074e-05
3671,8.454978287616147e-05
3672,8.4635749047782e-05
3673,8.35329886122891e-05
3674,8.73567814924933e-05
3675,8.635584101557112e-05
3676,9.884287209606523e-05
3677,0.00014114229079179608
3678,0.00018715946644365562
3679,0.00020535219200654194
3680,0.00019649653450563625
3681,0.00020777248557858022
3682,0.00020736011145264572
3683,0.00019872177379861832
3684,0.00020785851762466178
3685,0.00020785926420188657
3686,0.0001870776064467715
3687,0.00015968399729096979
3688,0.00015125997121676776
3689,0.0001415225620970641
3690,0.00013592437473504334
3691,0.00012168036198859344
3692,0.00012227044345218438
3693,0.00012246360933002495
3694,0.0001200961470757182
3695,0.00011052212857747774
3696,9.843049797013072e-05
3697,9.554802917963293e-05
3698,9.683269096013337e-05
3699,9.865348302065602e-05
3700,0.00011655192540804849
3701,0.0001475040509895595
3702,0.00019172388588901664
3703,0.00020250973097203203
3704,0.00019129980806717567
3705,0.00020645651147094547
3706,0.0002120524151849845
3707,0.00019698211711590867
3708,0.00019735746979475448
3709,0.000199581611180053
3710,0.00017694558734745287
3711,0.0001553218124409153
3712,0.00014062427598855214
3713,0.00013056432354958053
3714,0.00011705445971295464
3715,0.00011797013667917374
3716,0.00011761511725062694
3717,0.00011883790095408353
3718,0.00011621047611847014
3719,0.00010943592458985247
3720,0.00010187096736170667
3721,9.647237961655193e-05
3722,9.845763824806763e-05
3723,9.923412247816859e-05
3724,0.00011805540018987681
3725,0.0001486170658828166
3726,0.00018857313237697105
3727,0.00019375894561305732
3728,0.0001889436542620093
3729,0.00019029208252076927
3730,0.00020529861411158558
3731,0.00020145446602292872
3732,0.00019017012693528257
3733,0.00018037775655694132
3734,0.00016589031571889878
3735,0.0001440805772089246
3736,0.00013165278922703388
3737,0.00011370606085971965
3738,0.00011230253959340008
3739,0.00011141479339865
3740,0.00011152647256821887
3741,0.00011151817238613134
3742,0.00010345028560631335
3743,8.974650931462207e-05
3744,8.229661281171038e-05
3745,7.863091863793473e-05
3746,7.790313759267525e-05
3747,7.97514432197472e-05
3748,8.255620210440461e-05
3749,8.636376790904622e-05
3750,9.296173196584465e-05
3751,9.784570842157441e-05
3752,9.770572519192412e-05
3753,9.847577568299957e-05
3754,0.00010946308682594305
3755,0.00010878209860615569
3756,0.00010826483038013655
3757,0.00010675301149991341
3758,0.00010247312580981647
3759,9.794682571922767e-05
3760,9.835201952891188e-05
3761,8.470937473703965e-05
3762,7.52979783248839e-05
3763,7.671355461756866e-05
3764,7.57771271961308e-05
3765,7.459320942467123e-05
3766,7.44479342799863e-05
3767,7.537946503315562e-05
3768,7.379863167594565e-05
3769,7.086410010309479e-05
3770,7.557829611464321e-05
3771,7.625287255355874e-05
3772,8.705230973369628e-05
3773,0.00011597995942123583
3774,0.0001402171718194986
3775,0.0001482514845823542
3776,0.00014500758458243777
3777,0.00015030841462745085
3778,0.0001501918607477671
3779,0.00014019303980861454
3780,0.00013394287094780532
3781,0.0001305930008982744
3782,0.00011570379172252027
3783,0.00010067422602850346
3784,9.35276594603979e-05
3785,8.174956932931387e-05
3786,7.494519862801148e-05
3787,7.805969922834687e-05
3788,8.032077422811939e-05
3789,7.993745073949113e-05
3790,7.874220256073752e-05
3791,7.547869392959322e-05
3792,7.843052852753653e-05
3793,7.451547756067717e-05
3794,7.436758939570546e-05
3795,7.325835130487971e-05
3796,6.995108007346984e-05
3797,7.096747909057614e-05
3798,7.262527577640166e-05
3799,7.313305808003508e-05
3800,7.18631521788013e-05
3801,7.402350512768663e-05
3802,7.488823917738987e-05
3803,7.011594189122895e-05
3804,6.941909988449139e-05
3805,7.069508819429193e-05
3806,6.904785338038198e-05
3807,6.902295283411948e-05
3808,7.126553906850132e-05
3809,7.125835875225102e-05
3810,7.212500316132362e-05
3811,7.073393216813527e-05
3812,6.957076485189445e-05
3813,7.25064382487362e-05
3814,7.183260838704544e-05
3815,7.143228928747613e-05
3816,6.737986811125329e-05
3817,6.991636423251657e-05
3818,7.155000694930439e-05
3819,7.135721436007623e-05
3820,6.81378416178099e-05
3821,6.782506967692538e-05
3822,7.296446337615194e-05
3823,7.811628539035609e-05
3824,8.745978719136224e-05
3825,8.93620659601566e-05
3826,9.636821013553846e-05
3827,9.156541297392904e-05
3828,7.91474183285754e-05
3829,7.301195886254153e-05
3830,7.515647998263033e-05
3831,7.020875900679473e-05
3832,6.963980128703492e-05
3833,6.923724245579119e-05
3834,6.997747377418194e-05
3835,7.758167022293717e-05
3836,7.927154777127549e-05
3837,8.028116171889756e-05
3838,8.218495560029521e-05
3839,7.827890747644082e-05
3840,7.723986960290008e-05
3841,7.744245552866535e-05
3842,8.016495916967257e-05
3843,8.087954336457603e-05
3844,9.17668790338571e-05
3845,0.0001386793544853294
3846,0.00018170618093770735
3847,0.0001945769087954421
3848,0.00019912962454489666
3849,0.00021062590373177177
3850,0.00020397963173689795
3851,0.00019974497984336253
3852,0.0001982924260198964
3853,0.000190456571049916
3854,0.00017972505043908172
3855,0.00015683587105281286
3856,0.00015064046582725815
3857,0.00013857900572305463
3858,0.00012165849166753746
3859,0.00012325741854337204
3860,0.00012058511124165587
3861,0.00011810256630396133
3862,0.00011819046479310487
3863,0.00010689378522309584
3864,0.00010081833739104382
3865,0.00010003774698620644
3866,9.86372559450934e-05
3867,9.73412857154526e-05
3868,0.00010401357812242612
3869,0.00014013305013278637
3870,0.0001854345217239053
3871,0.00019985703230154377
3872,0.0001874816803906185
3873,0.00019591400664690804
3874,0.00019877535169357467
3875,0.00018848110575493741
3876,0.00018175938554405128
3877,0.0001956589626920236
3878,0.00017509802829760574
3879,0.00014708339863969114
3880,0.00013253790044334346
3881,0.00012225761989044073
3882,0.00011491562575466653
3883,0.00011621576803350477
3884,0.00011386036080556321
3885,0.00011376376688756608
3886,0.000107756257582971
3887,0.00010150613263846908
3888,0.00010147067022029101
3889,0.00010097303258365344
3890,9.929070864017782e-05
3891,9.350956594177329e-05
3892,0.00010357667673884152
3893,0.00013895214062837968
3894,0.0001964199444656331
3895,0.00020185625631879398
3896,0.00018082181629862256
3897,0.00020465045333153584
3898,0.00020124959644918168
3899,0.00018350771569746084
3900,0.00018870031400303135
3901,0.0001969394743814803
3902,0.00017694822232589336
3903,0.00015960325715992286
3904,0.00015257254181058358
3905,0.00013767465916412954
3906,0.00013252696528281548
3907,0.00011974224751300859
3908,0.00011841459166762103
3909,0.00011885865140930228
3910,0.00011710729103068618
3911,0.00011083490051836225
3912,0.00010339859611257268
3913,0.00010291340874906634
3914,9.877495552676195e-05
3915,9.399853010771097e-05
3916,0.00010326919671299163
3917,0.0001395448570704111
3918,0.00018957031800961554
3919,0.00019950879794248118
3920,0.00019191894016807288
3921,0.00019738241425732431
3922,0.00019406908257550137
3923,0.0001753821228897964
3924,0.00017272602070548916
3925,0.00017202841016337311
3926,0.00016053478791309218
3927,0.00014657293744130991
3928,0.00012857941624852358
3929,0.00011545779452694816
3930,0.00011212296581268164
3931,0.00011385280720070051
3932,0.00011141819691246897
3933,0.00011741250936670799
3934,0.0001131336996261409
3935,0.00011134424185090627
3936,0.00010182191284640647
3937,9.815318844742428e-05
3938,9.63901463310554e-05
3939,9.785137362522141e-05
3940,0.0001007458974420844
3941,0.00013812701908789827
3942,0.00017465961180141785
3943,0.00018500780892362388
3944,0.00018749298883975887
3945,0.00019180273761884787
3946,0.0001899513798084157
3947,0.00017994840877821942
3948,0.00016453815457401482
3949,0.00016033218002917322
3950,0.00012832777580745812
3951,0.00010370344115998209
3952,9.640485829401474e-05
3953,8.670710559984025e-05
3954,8.17725814743607e-05
3955,8.369973883126388e-05
3956,8.381745649309216e-05
3957,8.441998822981435e-05
3958,8.184236448672598e-05
3959,8.094783322249169e-05
3960,8.0774275975879e-05
3961,7.948282912589433e-05
3962,7.838191317530976e-05
3963,7.483351945844264e-05
3964,7.570053715612763e-05
3965,7.527419764445859e-05
3966,7.513875975261813e-05
3967,7.674636009915258e-05
3968,7.8023490232944e-05
3969,7.927192105988789e-05
3970,8.133115671111995e-05
3971,7.746509438509978e-05
3972,7.325382792522356e-05
3973,7.382693573602711e-05
3974,7.637362044059358e-05
3975,7.646114564112471e-05
3976,7.19461539996763e-05
3977,7.213668489907639e-05
3978,7.510064039784591e-05
3979,7.355263448037356e-05
3980,7.267318846771099e-05
3981,7.570846404960273e-05
3982,7.877579853585359e-05
3983,7.44468144141491e-05
3984,7.515121002574937e-05
3985,7.351868717479875e-05
3986,7.416498151178652e-05
3987,6.948701645379466e-05
3988,6.734930236134376e-05
3989,6.899541730941651e-05
3990,7.257736308509234e-05
3991,7.348208293262981e-05
3992,7.769034112545313e-05
3993,7.298218360616414e-05
3994,8.707909868117446e-05
3995,8.580614059658046e-05
3996,8.49764956764429e-05
3997,8.472672167843945e-05
3998,7.53990736643835e-05
3999,7.60102788718056e-05
4000,7.257395957127339e-05
4001,7.214535836977629e-05
4002,7.360924260053644e-05
4003,7.900179185343174e-05
4004,8.086898149266045e-05
4005,8.453733260303023e-05
4006,8.84460157053251e-05
4007,8.733488921328368e-05
4008,8.547110308787394e-05
4009,8.468710916921762e-05
4010,9.062595532728463e-05
4011,8.670256026203044e-05
4012,0.00010649159968046451
4013,0.00014023377218367358
4014,0.00018267807077732327
4015,0.00019402683508783905
4016,0.0001986153865440841
4017,0.0002003588200292251
4018,0.00020799470209372704
4019,0.00020493718290216694
4020,0.0002029171864715443
4021,0.00020777285886719262
4022,0.00019384271596931078
4023,0.00016966094790906637
4024,0.00015925049942120412
4025,0.0001420070248414993
4026,0.0001327073075989124
4027,0.00013131474345127447
4028,0.0001182946123159647
4029,0.00011508804117728837
4030,0.00011576830477800459
4031,0.00011007429203336516
4032,0.00010395170004538228
4033,0.00010334049483796018
4034,9.73167584578025e-05
4035,9.597210700147389e-05
4036,0.00011274170266681277
4037,0.0001494418141346856
4038,0.00019200231527756025
4039,0.0002051073366349607
4040,0.00019785326294648374
4041,0.00020685643532374873
4042,0.0002004504953208
4043,0.0001948413947564049
4044,0.00019929977827769043
4045,0.00020092437423516594
4046,0.0001805935612912163
4047,0.0001579469755867006
4048,0.00015437859994999321
4049,0.0001453267683041941
4050,0.00013728264024664774
4051,0.00012902876790523942
4052,0.00012510273786154477
4053,0.00012295031180613455
4054,0.00012331477324075972
4055,0.00011208750339450356
4056,0.00010351405208457286
4057,0.00010359742719406027
4058,0.00010317563302020106
4059,9.924505763869655e-05
4060,0.0001115498580018781
4061,0.0001426212383159743
4062,0.00019450749907168923
4063,0.00021024031855331542
4064,0.00019876968648992766
4065,0.00020328617128582564
4066,0.0002075759161869207
4067,0.00019886136178150253
4068,0.0001990190871993187
4069,0.00019844560609990274
4070,0.0001760612227083681
4071,0.0001576172299930287
4072,0.00014741050925492257
4073,0.000132800871291703
4074,0.00012150831985458401
4075,0.00012038928842722116
4076,0.00011874508383851775
4077,0.0001179750333474423
4078,0.0001159980748980141
4079,0.00010743707386121467
4080,9.857726626926525e-05
4081,9.76872583846871e-05
4082,9.806039329001219e-05
4083,9.812980301376506e-05
4084,0.00010720616191721427
4085,0.00014668083980844742
4086,0.00019960576514909068
4087,0.0001997374262384998
4088,0.00019568537835088938
4089,0.00019818790520842417
4090,0.0002029922833570979
4091,0.0001939906041342825
4092,0.0001801008203228473
4093,0.00016840911356830356
4094,0.00015541915293613724
4095,0.0001406699269900334
4096,0.00013072769221289006
4097,0.00011769019217802684
4098,0.00011110731337280014
4099,0.00011462964276126018
4100,0.00011072587828538754
4101,0.00010898619964452422
4102,0.00010662892597352065
4103,9.432449889895154e-05
4104,9.087006412164106e-05
4105,8.275351807328894e-05
4106,8.233396363110412e-05
4107,8.186878014559175e-05
4108,8.459240365243618e-05
4109,8.53428235541301e-05
4110,8.335150447220131e-05
4111,8.376087033108293e-05
4112,8.304290458051422e-05
4113,8.606796962094911e-05
4114,8.875953422343442e-05
4115,8.423850408972656e-05
4116,8.535301213743326e-05
4117,8.680255769384651e-05
4118,8.260486137293874e-05
4119,7.832152825271551e-05
4120,7.703196980394651e-05
4121,7.731191430509343e-05
4122,7.810912703225946e-05
4123,7.775296577972179e-05
4124,7.478938356956467e-05
4125,7.332137120591443e-05
4126,7.288976173736444e-05
4127,7.262527577640166e-05
4128,7.508933194870553e-05
4129,7.458187901737717e-05
4130,7.180656601679208e-05
4131,7.352812918087711e-05
4132,7.300633757520184e-05
4133,7.228459502220179e-05
4134,7.292785913398299e-05
4135,7.2961059862333e-05
4136,7.351868717479875e-05
4137,7.019668202227588e-05
4138,7.228571488803897e-05
4139,7.550359447585571e-05
4140,7.403821709064595e-05
4141,7.114103633718883e-05
4142,7.31097165626832e-05
4143,7.061057126081365e-05
4144,6.838570525644401e-05
4145,6.719574899272502e-05
4146,7.418724707960854e-05
4147,7.375561565290489e-05
4148,7.179940765869545e-05
4149,7.253887044170771e-05
4150,7.111839748075441e-05
4151,7.102784205501672e-05
4152,7.108256177396394e-05
4153,7.245097195256418e-05
4154,7.069734988412e-05
4155,7.169563342444804e-05
4156,6.971678657380417e-05
4157,6.890033850402266e-05
4158,7.1267427469717e-05
4159,7.015594964721686e-05
4160,7.237965186944196e-05
4161,7.613403502589329e-05
4162,7.884635008359734e-05
4163,8.572237024032701e-05
4164,8.468221250094907e-05
4165,8.484744760732059e-05
4166,8.058111009803844e-05
4167,7.270865088588907e-05
4168,6.840911264825691e-05
4169,7.101802676032595e-05
4170,7.292070077588638e-05
4171,7.959826313974085e-05
4172,8.156505496401954e-05
4173,8.402950638308948e-05
4174,8.567597266162095e-05
4175,8.599025971510873e-05
4176,8.718058926744013e-05
4177,8.881537380821883e-05
4178,8.599175286955833e-05
4179,8.290177952687305e-05
4180,0.00010855421688736183
4181,0.00013813455073460732
4182,0.0001840785618184363
4183,0.0001964437251460584
4184,0.00019923752691203416
4185,0.00020417279761473852
4186,0.0002056113860524701
4187,0.0002027270508189103
4188,0.0002076974106511803
4189,0.00020269723164622559
4190,0.000188845940478175
4191,0.0001655387217623246
4192,0.00015403036559093064
4193,0.0001344488526828377
4194,0.0001253083540125166
4195,0.00012266696379116868
4196,0.00012026140414024339
4197,0.00012178299439884997
4198,0.00012109671426402798
4199,0.00011304768953821303
4200,0.00010572833425887328
4201,0.00010233503098138185
4202,9.830977204124958e-05
4203,9.267122559278216e-05
4204,0.0001101437237152717
4205,0.00014411906985230922
4206,0.00019323414574032917
4207,0.00021371776547567274
4208,0.0002025629136202223
4209,0.00021022523330174373
4210,0.0002062467452289299
4211,0.00019219851138060738
4212,0.00019069764961906588
4213,0.0001914548765483977
4214,0.0001846908868916956
4215,0.0001541001705614496
4216,0.0001508102462714395
4217,0.0001392253000600424
4218,0.00012565885006140723
4219,0.00011832704450893623
4220,0.00011595279718514527
4221,0.00011738271215217695
4222,0.00011883827424269592
4223,0.00010904884625694653
4224,0.00010261308708131308
4225,9.766876961929643e-05
4226,0.000100950393727219
4227,9.446259372738615e-05
4228,0.00010616938573350162
4229,0.00014629865814381004
4230,0.00018682330906911188
4231,0.00020146125109241292
4232,0.00018803401578804962
4233,0.00020396002310567007
4234,0.00020684813514166122
4235,0.00020441576458510408
4236,0.00019594268399560186
4237,0.00019673460480773328
4238,0.0001824448971434948
4239,0.00016342478835029898
4240,0.00015414355987310277
4241,0.00013983310175364554
4242,0.00012571016626653552
4243,0.00012294501989109993
4244,0.00012000748005119616
4245,0.00011689675625329215
4246,0.0001130160039224663
4247,0.00010643499156030162
4248,0.00010099075281366563
4249,9.830636852743064e-05
4250,9.591927568374234e-05
4251,9.556728648040208e-05
4252,0.0001124655349680972
4253,0.0001470558631149882
4254,0.00019811094187980862
4255,0.00021128427505327842
4256,0.0002012005419338815
4257,0.00021172756625958115
4258,0.00020779738612484273
4259,0.00020043956016027202
4260,0.00019188949428400055
4261,0.00018985065775752852
4262,0.0001656854900614591
4263,0.00014196174712863047
4264,0.00012392409004696614
4265,0.00010722541921798342
4266,0.00010234407774069415
4267,0.00010434672722991699
4268,0.00010348612131310381
4269,9.960273400383753e-05
4270,0.00010270023899323182
4271,9.00747397956907e-05
4272,8.687271399482418e-05
4273,8.690857165976833e-05
4274,8.282143464259221e-05
4275,8.061242242517276e-05
4276,9.094742269702271e-05
4277,0.00012399652999592556
4278,0.000169219896434438
4279,0.0001849455575579676
4280,0.00017792088070088774
4281,0.0001834707381666795
4282,0.00017642531085438088
4283,0.00016343460364498977
4284,0.00015202699148263667
4285,0.00015123052533269545
4286,0.00012187996160545949
4287,0.00010230749545667888
4288,9.32356599328858e-05
4289,7.608724220042116e-05
4290,6.86079437297445e-05
4291,7.016047302687301e-05
4292,6.929912053283504e-05
4293,7.03759044725356e-05
4294,6.889919668003179e-05
4295,6.621140887997783e-05
4296,6.61706765049188e-05
4297,6.507766548965567e-05
4298,6.592579917518389e-05
4299,6.2563061647602e-05
4300,6.285659824587104e-05
4301,6.263890511038037e-05
4302,6.365152732505532e-05
4303,6.19107288183548e-05
4304,6.119010613119193e-05
4305,5.982698786762632e-05
4306,5.980849910223564e-05
4307,5.848119458730684e-05
4308,5.709466893192832e-05
4309,5.608242000586577e-05
4310,5.6852843785553625e-05
4311,5.675324160050363e-05
4312,5.416806425255255e-05
4313,5.437256053768717e-05
4314,5.6363506331003555e-05
4315,5.723805567539756e-05
4316,5.5284087412862526e-05
4317,5.759081341411629e-05
4318,5.930519626195105e-05
4319,5.964776541736661e-05
4320,5.699131190260064e-05
4321,5.5436894204256474e-05
4322,5.573192395697511e-05
4323,5.500451620032802e-05
4324,5.4611377417008984e-05
4325,5.591378138567529e-05
4326,5.7934897682135126e-05
4327,6.245968266012064e-05
4328,6.227633207697086e-05
4329,7.047284972099144e-05
4330,8.152469587757292e-05
4331,8.145074081601022e-05
4332,7.634079300085597e-05
4333,7.817252022190659e-05
4334,7.02857223354103e-05
4335,6.451891831135271e-05
4336,6.085131377820772e-05
4337,6.127047297362645e-05
4338,6.0184642274613605e-05
4339,6.271775684021161e-05
4340,6.534100962662758e-05
4341,6.858945496435382e-05
4342,6.858719327452575e-05
4343,6.857285460017882e-05
4344,7.058867898160404e-05
4345,6.777904538683173e-05
4346,6.764773562788135e-05
4347,7.37054412717675e-05
4348,8.401516770874255e-05
4349,0.00012305028727979694
4350,0.00017338966198387674
4351,0.00018690971440380583
4352,0.00017262756034443005
4353,0.00018221626884747615
4354,0.00018953599741542833
4355,0.00017723723554450625
4356,0.0001747456218893457
4357,0.00018209213940477607
4358,0.0001590056440496229
4359,0.00013463786846963454
4360,0.00012268545255655937
4361,0.00011050930501573409
4362,9.523828746395497e-05
4363,9.689494232578962e-05
4364,9.613055703836119e-05
4365,9.664253334934569e-05
4366,9.02954631563879e-05
4367,8.314099165296094e-05
4368,8.250828941309529e-05
4369,8.034830975282237e-05
4370,7.773296190172785e-05
4371,7.537079156245571e-05
4372,8.957521375783746e-05
4373,0.00012747246180567958
4374,0.00016991939537776973
4375,0.00018920247501932509
4376,0.00017582541409609916
4377,0.0001818733264034482
4378,0.00018667315921431208
4379,0.000172544163276789
4380,0.0001746720620745491
4381,0.00017773109637871248
4382,0.0001656436158624092
4383,0.00014302720066103697
4384,0.00012873788824356455
4385,0.00010910128232791202
4386,0.0001015200980242036
4387,0.00010112054746001276
4388,9.884361867329002e-05
4389,9.751633611651489e-05
4390,9.34344910143734e-05
4391,8.415512898023916e-05
4392,7.926662914485328e-05
4393,7.967032980008788e-05
4394,7.796462042295302e-05
4395,7.727381690847488e-05
4396,9.20736124824822e-05
4397,0.00013125286537423063
4398,0.00016747268614686567
4399,0.000192056266461129
4400,0.0001831779701037889
4401,0.00018845921347572777
4402,0.00018955334435682812
4403,0.0001819725552998858
4404,0.00017735644636078412
4405,0.00018144698689177916
4406,0.0001609045193045983
4407,0.0001321040292849654
4408,0.00012460018159848497
4409,0.00010534048739058887
4410,0.0001002577018115252
4411,0.00010231691550460358
4412,0.00010700921923694237
4413,0.00010352349409065124
4414,8.92715105344189e-05
4415,8.398460195883303e-05
4416,7.918551572519395e-05
4417,7.952470332494423e-05
4418,7.938548863067241e-05
4419,7.608724220042116e-05
4420,8.957295206800938e-05
4421,0.00012648322502466385
4422,0.00016309429617940226
4423,0.00017187751373134853
4424,0.00016153684825585154
4425,0.00017438004058888335
4426,0.00018090407154227274
4427,0.00017057133296025087
4428,0.00016289695825236428
4429,0.00016868905806945045
4430,0.00016137839821896426
4431,0.00014444014197528124
4432,0.0001304454640637614
4433,0.00012290918418430944
4434,0.00011483339246917
4435,0.00011604333065272928
4436,0.00010639386393847653
4437,0.00010444859110479505
4438,0.00010290359345437558
4439,9.775930308688045e-05
4440,9.705115263100251e-05
4441,9.405737795954827e-05
4442,9.310020008289167e-05
4443,8.946693810208756e-05
4444,8.957824398304399e-05
4445,0.00012151323848100622
4446,0.0001564204886598255
4447,0.00016946514705278533
4448,0.00016619783966105602
4449,0.00016941308427043225
4450,0.00016322218046638004
4451,0.0001490600057586606
4452,0.00014013456524538968
4453,0.00013352450224591873
4454,0.00011485526279022597
4455,9.887154944475908e-05
4456,8.985063487932822e-05
4457,8.003593305870394e-05
4458,7.693765953393114e-05
4459,7.690180186898701e-05
4460,7.541870425376503e-05
4461,7.823815314322811e-05
4462,8.029850866029736e-05
4463,7.81909870291436e-05
4464,7.582844340125908e-05
4465,7.715912947185316e-05
4466,7.725003622804958e-05
4467,7.24822842796985e-05
4468,7.215442708724225e-05
4469,7.143079613302651e-05
4470,7.24234364278612e-05
4471,7.063321011724808e-05
4472,6.937004536919119e-05
4473,7.200162029584833e-05
4474,7.436947779692115e-05
4475,7.331985609331116e-05
4476,7.352887575810193e-05
4477,6.97982732820759e-05
4478,6.986127122495695e-05
4479,7.214272339133582e-05
4480,6.68252490658404e-05
4481,4.9891164871354816e-05
4482,5.231332488645511e-05
4483,5.3304472026840185e-05
4484,5.229711976904618e-05
4485,5.325504422292759e-05
4486,5.3003381823708455e-05
4487,5.122637432160506e-05
4488,4.942822111751684e-05
4489,4.9210901270638576e-05
4490,4.990361514448607e-05
4491,4.8014906514660156e-05
4492,4.909243703158551e-05
4493,5.046313085816749e-05
4494,5.051519364052057e-05
4495,4.92905215358483e-05
4496,5.129541075674553e-05
4497,5.343990991868066e-05
4498,5.238916834923348e-05
4499,4.9186395971142146e-05
4500,4.982061332361107e-05
4501,4.702907324746337e-05
4502,4.6920029056335e-05
4503,4.685250773379781e-05
4504,4.570969562600966e-05
4505,4.403341017479346e-05
4506,4.547050545807544e-05
4507,4.825449192936044e-05
4508,4.8022460119522854e-05
4509,4.98111713175327e-05
4510,4.955160398299213e-05
4511,5.095699169237372e-05
4512,4.9987736831198264e-05
4513,5.191831966007407e-05
4514,5.319090445605567e-05
4515,5.221901461643974e-05
4516,6.0863390762726576e-05
4517,0.00010207961373788503
4518,0.0001424299608393494
4519,0.00014883326586385764
4520,0.00013774406888788243
4521,0.0001438802529729874
4522,0.00015034618265176433
4523,0.00014994022030670164
4524,0.00015308489141018048
4525,0.00015666156722897537
4526,0.00014180667864740844
4527,0.00011259456107906584
4528,9.500926392117025e-05
4529,8.309834891853257e-05
4530,7.864260037568753e-05
4531,7.887652058674078e-05
4532,7.91236376481501e-05
4533,7.89572607177877e-05
4534,7.661544558696827e-05
4535,6.947419289205101e-05
4536,6.767452457535953e-05
4537,6.701277169818763e-05
4538,6.507503051121519e-05
4539,6.462455898866213e-05
4540,7.762694793580601e-05
4541,0.00011203693376660009
4542,0.00014734599619943827
4543,0.00015380287911890287
4544,0.0001427925338727589
4545,0.00014529734437827545
4546,0.0001488966370953511
4547,0.00014107777773631174
4548,0.00014554861153072852
4549,0.0001449732420300969
4550,0.0001307239154104587
4551,0.00010744763573313024
4552,9.717640193953982e-05
4553,8.393177064110148e-05
4554,7.945226337598481e-05
4555,7.888558930420677e-05
4556,7.927532457370684e-05
4557,7.806725283320957e-05
4558,7.59344573671809e-05
4559,6.87837407080316e-05
4560,6.734666738290328e-05
4561,6.658908912311273e-05
4562,6.623292787057506e-05
4563,6.472227277249644e-05
4564,8.093612952658524e-05
4565,0.00010496168728161675
4566,0.00013945695858126757
4567,0.00015615448758625944
4568,0.0001486717856017638
4569,0.0001537689098551744
4570,0.00014950898412676407
4571,0.00014122718101388675
4572,0.00014814773230626045
4573,0.00015145124869339266
4574,0.0001372505813422886
4575,0.00010969136379150298
4576,9.675836260995828e-05
4577,8.532207309891134e-05
4578,7.943414789920653e-05
4579,7.772279527657834e-05
4580,7.643398340503414e-05
4581,7.747376785579968e-05
4582,7.675354041540287e-05
4583,7.031139141705128e-05
4584,6.634761530719678e-05
4585,6.514595534757133e-05
4586,6.81053874666847e-05
4587,6.662567140712801e-05
4588,8.275577976311701e-05
4589,0.0001067994529949268
4590,0.00014048466604751425
4591,0.00014302645408381217
4592,0.00014165576025723016
4593,0.00013981160472120198
4594,0.00015059404629039845
4595,0.00013688726173165429
4596,0.0001342296444347438
4597,0.00013998138516538333
4598,0.00012404218099740683
4599,0.00010373589531110728
4600,9.541032959796438e-05
4601,8.144358245791359e-05
4602,7.690294369297788e-05
4603,7.734777197003757e-05
4604,7.484447657712428e-05
4605,7.368054072550499e-05
4606,7.14258775066043e-05
4607,6.816500385390047e-05
4608,6.530177040601815e-05
4609,6.219482341054547e-05
4610,6.250985704125805e-05
4611,6.131575068649531e-05
4612,7.312365999026406e-05
4613,9.680289374560232e-05
4614,0.00011679941575807023
4615,0.00012502199773049784
4616,0.00012524006415460092
4617,0.00012324760324868125
4618,0.00012281676231550975
4619,0.00011325934418144427
4620,0.00010665683478683603
4621,0.00010244822526355396
4622,8.614455966095229e-05
4623,6.747795518369999e-05
4624,6.388845580316146e-05
4625,5.9300672882294884e-05
4626,5.767304669961282e-05
4627,5.668042836293181e-05
4628,5.585794180089087e-05
4629,5.63525492123219e-05
4630,5.4592888651618304e-05
4631,5.321692486815537e-05
4632,5.219977927382426e-05
4633,4.9948892857354915e-05
4634,4.97606236477829e-05
4635,4.803831390647305e-05
4636,4.6096795917069265e-05
4637,4.676836408893193e-05
4638,4.4107365236356156e-05
4639,4.3791958317031166e-05
4640,4.525355889980958e-05
4641,4.52931714090314e-05
4642,4.768630274497912e-05
4643,4.842804917597313e-05
4644,4.726562843695711e-05
4645,4.6407679456738104e-05
4646,4.691702078928213e-05
4647,4.700680767964135e-05
4648,4.687701303329423e-05
4649,4.693926439895048e-05
4650,4.6090757424809844e-05
4651,4.620017490455061e-05
4652,4.7380315873578837e-05
4653,4.831145137998206e-05
4654,4.655179081927847e-05
4655,4.796435884491035e-05
4656,4.86129148717262e-05
4657,4.728789400477914e-05
4658,4.8730632533554474e-05
4659,4.7101886485035195e-05
4660,4.757914695506643e-05
4661,4.8531032916688404e-05
4662,4.855821711093265e-05
4663,4.706754393269432e-05
4664,4.642164484247263e-05
4665,4.6873258189016557e-05
4666,4.775986255977574e-05
4667,4.85793408547638e-05
4668,4.8749494587557545e-05
4669,5.0459354055736144e-05
4670,5.128184061777708e-05
4671,5.0277123338423554e-05
4672,4.8201682569782564e-05
4673,4.8525016382582655e-05
4674,4.822166448962284e-05
4675,4.896303763200446e-05
4676,4.877250673260437e-05
4677,5.030353899728932e-05
4678,5.166138730397399e-05
4679,5.1223739343164586e-05
4680,5.072570645976093e-05
4681,5.042200323634239e-05
4682,5.004094143754221e-05
4683,4.958366288735126e-05
4684,5.7845088833622234e-05
4685,8.215891323004184e-05
4686,0.00010273796310123798
4687,0.00010855232848614618
4688,0.00010184606681544417
4689,0.0001006372484977221
4690,0.00010492510499760149
4691,0.00010163781568603188
4692,0.00010306658882907269
4693,0.0001019845349324912
4694,9.813621479463688e-05
4695,7.871844383846589e-05
4696,6.964735489189763e-05
4697,5.938707821698884e-05
4698,5.8559673028525685e-05
4699,6.012353273294823e-05
4700,5.79963805124129e-05
4701,5.837970400104116e-05
4702,5.738027863672226e-05
4703,5.5957170697328464e-05
4704,5.2799654073952315e-05
4705,5.271551042908644e-05
4706,5.302224387771153e-05
4707,5.281888941656779e-05
4708,7.143643937851987e-05
4709,8.898704265361585e-05
4710,9.958009514740309e-05
4711,0.00011030669713181514
4712,0.00010249576466625089
4713,0.00010868853491336511
4714,0.00011417350603506012
4715,0.00010976492360629958
4716,0.00010898922986973078
4717,0.00010721674574728352
4718,0.00010106923125488448
4719,8.090178697424437e-05
4720,7.595294613257156e-05
4721,6.499844047121201e-05
4722,6.0802654509673596e-05
4723,6.113767006022647e-05
4724,5.993789850181669e-05
4725,6.209899802792682e-05
4726,6.010240898911708e-05
4727,5.7293126724803504e-05
4728,5.503053661242771e-05
4729,5.454007929204043e-05
4730,5.4967911958159065e-05
4731,5.326824107328364e-05
4732,6.721687273655616e-05
4733,9.279197347981698e-05
4734,0.00010426106847244784
4735,0.0001104323416871185
4736,0.00010139634187011592
4737,0.00011103977009210925
4738,0.00011610182717410785
4739,0.0001060803454203672
4740,0.00010737934587521457
4741,0.00010330918251082585
4742,9.694362355247742e-05
4743,8.200006794638847e-05
4744,7.402651339473951e-05
4745,6.48188447323399e-05
4746,6.01752222266889e-05
4747,5.969567810867593e-05
4748,5.7692304000381965e-05
4749,5.953874318439191e-05
4750,5.832575281747241e-05
4751,5.47173913829308e-05
4752,5.31150609932773e-05
4753,5.261516166681165e-05
4754,5.293509196579278e-05
4755,5.184851468955513e-05
4756,6.963830813258532e-05
4757,9.009096687125331e-05
4758,0.00010409357167624824
4759,0.00011004675650866217
4760,0.00010251952338852252
4761,0.00011333026901780041
4762,0.00011740910585288905
4763,0.00010608148724435808
4764,0.00010399623118102632
4765,0.00010293038240185375
4766,0.00010309337777655087
4767,8.841733835663125e-05
4768,7.947226725397875e-05
4769,6.661247455677196e-05
4770,6.167153865042059e-05
4771,6.127765328987676e-05
4772,5.950892401170718e-05
4773,6.0812447846210705e-05
4774,5.761834893881927e-05
4775,5.496679209232187e-05
4776,5.519882390215945e-05
4777,5.234237552376136e-05
4778,5.285663548272761e-05
4779,5.222505310869916e-05
4780,6.34625115382585e-05
4781,7.825589533139399e-05
4782,9.261690112060101e-05
4783,9.96721437275904e-05
4784,0.00010016413811873461
4785,0.00010277797085722588
4786,0.00010640897114820191
4787,0.0001006051676352093
4788,9.767478615340218e-05
4789,8.998646801793475e-05
4790,8.008270392602238e-05
4791,7.1217626377192e-05
4792,7.260489860979531e-05
4793,6.13485781262329e-05
4794,5.703467925610015e-05
4795,5.644951641893143e-05
4796,5.6947154055569004e-05
4797,5.643858125840344e-05
4798,5.497017364798715e-05
4799,5.214053617522089e-05
4800,5.086494311218642e-05
4801,5.0422376524954796e-05
4802,4.982625656910442e-05
4803,4.8170743531260644e-05
4804,4.6332604529338206e-05
4805,4.438845156149394e-05
4806,4.426884549845e-05
4807,4.3292058990565516e-05
4808,4.385532954852462e-05
4809,4.416735491218433e-05
4810,4.661819227597847e-05
4811,4.573874626331591e-05
4812,4.670158934361954e-05
4813,4.693096421686298e-05
4814,4.8325790054328995e-05
4815,4.7700268130713644e-05
4816,4.660159191180347e-05
4817,4.616697417620061e-05
4818,4.937088837828282e-05
4819,5.0418973011135846e-05
4820,5.042615332738615e-05
4821,5.129881427056448e-05
4822,4.82009140344041e-05
4823,4.7430885501482305e-05
4824,4.70935863029477e-05
4825,4.707094744651327e-05
4826,4.6675546973366166e-05
4827,4.503472394032804e-05
4828,4.290419016412744e-05
4829,4.228657317583351e-05
4830,4.280269957786177e-05
4831,4.355500788077136e-05
4832,4.2878543040640136e-05
4833,4.399116268713116e-05
4834,4.65993302219754e-05
4835,4.605641487246897e-05
4836,4.605830327368464e-05
4837,4.624130252637571e-05
4838,4.846577328397928e-05
4839,4.9192434463401574e-05
4840,4.885098517382322e-05
4841,4.8943802289388985e-05
4842,4.876910321878542e-05
4843,4.841937570527323e-05
4844,4.8947557133666666e-05
4845,4.926259076437925e-05
4846,5.0130355039289034e-05
4847,4.974061976978895e-05
4848,4.954896900455166e-05
4849,4.985871072022962e-05
4850,5.1262583317007935e-05
4851,5.044538867000162e-05
4852,5.6253715562650384e-05
4853,7.52085427649834e-05
4854,0.00010238371220806965
4855,0.00010834783220101155
4856,0.00010611242628288001
4857,0.00010479834057646091
4858,0.00010651083502307999
4859,0.00010554195345051693
4860,0.00010410714181521669
4861,0.00010588529114131096
4862,0.00010170496371995668
4863,8.830036727202778e-05
4864,8.060260713048198e-05
4865,6.885429225577533e-05
4866,6.544023852306517e-05
4867,6.48097979730276e-05
4868,6.291318440788025e-05
4869,6.480790957181192e-05
4870,6.342213049365821e-05
4871,5.757647473976937e-05
4872,5.5707769987937404e-05
4873,5.386209933930594e-05
4874,5.4912072373374646e-05
4875,5.380399806469344e-05
4876,5.962060318127603e-05
4877,8.126324014181667e-05
4878,9.357144401881715e-05
4879,9.881570985997466e-05
4880,9.581363500643292e-05
4881,9.699491779945203e-05
4882,9.992907608369048e-05
4883,9.697605574544893e-05
4884,9.604417366182092e-05
4885,9.909453449528437e-05
4886,9.947256606887801e-05
4887,8.61837988815617e-05
4888,7.68750348796625e-05
4889,6.730630829645665e-05
4890,6.17869726642671e-05
4891,6.0641920824804554e-05
4892,6.066078287880764e-05
4893,6.094865427342965e-05
4894,5.920559407690105e-05
4895,5.661251179362854e-05
4896,5.3012823829786826e-05
4897,5.216996010113954e-05
4898,5.363948757739305e-05
4899,5.318223098535577e-05
4900,5.913352741655403e-05
4901,8.206194602343232e-05
4902,9.064859418371905e-05
4903,9.845691362899651e-05
4904,9.830410683760255e-05
4905,9.875082351587793e-05
4906,0.00010010188675307837
4907,9.811621091664295e-05
4908,9.882174835223408e-05
4909,9.981891202672492e-05
4910,9.678780849403059e-05
4911,8.41192932734487e-05
4912,7.605140649363069e-05
4913,6.476300514755547e-05
4914,6.073058784932658e-05
4915,6.077208875976407e-05
4916,5.843593883259165e-05
4917,5.876001922261655e-05
4918,5.693395720521295e-05
4919,5.4441223684215244e-05
4920,5.1796078618589656e-05
4921,5.0687235774529984e-05
4922,5.245897331975243e-05
4923,5.270683695838654e-05
4924,5.7548170679687924e-05
4925,7.845547299010637e-05
4926,9.24690129556293e-05
4927,9.869647708554311e-05
4928,9.926844307235578e-05
4929,0.00010050029549327835
4930,0.00010221052825006936
4931,9.778194194331488e-05
4932,9.585401605103322e-05
4933,9.730279307206798e-05
4934,9.613962575582714e-05
4935,8.424116102632072e-05
4936,7.622874054267472e-05
4937,6.563566609073382e-05
4938,6.03423457342761e-05
4939,6.027820596740417e-05
4940,5.833179130973184e-05
4941,5.8495533261653756e-05
4942,5.553836283236846e-05
4943,5.211262736190552e-05
4944,5.084908932523622e-05
4945,4.933617253732955e-05
4946,5.1618371280933216e-05
4947,5.114148409951439e-05
4948,5.450424358524996e-05
4949,7.334023325991751e-05
4950,8.751637335337147e-05
4951,9.366538100022011e-05
4952,9.26187895218167e-05
4953,8.797176350234674e-05
4954,9.509415414326093e-05
4955,9.51703708946517e-05
4956,9.57491219509486e-05
4957,9.403322399051057e-05
4958,8.963219516661274e-05
4959,7.321083386033646e-05
4960,6.829855334452527e-05
4961,5.8699656258175964e-05
4962,5.618391059213143e-05
4963,5.574173925166587e-05
4964,5.567004587993125e-05
4965,5.540518663035607e-05
4966,5.3551589088249504e-05
4967,5.0000187104329516e-05
4968,5.0071507187451734e-05
4969,4.877213344399197e-05
4970,4.926750939080147e-05
4971,4.8699320206420145e-05
4972,4.842427237354179e-05
4973,4.7002284299985194e-05
4974,4.6990580604078754e-05
4975,4.094569852193625e-05
4976,3.982291225029572e-05
4977,3.9785188142289575e-05
4978,4.09487287471428e-05
4979,4.994059267526742e-05
4980,4.470197007960325e-05
4981,4.4022475014265484e-05
4982,4.54757754149564e-05
4983,4.415980130732163e-05
4984,4.318376137666195e-05
4985,4.4411090417928365e-05
4986,4.6971718550075677e-05
4987,4.684796239598798e-05
4988,4.767762927427922e-05
4989,4.8827973028776386e-05
4990,4.876345997329207e-05
4991,4.762141640088239e-05
4992,4.779420511211661e-05
4993,4.6129623356806865e-05
4994,4.7816843968551035e-05
4995,4.6743463542669435e-05
4996,4.5484448885656293e-05
4997,4.55169030367815e-05
4998,4.455067840081259e-05
4999,4.333204478839974e-05
5000,4.1614258426746045e-05
5001,3.936488712287997e-05
5002,4.2853269205765235e-05
5003,4.344032044414963e-05
5004,4.391268424591232e-05
5005,4.488835088795959e-05
5006,4.459029091003441e-05
5007,4.4600479493337586e-05
5008,4.507773996336881e-05
5009,4.417528180565943e-05
5010,4.3489001670837435e-05
5011,4.4736685920556526e-05
5012,4.565007923879388e-05
5013,4.7958693641263335e-05
5014,4.8037172082482176e-05
5015,4.719845844487864e-05
5016,4.440279023584086e-05
5017,4.546143674060947e-05
5018,4.5430124413475145e-05
5019,4.843446095684496e-05
5020,7.879314547725339e-05
5021,8.559597910779883e-05
5022,0.0001158610999354167
5023,0.0001250521682336413
5024,0.00011862661959946468
5025,0.00012548529281479454
5026,0.00012272884186821252
5027,0.00011694769916980802
5028,0.00011443270008098828
5029,0.00011671226384615147
5030,0.00010761741617731158
5031,8.67780304361964e-05
5032,7.7693349392506e-05
5033,6.90135108280411e-05
5034,6.468039857344654e-05
5035,6.455361219415231e-05
5036,6.409784875656463e-05
5037,6.383112306392744e-05
5038,6.163493440825165e-05
5039,5.800055256161033e-05
5040,5.768400381829446e-05
5041,5.681397785355661e-05
5042,5.7208236502712845e-05
5043,5.8447993858956834e-05
5044,7.844339600558753e-05
5045,9.93005239348686e-05
5046,0.00012807800180945466
5047,0.00013218061932496859
5048,0.00013423041297012226
5049,0.00013548639740192884
5050,0.00013478501005738145
5051,0.00013213081823244358
5052,0.00013106233447483052
5053,0.00012308915321179397
5054,0.00011403088782696936
5055,9.386232368049203e-05
5056,8.547751486874576e-05
5057,7.466450754963978e-05
5058,6.951154371144476e-05
5059,6.926440469188176e-05
5060,6.799636523370999e-05
5061,6.863888276826642e-05
5062,6.62370779616188e-05
5063,6.25955157987272e-05
5064,6.0952431075861e-05
5065,6.032914888392004e-05
5066,6.232650645810825e-05
5067,6.144139524179866e-05
5068,8.000688242139768e-05
5069,0.00010082248748208757
5070,0.00013416212311220658
5071,0.00014094760980135223
5072,0.00013225002904872145
5073,0.000134483568523791
5074,0.00013999005863608323
5075,0.0001335844919217469
5076,0.00013167806306190876
5077,0.00012627758691553836
5078,0.0001103018004635466
5079,9.069916381162252e-05
5080,8.500062768732694e-05
5081,7.25411321315358e-05
5082,6.846040689523152e-05
5083,6.756624891960963e-05
5084,6.624952823475004e-05
5085,6.77088671277004e-05
5086,6.382394274767714e-05
5087,6.157757971086394e-05
5088,5.949647373857594e-05
5089,5.893583815905731e-05
5090,5.944403766761046e-05
5091,5.904448710341961e-05
5092,7.934398772023491e-05
5093,0.00010236597001990377
5094,0.00012985615113554893
5095,0.00013120721437274936
5096,0.00012896122462454856
5097,0.0001340549673222939
5098,0.00013683331054808553
5099,0.00012212066688599698
5100,0.00012599160392213202
5101,0.00012369243152574096
5102,0.00010990187661074334
5103,9.341448713637945e-05
5104,8.629547805113055e-05
5105,7.412007708753007e-05
5106,6.870980760462256e-05
5107,6.802728231407825e-05
5108,6.823555540164422e-05
5109,6.767415128674712e-05
5110,6.20669391235677e-05
5111,5.9945825395291784e-05
5112,5.954590154248854e-05
5113,5.7785494404560135e-05
5114,5.9048263905850956e-05
5115,6.0588716218460614e-05
5116,6.467020999014337e-05
5117,8.84720361174248e-05
5118,0.00011325971747005668
5119,0.00012187429640181247
5120,0.0001193698591849083
5121,0.00012127402635491833
5122,0.00012400520346662547
5123,0.00011255231359140354
5124,0.00010922653163644931
5125,0.00010185399370891927
5126,8.707194032307783e-05
5127,7.658224485861826e-05
5128,7.318404491285829e-05
5129,6.4356296225268e-05
5130,5.980397572257949e-05
5131,5.9689661574570175e-05
5132,5.880567022409779e-05
5133,5.7336516036456684e-05
5134,5.0972845479323914e-05
5135,5.156593520996774e-05
5136,4.9665918131001456e-05
5137,4.9108664107148104e-05
5138,5.08260771801894e-05
5139,4.938483180586367e-05
5140,4.703322333850712e-05
5141,4.683362372164106e-05
5142,4.6872489653638085e-05
5143,4.540636569120352e-05
5144,4.3578788561196655e-05
5145,4.6586506660231745e-05
5146,4.7862868258644686e-05
5147,4.860724966807918e-05
5148,4.880871572800724e-05
5149,4.9568204347167135e-05
5150,5.080758841479873e-05
5151,5.137503102195525e-05
5152,5.065063153236104e-05
5153,4.998547514137019e-05
5154,5.102528155028939e-05
5155,5.30392394886526e-05
5156,5.226163539271444e-05
5157,5.3035089397608846e-05
5158,5.1642525249970916e-05
5159,4.8677801215822924e-05
5160,4.853292131790408e-05
5161,4.70766126501603e-05
5162,4.8643480621635726e-05
5163,4.947198371778242e-05
5164,4.76730839364694e-05
5165,4.719318848799769e-05
5166,4.645258388099455e-05
5167,4.5361087978334675e-05
5168,4.840277534109823e-05
5169,6.230990609393326e-05
5170,6.464530944388088e-05
5171,6.406842483064599e-05
5172,5.891319930262289e-05
5173,5.1220335829345636e-05
5174,5.101208469993334e-05
5175,4.9951527835795386e-05
5176,5.13131529449114e-05
5177,5.282907799987096e-05
5178,5.190472756295196e-05
5179,5.258044582585837e-05
5180,5.347537233685873e-05
5181,5.079513814166748e-05
5182,5.039596086608902e-05
5183,5.026052297424855e-05
5184,5.0828712158629874e-05
5185,4.998624367674866e-05
5186,5.350479626277738e-05
5187,5.569872322862511e-05
5188,7.199784349341697e-05
5189,0.0001076408016109708
5190,0.00015451632148981545
5191,0.00017774580834167177
5192,0.00017518704665258649
5193,0.00017846076582518763
5194,0.00017362887410996464
5195,0.00017358697795276105
5196,0.0001750006878023838
5197,0.00017707235176859344
5198,0.0001654315659724119
5199,0.00014460199552598747
5200,0.00013234021118584675
5201,0.00011644591144212667
5202,0.00010654818584247373
5203,0.00010649763817272393
5204,0.00010920918469504951
5205,0.00010518882242318578
5206,0.0001006119746628472
5207,0.00010006038584264088
5208,9.204833864760728e-05
5209,8.71356848431837e-05
5210,8.742770632884946e-05
5211,9.401550376049838e-05
5212,0.00010794037670149927
5213,0.00014018851642895843
5214,0.00018300140459012336
5215,0.00018503082106867066
5216,0.00018436039472079888
5217,0.00018704704069686198
5218,0.0001895375125280316
5219,0.0001790508472887786
5220,0.00018484973217534895
5221,0.0001952948965041645
5222,0.00018035926779155065
5223,0.00014581988256117553
5224,0.0001295773484583929
5225,0.00011849041317224574
5226,0.00010207243342163473
5227,0.00011420633347479773
5228,0.00010946989385358095
5229,0.00010793471149785225
5230,0.00010671078597040478
5231,9.896322473633397e-05
5232,9.556236785397985e-05
5233,9.260218915764169e-05
5234,9.367971967456705e-05
5235,9.503567958003603e-05
5236,0.0001058883213665175
5237,0.0001345084690700535
5238,0.00017382052487520194
5239,0.00019525036536852046
5240,0.00018419814592332656
5241,0.00019612717640274253
5242,0.00019686514603130522
5243,0.00019022680092990648
5244,0.00019677913594337733
5245,0.00019811019530258382
5246,0.00017441890652088036
5247,0.00014995455898104856
5248,0.0001472165967998572
5249,0.000120351564319215
5250,0.00010997431655970275
5251,0.00010731369099573938
5252,0.00011027501151606841
5253,0.00010881378422190241
5254,0.0001028089098957478
5255,9.831881880056189e-05
5256,9.37755450571857e-05
5257,9.277649298147917e-05
5258,9.649201020593348e-05
5259,9.286931009704496e-05
5260,0.00011094016790705926
5261,0.00014644050781652233
5262,0.00018676294610467132
5263,0.0001994910557543153
5264,0.00019061504304495697
5265,0.00019128735779404442
5266,0.0001914775154048321
5267,0.00017782843687393437
5268,0.00017945000260620336
5269,0.0001769195449771995
5270,0.00016142101899523895
5271,0.0001313935951811057
5272,0.00012235155687184368
5273,0.00011280621572229709
5274,0.00010659873351222353
5275,0.0001064670724228144
5276,0.00010785282954281446
5277,0.00010422448618843256
5278,9.887833451424332e-05
5279,9.734466727111789e-05
5280,9.17928994459568e-05
5281,8.956353202008467e-05
5282,9.114926204556318e-05
5283,9.445277843269537e-05
5284,0.00010780794707671168
5285,0.0001297082629705772
5286,0.00017042495990788242
5287,0.00017836871724500033
5288,0.00017252077784312976
5289,0.00018238001079939808
5290,0.00018303649371968902
5291,0.00017434721314914573
5292,0.00017242947584016725
5293,0.00015776474486938803
5294,0.0001251106427968662
5295,0.00011012824321693388
5296,0.00010285229920740097
5297,9.0347525938741e-05
5298,8.738469030580868e-05
5299,8.65886194026335e-05
5300,8.568126457665558e-05
5301,8.748391920224626e-05
5302,8.354091550576419e-05
5303,7.863355361637521e-05
5304,7.589822641362434e-05
5305,7.535645288810878e-05
5306,7.675279383817808e-05
5307,7.781295545554996e-05
5308,7.148738229503574e-05
5309,7.42592917818019e-05
5310,7.65222551827901e-05
5311,7.616534735302761e-05
5312,7.279242124214253e-05
5313,7.262527577640166e-05
5314,7.843094573245628e-05
5315,7.973787308077875e-05
5316,7.672749804514951e-05
5317,7.391145266950539e-05
5318,6.946815439979158e-05
5319,6.891127366455063e-05
5320,6.958510352624138e-05
5321,7.308745099486117e-05
5322,7.253586217465484e-05
5323,7.287428123902666e-05
5324,7.434380871528016e-05
5325,7.804309886417187e-05
5326,7.849545878794061e-05
5327,7.190994500427342e-05
5328,7.075393604612923e-05
5329,7.078412850742634e-05
5330,7.45543434926742e-05
5331,7.376543094759567e-05
5332,6.955868786737561e-05
5333,6.868905714940381e-05
5334,6.96994176742507e-05
5335,6.894748265995351e-05
5336,7.594501923909647e-05
5337,7.553264511316197e-05
5338,7.555866552526166e-05
5339,7.384617107864258e-05
5340,5.9714562120832674e-05
5341,5.867135219809452e-05
5342,5.86732405993102e-05
5343,5.554705826122204e-05
5344,6.451891831135271e-05
5345,5.9671172809179494e-05
5346,5.962738825076026e-05
5347,6.573867178960276e-05
5348,7.477956827487389e-05
5349,7.614308178520558e-05
5350,7.817853675601234e-05
5351,7.899461153718145e-05
5352,8.07331483540539e-05
5353,8.010196122679152e-05
5354,8.150772222478551e-05
5355,8.514965767628952e-05
5356,0.00010099755984130353
5357,0.0001295513060881395
5358,0.00017797858672873417
5359,0.00019132470861343818
5360,0.0001841400446487141
5361,0.00019101081680671648
5362,0.00019594345253098032
5363,0.00019148467376292876
5364,0.00019012456376641602
5365,0.00019139866367500087
5366,0.00017979749038804114
5367,0.00015136747833713917
5368,0.0001343205731490939
5369,0.00012250851375428137
5370,0.00011940534356124006
5371,0.00011496279186875105
5372,0.0001181787830553521
5373,0.0001139924171417384
5374,0.00010739104957112101
5375,9.613736406599907e-05
5376,8.997627943463158e-05
5377,9.054183364057243e-05
5378,8.763332247982127e-05
5379,9.075311499519127e-05
5380,0.00010058404389137816
5381,0.00014061786420768032
5382,0.0001843007783335831
5383,0.0001942875442463705
5384,0.00019143976933867228
5385,0.00019422074754290442
5386,0.00019322698738223254
5387,0.00018649657174249284
5388,0.0001957993192102863
5389,0.00019243543985871352
5390,0.00018182275677554473
5391,0.00016106751467929542
5392,0.0001482439309774915
5393,0.00013767277076291387
5394,0.00012460962360456333
5395,0.00011798447535352068
5396,0.00011408824252435704
5397,0.00011206787280512201
5398,0.00010681719518309267
5399,0.00010055688165528759
5400,9.693758506021799e-05
5401,9.77378060544369e-05
5402,9.843049797013072e-05
5403,9.406304316319529e-05
5404,0.00010541180747371108
5405,0.00014527356369785016
5406,0.00018310779184465756
5407,0.00019988305271364347
5408,0.0001958977795713454
5409,0.00019773743368587112
5410,0.00019886136178150253
5411,0.00019615622704004877
5412,0.0001875986295170683
5413,0.0001867384188470212
5414,0.00018366353075590766
5415,0.00016346591597212408
5416,0.00014727054798342596
5417,0.00013538113001323183
5418,0.00011843305847485805
5419,0.00011872281827069573
5420,0.00011932535000741792
5421,0.00011885373278288007
5422,0.00011728310996712694
5423,0.00011082622704766235
5424,9.868253365796225e-05
5425,9.83071370628091e-05
5426,9.757518396835219e-05
5427,9.886061428423109e-05
5428,0.00010879077207685558
5429,0.00014320189973164054
5430,0.00020571098823752012
5431,0.00021011919737766823
5432,0.00021210221627750953
5433,0.0002091137335210899
5434,0.00020582947443472684
5435,0.0002045946137467514
5436,0.0002041260267474201
5437,0.00019002911167240977
5438,0.00018703044033268696
5439,0.00016099430619495752
5440,0.0001463978870402476
5441,0.00013244055994812153
5442,0.0001281821273741608
5443,0.00012622818106977943
5444,0.00012868731861566109
5445,0.00012444926320830669
5446,0.00011837006053197701
5447,0.00011009392262274668
5448,0.00010731445953111785
5449,0.00010466325401507916
5450,0.00010020186222674077
5451,9.982947389864049e-05
5452,0.00012005616127788396
5453,0.0001432962100016559
5454,0.00018576501389480198
5455,0.00019704096496774598
5456,0.00019036412722296263
5457,0.00020058933672645942
5458,0.00019850181897329957
5459,0.00018578727946262402
5460,0.0001808916212691415
5461,0.00016730178583684714
5462,0.00013516154847652547
5463,0.00011776489381681434
5464,0.0001118705568362377
5465,9.795927599235892e-05
5466,8.679537737759621e-05
5467,8.674897979889015e-05
5468,8.603024551294297e-05
5469,8.124663977764169e-05
5470,7.790274234590918e-05
5471,7.858979101610964e-05
5472,7.69338827314998e-05
5473,7.374053040133316e-05
5474,7.389485230533038e-05
5475,7.486823529939592e-05
5476,7.71496874657748e-05
5477,7.875805634768771e-05
5478,8.226569573134214e-05
5479,8.066259680631015e-05
5480,8.141075501817599e-05
5481,8.387744616892033e-05
5482,8.004572639524103e-05
5483,7.731909462134373e-05
5484,7.555150716716503e-05
5485,7.652943549904039e-05
5486,7.562620880595253e-05
5487,7.41415960781273e-05
5488,7.055850847846059e-05
5489,6.642609374841562e-05
5490,7.060982468358886e-05
5491,7.373111035340847e-05
5492,7.300971913086712e-05
5493,7.539681197455542e-05
5494,7.553075671194628e-05
5495,7.091201279440411e-05
5496,6.616463801265939e-05
5497,6.62793254492811e-05
5498,6.673772386530927e-05
5499,6.949795161432264e-05
5500,6.551682856306834e-05
5501,6.318897881798342e-05
5502,6.463171734675875e-05
5503,6.652154584242188e-05
5504,7.427551885736449e-05
5505,8.969104301845004e-05
5506,8.277011843746393e-05
5507,8.240717211544203e-05
5508,8.274521789120143e-05
5509,7.67437251207121e-05
5510,7.569939533213675e-05
5511,7.39597386494271e-05
5512,7.25158582966609e-05
5513,7.381448546289586e-05
5514,7.40763144872645e-05
5515,7.917532714189077e-05
5516,8.180879046976357e-05
5517,8.197327899891029e-05
5518,8.342886304758296e-05
5519,8.83962146128001e-05
5520,8.594761698068037e-05
5521,8.124323626382274e-05
5522,8.275992985416076e-05
5523,8.299121508677355e-05
5524,0.00010999355190231821
5525,0.00013984669385076764
5526,0.00019015965289598168
5527,0.00020500472618285783
5528,0.00019947974730517493
5529,0.00020896659193334296
5530,0.00020665797753087353
5531,0.00019807170265919918
5532,0.00019726733157393651
5533,0.000200671965258722
5534,0.0001832209861268297
5535,0.00015978548787723545
5536,0.00014787419958598537
5537,0.00013232473068750897
5538,0.00012062094694844635
5539,0.00011883072063783323
5540,0.00012401765373975672
5541,0.0001177418816717675
5542,0.00011494845319440413
5543,0.00010980756634072796
5544,0.00010034259203361585
5545,9.595965672834264e-05
5546,9.469047544617999e-05
5547,9.439619227068614e-05
5548,0.00011982298764405551
5549,0.00014531620643227854
5550,0.00019198608820199768
5551,0.00020200794324435071
5552,0.0001967561237983305
5553,0.00020908582470777453
5554,0.00021213541700585952
5555,0.00020039691742584364
5556,0.00020123826604188764
5557,0.00020495604495617003
5558,0.00018788423922186224
5559,0.0001602261660632514
5560,0.00015105699004423642
5561,0.00014295476071207755
5562,0.0001383084812698324
5563,0.0001298901203992774
5564,0.00012478015062596947
5565,0.00012142834825891555
5566,0.00011572491546635141
5567,0.00010683943879276102
5568,9.956424136045289e-05
5569,9.77868605697371e-05
5570,9.696059720526482e-05
5571,9.945333072626252e-05
5572,0.00011980149061161196
5573,0.0001505785877502143
5574,0.00019536241782670168
5575,0.00021202147614646257
5576,0.0002021682816824537
5577,0.00020505413202861675
5578,0.00021707182953255473
5579,0.00019881344909019322
5580,0.00019451088062735452
5581,0.00019455088838334238
5582,0.00018654525296918066
5583,0.00015950328168626044
5584,0.00014018774789357994
5585,0.00013162110361128714
5586,0.00013484199146615675
5587,0.00013535319924176277
5588,0.000123482291995113
5589,0.00012341889880546585
5590,0.00011822329223284248
5591,0.00011349967617336936
5592,0.00010124768516976572
5593,9.597474197991436e-05
5594,9.538127896065815e-05
5595,0.00010039616992857221
5596,0.0001199720176330181
5597,0.00014902302822787926
5598,0.00019678554772424914
5599,0.00021284547782110682
5600,0.00020693642887757084
5601,0.00020803282144849926
5602,0.00021397922121142897
5603,0.0002057773896942201
5604,0.0002045066932994542
5605,0.00020085759948985354
5606,0.00018554205080243037
5607,0.00015648989838357833
5608,0.00014312227946643082
5609,0.00012911629310577059
5610,0.0001288431336741079
5611,0.00012919099474455808
5612,0.00012863110574226426
5613,0.00012000673347397137
5614,0.00011483677402483527
5615,0.00010677380587143949
5616,0.00010004000867603452
5617,9.736618626171509e-05
5618,9.806829822533363e-05
5619,0.0001002335478424875
5620,0.0001151253919966821
5621,0.000142435252754384
5622,0.00018103988272272562
5623,0.00019500739839815488
5624,0.00018976425242283457
5625,0.00019409587152297952
5626,0.00019755408310272136
5627,0.00018311835371657314
5628,0.00017385598729338
5629,0.00016085849501450464
5630,0.00013633830788988845
5631,0.00012101483230899018
5632,0.00011308993702587532
5633,9.830562195020583e-05
5634,9.221660397918535e-05
5635,9.056409920839445e-05
5636,8.795478984955934e-05
5637,8.80351347338402e-05
5638,8.32670094968767e-05
5639,8.4432811791558e-05
5640,8.241962238857327e-05
5641,8.143339387461042e-05
5642,8.049318965074121e-05
5643,8.045583883134746e-05
5644,7.72243891045623e-05
5645,7.760922770579382e-05
5646,7.70504585693372e-05
5647,7.982691339391316e-05
5648,8.049356293935361e-05
5649,8.229474636864837e-05
5650,8.174050061184791e-05
5651,7.55198215514183e-05
5652,7.444002934466488e-05
5653,7.38959721711676e-05
5654,7.595068444274348e-05
5655,7.591559531317782e-05
5656,7.203218604575784e-05
5657,7.368130926088346e-05
5658,7.557640771342752e-05
5659,7.688219323775913e-05
5660,7.826834560452524e-05
5661,8.127380201373226e-05
5662,7.955300738502567e-05
5663,7.773524554970958e-05
5664,7.705838546281228e-05
5665,7.416460822317413e-05
5666,7.327872847148607e-05
5667,7.453736983988679e-05
5668,7.441398697441152e-05
5669,7.510667889010533e-05
5670,7.580729769927425e-05
5671,7.96186403063472e-05
5672,8.622341139078353e-05
5673,9.10968259745977e-05
5674,9.208757786821671e-05
5675,8.749448107416184e-05
5676,9.12062214961848e-05
5677,8.980838739166592e-05
5678,7.819439054296254e-05
5679,7.370317958193942e-05
5680,7.266941166527964e-05
5681,7.625853775720578e-05
5682,7.954997715981913e-05
5683,8.366842650412957e-05
5684,8.796987510113107e-05
5685,8.51771932009925e-05
5686,8.466976222781782e-05
5687,8.68278315287214e-05
5688,8.805588518905894e-05
5689,8.604080738485854e-05
5690,8.421173710040207e-05
5691,8.760504037789348e-05
5692,0.00011013654339902141
5693,0.0001347386124786754
5694,0.0001850613868185802
5695,0.00020906619411839298
5696,0.00020088399319056566
5697,0.00020186607161348476
5698,0.00020627127248658002
5699,0.00019811698037206803
5700,0.00020054820910463432
5701,0.00020206490269497236
5702,0.00018477050715690532
5703,0.00016440724006183048
5704,0.00015452347984791205
5705,0.0001399421459447739
5706,0.00012583126548402907
5707,0.00012677296286234786
5708,0.00012787578917230178
5709,0.00012438400357559756
5710,0.00011860549585563354
5711,0.00010933709094018095
5712,0.0001033208862067323
5713,0.00010369553622466065
5714,9.98053199296028e-05
5715,0.00010078739835252189
5716,0.00010484247646533889
5717,0.00014436129024544998
5718,0.0001992258232161277
5719,0.00020568986449368893
5720,0.0001980800028412867
5721,0.000205701194900983
5722,0.00020805205679111475
5723,0.00020252406964637898
5724,0.00020410979967185747
5725,0.00020139974630398148
5726,0.0001895469325759563
5727,0.00017162510475490458
5728,0.00016471096524340272
5729,0.00014699361174933193
5730,0.00013573465628732902
5731,0.000126166676281348
5732,0.00012409802058219123
5733,0.00011847080454101787
5734,0.0001119452584750252
5735,0.00010515676351882666
5736,0.00010052708444075653
5737,0.00010198905831214734
5738,9.910961974685609e-05
5739,9.900397906954667e-05
5740,0.00011829384378058623
5741,0.00015016432522306413
5742,0.00019355521786330117
5743,0.00020230033801862889
5744,0.00019896926414864004
5745,0.0001987489360347089
5746,0.00020756346591378945
5747,0.00020782984027596792
5748,0.00019887570045584946
5749,0.00019749558658134278
5750,0.00018211025488155434
5751,0.0001695266298830631
5752,0.00015863136732030694
5753,0.00014265709598091842
5754,0.00013148188891701532
5755,0.0001344322523186627
5756,0.00012878955577915155
5757,0.0001279602841476264
5758,0.0001195985094390806
5759,0.0001132812364606539
5760,0.00010235841641504108
5761,0.00010243162489937897
5762,0.0001020181089494536
5763,9.60120927993081e-05
5764,0.0001163044130998731
5765,0.00013858956759497018
5766,0.00019467124102361114
5767,0.0002023908714862129
5768,0.00020225242532731958
5769,0.00020994225857539026
5770,0.00020890585568029
5771,0.00020182118914738198
5772,0.00020425241787994826
5773,0.00019756991493151787
5774,0.00017922666622521936
5775,0.00016701957964587215
5776,0.00015253896779362117
5777,0.00014166219399625566
5778,0.0001312721007168461
5779,0.0001311947640996181
5780,0.000130273421929752
5781,0.00012435872974072266
5782,0.00011923971320810244
5783,0.00011649645911187649
5784,0.00010548235902145484
5785,0.00010310242453586317
5786,0.00010135143744585947
5787,0.00010366270878492306
5788,0.00011652399463657945
5789,0.00014361161692098088
5790,0.00017802008763917167
5791,0.00019352201713495118
5792,0.00018451017128698628
5793,0.00018937111363951555
5794,0.0001783886991648406
5795,0.00016300336746505217
5796,0.00015617787301991864
5797,0.00014410776140316885
5798,0.00011990071950804955
5799,0.00010733481473957053
5800,0.00010339444602152893
5801,9.177254423750413e-05
5802,8.464409314617686e-05
5803,8.638225667443689e-05
5804,8.581896415832411e-05
5805,8.58212258481522e-05
5806,7.673204338295933e-05
5807,7.539492357333974e-05
5808,7.415705461831142e-05
5809,7.384805947985827e-05
5810,7.692294757097182e-05
5811,7.767411404989055e-05
5812,7.602650594736818e-05
5813,7.333570988026136e-05
5814,7.317497619539232e-05
5815,7.458640239703333e-05
5816,7.604310631154319e-05
5817,7.735192206108134e-05
5818,7.530287499315246e-05
5819,7.270149252779244e-05
5820,7.088522384692595e-05
5821,7.24415299464858e-05
5822,7.404122535769883e-05
5823,7.171451743660478e-05
5824,6.788920944379731e-05
5825,6.724065341698145e-05
5826,7.108972013206056e-05
5827,7.375260738585202e-05
5828,7.36065856639423e-05
5829,7.370280629332702e-05
5830,7.552471821968685e-05
5831,7.263320266987677e-05
5832,6.780431922170663e-05
5833,6.68905306567032e-05
5834,6.690372750705925e-05
5835,6.884788047490352e-05
5836,6.945945897093801e-05
5837,6.570810603969324e-05
5838,6.77730068945723e-05
5839,7.195596929436707e-05
5840,7.165942442904516e-05
5841,7.187070578366399e-05
5842,8.62422734447866e-05
5843,8.56133480073523e-05
5844,8.428000500016407e-05
5845,7.992500046635988e-05
5846,7.331419088966414e-05
5847,7.52904247200212e-05
5848,7.32900588787801e-05
5849,7.203859782662966e-05
5850,7.387447513872402e-05
5851,7.772165345258746e-05
5852,8.296818098357304e-05
5853,8.449657826981753e-05
5854,8.530397958028674e-05
5855,8.204497237064492e-05
5856,8.264258548094488e-05
5857,8.398837876126439e-05
5858,8.61664519401619e-05
5859,8.5235294475605e-05
5860,9.653236929238011e-05
5861,0.00013793989170231714
5862,0.0001856725920260023
5863,0.00020260215284083176
5864,0.00020013809666852788
5865,0.00020951969586615257
5866,0.00021175813200949067
5867,0.00020571138348428618
5868,0.00020438671394779783
5869,0.00020685643532374873
5870,0.00018962503772856275
5871,0.0001553961407910904
5872,0.00014397570506699366
5873,0.00013512345107990695
5874,0.00012640211160500452
5875,0.00012504839143120995
5876,0.00011827649683918644
5877,0.00011500995798283558
5878,0.00011064362304173735
5879,0.00010821428271038676
5880,0.00010095340199427189
5881,9.762838857469614e-05
5882,9.753256319207749e-05
5883,9.912244330859975e-05
5884,0.00010856930213893357
5885,0.0001427095320518839
5886,0.00019616340735629907
5887,0.00020561404298906425
5888,0.00020662214182408305
5889,0.00021088435120047514
5890,0.0002084844347950432
5891,0.00019959217305196857
5892,0.0002013752190463314
5893,0.00020732049894342392
5894,0.00019219247288834797
5895,0.00016857737889988163
5896,0.0001577485177938254
5897,0.0001378621598383231
5898,0.00013253489217629057
5899,0.00012846095200947052
5900,0.0001259255977121981
5901,0.00012355018660626258
5902,0.00011881941218869286
5903,0.00011221993301929114
5904,0.00010541369587492676
5905,0.00010230183025303185
5906,9.927221987478713e-05
5907,9.80271925616622e-05
5908,0.00011022106033249966
5909,0.00014327772123626521
5910,0.00020307792015641338
5911,0.00021156648124425338
5912,0.00020839199096808983
5913,0.0002145074245979761
5914,0.00021669680622601398
5915,0.0002121452323005503
5916,0.0002137400090853411
5917,0.0002135064841210539
5918,0.00018729641944809934
5919,0.00016246649060780517
5920,0.00015169724588896477
5921,0.00013255939747578701
5922,0.00012465112451500083
5923,0.00012754226677619854
5924,0.00012340304501851567
5925,0.00012062584361671489
5926,0.00011221538768148133
5927,0.00010892432156748038
5928,9.818601588716189e-05
5929,9.939145264921868e-05
5930,0.00010302508791863519
5931,0.00010111073216532198
5932,0.00010956912275001854
5933,0.00015171760109741744
5934,0.00020438671394779783
5935,0.00021638480282050793
5936,0.00020860364561132107
5937,0.00021287753672546593
5938,0.00021810937425164586
5939,0.00021102545429596263
5940,0.00020392078388506066
5941,0.00019679648288477712
5942,0.0001750621706326616
5943,0.0001594436652990447
5944,0.00015945536899495113
5945,0.00013887140049733277
5946,0.00012757772919437662
5947,0.00012280279692977522
5948,0.0001222108270649686
5949,0.00011940005164620542
5950,0.00011207880796564999
5951,0.00010567062823102685
5952,9.933447124044339e-05
5953,0.00010169326002405023
5954,0.00010217846934571023
5955,9.866367160395919e-05
5956,0.0001190461520834958
5957,0.00014272499059206803
5958,0.00019149297394501625
5959,0.00020034599646748144
5960,0.00019709076606027096
5961,0.00020969588809120575
5962,0.0002082870968680052
5963,0.00019297987032082325
5964,0.00017484976941220553
5965,0.00015715619659856006
5966,0.00013050848396479613
5967,0.00011623500337612025
5968,0.00011305146634064439
5969,9.483533338594516e-05
5970,9.219925703778555e-05
5971,9.237430743884785e-05
5972,9.207135079265411e-05
5973,8.896552366301863e-05
5974,8.136284232686666e-05
5975,7.954545378016298e-05
5976,7.727344361986249e-05
5977,7.735833384195316e-05
5978,7.869279671497859e-05
5979,8.031398915863517e-05
5980,7.841700230487543e-05
5981,7.716327956289691e-05
5982,7.783785600181245e-05
5983,7.724816978498757e-05
5984,7.669091576113423e-05
5985,7.867353941420945e-05
5986,8.12700252113009e-05
5987,7.780691696329053e-05
5988,7.596500115893675e-05
5989,7.780314016085918e-05
5990,7.61981747927652e-05
5991,7.943302803336934e-05
5992,7.763072473823736e-05
5993,7.511423249496803e-05
5994,7.470260494625833e-05
5995,7.749414502240602e-05
5996,7.959600144991278e-05
5997,7.780540185068727e-05
5998,7.368657921776442e-05
5999,7.299689556912348e-05
6000,7.252415847874839e-05
6001,7.298255689477655e-05
6002,7.62808033250278e-05
6003,7.516781038992438e-05
6004,7.234721967647042e-05
6005,7.109916213813894e-05
6006,7.006576751009155e-05
6007,7.069772317273241e-05
6008,7.808800328842832e-05
6009,8.649883251227428e-05
6010,9.131678079991644e-05
6011,8.785026903808713e-05
6012,8.737452368065917e-05
6013,7.911158262178492e-05
6014,7.846792326323762e-05
6015,8.088028994180082e-05
6016,8.212608579030424e-05
6017,8.256147206128557e-05
6018,7.879200365326251e-05
6019,8.208120332420146e-05
6020,8.470333624478022e-05
6021,8.83222595512374e-05
6022,8.302516239234835e-05
6023,8.313117635827016e-05
6024,8.364240609202987e-05
6025,8.345376359384545e-05
6026,8.631508668235842e-05
6027,8.713379644196801e-05
6028,9.303531373879495e-05
6029,0.00013197913130688684
6030,0.00018573822494732383
6031,0.000201823055590444
6032,0.00020017810442451577
6033,0.00020833803978452108
6034,0.00021112694488222832
6035,0.00020864628834574945
6036,0.00020414526209003555
6037,0.00020209320675505378
6038,0.00018638943791073382
6039,0.00015939612589634778
6040,0.0001463707028460034
6041,0.00013460165947423166
6042,0.0001258946586736762
6043,0.00012819835444972342
6044,0.00012508725736320696
6045,0.00012136343995666517
6046,0.00011685714374407031
6047,0.00010885717353355557
6048,0.00010490095102856379
6049,9.844446335586524e-05
6050,9.941031470322176e-05
6051,0.00010256065101034762
6052,0.00011118954665829664
6053,0.00014683175819862567
6054,0.00018970878612666254
6055,0.00019821469415590238
6056,0.00019877497840496225
6057,0.00019795211855430894
6058,0.0002001762160233001
6059,0.00018520890169493952
6060,0.00018993517469100677
6061,0.00018953977421785968
6062,0.00017391749208181144
6063,0.00015865929809177597
6064,0.0001484669160280168
6065,0.00013702533460193523
6066,0.00013343886544660324
6067,0.00012218669505408459
6068,0.00011644061952709205
6069,0.0001198652351317178
6070,0.0001163391289408264
6071,0.00010300734573046932
6072,9.437014990043278e-05
6073,9.106134159826596e-05
6074,8.951522408200928e-05
6075,9.468933362218912e-05
6076,0.00010765439370809294
6077,0.0001488200470553479
6078,0.00019310437305213572
6079,0.00020235165422375715
6080,0.00019782043550674612
6081,0.0001981792317377243
6082,0.00020140238128242197
6083,0.00019459653938482365
6084,0.00020076025899463162
6085,0.00019726658499671172
6086,0.00018067129315521037
6087,0.00015345161453463374
6088,0.00014864536994289802
6089,0.00013587499084743805
6090,0.00012894047416932983
6091,0.00012001163014223993
6092,0.00011823273423892086
6093,0.00011708313706164849
6094,0.00011073303664348418
6095,0.0001010745231699191
6096,9.087610261390049e-05
6097,9.083045161241924e-05
6098,9.304851058915099e-05
6099,9.512397331594565e-05
6100,0.00010744726244451785
6101,0.00013452695783544417
6102,0.00018985177762336573
6103,0.00019728770874054288
6104,0.00019968007154111213
6105,0.00020218639715923197
6106,0.00019689986187225846
6107,0.00018257809530366088
6108,0.00018342886396762958
6109,0.00018227700510052913
6110,0.00017251776957607687
6111,0.00015362253680280594
6112,0.00014974365091504214
6113,0.00013275144348779037
6114,0.00011375245843842571
6115,0.00011690694483659532
6116,0.00011730574882356136
6117,0.00011388829157703226
6118,0.0001063199308350675
6119,0.00010004189707725021
6120,9.38891126279702e-05
6121,8.946241472243141e-05
6122,9.066143970361638e-05
6123,9.400946526823895e-05
6124,0.00010300508404064125
6125,0.00013459298600353175
6126,0.00016525840397256527
6127,0.00018015327835196643
6128,0.00017365981314848656
6129,0.00017911309865443483
6130,0.00017281053763896744
6131,0.00016140556045505483
6132,0.00014767007658946315
6133,0.00013043378232600864
6134,0.000112870355489169
6135,0.00010196529958987571
6136,9.882515186605303e-05
6137,9.376384136127923e-05
6138,9.267159888139456e-05
6139,8.975632460931283e-05
6140,8.514210407142683e-05
6141,8.120777384564465e-05
6142,7.472260882425226e-05
6143,7.496406068201456e-05
6144,7.394880348889913e-05
6145,7.605518329606203e-05
6146,7.401709334681481e-05
6147,7.296672506598003e-05
6148,7.175865332548276e-05
6149,7.217025891603879e-05
6150,7.154396845704496e-05
6151,7.518893413375552e-05
6152,8.13190797266011e-05
6153,7.663507617634982e-05
6154,7.385598637333336e-05
6155,7.244379163631387e-05
6156,6.929270875196322e-05
6157,7.18212779797514e-05
6158,7.198576650889812e-05
6159,6.976318415251022e-05
6160,6.930930911613821e-05
6161,6.795484236511883e-05
6162,7.489238926843361e-05
6163,7.579335427169339e-05
6164,7.44475609913739e-05
6165,7.12598738648543e-05
6166,7.072073531777923e-05
6167,7.007029088974771e-05
6168,7.43256932385019e-05
6169,6.962623114806647e-05
6170,6.669433455365608e-05
6171,7.049663040141673e-05
6172,6.776281831126913e-05
6173,6.782432309970058e-05
6174,6.547495436401844e-05
6175,6.480753628319952e-05
6176,7.107689657031691e-05
6177,7.135194440319527e-05
6178,7.13677762319918e-05
6179,8.239773010936365e-05
6180,8.335075789497651e-05
6181,8.451884383763955e-05
6182,8.619473404208968e-05
6183,7.2424183005086e-05
6184,6.689997266278157e-05
6185,6.932024427666619e-05
6186,7.255435094004552e-05
6187,7.815818154755967e-05
6188,8.138321949347302e-05
6189,7.770731477824054e-05
6190,7.625853775720578e-05
6191,7.863884553140985e-05
6192,7.53990736643835e-05
6193,7.537002302707724e-05
6194,7.682710023019951e-05
6195,7.93270140674475e-05
6196,0.00010097415244949064
6197,0.00013563692054534103
6198,0.00017911121025321916
6199,0.0001896722038426473
6200,0.00019042677383538495
6201,0.00019882816105315255
6202,0.00019593438381351438
6203,0.00018105422139707254
6204,0.00018620343039098988
6205,0.0001839050045718236
6206,0.0001799495286440566
6207,0.00016008317456654825
6208,0.00015329239596236798
6209,0.0001406453997323833
6210,0.00012298992431535635
6211,0.00011646440020751737
6212,0.00011659720312091735
6213,0.00011460966084141992
6214,0.00011033915128294033
6215,0.00010278249423688203
6216,9.514735874960487e-05
6217,8.865540865872827e-05
6218,8.900853968605939e-05
6219,9.095609616772262e-05
6220,0.00011129103724456231
6221,0.00014153918441939278
6222,0.00018505686343892408
6223,0.00019477422476432644
6224,0.0001934420455392827
6225,0.00019115266647942874
6226,0.00019361823776433592
6227,0.00018707949484798715
6228,0.00019467802609309537
6229,0.000201136775455622
6230,0.00018878443568974353
6231,0.00015662988161322864
6232,0.00015423560845329005
6233,0.00013936714973275467
6234,0.00013428399086507861
6235,0.00012952526371788614
6236,0.00011899975450478979
6237,0.00010937255335835904
6238,0.0001063455779585548
6239,0.0001055842228963329
6240,9.836031971099939e-05
6241,9.210266311978843e-05
6242,9.045015834899755e-05
6243,8.913719250841565e-05
6244,0.00011234555561644083
6245,0.00014943162555138242
6246,0.00019321642551031696
6247,0.0002022565754183633
6248,0.00019928807458178397
6249,0.00020225543359437244
6250,0.00020426862299735717
6251,0.00019745107740385242
6252,0.00019682441365624618
6253,0.00018829735992502154
6254,0.0001731678187573423
6255,0.00015944518041164797
6256,0.00014951691102023916
6257,0.0001317644683966027
6258,0.00012191013210860295
6259,0.00012141512945040584
6260,0.0001198301679603058
6261,0.00011470434440004768
6262,0.00010800185953177704
6263,0.00010006868602472836
6264,9.823544369107448e-05
6265,9.262030463441996e-05
6266,9.214227562901026e-05
6267,9.08930762666879e-05
6268,0.00011570943496801362
6269,0.00013823869825746712
6270,0.00018606384240810566
6271,0.00020277797177727252
6272,0.0002006391378189844
6273,0.00020566988257384868
6274,0.0002093865196641402
6275,0.00019223961704427882
6276,0.00018465994785317368
6277,0.00017958205894237856
6278,0.00017028308827701647
6279,0.00014966064909416714
6280,0.00013816059310486068
6281,0.0001224734246247157
6282,0.00011708427888563935
6283,0.00011739061708749838
6284,0.00011585431486593246
6285,0.00011436252182185694
6286,0.00010595698451304558
6287,9.881496328274985e-05
6288,9.343297590177013e-05
6289,9.094816927424752e-05
6290,9.25278608074666e-05
6291,8.880858873873461e-05
6292,0.00010978830903995881
6293,0.0001409083705807428
6294,0.000183534504644939
6295,0.00018980878355847862
6296,0.00018414797154218918
6297,0.0001851700357629425
6298,0.00018361902157841727
6299,0.00017710443263110624
6300,0.00016875471294892564
6301,0.0001534776569048871
6302,0.00012557696810636945
6303,0.00010763739809715186
6304,0.00010097039760521296
6305,8.818719494800933e-05
6306,8.58129256660647e-05
6307,8.477274596853309e-05
6308,8.019137482853834e-05
6309,7.714213386091209e-05
6310,7.434910063031479e-05
6311,7.575523491692117e-05
6312,7.27792024336328e-05
6313,6.849663784878805e-05
6314,6.76979319671724e-05
6315,6.995485687590118e-05
6316,7.247512592160188e-05
6317,7.098181776492306e-05
6318,7.080373713865423e-05
6319,6.967640552920387e-05
6320,6.857812455705978e-05
6321,7.211971124628899e-05
6322,6.966094698901975e-05
6323,7.170356031792314e-05
6324,7.064566039037933e-05
6325,6.793674884649422e-05
6326,6.973753702902292e-05
6327,6.592920268900284e-05
6328,6.811632262721266e-05
6329,6.660380108607207e-05
6330,7.090825795012645e-05
6331,7.40004929826398e-05
6332,7.202840924332649e-05
6333,7.061131783803846e-05
6334,6.887958804880391e-05
6335,7.057585541986039e-05
6336,6.859850172366612e-05
6337,6.617671499717823e-05
6338,6.867208349661641e-05
6339,6.846532552165373e-05
6340,6.517537927348997e-05
6341,6.657060035772207e-05
6342,6.538477222689314e-05
6343,6.604577852684024e-05
6344,7.688785844140615e-05
6345,8.662408182081159e-05
6346,8.59378016859896e-05
6347,8.231850509092001e-05
6348,8.509911000653972e-05
6349,8.086406286623822e-05
6350,6.786731716458769e-05
6351,6.40733434570682e-05
6352,6.864792952757872e-05
6353,7.019064353001646e-05
6354,7.308971268468925e-05
6355,7.584919385647783e-05
6356,7.821628282217217e-05
6357,7.982350988009421e-05
6358,8.316022699557641e-05
6359,8.180916375837599e-05
6360,7.959450829546317e-05
6361,7.697274866349682e-05
6362,7.629211177416818e-05
6363,7.621892524798396e-05
6364,8.768727366339e-05
6365,0.00013578632382291604
6366,0.00018714965114896483
6367,0.0002009013620901191
6368,0.00019515076318347044
6369,0.00019858596261816545
6370,0.0002047534370722511
6371,0.00019790117563779307
6372,0.00019432412653038576
6373,0.00019280328284900397
6374,0.00018034341400460045
6375,0.00015344105266271816
6376,0.0001449396680131345
6377,0.00013380936537348785
6378,0.000128751458382533
6379,0.00012136343995666517
6380,0.00011510956016788556
6381,0.00012122007517134961
6382,0.00011361361703276628
6383,0.00010736237222242718
6384,0.00010122014964506275
6385,9.808452530089621e-05
6386,9.302060177583562e-05
6387,9.542578813814852e-05
6388,0.00011579357861287949
6389,0.00014282272633405602
6390,0.00019013134883590023
6391,0.00020804261478503638
6392,0.00018368504974650488
6393,0.0001956680314094896
6394,0.00020096473332161256
6395,0.00019015512951632552
6396,0.00019442825209509192
6397,0.00019874704763349322
6398,0.00018430719011445492
6399,0.00015687888707585363
6400,0.00015119356976006775
6401,0.00013760221921517012
6402,0.00013039680479522728
6403,0.00012050625951182464
6404,0.00011873979192348315
6405,0.00011802408786274249
6406,0.00011020786348214363
6407,0.00011174491228093433
6408,0.00010586190570765175
6409,0.00010357516162623824
6410,0.0001023889821649506
6411,0.00010377891133414806
6412,0.00011247873181845324
6413,0.00015412392928372122
6414,0.00018927076487724074
6415,0.00019567821999279275
6416,0.0001908025437191505
6417,0.00020909034808743067
6418,0.00020620787929693287
6419,0.00019683271383833366
6420,0.00018962541101717514
6421,0.00019656482436355193
6422,0.00018224531948478242
6423,0.00016037067267255783
6424,0.0001490449205070889
6425,0.0001341360807419532
6426,0.00012307481453744702
6427,0.00012016933360190242
6428,0.00012214027551722486
6429,0.00011831610934840825
6430,0.00011630744332507967
6431,0.0001060554448741047
6432,9.8349011261859e-05
6433,9.823959378211823e-05
6434,9.495078935794536e-05
6435,9.44429631380046e-05
6436,0.00011714426856146754
6437,0.0001465733107299223
6438,0.0001844252810648956
6439,0.0001966010553171085
6440,0.000186969704079634
6441,0.00019534845244096718
6442,0.00018779405708473695
6443,0.0001749018321945586
6444,0.00017564847529382118
6445,0.00016879658714797556
6446,0.0001656356889689341
6447,0.00014722074689090098
6448,0.0001411630412470148
6449,0.00012431193691525057
6450,0.00011747401415513943
6451,0.00011328687970614727
6452,0.00011451532861325087
6453,0.00011193469660310962
6454,0.00011042592990624669
6455,0.00010179514585708197
6456,9.915865230400262e-05
6457,9.645692107636782e-05
6458,9.707491135327414e-05
6459,9.784759682279007e-05
6460,0.00011599164115898861
6461,0.00014110041659274618
6462,0.0001772406171001715
6463,0.00018976036582963487
6464,0.00018779179539490888
6465,0.00019662369417354288
6466,0.00019593012393170228
6467,0.0001836978293919412
6468,0.00016785642684041365
6469,0.0001568276147870327
6470,0.0001332444040376961
6471,0.00011300634233485124
6472,0.00010663406418147958
6473,9.312857001743413e-05
6474,8.830803066765884e-05
6475,8.62503540453374e-05
6476,8.32442828078276e-05
6477,8.281557181556214e-05
6478,7.85291206375177e-05
6479,7.102887408823923e-05
6480,6.88273276430678e-05
6481,6.763453877752529e-05
6482,6.819684317672288e-05
6483,7.056577662732556e-05
6484,7.103142123406502e-05
6485,7.54668145684574e-05
6486,7.77050970047198e-05
6487,7.816716243241095e-05
6488,7.77263305393193e-05
6489,7.748446147663728e-05
6490,7.488775609800912e-05
6491,7.513397287511792e-05
6492,7.555890706495204e-05
6493,7.667139496252103e-05
6494,7.612419777304884e-05
6495,7.541231443104688e-05
6496,7.243832405604988e-05
6497,6.945555041958464e-05
6498,7.220848806157936e-05
6499,7.336774682646682e-05
6500,7.47939947818355e-05
6501,7.33617742086684e-05
6502,7.400512615306431e-05
6503,6.962612135729813e-05
6504,6.863479855168368e-05
6505,6.890765056919499e-05
6506,7.054605820532934e-05
6507,6.946270877768126e-05
6508,6.80502725009714e-05
6509,6.727804815268255e-05
6510,6.640971296577733e-05
6511,6.464563881618593e-05
6512,6.464201572083029e-05
6513,7.439828689453702e-05
6514,8.781847363157205e-05
6515,8.589559811463463e-05
6516,8.518716220275898e-05
6517,7.029665749593827e-05
6518,6.58833979804459e-05
6519,6.693023099853971e-05
6520,6.916401201329963e-05
6521,7.355384217882544e-05
6522,7.513478532680374e-05
6523,7.609038221639606e-05
6524,7.55415162072449e-05
6525,7.830334690147623e-05
6526,8.025995014245173e-05
6527,8.099906159500528e-05
6528,7.670310253642143e-05
6529,7.679482174430368e-05
6530,7.953594589962359e-05
6531,8.464835302798896e-05
6532,9.744453295401192e-05
6533,0.0001391061551182255
6534,0.00018382419856631567
6535,0.0001914041751715722
6536,0.00018705178365805483
6537,0.00020073094485948133
6538,0.00020861576651214726
6539,0.00019951709812456869
6540,0.00019275194468572202
6541,0.0001975164248691762
6542,0.00017261811833835166
6543,0.00014652897721766133
6544,0.0001385565864481569
6545,0.00012171769084983352
6546,0.00011618384087806767
6547,0.00010896850137266569
6548,0.00010776745624134302
6549,0.00010772285923123797
6550,0.00010092428548250463
6551,9.495924324710856e-05
6552,8.823831352975457e-05
6553,8.837390512867075e-05
6554,9.031500591315478e-05
6555,9.35012657596858e-05
6556,0.00010537338070478747
6557,0.00014421689342691192
6558,0.00018817327439862877
6559,0.00020168430201739922
6560,0.00019549884383545735
6561,0.00019165333434127286
6562,0.00020348225759810442
6563,0.00019136930562354323
6564,0.00018818047667303276
6565,0.00019326350379178682
6566,0.00017038189996853431
6567,0.00015090370017346172
6568,0.00014361844590677245
6569,0.00013017103105918582
6570,0.00011390664859350089
6571,0.0001120015591810367
6572,0.00010866132876096719
6573,0.00011146281588072768
6574,0.00010502591488110336
6575,9.958156634369904e-05
6576,9.2786571774014e-05
6577,9.230454638463624e-05
6578,9.355216475989433e-05
6579,9.621024317803191e-05
6580,0.00010940507338394524
6581,0.00014813159306331254
6582,0.00018951803564572575
6583,0.00020317438232548846
6584,0.00019745643519334803
6585,0.00020370227829788416
6586,0.00019609454658638798
6587,0.00018408602759068432
6588,0.00018803704601325617
6589,0.00018584625906338336
6590,0.0001775519178447601
6591,0.00015521992660788355
6592,0.00014372606281791222
6593,0.00013257814973902172
6594,0.0001236021395978473
6595,0.00011471374248981872
6596,0.00011391220400637957
6597,0.00011126991350073116
6598,0.00010711600173824266
6599,0.0001037267607191803
6600,9.363597903245514e-05
6601,8.857100151601835e-05
6602,9.304675393685734e-05
6603,9.72256760363767e-05
6604,0.00011578874781907196
6605,0.00014453495728283106
6606,0.00017938491863872362
6607,0.00019085269614213423
6608,0.00017912451689434356
6609,0.00018867211973371825
6610,0.00019234178833330828
6611,0.00018513835014719577
6612,0.0001828160118986822
6613,0.0001725401010183599
6614,0.00016887673440887336
6615,0.0001512872432436267
6616,0.0001405194697210822
6617,0.00012299389874117074
6618,0.00011384784465797094
6619,0.00011142671667609317
6620,0.00011040212726766772
6621,0.00010991081357928728
6622,0.00010304572858308559
6623,9.84944401136196e-05
6624,9.119952425931526e-05
6625,8.740721937147475e-05
6626,9.221291500936869e-05
6627,9.618523284100107e-05
6628,0.00011220234453820096
6629,0.00013757549614215297
6630,0.00017601161923922615
6631,0.00018137327336990684
6632,0.00017596735160142613
6633,0.00018340864050809893
6634,0.00018133205791546708
6635,0.000163830794611669
6636,0.00015440312720764332
6637,0.00014234100835882964
6638,0.00012004865158932861
6639,0.00010775696024388846
6640,0.0001003647697688232
6641,8.719319324764708e-05
6642,8.921582465671018e-05
6643,8.773711867222235e-05
6644,8.845848793661002e-05
6645,8.228130797860195e-05
6646,8.012646652628795e-05
6647,7.923320883496656e-05
6648,7.8577033328827e-05
6649,7.47807540151721e-05
6650,7.402901662425797e-05
6651,7.617213242251183e-05
6652,7.498942234950415e-05
6653,7.68466210288127e-05
6654,7.452057185232877e-05
6655,7.397712950713425e-05
6656,7.645835695560855e-05
6657,7.866521727396827e-05
6658,7.513906716676952e-05
6659,7.2121643563812e-05
6660,6.984833787244493e-05
6661,7.018570294544056e-05
6662,7.248103266493928e-05
6663,7.468567520977827e-05
6664,7.125780979840926e-05
6665,7.021905738086625e-05
6666,7.793567957641514e-05
6667,7.840824100156084e-05
6668,7.638299657221093e-05
6669,7.858412581246263e-05
6670,7.811237683900272e-05
6671,7.570596082008428e-05
6672,7.809298778931155e-05
6673,6.912808847389448e-05
6674,6.918506988266977e-05
6675,7.287096555782239e-05
6676,7.070514502867308e-05
6677,7.088994484996513e-05
6678,6.991798913588819e-05
6679,6.972014617131578e-05
6680,6.944648170211866e-05
6681,7.227677791949503e-05
6682,8.293816418750529e-05
6683,8.006720146953091e-05
6684,8.181287468634631e-05
6685,8.209655207361724e-05
6686,7.142554813429924e-05
6687,7.438230135866478e-05
6688,7.26485075029852e-05
6689,7.40685413008651e-05
6690,7.257053409930077e-05
6691,7.561259475067673e-05
6692,8.015404596729826e-05
6693,7.918325403536587e-05
6694,8.070231910630033e-05
6695,8.498655251082405e-05
6696,8.066213568508308e-05
6697,8.33104646829909e-05
6698,8.137177929541061e-05
6699,8.405247461182895e-05
6700,9.337625799083888e-05
6701,0.00013939850597619635
6702,0.00018117944874745617
6703,0.0001952506288663645
6704,0.00019369293940312338
6705,0.00018757256518866125
6706,0.0001925480632288902
6707,0.00018299062313667107
6708,0.00018968786000621445
6709,0.00019173051725142516
6710,0.00018234107899294005
6711,0.0001532993127807742
6712,0.00014765681386464608
6713,0.00012797798241948494
6714,0.00012306016844894872
6715,0.00012098586950429862
6716,0.00011732678473477783
6717,0.00011639448544623006
6718,0.00011025693995559748
6719,0.00010529325540204333
6720,0.00010020377258611012
6721,9.609751001708688e-05
6722,9.338097899387806e-05
6723,9.872792116159945e-05
6724,0.00010711426704410267
6725,0.00014029266395181823
6726,0.00019613031641871743
6727,0.000211878111361147
6728,0.00020231379836682897
6729,0.00020782465815170166
6730,0.00020428456461692206
6731,0.00019654853141352834
6732,0.00020141869619059926
6733,0.00020185456554096132
6734,0.00018387489994314116
6735,0.00015412223850588857
6736,0.00014990890797956732
6737,0.00013612592862758606
6738,0.00011773531618381998
6739,0.00011655128862159207
6740,0.0001151804191297807
6741,0.00011001430235753696
6742,0.00010987961104292131
6743,0.00010574098215538756
6744,0.00010226546755055328
6745,9.632192234760075e-05
6746,9.641091874442783e-05
6747,9.643296473071315e-05
6748,0.00011666378024284671
6749,0.00014531449369629222
6750,0.0001937134263604981
6751,0.0002054090636245489
6752,0.0002015266424740441
6753,0.0002038061842810536
6754,0.0002136223133816665
6755,0.0002075967105584468
6756,0.00020719336123367095
6757,0.0001940525920020947
6758,0.00017667714891882936
6759,0.00015303063281246033
6760,0.0001526502956327313
6761,0.00013709052836018335
6762,0.00012054503761120697
6763,0.00011500277766658528
6764,0.0001134075397605674
6765,0.00011485243018840246
6766,0.00010946161562964713
6767,0.00010337022617803022
6768,9.84415868377344e-05
6769,9.506609162286986e-05
6770,9.558999121129751e-05
6771,9.801880454696e-05
6772,0.00010787830100107239
6773,0.00014339260629626997
6774,0.00019295997623359763
6775,0.0001911857574170104
6776,0.00018879326286751913
6777,0.0001873836591926328
6778,0.000190224100077005
6779,0.0001874022577487918
6780,0.00018592627457535913
6781,0.0001798660876601082
6782,0.00016522625723559145
6783,0.00014522407001947655
6784,0.00013638870185256254
6785,0.00012532910446773533
6786,0.00010293224884491575
6787,0.00010315389444806713
6788,9.971373247064258e-05
6789,0.00010260274479093421
6790,9.662092652613378e-05
6791,9.073216691658949e-05
6792,8.48523662337428e-05
6793,8.647000145650475e-05
6794,8.72382733371329e-05
6795,8.53642107958053e-05
6796,9.749837434681232e-05
6797,0.00013325553682160712
6798,0.00016593027955857933
6799,0.00018021684720684293
6800,0.00016984590143743412
6801,0.00017376729831070428
6802,0.00016776920905403392
6803,0.00015809732306488344
6804,0.0001449981425763594
6805,0.00013809157862787388
6806,0.00010920068688957897
6807,0.00010031334377292657
6808,9.216151097162573e-05
6809,8.234645782054272e-05
6810,7.879593416276955e-05
6811,7.814037348493278e-05
6812,7.505307903699532e-05
6813,7.351464687452335e-05
6814,6.575685314084204e-05
6815,6.331389875421566e-05
6816,6.0909678550664275e-05
6817,6.091982321766011e-05
6818,6.119761581974729e-05
6819,6.340258773689136e-05
6820,6.441371679711669e-05
6821,6.79266041794984e-05
6822,6.969935179978968e-05
6823,6.825909454237915e-05
6824,6.713169705846777e-05
6825,6.219497711762116e-05
6826,6.47856440039899e-05
6827,6.820571427080583e-05
6828,7.168810177773901e-05
6829,7.335158562536523e-05
6830,7.235317033611517e-05
6831,7.093355374315501e-05
6832,6.896906752501174e-05
6833,7.092892057273051e-05
6834,7.428397274652769e-05
6835,7.520658848930672e-05
6836,7.55696226439433e-05
6837,7.635945743147602e-05
6838,7.470223165764592e-05
6839,7.566518452871791e-05
6840,7.120177259024181e-05
6841,7.017696360027965e-05
6842,6.832281710433131e-05
6843,6.833041462550135e-05
6844,6.967089403263254e-05
6845,6.918045867039894e-05
6846,6.894346431783178e-05
6847,7.148821670487523e-05
6848,7.320233605486592e-05
6849,7.673621543215675e-05
6850,9.29529487043764e-05
6851,8.823842332052293e-05
6852,8.975854238283357e-05
6853,7.937804481657807e-05
6854,7.289828150098865e-05
6855,7.206187346952054e-05
6856,7.533965490055076e-05
6857,7.596592340139091e-05
6858,7.40655549919659e-05
6859,7.60348061294557e-05
6860,7.789523265735382e-05
6861,7.996419577066197e-05
6862,8.352837740001826e-05
6863,8.373823147464852e-05
6864,8.07483214382403e-05
6865,7.888508426667234e-05
6866,8.012367784077179e-05
6867,7.960922025842249e-05
6868,9.728913510048485e-05
6869,0.00013102573023266158
6870,0.0001780511584266156
6871,0.000191711194076195
6872,0.0001958273597725237
6873,0.00020205227675661172
6874,0.00020231263458468445
6875,0.00018502456299487454
6876,0.000192379139152702
6877,0.00019503063012473842
6878,0.00018436107542356268
6879,0.00016002975037866758
6880,0.00013803277469234392
6881,0.00012475384475787207
6882,0.00012151220644778371
6883,0.00011766013146565174
6884,0.00011366881983109426
6885,0.00011259950166364172
6886,0.00010676866766348056
6887,0.0001022808602162764
6888,9.599685384066068e-05
6889,9.160829724804777e-05
6890,9.231148516119616e-05
6891,9.234488351292921e-05
6892,0.0001074102849137365
6893,0.00014905989596789227
6894,0.000193445361220487
6895,0.00020044245863655655
6896,0.00019325562081461904
6897,0.00019738487357053543
6898,0.00019754033729852354
6899,0.0001900432088070663
6900,0.00018180284073016548
6901,0.00018647590911988876
6902,0.00017545078603632447
6903,0.00014617674647463068
6904,0.00013944624300227628
6905,0.0001293013564249067
6906,0.00012546733104509196
6907,0.00011687743307806198
6908,0.00010968800419399136
6909,0.00010976523102045097
6910,0.0001076453689069343
6911,0.00010057436034560939
6912,9.659798025554797e-05
6913,9.392314776615969e-05
6914,9.437581510407982e-05
6915,9.649864156834203e-05
6916,0.00011648113232061438
6917,0.00014810078577371264
6918,0.00019294212425466343
6919,0.00020033984818445367
6920,0.00019442298213821096
6921,0.00019399769661791811
6922,0.00019757509705578414
6923,0.0001816761421834859
6924,0.00018756327688965857
6925,0.0001898167982845684
6926,0.00017234364141746874
6927,0.00015493864265936274
6928,0.00014912862498888134
6929,0.000135302849195396
6930,0.0001221056914251936
6931,0.00011626985096599554
6932,0.0001163015146235886
6933,0.0001135848957677651
6934,0.00010927457607668066
6935,9.916348309781015e-05
6936,9.218797054679886e-05
6937,9.115499312367122e-05
6938,9.461254595880291e-05
6939,9.985338632798781e-05
6940,0.0001191974218041328
6941,0.00015445997686749658
6942,0.0001965838401246307
6943,0.00020235782446493858
6944,0.00020100250134592605
6945,0.0002011438679392576
6946,0.0001970923909636426
6947,0.00018594665174196548
6948,0.0001842154050321117
6949,0.00017247486334380445
6950,0.00016742319246849208
6951,0.000141975778388826
6952,0.00013353974120456613
6953,0.0001347069927373897
6954,0.00012906054135360085
6955,0.00011325912459990756
6956,0.00011434385739123689
6957,0.00011310961153156422
6958,0.00010728499168889185
6959,0.00010300007758160435
6960,9.799515561545673e-05
6961,9.562606845777837e-05
6962,9.679953414809071e-05
6963,9.911609740218894e-05
6964,0.00011038879866838964
6965,0.00014041435603946088
6966,0.0001810574712038158
6967,0.00019992112815210832
6968,0.00019029173119031054
6969,0.00019791125443032788
6970,0.00019839769340859343
6971,0.00018160273607576496
6972,0.0001734818862292934
6973,0.0001620784021998304
6974,0.00013587828457048865
6975,0.00011341056998577393
6976,0.0001028960178913592
6977,9.404229270797654e-05
6978,9.179208699427099e-05
6979,9.390035520264957e-05
6980,9.071462235180666e-05
6981,8.781770509619358e-05
6982,8.270940414256463e-05
6983,8.172925803716854e-05
6984,8.426239456092022e-05
6985,8.137849849043383e-05
6986,7.723824469952846e-05
6987,7.822223348181691e-05
6988,8.585624910325686e-05
6989,8.609128918014733e-05
6990,8.618920058736468e-05
6991,8.552834799449329e-05
6992,9.075469598225556e-05
6993,9.457102309021175e-05
6994,0.00010289502977444403
6995,9.485685237654238e-05
6996,9.45148321749686e-05
6997,9.055529398877254e-05
6998,8.459859585177129e-05
6999,7.871958566245677e-05
7000,7.67242921547136e-05
7001,7.616108747121551e-05
7002,7.682446525175903e-05
7003,7.858658512567374e-05
7004,7.91922788365245e-05
7005,7.888332761437868e-05
7006,7.764736901871971e-05
7007,7.364575901009072e-05
7008,7.173487264505747e-05
7009,7.240479395539483e-05
7010,7.499504363684384e-05
7011,7.695483081010158e-05
7012,7.302440913567278e-05
7013,7.357920384631503e-05
7014,7.757934265864808e-05
7015,8.120182318599991e-05
7016,8.21905768876349e-05
7017,8.602266994992659e-05
7018,9.888211131667466e-05
7019,8.672287155417577e-05
7020,8.126036362368581e-05
7021,8.439908406751992e-05
7022,7.596379346048485e-05
7023,7.951927966098759e-05
7024,7.685735856595763e-05
7025,7.744230182158965e-05
7026,7.680944587464831e-05
7027,7.9230112735299e-05
7028,8.371284784900526e-05
7029,8.476565348489748e-05
7030,8.715081401106276e-05
7031,8.9391907090995e-05
7032,9.211300541016731e-05
7033,8.890447999581427e-05
7034,8.702563057698646e-05
7035,8.912768462787626e-05
7036,0.00010092797445232129
7037,0.00014401206776947222
7038,0.00019808630483139018
7039,0.0002087285655475533
7040,0.00020229260874853682
7041,0.00020417090921352285
7042,0.00021223231833800802
7043,0.00019776044583091795
7044,0.0002016835115238671
7045,0.0002027595928026502
7046,0.0001938983359725585
7047,0.0001569754370775434
7048,0.00014824281111165428
7049,0.00013413843026439595
7050,0.00012561056408148553
7051,0.00011920725905697727
7052,0.00011774304545391205
7053,0.0001166772625492005
7054,0.00010753336036506039
7055,0.0001023717010980118
7056,9.896184137265273e-05
7057,9.956713983673742e-05
7058,9.799148860379374e-05
7059,9.465606701937811e-05
7060,0.00010464711477213125
7061,0.0001501134262228556
7062,0.0001972774542827787
7063,0.0002067604562340544
7064,0.00019917224532117137
7065,0.0002031016569205313
7066,0.00020640772045348932
7067,0.00020280954760225087
7068,0.00020213760614177582
7069,0.00020744241061260326
7070,0.0001928767109148786
7071,0.0001577316319736527
7072,0.00015324509809936144
7073,0.00014514082665891117
7074,0.00013457313583261352
7075,0.00012379938969227062
7076,0.00012025659530458951
7077,0.00012148482463015644
7078,0.00011416158275761695
7079,0.00011148086548304496
7080,0.00010716701052921954
7081,0.00010305844235406088
7082,0.00010209296429531678
7083,0.00010059082896086238
7084,0.00011113684708948712
7085,0.00015799635947430586
7086,0.00019711696213760003
7087,0.00020400486165546552
7088,0.00020052350618175483
7089,0.00020117070080304312
7090,0.00019787710950137005
7091,0.00018886669093339374
7092,0.0001981694384011872
7093,0.00019227848297627583
7094,0.00017559336032810788
7095,0.0001549374788772182
7096,0.00014109071108882375
7097,0.00013551129794819134
7098,0.0001283528959352573
7099,0.00012331734234473918
7100,0.00011656580296116835
7101,0.0001110339950976939
7102,0.00010654508974280618
7103,0.00010068843295392835
7104,0.000100823058394083
7105,9.938091273545678e-05
7106,0.00010083629916074641
7107,9.97285981406776e-05
7108,0.00011111394473520866
7109,0.0001520420767342084
7110,0.00019003211993946266
7111,0.0002090761192038521
7112,0.00020355994554579113
7113,0.0002042193269423666
7114,0.00019684878720682057
7115,0.00018659501014539831
7116,0.0001914776691119078
7117,0.0001908397847477759
7118,0.00018179201536040583
7119,0.00016317714429320157
7120,0.0001513875700477478
7121,0.00013140321285241344
7122,0.0001236017004347739
7123,0.0001217925461956967
7124,0.00011580886148783425
7125,0.00010935485508650049
7126,0.00010799301039584778
7127,0.00010335676582983011
7128,0.00010011844320094603
7129,9.390299018109004e-05
7130,9.367651378413113e-05
7131,9.69335447599426e-05
7132,0.00010805996080638954
7133,0.00014202246142352976
7134,0.00017049663132146336
7135,0.00018241015934438787
7136,0.0001783801794012164
7137,0.00018554347808241899
7138,0.00017982379625613857
7139,0.00016609986237937764
7140,0.0001495438756329467
7141,0.0001465824453218493
7142,0.00012980672333163634
7143,0.00011440211237292509
7144,0.00010993171774158172
7145,0.000103029567381984
7146,0.00010229153187896032
7147,0.00010376657085178516
7148,9.813742249308877e-05
7149,9.716647685408067e-05
7150,9.20685181908306e-05
7151,8.581782233433325e-05
7152,8.83699746191637e-05
7153,8.522912423442355e-05
7154,8.518342931663495e-05
7155,8.374657557304335e-05
7156,9.244022581616709e-05
7157,0.00010061902323017547
7158,0.00010455969936236846
7159,9.63442537898838e-05
7160,0.00010205124380334258
7161,0.00010889972843536926
7162,0.00010737512990970981
7163,9.349285578682994e-05
7164,9.165783484272874e-05
7165,8.558071819099774e-05
7166,7.758153847401515e-05
7167,7.708203439431555e-05
7168,7.852040325051044e-05
7169,7.714200211199007e-05
7170,7.845362850519804e-05
7171,7.75209339698842e-05
7172,7.743639507825225e-05
7173,7.960755143874353e-05
7174,7.833160704525032e-05
7175,8.009719630744499e-05
7176,7.801718824284053e-05
7177,7.205546168864872e-05
7178,7.260338349719205e-05
7179,7.2237846113037e-05
7180,7.22223656146992e-05
7181,7.511959028446367e-05
7182,7.739175415183986e-05
7183,7.599271234886907e-05
7184,7.736553611635712e-05
7185,7.616345895181193e-05
7186,8.283847416984061e-05
7187,9.363180698325772e-05
7188,9.174149540821384e-05
7189,8.138912623681041e-05
7190,7.711112894792916e-05
7191,7.724990447912756e-05
7192,8.012003278726246e-05
7193,8.391563139815357e-05
7194,7.977175451189253e-05
7195,7.671151250927728e-05
7196,7.883596387691113e-05
7197,8.507680052241036e-05
7198,8.708471996851415e-05
7199,8.793232665835428e-05
7200,8.255910058068913e-05
7201,8.152632078094454e-05
7202,8.39709439872499e-05
7203,8.66215346749858e-05
7204,8.790206832259616e-05
7205,0.00010039564293288411
7206,0.0001389191594815664
7207,0.00018816708219929367
7208,0.00020021088794794603
7209,0.00020351798351412654
7210,0.0002101189119216705
7211,0.00020948454086212588
7212,0.0001995724326718187
7213,0.00020350300805332318
7214,0.00020245327655894483
7215,0.00019271301287926402
7216,0.00015037839526319915
7217,0.00014888732683819475
7218,0.00013535875465464146
7219,0.00013039313778356429
7220,0.00011453335625741446
7221,0.00011283803308696583
7222,0.00011222125050851139
7223,0.00010887304927865945
7224,9.951228836886818e-05
7225,9.279399362995467e-05
7226,9.250480474611242e-05
7227,9.506870464315667e-05
7228,9.937070219399993e-05
7229,0.00011226270750264155
7230,0.00014206040511307262
7231,0.00019247259305472424
7232,0.00020639030763762851
7233,0.0001987371005898804
7234,0.00020799670028571107
7235,0.00021134303507250101
7236,0.00019861512304624002
7237,0.0001961011779487965
7238,0.00018907687438032904
7239,0.00017838395620364776
7240,0.00014822249981950896
7241,0.0001392701605679915
7242,0.00012466179617768477
7243,0.00011836009153021055
7244,0.00011209193894154503
7245,0.0001106521867216689
7246,0.00011065082531614132
7247,0.00010580712011424351
7248,0.00010184690122528365
7249,9.385764659376019e-05
7250,9.421150224016245e-05
7251,9.807016466839562e-05
7252,9.987501510935337e-05
7253,0.00011447266392066883
7254,0.0001449864827967603
7255,0.00018122378225971718
7256,0.00018800979594455093
7257,0.00017776434102336982
7258,0.0001929462523875535
7259,0.00020104925025509084
7260,0.000193838302380423
7261,0.0001979342665753747
7262,0.00019522353250473495
7263,0.00018153286523078503
7264,0.00015227138573299082
7265,0.0001506844919253678
7266,0.00013478856727827608
7267,0.00012531909154966153
7268,0.00011184660049058304
7269,0.00011164781332540279
7270,0.0001114776815507627
7271,0.00010781868461385662
7272,0.00010199841248561102
7273,9.189783746234875e-05
7274,9.451986059215917e-05
7275,9.452418634843227e-05
7276,9.916936788299388e-05
7277,0.0001114021674602894
7278,0.00013787414899022726
7279,0.0001966122100591732
7280,0.0002123690737190687
7281,0.00020635706299297117
7282,0.0002033432624853693
7283,0.00021083786578915441
7284,0.00020381378180222366
7285,0.00020737025611964157
7286,0.00019954805912124427
7287,0.00018018048450436436
7288,0.00014385809719593375
7289,0.00014618656176932146
7290,0.00013273106632118403
7291,0.00011480671331246018
7292,0.00011324794789968922
7293,0.00011385399294099872
7294,0.00011221652950547221
7295,0.00010581904339168666
7296,9.726724282127522e-05
7297,9.750524724891123e-05
7298,9.80739195126733e-05
7299,0.00010038951660801001
7300,0.00010563272845779133
7301,0.00011067735076577543
7302,0.00014613346695374586
7303,0.0001938240076223834
7304,0.00019924073280247007
7305,0.00019281041924894694
7306,0.0002002302769976372
7307,0.0001994843365592921
7308,0.00018065298005504903
7309,0.00017071146989697686
7310,0.0001558246761181265
7311,0.00013043766891920834
7312,0.00011393280075452263
7313,0.00010408103357050232
7314,9.39025729761703e-05
7315,9.440754463613387e-05
7316,9.195653160711037e-05
7317,8.744121059335689e-05
7318,8.410139737820714e-05
7319,7.747007888598301e-05
7320,7.607000504978971e-05
7321,7.550759085982378e-05
7322,7.714957767500644e-05
7323,7.617079297513793e-05
7324,7.660655253473165e-05
7325,7.323022291002764e-05
7326,7.100057002815779e-05
7327,7.008987756282192e-05
7328,6.819919269916564e-05
7329,6.707596726445171e-05
7330,6.714845112971848e-05
7331,7.056167045258916e-05
7332,7.079106728398626e-05
7333,6.915246202446887e-05
7334,6.793613401819145e-05
7335,6.4153424843505e-05
7336,6.586703915596128e-05
7337,6.58012305694104e-05
7338,6.652079926519706e-05
7339,7.062642504776386e-05
7340,6.920066017177592e-05
7341,6.810349906546903e-05
7342,6.784276794878392e-05
7343,6.958099735150497e-05
7344,7.117880436150233e-05
7345,7.101108798376601e-05
7346,6.741363975159872e-05
7347,6.514795353955536e-05
7348,6.629030452611642e-05
7349,6.586238402738311e-05
7350,7.041369445500276e-05
7351,7.147047451670936e-05
7352,7.429695001534704e-05
7353,7.289782037976158e-05
7354,8.250466631773964e-05
7355,8.224962236285521e-05
7356,7.83234166539312e-05
7357,7.815741301218118e-05
7358,7.563523360711117e-05
7359,7.383224960921541e-05
7360,7.749449635286475e-05
7361,7.44823427067882e-05
7362,7.158634769362929e-05
7363,7.425039872956528e-05
7364,7.817265197082861e-05
7365,7.762521324166604e-05
7366,7.659825235264417e-05
7367,7.94997588623744e-05
7368,7.71694937203857e-05
7369,7.958401229800862e-05
7370,7.709551670066934e-05
7371,7.892836378755715e-05
7372,7.957707352144868e-05
7373,9.695987258619368e-05
7374,0.00013578421584016365
7375,0.0001839559474883395
7376,0.0002021800073365138
7377,0.00020291007202975504
7378,0.0002086287437809666
7379,0.00020541101790022556
7380,0.00019424779998822664
7381,0.00019271896353890874
7382,0.00019745702806349714
7383,0.00018995346583301442
7384,0.00015461194924905105
7385,0.00014104607016241134
7386,0.00013288912111130525
7387,0.00013371470377301374
7388,0.00012740647755389933
7389,0.00012198468004031474
7390,0.00011624749756555882
7391,0.00010996028529950722
7392,0.00010372344503797603
7393,0.00010167806498171016
7394,9.685901878638446e-05
7395,9.637429254410521e-05
7396,9.825735792843779e-05
7397,0.00010916359956802928
7398,0.0001506924846933039
7399,0.00019115782664554137
7400,0.00020777215620627516
7401,0.00019898935585924867
7402,0.00019710547802323028
7403,0.00020053773506533343
7404,0.00019499027103829177
7405,0.00020306610666973856
7406,0.00020031327881851217
7407,0.0001886381285118361
7408,0.00015357043010414553
7409,0.00014950463641233728
7410,0.0001385633934757948
7411,0.00013356404888067953
7412,0.00012589356076599266
7413,0.00011622009378977789
7414,0.00011322309126973405
7415,0.0001097797234018736
7416,0.00010372030502200114
7417,9.663342071557237e-05
7418,9.38997403743468e-05
7419,9.386291655064113e-05
7420,9.562018367259464e-05
7421,0.00011477261229980968
7422,0.00015370191552832528
7423,0.0001916131070037483
7424,0.000206760082945442
7425,0.00019279974758626303
7426,0.0002000494076858522
7427,0.0002029863107392995
7428,0.00019239505881411324
7429,0.0001960723908093343
7430,0.00019968452904630727
7431,0.0001876417553308774
7432,0.00015322026342755996
7433,0.0001541358306030107
7434,0.00013979748562839176
7435,0.00012588049566455864
7436,0.00011591450216514367
7437,0.00011595033787193414
7438,0.00011549661654263783
7439,0.00011086467577473962
7440,0.00010431117697912422
7441,9.299139743145366e-05
7442,8.965327499413656e-05
7443,9.339847964235356e-05
7444,9.370967059617379e-05
7445,0.00011542624066012346
7446,0.00014819250498159488
7447,0.00019936018515843832
7448,0.00021322102812333565
7449,0.00020727462836040594
7450,0.0002123921297804229
7451,0.0002076455235340566
7452,0.0002013245176695059
7453,0.0002023329019605224
7454,0.00020225227162024386
7455,0.00018182468909306776
7456,0.00014904696261538027
7457,0.00014005290287188857
7458,0.00012289899560100626
7459,0.0001172595927845457
7460,0.00011437912218603192
7461,0.0001146142281373834
7462,0.00011057954914932645
7463,0.00010434246734810488
7464,0.00010160724993612235
7465,9.557905605076954e-05
7466,9.378230816851625e-05
7467,9.416964999926623e-05
7468,9.260045446350172e-05
7469,0.00010455702046762065
7470,0.00012763053855395447
7471,0.00016524323088837887
7472,0.00018152730981790634
7473,0.00017888846674238426
7474,0.00018099016946281532
7475,0.00018293212661529249
7476,0.00017236390879330675
7477,0.0001632582577128609
7478,0.0001512067666104238
7479,0.00013440798855885667
7480,0.00011890875991597866
7481,0.00010937993129799236
7482,9.499953645909416e-05
7483,8.959974101548756e-05
7484,8.833394128899019e-05
7485,9.058083132149147e-05
7486,8.769397090025956e-05
7487,7.821876409353695e-05
7488,7.336155462713169e-05
7489,7.195506901006657e-05
7490,7.19745678505261e-05
7491,7.393729741637571e-05
7492,7.694637692093838e-05
7493,7.466257523211675e-05
7494,7.448227683232717e-05
7495,7.450392757184643e-05
7496,6.591897018939233e-05
7497,6.602035098488965e-05
7498,6.324330329016457e-05
7499,6.456777520326987e-05
7500,6.09779244922726e-05
7501,6.791391236667677e-05
7502,7.097178288869559e-05
7503,8.426333876152806e-05
7504,8.637180459328968e-05
7505,8.689928336076563e-05
7506,7.427997636255963e-05
7507,7.212091894474087e-05
7508,7.105135923759796e-05
7509,6.990797621781438e-05
7510,7.072163560207972e-05
7511,7.074925895939738e-05
7512,7.121819728918745e-05
7513,7.443405672686646e-05
7514,6.956492398301807e-05
7515,6.909192339479894e-05
7516,7.019395921122072e-05
7517,7.345481090577087e-05
7518,6.864184711901196e-05
7519,6.99257623222876e-05
7520,7.151182172007115e-05
7521,7.23014808423745e-05
7522,6.902800320946373e-05
7523,7.11886855306541e-05
7524,7.715379364051119e-05
7525,7.927973816259465e-05
7526,8.234046324459064e-05
7527,7.393475027054993e-05
7528,6.830700723368847e-05
7529,6.989372537608213e-05
7530,6.805525700185464e-05
7531,6.857300830725451e-05
7532,6.866323436068715e-05
7533,7.375543998767553e-05
7534,7.64752208176276e-05
7535,7.900337284049604e-05
7536,7.672822266422064e-05
7537,7.678647764590883e-05
7538,7.638172299929803e-05
7539,7.897111631275388e-05
7540,8.355253136905596e-05
7541,0.00010754234124991168
7542,0.00013976742491601666
7543,0.0001889364959039127
7544,0.00020889109980102332
7545,0.0002068891090564106
7546,0.00021636363516036944
7547,0.00021511118599130383
7548,0.0002062134566679652
7549,0.00020615107355338694
7550,0.000206887484153039
7551,0.0001941599673735441
7552,0.0001589805239218237
7553,0.00014984331897455313
7554,0.00013130470857504697
7555,0.00012542659867003294
7556,0.00012039117682843684
7557,0.00011804929582315637
7558,0.00011731255585119926
7559,0.00011755381008557852
7560,0.00010979566502143849
7561,0.00010105743972636336
7562,9.878360703930819e-05
7563,9.412439424455105e-05
7564,9.563028442328312e-05
7565,0.00011162014605177777
7566,0.0001543871416717711
7567,0.00019601119343505425
7568,0.0002091535875700021
7569,0.00020243762039537768
7570,0.0002029765832772234
7571,0.00020070804250520285
7572,0.00020142668895853537
7573,0.0002014150730952436
7574,0.00019873163300961644
7575,0.00018641945470680157
7576,0.00016218522861743802
7577,0.0001565774235841095
7578,0.00014643673101409098
7579,0.000127087293832143
7580,0.00012146769727029334
7581,0.00011778149418098932
7582,0.00011566202731423873
7583,0.0001122628172934099
7584,0.00010899983565795369
7585,0.00010505050801321447
7586,0.00010143380248027802
7587,0.00010172092729767523
7588,9.633132043737178e-05
7589,0.00011806763088147135
7590,0.00014947554185872368
7591,0.00019619072329946536
7592,0.00020710590190760078
7593,0.0001991268358593805
7594,0.000200426692682221
7595,0.00019639739344181335
7596,0.00019478399614270987
7597,0.0001962921699694237
7598,0.00019521652785371398
7599,0.0001861352942401499
7600,0.00016276334288727848
7601,0.00015598253328486468
7602,0.00013703495227324297
7603,0.00013241256330219148
7604,0.0001265198951412938
7605,0.00012050568859982919
7606,0.0001204300866767412
7607,0.00011390528718797333
7608,0.00010932679256610944
7609,0.0001056563115148336
7610,0.00010071232342512199
7611,0.00010165279114683524
7612,0.00010172753670193009
7613,0.00011981499487611938
7614,0.0001565757767225842
7615,0.00019530198898780012
7616,0.00020862744824990003
7617,0.00020219406055486299
7618,0.0002037683503822791
7619,0.00020972908881955574
7620,0.00020474133812957857
7621,0.00020104136727792308
7622,0.0001915772712969578
7623,0.00018131523796975537
7624,0.00015989927502955666
7625,0.00016138340467800115
7626,0.00014434060566469227
7627,0.00013587228999453657
7628,0.00012009504916803466
7629,0.00011447391553542806
7630,0.000115718876974092
7631,0.00011350782264838117
7632,0.00010551263931536664
7633,9.834281906252389e-05
7634,0.00010068843295392835
7635,9.562995505097807e-05
7636,9.92608016348784e-05
7637,0.00011779047506584061
7638,0.00014734726977235117
7639,0.00018416683359619225
7640,0.000181722671511114
7641,0.00018271105192413655
7642,0.00017991211195020186
7643,0.00017319818688386882
7644,0.00017268515658150813
7645,0.00016620471256315492
7646,0.0001581129133539896
7647,0.00014609930006663437
7648,0.00012562376093184157
7649,0.0001098842661714995
7650,9.193503457466683e-05
7651,8.656907664586665e-05
7652,8.312685060199706e-05
7653,7.71449664627356e-05
7654,7.706295275877578e-05
7655,7.483545177596566e-05
7656,7.553222790824223e-05
7657,7.156748563962622e-05
7658,7.143255278532017e-05
7659,6.612329080929757e-05
7660,6.64603484681418e-05
7661,6.596448944195156e-05
7662,7.573312305617486e-05
7663,7.751761828867994e-05
7664,7.840802142002413e-05
7665,7.581164541370104e-05
7666,7.268801022143866e-05
7667,7.252988955685642e-05
7668,7.227095900877231e-05
7669,7.007870086260356e-05
7670,6.939534116221975e-05
7671,5.9654484612389824e-05
7672,5.692034314993716e-05
7673,5.952563416665054e-05
7674,6.077000273516536e-05
7675,6.374318065847654e-05
7676,6.25920683686009e-05
7677,6.069780432589632e-05
7678,5.958529447017365e-05
7679,6.0098105190997636e-05
7680,5.919672298281812e-05
7681,5.841268514785445e-05
7682,6.008308581388693e-05
7683,5.269695578923476e-05
7684,5.338560740465318e-05
7685,5.33705660693888e-05
7686,5.4465860732633694e-05
7687,5.415506502557954e-05
7688,5.637308008600395e-05
7689,7.060762886822179e-05
7690,7.187360425994852e-05
7691,6.884087582388259e-05
7692,6.588511071643221e-05
7693,5.319674532493206e-05
7694,5.277308470801084e-05
7695,5.3371312646613596e-05
7696,5.48437605573053e-05
7697,5.4080231637870015e-05
7698,5.545147441829377e-05
7699,5.710173945741026e-05
7700,5.842333485238471e-05
7701,6.208843615601124e-05
7702,6.200495125575549e-05
7703,6.259389089535556e-05
7704,6.337210981959651e-05
7705,6.49787879236768e-05
7706,6.408258783976353e-05
7707,6.506987034510258e-05
7708,6.847672180340879e-05
7709,8.054428627433278e-05
7710,0.00012678995847328895
7711,0.00017646182726393513
7712,0.00018726813734617158
7713,0.0001855747245350923
7714,0.00018694603318997706
7715,0.00018514702361789568
7716,0.00017957345134613967
7717,0.00018210830060587765
7718,0.00018550933315346113
7719,0.00016949301194979337
7720,0.00013289704800478034
7721,0.00012350552372169653
7722,0.00010568009219525889
7723,0.00010468167690600883
7724,9.87222120416451e-05
7725,9.877284754400958e-05
7726,9.553731360064166e-05
7727,9.535712499162044e-05
7728,8.98009874938789e-05
7729,8.291170461233219e-05
7730,8.380237124152043e-05
7731,8.089741730166391e-05
7732,8.339151222818921e-05
7733,9.905940144941135e-05
7734,0.00013806970830681792
7735,0.00018663299775124848
7736,0.00020015320387825326
7737,0.00018700338788736474
7738,0.00019728175808089816
7739,0.0001955340207976377
7740,0.00018756191548413098
7741,0.0001915010106292597
7742,0.00018982902897616294
7743,0.00017097088352444173
7744,0.00014549646091576078
7745,0.00013816979357124867
7746,0.00012790969256156923
7747,0.00012152786261135087
7748,0.00011400908338037441
7749,0.00010210892787303533
7750,0.00010214138202416053
7751,9.834648607418688e-05
7752,8.737122995760858e-05
7753,8.001011026998726e-05
7754,8.176377625473877e-05
7755,8.060743792428953e-05
7756,8.708278765099113e-05
7757,9.951237620148287e-05
7758,0.00013313854377885
7759,0.00018387463644529712
7760,0.00019510869136103753
7761,0.00019056561524104435
7762,0.0001959948565687233
7763,0.00019505557458730826
7764,0.0001868585079894459
7765,0.0001906328071912765
7766,0.00018026539668460867
7767,0.00016883593615935332
7768,0.0001421597877165859
7769,0.00013077466070359156
7770,0.00012114827200884661
7771,0.00010839304403941939
7772,0.0001029744524162707
7773,9.935451903474467e-05
7774,9.873560651538418e-05
7775,9.790712537739116e-05
7776,9.254465879502462e-05
7777,8.871456392471696e-05
7778,8.674267780878668e-05
7779,8.661775787255445e-05
7780,9.181200303965026e-05
7781,0.00010226590671362669
7782,0.00012584270568209146
7783,0.0001811094241954005
7784,0.00019854731626770512
7785,0.00019740123239502005
7786,0.00019381302854554807
7787,0.0001737498635366898
7788,0.00017773305065438914
7789,0.0001764410109342554
7790,0.00017625074353269933
7791,0.0001600789366428898
7792,0.00013882080891127564
7793,0.00013418614533232225
7794,0.00011777591680995699
7795,0.0001044531144844512
7796,0.00010038446623266575
7797,0.00010138944700986334
7798,0.00010171798490508337
7799,9.658783558855213e-05
7800,9.417180189832594e-05
7801,8.857930169810585e-05
7802,8.320467029860578e-05
7803,8.185143320419195e-05
7804,8.632358448782897e-05
7805,0.00010079864092720125
7806,0.0001375401874310506
7807,0.00017550337581436563
7808,0.0001806385096317801
7809,0.00018178738218998134
7810,0.00018531311509226034
7811,0.00018765334923601551
7812,0.00016697403843515926
7813,0.00015392193622810503
7814,0.0001339881925769815
7815,0.00011657419097587052
7816,0.00010480942944406458
7817,0.00010028293173009275
7818,9.370914360048569e-05
7819,8.528970678040084e-05
7820,8.210417155294095e-05
7821,8.161924768727867e-05
7822,8.134944785312759e-05
7823,7.651957628804227e-05
7824,7.575912151012087e-05
7825,7.115548480230412e-05
7826,6.803009295774809e-05
7827,6.881347204810164e-05
7828,6.927112388690499e-05
7829,6.862109666379321e-05
7830,7.08262662043203e-05
7831,7.259334862096456e-05
7832,7.011429502970366e-05
7833,6.940014999787364e-05
7834,7.655848613634663e-05
7835,7.104255401797604e-05
7836,6.69549778377265e-05
7837,6.692059136907829e-05
7838,6.681714650713594e-05
7839,6.546975028159849e-05
7840,6.695240873374705e-05
7841,6.225143153070835e-05
7842,5.870639741135285e-05
7843,6.261732024532214e-05
7844,6.644763469716651e-05
7845,6.175901993464439e-05
7846,6.399912489766145e-05
7847,6.408864829017663e-05
7848,5.8890450655420106e-05
7849,6.334962467023778e-05
7850,6.105082556245911e-05
7851,6.0249045539329576e-05
7852,6.125475093559828e-05
7853,5.871669578542438e-05
7854,5.5574527911464e-05
7855,5.5737611118775795e-05
7856,5.8213524694061806e-05
7857,5.772434094658742e-05
7858,7.520491966962775e-05
7859,7.943493839273869e-05
7860,7.658198136077421e-05
7861,7.245228944178441e-05
7862,6.0322100316591774e-05
7863,6.213366995257274e-05
7864,6.491218884359376e-05
7865,6.266488160617273e-05
7866,5.9969452368641394e-05
7867,6.152136683746712e-05
7868,6.577380483547577e-05
7869,6.911135636079745e-05
7870,7.401625893697531e-05
7871,7.141674291467731e-05
7872,7.369971019365946e-05
7873,6.99254549081362e-05
7874,7.195208270116736e-05
7875,7.582005538655687e-05
7876,7.544602019693131e-05
7877,9.76068037096379e-05
7878,0.0001360726581467811
7879,0.0001805280601188168
7880,0.000193019219332201
7881,0.0001925855238390523
7882,0.00019724583454149299
7883,0.00019566010451601448
7884,0.00018217843494870164
7885,0.00019105833425125973
7886,0.00018939533348301426
7887,0.00017766506821062487
7888,0.00014953829826191436
7889,0.0001418880555649118
7890,0.00012961050527043555
7891,0.00012155963605971228
7892,0.00010656700398016946
7893,0.00010146485130956829
7894,9.986959144539673e-05
7895,9.997872346913979e-05
7896,9.332748893153641e-05
7897,8.760174665484288e-05
7898,8.518501030369925e-05
7899,8.673732001929105e-05
7900,9.159294849863201e-05
7901,0.00010926104985401955
7902,0.0001350972989188852
7903,0.0001829244851778151
7904,0.0001989226909047046
7905,0.0001854005744183305
7906,0.00018538331530954536
7907,0.00019407512106776078
7908,0.00018244614875825404
7909,0.00018390612443766082
7910,0.00017242989304508698
7911,0.00015868136603621496
7912,0.00014407897426370667
7913,0.0001358981347414069
7914,0.00012075989814487412
7915,0.00011035915516093428
7916,0.00010777244074222626
7917,0.00010204094542927105
7918,9.932202096731214e-05
7919,9.571679954874542e-05
7920,9.036333580938384e-05
7921,8.302331790744e-05
7922,8.07748688460281e-05
7923,8.130081054274714e-05
7924,8.240960947049946e-05
7925,9.474001304086094e-05
7926,0.00013339562984202575
7927,0.0001726967724447999
7928,0.0001866877174701957
7929,0.00018235532983467228
7930,0.00019116364555626407
7931,0.00019340974509523322
7932,0.0001794404727675103
7933,0.00017789898842167815
7934,0.0001781939083836284
7935,0.0001742465130564122
7936,0.00015011309685055056
7937,0.00014350832576611423
7938,0.00012775945487415475
7939,0.00010768640869614472
7940,0.00010559377469317962
7941,0.00010162883480118059
7942,9.956560276598048e-05
7943,9.60122465063838e-05
7944,9.311748114983045e-05
7945,8.855767291674027e-05
7946,8.205147198413143e-05
7947,8.213541800561425e-05
7948,8.601285465523583e-05
7949,0.00011005714271534838
7950,0.0001433956584796302
7951,0.00018175934162774395
7952,0.00019330843017419694
7953,0.00018958742341132495
7954,0.00019501034079074677
7955,0.00019139642394332647
7956,0.0001850009799378323
7957,0.00018193652196971227
7958,0.00017918307929018314
7959,0.00016614577687870295
7960,0.00014159258664911975
7961,0.0001295959689727056
7962,0.00011909599709232815
7963,0.00010368194412753853
7964,9.903298579054558e-05
7965,9.943954100575737e-05
7966,9.854773255257825e-05
7967,9.164338637761346e-05
7968,8.907566576183052e-05
7969,8.25789507516074e-05
7970,7.931873584351369e-05
7971,7.958647161121972e-05
7972,8.73641813902803e-05
7973,9.620754232513042e-05
7974,0.000130129617981363
7975,0.0001723790599193395
7976,0.0001815071522328367
7977,0.00017409689019730053
7978,0.00018000813495620352
7979,0.00017419629475896748
7980,0.0001663634041397326
7981,0.00015623175832902637
7982,0.00014959604820606812
7983,0.0001192081373831241
7984,9.888358251297058e-05
7985,9.212582897191095e-05
7986,8.047044100353844e-05
7987,7.617448194495459e-05
7988,7.429767463441816e-05
7989,7.334925806107614e-05
7990,7.127078706722861e-05
7991,7.038220646263906e-05
7992,6.646124875244231e-05
7993,6.140230972826493e-05
7994,6.041796961551777e-05
7995,6.108523398926098e-05
7996,6.231416597574535e-05
7997,6.77592610903745e-05
7998,6.388577690841365e-05
7999,6.699164795435648e-05
8000,6.932465786555399e-05
8001,6.427219649670946e-05
8002,6.547884095721815e-05
8003,6.708112743056431e-05
8004,6.224365834430895e-05
8005,6.321662413345474e-05
8006,6.182456502335124e-05
8007,6.211941911084051e-05
8008,6.115400692655741e-05
8009,5.810904779889693e-05
8010,5.758231560864576e-05
8011,6.358374250467407e-05
8012,6.113488137471029e-05
8013,5.820333611075863e-05
8014,5.9191211486246785e-05
8015,5.816356989446111e-05
8016,5.9622272000955e-05
8017,6.05353359468873e-05
8018,5.8485169013121213e-05
8019,5.5462058248363014e-05
8020,5.524476035963842e-05
8021,5.459244948854489e-05
8022,5.633010797927051e-05
8023,5.853312562073788e-05
8024,6.089602057908114e-05
8025,6.042185620871746e-05
8026,6.064618070661666e-05
8027,6.117102449565216e-05
8028,5.8720845876468127e-05
8029,5.9033398235815935e-05
8030,7.18703983695126e-05
8031,8.008002503127457e-05
8032,7.556180554123657e-05
8033,7.539116872906206e-05
8034,7.279547342550275e-05
8035,7.573044416142703e-05
8036,6.76465718457368e-05
8037,7.738676965095662e-05
8038,6.783989143065306e-05
8039,6.566054467884264e-05
8040,6.71552361992027e-05
8041,6.653059260173417e-05
8042,6.699937722444852e-05
8043,6.811474164014839e-05
8044,6.996227873184187e-05
8045,8.787554287296202e-05
8046,0.00012184777095217833
8047,0.0001745326277987406
8048,0.00019160197421983727
8049,0.00018764228232656552
8050,0.00019244826342045717
8051,0.00019249327763548198
8052,0.0001863098176455241
8053,0.00018659580063893044
8054,0.00019375907736197932
8055,0.00018830265184005616
8056,0.00016098861903315683
8057,0.00014318657294037842
8058,0.00012181320881830077
8059,0.00011052065738118179
8060,0.00010726213325092072
8061,0.00010737699635277181
8062,0.0001069056206679243
8063,0.00010703427349028056
8064,9.656666792841364e-05
8065,8.786803318440667e-05
8066,8.412577092878153e-05
8067,8.403824572825038e-05
8068,8.634611355349502e-05
8069,0.000102300820177963
8070,0.0001423213118949871
8071,0.0001837273411504745
8072,0.00019104575222920645
8073,0.0001872682032206326
8074,0.0001910922156823735
8075,0.00019362950229716893
8076,0.00018941582044038895
8077,0.00018891708489606786
8078,0.00018967846191644342
8079,0.00018049215853756532
8080,0.00015680903818902735
8081,0.00014316320946487285
8082,0.00012389620319180444
8083,0.00012244268320957683
8084,0.00011226485940170126
8085,0.0001213263965514228
8086,0.00012179287556800176
8087,0.00010944139217011646
8088,9.938892746154656e-05
8089,9.325610297395317e-05
8090,8.8689026591998e-05
8091,8.755341675861382e-05
8092,9.045490131019038e-05
8093,0.00010488645864714117
8094,0.00014490815806261716
8095,0.00018144913879083888
8096,0.0001985326043047458
8097,0.00019289377240028067
8098,0.0001843942761519127
8099,0.00018442464427843915
8100,0.00018034466561935966
8101,0.00018976765593665352
8102,0.000191504523933847
8103,0.000178165736072469
8104,0.00016217317359107285
8105,0.00014329168662199974
8106,0.00012342206077959445
8107,0.00011742570621706404
8108,0.00011068290617865411
8109,0.00011000898848434869
8110,0.00010920971169073761
8111,0.00010845200168202504
8112,9.88579353894833e-05
8113,9.05121681749634e-05
8114,9.192763467687981e-05
8115,8.788992546361629e-05
8116,9.225248360228318e-05
8117,0.00011122441620632562
8118,0.00014556248908384836
8119,0.00018965986336028437
8120,0.00020315710125854967
8121,0.00019438044919455096
8122,0.00019607774859882994
8123,0.0001958648203826858
8124,0.00018507535220431474
8125,0.00018615180677171024
8126,0.00018258077419840867
8127,0.00017347543053211425
8128,0.0001594764268643213
8129,0.00014824711490977373
8130,0.00012204759015058109
8131,0.00011579228308181292
8132,0.00011523617088195046
8133,0.00011962593517301523
8134,0.00010965445213518264
8135,0.0001064441261522286
8136,9.495970436833564e-05
8137,8.423529819929065e-05
8138,8.215162312302318e-05
8139,8.604596755097113e-05
8140,8.897382384510612e-05
8141,9.355657834878212e-05
8142,0.00013220174306879972
8143,0.0001730061847881728
8144,0.00018146914266883285
8145,0.00017107810518881544
8146,0.00017765217877442022
8147,0.000177187851656901
8148,0.00016372688862849959
8149,0.00015638463099488134
8150,0.00014191047483980954
8151,0.00012212156717029748
8152,0.0001032320654751346
8153,9.171428925581592e-05
8154,7.793969791853686e-05
8155,7.512857116931496e-05
8156,7.44771825406756e-05
8157,7.257490377188123e-05
8158,7.306386793781891e-05
8159,7.068184742762854e-05
8160,6.913232639755291e-05
8161,6.768701876479811e-05
8162,6.425794565497722e-05
8163,6.28973745372374e-05
8164,6.20433780246791e-05
8165,6.13378186309343e-05
8166,6.201983888394419e-05
8167,6.541571126541506e-05
8168,6.630442361892663e-05
8169,6.516306074928075e-05
8170,6.41642721714183e-05
8171,6.707535243614893e-05
8172,6.689887475509804e-05
8173,6.562042713208639e-05
8174,6.382031965232148e-05
8175,6.387277768144062e-05
8176,6.159016173291722e-05
8177,5.962589509631065e-05
8178,6.020675413535993e-05
8179,6.480206870293553e-05
8180,6.125439960513955e-05
8181,6.153579334442872e-05
8182,6.14845869300688e-05
8183,5.983052313036729e-05
8184,6.088697381976883e-05
8185,6.017445369131043e-05
8186,6.003550249488266e-05
8187,5.932263103596553e-05
8188,5.8587252469535986e-05
8189,5.669430591605165e-05
8190,5.7971677589533444e-05
8191,6.170186286063973e-05
8192,6.381990244740174e-05
8193,6.594323394919838e-05
8194,6.371586471531028e-05
8195,6.292679846315605e-05
8196,6.273714588990277e-05
8197,6.22483354310408e-05
8198,6.208885336093098e-05
8199,5.8351180359423005e-05
8200,6.79550839048092e-05
8201,7.396167096695012e-05
8202,7.592984615491005e-05
8203,7.700186517526408e-05
8204,7.632810118803434e-05
8205,7.43386924654749e-05
8206,6.852946528852565e-05
8207,7.039412974008222e-05
8208,7.070360795791614e-05
8209,7.13790627229785e-05
8210,7.013263008801864e-05
8211,7.027942034530682e-05
8212,7.473606917245238e-05
8213,9.762129609106052e-05
8214,0.00013223101328764268
8215,0.00018563897409273257
8216,0.0002013412717407566
8217,0.00019771169872976916
8218,0.00020745565137926666
8219,0.00019951457293689658
8220,0.00019011615379356016
8221,0.0001990582825036208
8222,0.00019610974162872805
8223,0.00018678951547061276
8224,0.0001546501344782843
8225,0.00013777977284575087
8226,0.00011785303384564826
8227,0.0001180669940950149
8228,0.00011287307830022415
8229,0.00011335883657572591
8230,0.00010966969109383005
8231,0.00010671524347559991
8232,9.404167787967377e-05
8233,8.5102491562205e-05
8234,8.02172854498697e-05
8235,8.179271710127667e-05
8236,8.472022206495294e-05
8237,9.98197464365644e-05
8238,0.0001382500067066075
8239,0.0001874861598539673
8240,0.00020342819662376733
8241,0.00018869513187876508
8242,0.00019673207962006117
8243,0.0002006917056388719
8244,0.00018568668916065884
8245,0.00018560603686222662
8246,0.00019196514012339587
8247,0.00017456354487910882
8248,0.0001520237416758934
8249,0.00013881424342332811
8250,0.00012206768186118973
8251,0.00012403425410393172
8252,0.00010979122947439701
8253,0.00010967131599720167
8254,0.00011050515492469032
8255,0.00011028153308770859
8256,9.69831921453919e-05
8257,8.462933726691018e-05
8258,8.252054206284351e-05
8259,8.243786961427356e-05
8260,8.514245540188556e-05
8261,9.848264858509848e-05
8262,0.0001383657700927591
8263,0.0001816185020301005
8264,0.0001932952333238409
8265,0.00017768039500188696
8266,0.00018129018371641718
8267,0.00018246683333901175
8268,0.0001786867591427658
8269,0.0001883985430971358
8270,0.00018751215830791333
8271,0.00017267143273546397
8272,0.0001495855961249209
8273,0.00013792221538861229
8274,0.00012073111100541191
8275,0.00011391861578725138
8276,0.00011669162318170109
8277,0.00012084972895154067
8278,0.00011421647814179355
8279,0.00011105847843903663
8280,9.522190668131667e-05
8281,8.62265074904511e-05
8282,8.578997939547888e-05
8283,8.317955017080657e-05
8284,8.541089383050906e-05
8285,0.00010403601935547751
8286,0.00013983771296591636
8287,0.0001864249662033729
8288,0.00019872271799922615
8289,0.00018880948994308175
8290,0.0001975771611222292
8291,0.00019645975459823796
8292,0.00018816512792361697
8293,0.0001842072365989462
8294,0.00018624976209523494
8295,0.00017663964439235992
8296,0.00015724870629997445
8297,0.0001472281248305343
8298,0.00012203821401896375
8299,0.00011769732857796979
8300,0.00011600255436136292
8301,0.00011441550684666418
8302,0.00010460477945185427
8303,0.00010033929831056527
8304,9.27962992360901e-05
8305,8.871928492775614e-05
8306,8.578260145584555e-05
8307,8.634637705133907e-05
8308,8.59810153324134e-05
8309,9.530717019201974e-05
8310,0.00012797499611058572
8311,0.00017312065264325782
8312,0.00018807167402159477
8313,0.0001780905074379934
8314,0.00018168868028923185
8315,0.000185495609307417
8316,0.00017574818726963953
8317,0.00016167709498334589
8318,0.0001432407876217912
8319,0.00012287124049476658
8320,0.00010478094971875378
8321,9.761011939084217e-05
8322,8.145372712490943e-05
8323,7.918336382613422e-05
8324,7.753011247811852e-05
8325,7.745336873103966e-05
8326,7.59826774726416e-05
8327,7.465142049005207e-05
8328,6.691641931988088e-05
8329,6.631274575916781e-05
8330,6.815955823179015e-05
8331,6.588739436441396e-05
8332,6.339343118681068e-05
8333,6.598787487561079e-05
8334,6.505061304433345e-05
8335,6.501567762184346e-05
8336,6.521360841903056e-05
8337,6.532425555537688e-05
8338,6.509404627229395e-05
8339,6.544186342643679e-05
8340,6.272691339029227e-05
8341,6.342964018221357e-05
8342,6.583291618515711e-05
8343,6.692478537642939e-05
8344,6.449922184751015e-05
8345,6.0596599195628364e-05
8346,6.111353804934243e-05
8347,6.322828391305386e-05
8348,6.197917238334617e-05
8349,6.267599243193007e-05
8350,6.386364308951364e-05
8351,6.161747767608349e-05
8352,6.188393987087662e-05
8353,6.344303465595265e-05
8354,6.540405148581596e-05
8355,6.352124959932746e-05
8356,5.977600103480311e-05
8357,5.508020595603069e-05
8358,5.672671615086951e-05
8359,5.6702144976912074e-05
8360,5.8326213938699496e-05
8361,5.8815507476942235e-05
8362,5.800476852711509e-05
8363,5.7062917441720586e-05
8364,5.599711257885535e-05
8365,5.7218534876784364e-05
8366,5.754127581943534e-05
8367,6.670487446741798e-05
8368,7.456980203285832e-05
8369,7.109692240646454e-05
8370,7.268039074211495e-05
8371,7.089655425422e-05
8372,6.047194275724018e-05
8373,6.614678603372516e-05
8374,6.768256125960297e-05
8375,7.062192362626137e-05
8376,6.930715721707849e-05
8377,6.97529516528997e-05
8378,6.8179035114096e-05
8379,6.990195968370863e-05
8380,7.24460972424493e-05
8381,8.531842804540202e-05
8382,0.0001312509330567076
8383,0.00018298129092136106
8384,0.00019103839624772678
8385,0.00019027684356212184
8386,0.0001931697424756132
8387,0.00018813287139587482
8388,0.00018031517581898002
8389,0.0001820787888473443
8390,0.00018121794139084078
8391,0.00017150723338600063
8392,0.0001452981348718076
8393,0.0001371932266449009
8394,0.00011444818057932607
8395,0.00010891422081679189
8396,0.00010587872565336344
8397,0.00010404493436586778
8398,0.00010258120384218333
8399,9.727437922121817e-05
8400,8.869128828182609e-05
8401,8.015114749101375e-05
8402,8.02006850856947e-05
8403,8.235592178477476e-05
8404,8.277795749832434e-05
8405,9.585243506396893e-05
8406,0.00013509839682656876
8407,0.0001744544787298268
8408,0.00018752388396197346
8409,0.00018410625105021497
8410,0.00018100578171007512
8411,0.00018286098219739963
8412,0.00017720082892572033
8413,0.00017996424060701596
8414,0.00017740512758747192
8415,0.00016709698213756113
8416,0.00014322087157641193
8417,0.00012809743477545317
8418,0.00011363471881844378
8419,0.00011418758121156299
8420,0.00010602586724111036
8421,9.91299529971551e-05
8422,9.635145606428776e-05
8423,9.268262187453722e-05
8424,8.512800693677028e-05
8425,8.247063117955016e-05
8426,8.117488053144605e-05
8427,7.88717995837016e-05
8428,8.163180775117827e-05
8429,8.968043723022713e-05
8430,0.00013146750632636107
8431,0.0001766848123144604
8432,0.0001897983314773314
8433,0.00018808419016918702
8434,0.0001792920356486968
8435,0.0001797230522470977
8436,0.00016502659174426438
8437,0.00016097695925355773
8438,0.00015374763240426755
8439,0.00014654489687907253
8440,0.00013202592413235896
8441,0.000118787001953875
8442,0.00010295541469703827
8443,0.00010170718149347741
8444,9.954685050274576e-05
8445,9.915149394590599e-05
8446,9.409839579060502e-05
8447,9.366349259900443e-05
8448,8.598784431820497e-05
8449,7.755466169392228e-05
8450,8.002633734554986e-05
8451,8.098687481971808e-05
8452,7.922427186642262e-05
8453,9.121498279949939e-05
8454,0.00012663278200931454
8455,0.0001588165404302114
8456,0.00017360709162152335
8457,0.00016216533453021243
8458,0.0001689761389705403
8459,0.0001668794866254535
8460,0.0001594897335054457
8461,0.0001602187661654644
8462,0.00015582983628423909
8463,0.00014144309553893006
8464,0.00011941676180114877
8465,0.00010981883087356099
8466,9.780881872340774e-05
8467,9.491857674651054e-05
8468,9.18505615574959e-05
8469,9.063078612109216e-05
8470,8.532909970808595e-05
8471,8.413242424934375e-05
8472,7.927811325922301e-05
8473,7.724751104037746e-05
8474,7.711128265500484e-05
8475,7.609374181390767e-05
8476,7.715085124791933e-05
8477,8.137109859264683e-05
8478,0.00010343179684092267
8479,0.00013684865929750132
8480,0.00015298623342573832
8481,0.00014832585684883663
8482,0.00014080125870713744
8483,0.00013241528611324663
8484,0.00011945026994365017
8485,0.00011219389064903779
8486,0.00010347114585230045
8487,8.769886756852811e-05
8488,7.846403667003792e-05
8489,7.57416867361064e-05
8490,6.472449054601718e-05
8491,6.321835882759473e-05
8492,6.140219993749659e-05
8493,6.148010746672e-05
8494,6.066403268555089e-05
8495,5.6826362252226847e-05
8496,5.312083598769268e-05
8497,5.1747968303897294e-05
8498,5.168103985150921e-05
8499,5.237193119860203e-05
8500,5.331305766492541e-05
8501,5.137786362377876e-05
8502,5.0642682680732265e-05
8503,5.073385293477274e-05
8504,5.227915799934361e-05
8505,5.139962415406636e-05
8506,5.202611223644322e-05
8507,5.2103558644439545e-05
8508,5.046541450614924e-05
8509,5.2529283327805795e-05
8510,5.13044794742115e-05
8511,5.389797896240375e-05
8512,5.373518121108967e-05
8513,5.306734592535101e-05
8514,5.117095194174038e-05
8515,5.6312673205256026e-05
8516,5.270775920084071e-05
8517,5.2597090106340715e-05
8518,5.324443843470468e-05
8519,5.2188295159454524e-05
8520,5.174658494021605e-05
8521,5.247212625380114e-05
8522,5.207821893510363e-05
8523,5.243345794518715e-05
8524,5.2081007620619805e-05
8525,4.98508716593692e-05
8526,4.9897335112536265e-05
8527,5.024010189133487e-05
8528,5.0041951512611064e-05
8529,4.833127959274665e-05
8530,4.986775747954192e-05
8531,4.971866161611832e-05
8532,4.874350001160546e-05
8533,5.089118310582283e-05
8534,4.954519220212031e-05
8535,5.224933882665889e-05
8536,5.3179991253681365e-05
8537,5.159369031620742e-05
8538,5.166176059258639e-05
8539,5.104113533723959e-05
8540,5.3110274115777106e-05
8541,5.19212181363586e-05
8542,5.1004794592914695e-05
8543,5.095736498098612e-05
8544,5.081090409600299e-05
8545,5.1834746927203646e-05
8546,5.067546620416252e-05
8547,5.2170728636518014e-05
8548,5.49946569893299e-05
8549,6.0991889878007124e-05
8550,8.903816123536109e-05
8551,0.00010501232278398124
8552,0.00011224189117296177
8553,0.00011004146459362755
8554,0.00011343107890130231
8555,0.00011356067592426639
8556,0.00010815071385551027
8557,0.00010776901527025364
8558,0.00010337222437001424
8559,9.895553938254925e-05
8560,8.684812086271306e-05
8561,8.011263288947545e-05
8562,6.953681754631966e-05
8563,6.691527749589e-05
8564,6.834633428691256e-05
8565,6.46340668692015e-05
8566,6.320404211140147e-05
8567,6.145090312233805e-05
8568,5.898076454146742e-05
8569,5.82553988931117e-05
8570,5.734327914778724e-05
8571,5.388322308313709e-05
8572,5.5902033773461507e-05
8573,5.6385684066210886e-05
8574,5.752399475249656e-05
8575,5.421953416475652e-05
8576,5.589544632736032e-05
8577,5.245001439305481e-05
8578,5.138506589818273e-05
8579,5.1681720554272995e-05
8580,5.021665058321462e-05
8581,5.075521821829426e-05
8582,5.005077869038666e-05
8583,5.414263671060196e-05
8584,5.492566447049677e-05
8585,5.2545027323987636e-05
8586,5.290507516972503e-05
8587,5.142832346091388e-05
8588,5.076450651729694e-05
8589,5.0164236470402825e-05
8590,5.013586653586036e-05
8591,4.8485579538590194e-05
8592,4.918031356257539e-05
8593,4.8558326901701006e-05
8594,4.863476323462848e-05
8595,4.848452554721401e-05
8596,5.126677732435903e-05
8597,5.365455087081111e-05
8598,5.323020955112611e-05
8599,5.279029990048862e-05
8600,5.3121780188300515e-05
8601,5.2286360273747576e-05
8602,5.184267382067874e-05
8603,5.064281442965429e-05
8604,5.148141827648947e-05
8605,5.163628913432845e-05
8606,5.129424697460099e-05
8607,5.465733583264162e-05
8608,5.469664092771205e-05
8609,5.3147097939482755e-05
8610,5.216260411965988e-05
8611,5.168839583298887e-05
8612,5.093777830791192e-05
8613,5.0355250449183664e-05
8614,4.894711797059325e-05
8615,4.7310488944906216e-05
8616,4.731764730300284e-05
8617,4.6584025388866966e-05
8618,4.879914197300685e-05
8619,4.832225479158802e-05
8620,4.9255586113358316e-05
8621,5.128142341285733e-05
8622,5.416788858732319e-05
8623,5.572000067953195e-05
8624,5.637018160971943e-05
8625,5.689004089787168e-05
8626,5.9837725404771255e-05
8627,6.069795803297202e-05
8628,5.9166245065523276e-05
8629,5.9291274792523865e-05
8630,5.728750543746383e-05
8631,6.107825129639373e-05
8632,5.956166749682405e-05
8633,5.7690415599166286e-05
8634,5.47662921911553e-05
8635,5.6386254978206326e-05
8636,5.75985866005157e-05
8637,5.3864997815590466e-05
8638,5.2772382047093386e-05
8639,5.363968520077609e-05
8640,5.37091388408363e-05
8641,5.572395314719266e-05
8642,5.869188307177657e-05
8643,5.4409581984775856e-05
8644,5.837353375985972e-05
8645,6.308586332834612e-05
8646,8.31084935855284e-05
8647,0.00010209202009470893
8648,0.00011055552692921077
8649,0.00010765129760842537
8650,0.00011147126976989089
8651,0.00011198842820514166
8652,0.0001091367447460901
8653,0.00010262064068617579
8654,0.00010088247715791575
8655,9.923265128187266e-05
8656,8.194910307171892e-05
8657,7.55057683330691e-05
8658,6.386542169996097e-05
8659,6.274188885109563e-05
8660,6.164437641433001e-05
8661,6.091975734319909e-05
8662,5.966667138767702e-05
8663,5.719583014588893e-05
8664,5.5072696267475333e-05
8665,5.655524492885552e-05
8666,5.484297006377316e-05
8667,5.325359498478533e-05
8668,5.191460873210374e-05
8669,4.996643742213775e-05
8670,5.184379368651594e-05
8671,5.235634090949588e-05
8672,5.2757099172138624e-05
8673,5.131001292893651e-05
8674,5.092851196706291e-05
8675,5.161402356650643e-05
8676,4.864418328255318e-05
8677,4.964980084620721e-05
8678,4.971549964198975e-05
8679,5.167399128418093e-05
8680,5.1167372762692065e-05
8681,5.100426759722659e-05
8682,5.064501024502135e-05
8683,5.214306136289302e-05
8684,5.2210297229432496e-05
8685,5.146848492397747e-05
8686,5.084557602064892e-05
8687,5.037452970810648e-05
8688,4.8791522493683133e-05
8689,4.829300653089873e-05
8690,4.8314262023651906e-05
8691,4.725585705857368e-05
8692,4.7546297557175157e-05
8693,4.757205447143081e-05
8694,4.859868598814763e-05
8695,4.959031620791346e-05
8696,5.104403381352411e-05
8697,4.902004099893342e-05
8698,5.090047140482551e-05
8699,5.143756784360922e-05
8700,5.060498053087979e-05
8701,5.549163588135735e-05
8702,5.939564189692038e-05
8703,5.669514032589113e-05
8704,5.364723880563879e-05
8705,5.473008319575243e-05
8706,5.454758898059579e-05
8707,5.352396573093185e-05
8708,5.3196855115700414e-05
8709,5.319738211138851e-05
8710,5.4123181786449775e-05
8711,5.274622988607166e-05
8712,5.367677252232579e-05
8713,5.3153619511122934e-05
8714,5.44889607102952e-05
8715,5.43561577968952e-05
8716,5.957005551152623e-05
8717,6.735863457665377e-05
8718,8.983664753544002e-05
8719,9.704553134366282e-05
8720,0.00010260094422233323
8721,0.00010208541069045408
8722,0.00010181170230494962
8723,9.996930342121509e-05
8724,0.00010014885524377985
8725,9.972712694438166e-05
8726,0.00010529909627091971
8727,0.00010200682245846688
8728,9.1817953699295e-05
8729,8.068613594704508e-05
8730,7.736654619142597e-05
8731,7.417132741819734e-05
8732,7.229397115381914e-05
8733,7.162202969334407e-05
8734,7.168274398824338e-05
8735,6.840445751967874e-05
8736,6.343310957049353e-05
8737,6.061581258009018e-05
8738,6.0680435426342845e-05
8739,6.1397105645845e-05
8740,6.331332784222022e-05
8741,6.292170417150446e-05
8742,6.333350738544354e-05
8743,6.383639302080839e-05
8744,6.353363399799769e-05
8745,5.9672248758709365e-05
8746,6.0872261856809506e-05
8747,5.748227426052235e-05
8748,5.0812638790142975e-05
8749,4.914959410559017e-05
8750,5.0609438036074924e-05
8751,5.348314552325813e-05
8752,5.5723843356424316e-05
8753,5.184067562869472e-05
8754,5.2329244547866325e-05
8755,5.084845253877978e-05
8756,5.07349288843026e-05
8757,5.006294350752018e-05
8758,4.8092748169422553e-05
8759,4.746860960948845e-05
