hour,value
0,7.384685298795728e-05
1,7.384685298795728e-05
2,7.384685298795728e-05
3,7.384685298795728e-05
4,7.384685298795728e-05
5,7.384685298795728e-05
6,7.384685298795728e-05
7,7.384685298795728e-05
8,7.384685298795728e-05
9,7.384685298795728e-05
10,7.384685298795728e-05
11,7.384685298795728e-05
12,7.384685298795728e-05
13,7.384685298795728e-05
14,7.384685298795728e-05
15,7.384685298795728e-05
16,7.384685298795728e-05
17,7.384685298795728e-05
18,7.384685298795728e-05
19,7.384685298795728e-05
20,7.384685298795728e-05
21,7.384685298795728e-05
22,7.384685298795728e-05
23,7.384685298795728e-05
24,7.384685298795728e-05
25,7.384685298795728e-05
26,7.384685298795728e-05
27,7.384685298795728e-05
28,7.384685298795728e-05
29,7.384685298795728e-05
30,7.384685298795728e-05
31,7.384685298795728e-05
32,7.384685298795728e-05
33,7.384685298795728e-05
34,7.384685298795728e-05
35,7.384685298795728e-05
36,7.384685298795728e-05
37,7.384685298795728e-05
38,7.384685298795728e-05
39,7.384685298795728e-05
40,7.384685298795728e-05
41,7.384685298795728e-05
42,7.384685298795728e-05
43,7.384685298795728e-05
44,7.384685298795728e-05
45,7.384685298795728e-05
46,7.384685298795728e-05
47,7.384685298795728e-05
48,7.384685298795728e-05
49,7.384685298795728e-05
50,7.384685298795728e-05
51,7.384685298795728e-05
52,7.384685298795728e-05
53,7.384685298795728e-05
54,7.384685298795728e-05
55,7.384685298795728e-05
56,7.384685298795728e-05
57,7.384685298795728e-05
58,7.384685298795728e-05
59,7.384685298795728e-05
60,7.384685298795728e-05
61,7.384685298795728e-05
62,7.384685298795728e-05
63,7.384685298795728e-05
64,7.384685298795728e-05
65,7.384685298795728e-05
66,7.384685298795728e-05
67,7.384685298795728e-05
68,7.384685298795728e-05
69,7.384685298795728e-05
70,7.384685298795728e-05
71,7.384685298795728e-05
72,7.384685298795728e-05
73,7.384685298795728e-05
74,7.384685298795728e-05
75,7.384685298795728e-05
76,7.384685298795728e-05
77,7.384685298795728e-05
78,7.384685298795728e-05
79,7.384685298795728e-05
80,7.384685298795728e-05
81,7.384685298795728e-05
82,7.384685298795728e-05
83,7.384685298795728e-05
84,7.384685298795728e-05
85,7.384685298795728e-05
86,7.384685298795728e-05
87,7.384685298795728e-05
88,7.384685298795728e-05
89,7.384685298795728e-05
90,7.384685298795728e-05
91,7.384685298795728e-05
92,7.384685298795728e-05
93,7.384685298795728e-05
94,7.384685298795728e-05
95,7.384685298795728e-05
96,7.384685298795728e-05
97,7.384685298795728e-05
98,7.384685298795728e-05
99,7.384685298795728e-05
100,7.384685298795728e-05
101,7.384685298795728e-05
102,7.384685298795728e-05
103,7.384685298795728e-05
104,7.384685298795728e-05
105,7.384685298795728e-05
106,7.384685298795728e-05
107,7.384685298795728e-05
108,7.384685298795728e-05
109,7.384685298795728e-05
110,7.384685298795728e-05
111,7.384685298795728e-05
112,7.384685298795728e-05
113,7.384685298795728e-05
114,7.384685298795728e-05
115,7.384685298795728e-05
116,7.384685298795728e-05
117,7.384685298795728e-05
118,7.384685298795728e-05
119,7.384685298795728e-05
120,7.384685298795728e-05
121,7.384685298795728e-05
122,7.384685298795728e-05
123,7.384685298795728e-05
124,7.384685298795728e-05
125,7.384685298795728e-05
126,7.384685298795728e-05
127,7.384685298795728e-05
128,7.384685298795728e-05
129,7.384685298795728e-05
130,7.384685298795728e-05
131,7.384685298795728e-05
132,7.384685298795728e-05
133,7.384685298795728e-05
134,7.384685298795728e-05
135,7.384685298795728e-05
136,7.384685298795728e-05
137,7.384685298795728e-05
138,7.384685298795728e-05
139,7.384685298795728e-05
140,7.384685298795728e-05
141,7.384685298795728e-05
142,7.384685298795728e-05
143,7.384685298795728e-05
144,7.384685298795728e-05
145,7.384685298795728e-05
146,7.384685298795728e-05
147,7.384685298795728e-05
148,7.384685298795728e-05
149,7.384685298795728e-05
150,7.384685298795728e-05
151,7.384685298795728e-05
152,7.384685298795728e-05
153,7.384685298795728e-05
154,7.384685298795728e-05
155,7.384685298795728e-05
156,7.384685298795728e-05
157,7.384685298795728e-05
158,7.384685298795728e-05
159,7.384685298795728e-05
160,7.384685298795728e-05
161,7.384685298795728e-05
162,7.384685298795728e-05
163,7.384685298795728e-05
164,7.384685298795728e-05
165,7.384685298795728e-05
166,7.384685298795728e-05
167,7.384685298795728e-05
168,7.384685298795728e-05
169,7.384685298795728e-05
170,7.384685298795728e-05
171,7.384685298795728e-05
172,7.384685298795728e-05
173,7.384685298795728e-05
174,7.384685298795728e-05
175,7.384685298795728e-05
176,7.384685298795728e-05
177,7.384685298795728e-05
178,7.384685298795728e-05
179,7.384685298795728e-05
180,7.384685298795728e-05
181,7.384685298795728e-05
182,7.384685298795728e-05
183,7.384685298795728e-05
184,7.384685298795728e-05
185,7.384685298795728e-05
186,7.384685298795728e-05
187,7.384685298795728e-05
188,7.384685298795728e-05
189,7.384685298795728e-05
190,7.384685298795728e-05
191,7.384685298795728e-05
192,7.384685298795728e-05
193,7.384685298795728e-05
194,7.384685298795728e-05
195,7.384685298795728e-05
196,7.384685298795728e-05
197,7.384685298795728e-05
198,7.384685298795728e-05
199,7.384685298795728e-05
200,7.384685298795728e-05
201,7.384685298795728e-05
202,7.384685298795728e-05
203,7.384685298795728e-05
204,7.384685298795728e-05
205,7.384685298795728e-05
206,7.384685298795728e-05
207,7.384685298795728e-05
208,7.384685298795728e-05
209,7.384685298795728e-05
210,7.384685298795728e-05
211,7.384685298795728e-05
212,7.384685298795728e-05
213,7.384685298795728e-05
214,7.384685298795728e-05
215,7.384685298795728e-05
216,7.384685298795728e-05
217,7.384685298795728e-05
218,7.384685298795728e-05
219,7.384685298795728e-05
220,7.384685298795728e-05
221,7.384685298795728e-05
222,7.384685298795728e-05
223,7.384685298795728e-05
224,7.384685298795728e-05
225,7.384685298795728e-05
226,7.384685298795728e-05
227,7.384685298795728e-05
228,7.384685298795728e-05
229,7.384685298795728e-05
230,7.384685298795728e-05
231,7.384685298795728e-05
232,7.384685298795728e-05
233,7.384685298795728e-05
234,7.384685298795728e-05
235,7.384685298795728e-05
236,7.384685298795728e-05
237,7.384685298795728e-05
238,7.384685298795728e-05
239,7.384685298795728e-05
240,7.384685298795728e-05
241,7.384685298795728e-05
242,7.384685298795728e-05
243,7.384685298795728e-05
244,7.384685298795728e-05
245,7.384685298795728e-05
246,7.384685298795728e-05
247,7.384685298795728e-05
248,7.384685298795728e-05
249,7.384685298795728e-05
250,7.384685298795728e-05
251,7.384685298795728e-05
252,7.384685298795728e-05
253,7.384685298795728e-05
254,7.384685298795728e-05
255,7.384685298795728e-05
256,7.384685298795728e-05
257,7.384685298795728e-05
258,7.384685298795728e-05
259,7.384685298795728e-05
260,7.384685298795728e-05
261,7.384685298795728e-05
262,7.384685298795728e-05
263,7.384685298795728e-05
264,7.384685298795728e-05
265,7.384685298795728e-05
266,7.384685298795728e-05
267,7.384685298795728e-05
268,7.384685298795728e-05
269,7.384685298795728e-05
270,7.384685298795728e-05
271,7.384685298795728e-05
272,7.384685298795728e-05
273,7.384685298795728e-05
274,7.384685298795728e-05
275,7.384685298795728e-05
276,7.384685298795728e-05
277,7.384685298795728e-05
278,7.384685298795728e-05
279,7.384685298795728e-05
280,7.384685298795728e-05
281,7.384685298795728e-05
282,7.384685298795728e-05
283,7.384685298795728e-05
284,7.384685298795728e-05
285,7.384685298795728e-05
286,7.384685298795728e-05
287,7.384685298795728e-05
288,7.384685298795728e-05
289,7.384685298795728e-05
290,7.384685298795728e-05
291,7.384685298795728e-05
292,7.384685298795728e-05
293,7.384685298795728e-05
294,7.384685298795728e-05
295,7.384685298795728e-05
296,7.384685298795728e-05
297,7.384685298795728e-05
298,7.384685298795728e-05
299,7.384685298795728e-05
300,7.384685298795728e-05
301,7.384685298795728e-05
302,7.384685298795728e-05
303,7.384685298795728e-05
304,7.384685298795728e-05
305,7.384685298795728e-05
306,7.384685298795728e-05
307,7.384685298795728e-05
308,7.384685298795728e-05
309,7.384685298795728e-05
310,7.384685298795728e-05
311,7.384685298795728e-05
312,7.384685298795728e-05
313,7.384685298795728e-05
314,7.384685298795728e-05
315,7.384685298795728e-05
316,7.384685298795728e-05
317,7.384685298795728e-05
318,7.384685298795728e-05
319,7.384685298795728e-05
320,7.384685298795728e-05
321,7.384685298795728e-05
322,7.384685298795728e-05
323,7.384685298795728e-05
324,7.384685298795728e-05
325,7.384685298795728e-05
326,7.384685298795728e-05
327,7.384685298795728e-05
328,7.384685298795728e-05
329,7.384685298795728e-05
330,7.384685298795728e-05
331,7.384685298795728e-05
332,7.384685298795728e-05
333,7.384685298795728e-05
334,7.384685298795728e-05
335,7.384685298795728e-05
336,7.384685298795728e-05
337,7.384685298795728e-05
338,7.384685298795728e-05
339,7.384685298795728e-05
340,7.384685298795728e-05
341,7.384685298795728e-05
342,7.384685298795728e-05
343,7.384685298795728e-05
344,7.384685298795728e-05
345,7.384685298795728e-05
346,7.384685298795728e-05
347,7.384685298795728e-05
348,7.384685298795728e-05
349,7.384685298795728e-05
350,7.384685298795728e-05
351,7.384685298795728e-05
352,7.384685298795728e-05
353,7.384685298795728e-05
354,7.384685298795728e-05
355,7.384685298795728e-05
356,7.384685298795728e-05
357,7.384685298795728e-05
358,7.384685298795728e-05
359,7.384685298795728e-05
360,7.384685298795728e-05
361,7.384685298795728e-05
362,7.384685298795728e-05
363,7.384685298795728e-05
364,7.384685298795728e-05
365,7.384685298795728e-05
366,7.384685298795728e-05
367,7.384685298795728e-05
368,7.384685298795728e-05
369,7.384685298795728e-05
370,7.384685298795728e-05
371,7.384685298795728e-05
372,7.384685298795728e-05
373,7.384685298795728e-05
374,7.384685298795728e-05
375,7.384685298795728e-05
376,7.384685298795728e-05
377,7.384685298795728e-05
378,7.384685298795728e-05
379,7.384685298795728e-05
380,7.384685298795728e-05
381,7.384685298795728e-05
382,7.384685298795728e-05
383,7.384685298795728e-05
384,7.384685298795728e-05
385,7.384685298795728e-05
386,7.384685298795728e-05
387,7.384685298795728e-05
388,7.384685298795728e-05
389,7.384685298795728e-05
390,7.384685298795728e-05
391,7.384685298795728e-05
392,7.384685298795728e-05
393,7.384685298795728e-05
394,7.384685298795728e-05
395,7.384685298795728e-05
396,7.384685298795728e-05
397,7.384685298795728e-05
398,7.384685298795728e-05
399,7.384685298795728e-05
400,7.384685298795728e-05
401,7.384685298795728e-05
402,7.384685298795728e-05
403,7.384685298795728e-05
404,7.384685298795728e-05
405,7.384685298795728e-05
406,7.384685298795728e-05
407,7.384685298795728e-05
408,7.384685298795728e-05
409,7.384685298795728e-05
410,7.384685298795728e-05
411,7.384685298795728e-05
412,7.384685298795728e-05
413,7.384685298795728e-05
414,7.384685298795728e-05
415,7.384685298795728e-05
416,7.384685298795728e-05
417,7.384685298795728e-05
418,7.384685298795728e-05
419,7.384685298795728e-05
420,7.384685298795728e-05
421,7.384685298795728e-05
422,7.384685298795728e-05
423,7.384685298795728e-05
424,7.384685298795728e-05
425,7.384685298795728e-05
426,7.384685298795728e-05
427,7.384685298795728e-05
428,7.384685298795728e-05
429,7.384685298795728e-05
430,7.384685298795728e-05
431,7.384685298795728e-05
432,7.384685298795728e-05
433,7.384685298795728e-05
434,7.384685298795728e-05
435,7.384685298795728e-05
436,7.384685298795728e-05
437,7.384685298795728e-05
438,7.384685298795728e-05
439,7.384685298795728e-05
440,7.384685298795728e-05
441,7.384685298795728e-05
442,7.384685298795728e-05
443,7.384685298795728e-05
444,7.384685298795728e-05
445,7.384685298795728e-05
446,7.384685298795728e-05
447,7.384685298795728e-05
448,7.384685298795728e-05
449,7.384685298795728e-05
450,7.384685298795728e-05
451,7.384685298795728e-05
452,7.384685298795728e-05
453,7.384685298795728e-05
454,7.384685298795728e-05
455,7.384685298795728e-05
456,7.384685298795728e-05
457,7.384685298795728e-05
458,7.384685298795728e-05
459,7.384685298795728e-05
460,7.384685298795728e-05
461,7.384685298795728e-05
462,7.384685298795728e-05
463,7.384685298795728e-05
464,7.384685298795728e-05
465,7.384685298795728e-05
466,7.384685298795728e-05
467,7.384685298795728e-05
468,7.384685298795728e-05
469,7.384685298795728e-05
470,7.384685298795728e-05
471,7.384685298795728e-05
472,7.384685298795728e-05
473,7.384685298795728e-05
474,7.384685298795728e-05
475,7.384685298795728e-05
476,7.384685298795728e-05
477,7.384685298795728e-05
478,7.384685298795728e-05
479,7.384685298795728e-05
480,7.384685298795728e-05
481,7.384685298795728e-05
482,7.384685298795728e-05
483,7.384685298795728e-05
484,7.384685298795728e-05
485,7.384685298795728e-05
486,7.384685298795728e-05
487,7.384685298795728e-05
488,7.384685298795728e-05
489,7.384685298795728e-05
490,7.384685298795728e-05
491,7.384685298795728e-05
492,7.384685298795728e-05
493,7.384685298795728e-05
494,7.384685298795728e-05
495,7.384685298795728e-05
496,7.384685298795728e-05
497,7.384685298795728e-05
498,7.384685298795728e-05
499,7.384685298795728e-05
500,7.384685298795728e-05
501,7.384685298795728e-05
502,7.384685298795728e-05
503,7.384685298795728e-05
504,7.384685298795728e-05
505,7.384685298795728e-05
506,7.384685298795728e-05
507,7.384685298795728e-05
508,7.384685298795728e-05
509,7.384685298795728e-05
510,7.384685298795728e-05
511,7.384685298795728e-05
512,7.384685298795728e-05
513,7.384685298795728e-05
514,7.384685298795728e-05
515,7.384685298795728e-05
516,7.384685298795728e-05
517,7.384685298795728e-05
518,7.384685298795728e-05
519,7.384685298795728e-05
520,7.384685298795728e-05
521,7.384685298795728e-05
522,7.384685298795728e-05
523,7.384685298795728e-05
524,7.384685298795728e-05
525,7.384685298795728e-05
526,7.384685298795728e-05
527,7.384685298795728e-05
528,7.384685298795728e-05
529,7.384685298795728e-05
530,7.384685298795728e-05
531,7.384685298795728e-05
532,7.384685298795728e-05
533,7.384685298795728e-05
534,7.384685298795728e-05
535,7.384685298795728e-05
536,7.384685298795728e-05
537,7.384685298795728e-05
538,7.384685298795728e-05
539,7.384685298795728e-05
540,7.384685298795728e-05
541,7.384685298795728e-05
542,7.384685298795728e-05
543,7.384685298795728e-05
544,7.384685298795728e-05
545,7.384685298795728e-05
546,7.384685298795728e-05
547,7.384685298795728e-05
548,7.384685298795728e-05
549,7.384685298795728e-05
550,7.384685298795728e-05
551,7.384685298795728e-05
552,7.384685298795728e-05
553,7.384685298795728e-05
554,7.384685298795728e-05
555,7.384685298795728e-05
556,7.384685298795728e-05
557,7.384685298795728e-05
558,7.384685298795728e-05
559,7.384685298795728e-05
560,7.384685298795728e-05
561,7.384685298795728e-05
562,7.384685298795728e-05
563,7.384685298795728e-05
564,7.384685298795728e-05
565,7.384685298795728e-05
566,7.384685298795728e-05
567,7.384685298795728e-05
568,7.384685298795728e-05
569,7.384685298795728e-05
570,7.384685298795728e-05
571,7.384685298795728e-05
572,7.384685298795728e-05
573,7.384685298795728e-05
574,7.384685298795728e-05
575,7.384685298795728e-05
576,7.384685298795728e-05
577,7.384685298795728e-05
578,7.384685298795728e-05
579,7.384685298795728e-05
580,7.384685298795728e-05
581,7.384685298795728e-05
582,7.384685298795728e-05
583,7.384685298795728e-05
584,7.384685298795728e-05
585,7.384685298795728e-05
586,7.384685298795728e-05
587,7.384685298795728e-05
588,7.384685298795728e-05
589,7.384685298795728e-05
590,7.384685298795728e-05
591,7.384685298795728e-05
592,7.384685298795728e-05
593,7.384685298795728e-05
594,7.384685298795728e-05
595,7.384685298795728e-05
596,7.384685298795728e-05
597,7.384685298795728e-05
598,7.384685298795728e-05
599,7.384685298795728e-05
600,7.384685298795728e-05
601,7.384685298795728e-05
602,7.384685298795728e-05
603,7.384685298795728e-05
604,7.384685298795728e-05
605,7.384685298795728e-05
606,7.384685298795728e-05
607,7.384685298795728e-05
608,7.384685298795728e-05
609,7.384685298795728e-05
610,7.384685298795728e-05
611,7.384685298795728e-05
612,7.384685298795728e-05
613,7.384685298795728e-05
614,7.384685298795728e-05
615,7.384685298795728e-05
616,7.384685298795728e-05
617,7.384685298795728e-05
618,7.384685298795728e-05
619,7.384685298795728e-05
620,7.384685298795728e-05
621,7.384685298795728e-05
622,7.384685298795728e-05
623,7.384685298795728e-05
624,7.384685298795728e-05
625,7.384685298795728e-05
626,7.384685298795728e-05
627,7.384685298795728e-05
628,7.384685298795728e-05
629,7.384685298795728e-05
630,7.384685298795728e-05
631,7.384685298795728e-05
632,7.384685298795728e-05
633,7.384685298795728e-05
634,7.384685298795728e-05
635,7.384685298795728e-05
636,7.384685298795728e-05
637,7.384685298795728e-05
638,7.384685298795728e-05
639,7.384685298795728e-05
640,7.384685298795728e-05
641,7.384685298795728e-05
642,7.384685298795728e-05
643,7.384685298795728e-05
644,7.384685298795728e-05
645,7.384685298795728e-05
646,7.384685298795728e-05
647,7.384685298795728e-05
648,7.384685298795728e-05
649,7.384685298795728e-05
650,7.384685298795728e-05
651,7.384685298795728e-05
652,7.384685298795728e-05
653,7.384685298795728e-05
654,7.384685298795728e-05
655,7.384685298795728e-05
656,7.384685298795728e-05
657,7.384685298795728e-05
658,7.384685298795728e-05
659,7.384685298795728e-05
660,7.384685298795728e-05
661,7.384685298795728e-05
662,7.384685298795728e-05
663,7.384685298795728e-05
664,7.384685298795728e-05
665,7.384685298795728e-05
666,7.384685298795728e-05
667,7.384685298795728e-05
668,7.384685298795728e-05
669,7.384685298795728e-05
670,7.384685298795728e-05
671,7.384685298795728e-05
672,7.384685298795728e-05
673,7.384685298795728e-05
674,7.384685298795728e-05
675,7.384685298795728e-05
676,7.384685298795728e-05
677,7.384685298795728e-05
678,7.384685298795728e-05
679,7.384685298795728e-05
680,7.384685298795728e-05
681,7.384685298795728e-05
682,7.384685298795728e-05
683,7.384685298795728e-05
684,7.384685298795728e-05
685,7.384685298795728e-05
686,7.384685298795728e-05
687,7.384685298795728e-05
688,7.384685298795728e-05
689,7.384685298795728e-05
690,7.384685298795728e-05
691,7.384685298795728e-05
692,7.384685298795728e-05
693,7.384685298795728e-05
694,7.384685298795728e-05
695,7.384685298795728e-05
696,7.384685298795728e-05
697,7.384685298795728e-05
698,7.384685298795728e-05
699,7.384685298795728e-05
700,7.384685298795728e-05
701,7.384685298795728e-05
702,7.384685298795728e-05
703,7.384685298795728e-05
704,7.384685298795728e-05
705,7.384685298795728e-05
706,7.384685298795728e-05
707,7.384685298795728e-05
708,7.384685298795728e-05
709,7.384685298795728e-05
710,7.384685298795728e-05
711,7.384685298795728e-05
712,7.384685298795728e-05
713,7.384685298795728e-05
714,7.384685298795728e-05
715,7.384685298795728e-05
716,7.384685298795728e-05
717,7.384685298795728e-05
718,7.384685298795728e-05
719,7.384685298795728e-05
720,7.384685298795728e-05
721,7.384685298795728e-05
722,7.384685298795728e-05
723,7.384685298795728e-05
724,7.384685298795728e-05
725,7.384685298795728e-05
726,7.384685298795728e-05
727,7.384685298795728e-05
728,7.384685298795728e-05
729,7.384685298795728e-05
730,7.384685298795728e-05
731,7.384685298795728e-05
732,7.384685298795728e-05
733,7.384685298795728e-05
734,7.384685298795728e-05
735,7.384685298795728e-05
736,7.384685298795728e-05
737,7.384685298795728e-05
738,7.384685298795728e-05
739,7.384685298795728e-05
740,7.384685298795728e-05
741,7.384685298795728e-05
742,7.384685298795728e-05
743,7.384685298795728e-05
744,7.384685298795728e-05
745,7.384685298795728e-05
746,7.384685298795728e-05
747,7.384685298795728e-05
748,7.384685298795728e-05
749,7.384685298795728e-05
750,7.384685298795728e-05
751,7.384685298795728e-05
752,7.384685298795728e-05
753,7.384685298795728e-05
754,7.384685298795728e-05
755,7.384685298795728e-05
756,7.384685298795728e-05
757,7.384685298795728e-05
758,7.384685298795728e-05
759,7.384685298795728e-05
760,7.384685298795728e-05
761,7.384685298795728e-05
762,7.384685298795728e-05
763,7.384685298795728e-05
764,7.384685298795728e-05
765,7.384685298795728e-05
766,7.384685298795728e-05
767,7.384685298795728e-05
768,7.384685298795728e-05
769,7.384685298795728e-05
770,7.384685298795728e-05
771,7.384685298795728e-05
772,7.384685298795728e-05
773,7.384685298795728e-05
774,7.384685298795728e-05
775,7.384685298795728e-05
776,7.384685298795728e-05
777,7.384685298795728e-05
778,7.384685298795728e-05
779,7.384685298795728e-05
780,7.384685298795728e-05
781,7.384685298795728e-05
782,7.384685298795728e-05
783,7.384685298795728e-05
784,7.384685298795728e-05
785,7.384685298795728e-05
786,7.384685298795728e-05
787,7.384685298795728e-05
788,7.384685298795728e-05
789,7.384685298795728e-05
790,7.384685298795728e-05
791,7.384685298795728e-05
792,7.384685298795728e-05
793,7.384685298795728e-05
794,7.384685298795728e-05
795,7.384685298795728e-05
796,7.384685298795728e-05
797,7.384685298795728e-05
798,7.384685298795728e-05
799,7.384685298795728e-05
800,7.384685298795728e-05
801,7.384685298795728e-05
802,7.384685298795728e-05
803,7.384685298795728e-05
804,7.384685298795728e-05
805,7.384685298795728e-05
806,7.384685298795728e-05
807,7.384685298795728e-05
808,7.384685298795728e-05
809,7.384685298795728e-05
810,7.384685298795728e-05
811,7.384685298795728e-05
812,7.384685298795728e-05
813,7.384685298795728e-05
814,7.384685298795728e-05
815,7.384685298795728e-05
816,7.384685298795728e-05
817,7.384685298795728e-05
818,7.384685298795728e-05
819,7.384685298795728e-05
820,7.384685298795728e-05
821,7.384685298795728e-05
822,7.384685298795728e-05
823,7.384685298795728e-05
824,7.384685298795728e-05
825,7.384685298795728e-05
826,7.384685298795728e-05
827,7.384685298795728e-05
828,7.384685298795728e-05
829,7.384685298795728e-05
830,7.384685298795728e-05
831,7.384685298795728e-05
832,7.384685298795728e-05
833,7.384685298795728e-05
834,7.384685298795728e-05
835,7.384685298795728e-05
836,7.384685298795728e-05
837,7.384685298795728e-05
838,7.384685298795728e-05
839,7.384685298795728e-05
840,7.384685298795728e-05
841,7.384685298795728e-05
842,7.384685298795728e-05
843,7.384685298795728e-05
844,7.384685298795728e-05
845,7.384685298795728e-05
846,7.384685298795728e-05
847,7.384685298795728e-05
848,7.384685298795728e-05
849,7.384685298795728e-05
850,7.384685298795728e-05
851,7.384685298795728e-05
852,7.384685298795728e-05
853,7.384685298795728e-05
854,7.384685298795728e-05
855,7.384685298795728e-05
856,7.384685298795728e-05
857,7.384685298795728e-05
858,7.384685298795728e-05
859,7.384685298795728e-05
860,7.384685298795728e-05
861,7.384685298795728e-05
862,7.384685298795728e-05
863,7.384685298795728e-05
864,7.384685298795728e-05
865,7.384685298795728e-05
866,7.384685298795728e-05
867,7.384685298795728e-05
868,7.384685298795728e-05
869,7.384685298795728e-05
870,7.384685298795728e-05
871,7.384685298795728e-05
872,7.384685298795728e-05
873,7.384685298795728e-05
874,7.384685298795728e-05
875,7.384685298795728e-05
876,7.384685298795728e-05
877,7.384685298795728e-05
878,7.384685298795728e-05
879,7.384685298795728e-05
880,7.384685298795728e-05
881,7.384685298795728e-05
882,7.384685298795728e-05
883,7.384685298795728e-05
884,7.384685298795728e-05
885,7.384685298795728e-05
886,7.384685298795728e-05
887,7.384685298795728e-05
888,7.384685298795728e-05
889,7.384685298795728e-05
890,7.384685298795728e-05
891,7.384685298795728e-05
892,7.384685298795728e-05
893,7.384685298795728e-05
894,7.384685298795728e-05
895,7.384685298795728e-05
896,7.384685298795728e-05
897,7.384685298795728e-05
898,7.384685298795728e-05
899,7.384685298795728e-05
900,7.384685298795728e-05
901,7.384685298795728e-05
902,7.384685298795728e-05
903,7.384685298795728e-05
904,7.384685298795728e-05
905,7.384685298795728e-05
906,7.384685298795728e-05
907,7.384685298795728e-05
908,7.384685298795728e-05
909,7.384685298795728e-05
910,7.384685298795728e-05
911,7.384685298795728e-05
912,7.384685298795728e-05
913,7.384685298795728e-05
914,7.384685298795728e-05
915,7.384685298795728e-05
916,7.384685298795728e-05
917,7.384685298795728e-05
918,7.384685298795728e-05
919,7.384685298795728e-05
920,7.384685298795728e-05
921,7.384685298795728e-05
922,7.384685298795728e-05
923,7.384685298795728e-05
924,7.384685298795728e-05
925,7.384685298795728e-05
926,7.384685298795728e-05
927,7.384685298795728e-05
928,7.384685298795728e-05
929,7.384685298795728e-05
930,7.384685298795728e-05
931,7.384685298795728e-05
932,7.384685298795728e-05
933,7.384685298795728e-05
934,7.384685298795728e-05
935,7.384685298795728e-05
936,7.384685298795728e-05
937,7.384685298795728e-05
938,7.384685298795728e-05
939,7.384685298795728e-05
940,7.384685298795728e-05
941,7.384685298795728e-05
942,7.384685298795728e-05
943,7.384685298795728e-05
944,7.384685298795728e-05
945,7.384685298795728e-05
946,7.384685298795728e-05
947,7.384685298795728e-05
948,7.384685298795728e-05
949,7.384685298795728e-05
950,7.384685298795728e-05
951,7.384685298795728e-05
952,7.384685298795728e-05
953,7.384685298795728e-05
954,7.384685298795728e-05
955,7.384685298795728e-05
956,7.384685298795728e-05
957,7.384685298795728e-05
958,7.384685298795728e-05
959,7.384685298795728e-05
960,7.384685298795728e-05
961,7.384685298795728e-05
962,7.384685298795728e-05
963,7.384685298795728e-05
964,7.384685298795728e-05
965,7.384685298795728e-05
966,7.384685298795728e-05
967,7.384685298795728e-05
968,7.384685298795728e-05
969,7.384685298795728e-05
970,7.384685298795728e-05
971,7.384685298795728e-05
972,7.384685298795728e-05
973,7.384685298795728e-05
974,7.384685298795728e-05
975,7.384685298795728e-05
976,7.384685298795728e-05
977,7.384685298795728e-05
978,7.384685298795728e-05
979,7.384685298795728e-05
980,7.384685298795728e-05
981,7.384685298795728e-05
982,7.384685298795728e-05
983,7.384685298795728e-05
984,7.384685298795728e-05
985,7.384685298795728e-05
986,7.384685298795728e-05
987,7.384685298795728e-05
988,7.384685298795728e-05
989,7.384685298795728e-05
990,7.384685298795728e-05
991,7.384685298795728e-05
992,7.384685298795728e-05
993,7.384685298795728e-05
994,7.384685298795728e-05
995,7.384685298795728e-05
996,7.384685298795728e-05
997,7.384685298795728e-05
998,7.384685298795728e-05
999,7.384685298795728e-05
1000,7.384685298795728e-05
1001,7.384685298795728e-05
1002,7.384685298795728e-05
1003,7.384685298795728e-05
1004,7.384685298795728e-05
1005,7.384685298795728e-05
1006,7.384685298795728e-05
1007,7.384685298795728e-05
1008,7.384685298795728e-05
1009,7.384685298795728e-05
1010,7.384685298795728e-05
1011,7.384685298795728e-05
1012,7.384685298795728e-05
1013,7.384685298795728e-05
1014,7.384685298795728e-05
1015,7.384685298795728e-05
1016,7.384685298795728e-05
1017,7.384685298795728e-05
1018,7.384685298795728e-05
1019,7.384685298795728e-05
1020,7.384685298795728e-05
1021,7.384685298795728e-05
1022,7.384685298795728e-05
1023,7.384685298795728e-05
1024,7.384685298795728e-05
1025,7.384685298795728e-05
1026,7.384685298795728e-05
1027,7.384685298795728e-05
1028,7.384685298795728e-05
1029,7.384685298795728e-05
1030,7.384685298795728e-05
1031,7.384685298795728e-05
1032,7.384685298795728e-05
1033,7.384685298795728e-05
1034,7.384685298795728e-05
1035,7.384685298795728e-05
1036,7.384685298795728e-05
1037,7.384685298795728e-05
1038,7.384685298795728e-05
1039,7.384685298795728e-05
1040,7.384685298795728e-05
1041,7.384685298795728e-05
1042,7.384685298795728e-05
1043,7.384685298795728e-05
1044,7.384685298795728e-05
1045,7.384685298795728e-05
1046,7.384685298795728e-05
1047,7.384685298795728e-05
1048,7.384685298795728e-05
1049,7.384685298795728e-05
1050,7.384685298795728e-05
1051,7.384685298795728e-05
1052,7.384685298795728e-05
1053,7.384685298795728e-05
1054,7.384685298795728e-05
1055,7.384685298795728e-05
1056,7.384685298795728e-05
1057,7.384685298795728e-05
1058,7.384685298795728e-05
1059,7.384685298795728e-05
1060,7.384685298795728e-05
1061,7.384685298795728e-05
1062,7.384685298795728e-05
1063,7.384685298795728e-05
1064,7.384685298795728e-05
1065,7.384685298795728e-05
1066,7.384685298795728e-05
1067,7.384685298795728e-05
1068,7.384685298795728e-05
1069,7.384685298795728e-05
1070,7.384685298795728e-05
1071,7.384685298795728e-05
1072,7.384685298795728e-05
1073,7.384685298795728e-05
1074,7.384685298795728e-05
1075,7.384685298795728e-05
1076,7.384685298795728e-05
1077,7.384685298795728e-05
1078,7.384685298795728e-05
1079,7.384685298795728e-05
1080,7.384685298795728e-05
1081,7.384685298795728e-05
1082,7.384685298795728e-05
1083,7.384685298795728e-05
1084,7.384685298795728e-05
1085,7.384685298795728e-05
1086,7.384685298795728e-05
1087,7.384685298795728e-05
1088,7.384685298795728e-05
1089,7.384685298795728e-05
1090,7.384685298795728e-05
1091,7.384685298795728e-05
1092,7.384685298795728e-05
1093,7.384685298795728e-05
1094,7.384685298795728e-05
1095,7.384685298795728e-05
1096,7.384685298795728e-05
1097,7.384685298795728e-05
1098,7.384685298795728e-05
1099,7.384685298795728e-05
1100,7.384685298795728e-05
1101,7.384685298795728e-05
1102,7.384685298795728e-05
1103,7.384685298795728e-05
1104,7.384685298795728e-05
1105,7.384685298795728e-05
1106,7.384685298795728e-05
1107,7.384685298795728e-05
1108,7.384685298795728e-05
1109,7.384685298795728e-05
1110,7.384685298795728e-05
1111,7.384685298795728e-05
1112,7.384685298795728e-05
1113,7.384685298795728e-05
1114,7.384685298795728e-05
1115,7.384685298795728e-05
1116,7.384685298795728e-05
1117,7.384685298795728e-05
1118,7.384685298795728e-05
1119,7.384685298795728e-05
1120,7.384685298795728e-05
1121,7.384685298795728e-05
1122,7.384685298795728e-05
1123,7.384685298795728e-05
1124,7.384685298795728e-05
1125,7.384685298795728e-05
1126,7.384685298795728e-05
1127,7.384685298795728e-05
1128,7.384685298795728e-05
1129,7.384685298795728e-05
1130,7.384685298795728e-05
1131,7.384685298795728e-05
1132,7.384685298795728e-05
1133,7.384685298795728e-05
1134,7.384685298795728e-05
1135,7.384685298795728e-05
1136,7.384685298795728e-05
1137,7.384685298795728e-05
1138,7.384685298795728e-05
1139,7.384685298795728e-05
1140,7.384685298795728e-05
1141,7.384685298795728e-05
1142,7.384685298795728e-05
1143,7.384685298795728e-05
1144,7.384685298795728e-05
1145,7.384685298795728e-05
1146,7.384685298795728e-05
1147,7.384685298795728e-05
1148,7.384685298795728e-05
1149,7.384685298795728e-05
1150,7.384685298795728e-05
1151,7.384685298795728e-05
1152,7.384685298795728e-05
1153,7.384685298795728e-05
1154,7.384685298795728e-05
1155,7.384685298795728e-05
1156,7.384685298795728e-05
1157,7.384685298795728e-05
1158,7.384685298795728e-05
1159,7.384685298795728e-05
1160,7.384685298795728e-05
1161,7.384685298795728e-05
1162,7.384685298795728e-05
1163,7.384685298795728e-05
1164,7.384685298795728e-05
1165,7.384685298795728e-05
1166,7.384685298795728e-05
1167,7.384685298795728e-05
1168,7.384685298795728e-05
1169,7.384685298795728e-05
1170,7.384685298795728e-05
1171,7.384685298795728e-05
1172,7.384685298795728e-05
1173,7.384685298795728e-05
1174,7.384685298795728e-05
1175,7.384685298795728e-05
1176,7.384685298795728e-05
1177,7.384685298795728e-05
1178,7.384685298795728e-05
1179,7.384685298795728e-05
1180,7.384685298795728e-05
1181,7.384685298795728e-05
1182,7.384685298795728e-05
1183,7.384685298795728e-05
1184,7.384685298795728e-05
1185,7.384685298795728e-05
1186,7.384685298795728e-05
1187,7.384685298795728e-05
1188,7.384685298795728e-05
1189,7.384685298795728e-05
1190,7.384685298795728e-05
1191,7.384685298795728e-05
1192,7.384685298795728e-05
1193,7.384685298795728e-05
1194,7.384685298795728e-05
1195,7.384685298795728e-05
1196,7.384685298795728e-05
1197,7.384685298795728e-05
1198,7.384685298795728e-05
1199,7.384685298795728e-05
1200,7.384685298795728e-05
1201,7.384685298795728e-05
1202,7.384685298795728e-05
1203,7.384685298795728e-05
1204,7.384685298795728e-05
1205,7.384685298795728e-05
1206,7.384685298795728e-05
1207,7.384685298795728e-05
1208,7.384685298795728e-05
1209,7.384685298795728e-05
1210,7.384685298795728e-05
1211,7.384685298795728e-05
1212,7.384685298795728e-05
1213,7.384685298795728e-05
1214,7.384685298795728e-05
1215,7.384685298795728e-05
1216,7.384685298795728e-05
1217,7.384685298795728e-05
1218,7.384685298795728e-05
1219,7.384685298795728e-05
1220,7.384685298795728e-05
1221,7.384685298795728e-05
1222,7.384685298795728e-05
1223,7.384685298795728e-05
1224,7.384685298795728e-05
1225,7.384685298795728e-05
1226,7.384685298795728e-05
1227,7.384685298795728e-05
1228,7.384685298795728e-05
1229,7.384685298795728e-05
1230,7.384685298795728e-05
1231,7.384685298795728e-05
1232,7.384685298795728e-05
1233,7.384685298795728e-05
1234,7.384685298795728e-05
1235,7.384685298795728e-05
1236,7.384685298795728e-05
1237,7.384685298795728e-05
1238,7.384685298795728e-05
1239,7.384685298795728e-05
1240,7.384685298795728e-05
1241,7.384685298795728e-05
1242,7.384685298795728e-05
1243,7.384685298795728e-05
1244,7.384685298795728e-05
1245,7.384685298795728e-05
1246,7.384685298795728e-05
1247,7.384685298795728e-05
1248,7.384685298795728e-05
1249,7.384685298795728e-05
1250,7.384685298795728e-05
1251,7.384685298795728e-05
1252,7.384685298795728e-05
1253,7.384685298795728e-05
1254,7.384685298795728e-05
1255,7.384685298795728e-05
1256,7.384685298795728e-05
1257,7.384685298795728e-05
1258,7.384685298795728e-05
1259,7.384685298795728e-05
1260,7.384685298795728e-05
1261,7.384685298795728e-05
1262,7.384685298795728e-05
1263,7.384685298795728e-05
1264,7.384685298795728e-05
1265,7.384685298795728e-05
1266,7.384685298795728e-05
1267,7.384685298795728e-05
1268,7.384685298795728e-05
1269,7.384685298795728e-05
1270,7.384685298795728e-05
1271,7.384685298795728e-05
1272,7.384685298795728e-05
1273,7.384685298795728e-05
1274,7.384685298795728e-05
1275,7.384685298795728e-05
1276,7.384685298795728e-05
1277,7.384685298795728e-05
1278,7.384685298795728e-05
1279,7.384685298795728e-05
1280,7.384685298795728e-05
1281,7.384685298795728e-05
1282,7.384685298795728e-05
1283,7.384685298795728e-05
1284,7.384685298795728e-05
1285,7.384685298795728e-05
1286,7.384685298795728e-05
1287,7.384685298795728e-05
1288,7.384685298795728e-05
1289,7.384685298795728e-05
1290,7.384685298795728e-05
1291,7.384685298795728e-05
1292,7.384685298795728e-05
1293,7.384685298795728e-05
1294,7.384685298795728e-05
1295,7.384685298795728e-05
1296,7.384685298795728e-05
1297,7.384685298795728e-05
1298,7.384685298795728e-05
1299,7.384685298795728e-05
1300,7.384685298795728e-05
1301,7.384685298795728e-05
1302,7.384685298795728e-05
1303,7.384685298795728e-05
1304,7.384685298795728e-05
1305,7.384685298795728e-05
1306,7.384685298795728e-05
1307,7.384685298795728e-05
1308,7.384685298795728e-05
1309,7.384685298795728e-05
1310,7.384685298795728e-05
1311,7.384685298795728e-05
1312,7.384685298795728e-05
1313,7.384685298795728e-05
1314,7.384685298795728e-05
1315,7.384685298795728e-05
1316,7.384685298795728e-05
1317,7.384685298795728e-05
1318,7.384685298795728e-05
1319,7.384685298795728e-05
1320,7.384685298795728e-05
1321,7.384685298795728e-05
1322,7.384685298795728e-05
1323,7.384685298795728e-05
1324,7.384685298795728e-05
1325,7.384685298795728e-05
1326,7.384685298795728e-05
1327,7.384685298795728e-05
1328,7.384685298795728e-05
1329,7.384685298795728e-05
1330,7.384685298795728e-05
1331,7.384685298795728e-05
1332,7.384685298795728e-05
1333,7.384685298795728e-05
1334,7.384685298795728e-05
1335,7.384685298795728e-05
1336,7.384685298795728e-05
1337,7.384685298795728e-05
1338,7.384685298795728e-05
1339,7.384685298795728e-05
1340,7.384685298795728e-05
1341,7.384685298795728e-05
1342,7.384685298795728e-05
1343,7.384685298795728e-05
1344,7.384685298795728e-05
1345,7.384685298795728e-05
1346,7.384685298795728e-05
1347,7.384685298795728e-05
1348,7.384685298795728e-05
1349,7.384685298795728e-05
1350,7.384685298795728e-05
1351,7.384685298795728e-05
1352,7.384685298795728e-05
1353,7.384685298795728e-05
1354,7.384685298795728e-05
1355,7.384685298795728e-05
1356,7.384685298795728e-05
1357,7.384685298795728e-05
1358,7.384685298795728e-05
1359,7.384685298795728e-05
1360,7.384685298795728e-05
1361,7.384685298795728e-05
1362,7.384685298795728e-05
1363,7.384685298795728e-05
1364,7.384685298795728e-05
1365,7.384685298795728e-05
1366,7.384685298795728e-05
1367,7.384685298795728e-05
1368,7.384685298795728e-05
1369,7.384685298795728e-05
1370,7.384685298795728e-05
1371,7.384685298795728e-05
1372,7.384685298795728e-05
1373,7.384685298795728e-05
1374,7.384685298795728e-05
1375,7.384685298795728e-05
1376,7.384685298795728e-05
1377,7.384685298795728e-05
1378,7.384685298795728e-05
1379,7.384685298795728e-05
1380,7.384685298795728e-05
1381,7.384685298795728e-05
1382,7.384685298795728e-05
1383,7.384685298795728e-05
1384,7.384685298795728e-05
1385,7.384685298795728e-05
1386,7.384685298795728e-05
1387,7.384685298795728e-05
1388,7.384685298795728e-05
1389,7.384685298795728e-05
1390,7.384685298795728e-05
1391,7.384685298795728e-05
1392,7.384685298795728e-05
1393,7.384685298795728e-05
1394,7.384685298795728e-05
1395,7.384685298795728e-05
1396,7.384685298795728e-05
1397,7.384685298795728e-05
1398,7.384685298795728e-05
1399,7.384685298795728e-05
1400,7.384685298795728e-05
1401,7.384685298795728e-05
1402,7.384685298795728e-05
1403,7.384685298795728e-05
1404,7.384685298795728e-05
1405,7.384685298795728e-05
1406,7.384685298795728e-05
1407,7.384685298795728e-05
1408,7.384685298795728e-05
1409,7.384685298795728e-05
1410,7.384685298795728e-05
1411,7.384685298795728e-05
1412,7.384685298795728e-05
1413,7.384685298795728e-05
1414,7.384685298795728e-05
1415,7.384685298795728e-05
1416,7.384685298795728e-05
1417,7.384685298795728e-05
1418,7.384685298795728e-05
1419,7.384685298795728e-05
1420,7.384685298795728e-05
1421,7.384685298795728e-05
1422,7.384685298795728e-05
1423,7.384685298795728e-05
1424,7.384685298795728e-05
1425,7.384685298795728e-05
1426,7.384685298795728e-05
1427,7.384685298795728e-05
1428,7.384685298795728e-05
1429,7.384685298795728e-05
1430,7.384685298795728e-05
1431,7.384685298795728e-05
1432,7.384685298795728e-05
1433,7.384685298795728e-05
1434,7.384685298795728e-05
1435,7.384685298795728e-05
1436,7.384685298795728e-05
1437,7.384685298795728e-05
1438,7.384685298795728e-05
1439,7.384685298795728e-05
1440,7.384685298795728e-05
1441,7.384685298795728e-05
1442,7.384685298795728e-05
1443,7.384685298795728e-05
1444,7.384685298795728e-05
1445,7.384685298795728e-05
1446,7.384685298795728e-05
1447,7.384685298795728e-05
1448,7.384685298795728e-05
1449,7.384685298795728e-05
1450,7.384685298795728e-05
1451,7.384685298795728e-05
1452,7.384685298795728e-05
1453,7.384685298795728e-05
1454,7.384685298795728e-05
1455,7.384685298795728e-05
1456,7.384685298795728e-05
1457,7.384685298795728e-05
1458,7.384685298795728e-05
1459,7.384685298795728e-05
1460,7.384685298795728e-05
1461,7.384685298795728e-05
1462,7.384685298795728e-05
1463,7.384685298795728e-05
1464,7.384685298795728e-05
1465,7.384685298795728e-05
1466,7.384685298795728e-05
1467,7.384685298795728e-05
1468,7.384685298795728e-05
1469,7.384685298795728e-05
1470,7.384685298795728e-05
1471,7.384685298795728e-05
1472,7.384685298795728e-05
1473,7.384685298795728e-05
1474,7.384685298795728e-05
1475,7.384685298795728e-05
1476,7.384685298795728e-05
1477,7.384685298795728e-05
1478,7.384685298795728e-05
1479,7.384685298795728e-05
1480,7.384685298795728e-05
1481,7.384685298795728e-05
1482,7.384685298795728e-05
1483,7.384685298795728e-05
1484,7.384685298795728e-05
1485,7.384685298795728e-05
1486,7.384685298795728e-05
1487,7.384685298795728e-05
1488,7.384685298795728e-05
1489,7.384685298795728e-05
1490,7.384685298795728e-05
1491,7.384685298795728e-05
1492,7.384685298795728e-05
1493,7.384685298795728e-05
1494,7.384685298795728e-05
1495,7.384685298795728e-05
1496,7.384685298795728e-05
1497,7.384685298795728e-05
1498,7.384685298795728e-05
1499,7.384685298795728e-05
1500,7.384685298795728e-05
1501,7.384685298795728e-05
1502,7.384685298795728e-05
1503,7.384685298795728e-05
1504,7.384685298795728e-05
1505,7.384685298795728e-05
1506,7.384685298795728e-05
1507,7.384685298795728e-05
1508,7.384685298795728e-05
1509,7.384685298795728e-05
1510,7.384685298795728e-05
1511,7.384685298795728e-05
1512,7.384685298795728e-05
1513,7.384685298795728e-05
1514,7.384685298795728e-05
1515,7.384685298795728e-05
1516,7.384685298795728e-05
1517,7.384685298795728e-05
1518,7.384685298795728e-05
1519,7.384685298795728e-05
1520,7.384685298795728e-05
1521,7.384685298795728e-05
1522,7.384685298795728e-05
1523,7.384685298795728e-05
1524,7.384685298795728e-05
1525,7.384685298795728e-05
1526,7.384685298795728e-05
1527,7.384685298795728e-05
1528,7.384685298795728e-05
1529,7.384685298795728e-05
1530,7.384685298795728e-05
1531,7.384685298795728e-05
1532,7.384685298795728e-05
1533,7.384685298795728e-05
1534,7.384685298795728e-05
1535,7.384685298795728e-05
1536,7.384685298795728e-05
1537,7.384685298795728e-05
1538,7.384685298795728e-05
1539,7.384685298795728e-05
1540,7.384685298795728e-05
1541,7.384685298795728e-05
1542,7.384685298795728e-05
1543,7.384685298795728e-05
1544,7.384685298795728e-05
1545,7.384685298795728e-05
1546,7.384685298795728e-05
1547,7.384685298795728e-05
1548,7.384685298795728e-05
1549,7.384685298795728e-05
1550,7.384685298795728e-05
1551,7.384685298795728e-05
1552,7.384685298795728e-05
1553,7.384685298795728e-05
1554,7.384685298795728e-05
1555,7.384685298795728e-05
1556,7.384685298795728e-05
1557,7.384685298795728e-05
1558,7.384685298795728e-05
1559,7.384685298795728e-05
1560,7.384685298795728e-05
1561,7.384685298795728e-05
1562,7.384685298795728e-05
1563,7.384685298795728e-05
1564,7.384685298795728e-05
1565,7.384685298795728e-05
1566,7.384685298795728e-05
1567,7.384685298795728e-05
1568,7.384685298795728e-05
1569,7.384685298795728e-05
1570,7.384685298795728e-05
1571,7.384685298795728e-05
1572,7.384685298795728e-05
1573,7.384685298795728e-05
1574,7.384685298795728e-05
1575,7.384685298795728e-05
1576,7.384685298795728e-05
1577,7.384685298795728e-05
1578,7.384685298795728e-05
1579,7.384685298795728e-05
1580,7.384685298795728e-05
1581,7.384685298795728e-05
1582,7.384685298795728e-05
1583,7.384685298795728e-05
1584,7.384685298795728e-05
1585,7.384685298795728e-05
1586,7.384685298795728e-05
1587,7.384685298795728e-05
1588,7.384685298795728e-05
1589,7.384685298795728e-05
1590,7.384685298795728e-05
1591,7.384685298795728e-05
1592,7.384685298795728e-05
1593,7.384685298795728e-05
1594,7.384685298795728e-05
1595,7.384685298795728e-05
1596,7.384685298795728e-05
1597,7.384685298795728e-05
1598,7.384685298795728e-05
1599,7.384685298795728e-05
1600,7.384685298795728e-05
1601,7.384685298795728e-05
1602,7.384685298795728e-05
1603,7.384685298795728e-05
1604,7.384685298795728e-05
1605,7.384685298795728e-05
1606,7.384685298795728e-05
1607,7.384685298795728e-05
1608,7.384685298795728e-05
1609,7.384685298795728e-05
1610,7.384685298795728e-05
1611,7.384685298795728e-05
1612,7.384685298795728e-05
1613,7.384685298795728e-05
1614,7.384685298795728e-05
1615,7.384685298795728e-05
1616,7.384685298795728e-05
1617,7.384685298795728e-05
1618,7.384685298795728e-05
1619,7.384685298795728e-05
1620,7.384685298795728e-05
1621,7.384685298795728e-05
1622,7.384685298795728e-05
1623,7.384685298795728e-05
1624,7.384685298795728e-05
1625,7.384685298795728e-05
1626,7.384685298795728e-05
1627,7.384685298795728e-05
1628,7.384685298795728e-05
1629,7.384685298795728e-05
1630,7.384685298795728e-05
1631,7.384685298795728e-05
1632,7.384685298795728e-05
1633,7.384685298795728e-05
1634,7.384685298795728e-05
1635,7.384685298795728e-05
1636,7.384685298795728e-05
1637,7.384685298795728e-05
1638,7.384685298795728e-05
1639,7.384685298795728e-05
1640,7.384685298795728e-05
1641,7.384685298795728e-05
1642,7.384685298795728e-05
1643,7.384685298795728e-05
1644,7.384685298795728e-05
1645,7.384685298795728e-05
1646,7.384685298795728e-05
1647,7.384685298795728e-05
1648,7.384685298795728e-05
1649,7.384685298795728e-05
1650,7.384685298795728e-05
1651,7.384685298795728e-05
1652,7.384685298795728e-05
1653,7.384685298795728e-05
1654,7.384685298795728e-05
1655,7.384685298795728e-05
1656,7.384685298795728e-05
1657,7.384685298795728e-05
1658,7.384685298795728e-05
1659,7.384685298795728e-05
1660,7.384685298795728e-05
1661,7.384685298795728e-05
1662,7.384685298795728e-05
1663,7.384685298795728e-05
1664,7.384685298795728e-05
1665,7.384685298795728e-05
1666,7.384685298795728e-05
1667,7.384685298795728e-05
1668,7.384685298795728e-05
1669,7.384685298795728e-05
1670,7.384685298795728e-05
1671,7.384685298795728e-05
1672,7.384685298795728e-05
1673,7.384685298795728e-05
1674,7.384685298795728e-05
1675,7.384685298795728e-05
1676,7.384685298795728e-05
1677,7.384685298795728e-05
1678,7.384685298795728e-05
1679,7.384685298795728e-05
1680,7.384685298795728e-05
1681,7.384685298795728e-05
1682,7.384685298795728e-05
1683,7.384685298795728e-05
1684,7.384685298795728e-05
1685,7.384685298795728e-05
1686,7.384685298795728e-05
1687,7.384685298795728e-05
1688,7.384685298795728e-05
1689,7.384685298795728e-05
1690,7.384685298795728e-05
1691,7.384685298795728e-05
1692,7.384685298795728e-05
1693,7.384685298795728e-05
1694,7.384685298795728e-05
1695,7.384685298795728e-05
1696,7.384685298795728e-05
1697,7.384685298795728e-05
1698,7.384685298795728e-05
1699,7.384685298795728e-05
1700,7.384685298795728e-05
1701,7.384685298795728e-05
1702,7.384685298795728e-05
1703,7.384685298795728e-05
1704,7.384685298795728e-05
1705,7.384685298795728e-05
1706,7.384685298795728e-05
1707,7.384685298795728e-05
1708,7.384685298795728e-05
1709,7.384685298795728e-05
1710,7.384685298795728e-05
1711,7.384685298795728e-05
1712,7.384685298795728e-05
1713,7.384685298795728e-05
1714,7.384685298795728e-05
1715,7.384685298795728e-05
1716,7.384685298795728e-05
1717,7.384685298795728e-05
1718,7.384685298795728e-05
1719,7.384685298795728e-05
1720,7.384685298795728e-05
1721,7.384685298795728e-05
1722,7.384685298795728e-05
1723,7.384685298795728e-05
1724,7.384685298795728e-05
1725,7.384685298795728e-05
1726,7.384685298795728e-05
1727,7.384685298795728e-05
1728,7.384685298795728e-05
1729,7.384685298795728e-05
1730,7.384685298795728e-05
1731,7.384685298795728e-05
1732,7.384685298795728e-05
1733,7.384685298795728e-05
1734,7.384685298795728e-05
1735,7.384685298795728e-05
1736,7.384685298795728e-05
1737,7.384685298795728e-05
1738,7.384685298795728e-05
1739,7.384685298795728e-05
1740,7.384685298795728e-05
1741,7.384685298795728e-05
1742,7.384685298795728e-05
1743,7.384685298795728e-05
1744,7.384685298795728e-05
1745,7.384685298795728e-05
1746,7.384685298795728e-05
1747,7.384685298795728e-05
1748,7.384685298795728e-05
1749,7.384685298795728e-05
1750,7.384685298795728e-05
1751,7.384685298795728e-05
1752,7.384685298795728e-05
1753,7.384685298795728e-05
1754,7.384685298795728e-05
1755,7.384685298795728e-05
1756,7.384685298795728e-05
1757,7.384685298795728e-05
1758,7.384685298795728e-05
1759,7.384685298795728e-05
1760,7.384685298795728e-05
1761,7.384685298795728e-05
1762,7.384685298795728e-05
1763,7.384685298795728e-05
1764,7.384685298795728e-05
1765,7.384685298795728e-05
1766,7.384685298795728e-05
1767,7.384685298795728e-05
1768,7.384685298795728e-05
1769,7.384685298795728e-05
1770,7.384685298795728e-05
1771,7.384685298795728e-05
1772,7.384685298795728e-05
1773,7.384685298795728e-05
1774,7.384685298795728e-05
1775,7.384685298795728e-05
1776,7.384685298795728e-05
1777,7.384685298795728e-05
1778,7.384685298795728e-05
1779,7.384685298795728e-05
1780,7.384685298795728e-05
1781,7.384685298795728e-05
1782,7.384685298795728e-05
1783,7.384685298795728e-05
1784,7.384685298795728e-05
1785,7.384685298795728e-05
1786,7.384685298795728e-05
1787,7.384685298795728e-05
1788,7.384685298795728e-05
1789,7.384685298795728e-05
1790,7.384685298795728e-05
1791,7.384685298795728e-05
1792,7.384685298795728e-05
1793,7.384685298795728e-05
1794,7.384685298795728e-05
1795,7.384685298795728e-05
1796,7.384685298795728e-05
1797,7.384685298795728e-05
1798,7.384685298795728e-05
1799,7.384685298795728e-05
1800,7.384685298795728e-05
1801,7.384685298795728e-05
1802,7.384685298795728e-05
1803,7.384685298795728e-05
1804,7.384685298795728e-05
1805,7.384685298795728e-05
1806,7.384685298795728e-05
1807,7.384685298795728e-05
1808,7.384685298795728e-05
1809,7.384685298795728e-05
1810,7.384685298795728e-05
1811,7.384685298795728e-05
1812,7.384685298795728e-05
1813,7.384685298795728e-05
1814,7.384685298795728e-05
1815,7.384685298795728e-05
1816,7.384685298795728e-05
1817,7.384685298795728e-05
1818,7.384685298795728e-05
1819,7.384685298795728e-05
1820,7.384685298795728e-05
1821,7.384685298795728e-05
1822,7.384685298795728e-05
1823,7.384685298795728e-05
1824,7.384685298795728e-05
1825,7.384685298795728e-05
1826,7.384685298795728e-05
1827,7.384685298795728e-05
1828,7.384685298795728e-05
1829,7.384685298795728e-05
1830,7.384685298795728e-05
1831,7.384685298795728e-05
1832,7.384685298795728e-05
1833,7.384685298795728e-05
1834,7.384685298795728e-05
1835,7.384685298795728e-05
1836,7.384685298795728e-05
1837,7.384685298795728e-05
1838,7.384685298795728e-05
1839,7.384685298795728e-05
1840,7.384685298795728e-05
1841,7.384685298795728e-05
1842,7.384685298795728e-05
1843,7.384685298795728e-05
1844,7.384685298795728e-05
1845,7.384685298795728e-05
1846,7.384685298795728e-05
1847,7.384685298795728e-05
1848,7.384685298795728e-05
1849,7.384685298795728e-05
1850,7.384685298795728e-05
1851,7.384685298795728e-05
1852,7.384685298795728e-05
1853,7.384685298795728e-05
1854,7.384685298795728e-05
1855,7.384685298795728e-05
1856,7.384685298795728e-05
1857,7.384685298795728e-05
1858,7.384685298795728e-05
1859,7.384685298795728e-05
1860,7.384685298795728e-05
1861,7.384685298795728e-05
1862,7.384685298795728e-05
1863,7.384685298795728e-05
1864,7.384685298795728e-05
1865,7.384685298795728e-05
1866,7.384685298795728e-05
1867,7.384685298795728e-05
1868,7.384685298795728e-05
1869,7.384685298795728e-05
1870,7.384685298795728e-05
1871,7.384685298795728e-05
1872,7.384685298795728e-05
1873,7.384685298795728e-05
1874,7.384685298795728e-05
1875,7.384685298795728e-05
1876,7.384685298795728e-05
1877,7.384685298795728e-05
1878,7.384685298795728e-05
1879,7.384685298795728e-05
1880,7.384685298795728e-05
1881,7.384685298795728e-05
1882,7.384685298795728e-05
1883,7.384685298795728e-05
1884,7.384685298795728e-05
1885,7.384685298795728e-05
1886,7.384685298795728e-05
1887,7.384685298795728e-05
1888,7.384685298795728e-05
1889,7.384685298795728e-05
1890,7.384685298795728e-05
1891,7.384685298795728e-05
1892,7.384685298795728e-05
1893,7.384685298795728e-05
1894,7.384685298795728e-05
1895,7.384685298795728e-05
1896,7.384685298795728e-05
1897,7.384685298795728e-05
1898,7.384685298795728e-05
1899,7.384685298795728e-05
1900,7.384685298795728e-05
1901,7.384685298795728e-05
1902,7.384685298795728e-05
1903,7.384685298795728e-05
1904,7.384685298795728e-05
1905,7.384685298795728e-05
1906,7.384685298795728e-05
1907,7.384685298795728e-05
1908,7.384685298795728e-05
1909,7.384685298795728e-05
1910,7.384685298795728e-05
1911,7.384685298795728e-05
1912,7.384685298795728e-05
1913,7.384685298795728e-05
1914,7.384685298795728e-05
1915,7.384685298795728e-05
1916,7.384685298795728e-05
1917,7.384685298795728e-05
1918,7.384685298795728e-05
1919,7.384685298795728e-05
1920,7.384685298795728e-05
1921,7.384685298795728e-05
1922,7.384685298795728e-05
1923,7.384685298795728e-05
1924,7.384685298795728e-05
1925,7.384685298795728e-05
1926,7.384685298795728e-05
1927,7.384685298795728e-05
1928,7.384685298795728e-05
1929,7.384685298795728e-05
1930,7.384685298795728e-05
1931,7.384685298795728e-05
1932,7.384685298795728e-05
1933,7.384685298795728e-05
1934,7.384685298795728e-05
1935,7.384685298795728e-05
1936,7.384685298795728e-05
1937,7.384685298795728e-05
1938,7.384685298795728e-05
1939,7.384685298795728e-05
1940,7.384685298795728e-05
1941,7.384685298795728e-05
1942,7.384685298795728e-05
1943,7.384685298795728e-05
1944,7.384685298795728e-05
1945,7.384685298795728e-05
1946,7.384685298795728e-05
1947,7.384685298795728e-05
1948,7.384685298795728e-05
1949,7.384685298795728e-05
1950,7.384685298795728e-05
1951,7.384685298795728e-05
1952,7.384685298795728e-05
1953,7.384685298795728e-05
1954,7.384685298795728e-05
1955,7.384685298795728e-05
1956,7.384685298795728e-05
1957,7.384685298795728e-05
1958,7.384685298795728e-05
1959,7.384685298795728e-05
1960,7.384685298795728e-05
1961,7.384685298795728e-05
1962,7.384685298795728e-05
1963,7.384685298795728e-05
1964,7.384685298795728e-05
1965,7.384685298795728e-05
1966,7.384685298795728e-05
1967,7.384685298795728e-05
1968,7.384685298795728e-05
1969,7.384685298795728e-05
1970,7.384685298795728e-05
1971,7.384685298795728e-05
1972,7.384685298795728e-05
1973,7.384685298795728e-05
1974,7.384685298795728e-05
1975,7.384685298795728e-05
1976,7.384685298795728e-05
1977,7.384685298795728e-05
1978,7.384685298795728e-05
1979,7.384685298795728e-05
1980,7.384685298795728e-05
1981,7.384685298795728e-05
1982,7.384685298795728e-05
1983,7.384685298795728e-05
1984,7.384685298795728e-05
1985,7.384685298795728e-05
1986,7.384685298795728e-05
1987,7.384685298795728e-05
1988,7.384685298795728e-05
1989,7.384685298795728e-05
1990,7.384685298795728e-05
1991,7.384685298795728e-05
1992,7.384685298795728e-05
1993,7.384685298795728e-05
1994,7.384685298795728e-05
1995,7.384685298795728e-05
1996,7.384685298795728e-05
1997,7.384685298795728e-05
1998,7.384685298795728e-05
1999,7.384685298795728e-05
2000,7.384685298795728e-05
2001,7.384685298795728e-05
2002,7.384685298795728e-05
2003,7.384685298795728e-05
2004,7.384685298795728e-05
2005,7.384685298795728e-05
2006,7.384685298795728e-05
2007,7.384685298795728e-05
2008,7.384685298795728e-05
2009,7.384685298795728e-05
2010,7.384685298795728e-05
2011,7.384685298795728e-05
2012,7.384685298795728e-05
2013,7.384685298795728e-05
2014,7.384685298795728e-05
2015,7.384685298795728e-05
2016,7.384685298795728e-05
2017,7.384685298795728e-05
2018,7.384685298795728e-05
2019,7.384685298795728e-05
2020,7.384685298795728e-05
2021,7.384685298795728e-05
2022,7.384685298795728e-05
2023,7.384685298795728e-05
2024,7.384685298795728e-05
2025,7.384685298795728e-05
2026,7.384685298795728e-05
2027,7.384685298795728e-05
2028,7.384685298795728e-05
2029,7.384685298795728e-05
2030,7.384685298795728e-05
2031,7.384685298795728e-05
2032,7.384685298795728e-05
2033,7.384685298795728e-05
2034,7.384685298795728e-05
2035,7.384685298795728e-05
2036,7.384685298795728e-05
2037,7.384685298795728e-05
2038,7.384685298795728e-05
2039,7.384685298795728e-05
2040,7.384685298795728e-05
2041,7.384685298795728e-05
2042,7.384685298795728e-05
2043,7.384685298795728e-05
2044,7.384685298795728e-05
2045,7.384685298795728e-05
2046,7.384685298795728e-05
2047,7.384685298795728e-05
2048,7.384685298795728e-05
2049,7.384685298795728e-05
2050,7.384685298795728e-05
2051,7.384685298795728e-05
2052,7.384685298795728e-05
2053,7.384685298795728e-05
2054,7.384685298795728e-05
2055,7.384685298795728e-05
2056,7.384685298795728e-05
2057,7.384685298795728e-05
2058,7.384685298795728e-05
2059,7.384685298795728e-05
2060,7.384685298795728e-05
2061,7.384685298795728e-05
2062,7.384685298795728e-05
2063,7.384685298795728e-05
2064,7.384685298795728e-05
2065,7.384685298795728e-05
2066,7.384685298795728e-05
2067,7.384685298795728e-05
2068,7.384685298795728e-05
2069,7.384685298795728e-05
2070,7.384685298795728e-05
2071,7.384685298795728e-05
2072,7.384685298795728e-05
2073,7.384685298795728e-05
2074,7.384685298795728e-05
2075,7.384685298795728e-05
2076,7.384685298795728e-05
2077,7.384685298795728e-05
2078,7.384685298795728e-05
2079,7.384685298795728e-05
2080,7.384685298795728e-05
2081,7.384685298795728e-05
2082,7.384685298795728e-05
2083,7.384685298795728e-05
2084,7.384685298795728e-05
2085,7.384685298795728e-05
2086,7.384685298795728e-05
2087,7.384685298795728e-05
2088,7.384685298795728e-05
2089,7.384685298795728e-05
2090,7.384685298795728e-05
2091,7.384685298795728e-05
2092,7.384685298795728e-05
2093,7.384685298795728e-05
2094,7.384685298795728e-05
2095,7.384685298795728e-05
2096,7.384685298795728e-05
2097,7.384685298795728e-05
2098,7.384685298795728e-05
2099,7.384685298795728e-05
2100,7.384685298795728e-05
2101,7.384685298795728e-05
2102,7.384685298795728e-05
2103,7.384685298795728e-05
2104,7.384685298795728e-05
2105,7.384685298795728e-05
2106,7.384685298795728e-05
2107,7.384685298795728e-05
2108,7.384685298795728e-05
2109,7.384685298795728e-05
2110,7.384685298795728e-05
2111,7.384685298795728e-05
2112,7.384685298795728e-05
2113,7.384685298795728e-05
2114,7.384685298795728e-05
2115,7.384685298795728e-05
2116,7.384685298795728e-05
2117,7.384685298795728e-05
2118,7.384685298795728e-05
2119,7.384685298795728e-05
2120,7.384685298795728e-05
2121,7.384685298795728e-05
2122,7.384685298795728e-05
2123,7.384685298795728e-05
2124,7.384685298795728e-05
2125,7.384685298795728e-05
2126,7.384685298795728e-05
2127,7.384685298795728e-05
2128,7.384685298795728e-05
2129,7.384685298795728e-05
2130,7.384685298795728e-05
2131,7.384685298795728e-05
2132,7.384685298795728e-05
2133,7.384685298795728e-05
2134,7.384685298795728e-05
2135,7.384685298795728e-05
2136,7.384685298795728e-05
2137,7.384685298795728e-05
2138,7.384685298795728e-05
2139,7.384685298795728e-05
2140,7.384685298795728e-05
2141,7.384685298795728e-05
2142,7.384685298795728e-05
2143,7.384685298795728e-05
2144,7.384685298795728e-05
2145,7.384685298795728e-05
2146,7.384685298795728e-05
2147,7.384685298795728e-05
2148,7.384685298795728e-05
2149,7.384685298795728e-05
2150,7.384685298795728e-05
2151,7.384685298795728e-05
2152,7.384685298795728e-05
2153,7.384685298795728e-05
2154,7.384685298795728e-05
2155,7.384685298795728e-05
2156,7.384685298795728e-05
2157,7.384685298795728e-05
2158,7.384685298795728e-05
2159,7.384685298795728e-05
2160,7.384685298795728e-05
2161,7.384685298795728e-05
2162,7.384685298795728e-05
2163,7.384685298795728e-05
2164,7.384685298795728e-05
2165,7.384685298795728e-05
2166,7.384685298795728e-05
2167,7.384685298795728e-05
2168,7.384685298795728e-05
2169,7.384685298795728e-05
2170,7.384685298795728e-05
2171,7.384685298795728e-05
2172,7.384685298795728e-05
2173,7.384685298795728e-05
2174,7.384685298795728e-05
2175,7.384685298795728e-05
2176,7.384685298795728e-05
2177,7.384685298795728e-05
2178,7.384685298795728e-05
2179,7.384685298795728e-05
2180,7.384685298795728e-05
2181,7.384685298795728e-05
2182,7.384685298795728e-05
2183,7.384685298795728e-05
2184,7.384685298795728e-05
2185,7.384685298795728e-05
2186,7.384685298795728e-05
2187,7.384685298795728e-05
2188,7.384685298795728e-05
2189,7.384685298795728e-05
2190,7.384685298795728e-05
2191,7.384685298795728e-05
2192,7.384685298795728e-05
2193,7.384685298795728e-05
2194,7.384685298795728e-05
2195,7.384685298795728e-05
2196,7.384685298795728e-05
2197,7.384685298795728e-05
2198,7.384685298795728e-05
2199,7.384685298795728e-05
2200,7.384685298795728e-05
2201,7.384685298795728e-05
2202,7.384685298795728e-05
2203,7.384685298795728e-05
2204,7.384685298795728e-05
2205,7.384685298795728e-05
2206,7.384685298795728e-05
2207,7.384685298795728e-05
2208,7.384685298795728e-05
2209,7.384685298795728e-05
2210,7.384685298795728e-05
2211,7.384685298795728e-05
2212,7.384685298795728e-05
2213,7.384685298795728e-05
2214,7.384685298795728e-05
2215,7.384685298795728e-05
2216,7.384685298795728e-05
2217,7.384685298795728e-05
2218,7.384685298795728e-05
2219,7.384685298795728e-05
2220,7.384685298795728e-05
2221,7.384685298795728e-05
2222,7.384685298795728e-05
2223,7.384685298795728e-05
2224,7.384685298795728e-05
2225,7.384685298795728e-05
2226,7.384685298795728e-05
2227,7.384685298795728e-05
2228,7.384685298795728e-05
2229,7.384685298795728e-05
2230,7.384685298795728e-05
2231,7.384685298795728e-05
2232,7.384685298795728e-05
2233,7.384685298795728e-05
2234,7.384685298795728e-05
2235,7.384685298795728e-05
2236,7.384685298795728e-05
2237,7.384685298795728e-05
2238,7.384685298795728e-05
2239,7.384685298795728e-05
2240,7.384685298795728e-05
2241,7.384685298795728e-05
2242,7.384685298795728e-05
2243,7.384685298795728e-05
2244,7.384685298795728e-05
2245,7.384685298795728e-05
2246,7.384685298795728e-05
2247,7.384685298795728e-05
2248,7.384685298795728e-05
2249,7.384685298795728e-05
2250,7.384685298795728e-05
2251,7.384685298795728e-05
2252,7.384685298795728e-05
2253,7.384685298795728e-05
2254,7.384685298795728e-05
2255,7.384685298795728e-05
2256,7.384685298795728e-05
2257,7.384685298795728e-05
2258,7.384685298795728e-05
2259,7.384685298795728e-05
2260,7.384685298795728e-05
2261,7.384685298795728e-05
2262,7.384685298795728e-05
2263,7.384685298795728e-05
2264,7.384685298795728e-05
2265,7.384685298795728e-05
2266,7.384685298795728e-05
2267,7.384685298795728e-05
2268,7.384685298795728e-05
2269,7.384685298795728e-05
2270,7.384685298795728e-05
2271,7.384685298795728e-05
2272,7.384685298795728e-05
2273,7.384685298795728e-05
2274,7.384685298795728e-05
2275,7.384685298795728e-05
2276,7.384685298795728e-05
2277,7.384685298795728e-05
2278,7.384685298795728e-05
2279,7.384685298795728e-05
2280,7.384685298795728e-05
2281,7.384685298795728e-05
2282,7.384685298795728e-05
2283,7.384685298795728e-05
2284,7.384685298795728e-05
2285,7.384685298795728e-05
2286,7.384685298795728e-05
2287,7.384685298795728e-05
2288,7.384685298795728e-05
2289,7.384685298795728e-05
2290,7.384685298795728e-05
2291,7.384685298795728e-05
2292,7.384685298795728e-05
2293,7.384685298795728e-05
2294,7.384685298795728e-05
2295,7.384685298795728e-05
2296,7.384685298795728e-05
2297,7.384685298795728e-05
2298,7.384685298795728e-05
2299,7.384685298795728e-05
2300,7.384685298795728e-05
2301,7.384685298795728e-05
2302,7.384685298795728e-05
2303,7.384685298795728e-05
2304,7.384685298795728e-05
2305,7.384685298795728e-05
2306,7.384685298795728e-05
2307,7.384685298795728e-05
2308,7.384685298795728e-05
2309,7.384685298795728e-05
2310,7.384685298795728e-05
2311,7.384685298795728e-05
2312,7.384685298795728e-05
2313,7.384685298795728e-05
2314,7.384685298795728e-05
2315,7.384685298795728e-05
2316,7.384685298795728e-05
2317,7.384685298795728e-05
2318,7.384685298795728e-05
2319,7.384685298795728e-05
2320,7.384685298795728e-05
2321,7.384685298795728e-05
2322,7.384685298795728e-05
2323,7.384685298795728e-05
2324,7.384685298795728e-05
2325,7.384685298795728e-05
2326,7.384685298795728e-05
2327,7.384685298795728e-05
2328,7.384685298795728e-05
2329,7.384685298795728e-05
2330,7.384685298795728e-05
2331,7.384685298795728e-05
2332,7.384685298795728e-05
2333,7.384685298795728e-05
2334,7.384685298795728e-05
2335,7.384685298795728e-05
2336,7.384685298795728e-05
2337,7.384685298795728e-05
2338,7.384685298795728e-05
2339,7.384685298795728e-05
2340,7.384685298795728e-05
2341,7.384685298795728e-05
2342,7.384685298795728e-05
2343,7.384685298795728e-05
2344,7.384685298795728e-05
2345,7.384685298795728e-05
2346,7.384685298795728e-05
2347,7.384685298795728e-05
2348,7.384685298795728e-05
2349,7.384685298795728e-05
2350,7.384685298795728e-05
2351,7.384685298795728e-05
2352,7.384685298795728e-05
2353,7.384685298795728e-05
2354,7.384685298795728e-05
2355,7.384685298795728e-05
2356,7.384685298795728e-05
2357,7.384685298795728e-05
2358,7.384685298795728e-05
2359,7.384685298795728e-05
2360,7.384685298795728e-05
2361,7.384685298795728e-05
2362,7.384685298795728e-05
2363,7.384685298795728e-05
2364,7.384685298795728e-05
2365,7.384685298795728e-05
2366,7.384685298795728e-05
2367,7.384685298795728e-05
2368,7.384685298795728e-05
2369,7.384685298795728e-05
2370,7.384685298795728e-05
2371,7.384685298795728e-05
2372,7.384685298795728e-05
2373,7.384685298795728e-05
2374,7.384685298795728e-05
2375,7.384685298795728e-05
2376,7.384685298795728e-05
2377,7.384685298795728e-05
2378,7.384685298795728e-05
2379,7.384685298795728e-05
2380,7.384685298795728e-05
2381,7.384685298795728e-05
2382,7.384685298795728e-05
2383,7.384685298795728e-05
2384,7.384685298795728e-05
2385,7.384685298795728e-05
2386,7.384685298795728e-05
2387,7.384685298795728e-05
2388,7.384685298795728e-05
2389,7.384685298795728e-05
2390,7.384685298795728e-05
2391,7.384685298795728e-05
2392,7.384685298795728e-05
2393,7.384685298795728e-05
2394,7.384685298795728e-05
2395,7.384685298795728e-05
2396,7.384685298795728e-05
2397,7.384685298795728e-05
2398,7.384685298795728e-05
2399,7.384685298795728e-05
2400,7.384685298795728e-05
2401,7.384685298795728e-05
2402,7.384685298795728e-05
2403,7.384685298795728e-05
2404,7.384685298795728e-05
2405,7.384685298795728e-05
2406,7.384685298795728e-05
2407,7.384685298795728e-05
2408,7.384685298795728e-05
2409,7.384685298795728e-05
2410,7.384685298795728e-05
2411,7.384685298795728e-05
2412,7.384685298795728e-05
2413,7.384685298795728e-05
2414,7.384685298795728e-05
2415,7.384685298795728e-05
2416,7.384685298795728e-05
2417,7.384685298795728e-05
2418,7.384685298795728e-05
2419,7.384685298795728e-05
2420,7.384685298795728e-05
2421,7.384685298795728e-05
2422,7.384685298795728e-05
2423,7.384685298795728e-05
2424,7.384685298795728e-05
2425,7.384685298795728e-05
2426,7.384685298795728e-05
2427,7.384685298795728e-05
2428,7.384685298795728e-05
2429,7.384685298795728e-05
2430,7.384685298795728e-05
2431,7.384685298795728e-05
2432,7.384685298795728e-05
2433,7.384685298795728e-05
2434,7.384685298795728e-05
2435,7.384685298795728e-05
2436,7.384685298795728e-05
2437,7.384685298795728e-05
2438,7.384685298795728e-05
2439,7.384685298795728e-05
2440,7.384685298795728e-05
2441,7.384685298795728e-05
2442,7.384685298795728e-05
2443,7.384685298795728e-05
2444,7.384685298795728e-05
2445,7.384685298795728e-05
2446,7.384685298795728e-05
2447,7.384685298795728e-05
2448,7.384685298795728e-05
2449,7.384685298795728e-05
2450,7.384685298795728e-05
2451,7.384685298795728e-05
2452,7.384685298795728e-05
2453,7.384685298795728e-05
2454,7.384685298795728e-05
2455,7.384685298795728e-05
2456,7.384685298795728e-05
2457,7.384685298795728e-05
2458,7.384685298795728e-05
2459,7.384685298795728e-05
2460,7.384685298795728e-05
2461,7.384685298795728e-05
2462,7.384685298795728e-05
2463,7.384685298795728e-05
2464,7.384685298795728e-05
2465,7.384685298795728e-05
2466,7.384685298795728e-05
2467,7.384685298795728e-05
2468,7.384685298795728e-05
2469,7.384685298795728e-05
2470,7.384685298795728e-05
2471,7.384685298795728e-05
2472,7.384685298795728e-05
2473,7.384685298795728e-05
2474,7.384685298795728e-05
2475,7.384685298795728e-05
2476,7.384685298795728e-05
2477,7.384685298795728e-05
2478,7.384685298795728e-05
2479,7.384685298795728e-05
2480,7.384685298795728e-05
2481,7.384685298795728e-05
2482,7.384685298795728e-05
2483,7.384685298795728e-05
2484,7.384685298795728e-05
2485,7.384685298795728e-05
2486,7.384685298795728e-05
2487,7.384685298795728e-05
2488,7.384685298795728e-05
2489,7.384685298795728e-05
2490,7.384685298795728e-05
2491,7.384685298795728e-05
2492,7.384685298795728e-05
2493,7.384685298795728e-05
2494,7.384685298795728e-05
2495,7.384685298795728e-05
2496,7.384685298795728e-05
2497,7.384685298795728e-05
2498,7.384685298795728e-05
2499,7.384685298795728e-05
2500,7.384685298795728e-05
2501,7.384685298795728e-05
2502,7.384685298795728e-05
2503,7.384685298795728e-05
2504,7.384685298795728e-05
2505,7.384685298795728e-05
2506,7.384685298795728e-05
2507,7.384685298795728e-05
2508,7.384685298795728e-05
2509,7.384685298795728e-05
2510,7.384685298795728e-05
2511,7.384685298795728e-05
2512,7.384685298795728e-05
2513,7.384685298795728e-05
2514,7.384685298795728e-05
2515,7.384685298795728e-05
2516,7.384685298795728e-05
2517,7.384685298795728e-05
2518,7.384685298795728e-05
2519,7.384685298795728e-05
2520,7.384685298795728e-05
2521,7.384685298795728e-05
2522,7.384685298795728e-05
2523,7.384685298795728e-05
2524,7.384685298795728e-05
2525,7.384685298795728e-05
2526,7.384685298795728e-05
2527,7.384685298795728e-05
2528,7.384685298795728e-05
2529,7.384685298795728e-05
2530,7.384685298795728e-05
2531,7.384685298795728e-05
2532,7.384685298795728e-05
2533,7.384685298795728e-05
2534,7.384685298795728e-05
2535,7.384685298795728e-05
2536,7.384685298795728e-05
2537,7.384685298795728e-05
2538,7.384685298795728e-05
2539,7.384685298795728e-05
2540,7.384685298795728e-05
2541,7.384685298795728e-05
2542,7.384685298795728e-05
2543,7.384685298795728e-05
2544,7.384685298795728e-05
2545,7.384685298795728e-05
2546,7.384685298795728e-05
2547,7.384685298795728e-05
2548,7.384685298795728e-05
2549,7.384685298795728e-05
2550,7.384685298795728e-05
2551,7.384685298795728e-05
2552,7.384685298795728e-05
2553,7.384685298795728e-05
2554,7.384685298795728e-05
2555,7.384685298795728e-05
2556,7.384685298795728e-05
2557,7.384685298795728e-05
2558,7.384685298795728e-05
2559,7.384685298795728e-05
2560,7.384685298795728e-05
2561,7.384685298795728e-05
2562,7.384685298795728e-05
2563,7.384685298795728e-05
2564,7.384685298795728e-05
2565,7.384685298795728e-05
2566,7.384685298795728e-05
2567,7.384685298795728e-05
2568,7.384685298795728e-05
2569,7.384685298795728e-05
2570,7.384685298795728e-05
2571,7.384685298795728e-05
2572,7.384685298795728e-05
2573,7.384685298795728e-05
2574,7.384685298795728e-05
2575,7.384685298795728e-05
2576,7.384685298795728e-05
2577,7.384685298795728e-05
2578,7.384685298795728e-05
2579,7.384685298795728e-05
2580,7.384685298795728e-05
2581,7.384685298795728e-05
2582,7.384685298795728e-05
2583,7.384685298795728e-05
2584,7.384685298795728e-05
2585,7.384685298795728e-05
2586,7.384685298795728e-05
2587,7.384685298795728e-05
2588,7.384685298795728e-05
2589,7.384685298795728e-05
2590,7.384685298795728e-05
2591,7.384685298795728e-05
2592,7.384685298795728e-05
2593,7.384685298795728e-05
2594,7.384685298795728e-05
2595,7.384685298795728e-05
2596,7.384685298795728e-05
2597,7.384685298795728e-05
2598,7.384685298795728e-05
2599,7.384685298795728e-05
2600,7.384685298795728e-05
2601,7.384685298795728e-05
2602,7.384685298795728e-05
2603,7.384685298795728e-05
2604,7.384685298795728e-05
2605,7.384685298795728e-05
2606,7.384685298795728e-05
2607,7.384685298795728e-05
2608,7.384685298795728e-05
2609,7.384685298795728e-05
2610,7.384685298795728e-05
2611,7.384685298795728e-05
2612,7.384685298795728e-05
2613,7.384685298795728e-05
2614,7.384685298795728e-05
2615,7.384685298795728e-05
2616,7.384685298795728e-05
2617,7.384685298795728e-05
2618,7.384685298795728e-05
2619,7.384685298795728e-05
2620,7.384685298795728e-05
2621,7.384685298795728e-05
2622,7.384685298795728e-05
2623,7.384685298795728e-05
2624,7.384685298795728e-05
2625,7.384685298795728e-05
2626,7.384685298795728e-05
2627,7.384685298795728e-05
2628,7.384685298795728e-05
2629,7.384685298795728e-05
2630,7.384685298795728e-05
2631,7.384685298795728e-05
2632,7.384685298795728e-05
2633,7.384685298795728e-05
2634,7.384685298795728e-05
2635,7.384685298795728e-05
2636,7.384685298795728e-05
2637,7.384685298795728e-05
2638,7.384685298795728e-05
2639,7.384685298795728e-05
2640,7.384685298795728e-05
2641,7.384685298795728e-05
2642,7.384685298795728e-05
2643,7.384685298795728e-05
2644,7.384685298795728e-05
2645,7.384685298795728e-05
2646,7.384685298795728e-05
2647,7.384685298795728e-05
2648,7.384685298795728e-05
2649,7.384685298795728e-05
2650,7.384685298795728e-05
2651,7.384685298795728e-05
2652,7.384685298795728e-05
2653,7.384685298795728e-05
2654,7.384685298795728e-05
2655,7.384685298795728e-05
2656,7.384685298795728e-05
2657,7.384685298795728e-05
2658,7.384685298795728e-05
2659,7.384685298795728e-05
2660,7.384685298795728e-05
2661,7.384685298795728e-05
2662,7.384685298795728e-05
2663,7.384685298795728e-05
2664,7.384685298795728e-05
2665,7.384685298795728e-05
2666,7.384685298795728e-05
2667,7.384685298795728e-05
2668,7.384685298795728e-05
2669,7.384685298795728e-05
2670,7.384685298795728e-05
2671,7.384685298795728e-05
2672,7.384685298795728e-05
2673,7.384685298795728e-05
2674,7.384685298795728e-05
2675,7.384685298795728e-05
2676,7.384685298795728e-05
2677,7.384685298795728e-05
2678,7.384685298795728e-05
2679,7.384685298795728e-05
2680,7.384685298795728e-05
2681,7.384685298795728e-05
2682,7.384685298795728e-05
2683,7.384685298795728e-05
2684,7.384685298795728e-05
2685,7.384685298795728e-05
2686,7.384685298795728e-05
2687,7.384685298795728e-05
2688,7.384685298795728e-05
2689,7.384685298795728e-05
2690,7.384685298795728e-05
2691,7.384685298795728e-05
2692,7.384685298795728e-05
2693,7.384685298795728e-05
2694,7.384685298795728e-05
2695,7.384685298795728e-05
2696,7.384685298795728e-05
2697,7.384685298795728e-05
2698,7.384685298795728e-05
2699,7.384685298795728e-05
2700,7.384685298795728e-05
2701,7.384685298795728e-05
2702,7.384685298795728e-05
2703,7.384685298795728e-05
2704,7.384685298795728e-05
2705,7.384685298795728e-05
2706,7.384685298795728e-05
2707,7.384685298795728e-05
2708,7.384685298795728e-05
2709,7.384685298795728e-05
2710,7.384685298795728e-05
2711,7.384685298795728e-05
2712,7.384685298795728e-05
2713,7.384685298795728e-05
2714,7.384685298795728e-05
2715,7.384685298795728e-05
2716,7.384685298795728e-05
2717,7.384685298795728e-05
2718,7.384685298795728e-05
2719,7.384685298795728e-05
2720,7.384685298795728e-05
2721,7.384685298795728e-05
2722,7.384685298795728e-05
2723,7.384685298795728e-05
2724,7.384685298795728e-05
2725,7.384685298795728e-05
2726,7.384685298795728e-05
2727,7.384685298795728e-05
2728,7.384685298795728e-05
2729,7.384685298795728e-05
2730,7.384685298795728e-05
2731,7.384685298795728e-05
2732,7.384685298795728e-05
2733,7.384685298795728e-05
2734,7.384685298795728e-05
2735,7.384685298795728e-05
2736,7.384685298795728e-05
2737,7.384685298795728e-05
2738,7.384685298795728e-05
2739,7.384685298795728e-05
2740,7.384685298795728e-05
2741,7.384685298795728e-05
2742,7.384685298795728e-05
2743,7.384685298795728e-05
2744,7.384685298795728e-05
2745,7.384685298795728e-05
2746,7.384685298795728e-05
2747,7.384685298795728e-05
2748,7.384685298795728e-05
2749,7.384685298795728e-05
2750,7.384685298795728e-05
2751,7.384685298795728e-05
2752,7.384685298795728e-05
2753,7.384685298795728e-05
2754,7.384685298795728e-05
2755,7.384685298795728e-05
2756,7.384685298795728e-05
2757,7.384685298795728e-05
2758,7.384685298795728e-05
2759,7.384685298795728e-05
2760,7.384685298795728e-05
2761,7.384685298795728e-05
2762,7.384685298795728e-05
2763,7.384685298795728e-05
2764,7.384685298795728e-05
2765,7.384685298795728e-05
2766,7.384685298795728e-05
2767,7.384685298795728e-05
2768,7.384685298795728e-05
2769,7.384685298795728e-05
2770,7.384685298795728e-05
2771,7.384685298795728e-05
2772,7.384685298795728e-05
2773,7.384685298795728e-05
2774,7.384685298795728e-05
2775,7.384685298795728e-05
2776,7.384685298795728e-05
2777,7.384685298795728e-05
2778,7.384685298795728e-05
2779,7.384685298795728e-05
2780,7.384685298795728e-05
2781,7.384685298795728e-05
2782,7.384685298795728e-05
2783,7.384685298795728e-05
2784,7.384685298795728e-05
2785,7.384685298795728e-05
2786,7.384685298795728e-05
2787,7.384685298795728e-05
2788,7.384685298795728e-05
2789,7.384685298795728e-05
2790,7.384685298795728e-05
2791,7.384685298795728e-05
2792,7.384685298795728e-05
2793,7.384685298795728e-05
2794,7.384685298795728e-05
2795,7.384685298795728e-05
2796,7.384685298795728e-05
2797,7.384685298795728e-05
2798,7.384685298795728e-05
2799,7.384685298795728e-05
2800,7.384685298795728e-05
2801,7.384685298795728e-05
2802,7.384685298795728e-05
2803,7.384685298795728e-05
2804,7.384685298795728e-05
2805,7.384685298795728e-05
2806,7.384685298795728e-05
2807,7.384685298795728e-05
2808,7.384685298795728e-05
2809,7.384685298795728e-05
2810,7.384685298795728e-05
2811,7.384685298795728e-05
2812,7.384685298795728e-05
2813,7.384685298795728e-05
2814,7.384685298795728e-05
2815,7.384685298795728e-05
2816,7.384685298795728e-05
2817,7.384685298795728e-05
2818,7.384685298795728e-05
2819,7.384685298795728e-05
2820,7.384685298795728e-05
2821,7.384685298795728e-05
2822,7.384685298795728e-05
2823,7.384685298795728e-05
2824,7.384685298795728e-05
2825,7.384685298795728e-05
2826,7.384685298795728e-05
2827,7.384685298795728e-05
2828,7.384685298795728e-05
2829,7.384685298795728e-05
2830,7.384685298795728e-05
2831,7.384685298795728e-05
2832,7.384685298795728e-05
2833,7.384685298795728e-05
2834,7.384685298795728e-05
2835,7.384685298795728e-05
2836,7.384685298795728e-05
2837,7.384685298795728e-05
2838,7.384685298795728e-05
2839,7.384685298795728e-05
2840,7.384685298795728e-05
2841,7.384685298795728e-05
2842,7.384685298795728e-05
2843,7.384685298795728e-05
2844,7.384685298795728e-05
2845,7.384685298795728e-05
2846,7.384685298795728e-05
2847,7.384685298795728e-05
2848,7.384685298795728e-05
2849,7.384685298795728e-05
2850,7.384685298795728e-05
2851,7.384685298795728e-05
2852,7.384685298795728e-05
2853,7.384685298795728e-05
2854,7.384685298795728e-05
2855,7.384685298795728e-05
2856,7.384685298795728e-05
2857,7.384685298795728e-05
2858,7.384685298795728e-05
2859,7.384685298795728e-05
2860,7.384685298795728e-05
2861,7.384685298795728e-05
2862,7.384685298795728e-05
2863,7.384685298795728e-05
2864,7.384685298795728e-05
2865,7.384685298795728e-05
2866,7.384685298795728e-05
2867,7.384685298795728e-05
2868,7.384685298795728e-05
2869,7.384685298795728e-05
2870,7.384685298795728e-05
2871,7.384685298795728e-05
2872,7.384685298795728e-05
2873,7.384685298795728e-05
2874,7.384685298795728e-05
2875,7.384685298795728e-05
2876,7.384685298795728e-05
2877,7.384685298795728e-05
2878,7.384685298795728e-05
2879,7.384685298795728e-05
2880,7.384685298795728e-05
2881,7.384685298795728e-05
2882,7.384685298795728e-05
2883,7.384685298795728e-05
2884,7.384685298795728e-05
2885,7.384685298795728e-05
2886,7.384685298795728e-05
2887,7.384685298795728e-05
2888,7.384685298795728e-05
2889,7.384685298795728e-05
2890,7.384685298795728e-05
2891,7.384685298795728e-05
2892,7.384685298795728e-05
2893,7.384685298795728e-05
2894,7.384685298795728e-05
2895,7.384685298795728e-05
2896,7.384685298795728e-05
2897,7.384685298795728e-05
2898,7.384685298795728e-05
2899,7.384685298795728e-05
2900,7.384685298795728e-05
2901,7.384685298795728e-05
2902,7.384685298795728e-05
2903,7.384685298795728e-05
2904,7.384685298795728e-05
2905,7.384685298795728e-05
2906,7.384685298795728e-05
2907,7.384685298795728e-05
2908,7.384685298795728e-05
2909,7.384685298795728e-05
2910,7.384685298795728e-05
2911,7.384685298795728e-05
2912,7.384685298795728e-05
2913,7.384685298795728e-05
2914,7.384685298795728e-05
2915,7.384685298795728e-05
2916,7.384685298795728e-05
2917,7.384685298795728e-05
2918,7.384685298795728e-05
2919,7.384685298795728e-05
2920,7.384685298795728e-05
2921,7.384685298795728e-05
2922,7.384685298795728e-05
2923,7.384685298795728e-05
2924,7.384685298795728e-05
2925,7.384685298795728e-05
2926,7.384685298795728e-05
2927,7.384685298795728e-05
2928,7.384685298795728e-05
2929,7.384685298795728e-05
2930,7.384685298795728e-05
2931,7.384685298795728e-05
2932,7.384685298795728e-05
2933,7.384685298795728e-05
2934,7.384685298795728e-05
2935,7.384685298795728e-05
2936,7.384685298795728e-05
2937,7.384685298795728e-05
2938,7.384685298795728e-05
2939,7.384685298795728e-05
2940,7.384685298795728e-05
2941,7.384685298795728e-05
2942,7.384685298795728e-05
2943,7.384685298795728e-05
2944,7.384685298795728e-05
2945,7.384685298795728e-05
2946,7.384685298795728e-05
2947,7.384685298795728e-05
2948,7.384685298795728e-05
2949,7.384685298795728e-05
2950,7.384685298795728e-05
2951,7.384685298795728e-05
2952,7.384685298795728e-05
2953,7.384685298795728e-05
2954,7.384685298795728e-05
2955,7.384685298795728e-05
2956,7.384685298795728e-05
2957,7.384685298795728e-05
2958,7.384685298795728e-05
2959,7.384685298795728e-05
2960,7.384685298795728e-05
2961,7.384685298795728e-05
2962,7.384685298795728e-05
2963,7.384685298795728e-05
2964,7.384685298795728e-05
2965,7.384685298795728e-05
2966,7.384685298795728e-05
2967,7.384685298795728e-05
2968,7.384685298795728e-05
2969,7.384685298795728e-05
2970,7.384685298795728e-05
2971,7.384685298795728e-05
2972,7.384685298795728e-05
2973,7.384685298795728e-05
2974,7.384685298795728e-05
2975,7.384685298795728e-05
2976,7.384685298795728e-05
2977,7.384685298795728e-05
2978,7.384685298795728e-05
2979,7.384685298795728e-05
2980,7.384685298795728e-05
2981,7.384685298795728e-05
2982,7.384685298795728e-05
2983,7.384685298795728e-05
2984,7.384685298795728e-05
2985,7.384685298795728e-05
2986,7.384685298795728e-05
2987,7.384685298795728e-05
2988,7.384685298795728e-05
2989,7.384685298795728e-05
2990,7.384685298795728e-05
2991,7.384685298795728e-05
2992,7.384685298795728e-05
2993,7.384685298795728e-05
2994,7.384685298795728e-05
2995,7.384685298795728e-05
2996,7.384685298795728e-05
2997,7.384685298795728e-05
2998,7.384685298795728e-05
2999,7.384685298795728e-05
3000,7.384685298795728e-05
3001,7.384685298795728e-05
3002,7.384685298795728e-05
3003,7.384685298795728e-05
3004,7.384685298795728e-05
3005,7.384685298795728e-05
3006,7.384685298795728e-05
3007,7.384685298795728e-05
3008,7.384685298795728e-05
3009,7.384685298795728e-05
3010,7.384685298795728e-05
3011,7.384685298795728e-05
3012,7.384685298795728e-05
3013,7.384685298795728e-05
3014,7.384685298795728e-05
3015,7.384685298795728e-05
3016,7.384685298795728e-05
3017,7.384685298795728e-05
3018,7.384685298795728e-05
3019,7.384685298795728e-05
3020,7.384685298795728e-05
3021,7.384685298795728e-05
3022,7.384685298795728e-05
3023,7.384685298795728e-05
3024,7.384685298795728e-05
3025,7.384685298795728e-05
3026,7.384685298795728e-05
3027,7.384685298795728e-05
3028,7.384685298795728e-05
3029,7.384685298795728e-05
3030,7.384685298795728e-05
3031,7.384685298795728e-05
3032,7.384685298795728e-05
3033,7.384685298795728e-05
3034,7.384685298795728e-05
3035,7.384685298795728e-05
3036,7.384685298795728e-05
3037,7.384685298795728e-05
3038,7.384685298795728e-05
3039,7.384685298795728e-05
3040,7.384685298795728e-05
3041,7.384685298795728e-05
3042,7.384685298795728e-05
3043,7.384685298795728e-05
3044,7.384685298795728e-05
3045,7.384685298795728e-05
3046,7.384685298795728e-05
3047,7.384685298795728e-05
3048,7.384685298795728e-05
3049,7.384685298795728e-05
3050,7.384685298795728e-05
3051,7.384685298795728e-05
3052,7.384685298795728e-05
3053,7.384685298795728e-05
3054,7.384685298795728e-05
3055,7.384685298795728e-05
3056,7.384685298795728e-05
3057,7.384685298795728e-05
3058,7.384685298795728e-05
3059,7.384685298795728e-05
3060,7.384685298795728e-05
3061,7.384685298795728e-05
3062,7.384685298795728e-05
3063,7.384685298795728e-05
3064,7.384685298795728e-05
3065,7.384685298795728e-05
3066,7.384685298795728e-05
3067,7.384685298795728e-05
3068,7.384685298795728e-05
3069,7.384685298795728e-05
3070,7.384685298795728e-05
3071,7.384685298795728e-05
3072,7.384685298795728e-05
3073,7.384685298795728e-05
3074,7.384685298795728e-05
3075,7.384685298795728e-05
3076,7.384685298795728e-05
3077,7.384685298795728e-05
3078,7.384685298795728e-05
3079,7.384685298795728e-05
3080,7.384685298795728e-05
3081,7.384685298795728e-05
3082,7.384685298795728e-05
3083,7.384685298795728e-05
3084,7.384685298795728e-05
3085,7.384685298795728e-05
3086,7.384685298795728e-05
3087,7.384685298795728e-05
3088,7.384685298795728e-05
3089,7.384685298795728e-05
3090,7.384685298795728e-05
3091,7.384685298795728e-05
3092,7.384685298795728e-05
3093,7.384685298795728e-05
3094,7.384685298795728e-05
3095,7.384685298795728e-05
3096,7.384685298795728e-05
3097,7.384685298795728e-05
3098,7.384685298795728e-05
3099,7.384685298795728e-05
3100,7.384685298795728e-05
3101,7.384685298795728e-05
3102,7.384685298795728e-05
3103,7.384685298795728e-05
3104,7.384685298795728e-05
3105,7.384685298795728e-05
3106,7.384685298795728e-05
3107,7.384685298795728e-05
3108,7.384685298795728e-05
3109,7.384685298795728e-05
3110,7.384685298795728e-05
3111,7.384685298795728e-05
3112,7.384685298795728e-05
3113,7.384685298795728e-05
3114,7.384685298795728e-05
3115,7.384685298795728e-05
3116,7.384685298795728e-05
3117,7.384685298795728e-05
3118,7.384685298795728e-05
3119,7.384685298795728e-05
3120,7.384685298795728e-05
3121,7.384685298795728e-05
3122,7.384685298795728e-05
3123,7.384685298795728e-05
3124,7.384685298795728e-05
3125,7.384685298795728e-05
3126,7.384685298795728e-05
3127,7.384685298795728e-05
3128,7.384685298795728e-05
3129,7.384685298795728e-05
3130,7.384685298795728e-05
3131,7.384685298795728e-05
3132,7.384685298795728e-05
3133,7.384685298795728e-05
3134,7.384685298795728e-05
3135,7.384685298795728e-05
3136,7.384685298795728e-05
3137,7.384685298795728e-05
3138,7.384685298795728e-05
3139,7.384685298795728e-05
3140,7.384685298795728e-05
3141,7.384685298795728e-05
3142,7.384685298795728e-05
3143,7.384685298795728e-05
3144,7.384685298795728e-05
3145,7.384685298795728e-05
3146,7.384685298795728e-05
3147,7.384685298795728e-05
3148,7.384685298795728e-05
3149,7.384685298795728e-05
3150,7.384685298795728e-05
3151,7.384685298795728e-05
3152,7.384685298795728e-05
3153,7.384685298795728e-05
3154,7.384685298795728e-05
3155,7.384685298795728e-05
3156,7.384685298795728e-05
3157,7.384685298795728e-05
3158,7.384685298795728e-05
3159,7.384685298795728e-05
3160,7.384685298795728e-05
3161,7.384685298795728e-05
3162,7.384685298795728e-05
3163,7.384685298795728e-05
3164,7.384685298795728e-05
3165,7.384685298795728e-05
3166,7.384685298795728e-05
3167,7.384685298795728e-05
3168,7.384685298795728e-05
3169,7.384685298795728e-05
3170,7.384685298795728e-05
3171,7.384685298795728e-05
3172,7.384685298795728e-05
3173,7.384685298795728e-05
3174,7.384685298795728e-05
3175,7.384685298795728e-05
3176,7.384685298795728e-05
3177,7.384685298795728e-05
3178,7.384685298795728e-05
3179,7.384685298795728e-05
3180,7.384685298795728e-05
3181,7.384685298795728e-05
3182,7.384685298795728e-05
3183,7.384685298795728e-05
3184,7.384685298795728e-05
3185,7.384685298795728e-05
3186,7.384685298795728e-05
3187,7.384685298795728e-05
3188,7.384685298795728e-05
3189,7.384685298795728e-05
3190,7.384685298795728e-05
3191,7.384685298795728e-05
3192,7.384685298795728e-05
3193,7.384685298795728e-05
3194,7.384685298795728e-05
3195,7.384685298795728e-05
3196,7.384685298795728e-05
3197,7.384685298795728e-05
3198,7.384685298795728e-05
3199,7.384685298795728e-05
3200,7.384685298795728e-05
3201,7.384685298795728e-05
3202,7.384685298795728e-05
3203,7.384685298795728e-05
3204,7.384685298795728e-05
3205,7.384685298795728e-05
3206,7.384685298795728e-05
3207,7.384685298795728e-05
3208,7.384685298795728e-05
3209,7.384685298795728e-05
3210,7.384685298795728e-05
3211,7.384685298795728e-05
3212,7.384685298795728e-05
3213,7.384685298795728e-05
3214,7.384685298795728e-05
3215,7.384685298795728e-05
3216,7.384685298795728e-05
3217,7.384685298795728e-05
3218,7.384685298795728e-05
3219,7.384685298795728e-05
3220,7.384685298795728e-05
3221,7.384685298795728e-05
3222,7.384685298795728e-05
3223,7.384685298795728e-05
3224,7.384685298795728e-05
3225,7.384685298795728e-05
3226,7.384685298795728e-05
3227,7.384685298795728e-05
3228,7.384685298795728e-05
3229,7.384685298795728e-05
3230,7.384685298795728e-05
3231,7.384685298795728e-05
3232,7.384685298795728e-05
3233,7.384685298795728e-05
3234,7.384685298795728e-05
3235,7.384685298795728e-05
3236,7.384685298795728e-05
3237,7.384685298795728e-05
3238,7.384685298795728e-05
3239,7.384685298795728e-05
3240,7.384685298795728e-05
3241,7.384685298795728e-05
3242,7.384685298795728e-05
3243,7.384685298795728e-05
3244,7.384685298795728e-05
3245,7.384685298795728e-05
3246,7.384685298795728e-05
3247,7.384685298795728e-05
3248,7.384685298795728e-05
3249,7.384685298795728e-05
3250,7.384685298795728e-05
3251,7.384685298795728e-05
3252,7.384685298795728e-05
3253,7.384685298795728e-05
3254,7.384685298795728e-05
3255,7.384685298795728e-05
3256,7.384685298795728e-05
3257,7.384685298795728e-05
3258,7.384685298795728e-05
3259,7.384685298795728e-05
3260,7.384685298795728e-05
3261,7.384685298795728e-05
3262,7.384685298795728e-05
3263,7.384685298795728e-05
3264,7.384685298795728e-05
3265,7.384685298795728e-05
3266,7.384685298795728e-05
3267,7.384685298795728e-05
3268,7.384685298795728e-05
3269,7.384685298795728e-05
3270,7.384685298795728e-05
3271,7.384685298795728e-05
3272,7.384685298795728e-05
3273,7.384685298795728e-05
3274,7.384685298795728e-05
3275,7.384685298795728e-05
3276,7.384685298795728e-05
3277,7.384685298795728e-05
3278,7.384685298795728e-05
3279,7.384685298795728e-05
3280,7.384685298795728e-05
3281,7.384685298795728e-05
3282,7.384685298795728e-05
3283,7.384685298795728e-05
3284,7.384685298795728e-05
3285,7.384685298795728e-05
3286,7.384685298795728e-05
3287,7.384685298795728e-05
3288,7.384685298795728e-05
3289,7.384685298795728e-05
3290,7.384685298795728e-05
3291,7.384685298795728e-05
3292,7.384685298795728e-05
3293,7.384685298795728e-05
3294,7.384685298795728e-05
3295,7.384685298795728e-05
3296,7.384685298795728e-05
3297,7.384685298795728e-05
3298,7.384685298795728e-05
3299,7.384685298795728e-05
3300,7.384685298795728e-05
3301,7.384685298795728e-05
3302,7.384685298795728e-05
3303,7.384685298795728e-05
3304,7.384685298795728e-05
3305,7.384685298795728e-05
3306,7.384685298795728e-05
3307,7.384685298795728e-05
3308,7.384685298795728e-05
3309,7.384685298795728e-05
3310,7.384685298795728e-05
3311,7.384685298795728e-05
3312,7.384685298795728e-05
3313,7.384685298795728e-05
3314,7.384685298795728e-05
3315,7.384685298795728e-05
3316,7.384685298795728e-05
3317,7.384685298795728e-05
3318,7.384685298795728e-05
3319,7.384685298795728e-05
3320,7.384685298795728e-05
3321,7.384685298795728e-05
3322,7.384685298795728e-05
3323,7.384685298795728e-05
3324,7.384685298795728e-05
3325,7.384685298795728e-05
3326,7.384685298795728e-05
3327,7.384685298795728e-05
3328,7.384685298795728e-05
3329,7.384685298795728e-05
3330,7.384685298795728e-05
3331,7.384685298795728e-05
3332,7.384685298795728e-05
3333,7.384685298795728e-05
3334,7.384685298795728e-05
3335,7.384685298795728e-05
3336,7.384685298795728e-05
3337,7.384685298795728e-05
3338,7.384685298795728e-05
3339,7.384685298795728e-05
3340,7.384685298795728e-05
3341,7.384685298795728e-05
3342,7.384685298795728e-05
3343,7.384685298795728e-05
3344,7.384685298795728e-05
3345,7.384685298795728e-05
3346,7.384685298795728e-05
3347,7.384685298795728e-05
3348,7.384685298795728e-05
3349,7.384685298795728e-05
3350,7.384685298795728e-05
3351,7.384685298795728e-05
3352,7.384685298795728e-05
3353,7.384685298795728e-05
3354,7.384685298795728e-05
3355,7.384685298795728e-05
3356,7.384685298795728e-05
3357,7.384685298795728e-05
3358,7.384685298795728e-05
3359,7.384685298795728e-05
3360,7.384685298795728e-05
3361,7.384685298795728e-05
3362,7.384685298795728e-05
3363,7.384685298795728e-05
3364,7.384685298795728e-05
3365,7.384685298795728e-05
3366,7.384685298795728e-05
3367,7.384685298795728e-05
3368,7.384685298795728e-05
3369,7.384685298795728e-05
3370,7.384685298795728e-05
3371,7.384685298795728e-05
3372,7.384685298795728e-05
3373,7.384685298795728e-05
3374,7.384685298795728e-05
3375,7.384685298795728e-05
3376,7.384685298795728e-05
3377,7.384685298795728e-05
3378,7.384685298795728e-05
3379,7.384685298795728e-05
3380,7.384685298795728e-05
3381,7.384685298795728e-05
3382,7.384685298795728e-05
3383,7.384685298795728e-05
3384,7.384685298795728e-05
3385,7.384685298795728e-05
3386,7.384685298795728e-05
3387,7.384685298795728e-05
3388,7.384685298795728e-05
3389,7.384685298795728e-05
3390,7.384685298795728e-05
3391,7.384685298795728e-05
3392,7.384685298795728e-05
3393,7.384685298795728e-05
3394,7.384685298795728e-05
3395,7.384685298795728e-05
3396,7.384685298795728e-05
3397,7.384685298795728e-05
3398,7.384685298795728e-05
3399,7.384685298795728e-05
3400,7.384685298795728e-05
3401,7.384685298795728e-05
3402,7.384685298795728e-05
3403,7.384685298795728e-05
3404,7.384685298795728e-05
3405,7.384685298795728e-05
3406,7.384685298795728e-05
3407,7.384685298795728e-05
3408,7.384685298795728e-05
3409,7.384685298795728e-05
3410,7.384685298795728e-05
3411,7.384685298795728e-05
3412,7.384685298795728e-05
3413,7.384685298795728e-05
3414,7.384685298795728e-05
3415,7.384685298795728e-05
3416,7.384685298795728e-05
3417,7.384685298795728e-05
3418,7.384685298795728e-05
3419,7.384685298795728e-05
3420,7.384685298795728e-05
3421,7.384685298795728e-05
3422,7.384685298795728e-05
3423,7.384685298795728e-05
3424,7.384685298795728e-05
3425,7.384685298795728e-05
3426,7.384685298795728e-05
3427,7.384685298795728e-05
3428,7.384685298795728e-05
3429,7.384685298795728e-05
3430,7.384685298795728e-05
3431,7.384685298795728e-05
3432,7.384685298795728e-05
3433,7.384685298795728e-05
3434,7.384685298795728e-05
3435,7.384685298795728e-05
3436,7.384685298795728e-05
3437,7.384685298795728e-05
3438,7.384685298795728e-05
3439,7.384685298795728e-05
3440,7.384685298795728e-05
3441,7.384685298795728e-05
3442,7.384685298795728e-05
3443,7.384685298795728e-05
3444,7.384685298795728e-05
3445,7.384685298795728e-05
3446,7.384685298795728e-05
3447,7.384685298795728e-05
3448,7.384685298795728e-05
3449,7.384685298795728e-05
3450,7.384685298795728e-05
3451,7.384685298795728e-05
3452,7.384685298795728e-05
3453,7.384685298795728e-05
3454,7.384685298795728e-05
3455,7.384685298795728e-05
3456,7.384685298795728e-05
3457,7.384685298795728e-05
3458,7.384685298795728e-05
3459,7.384685298795728e-05
3460,7.384685298795728e-05
3461,7.384685298795728e-05
3462,7.384685298795728e-05
3463,7.384685298795728e-05
3464,7.384685298795728e-05
3465,7.384685298795728e-05
3466,7.384685298795728e-05
3467,7.384685298795728e-05
3468,7.384685298795728e-05
3469,7.384685298795728e-05
3470,7.384685298795728e-05
3471,7.384685298795728e-05
3472,7.384685298795728e-05
3473,7.384685298795728e-05
3474,7.384685298795728e-05
3475,7.384685298795728e-05
3476,7.384685298795728e-05
3477,7.384685298795728e-05
3478,7.384685298795728e-05
3479,7.384685298795728e-05
3480,7.384685298795728e-05
3481,7.384685298795728e-05
3482,7.384685298795728e-05
3483,7.384685298795728e-05
3484,7.384685298795728e-05
3485,7.384685298795728e-05
3486,7.384685298795728e-05
3487,7.384685298795728e-05
3488,7.384685298795728e-05
3489,7.384685298795728e-05
3490,7.384685298795728e-05
3491,7.384685298795728e-05
3492,7.384685298795728e-05
3493,7.384685298795728e-05
3494,7.384685298795728e-05
3495,7.384685298795728e-05
3496,7.384685298795728e-05
3497,7.384685298795728e-05
3498,7.384685298795728e-05
3499,7.384685298795728e-05
3500,7.384685298795728e-05
3501,7.384685298795728e-05
3502,7.384685298795728e-05
3503,7.384685298795728e-05
3504,7.384685298795728e-05
3505,7.384685298795728e-05
3506,7.384685298795728e-05
3507,7.384685298795728e-05
3508,7.384685298795728e-05
3509,7.384685298795728e-05
3510,7.384685298795728e-05
3511,7.384685298795728e-05
3512,7.384685298795728e-05
3513,7.384685298795728e-05
3514,7.384685298795728e-05
3515,7.384685298795728e-05
3516,7.384685298795728e-05
3517,7.384685298795728e-05
3518,7.384685298795728e-05
3519,7.384685298795728e-05
3520,7.384685298795728e-05
3521,7.384685298795728e-05
3522,7.384685298795728e-05
3523,7.384685298795728e-05
3524,7.384685298795728e-05
3525,7.384685298795728e-05
3526,7.384685298795728e-05
3527,7.384685298795728e-05
3528,7.384685298795728e-05
3529,7.384685298795728e-05
3530,7.384685298795728e-05
3531,7.384685298795728e-05
3532,7.384685298795728e-05
3533,7.384685298795728e-05
3534,7.384685298795728e-05
3535,7.384685298795728e-05
3536,7.384685298795728e-05
3537,7.384685298795728e-05
3538,7.384685298795728e-05
3539,7.384685298795728e-05
3540,7.384685298795728e-05
3541,7.384685298795728e-05
3542,7.384685298795728e-05
3543,7.384685298795728e-05
3544,7.384685298795728e-05
3545,7.384685298795728e-05
3546,7.384685298795728e-05
3547,7.384685298795728e-05
3548,7.384685298795728e-05
3549,7.384685298795728e-05
3550,7.384685298795728e-05
3551,7.384685298795728e-05
3552,7.384685298795728e-05
3553,7.384685298795728e-05
3554,7.384685298795728e-05
3555,7.384685298795728e-05
3556,7.384685298795728e-05
3557,7.384685298795728e-05
3558,7.384685298795728e-05
3559,7.384685298795728e-05
3560,7.384685298795728e-05
3561,7.384685298795728e-05
3562,7.384685298795728e-05
3563,7.384685298795728e-05
3564,7.384685298795728e-05
3565,7.384685298795728e-05
3566,7.384685298795728e-05
3567,7.384685298795728e-05
3568,7.384685298795728e-05
3569,7.384685298795728e-05
3570,7.384685298795728e-05
3571,7.384685298795728e-05
3572,7.384685298795728e-05
3573,7.384685298795728e-05
3574,7.384685298795728e-05
3575,7.384685298795728e-05
3576,7.384685298795728e-05
3577,7.384685298795728e-05
3578,7.384685298795728e-05
3579,7.384685298795728e-05
3580,7.384685298795728e-05
3581,7.384685298795728e-05
3582,7.384685298795728e-05
3583,7.384685298795728e-05
3584,7.384685298795728e-05
3585,7.384685298795728e-05
3586,7.384685298795728e-05
3587,7.384685298795728e-05
3588,7.384685298795728e-05
3589,7.384685298795728e-05
3590,7.384685298795728e-05
3591,7.384685298795728e-05
3592,7.384685298795728e-05
3593,7.384685298795728e-05
3594,7.384685298795728e-05
3595,7.384685298795728e-05
3596,7.384685298795728e-05
3597,7.384685298795728e-05
3598,7.384685298795728e-05
3599,7.384685298795728e-05
3600,7.384685298795728e-05
3601,7.384685298795728e-05
3602,7.384685298795728e-05
3603,7.384685298795728e-05
3604,7.384685298795728e-05
3605,7.384685298795728e-05
3606,7.384685298795728e-05
3607,7.384685298795728e-05
3608,7.384685298795728e-05
3609,7.384685298795728e-05
3610,7.384685298795728e-05
3611,7.384685298795728e-05
3612,7.384685298795728e-05
3613,7.384685298795728e-05
3614,7.384685298795728e-05
3615,7.384685298795728e-05
3616,7.384685298795728e-05
3617,7.384685298795728e-05
3618,7.384685298795728e-05
3619,7.384685298795728e-05
3620,7.384685298795728e-05
3621,7.384685298795728e-05
3622,7.384685298795728e-05
3623,7.384685298795728e-05
3624,7.384685298795728e-05
3625,7.384685298795728e-05
3626,7.384685298795728e-05
3627,7.384685298795728e-05
3628,7.384685298795728e-05
3629,7.384685298795728e-05
3630,7.384685298795728e-05
3631,7.384685298795728e-05
3632,7.384685298795728e-05
3633,7.384685298795728e-05
3634,7.384685298795728e-05
3635,7.384685298795728e-05
3636,7.384685298795728e-05
3637,7.384685298795728e-05
3638,7.384685298795728e-05
3639,7.384685298795728e-05
3640,7.384685298795728e-05
3641,7.384685298795728e-05
3642,7.384685298795728e-05
3643,7.384685298795728e-05
3644,7.384685298795728e-05
3645,7.384685298795728e-05
3646,7.384685298795728e-05
3647,7.384685298795728e-05
3648,0.00015549141534672504
3649,0.00014882749754615112
3650,0.00014438488567910181
3651,0.00014438488567910181
3652,0.00014438488567910181
3653,0.00015549141534672504
3654,0.00017770447468197146
3655,0.0002043601458842672
3656,0.00023323712302008757
3657,0.0002665567120229572
3658,0.00029987630102582685
3659,0.0003287532781616472
3660,0.00034652372562984435
3661,0.0003554089493639429
3662,0.00034652372562984435
3663,0.0003287532781616472
3664,0.00029987630102582685
3665,0.0002665567120229572
3666,0.00023323712302008757
3667,0.0002043601458842672
3668,0.00018214708654902073
3669,0.0001688192509478729
3670,0.00016215533314729895
3671,0.00015549141534672504
3672,0.00015549141534672504
3673,0.00014882749754615112
3674,0.00014438488567910181
3675,0.00014438488567910181
3676,0.00014438488567910181
3677,0.00015549141534672504
3678,0.00017770447468197146
3679,0.0002043601458842672
3680,0.00023323712302008757
3681,0.0002665567120229572
3682,0.00029987630102582685
3683,0.0003287532781616472
3684,0.00034652372562984435
3685,0.0003554089493639429
3686,0.00034652372562984435
3687,0.0003287532781616472
3688,0.00029987630102582685
3689,0.0002665567120229572
3690,0.00023323712302008757
3691,0.0002043601458842672
3692,0.00018214708654902073
3693,0.0001688192509478729
3694,0.00016215533314729895
3695,0.00015549141534672504
3696,0.00015549141534672504
3697,0.00014882749754615112
3698,0.00014438488567910181
3699,0.00014438488567910181
3700,0.00014438488567910181
3701,0.00015549141534672504
3702,0.00017770447468197146
3703,0.0002043601458842672
3704,0.00023323712302008757
3705,0.0002665567120229572
3706,0.00029987630102582685
3707,0.0003287532781616472
3708,0.00034652372562984435
3709,0.0003554089493639429
3710,0.00034652372562984435
3711,0.0003287532781616472
3712,0.00029987630102582685
3713,0.0002665567120229572
3714,0.00023323712302008757
3715,0.0002043601458842672
3716,0.00018214708654902073
3717,0.0001688192509478729
3718,0.00016215533314729895
3719,0.00015549141534672504
3720,0.00015549141534672504
3721,0.00014882749754615112
3722,0.00014438488567910181
3723,0.00014438488567910181
3724,0.00014438488567910181
3725,0.00015549141534672504
3726,0.00017770447468197146
3727,0.0002043601458842672
3728,0.00023323712302008757
3729,0.0002665567120229572
3730,0.00029987630102582685
3731,0.0003287532781616472
3732,0.00034652372562984435
3733,0.0003554089493639429
3734,0.00034652372562984435
3735,0.0003287532781616472
3736,0.00029987630102582685
3737,0.0002665567120229572
3738,0.00023323712302008757
3739,0.0002043601458842672
3740,0.00018214708654902073
3741,0.0001688192509478729
3742,0.00016215533314729895
3743,0.00015549141534672504
3744,0.00015549141534672504
3745,0.00014882749754615112
3746,0.00014438488567910181
3747,0.00014438488567910181
3748,0.00014438488567910181
3749,0.00015549141534672504
3750,0.00017770447468197146
3751,0.0002043601458842672
3752,0.00023323712302008757
3753,0.0002665567120229572
3754,0.00029987630102582685
3755,0.0003287532781616472
3756,0.00034652372562984435
3757,0.0003554089493639429
3758,0.00034652372562984435
3759,0.0003287532781616472
3760,0.00029987630102582685
3761,0.0002665567120229572
3762,0.00023323712302008757
3763,0.0002043601458842672
3764,0.00018214708654902073
3765,0.0001688192509478729
3766,0.00016215533314729895
3767,0.00015549141534672504
3768,0.00015549141534672504
3769,0.00014882749754615112
3770,0.00014438488567910181
3771,0.00014438488567910181
3772,0.00014438488567910181
3773,0.00015549141534672504
3774,0.00017770447468197146
3775,0.0002043601458842672
3776,0.00023323712302008757
3777,0.0002665567120229572
3778,0.00029987630102582685
3779,0.0003287532781616472
3780,0.00034652372562984435
3781,0.0003554089493639429
3782,0.00034652372562984435
3783,0.0003287532781616472
3784,0.00029987630102582685
3785,0.0002665567120229572
3786,0.00023323712302008757
3787,0.0002043601458842672
3788,0.00018214708654902073
3789,0.0001688192509478729
3790,0.00016215533314729895
3791,0.00015549141534672504
3792,0.00015549141534672504
3793,0.00014882749754615112
3794,0.00014438488567910181
3795,0.00014438488567910181
3796,0.00014438488567910181
3797,0.00015549141534672504
3798,0.00017770447468197146
3799,0.0002043601458842672
3800,0.00023323712302008757
3801,0.0002665567120229572
3802,0.00029987630102582685
3803,0.0003287532781616472
3804,0.00034652372562984435
3805,0.0003554089493639429
3806,0.00034652372562984435
3807,0.0003287532781616472
3808,0.00029987630102582685
3809,0.0002665567120229572
3810,0.00023323712302008757
3811,0.0002043601458842672
3812,0.00018214708654902073
3813,0.0001688192509478729
3814,0.00016215533314729895
3815,0.00015549141534672504
3816,0.00015549141534672504
3817,0.00014882749754615112
3818,0.00014438488567910181
3819,0.00014438488567910181
3820,0.00014438488567910181
3821,0.00015549141534672504
3822,0.00017770447468197146
3823,0.0002043601458842672
3824,0.00023323712302008757
3825,0.0002665567120229572
3826,0.00029987630102582685
3827,0.0003287532781616472
3828,0.00034652372562984435
3829,0.0003554089493639429
3830,0.00034652372562984435
3831,0.0003287532781616472
3832,0.00029987630102582685
3833,0.0002665567120229572
3834,0.00023323712302008757
3835,0.0002043601458842672
3836,0.00018214708654902073
3837,0.0001688192509478729
3838,0.00016215533314729895
3839,0.00015549141534672504
3840,0.00015549141534672504
3841,0.00014882749754615112
3842,0.00014438488567910181
3843,0.00014438488567910181
3844,0.00014438488567910181
3845,0.00015549141534672504
3846,0.00017770447468197146
3847,0.0002043601458842672
3848,0.00023323712302008757
3849,0.0002665567120229572
3850,0.00029987630102582685
3851,0.0003287532781616472
3852,0.00034652372562984435
3853,0.0003554089493639429
3854,0.00034652372562984435
3855,0.0003287532781616472
3856,0.00029987630102582685
3857,0.0002665567120229572
3858,0.00023323712302008757
3859,0.0002043601458842672
3860,0.00018214708654902073
3861,0.0001688192509478729
3862,0.00016215533314729895
3863,0.00015549141534672504
3864,0.00015549141534672504
3865,0.00014882749754615112
3866,0.00014438488567910181
3867,0.00014438488567910181
3868,0.00014438488567910181
3869,0.00015549141534672504
3870,0.00017770447468197146
3871,0.0002043601458842672
3872,0.00023323712302008757
3873,0.0002665567120229572
3874,0.00029987630102582685
3875,0.0003287532781616472
3876,0.00034652372562984435
3877,0.0003554089493639429
3878,0.00034652372562984435
3879,0.0003287532781616472
3880,0.00029987630102582685
3881,0.0002665567120229572
3882,0.00023323712302008757
3883,0.0002043601458842672
3884,0.00018214708654902073
3885,0.0001688192509478729
3886,0.00016215533314729895
3887,0.00015549141534672504
3888,0.00015549141534672504
3889,0.00014882749754615112
3890,0.00014438488567910181
3891,0.00014438488567910181
3892,0.00014438488567910181
3893,0.00015549141534672504
3894,0.00017770447468197146
3895,0.0002043601458842672
3896,0.00023323712302008757
3897,0.0002665567120229572
3898,0.00029987630102582685
3899,0.0003287532781616472
3900,0.00034652372562984435
3901,0.0003554089493639429
3902,0.00034652372562984435
3903,0.0003287532781616472
3904,0.00029987630102582685
3905,0.0002665567120229572
3906,0.00023323712302008757
3907,0.0002043601458842672
3908,0.00018214708654902073
3909,0.0001688192509478729
3910,0.00016215533314729895
3911,0.00015549141534672504
3912,0.00015549141534672504
3913,0.00014882749754615112
3914,0.00014438488567910181
3915,0.00014438488567910181
3916,0.00014438488567910181
3917,0.00015549141534672504
3918,0.00017770447468197146
3919,0.0002043601458842672
3920,0.00023323712302008757
3921,0.0002665567120229572
3922,0.00029987630102582685
3923,0.0003287532781616472
3924,0.00034652372562984435
3925,0.0003554089493639429
3926,0.00034652372562984435
3927,0.0003287532781616472
3928,0.00029987630102582685
3929,0.0002665567120229572
3930,0.00023323712302008757
3931,0.0002043601458842672
3932,0.00018214708654902073
3933,0.0001688192509478729
3934,0.00016215533314729895
3935,0.00015549141534672504
3936,0.00015549141534672504
3937,0.00014882749754615112
3938,0.00014438488567910181
3939,0.00014438488567910181
3940,0.00014438488567910181
3941,0.00015549141534672504
3942,0.00017770447468197146
3943,0.0002043601458842672
3944,0.00023323712302008757
3945,0.0002665567120229572
3946,0.00029987630102582685
3947,0.0003287532781616472
3948,0.00034652372562984435
3949,0.0003554089493639429
3950,0.00034652372562984435
3951,0.0003287532781616472
3952,0.00029987630102582685
3953,0.0002665567120229572
3954,0.00023323712302008757
3955,0.0002043601458842672
3956,0.00018214708654902073
3957,0.0001688192509478729
3958,0.00016215533314729895
3959,0.00015549141534672504
3960,0.00015549141534672504
3961,0.00014882749754615112
3962,0.00014438488567910181
3963,0.00014438488567910181
3964,0.00014438488567910181
3965,0.00015549141534672504
3966,0.00017770447468197146
3967,0.0002043601458842672
3968,0.00023323712302008757
3969,0.0002665567120229572
3970,0.00029987630102582685
3971,0.0003287532781616472
3972,0.00034652372562984435
3973,0.0003554089493639429
3974,0.00034652372562984435
3975,0.0003287532781616472
3976,0.00029987630102582685
3977,0.0002665567120229572
3978,0.00023323712302008757
3979,0.0002043601458842672
3980,0.00018214708654902073
3981,0.0001688192509478729
3982,0.00016215533314729895
3983,0.00015549141534672504
3984,0.00015549141534672504
3985,0.00014882749754615112
3986,0.00014438488567910181
3987,0.00014438488567910181
3988,0.00014438488567910181
3989,0.00015549141534672504
3990,0.00017770447468197146
3991,0.0002043601458842672
3992,0.00023323712302008757
3993,0.0002665567120229572
3994,0.00029987630102582685
3995,0.0003287532781616472
3996,0.00034652372562984435
3997,0.0003554089493639429
3998,0.00034652372562984435
3999,0.0003287532781616472
4000,0.00029987630102582685
4001,0.0002665567120229572
4002,0.00023323712302008757
4003,0.0002043601458842672
4004,0.00018214708654902073
4005,0.0001688192509478729
4006,0.00016215533314729895
4007,0.00015549141534672504
4008,0.00015549141534672504
4009,0.00014882749754615112
4010,0.00014438488567910181
4011,0.00014438488567910181
4012,0.00014438488567910181
4013,0.00015549141534672504
4014,0.00017770447468197146
4015,0.0002043601458842672
4016,0.00023323712302008757
4017,0.0002665567120229572
4018,0.00029987630102582685
4019,0.0003287532781616472
4020,0.00034652372562984435
4021,0.0003554089493639429
4022,0.00034652372562984435
4023,0.0003287532781616472
4024,0.00029987630102582685
4025,0.0002665567120229572
4026,0.00023323712302008757
4027,0.0002043601458842672
4028,0.00018214708654902073
4029,0.0001688192509478729
4030,0.00016215533314729895
4031,0.00015549141534672504
4032,0.00015549141534672504
4033,0.00014882749754615112
4034,0.00014438488567910181
4035,0.00014438488567910181
4036,0.00014438488567910181
4037,0.00015549141534672504
4038,0.00017770447468197146
4039,0.0002043601458842672
4040,0.00023323712302008757
4041,0.0002665567120229572
4042,0.00029987630102582685
4043,0.0003287532781616472
4044,0.00034652372562984435
4045,0.0003554089493639429
4046,0.00034652372562984435
4047,0.0003287532781616472
4048,0.00029987630102582685
4049,0.0002665567120229572
4050,0.00023323712302008757
4051,0.0002043601458842672
4052,0.00018214708654902073
4053,0.0001688192509478729
4054,0.00016215533314729895
4055,0.00015549141534672504
4056,0.00015549141534672504
4057,0.00014882749754615112
4058,0.00014438488567910181
4059,0.00014438488567910181
4060,0.00014438488567910181
4061,0.00015549141534672504
4062,0.00017770447468197146
4063,0.0002043601458842672
4064,0.00023323712302008757
4065,0.0002665567120229572
4066,0.00029987630102582685
4067,0.0003287532781616472
4068,0.00034652372562984435
4069,0.0003554089493639429
4070,0.00034652372562984435
4071,0.0003287532781616472
4072,0.00029987630102582685
4073,0.0002665567120229572
4074,0.00023323712302008757
4075,0.0002043601458842672
4076,0.00018214708654902073
4077,0.0001688192509478729
4078,0.00016215533314729895
4079,0.00015549141534672504
4080,0.00015549141534672504
4081,0.00014882749754615112
4082,0.00014438488567910181
4083,0.00014438488567910181
4084,0.00014438488567910181
4085,0.00015549141534672504
4086,0.00017770447468197146
4087,0.0002043601458842672
4088,0.00023323712302008757
4089,0.0002665567120229572
4090,0.00029987630102582685
4091,0.0003287532781616472
4092,0.00034652372562984435
4093,0.0003554089493639429
4094,0.00034652372562984435
4095,0.0003287532781616472
4096,0.00029987630102582685
4097,0.0002665567120229572
4098,0.00023323712302008757
4099,0.0002043601458842672
4100,0.00018214708654902073
4101,0.0001688192509478729
4102,0.00016215533314729895
4103,0.00015549141534672504
4104,0.00015549141534672504
4105,0.00014882749754615112
4106,0.00014438488567910181
4107,0.00014438488567910181
4108,0.00014438488567910181
4109,0.00015549141534672504
4110,0.00017770447468197146
4111,0.0002043601458842672
4112,0.00023323712302008757
4113,0.0002665567120229572
4114,0.00029987630102582685
4115,0.0003287532781616472
4116,0.00034652372562984435
4117,0.0003554089493639429
4118,0.00034652372562984435
4119,0.0003287532781616472
4120,0.00029987630102582685
4121,0.0002665567120229572
4122,0.00023323712302008757
4123,0.0002043601458842672
4124,0.00018214708654902073
4125,0.0001688192509478729
4126,0.00016215533314729895
4127,0.00015549141534672504
4128,0.00015549141534672504
4129,0.00014882749754615112
4130,0.00014438488567910181
4131,0.00014438488567910181
4132,0.00014438488567910181
4133,0.00015549141534672504
4134,0.00017770447468197146
4135,0.0002043601458842672
4136,0.00023323712302008757
4137,0.0002665567120229572
4138,0.00029987630102582685
4139,0.0003287532781616472
4140,0.00034652372562984435
4141,0.0003554089493639429
4142,0.00034652372562984435
4143,0.0003287532781616472
4144,0.00029987630102582685
4145,0.0002665567120229572
4146,0.00023323712302008757
4147,0.0002043601458842672
4148,0.00018214708654902073
4149,0.0001688192509478729
4150,0.00016215533314729895
4151,0.00015549141534672504
4152,0.00015549141534672504
4153,0.00014882749754615112
4154,0.00014438488567910181
4155,0.00014438488567910181
4156,0.00014438488567910181
4157,0.00015549141534672504
4158,0.00017770447468197146
4159,0.0002043601458842672
4160,0.00023323712302008757
4161,0.0002665567120229572
4162,0.00029987630102582685
4163,0.0003287532781616472
4164,0.00034652372562984435
4165,0.0003554089493639429
4166,0.00034652372562984435
4167,0.0003287532781616472
4168,0.00029987630102582685
4169,0.0002665567120229572
4170,0.00023323712302008757
4171,0.0002043601458842672
4172,0.00018214708654902073
4173,0.0001688192509478729
4174,0.00016215533314729895
4175,0.00015549141534672504
4176,0.00015549141534672504
4177,0.00014882749754615112
4178,0.00014438488567910181
4179,0.00014438488567910181
4180,0.00014438488567910181
4181,0.00015549141534672504
4182,0.00017770447468197146
4183,0.0002043601458842672
4184,0.00023323712302008757
4185,0.0002665567120229572
4186,0.00029987630102582685
4187,0.0003287532781616472
4188,0.00034652372562984435
4189,0.0003554089493639429
4190,0.00034652372562984435
4191,0.0003287532781616472
4192,0.00029987630102582685
4193,0.0002665567120229572
4194,0.00023323712302008757
4195,0.0002043601458842672
4196,0.00018214708654902073
4197,0.0001688192509478729
4198,0.00016215533314729895
4199,0.00015549141534672504
4200,0.00015549141534672504
4201,0.00014882749754615112
4202,0.00014438488567910181
4203,0.00014438488567910181
4204,0.00014438488567910181
4205,0.00015549141534672504
4206,0.00017770447468197146
4207,0.0002043601458842672
4208,0.00023323712302008757
4209,0.0002665567120229572
4210,0.00029987630102582685
4211,0.0003287532781616472
4212,0.00034652372562984435
4213,0.0003554089493639429
4214,0.00034652372562984435
4215,0.0003287532781616472
4216,0.00029987630102582685
4217,0.0002665567120229572
4218,0.00023323712302008757
4219,0.0002043601458842672
4220,0.00018214708654902073
4221,0.0001688192509478729
4222,0.00016215533314729895
4223,0.00015549141534672504
4224,0.00015549141534672504
4225,0.00014882749754615112
4226,0.00014438488567910181
4227,0.00014438488567910181
4228,0.00014438488567910181
4229,0.00015549141534672504
4230,0.00017770447468197146
4231,0.0002043601458842672
4232,0.00023323712302008757
4233,0.0002665567120229572
4234,0.00029987630102582685
4235,0.0003287532781616472
4236,0.00034652372562984435
4237,0.0003554089493639429
4238,0.00034652372562984435
4239,0.0003287532781616472
4240,0.00029987630102582685
4241,0.0002665567120229572
4242,0.00023323712302008757
4243,0.0002043601458842672
4244,0.00018214708654902073
4245,0.0001688192509478729
4246,0.00016215533314729895
4247,0.00015549141534672504
4248,0.00015549141534672504
4249,0.00014882749754615112
4250,0.00014438488567910181
4251,0.00014438488567910181
4252,0.00014438488567910181
4253,0.00015549141534672504
4254,0.00017770447468197146
4255,0.0002043601458842672
4256,0.00023323712302008757
4257,0.0002665567120229572
4258,0.00029987630102582685
4259,0.0003287532781616472
4260,0.00034652372562984435
4261,0.0003554089493639429
4262,0.00034652372562984435
4263,0.0003287532781616472
4264,0.00029987630102582685
4265,0.0002665567120229572
4266,0.00023323712302008757
4267,0.0002043601458842672
4268,0.00018214708654902073
4269,0.0001688192509478729
4270,0.00016215533314729895
4271,0.00015549141534672504
4272,0.00015549141534672504
4273,0.00014882749754615112
4274,0.00014438488567910181
4275,0.00014438488567910181
4276,0.00014438488567910181
4277,0.00015549141534672504
4278,0.00017770447468197146
4279,0.0002043601458842672
4280,0.00023323712302008757
4281,0.0002665567120229572
4282,0.00029987630102582685
4283,0.0003287532781616472
4284,0.00034652372562984435
4285,0.0003554089493639429
4286,0.00034652372562984435
4287,0.0003287532781616472
4288,0.00029987630102582685
4289,0.0002665567120229572
4290,0.00023323712302008757
4291,0.0002043601458842672
4292,0.00018214708654902073
4293,0.0001688192509478729
4294,0.00016215533314729895
4295,0.00015549141534672504
4296,0.00015549141534672504
4297,0.00014882749754615112
4298,0.00014438488567910181
4299,0.00014438488567910181
4300,0.00014438488567910181
4301,0.00015549141534672504
4302,0.00017770447468197146
4303,0.0002043601458842672
4304,0.00023323712302008757
4305,0.0002665567120229572
4306,0.00029987630102582685
4307,0.0003287532781616472
4308,0.00034652372562984435
4309,0.0003554089493639429
4310,0.00034652372562984435
4311,0.0003287532781616472
4312,0.00029987630102582685
4313,0.0002665567120229572
4314,0.00023323712302008757
4315,0.0002043601458842672
4316,0.00018214708654902073
4317,0.0001688192509478729
4318,0.00016215533314729895
4319,0.00015549141534672504
4320,0.00015549141534672504
4321,0.00014882749754615112
4322,0.00014438488567910181
4323,0.00014438488567910181
4324,0.00014438488567910181
4325,0.00015549141534672504
4326,0.00017770447468197146
4327,0.0002043601458842672
4328,0.00023323712302008757
4329,0.0002665567120229572
4330,0.00029987630102582685
4331,0.0003287532781616472
4332,0.00034652372562984435
4333,0.0003554089493639429
4334,0.00034652372562984435
4335,0.0003287532781616472
4336,0.00029987630102582685
4337,0.0002665567120229572
4338,0.00023323712302008757
4339,0.0002043601458842672
4340,0.00018214708654902073
4341,0.0001688192509478729
4342,0.00016215533314729895
4343,0.00015549141534672504
4344,0.00015549141534672504
4345,0.00014882749754615112
4346,0.00014438488567910181
4347,0.00014438488567910181
4348,0.00014438488567910181
4349,0.00015549141534672504
4350,0.00017770447468197146
4351,0.0002043601458842672
4352,0.00023323712302008757
4353,0.0002665567120229572
4354,0.00029987630102582685
4355,0.0003287532781616472
4356,0.00034652372562984435
4357,0.0003554089493639429
4358,0.00034652372562984435
4359,0.0003287532781616472
4360,0.00029987630102582685
4361,0.0002665567120229572
4362,0.00023323712302008757
4363,0.0002043601458842672
4364,0.00018214708654902073
4365,0.0001688192509478729
4366,0.00016215533314729895
4367,0.00015549141534672504
4368,0.0001671532714977294
4369,0.00015998955986211246
4370,0.00015521375210503444
4371,0.00015521375210503444
4372,0.00015521375210503444
4373,0.0001671532714977294
4374,0.00019103231028311932
4375,0.00021968715682558722
4376,0.00025072990724659414
4377,0.00028654846542467896
4378,0.00032236702360276384
4379,0.0003534097740237707
4380,0.00037251300505208266
4381,0.00038206462056623863
4382,0.00037251300505208266
4383,0.0003534097740237707
4384,0.00032236702360276384
4385,0.00028654846542467896
4386,0.00025072990724659414
4387,0.00021968715682558722
4388,0.00019580811804019728
4389,0.00018148069476896334
4390,0.00017431698313334637
4391,0.0001671532714977294
4392,0.0001671532714977294
4393,0.00015998955986211246
4394,0.00015521375210503444
4395,0.00015521375210503444
4396,0.00015521375210503444
4397,0.0001671532714977294
4398,0.00019103231028311932
4399,0.00021968715682558722
4400,0.00025072990724659414
4401,0.00028654846542467896
4402,0.00032236702360276384
4403,0.0003534097740237707
4404,0.00037251300505208266
4405,0.00038206462056623863
4406,0.00037251300505208266
4407,0.0003534097740237707
4408,0.00032236702360276384
4409,0.00028654846542467896
4410,0.00025072990724659414
4411,0.00021968715682558722
4412,0.00019580811804019728
4413,0.00018148069476896334
4414,0.00017431698313334637
4415,0.0001671532714977294
4416,0.0001671532714977294
4417,0.00015998955986211246
4418,0.00015521375210503444
4419,0.00015521375210503444
4420,0.00015521375210503444
4421,0.0001671532714977294
4422,0.00019103231028311932
4423,0.00021968715682558722
4424,0.00025072990724659414
4425,0.00028654846542467896
4426,0.00032236702360276384
4427,0.0003534097740237707
4428,0.00037251300505208266
4429,0.00038206462056623863
4430,0.00037251300505208266
4431,0.0003534097740237707
4432,0.00032236702360276384
4433,0.00028654846542467896
4434,0.00025072990724659414
4435,0.00021968715682558722
4436,0.00019580811804019728
4437,0.00018148069476896334
4438,0.00017431698313334637
4439,0.0001671532714977294
4440,0.0001671532714977294
4441,0.00015998955986211246
4442,0.00015521375210503444
4443,0.00015521375210503444
4444,0.00015521375210503444
4445,0.0001671532714977294
4446,0.00019103231028311932
4447,0.00021968715682558722
4448,0.00025072990724659414
4449,0.00028654846542467896
4450,0.00032236702360276384
4451,0.0003534097740237707
4452,0.00037251300505208266
4453,0.00038206462056623863
4454,0.00037251300505208266
4455,0.0003534097740237707
4456,0.00032236702360276384
4457,0.00028654846542467896
4458,0.00025072990724659414
4459,0.00021968715682558722
4460,0.00019580811804019728
4461,0.00018148069476896334
4462,0.00017431698313334637
4463,0.0001671532714977294
4464,0.0001671532714977294
4465,0.00015998955986211246
4466,0.00015521375210503444
4467,0.00015521375210503444
4468,0.00015521375210503444
4469,0.0001671532714977294
4470,0.00019103231028311932
4471,0.00021968715682558722
4472,0.00025072990724659414
4473,0.00028654846542467896
4474,0.00032236702360276384
4475,0.0003534097740237707
4476,0.00037251300505208266
4477,0.00038206462056623863
4478,0.00037251300505208266
4479,0.0003534097740237707
4480,0.00032236702360276384
4481,0.00028654846542467896
4482,0.00025072990724659414
4483,0.00021968715682558722
4484,0.00019580811804019728
4485,0.00018148069476896334
4486,0.00017431698313334637
4487,0.0001671532714977294
4488,0.0001671532714977294
4489,0.00015998955986211246
4490,0.00015521375210503444
4491,0.00015521375210503444
4492,0.00015521375210503444
4493,0.0001671532714977294
4494,0.00019103231028311932
4495,0.00021968715682558722
4496,0.00025072990724659414
4497,0.00028654846542467896
4498,0.00032236702360276384
4499,0.0003534097740237707
4500,0.00037251300505208266
4501,0.00038206462056623863
4502,0.00037251300505208266
4503,0.0003534097740237707
4504,0.00032236702360276384
4505,0.00028654846542467896
4506,0.00025072990724659414
4507,0.00021968715682558722
4508,0.00019580811804019728
4509,0.00018148069476896334
4510,0.00017431698313334637
4511,0.0001671532714977294
4512,0.0001671532714977294
4513,0.00015998955986211246
4514,0.00015521375210503444
4515,0.00015521375210503444
4516,0.00015521375210503444
4517,0.0001671532714977294
4518,0.00019103231028311932
4519,0.00021968715682558722
4520,0.00025072990724659414
4521,0.00028654846542467896
4522,0.00032236702360276384
4523,0.0003534097740237707
4524,0.00037251300505208266
4525,0.00038206462056623863
4526,0.00037251300505208266
4527,0.0003534097740237707
4528,0.00032236702360276384
4529,0.00028654846542467896
4530,0.00025072990724659414
4531,0.00021968715682558722
4532,0.00019580811804019728
4533,0.00018148069476896334
4534,0.00017431698313334637
4535,0.0001671532714977294
4536,0.0001671532714977294
4537,0.00015998955986211246
4538,0.00015521375210503444
4539,0.00015521375210503444
4540,0.00015521375210503444
4541,0.0001671532714977294
4542,0.00019103231028311932
4543,0.00021968715682558722
4544,0.00025072990724659414
4545,0.00028654846542467896
4546,0.00032236702360276384
4547,0.0003534097740237707
4548,0.00037251300505208266
4549,0.00038206462056623863
4550,0.00037251300505208266
4551,0.0003534097740237707
4552,0.00032236702360276384
4553,0.00028654846542467896
4554,0.00025072990724659414
4555,0.00021968715682558722
4556,0.00019580811804019728
4557,0.00018148069476896334
4558,0.00017431698313334637
4559,0.0001671532714977294
4560,0.0001671532714977294
4561,0.00015998955986211246
4562,0.00015521375210503444
4563,0.00015521375210503444
4564,0.00015521375210503444
4565,0.0001671532714977294
4566,0.00019103231028311932
4567,0.00021968715682558722
4568,0.00025072990724659414
4569,0.00028654846542467896
4570,0.00032236702360276384
4571,0.0003534097740237707
4572,0.00037251300505208266
4573,0.00038206462056623863
4574,0.00037251300505208266
4575,0.0003534097740237707
4576,0.00032236702360276384
4577,0.00028654846542467896
4578,0.00025072990724659414
4579,0.00021968715682558722
4580,0.00019580811804019728
4581,0.00018148069476896334
4582,0.00017431698313334637
4583,0.0001671532714977294
4584,0.0001671532714977294
4585,0.00015998955986211246
4586,0.00015521375210503444
4587,0.00015521375210503444
4588,0.00015521375210503444
4589,0.0001671532714977294
4590,0.00019103231028311932
4591,0.00021968715682558722
4592,0.00025072990724659414
4593,0.00028654846542467896
4594,0.00032236702360276384
4595,0.0003534097740237707
4596,0.00037251300505208266
4597,0.00038206462056623863
4598,0.00037251300505208266
4599,0.0003534097740237707
4600,0.00032236702360276384
4601,0.00028654846542467896
4602,0.00025072990724659414
4603,0.00021968715682558722
4604,0.00019580811804019728
4605,0.00018148069476896334
4606,0.00017431698313334637
4607,0.0001671532714977294
4608,0.0001671532714977294
4609,0.00015998955986211246
4610,0.00015521375210503444
4611,0.00015521375210503444
4612,0.00015521375210503444
4613,0.0001671532714977294
4614,0.00019103231028311932
4615,0.00021968715682558722
4616,0.00025072990724659414
4617,0.00028654846542467896
4618,0.00032236702360276384
4619,0.0003534097740237707
4620,0.00037251300505208266
4621,0.00038206462056623863
4622,0.00037251300505208266
4623,0.0003534097740237707
4624,0.00032236702360276384
4625,0.00028654846542467896
4626,0.00025072990724659414
4627,0.00021968715682558722
4628,0.00019580811804019728
4629,0.00018148069476896334
4630,0.00017431698313334637
4631,0.0001671532714977294
4632,0.0001671532714977294
4633,0.00015998955986211246
4634,0.00015521375210503444
4635,0.00015521375210503444
4636,0.00015521375210503444
4637,0.0001671532714977294
4638,0.00019103231028311932
4639,0.00021968715682558722
4640,0.00025072990724659414
4641,0.00028654846542467896
4642,0.00032236702360276384
4643,0.0003534097740237707
4644,0.00037251300505208266
4645,0.00038206462056623863
4646,0.00037251300505208266
4647,0.0003534097740237707
4648,0.00032236702360276384
4649,0.00028654846542467896
4650,0.00025072990724659414
4651,0.00021968715682558722
4652,0.00019580811804019728
4653,0.00018148069476896334
4654,0.00017431698313334637
4655,0.0001671532714977294
4656,0.0001671532714977294
4657,0.00015998955986211246
4658,0.00015521375210503444
4659,0.00015521375210503444
4660,0.00015521375210503444
4661,0.0001671532714977294
4662,0.00019103231028311932
4663,0.00021968715682558722
4664,0.00025072990724659414
4665,0.00028654846542467896
4666,0.00032236702360276384
4667,0.0003534097740237707
4668,0.00037251300505208266
4669,0.00038206462056623863
4670,0.00037251300505208266
4671,0.0003534097740237707
4672,0.00032236702360276384
4673,0.00028654846542467896
4674,0.00025072990724659414
4675,0.00021968715682558722
4676,0.00019580811804019728
4677,0.00018148069476896334
4678,0.00017431698313334637
4679,0.0001671532714977294
4680,0.0001671532714977294
4681,0.00015998955986211246
4682,0.00015521375210503444
4683,0.00015521375210503444
4684,0.00015521375210503444
4685,0.0001671532714977294
4686,0.00019103231028311932
4687,0.00021968715682558722
4688,0.00025072990724659414
4689,0.00028654846542467896
4690,0.00032236702360276384
4691,0.0003534097740237707
4692,0.00037251300505208266
4693,0.00038206462056623863
4694,0.00037251300505208266
4695,0.0003534097740237707
4696,0.00032236702360276384
4697,0.00028654846542467896
4698,0.00025072990724659414
4699,0.00021968715682558722
4700,0.00019580811804019728
4701,0.00018148069476896334
4702,0.00017431698313334637
4703,0.0001671532714977294
4704,0.0001671532714977294
4705,0.00015998955986211246
4706,0.00015521375210503444
4707,0.00015521375210503444
4708,0.00015521375210503444
4709,0.0001671532714977294
4710,0.00019103231028311932
4711,0.00021968715682558722
4712,0.00025072990724659414
4713,0.00028654846542467896
4714,0.00032236702360276384
4715,0.0003534097740237707
4716,0.00037251300505208266
4717,0.00038206462056623863
4718,0.00037251300505208266
4719,0.0003534097740237707
4720,0.00032236702360276384
4721,0.00028654846542467896
4722,0.00025072990724659414
4723,0.00021968715682558722
4724,0.00019580811804019728
4725,0.00018148069476896334
4726,0.00017431698313334637
4727,0.0001671532714977294
4728,0.0001671532714977294
4729,0.00015998955986211246
4730,0.00015521375210503444
4731,0.00015521375210503444
4732,0.00015521375210503444
4733,0.0001671532714977294
4734,0.00019103231028311932
4735,0.00021968715682558722
4736,0.00025072990724659414
4737,0.00028654846542467896
4738,0.00032236702360276384
4739,0.0003534097740237707
4740,0.00037251300505208266
4741,0.00038206462056623863
4742,0.00037251300505208266
4743,0.0003534097740237707
4744,0.00032236702360276384
4745,0.00028654846542467896
4746,0.00025072990724659414
4747,0.00021968715682558722
4748,0.00019580811804019728
4749,0.00018148069476896334
4750,0.00017431698313334637
4751,0.0001671532714977294
4752,0.0001671532714977294
4753,0.00015998955986211246
4754,0.00015521375210503444
4755,0.00015521375210503444
4756,0.00015521375210503444
4757,0.0001671532714977294
4758,0.00019103231028311932
4759,0.00021968715682558722
4760,0.00025072990724659414
4761,0.00028654846542467896
4762,0.00032236702360276384
4763,0.0003534097740237707
4764,0.00037251300505208266
4765,0.00038206462056623863
4766,0.00037251300505208266
4767,0.0003534097740237707
4768,0.00032236702360276384
4769,0.00028654846542467896
4770,0.00025072990724659414
4771,0.00021968715682558722
4772,0.00019580811804019728
4773,0.00018148069476896334
4774,0.00017431698313334637
4775,0.0001671532714977294
4776,0.0001671532714977294
4777,0.00015998955986211246
4778,0.00015521375210503444
4779,0.00015521375210503444
4780,0.00015521375210503444
4781,0.0001671532714977294
4782,0.00019103231028311932
4783,0.00021968715682558722
4784,0.00025072990724659414
4785,0.00028654846542467896
4786,0.00032236702360276384
4787,0.0003534097740237707
4788,0.00037251300505208266
4789,0.00038206462056623863
4790,0.00037251300505208266
4791,0.0003534097740237707
4792,0.00032236702360276384
4793,0.00028654846542467896
4794,0.00025072990724659414
4795,0.00021968715682558722
4796,0.00019580811804019728
4797,0.00018148069476896334
4798,0.00017431698313334637
4799,0.0001671532714977294
4800,0.0001671532714977294
4801,0.00015998955986211246
4802,0.00015521375210503444
4803,0.00015521375210503444
4804,0.00015521375210503444
4805,0.0001671532714977294
4806,0.00019103231028311932
4807,0.00021968715682558722
4808,0.00025072990724659414
4809,0.00028654846542467896
4810,0.00032236702360276384
4811,0.0003534097740237707
4812,0.00037251300505208266
4813,0.00038206462056623863
4814,0.00037251300505208266
4815,0.0003534097740237707
4816,0.00032236702360276384
4817,0.00028654846542467896
4818,0.00025072990724659414
4819,0.00021968715682558722
4820,0.00019580811804019728
4821,0.00018148069476896334
4822,0.00017431698313334637
4823,0.0001671532714977294
4824,0.0001671532714977294
4825,0.00015998955986211246
4826,0.00015521375210503444
4827,0.00015521375210503444
4828,0.00015521375210503444
4829,0.0001671532714977294
4830,0.00019103231028311932
4831,0.00021968715682558722
4832,0.00025072990724659414
4833,0.00028654846542467896
4834,0.00032236702360276384
4835,0.0003534097740237707
4836,0.00037251300505208266
4837,0.00038206462056623863
4838,0.00037251300505208266
4839,0.0003534097740237707
4840,0.00032236702360276384
4841,0.00028654846542467896
4842,0.00025072990724659414
4843,0.00021968715682558722
4844,0.00019580811804019728
4845,0.00018148069476896334
4846,0.00017431698313334637
4847,0.0001671532714977294
4848,0.0001671532714977294
4849,0.00015998955986211246
4850,0.00015521375210503444
4851,0.00015521375210503444
4852,0.00015521375210503444
4853,0.0001671532714977294
4854,0.00019103231028311932
4855,0.00021968715682558722
4856,0.00025072990724659414
4857,0.00028654846542467896
4858,0.00032236702360276384
4859,0.0003534097740237707
4860,0.00037251300505208266
4861,0.00038206462056623863
4862,0.00037251300505208266
4863,0.0003534097740237707
4864,0.00032236702360276384
4865,0.00028654846542467896
4866,0.00025072990724659414
4867,0.00021968715682558722
4868,0.00019580811804019728
4869,0.00018148069476896334
4870,0.00017431698313334637
4871,0.0001671532714977294
4872,0.0001671532714977294
4873,0.00015998955986211246
4874,0.00015521375210503444
4875,0.00015521375210503444
4876,0.00015521375210503444
4877,0.0001671532714977294
4878,0.00019103231028311932
4879,0.00021968715682558722
4880,0.00025072990724659414
4881,0.00028654846542467896
4882,0.00032236702360276384
4883,0.0003534097740237707
4884,0.00037251300505208266
4885,0.00038206462056623863
4886,0.00037251300505208266
4887,0.0003534097740237707
4888,0.00032236702360276384
4889,0.00028654846542467896
4890,0.00025072990724659414
4891,0.00021968715682558722
4892,0.00019580811804019728
4893,0.00018148069476896334
4894,0.00017431698313334637
4895,0.0001671532714977294
4896,0.0001671532714977294
4897,0.00015998955986211246
4898,0.00015521375210503444
4899,0.00015521375210503444
4900,0.00015521375210503444
4901,0.0001671532714977294
4902,0.00019103231028311932
4903,0.00021968715682558722
4904,0.00025072990724659414
4905,0.00028654846542467896
4906,0.00032236702360276384
4907,0.0003534097740237707
4908,0.00037251300505208266
4909,0.00038206462056623863
4910,0.00037251300505208266
4911,0.0003534097740237707
4912,0.00032236702360276384
4913,0.00028654846542467896
4914,0.00025072990724659414
4915,0.00021968715682558722
4916,0.00019580811804019728
4917,0.00018148069476896334
4918,0.00017431698313334637
4919,0.0001671532714977294
4920,0.0001671532714977294
4921,0.00015998955986211246
4922,0.00015521375210503444
4923,0.00015521375210503444
4924,0.00015521375210503444
4925,0.0001671532714977294
4926,0.00019103231028311932
4927,0.00021968715682558722
4928,0.00025072990724659414
4929,0.00028654846542467896
4930,0.00032236702360276384
4931,0.0003534097740237707
4932,0.00037251300505208266
4933,0.00038206462056623863
4934,0.00037251300505208266
4935,0.0003534097740237707
4936,0.00032236702360276384
4937,0.00028654846542467896
4938,0.00025072990724659414
4939,0.00021968715682558722
4940,0.00019580811804019728
4941,0.00018148069476896334
4942,0.00017431698313334637
4943,0.0001671532714977294
4944,0.0001671532714977294
4945,0.00015998955986211246
4946,0.00015521375210503444
4947,0.00015521375210503444
4948,0.00015521375210503444
4949,0.0001671532714977294
4950,0.00019103231028311932
4951,0.00021968715682558722
4952,0.00025072990724659414
4953,0.00028654846542467896
4954,0.00032236702360276384
4955,0.0003534097740237707
4956,0.00037251300505208266
4957,0.00038206462056623863
4958,0.00037251300505208266
4959,0.0003534097740237707
4960,0.00032236702360276384
4961,0.00028654846542467896
4962,0.00025072990724659414
4963,0.00021968715682558722
4964,0.00019580811804019728
4965,0.00018148069476896334
4966,0.00017431698313334637
4967,0.0001671532714977294
4968,0.0001671532714977294
4969,0.00015998955986211246
4970,0.00015521375210503444
4971,0.00015521375210503444
4972,0.00015521375210503444
4973,0.0001671532714977294
4974,0.00019103231028311932
4975,0.00021968715682558722
4976,0.00025072990724659414
4977,0.00028654846542467896
4978,0.00032236702360276384
4979,0.0003534097740237707
4980,0.00037251300505208266
4981,0.00038206462056623863
4982,0.00037251300505208266
4983,0.0003534097740237707
4984,0.00032236702360276384
4985,0.00028654846542467896
4986,0.00025072990724659414
4987,0.00021968715682558722
4988,0.00019580811804019728
4989,0.00018148069476896334
4990,0.00017431698313334637
4991,0.0001671532714977294
4992,0.0001671532714977294
4993,0.00015998955986211246
4994,0.00015521375210503444
4995,0.00015521375210503444
4996,0.00015521375210503444
4997,0.0001671532714977294
4998,0.00019103231028311932
4999,0.00021968715682558722
5000,0.00025072990724659414
5001,0.00028654846542467896
5002,0.00032236702360276384
5003,0.0003534097740237707
5004,0.00037251300505208266
5005,0.00038206462056623863
5006,0.00037251300505208266
5007,0.0003534097740237707
5008,0.00032236702360276384
5009,0.00028654846542467896
5010,0.00025072990724659414
5011,0.00021968715682558722
5012,0.00019580811804019728
5013,0.00018148069476896334
5014,0.00017431698313334637
5015,0.0001671532714977294
5016,0.0001671532714977294
5017,0.00015998955986211246
5018,0.00015521375210503444
5019,0.00015521375210503444
5020,0.00015521375210503444
5021,0.0001671532714977294
5022,0.00019103231028311932
5023,0.00021968715682558722
5024,0.00025072990724659414
5025,0.00028654846542467896
5026,0.00032236702360276384
5027,0.0003534097740237707
5028,0.00037251300505208266
5029,0.00038206462056623863
5030,0.00037251300505208266
5031,0.0003534097740237707
5032,0.00032236702360276384
5033,0.00028654846542467896
5034,0.00025072990724659414
5035,0.00021968715682558722
5036,0.00019580811804019728
5037,0.00018148069476896334
5038,0.00017431698313334637
5039,0.0001671532714977294
5040,0.0001671532714977294
5041,0.00015998955986211246
5042,0.00015521375210503444
5043,0.00015521375210503444
5044,0.00015521375210503444
5045,0.0001671532714977294
5046,0.00019103231028311932
5047,0.00021968715682558722
5048,0.00025072990724659414
5049,0.00028654846542467896
5050,0.00032236702360276384
5051,0.0003534097740237707
5052,0.00037251300505208266
5053,0.00038206462056623863
5054,0.00037251300505208266
5055,0.0003534097740237707
5056,0.00032236702360276384
5057,0.00028654846542467896
5058,0.00025072990724659414
5059,0.00021968715682558722
5060,0.00019580811804019728
5061,0.00018148069476896334
5062,0.00017431698313334637
5063,0.0001671532714977294
5064,0.0001671532714977294
5065,0.00015998955986211246
5066,0.00015521375210503444
5067,0.00015521375210503444
5068,0.00015521375210503444
5069,0.0001671532714977294
5070,0.00019103231028311932
5071,0.00021968715682558722
5072,0.00025072990724659414
5073,0.00028654846542467896
5074,0.00032236702360276384
5075,0.0003534097740237707
5076,0.00037251300505208266
5077,0.00038206462056623863
5078,0.00037251300505208266
5079,0.0003534097740237707
5080,0.00032236702360276384
5081,0.00028654846542467896
5082,0.00025072990724659414
5083,0.00021968715682558722
5084,0.00019580811804019728
5085,0.00018148069476896334
5086,0.00017431698313334637
5087,0.0001671532714977294
5088,0.0001671532714977294
5089,0.00015998955986211246
5090,0.00015521375210503444
5091,0.00015521375210503444
5092,0.00015521375210503444
5093,0.0001671532714977294
5094,0.00019103231028311932
5095,0.00021968715682558722
5096,0.00025072990724659414
5097,0.00028654846542467896
5098,0.00032236702360276384
5099,0.0003534097740237707
5100,0.00037251300505208266
5101,0.00038206462056623863
5102,0.00037251300505208266
5103,0.0003534097740237707
5104,0.00032236702360276384
5105,0.00028654846542467896
5106,0.00025072990724659414
5107,0.00021968715682558722
5108,0.00019580811804019728
5109,0.00018148069476896334
5110,0.00017431698313334637
5111,0.0001671532714977294
5112,0.00015549141534672504
5113,0.00014882749754615112
5114,0.00014438488567910181
5115,0.00014438488567910181
5116,0.00014438488567910181
5117,0.00015549141534672504
5118,0.00017770447468197146
5119,0.0002043601458842672
5120,0.00023323712302008757
5121,0.0002665567120229572
5122,0.00029987630102582685
5123,0.0003287532781616472
5124,0.00034652372562984435
5125,0.0003554089493639429
5126,0.00034652372562984435
5127,0.0003287532781616472
5128,0.00029987630102582685
5129,0.0002665567120229572
5130,0.00023323712302008757
5131,0.0002043601458842672
5132,0.00018214708654902073
5133,0.0001688192509478729
5134,0.00016215533314729895
5135,0.00015549141534672504
5136,0.00015549141534672504
5137,0.00014882749754615112
5138,0.00014438488567910181
5139,0.00014438488567910181
5140,0.00014438488567910181
5141,0.00015549141534672504
5142,0.00017770447468197146
5143,0.0002043601458842672
5144,0.00023323712302008757
5145,0.0002665567120229572
5146,0.00029987630102582685
5147,0.0003287532781616472
5148,0.00034652372562984435
5149,0.0003554089493639429
5150,0.00034652372562984435
5151,0.0003287532781616472
5152,0.00029987630102582685
5153,0.0002665567120229572
5154,0.00023323712302008757
5155,0.0002043601458842672
5156,0.00018214708654902073
5157,0.0001688192509478729
5158,0.00016215533314729895
5159,0.00015549141534672504
5160,0.00015549141534672504
5161,0.00014882749754615112
5162,0.00014438488567910181
5163,0.00014438488567910181
5164,0.00014438488567910181
5165,0.00015549141534672504
5166,0.00017770447468197146
5167,0.0002043601458842672
5168,0.00023323712302008757
5169,0.0002665567120229572
5170,0.00029987630102582685
5171,0.0003287532781616472
5172,0.00034652372562984435
5173,0.0003554089493639429
5174,0.00034652372562984435
5175,0.0003287532781616472
5176,0.00029987630102582685
5177,0.0002665567120229572
5178,0.00023323712302008757
5179,0.0002043601458842672
5180,0.00018214708654902073
5181,0.0001688192509478729
5182,0.00016215533314729895
5183,0.00015549141534672504
5184,0.00015549141534672504
5185,0.00014882749754615112
5186,0.00014438488567910181
5187,0.00014438488567910181
5188,0.00014438488567910181
5189,0.00015549141534672504
5190,0.00017770447468197146
5191,0.0002043601458842672
5192,0.00023323712302008757
5193,0.0002665567120229572
5194,0.00029987630102582685
5195,0.0003287532781616472
5196,0.00034652372562984435
5197,0.0003554089493639429
5198,0.00034652372562984435
5199,0.0003287532781616472
5200,0.00029987630102582685
5201,0.0002665567120229572
5202,0.00023323712302008757
5203,0.0002043601458842672
5204,0.00018214708654902073
5205,0.0001688192509478729
5206,0.00016215533314729895
5207,0.00015549141534672504
5208,0.00015549141534672504
5209,0.00014882749754615112
5210,0.00014438488567910181
5211,0.00014438488567910181
5212,0.00014438488567910181
5213,0.00015549141534672504
5214,0.00017770447468197146
5215,0.0002043601458842672
5216,0.00023323712302008757
5217,0.0002665567120229572
5218,0.00029987630102582685
5219,0.0003287532781616472
5220,0.00034652372562984435
5221,0.0003554089493639429
5222,0.00034652372562984435
5223,0.0003287532781616472
5224,0.00029987630102582685
5225,0.0002665567120229572
5226,0.00023323712302008757
5227,0.0002043601458842672
5228,0.00018214708654902073
5229,0.0001688192509478729
5230,0.00016215533314729895
5231,0.00015549141534672504
5232,0.00015549141534672504
5233,0.00014882749754615112
5234,0.00014438488567910181
5235,0.00014438488567910181
5236,0.00014438488567910181
5237,0.00015549141534672504
5238,0.00017770447468197146
5239,0.0002043601458842672
5240,0.00023323712302008757
5241,0.0002665567120229572
5242,0.00029987630102582685
5243,0.0003287532781616472
5244,0.00034652372562984435
5245,0.0003554089493639429
5246,0.00034652372562984435
5247,0.0003287532781616472
5248,0.00029987630102582685
5249,0.0002665567120229572
5250,0.00023323712302008757
5251,0.0002043601458842672
5252,0.00018214708654902073
5253,0.0001688192509478729
5254,0.00016215533314729895
5255,0.00015549141534672504
5256,0.00015549141534672504
5257,0.00014882749754615112
5258,0.00014438488567910181
5259,0.00014438488567910181
5260,0.00014438488567910181
5261,0.00015549141534672504
5262,0.00017770447468197146
5263,0.0002043601458842672
5264,0.00023323712302008757
5265,0.0002665567120229572
5266,0.00029987630102582685
5267,0.0003287532781616472
5268,0.00034652372562984435
5269,0.0003554089493639429
5270,0.00034652372562984435
5271,0.0003287532781616472
5272,0.00029987630102582685
5273,0.0002665567120229572
5274,0.00023323712302008757
5275,0.0002043601458842672
5276,0.00018214708654902073
5277,0.0001688192509478729
5278,0.00016215533314729895
5279,0.00015549141534672504
5280,0.00015549141534672504
5281,0.00014882749754615112
5282,0.00014438488567910181
5283,0.00014438488567910181
5284,0.00014438488567910181
5285,0.00015549141534672504
5286,0.00017770447468197146
5287,0.0002043601458842672
5288,0.00023323712302008757
5289,0.0002665567120229572
5290,0.00029987630102582685
5291,0.0003287532781616472
5292,0.00034652372562984435
5293,0.0003554089493639429
5294,0.00034652372562984435
5295,0.0003287532781616472
5296,0.00029987630102582685
5297,0.0002665567120229572
5298,0.00023323712302008757
5299,0.0002043601458842672
5300,0.00018214708654902073
5301,0.0001688192509478729
5302,0.00016215533314729895
5303,0.00015549141534672504
5304,0.00015549141534672504
5305,0.00014882749754615112
5306,0.00014438488567910181
5307,0.00014438488567910181
5308,0.00014438488567910181
5309,0.00015549141534672504
5310,0.00017770447468197146
5311,0.0002043601458842672
5312,0.00023323712302008757
5313,0.0002665567120229572
5314,0.00029987630102582685
5315,0.0003287532781616472
5316,0.00034652372562984435
5317,0.0003554089493639429
5318,0.00034652372562984435
5319,0.0003287532781616472
5320,0.00029987630102582685
5321,0.0002665567120229572
5322,0.00023323712302008757
5323,0.0002043601458842672
5324,0.00018214708654902073
5325,0.0001688192509478729
5326,0.00016215533314729895
5327,0.00015549141534672504
5328,0.00015549141534672504
5329,0.00014882749754615112
5330,0.00014438488567910181
5331,0.00014438488567910181
5332,0.00014438488567910181
5333,0.00015549141534672504
5334,0.00017770447468197146
5335,0.0002043601458842672
5336,0.00023323712302008757
5337,0.0002665567120229572
5338,0.00029987630102582685
5339,0.0003287532781616472
5340,0.00034652372562984435
5341,0.0003554089493639429
5342,0.00034652372562984435
5343,0.0003287532781616472
5344,0.00029987630102582685
5345,0.0002665567120229572
5346,0.00023323712302008757
5347,0.0002043601458842672
5348,0.00018214708654902073
5349,0.0001688192509478729
5350,0.00016215533314729895
5351,0.00015549141534672504
5352,0.00015549141534672504
5353,0.00014882749754615112
5354,0.00014438488567910181
5355,0.00014438488567910181
5356,0.00014438488567910181
5357,0.00015549141534672504
5358,0.00017770447468197146
5359,0.0002043601458842672
5360,0.00023323712302008757
5361,0.0002665567120229572
5362,0.00029987630102582685
5363,0.0003287532781616472
5364,0.00034652372562984435
5365,0.0003554089493639429
5366,0.00034652372562984435
5367,0.0003287532781616472
5368,0.00029987630102582685
5369,0.0002665567120229572
5370,0.00023323712302008757
5371,0.0002043601458842672
5372,0.00018214708654902073
5373,0.0001688192509478729
5374,0.00016215533314729895
5375,0.00015549141534672504
5376,0.00015549141534672504
5377,0.00014882749754615112
5378,0.00014438488567910181
5379,0.00014438488567910181
5380,0.00014438488567910181
5381,0.00015549141534672504
5382,0.00017770447468197146
5383,0.0002043601458842672
5384,0.00023323712302008757
5385,0.0002665567120229572
5386,0.00029987630102582685
5387,0.0003287532781616472
5388,0.00034652372562984435
5389,0.0003554089493639429
5390,0.00034652372562984435
5391,0.0003287532781616472
5392,0.00029987630102582685
5393,0.0002665567120229572
5394,0.00023323712302008757
5395,0.0002043601458842672
5396,0.00018214708654902073
5397,0.0001688192509478729
5398,0.00016215533314729895
5399,0.00015549141534672504
5400,0.00015549141534672504
5401,0.00014882749754615112
5402,0.00014438488567910181
5403,0.00014438488567910181
5404,0.00014438488567910181
5405,0.00015549141534672504
5406,0.00017770447468197146
5407,0.0002043601458842672
5408,0.00023323712302008757
5409,0.0002665567120229572
5410,0.00029987630102582685
5411,0.0003287532781616472
5412,0.00034652372562984435
5413,0.0003554089493639429
5414,0.00034652372562984435
5415,0.0003287532781616472
5416,0.00029987630102582685
5417,0.0002665567120229572
5418,0.00023323712302008757
5419,0.0002043601458842672
5420,0.00018214708654902073
5421,0.0001688192509478729
5422,0.00016215533314729895
5423,0.00015549141534672504
5424,0.00015549141534672504
5425,0.00014882749754615112
5426,0.00014438488567910181
5427,0.00014438488567910181
5428,0.00014438488567910181
5429,0.00015549141534672504
5430,0.00017770447468197146
5431,0.0002043601458842672
5432,0.00023323712302008757
5433,0.0002665567120229572
5434,0.00029987630102582685
5435,0.0003287532781616472
5436,0.00034652372562984435
5437,0.0003554089493639429
5438,0.00034652372562984435
5439,0.0003287532781616472
5440,0.00029987630102582685
5441,0.0002665567120229572
5442,0.00023323712302008757
5443,0.0002043601458842672
5444,0.00018214708654902073
5445,0.0001688192509478729
5446,0.00016215533314729895
5447,0.00015549141534672504
5448,0.00015549141534672504
5449,0.00014882749754615112
5450,0.00014438488567910181
5451,0.00014438488567910181
5452,0.00014438488567910181
5453,0.00015549141534672504
5454,0.00017770447468197146
5455,0.0002043601458842672
5456,0.00023323712302008757
5457,0.0002665567120229572
5458,0.00029987630102582685
5459,0.0003287532781616472
5460,0.00034652372562984435
5461,0.0003554089493639429
5462,0.00034652372562984435
5463,0.0003287532781616472
5464,0.00029987630102582685
5465,0.0002665567120229572
5466,0.00023323712302008757
5467,0.0002043601458842672
5468,0.00018214708654902073
5469,0.0001688192509478729
5470,0.00016215533314729895
5471,0.00015549141534672504
5472,0.00015549141534672504
5473,0.00014882749754615112
5474,0.00014438488567910181
5475,0.00014438488567910181
5476,0.00014438488567910181
5477,0.00015549141534672504
5478,0.00017770447468197146
5479,0.0002043601458842672
5480,0.00023323712302008757
5481,0.0002665567120229572
5482,0.00029987630102582685
5483,0.0003287532781616472
5484,0.00034652372562984435
5485,0.0003554089493639429
5486,0.00034652372562984435
5487,0.0003287532781616472
5488,0.00029987630102582685
5489,0.0002665567120229572
5490,0.00023323712302008757
5491,0.0002043601458842672
5492,0.00018214708654902073
5493,0.0001688192509478729
5494,0.00016215533314729895
5495,0.00015549141534672504
5496,0.00015549141534672504
5497,0.00014882749754615112
5498,0.00014438488567910181
5499,0.00014438488567910181
5500,0.00014438488567910181
5501,0.00015549141534672504
5502,0.00017770447468197146
5503,0.0002043601458842672
5504,0.00023323712302008757
5505,0.0002665567120229572
5506,0.00029987630102582685
5507,0.0003287532781616472
5508,0.00034652372562984435
5509,0.0003554089493639429
5510,0.00034652372562984435
5511,0.0003287532781616472
5512,0.00029987630102582685
5513,0.0002665567120229572
5514,0.00023323712302008757
5515,0.0002043601458842672
5516,0.00018214708654902073
5517,0.0001688192509478729
5518,0.00016215533314729895
5519,0.00015549141534672504
5520,0.00015549141534672504
5521,0.00014882749754615112
5522,0.00014438488567910181
5523,0.00014438488567910181
5524,0.00014438488567910181
5525,0.00015549141534672504
5526,0.00017770447468197146
5527,0.0002043601458842672
5528,0.00023323712302008757
5529,0.0002665567120229572
5530,0.00029987630102582685
5531,0.0003287532781616472
5532,0.00034652372562984435
5533,0.0003554089493639429
5534,0.00034652372562984435
5535,0.0003287532781616472
5536,0.00029987630102582685
5537,0.0002665567120229572
5538,0.00023323712302008757
5539,0.0002043601458842672
5540,0.00018214708654902073
5541,0.0001688192509478729
5542,0.00016215533314729895
5543,0.00015549141534672504
5544,0.00015549141534672504
5545,0.00014882749754615112
5546,0.00014438488567910181
5547,0.00014438488567910181
5548,0.00014438488567910181
5549,0.00015549141534672504
5550,0.00017770447468197146
5551,0.0002043601458842672
5552,0.00023323712302008757
5553,0.0002665567120229572
5554,0.00029987630102582685
5555,0.0003287532781616472
5556,0.00034652372562984435
5557,0.0003554089493639429
5558,0.00034652372562984435
5559,0.0003287532781616472
5560,0.00029987630102582685
5561,0.0002665567120229572
5562,0.00023323712302008757
5563,0.0002043601458842672
5564,0.00018214708654902073
5565,0.0001688192509478729
5566,0.00016215533314729895
5567,0.00015549141534672504
5568,0.00015549141534672504
5569,0.00014882749754615112
5570,0.00014438488567910181
5571,0.00014438488567910181
5572,0.00014438488567910181
5573,0.00015549141534672504
5574,0.00017770447468197146
5575,0.0002043601458842672
5576,0.00023323712302008757
5577,0.0002665567120229572
5578,0.00029987630102582685
5579,0.0003287532781616472
5580,0.00034652372562984435
5581,0.0003554089493639429
5582,0.00034652372562984435
5583,0.0003287532781616472
5584,0.00029987630102582685
5585,0.0002665567120229572
5586,0.00023323712302008757
5587,0.0002043601458842672
5588,0.00018214708654902073
5589,0.0001688192509478729
5590,0.00016215533314729895
5591,0.00015549141534672504
5592,0.00015549141534672504
5593,0.00014882749754615112
5594,0.00014438488567910181
5595,0.00014438488567910181
5596,0.00014438488567910181
5597,0.00015549141534672504
5598,0.00017770447468197146
5599,0.0002043601458842672
5600,0.00023323712302008757
5601,0.0002665567120229572
5602,0.00029987630102582685
5603,0.0003287532781616472
5604,0.00034652372562984435
5605,0.0003554089493639429
5606,0.00034652372562984435
5607,0.0003287532781616472
5608,0.00029987630102582685
5609,0.0002665567120229572
5610,0.00023323712302008757
5611,0.0002043601458842672
5612,0.00018214708654902073
5613,0.0001688192509478729
5614,0.00016215533314729895
5615,0.00015549141534672504
5616,0.00015549141534672504
5617,0.00014882749754615112
5618,0.00014438488567910181
5619,0.00014438488567910181
5620,0.00014438488567910181
5621,0.00015549141534672504
5622,0.00017770447468197146
5623,0.0002043601458842672
5624,0.00023323712302008757
5625,0.0002665567120229572
5626,0.00029987630102582685
5627,0.0003287532781616472
5628,0.00034652372562984435
5629,0.0003554089493639429
5630,0.00034652372562984435
5631,0.0003287532781616472
5632,0.00029987630102582685
5633,0.0002665567120229572
5634,0.00023323712302008757
5635,0.0002043601458842672
5636,0.00018214708654902073
5637,0.0001688192509478729
5638,0.00016215533314729895
5639,0.00015549141534672504
5640,0.00015549141534672504
5641,0.00014882749754615112
5642,0.00014438488567910181
5643,0.00014438488567910181
5644,0.00014438488567910181
5645,0.00015549141534672504
5646,0.00017770447468197146
5647,0.0002043601458842672
5648,0.00023323712302008757
5649,0.0002665567120229572
5650,0.00029987630102582685
5651,0.0003287532781616472
5652,0.00034652372562984435
5653,0.0003554089493639429
5654,0.00034652372562984435
5655,0.0003287532781616472
5656,0.00029987630102582685
5657,0.0002665567120229572
5658,0.00023323712302008757
5659,0.0002043601458842672
5660,0.00018214708654902073
5661,0.0001688192509478729
5662,0.00016215533314729895
5663,0.00015549141534672504
5664,0.00015549141534672504
5665,0.00014882749754615112
5666,0.00014438488567910181
5667,0.00014438488567910181
5668,0.00014438488567910181
5669,0.00015549141534672504
5670,0.00017770447468197146
5671,0.0002043601458842672
5672,0.00023323712302008757
5673,0.0002665567120229572
5674,0.00029987630102582685
5675,0.0003287532781616472
5676,0.00034652372562984435
5677,0.0003554089493639429
5678,0.00034652372562984435
5679,0.0003287532781616472
5680,0.00029987630102582685
5681,0.0002665567120229572
5682,0.00023323712302008757
5683,0.0002043601458842672
5684,0.00018214708654902073
5685,0.0001688192509478729
5686,0.00016215533314729895
5687,0.00015549141534672504
5688,0.00015549141534672504
5689,0.00014882749754615112
5690,0.00014438488567910181
5691,0.00014438488567910181
5692,0.00014438488567910181
5693,0.00015549141534672504
5694,0.00017770447468197146
5695,0.0002043601458842672
5696,0.00023323712302008757
5697,0.0002665567120229572
5698,0.00029987630102582685
5699,0.0003287532781616472
5700,0.00034652372562984435
5701,0.0003554089493639429
5702,0.00034652372562984435
5703,0.0003287532781616472
5704,0.00029987630102582685
5705,0.0002665567120229572
5706,0.00023323712302008757
5707,0.0002043601458842672
5708,0.00018214708654902073
5709,0.0001688192509478729
5710,0.00016215533314729895
5711,0.00015549141534672504
5712,0.00015549141534672504
5713,0.00014882749754615112
5714,0.00014438488567910181
5715,0.00014438488567910181
5716,0.00014438488567910181
5717,0.00015549141534672504
5718,0.00017770447468197146
5719,0.0002043601458842672
5720,0.00023323712302008757
5721,0.0002665567120229572
5722,0.00029987630102582685
5723,0.0003287532781616472
5724,0.00034652372562984435
5725,0.0003554089493639429
5726,0.00034652372562984435
5727,0.0003287532781616472
5728,0.00029987630102582685
5729,0.0002665567120229572
5730,0.00023323712302008757
5731,0.0002043601458842672
5732,0.00018214708654902073
5733,0.0001688192509478729
5734,0.00016215533314729895
5735,0.00015549141534672504
5736,0.00015549141534672504
5737,0.00014882749754615112
5738,0.00014438488567910181
5739,0.00014438488567910181
5740,0.00014438488567910181
5741,0.00015549141534672504
5742,0.00017770447468197146
5743,0.0002043601458842672
5744,0.00023323712302008757
5745,0.0002665567120229572
5746,0.00029987630102582685
5747,0.0003287532781616472
5748,0.00034652372562984435
5749,0.0003554089493639429
5750,0.00034652372562984435
5751,0.0003287532781616472
5752,0.00029987630102582685
5753,0.0002665567120229572
5754,0.00023323712302008757
5755,0.0002043601458842672
5756,0.00018214708654902073
5757,0.0001688192509478729
5758,0.00016215533314729895
5759,0.00015549141534672504
5760,0.00015549141534672504
5761,0.00014882749754615112
5762,0.00014438488567910181
5763,0.00014438488567910181
5764,0.00014438488567910181
5765,0.00015549141534672504
5766,0.00017770447468197146
5767,0.0002043601458842672
5768,0.00023323712302008757
5769,0.0002665567120229572
5770,0.00029987630102582685
5771,0.0003287532781616472
5772,0.00034652372562984435
5773,0.0003554089493639429
5774,0.00034652372562984435
5775,0.0003287532781616472
5776,0.00029987630102582685
5777,0.0002665567120229572
5778,0.00023323712302008757
5779,0.0002043601458842672
5780,0.00018214708654902073
5781,0.0001688192509478729
5782,0.00016215533314729895
5783,0.00015549141534672504
5784,0.00015549141534672504
5785,0.00014882749754615112
5786,0.00014438488567910181
5787,0.00014438488567910181
5788,0.00014438488567910181
5789,0.00015549141534672504
5790,0.00017770447468197146
5791,0.0002043601458842672
5792,0.00023323712302008757
5793,0.0002665567120229572
5794,0.00029987630102582685
5795,0.0003287532781616472
5796,0.00034652372562984435
5797,0.0003554089493639429
5798,0.00034652372562984435
5799,0.0003287532781616472
5800,0.00029987630102582685
5801,0.0002665567120229572
5802,0.00023323712302008757
5803,0.0002043601458842672
5804,0.00018214708654902073
5805,0.0001688192509478729
5806,0.00016215533314729895
5807,0.00015549141534672504
5808,0.00015549141534672504
5809,0.00014882749754615112
5810,0.00014438488567910181
5811,0.00014438488567910181
5812,0.00014438488567910181
5813,0.00015549141534672504
5814,0.00017770447468197146
5815,0.0002043601458842672
5816,0.00023323712302008757
5817,0.0002665567120229572
5818,0.00029987630102582685
5819,0.0003287532781616472
5820,0.00034652372562984435
5821,0.0003554089493639429
5822,0.00034652372562984435
5823,0.0003287532781616472
5824,0.00029987630102582685
5825,0.0002665567120229572
5826,0.00023323712302008757
5827,0.0002043601458842672
5828,0.00018214708654902073
5829,0.0001688192509478729
5830,0.00016215533314729895
5831,0.00015549141534672504
5832,0.00015549141534672504
5833,0.00014882749754615112
5834,0.00014438488567910181
5835,0.00014438488567910181
5836,0.00014438488567910181
5837,0.00015549141534672504
5838,0.00017770447468197146
5839,0.0002043601458842672
5840,0.00023323712302008757
5841,0.0002665567120229572
5842,0.00029987630102582685
5843,0.0003287532781616472
5844,0.00034652372562984435
5845,0.0003554089493639429
5846,0.00034652372562984435
5847,0.0003287532781616472
5848,0.00029987630102582685
5849,0.0002665567120229572
5850,0.00023323712302008757
5851,0.0002043601458842672
5852,0.00018214708654902073
5853,0.0001688192509478729
5854,0.00016215533314729895
5855,0.00015549141534672504
5856,7.384685298795728e-05
5857,7.384685298795728e-05
5858,7.384685298795728e-05
5859,7.384685298795728e-05
5860,7.384685298795728e-05
5861,7.384685298795728e-05
5862,7.384685298795728e-05
5863,7.384685298795728e-05
5864,7.384685298795728e-05
5865,7.384685298795728e-05
5866,7.384685298795728e-05
5867,7.384685298795728e-05
5868,7.384685298795728e-05
5869,7.384685298795728e-05
5870,7.384685298795728e-05
5871,7.384685298795728e-05
5872,7.384685298795728e-05
5873,7.384685298795728e-05
5874,7.384685298795728e-05
5875,7.384685298795728e-05
5876,7.384685298795728e-05
5877,7.384685298795728e-05
5878,7.384685298795728e-05
5879,7.384685298795728e-05
5880,7.384685298795728e-05
5881,7.384685298795728e-05
5882,7.384685298795728e-05
5883,7.384685298795728e-05
5884,7.384685298795728e-05
5885,7.384685298795728e-05
5886,7.384685298795728e-05
5887,7.384685298795728e-05
5888,7.384685298795728e-05
5889,7.384685298795728e-05
5890,7.384685298795728e-05
5891,7.384685298795728e-05
5892,7.384685298795728e-05
5893,7.384685298795728e-05
5894,7.384685298795728e-05
5895,7.384685298795728e-05
5896,7.384685298795728e-05
5897,7.384685298795728e-05
5898,7.384685298795728e-05
5899,7.384685298795728e-05
5900,7.384685298795728e-05
5901,7.384685298795728e-05
5902,7.384685298795728e-05
5903,7.384685298795728e-05
5904,7.384685298795728e-05
5905,7.384685298795728e-05
5906,7.384685298795728e-05
5907,7.384685298795728e-05
5908,7.384685298795728e-05
5909,7.384685298795728e-05
5910,7.384685298795728e-05
5911,7.384685298795728e-05
5912,7.384685298795728e-05
5913,7.384685298795728e-05
5914,7.384685298795728e-05
5915,7.384685298795728e-05
5916,7.384685298795728e-05
5917,7.384685298795728e-05
5918,7.384685298795728e-05
5919,7.384685298795728e-05
5920,7.384685298795728e-05
5921,7.384685298795728e-05
5922,7.384685298795728e-05
5923,7.384685298795728e-05
5924,7.384685298795728e-05
5925,7.384685298795728e-05
5926,7.384685298795728e-05
5927,7.384685298795728e-05
5928,7.384685298795728e-05
5929,7.384685298795728e-05
5930,7.384685298795728e-05
5931,7.384685298795728e-05
5932,7.384685298795728e-05
5933,7.384685298795728e-05
5934,7.384685298795728e-05
5935,7.384685298795728e-05
5936,7.384685298795728e-05
5937,7.384685298795728e-05
5938,7.384685298795728e-05
5939,7.384685298795728e-05
5940,7.384685298795728e-05
5941,7.384685298795728e-05
5942,7.384685298795728e-05
5943,7.384685298795728e-05
5944,7.384685298795728e-05
5945,7.384685298795728e-05
5946,7.384685298795728e-05
5947,7.384685298795728e-05
5948,7.384685298795728e-05
5949,7.384685298795728e-05
5950,7.384685298795728e-05
5951,7.384685298795728e-05
5952,7.384685298795728e-05
5953,7.384685298795728e-05
5954,7.384685298795728e-05
5955,7.384685298795728e-05
5956,7.384685298795728e-05
5957,7.384685298795728e-05
5958,7.384685298795728e-05
5959,7.384685298795728e-05
5960,7.384685298795728e-05
5961,7.384685298795728e-05
5962,7.384685298795728e-05
5963,7.384685298795728e-05
5964,7.384685298795728e-05
5965,7.384685298795728e-05
5966,7.384685298795728e-05
5967,7.384685298795728e-05
5968,7.384685298795728e-05
5969,7.384685298795728e-05
5970,7.384685298795728e-05
5971,7.384685298795728e-05
5972,7.384685298795728e-05
5973,7.384685298795728e-05
5974,7.384685298795728e-05
5975,7.384685298795728e-05
5976,7.384685298795728e-05
5977,7.384685298795728e-05
5978,7.384685298795728e-05
5979,7.384685298795728e-05
5980,7.384685298795728e-05
5981,7.384685298795728e-05
5982,7.384685298795728e-05
5983,7.384685298795728e-05
5984,7.384685298795728e-05
5985,7.384685298795728e-05
5986,7.384685298795728e-05
5987,7.384685298795728e-05
5988,7.384685298795728e-05
5989,7.384685298795728e-05
5990,7.384685298795728e-05
5991,7.384685298795728e-05
5992,7.384685298795728e-05
5993,7.384685298795728e-05
5994,7.384685298795728e-05
5995,7.384685298795728e-05
5996,7.384685298795728e-05
5997,7.384685298795728e-05
5998,7.384685298795728e-05
5999,7.384685298795728e-05
6000,7.384685298795728e-05
6001,7.384685298795728e-05
6002,7.384685298795728e-05
6003,7.384685298795728e-05
6004,7.384685298795728e-05
6005,7.384685298795728e-05
6006,7.384685298795728e-05
6007,7.384685298795728e-05
6008,7.384685298795728e-05
6009,7.384685298795728e-05
6010,7.384685298795728e-05
6011,7.384685298795728e-05
6012,7.384685298795728e-05
6013,7.384685298795728e-05
6014,7.384685298795728e-05
6015,7.384685298795728e-05
6016,7.384685298795728e-05
6017,7.384685298795728e-05
6018,7.384685298795728e-05
6019,7.384685298795728e-05
6020,7.384685298795728e-05
6021,7.384685298795728e-05
6022,7.384685298795728e-05
6023,7.384685298795728e-05
6024,7.384685298795728e-05
6025,7.384685298795728e-05
6026,7.384685298795728e-05
6027,7.384685298795728e-05
6028,7.384685298795728e-05
6029,7.384685298795728e-05
6030,7.384685298795728e-05
6031,7.384685298795728e-05
6032,7.384685298795728e-05
6033,7.384685298795728e-05
6034,7.384685298795728e-05
6035,7.384685298795728e-05
6036,7.384685298795728e-05
6037,7.384685298795728e-05
6038,7.384685298795728e-05
6039,7.384685298795728e-05
6040,7.384685298795728e-05
6041,7.384685298795728e-05
6042,7.384685298795728e-05
6043,7.384685298795728e-05
6044,7.384685298795728e-05
6045,7.384685298795728e-05
6046,7.384685298795728e-05
6047,7.384685298795728e-05
6048,7.384685298795728e-05
6049,7.384685298795728e-05
6050,7.384685298795728e-05
6051,7.384685298795728e-05
6052,7.384685298795728e-05
6053,7.384685298795728e-05
6054,7.384685298795728e-05
6055,7.384685298795728e-05
6056,7.384685298795728e-05
6057,7.384685298795728e-05
6058,7.384685298795728e-05
6059,7.384685298795728e-05
6060,7.384685298795728e-05
6061,7.384685298795728e-05
6062,7.384685298795728e-05
6063,7.384685298795728e-05
6064,7.384685298795728e-05
6065,7.384685298795728e-05
6066,7.384685298795728e-05
6067,7.384685298795728e-05
6068,7.384685298795728e-05
6069,7.384685298795728e-05
6070,7.384685298795728e-05
6071,7.384685298795728e-05
6072,7.384685298795728e-05
6073,7.384685298795728e-05
6074,7.384685298795728e-05
6075,7.384685298795728e-05
6076,7.384685298795728e-05
6077,7.384685298795728e-05
6078,7.384685298795728e-05
6079,7.384685298795728e-05
6080,7.384685298795728e-05
6081,7.384685298795728e-05
6082,7.384685298795728e-05
6083,7.384685298795728e-05
6084,7.384685298795728e-05
6085,7.384685298795728e-05
6086,7.384685298795728e-05
6087,7.384685298795728e-05
6088,7.384685298795728e-05
6089,7.384685298795728e-05
6090,7.384685298795728e-05
6091,7.384685298795728e-05
6092,7.384685298795728e-05
6093,7.384685298795728e-05
6094,7.384685298795728e-05
6095,7.384685298795728e-05
6096,7.384685298795728e-05
6097,7.384685298795728e-05
6098,7.384685298795728e-05
6099,7.384685298795728e-05
6100,7.384685298795728e-05
6101,7.384685298795728e-05
6102,7.384685298795728e-05
6103,7.384685298795728e-05
6104,7.384685298795728e-05
6105,7.384685298795728e-05
6106,7.384685298795728e-05
6107,7.384685298795728e-05
6108,7.384685298795728e-05
6109,7.384685298795728e-05
6110,7.384685298795728e-05
6111,7.384685298795728e-05
6112,7.384685298795728e-05
6113,7.384685298795728e-05
6114,7.384685298795728e-05
6115,7.384685298795728e-05
6116,7.384685298795728e-05
6117,7.384685298795728e-05
6118,7.384685298795728e-05
6119,7.384685298795728e-05
6120,7.384685298795728e-05
6121,7.384685298795728e-05
6122,7.384685298795728e-05
6123,7.384685298795728e-05
6124,7.384685298795728e-05
6125,7.384685298795728e-05
6126,7.384685298795728e-05
6127,7.384685298795728e-05
6128,7.384685298795728e-05
6129,7.384685298795728e-05
6130,7.384685298795728e-05
6131,7.384685298795728e-05
6132,7.384685298795728e-05
6133,7.384685298795728e-05
6134,7.384685298795728e-05
6135,7.384685298795728e-05
6136,7.384685298795728e-05
6137,7.384685298795728e-05
6138,7.384685298795728e-05
6139,7.384685298795728e-05
6140,7.384685298795728e-05
6141,7.384685298795728e-05
6142,7.384685298795728e-05
6143,7.384685298795728e-05
6144,7.384685298795728e-05
6145,7.384685298795728e-05
6146,7.384685298795728e-05
6147,7.384685298795728e-05
6148,7.384685298795728e-05
6149,7.384685298795728e-05
6150,7.384685298795728e-05
6151,7.384685298795728e-05
6152,7.384685298795728e-05
6153,7.384685298795728e-05
6154,7.384685298795728e-05
6155,7.384685298795728e-05
6156,7.384685298795728e-05
6157,7.384685298795728e-05
6158,7.384685298795728e-05
6159,7.384685298795728e-05
6160,7.384685298795728e-05
6161,7.384685298795728e-05
6162,7.384685298795728e-05
6163,7.384685298795728e-05
6164,7.384685298795728e-05
6165,7.384685298795728e-05
6166,7.384685298795728e-05
6167,7.384685298795728e-05
6168,7.384685298795728e-05
6169,7.384685298795728e-05
6170,7.384685298795728e-05
6171,7.384685298795728e-05
6172,7.384685298795728e-05
6173,7.384685298795728e-05
6174,7.384685298795728e-05
6175,7.384685298795728e-05
6176,7.384685298795728e-05
6177,7.384685298795728e-05
6178,7.384685298795728e-05
6179,7.384685298795728e-05
6180,7.384685298795728e-05
6181,7.384685298795728e-05
6182,7.384685298795728e-05
6183,7.384685298795728e-05
6184,7.384685298795728e-05
6185,7.384685298795728e-05
6186,7.384685298795728e-05
6187,7.384685298795728e-05
6188,7.384685298795728e-05
6189,7.384685298795728e-05
6190,7.384685298795728e-05
6191,7.384685298795728e-05
6192,7.384685298795728e-05
6193,7.384685298795728e-05
6194,7.384685298795728e-05
6195,7.384685298795728e-05
6196,7.384685298795728e-05
6197,7.384685298795728e-05
6198,7.384685298795728e-05
6199,7.384685298795728e-05
6200,7.384685298795728e-05
6201,7.384685298795728e-05
6202,7.384685298795728e-05
6203,7.384685298795728e-05
6204,7.384685298795728e-05
6205,7.384685298795728e-05
6206,7.384685298795728e-05
6207,7.384685298795728e-05
6208,7.384685298795728e-05
6209,7.384685298795728e-05
6210,7.384685298795728e-05
6211,7.384685298795728e-05
6212,7.384685298795728e-05
6213,7.384685298795728e-05
6214,7.384685298795728e-05
6215,7.384685298795728e-05
6216,7.384685298795728e-05
6217,7.384685298795728e-05
6218,7.384685298795728e-05
6219,7.384685298795728e-05
6220,7.384685298795728e-05
6221,7.384685298795728e-05
6222,7.384685298795728e-05
6223,7.384685298795728e-05
6224,7.384685298795728e-05
6225,7.384685298795728e-05
6226,7.384685298795728e-05
6227,7.384685298795728e-05
6228,7.384685298795728e-05
6229,7.384685298795728e-05
6230,7.384685298795728e-05
6231,7.384685298795728e-05
6232,7.384685298795728e-05
6233,7.384685298795728e-05
6234,7.384685298795728e-05
6235,7.384685298795728e-05
6236,7.384685298795728e-05
6237,7.384685298795728e-05
6238,7.384685298795728e-05
6239,7.384685298795728e-05
6240,7.384685298795728e-05
6241,7.384685298795728e-05
6242,7.384685298795728e-05
6243,7.384685298795728e-05
6244,7.384685298795728e-05
6245,7.384685298795728e-05
6246,7.384685298795728e-05
6247,7.384685298795728e-05
6248,7.384685298795728e-05
6249,7.384685298795728e-05
6250,7.384685298795728e-05
6251,7.384685298795728e-05
6252,7.384685298795728e-05
6253,7.384685298795728e-05
6254,7.384685298795728e-05
6255,7.384685298795728e-05
6256,7.384685298795728e-05
6257,7.384685298795728e-05
6258,7.384685298795728e-05
6259,7.384685298795728e-05
6260,7.384685298795728e-05
6261,7.384685298795728e-05
6262,7.384685298795728e-05
6263,7.384685298795728e-05
6264,7.384685298795728e-05
6265,7.384685298795728e-05
6266,7.384685298795728e-05
6267,7.384685298795728e-05
6268,7.384685298795728e-05
6269,7.384685298795728e-05
6270,7.384685298795728e-05
6271,7.384685298795728e-05
6272,7.384685298795728e-05
6273,7.384685298795728e-05
6274,7.384685298795728e-05
6275,7.384685298795728e-05
6276,7.384685298795728e-05
6277,7.384685298795728e-05
6278,7.384685298795728e-05
6279,7.384685298795728e-05
6280,7.384685298795728e-05
6281,7.384685298795728e-05
6282,7.384685298795728e-05
6283,7.384685298795728e-05
6284,7.384685298795728e-05
6285,7.384685298795728e-05
6286,7.384685298795728e-05
6287,7.384685298795728e-05
6288,7.384685298795728e-05
6289,7.384685298795728e-05
6290,7.384685298795728e-05
6291,7.384685298795728e-05
6292,7.384685298795728e-05
6293,7.384685298795728e-05
6294,7.384685298795728e-05
6295,7.384685298795728e-05
6296,7.384685298795728e-05
6297,7.384685298795728e-05
6298,7.384685298795728e-05
6299,7.384685298795728e-05
6300,7.384685298795728e-05
6301,7.384685298795728e-05
6302,7.384685298795728e-05
6303,7.384685298795728e-05
6304,7.384685298795728e-05
6305,7.384685298795728e-05
6306,7.384685298795728e-05
6307,7.384685298795728e-05
6308,7.384685298795728e-05
6309,7.384685298795728e-05
6310,7.384685298795728e-05
6311,7.384685298795728e-05
6312,7.384685298795728e-05
6313,7.384685298795728e-05
6314,7.384685298795728e-05
6315,7.384685298795728e-05
6316,7.384685298795728e-05
6317,7.384685298795728e-05
6318,7.384685298795728e-05
6319,7.384685298795728e-05
6320,7.384685298795728e-05
6321,7.384685298795728e-05
6322,7.384685298795728e-05
6323,7.384685298795728e-05
6324,7.384685298795728e-05
6325,7.384685298795728e-05
6326,7.384685298795728e-05
6327,7.384685298795728e-05
6328,7.384685298795728e-05
6329,7.384685298795728e-05
6330,7.384685298795728e-05
6331,7.384685298795728e-05
6332,7.384685298795728e-05
6333,7.384685298795728e-05
6334,7.384685298795728e-05
6335,7.384685298795728e-05
6336,7.384685298795728e-05
6337,7.384685298795728e-05
6338,7.384685298795728e-05
6339,7.384685298795728e-05
6340,7.384685298795728e-05
6341,7.384685298795728e-05
6342,7.384685298795728e-05
6343,7.384685298795728e-05
6344,7.384685298795728e-05
6345,7.384685298795728e-05
6346,7.384685298795728e-05
6347,7.384685298795728e-05
6348,7.384685298795728e-05
6349,7.384685298795728e-05
6350,7.384685298795728e-05
6351,7.384685298795728e-05
6352,7.384685298795728e-05
6353,7.384685298795728e-05
6354,7.384685298795728e-05
6355,7.384685298795728e-05
6356,7.384685298795728e-05
6357,7.384685298795728e-05
6358,7.384685298795728e-05
6359,7.384685298795728e-05
6360,7.384685298795728e-05
6361,7.384685298795728e-05
6362,7.384685298795728e-05
6363,7.384685298795728e-05
6364,7.384685298795728e-05
6365,7.384685298795728e-05
6366,7.384685298795728e-05
6367,7.384685298795728e-05
6368,7.384685298795728e-05
6369,7.384685298795728e-05
6370,7.384685298795728e-05
6371,7.384685298795728e-05
6372,7.384685298795728e-05
6373,7.384685298795728e-05
6374,7.384685298795728e-05
6375,7.384685298795728e-05
6376,7.384685298795728e-05
6377,7.384685298795728e-05
6378,7.384685298795728e-05
6379,7.384685298795728e-05
6380,7.384685298795728e-05
6381,7.384685298795728e-05
6382,7.384685298795728e-05
6383,7.384685298795728e-05
6384,7.384685298795728e-05
6385,7.384685298795728e-05
6386,7.384685298795728e-05
6387,7.384685298795728e-05
6388,7.384685298795728e-05
6389,7.384685298795728e-05
6390,7.384685298795728e-05
6391,7.384685298795728e-05
6392,7.384685298795728e-05
6393,7.384685298795728e-05
6394,7.384685298795728e-05
6395,7.384685298795728e-05
6396,7.384685298795728e-05
6397,7.384685298795728e-05
6398,7.384685298795728e-05
6399,7.384685298795728e-05
6400,7.384685298795728e-05
6401,7.384685298795728e-05
6402,7.384685298795728e-05
6403,7.384685298795728e-05
6404,7.384685298795728e-05
6405,7.384685298795728e-05
6406,7.384685298795728e-05
6407,7.384685298795728e-05
6408,7.384685298795728e-05
6409,7.384685298795728e-05
6410,7.384685298795728e-05
6411,7.384685298795728e-05
6412,7.384685298795728e-05
6413,7.384685298795728e-05
6414,7.384685298795728e-05
6415,7.384685298795728e-05
6416,7.384685298795728e-05
6417,7.384685298795728e-05
6418,7.384685298795728e-05
6419,7.384685298795728e-05
6420,7.384685298795728e-05
6421,7.384685298795728e-05
6422,7.384685298795728e-05
6423,7.384685298795728e-05
6424,7.384685298795728e-05
6425,7.384685298795728e-05
6426,7.384685298795728e-05
6427,7.384685298795728e-05
6428,7.384685298795728e-05
6429,7.384685298795728e-05
6430,7.384685298795728e-05
6431,7.384685298795728e-05
6432,7.384685298795728e-05
6433,7.384685298795728e-05
6434,7.384685298795728e-05
6435,7.384685298795728e-05
6436,7.384685298795728e-05
6437,7.384685298795728e-05
6438,7.384685298795728e-05
6439,7.384685298795728e-05
6440,7.384685298795728e-05
6441,7.384685298795728e-05
6442,7.384685298795728e-05
6443,7.384685298795728e-05
6444,7.384685298795728e-05
6445,7.384685298795728e-05
6446,7.384685298795728e-05
6447,7.384685298795728e-05
6448,7.384685298795728e-05
6449,7.384685298795728e-05
6450,7.384685298795728e-05
6451,7.384685298795728e-05
6452,7.384685298795728e-05
6453,7.384685298795728e-05
6454,7.384685298795728e-05
6455,7.384685298795728e-05
6456,7.384685298795728e-05
6457,7.384685298795728e-05
6458,7.384685298795728e-05
6459,7.384685298795728e-05
6460,7.384685298795728e-05
6461,7.384685298795728e-05
6462,7.384685298795728e-05
6463,7.384685298795728e-05
6464,7.384685298795728e-05
6465,7.384685298795728e-05
6466,7.384685298795728e-05
6467,7.384685298795728e-05
6468,7.384685298795728e-05
6469,7.384685298795728e-05
6470,7.384685298795728e-05
6471,7.384685298795728e-05
6472,7.384685298795728e-05
6473,7.384685298795728e-05
6474,7.384685298795728e-05
6475,7.384685298795728e-05
6476,7.384685298795728e-05
6477,7.384685298795728e-05
6478,7.384685298795728e-05
6479,7.384685298795728e-05
6480,7.384685298795728e-05
6481,7.384685298795728e-05
6482,7.384685298795728e-05
6483,7.384685298795728e-05
6484,7.384685298795728e-05
6485,7.384685298795728e-05
6486,7.384685298795728e-05
6487,7.384685298795728e-05
6488,7.384685298795728e-05
6489,7.384685298795728e-05
6490,7.384685298795728e-05
6491,7.384685298795728e-05
6492,7.384685298795728e-05
6493,7.384685298795728e-05
6494,7.384685298795728e-05
6495,7.384685298795728e-05
6496,7.384685298795728e-05
6497,7.384685298795728e-05
6498,7.384685298795728e-05
6499,7.384685298795728e-05
6500,7.384685298795728e-05
6501,7.384685298795728e-05
6502,7.384685298795728e-05
6503,7.384685298795728e-05
6504,7.384685298795728e-05
6505,7.384685298795728e-05
6506,7.384685298795728e-05
6507,7.384685298795728e-05
6508,7.384685298795728e-05
6509,7.384685298795728e-05
6510,7.384685298795728e-05
6511,7.384685298795728e-05
6512,7.384685298795728e-05
6513,7.384685298795728e-05
6514,7.384685298795728e-05
6515,7.384685298795728e-05
6516,7.384685298795728e-05
6517,7.384685298795728e-05
6518,7.384685298795728e-05
6519,7.384685298795728e-05
6520,7.384685298795728e-05
6521,7.384685298795728e-05
6522,7.384685298795728e-05
6523,7.384685298795728e-05
6524,7.384685298795728e-05
6525,7.384685298795728e-05
6526,7.384685298795728e-05
6527,7.384685298795728e-05
6528,7.384685298795728e-05
6529,7.384685298795728e-05
6530,7.384685298795728e-05
6531,7.384685298795728e-05
6532,7.384685298795728e-05
6533,7.384685298795728e-05
6534,7.384685298795728e-05
6535,7.384685298795728e-05
6536,7.384685298795728e-05
6537,7.384685298795728e-05
6538,7.384685298795728e-05
6539,7.384685298795728e-05
6540,7.384685298795728e-05
6541,7.384685298795728e-05
6542,7.384685298795728e-05
6543,7.384685298795728e-05
6544,7.384685298795728e-05
6545,7.384685298795728e-05
6546,7.384685298795728e-05
6547,7.384685298795728e-05
6548,7.384685298795728e-05
6549,7.384685298795728e-05
6550,7.384685298795728e-05
6551,7.384685298795728e-05
6552,7.384685298795728e-05
6553,7.384685298795728e-05
6554,7.384685298795728e-05
6555,7.384685298795728e-05
6556,7.384685298795728e-05
6557,7.384685298795728e-05
6558,7.384685298795728e-05
6559,7.384685298795728e-05
6560,7.384685298795728e-05
6561,7.384685298795728e-05
6562,7.384685298795728e-05
6563,7.384685298795728e-05
6564,7.384685298795728e-05
6565,7.384685298795728e-05
6566,7.384685298795728e-05
6567,7.384685298795728e-05
6568,7.384685298795728e-05
6569,7.384685298795728e-05
6570,7.384685298795728e-05
6571,7.384685298795728e-05
6572,7.384685298795728e-05
6573,7.384685298795728e-05
6574,7.384685298795728e-05
6575,7.384685298795728e-05
6576,7.384685298795728e-05
6577,7.384685298795728e-05
6578,7.384685298795728e-05
6579,7.384685298795728e-05
6580,7.384685298795728e-05
6581,7.384685298795728e-05
6582,7.384685298795728e-05
6583,7.384685298795728e-05
6584,7.384685298795728e-05
6585,7.384685298795728e-05
6586,7.384685298795728e-05
6587,7.384685298795728e-05
6588,7.384685298795728e-05
6589,7.384685298795728e-05
6590,7.384685298795728e-05
6591,7.384685298795728e-05
6592,7.384685298795728e-05
6593,7.384685298795728e-05
6594,7.384685298795728e-05
6595,7.384685298795728e-05
6596,7.384685298795728e-05
6597,7.384685298795728e-05
6598,7.384685298795728e-05
6599,7.384685298795728e-05
6600,7.384685298795728e-05
6601,7.384685298795728e-05
6602,7.384685298795728e-05
6603,7.384685298795728e-05
6604,7.384685298795728e-05
6605,7.384685298795728e-05
6606,7.384685298795728e-05
6607,7.384685298795728e-05
6608,7.384685298795728e-05
6609,7.384685298795728e-05
6610,7.384685298795728e-05
6611,7.384685298795728e-05
6612,7.384685298795728e-05
6613,7.384685298795728e-05
6614,7.384685298795728e-05
6615,7.384685298795728e-05
6616,7.384685298795728e-05
6617,7.384685298795728e-05
6618,7.384685298795728e-05
6619,7.384685298795728e-05
6620,7.384685298795728e-05
6621,7.384685298795728e-05
6622,7.384685298795728e-05
6623,7.384685298795728e-05
6624,7.384685298795728e-05
6625,7.384685298795728e-05
6626,7.384685298795728e-05
6627,7.384685298795728e-05
6628,7.384685298795728e-05
6629,7.384685298795728e-05
6630,7.384685298795728e-05
6631,7.384685298795728e-05
6632,7.384685298795728e-05
6633,7.384685298795728e-05
6634,7.384685298795728e-05
6635,7.384685298795728e-05
6636,7.384685298795728e-05
6637,7.384685298795728e-05
6638,7.384685298795728e-05
6639,7.384685298795728e-05
6640,7.384685298795728e-05
6641,7.384685298795728e-05
6642,7.384685298795728e-05
6643,7.384685298795728e-05
6644,7.384685298795728e-05
6645,7.384685298795728e-05
6646,7.384685298795728e-05
6647,7.384685298795728e-05
6648,7.384685298795728e-05
6649,7.384685298795728e-05
6650,7.384685298795728e-05
6651,7.384685298795728e-05
6652,7.384685298795728e-05
6653,7.384685298795728e-05
6654,7.384685298795728e-05
6655,7.384685298795728e-05
6656,7.384685298795728e-05
6657,7.384685298795728e-05
6658,7.384685298795728e-05
6659,7.384685298795728e-05
6660,7.384685298795728e-05
6661,7.384685298795728e-05
6662,7.384685298795728e-05
6663,7.384685298795728e-05
6664,7.384685298795728e-05
6665,7.384685298795728e-05
6666,7.384685298795728e-05
6667,7.384685298795728e-05
6668,7.384685298795728e-05
6669,7.384685298795728e-05
6670,7.384685298795728e-05
6671,7.384685298795728e-05
6672,7.384685298795728e-05
6673,7.384685298795728e-05
6674,7.384685298795728e-05
6675,7.384685298795728e-05
6676,7.384685298795728e-05
6677,7.384685298795728e-05
6678,7.384685298795728e-05
6679,7.384685298795728e-05
6680,7.384685298795728e-05
6681,7.384685298795728e-05
6682,7.384685298795728e-05
6683,7.384685298795728e-05
6684,7.384685298795728e-05
6685,7.384685298795728e-05
6686,7.384685298795728e-05
6687,7.384685298795728e-05
6688,7.384685298795728e-05
6689,7.384685298795728e-05
6690,7.384685298795728e-05
6691,7.384685298795728e-05
6692,7.384685298795728e-05
6693,7.384685298795728e-05
6694,7.384685298795728e-05
6695,7.384685298795728e-05
6696,7.384685298795728e-05
6697,7.384685298795728e-05
6698,7.384685298795728e-05
6699,7.384685298795728e-05
6700,7.384685298795728e-05
6701,7.384685298795728e-05
6702,7.384685298795728e-05
6703,7.384685298795728e-05
6704,7.384685298795728e-05
6705,7.384685298795728e-05
6706,7.384685298795728e-05
6707,7.384685298795728e-05
6708,7.384685298795728e-05
6709,7.384685298795728e-05
6710,7.384685298795728e-05
6711,7.384685298795728e-05
6712,7.384685298795728e-05
6713,7.384685298795728e-05
6714,7.384685298795728e-05
6715,7.384685298795728e-05
6716,7.384685298795728e-05
6717,7.384685298795728e-05
6718,7.384685298795728e-05
6719,7.384685298795728e-05
6720,7.384685298795728e-05
6721,7.384685298795728e-05
6722,7.384685298795728e-05
6723,7.384685298795728e-05
6724,7.384685298795728e-05
6725,7.384685298795728e-05
6726,7.384685298795728e-05
6727,7.384685298795728e-05
6728,7.384685298795728e-05
6729,7.384685298795728e-05
6730,7.384685298795728e-05
6731,7.384685298795728e-05
6732,7.384685298795728e-05
6733,7.384685298795728e-05
6734,7.384685298795728e-05
6735,7.384685298795728e-05
6736,7.384685298795728e-05
6737,7.384685298795728e-05
6738,7.384685298795728e-05
6739,7.384685298795728e-05
6740,7.384685298795728e-05
6741,7.384685298795728e-05
6742,7.384685298795728e-05
6743,7.384685298795728e-05
6744,7.384685298795728e-05
6745,7.384685298795728e-05
6746,7.384685298795728e-05
6747,7.384685298795728e-05
6748,7.384685298795728e-05
6749,7.384685298795728e-05
6750,7.384685298795728e-05
6751,7.384685298795728e-05
6752,7.384685298795728e-05
6753,7.384685298795728e-05
6754,7.384685298795728e-05
6755,7.384685298795728e-05
6756,7.384685298795728e-05
6757,7.384685298795728e-05
6758,7.384685298795728e-05
6759,7.384685298795728e-05
6760,7.384685298795728e-05
6761,7.384685298795728e-05
6762,7.384685298795728e-05
6763,7.384685298795728e-05
6764,7.384685298795728e-05
6765,7.384685298795728e-05
6766,7.384685298795728e-05
6767,7.384685298795728e-05
6768,7.384685298795728e-05
6769,7.384685298795728e-05
6770,7.384685298795728e-05
6771,7.384685298795728e-05
6772,7.384685298795728e-05
6773,7.384685298795728e-05
6774,7.384685298795728e-05
6775,7.384685298795728e-05
6776,7.384685298795728e-05
6777,7.384685298795728e-05
6778,7.384685298795728e-05
6779,7.384685298795728e-05
6780,7.384685298795728e-05
6781,7.384685298795728e-05
6782,7.384685298795728e-05
6783,7.384685298795728e-05
6784,7.384685298795728e-05
6785,7.384685298795728e-05
6786,7.384685298795728e-05
6787,7.384685298795728e-05
6788,7.384685298795728e-05
6789,7.384685298795728e-05
6790,7.384685298795728e-05
6791,7.384685298795728e-05
6792,7.384685298795728e-05
6793,7.384685298795728e-05
6794,7.384685298795728e-05
6795,7.384685298795728e-05
6796,7.384685298795728e-05
6797,7.384685298795728e-05
6798,7.384685298795728e-05
6799,7.384685298795728e-05
6800,7.384685298795728e-05
6801,7.384685298795728e-05
6802,7.384685298795728e-05
6803,7.384685298795728e-05
6804,7.384685298795728e-05
6805,7.384685298795728e-05
6806,7.384685298795728e-05
6807,7.384685298795728e-05
6808,7.384685298795728e-05
6809,7.384685298795728e-05
6810,7.384685298795728e-05
6811,7.384685298795728e-05
6812,7.384685298795728e-05
6813,7.384685298795728e-05
6814,7.384685298795728e-05
6815,7.384685298795728e-05
6816,7.384685298795728e-05
6817,7.384685298795728e-05
6818,7.384685298795728e-05
6819,7.384685298795728e-05
6820,7.384685298795728e-05
6821,7.384685298795728e-05
6822,7.384685298795728e-05
6823,7.384685298795728e-05
6824,7.384685298795728e-05
6825,7.384685298795728e-05
6826,7.384685298795728e-05
6827,7.384685298795728e-05
6828,7.384685298795728e-05
6829,7.384685298795728e-05
6830,7.384685298795728e-05
6831,7.384685298795728e-05
6832,7.384685298795728e-05
6833,7.384685298795728e-05
6834,7.384685298795728e-05
6835,7.384685298795728e-05
6836,7.384685298795728e-05
6837,7.384685298795728e-05
6838,7.384685298795728e-05
6839,7.384685298795728e-05
6840,7.384685298795728e-05
6841,7.384685298795728e-05
6842,7.384685298795728e-05
6843,7.384685298795728e-05
6844,7.384685298795728e-05
6845,7.384685298795728e-05
6846,7.384685298795728e-05
6847,7.384685298795728e-05
6848,7.384685298795728e-05
6849,7.384685298795728e-05
6850,7.384685298795728e-05
6851,7.384685298795728e-05
6852,7.384685298795728e-05
6853,7.384685298795728e-05
6854,7.384685298795728e-05
6855,7.384685298795728e-05
6856,7.384685298795728e-05
6857,7.384685298795728e-05
6858,7.384685298795728e-05
6859,7.384685298795728e-05
6860,7.384685298795728e-05
6861,7.384685298795728e-05
6862,7.384685298795728e-05
6863,7.384685298795728e-05
6864,7.384685298795728e-05
6865,7.384685298795728e-05
6866,7.384685298795728e-05
6867,7.384685298795728e-05
6868,7.384685298795728e-05
6869,7.384685298795728e-05
6870,7.384685298795728e-05
6871,7.384685298795728e-05
6872,7.384685298795728e-05
6873,7.384685298795728e-05
6874,7.384685298795728e-05
6875,7.384685298795728e-05
6876,7.384685298795728e-05
6877,7.384685298795728e-05
6878,7.384685298795728e-05
6879,7.384685298795728e-05
6880,7.384685298795728e-05
6881,7.384685298795728e-05
6882,7.384685298795728e-05
6883,7.384685298795728e-05
6884,7.384685298795728e-05
6885,7.384685298795728e-05
6886,7.384685298795728e-05
6887,7.384685298795728e-05
6888,7.384685298795728e-05
6889,7.384685298795728e-05
6890,7.384685298795728e-05
6891,7.384685298795728e-05
6892,7.384685298795728e-05
6893,7.384685298795728e-05
6894,7.384685298795728e-05
6895,7.384685298795728e-05
6896,7.384685298795728e-05
6897,7.384685298795728e-05
6898,7.384685298795728e-05
6899,7.384685298795728e-05
6900,7.384685298795728e-05
6901,7.384685298795728e-05
6902,7.384685298795728e-05
6903,7.384685298795728e-05
6904,7.384685298795728e-05
6905,7.384685298795728e-05
6906,7.384685298795728e-05
6907,7.384685298795728e-05
6908,7.384685298795728e-05
6909,7.384685298795728e-05
6910,7.384685298795728e-05
6911,7.384685298795728e-05
6912,7.384685298795728e-05
6913,7.384685298795728e-05
6914,7.384685298795728e-05
6915,7.384685298795728e-05
6916,7.384685298795728e-05
6917,7.384685298795728e-05
6918,7.384685298795728e-05
6919,7.384685298795728e-05
6920,7.384685298795728e-05
6921,7.384685298795728e-05
6922,7.384685298795728e-05
6923,7.384685298795728e-05
6924,7.384685298795728e-05
6925,7.384685298795728e-05
6926,7.384685298795728e-05
6927,7.384685298795728e-05
6928,7.384685298795728e-05
6929,7.384685298795728e-05
6930,7.384685298795728e-05
6931,7.384685298795728e-05
6932,7.384685298795728e-05
6933,7.384685298795728e-05
6934,7.384685298795728e-05
6935,7.384685298795728e-05
6936,7.384685298795728e-05
6937,7.384685298795728e-05
6938,7.384685298795728e-05
6939,7.384685298795728e-05
6940,7.384685298795728e-05
6941,7.384685298795728e-05
6942,7.384685298795728e-05
6943,7.384685298795728e-05
6944,7.384685298795728e-05
6945,7.384685298795728e-05
6946,7.384685298795728e-05
6947,7.384685298795728e-05
6948,7.384685298795728e-05
6949,7.384685298795728e-05
6950,7.384685298795728e-05
6951,7.384685298795728e-05
6952,7.384685298795728e-05
6953,7.384685298795728e-05
6954,7.384685298795728e-05
6955,7.384685298795728e-05
6956,7.384685298795728e-05
6957,7.384685298795728e-05
6958,7.384685298795728e-05
6959,7.384685298795728e-05
6960,7.384685298795728e-05
6961,7.384685298795728e-05
6962,7.384685298795728e-05
6963,7.384685298795728e-05
6964,7.384685298795728e-05
6965,7.384685298795728e-05
6966,7.384685298795728e-05
6967,7.384685298795728e-05
6968,7.384685298795728e-05
6969,7.384685298795728e-05
6970,7.384685298795728e-05
6971,7.384685298795728e-05
6972,7.384685298795728e-05
6973,7.384685298795728e-05
6974,7.384685298795728e-05
6975,7.384685298795728e-05
6976,7.384685298795728e-05
6977,7.384685298795728e-05
6978,7.384685298795728e-05
6979,7.384685298795728e-05
6980,7.384685298795728e-05
6981,7.384685298795728e-05
6982,7.384685298795728e-05
6983,7.384685298795728e-05
6984,7.384685298795728e-05
6985,7.384685298795728e-05
6986,7.384685298795728e-05
6987,7.384685298795728e-05
6988,7.384685298795728e-05
6989,7.384685298795728e-05
6990,7.384685298795728e-05
6991,7.384685298795728e-05
6992,7.384685298795728e-05
6993,7.384685298795728e-05
6994,7.384685298795728e-05
6995,7.384685298795728e-05
6996,7.384685298795728e-05
6997,7.384685298795728e-05
6998,7.384685298795728e-05
6999,7.384685298795728e-05
7000,7.384685298795728e-05
7001,7.384685298795728e-05
7002,7.384685298795728e-05
7003,7.384685298795728e-05
7004,7.384685298795728e-05
7005,7.384685298795728e-05
7006,7.384685298795728e-05
7007,7.384685298795728e-05
7008,7.384685298795728e-05
7009,7.384685298795728e-05
7010,7.384685298795728e-05
7011,7.384685298795728e-05
7012,7.384685298795728e-05
7013,7.384685298795728e-05
7014,7.384685298795728e-05
7015,7.384685298795728e-05
7016,7.384685298795728e-05
7017,7.384685298795728e-05
7018,7.384685298795728e-05
7019,7.384685298795728e-05
7020,7.384685298795728e-05
7021,7.384685298795728e-05
7022,7.384685298795728e-05
7023,7.384685298795728e-05
7024,7.384685298795728e-05
7025,7.384685298795728e-05
7026,7.384685298795728e-05
7027,7.384685298795728e-05
7028,7.384685298795728e-05
7029,7.384685298795728e-05
7030,7.384685298795728e-05
7031,7.384685298795728e-05
7032,7.384685298795728e-05
7033,7.384685298795728e-05
7034,7.384685298795728e-05
7035,7.384685298795728e-05
7036,7.384685298795728e-05
7037,7.384685298795728e-05
7038,7.384685298795728e-05
7039,7.384685298795728e-05
7040,7.384685298795728e-05
7041,7.384685298795728e-05
7042,7.384685298795728e-05
7043,7.384685298795728e-05
7044,7.384685298795728e-05
7045,7.384685298795728e-05
7046,7.384685298795728e-05
7047,7.384685298795728e-05
7048,7.384685298795728e-05
7049,7.384685298795728e-05
7050,7.384685298795728e-05
7051,7.384685298795728e-05
7052,7.384685298795728e-05
7053,7.384685298795728e-05
7054,7.384685298795728e-05
7055,7.384685298795728e-05
7056,7.384685298795728e-05
7057,7.384685298795728e-05
7058,7.384685298795728e-05
7059,7.384685298795728e-05
7060,7.384685298795728e-05
7061,7.384685298795728e-05
7062,7.384685298795728e-05
7063,7.384685298795728e-05
7064,7.384685298795728e-05
7065,7.384685298795728e-05
7066,7.384685298795728e-05
7067,7.384685298795728e-05
7068,7.384685298795728e-05
7069,7.384685298795728e-05
7070,7.384685298795728e-05
7071,7.384685298795728e-05
7072,7.384685298795728e-05
7073,7.384685298795728e-05
7074,7.384685298795728e-05
7075,7.384685298795728e-05
7076,7.384685298795728e-05
7077,7.384685298795728e-05
7078,7.384685298795728e-05
7079,7.384685298795728e-05
7080,7.384685298795728e-05
7081,7.384685298795728e-05
7082,7.384685298795728e-05
7083,7.384685298795728e-05
7084,7.384685298795728e-05
7085,7.384685298795728e-05
7086,7.384685298795728e-05
7087,7.384685298795728e-05
7088,7.384685298795728e-05
7089,7.384685298795728e-05
7090,7.384685298795728e-05
7091,7.384685298795728e-05
7092,7.384685298795728e-05
7093,7.384685298795728e-05
7094,7.384685298795728e-05
7095,7.384685298795728e-05
7096,7.384685298795728e-05
7097,7.384685298795728e-05
7098,7.384685298795728e-05
7099,7.384685298795728e-05
7100,7.384685298795728e-05
7101,7.384685298795728e-05
7102,7.384685298795728e-05
7103,7.384685298795728e-05
7104,7.384685298795728e-05
7105,7.384685298795728e-05
7106,7.384685298795728e-05
7107,7.384685298795728e-05
7108,7.384685298795728e-05
7109,7.384685298795728e-05
7110,7.384685298795728e-05
7111,7.384685298795728e-05
7112,7.384685298795728e-05
7113,7.384685298795728e-05
7114,7.384685298795728e-05
7115,7.384685298795728e-05
7116,7.384685298795728e-05
7117,7.384685298795728e-05
7118,7.384685298795728e-05
7119,7.384685298795728e-05
7120,7.384685298795728e-05
7121,7.384685298795728e-05
7122,7.384685298795728e-05
7123,7.384685298795728e-05
7124,7.384685298795728e-05
7125,7.384685298795728e-05
7126,7.384685298795728e-05
7127,7.384685298795728e-05
7128,7.384685298795728e-05
7129,7.384685298795728e-05
7130,7.384685298795728e-05
7131,7.384685298795728e-05
7132,7.384685298795728e-05
7133,7.384685298795728e-05
7134,7.384685298795728e-05
7135,7.384685298795728e-05
7136,7.384685298795728e-05
7137,7.384685298795728e-05
7138,7.384685298795728e-05
7139,7.384685298795728e-05
7140,7.384685298795728e-05
7141,7.384685298795728e-05
7142,7.384685298795728e-05
7143,7.384685298795728e-05
7144,7.384685298795728e-05
7145,7.384685298795728e-05
7146,7.384685298795728e-05
7147,7.384685298795728e-05
7148,7.384685298795728e-05
7149,7.384685298795728e-05
7150,7.384685298795728e-05
7151,7.384685298795728e-05
7152,7.384685298795728e-05
7153,7.384685298795728e-05
7154,7.384685298795728e-05
7155,7.384685298795728e-05
7156,7.384685298795728e-05
7157,7.384685298795728e-05
7158,7.384685298795728e-05
7159,7.384685298795728e-05
7160,7.384685298795728e-05
7161,7.384685298795728e-05
7162,7.384685298795728e-05
7163,7.384685298795728e-05
7164,7.384685298795728e-05
7165,7.384685298795728e-05
7166,7.384685298795728e-05
7167,7.384685298795728e-05
7168,7.384685298795728e-05
7169,7.384685298795728e-05
7170,7.384685298795728e-05
7171,7.384685298795728e-05
7172,7.384685298795728e-05
7173,7.384685298795728e-05
7174,7.384685298795728e-05
7175,7.384685298795728e-05
7176,7.384685298795728e-05
7177,7.384685298795728e-05
7178,7.384685298795728e-05
7179,7.384685298795728e-05
7180,7.384685298795728e-05
7181,7.384685298795728e-05
7182,7.384685298795728e-05
7183,7.384685298795728e-05
7184,7.384685298795728e-05
7185,7.384685298795728e-05
7186,7.384685298795728e-05
7187,7.384685298795728e-05
7188,7.384685298795728e-05
7189,7.384685298795728e-05
7190,7.384685298795728e-05
7191,7.384685298795728e-05
7192,7.384685298795728e-05
7193,7.384685298795728e-05
7194,7.384685298795728e-05
7195,7.384685298795728e-05
7196,7.384685298795728e-05
7197,7.384685298795728e-05
7198,7.384685298795728e-05
7199,7.384685298795728e-05
7200,7.384685298795728e-05
7201,7.384685298795728e-05
7202,7.384685298795728e-05
7203,7.384685298795728e-05
7204,7.384685298795728e-05
7205,7.384685298795728e-05
7206,7.384685298795728e-05
7207,7.384685298795728e-05
7208,7.384685298795728e-05
7209,7.384685298795728e-05
7210,7.384685298795728e-05
7211,7.384685298795728e-05
7212,7.384685298795728e-05
7213,7.384685298795728e-05
7214,7.384685298795728e-05
7215,7.384685298795728e-05
7216,7.384685298795728e-05
7217,7.384685298795728e-05
7218,7.384685298795728e-05
7219,7.384685298795728e-05
7220,7.384685298795728e-05
7221,7.384685298795728e-05
7222,7.384685298795728e-05
7223,7.384685298795728e-05
7224,7.384685298795728e-05
7225,7.384685298795728e-05
7226,7.384685298795728e-05
7227,7.384685298795728e-05
7228,7.384685298795728e-05
7229,7.384685298795728e-05
7230,7.384685298795728e-05
7231,7.384685298795728e-05
7232,7.384685298795728e-05
7233,7.384685298795728e-05
7234,7.384685298795728e-05
7235,7.384685298795728e-05
7236,7.384685298795728e-05
7237,7.384685298795728e-05
7238,7.384685298795728e-05
7239,7.384685298795728e-05
7240,7.384685298795728e-05
7241,7.384685298795728e-05
7242,7.384685298795728e-05
7243,7.384685298795728e-05
7244,7.384685298795728e-05
7245,7.384685298795728e-05
7246,7.384685298795728e-05
7247,7.384685298795728e-05
7248,7.384685298795728e-05
7249,7.384685298795728e-05
7250,7.384685298795728e-05
7251,7.384685298795728e-05
7252,7.384685298795728e-05
7253,7.384685298795728e-05
7254,7.384685298795728e-05
7255,7.384685298795728e-05
7256,7.384685298795728e-05
7257,7.384685298795728e-05
7258,7.384685298795728e-05
7259,7.384685298795728e-05
7260,7.384685298795728e-05
7261,7.384685298795728e-05
7262,7.384685298795728e-05
7263,7.384685298795728e-05
7264,7.384685298795728e-05
7265,7.384685298795728e-05
7266,7.384685298795728e-05
7267,7.384685298795728e-05
7268,7.384685298795728e-05
7269,7.384685298795728e-05
7270,7.384685298795728e-05
7271,7.384685298795728e-05
7272,7.384685298795728e-05
7273,7.384685298795728e-05
7274,7.384685298795728e-05
7275,7.384685298795728e-05
7276,7.384685298795728e-05
7277,7.384685298795728e-05
7278,7.384685298795728e-05
7279,7.384685298795728e-05
7280,7.384685298795728e-05
7281,7.384685298795728e-05
7282,7.384685298795728e-05
7283,7.384685298795728e-05
7284,7.384685298795728e-05
7285,7.384685298795728e-05
7286,7.384685298795728e-05
7287,7.384685298795728e-05
7288,7.384685298795728e-05
7289,7.384685298795728e-05
7290,7.384685298795728e-05
7291,7.384685298795728e-05
7292,7.384685298795728e-05
7293,7.384685298795728e-05
7294,7.384685298795728e-05
7295,7.384685298795728e-05
7296,7.384685298795728e-05
7297,7.384685298795728e-05
7298,7.384685298795728e-05
7299,7.384685298795728e-05
7300,7.384685298795728e-05
7301,7.384685298795728e-05
7302,7.384685298795728e-05
7303,7.384685298795728e-05
7304,7.384685298795728e-05
7305,7.384685298795728e-05
7306,7.384685298795728e-05
7307,7.384685298795728e-05
7308,7.384685298795728e-05
7309,7.384685298795728e-05
7310,7.384685298795728e-05
7311,7.384685298795728e-05
7312,7.384685298795728e-05
7313,7.384685298795728e-05
7314,7.384685298795728e-05
7315,7.384685298795728e-05
7316,7.384685298795728e-05
7317,7.384685298795728e-05
7318,7.384685298795728e-05
7319,7.384685298795728e-05
7320,7.384685298795728e-05
7321,7.384685298795728e-05
7322,7.384685298795728e-05
7323,7.384685298795728e-05
7324,7.384685298795728e-05
7325,7.384685298795728e-05
7326,7.384685298795728e-05
7327,7.384685298795728e-05
7328,7.384685298795728e-05
7329,7.384685298795728e-05
7330,7.384685298795728e-05
7331,7.384685298795728e-05
7332,7.384685298795728e-05
7333,7.384685298795728e-05
7334,7.384685298795728e-05
7335,7.384685298795728e-05
7336,7.384685298795728e-05
7337,7.384685298795728e-05
7338,7.384685298795728e-05
7339,7.384685298795728e-05
7340,7.384685298795728e-05
7341,7.384685298795728e-05
7342,7.384685298795728e-05
7343,7.384685298795728e-05
7344,7.384685298795728e-05
7345,7.384685298795728e-05
7346,7.384685298795728e-05
7347,7.384685298795728e-05
7348,7.384685298795728e-05
7349,7.384685298795728e-05
7350,7.384685298795728e-05
7351,7.384685298795728e-05
7352,7.384685298795728e-05
7353,7.384685298795728e-05
7354,7.384685298795728e-05
7355,7.384685298795728e-05
7356,7.384685298795728e-05
7357,7.384685298795728e-05
7358,7.384685298795728e-05
7359,7.384685298795728e-05
7360,7.384685298795728e-05
7361,7.384685298795728e-05
7362,7.384685298795728e-05
7363,7.384685298795728e-05
7364,7.384685298795728e-05
7365,7.384685298795728e-05
7366,7.384685298795728e-05
7367,7.384685298795728e-05
7368,7.384685298795728e-05
7369,7.384685298795728e-05
7370,7.384685298795728e-05
7371,7.384685298795728e-05
7372,7.384685298795728e-05
7373,7.384685298795728e-05
7374,7.384685298795728e-05
7375,7.384685298795728e-05
7376,7.384685298795728e-05
7377,7.384685298795728e-05
7378,7.384685298795728e-05
7379,7.384685298795728e-05
7380,7.384685298795728e-05
7381,7.384685298795728e-05
7382,7.384685298795728e-05
7383,7.384685298795728e-05
7384,7.384685298795728e-05
7385,7.384685298795728e-05
7386,7.384685298795728e-05
7387,7.384685298795728e-05
7388,7.384685298795728e-05
7389,7.384685298795728e-05
7390,7.384685298795728e-05
7391,7.384685298795728e-05
7392,7.384685298795728e-05
7393,7.384685298795728e-05
7394,7.384685298795728e-05
7395,7.384685298795728e-05
7396,7.384685298795728e-05
7397,7.384685298795728e-05
7398,7.384685298795728e-05
7399,7.384685298795728e-05
7400,7.384685298795728e-05
7401,7.384685298795728e-05
7402,7.384685298795728e-05
7403,7.384685298795728e-05
7404,7.384685298795728e-05
7405,7.384685298795728e-05
7406,7.384685298795728e-05
7407,7.384685298795728e-05
7408,7.384685298795728e-05
7409,7.384685298795728e-05
7410,7.384685298795728e-05
7411,7.384685298795728e-05
7412,7.384685298795728e-05
7413,7.384685298795728e-05
7414,7.384685298795728e-05
7415,7.384685298795728e-05
7416,7.384685298795728e-05
7417,7.384685298795728e-05
7418,7.384685298795728e-05
7419,7.384685298795728e-05
7420,7.384685298795728e-05
7421,7.384685298795728e-05
7422,7.384685298795728e-05
7423,7.384685298795728e-05
7424,7.384685298795728e-05
7425,7.384685298795728e-05
7426,7.384685298795728e-05
7427,7.384685298795728e-05
7428,7.384685298795728e-05
7429,7.384685298795728e-05
7430,7.384685298795728e-05
7431,7.384685298795728e-05
7432,7.384685298795728e-05
7433,7.384685298795728e-05
7434,7.384685298795728e-05
7435,7.384685298795728e-05
7436,7.384685298795728e-05
7437,7.384685298795728e-05
7438,7.384685298795728e-05
7439,7.384685298795728e-05
7440,7.384685298795728e-05
7441,7.384685298795728e-05
7442,7.384685298795728e-05
7443,7.384685298795728e-05
7444,7.384685298795728e-05
7445,7.384685298795728e-05
7446,7.384685298795728e-05
7447,7.384685298795728e-05
7448,7.384685298795728e-05
7449,7.384685298795728e-05
7450,7.384685298795728e-05
7451,7.384685298795728e-05
7452,7.384685298795728e-05
7453,7.384685298795728e-05
7454,7.384685298795728e-05
7455,7.384685298795728e-05
7456,7.384685298795728e-05
7457,7.384685298795728e-05
7458,7.384685298795728e-05
7459,7.384685298795728e-05
7460,7.384685298795728e-05
7461,7.384685298795728e-05
7462,7.384685298795728e-05
7463,7.384685298795728e-05
7464,7.384685298795728e-05
7465,7.384685298795728e-05
7466,7.384685298795728e-05
7467,7.384685298795728e-05
7468,7.384685298795728e-05
7469,7.384685298795728e-05
7470,7.384685298795728e-05
7471,7.384685298795728e-05
7472,7.384685298795728e-05
7473,7.384685298795728e-05
7474,7.384685298795728e-05
7475,7.384685298795728e-05
7476,7.384685298795728e-05
7477,7.384685298795728e-05
7478,7.384685298795728e-05
7479,7.384685298795728e-05
7480,7.384685298795728e-05
7481,7.384685298795728e-05
7482,7.384685298795728e-05
7483,7.384685298795728e-05
7484,7.384685298795728e-05
7485,7.384685298795728e-05
7486,7.384685298795728e-05
7487,7.384685298795728e-05
7488,7.384685298795728e-05
7489,7.384685298795728e-05
7490,7.384685298795728e-05
7491,7.384685298795728e-05
7492,7.384685298795728e-05
7493,7.384685298795728e-05
7494,7.384685298795728e-05
7495,7.384685298795728e-05
7496,7.384685298795728e-05
7497,7.384685298795728e-05
7498,7.384685298795728e-05
7499,7.384685298795728e-05
7500,7.384685298795728e-05
7501,7.384685298795728e-05
7502,7.384685298795728e-05
7503,7.384685298795728e-05
7504,7.384685298795728e-05
7505,7.384685298795728e-05
7506,7.384685298795728e-05
7507,7.384685298795728e-05
7508,7.384685298795728e-05
7509,7.384685298795728e-05
7510,7.384685298795728e-05
7511,7.384685298795728e-05
7512,7.384685298795728e-05
7513,7.384685298795728e-05
7514,7.384685298795728e-05
7515,7.384685298795728e-05
7516,7.384685298795728e-05
7517,7.384685298795728e-05
7518,7.384685298795728e-05
7519,7.384685298795728e-05
7520,7.384685298795728e-05
7521,7.384685298795728e-05
7522,7.384685298795728e-05
7523,7.384685298795728e-05
7524,7.384685298795728e-05
7525,7.384685298795728e-05
7526,7.384685298795728e-05
7527,7.384685298795728e-05
7528,7.384685298795728e-05
7529,7.384685298795728e-05
7530,7.384685298795728e-05
7531,7.384685298795728e-05
7532,7.384685298795728e-05
7533,7.384685298795728e-05
7534,7.384685298795728e-05
7535,7.384685298795728e-05
7536,7.384685298795728e-05
7537,7.384685298795728e-05
7538,7.384685298795728e-05
7539,7.384685298795728e-05
7540,7.384685298795728e-05
7541,7.384685298795728e-05
7542,7.384685298795728e-05
7543,7.384685298795728e-05
7544,7.384685298795728e-05
7545,7.384685298795728e-05
7546,7.384685298795728e-05
7547,7.384685298795728e-05
7548,7.384685298795728e-05
7549,7.384685298795728e-05
7550,7.384685298795728e-05
7551,7.384685298795728e-05
7552,7.384685298795728e-05
7553,7.384685298795728e-05
7554,7.384685298795728e-05
7555,7.384685298795728e-05
7556,7.384685298795728e-05
7557,7.384685298795728e-05
7558,7.384685298795728e-05
7559,7.384685298795728e-05
7560,7.384685298795728e-05
7561,7.384685298795728e-05
7562,7.384685298795728e-05
7563,7.384685298795728e-05
7564,7.384685298795728e-05
7565,7.384685298795728e-05
7566,7.384685298795728e-05
7567,7.384685298795728e-05
7568,7.384685298795728e-05
7569,7.384685298795728e-05
7570,7.384685298795728e-05
7571,7.384685298795728e-05
7572,7.384685298795728e-05
7573,7.384685298795728e-05
7574,7.384685298795728e-05
7575,7.384685298795728e-05
7576,7.384685298795728e-05
7577,7.384685298795728e-05
7578,7.384685298795728e-05
7579,7.384685298795728e-05
7580,7.384685298795728e-05
7581,7.384685298795728e-05
7582,7.384685298795728e-05
7583,7.384685298795728e-05
7584,7.384685298795728e-05
7585,7.384685298795728e-05
7586,7.384685298795728e-05
7587,7.384685298795728e-05
7588,7.384685298795728e-05
7589,7.384685298795728e-05
7590,7.384685298795728e-05
7591,7.384685298795728e-05
7592,7.384685298795728e-05
7593,7.384685298795728e-05
7594,7.384685298795728e-05
7595,7.384685298795728e-05
7596,7.384685298795728e-05
7597,7.384685298795728e-05
7598,7.384685298795728e-05
7599,7.384685298795728e-05
7600,7.384685298795728e-05
7601,7.384685298795728e-05
7602,7.384685298795728e-05
7603,7.384685298795728e-05
7604,7.384685298795728e-05
7605,7.384685298795728e-05
7606,7.384685298795728e-05
7607,7.384685298795728e-05
7608,7.384685298795728e-05
7609,7.384685298795728e-05
7610,7.384685298795728e-05
7611,7.384685298795728e-05
7612,7.384685298795728e-05
7613,7.384685298795728e-05
7614,7.384685298795728e-05
7615,7.384685298795728e-05
7616,7.384685298795728e-05
7617,7.384685298795728e-05
7618,7.384685298795728e-05
7619,7.384685298795728e-05
7620,7.384685298795728e-05
7621,7.384685298795728e-05
7622,7.384685298795728e-05
7623,7.384685298795728e-05
7624,7.384685298795728e-05
7625,7.384685298795728e-05
7626,7.384685298795728e-05
7627,7.384685298795728e-05
7628,7.384685298795728e-05
7629,7.384685298795728e-05
7630,7.384685298795728e-05
7631,7.384685298795728e-05
7632,7.384685298795728e-05
7633,7.384685298795728e-05
7634,7.384685298795728e-05
7635,7.384685298795728e-05
7636,7.384685298795728e-05
7637,7.384685298795728e-05
7638,7.384685298795728e-05
7639,7.384685298795728e-05
7640,7.384685298795728e-05
7641,7.384685298795728e-05
7642,7.384685298795728e-05
7643,7.384685298795728e-05
7644,7.384685298795728e-05
7645,7.384685298795728e-05
7646,7.384685298795728e-05
7647,7.384685298795728e-05
7648,7.384685298795728e-05
7649,7.384685298795728e-05
7650,7.384685298795728e-05
7651,7.384685298795728e-05
7652,7.384685298795728e-05
7653,7.384685298795728e-05
7654,7.384685298795728e-05
7655,7.384685298795728e-05
7656,7.384685298795728e-05
7657,7.384685298795728e-05
7658,7.384685298795728e-05
7659,7.384685298795728e-05
7660,7.384685298795728e-05
7661,7.384685298795728e-05
7662,7.384685298795728e-05
7663,7.384685298795728e-05
7664,7.384685298795728e-05
7665,7.384685298795728e-05
7666,7.384685298795728e-05
7667,7.384685298795728e-05
7668,7.384685298795728e-05
7669,7.384685298795728e-05
7670,7.384685298795728e-05
7671,7.384685298795728e-05
7672,7.384685298795728e-05
7673,7.384685298795728e-05
7674,7.384685298795728e-05
7675,7.384685298795728e-05
7676,7.384685298795728e-05
7677,7.384685298795728e-05
7678,7.384685298795728e-05
7679,7.384685298795728e-05
7680,7.384685298795728e-05
7681,7.384685298795728e-05
7682,7.384685298795728e-05
7683,7.384685298795728e-05
7684,7.384685298795728e-05
7685,7.384685298795728e-05
7686,7.384685298795728e-05
7687,7.384685298795728e-05
7688,7.384685298795728e-05
7689,7.384685298795728e-05
7690,7.384685298795728e-05
7691,7.384685298795728e-05
7692,7.384685298795728e-05
7693,7.384685298795728e-05
7694,7.384685298795728e-05
7695,7.384685298795728e-05
7696,7.384685298795728e-05
7697,7.384685298795728e-05
7698,7.384685298795728e-05
7699,7.384685298795728e-05
7700,7.384685298795728e-05
7701,7.384685298795728e-05
7702,7.384685298795728e-05
7703,7.384685298795728e-05
7704,7.384685298795728e-05
7705,7.384685298795728e-05
7706,7.384685298795728e-05
7707,7.384685298795728e-05
7708,7.384685298795728e-05
7709,7.384685298795728e-05
7710,7.384685298795728e-05
7711,7.384685298795728e-05
7712,7.384685298795728e-05
7713,7.384685298795728e-05
7714,7.384685298795728e-05
7715,7.384685298795728e-05
7716,7.384685298795728e-05
7717,7.384685298795728e-05
7718,7.384685298795728e-05
7719,7.384685298795728e-05
7720,7.384685298795728e-05
7721,7.384685298795728e-05
7722,7.384685298795728e-05
7723,7.384685298795728e-05
7724,7.384685298795728e-05
7725,7.384685298795728e-05
7726,7.384685298795728e-05
7727,7.384685298795728e-05
7728,7.384685298795728e-05
7729,7.384685298795728e-05
7730,7.384685298795728e-05
7731,7.384685298795728e-05
7732,7.384685298795728e-05
7733,7.384685298795728e-05
7734,7.384685298795728e-05
7735,7.384685298795728e-05
7736,7.384685298795728e-05
7737,7.384685298795728e-05
7738,7.384685298795728e-05
7739,7.384685298795728e-05
7740,7.384685298795728e-05
7741,7.384685298795728e-05
7742,7.384685298795728e-05
7743,7.384685298795728e-05
7744,7.384685298795728e-05
7745,7.384685298795728e-05
7746,7.384685298795728e-05
7747,7.384685298795728e-05
7748,7.384685298795728e-05
7749,7.384685298795728e-05
7750,7.384685298795728e-05
7751,7.384685298795728e-05
7752,7.384685298795728e-05
7753,7.384685298795728e-05
7754,7.384685298795728e-05
7755,7.384685298795728e-05
7756,7.384685298795728e-05
7757,7.384685298795728e-05
7758,7.384685298795728e-05
7759,7.384685298795728e-05
7760,7.384685298795728e-05
7761,7.384685298795728e-05
7762,7.384685298795728e-05
7763,7.384685298795728e-05
7764,7.384685298795728e-05
7765,7.384685298795728e-05
7766,7.384685298795728e-05
7767,7.384685298795728e-05
7768,7.384685298795728e-05
7769,7.384685298795728e-05
7770,7.384685298795728e-05
7771,7.384685298795728e-05
7772,7.384685298795728e-05
7773,7.384685298795728e-05
7774,7.384685298795728e-05
7775,7.384685298795728e-05
7776,7.384685298795728e-05
7777,7.384685298795728e-05
7778,7.384685298795728e-05
7779,7.384685298795728e-05
7780,7.384685298795728e-05
7781,7.384685298795728e-05
7782,7.384685298795728e-05
7783,7.384685298795728e-05
7784,7.384685298795728e-05
7785,7.384685298795728e-05
7786,7.384685298795728e-05
7787,7.384685298795728e-05
7788,7.384685298795728e-05
7789,7.384685298795728e-05
7790,7.384685298795728e-05
7791,7.384685298795728e-05
7792,7.384685298795728e-05
7793,7.384685298795728e-05
7794,7.384685298795728e-05
7795,7.384685298795728e-05
7796,7.384685298795728e-05
7797,7.384685298795728e-05
7798,7.384685298795728e-05
7799,7.384685298795728e-05
7800,7.384685298795728e-05
7801,7.384685298795728e-05
7802,7.384685298795728e-05
7803,7.384685298795728e-05
7804,7.384685298795728e-05
7805,7.384685298795728e-05
7806,7.384685298795728e-05
7807,7.384685298795728e-05
7808,7.384685298795728e-05
7809,7.384685298795728e-05
7810,7.384685298795728e-05
7811,7.384685298795728e-05
7812,7.384685298795728e-05
7813,7.384685298795728e-05
7814,7.384685298795728e-05
7815,7.384685298795728e-05
7816,7.384685298795728e-05
7817,7.384685298795728e-05
7818,7.384685298795728e-05
7819,7.384685298795728e-05
7820,7.384685298795728e-05
7821,7.384685298795728e-05
7822,7.384685298795728e-05
7823,7.384685298795728e-05
7824,7.384685298795728e-05
7825,7.384685298795728e-05
7826,7.384685298795728e-05
7827,7.384685298795728e-05
7828,7.384685298795728e-05
7829,7.384685298795728e-05
7830,7.384685298795728e-05
7831,7.384685298795728e-05
7832,7.384685298795728e-05
7833,7.384685298795728e-05
7834,7.384685298795728e-05
7835,7.384685298795728e-05
7836,7.384685298795728e-05
7837,7.384685298795728e-05
7838,7.384685298795728e-05
7839,7.384685298795728e-05
7840,7.384685298795728e-05
7841,7.384685298795728e-05
7842,7.384685298795728e-05
7843,7.384685298795728e-05
7844,7.384685298795728e-05
7845,7.384685298795728e-05
7846,7.384685298795728e-05
7847,7.384685298795728e-05
7848,7.384685298795728e-05
7849,7.384685298795728e-05
7850,7.384685298795728e-05
7851,7.384685298795728e-05
7852,7.384685298795728e-05
7853,7.384685298795728e-05
7854,7.384685298795728e-05
7855,7.384685298795728e-05
7856,7.384685298795728e-05
7857,7.384685298795728e-05
7858,7.384685298795728e-05
7859,7.384685298795728e-05
7860,7.384685298795728e-05
7861,7.384685298795728e-05
7862,7.384685298795728e-05
7863,7.384685298795728e-05
7864,7.384685298795728e-05
7865,7.384685298795728e-05
7866,7.384685298795728e-05
7867,7.384685298795728e-05
7868,7.384685298795728e-05
7869,7.384685298795728e-05
7870,7.384685298795728e-05
7871,7.384685298795728e-05
7872,7.384685298795728e-05
7873,7.384685298795728e-05
7874,7.384685298795728e-05
7875,7.384685298795728e-05
7876,7.384685298795728e-05
7877,7.384685298795728e-05
7878,7.384685298795728e-05
7879,7.384685298795728e-05
7880,7.384685298795728e-05
7881,7.384685298795728e-05
7882,7.384685298795728e-05
7883,7.384685298795728e-05
7884,7.384685298795728e-05
7885,7.384685298795728e-05
7886,7.384685298795728e-05
7887,7.384685298795728e-05
7888,7.384685298795728e-05
7889,7.384685298795728e-05
7890,7.384685298795728e-05
7891,7.384685298795728e-05
7892,7.384685298795728e-05
7893,7.384685298795728e-05
7894,7.384685298795728e-05
7895,7.384685298795728e-05
7896,7.384685298795728e-05
7897,7.384685298795728e-05
7898,7.384685298795728e-05
7899,7.384685298795728e-05
7900,7.384685298795728e-05
7901,7.384685298795728e-05
7902,7.384685298795728e-05
7903,7.384685298795728e-05
7904,7.384685298795728e-05
7905,7.384685298795728e-05
7906,7.384685298795728e-05
7907,7.384685298795728e-05
7908,7.384685298795728e-05
7909,7.384685298795728e-05
7910,7.384685298795728e-05
7911,7.384685298795728e-05
7912,7.384685298795728e-05
7913,7.384685298795728e-05
7914,7.384685298795728e-05
7915,7.384685298795728e-05
7916,7.384685298795728e-05
7917,7.384685298795728e-05
7918,7.384685298795728e-05
7919,7.384685298795728e-05
7920,7.384685298795728e-05
7921,7.384685298795728e-05
7922,7.384685298795728e-05
7923,7.384685298795728e-05
7924,7.384685298795728e-05
7925,7.384685298795728e-05
7926,7.384685298795728e-05
7927,7.384685298795728e-05
7928,7.384685298795728e-05
7929,7.384685298795728e-05
7930,7.384685298795728e-05
7931,7.384685298795728e-05
7932,7.384685298795728e-05
7933,7.384685298795728e-05
7934,7.384685298795728e-05
7935,7.384685298795728e-05
7936,7.384685298795728e-05
7937,7.384685298795728e-05
7938,7.384685298795728e-05
7939,7.384685298795728e-05
7940,7.384685298795728e-05
7941,7.384685298795728e-05
7942,7.384685298795728e-05
7943,7.384685298795728e-05
7944,7.384685298795728e-05
7945,7.384685298795728e-05
7946,7.384685298795728e-05
7947,7.384685298795728e-05
7948,7.384685298795728e-05
7949,7.384685298795728e-05
7950,7.384685298795728e-05
7951,7.384685298795728e-05
7952,7.384685298795728e-05
7953,7.384685298795728e-05
7954,7.384685298795728e-05
7955,7.384685298795728e-05
7956,7.384685298795728e-05
7957,7.384685298795728e-05
7958,7.384685298795728e-05
7959,7.384685298795728e-05
7960,7.384685298795728e-05
7961,7.384685298795728e-05
7962,7.384685298795728e-05
7963,7.384685298795728e-05
7964,7.384685298795728e-05
7965,7.384685298795728e-05
7966,7.384685298795728e-05
7967,7.384685298795728e-05
7968,7.384685298795728e-05
7969,7.384685298795728e-05
7970,7.384685298795728e-05
7971,7.384685298795728e-05
7972,7.384685298795728e-05
7973,7.384685298795728e-05
7974,7.384685298795728e-05
7975,7.384685298795728e-05
7976,7.384685298795728e-05
7977,7.384685298795728e-05
7978,7.384685298795728e-05
7979,7.384685298795728e-05
7980,7.384685298795728e-05
7981,7.384685298795728e-05
7982,7.384685298795728e-05
7983,7.384685298795728e-05
7984,7.384685298795728e-05
7985,7.384685298795728e-05
7986,7.384685298795728e-05
7987,7.384685298795728e-05
7988,7.384685298795728e-05
7989,7.384685298795728e-05
7990,7.384685298795728e-05
7991,7.384685298795728e-05
7992,7.384685298795728e-05
7993,7.384685298795728e-05
7994,7.384685298795728e-05
7995,7.384685298795728e-05
7996,7.384685298795728e-05
7997,7.384685298795728e-05
7998,7.384685298795728e-05
7999,7.384685298795728e-05
8000,7.384685298795728e-05
8001,7.384685298795728e-05
8002,7.384685298795728e-05
8003,7.384685298795728e-05
8004,7.384685298795728e-05
8005,7.384685298795728e-05
8006,7.384685298795728e-05
8007,7.384685298795728e-05
8008,7.384685298795728e-05
8009,7.384685298795728e-05
8010,7.384685298795728e-05
8011,7.384685298795728e-05
8012,7.384685298795728e-05
8013,7.384685298795728e-05
8014,7.384685298795728e-05
8015,7.384685298795728e-05
8016,7.384685298795728e-05
8017,7.384685298795728e-05
8018,7.384685298795728e-05
8019,7.384685298795728e-05
8020,7.384685298795728e-05
8021,7.384685298795728e-05
8022,7.384685298795728e-05
8023,7.384685298795728e-05
8024,7.384685298795728e-05
8025,7.384685298795728e-05
8026,7.384685298795728e-05
8027,7.384685298795728e-05
8028,7.384685298795728e-05
8029,7.384685298795728e-05
8030,7.384685298795728e-05
8031,7.384685298795728e-05
8032,7.384685298795728e-05
8033,7.384685298795728e-05
8034,7.384685298795728e-05
8035,7.384685298795728e-05
8036,7.384685298795728e-05
8037,7.384685298795728e-05
8038,7.384685298795728e-05
8039,7.384685298795728e-05
8040,7.384685298795728e-05
8041,7.384685298795728e-05
8042,7.384685298795728e-05
8043,7.384685298795728e-05
8044,7.384685298795728e-05
8045,7.384685298795728e-05
8046,7.384685298795728e-05
8047,7.384685298795728e-05
8048,7.384685298795728e-05
8049,7.384685298795728e-05
8050,7.384685298795728e-05
8051,7.384685298795728e-05
8052,7.384685298795728e-05
8053,7.384685298795728e-05
8054,7.384685298795728e-05
8055,7.384685298795728e-05
8056,7.384685298795728e-05
8057,7.384685298795728e-05
8058,7.384685298795728e-05
8059,7.384685298795728e-05
8060,7.384685298795728e-05
8061,7.384685298795728e-05
8062,7.384685298795728e-05
8063,7.384685298795728e-05
8064,7.384685298795728e-05
8065,7.384685298795728e-05
8066,7.384685298795728e-05
8067,7.384685298795728e-05
8068,7.384685298795728e-05
8069,7.384685298795728e-05
8070,7.384685298795728e-05
8071,7.384685298795728e-05
8072,7.384685298795728e-05
8073,7.384685298795728e-05
8074,7.384685298795728e-05
8075,7.384685298795728e-05
8076,7.384685298795728e-05
8077,7.384685298795728e-05
8078,7.384685298795728e-05
8079,7.384685298795728e-05
8080,7.384685298795728e-05
8081,7.384685298795728e-05
8082,7.384685298795728e-05
8083,7.384685298795728e-05
8084,7.384685298795728e-05
8085,7.384685298795728e-05
8086,7.384685298795728e-05
8087,7.384685298795728e-05
8088,7.384685298795728e-05
8089,7.384685298795728e-05
8090,7.384685298795728e-05
8091,7.384685298795728e-05
8092,7.384685298795728e-05
8093,7.384685298795728e-05
8094,7.384685298795728e-05
8095,7.384685298795728e-05
8096,7.384685298795728e-05
8097,7.384685298795728e-05
8098,7.384685298795728e-05
8099,7.384685298795728e-05
8100,7.384685298795728e-05
8101,7.384685298795728e-05
8102,7.384685298795728e-05
8103,7.384685298795728e-05
8104,7.384685298795728e-05
8105,7.384685298795728e-05
8106,7.384685298795728e-05
8107,7.384685298795728e-05
8108,7.384685298795728e-05
8109,7.384685298795728e-05
8110,7.384685298795728e-05
8111,7.384685298795728e-05
8112,7.384685298795728e-05
8113,7.384685298795728e-05
8114,7.384685298795728e-05
8115,7.384685298795728e-05
8116,7.384685298795728e-05
8117,7.384685298795728e-05
8118,7.384685298795728e-05
8119,7.384685298795728e-05
8120,7.384685298795728e-05
8121,7.384685298795728e-05
8122,7.384685298795728e-05
8123,7.384685298795728e-05
8124,7.384685298795728e-05
8125,7.384685298795728e-05
8126,7.384685298795728e-05
8127,7.384685298795728e-05
8128,7.384685298795728e-05
8129,7.384685298795728e-05
8130,7.384685298795728e-05
8131,7.384685298795728e-05
8132,7.384685298795728e-05
8133,7.384685298795728e-05
8134,7.384685298795728e-05
8135,7.384685298795728e-05
8136,7.384685298795728e-05
8137,7.384685298795728e-05
8138,7.384685298795728e-05
8139,7.384685298795728e-05
8140,7.384685298795728e-05
8141,7.384685298795728e-05
8142,7.384685298795728e-05
8143,7.384685298795728e-05
8144,7.384685298795728e-05
8145,7.384685298795728e-05
8146,7.384685298795728e-05
8147,7.384685298795728e-05
8148,7.384685298795728e-05
8149,7.384685298795728e-05
8150,7.384685298795728e-05
8151,7.384685298795728e-05
8152,7.384685298795728e-05
8153,7.384685298795728e-05
8154,7.384685298795728e-05
8155,7.384685298795728e-05
8156,7.384685298795728e-05
8157,7.384685298795728e-05
8158,7.384685298795728e-05
8159,7.384685298795728e-05
8160,7.384685298795728e-05
8161,7.384685298795728e-05
8162,7.384685298795728e-05
8163,7.384685298795728e-05
8164,7.384685298795728e-05
8165,7.384685298795728e-05
8166,7.384685298795728e-05
8167,7.384685298795728e-05
8168,7.384685298795728e-05
8169,7.384685298795728e-05
8170,7.384685298795728e-05
8171,7.384685298795728e-05
8172,7.384685298795728e-05
8173,7.384685298795728e-05
8174,7.384685298795728e-05
8175,7.384685298795728e-05
8176,7.384685298795728e-05
8177,7.384685298795728e-05
8178,7.384685298795728e-05
8179,7.384685298795728e-05
8180,7.384685298795728e-05
8181,7.384685298795728e-05
8182,7.384685298795728e-05
8183,7.384685298795728e-05
8184,7.384685298795728e-05
8185,7.384685298795728e-05
8186,7.384685298795728e-05
8187,7.384685298795728e-05
8188,7.384685298795728e-05
8189,7.384685298795728e-05
8190,7.384685298795728e-05
8191,7.384685298795728e-05
8192,7.384685298795728e-05
8193,7.384685298795728e-05
8194,7.384685298795728e-05
8195,7.384685298795728e-05
8196,7.384685298795728e-05
8197,7.384685298795728e-05
8198,7.384685298795728e-05
8199,7.384685298795728e-05
8200,7.384685298795728e-05
8201,7.384685298795728e-05
8202,7.384685298795728e-05
8203,7.384685298795728e-05
8204,7.384685298795728e-05
8205,7.384685298795728e-05
8206,7.384685298795728e-05
8207,7.384685298795728e-05
8208,7.384685298795728e-05
8209,7.384685298795728e-05
8210,7.384685298795728e-05
8211,7.384685298795728e-05
8212,7.384685298795728e-05
8213,7.384685298795728e-05
8214,7.384685298795728e-05
8215,7.384685298795728e-05
8216,7.384685298795728e-05
8217,7.384685298795728e-05
8218,7.384685298795728e-05
8219,7.384685298795728e-05
8220,7.384685298795728e-05
8221,7.384685298795728e-05
8222,7.384685298795728e-05
8223,7.384685298795728e-05
8224,7.384685298795728e-05
8225,7.384685298795728e-05
8226,7.384685298795728e-05
8227,7.384685298795728e-05
8228,7.384685298795728e-05
8229,7.384685298795728e-05
8230,7.384685298795728e-05
8231,7.384685298795728e-05
8232,7.384685298795728e-05
8233,7.384685298795728e-05
8234,7.384685298795728e-05
8235,7.384685298795728e-05
8236,7.384685298795728e-05
8237,7.384685298795728e-05
8238,7.384685298795728e-05
8239,7.384685298795728e-05
8240,7.384685298795728e-05
8241,7.384685298795728e-05
8242,7.384685298795728e-05
8243,7.384685298795728e-05
8244,7.384685298795728e-05
8245,7.384685298795728e-05
8246,7.384685298795728e-05
8247,7.384685298795728e-05
8248,7.384685298795728e-05
8249,7.384685298795728e-05
8250,7.384685298795728e-05
8251,7.384685298795728e-05
8252,7.384685298795728e-05
8253,7.384685298795728e-05
8254,7.384685298795728e-05
8255,7.384685298795728e-05
8256,7.384685298795728e-05
8257,7.384685298795728e-05
8258,7.384685298795728e-05
8259,7.384685298795728e-05
8260,7.384685298795728e-05
8261,7.384685298795728e-05
8262,7.384685298795728e-05
8263,7.384685298795728e-05
8264,7.384685298795728e-05
8265,7.384685298795728e-05
8266,7.384685298795728e-05
8267,7.384685298795728e-05
8268,7.384685298795728e-05
8269,7.384685298795728e-05
8270,7.384685298795728e-05
8271,7.384685298795728e-05
8272,7.384685298795728e-05
8273,7.384685298795728e-05
8274,7.384685298795728e-05
8275,7.384685298795728e-05
8276,7.384685298795728e-05
8277,7.384685298795728e-05
8278,7.384685298795728e-05
8279,7.384685298795728e-05
8280,7.384685298795728e-05
8281,7.384685298795728e-05
8282,7.384685298795728e-05
8283,7.384685298795728e-05
8284,7.384685298795728e-05
8285,7.384685298795728e-05
8286,7.384685298795728e-05
8287,7.384685298795728e-05
8288,7.384685298795728e-05
8289,7.384685298795728e-05
8290,7.384685298795728e-05
8291,7.384685298795728e-05
8292,7.384685298795728e-05
8293,7.384685298795728e-05
8294,7.384685298795728e-05
8295,7.384685298795728e-05
8296,7.384685298795728e-05
8297,7.384685298795728e-05
8298,7.384685298795728e-05
8299,7.384685298795728e-05
8300,7.384685298795728e-05
8301,7.384685298795728e-05
8302,7.384685298795728e-05
8303,7.384685298795728e-05
8304,7.384685298795728e-05
8305,7.384685298795728e-05
8306,7.384685298795728e-05
8307,7.384685298795728e-05
8308,7.384685298795728e-05
8309,7.384685298795728e-05
8310,7.384685298795728e-05
8311,7.384685298795728e-05
8312,7.384685298795728e-05
8313,7.384685298795728e-05
8314,7.384685298795728e-05
8315,7.384685298795728e-05
8316,7.384685298795728e-05
8317,7.384685298795728e-05
8318,7.384685298795728e-05
8319,7.384685298795728e-05
8320,7.384685298795728e-05
8321,7.384685298795728e-05
8322,7.384685298795728e-05
8323,7.384685298795728e-05
8324,7.384685298795728e-05
8325,7.384685298795728e-05
8326,7.384685298795728e-05
8327,7.384685298795728e-05
8328,7.384685298795728e-05
8329,7.384685298795728e-05
8330,7.384685298795728e-05
8331,7.384685298795728e-05
8332,7.384685298795728e-05
8333,7.384685298795728e-05
8334,7.384685298795728e-05
8335,7.384685298795728e-05
8336,7.384685298795728e-05
8337,7.384685298795728e-05
8338,7.384685298795728e-05
8339,7.384685298795728e-05
8340,7.384685298795728e-05
8341,7.384685298795728e-05
8342,7.384685298795728e-05
8343,7.384685298795728e-05
8344,7.384685298795728e-05
8345,7.384685298795728e-05
8346,7.384685298795728e-05
8347,7.384685298795728e-05
8348,7.384685298795728e-05
8349,7.384685298795728e-05
8350,7.384685298795728e-05
8351,7.384685298795728e-05
8352,7.384685298795728e-05
8353,7.384685298795728e-05
8354,7.384685298795728e-05
8355,7.384685298795728e-05
8356,7.384685298795728e-05
8357,7.384685298795728e-05
8358,7.384685298795728e-05
8359,7.384685298795728e-05
8360,7.384685298795728e-05
8361,7.384685298795728e-05
8362,7.384685298795728e-05
8363,7.384685298795728e-05
8364,7.384685298795728e-05
8365,7.384685298795728e-05
8366,7.384685298795728e-05
8367,7.384685298795728e-05
8368,7.384685298795728e-05
8369,7.384685298795728e-05
8370,7.384685298795728e-05
8371,7.384685298795728e-05
8372,7.384685298795728e-05
8373,7.384685298795728e-05
8374,7.384685298795728e-05
8375,7.384685298795728e-05
8376,7.384685298795728e-05
8377,7.384685298795728e-05
8378,7.384685298795728e-05
8379,7.384685298795728e-05
8380,7.384685298795728e-05
8381,7.384685298795728e-05
8382,7.384685298795728e-05
8383,7.384685298795728e-05
8384,7.384685298795728e-05
8385,7.384685298795728e-05
8386,7.384685298795728e-05
8387,7.384685298795728e-05
8388,7.384685298795728e-05
8389,7.384685298795728e-05
8390,7.384685298795728e-05
8391,7.384685298795728e-05
8392,7.384685298795728e-05
8393,7.384685298795728e-05
8394,7.384685298795728e-05
8395,7.384685298795728e-05
8396,7.384685298795728e-05
8397,7.384685298795728e-05
8398,7.384685298795728e-05
8399,7.384685298795728e-05
8400,7.384685298795728e-05
8401,7.384685298795728e-05
8402,7.384685298795728e-05
8403,7.384685298795728e-05
8404,7.384685298795728e-05
8405,7.384685298795728e-05
8406,7.384685298795728e-05
8407,7.384685298795728e-05
8408,7.384685298795728e-05
8409,7.384685298795728e-05
8410,7.384685298795728e-05
8411,7.384685298795728e-05
8412,7.384685298795728e-05
8413,7.384685298795728e-05
8414,7.384685298795728e-05
8415,7.384685298795728e-05
8416,7.384685298795728e-05
8417,7.384685298795728e-05
8418,7.384685298795728e-05
8419,7.384685298795728e-05
8420,7.384685298795728e-05
8421,7.384685298795728e-05
8422,7.384685298795728e-05
8423,7.384685298795728e-05
8424,7.384685298795728e-05
8425,7.384685298795728e-05
8426,7.384685298795728e-05
8427,7.384685298795728e-05
8428,7.384685298795728e-05
8429,7.384685298795728e-05
8430,7.384685298795728e-05
8431,7.384685298795728e-05
8432,7.384685298795728e-05
8433,7.384685298795728e-05
8434,7.384685298795728e-05
8435,7.384685298795728e-05
8436,7.384685298795728e-05
8437,7.384685298795728e-05
8438,7.384685298795728e-05
8439,7.384685298795728e-05
8440,7.384685298795728e-05
8441,7.384685298795728e-05
8442,7.384685298795728e-05
8443,7.384685298795728e-05
8444,7.384685298795728e-05
8445,7.384685298795728e-05
8446,7.384685298795728e-05
8447,7.384685298795728e-05
8448,7.384685298795728e-05
8449,7.384685298795728e-05
8450,7.384685298795728e-05
8451,7.384685298795728e-05
8452,7.384685298795728e-05
8453,7.384685298795728e-05
8454,7.384685298795728e-05
8455,7.384685298795728e-05
8456,7.384685298795728e-05
8457,7.384685298795728e-05
8458,7.384685298795728e-05
8459,7.384685298795728e-05
8460,7.384685298795728e-05
8461,7.384685298795728e-05
8462,7.384685298795728e-05
8463,7.384685298795728e-05
8464,7.384685298795728e-05
8465,7.384685298795728e-05
8466,7.384685298795728e-05
8467,7.384685298795728e-05
8468,7.384685298795728e-05
8469,7.384685298795728e-05
8470,7.384685298795728e-05
8471,7.384685298795728e-05
8472,7.384685298795728e-05
8473,7.384685298795728e-05
8474,7.384685298795728e-05
8475,7.384685298795728e-05
8476,7.384685298795728e-05
8477,7.384685298795728e-05
8478,7.384685298795728e-05
8479,7.384685298795728e-05
8480,7.384685298795728e-05
8481,7.384685298795728e-05
8482,7.384685298795728e-05
8483,7.384685298795728e-05
8484,7.384685298795728e-05
8485,7.384685298795728e-05
8486,7.384685298795728e-05
8487,7.384685298795728e-05
8488,7.384685298795728e-05
8489,7.384685298795728e-05
8490,7.384685298795728e-05
8491,7.384685298795728e-05
8492,7.384685298795728e-05
8493,7.384685298795728e-05
8494,7.384685298795728e-05
8495,7.384685298795728e-05
8496,7.384685298795728e-05
8497,7.384685298795728e-05
8498,7.384685298795728e-05
8499,7.384685298795728e-05
8500,7.384685298795728e-05
8501,7.384685298795728e-05
8502,7.384685298795728e-05
8503,7.384685298795728e-05
8504,7.384685298795728e-05
8505,7.384685298795728e-05
8506,7.384685298795728e-05
8507,7.384685298795728e-05
8508,7.384685298795728e-05
8509,7.384685298795728e-05
8510,7.384685298795728e-05
8511,7.384685298795728e-05
8512,7.384685298795728e-05
8513,7.384685298795728e-05
8514,7.384685298795728e-05
8515,7.384685298795728e-05
8516,7.384685298795728e-05
8517,7.384685298795728e-05
8518,7.384685298795728e-05
8519,7.384685298795728e-05
8520,7.384685298795728e-05
8521,7.384685298795728e-05
8522,7.384685298795728e-05
8523,7.384685298795728e-05
8524,7.384685298795728e-05
8525,7.384685298795728e-05
8526,7.384685298795728e-05
8527,7.384685298795728e-05
8528,7.384685298795728e-05
8529,7.384685298795728e-05
8530,7.384685298795728e-05
8531,7.384685298795728e-05
8532,7.384685298795728e-05
8533,7.384685298795728e-05
8534,7.384685298795728e-05
8535,7.384685298795728e-05
8536,7.384685298795728e-05
8537,7.384685298795728e-05
8538,7.384685298795728e-05
8539,7.384685298795728e-05
8540,7.384685298795728e-05
8541,7.384685298795728e-05
8542,7.384685298795728e-05
8543,7.384685298795728e-05
8544,7.384685298795728e-05
8545,7.384685298795728e-05
8546,7.384685298795728e-05
8547,7.384685298795728e-05
8548,7.384685298795728e-05
8549,7.384685298795728e-05
8550,7.384685298795728e-05
8551,7.384685298795728e-05
8552,7.384685298795728e-05
8553,7.384685298795728e-05
8554,7.384685298795728e-05
8555,7.384685298795728e-05
8556,7.384685298795728e-05
8557,7.384685298795728e-05
8558,7.384685298795728e-05
8559,7.384685298795728e-05
8560,7.384685298795728e-05
8561,7.384685298795728e-05
8562,7.384685298795728e-05
8563,7.384685298795728e-05
8564,7.384685298795728e-05
8565,7.384685298795728e-05
8566,7.384685298795728e-05
8567,7.384685298795728e-05
8568,7.384685298795728e-05
8569,7.384685298795728e-05
8570,7.384685298795728e-05
8571,7.384685298795728e-05
8572,7.384685298795728e-05
8573,7.384685298795728e-05
8574,7.384685298795728e-05
8575,7.384685298795728e-05
8576,7.384685298795728e-05
8577,7.384685298795728e-05
8578,7.384685298795728e-05
8579,7.384685298795728e-05
8580,7.384685298795728e-05
8581,7.384685298795728e-05
8582,7.384685298795728e-05
8583,7.384685298795728e-05
8584,7.384685298795728e-05
8585,7.384685298795728e-05
8586,7.384685298795728e-05
8587,7.384685298795728e-05
8588,7.384685298795728e-05
8589,7.384685298795728e-05
8590,7.384685298795728e-05
8591,7.384685298795728e-05
8592,7.384685298795728e-05
8593,7.384685298795728e-05
8594,7.384685298795728e-05
8595,7.384685298795728e-05
8596,7.384685298795728e-05
8597,7.384685298795728e-05
8598,7.384685298795728e-05
8599,7.384685298795728e-05
8600,7.384685298795728e-05
8601,7.384685298795728e-05
8602,7.384685298795728e-05
8603,7.384685298795728e-05
8604,7.384685298795728e-05
8605,7.384685298795728e-05
8606,7.384685298795728e-05
8607,7.384685298795728e-05
8608,7.384685298795728e-05
8609,7.384685298795728e-05
8610,7.384685298795728e-05
8611,7.384685298795728e-05
8612,7.384685298795728e-05
8613,7.384685298795728e-05
8614,7.384685298795728e-05
8615,7.384685298795728e-05
8616,7.384685298795728e-05
8617,7.384685298795728e-05
8618,7.384685298795728e-05
8619,7.384685298795728e-05
8620,7.384685298795728e-05
8621,7.384685298795728e-05
8622,7.384685298795728e-05
8623,7.384685298795728e-05
8624,7.384685298795728e-05
8625,7.384685298795728e-05
8626,7.384685298795728e-05
8627,7.384685298795728e-05
8628,7.384685298795728e-05
8629,7.384685298795728e-05
8630,7.384685298795728e-05
8631,7.384685298795728e-05
8632,7.384685298795728e-05
8633,7.384685298795728e-05
8634,7.384685298795728e-05
8635,7.384685298795728e-05
8636,7.384685298795728e-05
8637,7.384685298795728e-05
8638,7.384685298795728e-05
8639,7.384685298795728e-05
8640,7.384685298795728e-05
8641,7.384685298795728e-05
8642,7.384685298795728e-05
8643,7.384685298795728e-05
8644,7.384685298795728e-05
8645,7.384685298795728e-05
8646,7.384685298795728e-05
8647,7.384685298795728e-05
8648,7.384685298795728e-05
8649,7.384685298795728e-05
8650,7.384685298795728e-05
8651,7.384685298795728e-05
8652,7.384685298795728e-05
8653,7.384685298795728e-05
8654,7.384685298795728e-05
8655,7.384685298795728e-05
8656,7.384685298795728e-05
8657,7.384685298795728e-05
8658,7.384685298795728e-05
8659,7.384685298795728e-05
8660,7.384685298795728e-05
8661,7.384685298795728e-05
8662,7.384685298795728e-05
8663,7.384685298795728e-05
8664,7.384685298795728e-05
8665,7.384685298795728e-05
8666,7.384685298795728e-05
8667,7.384685298795728e-05
8668,7.384685298795728e-05
8669,7.384685298795728e-05
8670,7.384685298795728e-05
8671,7.384685298795728e-05
8672,7.384685298795728e-05
8673,7.384685298795728e-05
8674,7.384685298795728e-05
8675,7.384685298795728e-05
8676,7.384685298795728e-05
8677,7.384685298795728e-05
8678,7.384685298795728e-05
8679,7.384685298795728e-05
8680,7.384685298795728e-05
8681,7.384685298795728e-05
8682,7.384685298795728e-05
8683,7.384685298795728e-05
8684,7.384685298795728e-05
8685,7.384685298795728e-05
8686,7.384685298795728e-05
8687,7.384685298795728e-05
8688,7.384685298795728e-05
8689,7.384685298795728e-05
8690,7.384685298795728e-05
8691,7.384685298795728e-05
8692,7.384685298795728e-05
8693,7.384685298795728e-05
8694,7.384685298795728e-05
8695,7.384685298795728e-05
8696,7.384685298795728e-05
8697,7.384685298795728e-05
8698,7.384685298795728e-05
8699,7.384685298795728e-05
8700,7.384685298795728e-05
8701,7.384685298795728e-05
8702,7.384685298795728e-05
8703,7.384685298795728e-05
8704,7.384685298795728e-05
8705,7.384685298795728e-05
8706,7.384685298795728e-05
8707,7.384685298795728e-05
8708,7.384685298795728e-05
8709,7.384685298795728e-05
8710,7.384685298795728e-05
8711,7.384685298795728e-05
8712,7.384685298795728e-05
8713,7.384685298795728e-05
8714,7.384685298795728e-05
8715,7.384685298795728e-05
8716,7.384685298795728e-05
8717,7.384685298795728e-05
8718,7.384685298795728e-05
8719,7.384685298795728e-05
8720,7.384685298795728e-05
8721,7.384685298795728e-05
8722,7.384685298795728e-05
8723,7.384685298795728e-05
8724,7.384685298795728e-05
8725,7.384685298795728e-05
8726,7.384685298795728e-05
8727,7.384685298795728e-05
8728,7.384685298795728e-05
8729,7.384685298795728e-05
8730,7.384685298795728e-05
8731,7.384685298795728e-05
8732,7.384685298795728e-05
8733,7.384685298795728e-05
8734,7.384685298795728e-05
8735,7.384685298795728e-05
8736,7.384685298795728e-05
8737,7.384685298795728e-05
8738,7.384685298795728e-05
8739,7.384685298795728e-05
8740,7.384685298795728e-05
8741,7.384685298795728e-05
8742,7.384685298795728e-05
8743,7.384685298795728e-05
8744,7.384685298795728e-05
8745,7.384685298795728e-05
8746,7.384685298795728e-05
8747,7.384685298795728e-05
8748,7.384685298795728e-05
8749,7.384685298795728e-05
8750,7.384685298795728e-05
8751,7.384685298795728e-05
8752,7.384685298795728e-05
8753,7.384685298795728e-05
8754,7.384685298795728e-05
8755,7.384685298795728e-05
8756,7.384685298795728e-05
8757,7.384685298795728e-05
8758,7.384685298795728e-05
8759,7.384685298795728e-05
8760,7.384685298795728e-05
8761,7.384685298795728e-05
8762,7.384685298795728e-05
8763,7.384685298795728e-05
8764,7.384685298795728e-05
8765,7.384685298795728e-05
8766,7.384685298795728e-05
8767,7.384685298795728e-05
8768,7.384685298795728e-05
8769,7.384685298795728e-05
8770,7.384685298795728e-05
8771,7.384685298795728e-05
8772,7.384685298795728e-05
8773,7.384685298795728e-05
8774,7.384685298795728e-05
8775,7.384685298795728e-05
8776,7.384685298795728e-05
8777,7.384685298795728e-05
8778,7.384685298795728e-05
8779,7.384685298795728e-05
8780,7.384685298795728e-05
8781,7.384685298795728e-05
8782,7.384685298795728e-05
8783,7.384685298795728e-05
