hour,value
0,5.267759599059288e-05
1,4.6092896491768765e-05
2,3.950819699294466e-05
3,3.950819699294466e-05
4,5.267759599059288e-05
5,0.00010535519198118576
6,0.00014486338897413045
7,0.00021071038396237152
8,0.0002172950834611956
9,0.000177786886468251
10,0.00015803278797177863
11,0.0001316939899764822
12,0.0001316939899764822
13,0.0001316939899764822
14,0.0001316939899764822
15,0.00015803278797177863
16,0.00020412568446354743
17,0.00022387978296001972
18,0.0001975409849647233
19,0.00017120218696942688
20,0.00014486338897413045
21,0.00011852459097883398
22,9.218579298353753e-05
23,7.901639398588931e-05
24,5.368097877136608e-05
25,4.697085642494532e-05
26,4.0260734078524554e-05
27,4.0260734078524554e-05
28,5.368097877136608e-05
29,0.00010736195754273216
30,0.00014762269162125674
31,0.00021472391508546432
32,0.00022143403743188505
33,0.00018117330335336052
34,0.00016104293631409822
35,0.0001342024469284152
36,0.0001342024469284152
37,0.0001342024469284152
38,0.0001342024469284152
39,0.00016104293631409822
40,0.00020801379273904357
41,0.00022814415977830582
42,0.0002013036703926228
43,0.00017446318100693977
44,0.00014762269162125674
45,0.00012078220223557368
46,9.394171284989063e-05
47,8.052146815704911e-05
48,5.368097877136608e-05
49,4.697085642494532e-05
50,4.0260734078524554e-05
51,4.0260734078524554e-05
52,5.368097877136608e-05
53,0.00010736195754273216
54,0.00014762269162125674
55,0.00021472391508546432
56,0.00022143403743188505
57,0.00018117330335336052
58,0.00016104293631409822
59,0.0001342024469284152
60,0.0001342024469284152
61,0.0001342024469284152
62,0.0001342024469284152
63,0.00016104293631409822
64,0.00020801379273904357
65,0.00022814415977830582
66,0.0002013036703926228
67,0.00017446318100693977
68,0.00014762269162125674
69,0.00012078220223557368
70,9.394171284989063e-05
71,8.052146815704911e-05
72,5.368097877136608e-05
73,4.697085642494532e-05
74,4.0260734078524554e-05
75,4.0260734078524554e-05
76,5.368097877136608e-05
77,0.00010736195754273216
78,0.00014762269162125674
79,0.00021472391508546432
80,0.00022143403743188505
81,0.00018117330335336052
82,0.00016104293631409822
83,0.0001342024469284152
84,0.0001342024469284152
85,0.0001342024469284152
86,0.0001342024469284152
87,0.00016104293631409822
88,0.00020801379273904357
89,0.00022814415977830582
90,0.0002013036703926228
91,0.00017446318100693977
92,0.00014762269162125674
93,0.00012078220223557368
94,9.394171284989063e-05
95,8.052146815704911e-05
96,5.1674213209819686e-05
97,4.521493655859221e-05
98,3.875565990736475e-05
99,3.875565990736475e-05
100,5.1674213209819686e-05
101,0.00010334842641963937
102,0.00014210408632700413
103,0.00020669685283927875
104,0.00021315612949050614
105,0.00017440046958314145
106,0.000155022639629459
107,0.0001291855330245492
108,0.0001291855330245492
109,0.0001291855330245492
110,0.0001291855330245492
111,0.000155022639629459
112,0.0002002375761880513
113,0.00021961540614173362
114,0.0001937782995368238
115,0.00016794119293191397
116,0.00014210408632700413
117,0.00011626697972209427
118,9.042987311718443e-05
119,7.75113198147295e-05
120,4.742330892247747e-05
121,4.064855050498069e-05
122,3.387379208748391e-05
123,3.387379208748391e-05
124,4.064855050498069e-05
125,6.0972825757471026e-05
126,8.129710100996139e-05
127,0.00010162137626245173
128,0.00012194565151494205
129,0.00014226992676743243
130,0.00015581944360242597
131,0.00016259420201992277
132,0.00016936896043741957
133,0.00016936896043741957
134,0.00016936896043741957
135,0.00016936896043741957
136,0.00016259420201992277
137,0.00015581944360242597
138,0.00014904468518492923
139,0.00013549516834993565
140,0.00011517089309744529
141,9.484661784495495e-05
142,7.452234259246461e-05
143,6.0972825757471026e-05
144,4.095649406941236e-05
145,3.51055663452106e-05
146,2.925463862100883e-05
147,2.925463862100883e-05
148,3.51055663452106e-05
149,5.265834951781589e-05
150,7.02111326904212e-05
151,8.77639158630265e-05
152,0.00010531669903563178
153,0.00012286948220823708
154,0.00013457133765664063
155,0.0001404222653808424
156,0.0001462731931050442
157,0.0001462731931050442
158,0.0001462731931050442
159,0.0001462731931050442
160,0.0001404222653808424
161,0.00013457133765664063
162,0.00012872040993243888
163,0.00011701855448403532
164,9.946577131143002e-05
165,8.191298813882472e-05
166,6.436020496621944e-05
167,5.265834951781589e-05
168,5.267759599059288e-05
169,4.6092896491768765e-05
170,3.950819699294466e-05
171,3.950819699294466e-05
172,5.267759599059288e-05
173,0.00010535519198118576
174,0.00014486338897413045
175,0.00021071038396237152
176,0.0002172950834611956
177,0.000177786886468251
178,0.00015803278797177863
179,0.0001316939899764822
180,0.0001316939899764822
181,0.0001316939899764822
182,0.0001316939899764822
183,0.00015803278797177863
184,0.00020412568446354743
185,0.00022387978296001972
186,0.0001975409849647233
187,0.00017120218696942688
188,0.00014486338897413045
189,0.00011852459097883398
190,9.218579298353753e-05
191,7.901639398588931e-05
192,5.368097877136608e-05
193,4.697085642494532e-05
194,4.0260734078524554e-05
195,4.0260734078524554e-05
196,5.368097877136608e-05
197,0.00010736195754273216
198,0.00014762269162125674
199,0.00021472391508546432
200,0.00022143403743188505
201,0.00018117330335336052
202,0.00016104293631409822
203,0.0001342024469284152
204,0.0001342024469284152
205,0.0001342024469284152
206,0.0001342024469284152
207,0.00016104293631409822
208,0.00020801379273904357
209,0.00022814415977830582
210,0.0002013036703926228
211,0.00017446318100693977
212,0.00014762269162125674
213,0.00012078220223557368
214,9.394171284989063e-05
215,8.052146815704911e-05
216,5.368097877136608e-05
217,4.697085642494532e-05
218,4.0260734078524554e-05
219,4.0260734078524554e-05
220,5.368097877136608e-05
221,0.00010736195754273216
222,0.00014762269162125674
223,0.00021472391508546432
224,0.00022143403743188505
225,0.00018117330335336052
226,0.00016104293631409822
227,0.0001342024469284152
228,0.0001342024469284152
229,0.0001342024469284152
230,0.0001342024469284152
231,0.00016104293631409822
232,0.00020801379273904357
233,0.00022814415977830582
234,0.0002013036703926228
235,0.00017446318100693977
236,0.00014762269162125674
237,0.00012078220223557368
238,9.394171284989063e-05
239,8.052146815704911e-05
240,5.368097877136608e-05
241,4.697085642494532e-05
242,4.0260734078524554e-05
243,4.0260734078524554e-05
244,5.368097877136608e-05
245,0.00010736195754273216
246,0.00014762269162125674
247,0.00021472391508546432
248,0.00022143403743188505
249,0.00018117330335336052
250,0.00016104293631409822
251,0.0001342024469284152
252,0.0001342024469284152
253,0.0001342024469284152
254,0.0001342024469284152
255,0.00016104293631409822
256,0.00020801379273904357
257,0.00022814415977830582
258,0.0002013036703926228
259,0.00017446318100693977
260,0.00014762269162125674
261,0.00012078220223557368
262,9.394171284989063e-05
263,8.052146815704911e-05
264,5.1674213209819686e-05
265,4.521493655859221e-05
266,3.875565990736475e-05
267,3.875565990736475e-05
268,5.1674213209819686e-05
269,0.00010334842641963937
270,0.00014210408632700413
271,0.00020669685283927875
272,0.00021315612949050614
273,0.00017440046958314145
274,0.000155022639629459
275,0.0001291855330245492
276,0.0001291855330245492
277,0.0001291855330245492
278,0.0001291855330245492
279,0.000155022639629459
280,0.0002002375761880513
281,0.00021961540614173362
282,0.0001937782995368238
283,0.00016794119293191397
284,0.00014210408632700413
285,0.00011626697972209427
286,9.042987311718443e-05
287,7.75113198147295e-05
288,4.742330892247747e-05
289,4.064855050498069e-05
290,3.387379208748391e-05
291,3.387379208748391e-05
292,4.064855050498069e-05
293,6.0972825757471026e-05
294,8.129710100996139e-05
295,0.00010162137626245173
296,0.00012194565151494205
297,0.00014226992676743243
298,0.00015581944360242597
299,0.00016259420201992277
300,0.00016936896043741957
301,0.00016936896043741957
302,0.00016936896043741957
303,0.00016936896043741957
304,0.00016259420201992277
305,0.00015581944360242597
306,0.00014904468518492923
307,0.00013549516834993565
308,0.00011517089309744529
309,9.484661784495495e-05
310,7.452234259246461e-05
311,6.0972825757471026e-05
312,4.095649406941236e-05
313,3.51055663452106e-05
314,2.925463862100883e-05
315,2.925463862100883e-05
316,3.51055663452106e-05
317,5.265834951781589e-05
318,7.02111326904212e-05
319,8.77639158630265e-05
320,0.00010531669903563178
321,0.00012286948220823708
322,0.00013457133765664063
323,0.0001404222653808424
324,0.0001462731931050442
325,0.0001462731931050442
326,0.0001462731931050442
327,0.0001462731931050442
328,0.0001404222653808424
329,0.00013457133765664063
330,0.00012872040993243888
331,0.00011701855448403532
332,9.946577131143002e-05
333,8.191298813882472e-05
334,6.436020496621944e-05
335,5.265834951781589e-05
336,5.267759599059288e-05
337,4.6092896491768765e-05
338,3.950819699294466e-05
339,3.950819699294466e-05
340,5.267759599059288e-05
341,0.00010535519198118576
342,0.00014486338897413045
343,0.00021071038396237152
344,0.0002172950834611956
345,0.000177786886468251
346,0.00015803278797177863
347,0.0001316939899764822
348,0.0001316939899764822
349,0.0001316939899764822
350,0.0001316939899764822
351,0.00015803278797177863
352,0.00020412568446354743
353,0.00022387978296001972
354,0.0001975409849647233
355,0.00017120218696942688
356,0.00014486338897413045
357,0.00011852459097883398
358,9.218579298353753e-05
359,7.901639398588931e-05
360,5.368097877136608e-05
361,4.697085642494532e-05
362,4.0260734078524554e-05
363,4.0260734078524554e-05
364,5.368097877136608e-05
365,0.00010736195754273216
366,0.00014762269162125674
367,0.00021472391508546432
368,0.00022143403743188505
369,0.00018117330335336052
370,0.00016104293631409822
371,0.0001342024469284152
372,0.0001342024469284152
373,0.0001342024469284152
374,0.0001342024469284152
375,0.00016104293631409822
376,0.00020801379273904357
377,0.00022814415977830582
378,0.0002013036703926228
379,0.00017446318100693977
380,0.00014762269162125674
381,0.00012078220223557368
382,9.394171284989063e-05
383,8.052146815704911e-05
384,5.368097877136608e-05
385,4.697085642494532e-05
386,4.0260734078524554e-05
387,4.0260734078524554e-05
388,5.368097877136608e-05
389,0.00010736195754273216
390,0.00014762269162125674
391,0.00021472391508546432
392,0.00022143403743188505
393,0.00018117330335336052
394,0.00016104293631409822
395,0.0001342024469284152
396,0.0001342024469284152
397,0.0001342024469284152
398,0.0001342024469284152
399,0.00016104293631409822
400,0.00020801379273904357
401,0.00022814415977830582
402,0.0002013036703926228
403,0.00017446318100693977
404,0.00014762269162125674
405,0.00012078220223557368
406,9.394171284989063e-05
407,8.052146815704911e-05
408,5.368097877136608e-05
409,4.697085642494532e-05
410,4.0260734078524554e-05
411,4.0260734078524554e-05
412,5.368097877136608e-05
413,0.00010736195754273216
414,0.00014762269162125674
415,0.00021472391508546432
416,0.00022143403743188505
417,0.00018117330335336052
418,0.00016104293631409822
419,0.0001342024469284152
420,0.0001342024469284152
421,0.0001342024469284152
422,0.0001342024469284152
423,0.00016104293631409822
424,0.00020801379273904357
425,0.00022814415977830582
426,0.0002013036703926228
427,0.00017446318100693977
428,0.00014762269162125674
429,0.00012078220223557368
430,9.394171284989063e-05
431,8.052146815704911e-05
432,5.1674213209819686e-05
433,4.521493655859221e-05
434,3.875565990736475e-05
435,3.875565990736475e-05
436,5.1674213209819686e-05
437,0.00010334842641963937
438,0.00014210408632700413
439,0.00020669685283927875
440,0.00021315612949050614
441,0.00017440046958314145
442,0.000155022639629459
443,0.0001291855330245492
444,0.0001291855330245492
445,0.0001291855330245492
446,0.0001291855330245492
447,0.000155022639629459
448,0.0002002375761880513
449,0.00021961540614173362
450,0.0001937782995368238
451,0.00016794119293191397
452,0.00014210408632700413
453,0.00011626697972209427
454,9.042987311718443e-05
455,7.75113198147295e-05
456,4.742330892247747e-05
457,4.064855050498069e-05
458,3.387379208748391e-05
459,3.387379208748391e-05
460,4.064855050498069e-05
461,6.0972825757471026e-05
462,8.129710100996139e-05
463,0.00010162137626245173
464,0.00012194565151494205
465,0.00014226992676743243
466,0.00015581944360242597
467,0.00016259420201992277
468,0.00016936896043741957
469,0.00016936896043741957
470,0.00016936896043741957
471,0.00016936896043741957
472,0.00016259420201992277
473,0.00015581944360242597
474,0.00014904468518492923
475,0.00013549516834993565
476,0.00011517089309744529
477,9.484661784495495e-05
478,7.452234259246461e-05
479,6.0972825757471026e-05
480,4.095649406941236e-05
481,3.51055663452106e-05
482,2.925463862100883e-05
483,2.925463862100883e-05
484,3.51055663452106e-05
485,5.265834951781589e-05
486,7.02111326904212e-05
487,8.77639158630265e-05
488,0.00010531669903563178
489,0.00012286948220823708
490,0.00013457133765664063
491,0.0001404222653808424
492,0.0001462731931050442
493,0.0001462731931050442
494,0.0001462731931050442
495,0.0001462731931050442
496,0.0001404222653808424
497,0.00013457133765664063
498,0.00012872040993243888
499,0.00011701855448403532
500,9.946577131143002e-05
501,8.191298813882472e-05
502,6.436020496621944e-05
503,5.265834951781589e-05
504,5.267759599059288e-05
505,4.6092896491768765e-05
506,3.950819699294466e-05
507,3.950819699294466e-05
508,5.267759599059288e-05
509,0.00010535519198118576
510,0.00014486338897413045
511,0.00021071038396237152
512,0.0002172950834611956
513,0.000177786886468251
514,0.00015803278797177863
515,0.0001316939899764822
516,0.0001316939899764822
517,0.0001316939899764822
518,0.0001316939899764822
519,0.00015803278797177863
520,0.00020412568446354743
521,0.00022387978296001972
522,0.0001975409849647233
523,0.00017120218696942688
524,0.00014486338897413045
525,0.00011852459097883398
526,9.218579298353753e-05
527,7.901639398588931e-05
528,5.368097877136608e-05
529,4.697085642494532e-05
530,4.0260734078524554e-05
531,4.0260734078524554e-05
532,5.368097877136608e-05
533,0.00010736195754273216
534,0.00014762269162125674
535,0.00021472391508546432
536,0.00022143403743188505
537,0.00018117330335336052
538,0.00016104293631409822
539,0.0001342024469284152
540,0.0001342024469284152
541,0.0001342024469284152
542,0.0001342024469284152
543,0.00016104293631409822
544,0.00020801379273904357
545,0.00022814415977830582
546,0.0002013036703926228
547,0.00017446318100693977
548,0.00014762269162125674
549,0.00012078220223557368
550,9.394171284989063e-05
551,8.052146815704911e-05
552,5.368097877136608e-05
553,4.697085642494532e-05
554,4.0260734078524554e-05
555,4.0260734078524554e-05
556,5.368097877136608e-05
557,0.00010736195754273216
558,0.00014762269162125674
559,0.00021472391508546432
560,0.00022143403743188505
561,0.00018117330335336052
562,0.00016104293631409822
563,0.0001342024469284152
564,0.0001342024469284152
565,0.0001342024469284152
566,0.0001342024469284152
567,0.00016104293631409822
568,0.00020801379273904357
569,0.00022814415977830582
570,0.0002013036703926228
571,0.00017446318100693977
572,0.00014762269162125674
573,0.00012078220223557368
574,9.394171284989063e-05
575,8.052146815704911e-05
576,5.368097877136608e-05
577,4.697085642494532e-05
578,4.0260734078524554e-05
579,4.0260734078524554e-05
580,5.368097877136608e-05
581,0.00010736195754273216
582,0.00014762269162125674
583,0.00021472391508546432
584,0.00022143403743188505
585,0.00018117330335336052
586,0.00016104293631409822
587,0.0001342024469284152
588,0.0001342024469284152
589,0.0001342024469284152
590,0.0001342024469284152
591,0.00016104293631409822
592,0.00020801379273904357
593,0.00022814415977830582
594,0.0002013036703926228
595,0.00017446318100693977
596,0.00014762269162125674
597,0.00012078220223557368
598,9.394171284989063e-05
599,8.052146815704911e-05
600,5.1674213209819686e-05
601,4.521493655859221e-05
602,3.875565990736475e-05
603,3.875565990736475e-05
604,5.1674213209819686e-05
605,0.00010334842641963937
606,0.00014210408632700413
607,0.00020669685283927875
608,0.00021315612949050614
609,0.00017440046958314145
610,0.000155022639629459
611,0.0001291855330245492
612,0.0001291855330245492
613,0.0001291855330245492
614,0.0001291855330245492
615,0.000155022639629459
616,0.0002002375761880513
617,0.00021961540614173362
618,0.0001937782995368238
619,0.00016794119293191397
620,0.00014210408632700413
621,0.00011626697972209427
622,9.042987311718443e-05
623,7.75113198147295e-05
624,4.742330892247747e-05
625,4.064855050498069e-05
626,3.387379208748391e-05
627,3.387379208748391e-05
628,4.064855050498069e-05
629,6.0972825757471026e-05
630,8.129710100996139e-05
631,0.00010162137626245173
632,0.00012194565151494205
633,0.00014226992676743243
634,0.00015581944360242597
635,0.00016259420201992277
636,0.00016936896043741957
637,0.00016936896043741957
638,0.00016936896043741957
639,0.00016936896043741957
640,0.00016259420201992277
641,0.00015581944360242597
642,0.00014904468518492923
643,0.00013549516834993565
644,0.00011517089309744529
645,9.484661784495495e-05
646,7.452234259246461e-05
647,6.0972825757471026e-05
648,4.095649406941236e-05
649,3.51055663452106e-05
650,2.925463862100883e-05
651,2.925463862100883e-05
652,3.51055663452106e-05
653,5.265834951781589e-05
654,7.02111326904212e-05
655,8.77639158630265e-05
656,0.00010531669903563178
657,0.00012286948220823708
658,0.00013457133765664063
659,0.0001404222653808424
660,0.0001462731931050442
661,0.0001462731931050442
662,0.0001462731931050442
663,0.0001462731931050442
664,0.0001404222653808424
665,0.00013457133765664063
666,0.00012872040993243888
667,0.00011701855448403532
668,9.946577131143002e-05
669,8.191298813882472e-05
670,6.436020496621944e-05
671,5.265834951781589e-05
672,5.267759599059288e-05
673,4.6092896491768765e-05
674,3.950819699294466e-05
675,3.950819699294466e-05
676,5.267759599059288e-05
677,0.00010535519198118576
678,0.00014486338897413045
679,0.00021071038396237152
680,0.0002172950834611956
681,0.000177786886468251
682,0.00015803278797177863
683,0.0001316939899764822
684,0.0001316939899764822
685,0.0001316939899764822
686,0.0001316939899764822
687,0.00015803278797177863
688,0.00020412568446354743
689,0.00022387978296001972
690,0.0001975409849647233
691,0.00017120218696942688
692,0.00014486338897413045
693,0.00011852459097883398
694,9.218579298353753e-05
695,7.901639398588931e-05
696,5.368097877136608e-05
697,4.697085642494532e-05
698,4.0260734078524554e-05
699,4.0260734078524554e-05
700,5.368097877136608e-05
701,0.00010736195754273216
702,0.00014762269162125674
703,0.00021472391508546432
704,0.00022143403743188505
705,0.00018117330335336052
706,0.00016104293631409822
707,0.0001342024469284152
708,0.0001342024469284152
709,0.0001342024469284152
710,0.0001342024469284152
711,0.00016104293631409822
712,0.00020801379273904357
713,0.00022814415977830582
714,0.0002013036703926228
715,0.00017446318100693977
716,0.00014762269162125674
717,0.00012078220223557368
718,9.394171284989063e-05
719,8.052146815704911e-05
720,5.368097877136608e-05
721,4.697085642494532e-05
722,4.0260734078524554e-05
723,4.0260734078524554e-05
724,5.368097877136608e-05
725,0.00010736195754273216
726,0.00014762269162125674
727,0.00021472391508546432
728,0.00022143403743188505
729,0.00018117330335336052
730,0.00016104293631409822
731,0.0001342024469284152
732,0.0001342024469284152
733,0.0001342024469284152
734,0.0001342024469284152
735,0.00016104293631409822
736,0.00020801379273904357
737,0.00022814415977830582
738,0.0002013036703926228
739,0.00017446318100693977
740,0.00014762269162125674
741,0.00012078220223557368
742,9.394171284989063e-05
743,8.052146815704911e-05
744,5.269600668381808e-05
745,4.6109005848340816e-05
746,3.9522005012863556e-05
747,3.9522005012863556e-05
748,5.269600668381808e-05
749,0.00010539201336763616
750,0.00014491401838049973
751,0.00021078402673527233
752,0.00021737102757074956
753,0.000177849022557886
754,0.00015808802005145423
755,0.0001317400167095452
756,0.0001317400167095452
757,0.0001317400167095452
758,0.0001317400167095452
759,0.00015808802005145423
760,0.00020419702589979507
761,0.0002239580284062268
762,0.00019761002506431778
763,0.00017126202172240877
764,0.00014491401838049973
765,0.00011856601503859066
766,9.221801169668163e-05
767,7.904401002572711e-05
768,5.072606250872207e-05
769,4.4385304695131806e-05
770,3.8044546881541555e-05
771,3.8044546881541555e-05
772,5.072606250872207e-05
773,0.00010145212501744414
774,0.00013949667189898572
775,0.00020290425003488828
776,0.00020924500784847856
777,0.000171200460966937
778,0.00015217818752616622
779,0.0001268151562718052
780,0.0001268151562718052
781,0.0001268151562718052
782,0.0001268151562718052
783,0.00015217818752616622
784,0.00019656349222129803
785,0.00021558576566206878
786,0.00019022273440770775
787,0.00016485970315334675
788,0.00013949667189898572
789,0.00011413364064462464
790,8.877060939026361e-05
791,7.608909376308311e-05
792,4.655315646518431e-05
793,3.9902705541586545e-05
794,3.325225461798879e-05
795,3.325225461798879e-05
796,3.9902705541586545e-05
797,5.985405831237982e-05
798,7.980541108317309e-05
799,9.975676385396638e-05
800,0.00011970811662475964
801,0.0001396594693955529
802,0.00015296037124274843
803,0.00015961082216634618
804,0.00016626127308994398
805,0.00016626127308994398
806,0.00016626127308994398
807,0.00016626127308994398
808,0.00015961082216634618
809,0.00015296037124274843
810,0.0001463099203191507
811,0.00013300901847195515
812,0.00011305766570116188
813,9.310631293036862e-05
814,7.315496015957535e-05
815,5.985405831237982e-05
816,4.0204998765386445e-05
817,3.446142751318838e-05
818,2.871785626099032e-05
819,2.871785626099032e-05
820,3.446142751318838e-05
821,5.169214126978257e-05
822,6.892285502637676e-05
823,8.615356878297097e-05
824,0.00010338428253956513
825,0.00012061499629615934
826,0.00013210213880055546
827,0.0001378457100527535
828,0.00014358928130495162
829,0.00014358928130495162
830,0.00014358928130495162
831,0.00014358928130495162
832,0.0001378457100527535
833,0.00013210213880055546
834,0.00012635856754835743
835,0.00011487142504396128
836,9.764071128736708e-05
837,8.040999753077289e-05
838,6.317928377417872e-05
839,5.169214126978257e-05
840,5.1711034596270076e-05
841,4.524715527173631e-05
842,3.878327594720255e-05
843,3.878327594720255e-05
844,5.1711034596270076e-05
845,0.00010342206919254015
846,0.00014220534513974272
847,0.0002068441383850803
848,0.00021330801770961405
849,0.0001745247417624115
850,0.0001551331037888102
851,0.0001292775864906752
852,0.0001292775864906752
853,0.0001292775864906752
854,0.0001292775864906752
855,0.0001551331037888102
856,0.00020038025906054656
857,0.0002197718970341478
858,0.00019391637973601277
859,0.00016806086243787775
860,0.00014220534513974272
861,0.00011634982784160765
862,9.049431054347261e-05
863,7.75665518944051e-05
864,5.269600668381808e-05
865,4.6109005848340816e-05
866,3.9522005012863556e-05
867,3.9522005012863556e-05
868,5.269600668381808e-05
869,0.00010539201336763616
870,0.00014491401838049973
871,0.00021078402673527233
872,0.00021737102757074956
873,0.000177849022557886
874,0.00015808802005145423
875,0.0001317400167095452
876,0.0001317400167095452
877,0.0001317400167095452
878,0.0001317400167095452
879,0.00015808802005145423
880,0.00020419702589979507
881,0.0002239580284062268
882,0.00019761002506431778
883,0.00017126202172240877
884,0.00014491401838049973
885,0.00011856601503859066
886,9.221801169668163e-05
887,7.904401002572711e-05
888,5.269600668381808e-05
889,4.6109005848340816e-05
890,3.9522005012863556e-05
891,3.9522005012863556e-05
892,5.269600668381808e-05
893,0.00010539201336763616
894,0.00014491401838049973
895,0.00021078402673527233
896,0.00021737102757074956
897,0.000177849022557886
898,0.00015808802005145423
899,0.0001317400167095452
900,0.0001317400167095452
901,0.0001317400167095452
902,0.0001317400167095452
903,0.00015808802005145423
904,0.00020419702589979507
905,0.0002239580284062268
906,0.00019761002506431778
907,0.00017126202172240877
908,0.00014491401838049973
909,0.00011856601503859066
910,9.221801169668163e-05
911,7.904401002572711e-05
912,5.269600668381808e-05
913,4.6109005848340816e-05
914,3.9522005012863556e-05
915,3.9522005012863556e-05
916,5.269600668381808e-05
917,0.00010539201336763616
918,0.00014491401838049973
919,0.00021078402673527233
920,0.00021737102757074956
921,0.000177849022557886
922,0.00015808802005145423
923,0.0001317400167095452
924,0.0001317400167095452
925,0.0001317400167095452
926,0.0001317400167095452
927,0.00015808802005145423
928,0.00020419702589979507
929,0.0002239580284062268
930,0.00019761002506431778
931,0.00017126202172240877
932,0.00014491401838049973
933,0.00011856601503859066
934,9.221801169668163e-05
935,7.904401002572711e-05
936,5.072606250872207e-05
937,4.4385304695131806e-05
938,3.8044546881541555e-05
939,3.8044546881541555e-05
940,5.072606250872207e-05
941,0.00010145212501744414
942,0.00013949667189898572
943,0.00020290425003488828
944,0.00020924500784847856
945,0.000171200460966937
946,0.00015217818752616622
947,0.0001268151562718052
948,0.0001268151562718052
949,0.0001268151562718052
950,0.0001268151562718052
951,0.00015217818752616622
952,0.00019656349222129803
953,0.00021558576566206878
954,0.00019022273440770775
955,0.00016485970315334675
956,0.00013949667189898572
957,0.00011413364064462464
958,8.877060939026361e-05
959,7.608909376308311e-05
960,4.655315646518431e-05
961,3.9902705541586545e-05
962,3.325225461798879e-05
963,3.325225461798879e-05
964,3.9902705541586545e-05
965,5.985405831237982e-05
966,7.980541108317309e-05
967,9.975676385396638e-05
968,0.00011970811662475964
969,0.0001396594693955529
970,0.00015296037124274843
971,0.00015961082216634618
972,0.00016626127308994398
973,0.00016626127308994398
974,0.00016626127308994398
975,0.00016626127308994398
976,0.00015961082216634618
977,0.00015296037124274843
978,0.0001463099203191507
979,0.00013300901847195515
980,0.00011305766570116188
981,9.310631293036862e-05
982,7.315496015957535e-05
983,5.985405831237982e-05
984,4.0204998765386445e-05
985,3.446142751318838e-05
986,2.871785626099032e-05
987,2.871785626099032e-05
988,3.446142751318838e-05
989,5.169214126978257e-05
990,6.892285502637676e-05
991,8.615356878297097e-05
992,0.00010338428253956513
993,0.00012061499629615934
994,0.00013210213880055546
995,0.0001378457100527535
996,0.00014358928130495162
997,0.00014358928130495162
998,0.00014358928130495162
999,0.00014358928130495162
1000,0.0001378457100527535
1001,0.00013210213880055546
1002,0.00012635856754835743
1003,0.00011487142504396128
1004,9.764071128736708e-05
1005,8.040999753077289e-05
1006,6.317928377417872e-05
1007,5.169214126978257e-05
1008,5.1711034596270076e-05
1009,4.524715527173631e-05
1010,3.878327594720255e-05
1011,3.878327594720255e-05
1012,5.1711034596270076e-05
1013,0.00010342206919254015
1014,0.00014220534513974272
1015,0.0002068441383850803
1016,0.00021330801770961405
1017,0.0001745247417624115
1018,0.0001551331037888102
1019,0.0001292775864906752
1020,0.0001292775864906752
1021,0.0001292775864906752
1022,0.0001292775864906752
1023,0.0001551331037888102
1024,0.00020038025906054656
1025,0.0002197718970341478
1026,0.00019391637973601277
1027,0.00016806086243787775
1028,0.00014220534513974272
1029,0.00011634982784160765
1030,9.049431054347261e-05
1031,7.75665518944051e-05
1032,5.269600668381808e-05
1033,4.6109005848340816e-05
1034,3.9522005012863556e-05
1035,3.9522005012863556e-05
1036,5.269600668381808e-05
1037,0.00010539201336763616
1038,0.00014491401838049973
1039,0.00021078402673527233
1040,0.00021737102757074956
1041,0.000177849022557886
1042,0.00015808802005145423
1043,0.0001317400167095452
1044,0.0001317400167095452
1045,0.0001317400167095452
1046,0.0001317400167095452
1047,0.00015808802005145423
1048,0.00020419702589979507
1049,0.0002239580284062268
1050,0.00019761002506431778
1051,0.00017126202172240877
1052,0.00014491401838049973
1053,0.00011856601503859066
1054,9.221801169668163e-05
1055,7.904401002572711e-05
1056,5.269600668381808e-05
1057,4.6109005848340816e-05
1058,3.9522005012863556e-05
1059,3.9522005012863556e-05
1060,5.269600668381808e-05
1061,0.00010539201336763616
1062,0.00014491401838049973
1063,0.00021078402673527233
1064,0.00021737102757074956
1065,0.000177849022557886
1066,0.00015808802005145423
1067,0.0001317400167095452
1068,0.0001317400167095452
1069,0.0001317400167095452
1070,0.0001317400167095452
1071,0.00015808802005145423
1072,0.00020419702589979507
1073,0.0002239580284062268
1074,0.00019761002506431778
1075,0.00017126202172240877
1076,0.00014491401838049973
1077,0.00011856601503859066
1078,9.221801169668163e-05
1079,7.904401002572711e-05
1080,5.269600668381808e-05
1081,4.6109005848340816e-05
1082,3.9522005012863556e-05
1083,3.9522005012863556e-05
1084,5.269600668381808e-05
1085,0.00010539201336763616
1086,0.00014491401838049973
1087,0.00021078402673527233
1088,0.00021737102757074956
1089,0.000177849022557886
1090,0.00015808802005145423
1091,0.0001317400167095452
1092,0.0001317400167095452
1093,0.0001317400167095452
1094,0.0001317400167095452
1095,0.00015808802005145423
1096,0.00020419702589979507
1097,0.0002239580284062268
1098,0.00019761002506431778
1099,0.00017126202172240877
1100,0.00014491401838049973
1101,0.00011856601503859066
1102,9.221801169668163e-05
1103,7.904401002572711e-05
1104,5.072606250872207e-05
1105,4.4385304695131806e-05
1106,3.8044546881541555e-05
1107,3.8044546881541555e-05
1108,5.072606250872207e-05
1109,0.00010145212501744414
1110,0.00013949667189898572
1111,0.00020290425003488828
1112,0.00020924500784847856
1113,0.000171200460966937
1114,0.00015217818752616622
1115,0.0001268151562718052
1116,0.0001268151562718052
1117,0.0001268151562718052
1118,0.0001268151562718052
1119,0.00015217818752616622
1120,0.00019656349222129803
1121,0.00021558576566206878
1122,0.00019022273440770775
1123,0.00016485970315334675
1124,0.00013949667189898572
1125,0.00011413364064462464
1126,8.877060939026361e-05
1127,7.608909376308311e-05
1128,4.655315646518431e-05
1129,3.9902705541586545e-05
1130,3.325225461798879e-05
1131,3.325225461798879e-05
1132,3.9902705541586545e-05
1133,5.985405831237982e-05
1134,7.980541108317309e-05
1135,9.975676385396638e-05
1136,0.00011970811662475964
1137,0.0001396594693955529
1138,0.00015296037124274843
1139,0.00015961082216634618
1140,0.00016626127308994398
1141,0.00016626127308994398
1142,0.00016626127308994398
1143,0.00016626127308994398
1144,0.00015961082216634618
1145,0.00015296037124274843
1146,0.0001463099203191507
1147,0.00013300901847195515
1148,0.00011305766570116188
1149,9.310631293036862e-05
1150,7.315496015957535e-05
1151,5.985405831237982e-05
1152,4.0204998765386445e-05
1153,3.446142751318838e-05
1154,2.871785626099032e-05
1155,2.871785626099032e-05
1156,3.446142751318838e-05
1157,5.169214126978257e-05
1158,6.892285502637676e-05
1159,8.615356878297097e-05
1160,0.00010338428253956513
1161,0.00012061499629615934
1162,0.00013210213880055546
1163,0.0001378457100527535
1164,0.00014358928130495162
1165,0.00014358928130495162
1166,0.00014358928130495162
1167,0.00014358928130495162
1168,0.0001378457100527535
1169,0.00013210213880055546
1170,0.00012635856754835743
1171,0.00011487142504396128
1172,9.764071128736708e-05
1173,8.040999753077289e-05
1174,6.317928377417872e-05
1175,5.169214126978257e-05
1176,5.1711034596270076e-05
1177,4.524715527173631e-05
1178,3.878327594720255e-05
1179,3.878327594720255e-05
1180,5.1711034596270076e-05
1181,0.00010342206919254015
1182,0.00014220534513974272
1183,0.0002068441383850803
1184,0.00021330801770961405
1185,0.0001745247417624115
1186,0.0001551331037888102
1187,0.0001292775864906752
1188,0.0001292775864906752
1189,0.0001292775864906752
1190,0.0001292775864906752
1191,0.0001551331037888102
1192,0.00020038025906054656
1193,0.0002197718970341478
1194,0.00019391637973601277
1195,0.00016806086243787775
1196,0.00014220534513974272
1197,0.00011634982784160765
1198,9.049431054347261e-05
1199,7.75665518944051e-05
1200,5.269600668381808e-05
1201,4.6109005848340816e-05
1202,3.9522005012863556e-05
1203,3.9522005012863556e-05
1204,5.269600668381808e-05
1205,0.00010539201336763616
1206,0.00014491401838049973
1207,0.00021078402673527233
1208,0.00021737102757074956
1209,0.000177849022557886
1210,0.00015808802005145423
1211,0.0001317400167095452
1212,0.0001317400167095452
1213,0.0001317400167095452
1214,0.0001317400167095452
1215,0.00015808802005145423
1216,0.00020419702589979507
1217,0.0002239580284062268
1218,0.00019761002506431778
1219,0.00017126202172240877
1220,0.00014491401838049973
1221,0.00011856601503859066
1222,9.221801169668163e-05
1223,7.904401002572711e-05
1224,5.269600668381808e-05
1225,4.6109005848340816e-05
1226,3.9522005012863556e-05
1227,3.9522005012863556e-05
1228,5.269600668381808e-05
1229,0.00010539201336763616
1230,0.00014491401838049973
1231,0.00021078402673527233
1232,0.00021737102757074956
1233,0.000177849022557886
1234,0.00015808802005145423
1235,0.0001317400167095452
1236,0.0001317400167095452
1237,0.0001317400167095452
1238,0.0001317400167095452
1239,0.00015808802005145423
1240,0.00020419702589979507
1241,0.0002239580284062268
1242,0.00019761002506431778
1243,0.00017126202172240877
1244,0.00014491401838049973
1245,0.00011856601503859066
1246,9.221801169668163e-05
1247,7.904401002572711e-05
1248,5.269600668381808e-05
1249,4.6109005848340816e-05
1250,3.9522005012863556e-05
1251,3.9522005012863556e-05
1252,5.269600668381808e-05
1253,0.00010539201336763616
1254,0.00014491401838049973
1255,0.00021078402673527233
1256,0.00021737102757074956
1257,0.000177849022557886
1258,0.00015808802005145423
1259,0.0001317400167095452
1260,0.0001317400167095452
1261,0.0001317400167095452
1262,0.0001317400167095452
1263,0.00015808802005145423
1264,0.00020419702589979507
1265,0.0002239580284062268
1266,0.00019761002506431778
1267,0.00017126202172240877
1268,0.00014491401838049973
1269,0.00011856601503859066
1270,9.221801169668163e-05
1271,7.904401002572711e-05
1272,5.072606250872207e-05
1273,4.4385304695131806e-05
1274,3.8044546881541555e-05
1275,3.8044546881541555e-05
1276,5.072606250872207e-05
1277,0.00010145212501744414
1278,0.00013949667189898572
1279,0.00020290425003488828
1280,0.00020924500784847856
1281,0.000171200460966937
1282,0.00015217818752616622
1283,0.0001268151562718052
1284,0.0001268151562718052
1285,0.0001268151562718052
1286,0.0001268151562718052
1287,0.00015217818752616622
1288,0.00019656349222129803
1289,0.00021558576566206878
1290,0.00019022273440770775
1291,0.00016485970315334675
1292,0.00013949667189898572
1293,0.00011413364064462464
1294,8.877060939026361e-05
1295,7.608909376308311e-05
1296,4.655315646518431e-05
1297,3.9902705541586545e-05
1298,3.325225461798879e-05
1299,3.325225461798879e-05
1300,3.9902705541586545e-05
1301,5.985405831237982e-05
1302,7.980541108317309e-05
1303,9.975676385396638e-05
1304,0.00011970811662475964
1305,0.0001396594693955529
1306,0.00015296037124274843
1307,0.00015961082216634618
1308,0.00016626127308994398
1309,0.00016626127308994398
1310,0.00016626127308994398
1311,0.00016626127308994398
1312,0.00015961082216634618
1313,0.00015296037124274843
1314,0.0001463099203191507
1315,0.00013300901847195515
1316,0.00011305766570116188
1317,9.310631293036862e-05
1318,7.315496015957535e-05
1319,5.985405831237982e-05
1320,4.0204998765386445e-05
1321,3.446142751318838e-05
1322,2.871785626099032e-05
1323,2.871785626099032e-05
1324,3.446142751318838e-05
1325,5.169214126978257e-05
1326,6.892285502637676e-05
1327,8.615356878297097e-05
1328,0.00010338428253956513
1329,0.00012061499629615934
1330,0.00013210213880055546
1331,0.0001378457100527535
1332,0.00014358928130495162
1333,0.00014358928130495162
1334,0.00014358928130495162
1335,0.00014358928130495162
1336,0.0001378457100527535
1337,0.00013210213880055546
1338,0.00012635856754835743
1339,0.00011487142504396128
1340,9.764071128736708e-05
1341,8.040999753077289e-05
1342,6.317928377417872e-05
1343,5.169214126978257e-05
1344,5.1711034596270076e-05
1345,4.524715527173631e-05
1346,3.878327594720255e-05
1347,3.878327594720255e-05
1348,5.1711034596270076e-05
1349,0.00010342206919254015
1350,0.00014220534513974272
1351,0.0002068441383850803
1352,0.00021330801770961405
1353,0.0001745247417624115
1354,0.0001551331037888102
1355,0.0001292775864906752
1356,0.0001292775864906752
1357,0.0001292775864906752
1358,0.0001292775864906752
1359,0.0001551331037888102
1360,0.00020038025906054656
1361,0.0002197718970341478
1362,0.00019391637973601277
1363,0.00016806086243787775
1364,0.00014220534513974272
1365,0.00011634982784160765
1366,9.049431054347261e-05
1367,7.75665518944051e-05
1368,5.269600668381808e-05
1369,4.6109005848340816e-05
1370,3.9522005012863556e-05
1371,3.9522005012863556e-05
1372,5.269600668381808e-05
1373,0.00010539201336763616
1374,0.00014491401838049973
1375,0.00021078402673527233
1376,0.00021737102757074956
1377,0.000177849022557886
1378,0.00015808802005145423
1379,0.0001317400167095452
1380,0.0001317400167095452
1381,0.0001317400167095452
1382,0.0001317400167095452
1383,0.00015808802005145423
1384,0.00020419702589979507
1385,0.0002239580284062268
1386,0.00019761002506431778
1387,0.00017126202172240877
1388,0.00014491401838049973
1389,0.00011856601503859066
1390,9.221801169668163e-05
1391,7.904401002572711e-05
1392,5.269600668381808e-05
1393,4.6109005848340816e-05
1394,3.9522005012863556e-05
1395,3.9522005012863556e-05
1396,5.269600668381808e-05
1397,0.00010539201336763616
1398,0.00014491401838049973
1399,0.00021078402673527233
1400,0.00021737102757074956
1401,0.000177849022557886
1402,0.00015808802005145423
1403,0.0001317400167095452
1404,0.0001317400167095452
1405,0.0001317400167095452
1406,0.0001317400167095452
1407,0.00015808802005145423
1408,0.00020419702589979507
1409,0.0002239580284062268
1410,0.00019761002506431778
1411,0.00017126202172240877
1412,0.00014491401838049973
1413,0.00011856601503859066
1414,9.221801169668163e-05
1415,7.904401002572711e-05
1416,5.269600668381808e-05
1417,4.6109005848340816e-05
1418,3.9522005012863556e-05
1419,3.9522005012863556e-05
1420,5.269600668381808e-05
1421,0.00010539201336763616
1422,0.00014491401838049973
1423,0.00021078402673527233
1424,0.00021737102757074956
1425,0.000177849022557886
1426,0.00015808802005145423
1427,0.0001317400167095452
1428,0.0001317400167095452
1429,0.0001317400167095452
1430,0.0001317400167095452
1431,0.00015808802005145423
1432,0.00020419702589979507
1433,0.0002239580284062268
1434,0.00019761002506431778
1435,0.00017126202172240877
1436,0.00014491401838049973
1437,0.00011856601503859066
1438,9.221801169668163e-05
1439,7.904401002572711e-05
1440,4.882976110652686e-05
1441,4.272604096821099e-05
1442,3.662232082989514e-05
1443,3.662232082989514e-05
1444,4.882976110652686e-05
1445,9.765952221305372e-05
1446,0.00013428184304294886
1447,0.00019531904442610744
1448,0.00020142276456442326
1449,0.00016480044373452812
1450,0.00014648928331958055
1451,0.0001220744027663171
1452,0.0001220744027663171
1453,0.0001220744027663171
1454,0.0001220744027663171
1455,0.00014648928331958055
1456,0.00018921532428779156
1457,0.00020752648470273908
1458,0.0001831116041494757
1459,0.00015869672359621227
1460,0.00013428184304294886
1461,0.0001098669624896854
1462,8.545208193642198e-05
1463,7.324464165979028e-05
1464,4.481285155059798e-05
1465,3.841101561479826e-05
1466,3.200917967899856e-05
1467,3.200917967899856e-05
1468,3.841101561479826e-05
1469,5.761652342219741e-05
1470,7.682203122959652e-05
1471,9.602753903699568e-05
1472,0.00011523304684439482
1473,0.00013443855465179394
1474,0.00014724222652339334
1475,0.00015364406245919304
1476,0.0001600458983949928
1477,0.0001600458983949928
1478,0.0001600458983949928
1479,0.0001600458983949928
1480,0.00015364406245919304
1481,0.00014724222652339334
1482,0.00014084039058759367
1483,0.00012803671871599424
1484,0.00010883121090859509
1485,8.962570310119595e-05
1486,7.042019529379683e-05
1487,5.761652342219741e-05
1488,3.870200815733462e-05
1489,3.317314984914396e-05
1490,2.76442915409533e-05
1491,2.76442915409533e-05
1492,3.317314984914396e-05
1493,4.975972477371593e-05
1494,6.634629969828792e-05
1495,8.29328746228599e-05
1496,9.951944954743187e-05
1497,0.00011610602447200387
1498,0.00012716374108838517
1499,0.00013269259939657584
1500,0.0001382214577047665
1501,0.0001382214577047665
1502,0.0001382214577047665
1503,0.0001382214577047665
1504,0.00013269259939657584
1505,0.00012716374108838517
1506,0.00012163488278019455
1507,0.0001105771661638132
1508,9.399059123924121e-05
1509,7.740401631466924e-05
1510,6.0817441390097274e-05
1511,4.975972477371593e-05
1512,4.977791180762446e-05
1513,4.35556728316714e-05
1514,3.733343385571834e-05
1515,3.733343385571834e-05
1516,4.977791180762446e-05
1517,9.955582361524892e-05
1518,0.0001368892574709673
1519,0.00019911164723049785
1520,0.0002053338862064509
1521,0.00016800045235073255
1522,0.00014933373542287337
1523,0.00012444477951906115
1524,0.00012444477951906115
1525,0.00012444477951906115
1526,0.00012444477951906115
1527,0.00014933373542287337
1528,0.0001928894082545448
1529,0.00021155612518240394
1530,0.00018666716927859172
1531,0.00016177821337477952
1532,0.0001368892574709673
1533,0.00011200030156715502
1534,8.71113456633428e-05
1535,7.466686771143669e-05
1536,5.072606250872207e-05
1537,4.4385304695131806e-05
1538,3.8044546881541555e-05
1539,3.8044546881541555e-05
1540,5.072606250872207e-05
1541,0.00010145212501744414
1542,0.00013949667189898572
1543,0.00020290425003488828
1544,0.00020924500784847856
1545,0.000171200460966937
1546,0.00015217818752616622
1547,0.0001268151562718052
1548,0.0001268151562718052
1549,0.0001268151562718052
1550,0.0001268151562718052
1551,0.00015217818752616622
1552,0.00019656349222129803
1553,0.00021558576566206878
1554,0.00019022273440770775
1555,0.00016485970315334675
1556,0.00013949667189898572
1557,0.00011413364064462464
1558,8.877060939026361e-05
1559,7.608909376308311e-05
1560,5.072606250872207e-05
1561,4.4385304695131806e-05
1562,3.8044546881541555e-05
1563,3.8044546881541555e-05
1564,5.072606250872207e-05
1565,0.00010145212501744414
1566,0.00013949667189898572
1567,0.00020290425003488828
1568,0.00020924500784847856
1569,0.000171200460966937
1570,0.00015217818752616622
1571,0.0001268151562718052
1572,0.0001268151562718052
1573,0.0001268151562718052
1574,0.0001268151562718052
1575,0.00015217818752616622
1576,0.00019656349222129803
1577,0.00021558576566206878
1578,0.00019022273440770775
1579,0.00016485970315334675
1580,0.00013949667189898572
1581,0.00011413364064462464
1582,8.877060939026361e-05
1583,7.608909376308311e-05
1584,5.072606250872207e-05
1585,4.4385304695131806e-05
1586,3.8044546881541555e-05
1587,3.8044546881541555e-05
1588,5.072606250872207e-05
1589,0.00010145212501744414
1590,0.00013949667189898572
1591,0.00020290425003488828
1592,0.00020924500784847856
1593,0.000171200460966937
1594,0.00015217818752616622
1595,0.0001268151562718052
1596,0.0001268151562718052
1597,0.0001268151562718052
1598,0.0001268151562718052
1599,0.00015217818752616622
1600,0.00019656349222129803
1601,0.00021558576566206878
1602,0.00019022273440770775
1603,0.00016485970315334675
1604,0.00013949667189898572
1605,0.00011413364064462464
1606,8.877060939026361e-05
1607,7.608909376308311e-05
1608,4.882976110652686e-05
1609,4.272604096821099e-05
1610,3.662232082989514e-05
1611,3.662232082989514e-05
1612,4.882976110652686e-05
1613,9.765952221305372e-05
1614,0.00013428184304294886
1615,0.00019531904442610744
1616,0.00020142276456442326
1617,0.00016480044373452812
1618,0.00014648928331958055
1619,0.0001220744027663171
1620,0.0001220744027663171
1621,0.0001220744027663171
1622,0.0001220744027663171
1623,0.00014648928331958055
1624,0.00018921532428779156
1625,0.00020752648470273908
1626,0.0001831116041494757
1627,0.00015869672359621227
1628,0.00013428184304294886
1629,0.0001098669624896854
1630,8.545208193642198e-05
1631,7.324464165979028e-05
1632,4.481285155059798e-05
1633,3.841101561479826e-05
1634,3.200917967899856e-05
1635,3.200917967899856e-05
1636,3.841101561479826e-05
1637,5.761652342219741e-05
1638,7.682203122959652e-05
1639,9.602753903699568e-05
1640,0.00011523304684439482
1641,0.00013443855465179394
1642,0.00014724222652339334
1643,0.00015364406245919304
1644,0.0001600458983949928
1645,0.0001600458983949928
1646,0.0001600458983949928
1647,0.0001600458983949928
1648,0.00015364406245919304
1649,0.00014724222652339334
1650,0.00014084039058759367
1651,0.00012803671871599424
1652,0.00010883121090859509
1653,8.962570310119595e-05
1654,7.042019529379683e-05
1655,5.761652342219741e-05
1656,3.870200815733462e-05
1657,3.317314984914396e-05
1658,2.76442915409533e-05
1659,2.76442915409533e-05
1660,3.317314984914396e-05
1661,4.975972477371593e-05
1662,6.634629969828792e-05
1663,8.29328746228599e-05
1664,9.951944954743187e-05
1665,0.00011610602447200387
1666,0.00012716374108838517
1667,0.00013269259939657584
1668,0.0001382214577047665
1669,0.0001382214577047665
1670,0.0001382214577047665
1671,0.0001382214577047665
1672,0.00013269259939657584
1673,0.00012716374108838517
1674,0.00012163488278019455
1675,0.0001105771661638132
1676,9.399059123924121e-05
1677,7.740401631466924e-05
1678,6.0817441390097274e-05
1679,4.975972477371593e-05
1680,4.977791180762446e-05
1681,4.35556728316714e-05
1682,3.733343385571834e-05
1683,3.733343385571834e-05
1684,4.977791180762446e-05
1685,9.955582361524892e-05
1686,0.0001368892574709673
1687,0.00019911164723049785
1688,0.0002053338862064509
1689,0.00016800045235073255
1690,0.00014933373542287337
1691,0.00012444477951906115
1692,0.00012444477951906115
1693,0.00012444477951906115
1694,0.00012444477951906115
1695,0.00014933373542287337
1696,0.0001928894082545448
1697,0.00021155612518240394
1698,0.00018666716927859172
1699,0.00016177821337477952
1700,0.0001368892574709673
1701,0.00011200030156715502
1702,8.71113456633428e-05
1703,7.466686771143669e-05
1704,5.072606250872207e-05
1705,4.4385304695131806e-05
1706,3.8044546881541555e-05
1707,3.8044546881541555e-05
1708,5.072606250872207e-05
1709,0.00010145212501744414
1710,0.00013949667189898572
1711,0.00020290425003488828
1712,0.00020924500784847856
1713,0.000171200460966937
1714,0.00015217818752616622
1715,0.0001268151562718052
1716,0.0001268151562718052
1717,0.0001268151562718052
1718,0.0001268151562718052
1719,0.00015217818752616622
1720,0.00019656349222129803
1721,0.00021558576566206878
1722,0.00019022273440770775
1723,0.00016485970315334675
1724,0.00013949667189898572
1725,0.00011413364064462464
1726,8.877060939026361e-05
1727,7.608909376308311e-05
1728,5.072606250872207e-05
1729,4.4385304695131806e-05
1730,3.8044546881541555e-05
1731,3.8044546881541555e-05
1732,5.072606250872207e-05
1733,0.00010145212501744414
1734,0.00013949667189898572
1735,0.00020290425003488828
1736,0.00020924500784847856
1737,0.000171200460966937
1738,0.00015217818752616622
1739,0.0001268151562718052
1740,0.0001268151562718052
1741,0.0001268151562718052
1742,0.0001268151562718052
1743,0.00015217818752616622
1744,0.00019656349222129803
1745,0.00021558576566206878
1746,0.00019022273440770775
1747,0.00016485970315334675
1748,0.00013949667189898572
1749,0.00011413364064462464
1750,8.877060939026361e-05
1751,7.608909376308311e-05
1752,5.072606250872207e-05
1753,4.4385304695131806e-05
1754,3.8044546881541555e-05
1755,3.8044546881541555e-05
1756,5.072606250872207e-05
1757,0.00010145212501744414
1758,0.00013949667189898572
1759,0.00020290425003488828
1760,0.00020924500784847856
1761,0.000171200460966937
1762,0.00015217818752616622
1763,0.0001268151562718052
1764,0.0001268151562718052
1765,0.0001268151562718052
1766,0.0001268151562718052
1767,0.00015217818752616622
1768,0.00019656349222129803
1769,0.00021558576566206878
1770,0.00019022273440770775
1771,0.00016485970315334675
1772,0.00013949667189898572
1773,0.00011413364064462464
1774,8.877060939026361e-05
1775,7.608909376308311e-05
1776,4.882976110652686e-05
1777,4.272604096821099e-05
1778,3.662232082989514e-05
1779,3.662232082989514e-05
1780,4.882976110652686e-05
1781,9.765952221305372e-05
1782,0.00013428184304294886
1783,0.00019531904442610744
1784,0.00020142276456442326
1785,0.00016480044373452812
1786,0.00014648928331958055
1787,0.0001220744027663171
1788,0.0001220744027663171
1789,0.0001220744027663171
1790,0.0001220744027663171
1791,0.00014648928331958055
1792,0.00018921532428779156
1793,0.00020752648470273908
1794,0.0001831116041494757
1795,0.00015869672359621227
1796,0.00013428184304294886
1797,0.0001098669624896854
1798,8.545208193642198e-05
1799,7.324464165979028e-05
1800,4.481285155059798e-05
1801,3.841101561479826e-05
1802,3.200917967899856e-05
1803,3.200917967899856e-05
1804,3.841101561479826e-05
1805,5.761652342219741e-05
1806,7.682203122959652e-05
1807,9.602753903699568e-05
1808,0.00011523304684439482
1809,0.00013443855465179394
1810,0.00014724222652339334
1811,0.00015364406245919304
1812,0.0001600458983949928
1813,0.0001600458983949928
1814,0.0001600458983949928
1815,0.0001600458983949928
1816,0.00015364406245919304
1817,0.00014724222652339334
1818,0.00014084039058759367
1819,0.00012803671871599424
1820,0.00010883121090859509
1821,8.962570310119595e-05
1822,7.042019529379683e-05
1823,5.761652342219741e-05
1824,3.870200815733462e-05
1825,3.317314984914396e-05
1826,2.76442915409533e-05
1827,2.76442915409533e-05
1828,3.317314984914396e-05
1829,4.975972477371593e-05
1830,6.634629969828792e-05
1831,8.29328746228599e-05
1832,9.951944954743187e-05
1833,0.00011610602447200387
1834,0.00012716374108838517
1835,0.00013269259939657584
1836,0.0001382214577047665
1837,0.0001382214577047665
1838,0.0001382214577047665
1839,0.0001382214577047665
1840,0.00013269259939657584
1841,0.00012716374108838517
1842,0.00012163488278019455
1843,0.0001105771661638132
1844,9.399059123924121e-05
1845,7.740401631466924e-05
1846,6.0817441390097274e-05
1847,4.975972477371593e-05
1848,4.977791180762446e-05
1849,4.35556728316714e-05
1850,3.733343385571834e-05
1851,3.733343385571834e-05
1852,4.977791180762446e-05
1853,9.955582361524892e-05
1854,0.0001368892574709673
1855,0.00019911164723049785
1856,0.0002053338862064509
1857,0.00016800045235073255
1858,0.00014933373542287337
1859,0.00012444477951906115
1860,0.00012444477951906115
1861,0.00012444477951906115
1862,0.00012444477951906115
1863,0.00014933373542287337
1864,0.0001928894082545448
1865,0.00021155612518240394
1866,0.00018666716927859172
1867,0.00016177821337477952
1868,0.0001368892574709673
1869,0.00011200030156715502
1870,8.71113456633428e-05
1871,7.466686771143669e-05
1872,5.072606250872207e-05
1873,4.4385304695131806e-05
1874,3.8044546881541555e-05
1875,3.8044546881541555e-05
1876,5.072606250872207e-05
1877,0.00010145212501744414
1878,0.00013949667189898572
1879,0.00020290425003488828
1880,0.00020924500784847856
1881,0.000171200460966937
1882,0.00015217818752616622
1883,0.0001268151562718052
1884,0.0001268151562718052
1885,0.0001268151562718052
1886,0.0001268151562718052
1887,0.00015217818752616622
1888,0.00019656349222129803
1889,0.00021558576566206878
1890,0.00019022273440770775
1891,0.00016485970315334675
1892,0.00013949667189898572
1893,0.00011413364064462464
1894,8.877060939026361e-05
1895,7.608909376308311e-05
1896,5.072606250872207e-05
1897,4.4385304695131806e-05
1898,3.8044546881541555e-05
1899,3.8044546881541555e-05
1900,5.072606250872207e-05
1901,0.00010145212501744414
1902,0.00013949667189898572
1903,0.00020290425003488828
1904,0.00020924500784847856
1905,0.000171200460966937
1906,0.00015217818752616622
1907,0.0001268151562718052
1908,0.0001268151562718052
1909,0.0001268151562718052
1910,0.0001268151562718052
1911,0.00015217818752616622
1912,0.00019656349222129803
1913,0.00021558576566206878
1914,0.00019022273440770775
1915,0.00016485970315334675
1916,0.00013949667189898572
1917,0.00011413364064462464
1918,8.877060939026361e-05
1919,7.608909376308311e-05
1920,5.072606250872207e-05
1921,4.4385304695131806e-05
1922,3.8044546881541555e-05
1923,3.8044546881541555e-05
1924,5.072606250872207e-05
1925,0.00010145212501744414
1926,0.00013949667189898572
1927,0.00020290425003488828
1928,0.00020924500784847856
1929,0.000171200460966937
1930,0.00015217818752616622
1931,0.0001268151562718052
1932,0.0001268151562718052
1933,0.0001268151562718052
1934,0.0001268151562718052
1935,0.00015217818752616622
1936,0.00019656349222129803
1937,0.00021558576566206878
1938,0.00019022273440770775
1939,0.00016485970315334675
1940,0.00013949667189898572
1941,0.00011413364064462464
1942,8.877060939026361e-05
1943,7.608909376308311e-05
1944,4.882976110652686e-05
1945,4.272604096821099e-05
1946,3.662232082989514e-05
1947,3.662232082989514e-05
1948,4.882976110652686e-05
1949,9.765952221305372e-05
1950,0.00013428184304294886
1951,0.00019531904442610744
1952,0.00020142276456442326
1953,0.00016480044373452812
1954,0.00014648928331958055
1955,0.0001220744027663171
1956,0.0001220744027663171
1957,0.0001220744027663171
1958,0.0001220744027663171
1959,0.00014648928331958055
1960,0.00018921532428779156
1961,0.00020752648470273908
1962,0.0001831116041494757
1963,0.00015869672359621227
1964,0.00013428184304294886
1965,0.0001098669624896854
1966,8.545208193642198e-05
1967,7.324464165979028e-05
1968,4.481285155059798e-05
1969,3.841101561479826e-05
1970,3.200917967899856e-05
1971,3.200917967899856e-05
1972,3.841101561479826e-05
1973,5.761652342219741e-05
1974,7.682203122959652e-05
1975,9.602753903699568e-05
1976,0.00011523304684439482
1977,0.00013443855465179394
1978,0.00014724222652339334
1979,0.00015364406245919304
1980,0.0001600458983949928
1981,0.0001600458983949928
1982,0.0001600458983949928
1983,0.0001600458983949928
1984,0.00015364406245919304
1985,0.00014724222652339334
1986,0.00014084039058759367
1987,0.00012803671871599424
1988,0.00010883121090859509
1989,8.962570310119595e-05
1990,7.042019529379683e-05
1991,5.761652342219741e-05
1992,3.870200815733462e-05
1993,3.317314984914396e-05
1994,2.76442915409533e-05
1995,2.76442915409533e-05
1996,3.317314984914396e-05
1997,4.975972477371593e-05
1998,6.634629969828792e-05
1999,8.29328746228599e-05
2000,9.951944954743187e-05
2001,0.00011610602447200387
2002,0.00012716374108838517
2003,0.00013269259939657584
2004,0.0001382214577047665
2005,0.0001382214577047665
2006,0.0001382214577047665
2007,0.0001382214577047665
2008,0.00013269259939657584
2009,0.00012716374108838517
2010,0.00012163488278019455
2011,0.0001105771661638132
2012,9.399059123924121e-05
2013,7.740401631466924e-05
2014,6.0817441390097274e-05
2015,4.975972477371593e-05
2016,4.977791180762446e-05
2017,4.35556728316714e-05
2018,3.733343385571834e-05
2019,3.733343385571834e-05
2020,4.977791180762446e-05
2021,9.955582361524892e-05
2022,0.0001368892574709673
2023,0.00019911164723049785
2024,0.0002053338862064509
2025,0.00016800045235073255
2026,0.00014933373542287337
2027,0.00012444477951906115
2028,0.00012444477951906115
2029,0.00012444477951906115
2030,0.00012444477951906115
2031,0.00014933373542287337
2032,0.0001928894082545448
2033,0.00021155612518240394
2034,0.00018666716927859172
2035,0.00016177821337477952
2036,0.0001368892574709673
2037,0.00011200030156715502
2038,8.71113456633428e-05
2039,7.466686771143669e-05
2040,5.072606250872207e-05
2041,4.4385304695131806e-05
2042,3.8044546881541555e-05
2043,3.8044546881541555e-05
2044,5.072606250872207e-05
2045,0.00010145212501744414
2046,0.00013949667189898572
2047,0.00020290425003488828
2048,0.00020924500784847856
2049,0.000171200460966937
2050,0.00015217818752616622
2051,0.0001268151562718052
2052,0.0001268151562718052
2053,0.0001268151562718052
2054,0.0001268151562718052
2055,0.00015217818752616622
2056,0.00019656349222129803
2057,0.00021558576566206878
2058,0.00019022273440770775
2059,0.00016485970315334675
2060,0.00013949667189898572
2061,0.00011413364064462464
2062,8.877060939026361e-05
2063,7.608909376308311e-05
2064,5.072606250872207e-05
2065,4.4385304695131806e-05
2066,3.8044546881541555e-05
2067,3.8044546881541555e-05
2068,5.072606250872207e-05
2069,0.00010145212501744414
2070,0.00013949667189898572
2071,0.00020290425003488828
2072,0.00020924500784847856
2073,0.000171200460966937
2074,0.00015217818752616622
2075,0.0001268151562718052
2076,0.0001268151562718052
2077,0.0001268151562718052
2078,0.0001268151562718052
2079,0.00015217818752616622
2080,0.00019656349222129803
2081,0.00021558576566206878
2082,0.00019022273440770775
2083,0.00016485970315334675
2084,0.00013949667189898572
2085,0.00011413364064462464
2086,8.877060939026361e-05
2087,7.608909376308311e-05
2088,5.072606250872207e-05
2089,4.4385304695131806e-05
2090,3.8044546881541555e-05
2091,3.8044546881541555e-05
2092,5.072606250872207e-05
2093,0.00010145212501744414
2094,0.00013949667189898572
2095,0.00020290425003488828
2096,0.00020924500784847856
2097,0.000171200460966937
2098,0.00015217818752616622
2099,0.0001268151562718052
2100,0.0001268151562718052
2101,0.0001268151562718052
2102,0.0001268151562718052
2103,0.00015217818752616622
2104,0.00019656349222129803
2105,0.00021558576566206878
2106,0.00019022273440770775
2107,0.00016485970315334675
2108,0.00013949667189898572
2109,0.00011413364064462464
2110,8.877060939026361e-05
2111,7.608909376308311e-05
2112,4.882976110652686e-05
2113,4.272604096821099e-05
2114,3.662232082989514e-05
2115,3.662232082989514e-05
2116,4.882976110652686e-05
2117,9.765952221305372e-05
2118,0.00013428184304294886
2119,0.00019531904442610744
2120,0.00020142276456442326
2121,0.00016480044373452812
2122,0.00014648928331958055
2123,0.0001220744027663171
2124,0.0001220744027663171
2125,0.0001220744027663171
2126,0.0001220744027663171
2127,0.00014648928331958055
2128,0.00018921532428779156
2129,0.00020752648470273908
2130,0.0001831116041494757
2131,0.00015869672359621227
2132,0.00013428184304294886
2133,0.0001098669624896854
2134,8.545208193642198e-05
2135,7.324464165979028e-05
2136,4.481285155059798e-05
2137,3.841101561479826e-05
2138,3.200917967899856e-05
2139,3.200917967899856e-05
2140,3.841101561479826e-05
2141,5.761652342219741e-05
2142,7.682203122959652e-05
2143,9.602753903699568e-05
2144,0.00011523304684439482
2145,0.00013443855465179394
2146,0.00014724222652339334
2147,0.00015364406245919304
2148,0.0001600458983949928
2149,0.0001600458983949928
2150,0.0001600458983949928
2151,0.0001600458983949928
2152,0.00015364406245919304
2153,0.00014724222652339334
2154,0.00014084039058759367
2155,0.00012803671871599424
2156,0.00010883121090859509
2157,8.962570310119595e-05
2158,7.042019529379683e-05
2159,5.761652342219741e-05
2160,3.870200815733462e-05
2161,3.317314984914396e-05
2162,2.76442915409533e-05
2163,2.76442915409533e-05
2164,3.317314984914396e-05
2165,4.975972477371593e-05
2166,6.634629969828792e-05
2167,8.29328746228599e-05
2168,9.951944954743187e-05
2169,0.00011610602447200387
2170,0.00012716374108838517
2171,0.00013269259939657584
2172,0.0001382214577047665
2173,0.0001382214577047665
2174,0.0001382214577047665
2175,0.0001382214577047665
2176,0.00013269259939657584
2177,0.00012716374108838517
2178,0.00012163488278019455
2179,0.0001105771661638132
2180,9.399059123924121e-05
2181,7.740401631466924e-05
2182,6.0817441390097274e-05
2183,4.975972477371593e-05
2184,4.736150832181745e-05
2185,4.144131978159026e-05
2186,3.552113124136308e-05
2187,3.552113124136308e-05
2188,4.736150832181745e-05
2189,9.47230166436349e-05
2190,0.00013024414788499798
2191,0.0001894460332872698
2192,0.00019536622182749698
2193,0.0001598450905861339
2194,0.00014208452496545232
2195,0.0001184037708045436
2196,0.0001184037708045436
2197,0.0001184037708045436
2198,0.0001184037708045436
2199,0.00014208452496545232
2200,0.00018352584474704264
2201,0.00020128641036772416
2202,0.00017760565620681543
2203,0.00015392490204590672
2204,0.00013024414788499798
2205,0.00010656339372408924
2206,8.288263956318052e-05
2207,7.104226248272616e-05
2208,4.826363228985207e-05
2209,4.223067825362056e-05
2210,3.619772421738905e-05
2211,3.619772421738905e-05
2212,4.826363228985207e-05
2213,9.652726457970414e-05
2214,0.0001327249887970932
2215,0.00019305452915940828
2216,0.00019908748319563978
2217,0.0001628897589782507
2218,0.0001447908968695562
2219,0.00012065908072463016
2220,0.00012065908072463016
2221,0.00012065908072463016
2222,0.00012065908072463016
2223,0.0001447908968695562
2224,0.00018702157512317675
2225,0.00020512043723187127
2226,0.00018098862108694523
2227,0.0001568568049420192
2228,0.0001327249887970932
2229,0.00010859317265216714
2230,8.446135650724112e-05
2231,7.23954484347781e-05
2232,4.826363228985207e-05
2233,4.223067825362056e-05
2234,3.619772421738905e-05
2235,3.619772421738905e-05
2236,4.826363228985207e-05
2237,9.652726457970414e-05
2238,0.0001327249887970932
2239,0.00019305452915940828
2240,0.00019908748319563978
2241,0.0001628897589782507
2242,0.0001447908968695562
2243,0.00012065908072463016
2244,0.00012065908072463016
2245,0.00012065908072463016
2246,0.00012065908072463016
2247,0.0001447908968695562
2248,0.00018702157512317675
2249,0.00020512043723187127
2250,0.00018098862108694523
2251,0.0001568568049420192
2252,0.0001327249887970932
2253,0.00010859317265216714
2254,8.446135650724112e-05
2255,7.23954484347781e-05
2256,4.826363228985207e-05
2257,4.223067825362056e-05
2258,3.619772421738905e-05
2259,3.619772421738905e-05
2260,4.826363228985207e-05
2261,9.652726457970414e-05
2262,0.0001327249887970932
2263,0.00019305452915940828
2264,0.00019908748319563978
2265,0.0001628897589782507
2266,0.0001447908968695562
2267,0.00012065908072463016
2268,0.00012065908072463016
2269,0.00012065908072463016
2270,0.00012065908072463016
2271,0.0001447908968695562
2272,0.00018702157512317675
2273,0.00020512043723187127
2274,0.00018098862108694523
2275,0.0001568568049420192
2276,0.0001327249887970932
2277,0.00010859317265216714
2278,8.446135650724112e-05
2279,7.23954484347781e-05
2280,4.645938435378283e-05
2281,4.065196130955997e-05
2282,3.4844538265337115e-05
2283,3.4844538265337115e-05
2284,4.645938435378283e-05
2285,9.291876870756565e-05
2286,0.00012776330697290278
2287,0.0001858375374151313
2288,0.00019164496045935418
2289,0.00015680042219401704
2290,0.00013937815306134846
2291,0.00011614846088445708
2292,0.00011614846088445708
2293,0.00011614846088445708
2294,0.00011614846088445708
2295,0.00013937815306134846
2296,0.0001800301143709085
2297,0.00019745238350357702
2298,0.0001742226913266856
2299,0.0001509929991497942
2300,0.00012776330697290278
2301,0.00010453361479601135
2302,8.130392261911994e-05
2303,6.968907653067423e-05
2304,4.263747040736506e-05
2305,3.654640320631291e-05
2306,3.0455336005260757e-05
2307,3.0455336005260757e-05
2308,3.654640320631291e-05
2309,5.4819604809469364e-05
2310,7.309280641262581e-05
2311,9.136600801578228e-05
2312,0.00010963920961893873
2313,0.00012791241122209519
2314,0.00014009454562419947
2315,0.00014618561282525163
2316,0.0001522766800263038
2317,0.0001522766800263038
2318,0.0001522766800263038
2319,0.0001522766800263038
2320,0.00014618561282525163
2321,0.00014009454562419947
2322,0.00013400347842314737
2323,0.00012182134402104303
2324,0.00010354814241788658
2325,8.527494081473011e-05
2326,6.700173921157368e-05
2327,5.4819604809469364e-05
2328,3.6823269897269826e-05
2329,3.1562802769088414e-05
2330,2.6302335640907022e-05
2331,2.6302335640907022e-05
2332,3.1562802769088414e-05
2333,4.734420415363264e-05
2334,6.312560553817683e-05
2335,7.890700692272106e-05
2336,9.468840830726528e-05
2337,0.00011046980969180949
2338,0.00012099074394817228
2339,0.00012625121107635366
2340,0.0001315116782045351
2341,0.0001315116782045351
2342,0.0001315116782045351
2343,0.0001315116782045351
2344,0.00012625121107635366
2345,0.00012099074394817228
2346,0.00011573027681999088
2347,0.00010520934256362809
2348,8.942794117908387e-05
2349,7.364653979453965e-05
2350,5.786513840999544e-05
2351,4.734420415363264e-05
2352,4.736150832181745e-05
2353,4.144131978159026e-05
2354,3.552113124136308e-05
2355,3.552113124136308e-05
2356,4.736150832181745e-05
2357,9.47230166436349e-05
2358,0.00013024414788499798
2359,0.0001894460332872698
2360,0.00019536622182749698
2361,0.0001598450905861339
2362,0.00014208452496545232
2363,0.0001184037708045436
2364,0.0001184037708045436
2365,0.0001184037708045436
2366,0.0001184037708045436
2367,0.00014208452496545232
2368,0.00018352584474704264
2369,0.00020128641036772416
2370,0.00017760565620681543
2371,0.00015392490204590672
2372,0.00013024414788499798
2373,0.00010656339372408924
2374,8.288263956318052e-05
2375,7.104226248272616e-05
2376,4.826363228985207e-05
2377,4.223067825362056e-05
2378,3.619772421738905e-05
2379,3.619772421738905e-05
2380,4.826363228985207e-05
2381,9.652726457970414e-05
2382,0.0001327249887970932
2383,0.00019305452915940828
2384,0.00019908748319563978
2385,0.0001628897589782507
2386,0.0001447908968695562
2387,0.00012065908072463016
2388,0.00012065908072463016
2389,0.00012065908072463016
2390,0.00012065908072463016
2391,0.0001447908968695562
2392,0.00018702157512317675
2393,0.00020512043723187127
2394,0.00018098862108694523
2395,0.0001568568049420192
2396,0.0001327249887970932
2397,0.00010859317265216714
2398,8.446135650724112e-05
2399,7.23954484347781e-05
2400,4.826363228985207e-05
2401,4.223067825362056e-05
2402,3.619772421738905e-05
2403,3.619772421738905e-05
2404,4.826363228985207e-05
2405,9.652726457970414e-05
2406,0.0001327249887970932
2407,0.00019305452915940828
2408,0.00019908748319563978
2409,0.0001628897589782507
2410,0.0001447908968695562
2411,0.00012065908072463016
2412,0.00012065908072463016
2413,0.00012065908072463016
2414,0.00012065908072463016
2415,0.0001447908968695562
2416,0.00018702157512317675
2417,0.00020512043723187127
2418,0.00018098862108694523
2419,0.0001568568049420192
2420,0.0001327249887970932
2421,0.00010859317265216714
2422,8.446135650724112e-05
2423,7.23954484347781e-05
2424,4.826363228985207e-05
2425,4.223067825362056e-05
2426,3.619772421738905e-05
2427,3.619772421738905e-05
2428,4.826363228985207e-05
2429,9.652726457970414e-05
2430,0.0001327249887970932
2431,0.00019305452915940828
2432,0.00019908748319563978
2433,0.0001628897589782507
2434,0.0001447908968695562
2435,0.00012065908072463016
2436,0.00012065908072463016
2437,0.00012065908072463016
2438,0.00012065908072463016
2439,0.0001447908968695562
2440,0.00018702157512317675
2441,0.00020512043723187127
2442,0.00018098862108694523
2443,0.0001568568049420192
2444,0.0001327249887970932
2445,0.00010859317265216714
2446,8.446135650724112e-05
2447,7.23954484347781e-05
2448,4.645938435378283e-05
2449,4.065196130955997e-05
2450,3.4844538265337115e-05
2451,3.4844538265337115e-05
2452,4.645938435378283e-05
2453,9.291876870756565e-05
2454,0.00012776330697290278
2455,0.0001858375374151313
2456,0.00019164496045935418
2457,0.00015680042219401704
2458,0.00013937815306134846
2459,0.00011614846088445708
2460,0.00011614846088445708
2461,0.00011614846088445708
2462,0.00011614846088445708
2463,0.00013937815306134846
2464,0.0001800301143709085
2465,0.00019745238350357702
2466,0.0001742226913266856
2467,0.0001509929991497942
2468,0.00012776330697290278
2469,0.00010453361479601135
2470,8.130392261911994e-05
2471,6.968907653067423e-05
2472,4.263747040736506e-05
2473,3.654640320631291e-05
2474,3.0455336005260757e-05
2475,3.0455336005260757e-05
2476,3.654640320631291e-05
2477,5.4819604809469364e-05
2478,7.309280641262581e-05
2479,9.136600801578228e-05
2480,0.00010963920961893873
2481,0.00012791241122209519
2482,0.00014009454562419947
2483,0.00014618561282525163
2484,0.0001522766800263038
2485,0.0001522766800263038
2486,0.0001522766800263038
2487,0.0001522766800263038
2488,0.00014618561282525163
2489,0.00014009454562419947
2490,0.00013400347842314737
2491,0.00012182134402104303
2492,0.00010354814241788658
2493,8.527494081473011e-05
2494,6.700173921157368e-05
2495,5.4819604809469364e-05
2496,3.6823269897269826e-05
2497,3.1562802769088414e-05
2498,2.6302335640907022e-05
2499,2.6302335640907022e-05
2500,3.1562802769088414e-05
2501,4.734420415363264e-05
2502,6.312560553817683e-05
2503,7.890700692272106e-05
2504,9.468840830726528e-05
2505,0.00011046980969180949
2506,0.00012099074394817228
2507,0.00012625121107635366
2508,0.0001315116782045351
2509,0.0001315116782045351
2510,0.0001315116782045351
2511,0.0001315116782045351
2512,0.00012625121107635366
2513,0.00012099074394817228
2514,0.00011573027681999088
2515,0.00010520934256362809
2516,8.942794117908387e-05
2517,7.364653979453965e-05
2518,5.786513840999544e-05
2519,4.734420415363264e-05
2520,4.736150832181745e-05
2521,4.144131978159026e-05
2522,3.552113124136308e-05
2523,3.552113124136308e-05
2524,4.736150832181745e-05
2525,9.47230166436349e-05
2526,0.00013024414788499798
2527,0.0001894460332872698
2528,0.00019536622182749698
2529,0.0001598450905861339
2530,0.00014208452496545232
2531,0.0001184037708045436
2532,0.0001184037708045436
2533,0.0001184037708045436
2534,0.0001184037708045436
2535,0.00014208452496545232
2536,0.00018352584474704264
2537,0.00020128641036772416
2538,0.00017760565620681543
2539,0.00015392490204590672
2540,0.00013024414788499798
2541,0.00010656339372408924
2542,8.288263956318052e-05
2543,7.104226248272616e-05
2544,4.826363228985207e-05
2545,4.223067825362056e-05
2546,3.619772421738905e-05
2547,3.619772421738905e-05
2548,4.826363228985207e-05
2549,9.652726457970414e-05
2550,0.0001327249887970932
2551,0.00019305452915940828
2552,0.00019908748319563978
2553,0.0001628897589782507
2554,0.0001447908968695562
2555,0.00012065908072463016
2556,0.00012065908072463016
2557,0.00012065908072463016
2558,0.00012065908072463016
2559,0.0001447908968695562
2560,0.00018702157512317675
2561,0.00020512043723187127
2562,0.00018098862108694523
2563,0.0001568568049420192
2564,0.0001327249887970932
2565,0.00010859317265216714
2566,8.446135650724112e-05
2567,7.23954484347781e-05
2568,4.826363228985207e-05
2569,4.223067825362056e-05
2570,3.619772421738905e-05
2571,3.619772421738905e-05
2572,4.826363228985207e-05
2573,9.652726457970414e-05
2574,0.0001327249887970932
2575,0.00019305452915940828
2576,0.00019908748319563978
2577,0.0001628897589782507
2578,0.0001447908968695562
2579,0.00012065908072463016
2580,0.00012065908072463016
2581,0.00012065908072463016
2582,0.00012065908072463016
2583,0.0001447908968695562
2584,0.00018702157512317675
2585,0.00020512043723187127
2586,0.00018098862108694523
2587,0.0001568568049420192
2588,0.0001327249887970932
2589,0.00010859317265216714
2590,8.446135650724112e-05
2591,7.23954484347781e-05
2592,4.826363228985207e-05
2593,4.223067825362056e-05
2594,3.619772421738905e-05
2595,3.619772421738905e-05
2596,4.826363228985207e-05
2597,9.652726457970414e-05
2598,0.0001327249887970932
2599,0.00019305452915940828
2600,0.00019908748319563978
2601,0.0001628897589782507
2602,0.0001447908968695562
2603,0.00012065908072463016
2604,0.00012065908072463016
2605,0.00012065908072463016
2606,0.00012065908072463016
2607,0.0001447908968695562
2608,0.00018702157512317675
2609,0.00020512043723187127
2610,0.00018098862108694523
2611,0.0001568568049420192
2612,0.0001327249887970932
2613,0.00010859317265216714
2614,8.446135650724112e-05
2615,7.23954484347781e-05
2616,4.645938435378283e-05
2617,4.065196130955997e-05
2618,3.4844538265337115e-05
2619,3.4844538265337115e-05
2620,4.645938435378283e-05
2621,9.291876870756565e-05
2622,0.00012776330697290278
2623,0.0001858375374151313
2624,0.00019164496045935418
2625,0.00015680042219401704
2626,0.00013937815306134846
2627,0.00011614846088445708
2628,0.00011614846088445708
2629,0.00011614846088445708
2630,0.00011614846088445708
2631,0.00013937815306134846
2632,0.0001800301143709085
2633,0.00019745238350357702
2634,0.0001742226913266856
2635,0.0001509929991497942
2636,0.00012776330697290278
2637,0.00010453361479601135
2638,8.130392261911994e-05
2639,6.968907653067423e-05
2640,4.263747040736506e-05
2641,3.654640320631291e-05
2642,3.0455336005260757e-05
2643,3.0455336005260757e-05
2644,3.654640320631291e-05
2645,5.4819604809469364e-05
2646,7.309280641262581e-05
2647,9.136600801578228e-05
2648,0.00010963920961893873
2649,0.00012791241122209519
2650,0.00014009454562419947
2651,0.00014618561282525163
2652,0.0001522766800263038
2653,0.0001522766800263038
2654,0.0001522766800263038
2655,0.0001522766800263038
2656,0.00014618561282525163
2657,0.00014009454562419947
2658,0.00013400347842314737
2659,0.00012182134402104303
2660,0.00010354814241788658
2661,8.527494081473011e-05
2662,6.700173921157368e-05
2663,5.4819604809469364e-05
2664,3.6823269897269826e-05
2665,3.1562802769088414e-05
2666,2.6302335640907022e-05
2667,2.6302335640907022e-05
2668,3.1562802769088414e-05
2669,4.734420415363264e-05
2670,6.312560553817683e-05
2671,7.890700692272106e-05
2672,9.468840830726528e-05
2673,0.00011046980969180949
2674,0.00012099074394817228
2675,0.00012625121107635366
2676,0.0001315116782045351
2677,0.0001315116782045351
2678,0.0001315116782045351
2679,0.0001315116782045351
2680,0.00012625121107635366
2681,0.00012099074394817228
2682,0.00011573027681999088
2683,0.00010520934256362809
2684,8.942794117908387e-05
2685,7.364653979453965e-05
2686,5.786513840999544e-05
2687,4.734420415363264e-05
2688,4.736150832181745e-05
2689,4.144131978159026e-05
2690,3.552113124136308e-05
2691,3.552113124136308e-05
2692,4.736150832181745e-05
2693,9.47230166436349e-05
2694,0.00013024414788499798
2695,0.0001894460332872698
2696,0.00019536622182749698
2697,0.0001598450905861339
2698,0.00014208452496545232
2699,0.0001184037708045436
2700,0.0001184037708045436
2701,0.0001184037708045436
2702,0.0001184037708045436
2703,0.00014208452496545232
2704,0.00018352584474704264
2705,0.00020128641036772416
2706,0.00017760565620681543
2707,0.00015392490204590672
2708,0.00013024414788499798
2709,0.00010656339372408924
2710,8.288263956318052e-05
2711,7.104226248272616e-05
2712,4.826363228985207e-05
2713,4.223067825362056e-05
2714,3.619772421738905e-05
2715,3.619772421738905e-05
2716,4.826363228985207e-05
2717,9.652726457970414e-05
2718,0.0001327249887970932
2719,0.00019305452915940828
2720,0.00019908748319563978
2721,0.0001628897589782507
2722,0.0001447908968695562
2723,0.00012065908072463016
2724,0.00012065908072463016
2725,0.00012065908072463016
2726,0.00012065908072463016
2727,0.0001447908968695562
2728,0.00018702157512317675
2729,0.00020512043723187127
2730,0.00018098862108694523
2731,0.0001568568049420192
2732,0.0001327249887970932
2733,0.00010859317265216714
2734,8.446135650724112e-05
2735,7.23954484347781e-05
2736,4.826363228985207e-05
2737,4.223067825362056e-05
2738,3.619772421738905e-05
2739,3.619772421738905e-05
2740,4.826363228985207e-05
2741,9.652726457970414e-05
2742,0.0001327249887970932
2743,0.00019305452915940828
2744,0.00019908748319563978
2745,0.0001628897589782507
2746,0.0001447908968695562
2747,0.00012065908072463016
2748,0.00012065908072463016
2749,0.00012065908072463016
2750,0.00012065908072463016
2751,0.0001447908968695562
2752,0.00018702157512317675
2753,0.00020512043723187127
2754,0.00018098862108694523
2755,0.0001568568049420192
2756,0.0001327249887970932
2757,0.00010859317265216714
2758,8.446135650724112e-05
2759,7.23954484347781e-05
2760,4.826363228985207e-05
2761,4.223067825362056e-05
2762,3.619772421738905e-05
2763,3.619772421738905e-05
2764,4.826363228985207e-05
2765,9.652726457970414e-05
2766,0.0001327249887970932
2767,0.00019305452915940828
2768,0.00019908748319563978
2769,0.0001628897589782507
2770,0.0001447908968695562
2771,0.00012065908072463016
2772,0.00012065908072463016
2773,0.00012065908072463016
2774,0.00012065908072463016
2775,0.0001447908968695562
2776,0.00018702157512317675
2777,0.00020512043723187127
2778,0.00018098862108694523
2779,0.0001568568049420192
2780,0.0001327249887970932
2781,0.00010859317265216714
2782,8.446135650724112e-05
2783,7.23954484347781e-05
2784,4.645938435378283e-05
2785,4.065196130955997e-05
2786,3.4844538265337115e-05
2787,3.4844538265337115e-05
2788,4.645938435378283e-05
2789,9.291876870756565e-05
2790,0.00012776330697290278
2791,0.0001858375374151313
2792,0.00019164496045935418
2793,0.00015680042219401704
2794,0.00013937815306134846
2795,0.00011614846088445708
2796,0.00011614846088445708
2797,0.00011614846088445708
2798,0.00011614846088445708
2799,0.00013937815306134846
2800,0.0001800301143709085
2801,0.00019745238350357702
2802,0.0001742226913266856
2803,0.0001509929991497942
2804,0.00012776330697290278
2805,0.00010453361479601135
2806,8.130392261911994e-05
2807,6.968907653067423e-05
2808,4.263747040736506e-05
2809,3.654640320631291e-05
2810,3.0455336005260757e-05
2811,3.0455336005260757e-05
2812,3.654640320631291e-05
2813,5.4819604809469364e-05
2814,7.309280641262581e-05
2815,9.136600801578228e-05
2816,0.00010963920961893873
2817,0.00012791241122209519
2818,0.00014009454562419947
2819,0.00014618561282525163
2820,0.0001522766800263038
2821,0.0001522766800263038
2822,0.0001522766800263038
2823,0.0001522766800263038
2824,0.00014618561282525163
2825,0.00014009454562419947
2826,0.00013400347842314737
2827,0.00012182134402104303
2828,0.00010354814241788658
2829,8.527494081473011e-05
2830,6.700173921157368e-05
2831,5.4819604809469364e-05
2832,3.6823269897269826e-05
2833,3.1562802769088414e-05
2834,2.6302335640907022e-05
2835,2.6302335640907022e-05
2836,3.1562802769088414e-05
2837,4.734420415363264e-05
2838,6.312560553817683e-05
2839,7.890700692272106e-05
2840,9.468840830726528e-05
2841,0.00011046980969180949
2842,0.00012099074394817228
2843,0.00012625121107635366
2844,0.0001315116782045351
2845,0.0001315116782045351
2846,0.0001315116782045351
2847,0.0001315116782045351
2848,0.00012625121107635366
2849,0.00012099074394817228
2850,0.00011573027681999088
2851,0.00010520934256362809
2852,8.942794117908387e-05
2853,7.364653979453965e-05
2854,5.786513840999544e-05
2855,4.734420415363264e-05
2856,4.736150832181745e-05
2857,4.144131978159026e-05
2858,3.552113124136308e-05
2859,3.552113124136308e-05
2860,4.736150832181745e-05
2861,9.47230166436349e-05
2862,0.00013024414788499798
2863,0.0001894460332872698
2864,0.00019536622182749698
2865,0.0001598450905861339
2866,0.00014208452496545232
2867,0.0001184037708045436
2868,0.0001184037708045436
2869,0.0001184037708045436
2870,0.0001184037708045436
2871,0.00014208452496545232
2872,0.00018352584474704264
2873,0.00020128641036772416
2874,0.00017760565620681543
2875,0.00015392490204590672
2876,0.00013024414788499798
2877,0.00010656339372408924
2878,8.288263956318052e-05
2879,7.104226248272616e-05
2880,4.826363228985207e-05
2881,4.223067825362056e-05
2882,3.619772421738905e-05
2883,3.619772421738905e-05
2884,4.826363228985207e-05
2885,9.652726457970414e-05
2886,0.0001327249887970932
2887,0.00019305452915940828
2888,0.00019908748319563978
2889,0.0001628897589782507
2890,0.0001447908968695562
2891,0.00012065908072463016
2892,0.00012065908072463016
2893,0.00012065908072463016
2894,0.00012065908072463016
2895,0.0001447908968695562
2896,0.00018702157512317675
2897,0.00020512043723187127
2898,0.00018098862108694523
2899,0.0001568568049420192
2900,0.0001327249887970932
2901,0.00010859317265216714
2902,8.446135650724112e-05
2903,7.23954484347781e-05
2904,4.678617415853006e-05
2905,4.0937902388713806e-05
2906,3.5089630618897544e-05
2907,3.5089630618897544e-05
2908,4.678617415853006e-05
2909,9.357234831706012e-05
2910,0.00012866197893595765
2911,0.00018714469663412024
2912,0.0001929929684039365
2913,0.00015790333778503896
2914,0.00014035852247559018
2915,0.00011696543539632514
2916,0.00011696543539632514
2917,0.00011696543539632514
2918,0.00011696543539632514
2919,0.00014035852247559018
2920,0.000181296424864304
2921,0.00019884124017375277
2922,0.00017544815309448772
2923,0.0001520550660152227
2924,0.00012866197893595765
2925,0.00010526889185669263
2926,8.187580477742761e-05
2927,7.017926123779509e-05
2928,4.678617415853006e-05
2929,4.0937902388713806e-05
2930,3.5089630618897544e-05
2931,3.5089630618897544e-05
2932,4.678617415853006e-05
2933,9.357234831706012e-05
2934,0.00012866197893595765
2935,0.00018714469663412024
2936,0.0001929929684039365
2937,0.00015790333778503896
2938,0.00014035852247559018
2939,0.00011696543539632514
2940,0.00011696543539632514
2941,0.00011696543539632514
2942,0.00011696543539632514
2943,0.00014035852247559018
2944,0.000181296424864304
2945,0.00019884124017375277
2946,0.00017544815309448772
2947,0.0001520550660152227
2948,0.00012866197893595765
2949,0.00010526889185669263
2950,8.187580477742761e-05
2951,7.017926123779509e-05
2952,4.503715830213642e-05
2953,3.940751351436936e-05
2954,3.377786872660231e-05
2955,3.377786872660231e-05
2956,4.503715830213642e-05
2957,9.007431660427283e-05
2958,0.00012385218533087514
2959,0.00018014863320854567
2960,0.0001857782779963127
2961,0.0001520004092697104
2962,0.00013511147490640924
2963,0.00011259289575534103
2964,0.00011259289575534103
2965,0.00011259289575534103
2966,0.00011259289575534103
2967,0.00013511147490640924
2968,0.00017451898842077863
2969,0.00019140792278407977
2970,0.00016888934363301153
2971,0.00014637076448194332
2972,0.00012385218533087514
2973,0.00010133360617980693
2974,7.881502702873871e-05
2975,6.755573745320462e-05
2976,4.1332241721425316e-05
2977,3.5427635761221695e-05
2978,2.952302980101809e-05
2979,2.952302980101809e-05
2980,3.5427635761221695e-05
2981,5.3141453641832545e-05
2982,7.085527152244339e-05
2983,8.856908940305427e-05
2984,0.00010628290728366509
2985,0.00012399672516427595
2986,0.0001358059370846832
2987,0.00014171054304488678
2988,0.00014761514900509044
2989,0.00014761514900509044
2990,0.00014761514900509044
2991,0.00014761514900509044
2992,0.00014171054304488678
2993,0.0001358059370846832
2994,0.0001299013311244796
2995,0.00011809211920407236
2996,0.00010037830132346148
2997,8.266448344285063e-05
2998,6.49506655622398e-05
2999,5.3141453641832545e-05
3000,3.569602694123095e-05
3001,3.0596594521055104e-05
3002,2.549716210087926e-05
3003,2.549716210087926e-05
3004,3.0596594521055104e-05
3005,4.5894891781582646e-05
3006,6.119318904211021e-05
3007,7.649148630263778e-05
3008,9.178978356316529e-05
3009,0.00010708808082369287
3010,0.00011728694566404455
3011,0.00012238637808422042
3012,0.00012748581050439628
3013,0.00012748581050439628
3014,0.00012748581050439628
3015,0.00012748581050439628
3016,0.00012238637808422042
3017,0.00011728694566404455
3018,0.00011218751324386874
3019,0.00010198864840351704
3020,8.669035114298947e-05
3021,7.13920538824619e-05
3022,5.609375662193437e-05
3023,4.5894891781582646e-05
3024,4.591166623033324e-05
3025,4.017270795154158e-05
3026,3.4433749672749924e-05
3027,3.4433749672749924e-05
3028,4.591166623033324e-05
3029,9.182333246066648e-05
3030,0.00012625708213341642
3031,0.00018364666492133296
3032,0.0001893856232001246
3033,0.00015495187352737466
3034,0.0001377349986909997
3035,0.00011477916557583308
3036,0.00011477916557583308
3037,0.00011477916557583308
3038,0.00011477916557583308
3039,0.0001377349986909997
3040,0.00017790770664254132
3041,0.00019512458147891626
3042,0.00017216874836374963
3043,0.000149212915248583
3044,0.00012625708213341642
3045,0.00010330124901824978
3046,8.034541590308316e-05
3047,6.886749934549985e-05
3048,4.678617415853006e-05
3049,4.0937902388713806e-05
3050,3.5089630618897544e-05
3051,3.5089630618897544e-05
3052,4.678617415853006e-05
3053,9.357234831706012e-05
3054,0.00012866197893595765
3055,0.00018714469663412024
3056,0.0001929929684039365
3057,0.00015790333778503896
3058,0.00014035852247559018
3059,0.00011696543539632514
3060,0.00011696543539632514
3061,0.00011696543539632514
3062,0.00011696543539632514
3063,0.00014035852247559018
3064,0.000181296424864304
3065,0.00019884124017375277
3066,0.00017544815309448772
3067,0.0001520550660152227
3068,0.00012866197893595765
3069,0.00010526889185669263
3070,8.187580477742761e-05
3071,7.017926123779509e-05
3072,4.678617415853006e-05
3073,4.0937902388713806e-05
3074,3.5089630618897544e-05
3075,3.5089630618897544e-05
3076,4.678617415853006e-05
3077,9.357234831706012e-05
3078,0.00012866197893595765
3079,0.00018714469663412024
3080,0.0001929929684039365
3081,0.00015790333778503896
3082,0.00014035852247559018
3083,0.00011696543539632514
3084,0.00011696543539632514
3085,0.00011696543539632514
3086,0.00011696543539632514
3087,0.00014035852247559018
3088,0.000181296424864304
3089,0.00019884124017375277
3090,0.00017544815309448772
3091,0.0001520550660152227
3092,0.00012866197893595765
3093,0.00010526889185669263
3094,8.187580477742761e-05
3095,7.017926123779509e-05
3096,4.678617415853006e-05
3097,4.0937902388713806e-05
3098,3.5089630618897544e-05
3099,3.5089630618897544e-05
3100,4.678617415853006e-05
3101,9.357234831706012e-05
3102,0.00012866197893595765
3103,0.00018714469663412024
3104,0.0001929929684039365
3105,0.00015790333778503896
3106,0.00014035852247559018
3107,0.00011696543539632514
3108,0.00011696543539632514
3109,0.00011696543539632514
3110,0.00011696543539632514
3111,0.00014035852247559018
3112,0.000181296424864304
3113,0.00019884124017375277
3114,0.00017544815309448772
3115,0.0001520550660152227
3116,0.00012866197893595765
3117,0.00010526889185669263
3118,8.187580477742761e-05
3119,7.017926123779509e-05
3120,4.503715830213642e-05
3121,3.940751351436936e-05
3122,3.377786872660231e-05
3123,3.377786872660231e-05
3124,4.503715830213642e-05
3125,9.007431660427283e-05
3126,0.00012385218533087514
3127,0.00018014863320854567
3128,0.0001857782779963127
3129,0.0001520004092697104
3130,0.00013511147490640924
3131,0.00011259289575534103
3132,0.00011259289575534103
3133,0.00011259289575534103
3134,0.00011259289575534103
3135,0.00013511147490640924
3136,0.00017451898842077863
3137,0.00019140792278407977
3138,0.00016888934363301153
3139,0.00014637076448194332
3140,0.00012385218533087514
3141,0.00010133360617980693
3142,7.881502702873871e-05
3143,6.755573745320462e-05
3144,4.1332241721425316e-05
3145,3.5427635761221695e-05
3146,2.952302980101809e-05
3147,2.952302980101809e-05
3148,3.5427635761221695e-05
3149,5.3141453641832545e-05
3150,7.085527152244339e-05
3151,8.856908940305427e-05
3152,0.00010628290728366509
3153,0.00012399672516427595
3154,0.0001358059370846832
3155,0.00014171054304488678
3156,0.00014761514900509044
3157,0.00014761514900509044
3158,0.00014761514900509044
3159,0.00014761514900509044
3160,0.00014171054304488678
3161,0.0001358059370846832
3162,0.0001299013311244796
3163,0.00011809211920407236
3164,0.00010037830132346148
3165,8.266448344285063e-05
3166,6.49506655622398e-05
3167,5.3141453641832545e-05
3168,3.569602694123095e-05
3169,3.0596594521055104e-05
3170,2.549716210087926e-05
3171,2.549716210087926e-05
3172,3.0596594521055104e-05
3173,4.5894891781582646e-05
3174,6.119318904211021e-05
3175,7.649148630263778e-05
3176,9.178978356316529e-05
3177,0.00010708808082369287
3178,0.00011728694566404455
3179,0.00012238637808422042
3180,0.00012748581050439628
3181,0.00012748581050439628
3182,0.00012748581050439628
3183,0.00012748581050439628
3184,0.00012238637808422042
3185,0.00011728694566404455
3186,0.00011218751324386874
3187,0.00010198864840351704
3188,8.669035114298947e-05
3189,7.13920538824619e-05
3190,5.609375662193437e-05
3191,4.5894891781582646e-05
3192,4.591166623033324e-05
3193,4.017270795154158e-05
3194,3.4433749672749924e-05
3195,3.4433749672749924e-05
3196,4.591166623033324e-05
3197,9.182333246066648e-05
3198,0.00012625708213341642
3199,0.00018364666492133296
3200,0.0001893856232001246
3201,0.00015495187352737466
3202,0.0001377349986909997
3203,0.00011477916557583308
3204,0.00011477916557583308
3205,0.00011477916557583308
3206,0.00011477916557583308
3207,0.0001377349986909997
3208,0.00017790770664254132
3209,0.00019512458147891626
3210,0.00017216874836374963
3211,0.000149212915248583
3212,0.00012625708213341642
3213,0.00010330124901824978
3214,8.034541590308316e-05
3215,6.886749934549985e-05
3216,4.678617415853006e-05
3217,4.0937902388713806e-05
3218,3.5089630618897544e-05
3219,3.5089630618897544e-05
3220,4.678617415853006e-05
3221,9.357234831706012e-05
3222,0.00012866197893595765
3223,0.00018714469663412024
3224,0.0001929929684039365
3225,0.00015790333778503896
3226,0.00014035852247559018
3227,0.00011696543539632514
3228,0.00011696543539632514
3229,0.00011696543539632514
3230,0.00011696543539632514
3231,0.00014035852247559018
3232,0.000181296424864304
3233,0.00019884124017375277
3234,0.00017544815309448772
3235,0.0001520550660152227
3236,0.00012866197893595765
3237,0.00010526889185669263
3238,8.187580477742761e-05
3239,7.017926123779509e-05
3240,4.678617415853006e-05
3241,4.0937902388713806e-05
3242,3.5089630618897544e-05
3243,3.5089630618897544e-05
3244,4.678617415853006e-05
3245,9.357234831706012e-05
3246,0.00012866197893595765
3247,0.00018714469663412024
3248,0.0001929929684039365
3249,0.00015790333778503896
3250,0.00014035852247559018
3251,0.00011696543539632514
3252,0.00011696543539632514
3253,0.00011696543539632514
3254,0.00011696543539632514
3255,0.00014035852247559018
3256,0.000181296424864304
3257,0.00019884124017375277
3258,0.00017544815309448772
3259,0.0001520550660152227
3260,0.00012866197893595765
3261,0.00010526889185669263
3262,8.187580477742761e-05
3263,7.017926123779509e-05
3264,4.678617415853006e-05
3265,4.0937902388713806e-05
3266,3.5089630618897544e-05
3267,3.5089630618897544e-05
3268,4.678617415853006e-05
3269,9.357234831706012e-05
3270,0.00012866197893595765
3271,0.00018714469663412024
3272,0.0001929929684039365
3273,0.00015790333778503896
3274,0.00014035852247559018
3275,0.00011696543539632514
3276,0.00011696543539632514
3277,0.00011696543539632514
3278,0.00011696543539632514
3279,0.00014035852247559018
3280,0.000181296424864304
3281,0.00019884124017375277
3282,0.00017544815309448772
3283,0.0001520550660152227
3284,0.00012866197893595765
3285,0.00010526889185669263
3286,8.187580477742761e-05
3287,7.017926123779509e-05
3288,4.503715830213642e-05
3289,3.940751351436936e-05
3290,3.377786872660231e-05
3291,3.377786872660231e-05
3292,4.503715830213642e-05
3293,9.007431660427283e-05
3294,0.00012385218533087514
3295,0.00018014863320854567
3296,0.0001857782779963127
3297,0.0001520004092697104
3298,0.00013511147490640924
3299,0.00011259289575534103
3300,0.00011259289575534103
3301,0.00011259289575534103
3302,0.00011259289575534103
3303,0.00013511147490640924
3304,0.00017451898842077863
3305,0.00019140792278407977
3306,0.00016888934363301153
3307,0.00014637076448194332
3308,0.00012385218533087514
3309,0.00010133360617980693
3310,7.881502702873871e-05
3311,6.755573745320462e-05
3312,4.1332241721425316e-05
3313,3.5427635761221695e-05
3314,2.952302980101809e-05
3315,2.952302980101809e-05
3316,3.5427635761221695e-05
3317,5.3141453641832545e-05
3318,7.085527152244339e-05
3319,8.856908940305427e-05
3320,0.00010628290728366509
3321,0.00012399672516427595
3322,0.0001358059370846832
3323,0.00014171054304488678
3324,0.00014761514900509044
3325,0.00014761514900509044
3326,0.00014761514900509044
3327,0.00014761514900509044
3328,0.00014171054304488678
3329,0.0001358059370846832
3330,0.0001299013311244796
3331,0.00011809211920407236
3332,0.00010037830132346148
3333,8.266448344285063e-05
3334,6.49506655622398e-05
3335,5.3141453641832545e-05
3336,3.569602694123095e-05
3337,3.0596594521055104e-05
3338,2.549716210087926e-05
3339,2.549716210087926e-05
3340,3.0596594521055104e-05
3341,4.5894891781582646e-05
3342,6.119318904211021e-05
3343,7.649148630263778e-05
3344,9.178978356316529e-05
3345,0.00010708808082369287
3346,0.00011728694566404455
3347,0.00012238637808422042
3348,0.00012748581050439628
3349,0.00012748581050439628
3350,0.00012748581050439628
3351,0.00012748581050439628
3352,0.00012238637808422042
3353,0.00011728694566404455
3354,0.00011218751324386874
3355,0.00010198864840351704
3356,8.669035114298947e-05
3357,7.13920538824619e-05
3358,5.609375662193437e-05
3359,4.5894891781582646e-05
3360,4.591166623033324e-05
3361,4.017270795154158e-05
3362,3.4433749672749924e-05
3363,3.4433749672749924e-05
3364,4.591166623033324e-05
3365,9.182333246066648e-05
3366,0.00012625708213341642
3367,0.00018364666492133296
3368,0.0001893856232001246
3369,0.00015495187352737466
3370,0.0001377349986909997
3371,0.00011477916557583308
3372,0.00011477916557583308
3373,0.00011477916557583308
3374,0.00011477916557583308
3375,0.0001377349986909997
3376,0.00017790770664254132
3377,0.00019512458147891626
3378,0.00017216874836374963
3379,0.000149212915248583
3380,0.00012625708213341642
3381,0.00010330124901824978
3382,8.034541590308316e-05
3383,6.886749934549985e-05
3384,4.678617415853006e-05
3385,4.0937902388713806e-05
3386,3.5089630618897544e-05
3387,3.5089630618897544e-05
3388,4.678617415853006e-05
3389,9.357234831706012e-05
3390,0.00012866197893595765
3391,0.00018714469663412024
3392,0.0001929929684039365
3393,0.00015790333778503896
3394,0.00014035852247559018
3395,0.00011696543539632514
3396,0.00011696543539632514
3397,0.00011696543539632514
3398,0.00011696543539632514
3399,0.00014035852247559018
3400,0.000181296424864304
3401,0.00019884124017375277
3402,0.00017544815309448772
3403,0.0001520550660152227
3404,0.00012866197893595765
3405,0.00010526889185669263
3406,8.187580477742761e-05
3407,7.017926123779509e-05
3408,4.678617415853006e-05
3409,4.0937902388713806e-05
3410,3.5089630618897544e-05
3411,3.5089630618897544e-05
3412,4.678617415853006e-05
3413,9.357234831706012e-05
3414,0.00012866197893595765
3415,0.00018714469663412024
3416,0.0001929929684039365
3417,0.00015790333778503896
3418,0.00014035852247559018
3419,0.00011696543539632514
3420,0.00011696543539632514
3421,0.00011696543539632514
3422,0.00011696543539632514
3423,0.00014035852247559018
3424,0.000181296424864304
3425,0.00019884124017375277
3426,0.00017544815309448772
3427,0.0001520550660152227
3428,0.00012866197893595765
3429,0.00010526889185669263
3430,8.187580477742761e-05
3431,7.017926123779509e-05
3432,4.678617415853006e-05
3433,4.0937902388713806e-05
3434,3.5089630618897544e-05
3435,3.5089630618897544e-05
3436,4.678617415853006e-05
3437,9.357234831706012e-05
3438,0.00012866197893595765
3439,0.00018714469663412024
3440,0.0001929929684039365
3441,0.00015790333778503896
3442,0.00014035852247559018
3443,0.00011696543539632514
3444,0.00011696543539632514
3445,0.00011696543539632514
3446,0.00011696543539632514
3447,0.00014035852247559018
3448,0.000181296424864304
3449,0.00019884124017375277
3450,0.00017544815309448772
3451,0.0001520550660152227
3452,0.00012866197893595765
3453,0.00010526889185669263
3454,8.187580477742761e-05
3455,7.017926123779509e-05
3456,4.503715830213642e-05
3457,3.940751351436936e-05
3458,3.377786872660231e-05
3459,3.377786872660231e-05
3460,4.503715830213642e-05
3461,9.007431660427283e-05
3462,0.00012385218533087514
3463,0.00018014863320854567
3464,0.0001857782779963127
3465,0.0001520004092697104
3466,0.00013511147490640924
3467,0.00011259289575534103
3468,0.00011259289575534103
3469,0.00011259289575534103
3470,0.00011259289575534103
3471,0.00013511147490640924
3472,0.00017451898842077863
3473,0.00019140792278407977
3474,0.00016888934363301153
3475,0.00014637076448194332
3476,0.00012385218533087514
3477,0.00010133360617980693
3478,7.881502702873871e-05
3479,6.755573745320462e-05
3480,4.1332241721425316e-05
3481,3.5427635761221695e-05
3482,2.952302980101809e-05
3483,2.952302980101809e-05
3484,3.5427635761221695e-05
3485,5.3141453641832545e-05
3486,7.085527152244339e-05
3487,8.856908940305427e-05
3488,0.00010628290728366509
3489,0.00012399672516427595
3490,0.0001358059370846832
3491,0.00014171054304488678
3492,0.00014761514900509044
3493,0.00014761514900509044
3494,0.00014761514900509044
3495,0.00014761514900509044
3496,0.00014171054304488678
3497,0.0001358059370846832
3498,0.0001299013311244796
3499,0.00011809211920407236
3500,0.00010037830132346148
3501,8.266448344285063e-05
3502,6.49506655622398e-05
3503,5.3141453641832545e-05
3504,3.569602694123095e-05
3505,3.0596594521055104e-05
3506,2.549716210087926e-05
3507,2.549716210087926e-05
3508,3.0596594521055104e-05
3509,4.5894891781582646e-05
3510,6.119318904211021e-05
3511,7.649148630263778e-05
3512,9.178978356316529e-05
3513,0.00010708808082369287
3514,0.00011728694566404455
3515,0.00012238637808422042
3516,0.00012748581050439628
3517,0.00012748581050439628
3518,0.00012748581050439628
3519,0.00012748581050439628
3520,0.00012238637808422042
3521,0.00011728694566404455
3522,0.00011218751324386874
3523,0.00010198864840351704
3524,8.669035114298947e-05
3525,7.13920538824619e-05
3526,5.609375662193437e-05
3527,4.5894891781582646e-05
3528,4.591166623033324e-05
3529,4.017270795154158e-05
3530,3.4433749672749924e-05
3531,3.4433749672749924e-05
3532,4.591166623033324e-05
3533,9.182333246066648e-05
3534,0.00012625708213341642
3535,0.00018364666492133296
3536,0.0001893856232001246
3537,0.00015495187352737466
3538,0.0001377349986909997
3539,0.00011477916557583308
3540,0.00011477916557583308
3541,0.00011477916557583308
3542,0.00011477916557583308
3543,0.0001377349986909997
3544,0.00017790770664254132
3545,0.00019512458147891626
3546,0.00017216874836374963
3547,0.000149212915248583
3548,0.00012625708213341642
3549,0.00010330124901824978
3550,8.034541590308316e-05
3551,6.886749934549985e-05
3552,4.678617415853006e-05
3553,4.0937902388713806e-05
3554,3.5089630618897544e-05
3555,3.5089630618897544e-05
3556,4.678617415853006e-05
3557,9.357234831706012e-05
3558,0.00012866197893595765
3559,0.00018714469663412024
3560,0.0001929929684039365
3561,0.00015790333778503896
3562,0.00014035852247559018
3563,0.00011696543539632514
3564,0.00011696543539632514
3565,0.00011696543539632514
3566,0.00011696543539632514
3567,0.00014035852247559018
3568,0.000181296424864304
3569,0.00019884124017375277
3570,0.00017544815309448772
3571,0.0001520550660152227
3572,0.00012866197893595765
3573,0.00010526889185669263
3574,8.187580477742761e-05
3575,7.017926123779509e-05
3576,4.678617415853006e-05
3577,4.0937902388713806e-05
3578,3.5089630618897544e-05
3579,3.5089630618897544e-05
3580,4.678617415853006e-05
3581,9.357234831706012e-05
3582,0.00012866197893595765
3583,0.00018714469663412024
3584,0.0001929929684039365
3585,0.00015790333778503896
3586,0.00014035852247559018
3587,0.00011696543539632514
3588,0.00011696543539632514
3589,0.00011696543539632514
3590,0.00011696543539632514
3591,0.00014035852247559018
3592,0.000181296424864304
3593,0.00019884124017375277
3594,0.00017544815309448772
3595,0.0001520550660152227
3596,0.00012866197893595765
3597,0.00010526889185669263
3598,8.187580477742761e-05
3599,7.017926123779509e-05
3600,4.678617415853006e-05
3601,4.0937902388713806e-05
3602,3.5089630618897544e-05
3603,3.5089630618897544e-05
3604,4.678617415853006e-05
3605,9.357234831706012e-05
3606,0.00012866197893595765
3607,0.00018714469663412024
3608,0.0001929929684039365
3609,0.00015790333778503896
3610,0.00014035852247559018
3611,0.00011696543539632514
3612,0.00011696543539632514
3613,0.00011696543539632514
3614,0.00011696543539632514
3615,0.00014035852247559018
3616,0.000181296424864304
3617,0.00019884124017375277
3618,0.00017544815309448772
3619,0.0001520550660152227
3620,0.00012866197893595765
3621,0.00010526889185669263
3622,8.187580477742761e-05
3623,7.017926123779509e-05
3624,4.503715830213642e-05
3625,3.940751351436936e-05
3626,3.377786872660231e-05
3627,3.377786872660231e-05
3628,4.503715830213642e-05
3629,9.007431660427283e-05
3630,0.00012385218533087514
3631,0.00018014863320854567
3632,0.0001857782779963127
3633,0.0001520004092697104
3634,0.00013511147490640924
3635,0.00011259289575534103
3636,0.00011259289575534103
3637,0.00011259289575534103
3638,0.00011259289575534103
3639,0.00013511147490640924
3640,0.00017451898842077863
3641,0.00019140792278407977
3642,0.00016888934363301153
3643,0.00014637076448194332
3644,0.00012385218533087514
3645,0.00010133360617980693
3646,7.881502702873871e-05
3647,6.755573745320462e-05
3648,4.046208926413215e-05
3649,3.468179079782756e-05
3650,2.8901492331522965e-05
3651,2.8901492331522965e-05
3652,3.468179079782756e-05
3653,5.202268619674133e-05
3654,6.936358159565512e-05
3655,8.670447699456891e-05
3656,0.00010404537239348267
3657,0.00012138626779239646
3658,0.00013294686472500565
3659,0.00013872716319131024
3660,0.00014450746165761488
3661,0.00014450746165761488
3662,0.00014450746165761488
3663,0.00014450746165761488
3664,0.00013872716319131024
3665,0.00013294686472500565
3666,0.00012716656625870107
3667,0.00011560596932609186
3668,9.826507392717808e-05
3669,8.09241785282643e-05
3670,6.358328312935054e-05
3671,5.202268619674133e-05
3672,3.4944531637205046e-05
3673,2.9952455689032895e-05
3674,2.4960379740860744e-05
3675,2.4960379740860744e-05
3676,2.9952455689032895e-05
3677,4.4928683533549336e-05
3678,5.990491137806579e-05
3679,7.488113922258225e-05
3680,8.985736706709867e-05
3681,0.00010483359491161513
3682,0.00011481774680795944
3683,0.00011980982275613158
3684,0.00012480189870430375
3685,0.00012480189870430375
3686,0.00012480189870430375
3687,0.00012480189870430375
3688,0.00011980982275613158
3689,0.00011481774680795944
3690,0.00010982567085978729
3691,9.984151896344297e-05
3692,8.486529111892653e-05
3693,6.988906327441009e-05
3694,5.4912835429893645e-05
3695,4.4928683533549336e-05
3696,4.494510483601044e-05
3697,3.932696673150914e-05
3698,3.3708828627007826e-05
3699,3.3708828627007826e-05
3700,4.494510483601044e-05
3701,8.989020967202088e-05
3702,0.0001235990382990287
3703,0.00017978041934404177
3704,0.00018539855744854306
3705,0.00015168972882153523
3706,0.0001348353145080313
3707,0.0001123627620900261
3708,0.0001123627620900261
3709,0.0001123627620900261
3710,0.0001123627620900261
3711,0.0001348353145080313
3712,0.00017416228123954048
3713,0.00019101669555304435
3714,0.00016854414313503913
3715,0.00014607159071703391
3716,0.0001235990382990287
3717,0.00010112648588102348
3718,7.865393346301827e-05
3719,6.741765725401565e-05
3720,4.580120207098207e-05
3721,4.0076051812109305e-05
3722,3.435090155323655e-05
3723,3.435090155323655e-05
3724,4.580120207098207e-05
3725,9.160240414196414e-05
3726,0.0001259533056952007
3727,0.00018320480828392828
3728,0.000188929958542801
3729,0.00015457905698956445
3730,0.0001374036062129462
3731,0.00011450300517745516
3732,0.00011450300517745516
3733,0.00011450300517745516
3734,0.00011450300517745516
3735,0.0001374036062129462
3736,0.0001774796580250555
3737,0.00019465510880167376
3738,0.00017175450776618273
3739,0.0001488539067306917
3740,0.0001259533056952007
3741,0.00010305270465970964
3742,8.015210362421861e-05
3743,6.87018031064731e-05
3744,4.580120207098207e-05
3745,4.0076051812109305e-05
3746,3.435090155323655e-05
3747,3.435090155323655e-05
3748,4.580120207098207e-05
3749,9.160240414196414e-05
3750,0.0001259533056952007
3751,0.00018320480828392828
3752,0.000188929958542801
3753,0.00015457905698956445
3754,0.0001374036062129462
3755,0.00011450300517745516
3756,0.00011450300517745516
3757,0.00011450300517745516
3758,0.00011450300517745516
3759,0.0001374036062129462
3760,0.0001774796580250555
3761,0.00019465510880167376
3762,0.00017175450776618273
3763,0.0001488539067306917
3764,0.0001259533056952007
3765,0.00010305270465970964
3766,8.015210362421861e-05
3767,6.87018031064731e-05
3768,4.580120207098207e-05
3769,4.0076051812109305e-05
3770,3.435090155323655e-05
3771,3.435090155323655e-05
3772,4.580120207098207e-05
3773,9.160240414196414e-05
3774,0.0001259533056952007
3775,0.00018320480828392828
3776,0.000188929958542801
3777,0.00015457905698956445
3778,0.0001374036062129462
3779,0.00011450300517745516
3780,0.00011450300517745516
3781,0.00011450300517745516
3782,0.00011450300517745516
3783,0.0001374036062129462
3784,0.0001774796580250555
3785,0.00019465510880167376
3786,0.00017175450776618273
3787,0.0001488539067306917
3788,0.0001259533056952007
3789,0.00010305270465970964
3790,8.015210362421861e-05
3791,6.87018031064731e-05
3792,4.4089007601038814e-05
3793,3.857788165090896e-05
3794,3.3066755700779106e-05
3795,3.3066755700779106e-05
3796,4.4089007601038814e-05
3797,8.817801520207763e-05
3798,0.00012124477090285675
3799,0.00017635603040415526
3800,0.00018186715635428507
3801,0.000148800400653506
3802,0.00013226702280311642
3803,0.00011022251900259702
3804,0.00011022251900259702
3805,0.00011022251900259702
3806,0.00011022251900259702
3807,0.00013226702280311642
3808,0.0001708449044540254
3809,0.00018737828230441493
3810,0.0001653337785038955
3811,0.00014328927470337612
3812,0.00012124477090285675
3813,9.920026710233732e-05
3814,7.715576330181791e-05
3815,6.613351140155821e-05
3816,4.046208926413215e-05
3817,3.468179079782756e-05
3818,2.8901492331522965e-05
3819,2.8901492331522965e-05
3820,3.468179079782756e-05
3821,5.202268619674133e-05
3822,6.936358159565512e-05
3823,8.670447699456891e-05
3824,0.00010404537239348267
3825,0.00012138626779239646
3826,0.00013294686472500565
3827,0.00013872716319131024
3828,0.00014450746165761488
3829,0.00014450746165761488
3830,0.00014450746165761488
3831,0.00014450746165761488
3832,0.00013872716319131024
3833,0.00013294686472500565
3834,0.00012716656625870107
3835,0.00011560596932609186
3836,9.826507392717808e-05
3837,8.09241785282643e-05
3838,6.358328312935054e-05
3839,5.202268619674133e-05
3840,3.4944531637205046e-05
3841,2.9952455689032895e-05
3842,2.4960379740860744e-05
3843,2.4960379740860744e-05
3844,2.9952455689032895e-05
3845,4.4928683533549336e-05
3846,5.990491137806579e-05
3847,7.488113922258225e-05
3848,8.985736706709867e-05
3849,0.00010483359491161513
3850,0.00011481774680795944
3851,0.00011980982275613158
3852,0.00012480189870430375
3853,0.00012480189870430375
3854,0.00012480189870430375
3855,0.00012480189870430375
3856,0.00011980982275613158
3857,0.00011481774680795944
3858,0.00010982567085978729
3859,9.984151896344297e-05
3860,8.486529111892653e-05
3861,6.988906327441009e-05
3862,5.4912835429893645e-05
3863,4.4928683533549336e-05
3864,4.494510483601044e-05
3865,3.932696673150914e-05
3866,3.3708828627007826e-05
3867,3.3708828627007826e-05
3868,4.494510483601044e-05
3869,8.989020967202088e-05
3870,0.0001235990382990287
3871,0.00017978041934404177
3872,0.00018539855744854306
3873,0.00015168972882153523
3874,0.0001348353145080313
3875,0.0001123627620900261
3876,0.0001123627620900261
3877,0.0001123627620900261
3878,0.0001123627620900261
3879,0.0001348353145080313
3880,0.00017416228123954048
3881,0.00019101669555304435
3882,0.00016854414313503913
3883,0.00014607159071703391
3884,0.0001235990382990287
3885,0.00010112648588102348
3886,7.865393346301827e-05
3887,6.741765725401565e-05
3888,4.580120207098207e-05
3889,4.0076051812109305e-05
3890,3.435090155323655e-05
3891,3.435090155323655e-05
3892,4.580120207098207e-05
3893,9.160240414196414e-05
3894,0.0001259533056952007
3895,0.00018320480828392828
3896,0.000188929958542801
3897,0.00015457905698956445
3898,0.0001374036062129462
3899,0.00011450300517745516
3900,0.00011450300517745516
3901,0.00011450300517745516
3902,0.00011450300517745516
3903,0.0001374036062129462
3904,0.0001774796580250555
3905,0.00019465510880167376
3906,0.00017175450776618273
3907,0.0001488539067306917
3908,0.0001259533056952007
3909,0.00010305270465970964
3910,8.015210362421861e-05
3911,6.87018031064731e-05
3912,4.580120207098207e-05
3913,4.0076051812109305e-05
3914,3.435090155323655e-05
3915,3.435090155323655e-05
3916,4.580120207098207e-05
3917,9.160240414196414e-05
3918,0.0001259533056952007
3919,0.00018320480828392828
3920,0.000188929958542801
3921,0.00015457905698956445
3922,0.0001374036062129462
3923,0.00011450300517745516
3924,0.00011450300517745516
3925,0.00011450300517745516
3926,0.00011450300517745516
3927,0.0001374036062129462
3928,0.0001774796580250555
3929,0.00019465510880167376
3930,0.00017175450776618273
3931,0.0001488539067306917
3932,0.0001259533056952007
3933,0.00010305270465970964
3934,8.015210362421861e-05
3935,6.87018031064731e-05
3936,4.580120207098207e-05
3937,4.0076051812109305e-05
3938,3.435090155323655e-05
3939,3.435090155323655e-05
3940,4.580120207098207e-05
3941,9.160240414196414e-05
3942,0.0001259533056952007
3943,0.00018320480828392828
3944,0.000188929958542801
3945,0.00015457905698956445
3946,0.0001374036062129462
3947,0.00011450300517745516
3948,0.00011450300517745516
3949,0.00011450300517745516
3950,0.00011450300517745516
3951,0.0001374036062129462
3952,0.0001774796580250555
3953,0.00019465510880167376
3954,0.00017175450776618273
3955,0.0001488539067306917
3956,0.0001259533056952007
3957,0.00010305270465970964
3958,8.015210362421861e-05
3959,6.87018031064731e-05
3960,4.4089007601038814e-05
3961,3.857788165090896e-05
3962,3.3066755700779106e-05
3963,3.3066755700779106e-05
3964,4.4089007601038814e-05
3965,8.817801520207763e-05
3966,0.00012124477090285675
3967,0.00017635603040415526
3968,0.00018186715635428507
3969,0.000148800400653506
3970,0.00013226702280311642
3971,0.00011022251900259702
3972,0.00011022251900259702
3973,0.00011022251900259702
3974,0.00011022251900259702
3975,0.00013226702280311642
3976,0.0001708449044540254
3977,0.00018737828230441493
3978,0.0001653337785038955
3979,0.00014328927470337612
3980,0.00012124477090285675
3981,9.920026710233732e-05
3982,7.715576330181791e-05
3983,6.613351140155821e-05
3984,4.046208926413215e-05
3985,3.468179079782756e-05
3986,2.8901492331522965e-05
3987,2.8901492331522965e-05
3988,3.468179079782756e-05
3989,5.202268619674133e-05
3990,6.936358159565512e-05
3991,8.670447699456891e-05
3992,0.00010404537239348267
3993,0.00012138626779239646
3994,0.00013294686472500565
3995,0.00013872716319131024
3996,0.00014450746165761488
3997,0.00014450746165761488
3998,0.00014450746165761488
3999,0.00014450746165761488
4000,0.00013872716319131024
4001,0.00013294686472500565
4002,0.00012716656625870107
4003,0.00011560596932609186
4004,9.826507392717808e-05
4005,8.09241785282643e-05
4006,6.358328312935054e-05
4007,5.202268619674133e-05
4008,3.4944531637205046e-05
4009,2.9952455689032895e-05
4010,2.4960379740860744e-05
4011,2.4960379740860744e-05
4012,2.9952455689032895e-05
4013,4.4928683533549336e-05
4014,5.990491137806579e-05
4015,7.488113922258225e-05
4016,8.985736706709867e-05
4017,0.00010483359491161513
4018,0.00011481774680795944
4019,0.00011980982275613158
4020,0.00012480189870430375
4021,0.00012480189870430375
4022,0.00012480189870430375
4023,0.00012480189870430375
4024,0.00011980982275613158
4025,0.00011481774680795944
4026,0.00010982567085978729
4027,9.984151896344297e-05
4028,8.486529111892653e-05
4029,6.988906327441009e-05
4030,5.4912835429893645e-05
4031,4.4928683533549336e-05
4032,4.494510483601044e-05
4033,3.932696673150914e-05
4034,3.3708828627007826e-05
4035,3.3708828627007826e-05
4036,4.494510483601044e-05
4037,8.989020967202088e-05
4038,0.0001235990382990287
4039,0.00017978041934404177
4040,0.00018539855744854306
4041,0.00015168972882153523
4042,0.0001348353145080313
4043,0.0001123627620900261
4044,0.0001123627620900261
4045,0.0001123627620900261
4046,0.0001123627620900261
4047,0.0001348353145080313
4048,0.00017416228123954048
4049,0.00019101669555304435
4050,0.00016854414313503913
4051,0.00014607159071703391
4052,0.0001235990382990287
4053,0.00010112648588102348
4054,7.865393346301827e-05
4055,6.741765725401565e-05
4056,4.580120207098207e-05
4057,4.0076051812109305e-05
4058,3.435090155323655e-05
4059,3.435090155323655e-05
4060,4.580120207098207e-05
4061,9.160240414196414e-05
4062,0.0001259533056952007
4063,0.00018320480828392828
4064,0.000188929958542801
4065,0.00015457905698956445
4066,0.0001374036062129462
4067,0.00011450300517745516
4068,0.00011450300517745516
4069,0.00011450300517745516
4070,0.00011450300517745516
4071,0.0001374036062129462
4072,0.0001774796580250555
4073,0.00019465510880167376
4074,0.00017175450776618273
4075,0.0001488539067306917
4076,0.0001259533056952007
4077,0.00010305270465970964
4078,8.015210362421861e-05
4079,6.87018031064731e-05
4080,4.580120207098207e-05
4081,4.0076051812109305e-05
4082,3.435090155323655e-05
4083,3.435090155323655e-05
4084,4.580120207098207e-05
4085,9.160240414196414e-05
4086,0.0001259533056952007
4087,0.00018320480828392828
4088,0.000188929958542801
4089,0.00015457905698956445
4090,0.0001374036062129462
4091,0.00011450300517745516
4092,0.00011450300517745516
4093,0.00011450300517745516
4094,0.00011450300517745516
4095,0.0001374036062129462
4096,0.0001774796580250555
4097,0.00019465510880167376
4098,0.00017175450776618273
4099,0.0001488539067306917
4100,0.0001259533056952007
4101,0.00010305270465970964
4102,8.015210362421861e-05
4103,6.87018031064731e-05
4104,4.580120207098207e-05
4105,4.0076051812109305e-05
4106,3.435090155323655e-05
4107,3.435090155323655e-05
4108,4.580120207098207e-05
4109,9.160240414196414e-05
4110,0.0001259533056952007
4111,0.00018320480828392828
4112,0.000188929958542801
4113,0.00015457905698956445
4114,0.0001374036062129462
4115,0.00011450300517745516
4116,0.00011450300517745516
4117,0.00011450300517745516
4118,0.00011450300517745516
4119,0.0001374036062129462
4120,0.0001774796580250555
4121,0.00019465510880167376
4122,0.00017175450776618273
4123,0.0001488539067306917
4124,0.0001259533056952007
4125,0.00010305270465970964
4126,8.015210362421861e-05
4127,6.87018031064731e-05
4128,4.4089007601038814e-05
4129,3.857788165090896e-05
4130,3.3066755700779106e-05
4131,3.3066755700779106e-05
4132,4.4089007601038814e-05
4133,8.817801520207763e-05
4134,0.00012124477090285675
4135,0.00017635603040415526
4136,0.00018186715635428507
4137,0.000148800400653506
4138,0.00013226702280311642
4139,0.00011022251900259702
4140,0.00011022251900259702
4141,0.00011022251900259702
4142,0.00011022251900259702
4143,0.00013226702280311642
4144,0.0001708449044540254
4145,0.00018737828230441493
4146,0.0001653337785038955
4147,0.00014328927470337612
4148,0.00012124477090285675
4149,9.920026710233732e-05
4150,7.715576330181791e-05
4151,6.613351140155821e-05
4152,4.046208926413215e-05
4153,3.468179079782756e-05
4154,2.8901492331522965e-05
4155,2.8901492331522965e-05
4156,3.468179079782756e-05
4157,5.202268619674133e-05
4158,6.936358159565512e-05
4159,8.670447699456891e-05
4160,0.00010404537239348267
4161,0.00012138626779239646
4162,0.00013294686472500565
4163,0.00013872716319131024
4164,0.00014450746165761488
4165,0.00014450746165761488
4166,0.00014450746165761488
4167,0.00014450746165761488
4168,0.00013872716319131024
4169,0.00013294686472500565
4170,0.00012716656625870107
4171,0.00011560596932609186
4172,9.826507392717808e-05
4173,8.09241785282643e-05
4174,6.358328312935054e-05
4175,5.202268619674133e-05
4176,3.4944531637205046e-05
4177,2.9952455689032895e-05
4178,2.4960379740860744e-05
4179,2.4960379740860744e-05
4180,2.9952455689032895e-05
4181,4.4928683533549336e-05
4182,5.990491137806579e-05
4183,7.488113922258225e-05
4184,8.985736706709867e-05
4185,0.00010483359491161513
4186,0.00011481774680795944
4187,0.00011980982275613158
4188,0.00012480189870430375
4189,0.00012480189870430375
4190,0.00012480189870430375
4191,0.00012480189870430375
4192,0.00011980982275613158
4193,0.00011481774680795944
4194,0.00010982567085978729
4195,9.984151896344297e-05
4196,8.486529111892653e-05
4197,6.988906327441009e-05
4198,5.4912835429893645e-05
4199,4.4928683533549336e-05
4200,4.494510483601044e-05
4201,3.932696673150914e-05
4202,3.3708828627007826e-05
4203,3.3708828627007826e-05
4204,4.494510483601044e-05
4205,8.989020967202088e-05
4206,0.0001235990382990287
4207,0.00017978041934404177
4208,0.00018539855744854306
4209,0.00015168972882153523
4210,0.0001348353145080313
4211,0.0001123627620900261
4212,0.0001123627620900261
4213,0.0001123627620900261
4214,0.0001123627620900261
4215,0.0001348353145080313
4216,0.00017416228123954048
4217,0.00019101669555304435
4218,0.00016854414313503913
4219,0.00014607159071703391
4220,0.0001235990382990287
4221,0.00010112648588102348
4222,7.865393346301827e-05
4223,6.741765725401565e-05
4224,4.580120207098207e-05
4225,4.0076051812109305e-05
4226,3.435090155323655e-05
4227,3.435090155323655e-05
4228,4.580120207098207e-05
4229,9.160240414196414e-05
4230,0.0001259533056952007
4231,0.00018320480828392828
4232,0.000188929958542801
4233,0.00015457905698956445
4234,0.0001374036062129462
4235,0.00011450300517745516
4236,0.00011450300517745516
4237,0.00011450300517745516
4238,0.00011450300517745516
4239,0.0001374036062129462
4240,0.0001774796580250555
4241,0.00019465510880167376
4242,0.00017175450776618273
4243,0.0001488539067306917
4244,0.0001259533056952007
4245,0.00010305270465970964
4246,8.015210362421861e-05
4247,6.87018031064731e-05
4248,4.580120207098207e-05
4249,4.0076051812109305e-05
4250,3.435090155323655e-05
4251,3.435090155323655e-05
4252,4.580120207098207e-05
4253,9.160240414196414e-05
4254,0.0001259533056952007
4255,0.00018320480828392828
4256,0.000188929958542801
4257,0.00015457905698956445
4258,0.0001374036062129462
4259,0.00011450300517745516
4260,0.00011450300517745516
4261,0.00011450300517745516
4262,0.00011450300517745516
4263,0.0001374036062129462
4264,0.0001774796580250555
4265,0.00019465510880167376
4266,0.00017175450776618273
4267,0.0001488539067306917
4268,0.0001259533056952007
4269,0.00010305270465970964
4270,8.015210362421861e-05
4271,6.87018031064731e-05
4272,4.580120207098207e-05
4273,4.0076051812109305e-05
4274,3.435090155323655e-05
4275,3.435090155323655e-05
4276,4.580120207098207e-05
4277,9.160240414196414e-05
4278,0.0001259533056952007
4279,0.00018320480828392828
4280,0.000188929958542801
4281,0.00015457905698956445
4282,0.0001374036062129462
4283,0.00011450300517745516
4284,0.00011450300517745516
4285,0.00011450300517745516
4286,0.00011450300517745516
4287,0.0001374036062129462
4288,0.0001774796580250555
4289,0.00019465510880167376
4290,0.00017175450776618273
4291,0.0001488539067306917
4292,0.0001259533056952007
4293,0.00010305270465970964
4294,8.015210362421861e-05
4295,6.87018031064731e-05
4296,4.4089007601038814e-05
4297,3.857788165090896e-05
4298,3.3066755700779106e-05
4299,3.3066755700779106e-05
4300,4.4089007601038814e-05
4301,8.817801520207763e-05
4302,0.00012124477090285675
4303,0.00017635603040415526
4304,0.00018186715635428507
4305,0.000148800400653506
4306,0.00013226702280311642
4307,0.00011022251900259702
4308,0.00011022251900259702
4309,0.00011022251900259702
4310,0.00011022251900259702
4311,0.00013226702280311642
4312,0.0001708449044540254
4313,0.00018737828230441493
4314,0.0001653337785038955
4315,0.00014328927470337612
4316,0.00012124477090285675
4317,9.920026710233732e-05
4318,7.715576330181791e-05
4319,6.613351140155821e-05
4320,4.046208926413215e-05
4321,3.468179079782756e-05
4322,2.8901492331522965e-05
4323,2.8901492331522965e-05
4324,3.468179079782756e-05
4325,5.202268619674133e-05
4326,6.936358159565512e-05
4327,8.670447699456891e-05
4328,0.00010404537239348267
4329,0.00012138626779239646
4330,0.00013294686472500565
4331,0.00013872716319131024
4332,0.00014450746165761488
4333,0.00014450746165761488
4334,0.00014450746165761488
4335,0.00014450746165761488
4336,0.00013872716319131024
4337,0.00013294686472500565
4338,0.00012716656625870107
4339,0.00011560596932609186
4340,9.826507392717808e-05
4341,8.09241785282643e-05
4342,6.358328312935054e-05
4343,5.202268619674133e-05
4344,3.4944531637205046e-05
4345,2.9952455689032895e-05
4346,2.4960379740860744e-05
4347,2.4960379740860744e-05
4348,2.9952455689032895e-05
4349,4.4928683533549336e-05
4350,5.990491137806579e-05
4351,7.488113922258225e-05
4352,8.985736706709867e-05
4353,0.00010483359491161513
4354,0.00011481774680795944
4355,0.00011980982275613158
4356,0.00012480189870430375
4357,0.00012480189870430375
4358,0.00012480189870430375
4359,0.00012480189870430375
4360,0.00011980982275613158
4361,0.00011481774680795944
4362,0.00010982567085978729
4363,9.984151896344297e-05
4364,8.486529111892653e-05
4365,6.988906327441009e-05
4366,5.4912835429893645e-05
4367,4.4928683533549336e-05
4368,4.397854344168763e-05
4369,3.848122551147668e-05
4370,3.298390758126572e-05
4371,3.298390758126572e-05
4372,4.397854344168763e-05
4373,8.795708688337526e-05
4374,0.00012094099446464101
4375,0.00017591417376675052
4376,0.00018141149169696147
4377,0.00014842758411569577
4378,0.00013193563032506289
4379,0.00010994635860421908
4380,0.00010994635860421908
4381,0.00010994635860421908
4382,0.00010994635860421908
4383,0.00013193563032506289
4384,0.0001704168558365396
4385,0.0001869088096271724
4386,0.0001649195379063286
4387,0.0001429302661854848
4388,0.00012094099446464101
4389,9.895172274379716e-05
4390,7.696245102295336e-05
4391,6.596781516253144e-05
4392,4.481622998343406e-05
4393,3.92142012355048e-05
4394,3.361217248757555e-05
4395,3.361217248757555e-05
4396,4.481622998343406e-05
4397,8.963245996686813e-05
4398,0.0001232446324544437
4399,0.00017926491993373625
4400,0.0001848669486816655
4401,0.00015125477619408996
4402,0.0001344486899503022
4403,0.00011204057495858516
4404,0.00011204057495858516
4405,0.00011204057495858516
4406,0.00011204057495858516
4407,0.0001344486899503022
4408,0.00017366289118580703
4409,0.00019046897742959473
4410,0.00016806086243787772
4411,0.0001456527474461607
4412,0.0001232446324544437
4413,0.00010083651746272662
4414,7.84284024710096e-05
4415,6.72243449751511e-05
4416,4.481622998343406e-05
4417,3.92142012355048e-05
4418,3.361217248757555e-05
4419,3.361217248757555e-05
4420,4.481622998343406e-05
4421,8.963245996686813e-05
4422,0.0001232446324544437
4423,0.00017926491993373625
4424,0.0001848669486816655
4425,0.00015125477619408996
4426,0.0001344486899503022
4427,0.00011204057495858516
4428,0.00011204057495858516
4429,0.00011204057495858516
4430,0.00011204057495858516
4431,0.0001344486899503022
4432,0.00017366289118580703
4433,0.00019046897742959473
4434,0.00016806086243787772
4435,0.0001456527474461607
4436,0.0001232446324544437
4437,0.00010083651746272662
4438,7.84284024710096e-05
4439,6.72243449751511e-05
4440,4.481622998343406e-05
4441,3.92142012355048e-05
4442,3.361217248757555e-05
4443,3.361217248757555e-05
4444,4.481622998343406e-05
4445,8.963245996686813e-05
4446,0.0001232446324544437
4447,0.00017926491993373625
4448,0.0001848669486816655
4449,0.00015125477619408996
4450,0.0001344486899503022
4451,0.00011204057495858516
4452,0.00011204057495858516
4453,0.00011204057495858516
4454,0.00011204057495858516
4455,0.0001344486899503022
4456,0.00017366289118580703
4457,0.00019046897742959473
4458,0.00016806086243787772
4459,0.0001456527474461607
4460,0.0001232446324544437
4461,0.00010083651746272662
4462,7.84284024710096e-05
4463,6.72243449751511e-05
4464,4.31408568999412e-05
4465,3.774824978744855e-05
4466,3.23556426749559e-05
4467,3.23556426749559e-05
4468,4.31408568999412e-05
4469,8.62817137998824e-05
4470,0.0001186373564748383
4471,0.0001725634275997648
4472,0.00017795603471225743
4473,0.00014560039203730156
4474,0.0001294225706998236
4475,0.000107852142249853
4476,0.000107852142249853
4477,0.000107852142249853
4478,0.000107852142249853
4479,0.0001294225706998236
4480,0.00016717082048727219
4481,0.0001833486418247501
4482,0.0001617782133747795
4483,0.0001402077849248089
4484,0.0001186373564748383
4485,9.706692802486768e-05
4486,7.54964995748971e-05
4487,6.47112853499118e-05
4488,3.9591936806838986e-05
4489,3.393594583443342e-05
4490,2.8279954862027854e-05
4491,2.8279954862027854e-05
4492,3.393594583443342e-05
4493,5.090391875165012e-05
4494,6.787189166886684e-05
4495,8.483986458608356e-05
4496,0.00010180783750330024
4497,0.00011877581042051698
4498,0.0001300877923653281
4499,0.00013574378333773367
4500,0.0001413997743101393
4501,0.0001413997743101393
4502,0.0001413997743101393
4503,0.0001413997743101393
4504,0.00013574378333773367
4505,0.0001300877923653281
4506,0.00012443180139292258
4507,0.00011311981944811142
4508,9.61518465308947e-05
4509,7.918387361367797e-05
4510,6.221590069646129e-05
4511,5.090391875165012e-05
4512,3.4193036333179124e-05
4513,2.9308316857010676e-05
4514,2.442359738084224e-05
4515,2.442359738084224e-05
4516,2.9308316857010676e-05
4517,4.396247528551601e-05
4518,5.861663371402135e-05
4519,7.32707921425267e-05
4520,8.792495057103202e-05
4521,0.00010257910899953739
4522,0.00011234854795187428
4523,0.0001172332674280427
4524,0.0001221179869042112
4525,0.0001221179869042112
4526,0.0001221179869042112
4527,0.0001221179869042112
4528,0.0001172332674280427
4529,0.00011234854795187428
4530,0.00010746382847570584
4531,9.769438952336895e-05
4532,8.30402310948636e-05
4533,6.838607266635825e-05
4534,5.373191423785292e-05
4535,4.396247528551601e-05
4536,4.397854344168763e-05
4537,3.848122551147668e-05
4538,3.298390758126572e-05
4539,3.298390758126572e-05
4540,4.397854344168763e-05
4541,8.795708688337526e-05
4542,0.00012094099446464101
4543,0.00017591417376675052
4544,0.00018141149169696147
4545,0.00014842758411569577
4546,0.00013193563032506289
4547,0.00010994635860421908
4548,0.00010994635860421908
4549,0.00010994635860421908
4550,0.00010994635860421908
4551,0.00013193563032506289
4552,0.0001704168558365396
4553,0.0001869088096271724
4554,0.0001649195379063286
4555,0.0001429302661854848
4556,0.00012094099446464101
4557,9.895172274379716e-05
4558,7.696245102295336e-05
4559,6.596781516253144e-05
4560,4.481622998343406e-05
4561,3.92142012355048e-05
4562,3.361217248757555e-05
4563,3.361217248757555e-05
4564,4.481622998343406e-05
4565,8.963245996686813e-05
4566,0.0001232446324544437
4567,0.00017926491993373625
4568,0.0001848669486816655
4569,0.00015125477619408996
4570,0.0001344486899503022
4571,0.00011204057495858516
4572,0.00011204057495858516
4573,0.00011204057495858516
4574,0.00011204057495858516
4575,0.0001344486899503022
4576,0.00017366289118580703
4577,0.00019046897742959473
4578,0.00016806086243787772
4579,0.0001456527474461607
4580,0.0001232446324544437
4581,0.00010083651746272662
4582,7.84284024710096e-05
4583,6.72243449751511e-05
4584,4.481622998343406e-05
4585,3.92142012355048e-05
4586,3.361217248757555e-05
4587,3.361217248757555e-05
4588,4.481622998343406e-05
4589,8.963245996686813e-05
4590,0.0001232446324544437
4591,0.00017926491993373625
4592,0.0001848669486816655
4593,0.00015125477619408996
4594,0.0001344486899503022
4595,0.00011204057495858516
4596,0.00011204057495858516
4597,0.00011204057495858516
4598,0.00011204057495858516
4599,0.0001344486899503022
4600,0.00017366289118580703
4601,0.00019046897742959473
4602,0.00016806086243787772
4603,0.0001456527474461607
4604,0.0001232446324544437
4605,0.00010083651746272662
4606,7.84284024710096e-05
4607,6.72243449751511e-05
4608,4.481622998343406e-05
4609,3.92142012355048e-05
4610,3.361217248757555e-05
4611,3.361217248757555e-05
4612,4.481622998343406e-05
4613,8.963245996686813e-05
4614,0.0001232446324544437
4615,0.00017926491993373625
4616,0.0001848669486816655
4617,0.00015125477619408996
4618,0.0001344486899503022
4619,0.00011204057495858516
4620,0.00011204057495858516
4621,0.00011204057495858516
4622,0.00011204057495858516
4623,0.0001344486899503022
4624,0.00017366289118580703
4625,0.00019046897742959473
4626,0.00016806086243787772
4627,0.0001456527474461607
4628,0.0001232446324544437
4629,0.00010083651746272662
4630,7.84284024710096e-05
4631,6.72243449751511e-05
4632,4.31408568999412e-05
4633,3.774824978744855e-05
4634,3.23556426749559e-05
4635,3.23556426749559e-05
4636,4.31408568999412e-05
4637,8.62817137998824e-05
4638,0.0001186373564748383
4639,0.0001725634275997648
4640,0.00017795603471225743
4641,0.00014560039203730156
4642,0.0001294225706998236
4643,0.000107852142249853
4644,0.000107852142249853
4645,0.000107852142249853
4646,0.000107852142249853
4647,0.0001294225706998236
4648,0.00016717082048727219
4649,0.0001833486418247501
4650,0.0001617782133747795
4651,0.0001402077849248089
4652,0.0001186373564748383
4653,9.706692802486768e-05
4654,7.54964995748971e-05
4655,6.47112853499118e-05
4656,3.9591936806838986e-05
4657,3.393594583443342e-05
4658,2.8279954862027854e-05
4659,2.8279954862027854e-05
4660,3.393594583443342e-05
4661,5.090391875165012e-05
4662,6.787189166886684e-05
4663,8.483986458608356e-05
4664,0.00010180783750330024
4665,0.00011877581042051698
4666,0.0001300877923653281
4667,0.00013574378333773367
4668,0.0001413997743101393
4669,0.0001413997743101393
4670,0.0001413997743101393
4671,0.0001413997743101393
4672,0.00013574378333773367
4673,0.0001300877923653281
4674,0.00012443180139292258
4675,0.00011311981944811142
4676,9.61518465308947e-05
4677,7.918387361367797e-05
4678,6.221590069646129e-05
4679,5.090391875165012e-05
4680,3.4193036333179124e-05
4681,2.9308316857010676e-05
4682,2.442359738084224e-05
4683,2.442359738084224e-05
4684,2.9308316857010676e-05
4685,4.396247528551601e-05
4686,5.861663371402135e-05
4687,7.32707921425267e-05
4688,8.792495057103202e-05
4689,0.00010257910899953739
4690,0.00011234854795187428
4691,0.0001172332674280427
4692,0.0001221179869042112
4693,0.0001221179869042112
4694,0.0001221179869042112
4695,0.0001221179869042112
4696,0.0001172332674280427
4697,0.00011234854795187428
4698,0.00010746382847570584
4699,9.769438952336895e-05
4700,8.30402310948636e-05
4701,6.838607266635825e-05
4702,5.373191423785292e-05
4703,4.396247528551601e-05
4704,4.397854344168763e-05
4705,3.848122551147668e-05
4706,3.298390758126572e-05
4707,3.298390758126572e-05
4708,4.397854344168763e-05
4709,8.795708688337526e-05
4710,0.00012094099446464101
4711,0.00017591417376675052
4712,0.00018141149169696147
4713,0.00014842758411569577
4714,0.00013193563032506289
4715,0.00010994635860421908
4716,0.00010994635860421908
4717,0.00010994635860421908
4718,0.00010994635860421908
4719,0.00013193563032506289
4720,0.0001704168558365396
4721,0.0001869088096271724
4722,0.0001649195379063286
4723,0.0001429302661854848
4724,0.00012094099446464101
4725,9.895172274379716e-05
4726,7.696245102295336e-05
4727,6.596781516253144e-05
4728,4.481622998343406e-05
4729,3.92142012355048e-05
4730,3.361217248757555e-05
4731,3.361217248757555e-05
4732,4.481622998343406e-05
4733,8.963245996686813e-05
4734,0.0001232446324544437
4735,0.00017926491993373625
4736,0.0001848669486816655
4737,0.00015125477619408996
4738,0.0001344486899503022
4739,0.00011204057495858516
4740,0.00011204057495858516
4741,0.00011204057495858516
4742,0.00011204057495858516
4743,0.0001344486899503022
4744,0.00017366289118580703
4745,0.00019046897742959473
4746,0.00016806086243787772
4747,0.0001456527474461607
4748,0.0001232446324544437
4749,0.00010083651746272662
4750,7.84284024710096e-05
4751,6.72243449751511e-05
4752,4.481622998343406e-05
4753,3.92142012355048e-05
4754,3.361217248757555e-05
4755,3.361217248757555e-05
4756,4.481622998343406e-05
4757,8.963245996686813e-05
4758,0.0001232446324544437
4759,0.00017926491993373625
4760,0.0001848669486816655
4761,0.00015125477619408996
4762,0.0001344486899503022
4763,0.00011204057495858516
4764,0.00011204057495858516
4765,0.00011204057495858516
4766,0.00011204057495858516
4767,0.0001344486899503022
4768,0.00017366289118580703
4769,0.00019046897742959473
4770,0.00016806086243787772
4771,0.0001456527474461607
4772,0.0001232446324544437
4773,0.00010083651746272662
4774,7.84284024710096e-05
4775,6.72243449751511e-05
4776,4.481622998343406e-05
4777,3.92142012355048e-05
4778,3.361217248757555e-05
4779,3.361217248757555e-05
4780,4.481622998343406e-05
4781,8.963245996686813e-05
4782,0.0001232446324544437
4783,0.00017926491993373625
4784,0.0001848669486816655
4785,0.00015125477619408996
4786,0.0001344486899503022
4787,0.00011204057495858516
4788,0.00011204057495858516
4789,0.00011204057495858516
4790,0.00011204057495858516
4791,0.0001344486899503022
4792,0.00017366289118580703
4793,0.00019046897742959473
4794,0.00016806086243787772
4795,0.0001456527474461607
4796,0.0001232446324544437
4797,0.00010083651746272662
4798,7.84284024710096e-05
4799,6.72243449751511e-05
4800,4.31408568999412e-05
4801,3.774824978744855e-05
4802,3.23556426749559e-05
4803,3.23556426749559e-05
4804,4.31408568999412e-05
4805,8.62817137998824e-05
4806,0.0001186373564748383
4807,0.0001725634275997648
4808,0.00017795603471225743
4809,0.00014560039203730156
4810,0.0001294225706998236
4811,0.000107852142249853
4812,0.000107852142249853
4813,0.000107852142249853
4814,0.000107852142249853
4815,0.0001294225706998236
4816,0.00016717082048727219
4817,0.0001833486418247501
4818,0.0001617782133747795
4819,0.0001402077849248089
4820,0.0001186373564748383
4821,9.706692802486768e-05
4822,7.54964995748971e-05
4823,6.47112853499118e-05
4824,3.9591936806838986e-05
4825,3.393594583443342e-05
4826,2.8279954862027854e-05
4827,2.8279954862027854e-05
4828,3.393594583443342e-05
4829,5.090391875165012e-05
4830,6.787189166886684e-05
4831,8.483986458608356e-05
4832,0.00010180783750330024
4833,0.00011877581042051698
4834,0.0001300877923653281
4835,0.00013574378333773367
4836,0.0001413997743101393
4837,0.0001413997743101393
4838,0.0001413997743101393
4839,0.0001413997743101393
4840,0.00013574378333773367
4841,0.0001300877923653281
4842,0.00012443180139292258
4843,0.00011311981944811142
4844,9.61518465308947e-05
4845,7.918387361367797e-05
4846,6.221590069646129e-05
4847,5.090391875165012e-05
4848,3.4193036333179124e-05
4849,2.9308316857010676e-05
4850,2.442359738084224e-05
4851,2.442359738084224e-05
4852,2.9308316857010676e-05
4853,4.396247528551601e-05
4854,5.861663371402135e-05
4855,7.32707921425267e-05
4856,8.792495057103202e-05
4857,0.00010257910899953739
4858,0.00011234854795187428
4859,0.0001172332674280427
4860,0.0001221179869042112
4861,0.0001221179869042112
4862,0.0001221179869042112
4863,0.0001221179869042112
4864,0.0001172332674280427
4865,0.00011234854795187428
4866,0.00010746382847570584
4867,9.769438952336895e-05
4868,8.30402310948636e-05
4869,6.838607266635825e-05
4870,5.373191423785292e-05
4871,4.396247528551601e-05
4872,4.397854344168763e-05
4873,3.848122551147668e-05
4874,3.298390758126572e-05
4875,3.298390758126572e-05
4876,4.397854344168763e-05
4877,8.795708688337526e-05
4878,0.00012094099446464101
4879,0.00017591417376675052
4880,0.00018141149169696147
4881,0.00014842758411569577
4882,0.00013193563032506289
4883,0.00010994635860421908
4884,0.00010994635860421908
4885,0.00010994635860421908
4886,0.00010994635860421908
4887,0.00013193563032506289
4888,0.0001704168558365396
4889,0.0001869088096271724
4890,0.0001649195379063286
4891,0.0001429302661854848
4892,0.00012094099446464101
4893,9.895172274379716e-05
4894,7.696245102295336e-05
4895,6.596781516253144e-05
4896,4.481622998343406e-05
4897,3.92142012355048e-05
4898,3.361217248757555e-05
4899,3.361217248757555e-05
4900,4.481622998343406e-05
4901,8.963245996686813e-05
4902,0.0001232446324544437
4903,0.00017926491993373625
4904,0.0001848669486816655
4905,0.00015125477619408996
4906,0.0001344486899503022
4907,0.00011204057495858516
4908,0.00011204057495858516
4909,0.00011204057495858516
4910,0.00011204057495858516
4911,0.0001344486899503022
4912,0.00017366289118580703
4913,0.00019046897742959473
4914,0.00016806086243787772
4915,0.0001456527474461607
4916,0.0001232446324544437
4917,0.00010083651746272662
4918,7.84284024710096e-05
4919,6.72243449751511e-05
4920,4.481622998343406e-05
4921,3.92142012355048e-05
4922,3.361217248757555e-05
4923,3.361217248757555e-05
4924,4.481622998343406e-05
4925,8.963245996686813e-05
4926,0.0001232446324544437
4927,0.00017926491993373625
4928,0.0001848669486816655
4929,0.00015125477619408996
4930,0.0001344486899503022
4931,0.00011204057495858516
4932,0.00011204057495858516
4933,0.00011204057495858516
4934,0.00011204057495858516
4935,0.0001344486899503022
4936,0.00017366289118580703
4937,0.00019046897742959473
4938,0.00016806086243787772
4939,0.0001456527474461607
4940,0.0001232446324544437
4941,0.00010083651746272662
4942,7.84284024710096e-05
4943,6.72243449751511e-05
4944,4.481622998343406e-05
4945,3.92142012355048e-05
4946,3.361217248757555e-05
4947,3.361217248757555e-05
4948,4.481622998343406e-05
4949,8.963245996686813e-05
4950,0.0001232446324544437
4951,0.00017926491993373625
4952,0.0001848669486816655
4953,0.00015125477619408996
4954,0.0001344486899503022
4955,0.00011204057495858516
4956,0.00011204057495858516
4957,0.00011204057495858516
4958,0.00011204057495858516
4959,0.0001344486899503022
4960,0.00017366289118580703
4961,0.00019046897742959473
4962,0.00016806086243787772
4963,0.0001456527474461607
4964,0.0001232446324544437
4965,0.00010083651746272662
4966,7.84284024710096e-05
4967,6.72243449751511e-05
4968,4.31408568999412e-05
4969,3.774824978744855e-05
4970,3.23556426749559e-05
4971,3.23556426749559e-05
4972,4.31408568999412e-05
4973,8.62817137998824e-05
4974,0.0001186373564748383
4975,0.0001725634275997648
4976,0.00017795603471225743
4977,0.00014560039203730156
4978,0.0001294225706998236
4979,0.000107852142249853
4980,0.000107852142249853
4981,0.000107852142249853
4982,0.000107852142249853
4983,0.0001294225706998236
4984,0.00016717082048727219
4985,0.0001833486418247501
4986,0.0001617782133747795
4987,0.0001402077849248089
4988,0.0001186373564748383
4989,9.706692802486768e-05
4990,7.54964995748971e-05
4991,6.47112853499118e-05
4992,3.9591936806838986e-05
4993,3.393594583443342e-05
4994,2.8279954862027854e-05
4995,2.8279954862027854e-05
4996,3.393594583443342e-05
4997,5.090391875165012e-05
4998,6.787189166886684e-05
4999,8.483986458608356e-05
5000,0.00010180783750330024
5001,0.00011877581042051698
5002,0.0001300877923653281
5003,0.00013574378333773367
5004,0.0001413997743101393
5005,0.0001413997743101393
5006,0.0001413997743101393
5007,0.0001413997743101393
5008,0.00013574378333773367
5009,0.0001300877923653281
5010,0.00012443180139292258
5011,0.00011311981944811142
5012,9.61518465308947e-05
5013,7.918387361367797e-05
5014,6.221590069646129e-05
5015,5.090391875165012e-05
5016,3.4193036333179124e-05
5017,2.9308316857010676e-05
5018,2.442359738084224e-05
5019,2.442359738084224e-05
5020,2.9308316857010676e-05
5021,4.396247528551601e-05
5022,5.861663371402135e-05
5023,7.32707921425267e-05
5024,8.792495057103202e-05
5025,0.00010257910899953739
5026,0.00011234854795187428
5027,0.0001172332674280427
5028,0.0001221179869042112
5029,0.0001221179869042112
5030,0.0001221179869042112
5031,0.0001221179869042112
5032,0.0001172332674280427
5033,0.00011234854795187428
5034,0.00010746382847570584
5035,9.769438952336895e-05
5036,8.30402310948636e-05
5037,6.838607266635825e-05
5038,5.373191423785292e-05
5039,4.396247528551601e-05
5040,4.397854344168763e-05
5041,3.848122551147668e-05
5042,3.298390758126572e-05
5043,3.298390758126572e-05
5044,4.397854344168763e-05
5045,8.795708688337526e-05
5046,0.00012094099446464101
5047,0.00017591417376675052
5048,0.00018141149169696147
5049,0.00014842758411569577
5050,0.00013193563032506289
5051,0.00010994635860421908
5052,0.00010994635860421908
5053,0.00010994635860421908
5054,0.00010994635860421908
5055,0.00013193563032506289
5056,0.0001704168558365396
5057,0.0001869088096271724
5058,0.0001649195379063286
5059,0.0001429302661854848
5060,0.00012094099446464101
5061,9.895172274379716e-05
5062,7.696245102295336e-05
5063,6.596781516253144e-05
5064,4.481622998343406e-05
5065,3.92142012355048e-05
5066,3.361217248757555e-05
5067,3.361217248757555e-05
5068,4.481622998343406e-05
5069,8.963245996686813e-05
5070,0.0001232446324544437
5071,0.00017926491993373625
5072,0.0001848669486816655
5073,0.00015125477619408996
5074,0.0001344486899503022
5075,0.00011204057495858516
5076,0.00011204057495858516
5077,0.00011204057495858516
5078,0.00011204057495858516
5079,0.0001344486899503022
5080,0.00017366289118580703
5081,0.00019046897742959473
5082,0.00016806086243787772
5083,0.0001456527474461607
5084,0.0001232446324544437
5085,0.00010083651746272662
5086,7.84284024710096e-05
5087,6.72243449751511e-05
5088,4.481622998343406e-05
5089,3.92142012355048e-05
5090,3.361217248757555e-05
5091,3.361217248757555e-05
5092,4.481622998343406e-05
5093,8.963245996686813e-05
5094,0.0001232446324544437
5095,0.00017926491993373625
5096,0.0001848669486816655
5097,0.00015125477619408996
5098,0.0001344486899503022
5099,0.00011204057495858516
5100,0.00011204057495858516
5101,0.00011204057495858516
5102,0.00011204057495858516
5103,0.0001344486899503022
5104,0.00017366289118580703
5105,0.00019046897742959473
5106,0.00016806086243787772
5107,0.0001456527474461607
5108,0.0001232446324544437
5109,0.00010083651746272662
5110,7.84284024710096e-05
5111,6.72243449751511e-05
5112,4.580120207098207e-05
5113,4.0076051812109305e-05
5114,3.435090155323655e-05
5115,3.435090155323655e-05
5116,4.580120207098207e-05
5117,9.160240414196414e-05
5118,0.0001259533056952007
5119,0.00018320480828392828
5120,0.000188929958542801
5121,0.00015457905698956445
5122,0.0001374036062129462
5123,0.00011450300517745516
5124,0.00011450300517745516
5125,0.00011450300517745516
5126,0.00011450300517745516
5127,0.0001374036062129462
5128,0.0001774796580250555
5129,0.00019465510880167376
5130,0.00017175450776618273
5131,0.0001488539067306917
5132,0.0001259533056952007
5133,0.00010305270465970964
5134,8.015210362421861e-05
5135,6.87018031064731e-05
5136,4.4089007601038814e-05
5137,3.857788165090896e-05
5138,3.3066755700779106e-05
5139,3.3066755700779106e-05
5140,4.4089007601038814e-05
5141,8.817801520207763e-05
5142,0.00012124477090285675
5143,0.00017635603040415526
5144,0.00018186715635428507
5145,0.000148800400653506
5146,0.00013226702280311642
5147,0.00011022251900259702
5148,0.00011022251900259702
5149,0.00011022251900259702
5150,0.00011022251900259702
5151,0.00013226702280311642
5152,0.0001708449044540254
5153,0.00018737828230441493
5154,0.0001653337785038955
5155,0.00014328927470337612
5156,0.00012124477090285675
5157,9.920026710233732e-05
5158,7.715576330181791e-05
5159,6.613351140155821e-05
5160,4.046208926413215e-05
5161,3.468179079782756e-05
5162,2.8901492331522965e-05
5163,2.8901492331522965e-05
5164,3.468179079782756e-05
5165,5.202268619674133e-05
5166,6.936358159565512e-05
5167,8.670447699456891e-05
5168,0.00010404537239348267
5169,0.00012138626779239646
5170,0.00013294686472500565
5171,0.00013872716319131024
5172,0.00014450746165761488
5173,0.00014450746165761488
5174,0.00014450746165761488
5175,0.00014450746165761488
5176,0.00013872716319131024
5177,0.00013294686472500565
5178,0.00012716656625870107
5179,0.00011560596932609186
5180,9.826507392717808e-05
5181,8.09241785282643e-05
5182,6.358328312935054e-05
5183,5.202268619674133e-05
5184,3.4944531637205046e-05
5185,2.9952455689032895e-05
5186,2.4960379740860744e-05
5187,2.4960379740860744e-05
5188,2.9952455689032895e-05
5189,4.4928683533549336e-05
5190,5.990491137806579e-05
5191,7.488113922258225e-05
5192,8.985736706709867e-05
5193,0.00010483359491161513
5194,0.00011481774680795944
5195,0.00011980982275613158
5196,0.00012480189870430375
5197,0.00012480189870430375
5198,0.00012480189870430375
5199,0.00012480189870430375
5200,0.00011980982275613158
5201,0.00011481774680795944
5202,0.00010982567085978729
5203,9.984151896344297e-05
5204,8.486529111892653e-05
5205,6.988906327441009e-05
5206,5.4912835429893645e-05
5207,4.4928683533549336e-05
5208,4.494510483601044e-05
5209,3.932696673150914e-05
5210,3.3708828627007826e-05
5211,3.3708828627007826e-05
5212,4.494510483601044e-05
5213,8.989020967202088e-05
5214,0.0001235990382990287
5215,0.00017978041934404177
5216,0.00018539855744854306
5217,0.00015168972882153523
5218,0.0001348353145080313
5219,0.0001123627620900261
5220,0.0001123627620900261
5221,0.0001123627620900261
5222,0.0001123627620900261
5223,0.0001348353145080313
5224,0.00017416228123954048
5225,0.00019101669555304435
5226,0.00016854414313503913
5227,0.00014607159071703391
5228,0.0001235990382990287
5229,0.00010112648588102348
5230,7.865393346301827e-05
5231,6.741765725401565e-05
5232,4.580120207098207e-05
5233,4.0076051812109305e-05
5234,3.435090155323655e-05
5235,3.435090155323655e-05
5236,4.580120207098207e-05
5237,9.160240414196414e-05
5238,0.0001259533056952007
5239,0.00018320480828392828
5240,0.000188929958542801
5241,0.00015457905698956445
5242,0.0001374036062129462
5243,0.00011450300517745516
5244,0.00011450300517745516
5245,0.00011450300517745516
5246,0.00011450300517745516
5247,0.0001374036062129462
5248,0.0001774796580250555
5249,0.00019465510880167376
5250,0.00017175450776618273
5251,0.0001488539067306917
5252,0.0001259533056952007
5253,0.00010305270465970964
5254,8.015210362421861e-05
5255,6.87018031064731e-05
5256,4.580120207098207e-05
5257,4.0076051812109305e-05
5258,3.435090155323655e-05
5259,3.435090155323655e-05
5260,4.580120207098207e-05
5261,9.160240414196414e-05
5262,0.0001259533056952007
5263,0.00018320480828392828
5264,0.000188929958542801
5265,0.00015457905698956445
5266,0.0001374036062129462
5267,0.00011450300517745516
5268,0.00011450300517745516
5269,0.00011450300517745516
5270,0.00011450300517745516
5271,0.0001374036062129462
5272,0.0001774796580250555
5273,0.00019465510880167376
5274,0.00017175450776618273
5275,0.0001488539067306917
5276,0.0001259533056952007
5277,0.00010305270465970964
5278,8.015210362421861e-05
5279,6.87018031064731e-05
5280,4.580120207098207e-05
5281,4.0076051812109305e-05
5282,3.435090155323655e-05
5283,3.435090155323655e-05
5284,4.580120207098207e-05
5285,9.160240414196414e-05
5286,0.0001259533056952007
5287,0.00018320480828392828
5288,0.000188929958542801
5289,0.00015457905698956445
5290,0.0001374036062129462
5291,0.00011450300517745516
5292,0.00011450300517745516
5293,0.00011450300517745516
5294,0.00011450300517745516
5295,0.0001374036062129462
5296,0.0001774796580250555
5297,0.00019465510880167376
5298,0.00017175450776618273
5299,0.0001488539067306917
5300,0.0001259533056952007
5301,0.00010305270465970964
5302,8.015210362421861e-05
5303,6.87018031064731e-05
5304,4.4089007601038814e-05
5305,3.857788165090896e-05
5306,3.3066755700779106e-05
5307,3.3066755700779106e-05
5308,4.4089007601038814e-05
5309,8.817801520207763e-05
5310,0.00012124477090285675
5311,0.00017635603040415526
5312,0.00018186715635428507
5313,0.000148800400653506
5314,0.00013226702280311642
5315,0.00011022251900259702
5316,0.00011022251900259702
5317,0.00011022251900259702
5318,0.00011022251900259702
5319,0.00013226702280311642
5320,0.0001708449044540254
5321,0.00018737828230441493
5322,0.0001653337785038955
5323,0.00014328927470337612
5324,0.00012124477090285675
5325,9.920026710233732e-05
5326,7.715576330181791e-05
5327,6.613351140155821e-05
5328,4.046208926413215e-05
5329,3.468179079782756e-05
5330,2.8901492331522965e-05
5331,2.8901492331522965e-05
5332,3.468179079782756e-05
5333,5.202268619674133e-05
5334,6.936358159565512e-05
5335,8.670447699456891e-05
5336,0.00010404537239348267
5337,0.00012138626779239646
5338,0.00013294686472500565
5339,0.00013872716319131024
5340,0.00014450746165761488
5341,0.00014450746165761488
5342,0.00014450746165761488
5343,0.00014450746165761488
5344,0.00013872716319131024
5345,0.00013294686472500565
5346,0.00012716656625870107
5347,0.00011560596932609186
5348,9.826507392717808e-05
5349,8.09241785282643e-05
5350,6.358328312935054e-05
5351,5.202268619674133e-05
5352,3.4944531637205046e-05
5353,2.9952455689032895e-05
5354,2.4960379740860744e-05
5355,2.4960379740860744e-05
5356,2.9952455689032895e-05
5357,4.4928683533549336e-05
5358,5.990491137806579e-05
5359,7.488113922258225e-05
5360,8.985736706709867e-05
5361,0.00010483359491161513
5362,0.00011481774680795944
5363,0.00011980982275613158
5364,0.00012480189870430375
5365,0.00012480189870430375
5366,0.00012480189870430375
5367,0.00012480189870430375
5368,0.00011980982275613158
5369,0.00011481774680795944
5370,0.00010982567085978729
5371,9.984151896344297e-05
5372,8.486529111892653e-05
5373,6.988906327441009e-05
5374,5.4912835429893645e-05
5375,4.4928683533549336e-05
5376,4.494510483601044e-05
5377,3.932696673150914e-05
5378,3.3708828627007826e-05
5379,3.3708828627007826e-05
5380,4.494510483601044e-05
5381,8.989020967202088e-05
5382,0.0001235990382990287
5383,0.00017978041934404177
5384,0.00018539855744854306
5385,0.00015168972882153523
5386,0.0001348353145080313
5387,0.0001123627620900261
5388,0.0001123627620900261
5389,0.0001123627620900261
5390,0.0001123627620900261
5391,0.0001348353145080313
5392,0.00017416228123954048
5393,0.00019101669555304435
5394,0.00016854414313503913
5395,0.00014607159071703391
5396,0.0001235990382990287
5397,0.00010112648588102348
5398,7.865393346301827e-05
5399,6.741765725401565e-05
5400,4.580120207098207e-05
5401,4.0076051812109305e-05
5402,3.435090155323655e-05
5403,3.435090155323655e-05
5404,4.580120207098207e-05
5405,9.160240414196414e-05
5406,0.0001259533056952007
5407,0.00018320480828392828
5408,0.000188929958542801
5409,0.00015457905698956445
5410,0.0001374036062129462
5411,0.00011450300517745516
5412,0.00011450300517745516
5413,0.00011450300517745516
5414,0.00011450300517745516
5415,0.0001374036062129462
5416,0.0001774796580250555
5417,0.00019465510880167376
5418,0.00017175450776618273
5419,0.0001488539067306917
5420,0.0001259533056952007
5421,0.00010305270465970964
5422,8.015210362421861e-05
5423,6.87018031064731e-05
5424,4.580120207098207e-05
5425,4.0076051812109305e-05
5426,3.435090155323655e-05
5427,3.435090155323655e-05
5428,4.580120207098207e-05
5429,9.160240414196414e-05
5430,0.0001259533056952007
5431,0.00018320480828392828
5432,0.000188929958542801
5433,0.00015457905698956445
5434,0.0001374036062129462
5435,0.00011450300517745516
5436,0.00011450300517745516
5437,0.00011450300517745516
5438,0.00011450300517745516
5439,0.0001374036062129462
5440,0.0001774796580250555
5441,0.00019465510880167376
5442,0.00017175450776618273
5443,0.0001488539067306917
5444,0.0001259533056952007
5445,0.00010305270465970964
5446,8.015210362421861e-05
5447,6.87018031064731e-05
5448,4.580120207098207e-05
5449,4.0076051812109305e-05
5450,3.435090155323655e-05
5451,3.435090155323655e-05
5452,4.580120207098207e-05
5453,9.160240414196414e-05
5454,0.0001259533056952007
5455,0.00018320480828392828
5456,0.000188929958542801
5457,0.00015457905698956445
5458,0.0001374036062129462
5459,0.00011450300517745516
5460,0.00011450300517745516
5461,0.00011450300517745516
5462,0.00011450300517745516
5463,0.0001374036062129462
5464,0.0001774796580250555
5465,0.00019465510880167376
5466,0.00017175450776618273
5467,0.0001488539067306917
5468,0.0001259533056952007
5469,0.00010305270465970964
5470,8.015210362421861e-05
5471,6.87018031064731e-05
5472,4.4089007601038814e-05
5473,3.857788165090896e-05
5474,3.3066755700779106e-05
5475,3.3066755700779106e-05
5476,4.4089007601038814e-05
5477,8.817801520207763e-05
5478,0.00012124477090285675
5479,0.00017635603040415526
5480,0.00018186715635428507
5481,0.000148800400653506
5482,0.00013226702280311642
5483,0.00011022251900259702
5484,0.00011022251900259702
5485,0.00011022251900259702
5486,0.00011022251900259702
5487,0.00013226702280311642
5488,0.0001708449044540254
5489,0.00018737828230441493
5490,0.0001653337785038955
5491,0.00014328927470337612
5492,0.00012124477090285675
5493,9.920026710233732e-05
5494,7.715576330181791e-05
5495,6.613351140155821e-05
5496,4.046208926413215e-05
5497,3.468179079782756e-05
5498,2.8901492331522965e-05
5499,2.8901492331522965e-05
5500,3.468179079782756e-05
5501,5.202268619674133e-05
5502,6.936358159565512e-05
5503,8.670447699456891e-05
5504,0.00010404537239348267
5505,0.00012138626779239646
5506,0.00013294686472500565
5507,0.00013872716319131024
5508,0.00014450746165761488
5509,0.00014450746165761488
5510,0.00014450746165761488
5511,0.00014450746165761488
5512,0.00013872716319131024
5513,0.00013294686472500565
5514,0.00012716656625870107
5515,0.00011560596932609186
5516,9.826507392717808e-05
5517,8.09241785282643e-05
5518,6.358328312935054e-05
5519,5.202268619674133e-05
5520,3.4944531637205046e-05
5521,2.9952455689032895e-05
5522,2.4960379740860744e-05
5523,2.4960379740860744e-05
5524,2.9952455689032895e-05
5525,4.4928683533549336e-05
5526,5.990491137806579e-05
5527,7.488113922258225e-05
5528,8.985736706709867e-05
5529,0.00010483359491161513
5530,0.00011481774680795944
5531,0.00011980982275613158
5532,0.00012480189870430375
5533,0.00012480189870430375
5534,0.00012480189870430375
5535,0.00012480189870430375
5536,0.00011980982275613158
5537,0.00011481774680795944
5538,0.00010982567085978729
5539,9.984151896344297e-05
5540,8.486529111892653e-05
5541,6.988906327441009e-05
5542,5.4912835429893645e-05
5543,4.4928683533549336e-05
5544,4.494510483601044e-05
5545,3.932696673150914e-05
5546,3.3708828627007826e-05
5547,3.3708828627007826e-05
5548,4.494510483601044e-05
5549,8.989020967202088e-05
5550,0.0001235990382990287
5551,0.00017978041934404177
5552,0.00018539855744854306
5553,0.00015168972882153523
5554,0.0001348353145080313
5555,0.0001123627620900261
5556,0.0001123627620900261
5557,0.0001123627620900261
5558,0.0001123627620900261
5559,0.0001348353145080313
5560,0.00017416228123954048
5561,0.00019101669555304435
5562,0.00016854414313503913
5563,0.00014607159071703391
5564,0.0001235990382990287
5565,0.00010112648588102348
5566,7.865393346301827e-05
5567,6.741765725401565e-05
5568,4.580120207098207e-05
5569,4.0076051812109305e-05
5570,3.435090155323655e-05
5571,3.435090155323655e-05
5572,4.580120207098207e-05
5573,9.160240414196414e-05
5574,0.0001259533056952007
5575,0.00018320480828392828
5576,0.000188929958542801
5577,0.00015457905698956445
5578,0.0001374036062129462
5579,0.00011450300517745516
5580,0.00011450300517745516
5581,0.00011450300517745516
5582,0.00011450300517745516
5583,0.0001374036062129462
5584,0.0001774796580250555
5585,0.00019465510880167376
5586,0.00017175450776618273
5587,0.0001488539067306917
5588,0.0001259533056952007
5589,0.00010305270465970964
5590,8.015210362421861e-05
5591,6.87018031064731e-05
5592,4.580120207098207e-05
5593,4.0076051812109305e-05
5594,3.435090155323655e-05
5595,3.435090155323655e-05
5596,4.580120207098207e-05
5597,9.160240414196414e-05
5598,0.0001259533056952007
5599,0.00018320480828392828
5600,0.000188929958542801
5601,0.00015457905698956445
5602,0.0001374036062129462
5603,0.00011450300517745516
5604,0.00011450300517745516
5605,0.00011450300517745516
5606,0.00011450300517745516
5607,0.0001374036062129462
5608,0.0001774796580250555
5609,0.00019465510880167376
5610,0.00017175450776618273
5611,0.0001488539067306917
5612,0.0001259533056952007
5613,0.00010305270465970964
5614,8.015210362421861e-05
5615,6.87018031064731e-05
5616,4.580120207098207e-05
5617,4.0076051812109305e-05
5618,3.435090155323655e-05
5619,3.435090155323655e-05
5620,4.580120207098207e-05
5621,9.160240414196414e-05
5622,0.0001259533056952007
5623,0.00018320480828392828
5624,0.000188929958542801
5625,0.00015457905698956445
5626,0.0001374036062129462
5627,0.00011450300517745516
5628,0.00011450300517745516
5629,0.00011450300517745516
5630,0.00011450300517745516
5631,0.0001374036062129462
5632,0.0001774796580250555
5633,0.00019465510880167376
5634,0.00017175450776618273
5635,0.0001488539067306917
5636,0.0001259533056952007
5637,0.00010305270465970964
5638,8.015210362421861e-05
5639,6.87018031064731e-05
5640,4.4089007601038814e-05
5641,3.857788165090896e-05
5642,3.3066755700779106e-05
5643,3.3066755700779106e-05
5644,4.4089007601038814e-05
5645,8.817801520207763e-05
5646,0.00012124477090285675
5647,0.00017635603040415526
5648,0.00018186715635428507
5649,0.000148800400653506
5650,0.00013226702280311642
5651,0.00011022251900259702
5652,0.00011022251900259702
5653,0.00011022251900259702
5654,0.00011022251900259702
5655,0.00013226702280311642
5656,0.0001708449044540254
5657,0.00018737828230441493
5658,0.0001653337785038955
5659,0.00014328927470337612
5660,0.00012124477090285675
5661,9.920026710233732e-05
5662,7.715576330181791e-05
5663,6.613351140155821e-05
5664,4.046208926413215e-05
5665,3.468179079782756e-05
5666,2.8901492331522965e-05
5667,2.8901492331522965e-05
5668,3.468179079782756e-05
5669,5.202268619674133e-05
5670,6.936358159565512e-05
5671,8.670447699456891e-05
5672,0.00010404537239348267
5673,0.00012138626779239646
5674,0.00013294686472500565
5675,0.00013872716319131024
5676,0.00014450746165761488
5677,0.00014450746165761488
5678,0.00014450746165761488
5679,0.00014450746165761488
5680,0.00013872716319131024
5681,0.00013294686472500565
5682,0.00012716656625870107
5683,0.00011560596932609186
5684,9.826507392717808e-05
5685,8.09241785282643e-05
5686,6.358328312935054e-05
5687,5.202268619674133e-05
5688,3.4944531637205046e-05
5689,2.9952455689032895e-05
5690,2.4960379740860744e-05
5691,2.4960379740860744e-05
5692,2.9952455689032895e-05
5693,4.4928683533549336e-05
5694,5.990491137806579e-05
5695,7.488113922258225e-05
5696,8.985736706709867e-05
5697,0.00010483359491161513
5698,0.00011481774680795944
5699,0.00011980982275613158
5700,0.00012480189870430375
5701,0.00012480189870430375
5702,0.00012480189870430375
5703,0.00012480189870430375
5704,0.00011980982275613158
5705,0.00011481774680795944
5706,0.00010982567085978729
5707,9.984151896344297e-05
5708,8.486529111892653e-05
5709,6.988906327441009e-05
5710,5.4912835429893645e-05
5711,4.4928683533549336e-05
5712,4.494510483601044e-05
5713,3.932696673150914e-05
5714,3.3708828627007826e-05
5715,3.3708828627007826e-05
5716,4.494510483601044e-05
5717,8.989020967202088e-05
5718,0.0001235990382990287
5719,0.00017978041934404177
5720,0.00018539855744854306
5721,0.00015168972882153523
5722,0.0001348353145080313
5723,0.0001123627620900261
5724,0.0001123627620900261
5725,0.0001123627620900261
5726,0.0001123627620900261
5727,0.0001348353145080313
5728,0.00017416228123954048
5729,0.00019101669555304435
5730,0.00016854414313503913
5731,0.00014607159071703391
5732,0.0001235990382990287
5733,0.00010112648588102348
5734,7.865393346301827e-05
5735,6.741765725401565e-05
5736,4.580120207098207e-05
5737,4.0076051812109305e-05
5738,3.435090155323655e-05
5739,3.435090155323655e-05
5740,4.580120207098207e-05
5741,9.160240414196414e-05
5742,0.0001259533056952007
5743,0.00018320480828392828
5744,0.000188929958542801
5745,0.00015457905698956445
5746,0.0001374036062129462
5747,0.00011450300517745516
5748,0.00011450300517745516
5749,0.00011450300517745516
5750,0.00011450300517745516
5751,0.0001374036062129462
5752,0.0001774796580250555
5753,0.00019465510880167376
5754,0.00017175450776618273
5755,0.0001488539067306917
5756,0.0001259533056952007
5757,0.00010305270465970964
5758,8.015210362421861e-05
5759,6.87018031064731e-05
5760,4.580120207098207e-05
5761,4.0076051812109305e-05
5762,3.435090155323655e-05
5763,3.435090155323655e-05
5764,4.580120207098207e-05
5765,9.160240414196414e-05
5766,0.0001259533056952007
5767,0.00018320480828392828
5768,0.000188929958542801
5769,0.00015457905698956445
5770,0.0001374036062129462
5771,0.00011450300517745516
5772,0.00011450300517745516
5773,0.00011450300517745516
5774,0.00011450300517745516
5775,0.0001374036062129462
5776,0.0001774796580250555
5777,0.00019465510880167376
5778,0.00017175450776618273
5779,0.0001488539067306917
5780,0.0001259533056952007
5781,0.00010305270465970964
5782,8.015210362421861e-05
5783,6.87018031064731e-05
5784,4.580120207098207e-05
5785,4.0076051812109305e-05
5786,3.435090155323655e-05
5787,3.435090155323655e-05
5788,4.580120207098207e-05
5789,9.160240414196414e-05
5790,0.0001259533056952007
5791,0.00018320480828392828
5792,0.000188929958542801
5793,0.00015457905698956445
5794,0.0001374036062129462
5795,0.00011450300517745516
5796,0.00011450300517745516
5797,0.00011450300517745516
5798,0.00011450300517745516
5799,0.0001374036062129462
5800,0.0001774796580250555
5801,0.00019465510880167376
5802,0.00017175450776618273
5803,0.0001488539067306917
5804,0.0001259533056952007
5805,0.00010305270465970964
5806,8.015210362421861e-05
5807,6.87018031064731e-05
5808,4.4089007601038814e-05
5809,3.857788165090896e-05
5810,3.3066755700779106e-05
5811,3.3066755700779106e-05
5812,4.4089007601038814e-05
5813,8.817801520207763e-05
5814,0.00012124477090285675
5815,0.00017635603040415526
5816,0.00018186715635428507
5817,0.000148800400653506
5818,0.00013226702280311642
5819,0.00011022251900259702
5820,0.00011022251900259702
5821,0.00011022251900259702
5822,0.00011022251900259702
5823,0.00013226702280311642
5824,0.0001708449044540254
5825,0.00018737828230441493
5826,0.0001653337785038955
5827,0.00014328927470337612
5828,0.00012124477090285675
5829,9.920026710233732e-05
5830,7.715576330181791e-05
5831,6.613351140155821e-05
5832,4.046208926413215e-05
5833,3.468179079782756e-05
5834,2.8901492331522965e-05
5835,2.8901492331522965e-05
5836,3.468179079782756e-05
5837,5.202268619674133e-05
5838,6.936358159565512e-05
5839,8.670447699456891e-05
5840,0.00010404537239348267
5841,0.00012138626779239646
5842,0.00013294686472500565
5843,0.00013872716319131024
5844,0.00014450746165761488
5845,0.00014450746165761488
5846,0.00014450746165761488
5847,0.00014450746165761488
5848,0.00013872716319131024
5849,0.00013294686472500565
5850,0.00012716656625870107
5851,0.00011560596932609186
5852,9.826507392717808e-05
5853,8.09241785282643e-05
5854,6.358328312935054e-05
5855,5.202268619674133e-05
5856,3.6447522245256865e-05
5857,3.124073335307731e-05
5858,2.6033944460897764e-05
5859,2.6033944460897764e-05
5860,3.124073335307731e-05
5861,4.686110002961597e-05
5862,6.248146670615463e-05
5863,7.81018333826933e-05
5864,9.372220005923194e-05
5865,0.0001093425667357706
5866,0.0001197561445201297
5867,0.00012496293341230925
5868,0.00013016972230448884
5869,0.00013016972230448884
5870,0.00013016972230448884
5871,0.00013016972230448884
5872,0.00012496293341230925
5873,0.0001197561445201297
5874,0.00011454935562795017
5875,0.00010413577784359106
5876,8.851541116705239e-05
5877,7.289504449051373e-05
5878,5.727467781397509e-05
5879,4.686110002961597e-05
5880,4.687822762465605e-05
5881,4.101844917157403e-05
5882,3.515867071849203e-05
5883,3.515867071849203e-05
5884,4.687822762465605e-05
5885,9.37564552493121e-05
5886,0.00012891512596780412
5887,0.0001875129104986242
5888,0.00019337268895170615
5889,0.00015821401823321417
5890,0.00014063468287396812
5891,0.0001171955690616401
5892,0.0001171955690616401
5893,0.0001171955690616401
5894,0.0001171955690616401
5895,0.00014063468287396812
5896,0.0001816531320455422
5897,0.0001992324674047882
5898,0.00017579335359246018
5899,0.00015235423978013214
5900,0.00012891512596780412
5901,0.00010547601215547609
5902,8.203689834314806e-05
5903,7.031734143698406e-05
5904,4.777114624607807e-05
5905,4.179975296531831e-05
5906,3.582835968455854e-05
5907,3.582835968455854e-05
5908,4.777114624607807e-05
5909,9.554229249215613e-05
5910,0.0001313706521767147
5911,0.00019108458498431227
5912,0.000197055978265072
5913,0.00016122761858051348
5914,0.00014331343873823417
5915,0.00011942786561519516
5916,0.00011942786561519516
5917,0.00011942786561519516
5918,0.00011942786561519516
5919,0.00014331343873823417
5920,0.00018511319170355252
5921,0.00020302737154583177
5922,0.00017914179842279274
5923,0.0001552562252997537
5924,0.0001313706521767147
5925,0.00010748507905367563
5926,8.359950593063662e-05
5927,7.165671936911708e-05
5928,4.777114624607807e-05
5929,4.179975296531831e-05
5930,3.582835968455854e-05
5931,3.582835968455854e-05
5932,4.777114624607807e-05
5933,9.554229249215613e-05
5934,0.0001313706521767147
5935,0.00019108458498431227
5936,0.000197055978265072
5937,0.00016122761858051348
5938,0.00014331343873823417
5939,0.00011942786561519516
5940,0.00011942786561519516
5941,0.00011942786561519516
5942,0.00011942786561519516
5943,0.00014331343873823417
5944,0.00018511319170355252
5945,0.00020302737154583177
5946,0.00017914179842279274
5947,0.0001552562252997537
5948,0.0001313706521767147
5949,0.00010748507905367563
5950,8.359950593063662e-05
5951,7.165671936911708e-05
5952,4.777114624607807e-05
5953,4.179975296531831e-05
5954,3.582835968455854e-05
5955,3.582835968455854e-05
5956,4.777114624607807e-05
5957,9.554229249215613e-05
5958,0.0001313706521767147
5959,0.00019108458498431227
5960,0.000197055978265072
5961,0.00016122761858051348
5962,0.00014331343873823417
5963,0.00011942786561519516
5964,0.00011942786561519516
5965,0.00011942786561519516
5966,0.00011942786561519516
5967,0.00014331343873823417
5968,0.00018511319170355252
5969,0.00020302737154583177
5970,0.00017914179842279274
5971,0.0001552562252997537
5972,0.0001313706521767147
5973,0.00010748507905367563
5974,8.359950593063662e-05
5975,7.165671936911708e-05
5976,4.598530900323402e-05
5977,4.0237145377829764e-05
5978,3.4488981752425516e-05
5979,3.4488981752425516e-05
5980,4.598530900323402e-05
5981,9.197061800646804e-05
5982,0.00012645959975889355
5983,0.00018394123601293608
5984,0.00018968939963834034
5985,0.00015520041788591484
5986,0.00013795592700970206
5987,0.00011496327250808506
5988,0.00011496327250808506
5989,0.00011496327250808506
5990,0.00011496327250808506
5991,0.00013795592700970206
5992,0.00017819307238753186
5993,0.0001954375632637446
5994,0.0001724449087621276
5995,0.00014945225426051057
5996,0.00012645959975889355
5997,0.00010346694525727655
5998,8.047429075565953e-05
5999,6.897796350485103e-05
6000,4.2202394178718475e-05
6001,3.6173480724615836e-05
6002,3.0144567270513198e-05
6003,3.0144567270513198e-05
6004,3.6173480724615836e-05
6005,5.426022108692376e-05
6006,7.234696144923167e-05
6007,9.043370181153961e-05
6008,0.00010852044217384752
6009,0.00012660718253615542
6010,0.00013866500944436071
6011,0.00014469392289846335
6012,0.000150722836352566
6013,0.000150722836352566
6014,0.000150722836352566
6015,0.000150722836352566
6016,0.00014469392289846335
6017,0.00013866500944436071
6018,0.0001326360959902581
6019,0.00012057826908205279
6020,0.00010249152871974487
6021,8.440478835743695e-05
6022,6.631804799512905e-05
6023,5.426022108692376e-05
6024,3.6447522245256865e-05
6025,3.124073335307731e-05
6026,2.6033944460897764e-05
6027,2.6033944460897764e-05
6028,3.124073335307731e-05
6029,4.686110002961597e-05
6030,6.248146670615463e-05
6031,7.81018333826933e-05
6032,9.372220005923194e-05
6033,0.0001093425667357706
6034,0.0001197561445201297
6035,0.00012496293341230925
6036,0.00013016972230448884
6037,0.00013016972230448884
6038,0.00013016972230448884
6039,0.00013016972230448884
6040,0.00012496293341230925
6041,0.0001197561445201297
6042,0.00011454935562795017
6043,0.00010413577784359106
6044,8.851541116705239e-05
6045,7.289504449051373e-05
6046,5.727467781397509e-05
6047,4.686110002961597e-05
6048,4.687822762465605e-05
6049,4.101844917157403e-05
6050,3.515867071849203e-05
6051,3.515867071849203e-05
6052,4.687822762465605e-05
6053,9.37564552493121e-05
6054,0.00012891512596780412
6055,0.0001875129104986242
6056,0.00019337268895170615
6057,0.00015821401823321417
6058,0.00014063468287396812
6059,0.0001171955690616401
6060,0.0001171955690616401
6061,0.0001171955690616401
6062,0.0001171955690616401
6063,0.00014063468287396812
6064,0.0001816531320455422
6065,0.0001992324674047882
6066,0.00017579335359246018
6067,0.00015235423978013214
6068,0.00012891512596780412
6069,0.00010547601215547609
6070,8.203689834314806e-05
6071,7.031734143698406e-05
6072,4.777114624607807e-05
6073,4.179975296531831e-05
6074,3.582835968455854e-05
6075,3.582835968455854e-05
6076,4.777114624607807e-05
6077,9.554229249215613e-05
6078,0.0001313706521767147
6079,0.00019108458498431227
6080,0.000197055978265072
6081,0.00016122761858051348
6082,0.00014331343873823417
6083,0.00011942786561519516
6084,0.00011942786561519516
6085,0.00011942786561519516
6086,0.00011942786561519516
6087,0.00014331343873823417
6088,0.00018511319170355252
6089,0.00020302737154583177
6090,0.00017914179842279274
6091,0.0001552562252997537
6092,0.0001313706521767147
6093,0.00010748507905367563
6094,8.359950593063662e-05
6095,7.165671936911708e-05
6096,4.777114624607807e-05
6097,4.179975296531831e-05
6098,3.582835968455854e-05
6099,3.582835968455854e-05
6100,4.777114624607807e-05
6101,9.554229249215613e-05
6102,0.0001313706521767147
6103,0.00019108458498431227
6104,0.000197055978265072
6105,0.00016122761858051348
6106,0.00014331343873823417
6107,0.00011942786561519516
6108,0.00011942786561519516
6109,0.00011942786561519516
6110,0.00011942786561519516
6111,0.00014331343873823417
6112,0.00018511319170355252
6113,0.00020302737154583177
6114,0.00017914179842279274
6115,0.0001552562252997537
6116,0.0001313706521767147
6117,0.00010748507905367563
6118,8.359950593063662e-05
6119,7.165671936911708e-05
6120,4.777114624607807e-05
6121,4.179975296531831e-05
6122,3.582835968455854e-05
6123,3.582835968455854e-05
6124,4.777114624607807e-05
6125,9.554229249215613e-05
6126,0.0001313706521767147
6127,0.00019108458498431227
6128,0.000197055978265072
6129,0.00016122761858051348
6130,0.00014331343873823417
6131,0.00011942786561519516
6132,0.00011942786561519516
6133,0.00011942786561519516
6134,0.00011942786561519516
6135,0.00014331343873823417
6136,0.00018511319170355252
6137,0.00020302737154583177
6138,0.00017914179842279274
6139,0.0001552562252997537
6140,0.0001313706521767147
6141,0.00010748507905367563
6142,8.359950593063662e-05
6143,7.165671936911708e-05
6144,4.598530900323402e-05
6145,4.0237145377829764e-05
6146,3.4488981752425516e-05
6147,3.4488981752425516e-05
6148,4.598530900323402e-05
6149,9.197061800646804e-05
6150,0.00012645959975889355
6151,0.00018394123601293608
6152,0.00018968939963834034
6153,0.00015520041788591484
6154,0.00013795592700970206
6155,0.00011496327250808506
6156,0.00011496327250808506
6157,0.00011496327250808506
6158,0.00011496327250808506
6159,0.00013795592700970206
6160,0.00017819307238753186
6161,0.0001954375632637446
6162,0.0001724449087621276
6163,0.00014945225426051057
6164,0.00012645959975889355
6165,0.00010346694525727655
6166,8.047429075565953e-05
6167,6.897796350485103e-05
6168,4.2202394178718475e-05
6169,3.6173480724615836e-05
6170,3.0144567270513198e-05
6171,3.0144567270513198e-05
6172,3.6173480724615836e-05
6173,5.426022108692376e-05
6174,7.234696144923167e-05
6175,9.043370181153961e-05
6176,0.00010852044217384752
6177,0.00012660718253615542
6178,0.00013866500944436071
6179,0.00014469392289846335
6180,0.000150722836352566
6181,0.000150722836352566
6182,0.000150722836352566
6183,0.000150722836352566
6184,0.00014469392289846335
6185,0.00013866500944436071
6186,0.0001326360959902581
6187,0.00012057826908205279
6188,0.00010249152871974487
6189,8.440478835743695e-05
6190,6.631804799512905e-05
6191,5.426022108692376e-05
6192,3.6447522245256865e-05
6193,3.124073335307731e-05
6194,2.6033944460897764e-05
6195,2.6033944460897764e-05
6196,3.124073335307731e-05
6197,4.686110002961597e-05
6198,6.248146670615463e-05
6199,7.81018333826933e-05
6200,9.372220005923194e-05
6201,0.0001093425667357706
6202,0.0001197561445201297
6203,0.00012496293341230925
6204,0.00013016972230448884
6205,0.00013016972230448884
6206,0.00013016972230448884
6207,0.00013016972230448884
6208,0.00012496293341230925
6209,0.0001197561445201297
6210,0.00011454935562795017
6211,0.00010413577784359106
6212,8.851541116705239e-05
6213,7.289504449051373e-05
6214,5.727467781397509e-05
6215,4.686110002961597e-05
6216,4.687822762465605e-05
6217,4.101844917157403e-05
6218,3.515867071849203e-05
6219,3.515867071849203e-05
6220,4.687822762465605e-05
6221,9.37564552493121e-05
6222,0.00012891512596780412
6223,0.0001875129104986242
6224,0.00019337268895170615
6225,0.00015821401823321417
6226,0.00014063468287396812
6227,0.0001171955690616401
6228,0.0001171955690616401
6229,0.0001171955690616401
6230,0.0001171955690616401
6231,0.00014063468287396812
6232,0.0001816531320455422
6233,0.0001992324674047882
6234,0.00017579335359246018
6235,0.00015235423978013214
6236,0.00012891512596780412
6237,0.00010547601215547609
6238,8.203689834314806e-05
6239,7.031734143698406e-05
6240,4.777114624607807e-05
6241,4.179975296531831e-05
6242,3.582835968455854e-05
6243,3.582835968455854e-05
6244,4.777114624607807e-05
6245,9.554229249215613e-05
6246,0.0001313706521767147
6247,0.00019108458498431227
6248,0.000197055978265072
6249,0.00016122761858051348
6250,0.00014331343873823417
6251,0.00011942786561519516
6252,0.00011942786561519516
6253,0.00011942786561519516
6254,0.00011942786561519516
6255,0.00014331343873823417
6256,0.00018511319170355252
6257,0.00020302737154583177
6258,0.00017914179842279274
6259,0.0001552562252997537
6260,0.0001313706521767147
6261,0.00010748507905367563
6262,8.359950593063662e-05
6263,7.165671936911708e-05
6264,4.777114624607807e-05
6265,4.179975296531831e-05
6266,3.582835968455854e-05
6267,3.582835968455854e-05
6268,4.777114624607807e-05
6269,9.554229249215613e-05
6270,0.0001313706521767147
6271,0.00019108458498431227
6272,0.000197055978265072
6273,0.00016122761858051348
6274,0.00014331343873823417
6275,0.00011942786561519516
6276,0.00011942786561519516
6277,0.00011942786561519516
6278,0.00011942786561519516
6279,0.00014331343873823417
6280,0.00018511319170355252
6281,0.00020302737154583177
6282,0.00017914179842279274
6283,0.0001552562252997537
6284,0.0001313706521767147
6285,0.00010748507905367563
6286,8.359950593063662e-05
6287,7.165671936911708e-05
6288,4.777114624607807e-05
6289,4.179975296531831e-05
6290,3.582835968455854e-05
6291,3.582835968455854e-05
6292,4.777114624607807e-05
6293,9.554229249215613e-05
6294,0.0001313706521767147
6295,0.00019108458498431227
6296,0.000197055978265072
6297,0.00016122761858051348
6298,0.00014331343873823417
6299,0.00011942786561519516
6300,0.00011942786561519516
6301,0.00011942786561519516
6302,0.00011942786561519516
6303,0.00014331343873823417
6304,0.00018511319170355252
6305,0.00020302737154583177
6306,0.00017914179842279274
6307,0.0001552562252997537
6308,0.0001313706521767147
6309,0.00010748507905367563
6310,8.359950593063662e-05
6311,7.165671936911708e-05
6312,4.598530900323402e-05
6313,4.0237145377829764e-05
6314,3.4488981752425516e-05
6315,3.4488981752425516e-05
6316,4.598530900323402e-05
6317,9.197061800646804e-05
6318,0.00012645959975889355
6319,0.00018394123601293608
6320,0.00018968939963834034
6321,0.00015520041788591484
6322,0.00013795592700970206
6323,0.00011496327250808506
6324,0.00011496327250808506
6325,0.00011496327250808506
6326,0.00011496327250808506
6327,0.00013795592700970206
6328,0.00017819307238753186
6329,0.0001954375632637446
6330,0.0001724449087621276
6331,0.00014945225426051057
6332,0.00012645959975889355
6333,0.00010346694525727655
6334,8.047429075565953e-05
6335,6.897796350485103e-05
6336,4.2202394178718475e-05
6337,3.6173480724615836e-05
6338,3.0144567270513198e-05
6339,3.0144567270513198e-05
6340,3.6173480724615836e-05
6341,5.426022108692376e-05
6342,7.234696144923167e-05
6343,9.043370181153961e-05
6344,0.00010852044217384752
6345,0.00012660718253615542
6346,0.00013866500944436071
6347,0.00014469392289846335
6348,0.000150722836352566
6349,0.000150722836352566
6350,0.000150722836352566
6351,0.000150722836352566
6352,0.00014469392289846335
6353,0.00013866500944436071
6354,0.0001326360959902581
6355,0.00012057826908205279
6356,0.00010249152871974487
6357,8.440478835743695e-05
6358,6.631804799512905e-05
6359,5.426022108692376e-05
6360,3.6447522245256865e-05
6361,3.124073335307731e-05
6362,2.6033944460897764e-05
6363,2.6033944460897764e-05
6364,3.124073335307731e-05
6365,4.686110002961597e-05
6366,6.248146670615463e-05
6367,7.81018333826933e-05
6368,9.372220005923194e-05
6369,0.0001093425667357706
6370,0.0001197561445201297
6371,0.00012496293341230925
6372,0.00013016972230448884
6373,0.00013016972230448884
6374,0.00013016972230448884
6375,0.00013016972230448884
6376,0.00012496293341230925
6377,0.0001197561445201297
6378,0.00011454935562795017
6379,0.00010413577784359106
6380,8.851541116705239e-05
6381,7.289504449051373e-05
6382,5.727467781397509e-05
6383,4.686110002961597e-05
6384,4.687822762465605e-05
6385,4.101844917157403e-05
6386,3.515867071849203e-05
6387,3.515867071849203e-05
6388,4.687822762465605e-05
6389,9.37564552493121e-05
6390,0.00012891512596780412
6391,0.0001875129104986242
6392,0.00019337268895170615
6393,0.00015821401823321417
6394,0.00014063468287396812
6395,0.0001171955690616401
6396,0.0001171955690616401
6397,0.0001171955690616401
6398,0.0001171955690616401
6399,0.00014063468287396812
6400,0.0001816531320455422
6401,0.0001992324674047882
6402,0.00017579335359246018
6403,0.00015235423978013214
6404,0.00012891512596780412
6405,0.00010547601215547609
6406,8.203689834314806e-05
6407,7.031734143698406e-05
6408,4.777114624607807e-05
6409,4.179975296531831e-05
6410,3.582835968455854e-05
6411,3.582835968455854e-05
6412,4.777114624607807e-05
6413,9.554229249215613e-05
6414,0.0001313706521767147
6415,0.00019108458498431227
6416,0.000197055978265072
6417,0.00016122761858051348
6418,0.00014331343873823417
6419,0.00011942786561519516
6420,0.00011942786561519516
6421,0.00011942786561519516
6422,0.00011942786561519516
6423,0.00014331343873823417
6424,0.00018511319170355252
6425,0.00020302737154583177
6426,0.00017914179842279274
6427,0.0001552562252997537
6428,0.0001313706521767147
6429,0.00010748507905367563
6430,8.359950593063662e-05
6431,7.165671936911708e-05
6432,4.777114624607807e-05
6433,4.179975296531831e-05
6434,3.582835968455854e-05
6435,3.582835968455854e-05
6436,4.777114624607807e-05
6437,9.554229249215613e-05
6438,0.0001313706521767147
6439,0.00019108458498431227
6440,0.000197055978265072
6441,0.00016122761858051348
6442,0.00014331343873823417
6443,0.00011942786561519516
6444,0.00011942786561519516
6445,0.00011942786561519516
6446,0.00011942786561519516
6447,0.00014331343873823417
6448,0.00018511319170355252
6449,0.00020302737154583177
6450,0.00017914179842279274
6451,0.0001552562252997537
6452,0.0001313706521767147
6453,0.00010748507905367563
6454,8.359950593063662e-05
6455,7.165671936911708e-05
6456,4.777114624607807e-05
6457,4.179975296531831e-05
6458,3.582835968455854e-05
6459,3.582835968455854e-05
6460,4.777114624607807e-05
6461,9.554229249215613e-05
6462,0.0001313706521767147
6463,0.00019108458498431227
6464,0.000197055978265072
6465,0.00016122761858051348
6466,0.00014331343873823417
6467,0.00011942786561519516
6468,0.00011942786561519516
6469,0.00011942786561519516
6470,0.00011942786561519516
6471,0.00014331343873823417
6472,0.00018511319170355252
6473,0.00020302737154583177
6474,0.00017914179842279274
6475,0.0001552562252997537
6476,0.0001313706521767147
6477,0.00010748507905367563
6478,8.359950593063662e-05
6479,7.165671936911708e-05
6480,4.598530900323402e-05
6481,4.0237145377829764e-05
6482,3.4488981752425516e-05
6483,3.4488981752425516e-05
6484,4.598530900323402e-05
6485,9.197061800646804e-05
6486,0.00012645959975889355
6487,0.00018394123601293608
6488,0.00018968939963834034
6489,0.00015520041788591484
6490,0.00013795592700970206
6491,0.00011496327250808506
6492,0.00011496327250808506
6493,0.00011496327250808506
6494,0.00011496327250808506
6495,0.00013795592700970206
6496,0.00017819307238753186
6497,0.0001954375632637446
6498,0.0001724449087621276
6499,0.00014945225426051057
6500,0.00012645959975889355
6501,0.00010346694525727655
6502,8.047429075565953e-05
6503,6.897796350485103e-05
6504,4.2202394178718475e-05
6505,3.6173480724615836e-05
6506,3.0144567270513198e-05
6507,3.0144567270513198e-05
6508,3.6173480724615836e-05
6509,5.426022108692376e-05
6510,7.234696144923167e-05
6511,9.043370181153961e-05
6512,0.00010852044217384752
6513,0.00012660718253615542
6514,0.00013866500944436071
6515,0.00014469392289846335
6516,0.000150722836352566
6517,0.000150722836352566
6518,0.000150722836352566
6519,0.000150722836352566
6520,0.00014469392289846335
6521,0.00013866500944436071
6522,0.0001326360959902581
6523,0.00012057826908205279
6524,0.00010249152871974487
6525,8.440478835743695e-05
6526,6.631804799512905e-05
6527,5.426022108692376e-05
6528,3.6447522245256865e-05
6529,3.124073335307731e-05
6530,2.6033944460897764e-05
6531,2.6033944460897764e-05
6532,3.124073335307731e-05
6533,4.686110002961597e-05
6534,6.248146670615463e-05
6535,7.81018333826933e-05
6536,9.372220005923194e-05
6537,0.0001093425667357706
6538,0.0001197561445201297
6539,0.00012496293341230925
6540,0.00013016972230448884
6541,0.00013016972230448884
6542,0.00013016972230448884
6543,0.00013016972230448884
6544,0.00012496293341230925
6545,0.0001197561445201297
6546,0.00011454935562795017
6547,0.00010413577784359106
6548,8.851541116705239e-05
6549,7.289504449051373e-05
6550,5.727467781397509e-05
6551,4.686110002961597e-05
6552,4.687822762465605e-05
6553,4.101844917157403e-05
6554,3.515867071849203e-05
6555,3.515867071849203e-05
6556,4.687822762465605e-05
6557,9.37564552493121e-05
6558,0.00012891512596780412
6559,0.0001875129104986242
6560,0.00019337268895170615
6561,0.00015821401823321417
6562,0.00014063468287396812
6563,0.0001171955690616401
6564,0.0001171955690616401
6565,0.0001171955690616401
6566,0.0001171955690616401
6567,0.00014063468287396812
6568,0.0001816531320455422
6569,0.0001992324674047882
6570,0.00017579335359246018
6571,0.00015235423978013214
6572,0.00012891512596780412
6573,0.00010547601215547609
6574,8.203689834314806e-05
6575,7.031734143698406e-05
6576,4.974109042117407e-05
6577,4.3523454118527304e-05
6578,3.730581781588055e-05
6579,3.730581781588055e-05
6580,4.974109042117407e-05
6581,9.948218084234814e-05
6582,0.0001367879986582287
6583,0.00019896436168469629
6584,0.00020518199798734302
6585,0.00016787618017146248
6586,0.0001492232712635222
6587,0.00012435272605293516
6588,0.00012435272605293516
6589,0.00012435272605293516
6590,0.00012435272605293516
6591,0.0001492232712635222
6592,0.00019274672538204955
6593,0.00021139963428998975
6594,0.0001865290890794028
6595,0.00016165854386881575
6596,0.0001367879986582287
6597,0.00011191745344764165
6598,8.704690823705461e-05
6599,7.46116356317611e-05
6600,4.974109042117407e-05
6601,4.3523454118527304e-05
6602,3.730581781588055e-05
6603,3.730581781588055e-05
6604,4.974109042117407e-05
6605,9.948218084234814e-05
6606,0.0001367879986582287
6607,0.00019896436168469629
6608,0.00020518199798734302
6609,0.00016787618017146248
6610,0.0001492232712635222
6611,0.00012435272605293516
6612,0.00012435272605293516
6613,0.00012435272605293516
6614,0.00012435272605293516
6615,0.0001492232712635222
6616,0.00019274672538204955
6617,0.00021139963428998975
6618,0.0001865290890794028
6619,0.00016165854386881575
6620,0.0001367879986582287
6621,0.00011191745344764165
6622,8.704690823705461e-05
6623,7.46116356317611e-05
6624,4.974109042117407e-05
6625,4.3523454118527304e-05
6626,3.730581781588055e-05
6627,3.730581781588055e-05
6628,4.974109042117407e-05
6629,9.948218084234814e-05
6630,0.0001367879986582287
6631,0.00019896436168469629
6632,0.00020518199798734302
6633,0.00016787618017146248
6634,0.0001492232712635222
6635,0.00012435272605293516
6636,0.00012435272605293516
6637,0.00012435272605293516
6638,0.00012435272605293516
6639,0.0001492232712635222
6640,0.00019274672538204955
6641,0.00021139963428998975
6642,0.0001865290890794028
6643,0.00016165854386881575
6644,0.0001367879986582287
6645,0.00011191745344764165
6646,8.704690823705461e-05
6647,7.46116356317611e-05
6648,4.7881610405429244e-05
6649,4.1896409104750585e-05
6650,3.5911207804071926e-05
6651,3.5911207804071926e-05
6652,4.7881610405429244e-05
6653,9.576322081085849e-05
6654,0.00013167442861493044
6655,0.00019152644162171697
6656,0.0001975116429223956
6657,0.0001616004351183237
6658,0.0001436448312162877
6659,0.0001197040260135731
6660,0.0001197040260135731
6661,0.0001197040260135731
6662,0.0001197040260135731
6663,0.0001436448312162877
6664,0.00018554124032103836
6665,0.00020349684422307424
6666,0.00017955603902035966
6667,0.00015561523381764505
6668,0.00013167442861493044
6669,0.00010773362341221578
6670,8.379281820950117e-05
6671,7.182241560814385e-05
6672,4.394269909330481e-05
6673,3.766517065140412e-05
6674,3.138764220950344e-05
6675,3.138764220950344e-05
6676,3.766517065140412e-05
6677,5.649775597710618e-05
6678,7.533034130280824e-05
6679,9.416292662851032e-05
6680,0.00011299551195421237
6681,0.00013182809727991444
6682,0.0001443831541637158
6683,0.00015066068260561648
6684,0.0001569382110475172
6685,0.0001569382110475172
6686,0.0001569382110475172
6687,0.0001569382110475172
6688,0.00015066068260561648
6689,0.0001443831541637158
6690,0.00013810562572181515
6691,0.00012555056883801376
6692,0.00010671798351231169
6693,8.788539818660962e-05
6694,6.905281286090757e-05
6695,5.649775597710618e-05
6696,3.79505128533087e-05
6697,3.2529011017121744e-05
6698,2.7107509180934788e-05
6699,2.7107509180934788e-05
6700,3.2529011017121744e-05
6701,4.8793516525682616e-05
6702,6.505802203424349e-05
6703,8.132252754280437e-05
6704,9.758703305136523e-05
6705,0.0001138515385599261
6706,0.00012469454223230003
6707,0.00013011604406848698
6708,0.00013553754590467395
6709,0.00013553754590467395
6710,0.00013553754590467395
6711,0.00013553754590467395
6712,0.00013011604406848698
6713,0.00012469454223230003
6714,0.00011927304039611307
6715,0.00010843003672373915
6716,9.216553121517829e-05
6717,7.59010257066174e-05
6718,5.9636520198056536e-05
6719,4.8793516525682616e-05
6720,4.881135041330166e-05
6721,4.270993161163894e-05
6722,3.660851280997624e-05
6723,3.660851280997624e-05
6724,4.881135041330166e-05
6725,9.762270082660332e-05
6726,0.00013423121363657957
6727,0.00019524540165320663
6728,0.0002013468204548693
6729,0.00016473830764489312
6730,0.00014643405123990495
6731,0.00012202837603325413
6732,0.00012202837603325413
6733,0.00012202837603325413
6734,0.00012202837603325413
6735,0.00014643405123990495
6736,0.00018914398285154395
6737,0.000207448239256532
6738,0.0001830425640498812
6739,0.00015863688884323039
6740,0.00013423121363657957
6741,0.00010982553842992871
6742,8.541986322327788e-05
6743,7.321702561995248e-05
6744,4.974109042117407e-05
6745,4.3523454118527304e-05
6746,3.730581781588055e-05
6747,3.730581781588055e-05
6748,4.974109042117407e-05
6749,9.948218084234814e-05
6750,0.0001367879986582287
6751,0.00019896436168469629
6752,0.00020518199798734302
6753,0.00016787618017146248
6754,0.0001492232712635222
6755,0.00012435272605293516
6756,0.00012435272605293516
6757,0.00012435272605293516
6758,0.00012435272605293516
6759,0.0001492232712635222
6760,0.00019274672538204955
6761,0.00021139963428998975
6762,0.0001865290890794028
6763,0.00016165854386881575
6764,0.0001367879986582287
6765,0.00011191745344764165
6766,8.704690823705461e-05
6767,7.46116356317611e-05
6768,4.974109042117407e-05
6769,4.3523454118527304e-05
6770,3.730581781588055e-05
6771,3.730581781588055e-05
6772,4.974109042117407e-05
6773,9.948218084234814e-05
6774,0.0001367879986582287
6775,0.00019896436168469629
6776,0.00020518199798734302
6777,0.00016787618017146248
6778,0.0001492232712635222
6779,0.00012435272605293516
6780,0.00012435272605293516
6781,0.00012435272605293516
6782,0.00012435272605293516
6783,0.0001492232712635222
6784,0.00019274672538204955
6785,0.00021139963428998975
6786,0.0001865290890794028
6787,0.00016165854386881575
6788,0.0001367879986582287
6789,0.00011191745344764165
6790,8.704690823705461e-05
6791,7.46116356317611e-05
6792,4.974109042117407e-05
6793,4.3523454118527304e-05
6794,3.730581781588055e-05
6795,3.730581781588055e-05
6796,4.974109042117407e-05
6797,9.948218084234814e-05
6798,0.0001367879986582287
6799,0.00019896436168469629
6800,0.00020518199798734302
6801,0.00016787618017146248
6802,0.0001492232712635222
6803,0.00012435272605293516
6804,0.00012435272605293516
6805,0.00012435272605293516
6806,0.00012435272605293516
6807,0.0001492232712635222
6808,0.00019274672538204955
6809,0.00021139963428998975
6810,0.0001865290890794028
6811,0.00016165854386881575
6812,0.0001367879986582287
6813,0.00011191745344764165
6814,8.704690823705461e-05
6815,7.46116356317611e-05
6816,4.7881610405429244e-05
6817,4.1896409104750585e-05
6818,3.5911207804071926e-05
6819,3.5911207804071926e-05
6820,4.7881610405429244e-05
6821,9.576322081085849e-05
6822,0.00013167442861493044
6823,0.00019152644162171697
6824,0.0001975116429223956
6825,0.0001616004351183237
6826,0.0001436448312162877
6827,0.0001197040260135731
6828,0.0001197040260135731
6829,0.0001197040260135731
6830,0.0001197040260135731
6831,0.0001436448312162877
6832,0.00018554124032103836
6833,0.00020349684422307424
6834,0.00017955603902035966
6835,0.00015561523381764505
6836,0.00013167442861493044
6837,0.00010773362341221578
6838,8.379281820950117e-05
6839,7.182241560814385e-05
6840,4.394269909330481e-05
6841,3.766517065140412e-05
6842,3.138764220950344e-05
6843,3.138764220950344e-05
6844,3.766517065140412e-05
6845,5.649775597710618e-05
6846,7.533034130280824e-05
6847,9.416292662851032e-05
6848,0.00011299551195421237
6849,0.00013182809727991444
6850,0.0001443831541637158
6851,0.00015066068260561648
6852,0.0001569382110475172
6853,0.0001569382110475172
6854,0.0001569382110475172
6855,0.0001569382110475172
6856,0.00015066068260561648
6857,0.0001443831541637158
6858,0.00013810562572181515
6859,0.00012555056883801376
6860,0.00010671798351231169
6861,8.788539818660962e-05
6862,6.905281286090757e-05
6863,5.649775597710618e-05
6864,3.79505128533087e-05
6865,3.2529011017121744e-05
6866,2.7107509180934788e-05
6867,2.7107509180934788e-05
6868,3.2529011017121744e-05
6869,4.8793516525682616e-05
6870,6.505802203424349e-05
6871,8.132252754280437e-05
6872,9.758703305136523e-05
6873,0.0001138515385599261
6874,0.00012469454223230003
6875,0.00013011604406848698
6876,0.00013553754590467395
6877,0.00013553754590467395
6878,0.00013553754590467395
6879,0.00013553754590467395
6880,0.00013011604406848698
6881,0.00012469454223230003
6882,0.00011927304039611307
6883,0.00010843003672373915
6884,9.216553121517829e-05
6885,7.59010257066174e-05
6886,5.9636520198056536e-05
6887,4.8793516525682616e-05
6888,4.881135041330166e-05
6889,4.270993161163894e-05
6890,3.660851280997624e-05
6891,3.660851280997624e-05
6892,4.881135041330166e-05
6893,9.762270082660332e-05
6894,0.00013423121363657957
6895,0.00019524540165320663
6896,0.0002013468204548693
6897,0.00016473830764489312
6898,0.00014643405123990495
6899,0.00012202837603325413
6900,0.00012202837603325413
6901,0.00012202837603325413
6902,0.00012202837603325413
6903,0.00014643405123990495
6904,0.00018914398285154395
6905,0.000207448239256532
6906,0.0001830425640498812
6907,0.00015863688884323039
6908,0.00013423121363657957
6909,0.00010982553842992871
6910,8.541986322327788e-05
6911,7.321702561995248e-05
6912,4.974109042117407e-05
6913,4.3523454118527304e-05
6914,3.730581781588055e-05
6915,3.730581781588055e-05
6916,4.974109042117407e-05
6917,9.948218084234814e-05
6918,0.0001367879986582287
6919,0.00019896436168469629
6920,0.00020518199798734302
6921,0.00016787618017146248
6922,0.0001492232712635222
6923,0.00012435272605293516
6924,0.00012435272605293516
6925,0.00012435272605293516
6926,0.00012435272605293516
6927,0.0001492232712635222
6928,0.00019274672538204955
6929,0.00021139963428998975
6930,0.0001865290890794028
6931,0.00016165854386881575
6932,0.0001367879986582287
6933,0.00011191745344764165
6934,8.704690823705461e-05
6935,7.46116356317611e-05
6936,4.974109042117407e-05
6937,4.3523454118527304e-05
6938,3.730581781588055e-05
6939,3.730581781588055e-05
6940,4.974109042117407e-05
6941,9.948218084234814e-05
6942,0.0001367879986582287
6943,0.00019896436168469629
6944,0.00020518199798734302
6945,0.00016787618017146248
6946,0.0001492232712635222
6947,0.00012435272605293516
6948,0.00012435272605293516
6949,0.00012435272605293516
6950,0.00012435272605293516
6951,0.0001492232712635222
6952,0.00019274672538204955
6953,0.00021139963428998975
6954,0.0001865290890794028
6955,0.00016165854386881575
6956,0.0001367879986582287
6957,0.00011191745344764165
6958,8.704690823705461e-05
6959,7.46116356317611e-05
6960,4.974109042117407e-05
6961,4.3523454118527304e-05
6962,3.730581781588055e-05
6963,3.730581781588055e-05
6964,4.974109042117407e-05
6965,9.948218084234814e-05
6966,0.0001367879986582287
6967,0.00019896436168469629
6968,0.00020518199798734302
6969,0.00016787618017146248
6970,0.0001492232712635222
6971,0.00012435272605293516
6972,0.00012435272605293516
6973,0.00012435272605293516
6974,0.00012435272605293516
6975,0.0001492232712635222
6976,0.00019274672538204955
6977,0.00021139963428998975
6978,0.0001865290890794028
6979,0.00016165854386881575
6980,0.0001367879986582287
6981,0.00011191745344764165
6982,8.704690823705461e-05
6983,7.46116356317611e-05
6984,4.7881610405429244e-05
6985,4.1896409104750585e-05
6986,3.5911207804071926e-05
6987,3.5911207804071926e-05
6988,4.7881610405429244e-05
6989,9.576322081085849e-05
6990,0.00013167442861493044
6991,0.00019152644162171697
6992,0.0001975116429223956
6993,0.0001616004351183237
6994,0.0001436448312162877
6995,0.0001197040260135731
6996,0.0001197040260135731
6997,0.0001197040260135731
6998,0.0001197040260135731
6999,0.0001436448312162877
7000,0.00018554124032103836
7001,0.00020349684422307424
7002,0.00017955603902035966
7003,0.00015561523381764505
7004,0.00013167442861493044
7005,0.00010773362341221578
7006,8.379281820950117e-05
7007,7.182241560814385e-05
7008,4.394269909330481e-05
7009,3.766517065140412e-05
7010,3.138764220950344e-05
7011,3.138764220950344e-05
7012,3.766517065140412e-05
7013,5.649775597710618e-05
7014,7.533034130280824e-05
7015,9.416292662851032e-05
7016,0.00011299551195421237
7017,0.00013182809727991444
7018,0.0001443831541637158
7019,0.00015066068260561648
7020,0.0001569382110475172
7021,0.0001569382110475172
7022,0.0001569382110475172
7023,0.0001569382110475172
7024,0.00015066068260561648
7025,0.0001443831541637158
7026,0.00013810562572181515
7027,0.00012555056883801376
7028,0.00010671798351231169
7029,8.788539818660962e-05
7030,6.905281286090757e-05
7031,5.649775597710618e-05
7032,3.79505128533087e-05
7033,3.2529011017121744e-05
7034,2.7107509180934788e-05
7035,2.7107509180934788e-05
7036,3.2529011017121744e-05
7037,4.8793516525682616e-05
7038,6.505802203424349e-05
7039,8.132252754280437e-05
7040,9.758703305136523e-05
7041,0.0001138515385599261
7042,0.00012469454223230003
7043,0.00013011604406848698
7044,0.00013553754590467395
7045,0.00013553754590467395
7046,0.00013553754590467395
7047,0.00013553754590467395
7048,0.00013011604406848698
7049,0.00012469454223230003
7050,0.00011927304039611307
7051,0.00010843003672373915
7052,9.216553121517829e-05
7053,7.59010257066174e-05
7054,5.9636520198056536e-05
7055,4.8793516525682616e-05
7056,4.881135041330166e-05
7057,4.270993161163894e-05
7058,3.660851280997624e-05
7059,3.660851280997624e-05
7060,4.881135041330166e-05
7061,9.762270082660332e-05
7062,0.00013423121363657957
7063,0.00019524540165320663
7064,0.0002013468204548693
7065,0.00016473830764489312
7066,0.00014643405123990495
7067,0.00012202837603325413
7068,0.00012202837603325413
7069,0.00012202837603325413
7070,0.00012202837603325413
7071,0.00014643405123990495
7072,0.00018914398285154395
7073,0.000207448239256532
7074,0.0001830425640498812
7075,0.00015863688884323039
7076,0.00013423121363657957
7077,0.00010982553842992871
7078,8.541986322327788e-05
7079,7.321702561995248e-05
7080,4.974109042117407e-05
7081,4.3523454118527304e-05
7082,3.730581781588055e-05
7083,3.730581781588055e-05
7084,4.974109042117407e-05
7085,9.948218084234814e-05
7086,0.0001367879986582287
7087,0.00019896436168469629
7088,0.00020518199798734302
7089,0.00016787618017146248
7090,0.0001492232712635222
7091,0.00012435272605293516
7092,0.00012435272605293516
7093,0.00012435272605293516
7094,0.00012435272605293516
7095,0.0001492232712635222
7096,0.00019274672538204955
7097,0.00021139963428998975
7098,0.0001865290890794028
7099,0.00016165854386881575
7100,0.0001367879986582287
7101,0.00011191745344764165
7102,8.704690823705461e-05
7103,7.46116356317611e-05
7104,4.974109042117407e-05
7105,4.3523454118527304e-05
7106,3.730581781588055e-05
7107,3.730581781588055e-05
7108,4.974109042117407e-05
7109,9.948218084234814e-05
7110,0.0001367879986582287
7111,0.00019896436168469629
7112,0.00020518199798734302
7113,0.00016787618017146248
7114,0.0001492232712635222
7115,0.00012435272605293516
7116,0.00012435272605293516
7117,0.00012435272605293516
7118,0.00012435272605293516
7119,0.0001492232712635222
7120,0.00019274672538204955
7121,0.00021139963428998975
7122,0.0001865290890794028
7123,0.00016165854386881575
7124,0.0001367879986582287
7125,0.00011191745344764165
7126,8.704690823705461e-05
7127,7.46116356317611e-05
7128,4.974109042117407e-05
7129,4.3523454118527304e-05
7130,3.730581781588055e-05
7131,3.730581781588055e-05
7132,4.974109042117407e-05
7133,9.948218084234814e-05
7134,0.0001367879986582287
7135,0.00019896436168469629
7136,0.00020518199798734302
7137,0.00016787618017146248
7138,0.0001492232712635222
7139,0.00012435272605293516
7140,0.00012435272605293516
7141,0.00012435272605293516
7142,0.00012435272605293516
7143,0.0001492232712635222
7144,0.00019274672538204955
7145,0.00021139963428998975
7146,0.0001865290890794028
7147,0.00016165854386881575
7148,0.0001367879986582287
7149,0.00011191745344764165
7150,8.704690823705461e-05
7151,7.46116356317611e-05
7152,4.7881610405429244e-05
7153,4.1896409104750585e-05
7154,3.5911207804071926e-05
7155,3.5911207804071926e-05
7156,4.7881610405429244e-05
7157,9.576322081085849e-05
7158,0.00013167442861493044
7159,0.00019152644162171697
7160,0.0001975116429223956
7161,0.0001616004351183237
7162,0.0001436448312162877
7163,0.0001197040260135731
7164,0.0001197040260135731
7165,0.0001197040260135731
7166,0.0001197040260135731
7167,0.0001436448312162877
7168,0.00018554124032103836
7169,0.00020349684422307424
7170,0.00017955603902035966
7171,0.00015561523381764505
7172,0.00013167442861493044
7173,0.00010773362341221578
7174,8.379281820950117e-05
7175,7.182241560814385e-05
7176,4.394269909330481e-05
7177,3.766517065140412e-05
7178,3.138764220950344e-05
7179,3.138764220950344e-05
7180,3.766517065140412e-05
7181,5.649775597710618e-05
7182,7.533034130280824e-05
7183,9.416292662851032e-05
7184,0.00011299551195421237
7185,0.00013182809727991444
7186,0.0001443831541637158
7187,0.00015066068260561648
7188,0.0001569382110475172
7189,0.0001569382110475172
7190,0.0001569382110475172
7191,0.0001569382110475172
7192,0.00015066068260561648
7193,0.0001443831541637158
7194,0.00013810562572181515
7195,0.00012555056883801376
7196,0.00010671798351231169
7197,8.788539818660962e-05
7198,6.905281286090757e-05
7199,5.649775597710618e-05
7200,3.79505128533087e-05
7201,3.2529011017121744e-05
7202,2.7107509180934788e-05
7203,2.7107509180934788e-05
7204,3.2529011017121744e-05
7205,4.8793516525682616e-05
7206,6.505802203424349e-05
7207,8.132252754280437e-05
7208,9.758703305136523e-05
7209,0.0001138515385599261
7210,0.00012469454223230003
7211,0.00013011604406848698
7212,0.00013553754590467395
7213,0.00013553754590467395
7214,0.00013553754590467395
7215,0.00013553754590467395
7216,0.00013011604406848698
7217,0.00012469454223230003
7218,0.00011927304039611307
7219,0.00010843003672373915
7220,9.216553121517829e-05
7221,7.59010257066174e-05
7222,5.9636520198056536e-05
7223,4.8793516525682616e-05
7224,4.881135041330166e-05
7225,4.270993161163894e-05
7226,3.660851280997624e-05
7227,3.660851280997624e-05
7228,4.881135041330166e-05
7229,9.762270082660332e-05
7230,0.00013423121363657957
7231,0.00019524540165320663
7232,0.0002013468204548693
7233,0.00016473830764489312
7234,0.00014643405123990495
7235,0.00012202837603325413
7236,0.00012202837603325413
7237,0.00012202837603325413
7238,0.00012202837603325413
7239,0.00014643405123990495
7240,0.00018914398285154395
7241,0.000207448239256532
7242,0.0001830425640498812
7243,0.00015863688884323039
7244,0.00013423121363657957
7245,0.00010982553842992871
7246,8.541986322327788e-05
7247,7.321702561995248e-05
7248,4.974109042117407e-05
7249,4.3523454118527304e-05
7250,3.730581781588055e-05
7251,3.730581781588055e-05
7252,4.974109042117407e-05
7253,9.948218084234814e-05
7254,0.0001367879986582287
7255,0.00019896436168469629
7256,0.00020518199798734302
7257,0.00016787618017146248
7258,0.0001492232712635222
7259,0.00012435272605293516
7260,0.00012435272605293516
7261,0.00012435272605293516
7262,0.00012435272605293516
7263,0.0001492232712635222
7264,0.00019274672538204955
7265,0.00021139963428998975
7266,0.0001865290890794028
7267,0.00016165854386881575
7268,0.0001367879986582287
7269,0.00011191745344764165
7270,8.704690823705461e-05
7271,7.46116356317611e-05
7272,4.974109042117407e-05
7273,4.3523454118527304e-05
7274,3.730581781588055e-05
7275,3.730581781588055e-05
7276,4.974109042117407e-05
7277,9.948218084234814e-05
7278,0.0001367879986582287
7279,0.00019896436168469629
7280,0.00020518199798734302
7281,0.00016787618017146248
7282,0.0001492232712635222
7283,0.00012435272605293516
7284,0.00012435272605293516
7285,0.00012435272605293516
7286,0.00012435272605293516
7287,0.0001492232712635222
7288,0.00019274672538204955
7289,0.00021139963428998975
7290,0.0001865290890794028
7291,0.00016165854386881575
7292,0.0001367879986582287
7293,0.00011191745344764165
7294,8.704690823705461e-05
7295,7.46116356317611e-05
7296,4.974109042117407e-05
7297,4.3523454118527304e-05
7298,3.730581781588055e-05
7299,3.730581781588055e-05
7300,4.974109042117407e-05
7301,9.948218084234814e-05
7302,0.0001367879986582287
7303,0.00019896436168469629
7304,0.00020518199798734302
7305,0.00016787618017146248
7306,0.0001492232712635222
7307,0.00012435272605293516
7308,0.00012435272605293516
7309,0.00012435272605293516
7310,0.00012435272605293516
7311,0.0001492232712635222
7312,0.00019274672538204955
7313,0.00021139963428998975
7314,0.0001865290890794028
7315,0.00016165854386881575
7316,0.0001367879986582287
7317,0.00011191745344764165
7318,8.704690823705461e-05
7319,7.46116356317611e-05
7320,4.977791180762446e-05
7321,4.35556728316714e-05
7322,3.733343385571834e-05
7323,3.733343385571834e-05
7324,4.977791180762446e-05
7325,9.955582361524892e-05
7326,0.0001368892574709673
7327,0.00019911164723049785
7328,0.0002053338862064509
7329,0.00016800045235073257
7330,0.00014933373542287337
7331,0.00012444477951906115
7332,0.00012444477951906115
7333,0.00012444477951906115
7334,0.00012444477951906115
7335,0.00014933373542287337
7336,0.00019288940825454482
7337,0.00021155612518240394
7338,0.00018666716927859175
7339,0.00016177821337477952
7340,0.0001368892574709673
7341,0.00011200030156715502
7342,8.71113456633428e-05
7343,7.466686771143669e-05
7344,4.5683004007891136e-05
7345,3.91568605781924e-05
7346,3.263071714849367e-05
7347,3.263071714849367e-05
7348,3.91568605781924e-05
7349,5.8735290867288615e-05
7350,7.83137211563848e-05
7351,9.789215144548102e-05
7352,0.00011747058173457723
7353,0.00013704901202367343
7354,0.00015010129888307089
7355,0.0001566274423127696
7356,0.00016315358574246836
7357,0.00016315358574246836
7358,0.00016315358574246836
7359,0.00016315358574246836
7360,0.0001566274423127696
7361,0.00015010129888307089
7362,0.0001435751554533722
7363,0.00013052286859397468
7364,0.00011094443830487849
7365,9.136600801578227e-05
7366,7.17875777266861e-05
7367,5.8735290867288615e-05
7368,3.945350346136052e-05
7369,3.381728868116616e-05
7370,2.818107390097181e-05
7371,2.818107390097181e-05
7372,3.381728868116616e-05
7373,5.072593302174926e-05
7374,6.763457736233232e-05
7375,8.454322170291543e-05
7376,0.00010145186604349851
7377,0.0001183605103840816
7378,0.0001296329399444703
7379,0.00013526915472466465
7380,0.00014090536950485906
7381,0.00014090536950485906
7382,0.00014090536950485906
7383,0.00014090536950485906
7384,0.00013526915472466465
7385,0.0001296329399444703
7386,0.00012399672516427595
7387,0.00011272429560388723
7388,9.581565126330417e-05
7389,7.890700692272104e-05
7390,6.199836258213798e-05
7391,5.072593302174926e-05
7392,5.074447320194727e-05
7393,4.4401414051703856e-05
7394,3.8058354901460454e-05
7395,3.8058354901460454e-05
7396,5.074447320194727e-05
7397,0.00010148894640389454
7398,0.000139547301305355
7399,0.0002029778928077891
7400,0.00020932095195803246
7401,0.00017126259705657203
7402,0.00015223341960584182
7403,0.00012686118300486815
7404,0.00012686118300486815
7405,0.00012686118300486815
7406,0.00012686118300486815
7407,0.00015223341960584182
7408,0.00019663483365754572
7409,0.00021566401110827585
7410,0.00019029177450730227
7411,0.00016491953790632863
7412,0.000139547301305355
7413,0.00011417506470438134
7414,8.880282810340771e-05
7415,7.611670980292091e-05
7416,5.1711034596270076e-05
7417,4.524715527173631e-05
7418,3.878327594720255e-05
7419,3.878327594720255e-05
7420,5.1711034596270076e-05
7421,0.00010342206919254015
7422,0.00014220534513974272
7423,0.0002068441383850803
7424,0.00021330801770961402
7425,0.00017452474176241151
7426,0.0001551331037888102
7427,0.0001292775864906752
7428,0.0001292775864906752
7429,0.0001292775864906752
7430,0.0001292775864906752
7431,0.0001551331037888102
7432,0.00020038025906054656
7433,0.0002197718970341478
7434,0.0001939163797360128
7435,0.00016806086243787775
7436,0.00014220534513974272
7437,0.00011634982784160765
7438,9.049431054347261e-05
7439,7.75665518944051e-05
7440,5.1711034596270076e-05
7441,4.524715527173631e-05
7442,3.878327594720255e-05
7443,3.878327594720255e-05
7444,5.1711034596270076e-05
7445,0.00010342206919254015
7446,0.00014220534513974272
7447,0.0002068441383850803
7448,0.00021330801770961402
7449,0.00017452474176241151
7450,0.0001551331037888102
7451,0.0001292775864906752
7452,0.0001292775864906752
7453,0.0001292775864906752
7454,0.0001292775864906752
7455,0.0001551331037888102
7456,0.00020038025906054656
7457,0.0002197718970341478
7458,0.0001939163797360128
7459,0.00016806086243787775
7460,0.00014220534513974272
7461,0.00011634982784160765
7462,9.049431054347261e-05
7463,7.75665518944051e-05
7464,5.1711034596270076e-05
7465,4.524715527173631e-05
7466,3.878327594720255e-05
7467,3.878327594720255e-05
7468,5.1711034596270076e-05
7469,0.00010342206919254015
7470,0.00014220534513974272
7471,0.0002068441383850803
7472,0.00021330801770961402
7473,0.00017452474176241151
7474,0.0001551331037888102
7475,0.0001292775864906752
7476,0.0001292775864906752
7477,0.0001292775864906752
7478,0.0001292775864906752
7479,0.0001551331037888102
7480,0.00020038025906054656
7481,0.0002197718970341478
7482,0.0001939163797360128
7483,0.00016806086243787775
7484,0.00014220534513974272
7485,0.00011634982784160765
7486,9.049431054347261e-05
7487,7.75665518944051e-05
7488,4.977791180762446e-05
7489,4.35556728316714e-05
7490,3.733343385571834e-05
7491,3.733343385571834e-05
7492,4.977791180762446e-05
7493,9.955582361524892e-05
7494,0.0001368892574709673
7495,0.00019911164723049785
7496,0.0002053338862064509
7497,0.00016800045235073257
7498,0.00014933373542287337
7499,0.00012444477951906115
7500,0.00012444477951906115
7501,0.00012444477951906115
7502,0.00012444477951906115
7503,0.00014933373542287337
7504,0.00019288940825454482
7505,0.00021155612518240394
7506,0.00018666716927859175
7507,0.00016177821337477952
7508,0.0001368892574709673
7509,0.00011200030156715502
7510,8.71113456633428e-05
7511,7.466686771143669e-05
7512,4.5683004007891136e-05
7513,3.91568605781924e-05
7514,3.263071714849367e-05
7515,3.263071714849367e-05
7516,3.91568605781924e-05
7517,5.8735290867288615e-05
7518,7.83137211563848e-05
7519,9.789215144548102e-05
7520,0.00011747058173457723
7521,0.00013704901202367343
7522,0.00015010129888307089
7523,0.0001566274423127696
7524,0.00016315358574246836
7525,0.00016315358574246836
7526,0.00016315358574246836
7527,0.00016315358574246836
7528,0.0001566274423127696
7529,0.00015010129888307089
7530,0.0001435751554533722
7531,0.00013052286859397468
7532,0.00011094443830487849
7533,9.136600801578227e-05
7534,7.17875777266861e-05
7535,5.8735290867288615e-05
7536,3.945350346136052e-05
7537,3.381728868116616e-05
7538,2.818107390097181e-05
7539,2.818107390097181e-05
7540,3.381728868116616e-05
7541,5.072593302174926e-05
7542,6.763457736233232e-05
7543,8.454322170291543e-05
7544,0.00010145186604349851
7545,0.0001183605103840816
7546,0.0001296329399444703
7547,0.00013526915472466465
7548,0.00014090536950485906
7549,0.00014090536950485906
7550,0.00014090536950485906
7551,0.00014090536950485906
7552,0.00013526915472466465
7553,0.0001296329399444703
7554,0.00012399672516427595
7555,0.00011272429560388723
7556,9.581565126330417e-05
7557,7.890700692272104e-05
7558,6.199836258213798e-05
7559,5.072593302174926e-05
7560,5.074447320194727e-05
7561,4.4401414051703856e-05
7562,3.8058354901460454e-05
7563,3.8058354901460454e-05
7564,5.074447320194727e-05
7565,0.00010148894640389454
7566,0.000139547301305355
7567,0.0002029778928077891
7568,0.00020932095195803246
7569,0.00017126259705657203
7570,0.00015223341960584182
7571,0.00012686118300486815
7572,0.00012686118300486815
7573,0.00012686118300486815
7574,0.00012686118300486815
7575,0.00015223341960584182
7576,0.00019663483365754572
7577,0.00021566401110827585
7578,0.00019029177450730227
7579,0.00016491953790632863
7580,0.000139547301305355
7581,0.00011417506470438134
7582,8.880282810340771e-05
7583,7.611670980292091e-05
7584,5.1711034596270076e-05
7585,4.524715527173631e-05
7586,3.878327594720255e-05
7587,3.878327594720255e-05
7588,5.1711034596270076e-05
7589,0.00010342206919254015
7590,0.00014220534513974272
7591,0.0002068441383850803
7592,0.00021330801770961402
7593,0.00017452474176241151
7594,0.0001551331037888102
7595,0.0001292775864906752
7596,0.0001292775864906752
7597,0.0001292775864906752
7598,0.0001292775864906752
7599,0.0001551331037888102
7600,0.00020038025906054656
7601,0.0002197718970341478
7602,0.0001939163797360128
7603,0.00016806086243787775
7604,0.00014220534513974272
7605,0.00011634982784160765
7606,9.049431054347261e-05
7607,7.75665518944051e-05
7608,5.1711034596270076e-05
7609,4.524715527173631e-05
7610,3.878327594720255e-05
7611,3.878327594720255e-05
7612,5.1711034596270076e-05
7613,0.00010342206919254015
7614,0.00014220534513974272
7615,0.0002068441383850803
7616,0.00021330801770961402
7617,0.00017452474176241151
7618,0.0001551331037888102
7619,0.0001292775864906752
7620,0.0001292775864906752
7621,0.0001292775864906752
7622,0.0001292775864906752
7623,0.0001551331037888102
7624,0.00020038025906054656
7625,0.0002197718970341478
7626,0.0001939163797360128
7627,0.00016806086243787775
7628,0.00014220534513974272
7629,0.00011634982784160765
7630,9.049431054347261e-05
7631,7.75665518944051e-05
7632,5.1711034596270076e-05
7633,4.524715527173631e-05
7634,3.878327594720255e-05
7635,3.878327594720255e-05
7636,5.1711034596270076e-05
7637,0.00010342206919254015
7638,0.00014220534513974272
7639,0.0002068441383850803
7640,0.00021330801770961402
7641,0.00017452474176241151
7642,0.0001551331037888102
7643,0.0001292775864906752
7644,0.0001292775864906752
7645,0.0001292775864906752
7646,0.0001292775864906752
7647,0.0001551331037888102
7648,0.00020038025906054656
7649,0.0002197718970341478
7650,0.0001939163797360128
7651,0.00016806086243787775
7652,0.00014220534513974272
7653,0.00011634982784160765
7654,9.049431054347261e-05
7655,7.75665518944051e-05
7656,4.977791180762446e-05
7657,4.35556728316714e-05
7658,3.733343385571834e-05
7659,3.733343385571834e-05
7660,4.977791180762446e-05
7661,9.955582361524892e-05
7662,0.0001368892574709673
7663,0.00019911164723049785
7664,0.0002053338862064509
7665,0.00016800045235073257
7666,0.00014933373542287337
7667,0.00012444477951906115
7668,0.00012444477951906115
7669,0.00012444477951906115
7670,0.00012444477951906115
7671,0.00014933373542287337
7672,0.00019288940825454482
7673,0.00021155612518240394
7674,0.00018666716927859175
7675,0.00016177821337477952
7676,0.0001368892574709673
7677,0.00011200030156715502
7678,8.71113456633428e-05
7679,7.466686771143669e-05
7680,4.5683004007891136e-05
7681,3.91568605781924e-05
7682,3.263071714849367e-05
7683,3.263071714849367e-05
7684,3.91568605781924e-05
7685,5.8735290867288615e-05
7686,7.83137211563848e-05
7687,9.789215144548102e-05
7688,0.00011747058173457723
7689,0.00013704901202367343
7690,0.00015010129888307089
7691,0.0001566274423127696
7692,0.00016315358574246836
7693,0.00016315358574246836
7694,0.00016315358574246836
7695,0.00016315358574246836
7696,0.0001566274423127696
7697,0.00015010129888307089
7698,0.0001435751554533722
7699,0.00013052286859397468
7700,0.00011094443830487849
7701,9.136600801578227e-05
7702,7.17875777266861e-05
7703,5.8735290867288615e-05
7704,3.945350346136052e-05
7705,3.381728868116616e-05
7706,2.818107390097181e-05
7707,2.818107390097181e-05
7708,3.381728868116616e-05
7709,5.072593302174926e-05
7710,6.763457736233232e-05
7711,8.454322170291543e-05
7712,0.00010145186604349851
7713,0.0001183605103840816
7714,0.0001296329399444703
7715,0.00013526915472466465
7716,0.00014090536950485906
7717,0.00014090536950485906
7718,0.00014090536950485906
7719,0.00014090536950485906
7720,0.00013526915472466465
7721,0.0001296329399444703
7722,0.00012399672516427595
7723,0.00011272429560388723
7724,9.581565126330417e-05
7725,7.890700692272104e-05
7726,6.199836258213798e-05
7727,5.072593302174926e-05
7728,5.074447320194727e-05
7729,4.4401414051703856e-05
7730,3.8058354901460454e-05
7731,3.8058354901460454e-05
7732,5.074447320194727e-05
7733,0.00010148894640389454
7734,0.000139547301305355
7735,0.0002029778928077891
7736,0.00020932095195803246
7737,0.00017126259705657203
7738,0.00015223341960584182
7739,0.00012686118300486815
7740,0.00012686118300486815
7741,0.00012686118300486815
7742,0.00012686118300486815
7743,0.00015223341960584182
7744,0.00019663483365754572
7745,0.00021566401110827585
7746,0.00019029177450730227
7747,0.00016491953790632863
7748,0.000139547301305355
7749,0.00011417506470438134
7750,8.880282810340771e-05
7751,7.611670980292091e-05
7752,5.1711034596270076e-05
7753,4.524715527173631e-05
7754,3.878327594720255e-05
7755,3.878327594720255e-05
7756,5.1711034596270076e-05
7757,0.00010342206919254015
7758,0.00014220534513974272
7759,0.0002068441383850803
7760,0.00021330801770961402
7761,0.00017452474176241151
7762,0.0001551331037888102
7763,0.0001292775864906752
7764,0.0001292775864906752
7765,0.0001292775864906752
7766,0.0001292775864906752
7767,0.0001551331037888102
7768,0.00020038025906054656
7769,0.0002197718970341478
7770,0.0001939163797360128
7771,0.00016806086243787775
7772,0.00014220534513974272
7773,0.00011634982784160765
7774,9.049431054347261e-05
7775,7.75665518944051e-05
7776,5.1711034596270076e-05
7777,4.524715527173631e-05
7778,3.878327594720255e-05
7779,3.878327594720255e-05
7780,5.1711034596270076e-05
7781,0.00010342206919254015
7782,0.00014220534513974272
7783,0.0002068441383850803
7784,0.00021330801770961402
7785,0.00017452474176241151
7786,0.0001551331037888102
7787,0.0001292775864906752
7788,0.0001292775864906752
7789,0.0001292775864906752
7790,0.0001292775864906752
7791,0.0001551331037888102
7792,0.00020038025906054656
7793,0.0002197718970341478
7794,0.0001939163797360128
7795,0.00016806086243787775
7796,0.00014220534513974272
7797,0.00011634982784160765
7798,9.049431054347261e-05
7799,7.75665518944051e-05
7800,5.1711034596270076e-05
7801,4.524715527173631e-05
7802,3.878327594720255e-05
7803,3.878327594720255e-05
7804,5.1711034596270076e-05
7805,0.00010342206919254015
7806,0.00014220534513974272
7807,0.0002068441383850803
7808,0.00021330801770961402
7809,0.00017452474176241151
7810,0.0001551331037888102
7811,0.0001292775864906752
7812,0.0001292775864906752
7813,0.0001292775864906752
7814,0.0001292775864906752
7815,0.0001551331037888102
7816,0.00020038025906054656
7817,0.0002197718970341478
7818,0.0001939163797360128
7819,0.00016806086243787775
7820,0.00014220534513974272
7821,0.00011634982784160765
7822,9.049431054347261e-05
7823,7.75665518944051e-05
7824,4.977791180762446e-05
7825,4.35556728316714e-05
7826,3.733343385571834e-05
7827,3.733343385571834e-05
7828,4.977791180762446e-05
7829,9.955582361524892e-05
7830,0.0001368892574709673
7831,0.00019911164723049785
7832,0.0002053338862064509
7833,0.00016800045235073257
7834,0.00014933373542287337
7835,0.00012444477951906115
7836,0.00012444477951906115
7837,0.00012444477951906115
7838,0.00012444477951906115
7839,0.00014933373542287337
7840,0.00019288940825454482
7841,0.00021155612518240394
7842,0.00018666716927859175
7843,0.00016177821337477952
7844,0.0001368892574709673
7845,0.00011200030156715502
7846,8.71113456633428e-05
7847,7.466686771143669e-05
7848,4.5683004007891136e-05
7849,3.91568605781924e-05
7850,3.263071714849367e-05
7851,3.263071714849367e-05
7852,3.91568605781924e-05
7853,5.8735290867288615e-05
7854,7.83137211563848e-05
7855,9.789215144548102e-05
7856,0.00011747058173457723
7857,0.00013704901202367343
7858,0.00015010129888307089
7859,0.0001566274423127696
7860,0.00016315358574246836
7861,0.00016315358574246836
7862,0.00016315358574246836
7863,0.00016315358574246836
7864,0.0001566274423127696
7865,0.00015010129888307089
7866,0.0001435751554533722
7867,0.00013052286859397468
7868,0.00011094443830487849
7869,9.136600801578227e-05
7870,7.17875777266861e-05
7871,5.8735290867288615e-05
7872,3.945350346136052e-05
7873,3.381728868116616e-05
7874,2.818107390097181e-05
7875,2.818107390097181e-05
7876,3.381728868116616e-05
7877,5.072593302174926e-05
7878,6.763457736233232e-05
7879,8.454322170291543e-05
7880,0.00010145186604349851
7881,0.0001183605103840816
7882,0.0001296329399444703
7883,0.00013526915472466465
7884,0.00014090536950485906
7885,0.00014090536950485906
7886,0.00014090536950485906
7887,0.00014090536950485906
7888,0.00013526915472466465
7889,0.0001296329399444703
7890,0.00012399672516427595
7891,0.00011272429560388723
7892,9.581565126330417e-05
7893,7.890700692272104e-05
7894,6.199836258213798e-05
7895,5.072593302174926e-05
7896,5.074447320194727e-05
7897,4.4401414051703856e-05
7898,3.8058354901460454e-05
7899,3.8058354901460454e-05
7900,5.074447320194727e-05
7901,0.00010148894640389454
7902,0.000139547301305355
7903,0.0002029778928077891
7904,0.00020932095195803246
7905,0.00017126259705657203
7906,0.00015223341960584182
7907,0.00012686118300486815
7908,0.00012686118300486815
7909,0.00012686118300486815
7910,0.00012686118300486815
7911,0.00015223341960584182
7912,0.00019663483365754572
7913,0.00021566401110827585
7914,0.00019029177450730227
7915,0.00016491953790632863
7916,0.000139547301305355
7917,0.00011417506470438134
7918,8.880282810340771e-05
7919,7.611670980292091e-05
7920,5.1711034596270076e-05
7921,4.524715527173631e-05
7922,3.878327594720255e-05
7923,3.878327594720255e-05
7924,5.1711034596270076e-05
7925,0.00010342206919254015
7926,0.00014220534513974272
7927,0.0002068441383850803
7928,0.00021330801770961402
7929,0.00017452474176241151
7930,0.0001551331037888102
7931,0.0001292775864906752
7932,0.0001292775864906752
7933,0.0001292775864906752
7934,0.0001292775864906752
7935,0.0001551331037888102
7936,0.00020038025906054656
7937,0.0002197718970341478
7938,0.0001939163797360128
7939,0.00016806086243787775
7940,0.00014220534513974272
7941,0.00011634982784160765
7942,9.049431054347261e-05
7943,7.75665518944051e-05
7944,5.1711034596270076e-05
7945,4.524715527173631e-05
7946,3.878327594720255e-05
7947,3.878327594720255e-05
7948,5.1711034596270076e-05
7949,0.00010342206919254015
7950,0.00014220534513974272
7951,0.0002068441383850803
7952,0.00021330801770961402
7953,0.00017452474176241151
7954,0.0001551331037888102
7955,0.0001292775864906752
7956,0.0001292775864906752
7957,0.0001292775864906752
7958,0.0001292775864906752
7959,0.0001551331037888102
7960,0.00020038025906054656
7961,0.0002197718970341478
7962,0.0001939163797360128
7963,0.00016806086243787775
7964,0.00014220534513974272
7965,0.00011634982784160765
7966,9.049431054347261e-05
7967,7.75665518944051e-05
7968,5.1711034596270076e-05
7969,4.524715527173631e-05
7970,3.878327594720255e-05
7971,3.878327594720255e-05
7972,5.1711034596270076e-05
7973,0.00010342206919254015
7974,0.00014220534513974272
7975,0.0002068441383850803
7976,0.00021330801770961402
7977,0.00017452474176241151
7978,0.0001551331037888102
7979,0.0001292775864906752
7980,0.0001292775864906752
7981,0.0001292775864906752
7982,0.0001292775864906752
7983,0.0001551331037888102
7984,0.00020038025906054656
7985,0.0002197718970341478
7986,0.0001939163797360128
7987,0.00016806086243787775
7988,0.00014220534513974272
7989,0.00011634982784160765
7990,9.049431054347261e-05
7991,7.75665518944051e-05
7992,4.977791180762446e-05
7993,4.35556728316714e-05
7994,3.733343385571834e-05
7995,3.733343385571834e-05
7996,4.977791180762446e-05
7997,9.955582361524892e-05
7998,0.0001368892574709673
7999,0.00019911164723049785
8000,0.0002053338862064509
8001,0.00016800045235073257
8002,0.00014933373542287337
8003,0.00012444477951906115
8004,0.00012444477951906115
8005,0.00012444477951906115
8006,0.00012444477951906115
8007,0.00014933373542287337
8008,0.00019288940825454482
8009,0.00021155612518240394
8010,0.00018666716927859175
8011,0.00016177821337477952
8012,0.0001368892574709673
8013,0.00011200030156715502
8014,8.71113456633428e-05
8015,7.466686771143669e-05
8016,4.5683004007891136e-05
8017,3.91568605781924e-05
8018,3.263071714849367e-05
8019,3.263071714849367e-05
8020,3.91568605781924e-05
8021,5.8735290867288615e-05
8022,7.83137211563848e-05
8023,9.789215144548102e-05
8024,0.00011747058173457723
8025,0.00013704901202367343
8026,0.00015010129888307089
8027,0.0001566274423127696
8028,0.00016315358574246836
8029,0.00016315358574246836
8030,0.00016315358574246836
8031,0.00016315358574246836
8032,0.0001566274423127696
8033,0.00015010129888307089
8034,0.0001435751554533722
8035,0.00013052286859397468
8036,0.00011094443830487849
8037,9.136600801578227e-05
8038,7.17875777266861e-05
8039,5.8735290867288615e-05
8040,4.0204998765386445e-05
8041,3.446142751318838e-05
8042,2.871785626099032e-05
8043,2.871785626099032e-05
8044,3.446142751318838e-05
8045,5.169214126978257e-05
8046,6.892285502637676e-05
8047,8.615356878297097e-05
8048,0.00010338428253956513
8049,0.00012061499629615934
8050,0.00013210213880055546
8051,0.0001378457100527535
8052,0.00014358928130495162
8053,0.00014358928130495162
8054,0.00014358928130495162
8055,0.00014358928130495162
8056,0.0001378457100527535
8057,0.00013210213880055546
8058,0.00012635856754835743
8059,0.00011487142504396128
8060,9.764071128736708e-05
8061,8.040999753077289e-05
8062,6.317928377417872e-05
8063,5.169214126978257e-05
8064,5.1711034596270076e-05
8065,4.524715527173631e-05
8066,3.878327594720255e-05
8067,3.878327594720255e-05
8068,5.1711034596270076e-05
8069,0.00010342206919254015
8070,0.00014220534513974272
8071,0.0002068441383850803
8072,0.00021330801770961405
8073,0.0001745247417624115
8074,0.0001551331037888102
8075,0.0001292775864906752
8076,0.0001292775864906752
8077,0.0001292775864906752
8078,0.0001292775864906752
8079,0.0001551331037888102
8080,0.00020038025906054656
8081,0.0002197718970341478
8082,0.00019391637973601277
8083,0.00016806086243787775
8084,0.00014220534513974272
8085,0.00011634982784160765
8086,9.049431054347261e-05
8087,7.75665518944051e-05
8088,5.269600668381808e-05
8089,4.6109005848340816e-05
8090,3.9522005012863556e-05
8091,3.9522005012863556e-05
8092,5.269600668381808e-05
8093,0.00010539201336763616
8094,0.00014491401838049973
8095,0.00021078402673527233
8096,0.00021737102757074956
8097,0.000177849022557886
8098,0.00015808802005145423
8099,0.0001317400167095452
8100,0.0001317400167095452
8101,0.0001317400167095452
8102,0.0001317400167095452
8103,0.00015808802005145423
8104,0.00020419702589979507
8105,0.0002239580284062268
8106,0.00019761002506431778
8107,0.00017126202172240877
8108,0.00014491401838049973
8109,0.00011856601503859066
8110,9.221801169668163e-05
8111,7.904401002572711e-05
8112,5.269600668381808e-05
8113,4.6109005848340816e-05
8114,3.9522005012863556e-05
8115,3.9522005012863556e-05
8116,5.269600668381808e-05
8117,0.00010539201336763616
8118,0.00014491401838049973
8119,0.00021078402673527233
8120,0.00021737102757074956
8121,0.000177849022557886
8122,0.00015808802005145423
8123,0.0001317400167095452
8124,0.0001317400167095452
8125,0.0001317400167095452
8126,0.0001317400167095452
8127,0.00015808802005145423
8128,0.00020419702589979507
8129,0.0002239580284062268
8130,0.00019761002506431778
8131,0.00017126202172240877
8132,0.00014491401838049973
8133,0.00011856601503859066
8134,9.221801169668163e-05
8135,7.904401002572711e-05
8136,5.269600668381808e-05
8137,4.6109005848340816e-05
8138,3.9522005012863556e-05
8139,3.9522005012863556e-05
8140,5.269600668381808e-05
8141,0.00010539201336763616
8142,0.00014491401838049973
8143,0.00021078402673527233
8144,0.00021737102757074956
8145,0.000177849022557886
8146,0.00015808802005145423
8147,0.0001317400167095452
8148,0.0001317400167095452
8149,0.0001317400167095452
8150,0.0001317400167095452
8151,0.00015808802005145423
8152,0.00020419702589979507
8153,0.0002239580284062268
8154,0.00019761002506431778
8155,0.00017126202172240877
8156,0.00014491401838049973
8157,0.00011856601503859066
8158,9.221801169668163e-05
8159,7.904401002572711e-05
8160,5.072606250872207e-05
8161,4.4385304695131806e-05
8162,3.8044546881541555e-05
8163,3.8044546881541555e-05
8164,5.072606250872207e-05
8165,0.00010145212501744414
8166,0.00013949667189898572
8167,0.00020290425003488828
8168,0.00020924500784847856
8169,0.000171200460966937
8170,0.00015217818752616622
8171,0.0001268151562718052
8172,0.0001268151562718052
8173,0.0001268151562718052
8174,0.0001268151562718052
8175,0.00015217818752616622
8176,0.00019656349222129803
8177,0.00021558576566206878
8178,0.00019022273440770775
8179,0.00016485970315334675
8180,0.00013949667189898572
8181,0.00011413364064462464
8182,8.877060939026361e-05
8183,7.608909376308311e-05
8184,4.655315646518431e-05
8185,3.9902705541586545e-05
8186,3.325225461798879e-05
8187,3.325225461798879e-05
8188,3.9902705541586545e-05
8189,5.985405831237982e-05
8190,7.980541108317309e-05
8191,9.975676385396638e-05
8192,0.00011970811662475964
8193,0.0001396594693955529
8194,0.00015296037124274843
8195,0.00015961082216634618
8196,0.00016626127308994398
8197,0.00016626127308994398
8198,0.00016626127308994398
8199,0.00016626127308994398
8200,0.00015961082216634618
8201,0.00015296037124274843
8202,0.0001463099203191507
8203,0.00013300901847195515
8204,0.00011305766570116188
8205,9.310631293036862e-05
8206,7.315496015957535e-05
8207,5.985405831237982e-05
8208,4.0204998765386445e-05
8209,3.446142751318838e-05
8210,2.871785626099032e-05
8211,2.871785626099032e-05
8212,3.446142751318838e-05
8213,5.169214126978257e-05
8214,6.892285502637676e-05
8215,8.615356878297097e-05
8216,0.00010338428253956513
8217,0.00012061499629615934
8218,0.00013210213880055546
8219,0.0001378457100527535
8220,0.00014358928130495162
8221,0.00014358928130495162
8222,0.00014358928130495162
8223,0.00014358928130495162
8224,0.0001378457100527535
8225,0.00013210213880055546
8226,0.00012635856754835743
8227,0.00011487142504396128
8228,9.764071128736708e-05
8229,8.040999753077289e-05
8230,6.317928377417872e-05
8231,5.169214126978257e-05
8232,5.1711034596270076e-05
8233,4.524715527173631e-05
8234,3.878327594720255e-05
8235,3.878327594720255e-05
8236,5.1711034596270076e-05
8237,0.00010342206919254015
8238,0.00014220534513974272
8239,0.0002068441383850803
8240,0.00021330801770961405
8241,0.0001745247417624115
8242,0.0001551331037888102
8243,0.0001292775864906752
8244,0.0001292775864906752
8245,0.0001292775864906752
8246,0.0001292775864906752
8247,0.0001551331037888102
8248,0.00020038025906054656
8249,0.0002197718970341478
8250,0.00019391637973601277
8251,0.00016806086243787775
8252,0.00014220534513974272
8253,0.00011634982784160765
8254,9.049431054347261e-05
8255,7.75665518944051e-05
8256,5.269600668381808e-05
8257,4.6109005848340816e-05
8258,3.9522005012863556e-05
8259,3.9522005012863556e-05
8260,5.269600668381808e-05
8261,0.00010539201336763616
8262,0.00014491401838049973
8263,0.00021078402673527233
8264,0.00021737102757074956
8265,0.000177849022557886
8266,0.00015808802005145423
8267,0.0001317400167095452
8268,0.0001317400167095452
8269,0.0001317400167095452
8270,0.0001317400167095452
8271,0.00015808802005145423
8272,0.00020419702589979507
8273,0.0002239580284062268
8274,0.00019761002506431778
8275,0.00017126202172240877
8276,0.00014491401838049973
8277,0.00011856601503859066
8278,9.221801169668163e-05
8279,7.904401002572711e-05
8280,5.269600668381808e-05
8281,4.6109005848340816e-05
8282,3.9522005012863556e-05
8283,3.9522005012863556e-05
8284,5.269600668381808e-05
8285,0.00010539201336763616
8286,0.00014491401838049973
8287,0.00021078402673527233
8288,0.00021737102757074956
8289,0.000177849022557886
8290,0.00015808802005145423
8291,0.0001317400167095452
8292,0.0001317400167095452
8293,0.0001317400167095452
8294,0.0001317400167095452
8295,0.00015808802005145423
8296,0.00020419702589979507
8297,0.0002239580284062268
8298,0.00019761002506431778
8299,0.00017126202172240877
8300,0.00014491401838049973
8301,0.00011856601503859066
8302,9.221801169668163e-05
8303,7.904401002572711e-05
8304,5.269600668381808e-05
8305,4.6109005848340816e-05
8306,3.9522005012863556e-05
8307,3.9522005012863556e-05
8308,5.269600668381808e-05
8309,0.00010539201336763616
8310,0.00014491401838049973
8311,0.00021078402673527233
8312,0.00021737102757074956
8313,0.000177849022557886
8314,0.00015808802005145423
8315,0.0001317400167095452
8316,0.0001317400167095452
8317,0.0001317400167095452
8318,0.0001317400167095452
8319,0.00015808802005145423
8320,0.00020419702589979507
8321,0.0002239580284062268
8322,0.00019761002506431778
8323,0.00017126202172240877
8324,0.00014491401838049973
8325,0.00011856601503859066
8326,9.221801169668163e-05
8327,7.904401002572711e-05
8328,5.072606250872207e-05
8329,4.4385304695131806e-05
8330,3.8044546881541555e-05
8331,3.8044546881541555e-05
8332,5.072606250872207e-05
8333,0.00010145212501744414
8334,0.00013949667189898572
8335,0.00020290425003488828
8336,0.00020924500784847856
8337,0.000171200460966937
8338,0.00015217818752616622
8339,0.0001268151562718052
8340,0.0001268151562718052
8341,0.0001268151562718052
8342,0.0001268151562718052
8343,0.00015217818752616622
8344,0.00019656349222129803
8345,0.00021558576566206878
8346,0.00019022273440770775
8347,0.00016485970315334675
8348,0.00013949667189898572
8349,0.00011413364064462464
8350,8.877060939026361e-05
8351,7.608909376308311e-05
8352,4.655315646518431e-05
8353,3.9902705541586545e-05
8354,3.325225461798879e-05
8355,3.325225461798879e-05
8356,3.9902705541586545e-05
8357,5.985405831237982e-05
8358,7.980541108317309e-05
8359,9.975676385396638e-05
8360,0.00011970811662475964
8361,0.0001396594693955529
8362,0.00015296037124274843
8363,0.00015961082216634618
8364,0.00016626127308994398
8365,0.00016626127308994398
8366,0.00016626127308994398
8367,0.00016626127308994398
8368,0.00015961082216634618
8369,0.00015296037124274843
8370,0.0001463099203191507
8371,0.00013300901847195515
8372,0.00011305766570116188
8373,9.310631293036862e-05
8374,7.315496015957535e-05
8375,5.985405831237982e-05
8376,4.0204998765386445e-05
8377,3.446142751318838e-05
8378,2.871785626099032e-05
8379,2.871785626099032e-05
8380,3.446142751318838e-05
8381,5.169214126978257e-05
8382,6.892285502637676e-05
8383,8.615356878297097e-05
8384,0.00010338428253956513
8385,0.00012061499629615934
8386,0.00013210213880055546
8387,0.0001378457100527535
8388,0.00014358928130495162
8389,0.00014358928130495162
8390,0.00014358928130495162
8391,0.00014358928130495162
8392,0.0001378457100527535
8393,0.00013210213880055546
8394,0.00012635856754835743
8395,0.00011487142504396128
8396,9.764071128736708e-05
8397,8.040999753077289e-05
8398,6.317928377417872e-05
8399,5.169214126978257e-05
8400,5.1711034596270076e-05
8401,4.524715527173631e-05
8402,3.878327594720255e-05
8403,3.878327594720255e-05
8404,5.1711034596270076e-05
8405,0.00010342206919254015
8406,0.00014220534513974272
8407,0.0002068441383850803
8408,0.00021330801770961405
8409,0.0001745247417624115
8410,0.0001551331037888102
8411,0.0001292775864906752
8412,0.0001292775864906752
8413,0.0001292775864906752
8414,0.0001292775864906752
8415,0.0001551331037888102
8416,0.00020038025906054656
8417,0.0002197718970341478
8418,0.00019391637973601277
8419,0.00016806086243787775
8420,0.00014220534513974272
8421,0.00011634982784160765
8422,9.049431054347261e-05
8423,7.75665518944051e-05
8424,5.269600668381808e-05
8425,4.6109005848340816e-05
8426,3.9522005012863556e-05
8427,3.9522005012863556e-05
8428,5.269600668381808e-05
8429,0.00010539201336763616
8430,0.00014491401838049973
8431,0.00021078402673527233
8432,0.00021737102757074956
8433,0.000177849022557886
8434,0.00015808802005145423
8435,0.0001317400167095452
8436,0.0001317400167095452
8437,0.0001317400167095452
8438,0.0001317400167095452
8439,0.00015808802005145423
8440,0.00020419702589979507
8441,0.0002239580284062268
8442,0.00019761002506431778
8443,0.00017126202172240877
8444,0.00014491401838049973
8445,0.00011856601503859066
8446,9.221801169668163e-05
8447,7.904401002572711e-05
8448,5.269600668381808e-05
8449,4.6109005848340816e-05
8450,3.9522005012863556e-05
8451,3.9522005012863556e-05
8452,5.269600668381808e-05
8453,0.00010539201336763616
8454,0.00014491401838049973
8455,0.00021078402673527233
8456,0.00021737102757074956
8457,0.000177849022557886
8458,0.00015808802005145423
8459,0.0001317400167095452
8460,0.0001317400167095452
8461,0.0001317400167095452
8462,0.0001317400167095452
8463,0.00015808802005145423
8464,0.00020419702589979507
8465,0.0002239580284062268
8466,0.00019761002506431778
8467,0.00017126202172240877
8468,0.00014491401838049973
8469,0.00011856601503859066
8470,9.221801169668163e-05
8471,7.904401002572711e-05
8472,5.269600668381808e-05
8473,4.6109005848340816e-05
8474,3.9522005012863556e-05
8475,3.9522005012863556e-05
8476,5.269600668381808e-05
8477,0.00010539201336763616
8478,0.00014491401838049973
8479,0.00021078402673527233
8480,0.00021737102757074956
8481,0.000177849022557886
8482,0.00015808802005145423
8483,0.0001317400167095452
8484,0.0001317400167095452
8485,0.0001317400167095452
8486,0.0001317400167095452
8487,0.00015808802005145423
8488,0.00020419702589979507
8489,0.0002239580284062268
8490,0.00019761002506431778
8491,0.00017126202172240877
8492,0.00014491401838049973
8493,0.00011856601503859066
8494,9.221801169668163e-05
8495,7.904401002572711e-05
8496,5.072606250872207e-05
8497,4.4385304695131806e-05
8498,3.8044546881541555e-05
8499,3.8044546881541555e-05
8500,5.072606250872207e-05
8501,0.00010145212501744414
8502,0.00013949667189898572
8503,0.00020290425003488828
8504,0.00020924500784847856
8505,0.000171200460966937
8506,0.00015217818752616622
8507,0.0001268151562718052
8508,0.0001268151562718052
8509,0.0001268151562718052
8510,0.0001268151562718052
8511,0.00015217818752616622
8512,0.00019656349222129803
8513,0.00021558576566206878
8514,0.00019022273440770775
8515,0.00016485970315334675
8516,0.00013949667189898572
8517,0.00011413364064462464
8518,8.877060939026361e-05
8519,7.608909376308311e-05
8520,4.655315646518431e-05
8521,3.9902705541586545e-05
8522,3.325225461798879e-05
8523,3.325225461798879e-05
8524,3.9902705541586545e-05
8525,5.985405831237982e-05
8526,7.980541108317309e-05
8527,9.975676385396638e-05
8528,0.00011970811662475964
8529,0.0001396594693955529
8530,0.00015296037124274843
8531,0.00015961082216634618
8532,0.00016626127308994398
8533,0.00016626127308994398
8534,0.00016626127308994398
8535,0.00016626127308994398
8536,0.00015961082216634618
8537,0.00015296037124274843
8538,0.0001463099203191507
8539,0.00013300901847195515
8540,0.00011305766570116188
8541,9.310631293036862e-05
8542,7.315496015957535e-05
8543,5.985405831237982e-05
8544,4.0204998765386445e-05
8545,3.446142751318838e-05
8546,2.871785626099032e-05
8547,2.871785626099032e-05
8548,3.446142751318838e-05
8549,5.169214126978257e-05
8550,6.892285502637676e-05
8551,8.615356878297097e-05
8552,0.00010338428253956513
8553,0.00012061499629615934
8554,0.00013210213880055546
8555,0.0001378457100527535
8556,0.00014358928130495162
8557,0.00014358928130495162
8558,0.00014358928130495162
8559,0.00014358928130495162
8560,0.0001378457100527535
8561,0.00013210213880055546
8562,0.00012635856754835743
8563,0.00011487142504396128
8564,9.764071128736708e-05
8565,8.040999753077289e-05
8566,6.317928377417872e-05
8567,5.169214126978257e-05
8568,5.1711034596270076e-05
8569,4.524715527173631e-05
8570,3.878327594720255e-05
8571,3.878327594720255e-05
8572,5.1711034596270076e-05
8573,0.00010342206919254015
8574,0.00014220534513974272
8575,0.0002068441383850803
8576,0.00021330801770961405
8577,0.0001745247417624115
8578,0.0001551331037888102
8579,0.0001292775864906752
8580,0.0001292775864906752
8581,0.0001292775864906752
8582,0.0001292775864906752
8583,0.0001551331037888102
8584,0.00020038025906054656
8585,0.0002197718970341478
8586,0.00019391637973601277
8587,0.00016806086243787775
8588,0.00014220534513974272
8589,0.00011634982784160765
8590,9.049431054347261e-05
8591,7.75665518944051e-05
8592,5.269600668381808e-05
8593,4.6109005848340816e-05
8594,3.9522005012863556e-05
8595,3.9522005012863556e-05
8596,5.269600668381808e-05
8597,0.00010539201336763616
8598,0.00014491401838049973
8599,0.00021078402673527233
8600,0.00021737102757074956
8601,0.000177849022557886
8602,0.00015808802005145423
8603,0.0001317400167095452
8604,0.0001317400167095452
8605,0.0001317400167095452
8606,0.0001317400167095452
8607,0.00015808802005145423
8608,0.00020419702589979507
8609,0.0002239580284062268
8610,0.00019761002506431778
8611,0.00017126202172240877
8612,0.00014491401838049973
8613,0.00011856601503859066
8614,9.221801169668163e-05
8615,7.904401002572711e-05
8616,5.269600668381808e-05
8617,4.6109005848340816e-05
8618,3.9522005012863556e-05
8619,3.9522005012863556e-05
8620,5.269600668381808e-05
8621,0.00010539201336763616
8622,0.00014491401838049973
8623,0.00021078402673527233
8624,0.00021737102757074956
8625,0.000177849022557886
8626,0.00015808802005145423
8627,0.0001317400167095452
8628,0.0001317400167095452
8629,0.0001317400167095452
8630,0.0001317400167095452
8631,0.00015808802005145423
8632,0.00020419702589979507
8633,0.0002239580284062268
8634,0.00019761002506431778
8635,0.00017126202172240877
8636,0.00014491401838049973
8637,0.00011856601503859066
8638,9.221801169668163e-05
8639,7.904401002572711e-05
8640,5.269600668381808e-05
8641,4.6109005848340816e-05
8642,3.9522005012863556e-05
8643,3.9522005012863556e-05
8644,5.269600668381808e-05
8645,0.00010539201336763616
8646,0.00014491401838049973
8647,0.00021078402673527233
8648,0.00021737102757074956
8649,0.000177849022557886
8650,0.00015808802005145423
8651,0.0001317400167095452
8652,0.0001317400167095452
8653,0.0001317400167095452
8654,0.0001317400167095452
8655,0.00015808802005145423
8656,0.00020419702589979507
8657,0.0002239580284062268
8658,0.00019761002506431778
8659,0.00017126202172240877
8660,0.00014491401838049973
8661,0.00011856601503859066
8662,9.221801169668163e-05
8663,7.904401002572711e-05
8664,5.072606250872207e-05
8665,4.4385304695131806e-05
8666,3.8044546881541555e-05
8667,3.8044546881541555e-05
8668,5.072606250872207e-05
8669,0.00010145212501744414
8670,0.00013949667189898572
8671,0.00020290425003488828
8672,0.00020924500784847856
8673,0.000171200460966937
8674,0.00015217818752616622
8675,0.0001268151562718052
8676,0.0001268151562718052
8677,0.0001268151562718052
8678,0.0001268151562718052
8679,0.00015217818752616622
8680,0.00019656349222129803
8681,0.00021558576566206878
8682,0.00019022273440770775
8683,0.00016485970315334675
8684,0.00013949667189898572
8685,0.00011413364064462464
8686,8.877060939026361e-05
8687,7.608909376308311e-05
8688,4.655315646518431e-05
8689,3.9902705541586545e-05
8690,3.325225461798879e-05
8691,3.325225461798879e-05
8692,3.9902705541586545e-05
8693,5.985405831237982e-05
8694,7.980541108317309e-05
8695,9.975676385396638e-05
8696,0.00011970811662475964
8697,0.0001396594693955529
8698,0.00015296037124274843
8699,0.00015961082216634618
8700,0.00016626127308994398
8701,0.00016626127308994398
8702,0.00016626127308994398
8703,0.00016626127308994398
8704,0.00015961082216634618
8705,0.00015296037124274843
8706,0.0001463099203191507
8707,0.00013300901847195515
8708,0.00011305766570116188
8709,9.310631293036862e-05
8710,7.315496015957535e-05
8711,5.985405831237982e-05
8712,4.0204998765386445e-05
8713,3.446142751318838e-05
8714,2.871785626099032e-05
8715,2.871785626099032e-05
8716,3.446142751318838e-05
8717,5.169214126978257e-05
8718,6.892285502637676e-05
8719,8.615356878297097e-05
8720,0.00010338428253956513
8721,0.00012061499629615934
8722,0.00013210213880055546
8723,0.0001378457100527535
8724,0.00014358928130495162
8725,0.00014358928130495162
8726,0.00014358928130495162
8727,0.00014358928130495162
8728,0.0001378457100527535
8729,0.00013210213880055546
8730,0.00012635856754835743
8731,0.00011487142504396128
8732,9.764071128736708e-05
8733,8.040999753077289e-05
8734,6.317928377417872e-05
8735,5.169214126978257e-05
8736,5.1711034596270076e-05
8737,4.524715527173631e-05
8738,3.878327594720255e-05
8739,3.878327594720255e-05
8740,5.1711034596270076e-05
8741,0.00010342206919254015
8742,0.00014220534513974272
8743,0.0002068441383850803
8744,0.00021330801770961405
8745,0.0001745247417624115
8746,0.0001551331037888102
8747,0.0001292775864906752
8748,0.0001292775864906752
8749,0.0001292775864906752
8750,0.0001292775864906752
8751,0.0001551331037888102
8752,0.00020038025906054656
8753,0.0002197718970341478
8754,0.00019391637973601277
8755,0.00016806086243787775
8756,0.00014220534513974272
8757,0.00011634982784160765
8758,9.049431054347261e-05
8759,7.75665518944051e-05
8760,5.269600668381808e-05
8761,4.6109005848340816e-05
8762,3.9522005012863556e-05
8763,3.9522005012863556e-05
8764,5.269600668381808e-05
8765,0.00010539201336763616
8766,0.00014491401838049973
8767,0.00021078402673527233
8768,0.00021737102757074956
8769,0.000177849022557886
8770,0.00015808802005145423
8771,0.0001317400167095452
8772,0.0001317400167095452
8773,0.0001317400167095452
8774,0.0001317400167095452
8775,0.00015808802005145423
8776,0.00020419702589979507
8777,0.0002239580284062268
8778,0.00019761002506431778
8779,0.00017126202172240877
8780,0.00014491401838049973
8781,0.00011856601503859066
8782,9.221801169668163e-05
8783,7.904401002572711e-05
