geography,segment,timestamp,value
'00','total',2024-01-01 00:00:00,13609.395625867219
'00','total',2024-01-01 01:00:00,13581.126612667884
'00','total',2024-01-01 02:00:00,13513.944425969112
'00','total',2024-01-01 03:00:00,13443.488412143348
'00','total',2024-01-01 04:00:00,13530.047134935447
'00','total',2024-01-01 05:00:00,13730.022163413501
'00','total',2024-01-01 06:00:00,14212.371649617007
'00','total',2024-01-01 07:00:00,14604.052946335552
'00','total',2024-01-01 08:00:00,14797.331827520195
'00','total',2024-01-01 09:00:00,14963.197503018178
'00','total',2024-01-01 10:00:00,15109.77591150231
'00','total',2024-01-01 11:00:00,15172.356957789312
'00','total',2024-01-01 12:00:00,15250.733015906084
'00','total',2024-01-01 13:00:00,15428.827674656526
'00','total',2024-01-01 14:00:00,15629.853956572248
'00','total',2024-01-01 15:00:00,15903.311569860902
'00','total',2024-01-01 16:00:00,16017.843226082809
'00','total',2024-01-01 17:00:00,15965.551118653904
'00','total',2024-01-01 18:00:00,15714.621931739226
'00','total',2024-01-01 19:00:00,15453.997940597192
'00','total',2024-01-01 20:00:00,15151.119136221614
'00','total',2024-01-01 21:00:00,14878.30182899878
'00','total',2024-01-01 22:00:00,14577.836201392207
'00','total',2024-01-01 23:00:00,14317.544680678655
'00','total',2024-01-02 00:00:00,15059.783257663874
'00','total',2024-01-02 01:00:00,14845.537479882836
'00','total',2024-01-02 02:00:00,14708.838681370678
'00','total',2024-01-02 03:00:00,14698.62202140295
'00','total',2024-01-02 04:00:00,14903.807762986622
'00','total',2024-01-02 05:00:00,15311.580155414344
'00','total',2024-01-02 06:00:00,16369.541338114264
'00','total',2024-01-02 07:00:00,17465.98109764742
'00','total',2024-01-02 08:00:00,17979.096233530232
'00','total',2024-01-02 09:00:00,18252.191853200657
'00','total',2024-01-02 10:00:00,18392.63710451353
'00','total',2024-01-02 11:00:00,18457.00897327511
'00','total',2024-01-02 12:00:00,18410.534635369768
'00','total',2024-01-02 13:00:00,18399.338395419443
'00','total',2024-01-02 14:00:00,18358.39751879067
'00','total',2024-01-02 15:00:00,18297.386298612673
'00','total',2024-01-02 16:00:00,18007.854850456613
'00','total',2024-01-02 17:00:00,17704.528753729286
'00','total',2024-01-02 18:00:00,17230.21951304197
'00','total',2024-01-02 19:00:00,16870.796633283095
'00','total',2024-01-02 20:00:00,16473.000097048927
'00','total',2024-01-02 21:00:00,16041.430140782448
'00','total',2024-01-02 22:00:00,15538.615716935668
'00','total',2024-01-02 23:00:00,15205.053530298075
'00','total',2024-01-03 00:00:00,15250.900445466812
'00','total',2024-01-03 01:00:00,15061.656305638848
'00','total',2024-01-03 02:00:00,14991.599987756077
'00','total',2024-01-03 03:00:00,15008.044522195361
'00','total',2024-01-03 04:00:00,15226.838319473023
'00','total',2024-01-03 05:00:00,15778.002353563375
'00','total',2024-01-03 06:00:00,17225.09157557379
'00','total',2024-01-03 07:00:00,18371.716865696937
'00','total',2024-01-03 08:00:00,18943.44610599372
'00','total',2024-01-03 09:00:00,19192.527647108116
'00','total',2024-01-03 10:00:00,19297.207261529602
'00','total',2024-01-03 11:00:00,19326.440838524464
'00','total',2024-01-03 12:00:00,19277.389201607202
'00','total',2024-01-03 13:00:00,19300.45776584816
'00','total',2024-01-03 14:00:00,19171.840596835933
'00','total',2024-01-03 15:00:00,19047.932935052995
'00','total',2024-01-03 16:00:00,18580.76253419767
'00','total',2024-01-03 17:00:00,18358.234944587388
'00','total',2024-01-03 18:00:00,18070.073280798875
'00','total',2024-01-03 19:00:00,17690.664996526182
'00','total',2024-01-03 20:00:00,17278.466717703577
'00','total',2024-01-03 21:00:00,16891.358410587673
'00','total',2024-01-03 22:00:00,16405.209037322777
'00','total',2024-01-03 23:00:00,16019.524994929945
'00','total',2024-01-04 00:00:00,15310.849712416199
'00','total',2024-01-04 01:00:00,15312.782166462488
'00','total',2024-01-04 02:00:00,15319.046324785571
'00','total',2024-01-04 03:00:00,15417.763163835252
'00','total',2024-01-04 04:00:00,15918.504165414477
'00','total',2024-01-04 05:00:00,17247.279357864783
'00','total',2024-01-04 06:00:00,19076.515978306204
'00','total',2024-01-04 07:00:00,20368.023162513775
'00','total',2024-01-04 08:00:00,20652.260677303682
'00','total',2024-01-04 09:00:00,20632.99738512325
'00','total',2024-01-04 10:00:00,20656.470312652466
'00','total',2024-01-04 11:00:00,20586.859292224217
'00','total',2024-01-04 12:00:00,20485.656922068047
'00','total',2024-01-04 13:00:00,20526.76738383032
'00','total',2024-01-04 14:00:00,20473.763634411196
'00','total',2024-01-04 15:00:00,20053.48571550495
'00','total',2024-01-04 16:00:00,19361.963866772727
'00','total',2024-01-04 17:00:00,18869.30269571254
'00','total',2024-01-04 18:00:00,18463.72303244676
'00','total',2024-01-04 19:00:00,18170.42966476487
'00','total',2024-01-04 20:00:00,17677.37781959962
'00','total',2024-01-04 21:00:00,17145.2442622976
'00','total',2024-01-04 22:00:00,16597.540202970384
'00','total',2024-01-04 23:00:00,16066.295603607849
'00','total',2024-01-05 00:00:00,15447.258755381501
'00','total',2024-01-05 01:00:00,15261.371853829562
'00','total',2024-01-05 02:00:00,15093.344624208044
'00','total',2024-01-05 03:00:00,15121.454523118995
'00','total',2024-01-05 04:00:00,15313.941918455923
'00','total',2024-01-05 05:00:00,15976.111002897496
'00','total',2024-01-05 06:00:00,17457.308077484486
'00','total',2024-01-05 07:00:00,18668.348644765363
'00','total',2024-01-05 08:00:00,19115.595218307713
'00','total',2024-01-05 09:00:00,19239.318606379242
'00','total',2024-01-05 10:00:00,19317.306185673562
'00','total',2024-01-05 11:00:00,19325.12436134471
'00','total',2024-01-05 12:00:00,19224.153899525587
'00','total',2024-01-05 13:00:00,19220.744256507955
'00','total',2024-01-05 14:00:00,19230.230581109638
'00','total',2024-01-05 15:00:00,19031.95729539619
'00','total',2024-01-05 16:00:00,18593.206613610015
'00','total',2024-01-05 17:00:00,18165.884750278172
'00','total',2024-01-05 18:00:00,17736.662645366687
'00','total',2024-01-05 19:00:00,17403.28416715052
'00','total',2024-01-05 20:00:00,17019.74976150874
'00','total',2024-01-05 21:00:00,16629.707328927034
'00','total',2024-01-05 22:00:00,16124.18721522697
'00','total',2024-01-05 23:00:00,15697.384887214717
'00','total',2024-01-06 00:00:00,15098.857950726318
'00','total',2024-01-06 01:00:00,14956.522646337045
'00','total',2024-01-06 02:00:00,14753.922682744544
'00','total',2024-01-06 03:00:00,14710.062547742302
'00','total',2024-01-06 04:00:00,14887.959199219142
'00','total',2024-01-06 05:00:00,15242.978607811976
'00','total',2024-01-06 06:00:00,15947.51977646897
'00','total',2024-01-06 07:00:00,16459.546506292354
'00','total',2024-01-06 08:00:00,16882.07010371695
'00','total',2024-01-06 09:00:00,17075.51145601856
'00','total',2024-01-06 10:00:00,17250.787863306887
'00','total',2024-01-06 11:00:00,17309.494626776155
'00','total',2024-01-06 12:00:00,17313.749858976273
'00','total',2024-01-06 13:00:00,17256.866247832153
'00','total',2024-01-06 14:00:00,17211.773874613944
'00','total',2024-01-06 15:00:00,17367.98242524028
'00','total',2024-01-06 16:00:00,17267.957901188707
'00','total',2024-01-06 17:00:00,16970.13326868781
'00','total',2024-01-06 18:00:00,16568.539090102346
'00','total',2024-01-06 19:00:00,16269.929310996433
'00','total',2024-01-06 20:00:00,16003.272166847722
'00','total',2024-01-06 21:00:00,15708.789008887003
'00','total',2024-01-06 22:00:00,15311.334530902468
'00','total',2024-01-06 23:00:00,15062.63812579014
'00','total',2024-01-07 00:00:00,14912.656146851874
'00','total',2024-01-07 01:00:00,14725.027425292279
'00','total',2024-01-07 02:00:00,14639.234635339659
'00','total',2024-01-07 03:00:00,14662.78053053472
'00','total',2024-01-07 04:00:00,14970.246487374663
'00','total',2024-01-07 05:00:00,15837.691589880642
'00','total',2024-01-07 06:00:00,17241.734388197434
'00','total',2024-01-07 07:00:00,18327.516795163057
'00','total',2024-01-07 08:00:00,18793.758197024825
'00','total',2024-01-07 09:00:00,19032.263692529024
'00','total',2024-01-07 10:00:00,19131.72175783677
'00','total',2024-01-07 11:00:00,19139.088159763258
'00','total',2024-01-07 12:00:00,19100.664516276735
'00','total',2024-01-07 13:00:00,19098.60682628134
'00','total',2024-01-07 14:00:00,19035.33978634873
'00','total',2024-01-07 15:00:00,18814.721178491138
'00','total',2024-01-07 16:00:00,18347.980790090594
'00','total',2024-01-07 17:00:00,17847.14240418062
'00','total',2024-01-07 18:00:00,17346.54435549272
'00','total',2024-01-07 19:00:00,16940.474248809016
'00','total',2024-01-07 20:00:00,16559.283458065605
'00','total',2024-01-07 21:00:00,16132.229649602616
'00','total',2024-01-07 22:00:00,15653.243882023098
'00','total',2024-01-07 23:00:00,15270.650731519609
'00','total',2024-01-08 00:00:00,14666.623600702453
'00','total',2024-01-08 01:00:00,14507.448297560166
'00','total',2024-01-08 02:00:00,14382.681259643165
'00','total',2024-01-08 03:00:00,14380.735994330624
'00','total',2024-01-08 04:00:00,14560.582026579843
'00','total',2024-01-08 05:00:00,15211.167393172218
'00','total',2024-01-08 06:00:00,16181.113833624267
'00','total',2024-01-08 07:00:00,16953.824035466096
'00','total',2024-01-08 08:00:00,17278.70923524501
'00','total',2024-01-08 09:00:00,17535.718249514102
'00','total',2024-01-08 10:00:00,17663.748511507485
'00','total',2024-01-08 11:00:00,17739.031365115465
'00','total',2024-01-08 12:00:00,17786.88514542957
'00','total',2024-01-08 13:00:00,17698.680615013083
'00','total',2024-01-08 14:00:00,17579.44496888678
'00','total',2024-01-08 15:00:00,17357.19160355016
'00','total',2024-01-08 16:00:00,17161.660230906065
'00','total',2024-01-08 17:00:00,16830.12444529108
'00','total',2024-01-08 18:00:00,16406.28967889663
'00','total',2024-01-08 19:00:00,15959.05647879241
'00','total',2024-01-08 20:00:00,15611.343273063892
'00','total',2024-01-08 21:00:00,15292.205334323302
'00','total',2024-01-08 22:00:00,14855.747887665199
'00','total',2024-01-08 23:00:00,14544.77531480233
'00','total',2024-01-09 00:00:00,14470.676858691493
'00','total',2024-01-09 01:00:00,14265.76678533176
'00','total',2024-01-09 02:00:00,14206.647465864846
'00','total',2024-01-09 03:00:00,14237.069831420988
'00','total',2024-01-09 04:00:00,14419.014694688818
'00','total',2024-01-09 05:00:00,14742.371039089361
'00','total',2024-01-09 06:00:00,15511.181139004408
'00','total',2024-01-09 07:00:00,16251.772121399894
'00','total',2024-01-09 08:00:00,16748.235338924434
'00','total',2024-01-09 09:00:00,16973.278038125707
'00','total',2024-01-09 10:00:00,17153.182936682588
'00','total',2024-01-09 11:00:00,17296.841084930456
'00','total',2024-01-09 12:00:00,17256.84605610145
'00','total',2024-01-09 13:00:00,17179.553489781538
'00','total',2024-01-09 14:00:00,17174.480418140065
'00','total',2024-01-09 15:00:00,17306.669062250236
'00','total',2024-01-09 16:00:00,17143.674926556556
'00','total',2024-01-09 17:00:00,16930.11055433263
'00','total',2024-01-09 18:00:00,16608.75859250328
'00','total',2024-01-09 19:00:00,16351.332747292114
'00','total',2024-01-09 20:00:00,15949.729332821631
'00','total',2024-01-09 21:00:00,15552.386019530073
'00','total',2024-01-09 22:00:00,15147.867281284949
'00','total',2024-01-09 23:00:00,14826.56254733627
'00','total',2024-01-10 00:00:00,14902.074869902377
'00','total',2024-01-10 01:00:00,14774.15425335064
'00','total',2024-01-10 02:00:00,14719.62047420954
'00','total',2024-01-10 03:00:00,14783.048699664727
'00','total',2024-01-10 04:00:00,15208.52106276641
'00','total',2024-01-10 05:00:00,16179.097220058773
'00','total',2024-01-10 06:00:00,17772.238709329173
'00','total',2024-01-10 07:00:00,18990.98074339961
'00','total',2024-01-10 08:00:00,19440.820989395943
'00','total',2024-01-10 09:00:00,19499.97658161278
'00','total',2024-01-10 10:00:00,19586.300957662534
'00','total',2024-01-10 11:00:00,19633.276767669406
'00','total',2024-01-10 12:00:00,19669.961981409826
'00','total',2024-01-10 13:00:00,19680.71353206299
'00','total',2024-01-10 14:00:00,19653.51064443367
'00','total',2024-01-10 15:00:00,19490.852155530352
'00','total',2024-01-10 16:00:00,18965.325026825445
'00','total',2024-01-10 17:00:00,18447.049915702366
'00','total',2024-01-10 18:00:00,18015.907807760028
'00','total',2024-01-10 19:00:00,17629.82942977307
'00','total',2024-01-10 20:00:00,17200.32361370165
'00','total',2024-01-10 21:00:00,16728.220085844412
'00','total',2024-01-10 22:00:00,16184.900958754855
'00','total',2024-01-10 23:00:00,15675.347565325164
'00','total',2024-01-11 00:00:00,15886.818530666591
'00','total',2024-01-11 01:00:00,15697.4332712956
'00','total',2024-01-11 02:00:00,15569.382831829947
'00','total',2024-01-11 03:00:00,15562.80217843716
'00','total',2024-01-11 04:00:00,15921.455395533592
'00','total',2024-01-11 05:00:00,16790.013178658854
'00','total',2024-01-11 06:00:00,18892.188168117147
'00','total',2024-01-11 07:00:00,20542.3939775983
'00','total',2024-01-11 08:00:00,21131.12143817179
'00','total',2024-01-11 09:00:00,21164.88221710818
'00','total',2024-01-11 10:00:00,21247.296162678384
'00','total',2024-01-11 11:00:00,21084.96802463453
'00','total',2024-01-11 12:00:00,20906.394884467616
'00','total',2024-01-11 13:00:00,20818.804800880527
'00','total',2024-01-11 14:00:00,20745.964932883053
'00','total',2024-01-11 15:00:00,20639.085473816718
'00','total',2024-01-11 16:00:00,19884.01648691962
'00','total',2024-01-11 17:00:00,19343.925299696595
'00','total',2024-01-11 18:00:00,18584.438494442664
'00','total',2024-01-11 19:00:00,18079.139605444623
'00','total',2024-01-11 20:00:00,17561.21149506693
'00','total',2024-01-11 21:00:00,17050.663128422835
'00','total',2024-01-11 22:00:00,16479.479900166898
'00','total',2024-01-11 23:00:00,16064.931219265312
'00','total',2024-01-12 00:00:00,15952.455470500754
'00','total',2024-01-12 01:00:00,15709.505171923627
'00','total',2024-01-12 02:00:00,15548.553690080114
'00','total',2024-01-12 03:00:00,15475.94152015666
'00','total',2024-01-12 04:00:00,15729.497586310967
'00','total',2024-01-12 05:00:00,16392.74216677216
'00','total',2024-01-12 06:00:00,18045.24220503252
'00','total',2024-01-12 07:00:00,19537.352612809093
'00','total',2024-01-12 08:00:00,20105.77309490192
'00','total',2024-01-12 09:00:00,20215.86442067057
'00','total',2024-01-12 10:00:00,20280.206885971198
'00','total',2024-01-12 11:00:00,20148.377823585633
'00','total',2024-01-12 12:00:00,20115.98176028587
'00','total',2024-01-12 13:00:00,20183.991602360482
'00','total',2024-01-12 14:00:00,20216.650192908775
'00','total',2024-01-12 15:00:00,20261.684307212487
'00','total',2024-01-12 16:00:00,19702.357722036708
'00','total',2024-01-12 17:00:00,19186.516025314122
'00','total',2024-01-12 18:00:00,18640.022620988297
'00','total',2024-01-12 19:00:00,18248.37898542828
'00','total',2024-01-12 20:00:00,17837.19139851088
'00','total',2024-01-12 21:00:00,17331.769899672032
'00','total',2024-01-12 22:00:00,16790.02360675363
'00','total',2024-01-12 23:00:00,16371.249186243193
'00','total',2024-01-13 00:00:00,15455.095853934607
'00','total',2024-01-13 01:00:00,15285.846920734837
'00','total',2024-01-13 02:00:00,15208.113914575448
'00','total',2024-01-13 03:00:00,15249.994878387963
'00','total',2024-01-13 04:00:00,15525.09732037322
'00','total',2024-01-13 05:00:00,16272.66821035388
'00','total',2024-01-13 06:00:00,18119.180321565087
'00','total',2024-01-13 07:00:00,19796.22584406903
'00','total',2024-01-13 08:00:00,20412.31911098541
'00','total',2024-01-13 09:00:00,20435.079546993835
'00','total',2024-01-13 10:00:00,20492.391503683182
'00','total',2024-01-13 11:00:00,20479.191487883298
'00','total',2024-01-13 12:00:00,20416.512088868825
'00','total',2024-01-13 13:00:00,20420.74680985459
'00','total',2024-01-13 14:00:00,20438.34820453349
'00','total',2024-01-13 15:00:00,20440.32507317505
'00','total',2024-01-13 16:00:00,19826.019384051273
'00','total',2024-01-13 17:00:00,19258.570619972692
'00','total',2024-01-13 18:00:00,18626.700343526667
'00','total',2024-01-13 19:00:00,18228.95539119583
'00','total',2024-01-13 20:00:00,17737.61719608411
'00','total',2024-01-13 21:00:00,17352.12917057221
'00','total',2024-01-13 22:00:00,16737.782819507705
'00','total',2024-01-13 23:00:00,16254.43739762394
'00','total',2024-01-14 00:00:00,15889.829735806834
'00','total',2024-01-14 01:00:00,15758.836251783343
'00','total',2024-01-14 02:00:00,15664.245197789227
'00','total',2024-01-14 03:00:00,15711.634027721519
'00','total',2024-01-14 04:00:00,16004.258998709074
'00','total',2024-01-14 05:00:00,16716.75764663105
'00','total',2024-01-14 06:00:00,18569.3140525767
'00','total',2024-01-14 07:00:00,20370.833927196763
'00','total',2024-01-14 08:00:00,21034.730265068716
'00','total',2024-01-14 09:00:00,21187.234873508343
'00','total',2024-01-14 10:00:00,21194.609997845997
'00','total',2024-01-14 11:00:00,21131.927605702953
'00','total',2024-01-14 12:00:00,21002.59670371676
'00','total',2024-01-14 13:00:00,21008.560876545213
'00','total',2024-01-14 14:00:00,20866.407236905692
'00','total',2024-01-14 15:00:00,20753.144458862647
'00','total',2024-01-14 16:00:00,20119.37769024652
'00','total',2024-01-14 17:00:00,19538.696607081834
'00','total',2024-01-14 18:00:00,18937.911905631918
'00','total',2024-01-14 19:00:00,18433.970692153936
'00','total',2024-01-14 20:00:00,17993.61397068037
'00','total',2024-01-14 21:00:00,17472.90494964499
'00','total',2024-01-14 22:00:00,16814.679265039264
'00','total',2024-01-14 23:00:00,16420.790779482388
'00','total',2024-01-15 00:00:00,16093.325540733085
'00','total',2024-01-15 01:00:00,15911.70893015407
'00','total',2024-01-15 02:00:00,15788.105299776524
'00','total',2024-01-15 03:00:00,15788.14454660421
'00','total',2024-01-15 04:00:00,16003.602143660182
'00','total',2024-01-15 05:00:00,16732.814497811716
'00','total',2024-01-15 06:00:00,18288.12573493045
'00','total',2024-01-15 07:00:00,19727.471990518323
'00','total',2024-01-15 08:00:00,20275.57046886217
'00','total',2024-01-15 09:00:00,20369.30142505493
'00','total',2024-01-15 10:00:00,20432.126782999723
'00','total',2024-01-15 11:00:00,20371.362315344915
'00','total',2024-01-15 12:00:00,20235.561473354664
'00','total',2024-01-15 13:00:00,20155.098591729304
'00','total',2024-01-15 14:00:00,20140.81443386853
'00','total',2024-01-15 15:00:00,20074.50324077656
'00','total',2024-01-15 16:00:00,19595.50350698643
'00','total',2024-01-15 17:00:00,19125.284307311897
'00','total',2024-01-15 18:00:00,18577.950664936783
'00','total',2024-01-15 19:00:00,18059.00155158584
'00','total',2024-01-15 20:00:00,17693.801047084577
'00','total',2024-01-15 21:00:00,17248.725168809106
'00','total',2024-01-15 22:00:00,16654.283445953544
'00','total',2024-01-15 23:00:00,16217.66924107328
'00','total',2024-01-16 00:00:00,15851.276420508206
'00','total',2024-01-16 01:00:00,15697.355566068243
'00','total',2024-01-16 02:00:00,15581.514904557436
'00','total',2024-01-16 03:00:00,15629.177626348026
'00','total',2024-01-16 04:00:00,15850.030088058773
'00','total',2024-01-16 05:00:00,16463.29278050307
'00','total',2024-01-16 06:00:00,18026.879862893133
'00','total',2024-01-16 07:00:00,19566.66484826471
'00','total',2024-01-16 08:00:00,20100.69796891886
'00','total',2024-01-16 09:00:00,20189.966556039966
'00','total',2024-01-16 10:00:00,20260.09093462055
'00','total',2024-01-16 11:00:00,20263.28741500513
'00','total',2024-01-16 12:00:00,20207.23503366729
'00','total',2024-01-16 13:00:00,20310.25100772515
'00','total',2024-01-16 14:00:00,20320.58876575996
'00','total',2024-01-16 15:00:00,20353.2150888277
'00','total',2024-01-16 16:00:00,19900.993846341175
'00','total',2024-01-16 17:00:00,19433.005042062938
'00','total',2024-01-16 18:00:00,18854.340478714763
'00','total',2024-01-16 19:00:00,18513.475827779963
'00','total',2024-01-16 20:00:00,18010.063828388236
'00','total',2024-01-16 21:00:00,17554.77498372747
'00','total',2024-01-16 22:00:00,16949.592522013227
'00','total',2024-01-16 23:00:00,16469.965488434886
'00','total',2024-01-17 00:00:00,16056.344924803192
'00','total',2024-01-17 01:00:00,15960.63560689031
'00','total',2024-01-17 02:00:00,15899.460470935383
'00','total',2024-01-17 03:00:00,15901.264369943588
'00','total',2024-01-17 04:00:00,16147.152586300492
'00','total',2024-01-17 05:00:00,16842.629617385115
'00','total',2024-01-17 06:00:00,18735.647018029904
'00','total',2024-01-17 07:00:00,20502.757350856813
'00','total',2024-01-17 08:00:00,21168.97678324343
'00','total',2024-01-17 09:00:00,21216.29400679995
'00','total',2024-01-17 10:00:00,21307.49287820335
'00','total',2024-01-17 11:00:00,21246.03649820355
'00','total',2024-01-17 12:00:00,21109.76204511061
'00','total',2024-01-17 13:00:00,21063.734091453545
'00','total',2024-01-17 14:00:00,20923.219203924582
'00','total',2024-01-17 15:00:00,20848.539728763622
'00','total',2024-01-17 16:00:00,20220.18742956364
'00','total',2024-01-17 17:00:00,19677.334823989946
'00','total',2024-01-17 18:00:00,19085.077244681
'00','total',2024-01-17 19:00:00,18679.614189059583
'00','total',2024-01-17 20:00:00,18216.613785059057
'00','total',2024-01-17 21:00:00,17718.869482712063
'00','total',2024-01-17 22:00:00,17109.260815633155
'00','total',2024-01-17 23:00:00,16611.24580508336
'00','total',2024-01-18 00:00:00,16199.426599989009
'00','total',2024-01-18 01:00:00,16006.36630918622
'00','total',2024-01-18 02:00:00,15862.89149981433
'00','total',2024-01-18 03:00:00,15885.653517647594
'00','total',2024-01-18 04:00:00,16194.171336689868
'00','total',2024-01-18 05:00:00,16981.548413905875
'00','total',2024-01-18 06:00:00,18828.64106205725
'00','total',2024-01-18 07:00:00,20595.70979692462
'00','total',2024-01-18 08:00:00,21165.269145128743
'00','total',2024-01-18 09:00:00,21260.554919545557
'00','total',2024-01-18 10:00:00,21308.44958085276
'00','total',2024-01-18 11:00:00,21174.480047615747
'00','total',2024-01-18 12:00:00,21042.5620975928
'00','total',2024-01-18 13:00:00,21059.145690553716
'00','total',2024-01-18 14:00:00,20854.694288656177
'00','total',2024-01-18 15:00:00,20751.790134831575
'00','total',2024-01-18 16:00:00,20122.062546298814
'00','total',2024-01-18 17:00:00,19592.88847856531
'00','total',2024-01-18 18:00:00,18985.31135442714
'00','total',2024-01-18 19:00:00,18570.075395611995
'00','total',2024-01-18 20:00:00,17995.64623445995
'00','total',2024-01-18 21:00:00,17433.291151213172
'00','total',2024-01-18 22:00:00,16798.922250684995
'00','total',2024-01-18 23:00:00,16380.574628800226
'00','total',2024-01-19 00:00:00,15926.79444944673
'00','total',2024-01-19 01:00:00,15733.673434604676
'00','total',2024-01-19 02:00:00,15636.305141846444
'00','total',2024-01-19 03:00:00,15644.363167692722
'00','total',2024-01-19 04:00:00,15875.076623053788
'00','total',2024-01-19 05:00:00,16409.713229818033
'00','total',2024-01-19 06:00:00,17875.131144565865
'00','total',2024-01-19 07:00:00,19275.58658794099
'00','total',2024-01-19 08:00:00,19847.04350252475
'00','total',2024-01-19 09:00:00,19966.08088180503
'00','total',2024-01-19 10:00:00,20081.223730903454
'00','total',2024-01-19 11:00:00,20113.901370433403
'00','total',2024-01-19 12:00:00,20010.07710567956
'00','total',2024-01-19 13:00:00,20091.916293046015
'00','total',2024-01-19 14:00:00,20070.203952360807
'00','total',2024-01-19 15:00:00,20085.83840257648
'00','total',2024-01-19 16:00:00,19616.869949133863
'00','total',2024-01-19 17:00:00,19195.012894029154
'00','total',2024-01-19 18:00:00,18701.599126258065
'00','total',2024-01-19 19:00:00,18349.291714344334
'00','total',2024-01-19 20:00:00,17879.855584939836
'00','total',2024-01-19 21:00:00,17418.045300953003
'00','total',2024-01-19 22:00:00,16878.844489614694
'00','total',2024-01-19 23:00:00,16394.70559842922
'00','total',2024-01-20 00:00:00,16036.016338631158
'00','total',2024-01-20 01:00:00,15814.258235359206
'00','total',2024-01-20 02:00:00,15703.703556457074
'00','total',2024-01-20 03:00:00,15718.620810723181
'00','total',2024-01-20 04:00:00,15996.478556629923
'00','total',2024-01-20 05:00:00,16778.892361525563
'00','total',2024-01-20 06:00:00,18625.568478597477
'00','total',2024-01-20 07:00:00,20304.95350666448
'00','total',2024-01-20 08:00:00,20908.176319672377
'00','total',2024-01-20 09:00:00,21106.54471526628
'00','total',2024-01-20 10:00:00,21188.981781548762
'00','total',2024-01-20 11:00:00,21059.94792965261
'00','total',2024-01-20 12:00:00,20840.712544568705
'00','total',2024-01-20 13:00:00,20811.81952411322
'00','total',2024-01-20 14:00:00,20723.63850773929
'00','total',2024-01-20 15:00:00,20716.29505168402
'00','total',2024-01-20 16:00:00,20093.741177174295
'00','total',2024-01-20 17:00:00,19652.658143802917
'00','total',2024-01-20 18:00:00,19051.412882722663
'00','total',2024-01-20 19:00:00,18612.024706906013
'00','total',2024-01-20 20:00:00,18170.71282638013
'00','total',2024-01-20 21:00:00,17648.54228945709
'00','total',2024-01-20 22:00:00,17050.08545205597
'00','total',2024-01-20 23:00:00,16564.44782917689
'00','total',2024-01-21 00:00:00,16155.823381430006
'00','total',2024-01-21 01:00:00,15964.632433064837
'00','total',2024-01-21 02:00:00,15840.74827368289
'00','total',2024-01-21 03:00:00,15882.792817643269
'00','total',2024-01-21 04:00:00,16147.03720087843
'00','total',2024-01-21 05:00:00,16943.204636169998
'00','total',2024-01-21 06:00:00,18827.5051836874
'00','total',2024-01-21 07:00:00,20692.483981690864
'00','total',2024-01-21 08:00:00,21407.363878073327
'00','total',2024-01-21 09:00:00,21446.277399800118
'00','total',2024-01-21 10:00:00,21596.618984771907
'00','total',2024-01-21 11:00:00,21407.553983257236
'00','total',2024-01-21 12:00:00,21258.376361636903
'00','total',2024-01-21 13:00:00,21170.685187412495
'00','total',2024-01-21 14:00:00,21072.978899535156
'00','total',2024-01-21 15:00:00,20983.131075115074
'00','total',2024-01-21 16:00:00,20369.575368445505
'00','total',2024-01-21 17:00:00,19853.55183000238
'00','total',2024-01-21 18:00:00,19260.722937301714
'00','total',2024-01-21 19:00:00,18758.810325687868
'00','total',2024-01-21 20:00:00,18241.50654737259
'00','total',2024-01-21 21:00:00,17717.306543956987
'00','total',2024-01-21 22:00:00,17064.785713919642
'00','total',2024-01-21 23:00:00,16610.942259320644
'00','total',2024-01-22 00:00:00,16168.102731931933
'00','total',2024-01-22 01:00:00,16034.927803972143
'00','total',2024-01-22 02:00:00,15970.278888199793
'00','total',2024-01-22 03:00:00,15950.305233656825
'00','total',2024-01-22 04:00:00,16134.6448656449
'00','total',2024-01-22 05:00:00,16724.448676003656
'00','total',2024-01-22 06:00:00,18367.366654863763
'00','total',2024-01-22 07:00:00,19854.570986980845
'00','total',2024-01-22 08:00:00,20367.61765841462
'00','total',2024-01-22 09:00:00,20423.82038949974
'00','total',2024-01-22 10:00:00,20484.688993223157
'00','total',2024-01-22 11:00:00,20412.469976169294
'00','total',2024-01-22 12:00:00,20317.193384601538
'00','total',2024-01-22 13:00:00,20275.559965398916
'00','total',2024-01-22 14:00:00,20149.183351321422
'00','total',2024-01-22 15:00:00,20157.634588118388
'00','total',2024-01-22 16:00:00,19707.40048967365
'00','total',2024-01-22 17:00:00,19320.25304201479
'00','total',2024-01-22 18:00:00,18806.822472865064
'00','total',2024-01-22 19:00:00,18360.516352256687
'00','total',2024-01-22 20:00:00,17910.55201486563
'00','total',2024-01-22 21:00:00,17462.77158877695
'00','total',2024-01-22 22:00:00,16918.81005063677
'00','total',2024-01-22 23:00:00,16411.231602894022
'00','total',2024-01-23 00:00:00,16048.00038939336
'00','total',2024-01-23 01:00:00,15855.64791581608
'00','total',2024-01-23 02:00:00,15700.41678181206
'00','total',2024-01-23 03:00:00,15691.449831572783
'00','total',2024-01-23 04:00:00,15938.18839039481
'00','total',2024-01-23 05:00:00,16572.464658081786
'00','total',2024-01-23 06:00:00,18157.255206147016
'00','total',2024-01-23 07:00:00,19659.92554167667
'00','total',2024-01-23 08:00:00,20192.885425878714
'00','total',2024-01-23 09:00:00,20271.342972434773
'00','total',2024-01-23 10:00:00,20359.511365113267
'00','total',2024-01-23 11:00:00,20255.320983430942
'00','total',2024-01-23 12:00:00,20114.69052156976
'00','total',2024-01-23 13:00:00,20203.3766913787
'00','total',2024-01-23 14:00:00,20154.70950181044
'00','total',2024-01-23 15:00:00,20191.175757306395
'00','total',2024-01-23 16:00:00,19732.641138021634
'00','total',2024-01-23 17:00:00,19311.303507962348
'00','total',2024-01-23 18:00:00,18854.041646402493
'00','total',2024-01-23 19:00:00,18469.100665964055
'00','total',2024-01-23 20:00:00,18031.428524329873
'00','total',2024-01-23 21:00:00,17524.596479535587
'00','total',2024-01-23 22:00:00,17006.47169101337
'00','total',2024-01-23 23:00:00,16511.88714711977
'00','total',2024-01-24 00:00:00,16073.964578563326
'00','total',2024-01-24 01:00:00,15914.801499325225
'00','total',2024-01-24 02:00:00,15777.574945424856
'00','total',2024-01-24 03:00:00,15758.725560783543
'00','total',2024-01-24 04:00:00,16064.62183484138
'00','total',2024-01-24 05:00:00,16804.851044514395
'00','total',2024-01-24 06:00:00,18677.619056972366
'00','total',2024-01-24 07:00:00,20403.557178157243
'00','total',2024-01-24 08:00:00,21034.364169708213
'00','total',2024-01-24 09:00:00,21049.475506563642
'00','total',2024-01-24 10:00:00,21078.793618797263
'00','total',2024-01-24 11:00:00,20938.594954361655
'00','total',2024-01-24 12:00:00,20816.334428574042
'00','total',2024-01-24 13:00:00,20765.821618347305
'00','total',2024-01-24 14:00:00,20655.972751414964
'00','total',2024-01-24 15:00:00,20507.403585224092
'00','total',2024-01-24 16:00:00,19990.88789260702
'00','total',2024-01-24 17:00:00,19478.019079601214
'00','total',2024-01-24 18:00:00,18918.610608495263
'00','total',2024-01-24 19:00:00,18547.284145972535
'00','total',2024-01-24 20:00:00,18119.518232318518
'00','total',2024-01-24 21:00:00,17606.28386520706
'00','total',2024-01-24 22:00:00,17010.468971578146
'00','total',2024-01-24 23:00:00,16529.62981829445
'00','total',2024-01-25 00:00:00,16103.320548571262
'00','total',2024-01-25 01:00:00,15933.210312403644
'00','total',2024-01-25 02:00:00,15805.923985294012
'00','total',2024-01-25 03:00:00,15787.535716450013
'00','total',2024-01-25 04:00:00,15981.379785374103
'00','total',2024-01-25 05:00:00,16726.07094777757
'00','total',2024-01-25 06:00:00,18591.142052101517
'00','total',2024-01-25 07:00:00,20390.731672280403
'00','total',2024-01-25 08:00:00,20953.311512273984
'00','total',2024-01-25 09:00:00,21016.013986846978
'00','total',2024-01-25 10:00:00,21077.658693436344
'00','total',2024-01-25 11:00:00,21021.622524247432
'00','total',2024-01-25 12:00:00,20878.779682445816
'00','total',2024-01-25 13:00:00,20833.876565855593
'00','total',2024-01-25 14:00:00,20662.608453541354
'00','total',2024-01-25 15:00:00,20533.87042759197
'00','total',2024-01-25 16:00:00,20014.177221687165
'00','total',2024-01-25 17:00:00,19583.718417807933
'00','total',2024-01-25 18:00:00,19015.193859193845
'00','total',2024-01-25 19:00:00,18536.834643215367
'00','total',2024-01-25 20:00:00,17980.836838534586
'00','total',2024-01-25 21:00:00,17494.71874336309
'00','total',2024-01-25 22:00:00,16887.9268645754
'00','total',2024-01-25 23:00:00,16298.126941092696
'00','total',2024-01-26 00:00:00,15881.711740230054
'00','total',2024-01-26 01:00:00,15610.692285020079
'00','total',2024-01-26 02:00:00,15460.079868083145
'00','total',2024-01-26 03:00:00,15424.957868663205
'00','total',2024-01-26 04:00:00,15650.63722734822
'00','total',2024-01-26 05:00:00,16202.086066536573
'00','total',2024-01-26 06:00:00,17678.541566958582
'00','total',2024-01-26 07:00:00,19093.572466711215
'00','total',2024-01-26 08:00:00,19583.712620581107
'00','total',2024-01-26 09:00:00,19718.734932337506
'00','total',2024-01-26 10:00:00,19818.178564056227
'00','total',2024-01-26 11:00:00,19816.033424921483
'00','total',2024-01-26 12:00:00,19730.13707295344
'00','total',2024-01-26 13:00:00,19779.513595750126
'00','total',2024-01-26 14:00:00,19770.606939938523
'00','total',2024-01-26 15:00:00,19750.737717128697
'00','total',2024-01-26 16:00:00,19376.547125514062
'00','total',2024-01-26 17:00:00,19199.345461507604
'00','total',2024-01-26 18:00:00,18728.195137802526
'00','total',2024-01-26 19:00:00,18354.76039088675
'00','total',2024-01-26 20:00:00,17948.456986360892
'00','total',2024-01-26 21:00:00,17478.926989555082
'00','total',2024-01-26 22:00:00,16961.986043519002
'00','total',2024-01-26 23:00:00,16554.69540832592
'00','total',2024-01-27 00:00:00,16168.05000453849
'00','total',2024-01-27 01:00:00,15980.22907424623
'00','total',2024-01-27 02:00:00,15805.390400647175
'00','total',2024-01-27 03:00:00,15799.637095101445
'00','total',2024-01-27 04:00:00,16094.588885584411
'00','total',2024-01-27 05:00:00,16831.740411121355
'00','total',2024-01-27 06:00:00,18743.941146159967
'00','total',2024-01-27 07:00:00,20555.683057439233
'00','total',2024-01-27 08:00:00,21047.510286072822
'00','total',2024-01-27 09:00:00,21168.932971247636
'00','total',2024-01-27 10:00:00,21177.728428943796
'00','total',2024-01-27 11:00:00,21097.931292964502
'00','total',2024-01-27 12:00:00,20949.12542990378
'00','total',2024-01-27 13:00:00,20880.352247005194
'00','total',2024-01-27 14:00:00,20720.42556768757
'00','total',2024-01-27 15:00:00,20642.83246822605
'00','total',2024-01-27 16:00:00,20104.139134272784
'00','total',2024-01-27 17:00:00,19726.813306783522
'00','total',2024-01-27 18:00:00,19157.426356413926
'00','total',2024-01-27 19:00:00,18789.45116242683
'00','total',2024-01-27 20:00:00,18209.001117399843
'00','total',2024-01-27 21:00:00,17717.250399499066
'00','total',2024-01-27 22:00:00,17196.990935181948
'00','total',2024-01-27 23:00:00,16733.935223252447
'00','total',2024-01-28 00:00:00,16370.861816740433
'00','total',2024-01-28 01:00:00,16152.244367783082
'00','total',2024-01-28 02:00:00,16015.465245193871
'00','total',2024-01-28 03:00:00,15998.727219727793
'00','total',2024-01-28 04:00:00,16355.298873769156
'00','total',2024-01-28 05:00:00,17076.669912420668
'00','total',2024-01-28 06:00:00,18992.690160531445
'00','total',2024-01-28 07:00:00,20762.081103944776
'00','total',2024-01-28 08:00:00,21281.446954683335
'00','total',2024-01-28 09:00:00,21414.263762469207
'00','total',2024-01-28 10:00:00,21469.505905188867
'00','total',2024-01-28 11:00:00,21382.790595249597
'00','total',2024-01-28 12:00:00,21240.782765742475
'00','total',2024-01-28 13:00:00,21153.910153559205
'00','total',2024-01-28 14:00:00,21055.45428655308
'00','total',2024-01-28 15:00:00,20999.344694316318
'00','total',2024-01-28 16:00:00,20404.092901666172
'00','total',2024-01-28 17:00:00,19847.72846841835
'00','total',2024-01-28 18:00:00,19263.359346832753
'00','total',2024-01-28 19:00:00,18770.496043676016
'00','total',2024-01-28 20:00:00,18238.798305031592
'00','total',2024-01-28 21:00:00,17685.425663068287
'00','total',2024-01-28 22:00:00,17012.323522341376
'00','total',2024-01-28 23:00:00,16530.44660302895
'00','total',2024-01-29 00:00:00,16207.745097818846
'00','total',2024-01-29 01:00:00,15985.982268605268
'00','total',2024-01-29 02:00:00,15870.8005866201
'00','total',2024-01-29 03:00:00,15824.671672811319
'00','total',2024-01-29 04:00:00,16085.325564141134
'00','total',2024-01-29 05:00:00,16729.306800161277
'00','total',2024-01-29 06:00:00,18332.78751527592
'00','total',2024-01-29 07:00:00,19828.31428977121
'00','total',2024-01-29 08:00:00,20191.96094607698
'00','total',2024-01-29 09:00:00,20386.229062038
'00','total',2024-01-29 10:00:00,20566.213713182166
'00','total',2024-01-29 11:00:00,20536.682087646826
'00','total',2024-01-29 12:00:00,20458.12105306711
'00','total',2024-01-29 13:00:00,20370.353337116598
'00','total',2024-01-29 14:00:00,20234.210345439573
'00','total',2024-01-29 15:00:00,20219.590259724955
'00','total',2024-01-29 16:00:00,19838.037283018424
'00','total',2024-01-29 17:00:00,19406.992200195316
'00','total',2024-01-29 18:00:00,18878.0966095013
'00','total',2024-01-29 19:00:00,18394.281341541762
'00','total',2024-01-29 20:00:00,17951.81325575173
'00','total',2024-01-29 21:00:00,17460.849560781968
'00','total',2024-01-29 22:00:00,16887.03899230385
'00','total',2024-01-29 23:00:00,16447.413417867523
'00','total',2024-01-30 00:00:00,16106.137286501276
'00','total',2024-01-30 01:00:00,15934.439015138178
'00','total',2024-01-30 02:00:00,15827.844035564438
'00','total',2024-01-30 03:00:00,15741.46149066052
'00','total',2024-01-30 04:00:00,16033.97823249015
'00','total',2024-01-30 05:00:00,16667.706235075653
'00','total',2024-01-30 06:00:00,18307.22962069352
'00','total',2024-01-30 07:00:00,19838.64002626525
'00','total',2024-01-30 08:00:00,20401.403075320657
'00','total',2024-01-30 09:00:00,20487.90427813194
'00','total',2024-01-30 10:00:00,20639.439312301325
'00','total',2024-01-30 11:00:00,20599.083446827804
'00','total',2024-01-30 12:00:00,20472.059340018288
'00','total',2024-01-30 13:00:00,20473.84707150603
'00','total',2024-01-30 14:00:00,20397.210669146334
'00','total',2024-01-30 15:00:00,20371.770554092564
'00','total',2024-01-30 16:00:00,19997.836562270993
'00','total',2024-01-30 17:00:00,19761.014008762413
'00','total',2024-01-30 18:00:00,19279.91155332966
'00','total',2024-01-30 19:00:00,18849.194311605792
'00','total',2024-01-30 20:00:00,18435.69724919118
'00','total',2024-01-30 21:00:00,17973.802732125157
'00','total',2024-01-30 22:00:00,17386.308495992263
'00','total',2024-01-30 23:00:00,16908.50276968659
'00','total',2024-01-31 00:00:00,16494.346097546746
'00','total',2024-01-31 01:00:00,16266.58852590445
'00','total',2024-01-31 02:00:00,16132.659962126088
'00','total',2024-01-31 03:00:00,16180.936386525527
'00','total',2024-01-31 04:00:00,16518.427961698337
'00','total',2024-01-31 05:00:00,17253.2412300269
'00','total',2024-01-31 06:00:00,19179.4197832939
'00','total',2024-01-31 07:00:00,20920.017845537754
'00','total',2024-01-31 08:00:00,21411.548088719617
'00','total',2024-01-31 09:00:00,21535.742056521278
'00','total',2024-01-31 10:00:00,21630.54764316396
'00','total',2024-01-31 11:00:00,21573.002091475424
'00','total',2024-01-31 12:00:00,21338.75119414589
'00','total',2024-01-31 13:00:00,21195.924737949877
'00','total',2024-01-31 14:00:00,21121.422402073447
'00','total',2024-01-31 15:00:00,21088.93237125334
'00','total',2024-01-31 16:00:00,20499.41302445095
'00','total',2024-01-31 17:00:00,20179.334407015427
'00','total',2024-01-31 18:00:00,19607.45240134701
'00','total',2024-01-31 19:00:00,19178.276692911706
'00','total',2024-01-31 20:00:00,18653.884581210936
'00','total',2024-01-31 21:00:00,18177.06772401278
'00','total',2024-01-31 22:00:00,17603.769978931556
'00','total',2024-01-31 23:00:00,17088.104754442928
'00','total',2024-02-01 00:00:00,15655.784570610742
'00','total',2024-02-01 01:00:00,15528.32309037964
'00','total',2024-02-01 02:00:00,15475.188593385747
'00','total',2024-02-01 03:00:00,15565.693454006028
'00','total',2024-02-01 04:00:00,15941.13293384328
'00','total',2024-02-01 05:00:00,16735.80471625153
'00','total',2024-02-01 06:00:00,18670.539052846565
'00','total',2024-02-01 07:00:00,20463.569826510626
'00','total',2024-02-01 08:00:00,21067.4247617121
'00','total',2024-02-01 09:00:00,21209.62318653424
'00','total',2024-02-01 10:00:00,21236.927964132658
'00','total',2024-02-01 11:00:00,21142.535143189223
'00','total',2024-02-01 12:00:00,21091.103252817076
'00','total',2024-02-01 13:00:00,21153.64408366252
'00','total',2024-02-01 14:00:00,21125.91858810171
'00','total',2024-02-01 15:00:00,21097.809963256448
'00','total',2024-02-01 16:00:00,20406.171298186535
'00','total',2024-02-01 17:00:00,19942.34810150676
'00','total',2024-02-01 18:00:00,19317.210588671227
'00','total',2024-02-01 19:00:00,18845.855826770246
'00','total',2024-02-01 20:00:00,18359.140908336176
'00','total',2024-02-01 21:00:00,17854.961225549516
'00','total',2024-02-01 22:00:00,17324.171171873586
'00','total',2024-02-01 23:00:00,16848.507529622315
'00','total',2024-02-02 00:00:00,16416.88228612725
'00','total',2024-02-02 01:00:00,16285.163603386436
'00','total',2024-02-02 02:00:00,16164.09349050333
'00','total',2024-02-02 03:00:00,16127.233809495514
'00','total',2024-02-02 04:00:00,16335.34239660086
'00','total',2024-02-02 05:00:00,17027.79259322873
'00','total',2024-02-02 06:00:00,18446.411169541192
'00','total',2024-02-02 07:00:00,19765.92467710269
'00','total',2024-02-02 08:00:00,20193.177099608896
'00','total',2024-02-02 09:00:00,20363.555595441256
'00','total',2024-02-02 10:00:00,20514.54231385171
'00','total',2024-02-02 11:00:00,20430.38328461615
'00','total',2024-02-02 12:00:00,20315.433752179935
'00','total',2024-02-02 13:00:00,20266.87369093177
'00','total',2024-02-02 14:00:00,20211.134364164653
'00','total',2024-02-02 15:00:00,20205.084580128067
'00','total',2024-02-02 16:00:00,19934.763956936375
'00','total',2024-02-02 17:00:00,19733.078634756832
'00','total',2024-02-02 18:00:00,19283.611441541932
'00','total',2024-02-02 19:00:00,18885.875054074037
'00','total',2024-02-02 20:00:00,18478.39492790628
'00','total',2024-02-02 21:00:00,18061.379288671822
'00','total',2024-02-02 22:00:00,17507.127010434193
'00','total',2024-02-02 23:00:00,17093.86497639907
'00','total',2024-02-03 00:00:00,16774.285726442286
'00','total',2024-02-03 01:00:00,16583.88426723479
'00','total',2024-02-03 02:00:00,16480.28432557996
'00','total',2024-02-03 03:00:00,16579.61757770721
'00','total',2024-02-03 04:00:00,16864.694598751634
'00','total',2024-02-03 05:00:00,17642.053914694774
'00','total',2024-02-03 06:00:00,19500.95987900471
'00','total',2024-02-03 07:00:00,21002.179711401295
'00','total',2024-02-03 08:00:00,21545.664140450266
'00','total',2024-02-03 09:00:00,21722.341335895562
'00','total',2024-02-03 10:00:00,21737.30305509683
'00','total',2024-02-03 11:00:00,21610.82745148545
'00','total',2024-02-03 12:00:00,21445.43781252485
'00','total',2024-02-03 13:00:00,21373.298054008454
'00','total',2024-02-03 14:00:00,21113.147822222454
'00','total',2024-02-03 15:00:00,20809.55929839704
'00','total',2024-02-03 16:00:00,20276.541397209407
'00','total',2024-02-03 17:00:00,19985.436059478536
'00','total',2024-02-03 18:00:00,19511.974855276738
'00','total',2024-02-03 19:00:00,19067.165093291194
'00','total',2024-02-03 20:00:00,18560.705504016707
'00','total',2024-02-03 21:00:00,18014.290863928196
'00','total',2024-02-03 22:00:00,17470.586385796374
'00','total',2024-02-03 23:00:00,16977.955875984848
'00','total',2024-02-04 00:00:00,16224.033380364315
'00','total',2024-02-04 01:00:00,16085.964481576471
'00','total',2024-02-04 02:00:00,16034.443991828472
'00','total',2024-02-04 03:00:00,16198.38810436165
'00','total',2024-02-04 04:00:00,16713.57359918787
'00','total',2024-02-04 05:00:00,17919.59810365426
'00','total',2024-02-04 06:00:00,19614.362865932326
'00','total',2024-02-04 07:00:00,20734.019182944
'00','total',2024-02-04 08:00:00,20982.00305486314
'00','total',2024-02-04 09:00:00,21037.053317050548
'00','total',2024-02-04 10:00:00,20896.672178664616
'00','total',2024-02-04 11:00:00,20749.32162779534
'00','total',2024-02-04 12:00:00,20569.944075514977
'00','total',2024-02-04 13:00:00,20367.515604578773
'00','total',2024-02-04 14:00:00,20114.420330184665
'00','total',2024-02-04 15:00:00,19649.281083502377
'00','total',2024-02-04 16:00:00,19243.40128331131
'00','total',2024-02-04 17:00:00,18995.626093917177
'00','total',2024-02-04 18:00:00,18617.872078855602
'00','total',2024-02-04 19:00:00,18318.103144242807
'00','total',2024-02-04 20:00:00,17848.051072591603
'00','total',2024-02-04 21:00:00,17350.725503334
'00','total',2024-02-04 22:00:00,16870.2618561225
'00','total',2024-02-04 23:00:00,16413.79673940508
'00','total',2024-02-05 00:00:00,15944.287944850183
'00','total',2024-02-05 01:00:00,15736.71349574448
'00','total',2024-02-05 02:00:00,15663.35300134845
'00','total',2024-02-05 03:00:00,15759.80689720441
'00','total',2024-02-05 04:00:00,15958.057316625169
'00','total',2024-02-05 05:00:00,16811.02387973434
'00','total',2024-02-05 06:00:00,18054.45445960656
'00','total',2024-02-05 07:00:00,18982.97598079385
'00','total',2024-02-05 08:00:00,19258.374920843147
'00','total',2024-02-05 09:00:00,19480.922932622303
'00','total',2024-02-05 10:00:00,19573.715627392477
'00','total',2024-02-05 11:00:00,19407.037636553592
'00','total',2024-02-05 12:00:00,19279.160257800464
'00','total',2024-02-05 13:00:00,19091.641474070344
'00','total',2024-02-05 14:00:00,18836.09017782624
'00','total',2024-02-05 15:00:00,18605.556548451983
'00','total',2024-02-05 16:00:00,18421.56124012653
'00','total',2024-02-05 17:00:00,18207.98526117583
'00','total',2024-02-05 18:00:00,17879.23402111756
'00','total',2024-02-05 19:00:00,17500.60955056097
'00','total',2024-02-05 20:00:00,17232.742487659296
'00','total',2024-02-05 21:00:00,16819.11544713041
'00','total',2024-02-05 22:00:00,16321.49846319792
'00','total',2024-02-05 23:00:00,15961.800779577186
'00','total',2024-02-06 00:00:00,15157.153917704916
'00','total',2024-02-06 01:00:00,15064.806716128493
'00','total',2024-02-06 02:00:00,14995.246192680115
'00','total',2024-02-06 03:00:00,14935.43408816628
'00','total',2024-02-06 04:00:00,15077.187968474838
'00','total',2024-02-06 05:00:00,15473.689406552452
'00','total',2024-02-06 06:00:00,16431.263426528276
'00','total',2024-02-06 07:00:00,17251.874692144156
'00','total',2024-02-06 08:00:00,17623.116839081118
'00','total',2024-02-06 09:00:00,17809.485762914337
'00','total',2024-02-06 10:00:00,17893.419369802505
'00','total',2024-02-06 11:00:00,17819.70079935466
'00','total',2024-02-06 12:00:00,17710.045756651794
'00','total',2024-02-06 13:00:00,17705.214242424147
'00','total',2024-02-06 14:00:00,17533.678791291837
'00','total',2024-02-06 15:00:00,17622.017644290423
'00','total',2024-02-06 16:00:00,17585.47755739307
'00','total',2024-02-06 17:00:00,17635.832731400507
'00','total',2024-02-06 18:00:00,17329.198367522404
'00','total',2024-02-06 19:00:00,17028.723654418758
'00','total',2024-02-06 20:00:00,16730.803385395095
'00','total',2024-02-06 21:00:00,16395.478225357114
'00','total',2024-02-06 22:00:00,15971.153774964161
'00','total',2024-02-06 23:00:00,15709.381095661349
'00','total',2024-02-07 00:00:00,15685.295873497054
'00','total',2024-02-07 01:00:00,15535.366262077772
'00','total',2024-02-07 02:00:00,15439.173078570691
'00','total',2024-02-07 03:00:00,15460.8170141362
'00','total',2024-02-07 04:00:00,15816.706906860434
'00','total',2024-02-07 05:00:00,16670.01943585418
'00','total',2024-02-07 06:00:00,18358.19044311367
'00','total',2024-02-07 07:00:00,19486.21628782558
'00','total',2024-02-07 08:00:00,19784.35901145308
'00','total',2024-02-07 09:00:00,19874.036812269766
'00','total',2024-02-07 10:00:00,19857.686197668085
'00','total',2024-02-07 11:00:00,19817.227817353418
'00','total',2024-02-07 12:00:00,19688.25437515457
'00','total',2024-02-07 13:00:00,19663.99897870073
'00','total',2024-02-07 14:00:00,19491.06065088882
'00','total',2024-02-07 15:00:00,19325.592720306322
'00','total',2024-02-07 16:00:00,18985.876809640587
'00','total',2024-02-07 17:00:00,18788.887983040928
'00','total',2024-02-07 18:00:00,18322.536969533845
'00','total',2024-02-07 19:00:00,17990.33544712435
'00','total',2024-02-07 20:00:00,17582.43326665107
'00','total',2024-02-07 21:00:00,17201.650409101858
'00','total',2024-02-07 22:00:00,16728.054209581103
'00','total',2024-02-07 23:00:00,16235.530423017566
'00','total',2024-02-08 00:00:00,15505.542397322119
'00','total',2024-02-08 01:00:00,15282.349343163658
'00','total',2024-02-08 02:00:00,15227.665212899687
'00','total',2024-02-08 03:00:00,15229.376125316705
'00','total',2024-02-08 04:00:00,15555.19081295967
'00','total',2024-02-08 05:00:00,16465.187117889993
'00','total',2024-02-08 06:00:00,18432.93052534913
'00','total',2024-02-08 07:00:00,19969.298142134496
'00','total',2024-02-08 08:00:00,20446.792242394782
'00','total',2024-02-08 09:00:00,20453.525339415675
'00','total',2024-02-08 10:00:00,20361.99296810384
'00','total',2024-02-08 11:00:00,20211.913175174937
'00','total',2024-02-08 12:00:00,20058.658709895262
'00','total',2024-02-08 13:00:00,19922.967524296313
'00','total',2024-02-08 14:00:00,19807.688174250292
'00','total',2024-02-08 15:00:00,19658.254732181387
'00','total',2024-02-08 16:00:00,19130.269731874625
'00','total',2024-02-08 17:00:00,18865.637819909065
'00','total',2024-02-08 18:00:00,18307.1476292686
'00','total',2024-02-08 19:00:00,17957.74723670853
'00','total',2024-02-08 20:00:00,17525.782113844984
'00','total',2024-02-08 21:00:00,17117.114839919752
'00','total',2024-02-08 22:00:00,16574.419455346153
'00','total',2024-02-08 23:00:00,16088.35178581456
'00','total',2024-02-09 00:00:00,15916.294307067883
'00','total',2024-02-09 01:00:00,15755.909550931608
'00','total',2024-02-09 02:00:00,15614.647854138586
'00','total',2024-02-09 03:00:00,15591.512045018737
'00','total',2024-02-09 04:00:00,16074.421874536914
'00','total',2024-02-09 05:00:00,17212.861559154215
'00','total',2024-02-09 06:00:00,19230.852678701092
'00','total',2024-02-09 07:00:00,20891.028426980134
'00','total',2024-02-09 08:00:00,21306.5483757507
'00','total',2024-02-09 09:00:00,21370.250980648125
'00','total',2024-02-09 10:00:00,21340.37490521437
'00','total',2024-02-09 11:00:00,21063.690961888507
'00','total',2024-02-09 12:00:00,20835.091597004972
'00','total',2024-02-09 13:00:00,20836.789324839086
'00','total',2024-02-09 14:00:00,20791.494103703866
'00','total',2024-02-09 15:00:00,20450.930154568596
'00','total',2024-02-09 16:00:00,19875.0874232731
'00','total',2024-02-09 17:00:00,19408.113785383863
'00','total',2024-02-09 18:00:00,18889.694974942657
'00','total',2024-02-09 19:00:00,18587.461800500492
'00','total',2024-02-09 20:00:00,17989.799400918735
'00','total',2024-02-09 21:00:00,17473.23243055924
'00','total',2024-02-09 22:00:00,16789.629775449568
'00','total',2024-02-09 23:00:00,16236.117706702194
'00','total',2024-02-10 00:00:00,15942.94757953056
'00','total',2024-02-10 01:00:00,15703.058598053112
'00','total',2024-02-10 02:00:00,15599.125227610526
'00','total',2024-02-10 03:00:00,15698.385519743313
'00','total',2024-02-10 04:00:00,16213.827262243334
'00','total',2024-02-10 05:00:00,17425.535208724825
'00','total',2024-02-10 06:00:00,19467.91159629185
'00','total',2024-02-10 07:00:00,20987.088842890545
'00','total',2024-02-10 08:00:00,21227.00155980694
'00','total',2024-02-10 09:00:00,21218.939394315097
'00','total',2024-02-10 10:00:00,21123.88151382748
'00','total',2024-02-10 11:00:00,20867.20268773604
'00','total',2024-02-10 12:00:00,20730.981342542287
'00','total',2024-02-10 13:00:00,20633.873467000383
'00','total',2024-02-10 14:00:00,20399.294494667407
'00','total',2024-02-10 15:00:00,20151.225887808032
'00','total',2024-02-10 16:00:00,19636.90103668422
'00','total',2024-02-10 17:00:00,19403.92350324032
'00','total',2024-02-10 18:00:00,18952.064118589395
'00','total',2024-02-10 19:00:00,18462.226228405678
'00','total',2024-02-10 20:00:00,17912.732933375308
'00','total',2024-02-10 21:00:00,17412.206511656306
'00','total',2024-02-10 22:00:00,16724.922631464222
'00','total',2024-02-10 23:00:00,16240.38355130317
'00','total',2024-02-11 00:00:00,15935.69315137715
'00','total',2024-02-11 01:00:00,15712.250995887258
'00','total',2024-02-11 02:00:00,15616.174598636719
'00','total',2024-02-11 03:00:00,15661.087532889087
'00','total',2024-02-11 04:00:00,15863.883914721564
'00','total',2024-02-11 05:00:00,16435.054603973927
'00','total',2024-02-11 06:00:00,17758.407244350805
'00','total',2024-02-11 07:00:00,18882.03039791036
'00','total',2024-02-11 08:00:00,19348.89333501531
'00','total',2024-02-11 09:00:00,19478.791251084367
'00','total',2024-02-11 10:00:00,19442.527502866036
'00','total',2024-02-11 11:00:00,19242.413550398498
'00','total',2024-02-11 12:00:00,19082.116761453453
'00','total',2024-02-11 13:00:00,18987.523023168338
'00','total',2024-02-11 14:00:00,18850.6432845374
'00','total',2024-02-11 15:00:00,18790.009967878446
'00','total',2024-02-11 16:00:00,18642.815454400443
'00','total',2024-02-11 17:00:00,18683.416421692727
'00','total',2024-02-11 18:00:00,18304.99452789727
'00','total',2024-02-11 19:00:00,17794.578471417164
'00','total',2024-02-11 20:00:00,17397.4161212339
'00','total',2024-02-11 21:00:00,17033.63347417482
'00','total',2024-02-11 22:00:00,16539.318039021076
'00','total',2024-02-11 23:00:00,16218.482305070753
'00','total',2024-02-12 00:00:00,16522.68022978937
'00','total',2024-02-12 01:00:00,16302.089646758872
'00','total',2024-02-12 02:00:00,16163.026413516802
'00','total',2024-02-12 03:00:00,16191.058178849922
'00','total',2024-02-12 04:00:00,16352.6883792786
'00','total',2024-02-12 05:00:00,16885.45647449838
'00','total',2024-02-12 06:00:00,18224.215615362504
'00','total',2024-02-12 07:00:00,19396.140110072654
'00','total',2024-02-12 08:00:00,19747.133546181514
'00','total',2024-02-12 09:00:00,19945.43592499293
'00','total',2024-02-12 10:00:00,19912.706196121762
'00','total',2024-02-12 11:00:00,19798.751866601848
'00','total',2024-02-12 12:00:00,19571.697560788885
'00','total',2024-02-12 13:00:00,19531.58080385756
'00','total',2024-02-12 14:00:00,19395.658466663597
'00','total',2024-02-12 15:00:00,19357.71474796894
'00','total',2024-02-12 16:00:00,19064.309203789053
'00','total',2024-02-12 17:00:00,18905.008366541508
'00','total',2024-02-12 18:00:00,18591.45321541377
'00','total',2024-02-12 19:00:00,18221.654560961517
'00','total',2024-02-12 20:00:00,17721.788897891827
'00','total',2024-02-12 21:00:00,17417.361178687206
'00','total',2024-02-12 22:00:00,16885.760046443953
'00','total',2024-02-12 23:00:00,16458.336185216005
'00','total',2024-02-13 00:00:00,16207.838133380119
'00','total',2024-02-13 01:00:00,16016.321087601658
'00','total',2024-02-13 02:00:00,15807.865837357504
'00','total',2024-02-13 03:00:00,15747.024261895094
'00','total',2024-02-13 04:00:00,15983.366352310926
'00','total',2024-02-13 05:00:00,16673.74540767087
'00','total',2024-02-13 06:00:00,18294.997289452484
'00','total',2024-02-13 07:00:00,19573.984817065877
'00','total',2024-02-13 08:00:00,19872.433608460175
'00','total',2024-02-13 09:00:00,20032.829300987258
'00','total',2024-02-13 10:00:00,20032.417173560094
'00','total',2024-02-13 11:00:00,19876.73627422682
'00','total',2024-02-13 12:00:00,19641.27447435998
'00','total',2024-02-13 13:00:00,19615.625878611983
'00','total',2024-02-13 14:00:00,19478.87462986731
'00','total',2024-02-13 15:00:00,19495.724879408128
'00','total',2024-02-13 16:00:00,19164.38503613554
'00','total',2024-02-13 17:00:00,19093.78138824795
'00','total',2024-02-13 18:00:00,18660.212221699767
'00','total',2024-02-13 19:00:00,18313.007560568076
'00','total',2024-02-13 20:00:00,17837.085542416735
'00','total',2024-02-13 21:00:00,17459.70433318194
'00','total',2024-02-13 22:00:00,16980.466638546786
'00','total',2024-02-13 23:00:00,16494.312258736292
'00','total',2024-02-14 00:00:00,16049.397018491545
'00','total',2024-02-14 01:00:00,15800.29194856316
'00','total',2024-02-14 02:00:00,15738.040944869941
'00','total',2024-02-14 03:00:00,15810.514690375956
'00','total',2024-02-14 04:00:00,16153.407941322179
'00','total',2024-02-14 05:00:00,16880.580943520083
'00','total',2024-02-14 06:00:00,18893.020818359135
'00','total',2024-02-14 07:00:00,20515.57632877462
'00','total',2024-02-14 08:00:00,20918.603459243444
'00','total',2024-02-14 09:00:00,20965.169691620777
'00','total',2024-02-14 10:00:00,20895.50172377401
'00','total',2024-02-14 11:00:00,20678.774501503154
'00','total',2024-02-14 12:00:00,20402.631701669743
'00','total',2024-02-14 13:00:00,20254.32654721071
'00','total',2024-02-14 14:00:00,20044.937847848574
'00','total',2024-02-14 15:00:00,19950.152351997003
'00','total',2024-02-14 16:00:00,19406.43328279655
'00','total',2024-02-14 17:00:00,19303.149656453297
'00','total',2024-02-14 18:00:00,18854.56073170047
'00','total',2024-02-14 19:00:00,18507.687866390737
'00','total',2024-02-14 20:00:00,18081.116908991702
'00','total',2024-02-14 21:00:00,17589.535897820344
'00','total',2024-02-14 22:00:00,17007.74639309043
'00','total',2024-02-14 23:00:00,16583.521603081936
'00','total',2024-02-15 00:00:00,16137.008720159558
'00','total',2024-02-15 01:00:00,15973.077049665693
'00','total',2024-02-15 02:00:00,15900.772272951946
'00','total',2024-02-15 03:00:00,15859.60619945901
'00','total',2024-02-15 04:00:00,16114.644129170447
'00','total',2024-02-15 05:00:00,16907.516379147026
'00','total',2024-02-15 06:00:00,18784.08712107296
'00','total',2024-02-15 07:00:00,20377.653096533664
'00','total',2024-02-15 08:00:00,20836.98735572811
'00','total',2024-02-15 09:00:00,20985.49885018317
'00','total',2024-02-15 10:00:00,21036.265968944306
'00','total',2024-02-15 11:00:00,20926.168761365127
'00','total',2024-02-15 12:00:00,20657.65952581209
'00','total',2024-02-15 13:00:00,20493.359629598235
'00','total',2024-02-15 14:00:00,20304.47381848773
'00','total',2024-02-15 15:00:00,20153.380546840654
'00','total',2024-02-15 16:00:00,19617.341795389922
'00','total',2024-02-15 17:00:00,19503.006084931854
'00','total',2024-02-15 18:00:00,18991.90917448398
'00','total',2024-02-15 19:00:00,18563.344318600026
'00','total',2024-02-15 20:00:00,18075.081027834152
'00','total',2024-02-15 21:00:00,17553.528715817683
'00','total',2024-02-15 22:00:00,16966.56922097363
'00','total',2024-02-15 23:00:00,16481.29588490058
'00','total',2024-02-16 00:00:00,16065.648909371472
'00','total',2024-02-16 01:00:00,15798.25985189106
'00','total',2024-02-16 02:00:00,15642.27196982389
'00','total',2024-02-16 03:00:00,15676.878744144855
'00','total',2024-02-16 04:00:00,15935.511914327273
'00','total',2024-02-16 05:00:00,16490.69128239301
'00','total',2024-02-16 06:00:00,18015.93283800793
'00','total',2024-02-16 07:00:00,19189.640694990452
'00','total',2024-02-16 08:00:00,19533.76550770791
'00','total',2024-02-16 09:00:00,19721.039111727907
'00','total',2024-02-16 10:00:00,19831.60158168667
'00','total',2024-02-16 11:00:00,19781.742564629898
'00','total',2024-02-16 12:00:00,19650.41675806158
'00','total',2024-02-16 13:00:00,19704.021779893483
'00','total',2024-02-16 14:00:00,19578.600396418857
'00','total',2024-02-16 15:00:00,19442.664256996177
'00','total',2024-02-16 16:00:00,19095.32054178372
'00','total',2024-02-16 17:00:00,18983.611902020908
'00','total',2024-02-16 18:00:00,18638.051771436127
'00','total',2024-02-16 19:00:00,18289.02619180048
'00','total',2024-02-16 20:00:00,17838.626362276
'00','total',2024-02-16 21:00:00,17352.284276938528
'00','total',2024-02-16 22:00:00,16773.974930096098
'00','total',2024-02-16 23:00:00,16295.468897668447
'00','total',2024-02-17 00:00:00,15961.127497002968
'00','total',2024-02-17 01:00:00,15899.977907859016
'00','total',2024-02-17 02:00:00,15829.848359090243
'00','total',2024-02-17 03:00:00,15833.208379533888
'00','total',2024-02-17 04:00:00,16076.704652418863
'00','total',2024-02-17 05:00:00,16832.491926639843
'00','total',2024-02-17 06:00:00,18643.699128872624
'00','total',2024-02-17 07:00:00,20175.52994286992
'00','total',2024-02-17 08:00:00,20608.700890508528
'00','total',2024-02-17 09:00:00,20749.98802769027
'00','total',2024-02-17 10:00:00,20817.51156420219
'00','total',2024-02-17 11:00:00,20680.12322161952
'00','total',2024-02-17 12:00:00,20471.836801240814
'00','total',2024-02-17 13:00:00,20468.22891521462
'00','total',2024-02-17 14:00:00,20271.838922437353
'00','total',2024-02-17 15:00:00,20105.671439248257
'00','total',2024-02-17 16:00:00,19582.73535701165
'00','total',2024-02-17 17:00:00,19397.278947033014
'00','total',2024-02-17 18:00:00,18969.345753790836
'00','total',2024-02-17 19:00:00,18556.05599038994
'00','total',2024-02-17 20:00:00,18065.70444924507
'00','total',2024-02-17 21:00:00,17511.12108311815
'00','total',2024-02-17 22:00:00,16899.68002993667
'00','total',2024-02-17 23:00:00,16450.95808580335
'00','total',2024-02-18 00:00:00,16026.853906017754
'00','total',2024-02-18 01:00:00,15841.362452569081
'00','total',2024-02-18 02:00:00,15695.230523186172
'00','total',2024-02-18 03:00:00,15735.260113945638
'00','total',2024-02-18 04:00:00,16006.277141501816
'00','total',2024-02-18 05:00:00,16764.557864598442
'00','total',2024-02-18 06:00:00,18734.884083966437
'00','total',2024-02-18 07:00:00,20304.9484326081
'00','total',2024-02-18 08:00:00,20795.538429584023
'00','total',2024-02-18 09:00:00,20905.411648753987
'00','total',2024-02-18 10:00:00,20943.64417009762
'00','total',2024-02-18 11:00:00,20873.188064884493
'00','total',2024-02-18 12:00:00,20662.841357843947
'00','total',2024-02-18 13:00:00,20570.15944641618
'00','total',2024-02-18 14:00:00,20378.958900135018
'00','total',2024-02-18 15:00:00,20177.637372056677
'00','total',2024-02-18 16:00:00,19638.637685177757
'00','total',2024-02-18 17:00:00,19482.78422412982
'00','total',2024-02-18 18:00:00,19077.304585004746
'00','total',2024-02-18 19:00:00,18617.099127034217
'00','total',2024-02-18 20:00:00,18088.35532405946
'00','total',2024-02-18 21:00:00,17604.048905604326
'00','total',2024-02-18 22:00:00,17027.383779857104
'00','total',2024-02-18 23:00:00,16529.481620343213
'00','total',2024-02-19 00:00:00,16091.112830951486
'00','total',2024-02-19 01:00:00,15806.99824840925
'00','total',2024-02-19 02:00:00,15665.838018628874
'00','total',2024-02-19 03:00:00,15632.814874061183
'00','total',2024-02-19 04:00:00,15888.867571959196
'00','total',2024-02-19 05:00:00,16600.708912844253
'00','total',2024-02-19 06:00:00,18220.292131504993
'00','total',2024-02-19 07:00:00,19465.97651516609
'00','total',2024-02-19 08:00:00,19864.933718454973
'00','total',2024-02-19 09:00:00,19948.69057623391
'00','total',2024-02-19 10:00:00,20075.497093169302
'00','total',2024-02-19 11:00:00,19906.64002850875
'00','total',2024-02-19 12:00:00,19704.271455259248
'00','total',2024-02-19 13:00:00,19494.455013149614
'00','total',2024-02-19 14:00:00,19392.701781252388
'00','total',2024-02-19 15:00:00,19258.675517900665
'00','total',2024-02-19 16:00:00,18907.1410869715
'00','total',2024-02-19 17:00:00,19024.30278521324
'00','total',2024-02-19 18:00:00,18631.231081981718
'00','total',2024-02-19 19:00:00,18176.996123760317
'00','total',2024-02-19 20:00:00,17728.326081783973
'00','total',2024-02-19 21:00:00,17270.616150127968
'00','total',2024-02-19 22:00:00,16784.79393302487
'00','total',2024-02-19 23:00:00,16385.431118970115
'00','total',2024-02-20 00:00:00,16018.361685218973
'00','total',2024-02-20 01:00:00,15904.72925310318
'00','total',2024-02-20 02:00:00,15820.092846253943
'00','total',2024-02-20 03:00:00,15820.00225007272
'00','total',2024-02-20 04:00:00,16130.280771918884
'00','total',2024-02-20 05:00:00,16775.665411058584
'00','total',2024-02-20 06:00:00,18338.5663324203
'00','total',2024-02-20 07:00:00,19578.037657631332
'00','total',2024-02-20 08:00:00,19982.411914287426
'00','total',2024-02-20 09:00:00,20162.48447683687
'00','total',2024-02-20 10:00:00,20191.517888802933
'00','total',2024-02-20 11:00:00,20138.88190485322
'00','total',2024-02-20 12:00:00,20002.767717567946
'00','total',2024-02-20 13:00:00,20011.771225753404
'00','total',2024-02-20 14:00:00,19953.798106791808
'00','total',2024-02-20 15:00:00,19818.29878973091
'00','total',2024-02-20 16:00:00,19359.01417629009
'00','total',2024-02-20 17:00:00,19297.975008545178
'00','total',2024-02-20 18:00:00,18902.735427589505
'00','total',2024-02-20 19:00:00,18608.677862372064
'00','total',2024-02-20 20:00:00,18146.480326116536
'00','total',2024-02-20 21:00:00,17719.92713974822
'00','total',2024-02-20 22:00:00,17133.69638021424
'00','total',2024-02-20 23:00:00,16562.98408020922
'00','total',2024-02-21 00:00:00,16175.313547058218
'00','total',2024-02-21 01:00:00,15973.391887637044
'00','total',2024-02-21 02:00:00,15912.61974087509
'00','total',2024-02-21 03:00:00,15912.550634010446
'00','total',2024-02-21 04:00:00,16233.189007036794
'00','total',2024-02-21 05:00:00,16898.36201570372
'00','total',2024-02-21 06:00:00,18873.212031127016
'00','total',2024-02-21 07:00:00,20271.064716585563
'00','total',2024-02-21 08:00:00,20716.86753219341
'00','total',2024-02-21 09:00:00,20827.229402748973
'00','total',2024-02-21 10:00:00,20853.40297338736
'00','total',2024-02-21 11:00:00,20743.208041280046
'00','total',2024-02-21 12:00:00,20482.04169335972
'00','total',2024-02-21 13:00:00,20417.17167284254
'00','total',2024-02-21 14:00:00,20252.812396237296
'00','total',2024-02-21 15:00:00,20029.615387698665
'00','total',2024-02-21 16:00:00,19462.515843056804
'00','total',2024-02-21 17:00:00,19350.496469402606
'00','total',2024-02-21 18:00:00,18985.57607553039
'00','total',2024-02-21 19:00:00,18649.562067219063
'00','total',2024-02-21 20:00:00,18116.97214236512
'00','total',2024-02-21 21:00:00,17669.66199806874
'00','total',2024-02-21 22:00:00,17097.18930078179
'00','total',2024-02-21 23:00:00,16680.596161758585
'00','total',2024-02-22 00:00:00,16309.134303704699
'00','total',2024-02-22 01:00:00,16088.290239030974
'00','total',2024-02-22 02:00:00,15983.911657796365
'00','total',2024-02-22 03:00:00,16038.72812241933
'00','total',2024-02-22 04:00:00,16357.79953792672
'00','total',2024-02-22 05:00:00,17080.122111004646
'00','total',2024-02-22 06:00:00,18987.648235796696
'00','total',2024-02-22 07:00:00,20497.880878719378
'00','total',2024-02-22 08:00:00,20949.932609361058
'00','total',2024-02-22 09:00:00,20976.10562601799
'00','total',2024-02-22 10:00:00,20946.825937575963
'00','total',2024-02-22 11:00:00,20748.68188159726
'00','total',2024-02-22 12:00:00,20610.077109213
'00','total',2024-02-22 13:00:00,20608.00680067974
'00','total',2024-02-22 14:00:00,20389.239415668068
'00','total',2024-02-22 15:00:00,20139.750014228364
'00','total',2024-02-22 16:00:00,19664.177374716255
'00','total',2024-02-22 17:00:00,19527.27520830842
'00','total',2024-02-22 18:00:00,19057.866671091237
'00','total',2024-02-22 19:00:00,18574.52557481455
'00','total',2024-02-22 20:00:00,18152.800303968605
'00','total',2024-02-22 21:00:00,17618.775356405193
'00','total',2024-02-22 22:00:00,17075.916773435227
'00','total',2024-02-22 23:00:00,16557.527313000526
'00','total',2024-02-23 00:00:00,16165.235891459275
'00','total',2024-02-23 01:00:00,15945.209301222216
'00','total',2024-02-23 02:00:00,15754.708422058495
'00','total',2024-02-23 03:00:00,15704.704113528374
'00','total',2024-02-23 04:00:00,15914.954425863298
'00','total',2024-02-23 05:00:00,16382.693640549523
'00','total',2024-02-23 06:00:00,17865.31986890655
'00','total',2024-02-23 07:00:00,18976.303656204298
'00','total',2024-02-23 08:00:00,19451.322814996944
'00','total',2024-02-23 09:00:00,19665.1017190018
'00','total',2024-02-23 10:00:00,19676.31682162092
'00','total',2024-02-23 11:00:00,19557.04242175333
'00','total',2024-02-23 12:00:00,19384.74112260807
'00','total',2024-02-23 13:00:00,19320.263229520464
'00','total',2024-02-23 14:00:00,19218.705191333353
'00','total',2024-02-23 15:00:00,19085.281364322473
'00','total',2024-02-23 16:00:00,18712.157104662903
'00','total',2024-02-23 17:00:00,18714.98850200891
'00','total',2024-02-23 18:00:00,18398.78526125716
'00','total',2024-02-23 19:00:00,18077.81441203333
'00','total',2024-02-23 20:00:00,17602.418944179088
'00','total',2024-02-23 21:00:00,17156.088550165612
'00','total',2024-02-23 22:00:00,16580.600007163383
'00','total',2024-02-23 23:00:00,16077.193422219114
'00','total',2024-02-24 00:00:00,15779.863763553523
'00','total',2024-02-24 01:00:00,15600.410300409436
'00','total',2024-02-24 02:00:00,15443.096601036043
'00','total',2024-02-24 03:00:00,15425.775567020413
'00','total',2024-02-24 04:00:00,15713.15827482838
'00','total',2024-02-24 05:00:00,16414.11811366285
'00','total',2024-02-24 06:00:00,18264.415664704622
'00','total',2024-02-24 07:00:00,19597.683197055383
'00','total',2024-02-24 08:00:00,20051.44836167061
'00','total',2024-02-24 09:00:00,20149.829514978435
'00','total',2024-02-24 10:00:00,20160.318412872002
'00','total',2024-02-24 11:00:00,20032.267297583177
'00','total',2024-02-24 12:00:00,19837.359944495565
'00','total',2024-02-24 13:00:00,19802.325321970504
'00','total',2024-02-24 14:00:00,19669.262385681435
'00','total',2024-02-24 15:00:00,19541.74465002513
'00','total',2024-02-24 16:00:00,18920.37558975504
'00','total',2024-02-24 17:00:00,18861.973369325187
'00','total',2024-02-24 18:00:00,18555.275056187696
'00','total',2024-02-24 19:00:00,18207.4180525829
'00','total',2024-02-24 20:00:00,17689.994484826024
'00','total',2024-02-24 21:00:00,17281.889666957337
'00','total',2024-02-24 22:00:00,16705.59283847491
'00','total',2024-02-24 23:00:00,16284.113311323259
'00','total',2024-02-25 00:00:00,15957.55324514262
'00','total',2024-02-25 01:00:00,15690.83949332199
'00','total',2024-02-25 02:00:00,15593.785959879875
'00','total',2024-02-25 03:00:00,15635.276047195026
'00','total',2024-02-25 04:00:00,15957.63434664167
'00','total',2024-02-25 05:00:00,16791.139014906876
'00','total',2024-02-25 06:00:00,18739.89931793431
'00','total',2024-02-25 07:00:00,20170.052865055906
'00','total',2024-02-25 08:00:00,20704.109826359956
'00','total',2024-02-25 09:00:00,20750.264156793994
'00','total',2024-02-25 10:00:00,20716.365952849927
'00','total',2024-02-25 11:00:00,20494.167120028047
'00','total',2024-02-25 12:00:00,20296.467429052147
'00','total',2024-02-25 13:00:00,20055.117188565782
'00','total',2024-02-25 14:00:00,19848.40603698345
'00','total',2024-02-25 15:00:00,19736.105261179633
'00','total',2024-02-25 16:00:00,19188.8627304681
'00','total',2024-02-25 17:00:00,19112.569244077804
'00','total',2024-02-25 18:00:00,18740.129881599205
'00','total',2024-02-25 19:00:00,18321.75162117205
'00','total',2024-02-25 20:00:00,17808.628374633714
'00','total',2024-02-25 21:00:00,17316.058285224342
'00','total',2024-02-25 22:00:00,16797.68102216022
'00','total',2024-02-25 23:00:00,16328.545263779113
'00','total',2024-02-26 00:00:00,15977.242911841262
'00','total',2024-02-26 01:00:00,15760.383410959956
'00','total',2024-02-26 02:00:00,15666.99684478828
'00','total',2024-02-26 03:00:00,15656.47036164622
'00','total',2024-02-26 04:00:00,15914.000296863538
'00','total',2024-02-26 05:00:00,16573.145996965075
'00','total',2024-02-26 06:00:00,18223.318473945226
'00','total',2024-02-26 07:00:00,19308.090782911233
'00','total',2024-02-26 08:00:00,19759.066427514623
'00','total',2024-02-26 09:00:00,19726.126539846682
'00','total',2024-02-26 10:00:00,19688.906868568334
'00','total',2024-02-26 11:00:00,19505.982086122156
'00','total',2024-02-26 12:00:00,19281.038467484843
'00','total',2024-02-26 13:00:00,19139.70692568304
'00','total',2024-02-26 14:00:00,18897.02291563253
'00','total',2024-02-26 15:00:00,18712.839455212954
'00','total',2024-02-26 16:00:00,18402.442304194767
'00','total',2024-02-26 17:00:00,18489.408439899355
'00','total',2024-02-26 18:00:00,18320.815124097146
'00','total',2024-02-26 19:00:00,17945.840657092533
'00','total',2024-02-26 20:00:00,17506.24654464864
'00','total',2024-02-26 21:00:00,17033.479796215834
'00','total',2024-02-26 22:00:00,16530.52682657443
'00','total',2024-02-26 23:00:00,16023.449054983774
'00','total',2024-02-27 00:00:00,15671.464228603802
'00','total',2024-02-27 01:00:00,15511.165617692983
'00','total',2024-02-27 02:00:00,15456.972198413609
'00','total',2024-02-27 03:00:00,15428.824917687516
'00','total',2024-02-27 04:00:00,15826.512914095814
'00','total',2024-02-27 05:00:00,16402.16046749782
'00','total',2024-02-27 06:00:00,17963.471189130843
'00','total',2024-02-27 07:00:00,19166.811443249113
'00','total',2024-02-27 08:00:00,19611.87846632602
'00','total',2024-02-27 09:00:00,19604.159979460637
'00','total',2024-02-27 10:00:00,19529.41678829335
'00','total',2024-02-27 11:00:00,19333.28401866644
'00','total',2024-02-27 12:00:00,19148.523788821156
'00','total',2024-02-27 13:00:00,19093.011691807173
'00','total',2024-02-27 14:00:00,18914.249639931866
'00','total',2024-02-27 15:00:00,18892.525920956155
'00','total',2024-02-27 16:00:00,18415.6918460919
'00','total',2024-02-27 17:00:00,18470.546605915053
'00','total',2024-02-27 18:00:00,18307.40667779102
'00','total',2024-02-27 19:00:00,18029.999609570004
'00','total',2024-02-27 20:00:00,17659.501912929158
'00','total',2024-02-27 21:00:00,17239.174466990127
'00','total',2024-02-27 22:00:00,16682.19942741501
'00','total',2024-02-27 23:00:00,16224.693028390077
'00','total',2024-02-28 00:00:00,15816.383965903464
'00','total',2024-02-28 01:00:00,15631.37344636447
'00','total',2024-02-28 02:00:00,15473.421406094887
'00','total',2024-02-28 03:00:00,15564.675419551644
'00','total',2024-02-28 04:00:00,15792.455304495461
'00','total',2024-02-28 05:00:00,16654.416996194086
'00','total',2024-02-28 06:00:00,18486.728237315183
'00','total',2024-02-28 07:00:00,19939.205986533343
'00','total',2024-02-28 08:00:00,20316.776773868787
'00','total',2024-02-28 09:00:00,20355.593784138502
'00','total',2024-02-28 10:00:00,20253.013939779757
'00','total',2024-02-28 11:00:00,20051.19575265824
'00','total',2024-02-28 12:00:00,19862.809801103147
'00','total',2024-02-28 13:00:00,19729.397218016667
'00','total',2024-02-28 14:00:00,19452.872096871484
'00','total',2024-02-28 15:00:00,19243.175345850163
'00','total',2024-02-28 16:00:00,18712.716534842148
'00','total',2024-02-28 17:00:00,18707.000060080412
'00','total',2024-02-28 18:00:00,18569.76265544209
'00','total',2024-02-28 19:00:00,18268.1470512486
'00','total',2024-02-28 20:00:00,17807.27107757223
'00','total',2024-02-28 21:00:00,17381.252066453853
'00','total',2024-02-28 22:00:00,16867.346941864093
'00','total',2024-02-28 23:00:00,16466.60860838051
'00','total',2024-03-01 00:00:00,15708.4448682454
'00','total',2024-03-01 01:00:00,15457.75322415805
'00','total',2024-03-01 02:00:00,15309.892612105874
'00','total',2024-03-01 03:00:00,15213.529379525175
'00','total',2024-03-01 04:00:00,15535.391521174839
'00','total',2024-03-01 05:00:00,16428.523500735264
'00','total',2024-03-01 06:00:00,18402.25444077445
'00','total',2024-03-01 07:00:00,19944.589752241875
'00','total',2024-03-01 08:00:00,20461.232173362812
'00','total',2024-03-01 09:00:00,20372.025027859374
'00','total',2024-03-01 10:00:00,20319.541644262878
'00','total',2024-03-01 11:00:00,20215.67271083372
'00','total',2024-03-01 12:00:00,19985.176836634426
'00','total',2024-03-01 13:00:00,19950.465607021517
'00','total',2024-03-01 14:00:00,19824.790389532936
'00','total',2024-03-01 15:00:00,19684.858595736652
'00','total',2024-03-01 16:00:00,19115.54619178949
'00','total',2024-03-01 17:00:00,18865.81934682363
'00','total',2024-03-01 18:00:00,18512.346238609844
'00','total',2024-03-01 19:00:00,18113.317020572864
'00','total',2024-03-01 20:00:00,17552.80288006249
'00','total',2024-03-01 21:00:00,17068.478171678467
'00','total',2024-03-01 22:00:00,16537.014321252675
'00','total',2024-03-01 23:00:00,16083.827166422316
'00','total',2024-03-02 00:00:00,15894.755005227873
'00','total',2024-03-02 01:00:00,15731.621990368563
'00','total',2024-03-02 02:00:00,15627.353955026278
'00','total',2024-03-02 03:00:00,15628.621117854875
'00','total',2024-03-02 04:00:00,15951.040049615569
'00','total',2024-03-02 05:00:00,16734.44004425924
'00','total',2024-03-02 06:00:00,18582.812314650164
'00','total',2024-03-02 07:00:00,20160.186381348034
'00','total',2024-03-02 08:00:00,20593.34533118556
'00','total',2024-03-02 09:00:00,20539.969817921377
'00','total',2024-03-02 10:00:00,20428.676797458833
'00','total',2024-03-02 11:00:00,20325.452919763975
'00','total',2024-03-02 12:00:00,20218.41943761443
'00','total',2024-03-02 13:00:00,20167.83112682266
'00','total',2024-03-02 14:00:00,20083.961359153254
'00','total',2024-03-02 15:00:00,20022.148693538416
'00','total',2024-03-02 16:00:00,19533.597441737686
'00','total',2024-03-02 17:00:00,19449.358892642278
'00','total',2024-03-02 18:00:00,19234.843077654154
'00','total',2024-03-02 19:00:00,18906.172301390936
'00','total',2024-03-02 20:00:00,18483.05210727891
'00','total',2024-03-02 21:00:00,18023.980199013964
'00','total',2024-03-02 22:00:00,17449.667383329914
'00','total',2024-03-02 23:00:00,16950.264916860273
'00','total',2024-03-03 00:00:00,16046.775370848423
'00','total',2024-03-03 01:00:00,15803.030452746756
'00','total',2024-03-03 02:00:00,15645.201147106973
'00','total',2024-03-03 03:00:00,15698.445617725698
'00','total',2024-03-03 04:00:00,15985.47526086351
'00','total',2024-03-03 05:00:00,16816.518648860747
'00','total',2024-03-03 06:00:00,18627.51754937805
'00','total',2024-03-03 07:00:00,20004.132365759153
'00','total',2024-03-03 08:00:00,20412.498147749007
'00','total',2024-03-03 09:00:00,20445.027841989566
'00','total',2024-03-03 10:00:00,20425.69142090046
'00','total',2024-03-03 11:00:00,20252.2652174283
'00','total',2024-03-03 12:00:00,20122.026573388284
'00','total',2024-03-03 13:00:00,19998.321472662617
'00','total',2024-03-03 14:00:00,19791.16427556423
'00','total',2024-03-03 15:00:00,19627.882534950353
'00','total',2024-03-03 16:00:00,19111.055710376342
'00','total',2024-03-03 17:00:00,19092.286631910356
'00','total',2024-03-03 18:00:00,18931.08616625776
'00','total',2024-03-03 19:00:00,18563.22863305659
'00','total',2024-03-03 20:00:00,18089.70325563654
'00','total',2024-03-03 21:00:00,17625.801489666715
'00','total',2024-03-03 22:00:00,17090.396177925675
'00','total',2024-03-03 23:00:00,16681.482474354303
'00','total',2024-03-04 00:00:00,15833.077242965885
'00','total',2024-03-04 01:00:00,15580.723043567188
'00','total',2024-03-04 02:00:00,15534.47132329284
'00','total',2024-03-04 03:00:00,15702.69959336867
'00','total',2024-03-04 04:00:00,16203.374609092061
'00','total',2024-03-04 05:00:00,17336.186087871843
'00','total',2024-03-04 06:00:00,18951.15641124041
'00','total',2024-03-04 07:00:00,19822.682596838415
'00','total',2024-03-04 08:00:00,19961.410025625388
'00','total',2024-03-04 09:00:00,19931.366734136467
'00','total',2024-03-04 10:00:00,19797.422486520347
'00','total',2024-03-04 11:00:00,19508.945485323915
'00','total',2024-03-04 12:00:00,19246.584879940303
'00','total',2024-03-04 13:00:00,18908.388556195743
'00','total',2024-03-04 14:00:00,18615.776119163715
'00','total',2024-03-04 15:00:00,18171.055408859516
'00','total',2024-03-04 16:00:00,17716.174414471414
'00','total',2024-03-04 17:00:00,17619.919233633125
'00','total',2024-03-04 18:00:00,17590.194541677934
'00','total',2024-03-04 19:00:00,17452.702907827726
'00','total',2024-03-04 20:00:00,16992.924267654656
'00','total',2024-03-04 21:00:00,16484.49308139917
'00','total',2024-03-04 22:00:00,15997.975459420804
'00','total',2024-03-04 23:00:00,15604.886403616858
'00','total',2024-03-05 00:00:00,15540.347594806366
'00','total',2024-03-05 01:00:00,15449.982714068523
'00','total',2024-03-05 02:00:00,15388.777290698206
'00','total',2024-03-05 03:00:00,15387.167222878817
'00','total',2024-03-05 04:00:00,15696.622694970561
'00','total',2024-03-05 05:00:00,16619.015878088838
'00','total',2024-03-05 06:00:00,17780.820708758823
'00','total',2024-03-05 07:00:00,18478.53890695422
'00','total',2024-03-05 08:00:00,18691.279862962958
'00','total',2024-03-05 09:00:00,18750.069880263156
'00','total',2024-03-05 10:00:00,18555.485996969408
'00','total',2024-03-05 11:00:00,18380.144863766986
'00','total',2024-03-05 12:00:00,18133.01905259826
'00','total',2024-03-05 13:00:00,17834.873297600767
'00','total',2024-03-05 14:00:00,17570.69024186965
'00','total',2024-03-05 15:00:00,17242.087415270573
'00','total',2024-03-05 16:00:00,17052.95759302588
'00','total',2024-03-05 17:00:00,17045.11483127915
'00','total',2024-03-05 18:00:00,17041.60924358718
'00','total',2024-03-05 19:00:00,16687.39011166429
'00','total',2024-03-05 20:00:00,16430.627783877248
'00','total',2024-03-05 21:00:00,16027.17202791766
'00','total',2024-03-05 22:00:00,15587.845952070276
'00','total',2024-03-05 23:00:00,15244.594446289499
'00','total',2024-03-06 00:00:00,14727.852714674726
'00','total',2024-03-06 01:00:00,14606.93762637908
'00','total',2024-03-06 02:00:00,14594.882058279947
'00','total',2024-03-06 03:00:00,14604.516609840475
'00','total',2024-03-06 04:00:00,14986.962509851232
'00','total',2024-03-06 05:00:00,15841.721052340044
'00','total',2024-03-06 06:00:00,17120.138491861766
'00','total',2024-03-06 07:00:00,17931.392387300224
'00','total',2024-03-06 08:00:00,18069.97314192705
'00','total',2024-03-06 09:00:00,18033.18474948635
'00','total',2024-03-06 10:00:00,18000.066852371154
'00','total',2024-03-06 11:00:00,17880.62418545221
'00','total',2024-03-06 12:00:00,17677.66045378006
'00','total',2024-03-06 13:00:00,17599.45945202453
'00','total',2024-03-06 14:00:00,17451.620785772706
'00','total',2024-03-06 15:00:00,17236.164091583225
'00','total',2024-03-06 16:00:00,16971.161635711058
'00','total',2024-03-06 17:00:00,17016.30616899624
'00','total',2024-03-06 18:00:00,17013.444221974747
'00','total',2024-03-06 19:00:00,16798.429573218735
'00','total',2024-03-06 20:00:00,16408.114710871927
'00','total',2024-03-06 21:00:00,16070.70056658634
'00','total',2024-03-06 22:00:00,15633.799609293754
'00','total',2024-03-06 23:00:00,15235.163309681971
'00','total',2024-03-07 00:00:00,15025.017623525959
'00','total',2024-03-07 01:00:00,14923.92450750977
'00','total',2024-03-07 02:00:00,14842.83146164441
'00','total',2024-03-07 03:00:00,14809.087029624186
'00','total',2024-03-07 04:00:00,15160.668813920396
'00','total',2024-03-07 05:00:00,16124.789991854817
'00','total',2024-03-07 06:00:00,17621.45472984464
'00','total',2024-03-07 07:00:00,18622.382335758008
'00','total',2024-03-07 08:00:00,18904.76916881651
'00','total',2024-03-07 09:00:00,18942.65775109306
'00','total',2024-03-07 10:00:00,18932.40675209167
'00','total',2024-03-07 11:00:00,18809.396313954254
'00','total',2024-03-07 12:00:00,18702.314613194765
'00','total',2024-03-07 13:00:00,18668.42559894766
'00','total',2024-03-07 14:00:00,18576.155905097537
'00','total',2024-03-07 15:00:00,18275.866277396737
'00','total',2024-03-07 16:00:00,17838.835644317332
'00','total',2024-03-07 17:00:00,17708.49787380071
'00','total',2024-03-07 18:00:00,17596.91733428551
'00','total',2024-03-07 19:00:00,17351.270808037272
'00','total',2024-03-07 20:00:00,17005.709473941624
'00','total',2024-03-07 21:00:00,16697.293297724646
'00','total',2024-03-07 22:00:00,16289.552949928724
'00','total',2024-03-07 23:00:00,15808.57156366599
'00','total',2024-03-08 00:00:00,15073.305512471012
'00','total',2024-03-08 01:00:00,14901.120186378344
'00','total',2024-03-08 02:00:00,14795.565620504578
'00','total',2024-03-08 03:00:00,14827.237827111532
'00','total',2024-03-08 04:00:00,15143.034506453027
'00','total',2024-03-08 05:00:00,15987.047317377846
'00','total',2024-03-08 06:00:00,17664.3423654416
'00','total',2024-03-08 07:00:00,18915.819907569454
'00','total',2024-03-08 08:00:00,19223.854883584878
'00','total',2024-03-08 09:00:00,19196.835178881724
'00','total',2024-03-08 10:00:00,19115.47453690892
'00','total',2024-03-08 11:00:00,18973.762710171955
'00','total',2024-03-08 12:00:00,18848.930528619458
'00','total',2024-03-08 13:00:00,18754.0946625953
'00','total',2024-03-08 14:00:00,18614.097221388594
'00','total',2024-03-08 15:00:00,18500.130925426834
'00','total',2024-03-08 16:00:00,17964.62444415202
'00','total',2024-03-08 17:00:00,17880.303473095653
'00','total',2024-03-08 18:00:00,17785.955692649663
'00','total',2024-03-08 19:00:00,17465.76252830999
'00','total',2024-03-08 20:00:00,17122.133324081307
'00','total',2024-03-08 21:00:00,16802.651236372996
'00','total',2024-03-08 22:00:00,16257.522898098818
'00','total',2024-03-08 23:00:00,15904.373808607896
'00','total',2024-03-09 00:00:00,16070.567772110893
'00','total',2024-03-09 01:00:00,15828.882275294123
'00','total',2024-03-09 02:00:00,15757.37706713378
'00','total',2024-03-09 03:00:00,15826.984844856264
'00','total',2024-03-09 04:00:00,16268.160380039979
'00','total',2024-03-09 05:00:00,17359.13885864575
'00','total',2024-03-09 06:00:00,19271.788334237004
'00','total',2024-03-09 07:00:00,20638.191713474018
'00','total',2024-03-09 08:00:00,20907.70870735999
'00','total',2024-03-09 09:00:00,20895.810272600622
'00','total',2024-03-09 10:00:00,20736.29535164036
'00','total',2024-03-09 11:00:00,20504.8055529579
'00','total',2024-03-09 12:00:00,20313.74512008849
'00','total',2024-03-09 13:00:00,20223.799568161125
'00','total',2024-03-09 14:00:00,20097.45403091948
'00','total',2024-03-09 15:00:00,19776.39428779505
'00','total',2024-03-09 16:00:00,19101.026116942834
'00','total',2024-03-09 17:00:00,18895.18350243559
'00','total',2024-03-09 18:00:00,18659.481277233586
'00','total',2024-03-09 19:00:00,18397.42066308277
'00','total',2024-03-09 20:00:00,17995.409671036236
'00','total',2024-03-09 21:00:00,17430.56665539176
'00','total',2024-03-09 22:00:00,16770.191820995187
'00','total',2024-03-09 23:00:00,16239.97728624849
'00','total',2024-03-10 00:00:00,15996.103580783905
'00','total',2024-03-10 01:00:00,15792.552950582887
'00','total',2024-03-10 02:00:00,15723.538391559543
'00','total',2024-03-10 03:00:00,15820.39291229536
'00','total',2024-03-10 04:00:00,16357.365401335855
'00','total',2024-03-10 05:00:00,17628.499833765738
'00','total',2024-03-10 06:00:00,19569.574604977766
'00','total',2024-03-10 07:00:00,20893.160446818347
'00','total',2024-03-10 08:00:00,21123.123396272375
'00','total',2024-03-10 09:00:00,21052.588064659045
'00','total',2024-03-10 10:00:00,20925.006154032908
'00','total',2024-03-10 11:00:00,20701.89922597339
'00','total',2024-03-10 12:00:00,20529.602890697526
'00','total',2024-03-10 13:00:00,20345.592736069204
'00','total',2024-03-10 14:00:00,20094.88610151138
'00','total',2024-03-10 15:00:00,19696.09196657311
'00','total',2024-03-10 16:00:00,19088.97992884955
'00','total',2024-03-10 17:00:00,18989.208946824285
'00','total',2024-03-10 18:00:00,18823.89109123638
'00','total',2024-03-10 19:00:00,18501.335057346543
'00','total',2024-03-10 20:00:00,17935.555187679474
'00','total',2024-03-10 21:00:00,17350.44790603875
'00','total',2024-03-10 22:00:00,16695.61371951379
'00','total',2024-03-10 23:00:00,16286.344209968003
'00','total',2024-03-11 00:00:00,15722.312370389142
'00','total',2024-03-11 01:00:00,15524.46898488406
'00','total',2024-03-11 02:00:00,15441.114270146576
'00','total',2024-03-11 03:00:00,15447.18901461295
'00','total',2024-03-11 04:00:00,15606.563247415053
'00','total',2024-03-11 05:00:00,16123.283604749353
'00','total',2024-03-11 06:00:00,17353.28016147977
'00','total',2024-03-11 07:00:00,18327.512095968224
'00','total',2024-03-11 08:00:00,18592.046315366922
'00','total',2024-03-11 09:00:00,18759.852216765663
'00','total',2024-03-11 10:00:00,18794.184056756894
'00','total',2024-03-11 11:00:00,18613.70417109066
'00','total',2024-03-11 12:00:00,18454.18164479263
'00','total',2024-03-11 13:00:00,18309.77412670318
'00','total',2024-03-11 14:00:00,18045.738953712415
'00','total',2024-03-11 15:00:00,17912.426031416868
'00','total',2024-03-11 16:00:00,17637.192348640336
'00','total',2024-03-11 17:00:00,17664.406761739105
'00','total',2024-03-11 18:00:00,17634.14553636367
'00','total',2024-03-11 19:00:00,17268.417835128952
'00','total',2024-03-11 20:00:00,16896.652042949543
'00','total',2024-03-11 21:00:00,16540.203846809178
'00','total',2024-03-11 22:00:00,16045.982852949306
'00','total',2024-03-11 23:00:00,15696.350025185233
'00','total',2024-03-12 00:00:00,15925.389357720414
'00','total',2024-03-12 01:00:00,15793.282477785133
'00','total',2024-03-12 02:00:00,15689.673169436819
'00','total',2024-03-12 03:00:00,15702.739764619742
'00','total',2024-03-12 04:00:00,15976.803186240475
'00','total',2024-03-12 05:00:00,16520.894047378428
'00','total',2024-03-12 06:00:00,17818.189163425388
'00','total',2024-03-12 07:00:00,18815.429367257024
'00','total',2024-03-12 08:00:00,19176.812991105362
'00','total',2024-03-12 09:00:00,19210.276998344725
'00','total',2024-03-12 10:00:00,19195.678620673472
'00','total',2024-03-12 11:00:00,18957.8914937696
'00','total',2024-03-12 12:00:00,18756.35396505884
'00','total',2024-03-12 13:00:00,18688.21216377239
'00','total',2024-03-12 14:00:00,18466.663223453375
'00','total',2024-03-12 15:00:00,18286.30366641285
'00','total',2024-03-12 16:00:00,17928.589974794926
'00','total',2024-03-12 17:00:00,17909.288171375705
'00','total',2024-03-12 18:00:00,17860.022953335792
'00','total',2024-03-12 19:00:00,17535.36583739187
'00','total',2024-03-12 20:00:00,17141.116965358888
'00','total',2024-03-12 21:00:00,16641.840679529025
'00','total',2024-03-12 22:00:00,16152.853126926671
'00','total',2024-03-12 23:00:00,15787.626280325512
'00','total',2024-03-13 00:00:00,15903.991436886152
'00','total',2024-03-13 01:00:00,15760.891917320258
'00','total',2024-03-13 02:00:00,15680.618094412637
'00','total',2024-03-13 03:00:00,15738.208923170952
'00','total',2024-03-13 04:00:00,16008.078354063911
'00','total',2024-03-13 05:00:00,16619.090696418916
'00','total',2024-03-13 06:00:00,18016.955983039745
'00','total',2024-03-13 07:00:00,19190.516429579042
'00','total',2024-03-13 08:00:00,19524.276045188548
'00','total',2024-03-13 09:00:00,19589.515826986386
'00','total',2024-03-13 10:00:00,19656.43327535103
'00','total',2024-03-13 11:00:00,19560.723452118407
'00','total',2024-03-13 12:00:00,19390.219417168126
'00','total',2024-03-13 13:00:00,19194.053565978465
'00','total',2024-03-13 14:00:00,19065.299054241714
'00','total',2024-03-13 15:00:00,18851.366662859404
'00','total',2024-03-13 16:00:00,18257.8174330252
'00','total',2024-03-13 17:00:00,18102.62979709256
'00','total',2024-03-13 18:00:00,18050.122205669475
'00','total',2024-03-13 19:00:00,17737.574680284368
'00','total',2024-03-13 20:00:00,17325.764068624827
'00','total',2024-03-13 21:00:00,16834.73134214389
'00','total',2024-03-13 22:00:00,16286.86333199634
'00','total',2024-03-13 23:00:00,15913.458629826755
'00','total',2024-03-14 00:00:00,15617.788091401237
'00','total',2024-03-14 01:00:00,15481.705665161227
'00','total',2024-03-14 02:00:00,15401.751227083625
'00','total',2024-03-14 03:00:00,15355.728817746314
'00','total',2024-03-14 04:00:00,15617.84639586727
'00','total',2024-03-14 05:00:00,16247.247745436254
'00','total',2024-03-14 06:00:00,17564.991944589554
'00','total',2024-03-14 07:00:00,18717.624632093197
'00','total',2024-03-14 08:00:00,19120.1123635775
'00','total',2024-03-14 09:00:00,19153.28322865609
'00','total',2024-03-14 10:00:00,19194.868247094142
'00','total',2024-03-14 11:00:00,19092.472020327234
'00','total',2024-03-14 12:00:00,18905.84710477894
'00','total',2024-03-14 13:00:00,18786.903164894924
'00','total',2024-03-14 14:00:00,18610.011735047574
'00','total',2024-03-14 15:00:00,18581.63530958426
'00','total',2024-03-14 16:00:00,18098.835781560403
'00','total',2024-03-14 17:00:00,18024.7790189029
'00','total',2024-03-14 18:00:00,18023.58444999061
'00','total',2024-03-14 19:00:00,17878.545077925417
'00','total',2024-03-14 20:00:00,17430.08018497963
'00','total',2024-03-14 21:00:00,17067.18928602853
'00','total',2024-03-14 22:00:00,16566.308628674087
'00','total',2024-03-14 23:00:00,16196.015612264293
'00','total',2024-03-15 00:00:00,15851.403437965102
'00','total',2024-03-15 01:00:00,15655.901204675383
'00','total',2024-03-15 02:00:00,15619.97443258331
'00','total',2024-03-15 03:00:00,15654.181050689445
'00','total',2024-03-15 04:00:00,15923.142525706411
'00','total',2024-03-15 05:00:00,16674.10800866613
'00','total',2024-03-15 06:00:00,18212.88415285884
'00','total',2024-03-15 07:00:00,19540.467749249277
'00','total',2024-03-15 08:00:00,19910.594464049842
'00','total',2024-03-15 09:00:00,19895.844627612776
'00','total',2024-03-15 10:00:00,19839.014716872352
'00','total',2024-03-15 11:00:00,19649.657369379358
'00','total',2024-03-15 12:00:00,19441.353051930808
'00','total',2024-03-15 13:00:00,19301.421511452914
'00','total',2024-03-15 14:00:00,19115.797314792115
'00','total',2024-03-15 15:00:00,18975.57885579044
'00','total',2024-03-15 16:00:00,18353.03964238403
'00','total',2024-03-15 17:00:00,18169.96715938502
'00','total',2024-03-15 18:00:00,18196.550368313703
'00','total',2024-03-15 19:00:00,17883.562515060705
'00','total',2024-03-15 20:00:00,17462.581573452146
'00','total',2024-03-15 21:00:00,16999.34354804004
'00','total',2024-03-15 22:00:00,16421.427609828814
'00','total',2024-03-15 23:00:00,16039.687834717692
'00','total',2024-03-16 00:00:00,15705.203715500937
'00','total',2024-03-16 01:00:00,15542.751424656617
'00','total',2024-03-16 02:00:00,15458.262657785055
'00','total',2024-03-16 03:00:00,15499.030006551973
'00','total',2024-03-16 04:00:00,15793.003569439741
'00','total',2024-03-16 05:00:00,16562.202816150293
'00','total',2024-03-16 06:00:00,18256.724135305587
'00','total',2024-03-16 07:00:00,19662.91657127287
'00','total',2024-03-16 08:00:00,20006.440074551912
'00','total',2024-03-16 09:00:00,19981.971409015026
'00','total',2024-03-16 10:00:00,19822.20752807869
'00','total',2024-03-16 11:00:00,19573.169505878035
'00','total',2024-03-16 12:00:00,19418.177072714137
'00','total',2024-03-16 13:00:00,19252.39461693327
'00','total',2024-03-16 14:00:00,19100.77269306714
'00','total',2024-03-16 15:00:00,18973.99008238182
'00','total',2024-03-16 16:00:00,18422.431071340427
'00','total',2024-03-16 17:00:00,18290.450015798415
'00','total',2024-03-16 18:00:00,18266.35595634343
'00','total',2024-03-16 19:00:00,18118.440662544104
'00','total',2024-03-16 20:00:00,17696.586357781376
'00','total',2024-03-16 21:00:00,17147.43479658235
'00','total',2024-03-16 22:00:00,16542.927688072166
'00','total',2024-03-16 23:00:00,16105.141076076477
'00','total',2024-03-17 00:00:00,15661.193586666746
'00','total',2024-03-17 01:00:00,15455.064765712958
'00','total',2024-03-17 02:00:00,15367.216615843168
'00','total',2024-03-17 03:00:00,15394.111381838175
'00','total',2024-03-17 04:00:00,15687.96791328142
'00','total',2024-03-17 05:00:00,16399.96356304043
'00','total',2024-03-17 06:00:00,18041.105342304218
'00','total',2024-03-17 07:00:00,19527.477745492895
'00','total',2024-03-17 08:00:00,19931.87011475945
'00','total',2024-03-17 09:00:00,19913.831579358866
'00','total',2024-03-17 10:00:00,19821.899479374046
'00','total',2024-03-17 11:00:00,19652.1142508944
'00','total',2024-03-17 12:00:00,19511.390187334116
'00','total',2024-03-17 13:00:00,19434.42586035961
'00','total',2024-03-17 14:00:00,19246.64087619355
'00','total',2024-03-17 15:00:00,19090.045824341087
'00','total',2024-03-17 16:00:00,18511.259676041187
'00','total',2024-03-17 17:00:00,18248.99580532279
'00','total',2024-03-17 18:00:00,18107.061363054385
'00','total',2024-03-17 19:00:00,17847.19051450108
'00','total',2024-03-17 20:00:00,17313.573425912236
'00','total',2024-03-17 21:00:00,16862.93135668114
'00','total',2024-03-17 22:00:00,16272.66945825218
'00','total',2024-03-17 23:00:00,15873.483118034212
'00','total',2024-03-18 00:00:00,15473.9525225111
'00','total',2024-03-18 01:00:00,15228.213291516546
'00','total',2024-03-18 02:00:00,15190.99571841854
'00','total',2024-03-18 03:00:00,15130.999140939695
'00','total',2024-03-18 04:00:00,15399.77584155403
'00','total',2024-03-18 05:00:00,16108.67028268477
'00','total',2024-03-18 06:00:00,17805.235047065835
'00','total',2024-03-18 07:00:00,19333.670973155102
'00','total',2024-03-18 08:00:00,19824.7749164045
'00','total',2024-03-18 09:00:00,19947.927396521216
'00','total',2024-03-18 10:00:00,19955.710222569913
'00','total',2024-03-18 11:00:00,19762.92811963352
'00','total',2024-03-18 12:00:00,19548.25480440347
'00','total',2024-03-18 13:00:00,19415.139669185835
'00','total',2024-03-18 14:00:00,19270.33004158321
'00','total',2024-03-18 15:00:00,18994.84910572005
'00','total',2024-03-18 16:00:00,18315.860874402042
'00','total',2024-03-18 17:00:00,18006.689750266924
'00','total',2024-03-18 18:00:00,17915.543465124134
'00','total',2024-03-18 19:00:00,17688.702182559136
'00','total',2024-03-18 20:00:00,17285.437141055954
'00','total',2024-03-18 21:00:00,16866.141383520782
'00','total',2024-03-18 22:00:00,16287.131119468164
'00','total',2024-03-18 23:00:00,15843.389643739834
'00','total',2024-03-19 00:00:00,15473.02714803623
'00','total',2024-03-19 01:00:00,15317.913647631549
'00','total',2024-03-19 02:00:00,15190.296762912496
'00','total',2024-03-19 03:00:00,15205.499476902529
'00','total',2024-03-19 04:00:00,15551.306337305192
'00','total',2024-03-19 05:00:00,16182.013170262748
'00','total',2024-03-19 06:00:00,17459.148264969717
'00','total',2024-03-19 07:00:00,18522.882294464816
'00','total',2024-03-19 08:00:00,18754.909517726534
'00','total',2024-03-19 09:00:00,18749.916179756114
'00','total',2024-03-19 10:00:00,18712.78398102776
'00','total',2024-03-19 11:00:00,18633.532683789028
'00','total',2024-03-19 12:00:00,18446.45835026021
'00','total',2024-03-19 13:00:00,18241.750460579737
'00','total',2024-03-19 14:00:00,17985.091485974724
'00','total',2024-03-19 15:00:00,17821.85760938097
'00','total',2024-03-19 16:00:00,17333.446375957836
'00','total',2024-03-19 17:00:00,17221.825259206682
'00','total',2024-03-19 18:00:00,17253.913975028237
'00','total',2024-03-19 19:00:00,17122.19995677924
'00','total',2024-03-19 20:00:00,16718.710893395917
'00','total',2024-03-19 21:00:00,16321.397266920058
'00','total',2024-03-19 22:00:00,15894.142521300635
'00','total',2024-03-19 23:00:00,15439.571842069165
'00','total',2024-03-20 00:00:00,15117.119737722365
'00','total',2024-03-20 01:00:00,14949.126694515422
'00','total',2024-03-20 02:00:00,14863.102177039453
'00','total',2024-03-20 03:00:00,14819.191149466336
'00','total',2024-03-20 04:00:00,15042.312767853933
'00','total',2024-03-20 05:00:00,15592.705724485673
'00','total',2024-03-20 06:00:00,16883.343601516237
'00','total',2024-03-20 07:00:00,18065.690985699224
'00','total',2024-03-20 08:00:00,18496.348134251344
'00','total',2024-03-20 09:00:00,18564.217807311572
'00','total',2024-03-20 10:00:00,18528.941646036663
'00','total',2024-03-20 11:00:00,18445.861324009926
'00','total',2024-03-20 12:00:00,18334.39790400874
'00','total',2024-03-20 13:00:00,18156.755218121507
'00','total',2024-03-20 14:00:00,17845.098800734944
'00','total',2024-03-20 15:00:00,17662.347195634407
'00','total',2024-03-20 16:00:00,17108.282792502992
'00','total',2024-03-20 17:00:00,17009.523530154973
'00','total',2024-03-20 18:00:00,17075.29451740922
'00','total',2024-03-20 19:00:00,17000.969701681348
'00','total',2024-03-20 20:00:00,16622.125779958893
'00','total',2024-03-20 21:00:00,16216.266461809362
'00','total',2024-03-20 22:00:00,15744.85260205558
'00','total',2024-03-20 23:00:00,15343.594437372893
'00','total',2024-03-21 00:00:00,15135.337506546088
'00','total',2024-03-21 01:00:00,14969.72098110422
'00','total',2024-03-21 02:00:00,14949.982823816354
'00','total',2024-03-21 03:00:00,14985.50957335945
'00','total',2024-03-21 04:00:00,15245.136472937016
'00','total',2024-03-21 05:00:00,15757.431797797368
'00','total',2024-03-21 06:00:00,16986.967759609986
'00','total',2024-03-21 07:00:00,18108.438441164926
'00','total',2024-03-21 08:00:00,18333.30135736412
'00','total',2024-03-21 09:00:00,18321.728332165894
'00','total',2024-03-21 10:00:00,18262.61459259695
'00','total',2024-03-21 11:00:00,18170.48571691011
'00','total',2024-03-21 12:00:00,18061.000411958255
'00','total',2024-03-21 13:00:00,17931.026362860543
'00','total',2024-03-21 14:00:00,17839.874587474584
'00','total',2024-03-21 15:00:00,17789.731578356026
'00','total',2024-03-21 16:00:00,17285.582828759703
'00','total',2024-03-21 17:00:00,17129.95802551876
'00','total',2024-03-21 18:00:00,17267.456022762515
'00','total',2024-03-21 19:00:00,17156.773907127215
'00','total',2024-03-21 20:00:00,16808.74507120366
'00','total',2024-03-21 21:00:00,16423.074577284322
'00','total',2024-03-21 22:00:00,15984.632589048506
'00','total',2024-03-21 23:00:00,15604.589322462292
'00','total',2024-03-22 00:00:00,15293.54408689059
'00','total',2024-03-22 01:00:00,15078.299608888829
'00','total',2024-03-22 02:00:00,14990.918078651155
'00','total',2024-03-22 03:00:00,15057.146801844085
'00','total',2024-03-22 04:00:00,15360.029607789345
'00','total',2024-03-22 05:00:00,16079.56873499336
'00','total',2024-03-22 06:00:00,17610.923742190782
'00','total',2024-03-22 07:00:00,18946.620121049513
'00','total',2024-03-22 08:00:00,19226.085540818527
'00','total',2024-03-22 09:00:00,19180.652125011766
'00','total',2024-03-22 10:00:00,19121.574966491255
'00','total',2024-03-22 11:00:00,18862.092046623544
'00','total',2024-03-22 12:00:00,18724.656734975648
'00','total',2024-03-22 13:00:00,18619.41234402415
'00','total',2024-03-22 14:00:00,18394.690931767793
'00','total',2024-03-22 15:00:00,18210.64203018532
'00','total',2024-03-22 16:00:00,17623.927564203514
'00','total',2024-03-22 17:00:00,17406.2188802537
'00','total',2024-03-22 18:00:00,17370.889513233404
'00','total',2024-03-22 19:00:00,17276.807475555146
'00','total',2024-03-22 20:00:00,16761.127417369382
'00','total',2024-03-22 21:00:00,16325.468278260532
'00','total',2024-03-22 22:00:00,15774.052862447179
'00','total',2024-03-22 23:00:00,15310.78806835209
'00','total',2024-03-23 00:00:00,15000.399064439514
'00','total',2024-03-23 01:00:00,14814.889818727186
'00','total',2024-03-23 02:00:00,14723.222776241297
'00','total',2024-03-23 03:00:00,14768.297272088159
'00','total',2024-03-23 04:00:00,15095.049826518409
'00','total',2024-03-23 05:00:00,15692.900670678564
'00','total',2024-03-23 06:00:00,17291.74533982301
'00','total',2024-03-23 07:00:00,18697.627885397
'00','total',2024-03-23 08:00:00,19028.008003004565
'00','total',2024-03-23 09:00:00,19108.06094995926
'00','total',2024-03-23 10:00:00,19073.83176492195
'00','total',2024-03-23 11:00:00,18768.259382399287
'00','total',2024-03-23 12:00:00,18545.873084724848
'00','total',2024-03-23 13:00:00,18530.711552296423
'00','total',2024-03-23 14:00:00,18352.28228088466
'00','total',2024-03-23 15:00:00,18211.0855508704
'00','total',2024-03-23 16:00:00,17518.0956704551
'00','total',2024-03-23 17:00:00,17334.292750750206
'00','total',2024-03-23 18:00:00,17264.888825249323
'00','total',2024-03-23 19:00:00,17225.747734654196
'00','total',2024-03-23 20:00:00,16796.971177029147
'00','total',2024-03-23 21:00:00,16451.73342235519
'00','total',2024-03-23 22:00:00,15896.210303017993
'00','total',2024-03-23 23:00:00,15358.144038881981
'00','total',2024-03-24 00:00:00,15006.391868106735
'00','total',2024-03-24 01:00:00,14781.53872009403
'00','total',2024-03-24 02:00:00,14678.114398940828
'00','total',2024-03-24 03:00:00,14675.481206701186
'00','total',2024-03-24 04:00:00,14952.378069588638
'00','total',2024-03-24 05:00:00,15625.614573723315
'00','total',2024-03-24 06:00:00,17135.189160775528
'00','total',2024-03-24 07:00:00,18512.58464135253
'00','total',2024-03-24 08:00:00,18859.942162179574
'00','total',2024-03-24 09:00:00,18950.451189629366
'00','total',2024-03-24 10:00:00,18939.583847291935
'00','total',2024-03-24 11:00:00,18841.481802835755
'00','total',2024-03-24 12:00:00,18653.341624914483
'00','total',2024-03-24 13:00:00,18504.143473361102
'00','total',2024-03-24 14:00:00,18377.62483993321
'00','total',2024-03-24 15:00:00,18042.137068819153
'00','total',2024-03-24 16:00:00,17478.79174672128
'00','total',2024-03-24 17:00:00,17196.77529943888
'00','total',2024-03-24 18:00:00,17109.186388609876
'00','total',2024-03-24 19:00:00,17000.181750982632
'00','total',2024-03-24 20:00:00,16625.645353233773
'00','total',2024-03-24 21:00:00,16165.80685219058
'00','total',2024-03-24 22:00:00,15683.540978674775
'00','total',2024-03-24 23:00:00,15226.676010296063
'00','total',2024-03-25 00:00:00,14959.479676188661
'00','total',2024-03-25 01:00:00,14758.42350811594
'00','total',2024-03-25 02:00:00,14745.484486017489
'00','total',2024-03-25 03:00:00,14748.329932604602
'00','total',2024-03-25 04:00:00,15053.020459891668
'00','total',2024-03-25 05:00:00,15668.60826844942
'00','total',2024-03-25 06:00:00,17230.8276643183
'00','total',2024-03-25 07:00:00,18675.26052092986
'00','total',2024-03-25 08:00:00,19166.477139207418
'00','total',2024-03-25 09:00:00,19186.647856932395
'00','total',2024-03-25 10:00:00,19185.695923409734
'00','total',2024-03-25 11:00:00,19001.713733925404
'00','total',2024-03-25 12:00:00,18870.45629588641
'00','total',2024-03-25 13:00:00,18668.12054072331
'00','total',2024-03-25 14:00:00,18402.398862716585
'00','total',2024-03-25 15:00:00,18171.6905262224
'00','total',2024-03-25 16:00:00,17537.79552240166
'00','total',2024-03-25 17:00:00,17243.889194260006
'00','total',2024-03-25 18:00:00,17173.9143355589
'00','total',2024-03-25 19:00:00,17072.281681705696
'00','total',2024-03-25 20:00:00,16681.1306818777
'00','total',2024-03-25 21:00:00,16202.985065785602
'00','total',2024-03-25 22:00:00,15722.03673320742
'00','total',2024-03-25 23:00:00,15235.702058175986
'00','total',2024-03-26 00:00:00,14903.41916718308
'00','total',2024-03-26 01:00:00,14781.317106539853
'00','total',2024-03-26 02:00:00,14695.28249322082
'00','total',2024-03-26 03:00:00,14780.494451191807
'00','total',2024-03-26 04:00:00,15094.445200850345
'00','total',2024-03-26 05:00:00,15720.90468604503
'00','total',2024-03-26 06:00:00,17004.179636503475
'00','total',2024-03-26 07:00:00,18140.463383659935
'00','total',2024-03-26 08:00:00,18481.284761989704
'00','total',2024-03-26 09:00:00,18440.41156428735
'00','total',2024-03-26 10:00:00,18411.6494216598
'00','total',2024-03-26 11:00:00,18295.41133802877
'00','total',2024-03-26 12:00:00,18111.650421986637
'00','total',2024-03-26 13:00:00,17989.401295156
'00','total',2024-03-26 14:00:00,17833.198038928684
'00','total',2024-03-26 15:00:00,17644.10209404832
'00','total',2024-03-26 16:00:00,17171.57571063263
'00','total',2024-03-26 17:00:00,16933.37251985172
'00','total',2024-03-26 18:00:00,16991.311414258973
'00','total',2024-03-26 19:00:00,16935.534861740092
'00','total',2024-03-26 20:00:00,16654.409454518944
'00','total',2024-03-26 21:00:00,16280.213922543773
'00','total',2024-03-26 22:00:00,15873.46309082591
'00','total',2024-03-26 23:00:00,15440.836223211154
'00','total',2024-03-27 00:00:00,15191.13766511669
'00','total',2024-03-27 01:00:00,14994.013455877355
'00','total',2024-03-27 02:00:00,14957.659102777343
'00','total',2024-03-27 03:00:00,15076.44702612473
'00','total',2024-03-27 04:00:00,15396.05237691595
'00','total',2024-03-27 05:00:00,16200.943050273943
'00','total',2024-03-27 06:00:00,17290.729100373224
'00','total',2024-03-27 07:00:00,18171.763399214477
'00','total',2024-03-27 08:00:00,18435.383202949455
'00','total',2024-03-27 09:00:00,18491.202593640417
'00','total',2024-03-27 10:00:00,18410.231559774293
'00','total',2024-03-27 11:00:00,18308.653219851876
'00','total',2024-03-27 12:00:00,18231.185459556767
'00','total',2024-03-27 13:00:00,18068.285992898884
'00','total',2024-03-27 14:00:00,17708.38267739887
'00','total',2024-03-27 15:00:00,17340.883807112667
'00','total',2024-03-27 16:00:00,16891.21001039473
'00','total',2024-03-27 17:00:00,16707.49871794172
'00','total',2024-03-27 18:00:00,16803.008163570237
'00','total',2024-03-27 19:00:00,16747.981369512705
'00','total',2024-03-27 20:00:00,16349.28553477548
'00','total',2024-03-27 21:00:00,15947.38381458606
'00','total',2024-03-27 22:00:00,15544.93449749841
'00','total',2024-03-27 23:00:00,15264.615574339672
'00','total',2024-03-28 00:00:00,14938.010295307467
'00','total',2024-03-28 01:00:00,14807.8565620944
'00','total',2024-03-28 02:00:00,14731.405414309538
'00','total',2024-03-28 03:00:00,14923.139990793812
'00','total',2024-03-28 04:00:00,15389.816638594071
'00','total',2024-03-28 05:00:00,16467.225407964706
'00','total',2024-03-28 06:00:00,17601.229923526655
'00','total',2024-03-28 07:00:00,18265.176277781575
'00','total',2024-03-28 08:00:00,18354.508549251364
'00','total',2024-03-28 09:00:00,18411.886273302516
'00','total',2024-03-28 10:00:00,18374.68480773866
'00','total',2024-03-28 11:00:00,18239.38095299015
'00','total',2024-03-28 12:00:00,18157.589913800894
'00','total',2024-03-28 13:00:00,18026.50417707769
'00','total',2024-03-28 14:00:00,17908.881386571127
'00','total',2024-03-28 15:00:00,17541.256137293938
'00','total',2024-03-28 16:00:00,17156.248034567663
'00','total',2024-03-28 17:00:00,16973.274420835813
'00','total',2024-03-28 18:00:00,16989.040042936038
'00','total',2024-03-28 19:00:00,16907.418091156273
'00','total',2024-03-28 20:00:00,16554.59486960837
'00','total',2024-03-28 21:00:00,16098.155468601279
'00','total',2024-03-28 22:00:00,15667.633417246998
'00','total',2024-03-28 23:00:00,15200.795482553835
'00','total',2024-03-29 00:00:00,14976.216637587284
'00','total',2024-03-29 01:00:00,14999.57395947093
'00','total',2024-03-29 02:00:00,14990.626684363688
'00','total',2024-03-29 03:00:00,15262.69754711927
'00','total',2024-03-29 04:00:00,15828.688868496847
'00','total',2024-03-29 05:00:00,17163.74475723773
'00','total',2024-03-29 06:00:00,18600.771122130125
'00','total',2024-03-29 07:00:00,19353.365342031164
'00','total',2024-03-29 08:00:00,19399.221463197697
'00','total',2024-03-29 09:00:00,19327.70667489355
'00','total',2024-03-29 10:00:00,19234.37171086741
'00','total',2024-03-29 11:00:00,19066.646338281473
'00','total',2024-03-29 12:00:00,19019.931862321817
'00','total',2024-03-29 13:00:00,18806.11828315491
'00','total',2024-03-29 14:00:00,18547.652726002434
'00','total',2024-03-29 15:00:00,17950.62708027049
'00','total',2024-03-29 16:00:00,17498.64941616501
'00','total',2024-03-29 17:00:00,17166.833275255845
'00','total',2024-03-29 18:00:00,17110.029272655425
'00','total',2024-03-29 19:00:00,17001.07348568335
'00','total',2024-03-29 20:00:00,16604.35297379614
'00','total',2024-03-29 21:00:00,16188.742768695829
'00','total',2024-03-29 22:00:00,15766.715387519745
'00','total',2024-03-29 23:00:00,15286.699233746627
'00','total',2024-03-30 00:00:00,15046.032570211792
'00','total',2024-03-30 01:00:00,14958.585768489058
'00','total',2024-03-30 02:00:00,15014.44871348927
'00','total',2024-03-30 03:00:00,15272.344935437959
'00','total',2024-03-30 04:00:00,16027.594585637726
'00','total',2024-03-30 05:00:00,17699.59022244052
'00','total',2024-03-30 06:00:00,19136.356961273115
'00','total',2024-03-30 07:00:00,19561.397817849676
'00','total',2024-03-30 08:00:00,19519.63839330154
'00','total',2024-03-30 09:00:00,19472.232306919163
'00','total',2024-03-30 10:00:00,19358.112952218245
'00','total',2024-03-30 11:00:00,19251.023146777607
'00','total',2024-03-30 12:00:00,19218.830207395353
'00','total',2024-03-30 13:00:00,19010.404915966414
'00','total',2024-03-30 14:00:00,18748.475746143697
'00','total',2024-03-30 15:00:00,18002.53218310598
'00','total',2024-03-30 16:00:00,17519.822803782034
'00','total',2024-03-30 17:00:00,17225.57644501469
'00','total',2024-03-30 18:00:00,17273.43635141904
'00','total',2024-03-30 19:00:00,17177.197275000126
'00','total',2024-03-30 20:00:00,16738.42028859594
'00','total',2024-03-30 21:00:00,16124.049640626074
'00','total',2024-03-30 22:00:00,15607.600221164255
'00','total',2024-03-30 23:00:00,15204.06424136045
'00','total',2024-03-31 00:00:00,15012.369533041621
'00','total',2024-03-31 01:00:00,14895.506581263127
'00','total',2024-03-31 02:00:00,14897.369791317122
'00','total',2024-03-31 03:00:00,15193.64606350751
'00','total',2024-03-31 04:00:00,15912.368791289375
'00','total',2024-03-31 05:00:00,17504.08977018532
'00','total',2024-03-31 06:00:00,18843.725403734035
'00','total',2024-03-31 07:00:00,19176.61597593601
'00','total',2024-03-31 08:00:00,19050.396925872454
'00','total',2024-03-31 09:00:00,18972.950985893774
'00','total',2024-03-31 10:00:00,18741.103695896563
'00','total',2024-03-31 11:00:00,18565.071045728142
'00','total',2024-03-31 12:00:00,18419.69114995427
'00','total',2024-03-31 13:00:00,18137.224024722804
'00','total',2024-03-31 14:00:00,17932.37270657971
'00','total',2024-03-31 15:00:00,17316.52484637233
'00','total',2024-03-31 16:00:00,16920.20349783093
'00','total',2024-03-31 17:00:00,16665.75932784849
'00','total',2024-03-31 18:00:00,16745.38089759795
'00','total',2024-03-31 19:00:00,16888.877597121464
'00','total',2024-03-31 20:00:00,16471.322566180654
'00','total',2024-03-31 21:00:00,15960.415803177368
'00','total',2024-03-31 22:00:00,15598.108015088896
'00','total',2024-03-31 23:00:00,15164.941232963945
'00','total',2024-04-01 00:00:00,15239.72145072601
'00','total',2024-04-01 01:00:00,15108.344969152038
'00','total',2024-04-01 02:00:00,15132.050978027
'00','total',2024-04-01 03:00:00,15317.977146124209
'00','total',2024-04-01 04:00:00,15779.867563252337
'00','total',2024-04-01 05:00:00,16805.765506820746
'00','total',2024-04-01 06:00:00,17913.94984152096
'00','total',2024-04-01 07:00:00,18474.795231627515
'00','total',2024-04-01 08:00:00,18567.665922356216
'00','total',2024-04-01 09:00:00,18499.902723248677
'00','total',2024-04-01 10:00:00,18370.219194442307
'00','total',2024-04-01 11:00:00,18091.366640739623
'00','total',2024-04-01 12:00:00,17800.695553559293
'00','total',2024-04-01 13:00:00,17552.173376357834
'00','total',2024-04-01 14:00:00,17291.949506748708
'00','total',2024-04-01 15:00:00,16946.83426895749
'00','total',2024-04-01 16:00:00,16716.103098321382
'00','total',2024-04-01 17:00:00,16471.28781716289
'00','total',2024-04-01 18:00:00,16378.119844216051
'00','total',2024-04-01 19:00:00,16252.879034499225
'00','total',2024-04-01 20:00:00,15869.205674099701
'00','total',2024-04-01 21:00:00,15382.205458039645
'00','total',2024-04-01 22:00:00,15021.742706787485
'00','total',2024-04-01 23:00:00,14695.252193697039
'00','total',2024-04-02 00:00:00,15622.795362001383
'00','total',2024-04-02 01:00:00,15438.808451320814
'00','total',2024-04-02 02:00:00,15345.339818404627
'00','total',2024-04-02 03:00:00,15515.804834237226
'00','total',2024-04-02 04:00:00,15826.72114801574
'00','total',2024-04-02 05:00:00,16466.79020688637
'00','total',2024-04-02 06:00:00,17534.883355822138
'00','total',2024-04-02 07:00:00,18390.3872050714
'00','total',2024-04-02 08:00:00,18662.96821549585
'00','total',2024-04-02 09:00:00,18767.485117726246
'00','total',2024-04-02 10:00:00,18749.422024973133
'00','total',2024-04-02 11:00:00,18711.036271200635
'00','total',2024-04-02 12:00:00,18548.15730885623
'00','total',2024-04-02 13:00:00,18572.87005494932
'00','total',2024-04-02 14:00:00,18513.520071637977
'00','total',2024-04-02 15:00:00,18336.38064038237
'00','total',2024-04-02 16:00:00,17984.502148647985
'00','total',2024-04-02 17:00:00,17646.911407490377
'00','total',2024-04-02 18:00:00,17508.41594851783
'00','total',2024-04-02 19:00:00,17440.9852820056
'00','total',2024-04-02 20:00:00,17058.453000884954
'00','total',2024-04-02 21:00:00,16717.908764211665
'00','total',2024-04-02 22:00:00,16244.096235747376
'00','total',2024-04-02 23:00:00,15878.933542762816
'00','total',2024-04-03 00:00:00,15040.441826711532
'00','total',2024-04-03 01:00:00,14931.124532370553
'00','total',2024-04-03 02:00:00,14894.195186111012
'00','total',2024-04-03 03:00:00,15044.948266947704
'00','total',2024-04-03 04:00:00,15473.006945738754
'00','total',2024-04-03 05:00:00,16367.217817854742
'00','total',2024-04-03 06:00:00,17714.572326709378
'00','total',2024-04-03 07:00:00,18552.25698730839
'00','total',2024-04-03 08:00:00,18741.11129835757
'00','total',2024-04-03 09:00:00,18830.763986833135
'00','total',2024-04-03 10:00:00,18787.32287216258
'00','total',2024-04-03 11:00:00,18656.436867921293
'00','total',2024-04-03 12:00:00,18500.99796177153
'00','total',2024-04-03 13:00:00,18409.94832109943
'00','total',2024-04-03 14:00:00,18316.252430813413
'00','total',2024-04-03 15:00:00,18031.60248875282
'00','total',2024-04-03 16:00:00,17559.177503053357
'00','total',2024-04-03 17:00:00,17325.94439287468
'00','total',2024-04-03 18:00:00,17327.00858577619
'00','total',2024-04-03 19:00:00,17201.45738598277
'00','total',2024-04-03 20:00:00,16821.37830293751
'00','total',2024-04-03 21:00:00,16398.757098068116
'00','total',2024-04-03 22:00:00,15879.76610429281
'00','total',2024-04-03 23:00:00,15530.821685224495
'00','total',2024-04-04 00:00:00,14381.74804941267
'00','total',2024-04-04 01:00:00,14375.027672441749
'00','total',2024-04-04 02:00:00,14390.572672176522
'00','total',2024-04-04 03:00:00,14639.10413373045
'00','total',2024-04-04 04:00:00,15242.092355158178
'00','total',2024-04-04 05:00:00,16609.894334033488
'00','total',2024-04-04 06:00:00,17713.112995608863
'00','total',2024-04-04 07:00:00,18026.50466120019
'00','total',2024-04-04 08:00:00,18067.254164775804
'00','total',2024-04-04 09:00:00,18011.360478076334
'00','total',2024-04-04 10:00:00,17885.22570756609
'00','total',2024-04-04 11:00:00,17786.975448663405
'00','total',2024-04-04 12:00:00,17743.33319616172
'00','total',2024-04-04 13:00:00,17556.024256025492
'00','total',2024-04-04 14:00:00,17438.695056693683
'00','total',2024-04-04 15:00:00,16896.988877634652
'00','total',2024-04-04 16:00:00,16589.571208204976
'00','total',2024-04-04 17:00:00,16262.272366905743
'00','total',2024-04-04 18:00:00,16298.926432554439
'00','total',2024-04-04 19:00:00,16268.19399409141
'00','total',2024-04-04 20:00:00,15996.588974907632
'00','total',2024-04-04 21:00:00,15483.709048560855
'00','total',2024-04-04 22:00:00,15058.672286016345
'00','total',2024-04-04 23:00:00,14691.062748942062
'00','total',2024-04-05 00:00:00,14430.896587030009
'00','total',2024-04-05 01:00:00,14326.546256596694
'00','total',2024-04-05 02:00:00,14311.844343612202
'00','total',2024-04-05 03:00:00,14534.684542168467
'00','total',2024-04-05 04:00:00,15092.93666890736
'00','total',2024-04-05 05:00:00,16329.285908370295
'00','total',2024-04-05 06:00:00,17317.821495429314
'00','total',2024-04-05 07:00:00,17569.56804165967
'00','total',2024-04-05 08:00:00,17539.10046416866
'00','total',2024-04-05 09:00:00,17533.19825407049
'00','total',2024-04-05 10:00:00,17403.10351726536
'00','total',2024-04-05 11:00:00,17275.166199216757
'00','total',2024-04-05 12:00:00,17248.754090290546
'00','total',2024-04-05 13:00:00,17101.016524864757
'00','total',2024-04-05 14:00:00,16974.506882755337
'00','total',2024-04-05 15:00:00,16454.75282574913
'00','total',2024-04-05 16:00:00,16213.843134577452
'00','total',2024-04-05 17:00:00,15982.274814434444
'00','total',2024-04-05 18:00:00,16005.572616485642
'00','total',2024-04-05 19:00:00,16086.645712593643
'00','total',2024-04-05 20:00:00,15891.40883474836
'00','total',2024-04-05 21:00:00,15451.234068978214
'00','total',2024-04-05 22:00:00,15159.68133352861
'00','total',2024-04-05 23:00:00,14779.883757811289
'00','total',2024-04-06 00:00:00,14529.302849897987
'00','total',2024-04-06 01:00:00,14397.206150151436
'00','total',2024-04-06 02:00:00,14355.944135505808
'00','total',2024-04-06 03:00:00,14602.984115986028
'00','total',2024-04-06 04:00:00,15240.10239034501
'00','total',2024-04-06 05:00:00,17204.162505503286
'00','total',2024-04-06 06:00:00,18791.873899801165
'00','total',2024-04-06 07:00:00,19322.120356624884
'00','total',2024-04-06 08:00:00,19351.517670270787
'00','total',2024-04-06 09:00:00,19361.601642407546
'00','total',2024-04-06 10:00:00,19128.360599261112
'00','total',2024-04-06 11:00:00,18988.42542164351
'00','total',2024-04-06 12:00:00,18895.188916615938
'00','total',2024-04-06 13:00:00,18628.83184786567
'00','total',2024-04-06 14:00:00,18295.84693085394
'00','total',2024-04-06 15:00:00,17617.05157259393
'00','total',2024-04-06 16:00:00,17232.068362626404
'00','total',2024-04-06 17:00:00,16729.169328496726
'00','total',2024-04-06 18:00:00,16681.489282814407
'00','total',2024-04-06 19:00:00,16444.7080436178
'00','total',2024-04-06 20:00:00,15984.657844184667
'00','total',2024-04-06 21:00:00,15531.751426161909
'00','total',2024-04-06 22:00:00,15105.451418522978
'00','total',2024-04-06 23:00:00,14621.200200843146
'00','total',2024-04-07 00:00:00,14409.03463175547
'00','total',2024-04-07 01:00:00,14249.355101377345
'00','total',2024-04-07 02:00:00,14222.86741996318
'00','total',2024-04-07 03:00:00,14433.034635358277
'00','total',2024-04-07 04:00:00,15104.743504951057
'00','total',2024-04-07 05:00:00,16597.87292001723
'00','total',2024-04-07 06:00:00,17939.294629848875
'00','total',2024-04-07 07:00:00,18363.42674331389
'00','total',2024-04-07 08:00:00,18428.821682574126
'00','total',2024-04-07 09:00:00,18366.008317139374
'00','total',2024-04-07 10:00:00,18220.48564552711
'00','total',2024-04-07 11:00:00,18081.004580330544
'00','total',2024-04-07 12:00:00,18143.386300232323
'00','total',2024-04-07 13:00:00,18020.208018107613
'00','total',2024-04-07 14:00:00,17808.603612008377
'00','total',2024-04-07 15:00:00,17284.898293951977
'00','total',2024-04-07 16:00:00,16869.99746269177
'00','total',2024-04-07 17:00:00,16523.024804610082
'00','total',2024-04-07 18:00:00,16405.089815400814
'00','total',2024-04-07 19:00:00,16308.551851952954
'00','total',2024-04-07 20:00:00,15993.327374718925
'00','total',2024-04-07 21:00:00,15481.01693608284
'00','total',2024-04-07 22:00:00,15056.359167559127
'00','total',2024-04-07 23:00:00,14594.254894713398
'00','total',2024-04-08 00:00:00,13925.128504189479
'00','total',2024-04-08 01:00:00,13830.279343108543
'00','total',2024-04-08 02:00:00,13800.233683001068
'00','total',2024-04-08 03:00:00,13971.823068986329
'00','total',2024-04-08 04:00:00,14441.64725530991
'00','total',2024-04-08 05:00:00,15457.724572617104
'00','total',2024-04-08 06:00:00,16332.988496425189
'00','total',2024-04-08 07:00:00,16663.234768389008
'00','total',2024-04-08 08:00:00,16818.777612493235
'00','total',2024-04-08 09:00:00,16804.168461072386
'00','total',2024-04-08 10:00:00,16688.14214066983
'00','total',2024-04-08 11:00:00,16546.367091929882
'00','total',2024-04-08 12:00:00,16366.85501305169
'00','total',2024-04-08 13:00:00,16121.51600697707
'00','total',2024-04-08 14:00:00,15884.617688507442
'00','total',2024-04-08 15:00:00,15420.598792010269
'00','total',2024-04-08 16:00:00,15165.29021806218
'00','total',2024-04-08 17:00:00,14937.336607504822
'00','total',2024-04-08 18:00:00,14849.148168880953
'00','total',2024-04-08 19:00:00,14833.293054849259
'00','total',2024-04-08 20:00:00,14657.396201724761
'00','total',2024-04-08 21:00:00,14280.681493050686
'00','total',2024-04-08 22:00:00,13974.890272648883
'00','total',2024-04-08 23:00:00,13738.796512231891
'00','total',2024-04-09 00:00:00,14147.091172087632
'00','total',2024-04-09 01:00:00,13961.069002257984
'00','total',2024-04-09 02:00:00,13984.8028632587
'00','total',2024-04-09 03:00:00,14189.412361576315
'00','total',2024-04-09 04:00:00,14687.950432993972
'00','total',2024-04-09 05:00:00,15713.282573223685
'00','total',2024-04-09 06:00:00,16674.19979569982
'00','total',2024-04-09 07:00:00,17060.6211833885
'00','total',2024-04-09 08:00:00,17134.583345639836
'00','total',2024-04-09 09:00:00,17214.95505995141
'00','total',2024-04-09 10:00:00,17191.193581829975
'00','total',2024-04-09 11:00:00,16983.37723928847
'00','total',2024-04-09 12:00:00,16798.841246411597
'00','total',2024-04-09 13:00:00,16511.508513339762
'00','total',2024-04-09 14:00:00,16264.69093730401
'00','total',2024-04-09 15:00:00,15834.805853381082
'00','total',2024-04-09 16:00:00,15609.628134872897
'00','total',2024-04-09 17:00:00,15339.702279000207
'00','total',2024-04-09 18:00:00,15298.142347825133
'00','total',2024-04-09 19:00:00,15298.756257997542
'00','total',2024-04-09 20:00:00,14983.95686220545
'00','total',2024-04-09 21:00:00,14548.67314057431
'00','total',2024-04-09 22:00:00,14186.43125594376
'00','total',2024-04-09 23:00:00,13959.083292672192
'00','total',2024-04-10 00:00:00,14228.373452873577
'00','total',2024-04-10 01:00:00,14113.289453096344
'00','total',2024-04-10 02:00:00,14081.734246572227
'00','total',2024-04-10 03:00:00,14312.878518088295
'00','total',2024-04-10 04:00:00,14662.12429929704
'00','total',2024-04-10 05:00:00,15453.714001491537
'00','total',2024-04-10 06:00:00,16062.3606064292
'00','total',2024-04-10 07:00:00,16228.060919975618
'00','total',2024-04-10 08:00:00,16347.591993024744
'00','total',2024-04-10 09:00:00,16438.079468005173
'00','total',2024-04-10 10:00:00,16281.146089265578
'00','total',2024-04-10 11:00:00,16187.920978501494
'00','total',2024-04-10 12:00:00,16039.923755083872
'00','total',2024-04-10 13:00:00,15842.920629496271
'00','total',2024-04-10 14:00:00,15626.180441859538
'00','total',2024-04-10 15:00:00,15370.863896900577
'00','total',2024-04-10 16:00:00,15283.678460431245
'00','total',2024-04-10 17:00:00,15211.943151800087
'00','total',2024-04-10 18:00:00,15203.506106421593
'00','total',2024-04-10 19:00:00,15235.605672380738
'00','total',2024-04-10 20:00:00,14970.284865323832
'00','total',2024-04-10 21:00:00,14599.008040346553
'00','total',2024-04-10 22:00:00,14358.675675441176
'00','total',2024-04-10 23:00:00,14214.742745773136
'00','total',2024-04-11 00:00:00,14298.51985170321
'00','total',2024-04-11 01:00:00,14248.72327303625
'00','total',2024-04-11 02:00:00,14257.609960995103
'00','total',2024-04-11 03:00:00,14500.597568007115
'00','total',2024-04-11 04:00:00,15001.535370470463
'00','total',2024-04-11 05:00:00,16271.639363570966
'00','total',2024-04-11 06:00:00,17660.28882523954
'00','total',2024-04-11 07:00:00,18477.644441082353
'00','total',2024-04-11 08:00:00,18734.42650017675
'00','total',2024-04-11 09:00:00,18809.169065623522
'00','total',2024-04-11 10:00:00,18705.803153597055
'00','total',2024-04-11 11:00:00,18623.461312903477
'00','total',2024-04-11 12:00:00,18525.033113859965
'00','total',2024-04-11 13:00:00,18479.515621145554
'00','total',2024-04-11 14:00:00,18410.06920808134
'00','total',2024-04-11 15:00:00,17971.818981183344
'00','total',2024-04-11 16:00:00,17602.789727149095
'00','total',2024-04-11 17:00:00,17308.98245478417
'00','total',2024-04-11 18:00:00,17205.115309878056
'00','total',2024-04-11 19:00:00,17072.78442966354
'00','total',2024-04-11 20:00:00,16782.938110013627
'00','total',2024-04-11 21:00:00,16350.501876165477
'00','total',2024-04-11 22:00:00,15846.708985667725
'00','total',2024-04-11 23:00:00,15487.925046181099
'00','total',2024-04-12 00:00:00,14990.65924309193
'00','total',2024-04-12 01:00:00,14848.750446212072
'00','total',2024-04-12 02:00:00,14857.391721019676
'00','total',2024-04-12 03:00:00,15133.459359045137
'00','total',2024-04-12 04:00:00,15831.848309613764
'00','total',2024-04-12 05:00:00,17399.723734314917
'00','total',2024-04-12 06:00:00,19128.034180433264
'00','total',2024-04-12 07:00:00,19909.453504787292
'00','total',2024-04-12 08:00:00,19990.46945683156
'00','total',2024-04-12 09:00:00,19891.33529527689
'00','total',2024-04-12 10:00:00,19789.81862777655
'00','total',2024-04-12 11:00:00,19702.307295343275
'00','total',2024-04-12 12:00:00,19552.628508064437
'00','total',2024-04-12 13:00:00,19450.00958120306
'00','total',2024-04-12 14:00:00,19275.865502452423
'00','total',2024-04-12 15:00:00,18693.967606706567
'00','total',2024-04-12 16:00:00,18241.99352930527
'00','total',2024-04-12 17:00:00,17769.65731374773
'00','total',2024-04-12 18:00:00,17623.915693952145
'00','total',2024-04-12 19:00:00,17500.138127150607
'00','total',2024-04-12 20:00:00,17123.953910937642
'00','total',2024-04-12 21:00:00,16558.482133854333
'00','total',2024-04-12 22:00:00,16055.645914327104
'00','total',2024-04-12 23:00:00,15625.300472528168
'00','total',2024-04-13 00:00:00,14547.962139513882
'00','total',2024-04-13 01:00:00,14432.642180581171
'00','total',2024-04-13 02:00:00,14410.387804704322
'00','total',2024-04-13 03:00:00,14666.919555139739
'00','total',2024-04-13 04:00:00,15176.840112017471
'00','total',2024-04-13 05:00:00,16426.276033963277
'00','total',2024-04-13 06:00:00,17366.31316017928
'00','total',2024-04-13 07:00:00,17659.305785803583
'00','total',2024-04-13 08:00:00,17792.95103373274
'00','total',2024-04-13 09:00:00,17755.825521179384
'00','total',2024-04-13 10:00:00,17651.438548896724
'00','total',2024-04-13 11:00:00,17561.56413309433
'00','total',2024-04-13 12:00:00,17456.140529757482
'00','total',2024-04-13 13:00:00,17279.300104086557
'00','total',2024-04-13 14:00:00,17154.541165672177
'00','total',2024-04-13 15:00:00,16633.587838668645
'00','total',2024-04-13 16:00:00,16439.872530133125
'00','total',2024-04-13 17:00:00,16138.18920878296
'00','total',2024-04-13 18:00:00,16114.61256788312
'00','total',2024-04-13 19:00:00,16154.530034516181
'00','total',2024-04-13 20:00:00,16008.175714020543
'00','total',2024-04-13 21:00:00,15578.939510022996
'00','total',2024-04-13 22:00:00,15117.177085633053
'00','total',2024-04-13 23:00:00,14774.92102603378
'00','total',2024-04-14 00:00:00,14600.790447364305
'00','total',2024-04-14 01:00:00,14525.434344610489
'00','total',2024-04-14 02:00:00,14516.738978894922
'00','total',2024-04-14 03:00:00,14747.685406647795
'00','total',2024-04-14 04:00:00,15355.670241541897
'00','total',2024-04-14 05:00:00,16770.025393654814
'00','total',2024-04-14 06:00:00,18075.474765943036
'00','total',2024-04-14 07:00:00,18416.798619487025
'00','total',2024-04-14 08:00:00,18389.303641608578
'00','total',2024-04-14 09:00:00,18324.583228620435
'00','total',2024-04-14 10:00:00,18215.90152274386
'00','total',2024-04-14 11:00:00,18062.827158180047
'00','total',2024-04-14 12:00:00,17920.940089999793
'00','total',2024-04-14 13:00:00,17600.493938672746
'00','total',2024-04-14 14:00:00,17352.379869095428
'00','total',2024-04-14 15:00:00,16785.10601475629
'00','total',2024-04-14 16:00:00,16517.783823568054
'00','total',2024-04-14 17:00:00,16186.028877622924
'00','total',2024-04-14 18:00:00,15962.768438380685
'00','total',2024-04-14 19:00:00,15961.480698387186
'00','total',2024-04-14 20:00:00,15741.715923638787
'00','total',2024-04-14 21:00:00,15284.340591240176
'00','total',2024-04-14 22:00:00,14945.345777442652
'00','total',2024-04-14 23:00:00,14528.213594299235
'00','total',2024-04-15 00:00:00,14387.582759656516
'00','total',2024-04-15 01:00:00,14288.62040587934
'00','total',2024-04-15 02:00:00,14296.840121529933
'00','total',2024-04-15 03:00:00,14543.43883928879
'00','total',2024-04-15 04:00:00,15024.392775809702
'00','total',2024-04-15 05:00:00,16302.947775560468
'00','total',2024-04-15 06:00:00,17381.151092397944
'00','total',2024-04-15 07:00:00,17684.48936827745
'00','total',2024-04-15 08:00:00,17720.381048415133
'00','total',2024-04-15 09:00:00,17640.404200499528
'00','total',2024-04-15 10:00:00,17495.662141352954
'00','total',2024-04-15 11:00:00,17252.2985908617
'00','total',2024-04-15 12:00:00,17212.267607004032
'00','total',2024-04-15 13:00:00,17017.271133723636
'00','total',2024-04-15 14:00:00,16752.62399229021
'00','total',2024-04-15 15:00:00,16123.461454900813
'00','total',2024-04-15 16:00:00,15805.29228031144
'00','total',2024-04-15 17:00:00,15505.726413625247
'00','total',2024-04-15 18:00:00,15408.916189219615
'00','total',2024-04-15 19:00:00,15487.965102597065
'00','total',2024-04-15 20:00:00,15448.940963314762
'00','total',2024-04-15 21:00:00,15037.870786142528
'00','total',2024-04-15 22:00:00,14667.339032652351
'00','total',2024-04-15 23:00:00,14303.395901736052
'00','total',2024-04-16 00:00:00,14152.363098686643
'00','total',2024-04-16 01:00:00,14026.10332812072
'00','total',2024-04-16 02:00:00,14055.616086696715
'00','total',2024-04-16 03:00:00,14352.522633071065
'00','total',2024-04-16 04:00:00,14839.21067179812
'00','total',2024-04-16 05:00:00,15963.358469756315
'00','total',2024-04-16 06:00:00,16986.203759428718
'00','total',2024-04-16 07:00:00,17236.341458643517
'00','total',2024-04-16 08:00:00,17217.008635223287
'00','total',2024-04-16 09:00:00,17242.914024304308
'00','total',2024-04-16 10:00:00,17062.947338090496
'00','total',2024-04-16 11:00:00,16871.11331707464
'00','total',2024-04-16 12:00:00,16706.797685189307
'00','total',2024-04-16 13:00:00,16402.275694231666
'00','total',2024-04-16 14:00:00,16181.850513184194
'00','total',2024-04-16 15:00:00,15643.377863505242
'00','total',2024-04-16 16:00:00,15387.965695232653
'00','total',2024-04-16 17:00:00,15159.461715146748
'00','total',2024-04-16 18:00:00,15079.058699400328
'00','total',2024-04-16 19:00:00,15124.676547624515
'00','total',2024-04-16 20:00:00,15007.21972304791
'00','total',2024-04-16 21:00:00,14630.71818366127
'00','total',2024-04-16 22:00:00,14328.975729254958
'00','total',2024-04-16 23:00:00,13958.728586232604
'00','total',2024-04-17 00:00:00,13808.298480707634
'00','total',2024-04-17 01:00:00,13772.712770599219
'00','total',2024-04-17 02:00:00,13832.75731897192
'00','total',2024-04-17 03:00:00,14058.068478409885
'00','total',2024-04-17 04:00:00,14503.199316114147
'00','total',2024-04-17 05:00:00,15753.056067759164
'00','total',2024-04-17 06:00:00,16685.370350487232
'00','total',2024-04-17 07:00:00,16938.69193793003
'00','total',2024-04-17 08:00:00,16914.94132492822
'00','total',2024-04-17 09:00:00,16847.38344653556
'00','total',2024-04-17 10:00:00,16767.945101973874
'00','total',2024-04-17 11:00:00,16577.876466133068
'00','total',2024-04-17 12:00:00,16409.58758907485
'00','total',2024-04-17 13:00:00,16123.33702700048
'00','total',2024-04-17 14:00:00,15850.537554806278
'00','total',2024-04-17 15:00:00,15284.304364985734
'00','total',2024-04-17 16:00:00,15031.479666334473
'00','total',2024-04-17 17:00:00,14796.30474114203
'00','total',2024-04-17 18:00:00,14716.76210805573
'00','total',2024-04-17 19:00:00,14776.550114530895
'00','total',2024-04-17 20:00:00,14705.599504156675
'00','total',2024-04-17 21:00:00,14313.267797233337
'00','total',2024-04-17 22:00:00,13951.71148319135
'00','total',2024-04-17 23:00:00,13728.817717108317
'00','total',2024-04-18 00:00:00,13661.711668166723
'00','total',2024-04-18 01:00:00,13571.840137557921
'00','total',2024-04-18 02:00:00,13588.4895894725
'00','total',2024-04-18 03:00:00,13839.820966321322
'00','total',2024-04-18 04:00:00,14179.057327854718
'00','total',2024-04-18 05:00:00,14990.50536371159
'00','total',2024-04-18 06:00:00,15681.257612520552
'00','total',2024-04-18 07:00:00,15682.830014504656
'00','total',2024-04-18 08:00:00,15695.475482998805
'00','total',2024-04-18 09:00:00,15672.22890746484
'00','total',2024-04-18 10:00:00,15601.55518363394
'00','total',2024-04-18 11:00:00,15474.7097637334
'00','total',2024-04-18 12:00:00,15388.561799026375
'00','total',2024-04-18 13:00:00,15139.836557401759
'00','total',2024-04-18 14:00:00,14985.257889154864
'00','total',2024-04-18 15:00:00,14642.133221665803
'00','total',2024-04-18 16:00:00,14485.962888630535
'00','total',2024-04-18 17:00:00,14271.527652841174
'00','total',2024-04-18 18:00:00,14300.644001554192
'00','total',2024-04-18 19:00:00,14402.749273128047
'00','total',2024-04-18 20:00:00,14377.22562135117
'00','total',2024-04-18 21:00:00,14010.73925911374
'00','total',2024-04-18 22:00:00,13660.831819913556
'00','total',2024-04-18 23:00:00,13378.17006210136
'00','total',2024-04-19 00:00:00,13302.888619736375
'00','total',2024-04-19 01:00:00,13235.300606147204
'00','total',2024-04-19 02:00:00,13296.568724524144
'00','total',2024-04-19 03:00:00,13553.923222002042
'00','total',2024-04-19 04:00:00,14038.955026766826
'00','total',2024-04-19 05:00:00,15226.515196309767
'00','total',2024-04-19 06:00:00,16193.506577032766
'00','total',2024-04-19 07:00:00,16386.241699438848
'00','total',2024-04-19 08:00:00,16361.553492905807
'00','total',2024-04-19 09:00:00,16408.622247693438
'00','total',2024-04-19 10:00:00,16306.94168989612
'00','total',2024-04-19 11:00:00,16203.99357461354
'00','total',2024-04-19 12:00:00,16144.311873485081
'00','total',2024-04-19 13:00:00,15972.639462747324
'00','total',2024-04-19 14:00:00,15817.252066256977
'00','total',2024-04-19 15:00:00,15310.964755528643
'00','total',2024-04-19 16:00:00,15011.305181683068
'00','total',2024-04-19 17:00:00,14715.251197696789
'00','total',2024-04-19 18:00:00,14662.137054442373
'00','total',2024-04-19 19:00:00,14705.981116617137
'00','total',2024-04-19 20:00:00,14645.888639282934
'00','total',2024-04-19 21:00:00,14276.76333162428
'00','total',2024-04-19 22:00:00,14007.562138804877
'00','total',2024-04-19 23:00:00,13699.273770627487
'00','total',2024-04-20 00:00:00,13540.783748540389
'00','total',2024-04-20 01:00:00,13504.210167554997
'00','total',2024-04-20 02:00:00,13537.476864268592
'00','total',2024-04-20 03:00:00,13795.650508559549
'00','total',2024-04-20 04:00:00,14335.15222017751
'00','total',2024-04-20 05:00:00,15758.609914349787
'00','total',2024-04-20 06:00:00,16954.28518206716
'00','total',2024-04-20 07:00:00,17181.585836544553
'00','total',2024-04-20 08:00:00,17174.34778883499
'00','total',2024-04-20 09:00:00,17104.027383936165
'00','total',2024-04-20 10:00:00,16965.018361702958
'00','total',2024-04-20 11:00:00,16840.145774243243
'00','total',2024-04-20 12:00:00,16779.88229964491
'00','total',2024-04-20 13:00:00,16483.318994232697
'00','total',2024-04-20 14:00:00,16256.2756189126
'00','total',2024-04-20 15:00:00,15626.192689635887
'00','total',2024-04-20 16:00:00,15218.316347418333
'00','total',2024-04-20 17:00:00,14916.579237746071
'00','total',2024-04-20 18:00:00,14834.660320226041
'00','total',2024-04-20 19:00:00,14757.866798810779
'00','total',2024-04-20 20:00:00,14669.461307243088
'00','total',2024-04-20 21:00:00,14272.96193588682
'00','total',2024-04-20 22:00:00,13936.214228885276
'00','total',2024-04-20 23:00:00,13552.424396521097
'00','total',2024-04-21 00:00:00,13360.844353572058
'00','total',2024-04-21 01:00:00,13283.89447818623
'00','total',2024-04-21 02:00:00,13324.258695895085
'00','total',2024-04-21 03:00:00,13558.075414825633
'00','total',2024-04-21 04:00:00,14104.821240430552
'00','total',2024-04-21 05:00:00,15517.693287945662
'00','total',2024-04-21 06:00:00,16646.87485527416
'00','total',2024-04-21 07:00:00,16964.0565306507
'00','total',2024-04-21 08:00:00,16879.425278349037
'00','total',2024-04-21 09:00:00,16869.335368451022
'00','total',2024-04-21 10:00:00,16729.857110022385
'00','total',2024-04-21 11:00:00,16576.30504424218
'00','total',2024-04-21 12:00:00,16563.790156407318
'00','total',2024-04-21 13:00:00,16294.702176097284
'00','total',2024-04-21 14:00:00,16008.46076531906
'00','total',2024-04-21 15:00:00,15377.078309573979
'00','total',2024-04-21 16:00:00,15022.753910591739
'00','total',2024-04-21 17:00:00,14629.672671703902
'00','total',2024-04-21 18:00:00,14498.934439410745
'00','total',2024-04-21 19:00:00,14457.85934796336
'00','total',2024-04-21 20:00:00,14376.200437021595
'00','total',2024-04-21 21:00:00,13909.167188632346
'00','total',2024-04-21 22:00:00,13537.869316608329
'00','total',2024-04-21 23:00:00,13242.017266199911
'00','total',2024-04-22 00:00:00,13115.211553440337
'00','total',2024-04-22 01:00:00,13102.58265955668
'00','total',2024-04-22 02:00:00,13149.518964206647
'00','total',2024-04-22 03:00:00,13345.45444290191
'00','total',2024-04-22 04:00:00,13865.884541169902
'00','total',2024-04-22 05:00:00,15088.517664576691
'00','total',2024-04-22 06:00:00,16173.910316309835
'00','total',2024-04-22 07:00:00,16478.81817221924
'00','total',2024-04-22 08:00:00,16587.162177507536
'00','total',2024-04-22 09:00:00,16547.368492017416
'00','total',2024-04-22 10:00:00,16428.098170117006
'00','total',2024-04-22 11:00:00,16231.246939999988
'00','total',2024-04-22 12:00:00,16076.247100388446
'00','total',2024-04-22 13:00:00,15867.949062450325
'00','total',2024-04-22 14:00:00,15615.067610728236
'00','total',2024-04-22 15:00:00,15109.889036302591
'00','total',2024-04-22 16:00:00,14792.977424959992
'00','total',2024-04-22 17:00:00,14525.942347904598
'00','total',2024-04-22 18:00:00,14359.365350936318
'00','total',2024-04-22 19:00:00,14331.130483661116
'00','total',2024-04-22 20:00:00,14289.317728469137
'00','total',2024-04-22 21:00:00,13922.166447536763
'00','total',2024-04-22 22:00:00,13497.987022168913
'00','total',2024-04-22 23:00:00,13252.20467088064
'00','total',2024-04-23 00:00:00,13154.553122215291
'00','total',2024-04-23 01:00:00,13094.398461104292
'00','total',2024-04-23 02:00:00,13167.055578383304
'00','total',2024-04-23 03:00:00,13329.37490667425
'00','total',2024-04-23 04:00:00,13676.565853481707
'00','total',2024-04-23 05:00:00,14971.334765804564
'00','total',2024-04-23 06:00:00,16052.757587575648
'00','total',2024-04-23 07:00:00,16475.731085891573
'00','total',2024-04-23 08:00:00,16611.81515402755
'00','total',2024-04-23 09:00:00,16713.670673019504
'00','total',2024-04-23 10:00:00,16652.598053867307
'00','total',2024-04-23 11:00:00,16589.631294462186
'00','total',2024-04-23 12:00:00,16592.251135570892
'00','total',2024-04-23 13:00:00,16340.923092073546
'00','total',2024-04-23 14:00:00,16140.702465962973
'00','total',2024-04-23 15:00:00,15495.408161525198
'00','total',2024-04-23 16:00:00,15207.982420790173
'00','total',2024-04-23 17:00:00,14846.54237476748
'00','total',2024-04-23 18:00:00,14649.676425642887
'00','total',2024-04-23 19:00:00,14596.273470958606
'00','total',2024-04-23 20:00:00,14540.697456661077
'00','total',2024-04-23 21:00:00,14159.772994202962
'00','total',2024-04-23 22:00:00,13884.296432442292
'00','total',2024-04-23 23:00:00,13598.790036422952
'00','total',2024-04-24 00:00:00,13353.426682001182
'00','total',2024-04-24 01:00:00,13307.829485762562
'00','total',2024-04-24 02:00:00,13381.778922817146
'00','total',2024-04-24 03:00:00,13552.939406700125
'00','total',2024-04-24 04:00:00,13923.675567766952
'00','total',2024-04-24 05:00:00,15183.680186344296
'00','total',2024-04-24 06:00:00,16211.883963799502
'00','total',2024-04-24 07:00:00,16640.043657752212
'00','total',2024-04-24 08:00:00,16718.181061889034
'00','total',2024-04-24 09:00:00,16822.85758995426
'00','total',2024-04-24 10:00:00,16816.85091512834
'00','total',2024-04-24 11:00:00,16717.39611621401
'00','total',2024-04-24 12:00:00,16571.699805404416
'00','total',2024-04-24 13:00:00,16317.71337465434
'00','total',2024-04-24 14:00:00,16056.854793222165
'00','total',2024-04-24 15:00:00,15516.081810446056
'00','total',2024-04-24 16:00:00,15230.14187203478
'00','total',2024-04-24 17:00:00,14946.751280512612
'00','total',2024-04-24 18:00:00,14782.835868237256
'00','total',2024-04-24 19:00:00,14752.576063512215
'00','total',2024-04-24 20:00:00,14675.539574234233
'00','total',2024-04-24 21:00:00,14259.595299365243
'00','total',2024-04-24 22:00:00,13875.321206924293
'00','total',2024-04-24 23:00:00,13558.20191806057
'00','total',2024-04-25 00:00:00,13393.387077715603
'00','total',2024-04-25 01:00:00,13347.754088612715
'00','total',2024-04-25 02:00:00,13307.822356989811
'00','total',2024-04-25 03:00:00,13491.48710793052
'00','total',2024-04-25 04:00:00,13914.978448579886
'00','total',2024-04-25 05:00:00,15200.932607375278
'00','total',2024-04-25 06:00:00,16357.224421995123
'00','total',2024-04-25 07:00:00,16733.179922522955
'00','total',2024-04-25 08:00:00,16824.376683303326
'00','total',2024-04-25 09:00:00,16921.344878785647
'00','total',2024-04-25 10:00:00,16876.725188637407
'00','total',2024-04-25 11:00:00,16835.466701387988
'00','total',2024-04-25 12:00:00,16787.771675885477
'00','total',2024-04-25 13:00:00,16640.101196714633
'00','total',2024-04-25 14:00:00,16469.466578957454
'00','total',2024-04-25 15:00:00,15886.238615520853
'00','total',2024-04-25 16:00:00,15706.942016398569
'00','total',2024-04-25 17:00:00,15325.603320478402
'00','total',2024-04-25 18:00:00,15240.616628264004
'00','total',2024-04-25 19:00:00,15147.163393177132
'00','total',2024-04-25 20:00:00,15071.809121775925
'00','total',2024-04-25 21:00:00,14720.397383593436
'00','total',2024-04-25 22:00:00,14343.234595920836
'00','total',2024-04-25 23:00:00,14002.278458490617
'00','total',2024-04-26 00:00:00,13844.356025187812
'00','total',2024-04-26 01:00:00,13760.407324948452
'00','total',2024-04-26 02:00:00,13788.147992391823
'00','total',2024-04-26 03:00:00,14054.131431329739
'00','total',2024-04-26 04:00:00,14639.844373846676
'00','total',2024-04-26 05:00:00,16146.834781828948
'00','total',2024-04-26 06:00:00,17494.656830315984
'00','total',2024-04-26 07:00:00,17903.949536539178
'00','total',2024-04-26 08:00:00,17960.385167833283
'00','total',2024-04-26 09:00:00,17973.725484219365
'00','total',2024-04-26 10:00:00,17893.900929548407
'00','total',2024-04-26 11:00:00,17735.80904240705
'00','total',2024-04-26 12:00:00,17593.973595733412
'00','total',2024-04-26 13:00:00,17356.28921864865
'00','total',2024-04-26 14:00:00,17034.78423930301
'00','total',2024-04-26 15:00:00,16367.815780572208
'00','total',2024-04-26 16:00:00,15991.84150467986
'00','total',2024-04-26 17:00:00,15646.81649685144
'00','total',2024-04-26 18:00:00,15449.59235222908
'00','total',2024-04-26 19:00:00,15346.963658322138
'00','total',2024-04-26 20:00:00,15344.368671021502
'00','total',2024-04-26 21:00:00,14864.719666729201
'00','total',2024-04-26 22:00:00,14495.993820421078
'00','total',2024-04-26 23:00:00,13993.641800179275
'00','total',2024-04-27 00:00:00,13816.312008311645
'00','total',2024-04-27 01:00:00,13740.27778431437
'00','total',2024-04-27 02:00:00,13758.359882334613
'00','total',2024-04-27 03:00:00,13990.034971650077
'00','total',2024-04-27 04:00:00,14489.154958482342
'00','total',2024-04-27 05:00:00,15992.784041403318
'00','total',2024-04-27 06:00:00,17332.468145768467
'00','total',2024-04-27 07:00:00,17701.552771398055
'00','total',2024-04-27 08:00:00,17775.480492898612
'00','total',2024-04-27 09:00:00,17806.16722743968
'00','total',2024-04-27 10:00:00,17676.58067977002
'00','total',2024-04-27 11:00:00,17613.25346239076
'00','total',2024-04-27 12:00:00,17554.2239402761
'00','total',2024-04-27 13:00:00,17413.802884730183
'00','total',2024-04-27 14:00:00,17206.52382099134
'00','total',2024-04-27 15:00:00,16459.4874114244
'00','total',2024-04-27 16:00:00,16142.486026836863
'00','total',2024-04-27 17:00:00,15723.334559690282
'00','total',2024-04-27 18:00:00,15649.342732339244
'00','total',2024-04-27 19:00:00,15627.564976161078
'00','total',2024-04-27 20:00:00,15569.066679908365
'00','total',2024-04-27 21:00:00,15111.510409172353
'00','total',2024-04-27 22:00:00,14642.320131357757
'00','total',2024-04-27 23:00:00,14257.662343753955
'00','total',2024-04-28 00:00:00,14067.173811721554
'00','total',2024-04-28 01:00:00,14003.83740643899
'00','total',2024-04-28 02:00:00,13982.463385350005
'00','total',2024-04-28 03:00:00,14159.815486359665
'00','total',2024-04-28 04:00:00,14642.025823383336
'00','total',2024-04-28 05:00:00,16187.670058580377
'00','total',2024-04-28 06:00:00,17542.751530424164
'00','total',2024-04-28 07:00:00,17876.285384880914
'00','total',2024-04-28 08:00:00,17938.88428764513
'00','total',2024-04-28 09:00:00,17935.08686132183
'00','total',2024-04-28 10:00:00,17819.34363166621
'00','total',2024-04-28 11:00:00,17644.706672249133
'00','total',2024-04-28 12:00:00,17518.250925069944
'00','total',2024-04-28 13:00:00,17175.403507049028
'00','total',2024-04-28 14:00:00,16902.166334346068
'00','total',2024-04-28 15:00:00,16265.314292148638
'00','total',2024-04-28 16:00:00,15870.030373859516
'00','total',2024-04-28 17:00:00,15479.39188087312
'00','total',2024-04-28 18:00:00,15327.866521964133
'00','total',2024-04-28 19:00:00,15250.712186188714
'00','total',2024-04-28 20:00:00,15248.293447906237
'00','total',2024-04-28 21:00:00,14803.86705360872
'00','total',2024-04-28 22:00:00,14500.497275390055
'00','total',2024-04-28 23:00:00,14180.392177450089
'00','total',2024-04-29 00:00:00,13973.125172938566
'00','total',2024-04-29 01:00:00,13916.252123511249
'00','total',2024-04-29 02:00:00,13938.25205517295
'00','total',2024-04-29 03:00:00,14165.72661556957
'00','total',2024-04-29 04:00:00,14646.304667478385
'00','total',2024-04-29 05:00:00,16164.772208300332
'00','total',2024-04-29 06:00:00,17572.25288969142
'00','total',2024-04-29 07:00:00,17992.20252644818
'00','total',2024-04-29 08:00:00,17991.46377661615
'00','total',2024-04-29 09:00:00,18010.682187739956
'00','total',2024-04-29 10:00:00,17871.03772856178
'00','total',2024-04-29 11:00:00,17779.91005501859
'00','total',2024-04-29 12:00:00,17667.013756601536
'00','total',2024-04-29 13:00:00,17418.4399356256
'00','total',2024-04-29 14:00:00,17128.27396118065
'00','total',2024-04-29 15:00:00,16414.476221524863
'00','total',2024-04-29 16:00:00,15964.529204581257
'00','total',2024-04-29 17:00:00,15571.454179964014
'00','total',2024-04-29 18:00:00,15403.601419055603
'00','total',2024-04-29 19:00:00,15229.06736473675
'00','total',2024-04-29 20:00:00,15182.820289770369
'00','total',2024-04-29 21:00:00,14747.887128911469
'00','total',2024-04-29 22:00:00,14334.096716146478
'00','total',2024-04-29 23:00:00,13938.76076480945
'00','total',2024-04-30 00:00:00,13827.434275789856
'00','total',2024-04-30 01:00:00,13743.21128189087
'00','total',2024-04-30 02:00:00,13706.469798522177
'00','total',2024-04-30 03:00:00,13834.202623645262
'00','total',2024-04-30 04:00:00,14141.184628043151
'00','total',2024-04-30 05:00:00,15327.220101946708
'00','total',2024-04-30 06:00:00,16387.396259862064
'00','total',2024-04-30 07:00:00,16698.877751279822
'00','total',2024-04-30 08:00:00,16716.266873173434
'00','total',2024-04-30 09:00:00,16751.801226390955
'00','total',2024-04-30 10:00:00,16665.521234136355
'00','total',2024-04-30 11:00:00,16561.77134092856
'00','total',2024-04-30 12:00:00,16347.215548027583
'00','total',2024-04-30 13:00:00,15956.286135459772
'00','total',2024-04-30 14:00:00,15658.380297454754
'00','total',2024-04-30 15:00:00,15079.738346772117
'00','total',2024-04-30 16:00:00,14689.452060154128
'00','total',2024-04-30 17:00:00,14348.496154050474
'00','total',2024-04-30 18:00:00,14076.300220752333
'00','total',2024-04-30 19:00:00,13960.850207490817
'00','total',2024-04-30 20:00:00,14027.447350651475
'00','total',2024-04-30 21:00:00,13679.813082875795
'00','total',2024-04-30 22:00:00,13341.568848263923
'00','total',2024-04-30 23:00:00,13086.461527590393
'00','total',2024-05-01 00:00:00,13512.522294817818
'00','total',2024-05-01 01:00:00,13435.684748020318
'00','total',2024-05-01 02:00:00,13354.8310730135
'00','total',2024-05-01 03:00:00,13386.906134042663
'00','total',2024-05-01 04:00:00,13466.070693219965
'00','total',2024-05-01 05:00:00,13731.309084678147
'00','total',2024-05-01 06:00:00,14086.870893846426
'00','total',2024-05-01 07:00:00,14349.731752668247
'00','total',2024-05-01 08:00:00,14585.602008128506
'00','total',2024-05-01 09:00:00,14787.746287469345
'00','total',2024-05-01 10:00:00,14863.413288042428
'00','total',2024-05-01 11:00:00,14887.273595070292
'00','total',2024-05-01 12:00:00,14867.894286158324
'00','total',2024-05-01 13:00:00,14851.67543220021
'00','total',2024-05-01 14:00:00,14856.750164364492
'00','total',2024-05-01 15:00:00,14891.04547997461
'00','total',2024-05-01 16:00:00,14849.267407304163
'00','total',2024-05-01 17:00:00,14749.229164483908
'00','total',2024-05-01 18:00:00,14586.485330884316
'00','total',2024-05-01 19:00:00,14458.433209005609
'00','total',2024-05-01 20:00:00,14342.061408132135
'00','total',2024-05-01 21:00:00,14034.34600968126
'00','total',2024-05-01 22:00:00,13740.697485368044
'00','total',2024-05-01 23:00:00,13485.222432736608
'00','total',2024-05-02 00:00:00,14429.107373211838
'00','total',2024-05-02 01:00:00,14327.142734402343
'00','total',2024-05-02 02:00:00,14298.891575299136
'00','total',2024-05-02 03:00:00,14401.17541440262
'00','total',2024-05-02 04:00:00,14680.149272085786
'00','total',2024-05-02 05:00:00,15726.380669724405
'00','total',2024-05-02 06:00:00,17069.8158555185
'00','total',2024-05-02 07:00:00,18085.44165583122
'00','total',2024-05-02 08:00:00,18330.372693534337
'00','total',2024-05-02 09:00:00,18374.762710292143
'00','total',2024-05-02 10:00:00,18402.046405353714
'00','total',2024-05-02 11:00:00,18303.989786125516
'00','total',2024-05-02 12:00:00,18116.956722651277
'00','total',2024-05-02 13:00:00,18020.90406919166
'00','total',2024-05-02 14:00:00,17868.07141422251
'00','total',2024-05-02 15:00:00,17632.451080865987
'00','total',2024-05-02 16:00:00,17190.253052620905
'00','total',2024-05-02 17:00:00,16798.948115323372
'00','total',2024-05-02 18:00:00,16519.794827797024
'00','total',2024-05-02 19:00:00,16243.387132153308
'00','total',2024-05-02 20:00:00,16146.907066302763
'00','total',2024-05-02 21:00:00,15751.492248066219
'00','total',2024-05-02 22:00:00,15320.40556911994
'00','total',2024-05-02 23:00:00,14917.059971883982
'00','total',2024-05-03 00:00:00,14445.321073052222
'00','total',2024-05-03 01:00:00,14348.890256321574
'00','total',2024-05-03 02:00:00,14316.259352883473
'00','total',2024-05-03 03:00:00,14488.799412952892
'00','total',2024-05-03 04:00:00,14932.11084826409
'00','total',2024-05-03 05:00:00,16176.507166051242
'00','total',2024-05-03 06:00:00,17694.256383036474
'00','total',2024-05-03 07:00:00,18492.738881137615
'00','total',2024-05-03 08:00:00,18816.997497298005
'00','total',2024-05-03 09:00:00,18844.087262304103
'00','total',2024-05-03 10:00:00,18772.66156523392
'00','total',2024-05-03 11:00:00,18654.28605395429
'00','total',2024-05-03 12:00:00,18592.907715404963
'00','total',2024-05-03 13:00:00,18475.671422245243
'00','total',2024-05-03 14:00:00,18368.49142332255
'00','total',2024-05-03 15:00:00,17878.600180518682
'00','total',2024-05-03 16:00:00,17339.559304276445
'00','total',2024-05-03 17:00:00,16949.563595944313
'00','total',2024-05-03 18:00:00,16818.84434953295
'00','total',2024-05-03 19:00:00,16622.02419533335
'00','total',2024-05-03 20:00:00,16382.747244881555
'00','total',2024-05-03 21:00:00,15957.843675984088
'00','total',2024-05-03 22:00:00,15480.952402699235
'00','total',2024-05-03 23:00:00,15029.92472727682
'00','total',2024-05-04 00:00:00,13891.514696852784
'00','total',2024-05-04 01:00:00,13850.156838664561
'00','total',2024-05-04 02:00:00,13874.567308317282
'00','total',2024-05-04 03:00:00,14144.607422873156
'00','total',2024-05-04 04:00:00,14764.178941978318
'00','total',2024-05-04 05:00:00,16306.456679511528
'00','total',2024-05-04 06:00:00,17680.730613468993
'00','total',2024-05-04 07:00:00,18160.88431026635
'00','total',2024-05-04 08:00:00,18164.20963311439
'00','total',2024-05-04 09:00:00,18115.62035971756
'00','total',2024-05-04 10:00:00,17957.71088520453
'00','total',2024-05-04 11:00:00,17848.412708101685
'00','total',2024-05-04 12:00:00,17763.21979169105
'00','total',2024-05-04 13:00:00,17487.767670044625
'00','total',2024-05-04 14:00:00,17241.59693897951
'00','total',2024-05-04 15:00:00,16545.18956728394
'00','total',2024-05-04 16:00:00,16115.023018862248
'00','total',2024-05-04 17:00:00,15777.335548715708
'00','total',2024-05-04 18:00:00,15623.76055860618
'00','total',2024-05-04 19:00:00,15510.485532770663
'00','total',2024-05-04 20:00:00,15409.756194333768
'00','total',2024-05-04 21:00:00,14945.015798362077
'00','total',2024-05-04 22:00:00,14417.664805490094
'00','total',2024-05-04 23:00:00,14015.132001414788
'00','total',2024-05-05 00:00:00,13699.99097741272
'00','total',2024-05-05 01:00:00,13643.824720304749
'00','total',2024-05-05 02:00:00,13658.127516529468
'00','total',2024-05-05 03:00:00,13858.918364111038
'00','total',2024-05-05 04:00:00,14279.949456429556
'00','total',2024-05-05 05:00:00,15755.058540648844
'00','total',2024-05-05 06:00:00,17047.202078069553
'00','total',2024-05-05 07:00:00,17479.997254298563
'00','total',2024-05-05 08:00:00,17479.195792060502
'00','total',2024-05-05 09:00:00,17595.127020621803
'00','total',2024-05-05 10:00:00,17456.13074658849
'00','total',2024-05-05 11:00:00,17299.721076058984
'00','total',2024-05-05 12:00:00,17198.806218244838
'00','total',2024-05-05 13:00:00,16967.333022718307
'00','total',2024-05-05 14:00:00,16682.460826160863
'00','total',2024-05-05 15:00:00,16096.58632100321
'00','total',2024-05-05 16:00:00,15729.354766116574
'00','total',2024-05-05 17:00:00,15303.286524141202
'00','total',2024-05-05 18:00:00,15130.51874998392
'00','total',2024-05-05 19:00:00,14957.894788028354
'00','total',2024-05-05 20:00:00,14948.145123564647
'00','total',2024-05-05 21:00:00,14585.98514659042
'00','total',2024-05-05 22:00:00,14187.429518807763
'00','total',2024-05-05 23:00:00,13792.798860070963
'00','total',2024-05-06 00:00:00,13380.953864225781
'00','total',2024-05-06 01:00:00,13305.704022638165
'00','total',2024-05-06 02:00:00,13305.464588885958
'00','total',2024-05-06 03:00:00,13415.182853452341
'00','total',2024-05-06 04:00:00,13864.96437873244
'00','total',2024-05-06 05:00:00,15367.561625399727
'00','total',2024-05-06 06:00:00,16753.53899519888
'00','total',2024-05-06 07:00:00,17218.530912456918
'00','total',2024-05-06 08:00:00,17259.635371632437
'00','total',2024-05-06 09:00:00,17271.36305167382
'00','total',2024-05-06 10:00:00,17203.649171412482
'00','total',2024-05-06 11:00:00,17082.014874430675
'00','total',2024-05-06 12:00:00,17077.0323520789
'00','total',2024-05-06 13:00:00,16724.815393485318
'00','total',2024-05-06 14:00:00,16401.409274713806
'00','total',2024-05-06 15:00:00,15718.705619965735
'00','total',2024-05-06 16:00:00,15274.896745049358
'00','total',2024-05-06 17:00:00,14786.55097433275
'00','total',2024-05-06 18:00:00,14503.505497120575
'00','total',2024-05-06 19:00:00,14311.21538709588
'00','total',2024-05-06 20:00:00,14194.449993111739
'00','total',2024-05-06 21:00:00,13850.169047054584
'00','total',2024-05-06 22:00:00,13469.061498833227
'00','total',2024-05-06 23:00:00,13044.113189656924
'00','total',2024-05-07 00:00:00,13053.347720343805
'00','total',2024-05-07 01:00:00,12967.376303895233
'00','total',2024-05-07 02:00:00,12934.608413635127
'00','total',2024-05-07 03:00:00,13006.555704201855
'00','total',2024-05-07 04:00:00,13395.46332431528
'00','total',2024-05-07 05:00:00,14554.057278101805
'00','total',2024-05-07 06:00:00,15625.04840771807
'00','total',2024-05-07 07:00:00,16038.232909555923
'00','total',2024-05-07 08:00:00,16085.633390521849
'00','total',2024-05-07 09:00:00,16179.39106990611
'00','total',2024-05-07 10:00:00,16159.64936808889
'00','total',2024-05-07 11:00:00,16045.454855395103
'00','total',2024-05-07 12:00:00,15848.240681311378
'00','total',2024-05-07 13:00:00,15580.671614751329
'00','total',2024-05-07 14:00:00,15240.53382381681
'00','total',2024-05-07 15:00:00,14675.235369323827
'00','total',2024-05-07 16:00:00,14318.626462993976
'00','total',2024-05-07 17:00:00,13974.42303012931
'00','total',2024-05-07 18:00:00,13786.35566869554
'00','total',2024-05-07 19:00:00,13655.439110888494
'00','total',2024-05-07 20:00:00,13552.855086421723
'00','total',2024-05-07 21:00:00,13348.345544642889
'00','total',2024-05-07 22:00:00,13127.660199405787
'00','total',2024-05-07 23:00:00,12912.048903816763
'00','total',2024-05-08 00:00:00,12618.439712972175
'00','total',2024-05-08 01:00:00,12567.29769414624
'00','total',2024-05-08 02:00:00,12525.602205912966
'00','total',2024-05-08 03:00:00,12611.886531325294
'00','total',2024-05-08 04:00:00,12951.394260505604
'00','total',2024-05-08 05:00:00,14049.34246945423
'00','total',2024-05-08 06:00:00,15124.247534941727
'00','total',2024-05-08 07:00:00,15535.902691439052
'00','total',2024-05-08 08:00:00,15653.167965569935
'00','total',2024-05-08 09:00:00,15762.034155366651
'00','total',2024-05-08 10:00:00,15729.316535727306
'00','total',2024-05-08 11:00:00,15694.84229414967
'00','total',2024-05-08 12:00:00,15663.036266348792
'00','total',2024-05-08 13:00:00,15402.033196532278
'00','total',2024-05-08 14:00:00,15186.099580945354
'00','total',2024-05-08 15:00:00,14649.836205266047
'00','total',2024-05-08 16:00:00,14350.200450172271
'00','total',2024-05-08 17:00:00,13978.509757266631
'00','total',2024-05-08 18:00:00,13791.447184445968
'00','total',2024-05-08 19:00:00,13655.896026520113
'00','total',2024-05-08 20:00:00,13654.36344243258
'00','total',2024-05-08 21:00:00,13402.01332240325
'00','total',2024-05-08 22:00:00,13113.425406026616
'00','total',2024-05-08 23:00:00,12884.804345740924
'00','total',2024-05-09 00:00:00,13084.51910388729
'00','total',2024-05-09 01:00:00,13003.036082462908
'00','total',2024-05-09 02:00:00,12960.133720904227
'00','total',2024-05-09 03:00:00,13038.021595554586
'00','total',2024-05-09 04:00:00,13452.740313841969
'00','total',2024-05-09 05:00:00,14645.847790756467
'00','total',2024-05-09 06:00:00,15759.07567238966
'00','total',2024-05-09 07:00:00,16180.778783612868
'00','total',2024-05-09 08:00:00,16233.401349863487
'00','total',2024-05-09 09:00:00,16350.01042657732
'00','total',2024-05-09 10:00:00,16337.178761177202
'00','total',2024-05-09 11:00:00,16189.044600095789
'00','total',2024-05-09 12:00:00,16074.297475507447
'00','total',2024-05-09 13:00:00,15929.38156614804
'00','total',2024-05-09 14:00:00,15748.673640897565
'00','total',2024-05-09 15:00:00,15280.115259312897
'00','total',2024-05-09 16:00:00,14952.680500363515
'00','total',2024-05-09 17:00:00,14573.354231017569
'00','total',2024-05-09 18:00:00,14376.120289429817
'00','total',2024-05-09 19:00:00,14293.919963714967
'00','total',2024-05-09 20:00:00,14129.768212323044
'00','total',2024-05-09 21:00:00,13806.620605774606
'00','total',2024-05-09 22:00:00,13441.490588675913
'00','total',2024-05-09 23:00:00,13057.905742979336
'00','total',2024-05-10 00:00:00,13059.230334403566
'00','total',2024-05-10 01:00:00,12898.458767820082
'00','total',2024-05-10 02:00:00,12866.713885685263
'00','total',2024-05-10 03:00:00,12966.425779925208
'00','total',2024-05-10 04:00:00,13293.35233599416
'00','total',2024-05-10 05:00:00,14556.700417092823
'00','total',2024-05-10 06:00:00,15701.972035847726
'00','total',2024-05-10 07:00:00,16091.44817824801
'00','total',2024-05-10 08:00:00,16221.337292665321
'00','total',2024-05-10 09:00:00,16222.156024638563
'00','total',2024-05-10 10:00:00,16178.89557110596
'00','total',2024-05-10 11:00:00,16077.128375675771
'00','total',2024-05-10 12:00:00,16050.05524296672
'00','total',2024-05-10 13:00:00,15919.922424335795
'00','total',2024-05-10 14:00:00,15791.289204008195
'00','total',2024-05-10 15:00:00,15293.511918505454
'00','total',2024-05-10 16:00:00,15062.894475645158
'00','total',2024-05-10 17:00:00,14820.585947892083
'00','total',2024-05-10 18:00:00,14701.30730863162
'00','total',2024-05-10 19:00:00,14469.245749570937
'00','total',2024-05-10 20:00:00,14320.75741215494
'00','total',2024-05-10 21:00:00,13953.166926802607
'00','total',2024-05-10 22:00:00,13574.953482698755
'00','total',2024-05-10 23:00:00,13311.767025984334
'00','total',2024-05-11 00:00:00,13657.758478398782
'00','total',2024-05-11 01:00:00,13597.261919781458
'00','total',2024-05-11 02:00:00,13556.875556477762
'00','total',2024-05-11 03:00:00,13690.64269612015
'00','total',2024-05-11 04:00:00,14267.32968543519
'00','total',2024-05-11 05:00:00,15899.700065442848
'00','total',2024-05-11 06:00:00,17657.61313672809
'00','total',2024-05-11 07:00:00,18525.881701731254
'00','total',2024-05-11 08:00:00,18655.537372432682
'00','total',2024-05-11 09:00:00,18649.024073278273
'00','total',2024-05-11 10:00:00,18527.54950327385
'00','total',2024-05-11 11:00:00,18425.308953162825
'00','total',2024-05-11 12:00:00,18358.3820097586
'00','total',2024-05-11 13:00:00,18212.441906927135
'00','total',2024-05-11 14:00:00,17989.78625126852
'00','total',2024-05-11 15:00:00,17313.84770423466
'00','total',2024-05-11 16:00:00,16767.300121231812
'00','total',2024-05-11 17:00:00,16219.540354912111
'00','total',2024-05-11 18:00:00,15988.77147935824
'00','total',2024-05-11 19:00:00,15669.156917361712
'00','total',2024-05-11 20:00:00,15522.526472868294
'00','total',2024-05-11 21:00:00,15115.98203259737
'00','total',2024-05-11 22:00:00,14573.365171355668
'00','total',2024-05-11 23:00:00,14129.501677291619
'00','total',2024-05-12 00:00:00,13623.893017180611
'00','total',2024-05-12 01:00:00,13467.754652880849
'00','total',2024-05-12 02:00:00,13457.865064921429
'00','total',2024-05-12 03:00:00,13579.093701216232
'00','total',2024-05-12 04:00:00,14064.588362850714
'00','total',2024-05-12 05:00:00,15657.008985222394
'00','total',2024-05-12 06:00:00,17403.574064270193
'00','total',2024-05-12 07:00:00,18284.244209953744
'00','total',2024-05-12 08:00:00,18414.891925673423
'00','total',2024-05-12 09:00:00,18399.109613065204
'00','total',2024-05-12 10:00:00,18313.872351363567
'00','total',2024-05-12 11:00:00,18187.814852405016
'00','total',2024-05-12 12:00:00,18045.5945823533
'00','total',2024-05-12 13:00:00,17805.75561769291
'00','total',2024-05-12 14:00:00,17548.61942291775
'00','total',2024-05-12 15:00:00,16937.398608971864
'00','total',2024-05-12 16:00:00,16434.752829734683
'00','total',2024-05-12 17:00:00,15842.261895995583
'00','total',2024-05-12 18:00:00,15474.095464079748
'00','total',2024-05-12 19:00:00,15180.887406733407
'00','total',2024-05-12 20:00:00,14947.029933674896
'00','total',2024-05-12 21:00:00,14590.143494184755
'00','total',2024-05-12 22:00:00,14099.683092438489
'00','total',2024-05-12 23:00:00,13656.648422650533
'00','total',2024-05-13 00:00:00,12868.697145979113
'00','total',2024-05-13 01:00:00,12719.324009497012
'00','total',2024-05-13 02:00:00,12611.694220236854
'00','total',2024-05-13 03:00:00,12702.41127854678
'00','total',2024-05-13 04:00:00,13139.558906129396
'00','total',2024-05-13 05:00:00,14432.625229024829
'00','total',2024-05-13 06:00:00,15620.595289518302
'00','total',2024-05-13 07:00:00,16161.384364082387
'00','total',2024-05-13 08:00:00,16311.1858058364
'00','total',2024-05-13 09:00:00,16398.93151860359
'00','total',2024-05-13 10:00:00,16271.730174795131
'00','total',2024-05-13 11:00:00,16216.80716120086
'00','total',2024-05-13 12:00:00,16082.073345618855
'00','total',2024-05-13 13:00:00,15802.185573895833
'00','total',2024-05-13 14:00:00,15533.437409998578
'00','total',2024-05-13 15:00:00,14902.314040808129
'00','total',2024-05-13 16:00:00,14484.366006794202
'00','total',2024-05-13 17:00:00,14086.592307169829
'00','total',2024-05-13 18:00:00,13885.977559596544
'00','total',2024-05-13 19:00:00,13700.948533334422
'00','total',2024-05-13 20:00:00,13596.893832411279
'00','total',2024-05-13 21:00:00,13380.998737619802
'00','total',2024-05-13 22:00:00,13025.240782402094
'00','total',2024-05-13 23:00:00,12675.677919264164
'00','total',2024-05-14 00:00:00,12456.114130645432
'00','total',2024-05-14 01:00:00,12340.256752172085
'00','total',2024-05-14 02:00:00,12327.72884632211
'00','total',2024-05-14 03:00:00,12440.559995885487
'00','total',2024-05-14 04:00:00,12729.23049330615
'00','total',2024-05-14 05:00:00,13853.720400601767
'00','total',2024-05-14 06:00:00,14931.736987095604
'00','total',2024-05-14 07:00:00,15289.898774210122
'00','total',2024-05-14 08:00:00,15517.191182168044
'00','total',2024-05-14 09:00:00,15608.280856393925
'00','total',2024-05-14 10:00:00,15637.108188053979
'00','total',2024-05-14 11:00:00,15579.11120112723
'00','total',2024-05-14 12:00:00,15515.510962063345
'00','total',2024-05-14 13:00:00,15290.938211416711
'00','total',2024-05-14 14:00:00,15147.607263912641
'00','total',2024-05-14 15:00:00,14719.815412362983
'00','total',2024-05-14 16:00:00,14388.205365809292
'00','total',2024-05-14 17:00:00,14017.873423200017
'00','total',2024-05-14 18:00:00,13867.233071877443
'00','total',2024-05-14 19:00:00,13672.706269175334
'00','total',2024-05-14 20:00:00,13597.333785671079
'00','total',2024-05-14 21:00:00,13431.540878175458
'00','total',2024-05-14 22:00:00,13043.176442055963
'00','total',2024-05-14 23:00:00,12707.735765210802
'00','total',2024-05-15 00:00:00,12540.021070460014
'00','total',2024-05-15 01:00:00,12415.841513758725
'00','total',2024-05-15 02:00:00,12327.819611990211
'00','total',2024-05-15 03:00:00,12438.283184692045
'00','total',2024-05-15 04:00:00,12758.118188436343
'00','total',2024-05-15 05:00:00,13952.016891777112
'00','total',2024-05-15 06:00:00,15060.066193157287
'00','total',2024-05-15 07:00:00,15527.163133434155
'00','total',2024-05-15 08:00:00,15732.725919317083
'00','total',2024-05-15 09:00:00,15878.095048460258
'00','total',2024-05-15 10:00:00,15823.464016930147
'00','total',2024-05-15 11:00:00,15728.618171183387
'00','total',2024-05-15 12:00:00,15662.6414978764
'00','total',2024-05-15 13:00:00,15425.061257878651
'00','total',2024-05-15 14:00:00,15211.989484338275
'00','total',2024-05-15 15:00:00,14672.219177732672
'00','total',2024-05-15 16:00:00,14364.902154890297
'00','total',2024-05-15 17:00:00,13974.591715287366
'00','total',2024-05-15 18:00:00,13764.10146337662
'00','total',2024-05-15 19:00:00,13578.701982826435
'00','total',2024-05-15 20:00:00,13427.540571028763
'00','total',2024-05-15 21:00:00,13257.38158923707
'00','total',2024-05-15 22:00:00,12918.612286283038
'00','total',2024-05-15 23:00:00,12611.950940826233
'00','total',2024-05-16 00:00:00,12445.362732103258
'00','total',2024-05-16 01:00:00,12386.406680437023
'00','total',2024-05-16 02:00:00,12349.028275355306
'00','total',2024-05-16 03:00:00,12432.45108177806
'00','total',2024-05-16 04:00:00,12753.509098782817
'00','total',2024-05-16 05:00:00,14042.75764645041
'00','total',2024-05-16 06:00:00,15229.702103946882
'00','total',2024-05-16 07:00:00,15650.427790734366
'00','total',2024-05-16 08:00:00,15856.96808443208
'00','total',2024-05-16 09:00:00,15997.713041775527
'00','total',2024-05-16 10:00:00,16013.643074316376
'00','total',2024-05-16 11:00:00,15915.793115447059
'00','total',2024-05-16 12:00:00,15907.405286745967
'00','total',2024-05-16 13:00:00,15735.61749118162
'00','total',2024-05-16 14:00:00,15575.548406048802
'00','total',2024-05-16 15:00:00,15091.914368954118
'00','total',2024-05-16 16:00:00,14780.787148681275
'00','total',2024-05-16 17:00:00,14346.95578960566
'00','total',2024-05-16 18:00:00,14127.711392636407
'00','total',2024-05-16 19:00:00,13952.388905084
'00','total',2024-05-16 20:00:00,13846.485229916963
'00','total',2024-05-16 21:00:00,13655.074163812327
'00','total',2024-05-16 22:00:00,13287.544570197959
'00','total',2024-05-16 23:00:00,12938.255759839107
'00','total',2024-05-17 00:00:00,12759.010913583877
'00','total',2024-05-17 01:00:00,12674.213901835148
'00','total',2024-05-17 02:00:00,12670.466352025764
'00','total',2024-05-17 03:00:00,12841.247869855588
'00','total',2024-05-17 04:00:00,13315.94147495664
'00','total',2024-05-17 05:00:00,14871.924082903104
'00','total',2024-05-17 06:00:00,16355.525695635815
'00','total',2024-05-17 07:00:00,16955.59946681309
'00','total',2024-05-17 08:00:00,17028.69403069697
'00','total',2024-05-17 09:00:00,17084.908407329345
'00','total',2024-05-17 10:00:00,16988.228992457756
'00','total',2024-05-17 11:00:00,16841.32999774337
'00','total',2024-05-17 12:00:00,16647.04144675988
'00','total',2024-05-17 13:00:00,16405.649455665116
'00','total',2024-05-17 14:00:00,16049.192637302325
'00','total',2024-05-17 15:00:00,15419.174621257069
'00','total',2024-05-17 16:00:00,15013.176219373778
'00','total',2024-05-17 17:00:00,14617.195999196014
'00','total',2024-05-17 18:00:00,14396.401990747763
'00','total',2024-05-17 19:00:00,14137.196433404799
'00','total',2024-05-17 20:00:00,13983.375838407232
'00','total',2024-05-17 21:00:00,13702.231817857282
'00','total',2024-05-17 22:00:00,13311.751143778907
'00','total',2024-05-17 23:00:00,12975.28969358388
'00','total',2024-05-18 00:00:00,12748.117620729121
'00','total',2024-05-18 01:00:00,12674.044651747823
'00','total',2024-05-18 02:00:00,12644.102256333388
'00','total',2024-05-18 03:00:00,12811.103707626955
'00','total',2024-05-18 04:00:00,13165.11476505076
'00','total',2024-05-18 05:00:00,14461.860203058892
'00','total',2024-05-18 06:00:00,15612.127739675181
'00','total',2024-05-18 07:00:00,15964.57756279727
'00','total',2024-05-18 08:00:00,16109.10962884541
'00','total',2024-05-18 09:00:00,16164.56297886468
'00','total',2024-05-18 10:00:00,16106.977343278795
'00','total',2024-05-18 11:00:00,16071.379912375376
'00','total',2024-05-18 12:00:00,15944.959476933314
'00','total',2024-05-18 13:00:00,15838.38743447907
'00','total',2024-05-18 14:00:00,15541.18855509214
'00','total',2024-05-18 15:00:00,14973.52743638731
'00','total',2024-05-18 16:00:00,14652.803715480795
'00','total',2024-05-18 17:00:00,14222.628817746085
'00','total',2024-05-18 18:00:00,14066.56763137639
'00','total',2024-05-18 19:00:00,13831.375045337145
'00','total',2024-05-18 20:00:00,13721.28712709515
'00','total',2024-05-18 21:00:00,13524.729544300915
'00','total',2024-05-18 22:00:00,13062.149690536542
'00','total',2024-05-18 23:00:00,12649.197485180526
'00','total',2024-05-19 00:00:00,12488.226835326508
'00','total',2024-05-19 01:00:00,12321.820763958449
'00','total',2024-05-19 02:00:00,12207.159047859208
'00','total',2024-05-19 03:00:00,12272.741475868776
'00','total',2024-05-19 04:00:00,12811.394624335207
'00','total',2024-05-19 05:00:00,14247.062761771425
'00','total',2024-05-19 06:00:00,15469.485861176727
'00','total',2024-05-19 07:00:00,15934.44703403802
'00','total',2024-05-19 08:00:00,16095.674765185058
'00','total',2024-05-19 09:00:00,16150.37001316012
'00','total',2024-05-19 10:00:00,16115.304320420093
'00','total',2024-05-19 11:00:00,16074.535054391637
'00','total',2024-05-19 12:00:00,16049.616915217255
'00','total',2024-05-19 13:00:00,15907.7525800605
'00','total',2024-05-19 14:00:00,15710.317901777706
'00','total',2024-05-19 15:00:00,15141.40373211658
'00','total',2024-05-19 16:00:00,14749.228930539104
'00','total',2024-05-19 17:00:00,14346.989569075316
'00','total',2024-05-19 18:00:00,14139.869804806518
'00','total',2024-05-19 19:00:00,13869.350160917906
'00','total',2024-05-19 20:00:00,13684.766600380686
'00','total',2024-05-19 21:00:00,13483.878368939995
'00','total',2024-05-19 22:00:00,13116.23449000629
'00','total',2024-05-19 23:00:00,12840.392666347843
'00','total',2024-05-20 00:00:00,12593.939103406121
'00','total',2024-05-20 01:00:00,12512.50466965436
'00','total',2024-05-20 02:00:00,12501.863798672981
'00','total',2024-05-20 03:00:00,12624.95558414822
'00','total',2024-05-20 04:00:00,13100.909456023486
'00','total',2024-05-20 05:00:00,14695.112665832361
'00','total',2024-05-20 06:00:00,16057.079404208895
'00','total',2024-05-20 07:00:00,16598.593060135
'00','total',2024-05-20 08:00:00,16651.199669947026
'00','total',2024-05-20 09:00:00,16775.14364703855
'00','total',2024-05-20 10:00:00,16697.087555353268
'00','total',2024-05-20 11:00:00,16578.956841748193
'00','total',2024-05-20 12:00:00,16500.557332142234
'00','total',2024-05-20 13:00:00,16156.337356066739
'00','total',2024-05-20 14:00:00,15895.49976666937
'00','total',2024-05-20 15:00:00,15221.341004207006
'00','total',2024-05-20 16:00:00,14710.353858270795
'00','total',2024-05-20 17:00:00,14208.674675242
'00','total',2024-05-20 18:00:00,13918.540588352904
'00','total',2024-05-20 19:00:00,13679.20432109806
'00','total',2024-05-20 20:00:00,13440.794196631421
'00','total',2024-05-20 21:00:00,13209.806106743854
'00','total',2024-05-20 22:00:00,12924.385156138178
'00','total',2024-05-20 23:00:00,12621.071246451178
'00','total',2024-05-21 00:00:00,12436.649234712886
'00','total',2024-05-21 01:00:00,12295.693166632656
'00','total',2024-05-21 02:00:00,12181.206496104689
'00','total',2024-05-21 03:00:00,12172.331127327212
'00','total',2024-05-21 04:00:00,12371.052673493015
'00','total',2024-05-21 05:00:00,13395.67725274015
'00','total',2024-05-21 06:00:00,14347.965913466214
'00','total',2024-05-21 07:00:00,14759.996542693829
'00','total',2024-05-21 08:00:00,14990.718969197991
'00','total',2024-05-21 09:00:00,15137.083224274164
'00','total',2024-05-21 10:00:00,15211.328567834415
'00','total',2024-05-21 11:00:00,15199.792932686954
'00','total',2024-05-21 12:00:00,15097.547285660195
'00','total',2024-05-21 13:00:00,14793.245801970812
'00','total',2024-05-21 14:00:00,14614.230988670946
'00','total',2024-05-21 15:00:00,14205.194135069836
'00','total',2024-05-21 16:00:00,13881.483311582944
'00','total',2024-05-21 17:00:00,13552.152584849717
'00','total',2024-05-21 18:00:00,13325.72329053344
'00','total',2024-05-21 19:00:00,13093.500988435124
'00','total',2024-05-21 20:00:00,12981.161599811401
'00','total',2024-05-21 21:00:00,12774.136080324088
'00','total',2024-05-21 22:00:00,12489.357221952721
'00','total',2024-05-21 23:00:00,12233.440069120876
'00','total',2024-05-22 00:00:00,12120.076135027119
'00','total',2024-05-22 01:00:00,11953.35501370977
'00','total',2024-05-22 02:00:00,11882.300854659718
'00','total',2024-05-22 03:00:00,11890.413244797172
'00','total',2024-05-22 04:00:00,12214.438212795365
'00','total',2024-05-22 05:00:00,13375.729167060277
'00','total',2024-05-22 06:00:00,14438.481061157203
'00','total',2024-05-22 07:00:00,14948.805656027094
'00','total',2024-05-22 08:00:00,15121.521543593986
'00','total',2024-05-22 09:00:00,15278.319324819719
'00','total',2024-05-22 10:00:00,15258.045676204121
'00','total',2024-05-22 11:00:00,15197.858982039006
'00','total',2024-05-22 12:00:00,15195.470840776145
'00','total',2024-05-22 13:00:00,15070.29826437197
'00','total',2024-05-22 14:00:00,14907.199647302023
'00','total',2024-05-22 15:00:00,14526.959316196495
'00','total',2024-05-22 16:00:00,14225.200509394119
'00','total',2024-05-22 17:00:00,13867.037518758532
'00','total',2024-05-22 18:00:00,13703.316667700128
'00','total',2024-05-22 19:00:00,13422.788766867723
'00','total',2024-05-22 20:00:00,13298.262325566913
'00','total',2024-05-22 21:00:00,13086.265738530501
'00','total',2024-05-22 22:00:00,12736.144212116249
'00','total',2024-05-22 23:00:00,12474.630278444087
'00','total',2024-05-23 00:00:00,12335.977750545933
'00','total',2024-05-23 01:00:00,12278.73144911521
'00','total',2024-05-23 02:00:00,12212.789230443042
'00','total',2024-05-23 03:00:00,12331.564708384627
'00','total',2024-05-23 04:00:00,12758.901316492329
'00','total',2024-05-23 05:00:00,13968.008373690911
'00','total',2024-05-23 06:00:00,15150.019704874161
'00','total',2024-05-23 07:00:00,15692.475132532094
'00','total',2024-05-23 08:00:00,15858.356111538244
'00','total',2024-05-23 09:00:00,15960.195361941804
'00','total',2024-05-23 10:00:00,15920.498853377134
'00','total',2024-05-23 11:00:00,15881.841141217417
'00','total',2024-05-23 12:00:00,15832.17435966485
'00','total',2024-05-23 13:00:00,15666.61797968632
'00','total',2024-05-23 14:00:00,15524.006850880314
'00','total',2024-05-23 15:00:00,15015.088765419347
'00','total',2024-05-23 16:00:00,14667.180467123326
'00','total',2024-05-23 17:00:00,14276.626483086971
'00','total',2024-05-23 18:00:00,14037.270033578814
'00','total',2024-05-23 19:00:00,13767.010938079546
'00','total',2024-05-23 20:00:00,13606.529989041837
'00','total',2024-05-23 21:00:00,13397.172320095948
'00','total',2024-05-23 22:00:00,13025.882462876818
'00','total',2024-05-23 23:00:00,12658.031079367178
'00','total',2024-05-24 00:00:00,12522.854000179403
'00','total',2024-05-24 01:00:00,12401.711400165252
'00','total',2024-05-24 02:00:00,12369.571010600368
'00','total',2024-05-24 03:00:00,12426.913244246352
'00','total',2024-05-24 04:00:00,12928.024974553657
'00','total',2024-05-24 05:00:00,14530.064734022664
'00','total',2024-05-24 06:00:00,16000.286593244606
'00','total',2024-05-24 07:00:00,16535.527337292613
'00','total',2024-05-24 08:00:00,16614.12988801103
'00','total',2024-05-24 09:00:00,16793.638751966282
'00','total',2024-05-24 10:00:00,16646.794694559532
'00','total',2024-05-24 11:00:00,16538.895187699287
'00','total',2024-05-24 12:00:00,16490.40592764789
'00','total',2024-05-24 13:00:00,16296.376867727096
'00','total',2024-05-24 14:00:00,16105.676504481273
'00','total',2024-05-24 15:00:00,15403.097472110478
'00','total',2024-05-24 16:00:00,15035.445035253128
'00','total',2024-05-24 17:00:00,14620.924169013557
'00','total',2024-05-24 18:00:00,14343.07784650436
'00','total',2024-05-24 19:00:00,14079.14482792699
'00','total',2024-05-24 20:00:00,13794.87643039159
'00','total',2024-05-24 21:00:00,13550.164730918741
'00','total',2024-05-24 22:00:00,13140.406194069807
'00','total',2024-05-24 23:00:00,12774.794045213106
'00','total',2024-05-25 00:00:00,12458.602620075075
'00','total',2024-05-25 01:00:00,12365.696362263243
'00','total',2024-05-25 02:00:00,12310.915786284877
'00','total',2024-05-25 03:00:00,12406.03867992878
'00','total',2024-05-25 04:00:00,12898.727248492487
'00','total',2024-05-25 05:00:00,14491.05932350413
'00','total',2024-05-25 06:00:00,15958.842398291967
'00','total',2024-05-25 07:00:00,16525.856334246328
'00','total',2024-05-25 08:00:00,16649.74815053087
'00','total',2024-05-25 09:00:00,16741.257274645697
'00','total',2024-05-25 10:00:00,16710.5550316746
'00','total',2024-05-25 11:00:00,16700.74855828686
'00','total',2024-05-25 12:00:00,16659.557676179546
'00','total',2024-05-25 13:00:00,16380.880342049555
'00','total',2024-05-25 14:00:00,16143.001566180114
'00','total',2024-05-25 15:00:00,15456.604447790543
'00','total',2024-05-25 16:00:00,14992.396866859457
'00','total',2024-05-25 17:00:00,14556.403322035549
'00','total',2024-05-25 18:00:00,14325.546812913302
'00','total',2024-05-25 19:00:00,14068.475412752116
'00','total',2024-05-25 20:00:00,13801.92651496287
'00','total',2024-05-25 21:00:00,13485.631908512962
'00','total',2024-05-25 22:00:00,13189.527014646032
'00','total',2024-05-25 23:00:00,12869.667855760243
'00','total',2024-05-26 00:00:00,12646.941580147153
'00','total',2024-05-26 01:00:00,12503.778788642068
'00','total',2024-05-26 02:00:00,12400.562709163321
'00','total',2024-05-26 03:00:00,12396.916885408158
'00','total',2024-05-26 04:00:00,12737.462625634831
'00','total',2024-05-26 05:00:00,14154.795626823321
'00','total',2024-05-26 06:00:00,15311.509871350423
'00','total',2024-05-26 07:00:00,15785.571079928877
'00','total',2024-05-26 08:00:00,15955.696350359938
'00','total',2024-05-26 09:00:00,16144.406155929346
'00','total',2024-05-26 10:00:00,16138.691304854354
'00','total',2024-05-26 11:00:00,16055.866135259208
'00','total',2024-05-26 12:00:00,15975.286930721644
'00','total',2024-05-26 13:00:00,15717.342231981984
'00','total',2024-05-26 14:00:00,15419.595835868116
'00','total',2024-05-26 15:00:00,14897.01090835893
'00','total',2024-05-26 16:00:00,14584.226807537189
'00','total',2024-05-26 17:00:00,14189.4698723983
'00','total',2024-05-26 18:00:00,13907.443592147521
'00','total',2024-05-26 19:00:00,13590.548542235525
'00','total',2024-05-26 20:00:00,13410.915856844671
'00','total',2024-05-26 21:00:00,13207.8796095433
'00','total',2024-05-26 22:00:00,12927.549578164399
'00','total',2024-05-26 23:00:00,12623.983962057648
'00','total',2024-05-27 00:00:00,12446.817890270904
'00','total',2024-05-27 01:00:00,12374.566359577331
'00','total',2024-05-27 02:00:00,12311.280457905892
'00','total',2024-05-27 03:00:00,12364.583586296376
'00','total',2024-05-27 04:00:00,12860.270367588973
'00','total',2024-05-27 05:00:00,14386.427510502643
'00','total',2024-05-27 06:00:00,15755.425791001466
'00','total',2024-05-27 07:00:00,16342.515749211136
'00','total',2024-05-27 08:00:00,16516.417236575533
'00','total',2024-05-27 09:00:00,16680.256704149964
'00','total',2024-05-27 10:00:00,16659.11690851003
'00','total',2024-05-27 11:00:00,16580.124547188134
'00','total',2024-05-27 12:00:00,16500.9730344809
'00','total',2024-05-27 13:00:00,16302.408809665687
'00','total',2024-05-27 14:00:00,16137.619078959335
'00','total',2024-05-27 15:00:00,15535.57251070121
'00','total',2024-05-27 16:00:00,15107.68391682682
'00','total',2024-05-27 17:00:00,14626.147038879257
'00','total',2024-05-27 18:00:00,14291.709644465262
'00','total',2024-05-27 19:00:00,14002.895890863254
'00','total',2024-05-27 20:00:00,13732.900546682109
'00','total',2024-05-27 21:00:00,13442.0127463332
'00','total',2024-05-27 22:00:00,13129.560028208198
'00','total',2024-05-27 23:00:00,12770.274962160092
'00','total',2024-05-28 00:00:00,12526.880704879219
'00','total',2024-05-28 01:00:00,12441.174276504777
'00','total',2024-05-28 02:00:00,12330.536647654482
'00','total',2024-05-28 03:00:00,12432.993456843386
'00','total',2024-05-28 04:00:00,12863.1947102673
'00','total',2024-05-28 05:00:00,14123.840673846838
'00','total',2024-05-28 06:00:00,15278.869184305553
'00','total',2024-05-28 07:00:00,15787.616976068157
'00','total',2024-05-28 08:00:00,15978.593972491635
'00','total',2024-05-28 09:00:00,16123.76416549816
'00','total',2024-05-28 10:00:00,16086.769644552236
'00','total',2024-05-28 11:00:00,16045.83023035691
'00','total',2024-05-28 12:00:00,15954.745308495423
'00','total',2024-05-28 13:00:00,15686.112808421907
'00','total',2024-05-28 14:00:00,15395.478698311768
'00','total',2024-05-28 15:00:00,14925.961718377197
'00','total',2024-05-28 16:00:00,14528.992373451345
'00','total',2024-05-28 17:00:00,14130.048052588236
'00','total',2024-05-28 18:00:00,13878.151659733228
'00','total',2024-05-28 19:00:00,13645.032862260497
'00','total',2024-05-28 20:00:00,13458.530721965366
'00','total',2024-05-28 21:00:00,13295.839579059886
'00','total',2024-05-28 22:00:00,12970.104100392417
'00','total',2024-05-28 23:00:00,12716.224572214245
'00','total',2024-05-29 00:00:00,12587.458709664283
'00','total',2024-05-29 01:00:00,12518.159518485443
'00','total',2024-05-29 02:00:00,12364.15491579876
'00','total',2024-05-29 03:00:00,12395.342846661895
'00','total',2024-05-29 04:00:00,12749.690571400504
'00','total',2024-05-29 05:00:00,14018.757631604916
'00','total',2024-05-29 06:00:00,15111.741502022925
'00','total',2024-05-29 07:00:00,15550.592246208402
'00','total',2024-05-29 08:00:00,15740.01278017688
'00','total',2024-05-29 09:00:00,15893.89373360862
'00','total',2024-05-29 10:00:00,15882.103631366093
'00','total',2024-05-29 11:00:00,15820.781625249165
'00','total',2024-05-29 12:00:00,15688.251577714223
'00','total',2024-05-29 13:00:00,15434.560756700743
'00','total',2024-05-29 14:00:00,15079.479831409313
'00','total',2024-05-29 15:00:00,14518.778529688074
'00','total',2024-05-29 16:00:00,14154.172239458669
'00','total',2024-05-29 17:00:00,13812.452830961269
'00','total',2024-05-29 18:00:00,13627.673869379358
'00','total',2024-05-29 19:00:00,13417.212372527158
'00','total',2024-05-29 20:00:00,13233.836662274462
'00','total',2024-05-29 21:00:00,13047.057759849931
'00','total',2024-05-29 22:00:00,12740.979559018597
'00','total',2024-05-29 23:00:00,12396.063210752729
'00','total',2024-05-30 00:00:00,12246.597063718531
'00','total',2024-05-30 01:00:00,12148.361532571078
'00','total',2024-05-30 02:00:00,12060.71554660373
'00','total',2024-05-30 03:00:00,12065.506616261491
'00','total',2024-05-30 04:00:00,12314.267847948679
'00','total',2024-05-30 05:00:00,13238.094123504929
'00','total',2024-05-30 06:00:00,14131.132147265613
'00','total',2024-05-30 07:00:00,14530.796758114104
'00','total',2024-05-30 08:00:00,14747.658521299749
'00','total',2024-05-30 09:00:00,14963.13790137084
'00','total',2024-05-30 10:00:00,14974.677839047357
'00','total',2024-05-30 11:00:00,14909.278233952426
'00','total',2024-05-30 12:00:00,14892.290032682362
'00','total',2024-05-30 13:00:00,14752.488816100147
'00','total',2024-05-30 14:00:00,14628.2512967007
'00','total',2024-05-30 15:00:00,14279.160732014523
'00','total',2024-05-30 16:00:00,14048.507284801295
'00','total',2024-05-30 17:00:00,13692.570409056241
'00','total',2024-05-30 18:00:00,13520.294809737428
'00','total',2024-05-30 19:00:00,13336.572474523316
'00','total',2024-05-30 20:00:00,13128.774259492446
'00','total',2024-05-30 21:00:00,12994.19538315681
'00','total',2024-05-30 22:00:00,12762.889666283208
'00','total',2024-05-30 23:00:00,12513.484224840295
'00','total',2024-05-31 00:00:00,12358.526796257336
'00','total',2024-05-31 01:00:00,12205.380488985897
'00','total',2024-05-31 02:00:00,12194.105738298706
'00','total',2024-05-31 03:00:00,12224.199184367375
'00','total',2024-05-31 04:00:00,12697.366170413254
'00','total',2024-05-31 05:00:00,14150.324758608049
'00','total',2024-05-31 06:00:00,15409.514895672635
'00','total',2024-05-31 07:00:00,15938.546341171079
'00','total',2024-05-31 08:00:00,16102.33465200224
'00','total',2024-05-31 09:00:00,16226.065121880858
'00','total',2024-05-31 10:00:00,16217.11904515626
'00','total',2024-05-31 11:00:00,16190.618437131061
'00','total',2024-05-31 12:00:00,16123.98077854757
'00','total',2024-05-31 13:00:00,15948.829529160765
'00','total',2024-05-31 14:00:00,15750.53955506934
'00','total',2024-05-31 15:00:00,15192.029428564927
'00','total',2024-05-31 16:00:00,14762.070038960652
'00','total',2024-05-31 17:00:00,14325.702438911783
'00','total',2024-05-31 18:00:00,14147.105467694671
'00','total',2024-05-31 19:00:00,13877.92938023325
'00','total',2024-05-31 20:00:00,13627.903964944775
'00','total',2024-05-31 21:00:00,13400.956663216157
'00','total',2024-05-31 22:00:00,13071.52760498242
'00','total',2024-05-31 23:00:00,12798.83156373957
'00','total',2024-06-01 00:00:00,13254.121574590456
'00','total',2024-06-01 01:00:00,13067.602215206894
'00','total',2024-06-01 02:00:00,13003.940827056169
'00','total',2024-06-01 03:00:00,13053.03905084009
'00','total',2024-06-01 04:00:00,13493.587034656035
'00','total',2024-06-01 05:00:00,14820.319171554058
'00','total',2024-06-01 06:00:00,16167.274015257884
'00','total',2024-06-01 07:00:00,16723.764231751156
'00','total',2024-06-01 08:00:00,16915.93545245314
'00','total',2024-06-01 09:00:00,17064.355068206107
'00','total',2024-06-01 10:00:00,17086.980398739463
'00','total',2024-06-01 11:00:00,17125.76082592514
'00','total',2024-06-01 12:00:00,17115.63104006102
'00','total',2024-06-01 13:00:00,17032.336058158184
'00','total',2024-06-01 14:00:00,16879.784266963077
'00','total',2024-06-01 15:00:00,16518.145450207194
'00','total',2024-06-01 16:00:00,16173.847213984183
'00','total',2024-06-01 17:00:00,15760.413201701285
'00','total',2024-06-01 18:00:00,15458.867380208208
'00','total',2024-06-01 19:00:00,15113.831937077486
'00','total',2024-06-01 20:00:00,14732.402805067806
'00','total',2024-06-01 21:00:00,14444.912481909267
'00','total',2024-06-01 22:00:00,14041.023765334852
'00','total',2024-06-01 23:00:00,13623.2437045498
'00','total',2024-06-02 00:00:00,14195.32587889687
'00','total',2024-06-02 01:00:00,14080.496190790738
'00','total',2024-06-02 02:00:00,13982.509010209904
'00','total',2024-06-02 03:00:00,14077.11989692877
'00','total',2024-06-02 04:00:00,14573.69264281863
'00','total',2024-06-02 05:00:00,16133.762212994296
'00','total',2024-06-02 06:00:00,18021.552169763563
'00','total',2024-06-02 07:00:00,19204.67183506064
'00','total',2024-06-02 08:00:00,19448.464351534407
'00','total',2024-06-02 09:00:00,19527.846552106694
'00','total',2024-06-02 10:00:00,19434.42562485868
'00','total',2024-06-02 11:00:00,19370.92099041933
'00','total',2024-06-02 12:00:00,19214.911130367906
'00','total',2024-06-02 13:00:00,19074.591794887478
'00','total',2024-06-02 14:00:00,18798.71652178035
'00','total',2024-06-02 15:00:00,18230.460431326956
'00','total',2024-06-02 16:00:00,17497.12867503143
'00','total',2024-06-02 17:00:00,17007.98882913636
'00','total',2024-06-02 18:00:00,16606.83959183563
'00','total',2024-06-02 19:00:00,16171.975678227802
'00','total',2024-06-02 20:00:00,15822.590305218133
'00','total',2024-06-02 21:00:00,15434.804359439104
'00','total',2024-06-02 22:00:00,14916.8327220931
'00','total',2024-06-02 23:00:00,14382.765938778286
'00','total',2024-06-03 00:00:00,14000.113102945026
'00','total',2024-06-03 01:00:00,13885.613442360807
'00','total',2024-06-03 02:00:00,13841.929371779506
'00','total',2024-06-03 03:00:00,13883.06786867701
'00','total',2024-06-03 04:00:00,14309.103233259731
'00','total',2024-06-03 05:00:00,15581.279148663907
'00','total',2024-06-03 06:00:00,17200.309028098032
'00','total',2024-06-03 07:00:00,18126.57644218965
'00','total',2024-06-03 08:00:00,18472.407249803557
'00','total',2024-06-03 09:00:00,18570.671522257264
'00','total',2024-06-03 10:00:00,18535.222587874076
'00','total',2024-06-03 11:00:00,18281.327309568158
'00','total',2024-06-03 12:00:00,18059.830960867064
'00','total',2024-06-03 13:00:00,17793.380246010685
'00','total',2024-06-03 14:00:00,17493.53053517257
'00','total',2024-06-03 15:00:00,16981.825213749817
'00','total',2024-06-03 16:00:00,16492.0043023126
'00','total',2024-06-03 17:00:00,16057.371036818206
'00','total',2024-06-03 18:00:00,15750.431213115076
'00','total',2024-06-03 19:00:00,15436.981840884882
'00','total',2024-06-03 20:00:00,15034.822382633085
'00','total',2024-06-03 21:00:00,14721.839483122647
'00','total',2024-06-03 22:00:00,14311.223384833096
'00','total',2024-06-03 23:00:00,13957.505575606836
'00','total',2024-06-04 00:00:00,12885.056481818763
'00','total',2024-06-04 01:00:00,12827.314028533105
'00','total',2024-06-04 02:00:00,12763.107344823331
'00','total',2024-06-04 03:00:00,12810.97570866804
'00','total',2024-06-04 04:00:00,13164.532167578369
'00','total',2024-06-04 05:00:00,14266.203644248066
'00','total',2024-06-04 06:00:00,15275.903581228396
'00','total',2024-06-04 07:00:00,15708.708806124929
'00','total',2024-06-04 08:00:00,15895.202503088425
'00','total',2024-06-04 09:00:00,16032.173955038646
'00','total',2024-06-04 10:00:00,15983.293022082062
'00','total',2024-06-04 11:00:00,15900.900979238166
'00','total',2024-06-04 12:00:00,15779.519194411978
'00','total',2024-06-04 13:00:00,15521.84887084224
'00','total',2024-06-04 14:00:00,15295.731391789388
'00','total',2024-06-04 15:00:00,14808.281786296175
'00','total',2024-06-04 16:00:00,14483.516952243584
'00','total',2024-06-04 17:00:00,14140.013849637862
'00','total',2024-06-04 18:00:00,13926.14641079568
'00','total',2024-06-04 19:00:00,13826.244774238805
'00','total',2024-06-04 20:00:00,13565.96800622431
'00','total',2024-06-04 21:00:00,13260.039685359694
'00','total',2024-06-04 22:00:00,13006.54704151267
'00','total',2024-06-04 23:00:00,12694.92530795458
'00','total',2024-06-05 00:00:00,12246.153931101777
'00','total',2024-06-05 01:00:00,12179.042889477816
'00','total',2024-06-05 02:00:00,12155.311467605829
'00','total',2024-06-05 03:00:00,12218.062910280774
'00','total',2024-06-05 04:00:00,12585.572199163422
'00','total',2024-06-05 05:00:00,13783.645357256319
'00','total',2024-06-05 06:00:00,14960.382017971635
'00','total',2024-06-05 07:00:00,15502.673650049908
'00','total',2024-06-05 08:00:00,15674.519855673274
'00','total',2024-06-05 09:00:00,15907.574554465522
'00','total',2024-06-05 10:00:00,15888.149136880385
'00','total',2024-06-05 11:00:00,15752.743294886326
'00','total',2024-06-05 12:00:00,15611.800388370173
'00','total',2024-06-05 13:00:00,15468.510300605654
'00','total',2024-06-05 14:00:00,15194.212004784136
'00','total',2024-06-05 15:00:00,14720.117477315303
'00','total',2024-06-05 16:00:00,14386.484296386277
'00','total',2024-06-05 17:00:00,14027.77727432253
'00','total',2024-06-05 18:00:00,13781.620557701874
'00','total',2024-06-05 19:00:00,13556.0540207625
'00','total',2024-06-05 20:00:00,13339.03484599969
'00','total',2024-06-05 21:00:00,13120.216123924502
'00','total',2024-06-05 22:00:00,12788.180359584268
'00','total',2024-06-05 23:00:00,12545.747868974888
'00','total',2024-06-06 00:00:00,11894.705315451522
'00','total',2024-06-06 01:00:00,11711.29650863671
'00','total',2024-06-06 02:00:00,11592.593176566354
'00','total',2024-06-06 03:00:00,11531.946748619299
'00','total',2024-06-06 04:00:00,11640.074923373884
'00','total',2024-06-06 05:00:00,12068.275147189339
'00','total',2024-06-06 06:00:00,12561.384789226457
'00','total',2024-06-06 07:00:00,12873.10424931325
'00','total',2024-06-06 08:00:00,13200.443574262543
'00','total',2024-06-06 09:00:00,13421.999734715151
'00','total',2024-06-06 10:00:00,13487.050581795567
'00','total',2024-06-06 11:00:00,13604.056879370282
'00','total',2024-06-06 12:00:00,13592.825534149622
'00','total',2024-06-06 13:00:00,13491.144265250234
'00','total',2024-06-06 14:00:00,13475.458301349714
'00','total',2024-06-06 15:00:00,13338.824146674962
'00','total',2024-06-06 16:00:00,13223.164072304022
'00','total',2024-06-06 17:00:00,13032.026564248754
'00','total',2024-06-06 18:00:00,12833.907761855724
'00','total',2024-06-06 19:00:00,12697.768769228456
'00','total',2024-06-06 20:00:00,12562.254132582086
'00','total',2024-06-06 21:00:00,12457.627352207835
'00','total',2024-06-06 22:00:00,12286.388175409213
'00','total',2024-06-06 23:00:00,12073.858229317064
'00','total',2024-06-07 00:00:00,11976.284664367107
'00','total',2024-06-07 01:00:00,11846.539909077328
'00','total',2024-06-07 02:00:00,11812.222871696782
'00','total',2024-06-07 03:00:00,11788.56056024681
'00','total',2024-06-07 04:00:00,12199.595444246284
'00','total',2024-06-07 05:00:00,13503.978156729527
'00','total',2024-06-07 06:00:00,14642.117346956624
'00','total',2024-06-07 07:00:00,15215.439777487503
'00','total',2024-06-07 08:00:00,15490.598268154901
'00','total',2024-06-07 09:00:00,15744.132057117597
'00','total',2024-06-07 10:00:00,15756.601874757005
'00','total',2024-06-07 11:00:00,15721.750597399185
'00','total',2024-06-07 12:00:00,15729.022739796459
'00','total',2024-06-07 13:00:00,15580.833356755524
'00','total',2024-06-07 14:00:00,15379.586962350304
'00','total',2024-06-07 15:00:00,14856.23526405756
'00','total',2024-06-07 16:00:00,14531.490161333957
'00','total',2024-06-07 17:00:00,14100.628298074707
'00','total',2024-06-07 18:00:00,13868.021385442427
'00','total',2024-06-07 19:00:00,13582.101215850029
'00','total',2024-06-07 20:00:00,13360.414376346123
'00','total',2024-06-07 21:00:00,13148.559958498518
'00','total',2024-06-07 22:00:00,12854.297890486527
'00','total',2024-06-07 23:00:00,12475.730425659665
'00','total',2024-06-08 00:00:00,12367.170823749657
'00','total',2024-06-08 01:00:00,12265.245853840413
'00','total',2024-06-08 02:00:00,12310.668992500221
'00','total',2024-06-08 03:00:00,12412.947277829122
'00','total',2024-06-08 04:00:00,12973.713300694873
'00','total',2024-06-08 05:00:00,14827.23029906732
'00','total',2024-06-08 06:00:00,16532.48010052117
'00','total',2024-06-08 07:00:00,17131.264245858878
'00','total',2024-06-08 08:00:00,17301.177358028075
'00','total',2024-06-08 09:00:00,17506.151419779482
'00','total',2024-06-08 10:00:00,17473.371132261927
'00','total',2024-06-08 11:00:00,17452.760137381203
'00','total',2024-06-08 12:00:00,17447.597370440883
'00','total',2024-06-08 13:00:00,17285.815409114988
'00','total',2024-06-08 14:00:00,17068.805771334082
'00','total',2024-06-08 15:00:00,16256.188377729033
'00','total',2024-06-08 16:00:00,15685.664747142104
'00','total',2024-06-08 17:00:00,15155.230698076695
'00','total',2024-06-08 18:00:00,14840.193192327977
'00','total',2024-06-08 19:00:00,14466.37113460671
'00','total',2024-06-08 20:00:00,14142.553125076804
'00','total',2024-06-08 21:00:00,13812.063887175631
'00','total',2024-06-08 22:00:00,13408.963551952269
'00','total',2024-06-08 23:00:00,12972.954645407892
'00','total',2024-06-09 00:00:00,12893.473118053822
'00','total',2024-06-09 01:00:00,12768.26877903132
'00','total',2024-06-09 02:00:00,12713.096888329057
'00','total',2024-06-09 03:00:00,12800.754648839593
'00','total',2024-06-09 04:00:00,13439.261497141575
'00','total',2024-06-09 05:00:00,15338.525078616543
'00','total',2024-06-09 06:00:00,16978.78583563405
'00','total',2024-06-09 07:00:00,17537.41717005252
'00','total',2024-06-09 08:00:00,17598.292023116945
'00','total',2024-06-09 09:00:00,17764.352518558506
'00','total',2024-06-09 10:00:00,17682.745341393336
'00','total',2024-06-09 11:00:00,17538.102631412017
'00','total',2024-06-09 12:00:00,17409.327154533217
'00','total',2024-06-09 13:00:00,17054.955871473525
'00','total',2024-06-09 14:00:00,16659.200946540288
'00','total',2024-06-09 15:00:00,15915.806392611777
'00','total',2024-06-09 16:00:00,15399.666611622817
'00','total',2024-06-09 17:00:00,14822.679759495146
'00','total',2024-06-09 18:00:00,14528.383776213695
'00','total',2024-06-09 19:00:00,14272.568990508971
'00','total',2024-06-09 20:00:00,13911.19585367753
'00','total',2024-06-09 21:00:00,13558.276524696157
'00','total',2024-06-09 22:00:00,13168.586233250682
'00','total',2024-06-09 23:00:00,12729.713023859278
'00','total',2024-06-10 00:00:00,12685.711031692013
'00','total',2024-06-10 01:00:00,12543.857156380034
'00','total',2024-06-10 02:00:00,12465.939525903797
'00','total',2024-06-10 03:00:00,12469.89990403091
'00','total',2024-06-10 04:00:00,12872.743881831197
'00','total',2024-06-10 05:00:00,14130.615695491677
'00','total',2024-06-10 06:00:00,15245.227608368705
'00','total',2024-06-10 07:00:00,15731.879594631258
'00','total',2024-06-10 08:00:00,15937.11818692851
'00','total',2024-06-10 09:00:00,16106.850518564472
'00','total',2024-06-10 10:00:00,16098.840269367809
'00','total',2024-06-10 11:00:00,16060.065234245354
'00','total',2024-06-10 12:00:00,15922.217583928374
'00','total',2024-06-10 13:00:00,15759.594535088301
'00','total',2024-06-10 14:00:00,15522.200127851926
'00','total',2024-06-10 15:00:00,15054.59442723604
'00','total',2024-06-10 16:00:00,14753.962140885498
'00','total',2024-06-10 17:00:00,14468.383878937331
'00','total',2024-06-10 18:00:00,14201.724139236221
'00','total',2024-06-10 19:00:00,13880.100220372402
'00','total',2024-06-10 20:00:00,13605.63887218586
'00','total',2024-06-10 21:00:00,13320.87331875806
'00','total',2024-06-10 22:00:00,12996.702380979317
'00','total',2024-06-10 23:00:00,12779.643435292917
'00','total',2024-06-11 00:00:00,13103.239998362049
'00','total',2024-06-11 01:00:00,12912.64387701587
'00','total',2024-06-11 02:00:00,12786.553096482869
'00','total',2024-06-11 03:00:00,12807.052875612055
'00','total',2024-06-11 04:00:00,13128.668205746606
'00','total',2024-06-11 05:00:00,14173.08120342816
'00','total',2024-06-11 06:00:00,15432.359001322087
'00','total',2024-06-11 07:00:00,16203.073774329345
'00','total',2024-06-11 08:00:00,16580.268860589822
'00','total',2024-06-11 09:00:00,16790.42331240369
'00','total',2024-06-11 10:00:00,16810.706029362893
'00','total',2024-06-11 11:00:00,16756.619404728594
'00','total',2024-06-11 12:00:00,16674.547409493596
'00','total',2024-06-11 13:00:00,16538.73424638767
'00','total',2024-06-11 14:00:00,16409.07889404164
'00','total',2024-06-11 15:00:00,16075.386226292228
'00','total',2024-06-11 16:00:00,15679.313573263658
'00','total',2024-06-11 17:00:00,15146.265479213907
'00','total',2024-06-11 18:00:00,14768.393418804983
'00','total',2024-06-11 19:00:00,14473.793545020952
'00','total',2024-06-11 20:00:00,14184.515172233318
'00','total',2024-06-11 21:00:00,13835.388126383596
'00','total',2024-06-11 22:00:00,13501.301022171014
'00','total',2024-06-11 23:00:00,13170.88796390114
'00','total',2024-06-12 00:00:00,12891.12768423621
'00','total',2024-06-12 01:00:00,12691.553103893395
'00','total',2024-06-12 02:00:00,12572.774985874947
'00','total',2024-06-12 03:00:00,12549.092804388758
'00','total',2024-06-12 04:00:00,12821.217039826874
'00','total',2024-06-12 05:00:00,13811.89019686458
'00','total',2024-06-12 06:00:00,15105.732860312535
'00','total',2024-06-12 07:00:00,15927.102171414603
'00','total',2024-06-12 08:00:00,16299.866342409112
'00','total',2024-06-12 09:00:00,16558.527491103494
'00','total',2024-06-12 10:00:00,16571.79934373921
'00','total',2024-06-12 11:00:00,16481.351414164164
'00','total',2024-06-12 12:00:00,16374.235235125147
'00','total',2024-06-12 13:00:00,16131.30205156094
'00','total',2024-06-12 14:00:00,15880.678671080335
'00','total',2024-06-12 15:00:00,15363.525598557364
'00','total',2024-06-12 16:00:00,14947.281851995116
'00','total',2024-06-12 17:00:00,14589.34918035317
'00','total',2024-06-12 18:00:00,14133.157776327036
'00','total',2024-06-12 19:00:00,13811.861843131719
'00','total',2024-06-12 20:00:00,13527.123578269882
'00','total',2024-06-12 21:00:00,13235.071912736505
'00','total',2024-06-12 22:00:00,12953.976197305034
'00','total',2024-06-12 23:00:00,12732.250642540861
'00','total',2024-06-13 00:00:00,12235.383398524833
'00','total',2024-06-13 01:00:00,12136.037980005993
'00','total',2024-06-13 02:00:00,12101.230139840625
'00','total',2024-06-13 03:00:00,12154.254904774436
'00','total',2024-06-13 04:00:00,12515.642856460012
'00','total',2024-06-13 05:00:00,13852.14596456425
'00','total',2024-06-13 06:00:00,14912.770334695779
'00','total',2024-06-13 07:00:00,15470.774909421154
'00','total',2024-06-13 08:00:00,15659.227937005478
'00','total',2024-06-13 09:00:00,15859.438125088822
'00','total',2024-06-13 10:00:00,15946.577438242855
'00','total',2024-06-13 11:00:00,15945.558369107264
'00','total',2024-06-13 12:00:00,15946.37165337998
'00','total',2024-06-13 13:00:00,15773.414487916956
'00','total',2024-06-13 14:00:00,15656.159340061531
'00','total',2024-06-13 15:00:00,15073.647227834414
'00','total',2024-06-13 16:00:00,14711.685002480788
'00','total',2024-06-13 17:00:00,14282.204222166774
'00','total',2024-06-13 18:00:00,13937.465523146695
'00','total',2024-06-13 19:00:00,13696.743013566249
'00','total',2024-06-13 20:00:00,13366.47843529557
'00','total',2024-06-13 21:00:00,13150.136882847462
'00','total',2024-06-13 22:00:00,12826.54428542143
'00','total',2024-06-13 23:00:00,12511.878165444457
'00','total',2024-06-14 00:00:00,12288.928224642543
'00','total',2024-06-14 01:00:00,12182.32260449709
'00','total',2024-06-14 02:00:00,12052.298652346302
'00','total',2024-06-14 03:00:00,12107.956196052226
'00','total',2024-06-14 04:00:00,12624.700890068507
'00','total',2024-06-14 05:00:00,14172.17418531219
'00','total',2024-06-14 06:00:00,15570.96892802312
'00','total',2024-06-14 07:00:00,16090.227938872798
'00','total',2024-06-14 08:00:00,16250.758417129744
'00','total',2024-06-14 09:00:00,16543.861389838203
'00','total',2024-06-14 10:00:00,16527.400856732977
'00','total',2024-06-14 11:00:00,16525.75833846363
'00','total',2024-06-14 12:00:00,16464.513496818985
'00','total',2024-06-14 13:00:00,16218.97893779534
'00','total',2024-06-14 14:00:00,15963.256618809919
'00','total',2024-06-14 15:00:00,15351.993337308066
'00','total',2024-06-14 16:00:00,14912.835346398426
'00','total',2024-06-14 17:00:00,14504.594427212744
'00','total',2024-06-14 18:00:00,14189.92961766895
'00','total',2024-06-14 19:00:00,13823.492949031663
'00','total',2024-06-14 20:00:00,13509.788617397999
'00','total',2024-06-14 21:00:00,13247.386755049149
'00','total',2024-06-14 22:00:00,12979.40928684852
'00','total',2024-06-14 23:00:00,12570.426853277551
'00','total',2024-06-15 00:00:00,12359.97790060576
'00','total',2024-06-15 01:00:00,12267.004088914204
'00','total',2024-06-15 02:00:00,12148.09892523595
'00','total',2024-06-15 03:00:00,12187.741205600365
'00','total',2024-06-15 04:00:00,12654.340324804694
'00','total',2024-06-15 05:00:00,14228.746225812696
'00','total',2024-06-15 06:00:00,15654.404713230242
'00','total',2024-06-15 07:00:00,16189.988198739333
'00','total',2024-06-15 08:00:00,16291.624528172684
'00','total',2024-06-15 09:00:00,16521.870857601876
'00','total',2024-06-15 10:00:00,16499.32651527557
'00','total',2024-06-15 11:00:00,16451.536625884102
'00','total',2024-06-15 12:00:00,16559.91368498117
'00','total',2024-06-15 13:00:00,16486.537273911297
'00','total',2024-06-15 14:00:00,16252.421534175544
'00','total',2024-06-15 15:00:00,15634.436150358653
'00','total',2024-06-15 16:00:00,15170.962587351054
'00','total',2024-06-15 17:00:00,14628.72589916303
'00','total',2024-06-15 18:00:00,14367.320431931039
'00','total',2024-06-15 19:00:00,14057.978280776932
'00','total',2024-06-15 20:00:00,13728.061609117325
'00','total',2024-06-15 21:00:00,13428.993777322119
'00','total',2024-06-15 22:00:00,13085.359249641242
'00','total',2024-06-15 23:00:00,12684.776245205254
'00','total',2024-06-16 00:00:00,12451.345376334268
'00','total',2024-06-16 01:00:00,12371.244227707066
'00','total',2024-06-16 02:00:00,12246.910829419166
'00','total',2024-06-16 03:00:00,12279.473662137552
'00','total',2024-06-16 04:00:00,12749.960099393014
'00','total',2024-06-16 05:00:00,14260.284195955695
'00','total',2024-06-16 06:00:00,15711.195975377088
'00','total',2024-06-16 07:00:00,16205.653377255221
'00','total',2024-06-16 08:00:00,16471.009984547243
'00','total',2024-06-16 09:00:00,16708.682109394023
'00','total',2024-06-16 10:00:00,16727.112425046278
'00','total',2024-06-16 11:00:00,16608.6931451647
'00','total',2024-06-16 12:00:00,16592.99718873834
'00','total',2024-06-16 13:00:00,16368.546023416566
'00','total',2024-06-16 14:00:00,16076.908808725966
'00','total',2024-06-16 15:00:00,15526.531827766234
'00','total',2024-06-16 16:00:00,15083.158154659186
'00','total',2024-06-16 17:00:00,14622.63368085089
'00','total',2024-06-16 18:00:00,14300.494607893197
'00','total',2024-06-16 19:00:00,13960.084518106425
'00','total',2024-06-16 20:00:00,13617.626452342358
'00','total',2024-06-16 21:00:00,13269.850552242555
'00','total',2024-06-16 22:00:00,13008.491518475272
'00','total',2024-06-16 23:00:00,12663.255097537867
'00','total',2024-06-17 00:00:00,12411.66540059235
'00','total',2024-06-17 01:00:00,12288.654642834026
'00','total',2024-06-17 02:00:00,12156.1083712418
'00','total',2024-06-17 03:00:00,12156.16029822149
'00','total',2024-06-17 04:00:00,12693.07831144884
'00','total',2024-06-17 05:00:00,14300.672369453801
'00','total',2024-06-17 06:00:00,15794.206683411849
'00','total',2024-06-17 07:00:00,16311.90683314426
'00','total',2024-06-17 08:00:00,16568.390035411077
'00','total',2024-06-17 09:00:00,16855.63247942596
'00','total',2024-06-17 10:00:00,16845.441026259155
'00','total',2024-06-17 11:00:00,16827.54972230072
'00','total',2024-06-17 12:00:00,16745.929320225972
'00','total',2024-06-17 13:00:00,16520.643770660547
'00','total',2024-06-17 14:00:00,16261.098766955545
'00','total',2024-06-17 15:00:00,15587.28995107041
'00','total',2024-06-17 16:00:00,15087.66727538587
'00','total',2024-06-17 17:00:00,14619.826932148217
'00','total',2024-06-17 18:00:00,14260.591267551801
'00','total',2024-06-17 19:00:00,13898.557709063392
'00','total',2024-06-17 20:00:00,13530.719824496711
'00','total',2024-06-17 21:00:00,13223.076188875879
'00','total',2024-06-17 22:00:00,12975.771883540521
'00','total',2024-06-17 23:00:00,12576.707605973852
'00','total',2024-06-18 00:00:00,12378.578912897974
'00','total',2024-06-18 01:00:00,12231.275713615212
'00','total',2024-06-18 02:00:00,12046.24551657157
'00','total',2024-06-18 03:00:00,11982.427939571342
'00','total',2024-06-18 04:00:00,12363.981544380427
'00','total',2024-06-18 05:00:00,13691.655405042606
'00','total',2024-06-18 06:00:00,14902.255937907134
'00','total',2024-06-18 07:00:00,15404.07231741963
'00','total',2024-06-18 08:00:00,15685.326609922757
'00','total',2024-06-18 09:00:00,16011.443059837673
'00','total',2024-06-18 10:00:00,16047.790038929577
'00','total',2024-06-18 11:00:00,16041.584541723532
'00','total',2024-06-18 12:00:00,15965.725633203774
'00','total',2024-06-18 13:00:00,15696.2047810181
'00','total',2024-06-18 14:00:00,15379.751560778815
'00','total',2024-06-18 15:00:00,14863.416631938879
'00','total',2024-06-18 16:00:00,14544.54320016819
'00','total',2024-06-18 17:00:00,14092.101992219701
'00','total',2024-06-18 18:00:00,13754.903326602276
'00','total',2024-06-18 19:00:00,13450.374036119325
'00','total',2024-06-18 20:00:00,13048.716119419458
'00','total',2024-06-18 21:00:00,12769.139035062592
'00','total',2024-06-18 22:00:00,12482.956001474906
'00','total',2024-06-18 23:00:00,12137.435650115958
'00','total',2024-06-19 00:00:00,11937.821637004681
'00','total',2024-06-19 01:00:00,11758.588252140662
'00','total',2024-06-19 02:00:00,11670.515410447691
'00','total',2024-06-19 03:00:00,11657.776319610868
'00','total',2024-06-19 04:00:00,11888.015712307035
'00','total',2024-06-19 05:00:00,12966.874459355957
'00','total',2024-06-19 06:00:00,13953.57608727024
'00','total',2024-06-19 07:00:00,14469.33415307735
'00','total',2024-06-19 08:00:00,14840.72139199893
'00','total',2024-06-19 09:00:00,15147.487848535102
'00','total',2024-06-19 10:00:00,15227.396065894725
'00','total',2024-06-19 11:00:00,15207.057264294737
'00','total',2024-06-19 12:00:00,15258.08002560819
'00','total',2024-06-19 13:00:00,15090.5891304048
'00','total',2024-06-19 14:00:00,14886.160997549958
'00','total',2024-06-19 15:00:00,14487.790505141891
'00','total',2024-06-19 16:00:00,14180.432445033375
'00','total',2024-06-19 17:00:00,13793.862765830983
'00','total',2024-06-19 18:00:00,13518.493454237476
'00','total',2024-06-19 19:00:00,13321.50643038196
'00','total',2024-06-19 20:00:00,12982.72577693958
'00','total',2024-06-19 21:00:00,12772.106392203952
'00','total',2024-06-19 22:00:00,12563.021159793567
'00','total',2024-06-19 23:00:00,12296.158942716811
'00','total',2024-06-20 00:00:00,12079.232006571277
'00','total',2024-06-20 01:00:00,11922.212379363205
'00','total',2024-06-20 02:00:00,11782.176454733406
'00','total',2024-06-20 03:00:00,11759.153225660515
'00','total',2024-06-20 04:00:00,12079.606807091941
'00','total',2024-06-20 05:00:00,13298.14536905985
'00','total',2024-06-20 06:00:00,14436.849317300364
'00','total',2024-06-20 07:00:00,14938.817607895244
'00','total',2024-06-20 08:00:00,15192.424497198544
'00','total',2024-06-20 09:00:00,15401.293116558778
'00','total',2024-06-20 10:00:00,15442.019796752198
'00','total',2024-06-20 11:00:00,15446.389649853252
'00','total',2024-06-20 12:00:00,15421.463544109532
'00','total',2024-06-20 13:00:00,15256.401974585768
'00','total',2024-06-20 14:00:00,15104.690630574325
'00','total',2024-06-20 15:00:00,14638.775183691427
'00','total',2024-06-20 16:00:00,14332.79922444174
'00','total',2024-06-20 17:00:00,14002.98213717864
'00','total',2024-06-20 18:00:00,13760.164145744458
'00','total',2024-06-20 19:00:00,13442.066870505836
'00','total',2024-06-20 20:00:00,13108.381010873596
'00','total',2024-06-20 21:00:00,12869.582832319931
'00','total',2024-06-20 22:00:00,12567.759289670756
'00','total',2024-06-20 23:00:00,12179.56326522945
'00','total',2024-06-21 00:00:00,11951.133977623027
'00','total',2024-06-21 01:00:00,11830.756578058734
'00','total',2024-06-21 02:00:00,11726.85598578544
'00','total',2024-06-21 03:00:00,11742.559972009776
'00','total',2024-06-21 04:00:00,12143.335077331247
'00','total',2024-06-21 05:00:00,13338.469594733338
'00','total',2024-06-21 06:00:00,14473.501182019267
'00','total',2024-06-21 07:00:00,14997.33096507085
'00','total',2024-06-21 08:00:00,15254.83717318024
'00','total',2024-06-21 09:00:00,15489.201959315096
'00','total',2024-06-21 10:00:00,15457.39364631045
'00','total',2024-06-21 11:00:00,15432.556825400487
'00','total',2024-06-21 12:00:00,15527.016089450393
'00','total',2024-06-21 13:00:00,15438.14688488529
'00','total',2024-06-21 14:00:00,15259.683278271814
'00','total',2024-06-21 15:00:00,14801.985489556817
'00','total',2024-06-21 16:00:00,14392.420181546278
'00','total',2024-06-21 17:00:00,14044.553284069427
'00','total',2024-06-21 18:00:00,13756.427693558311
'00','total',2024-06-21 19:00:00,13434.790290117615
'00','total',2024-06-21 20:00:00,13136.689045687719
'00','total',2024-06-21 21:00:00,12926.30753623917
'00','total',2024-06-21 22:00:00,12672.313327744221
'00','total',2024-06-21 23:00:00,12361.305076643597
'00','total',2024-06-22 00:00:00,12147.980754712282
'00','total',2024-06-22 01:00:00,12100.353584729746
'00','total',2024-06-22 02:00:00,11949.501173770544
'00','total',2024-06-22 03:00:00,11941.053800157637
'00','total',2024-06-22 04:00:00,12426.530647008258
'00','total',2024-06-22 05:00:00,13991.062231376394
'00','total',2024-06-22 06:00:00,15387.250713935302
'00','total',2024-06-22 07:00:00,15969.989097110942
'00','total',2024-06-22 08:00:00,16144.591019011788
'00','total',2024-06-22 09:00:00,16398.622680685956
'00','total',2024-06-22 10:00:00,16418.066188683348
'00','total',2024-06-22 11:00:00,16331.11252034165
'00','total',2024-06-22 12:00:00,16350.166054942727
'00','total',2024-06-22 13:00:00,16169.609093487043
'00','total',2024-06-22 14:00:00,15932.304039211594
'00','total',2024-06-22 15:00:00,15289.119876581146
'00','total',2024-06-22 16:00:00,14930.120310745562
'00','total',2024-06-22 17:00:00,14449.594465242755
'00','total',2024-06-22 18:00:00,14074.621531056764
'00','total',2024-06-22 19:00:00,13775.324074837708
'00','total',2024-06-22 20:00:00,13414.228939817296
'00','total',2024-06-22 21:00:00,13152.930995388824
'00','total',2024-06-22 22:00:00,12798.820562905337
'00','total',2024-06-22 23:00:00,12394.82953456133
'00','total',2024-06-23 00:00:00,12144.739380371568
'00','total',2024-06-23 01:00:00,11934.114150499818
'00','total',2024-06-23 02:00:00,11854.523158608537
'00','total',2024-06-23 03:00:00,11787.226068434893
'00','total',2024-06-23 04:00:00,12170.566238170813
'00','total',2024-06-23 05:00:00,13399.321498171494
'00','total',2024-06-23 06:00:00,14558.66107605512
'00','total',2024-06-23 07:00:00,15094.952982752002
'00','total',2024-06-23 08:00:00,15391.004929964718
'00','total',2024-06-23 09:00:00,15646.3817702646
'00','total',2024-06-23 10:00:00,15709.969528757865
'00','total',2024-06-23 11:00:00,15673.766562084715
'00','total',2024-06-23 12:00:00,15642.03334369813
'00','total',2024-06-23 13:00:00,15445.163722750101
'00','total',2024-06-23 14:00:00,15274.884598694787
'00','total',2024-06-23 15:00:00,14787.336457890768
'00','total',2024-06-23 16:00:00,14350.942239763779
'00','total',2024-06-23 17:00:00,13911.322508621115
'00','total',2024-06-23 18:00:00,13622.240231999298
'00','total',2024-06-23 19:00:00,13376.25867915314
'00','total',2024-06-23 20:00:00,13001.30123967112
'00','total',2024-06-23 21:00:00,12705.119229044802
'00','total',2024-06-23 22:00:00,12535.018972725238
'00','total',2024-06-23 23:00:00,12206.110240111879
'00','total',2024-06-24 00:00:00,12017.688040544788
'00','total',2024-06-24 01:00:00,11838.370518596397
'00','total',2024-06-24 02:00:00,11695.870867245734
'00','total',2024-06-24 03:00:00,11663.921894043964
'00','total',2024-06-24 04:00:00,12086.015279351433
'00','total',2024-06-24 05:00:00,13323.851693560457
'00','total',2024-06-24 06:00:00,14561.592695093846
'00','total',2024-06-24 07:00:00,15120.24491800223
'00','total',2024-06-24 08:00:00,15437.946439987301
'00','total',2024-06-24 09:00:00,15685.56920137969
'00','total',2024-06-24 10:00:00,15692.290763767169
'00','total',2024-06-24 11:00:00,15658.451288574714
'00','total',2024-06-24 12:00:00,15588.164440214285
'00','total',2024-06-24 13:00:00,15452.06153552181
'00','total',2024-06-24 14:00:00,15209.176417183377
'00','total',2024-06-24 15:00:00,14679.1474725155
'00','total',2024-06-24 16:00:00,14277.210677616127
'00','total',2024-06-24 17:00:00,13778.331314792604
'00','total',2024-06-24 18:00:00,13564.20572891086
'00','total',2024-06-24 19:00:00,13270.331984984143
'00','total',2024-06-24 20:00:00,12933.619536513163
'00','total',2024-06-24 21:00:00,12676.786928541866
'00','total',2024-06-24 22:00:00,12407.484845042774
'00','total',2024-06-24 23:00:00,12084.530816525701
'00','total',2024-06-25 00:00:00,11863.80497403252
'00','total',2024-06-25 01:00:00,11661.593144949033
'00','total',2024-06-25 02:00:00,11503.386124935276
'00','total',2024-06-25 03:00:00,11433.83111786257
'00','total',2024-06-25 04:00:00,11689.577158791102
'00','total',2024-06-25 05:00:00,12633.306644980605
'00','total',2024-06-25 06:00:00,13615.028736980283
'00','total',2024-06-25 07:00:00,14157.073899604393
'00','total',2024-06-25 08:00:00,14454.30437820697
'00','total',2024-06-25 09:00:00,14733.834349201947
'00','total',2024-06-25 10:00:00,14813.927024541741
'00','total',2024-06-25 11:00:00,14862.46336415145
'00','total',2024-06-25 12:00:00,14872.564797936113
'00','total',2024-06-25 13:00:00,14700.129287789434
'00','total',2024-06-25 14:00:00,14512.647146924463
'00','total',2024-06-25 15:00:00,14107.063124120761
'00','total',2024-06-25 16:00:00,13823.256694606398
'00','total',2024-06-25 17:00:00,13449.30103346848
'00','total',2024-06-25 18:00:00,13268.140646854863
'00','total',2024-06-25 19:00:00,13073.219435081966
'00','total',2024-06-25 20:00:00,12782.781687203684
'00','total',2024-06-25 21:00:00,12571.032915565755
'00','total',2024-06-25 22:00:00,12338.416113209698
'00','total',2024-06-25 23:00:00,12075.54410850227
'00','total',2024-06-26 00:00:00,11830.57980578854
'00','total',2024-06-26 01:00:00,11757.802461697138
'00','total',2024-06-26 02:00:00,11672.902600448102
'00','total',2024-06-26 03:00:00,11631.13688258384
'00','total',2024-06-26 04:00:00,11984.955104756706
'00','total',2024-06-26 05:00:00,13166.93908650506
'00','total',2024-06-26 06:00:00,14401.315044678906
'00','total',2024-06-26 07:00:00,14912.22820251127
'00','total',2024-06-26 08:00:00,15246.89442534419
'00','total',2024-06-26 09:00:00,15591.485337350363
'00','total',2024-06-26 10:00:00,15637.175982454452
'00','total',2024-06-26 11:00:00,15630.122720188125
'00','total',2024-06-26 12:00:00,15616.644650316655
'00','total',2024-06-26 13:00:00,15353.66336099541
'00','total',2024-06-26 14:00:00,15101.474644557831
'00','total',2024-06-26 15:00:00,14632.112950496885
'00','total',2024-06-26 16:00:00,14263.939924481925
'00','total',2024-06-26 17:00:00,13913.177636703394
'00','total',2024-06-26 18:00:00,13624.568534830836
'00','total',2024-06-26 19:00:00,13359.407445403198
'00','total',2024-06-26 20:00:00,13037.873081384867
'00','total',2024-06-26 21:00:00,12789.383705956227
'00','total',2024-06-26 22:00:00,12565.038112286249
'00','total',2024-06-26 23:00:00,12210.540086057956
'00','total',2024-06-27 00:00:00,11952.411663860907
'00','total',2024-06-27 01:00:00,11782.515516458883
'00','total',2024-06-27 02:00:00,11695.576522913656
'00','total',2024-06-27 03:00:00,11654.94072085357
'00','total',2024-06-27 04:00:00,12049.115322865511
'00','total',2024-06-27 05:00:00,13318.485535998161
'00','total',2024-06-27 06:00:00,14620.901485936847
'00','total',2024-06-27 07:00:00,15195.560634127936
'00','total',2024-06-27 08:00:00,15461.77069126879
'00','total',2024-06-27 09:00:00,15709.813503719097
'00','total',2024-06-27 10:00:00,15783.596945477908
'00','total',2024-06-27 11:00:00,15836.332200106232
'00','total',2024-06-27 12:00:00,15893.417727314434
'00','total',2024-06-27 13:00:00,15726.982675718627
'00','total',2024-06-27 14:00:00,15486.844605620741
'00','total',2024-06-27 15:00:00,14957.43923174301
'00','total',2024-06-27 16:00:00,14625.740878946719
'00','total',2024-06-27 17:00:00,14212.500400818833
'00','total',2024-06-27 18:00:00,14012.289414070683
'00','total',2024-06-27 19:00:00,13789.842693845832
'00','total',2024-06-27 20:00:00,13471.63239449165
'00','total',2024-06-27 21:00:00,13209.168472065454
'00','total',2024-06-27 22:00:00,12953.223439159648
'00','total',2024-06-27 23:00:00,12548.446899578217
'00','total',2024-06-28 00:00:00,12310.461057823595
'00','total',2024-06-28 01:00:00,12145.567719471746
'00','total',2024-06-28 02:00:00,12046.551342380195
'00','total',2024-06-28 03:00:00,12115.180441635359
'00','total',2024-06-28 04:00:00,12567.336186494193
'00','total',2024-06-28 05:00:00,14063.95891324511
'00','total',2024-06-28 06:00:00,15458.815865902821
'00','total',2024-06-28 07:00:00,16091.371312974543
'00','total',2024-06-28 08:00:00,16237.623445026338
'00','total',2024-06-28 09:00:00,16449.961514382696
'00','total',2024-06-28 10:00:00,16449.983466641377
'00','total',2024-06-28 11:00:00,16458.19134339373
'00','total',2024-06-28 12:00:00,16518.744687871807
'00','total',2024-06-28 13:00:00,16312.517258151218
'00','total',2024-06-28 14:00:00,16127.240598899361
'00','total',2024-06-28 15:00:00,15537.90737977431
'00','total',2024-06-28 16:00:00,15041.228117422408
'00','total',2024-06-28 17:00:00,14594.806117153257
'00','total',2024-06-28 18:00:00,14276.870842521741
'00','total',2024-06-28 19:00:00,13946.289547588587
'00','total',2024-06-28 20:00:00,13638.483112010912
'00','total',2024-06-28 21:00:00,13399.074874629014
'00','total',2024-06-28 22:00:00,13084.944344529738
'00','total',2024-06-28 23:00:00,12721.943537441814
'00','total',2024-06-29 00:00:00,12478.98683752912
'00','total',2024-06-29 01:00:00,12315.45942438265
'00','total',2024-06-29 02:00:00,12261.467170240867
'00','total',2024-06-29 03:00:00,12218.304885816735
'00','total',2024-06-29 04:00:00,12684.764912101025
'00','total',2024-06-29 05:00:00,14216.189780323484
'00','total',2024-06-29 06:00:00,15639.046526544344
'00','total',2024-06-29 07:00:00,16256.444611975778
'00','total',2024-06-29 08:00:00,16485.417258533747
'00','total',2024-06-29 09:00:00,16694.802511495353
'00','total',2024-06-29 10:00:00,16724.729978138686
'00','total',2024-06-29 11:00:00,16702.91521847733
'00','total',2024-06-29 12:00:00,16730.57658046935
'00','total',2024-06-29 13:00:00,16632.3922349978
'00','total',2024-06-29 14:00:00,16445.424817480234
'00','total',2024-06-29 15:00:00,15751.732711262079
'00','total',2024-06-29 16:00:00,15297.191627139457
'00','total',2024-06-29 17:00:00,14761.028754130914
'00','total',2024-06-29 18:00:00,14432.680431956958
'00','total',2024-06-29 19:00:00,14082.693530266053
'00','total',2024-06-29 20:00:00,13765.851683135907
'00','total',2024-06-29 21:00:00,13492.431224891392
'00','total',2024-06-29 22:00:00,13134.58617811779
'00','total',2024-06-29 23:00:00,12720.585994182944
'00','total',2024-06-30 00:00:00,12419.594993986999
'00','total',2024-06-30 01:00:00,12251.46538835426
'00','total',2024-06-30 02:00:00,12217.451928016135
'00','total',2024-06-30 03:00:00,12244.284935522226
'00','total',2024-06-30 04:00:00,12620.860559184657
'00','total',2024-06-30 05:00:00,14091.026069199837
'00','total',2024-06-30 06:00:00,15339.374997905823
'00','total',2024-06-30 07:00:00,15932.776291529795
'00','total',2024-06-30 08:00:00,16253.545749829533
'00','total',2024-06-30 09:00:00,16537.31025613272
'00','total',2024-06-30 10:00:00,16507.74877093623
'00','total',2024-06-30 11:00:00,16510.185174657792
'00','total',2024-06-30 12:00:00,16470.66771640699
'00','total',2024-06-30 13:00:00,16319.287103662715
'00','total',2024-06-30 14:00:00,16100.55838129582
'00','total',2024-06-30 15:00:00,15471.411278053702
'00','total',2024-06-30 16:00:00,15118.9309717499
'00','total',2024-06-30 17:00:00,14684.542360691308
'00','total',2024-06-30 18:00:00,14400.986617162094
'00','total',2024-06-30 19:00:00,14035.807495071676
'00','total',2024-06-30 20:00:00,13751.724519120584
'00','total',2024-06-30 21:00:00,13411.762815471368
'00','total',2024-06-30 22:00:00,13052.441684930891
'00','total',2024-06-30 23:00:00,12739.059546297232
'00','total',2024-07-01 00:00:00,13282.397795422803
'00','total',2024-07-01 01:00:00,13116.602321482878
'00','total',2024-07-01 02:00:00,13046.366527354972
'00','total',2024-07-01 03:00:00,13111.474317088914
'00','total',2024-07-01 04:00:00,13498.462364941899
'00','total',2024-07-01 05:00:00,14753.026763630305
'00','total',2024-07-01 06:00:00,16364.078734549359
'00','total',2024-07-01 07:00:00,17492.143353826843
'00','total',2024-07-01 08:00:00,17918.657873553922
'00','total',2024-07-01 09:00:00,18133.264810242552
'00','total',2024-07-01 10:00:00,18188.123435617108
'00','total',2024-07-01 11:00:00,18143.287064550546
'00','total',2024-07-01 12:00:00,18087.868507905445
'00','total',2024-07-01 13:00:00,17997.59509426316
'00','total',2024-07-01 14:00:00,17896.969760708147
'00','total',2024-07-01 15:00:00,17498.3573266111
'00','total',2024-07-01 16:00:00,16842.527491189663
'00','total',2024-07-01 17:00:00,16213.989327999456
'00','total',2024-07-01 18:00:00,15763.940059608978
'00','total',2024-07-01 19:00:00,15307.989266035356
'00','total',2024-07-01 20:00:00,14962.102527723755
'00','total',2024-07-01 21:00:00,14544.262210052506
'00','total',2024-07-01 22:00:00,14167.770273180302
'00','total',2024-07-01 23:00:00,13683.60138607341
'00','total',2024-07-02 00:00:00,13739.247775148298
'00','total',2024-07-02 01:00:00,13472.349179431356
'00','total',2024-07-02 02:00:00,13369.253576365809
'00','total',2024-07-02 03:00:00,13409.308302131474
'00','total',2024-07-02 04:00:00,13727.271719275352
'00','total',2024-07-02 05:00:00,14718.495869999819
'00','total',2024-07-02 06:00:00,16172.548393649025
'00','total',2024-07-02 07:00:00,17202.15915559568
'00','total',2024-07-02 08:00:00,17563.643783134867
'00','total',2024-07-02 09:00:00,17785.302093260307
'00','total',2024-07-02 10:00:00,17794.008423781324
'00','total',2024-07-02 11:00:00,17741.353356265892
'00','total',2024-07-02 12:00:00,17673.3707370949
'00','total',2024-07-02 13:00:00,17493.951179420106
'00','total',2024-07-02 14:00:00,17293.021455158043
'00','total',2024-07-02 15:00:00,16890.200603452344
'00','total',2024-07-02 16:00:00,16394.18696938842
'00','total',2024-07-02 17:00:00,16005.559593892316
'00','total',2024-07-02 18:00:00,15555.263225584506
'00','total',2024-07-02 19:00:00,15184.772331315056
'00','total',2024-07-02 20:00:00,14806.887590182718
'00','total',2024-07-02 21:00:00,14384.35339322367
'00','total',2024-07-02 22:00:00,14010.037397808133
'00','total',2024-07-02 23:00:00,13625.339435346717
'00','total',2024-07-03 00:00:00,13377.283486187835
'00','total',2024-07-03 01:00:00,13202.225652787585
'00','total',2024-07-03 02:00:00,13061.857174760844
'00','total',2024-07-03 03:00:00,13067.55823586134
'00','total',2024-07-03 04:00:00,13357.507486781422
'00','total',2024-07-03 05:00:00,14193.393659458774
'00','total',2024-07-03 06:00:00,15290.91162493493
'00','total',2024-07-03 07:00:00,15980.333837344973
'00','total',2024-07-03 08:00:00,16333.03914113695
'00','total',2024-07-03 09:00:00,16595.833816688108
'00','total',2024-07-03 10:00:00,16623.194974975508
'00','total',2024-07-03 11:00:00,16524.489091636704
'00','total',2024-07-03 12:00:00,16458.132872407063
'00','total',2024-07-03 13:00:00,16271.57889457857
'00','total',2024-07-03 14:00:00,16114.301689032314
'00','total',2024-07-03 15:00:00,15798.705146773385
'00','total',2024-07-03 16:00:00,15405.487556953185
'00','total',2024-07-03 17:00:00,15144.29985398941
'00','total',2024-07-03 18:00:00,14960.50704906743
'00','total',2024-07-03 19:00:00,14692.215292569532
'00','total',2024-07-03 20:00:00,14445.677973044321
'00','total',2024-07-03 21:00:00,14178.901353186437
'00','total',2024-07-03 22:00:00,13821.433521942894
'00','total',2024-07-03 23:00:00,13476.109851334057
'00','total',2024-07-04 00:00:00,12647.885984058452
'00','total',2024-07-04 01:00:00,12539.399957103627
'00','total',2024-07-04 02:00:00,12410.114282182176
'00','total',2024-07-04 03:00:00,12476.070108327453
'00','total',2024-07-04 04:00:00,12788.154939030428
'00','total',2024-07-04 05:00:00,13791.542069950438
'00','total',2024-07-04 06:00:00,14706.59148225637
'00','total',2024-07-04 07:00:00,15168.33309159052
'00','total',2024-07-04 08:00:00,15387.513442245901
'00','total',2024-07-04 09:00:00,15619.912113827007
'00','total',2024-07-04 10:00:00,15637.14270431294
'00','total',2024-07-04 11:00:00,15652.842931926078
'00','total',2024-07-04 12:00:00,15637.602386756544
'00','total',2024-07-04 13:00:00,15516.145311924454
'00','total',2024-07-04 14:00:00,15385.297469887673
'00','total',2024-07-04 15:00:00,14911.145812292583
'00','total',2024-07-04 16:00:00,14605.241355156677
'00','total',2024-07-04 17:00:00,14297.257521937505
'00','total',2024-07-04 18:00:00,14203.059243593123
'00','total',2024-07-04 19:00:00,14106.877067509922
'00','total',2024-07-04 20:00:00,13854.488296259029
'00','total',2024-07-04 21:00:00,13593.379121449072
'00','total',2024-07-04 22:00:00,13313.001579876634
'00','total',2024-07-04 23:00:00,12988.574593686006
'00','total',2024-07-05 00:00:00,12486.707953448418
'00','total',2024-07-05 01:00:00,12379.846690656785
'00','total',2024-07-05 02:00:00,12297.324818335472
'00','total',2024-07-05 03:00:00,12356.992457080041
'00','total',2024-07-05 04:00:00,12772.999499300642
'00','total',2024-07-05 05:00:00,14169.599671970944
'00','total',2024-07-05 06:00:00,15549.283768053861
'00','total',2024-07-05 07:00:00,16038.214212465762
'00','total',2024-07-05 08:00:00,16245.162259110255
'00','total',2024-07-05 09:00:00,16458.62238315185
'00','total',2024-07-05 10:00:00,16482.313051347104
'00','total',2024-07-05 11:00:00,16457.40444918721
'00','total',2024-07-05 12:00:00,16503.826457062332
'00','total',2024-07-05 13:00:00,16437.456586922508
'00','total',2024-07-05 14:00:00,16263.074142316786
'00','total',2024-07-05 15:00:00,15681.568665104149
'00','total',2024-07-05 16:00:00,15279.643179012917
'00','total',2024-07-05 17:00:00,14822.481796722772
'00','total',2024-07-05 18:00:00,14541.8924874683
'00','total',2024-07-05 19:00:00,14272.728361042975
'00','total',2024-07-05 20:00:00,14060.563614357507
'00','total',2024-07-05 21:00:00,13764.462388012298
'00','total',2024-07-05 22:00:00,13405.154583734246
'00','total',2024-07-05 23:00:00,12932.193280420755
'00','total',2024-07-06 00:00:00,12201.513312302655
'00','total',2024-07-06 01:00:00,12040.450893997122
'00','total',2024-07-06 02:00:00,11911.926686458826
'00','total',2024-07-06 03:00:00,11965.836874012164
'00','total',2024-07-06 04:00:00,12492.302015680998
'00','total',2024-07-06 05:00:00,14019.911785324448
'00','total',2024-07-06 06:00:00,15387.004703714114
'00','total',2024-07-06 07:00:00,16011.139129418678
'00','total',2024-07-06 08:00:00,16227.364985631237
'00','total',2024-07-06 09:00:00,16399.079295251955
'00','total',2024-07-06 10:00:00,16403.309889027663
'00','total',2024-07-06 11:00:00,16433.964951293783
'00','total',2024-07-06 12:00:00,16460.078081657608
'00','total',2024-07-06 13:00:00,16277.062240988907
'00','total',2024-07-06 14:00:00,16090.269131100544
'00','total',2024-07-06 15:00:00,15472.64882338694
'00','total',2024-07-06 16:00:00,14964.922152963916
'00','total',2024-07-06 17:00:00,14469.962790742638
'00','total',2024-07-06 18:00:00,14159.04694963743
'00','total',2024-07-06 19:00:00,13670.286235851854
'00','total',2024-07-06 20:00:00,13275.704522711947
'00','total',2024-07-06 21:00:00,13095.678768892643
'00','total',2024-07-06 22:00:00,12783.096614182285
'00','total',2024-07-06 23:00:00,12385.328994992864
'00','total',2024-07-07 00:00:00,12209.301963951795
'00','total',2024-07-07 01:00:00,12079.460069718829
'00','total',2024-07-07 02:00:00,11977.71209305047
'00','total',2024-07-07 03:00:00,11995.92926980163
'00','total',2024-07-07 04:00:00,12398.236368337133
'00','total',2024-07-07 05:00:00,13705.475849492406
'00','total',2024-07-07 06:00:00,14775.202475174157
'00','total',2024-07-07 07:00:00,15278.035786931076
'00','total',2024-07-07 08:00:00,15463.745342916764
'00','total',2024-07-07 09:00:00,15704.705361800925
'00','total',2024-07-07 10:00:00,15679.96705484432
'00','total',2024-07-07 11:00:00,15638.052664231811
'00','total',2024-07-07 12:00:00,15662.53000396639
'00','total',2024-07-07 13:00:00,15508.343862222186
'00','total',2024-07-07 14:00:00,15338.595063680836
'00','total',2024-07-07 15:00:00,14798.35580072511
'00','total',2024-07-07 16:00:00,14404.923980228032
'00','total',2024-07-07 17:00:00,13943.803010761709
'00','total',2024-07-07 18:00:00,13736.918028176724
'00','total',2024-07-07 19:00:00,13440.419908861908
'00','total',2024-07-07 20:00:00,13228.255441601346
'00','total',2024-07-07 21:00:00,13059.381207108832
'00','total',2024-07-07 22:00:00,12723.809429621426
'00','total',2024-07-07 23:00:00,12386.495720962825
'00','total',2024-07-08 00:00:00,12240.508804760462
'00','total',2024-07-08 01:00:00,12078.841184337114
'00','total',2024-07-08 02:00:00,11985.98085132394
'00','total',2024-07-08 03:00:00,11970.643433473006
'00','total',2024-07-08 04:00:00,12284.442080486258
'00','total',2024-07-08 05:00:00,13540.472360057654
'00','total',2024-07-08 06:00:00,14647.421276685123
'00','total',2024-07-08 07:00:00,15142.487649893732
'00','total',2024-07-08 08:00:00,15382.627211360634
'00','total',2024-07-08 09:00:00,15652.57033911873
'00','total',2024-07-08 10:00:00,15661.420781821978
'00','total',2024-07-08 11:00:00,15595.930006143155
'00','total',2024-07-08 12:00:00,15659.648295386536
'00','total',2024-07-08 13:00:00,15508.908135932792
'00','total',2024-07-08 14:00:00,15280.129543680237
'00','total',2024-07-08 15:00:00,14716.472341520172
'00','total',2024-07-08 16:00:00,14308.931385410198
'00','total',2024-07-08 17:00:00,13866.235454180478
'00','total',2024-07-08 18:00:00,13568.675968375623
'00','total',2024-07-08 19:00:00,13308.56031900517
'00','total',2024-07-08 20:00:00,13099.399253974861
'00','total',2024-07-08 21:00:00,12831.865500315706
'00','total',2024-07-08 22:00:00,12530.415533519074
'00','total',2024-07-08 23:00:00,12124.96236375712
'00','total',2024-07-09 00:00:00,11978.350762829914
'00','total',2024-07-09 01:00:00,11842.426144888406
'00','total',2024-07-09 02:00:00,11741.43106446885
'00','total',2024-07-09 03:00:00,11721.264994698404
'00','total',2024-07-09 04:00:00,11940.867333716767
'00','total',2024-07-09 05:00:00,12725.28927710439
'00','total',2024-07-09 06:00:00,13473.934710371666
'00','total',2024-07-09 07:00:00,13889.024635727721
'00','total',2024-07-09 08:00:00,14254.285153933271
'00','total',2024-07-09 09:00:00,14464.129069037866
'00','total',2024-07-09 10:00:00,14506.918982230882
'00','total',2024-07-09 11:00:00,14472.85848650361
'00','total',2024-07-09 12:00:00,14445.462654446164
'00','total',2024-07-09 13:00:00,14234.364494038238
'00','total',2024-07-09 14:00:00,14021.69317961366
'00','total',2024-07-09 15:00:00,13759.885902529339
'00','total',2024-07-09 16:00:00,13564.467195160647
'00','total',2024-07-09 17:00:00,13211.78768979456
'00','total',2024-07-09 18:00:00,13023.648376471385
'00','total',2024-07-09 19:00:00,12842.5000449027
'00','total',2024-07-09 20:00:00,12579.557199100504
'00','total',2024-07-09 21:00:00,12380.2208801938
'00','total',2024-07-09 22:00:00,12085.722282211089
'00','total',2024-07-09 23:00:00,11855.850952473047
'00','total',2024-07-10 00:00:00,12044.809551169383
'00','total',2024-07-10 01:00:00,11868.035504123834
'00','total',2024-07-10 02:00:00,11820.7609700987
'00','total',2024-07-10 03:00:00,11885.310800305324
'00','total',2024-07-10 04:00:00,12213.332585249576
'00','total',2024-07-10 05:00:00,13343.456723533007
'00','total',2024-07-10 06:00:00,14361.086361433127
'00','total',2024-07-10 07:00:00,14763.634036665584
'00','total',2024-07-10 08:00:00,15053.128496606576
'00','total',2024-07-10 09:00:00,15256.082196390062
'00','total',2024-07-10 10:00:00,15247.53759515784
'00','total',2024-07-10 11:00:00,15226.942184925243
'00','total',2024-07-10 12:00:00,15279.614618033409
'00','total',2024-07-10 13:00:00,15111.554459650743
'00','total',2024-07-10 14:00:00,14948.898355574449
'00','total',2024-07-10 15:00:00,14502.044733132221
'00','total',2024-07-10 16:00:00,14238.062201972629
'00','total',2024-07-10 17:00:00,13958.287822658624
'00','total',2024-07-10 18:00:00,13811.604153273518
'00','total',2024-07-10 19:00:00,13515.06899480692
'00','total',2024-07-10 20:00:00,13176.129965914852
'00','total',2024-07-10 21:00:00,12866.624707546436
'00','total',2024-07-10 22:00:00,12557.629461080736
'00','total',2024-07-10 23:00:00,12218.94256334081
'00','total',2024-07-11 00:00:00,12385.880114876833
'00','total',2024-07-11 01:00:00,12231.316905711185
'00','total',2024-07-11 02:00:00,12075.810142630875
'00','total',2024-07-11 03:00:00,12017.254245415852
'00','total',2024-07-11 04:00:00,12256.687667075073
'00','total',2024-07-11 05:00:00,13013.462801671556
'00','total',2024-07-11 06:00:00,14101.661303551336
'00','total',2024-07-11 07:00:00,14833.510370680364
'00','total',2024-07-11 08:00:00,15179.42492414667
'00','total',2024-07-11 09:00:00,15420.25177488587
'00','total',2024-07-11 10:00:00,15476.322567789546
'00','total',2024-07-11 11:00:00,15446.660766669915
'00','total',2024-07-11 12:00:00,15462.427437066322
'00','total',2024-07-11 13:00:00,15301.844141211714
'00','total',2024-07-11 14:00:00,15237.531847827817
'00','total',2024-07-11 15:00:00,15036.160013733688
'00','total',2024-07-11 16:00:00,14716.087861596514
'00','total',2024-07-11 17:00:00,14386.205124608237
'00','total',2024-07-11 18:00:00,14149.102775126104
'00','total',2024-07-11 19:00:00,13865.06896893376
'00','total',2024-07-11 20:00:00,13634.501045586947
'00','total',2024-07-11 21:00:00,13389.672806914905
'00','total',2024-07-11 22:00:00,13016.096387272995
'00','total',2024-07-11 23:00:00,12691.517523640894
'00','total',2024-07-12 00:00:00,12237.797524883448
'00','total',2024-07-12 01:00:00,12056.246612722143
'00','total',2024-07-12 02:00:00,11970.320411736602
'00','total',2024-07-12 03:00:00,11945.957139146529
'00','total',2024-07-12 04:00:00,12195.432690061054
'00','total',2024-07-12 05:00:00,13081.270682001503
'00','total',2024-07-12 06:00:00,13957.821787784229
'00','total',2024-07-12 07:00:00,14500.355306008572
'00','total',2024-07-12 08:00:00,14783.773096680285
'00','total',2024-07-12 09:00:00,15040.740589662928
'00','total',2024-07-12 10:00:00,15212.218870151679
'00','total',2024-07-12 11:00:00,15279.338829489068
'00','total',2024-07-12 12:00:00,15355.008142611898
'00','total',2024-07-12 13:00:00,15205.065972853887
'00','total',2024-07-12 14:00:00,15115.710236553612
'00','total',2024-07-12 15:00:00,14867.465408503696
'00','total',2024-07-12 16:00:00,14646.37828189476
'00','total',2024-07-12 17:00:00,14306.22960553704
'00','total',2024-07-12 18:00:00,14048.985488831911
'00','total',2024-07-12 19:00:00,13735.469003332095
'00','total',2024-07-12 20:00:00,13416.758898501284
'00','total',2024-07-12 21:00:00,13204.299985329682
'00','total',2024-07-12 22:00:00,12904.469008995482
'00','total',2024-07-12 23:00:00,12568.29657045541
'00','total',2024-07-13 00:00:00,11600.606949581475
'00','total',2024-07-13 01:00:00,11413.688221309943
'00','total',2024-07-13 02:00:00,11341.642076360045
'00','total',2024-07-13 03:00:00,11321.975243869598
'00','total',2024-07-13 04:00:00,11623.01453762684
'00','total',2024-07-13 05:00:00,12688.281548048804
'00','total',2024-07-13 06:00:00,13678.922000753182
'00','total',2024-07-13 07:00:00,14190.03510882654
'00','total',2024-07-13 08:00:00,14426.100424640534
'00','total',2024-07-13 09:00:00,14649.319043020754
'00','total',2024-07-13 10:00:00,14731.533509861796
'00','total',2024-07-13 11:00:00,14761.019351371582
'00','total',2024-07-13 12:00:00,14875.016446627178
'00','total',2024-07-13 13:00:00,14775.681119705097
'00','total',2024-07-13 14:00:00,14607.320945896414
'00','total',2024-07-13 15:00:00,14184.471431638722
'00','total',2024-07-13 16:00:00,13868.595664028242
'00','total',2024-07-13 17:00:00,13453.722650541038
'00','total',2024-07-13 18:00:00,13084.605876134823
'00','total',2024-07-13 19:00:00,12865.119094883847
'00','total',2024-07-13 20:00:00,12653.277699019813
'00','total',2024-07-13 21:00:00,12408.499615323248
'00','total',2024-07-13 22:00:00,12136.683545608263
'00','total',2024-07-13 23:00:00,11835.533457177713
'00','total',2024-07-14 00:00:00,11612.265046923985
'00','total',2024-07-14 01:00:00,11502.341172856724
'00','total',2024-07-14 02:00:00,11402.995601126433
'00','total',2024-07-14 03:00:00,11391.396374150669
'00','total',2024-07-14 04:00:00,11637.421667575249
'00','total',2024-07-14 05:00:00,12675.74012367679
'00','total',2024-07-14 06:00:00,13611.709443507154
'00','total',2024-07-14 07:00:00,14595.112841027294
'00','total',2024-07-14 08:00:00,14353.401308814378
'00','total',2024-07-14 09:00:00,14595.728844950096
'00','total',2024-07-14 10:00:00,14585.006535541064
'00','total',2024-07-14 11:00:00,14577.253561061827
'00','total',2024-07-14 12:00:00,14568.28692623583
'00','total',2024-07-14 13:00:00,14479.66294209254
'00','total',2024-07-14 14:00:00,14303.84761805051
'00','total',2024-07-14 15:00:00,13873.810734954812
'00','total',2024-07-14 16:00:00,13572.468558864317
'00','total',2024-07-14 17:00:00,13243.220728118973
'00','total',2024-07-14 18:00:00,13004.542169614258
'00','total',2024-07-14 19:00:00,12692.684106101282
'00','total',2024-07-14 20:00:00,12568.84023704465
'00','total',2024-07-14 21:00:00,12315.38513170357
'00','total',2024-07-14 22:00:00,11988.333311557697
'00','total',2024-07-14 23:00:00,11643.872485244794
'00','total',2024-07-15 00:00:00,11419.590889945319
'00','total',2024-07-15 01:00:00,11299.529032573233
'00','total',2024-07-15 02:00:00,11209.222391803412
'00','total',2024-07-15 03:00:00,11188.823692193797
'00','total',2024-07-15 04:00:00,11479.618126269253
'00','total',2024-07-15 05:00:00,12429.409074129102
'00','total',2024-07-15 06:00:00,13382.042944341943
'00','total',2024-07-15 07:00:00,13894.030337862134
'00','total',2024-07-15 08:00:00,14175.805976097767
'00','total',2024-07-15 09:00:00,14386.296202722107
'00','total',2024-07-15 10:00:00,14522.213770987079
'00','total',2024-07-15 11:00:00,14532.994638495567
'00','total',2024-07-15 12:00:00,14553.252898856887
'00','total',2024-07-15 13:00:00,14346.43339451013
'00','total',2024-07-15 14:00:00,14157.185378259812
'00','total',2024-07-15 15:00:00,13799.556624415794
'00','total',2024-07-15 16:00:00,13526.457025206726
'00','total',2024-07-15 17:00:00,13129.362351363958
'00','total',2024-07-15 18:00:00,12874.614598406697
'00','total',2024-07-15 19:00:00,12596.148822602896
'00','total',2024-07-15 20:00:00,12327.566233916954
'00','total',2024-07-15 21:00:00,12114.939700018762
'00','total',2024-07-15 22:00:00,11835.30021546684
'00','total',2024-07-15 23:00:00,11490.94149434996
'00','total',2024-07-16 00:00:00,11310.134063864696
'00','total',2024-07-16 01:00:00,11208.369343233555
'00','total',2024-07-16 02:00:00,11145.035183808028
'00','total',2024-07-16 03:00:00,11092.957462872888
'00','total',2024-07-16 04:00:00,11357.51011934045
'00','total',2024-07-16 05:00:00,12240.162278447135
'00','total',2024-07-16 06:00:00,13057.582822732558
'00','total',2024-07-16 07:00:00,13490.488638763249
'00','total',2024-07-16 08:00:00,13755.93183606172
'00','total',2024-07-16 09:00:00,14003.192046683642
'00','total',2024-07-16 10:00:00,14065.554370230748
'00','total',2024-07-16 11:00:00,14070.094137605089
'00','total',2024-07-16 12:00:00,14130.32934409623
'00','total',2024-07-16 13:00:00,13968.951077702846
'00','total',2024-07-16 14:00:00,13795.035793811037
'00','total',2024-07-16 15:00:00,13456.417727297794
'00','total',2024-07-16 16:00:00,13235.34744699054
'00','total',2024-07-16 17:00:00,12894.143993601987
'00','total',2024-07-16 18:00:00,12650.62505184587
'00','total',2024-07-16 19:00:00,12364.558564751947
'00','total',2024-07-16 20:00:00,12153.121332196162
'00','total',2024-07-16 21:00:00,11943.086720951787
'00','total',2024-07-16 22:00:00,11731.131081458327
'00','total',2024-07-16 23:00:00,11406.760645560518
'00','total',2024-07-17 00:00:00,11191.550068225819
'00','total',2024-07-17 01:00:00,11091.68437891607
'00','total',2024-07-17 02:00:00,10924.823820127393
'00','total',2024-07-17 03:00:00,10876.638970940645
'00','total',2024-07-17 04:00:00,10983.993383953812
'00','total',2024-07-17 05:00:00,11744.907894814414
'00','total',2024-07-17 06:00:00,12463.966002811734
'00','total',2024-07-17 07:00:00,12922.163191487783
'00','total',2024-07-17 08:00:00,13197.890630650625
'00','total',2024-07-17 09:00:00,13413.121215865138
'00','total',2024-07-17 10:00:00,13535.507029545926
'00','total',2024-07-17 11:00:00,13507.920918888316
'00','total',2024-07-17 12:00:00,13491.289499431121
'00','total',2024-07-17 13:00:00,13389.032700096861
'00','total',2024-07-17 14:00:00,13316.807071053692
'00','total',2024-07-17 15:00:00,13081.504867073905
'00','total',2024-07-17 16:00:00,12867.606830431167
'00','total',2024-07-17 17:00:00,12494.986791257656
'00','total',2024-07-17 18:00:00,12297.850850684925
'00','total',2024-07-17 19:00:00,12095.293536026506
'00','total',2024-07-17 20:00:00,11912.067820503871
'00','total',2024-07-17 21:00:00,11749.661586429636
'00','total',2024-07-17 22:00:00,11461.693531659681
'00','total',2024-07-17 23:00:00,11190.133689086535
'00','total',2024-07-18 00:00:00,11045.715349394477
'00','total',2024-07-18 01:00:00,10983.196430574735
'00','total',2024-07-18 02:00:00,10887.385218767893
'00','total',2024-07-18 03:00:00,10826.662965582793
'00','total',2024-07-18 04:00:00,10936.400031207573
'00','total',2024-07-18 05:00:00,11669.437221794402
'00','total',2024-07-18 06:00:00,12401.457027937302
'00','total',2024-07-18 07:00:00,12836.20248177271
'00','total',2024-07-18 08:00:00,13087.428195698312
'00','total',2024-07-18 09:00:00,13394.206923302821
'00','total',2024-07-18 10:00:00,13495.255303712654
'00','total',2024-07-18 11:00:00,13536.908343126875
'00','total',2024-07-18 12:00:00,13575.552476753866
'00','total',2024-07-18 13:00:00,13461.078163673335
'00','total',2024-07-18 14:00:00,13396.856054072596
'00','total',2024-07-18 15:00:00,13125.54228730318
'00','total',2024-07-18 16:00:00,12922.264718319762
'00','total',2024-07-18 17:00:00,12597.126249434
'00','total',2024-07-18 18:00:00,12371.036111041607
'00','total',2024-07-18 19:00:00,12107.676478202919
'00','total',2024-07-18 20:00:00,11919.995348835399
'00','total',2024-07-18 21:00:00,11734.133634832362
'00','total',2024-07-18 22:00:00,11469.256872207088
'00','total',2024-07-18 23:00:00,11132.127450316852
'00','total',2024-07-19 00:00:00,10950.482961264806
'00','total',2024-07-19 01:00:00,10831.484404276454
'00','total',2024-07-19 02:00:00,10718.376581397797
'00','total',2024-07-19 03:00:00,10739.64440434235
'00','total',2024-07-19 04:00:00,10929.829542238731
'00','total',2024-07-19 05:00:00,11823.847010855021
'00','total',2024-07-19 06:00:00,12616.982035718564
'00','total',2024-07-19 07:00:00,13075.581640077005
'00','total',2024-07-19 08:00:00,13350.709824994292
'00','total',2024-07-19 09:00:00,13599.159694852284
'00','total',2024-07-19 10:00:00,13658.349431547842
'00','total',2024-07-19 11:00:00,13708.663630606767
'00','total',2024-07-19 12:00:00,13714.560719668194
'00','total',2024-07-19 13:00:00,13630.358655239346
'00','total',2024-07-19 14:00:00,13526.392788341027
'00','total',2024-07-19 15:00:00,13273.32268372899
'00','total',2024-07-19 16:00:00,13024.002796719917
'00','total',2024-07-19 17:00:00,12673.821217536793
'00','total',2024-07-19 18:00:00,12466.82912594145
'00','total',2024-07-19 19:00:00,12136.651395836936
'00','total',2024-07-19 20:00:00,11949.099601413613
'00','total',2024-07-19 21:00:00,11786.186886908159
'00','total',2024-07-19 22:00:00,11494.795185731162
'00','total',2024-07-19 23:00:00,11236.428917789672
'00','total',2024-07-20 00:00:00,11039.440689562347
'00','total',2024-07-20 01:00:00,10924.420136088209
'00','total',2024-07-20 02:00:00,10858.765935356721
'00','total',2024-07-20 03:00:00,10839.884196906285
'00','total',2024-07-20 04:00:00,11064.441232288234
'00','total',2024-07-20 05:00:00,11882.700728669568
'00','total',2024-07-20 06:00:00,12714.137204877108
'00','total',2024-07-20 07:00:00,13191.280182033808
'00','total',2024-07-20 08:00:00,13544.506297138108
'00','total',2024-07-20 09:00:00,13751.363223467131
'00','total',2024-07-20 10:00:00,13765.098788802386
'00','total',2024-07-20 11:00:00,13793.382511752376
'00','total',2024-07-20 12:00:00,13752.610160436674
'00','total',2024-07-20 13:00:00,13643.145565229781
'00','total',2024-07-20 14:00:00,13561.961357592414
'00','total',2024-07-20 15:00:00,13252.06658244802
'00','total',2024-07-20 16:00:00,13036.106390382092
'00','total',2024-07-20 17:00:00,12748.72437785954
'00','total',2024-07-20 18:00:00,12503.998058785106
'00','total',2024-07-20 19:00:00,12222.932016827783
'00','total',2024-07-20 20:00:00,12010.815709388544
'00','total',2024-07-20 21:00:00,11825.491045173472
'00','total',2024-07-20 22:00:00,11492.513895309508
'00','total',2024-07-20 23:00:00,11183.926858781655
'00','total',2024-07-21 00:00:00,11000.086875464309
'00','total',2024-07-21 01:00:00,10902.124410283304
'00','total',2024-07-21 02:00:00,10800.633553020667
'00','total',2024-07-21 03:00:00,10825.58942056191
'00','total',2024-07-21 04:00:00,11069.064296781553
'00','total',2024-07-21 05:00:00,11919.590586132475
'00','total',2024-07-21 06:00:00,12681.322173316985
'00','total',2024-07-21 07:00:00,13116.530482781023
'00','total',2024-07-21 08:00:00,13427.929990670087
'00','total',2024-07-21 09:00:00,13654.204135129146
'00','total',2024-07-21 10:00:00,13668.089419576003
'00','total',2024-07-21 11:00:00,13743.421819700936
'00','total',2024-07-21 12:00:00,13737.272084447777
'00','total',2024-07-21 13:00:00,13564.45672893119
'00','total',2024-07-21 14:00:00,13468.076220780986
'00','total',2024-07-21 15:00:00,13140.743854718585
'00','total',2024-07-21 16:00:00,12968.298441527284
'00','total',2024-07-21 17:00:00,12659.93606405577
'00','total',2024-07-21 18:00:00,12415.111608383253
'00','total',2024-07-21 19:00:00,12140.377304832198
'00','total',2024-07-21 20:00:00,11968.764503725308
'00','total',2024-07-21 21:00:00,11761.912608184308
'00','total',2024-07-21 22:00:00,11479.713049085934
'00','total',2024-07-21 23:00:00,11189.747618512132
'00','total',2024-07-22 00:00:00,10990.155987876256
'00','total',2024-07-22 01:00:00,10886.881978878102
'00','total',2024-07-22 02:00:00,10819.444829192213
'00','total',2024-07-22 03:00:00,10800.665338213134
'00','total',2024-07-22 04:00:00,10991.445919099624
'00','total',2024-07-22 05:00:00,11869.234746376856
'00','total',2024-07-22 06:00:00,12733.161858749316
'00','total',2024-07-22 07:00:00,13231.078989749987
'00','total',2024-07-22 08:00:00,13527.836852727518
'00','total',2024-07-22 09:00:00,13750.855635641245
'00','total',2024-07-22 10:00:00,13842.315639261953
'00','total',2024-07-22 11:00:00,13893.534692534624
'00','total',2024-07-22 12:00:00,13959.386122828118
'00','total',2024-07-22 13:00:00,13881.444207106355
'00','total',2024-07-22 14:00:00,13694.81263021146
'00','total',2024-07-22 15:00:00,13340.44917608483
'00','total',2024-07-22 16:00:00,13112.234221434564
'00','total',2024-07-22 17:00:00,12768.881843872428
'00','total',2024-07-22 18:00:00,12485.510460533935
'00','total',2024-07-22 19:00:00,12193.701099504873
'00','total',2024-07-22 20:00:00,12012.78242005276
'00','total',2024-07-22 21:00:00,11831.465909548473
'00','total',2024-07-22 22:00:00,11572.38731066734
'00','total',2024-07-22 23:00:00,11287.986257697694
'00','total',2024-07-23 00:00:00,11103.8331017311
'00','total',2024-07-23 01:00:00,10993.731592720553
'00','total',2024-07-23 02:00:00,10901.132794656574
'00','total',2024-07-23 03:00:00,10881.532913697132
'00','total',2024-07-23 04:00:00,11025.546179568386
'00','total',2024-07-23 05:00:00,11772.477758647274
'00','total',2024-07-23 06:00:00,12483.016716244116
'00','total',2024-07-23 07:00:00,12908.566153720714
'00','total',2024-07-23 08:00:00,13179.593823061701
'00','total',2024-07-23 09:00:00,13426.398869409644
'00','total',2024-07-23 10:00:00,13506.884566345609
'00','total',2024-07-23 11:00:00,13469.603762159975
'00','total',2024-07-23 12:00:00,13526.719112312798
'00','total',2024-07-23 13:00:00,13415.666585804653
'00','total',2024-07-23 14:00:00,13323.4954862755
'00','total',2024-07-23 15:00:00,13097.818701162723
'00','total',2024-07-23 16:00:00,12908.844237593908
'00','total',2024-07-23 17:00:00,12575.863419394442
'00','total',2024-07-23 18:00:00,12387.095293259757
'00','total',2024-07-23 19:00:00,12117.2675987885
'00','total',2024-07-23 20:00:00,11952.87577675541
'00','total',2024-07-23 21:00:00,11788.996377247926
'00','total',2024-07-23 22:00:00,11472.763224125561
'00','total',2024-07-23 23:00:00,11226.25258516858
'00','total',2024-07-24 00:00:00,11036.599808356978
'00','total',2024-07-24 01:00:00,10960.511836903594
'00','total',2024-07-24 02:00:00,10879.286488903446
'00','total',2024-07-24 03:00:00,10873.644692151482
'00','total',2024-07-24 04:00:00,10968.613692336852
'00','total',2024-07-24 05:00:00,11710.6501473479
'00','total',2024-07-24 06:00:00,12453.418023430771
'00','total',2024-07-24 07:00:00,12934.42149448069
'00','total',2024-07-24 08:00:00,13250.437770284676
'00','total',2024-07-24 09:00:00,13505.046603893654
'00','total',2024-07-24 10:00:00,13617.059128633704
'00','total',2024-07-24 11:00:00,13595.186361940341
'00','total',2024-07-24 12:00:00,13584.891893166241
'00','total',2024-07-24 13:00:00,13503.728420804988
'00','total',2024-07-24 14:00:00,13403.522641771255
'00','total',2024-07-24 15:00:00,13129.727060608546
'00','total',2024-07-24 16:00:00,12909.729068435743
'00','total',2024-07-24 17:00:00,12623.112264522597
'00','total',2024-07-24 18:00:00,12407.108897917638
'00','total',2024-07-24 19:00:00,12102.273415453916
'00','total',2024-07-24 20:00:00,11921.61849262213
'00','total',2024-07-24 21:00:00,11707.634878031724
'00','total',2024-07-24 22:00:00,11451.315894324447
'00','total',2024-07-24 23:00:00,11225.74516049389
'00','total',2024-07-25 00:00:00,11056.125537694996
'00','total',2024-07-25 01:00:00,10947.367949489357
'00','total',2024-07-25 02:00:00,10871.928859611562
'00','total',2024-07-25 03:00:00,10852.26907694163
'00','total',2024-07-25 04:00:00,10957.18897414912
'00','total',2024-07-25 05:00:00,11633.188388576218
'00','total',2024-07-25 06:00:00,12379.535769155
'00','total',2024-07-25 07:00:00,12904.925163640954
'00','total',2024-07-25 08:00:00,13228.22555400832
'00','total',2024-07-25 09:00:00,13466.800048851745
'00','total',2024-07-25 10:00:00,13617.512115170486
'00','total',2024-07-25 11:00:00,13705.543187437599
'00','total',2024-07-25 12:00:00,13744.3766193644
'00','total',2024-07-25 13:00:00,13604.932016575083
'00','total',2024-07-25 14:00:00,13452.591665173652
'00','total',2024-07-25 15:00:00,13258.674230348211
'00','total',2024-07-25 16:00:00,13095.116595896463
'00','total',2024-07-25 17:00:00,12823.812452306174
'00','total',2024-07-25 18:00:00,12617.846048993972
'00','total',2024-07-25 19:00:00,12353.580542923819
'00','total',2024-07-25 20:00:00,12200.956462661108
'00','total',2024-07-25 21:00:00,11971.852494821087
'00','total',2024-07-25 22:00:00,11624.314805861748
'00','total',2024-07-25 23:00:00,11358.82945173505
'00','total',2024-07-26 00:00:00,11164.076579486278
'00','total',2024-07-26 01:00:00,11075.493631279054
'00','total',2024-07-26 02:00:00,10952.43078841159
'00','total',2024-07-26 03:00:00,10931.149571784848
'00','total',2024-07-26 04:00:00,11096.159393317785
'00','total',2024-07-26 05:00:00,11909.602563575374
'00','total',2024-07-26 06:00:00,12772.469916620365
'00','total',2024-07-26 07:00:00,13308.541459738928
'00','total',2024-07-26 08:00:00,13696.211403448599
'00','total',2024-07-26 09:00:00,13904.172186855854
'00','total',2024-07-26 10:00:00,14020.443760000093
'00','total',2024-07-26 11:00:00,14073.339115477012
'00','total',2024-07-26 12:00:00,14099.786379936155
'00','total',2024-07-26 13:00:00,14031.709686952356
'00','total',2024-07-26 14:00:00,13885.615092326183
'00','total',2024-07-26 15:00:00,13587.779742021256
'00','total',2024-07-26 16:00:00,13363.974480120825
'00','total',2024-07-26 17:00:00,12966.164320549411
'00','total',2024-07-26 18:00:00,12658.095076758778
'00','total',2024-07-26 19:00:00,12389.542606314362
'00','total',2024-07-26 20:00:00,12199.136764195526
'00','total',2024-07-26 21:00:00,11996.240906125351
'00','total',2024-07-26 22:00:00,11644.976741742328
'00','total',2024-07-26 23:00:00,11354.904567196889
'00','total',2024-07-27 00:00:00,11130.779087923816
'00','total',2024-07-27 01:00:00,11020.631553368998
'00','total',2024-07-27 02:00:00,10945.702917942666
'00','total',2024-07-27 03:00:00,10926.670002899715
'00','total',2024-07-27 04:00:00,11130.14262791465
'00','total',2024-07-27 05:00:00,12018.327355815309
'00','total',2024-07-27 06:00:00,12937.222116084748
'00','total',2024-07-27 07:00:00,13475.115903294436
'00','total',2024-07-27 08:00:00,13784.151926312165
'00','total',2024-07-27 09:00:00,14031.754584623837
'00','total',2024-07-27 10:00:00,14070.263112192586
'00','total',2024-07-27 11:00:00,14059.238612408366
'00','total',2024-07-27 12:00:00,14006.405410335263
'00','total',2024-07-27 13:00:00,13923.844993691813
'00','total',2024-07-27 14:00:00,13841.993705033381
'00','total',2024-07-27 15:00:00,13557.109146198494
'00','total',2024-07-27 16:00:00,13318.026555842273
'00','total',2024-07-27 17:00:00,12909.323713238098
'00','total',2024-07-27 18:00:00,12628.01188512464
'00','total',2024-07-27 19:00:00,12378.476123992174
'00','total',2024-07-27 20:00:00,12211.333358950129
'00','total',2024-07-27 21:00:00,12003.678789484129
'00','total',2024-07-27 22:00:00,11684.496664436747
'00','total',2024-07-27 23:00:00,11384.024151017276
'00','total',2024-07-28 00:00:00,11277.33713014426
'00','total',2024-07-28 01:00:00,11144.754584729202
'00','total',2024-07-28 02:00:00,11089.133648601659
'00','total',2024-07-28 03:00:00,11075.094967530236
'00','total',2024-07-28 04:00:00,11270.627197957469
'00','total',2024-07-28 05:00:00,12058.8913793129
'00','total',2024-07-28 06:00:00,12856.355948335167
'00','total',2024-07-28 07:00:00,13390.170732852797
'00','total',2024-07-28 08:00:00,13716.574531936843
'00','total',2024-07-28 09:00:00,13991.648822548115
'00','total',2024-07-28 10:00:00,14045.541872398593
'00','total',2024-07-28 11:00:00,14127.184129455107
'00','total',2024-07-28 12:00:00,14105.040720856252
'00','total',2024-07-28 13:00:00,13949.261376750854
'00','total',2024-07-28 14:00:00,13839.455969936429
'00','total',2024-07-28 15:00:00,13552.645335791038
'00','total',2024-07-28 16:00:00,13335.793854637684
'00','total',2024-07-28 17:00:00,13020.68206118928
'00','total',2024-07-28 18:00:00,12724.454496038174
'00','total',2024-07-28 19:00:00,12456.323791885034
'00','total',2024-07-28 20:00:00,12259.594443887114
'00','total',2024-07-28 21:00:00,12046.710066213256
'00','total',2024-07-28 22:00:00,11696.461104411206
'00','total',2024-07-28 23:00:00,11411.08883644022
'00','total',2024-07-29 00:00:00,11224.036811356573
'00','total',2024-07-29 01:00:00,11102.805590060028
'00','total',2024-07-29 02:00:00,11057.669206040351
'00','total',2024-07-29 03:00:00,11073.647738994621
'00','total',2024-07-29 04:00:00,11268.20776699033
'00','total',2024-07-29 05:00:00,12117.914295828183
'00','total',2024-07-29 06:00:00,13040.902551276411
'00','total',2024-07-29 07:00:00,13553.908092175598
'00','total',2024-07-29 08:00:00,13918.946839768165
'00','total',2024-07-29 09:00:00,14177.549388658888
'00','total',2024-07-29 10:00:00,14247.366263484644
'00','total',2024-07-29 11:00:00,14253.245555081068
'00','total',2024-07-29 12:00:00,14307.499824171216
'00','total',2024-07-29 13:00:00,14184.23150018304
'00','total',2024-07-29 14:00:00,14018.301796035594
'00','total',2024-07-29 15:00:00,13662.266363201456
'00','total',2024-07-29 16:00:00,13395.134122631041
'00','total',2024-07-29 17:00:00,12986.019838941516
'00','total',2024-07-29 18:00:00,12656.014830962522
'00','total',2024-07-29 19:00:00,12369.597900967843
'00','total',2024-07-29 20:00:00,12211.391771017103
'00','total',2024-07-29 21:00:00,11956.227274489731
'00','total',2024-07-29 22:00:00,11647.228979727006
'00','total',2024-07-29 23:00:00,11350.09962558552
'00','total',2024-07-30 00:00:00,11180.530978116034
'00','total',2024-07-30 01:00:00,11071.227107836514
'00','total',2024-07-30 02:00:00,11009.310279054025
'00','total',2024-07-30 03:00:00,11049.598000843125
'00','total',2024-07-30 04:00:00,11174.324482866115
'00','total',2024-07-30 05:00:00,11967.130518633285
'00','total',2024-07-30 06:00:00,12826.228544650972
'00','total',2024-07-30 07:00:00,13325.655333626475
'00','total',2024-07-30 08:00:00,13601.948450573991
'00','total',2024-07-30 09:00:00,13824.571587030661
'00','total',2024-07-30 10:00:00,13926.150009493456
'00','total',2024-07-30 11:00:00,13926.686598326634
'00','total',2024-07-30 12:00:00,13967.38241837378
'00','total',2024-07-30 13:00:00,13853.795799961741
'00','total',2024-07-30 14:00:00,13719.542836995457
'00','total',2024-07-30 15:00:00,13427.885489648306
'00','total',2024-07-30 16:00:00,13188.215158524623
'00','total',2024-07-30 17:00:00,12902.093136713333
'00','total',2024-07-30 18:00:00,12647.024370696372
'00','total',2024-07-30 19:00:00,12428.858637777143
'00','total',2024-07-30 20:00:00,12266.126522866998
'00','total',2024-07-30 21:00:00,12031.5586771631
'00','total',2024-07-30 22:00:00,11655.879014958282
'00','total',2024-07-30 23:00:00,11427.483971716028
'00','total',2024-07-31 00:00:00,11247.494522416391
'00','total',2024-07-31 01:00:00,11167.626530689153
'00','total',2024-07-31 02:00:00,11087.71387028175
'00','total',2024-07-31 03:00:00,11052.298726468145
'00','total',2024-07-31 04:00:00,11202.289872511996
'00','total',2024-07-31 05:00:00,11977.628702130574
'00','total',2024-07-31 06:00:00,12775.164336914275
'00','total',2024-07-31 07:00:00,13240.61538811886
'00','total',2024-07-31 08:00:00,13576.528517577874
'00','total',2024-07-31 09:00:00,13861.869033246257
'00','total',2024-07-31 10:00:00,13881.446561937493
'00','total',2024-07-31 11:00:00,13829.756441512725
'00','total',2024-07-31 12:00:00,13837.560814803417
'00','total',2024-07-31 13:00:00,13742.176305362087
'00','total',2024-07-31 14:00:00,13603.035804937983
'00','total',2024-07-31 15:00:00,13346.219397111532
'00','total',2024-07-31 16:00:00,13151.584266973543
'00','total',2024-07-31 17:00:00,12875.237724726749
'00','total',2024-07-31 18:00:00,12609.060901673922
'00','total',2024-07-31 19:00:00,12427.403060283585
'00','total',2024-07-31 20:00:00,12324.570648384046
'00','total',2024-07-31 21:00:00,12078.909562323808
'00','total',2024-07-31 22:00:00,11698.01412888145
'00','total',2024-07-31 23:00:00,11414.17656729217
'00','total',2024-08-01 00:00:00,12598.583308753878
'00','total',2024-08-01 01:00:00,12416.56347481487
'00','total',2024-08-01 02:00:00,12329.644923864247
'00','total',2024-08-01 03:00:00,12332.152535319696
'00','total',2024-08-01 04:00:00,12516.62073950576
'00','total',2024-08-01 05:00:00,13241.672979920106
'00','total',2024-08-01 06:00:00,14497.18593959342
'00','total',2024-08-01 07:00:00,15535.888636961017
'00','total',2024-08-01 08:00:00,16002.562461950285
'00','total',2024-08-01 09:00:00,16168.08766499396
'00','total',2024-08-01 10:00:00,16242.862020768398
'00','total',2024-08-01 11:00:00,16289.981263726684
'00','total',2024-08-01 12:00:00,16278.742928567754
'00','total',2024-08-01 13:00:00,16277.732243166274
'00','total',2024-08-01 14:00:00,16195.288775088055
'00','total',2024-08-01 15:00:00,16012.072827300668
'00','total',2024-08-01 16:00:00,15556.39918758357
'00','total',2024-08-01 17:00:00,15107.562364331314
'00','total',2024-08-01 18:00:00,14760.892395531424
'00','total',2024-08-01 19:00:00,14529.470228212587
'00','total',2024-08-01 20:00:00,14237.954969324515
'00','total',2024-08-01 21:00:00,13966.274965430574
'00','total',2024-08-01 22:00:00,13499.612052725657
'00','total',2024-08-01 23:00:00,13069.490978029367
'00','total',2024-08-02 00:00:00,12787.049157178531
'00','total',2024-08-02 01:00:00,12703.329220655802
'00','total',2024-08-02 02:00:00,12566.265355518804
'00','total',2024-08-02 03:00:00,12546.389635450572
'00','total',2024-08-02 04:00:00,12781.041276173082
'00','total',2024-08-02 05:00:00,13581.83662726631
'00','total',2024-08-02 06:00:00,14597.401417672554
'00','total',2024-08-02 07:00:00,15361.546396491547
'00','total',2024-08-02 08:00:00,15719.006794238228
'00','total',2024-08-02 09:00:00,16008.74340052036
'00','total',2024-08-02 10:00:00,16086.778296214205
'00','total',2024-08-02 11:00:00,16085.82753826272
'00','total',2024-08-02 12:00:00,16054.228567503455
'00','total',2024-08-02 13:00:00,15985.444375455127
'00','total',2024-08-02 14:00:00,15806.968459577905
'00','total',2024-08-02 15:00:00,15493.287316583119
'00','total',2024-08-02 16:00:00,15229.200684093354
'00','total',2024-08-02 17:00:00,14934.424943319142
'00','total',2024-08-02 18:00:00,14654.445596330212
'00','total',2024-08-02 19:00:00,14340.294302440716
'00','total',2024-08-02 20:00:00,14114.17421592864
'00','total',2024-08-02 21:00:00,13767.046720162478
'00','total',2024-08-02 22:00:00,13400.762408833896
'00','total',2024-08-02 23:00:00,13012.889442462445
'00','total',2024-08-03 00:00:00,12952.07690117326
'00','total',2024-08-03 01:00:00,12827.26256256037
'00','total',2024-08-03 02:00:00,12667.419635820148
'00','total',2024-08-03 03:00:00,12780.215324008239
'00','total',2024-08-03 04:00:00,13055.184828706371
'00','total',2024-08-03 05:00:00,14067.489985264529
'00','total',2024-08-03 06:00:00,15297.953334424612
'00','total',2024-08-03 07:00:00,15963.457665799728
'00','total',2024-08-03 08:00:00,16293.057972295275
'00','total',2024-08-03 09:00:00,16555.266959469664
'00','total',2024-08-03 10:00:00,16643.088036921996
'00','total',2024-08-03 11:00:00,16631.151848117803
'00','total',2024-08-03 12:00:00,16663.255080288018
'00','total',2024-08-03 13:00:00,16573.407564851776
'00','total',2024-08-03 14:00:00,16334.740661899306
'00','total',2024-08-03 15:00:00,15861.056672964658
'00','total',2024-08-03 16:00:00,15446.917805299532
'00','total',2024-08-03 17:00:00,15136.15375247564
'00','total',2024-08-03 18:00:00,14848.623017903517
'00','total',2024-08-03 19:00:00,14534.512805689148
'00','total',2024-08-03 20:00:00,14316.536283388477
'00','total',2024-08-03 21:00:00,13957.222019875355
'00','total',2024-08-03 22:00:00,13533.185815259367
'00','total',2024-08-03 23:00:00,13214.766091454901
'00','total',2024-08-04 00:00:00,12626.010071439872
'00','total',2024-08-04 01:00:00,12605.718337503178
'00','total',2024-08-04 02:00:00,12631.018194892762
'00','total',2024-08-04 03:00:00,12778.43939217067
'00','total',2024-08-04 04:00:00,13268.208715385133
'00','total',2024-08-04 05:00:00,14670.088715583319
'00','total',2024-08-04 06:00:00,16023.012542326676
'00','total',2024-08-04 07:00:00,16545.78914078894
'00','total',2024-08-04 08:00:00,16759.33555880729
'00','total',2024-08-04 09:00:00,16867.095360281277
'00','total',2024-08-04 10:00:00,16806.164880932367
'00','total',2024-08-04 11:00:00,16742.725639668603
'00','total',2024-08-04 12:00:00,16698.955373667202
'00','total',2024-08-04 13:00:00,16487.328882921844
'00','total',2024-08-04 14:00:00,16304.554035781099
'00','total',2024-08-04 15:00:00,15625.124102320715
'00','total',2024-08-04 16:00:00,15224.020587553936
'00','total',2024-08-04 17:00:00,14849.416707203807
'00','total',2024-08-04 18:00:00,14592.57593059444
'00','total',2024-08-04 19:00:00,14376.679670698955
'00','total',2024-08-04 20:00:00,14201.249007527356
'00','total',2024-08-04 21:00:00,13769.743085858034
'00','total',2024-08-04 22:00:00,13284.709164444876
'00','total',2024-08-04 23:00:00,12931.004874534849
'00','total',2024-08-05 00:00:00,12261.157097532106
'00','total',2024-08-05 01:00:00,12177.934816405346
'00','total',2024-08-05 02:00:00,12106.95899096041
'00','total',2024-08-05 03:00:00,12182.015762639892
'00','total',2024-08-05 04:00:00,12507.171196296229
'00','total',2024-08-05 05:00:00,13699.571675684316
'00','total',2024-08-05 06:00:00,14872.596787753708
'00','total',2024-08-05 07:00:00,15401.670600510122
'00','total',2024-08-05 08:00:00,15688.437317544976
'00','total',2024-08-05 09:00:00,15866.285438774063
'00','total',2024-08-05 10:00:00,15916.114977060597
'00','total',2024-08-05 11:00:00,15815.53540565009
'00','total',2024-08-05 12:00:00,15836.188605090932
'00','total',2024-08-05 13:00:00,15695.1320470196
'00','total',2024-08-05 14:00:00,15532.91688528687
'00','total',2024-08-05 15:00:00,14939.6245781289
'00','total',2024-08-05 16:00:00,14549.391168841657
'00','total',2024-08-05 17:00:00,14173.757096898926
'00','total',2024-08-05 18:00:00,13914.924419221335
'00','total',2024-08-05 19:00:00,13626.043282917572
'00','total',2024-08-05 20:00:00,13501.288130034603
'00','total',2024-08-05 21:00:00,13163.329787042758
'00','total',2024-08-05 22:00:00,12789.40610361761
'00','total',2024-08-05 23:00:00,12384.078690622422
'00','total',2024-08-06 00:00:00,11554.756291981123
'00','total',2024-08-06 01:00:00,11427.308985176234
'00','total',2024-08-06 02:00:00,11323.118897034314
'00','total',2024-08-06 03:00:00,11353.949901117005
'00','total',2024-08-06 04:00:00,11444.137429440267
'00','total',2024-08-06 05:00:00,12156.15403657951
'00','total',2024-08-06 06:00:00,12919.939112310629
'00','total',2024-08-06 07:00:00,13434.449760926756
'00','total',2024-08-06 08:00:00,13841.984609863588
'00','total',2024-08-06 09:00:00,14101.125952752267
'00','total',2024-08-06 10:00:00,14129.590705949087
'00','total',2024-08-06 11:00:00,14126.795203853815
'00','total',2024-08-06 12:00:00,14121.355995791457
'00','total',2024-08-06 13:00:00,14008.700264341362
'00','total',2024-08-06 14:00:00,13935.072812077691
'00','total',2024-08-06 15:00:00,13595.178783595584
'00','total',2024-08-06 16:00:00,13411.216111656997
'00','total',2024-08-06 17:00:00,13126.535311841046
'00','total',2024-08-06 18:00:00,12913.825313152081
'00','total',2024-08-06 19:00:00,12670.358266649504
'00','total',2024-08-06 20:00:00,12523.676633374791
'00','total',2024-08-06 21:00:00,12252.414118711382
'00','total',2024-08-06 22:00:00,11890.343010210794
'00','total',2024-08-06 23:00:00,11624.056174250862
'00','total',2024-08-07 00:00:00,11642.691141004905
'00','total',2024-08-07 01:00:00,11533.746947242687
'00','total',2024-08-07 02:00:00,11528.85322687025
'00','total',2024-08-07 03:00:00,11547.165142324931
'00','total',2024-08-07 04:00:00,11809.31795891598
'00','total',2024-08-07 05:00:00,12821.339665539157
'00','total',2024-08-07 06:00:00,13804.959431626978
'00','total',2024-08-07 07:00:00,14302.088394651668
'00','total',2024-08-07 08:00:00,14638.664916508118
'00','total',2024-08-07 09:00:00,14889.315284344562
'00','total',2024-08-07 10:00:00,14996.52540746912
'00','total',2024-08-07 11:00:00,14994.195709508056
'00','total',2024-08-07 12:00:00,14958.707494391458
'00','total',2024-08-07 13:00:00,14796.95896573124
'00','total',2024-08-07 14:00:00,14630.98217264126
'00','total',2024-08-07 15:00:00,14249.519320770944
'00','total',2024-08-07 16:00:00,13934.016490767446
'00','total',2024-08-07 17:00:00,13636.973974423612
'00','total',2024-08-07 18:00:00,13387.406829521617
'00','total',2024-08-07 19:00:00,13163.604270634318
'00','total',2024-08-07 20:00:00,13048.578014226441
'00','total',2024-08-07 21:00:00,12644.022061146274
'00','total',2024-08-07 22:00:00,12245.041622258204
'00','total',2024-08-07 23:00:00,11924.732653694597
'00','total',2024-08-08 00:00:00,11743.776504381665
'00','total',2024-08-08 01:00:00,11669.590742758446
'00','total',2024-08-08 02:00:00,11576.038974904215
'00','total',2024-08-08 03:00:00,11590.9577902996
'00','total',2024-08-08 04:00:00,11816.580873913157
'00','total',2024-08-08 05:00:00,12894.020536286333
'00','total',2024-08-08 06:00:00,14042.179199297523
'00','total',2024-08-08 07:00:00,14605.061006337097
'00','total',2024-08-08 08:00:00,14885.091078243942
'00','total',2024-08-08 09:00:00,15185.791213754099
'00','total',2024-08-08 10:00:00,15244.757334527243
'00','total',2024-08-08 11:00:00,15315.701699287798
'00','total',2024-08-08 12:00:00,15280.338731348313
'00','total',2024-08-08 13:00:00,15128.662331745318
'00','total',2024-08-08 14:00:00,14923.064281628242
'00','total',2024-08-08 15:00:00,14442.515596703734
'00','total',2024-08-08 16:00:00,14105.729182191255
'00','total',2024-08-08 17:00:00,13773.958061290816
'00','total',2024-08-08 18:00:00,13557.314997557902
'00','total',2024-08-08 19:00:00,13272.609900181262
'00','total',2024-08-08 20:00:00,13182.527489388458
'00','total',2024-08-08 21:00:00,12775.675326579081
'00','total',2024-08-08 22:00:00,12380.855828399832
'00','total',2024-08-08 23:00:00,12117.608712870735
'00','total',2024-08-09 00:00:00,11884.523684524282
'00','total',2024-08-09 01:00:00,11764.84359477793
'00','total',2024-08-09 02:00:00,11741.510532424296
'00','total',2024-08-09 03:00:00,11811.220507313383
'00','total',2024-08-09 04:00:00,12064.017409422753
'00','total',2024-08-09 05:00:00,13078.725353139023
'00','total',2024-08-09 06:00:00,14079.89114469077
'00','total',2024-08-09 07:00:00,14615.403119939374
'00','total',2024-08-09 08:00:00,14931.163225392766
'00','total',2024-08-09 09:00:00,15142.411212612698
'00','total',2024-08-09 10:00:00,15211.060918160167
'00','total',2024-08-09 11:00:00,15284.627413629167
'00','total',2024-08-09 12:00:00,15310.41082877633
'00','total',2024-08-09 13:00:00,15267.035476196956
'00','total',2024-08-09 14:00:00,15141.43552243558
'00','total',2024-08-09 15:00:00,14735.073307867544
'00','total',2024-08-09 16:00:00,14514.878891576176
'00','total',2024-08-09 17:00:00,14232.301745555491
'00','total',2024-08-09 18:00:00,14028.115901590334
'00','total',2024-08-09 19:00:00,13855.250186183866
'00','total',2024-08-09 20:00:00,13675.120511301786
'00','total',2024-08-09 21:00:00,13277.962607948106
'00','total',2024-08-09 22:00:00,12917.79672512516
'00','total',2024-08-09 23:00:00,12587.924009171013
'00','total',2024-08-10 00:00:00,12784.638256155731
'00','total',2024-08-10 01:00:00,12634.199320781956
'00','total',2024-08-10 02:00:00,12609.931754070865
'00','total',2024-08-10 03:00:00,12792.859056851155
'00','total',2024-08-10 04:00:00,13349.515430465151
'00','total',2024-08-10 05:00:00,15108.443264211022
'00','total',2024-08-10 06:00:00,16761.78173825259
'00','total',2024-08-10 07:00:00,17364.0440978391
'00','total',2024-08-10 08:00:00,17589.305042584074
'00','total',2024-08-10 09:00:00,17770.621116435963
'00','total',2024-08-10 10:00:00,17737.024675501325
'00','total',2024-08-10 11:00:00,17683.616623090016
'00','total',2024-08-10 12:00:00,17692.13057328697
'00','total',2024-08-10 13:00:00,17499.65773893937
'00','total',2024-08-10 14:00:00,17291.23950558298
'00','total',2024-08-10 15:00:00,16464.382366777165
'00','total',2024-08-10 16:00:00,15988.999291126662
'00','total',2024-08-10 17:00:00,15603.80739975725
'00','total',2024-08-10 18:00:00,15297.004684075142
'00','total',2024-08-10 19:00:00,14951.433236072955
'00','total',2024-08-10 20:00:00,14716.356288498459
'00','total',2024-08-10 21:00:00,14195.743703238702
'00','total',2024-08-10 22:00:00,13606.109417221822
'00','total',2024-08-10 23:00:00,13177.27823981889
'00','total',2024-08-11 00:00:00,13151.526683316011
'00','total',2024-08-11 01:00:00,13026.15322304496
'00','total',2024-08-11 02:00:00,12976.407528451718
'00','total',2024-08-11 03:00:00,13109.100742265287
'00','total',2024-08-11 04:00:00,13518.799220144276
'00','total',2024-08-11 05:00:00,14907.332043342165
'00','total',2024-08-11 06:00:00,16589.047652919686
'00','total',2024-08-11 07:00:00,17410.122973681013
'00','total',2024-08-11 08:00:00,17746.93913455331
'00','total',2024-08-11 09:00:00,17905.277526246202
'00','total',2024-08-11 10:00:00,17974.712143669283
'00','total',2024-08-11 11:00:00,17926.259972204964
'00','total',2024-08-11 12:00:00,17862.208479705034
'00','total',2024-08-11 13:00:00,17662.661208631398
'00','total',2024-08-11 14:00:00,17366.278212202847
'00','total',2024-08-11 15:00:00,16688.07769831715
'00','total',2024-08-11 16:00:00,16169.722699820764
'00','total',2024-08-11 17:00:00,15665.382526945017
'00','total',2024-08-11 18:00:00,15350.256418262688
'00','total',2024-08-11 19:00:00,15018.471412762095
'00','total',2024-08-11 20:00:00,14727.863871029578
'00','total',2024-08-11 21:00:00,14225.239643474782
'00','total',2024-08-11 22:00:00,13720.606893553851
'00','total',2024-08-11 23:00:00,13264.400640210619
'00','total',2024-08-12 00:00:00,13038.594115787471
'00','total',2024-08-12 01:00:00,12860.543828751228
'00','total',2024-08-12 02:00:00,12802.653538872115
'00','total',2024-08-12 03:00:00,12825.355797070159
'00','total',2024-08-12 04:00:00,13132.898866236377
'00','total',2024-08-12 05:00:00,14171.017221775268
'00','total',2024-08-12 06:00:00,15305.007036915093
'00','total',2024-08-12 07:00:00,15889.134962284677
'00','total',2024-08-12 08:00:00,16216.107633325757
'00','total',2024-08-12 09:00:00,16432.32720754993
'00','total',2024-08-12 10:00:00,16528.831280974526
'00','total',2024-08-12 11:00:00,16535.04721780673
'00','total',2024-08-12 12:00:00,16521.811297452747
'00','total',2024-08-12 13:00:00,16427.020637795064
'00','total',2024-08-12 14:00:00,16275.369760826674
'00','total',2024-08-12 15:00:00,15814.251266829608
'00','total',2024-08-12 16:00:00,15442.252722527775
'00','total',2024-08-12 17:00:00,15039.324617239876
'00','total',2024-08-12 18:00:00,14698.711346236658
'00','total',2024-08-12 19:00:00,14423.967654797752
'00','total',2024-08-12 20:00:00,14288.13605769732
'00','total',2024-08-12 21:00:00,13820.309846034379
'00','total',2024-08-12 22:00:00,13422.954694774702
'00','total',2024-08-12 23:00:00,13067.749853814988
'00','total',2024-08-13 00:00:00,12307.96384207837
'00','total',2024-08-13 01:00:00,12169.789926256413
'00','total',2024-08-13 02:00:00,12118.831696696872
'00','total',2024-08-13 03:00:00,12251.75501697322
'00','total',2024-08-13 04:00:00,12530.914793399204
'00','total',2024-08-13 05:00:00,13654.692172425819
'00','total',2024-08-13 06:00:00,14778.613440983612
'00','total',2024-08-13 07:00:00,15307.34375816209
'00','total',2024-08-13 08:00:00,15590.473783543082
'00','total',2024-08-13 09:00:00,15853.549265925865
'00','total',2024-08-13 10:00:00,15863.934983432364
'00','total',2024-08-13 11:00:00,15849.46431010189
'00','total',2024-08-13 12:00:00,15874.807284018709
'00','total',2024-08-13 13:00:00,15747.11362163898
'00','total',2024-08-13 14:00:00,15539.397907737977
'00','total',2024-08-13 15:00:00,15027.787655369306
'00','total',2024-08-13 16:00:00,14741.458050401772
'00','total',2024-08-13 17:00:00,14308.210792082431
'00','total',2024-08-13 18:00:00,13986.738408965184
'00','total',2024-08-13 19:00:00,13818.902443994428
'00','total',2024-08-13 20:00:00,13706.611645004143
'00','total',2024-08-13 21:00:00,13184.731703430776
'00','total',2024-08-13 22:00:00,12812.868294921638
'00','total',2024-08-13 23:00:00,12413.118363915275
'00','total',2024-08-14 00:00:00,12229.13890640349
'00','total',2024-08-14 01:00:00,12133.088493752488
'00','total',2024-08-14 02:00:00,12043.646780653655
'00','total',2024-08-14 03:00:00,12148.921228683752
'00','total',2024-08-14 04:00:00,12451.220631119102
'00','total',2024-08-14 05:00:00,13595.154977333032
'00','total',2024-08-14 06:00:00,14744.795772062163
'00','total',2024-08-14 07:00:00,15315.630030046244
'00','total',2024-08-14 08:00:00,15558.272753074107
'00','total',2024-08-14 09:00:00,15836.93745990384
'00','total',2024-08-14 10:00:00,15844.865887065951
'00','total',2024-08-14 11:00:00,15840.431237732964
'00','total',2024-08-14 12:00:00,15799.614051675351
'00','total',2024-08-14 13:00:00,15608.283506070264
'00','total',2024-08-14 14:00:00,15409.502082903518
'00','total',2024-08-14 15:00:00,14921.041895744645
'00','total',2024-08-14 16:00:00,14599.058480794354
'00','total',2024-08-14 17:00:00,14197.797245076596
'00','total',2024-08-14 18:00:00,13926.550448254564
'00','total',2024-08-14 19:00:00,13791.610240979737
'00','total',2024-08-14 20:00:00,13677.514051413704
'00','total',2024-08-14 21:00:00,13267.110801059884
'00','total',2024-08-14 22:00:00,12805.41665413855
'00','total',2024-08-14 23:00:00,12472.884306158418
'00','total',2024-08-15 00:00:00,12245.383729374382
'00','total',2024-08-15 01:00:00,12122.165118889396
'00','total',2024-08-15 02:00:00,12084.360977959075
'00','total',2024-08-15 03:00:00,12119.787083691606
'00','total',2024-08-15 04:00:00,12467.848857893594
'00','total',2024-08-15 05:00:00,13583.369065432766
'00','total',2024-08-15 06:00:00,14774.496816292076
'00','total',2024-08-15 07:00:00,15367.523778828083
'00','total',2024-08-15 08:00:00,15599.829840984778
'00','total',2024-08-15 09:00:00,15848.198510478827
'00','total',2024-08-15 10:00:00,15926.069758692409
'00','total',2024-08-15 11:00:00,16001.141676639432
'00','total',2024-08-15 12:00:00,16044.04682050672
'00','total',2024-08-15 13:00:00,15936.854153750135
'00','total',2024-08-15 14:00:00,15785.796393017134
'00','total',2024-08-15 15:00:00,15316.5989257725
'00','total',2024-08-15 16:00:00,14959.901428544432
'00','total',2024-08-15 17:00:00,14570.861529134834
'00','total',2024-08-15 18:00:00,14379.743258065319
'00','total',2024-08-15 19:00:00,14213.897045211668
'00','total',2024-08-15 20:00:00,14048.285328546117
'00','total',2024-08-15 21:00:00,13570.717098957888
'00','total',2024-08-15 22:00:00,13118.499411531924
'00','total',2024-08-15 23:00:00,12757.654639935938
'00','total',2024-08-16 00:00:00,12552.956559442136
'00','total',2024-08-16 01:00:00,12428.178085294761
'00','total',2024-08-16 02:00:00,12381.30953641726
'00','total',2024-08-16 03:00:00,12512.107912546242
'00','total',2024-08-16 04:00:00,12976.876813560297
'00','total',2024-08-16 05:00:00,14353.780603149085
'00','total',2024-08-16 06:00:00,15750.133168406795
'00','total',2024-08-16 07:00:00,16322.56300691102
'00','total',2024-08-16 08:00:00,16542.772401005463
'00','total',2024-08-16 09:00:00,16698.202454454076
'00','total',2024-08-16 10:00:00,16693.858639543403
'00','total',2024-08-16 11:00:00,16724.326924233115
'00','total',2024-08-16 12:00:00,16707.006683696243
'00','total',2024-08-16 13:00:00,16531.1125134634
'00','total',2024-08-16 14:00:00,16235.76215737229
'00','total',2024-08-16 15:00:00,15645.062641180402
'00','total',2024-08-16 16:00:00,15239.50226528456
'00','total',2024-08-16 17:00:00,14794.301051877506
'00','total',2024-08-16 18:00:00,14561.923279125653
'00','total',2024-08-16 19:00:00,14333.079719013482
'00','total',2024-08-16 20:00:00,14249.014837666688
'00','total',2024-08-16 21:00:00,13736.958980416302
'00','total',2024-08-16 22:00:00,13255.468026836557
'00','total',2024-08-16 23:00:00,12899.439453232158
'00','total',2024-08-17 00:00:00,12684.584949379228
'00','total',2024-08-17 01:00:00,12561.295938826219
'00','total',2024-08-17 02:00:00,12526.51659278759
'00','total',2024-08-17 03:00:00,12656.704021640602
'00','total',2024-08-17 04:00:00,13066.328868409735
'00','total',2024-08-17 05:00:00,14515.756807235457
'00','total',2024-08-17 06:00:00,16031.376499503001
'00','total',2024-08-17 07:00:00,16681.82624589505
'00','total',2024-08-17 08:00:00,16947.865373107907
'00','total',2024-08-17 09:00:00,17172.288046545968
'00','total',2024-08-17 10:00:00,17171.16463740694
'00','total',2024-08-17 11:00:00,17153.65375214958
'00','total',2024-08-17 12:00:00,17184.05122566459
'00','total',2024-08-17 13:00:00,17084.229768136225
'00','total',2024-08-17 14:00:00,16841.41252917008
'00','total',2024-08-17 15:00:00,16138.078738842636
'00','total',2024-08-17 16:00:00,15714.050648553031
'00','total',2024-08-17 17:00:00,15225.77160877463
'00','total',2024-08-17 18:00:00,14915.115337382395
'00','total',2024-08-17 19:00:00,14778.086256745888
'00','total',2024-08-17 20:00:00,14551.484331350965
'00','total',2024-08-17 21:00:00,14084.659793819723
'00','total',2024-08-17 22:00:00,13464.6552004998
'00','total',2024-08-17 23:00:00,13059.059259031848
'00','total',2024-08-18 00:00:00,12697.679617885738
'00','total',2024-08-18 01:00:00,12604.956404507584
'00','total',2024-08-18 02:00:00,12598.585692064371
'00','total',2024-08-18 03:00:00,12812.647796312456
'00','total',2024-08-18 04:00:00,13201.156911275024
'00','total',2024-08-18 05:00:00,14573.584594446147
'00','total',2024-08-18 06:00:00,16076.200741823011
'00','total',2024-08-18 07:00:00,16737.657073775907
'00','total',2024-08-18 08:00:00,16913.946872636472
'00','total',2024-08-18 09:00:00,17106.979674492944
'00','total',2024-08-18 10:00:00,17066.104053514668
'00','total',2024-08-18 11:00:00,17102.277607057975
'00','total',2024-08-18 12:00:00,17011.471288397068
'00','total',2024-08-18 13:00:00,16814.140529627744
'00','total',2024-08-18 14:00:00,16592.79296269104
'00','total',2024-08-18 15:00:00,16045.574633541726
'00','total',2024-08-18 16:00:00,15615.238400100852
'00','total',2024-08-18 17:00:00,15130.245699729327
'00','total',2024-08-18 18:00:00,14805.957349282562
'00','total',2024-08-18 19:00:00,14655.028880285483
'00','total',2024-08-18 20:00:00,14478.260007031111
'00','total',2024-08-18 21:00:00,13926.62761054788
'00','total',2024-08-18 22:00:00,13513.371281138632
'00','total',2024-08-18 23:00:00,13068.962862617089
'00','total',2024-08-19 00:00:00,12820.140150604886
'00','total',2024-08-19 01:00:00,12658.208502360465
'00','total',2024-08-19 02:00:00,12654.770279470305
'00','total',2024-08-19 03:00:00,12804.34953072021
'00','total',2024-08-19 04:00:00,13286.296471705242
'00','total',2024-08-19 05:00:00,14789.047729690257
'00','total',2024-08-19 06:00:00,16282.372847262614
'00','total',2024-08-19 07:00:00,16901.376532488845
'00','total',2024-08-19 08:00:00,17185.049433083084
'00','total',2024-08-19 09:00:00,17380.674819513213
'00','total',2024-08-19 10:00:00,17299.085591325773
'00','total',2024-08-19 11:00:00,17254.352230028668
'00','total',2024-08-19 12:00:00,17214.81053909265
'00','total',2024-08-19 13:00:00,16983.649662224707
'00','total',2024-08-19 14:00:00,16714.459904965475
'00','total',2024-08-19 15:00:00,16095.62360823669
'00','total',2024-08-19 16:00:00,15587.674334130828
'00','total',2024-08-19 17:00:00,15017.79722147466
'00','total',2024-08-19 18:00:00,14704.428498096398
'00','total',2024-08-19 19:00:00,14493.045538623088
'00','total',2024-08-19 20:00:00,14276.086475446056
'00','total',2024-08-19 21:00:00,13687.100578199901
'00','total',2024-08-19 22:00:00,13258.716224982974
'00','total',2024-08-19 23:00:00,12907.501079350626
'00','total',2024-08-20 00:00:00,12624.283146322425
'00','total',2024-08-20 01:00:00,12473.311732611593
'00','total',2024-08-20 02:00:00,12412.637338407436
'00','total',2024-08-20 03:00:00,12564.117663018267
'00','total',2024-08-20 04:00:00,12908.067304219598
'00','total',2024-08-20 05:00:00,14049.597314597286
'00','total',2024-08-20 06:00:00,15321.006332475112
'00','total',2024-08-20 07:00:00,15864.664963511803
'00','total',2024-08-20 08:00:00,16144.172180206358
'00','total',2024-08-20 09:00:00,16389.57769956161
'00','total',2024-08-20 10:00:00,16409.126655750915
'00','total',2024-08-20 11:00:00,16366.540152416204
'00','total',2024-08-20 12:00:00,16273.954229458563
'00','total',2024-08-20 13:00:00,16079.399375236846
'00','total',2024-08-20 14:00:00,15883.809412388151
'00','total',2024-08-20 15:00:00,15382.210799362607
'00','total',2024-08-20 16:00:00,15011.609024920752
'00','total',2024-08-20 17:00:00,14560.606303938375
'00','total',2024-08-20 18:00:00,14351.627141299556
'00','total',2024-08-20 19:00:00,14194.428313568662
'00','total',2024-08-20 20:00:00,14066.700479967534
'00','total',2024-08-20 21:00:00,13512.743615080384
'00','total',2024-08-20 22:00:00,13096.47395293823
'00','total',2024-08-20 23:00:00,12697.79389429263
'00','total',2024-08-21 00:00:00,12484.451516807094
'00','total',2024-08-21 01:00:00,12316.88855037002
'00','total',2024-08-21 02:00:00,12327.459144119764
'00','total',2024-08-21 03:00:00,12425.848982796255
'00','total',2024-08-21 04:00:00,12735.981725393709
'00','total',2024-08-21 05:00:00,13890.912436847571
'00','total',2024-08-21 06:00:00,15137.730378656945
'00','total',2024-08-21 07:00:00,15745.086498971817
'00','total',2024-08-21 08:00:00,16034.343405367954
'00','total',2024-08-21 09:00:00,16285.734195762694
'00','total',2024-08-21 10:00:00,16321.83846522537
'00','total',2024-08-21 11:00:00,16263.27061517829
'00','total',2024-08-21 12:00:00,16165.268649710344
'00','total',2024-08-21 13:00:00,15975.06683663131
'00','total',2024-08-21 14:00:00,15718.342326895407
'00','total',2024-08-21 15:00:00,15153.056185993732
'00','total',2024-08-21 16:00:00,14837.85524392955
'00','total',2024-08-21 17:00:00,14449.163131655352
'00','total',2024-08-21 18:00:00,14192.155428346356
'00','total',2024-08-21 19:00:00,14134.618425633482
'00','total',2024-08-21 20:00:00,13967.13730723779
'00','total',2024-08-21 21:00:00,13431.82526338071
'00','total',2024-08-21 22:00:00,13052.758819246248
'00','total',2024-08-21 23:00:00,12663.326499407049
'00','total',2024-08-22 00:00:00,12474.973896975036
'00','total',2024-08-22 01:00:00,12380.250011923265
'00','total',2024-08-22 02:00:00,12446.657090041503
'00','total',2024-08-22 03:00:00,12523.8459231634
'00','total',2024-08-22 04:00:00,12785.946005308228
'00','total',2024-08-22 05:00:00,14000.805092487135
'00','total',2024-08-22 06:00:00,15238.649017328924
'00','total',2024-08-22 07:00:00,15745.081083935329
'00','total',2024-08-22 08:00:00,15968.778497735258
'00','total',2024-08-22 09:00:00,16139.442322746514
'00','total',2024-08-22 10:00:00,16191.179966099899
'00','total',2024-08-22 11:00:00,16113.79311490264
'00','total',2024-08-22 12:00:00,16157.400890505995
'00','total',2024-08-22 13:00:00,15992.984385926224
'00','total',2024-08-22 14:00:00,15766.318454460305
'00','total',2024-08-22 15:00:00,15218.038552768878
'00','total',2024-08-22 16:00:00,14918.603849651243
'00','total',2024-08-22 17:00:00,14506.454107912636
'00','total',2024-08-22 18:00:00,14391.201882452586
'00','total',2024-08-22 19:00:00,14286.086349586873
'00','total',2024-08-22 20:00:00,14068.795138794783
'00','total',2024-08-22 21:00:00,13514.635698091786
'00','total',2024-08-22 22:00:00,13065.014118451587
'00','total',2024-08-22 23:00:00,12754.135182393058
'00','total',2024-08-23 00:00:00,12609.787477264621
'00','total',2024-08-23 01:00:00,12392.583004242866
'00','total',2024-08-23 02:00:00,12353.490634520978
'00','total',2024-08-23 03:00:00,12539.795647630239
'00','total',2024-08-23 04:00:00,13003.843170180942
'00','total',2024-08-23 05:00:00,14422.981333022764
'00','total',2024-08-23 06:00:00,15807.936649088719
'00','total',2024-08-23 07:00:00,16404.09869999862
'00','total',2024-08-23 08:00:00,16667.652116217425
'00','total',2024-08-23 09:00:00,16821.344680921746
'00','total',2024-08-23 10:00:00,16803.725963822657
'00','total',2024-08-23 11:00:00,16791.23707071796
'00','total',2024-08-23 12:00:00,16753.84866806752
'00','total',2024-08-23 13:00:00,16627.864285575182
'00','total',2024-08-23 14:00:00,16405.017138432584
'00','total',2024-08-23 15:00:00,15781.511429550417
'00','total',2024-08-23 16:00:00,15398.821752833157
'00','total',2024-08-23 17:00:00,14975.345067782162
'00','total',2024-08-23 18:00:00,14706.065279253899
'00','total',2024-08-23 19:00:00,14511.188398493396
'00','total',2024-08-23 20:00:00,14284.73200929568
'00','total',2024-08-23 21:00:00,13800.473157451914
'00','total',2024-08-23 22:00:00,13340.221801931188
'00','total',2024-08-23 23:00:00,13017.58054837248
'00','total',2024-08-24 00:00:00,12814.383342032985
'00','total',2024-08-24 01:00:00,12711.96391578944
'00','total',2024-08-24 02:00:00,12708.004489835785
'00','total',2024-08-24 03:00:00,12884.240318995367
'00','total',2024-08-24 04:00:00,13341.195564160766
'00','total',2024-08-24 05:00:00,14800.98823925732
'00','total',2024-08-24 06:00:00,16228.859487730513
'00','total',2024-08-24 07:00:00,16806.79644384035
'00','total',2024-08-24 08:00:00,16975.647153193917
'00','total',2024-08-24 09:00:00,17110.37070137576
'00','total',2024-08-24 10:00:00,17100.375410474277
'00','total',2024-08-24 11:00:00,17037.868309427577
'00','total',2024-08-24 12:00:00,16995.269660709277
'00','total',2024-08-24 13:00:00,16771.838893002383
'00','total',2024-08-24 14:00:00,16531.101957651877
'00','total',2024-08-24 15:00:00,15909.217892831597
'00','total',2024-08-24 16:00:00,15510.557780869705
'00','total',2024-08-24 17:00:00,15047.845932373684
'00','total',2024-08-24 18:00:00,14783.352937340249
'00','total',2024-08-24 19:00:00,14698.384804223648
'00','total',2024-08-24 20:00:00,14451.484082167075
'00','total',2024-08-24 21:00:00,13932.331993740705
'00','total',2024-08-24 22:00:00,13453.047538447792
'00','total',2024-08-24 23:00:00,13003.242863515603
'00','total',2024-08-25 00:00:00,12763.283909553866
'00','total',2024-08-25 01:00:00,12618.387663506048
'00','total',2024-08-25 02:00:00,12640.288041019014
'00','total',2024-08-25 03:00:00,12748.790351626774
'00','total',2024-08-25 04:00:00,13196.796515044914
'00','total',2024-08-25 05:00:00,14620.569716967597
'00','total',2024-08-25 06:00:00,16106.134999346783
'00','total',2024-08-25 07:00:00,16654.87042946678
'00','total',2024-08-25 08:00:00,16810.99177974977
'00','total',2024-08-25 09:00:00,17057.81888781308
'00','total',2024-08-25 10:00:00,17075.900517559417
'00','total',2024-08-25 11:00:00,17034.023801957723
'00','total',2024-08-25 12:00:00,17025.31548812848
'00','total',2024-08-25 13:00:00,16884.40613835687
'00','total',2024-08-25 14:00:00,16587.645532943567
'00','total',2024-08-25 15:00:00,15988.97013583343
'00','total',2024-08-25 16:00:00,15584.288371239609
'00','total',2024-08-25 17:00:00,15101.782476175023
'00','total',2024-08-25 18:00:00,14826.993585901992
'00','total',2024-08-25 19:00:00,14672.3961249842
'00','total',2024-08-25 20:00:00,14446.066177511862
'00','total',2024-08-25 21:00:00,13874.728100833041
'00','total',2024-08-25 22:00:00,13479.852655592304
'00','total',2024-08-25 23:00:00,13126.297666511415
'00','total',2024-08-26 00:00:00,12867.828453188275
'00','total',2024-08-26 01:00:00,12745.392384072607
'00','total',2024-08-26 02:00:00,12696.814227517443
'00','total',2024-08-26 03:00:00,12869.460765120464
'00','total',2024-08-26 04:00:00,13417.393168433222
'00','total',2024-08-26 05:00:00,14957.951255052734
'00','total',2024-08-26 06:00:00,16447.321468466664
'00','total',2024-08-26 07:00:00,17073.390979678672
'00','total',2024-08-26 08:00:00,17349.752537299257
'00','total',2024-08-26 09:00:00,17519.137131414653
'00','total',2024-08-26 10:00:00,17506.86245623801
'00','total',2024-08-26 11:00:00,17475.71133684836
'00','total',2024-08-26 12:00:00,17345.69765109436
'00','total',2024-08-26 13:00:00,17154.394420320117
'00','total',2024-08-26 14:00:00,16884.04163493558
'00','total',2024-08-26 15:00:00,16270.219106787543
'00','total',2024-08-26 16:00:00,15821.259843699472
'00','total',2024-08-26 17:00:00,15359.132848796793
'00','total',2024-08-26 18:00:00,15038.49744387283
'00','total',2024-08-26 19:00:00,14831.968046700229
'00','total',2024-08-26 20:00:00,14512.137261558906
'00','total',2024-08-26 21:00:00,13853.247571928234
'00','total',2024-08-26 22:00:00,13392.832370566008
'00','total',2024-08-26 23:00:00,13036.548575706485
'00','total',2024-08-27 00:00:00,12753.523893719686
'00','total',2024-08-27 01:00:00,12634.93321478448
'00','total',2024-08-27 02:00:00,12616.24741338463
'00','total',2024-08-27 03:00:00,12732.991083693776
'00','total',2024-08-27 04:00:00,13101.754078246846
'00','total',2024-08-27 05:00:00,14319.563265644874
'00','total',2024-08-27 06:00:00,15568.823120849782
'00','total',2024-08-27 07:00:00,16087.688055075309
'00','total',2024-08-27 08:00:00,16264.14986038556
'00','total',2024-08-27 09:00:00,16428.531108478037
'00','total',2024-08-27 10:00:00,16474.02676833675
'00','total',2024-08-27 11:00:00,16464.481073039915
'00','total',2024-08-27 12:00:00,16396.0914482248
'00','total',2024-08-27 13:00:00,16197.760479407225
'00','total',2024-08-27 14:00:00,15984.65983711072
'00','total',2024-08-27 15:00:00,15436.956097135793
'00','total',2024-08-27 16:00:00,15022.461765831771
'00','total',2024-08-27 17:00:00,14624.901452090802
'00','total',2024-08-27 18:00:00,14389.12590543708
'00','total',2024-08-27 19:00:00,14295.699838405515
'00','total',2024-08-27 20:00:00,14016.709931954549
'00','total',2024-08-27 21:00:00,13467.63255671207
'00','total',2024-08-27 22:00:00,13078.57102802188
'00','total',2024-08-27 23:00:00,12664.248022434816
'00','total',2024-08-28 00:00:00,12461.374286945595
'00','total',2024-08-28 01:00:00,12387.352597953535
'00','total',2024-08-28 02:00:00,12334.229979265694
'00','total',2024-08-28 03:00:00,12470.083163023648
'00','total',2024-08-28 04:00:00,12901.120893205183
'00','total',2024-08-28 05:00:00,14109.807620310723
'00','total',2024-08-28 06:00:00,15351.583795175542
'00','total',2024-08-28 07:00:00,15847.646502181442
'00','total',2024-08-28 08:00:00,16114.273177831456
'00','total',2024-08-28 09:00:00,16314.044323236458
'00','total',2024-08-28 10:00:00,16324.170303122644
'00','total',2024-08-28 11:00:00,16241.957469210703
'00','total',2024-08-28 12:00:00,16155.360860550592
'00','total',2024-08-28 13:00:00,15858.289768999179
'00','total',2024-08-28 14:00:00,15589.172121868989
'00','total',2024-08-28 15:00:00,15091.402928142492
'00','total',2024-08-28 16:00:00,14770.893780175495
'00','total',2024-08-28 17:00:00,14434.579273321997
'00','total',2024-08-28 18:00:00,14222.446798190607
'00','total',2024-08-28 19:00:00,14180.403634181825
'00','total',2024-08-28 20:00:00,13916.142179210116
'00','total',2024-08-28 21:00:00,13409.733144596996
'00','total',2024-08-28 22:00:00,12957.824220276334
'00','total',2024-08-28 23:00:00,12618.676208707617
'00','total',2024-08-29 00:00:00,12503.030265585281
'00','total',2024-08-29 01:00:00,12404.905164425789
'00','total',2024-08-29 02:00:00,12367.857796691611
'00','total',2024-08-29 03:00:00,12543.70106536714
'00','total',2024-08-29 04:00:00,12960.213837803189
'00','total',2024-08-29 05:00:00,14184.45168905703
'00','total',2024-08-29 06:00:00,15402.375941796665
'00','total',2024-08-29 07:00:00,15883.183510268405
'00','total',2024-08-29 08:00:00,16119.886860016662
'00','total',2024-08-29 09:00:00,16252.777796167995
'00','total',2024-08-29 10:00:00,16231.944384333407
'00','total',2024-08-29 11:00:00,16159.148050337843
'00','total',2024-08-29 12:00:00,16143.984245603826
'00','total',2024-08-29 13:00:00,15968.476035294576
'00','total',2024-08-29 14:00:00,15798.513308237818
'00','total',2024-08-29 15:00:00,15288.110488250553
'00','total',2024-08-29 16:00:00,14973.184114898102
'00','total',2024-08-29 17:00:00,14628.280095241651
'00','total',2024-08-29 18:00:00,14458.795225529866
'00','total',2024-08-29 19:00:00,14448.517870637988
'00','total',2024-08-29 20:00:00,14128.228784359984
'00','total',2024-08-29 21:00:00,13638.854121270308
'00','total',2024-08-29 22:00:00,13218.00740465936
'00','total',2024-08-29 23:00:00,12783.394085224105
'00','total',2024-08-30 00:00:00,12590.447254645236
'00','total',2024-08-30 01:00:00,12416.461174762222
'00','total',2024-08-30 02:00:00,12391.844062028951
'00','total',2024-08-30 03:00:00,12603.546075808434
'00','total',2024-08-30 04:00:00,13219.418522866556
'00','total',2024-08-30 05:00:00,14653.996368994418
'00','total',2024-08-30 06:00:00,16019.979745705486
'00','total',2024-08-30 07:00:00,16486.849121725874
'00','total',2024-08-30 08:00:00,16691.474430198403
'00','total',2024-08-30 09:00:00,16777.3913095728
'00','total',2024-08-30 10:00:00,16789.084435442426
'00','total',2024-08-30 11:00:00,16716.31677445957
'00','total',2024-08-30 12:00:00,16692.482815646348
'00','total',2024-08-30 13:00:00,16523.124287673283
'00','total',2024-08-30 14:00:00,16232.902754075167
'00','total',2024-08-30 15:00:00,15637.38829127147
'00','total',2024-08-30 16:00:00,15340.422204996597
'00','total',2024-08-30 17:00:00,14923.005237289182
'00','total',2024-08-30 18:00:00,14701.36944626824
'00','total',2024-08-30 19:00:00,14628.461670518662
'00','total',2024-08-30 20:00:00,14263.559106442457
'00','total',2024-08-30 21:00:00,13740.175328754305
'00','total',2024-08-30 22:00:00,13300.54520312619
'00','total',2024-08-30 23:00:00,12899.382118731251
'00','total',2024-08-31 00:00:00,12694.02797590859
'00','total',2024-08-31 01:00:00,12630.317075381496
'00','total',2024-08-31 02:00:00,12556.136846001938
'00','total',2024-08-31 03:00:00,12780.596044131875
'00','total',2024-08-31 04:00:00,13331.230729252227
'00','total',2024-08-31 05:00:00,14834.231700132994
'00','total',2024-08-31 06:00:00,16246.881498189203
'00','total',2024-08-31 07:00:00,16789.65550691083
'00','total',2024-08-31 08:00:00,16949.94343971067
'00','total',2024-08-31 09:00:00,17026.52351067033
'00','total',2024-08-31 10:00:00,17052.314945746584
'00','total',2024-08-31 11:00:00,16985.608973375325
'00','total',2024-08-31 12:00:00,16949.283059546924
'00','total',2024-08-31 13:00:00,16852.281458094425
'00','total',2024-08-31 14:00:00,16641.606771637755
'00','total',2024-08-31 15:00:00,15987.708766140411
'00','total',2024-08-31 16:00:00,15605.616290862192
'00','total',2024-08-31 17:00:00,15169.218992503977
'00','total',2024-08-31 18:00:00,14983.93581597846
'00','total',2024-08-31 19:00:00,14955.83336955091
'00','total',2024-08-31 20:00:00,14549.30752133639
'00','total',2024-08-31 21:00:00,13919.197591932356
'00','total',2024-08-31 22:00:00,13475.807866797872
'00','total',2024-08-31 23:00:00,13108.268135804976
'00','total',2024-09-01 00:00:00,13961.890120468557
'00','total',2024-09-01 01:00:00,13810.520075598331
'00','total',2024-09-01 02:00:00,13798.618508375686
'00','total',2024-09-01 03:00:00,13910.92992933406
'00','total',2024-09-01 04:00:00,14518.31024292708
'00','total',2024-09-01 05:00:00,16001.730264188378
'00','total',2024-09-01 06:00:00,17888.348990858816
'00','total',2024-09-01 07:00:00,18921.139877826205
'00','total',2024-09-01 08:00:00,19253.59133870751
'00','total',2024-09-01 09:00:00,19232.05403842819
'00','total',2024-09-01 10:00:00,19217.22618712667
'00','total',2024-09-01 11:00:00,19064.127330619944
'00','total',2024-09-01 12:00:00,18991.563465240637
'00','total',2024-09-01 13:00:00,18845.714758902584
'00','total',2024-09-01 14:00:00,18645.081157120065
'00','total',2024-09-01 15:00:00,18175.195938841025
'00','total',2024-09-01 16:00:00,17599.848115540706
'00','total',2024-09-01 17:00:00,17047.79341367623
'00','total',2024-09-01 18:00:00,16597.465145268707
'00','total',2024-09-01 19:00:00,16403.97367650685
'00','total',2024-09-01 20:00:00,15961.117923750355
'00','total',2024-09-01 21:00:00,15295.180346350144
'00','total',2024-09-01 22:00:00,14716.341777005426
'00','total',2024-09-01 23:00:00,14280.486663017664
'00','total',2024-09-02 00:00:00,13692.26852096906
'00','total',2024-09-02 01:00:00,13566.362902709143
'00','total',2024-09-02 02:00:00,13499.92258225773
'00','total',2024-09-02 03:00:00,13616.238095157336
'00','total',2024-09-02 04:00:00,14076.55994502331
'00','total',2024-09-02 05:00:00,15069.780953920548
'00','total',2024-09-02 06:00:00,16128.098389420174
'00','total',2024-09-02 07:00:00,16625.686704705407
'00','total',2024-09-02 08:00:00,16758.490958374983
'00','total',2024-09-02 09:00:00,16977.50378219018
'00','total',2024-09-02 10:00:00,17056.21407849251
'00','total',2024-09-02 11:00:00,17028.933933182467
'00','total',2024-09-02 12:00:00,16991.738335744496
'00','total',2024-09-02 13:00:00,16779.533282349308
'00','total',2024-09-02 14:00:00,16603.073198998107
'00','total',2024-09-02 15:00:00,16247.530350741737
'00','total',2024-09-02 16:00:00,16034.73830407946
'00','total',2024-09-02 17:00:00,15748.499006268898
'00','total',2024-09-02 18:00:00,15490.944571204936
'00','total',2024-09-02 19:00:00,15306.977409250296
'00','total',2024-09-02 20:00:00,14918.378473040175
'00','total',2024-09-02 21:00:00,14390.139773938778
'00','total',2024-09-02 22:00:00,13934.911514890284
'00','total',2024-09-02 23:00:00,13571.860533928535
'00','total',2024-09-03 00:00:00,13497.54284933489
'00','total',2024-09-03 01:00:00,13368.349913450422
'00','total',2024-09-03 02:00:00,13299.17839124139
'00','total',2024-09-03 03:00:00,13385.892398194432
'00','total',2024-09-03 04:00:00,13752.878455407308
'00','total',2024-09-03 05:00:00,14672.0445259435
'00','total',2024-09-03 06:00:00,15722.093681077218
'00','total',2024-09-03 07:00:00,16425.869329341906
'00','total',2024-09-03 08:00:00,16775.948319892283
'00','total',2024-09-03 09:00:00,16975.793443795006
'00','total',2024-09-03 10:00:00,16971.74329928087
'00','total',2024-09-03 11:00:00,16917.204628518986
'00','total',2024-09-03 12:00:00,16796.448189526232
'00','total',2024-09-03 13:00:00,16648.24229427512
'00','total',2024-09-03 14:00:00,16424.204475574003
'00','total',2024-09-03 15:00:00,16050.928640975237
'00','total',2024-09-03 16:00:00,15720.166563123877
'00','total',2024-09-03 17:00:00,15543.43406724098
'00','total',2024-09-03 18:00:00,15433.127449113506
'00','total',2024-09-03 19:00:00,15356.618071192259
'00','total',2024-09-03 20:00:00,14937.936947067235
'00','total',2024-09-03 21:00:00,14478.960625164078
'00','total',2024-09-03 22:00:00,14080.501660981545
'00','total',2024-09-03 23:00:00,13738.490328888836
'00','total',2024-09-04 00:00:00,13184.455119615888
'00','total',2024-09-04 01:00:00,13128.255348142058
'00','total',2024-09-04 02:00:00,13150.391513868859
'00','total',2024-09-04 03:00:00,13340.63780938176
'00','total',2024-09-04 04:00:00,13907.443145129339
'00','total',2024-09-04 05:00:00,15222.99503151886
'00','total',2024-09-04 06:00:00,16418.136568835343
'00','total',2024-09-04 07:00:00,16886.060815509823
'00','total',2024-09-04 08:00:00,17019.958329240075
'00','total',2024-09-04 09:00:00,17124.142520846548
'00','total',2024-09-04 10:00:00,17070.20972689024
'00','total',2024-09-04 11:00:00,16952.75813132522
'00','total',2024-09-04 12:00:00,16862.20911855892
'00','total',2024-09-04 13:00:00,16608.26585682384
'00','total',2024-09-04 14:00:00,16351.198621652147
'00','total',2024-09-04 15:00:00,15787.565347824679
'00','total',2024-09-04 16:00:00,15458.5941190151
'00','total',2024-09-04 17:00:00,15187.168368280914
'00','total',2024-09-04 18:00:00,15000.544948290624
'00','total',2024-09-04 19:00:00,14961.051125655707
'00','total',2024-09-04 20:00:00,14537.623107909065
'00','total',2024-09-04 21:00:00,14033.895687144239
'00','total',2024-09-04 22:00:00,13695.170997801319
'00','total',2024-09-04 23:00:00,13365.014030327122
'00','total',2024-09-05 00:00:00,12828.188015084794
'00','total',2024-09-05 01:00:00,12735.838916932353
'00','total',2024-09-05 02:00:00,12694.448777951213
'00','total',2024-09-05 03:00:00,12813.264711629572
'00','total',2024-09-05 04:00:00,13309.029793249432
'00','total',2024-09-05 05:00:00,14576.075330232215
'00','total',2024-09-05 06:00:00,15777.812124404045
'00','total',2024-09-05 07:00:00,16150.764223786453
'00','total',2024-09-05 08:00:00,16294.428646276288
'00','total',2024-09-05 09:00:00,16400.951706167096
'00','total',2024-09-05 10:00:00,16352.049423392495
'00','total',2024-09-05 11:00:00,16285.170230065813
'00','total',2024-09-05 12:00:00,16232.573000781244
'00','total',2024-09-05 13:00:00,16089.829875478297
'00','total',2024-09-05 14:00:00,15887.327200727428
'00','total',2024-09-05 15:00:00,15419.548296392626
'00','total',2024-09-05 16:00:00,15176.041336464146
'00','total',2024-09-05 17:00:00,14797.867610200381
'00','total',2024-09-05 18:00:00,14707.97822785263
'00','total',2024-09-05 19:00:00,14656.408407620173
'00','total',2024-09-05 20:00:00,14326.330431164528
'00','total',2024-09-05 21:00:00,13855.316244579533
'00','total',2024-09-05 22:00:00,13433.029626979134
'00','total',2024-09-05 23:00:00,13066.064514790422
'00','total',2024-09-06 00:00:00,12326.294026830516
'00','total',2024-09-06 01:00:00,12175.0388686705
'00','total',2024-09-06 02:00:00,12121.724668935078
'00','total',2024-09-06 03:00:00,12294.295544807
'00','total',2024-09-06 04:00:00,12743.460119724086
'00','total',2024-09-06 05:00:00,13887.873701853554
'00','total',2024-09-06 06:00:00,14974.5875393701
'00','total',2024-09-06 07:00:00,15416.002043726568
'00','total',2024-09-06 08:00:00,15575.829909467526
'00','total',2024-09-06 09:00:00,15737.872128070947
'00','total',2024-09-06 10:00:00,15747.20852685895
'00','total',2024-09-06 11:00:00,15667.75118873497
'00','total',2024-09-06 12:00:00,15633.82045156207
'00','total',2024-09-06 13:00:00,15532.53682366998
'00','total',2024-09-06 14:00:00,15385.115976669926
'00','total',2024-09-06 15:00:00,14927.061965402248
'00','total',2024-09-06 16:00:00,14664.072904943187
'00','total',2024-09-06 17:00:00,14370.47955941455
'00','total',2024-09-06 18:00:00,14277.228040308764
'00','total',2024-09-06 19:00:00,14192.21187465571
'00','total',2024-09-06 20:00:00,13837.265863192993
'00','total',2024-09-06 21:00:00,13361.879445059292
'00','total',2024-09-06 22:00:00,13065.14453473535
'00','total',2024-09-06 23:00:00,12743.906631988184
'00','total',2024-09-07 00:00:00,12656.924572566477
'00','total',2024-09-07 01:00:00,12566.00448529627
'00','total',2024-09-07 02:00:00,12622.806718658516
'00','total',2024-09-07 03:00:00,12830.894543843631
'00','total',2024-09-07 04:00:00,13620.062092773534
'00','total',2024-09-07 05:00:00,15373.44727527742
'00','total',2024-09-07 06:00:00,17015.16710375149
'00','total',2024-09-07 07:00:00,17503.742846393267
'00','total',2024-09-07 08:00:00,17642.3578353702
'00','total',2024-09-07 09:00:00,17733.719153659968
'00','total',2024-09-07 10:00:00,17643.67311780339
'00','total',2024-09-07 11:00:00,17583.74126822137
'00','total',2024-09-07 12:00:00,17599.51627191908
'00','total',2024-09-07 13:00:00,17439.10780432723
'00','total',2024-09-07 14:00:00,17238.515371426172
'00','total',2024-09-07 15:00:00,16508.170876570177
'00','total',2024-09-07 16:00:00,16087.545019264418
'00','total',2024-09-07 17:00:00,15611.860924728066
'00','total',2024-09-07 18:00:00,15405.665451337243
'00','total',2024-09-07 19:00:00,15230.54126008418
'00','total',2024-09-07 20:00:00,14746.028670744443
'00','total',2024-09-07 21:00:00,14229.503569370881
'00','total',2024-09-07 22:00:00,13711.797940246204
'00','total',2024-09-07 23:00:00,13263.471328158508
'00','total',2024-09-08 00:00:00,12873.090327646049
'00','total',2024-09-08 01:00:00,12766.31837427002
'00','total',2024-09-08 02:00:00,12741.592834121686
'00','total',2024-09-08 03:00:00,12948.860908475142
'00','total',2024-09-08 04:00:00,13723.891901155795
'00','total',2024-09-08 05:00:00,15509.799912515753
'00','total',2024-09-08 06:00:00,17213.463888372975
'00','total',2024-09-08 07:00:00,17827.088394795748
'00','total',2024-09-08 08:00:00,17880.34895261293
'00','total',2024-09-08 09:00:00,17936.17939881753
'00','total',2024-09-08 10:00:00,17790.342112783528
'00','total',2024-09-08 11:00:00,17636.794113868007
'00','total',2024-09-08 12:00:00,17476.297633686496
'00','total',2024-09-08 13:00:00,17203.09811206794
'00','total',2024-09-08 14:00:00,16831.790050872605
'00','total',2024-09-08 15:00:00,16166.419031757483
'00','total',2024-09-08 16:00:00,15718.488548773894
'00','total',2024-09-08 17:00:00,15272.060581850596
'00','total',2024-09-08 18:00:00,15065.198153334832
'00','total',2024-09-08 19:00:00,14784.416792934284
'00','total',2024-09-08 20:00:00,14361.967835070072
'00','total',2024-09-08 21:00:00,13769.896797098958
'00','total',2024-09-08 22:00:00,13276.363102949297
'00','total',2024-09-08 23:00:00,12869.910256254592
'00','total',2024-09-09 00:00:00,12861.19641907757
'00','total',2024-09-09 01:00:00,12734.567388241501
'00','total',2024-09-09 02:00:00,12743.053978675185
'00','total',2024-09-09 03:00:00,12989.756512816115
'00','total',2024-09-09 04:00:00,13646.043832056535
'00','total',2024-09-09 05:00:00,15197.019519130214
'00','total',2024-09-09 06:00:00,16699.688520639484
'00','total',2024-09-09 07:00:00,17286.736920240142
'00','total',2024-09-09 08:00:00,17465.42301943785
'00','total',2024-09-09 09:00:00,17585.576159705208
'00','total',2024-09-09 10:00:00,17504.416410184112
'00','total',2024-09-09 11:00:00,17447.51955817702
'00','total',2024-09-09 12:00:00,17347.392031244293
'00','total',2024-09-09 13:00:00,17078.1942545515
'00','total',2024-09-09 14:00:00,16802.870465128246
'00','total',2024-09-09 15:00:00,16147.695797132877
'00','total',2024-09-09 16:00:00,15756.111880031509
'00','total',2024-09-09 17:00:00,15323.362902668609
'00','total',2024-09-09 18:00:00,15172.67462174704
'00','total',2024-09-09 19:00:00,15057.99602385735
'00','total',2024-09-09 20:00:00,14552.874408881
'00','total',2024-09-09 21:00:00,13938.922629705177
'00','total',2024-09-09 22:00:00,13502.768930318158
'00','total',2024-09-09 23:00:00,13344.708117937984
'00','total',2024-09-10 00:00:00,13157.107014999738
'00','total',2024-09-10 01:00:00,13017.614829693133
'00','total',2024-09-10 02:00:00,13006.615220577458
'00','total',2024-09-10 03:00:00,13197.534964947592
'00','total',2024-09-10 04:00:00,13670.571314825213
'00','total',2024-09-10 05:00:00,14979.166480194877
'00','total',2024-09-10 06:00:00,16169.187030401114
'00','total',2024-09-10 07:00:00,16608.878939177306
'00','total',2024-09-10 08:00:00,16779.921807692546
'00','total',2024-09-10 09:00:00,16895.099005391105
'00','total',2024-09-10 10:00:00,16845.7166124279
'00','total',2024-09-10 11:00:00,16827.423584929416
'00','total',2024-09-10 12:00:00,16720.738291273196
'00','total',2024-09-10 13:00:00,16491.64507070798
'00','total',2024-09-10 14:00:00,16231.823356793619
'00','total',2024-09-10 15:00:00,15676.499931901466
'00','total',2024-09-10 16:00:00,15400.343754925158
'00','total',2024-09-10 17:00:00,15151.622964651402
'00','total',2024-09-10 18:00:00,15033.464494734035
'00','total',2024-09-10 19:00:00,14827.439585792852
'00','total',2024-09-10 20:00:00,14344.11585379349
'00','total',2024-09-10 21:00:00,13816.55145848975
'00','total',2024-09-10 22:00:00,13419.614301076723
'00','total',2024-09-10 23:00:00,13070.507114509612
'00','total',2024-09-11 00:00:00,13021.499539837067
'00','total',2024-09-11 01:00:00,12897.22796731531
'00','total',2024-09-11 02:00:00,12892.80290096391
'00','total',2024-09-11 03:00:00,13020.180812823348
'00','total',2024-09-11 04:00:00,13400.294872679793
'00','total',2024-09-11 05:00:00,14366.328023743143
'00','total',2024-09-11 06:00:00,15286.680884200645
'00','total',2024-09-11 07:00:00,15765.51160915118
'00','total',2024-09-11 08:00:00,16019.634761134612
'00','total',2024-09-11 09:00:00,16210.077365950836
'00','total',2024-09-11 10:00:00,16258.919061297314
'00','total',2024-09-11 11:00:00,16173.301274589474
'00','total',2024-09-11 12:00:00,16117.121004918443
'00','total',2024-09-11 13:00:00,15956.513729049968
'00','total',2024-09-11 14:00:00,15709.760769662676
'00','total',2024-09-11 15:00:00,15413.002913838574
'00','total',2024-09-11 16:00:00,15250.74988013924
'00','total',2024-09-11 17:00:00,14963.931895550584
'00','total',2024-09-11 18:00:00,14899.297547793933
'00','total',2024-09-11 19:00:00,14695.987385817623
'00','total',2024-09-11 20:00:00,14310.799263296427
'00','total',2024-09-11 21:00:00,13770.550981588458
'00','total',2024-09-11 22:00:00,13365.36614663737
'00','total',2024-09-11 23:00:00,13048.689024979376
'00','total',2024-09-12 00:00:00,13008.190478808514
'00','total',2024-09-12 01:00:00,12907.169526385951
'00','total',2024-09-12 02:00:00,12889.913832855653
'00','total',2024-09-12 03:00:00,12992.391809874705
'00','total',2024-09-12 04:00:00,13480.419451248592
'00','total',2024-09-12 05:00:00,14474.071130096192
'00','total',2024-09-12 06:00:00,15746.228962855186
'00','total',2024-09-12 07:00:00,16582.132607527372
'00','total',2024-09-12 08:00:00,16943.889417858343
'00','total',2024-09-12 09:00:00,17170.418949925905
'00','total',2024-09-12 10:00:00,17199.79521045553
'00','total',2024-09-12 11:00:00,17154.202279838788
'00','total',2024-09-12 12:00:00,17196.349816635142
'00','total',2024-09-12 13:00:00,17075.43547605323
'00','total',2024-09-12 14:00:00,16974.572286908744
'00','total',2024-09-12 15:00:00,16602.77671189325
'00','total',2024-09-12 16:00:00,16204.459108045501
'00','total',2024-09-12 17:00:00,15839.468529273978
'00','total',2024-09-12 18:00:00,15627.8638025341
'00','total',2024-09-12 19:00:00,15390.48970462615
'00','total',2024-09-12 20:00:00,14902.704656204161
'00','total',2024-09-12 21:00:00,14398.784449573754
'00','total',2024-09-12 22:00:00,13971.98351371628
'00','total',2024-09-12 23:00:00,13644.685525186733
'00','total',2024-09-13 00:00:00,12580.049637314178
'00','total',2024-09-13 01:00:00,12449.985394479629
'00','total',2024-09-13 02:00:00,12491.547457597395
'00','total',2024-09-13 03:00:00,12662.051364010711
'00','total',2024-09-13 04:00:00,13294.608536352978
'00','total',2024-09-13 05:00:00,14855.003227949013
'00','total',2024-09-13 06:00:00,16315.998986639494
'00','total',2024-09-13 07:00:00,16834.538095200438
'00','total',2024-09-13 08:00:00,16920.35509527347
'00','total',2024-09-13 09:00:00,16982.635178092474
'00','total',2024-09-13 10:00:00,16986.455367018432
'00','total',2024-09-13 11:00:00,16932.673669858217
'00','total',2024-09-13 12:00:00,16801.2073427912
'00','total',2024-09-13 13:00:00,16615.466436061946
'00','total',2024-09-13 14:00:00,16273.954193519638
'00','total',2024-09-13 15:00:00,15674.906216453732
'00','total',2024-09-13 16:00:00,15326.708347040745
'00','total',2024-09-13 17:00:00,14966.450826383929
'00','total',2024-09-13 18:00:00,14989.469242144842
'00','total',2024-09-13 19:00:00,14750.433230537
'00','total',2024-09-13 20:00:00,14296.383994156115
'00','total',2024-09-13 21:00:00,13799.623578734918
'00','total',2024-09-13 22:00:00,13416.846695374647
'00','total',2024-09-13 23:00:00,13078.059797760743
'00','total',2024-09-14 00:00:00,12823.462868583161
'00','total',2024-09-14 01:00:00,12663.860507450825
'00','total',2024-09-14 02:00:00,12708.169221588127
'00','total',2024-09-14 03:00:00,12960.318944964623
'00','total',2024-09-14 04:00:00,13603.410427988862
'00','total',2024-09-14 05:00:00,15260.520053244034
'00','total',2024-09-14 06:00:00,16652.26951101348
'00','total',2024-09-14 07:00:00,17112.80436585295
'00','total',2024-09-14 08:00:00,17237.22909426075
'00','total',2024-09-14 09:00:00,17247.65339904506
'00','total',2024-09-14 10:00:00,17167.15740501512
'00','total',2024-09-14 11:00:00,17088.879789058297
'00','total',2024-09-14 12:00:00,17031.806935172957
'00','total',2024-09-14 13:00:00,16836.92200197853
'00','total',2024-09-14 14:00:00,16607.950868628195
'00','total',2024-09-14 15:00:00,16021.95338590492
'00','total',2024-09-14 16:00:00,15728.575510338107
'00','total',2024-09-14 17:00:00,15369.29433244671
'00','total',2024-09-14 18:00:00,15414.950314980886
'00','total',2024-09-14 19:00:00,15151.316198059656
'00','total',2024-09-14 20:00:00,14673.274033334927
'00','total',2024-09-14 21:00:00,14054.912028598359
'00','total',2024-09-14 22:00:00,13569.182013006257
'00','total',2024-09-14 23:00:00,13074.564795722348
'00','total',2024-09-15 00:00:00,12856.452329826174
'00','total',2024-09-15 01:00:00,12773.75506812042
'00','total',2024-09-15 02:00:00,12761.078967389702
'00','total',2024-09-15 03:00:00,13025.098278720634
'00','total',2024-09-15 04:00:00,13620.339862519922
'00','total',2024-09-15 05:00:00,15200.43050647582
'00','total',2024-09-15 06:00:00,16587.10907086071
'00','total',2024-09-15 07:00:00,17018.4736791531
'00','total',2024-09-15 08:00:00,17122.094750543532
'00','total',2024-09-15 09:00:00,17182.718249363083
'00','total',2024-09-15 10:00:00,17145.15813734077
'00','total',2024-09-15 11:00:00,17062.950501052917
'00','total',2024-09-15 12:00:00,16993.814042878308
'00','total',2024-09-15 13:00:00,16764.5193697702
'00','total',2024-09-15 14:00:00,16548.82187921661
'00','total',2024-09-15 15:00:00,16013.155560876672
'00','total',2024-09-15 16:00:00,15703.548079134356
'00','total',2024-09-15 17:00:00,15465.737585004239
'00','total',2024-09-15 18:00:00,15470.015664349137
'00','total',2024-09-15 19:00:00,15139.82952357684
'00','total',2024-09-15 20:00:00,14653.285031093821
'00','total',2024-09-15 21:00:00,14136.407809950135
'00','total',2024-09-15 22:00:00,13709.019067870322
'00','total',2024-09-15 23:00:00,13219.224752034092
'00','total',2024-09-16 00:00:00,13046.776726191585
'00','total',2024-09-16 01:00:00,12917.556213895994
'00','total',2024-09-16 02:00:00,12881.958603187013
'00','total',2024-09-16 03:00:00,13096.68782296788
'00','total',2024-09-16 04:00:00,13789.971970121444
'00','total',2024-09-16 05:00:00,15429.919952555607
'00','total',2024-09-16 06:00:00,16868.87630272959
'00','total',2024-09-16 07:00:00,17496.921653905938
'00','total',2024-09-16 08:00:00,17708.814513538196
'00','total',2024-09-16 09:00:00,17824.466579245865
'00','total',2024-09-16 10:00:00,17695.98378859039
'00','total',2024-09-16 11:00:00,17643.527769336713
'00','total',2024-09-16 12:00:00,17599.065400774314
'00','total',2024-09-16 13:00:00,17355.174244162332
'00','total',2024-09-16 14:00:00,17067.720585400657
'00','total',2024-09-16 15:00:00,16398.148476093236
'00','total',2024-09-16 16:00:00,16042.28511105681
'00','total',2024-09-16 17:00:00,15686.467770422996
'00','total',2024-09-16 18:00:00,15671.987946872378
'00','total',2024-09-16 19:00:00,15313.693384639602
'00','total',2024-09-16 20:00:00,14820.840625955898
'00','total',2024-09-16 21:00:00,14197.738664226195
'00','total',2024-09-16 22:00:00,13631.094233784004
'00','total',2024-09-16 23:00:00,13230.896358469892
'00','total',2024-09-17 00:00:00,13000.82911128704
'00','total',2024-09-17 01:00:00,12870.013370862478
'00','total',2024-09-17 02:00:00,12845.826440581746
'00','total',2024-09-17 03:00:00,13012.045572408973
'00','total',2024-09-17 04:00:00,13639.513037890838
'00','total',2024-09-17 05:00:00,14990.422561992065
'00','total',2024-09-17 06:00:00,16090.771787895736
'00','total',2024-09-17 07:00:00,16568.22310935292
'00','total',2024-09-17 08:00:00,16722.076811317493
'00','total',2024-09-17 09:00:00,16771.279650546898
'00','total',2024-09-17 10:00:00,16734.690498952074
'00','total',2024-09-17 11:00:00,16625.85491034636
'00','total',2024-09-17 12:00:00,16577.712433622757
'00','total',2024-09-17 13:00:00,16376.396505252449
'00','total',2024-09-17 14:00:00,16150.213562610912
'00','total',2024-09-17 15:00:00,15675.685291186639
'00','total',2024-09-17 16:00:00,15362.643549651653
'00','total',2024-09-17 17:00:00,15193.797048075467
'00','total',2024-09-17 18:00:00,15280.053252862921
'00','total',2024-09-17 19:00:00,15057.599065075905
'00','total',2024-09-17 20:00:00,14636.899193588539
'00','total',2024-09-17 21:00:00,14073.71549696863
'00','total',2024-09-17 22:00:00,13700.977038876848
'00','total',2024-09-17 23:00:00,13336.49667644266
'00','total',2024-09-18 00:00:00,13133.057854480872
'00','total',2024-09-18 01:00:00,13017.159211601083
'00','total',2024-09-18 02:00:00,12964.994892894136
'00','total',2024-09-18 03:00:00,13217.040524151871
'00','total',2024-09-18 04:00:00,13858.486537587934
'00','total',2024-09-18 05:00:00,15263.448475683836
'00','total',2024-09-18 06:00:00,16382.048204853998
'00','total',2024-09-18 07:00:00,16779.423272102646
'00','total',2024-09-18 08:00:00,16881.974069744007
'00','total',2024-09-18 09:00:00,16886.749555494247
'00','total',2024-09-18 10:00:00,16800.058698541856
'00','total',2024-09-18 11:00:00,16680.14504087318
'00','total',2024-09-18 12:00:00,16624.047408905775
'00','total',2024-09-18 13:00:00,16437.532998113133
'00','total',2024-09-18 14:00:00,16247.488518565848
'00','total',2024-09-18 15:00:00,15701.882033328378
'00','total',2024-09-18 16:00:00,15460.15283742894
'00','total',2024-09-18 17:00:00,15273.04905011226
'00','total',2024-09-18 18:00:00,15328.42580833412
'00','total',2024-09-18 19:00:00,15051.591368934836
'00','total',2024-09-18 20:00:00,14579.241995044304
'00','total',2024-09-18 21:00:00,14097.964844016444
'00','total',2024-09-18 22:00:00,13662.945445029698
'00','total',2024-09-18 23:00:00,13301.4891948033
'00','total',2024-09-19 00:00:00,13116.096125869808
'00','total',2024-09-19 01:00:00,13046.866657657316
'00','total',2024-09-19 02:00:00,13015.475057959527
'00','total',2024-09-19 03:00:00,13209.93796853928
'00','total',2024-09-19 04:00:00,13769.748670267716
'00','total',2024-09-19 05:00:00,15088.19569931637
'00','total',2024-09-19 06:00:00,16252.105899088268
'00','total',2024-09-19 07:00:00,16722.30187085996
'00','total',2024-09-19 08:00:00,16854.530978371866
'00','total',2024-09-19 09:00:00,16950.737494243593
'00','total',2024-09-19 10:00:00,16943.73459718831
'00','total',2024-09-19 11:00:00,16836.872040996506
'00','total',2024-09-19 12:00:00,16887.197508722922
'00','total',2024-09-19 13:00:00,16789.75604774024
'00','total',2024-09-19 14:00:00,16598.178529084726
'00','total',2024-09-19 15:00:00,16131.561323041715
'00','total',2024-09-19 16:00:00,15899.046943046284
'00','total',2024-09-19 17:00:00,15671.171946428474
'00','total',2024-09-19 18:00:00,15755.61065951018
'00','total',2024-09-19 19:00:00,15428.939634225662
'00','total',2024-09-19 20:00:00,14948.443761441957
'00','total',2024-09-19 21:00:00,14444.06514044109
'00','total',2024-09-19 22:00:00,13979.827240570712
'00','total',2024-09-19 23:00:00,13615.47598117713
'00','total',2024-09-20 00:00:00,13377.594463338475
'00','total',2024-09-20 01:00:00,13238.44451903159
'00','total',2024-09-20 02:00:00,13234.773806706567
'00','total',2024-09-20 03:00:00,13417.10159599504
'00','total',2024-09-20 04:00:00,14072.09724319018
'00','total',2024-09-20 05:00:00,15736.16168617897
'00','total',2024-09-20 06:00:00,17108.136720236278
'00','total',2024-09-20 07:00:00,17612.575531432238
'00','total',2024-09-20 08:00:00,17627.703467795316
'00','total',2024-09-20 09:00:00,17636.604555004837
'00','total',2024-09-20 10:00:00,17476.517941533668
'00','total',2024-09-20 11:00:00,17353.75321772028
'00','total',2024-09-20 12:00:00,17201.206738524324
'00','total',2024-09-20 13:00:00,17004.344478959552
'00','total',2024-09-20 14:00:00,16861.064871036077
'00','total',2024-09-20 15:00:00,16197.602680978907
'00','total',2024-09-20 16:00:00,15930.502517439147
'00','total',2024-09-20 17:00:00,15690.12572503654
'00','total',2024-09-20 18:00:00,15694.116899015315
'00','total',2024-09-20 19:00:00,15333.122642078637
'00','total',2024-09-20 20:00:00,14807.206302321603
'00','total',2024-09-20 21:00:00,14222.633629461427
'00','total',2024-09-20 22:00:00,13692.094072569265
'00','total',2024-09-20 23:00:00,13316.554451339456
'00','total',2024-09-21 00:00:00,13443.748488194306
'00','total',2024-09-21 01:00:00,13344.781937288504
'00','total',2024-09-21 02:00:00,13350.546354018956
'00','total',2024-09-21 03:00:00,13598.993225483246
'00','total',2024-09-21 04:00:00,14292.449679905389
'00','total',2024-09-21 05:00:00,16028.138623773717
'00','total',2024-09-21 06:00:00,17431.749906464473
'00','total',2024-09-21 07:00:00,17917.252598114417
'00','total',2024-09-21 08:00:00,17959.273978311416
'00','total',2024-09-21 09:00:00,17703.444617297606
'00','total',2024-09-21 10:00:00,17565.799630606478
'00','total',2024-09-21 11:00:00,17514.144623710185
'00','total',2024-09-21 12:00:00,17548.266491574235
'00','total',2024-09-21 13:00:00,17385.309597385884
'00','total',2024-09-21 14:00:00,17103.923672424113
'00','total',2024-09-21 15:00:00,16482.717808884914
'00','total',2024-09-21 16:00:00,16191.047246274966
'00','total',2024-09-21 17:00:00,15849.82259569847
'00','total',2024-09-21 18:00:00,15877.504439879158
'00','total',2024-09-21 19:00:00,15501.611690059546
'00','total',2024-09-21 20:00:00,14997.183523610927
'00','total',2024-09-21 21:00:00,14406.321208036054
'00','total',2024-09-21 22:00:00,13875.149551103053
'00','total',2024-09-21 23:00:00,13471.54359655697
'00','total',2024-09-22 00:00:00,13240.612813188527
'00','total',2024-09-22 01:00:00,13147.758182603277
'00','total',2024-09-22 02:00:00,13087.72980866558
'00','total',2024-09-22 03:00:00,13403.89957138252
'00','total',2024-09-22 04:00:00,14056.095731748776
'00','total',2024-09-22 05:00:00,15626.695624274378
'00','total',2024-09-22 06:00:00,16985.167292096994
'00','total',2024-09-22 07:00:00,17446.784300556337
'00','total',2024-09-22 08:00:00,17455.022977378925
'00','total',2024-09-22 09:00:00,17473.73976073723
'00','total',2024-09-22 10:00:00,17448.044401127805
'00','total',2024-09-22 11:00:00,17357.383629741875
'00','total',2024-09-22 12:00:00,17238.39114409286
'00','total',2024-09-22 13:00:00,17054.759888042354
'00','total',2024-09-22 14:00:00,16800.98852153043
'00','total',2024-09-22 15:00:00,16219.967081524119
'00','total',2024-09-22 16:00:00,15892.065974556526
'00','total',2024-09-22 17:00:00,15673.841057458914
'00','total',2024-09-22 18:00:00,15728.082616987698
'00','total',2024-09-22 19:00:00,15368.365552100304
'00','total',2024-09-22 20:00:00,14864.247966107348
'00','total',2024-09-22 21:00:00,14305.93640426453
'00','total',2024-09-22 22:00:00,13835.736772941042
'00','total',2024-09-22 23:00:00,13427.160553820997
'00','total',2024-09-23 00:00:00,13174.29572208817
'00','total',2024-09-23 01:00:00,13026.593398622996
'00','total',2024-09-23 02:00:00,12957.10571903629
'00','total',2024-09-23 03:00:00,13199.179192774176
'00','total',2024-09-23 04:00:00,13988.53216656123
'00','total',2024-09-23 05:00:00,15699.060553433152
'00','total',2024-09-23 06:00:00,17145.37546388467
'00','total',2024-09-23 07:00:00,17568.369474769777
'00','total',2024-09-23 08:00:00,17654.3434279764
'00','total',2024-09-23 09:00:00,17724.61184718915
'00','total',2024-09-23 10:00:00,17659.851766433872
'00','total',2024-09-23 11:00:00,17528.17160675017
'00','total',2024-09-23 12:00:00,17425.93800347789
'00','total',2024-09-23 13:00:00,17208.771197245886
'00','total',2024-09-23 14:00:00,16978.422311137427
'00','total',2024-09-23 15:00:00,16253.492907291993
'00','total',2024-09-23 16:00:00,15941.742885225092
'00','total',2024-09-23 17:00:00,15682.47498705114
'00','total',2024-09-23 18:00:00,15618.166398039612
'00','total',2024-09-23 19:00:00,15208.654102590648
'00','total',2024-09-23 20:00:00,14666.505785856687
'00','total',2024-09-23 21:00:00,14105.11938129776
'00','total',2024-09-23 22:00:00,13670.539202289381
'00','total',2024-09-23 23:00:00,13269.619597502295
'00','total',2024-09-24 00:00:00,13036.251660954404
'00','total',2024-09-24 01:00:00,12890.566770284035
'00','total',2024-09-24 02:00:00,12868.042777360113
'00','total',2024-09-24 03:00:00,13070.295474095888
'00','total',2024-09-24 04:00:00,13675.25993183796
'00','total',2024-09-24 05:00:00,15175.482206606983
'00','total',2024-09-24 06:00:00,16240.599120245923
'00','total',2024-09-24 07:00:00,16664.925688516778
'00','total',2024-09-24 08:00:00,16805.318189517588
'00','total',2024-09-24 09:00:00,16960.039920753727
'00','total',2024-09-24 10:00:00,16873.76564651255
'00','total',2024-09-24 11:00:00,16809.557646365418
'00','total',2024-09-24 12:00:00,16678.913177926188
'00','total',2024-09-24 13:00:00,16378.873735018267
'00','total',2024-09-24 14:00:00,16248.603144544544
'00','total',2024-09-24 15:00:00,15734.352716820926
'00','total',2024-09-24 16:00:00,15461.751325676221
'00','total',2024-09-24 17:00:00,15279.48356113142
'00','total',2024-09-24 18:00:00,15275.719246090126
'00','total',2024-09-24 19:00:00,14912.123416884331
'00','total',2024-09-24 20:00:00,14475.531523930353
'00','total',2024-09-24 21:00:00,13879.181946928242
'00','total',2024-09-24 22:00:00,13426.923442970086
'00','total',2024-09-24 23:00:00,13026.894065553475
'00','total',2024-09-25 00:00:00,12876.948389820513
'00','total',2024-09-25 01:00:00,12821.865744402208
'00','total',2024-09-25 02:00:00,12793.679099683883
'00','total',2024-09-25 03:00:00,12977.08324945113
'00','total',2024-09-25 04:00:00,13600.12440898214
'00','total',2024-09-25 05:00:00,15074.504201866452
'00','total',2024-09-25 06:00:00,16200.413890096383
'00','total',2024-09-25 07:00:00,16628.174460080827
'00','total',2024-09-25 08:00:00,16783.117761147834
'00','total',2024-09-25 09:00:00,16816.569066342872
'00','total',2024-09-25 10:00:00,16731.66350264506
'00','total',2024-09-25 11:00:00,16571.4205529643
'00','total',2024-09-25 12:00:00,16388.876069507383
'00','total',2024-09-25 13:00:00,16173.558404759457
'00','total',2024-09-25 14:00:00,15999.072874306527
'00','total',2024-09-25 15:00:00,15479.562096358955
'00','total',2024-09-25 16:00:00,15277.854518210857
'00','total',2024-09-25 17:00:00,15119.01966398012
'00','total',2024-09-25 18:00:00,15150.658326970512
'00','total',2024-09-25 19:00:00,14799.057643454753
'00','total',2024-09-25 20:00:00,14385.851130207951
'00','total',2024-09-25 21:00:00,13727.40359547074
'00','total',2024-09-25 22:00:00,13313.226929896344
'00','total',2024-09-25 23:00:00,13005.365118234964
'00','total',2024-09-26 00:00:00,12845.909978006635
'00','total',2024-09-26 01:00:00,12762.601433913795
'00','total',2024-09-26 02:00:00,12759.340393940189
'00','total',2024-09-26 03:00:00,12955.939296352863
'00','total',2024-09-26 04:00:00,13530.976471600068
'00','total',2024-09-26 05:00:00,15068.956588683335
'00','total',2024-09-26 06:00:00,16179.523929557183
'00','total',2024-09-26 07:00:00,16546.948468307444
'00','total',2024-09-26 08:00:00,16640.98868835603
'00','total',2024-09-26 09:00:00,16756.172008558704
'00','total',2024-09-26 10:00:00,16708.555595410166
'00','total',2024-09-26 11:00:00,16644.891844700964
'00','total',2024-09-26 12:00:00,16648.66820274739
'00','total',2024-09-26 13:00:00,16440.521440580185
'00','total',2024-09-26 14:00:00,16320.376904743813
'00','total',2024-09-26 15:00:00,15865.181458405494
'00','total',2024-09-26 16:00:00,15573.36792633356
'00','total',2024-09-26 17:00:00,15445.400475932172
'00','total',2024-09-26 18:00:00,15462.47956211542
'00','total',2024-09-26 19:00:00,15081.884892064514
'00','total',2024-09-26 20:00:00,14651.159973543288
'00','total',2024-09-26 21:00:00,14110.6947861125
'00','total',2024-09-26 22:00:00,13572.419789716081
'00','total',2024-09-26 23:00:00,13155.23665561898
'00','total',2024-09-27 00:00:00,12929.653754905952
'00','total',2024-09-27 01:00:00,12850.301966736519
'00','total',2024-09-27 02:00:00,12765.469704893969
'00','total',2024-09-27 03:00:00,13031.604318433578
'00','total',2024-09-27 04:00:00,13733.045445770987
'00','total',2024-09-27 05:00:00,15465.129886328186
'00','total',2024-09-27 06:00:00,16856.659931173
'00','total',2024-09-27 07:00:00,17293.980489495345
'00','total',2024-09-27 08:00:00,17428.617307876255
'00','total',2024-09-27 09:00:00,17463.38786014435
'00','total',2024-09-27 10:00:00,17337.113778684765
'00','total',2024-09-27 11:00:00,17235.577127452656
'00','total',2024-09-27 12:00:00,17153.131573832838
'00','total',2024-09-27 13:00:00,16874.829420055183
'00','total',2024-09-27 14:00:00,16712.29471773258
'00','total',2024-09-27 15:00:00,16078.951613840369
'00','total',2024-09-27 16:00:00,15812.753124951683
'00','total',2024-09-27 17:00:00,15614.821275180919
'00','total',2024-09-27 18:00:00,15530.551299584738
'00','total',2024-09-27 19:00:00,15032.512448847334
'00','total',2024-09-27 20:00:00,14530.62651104221
'00','total',2024-09-27 21:00:00,13927.506935633435
'00','total',2024-09-27 22:00:00,13500.278815257841
'00','total',2024-09-27 23:00:00,13155.159638955312
'00','total',2024-09-28 00:00:00,12929.544069832586
'00','total',2024-09-28 01:00:00,12793.189581485181
'00','total',2024-09-28 02:00:00,12749.78842440928
'00','total',2024-09-28 03:00:00,12974.789702521872
'00','total',2024-09-28 04:00:00,13679.16244386578
'00','total',2024-09-28 05:00:00,15423.959596748498
'00','total',2024-09-28 06:00:00,16861.369778724704
'00','total',2024-09-28 07:00:00,17455.154251594617
'00','total',2024-09-28 08:00:00,17581.454526921563
'00','total',2024-09-28 09:00:00,17616.699844847964
'00','total',2024-09-28 10:00:00,17595.823035930734
'00','total',2024-09-28 11:00:00,17491.108825495172
'00','total',2024-09-28 12:00:00,17441.878252615992
'00','total',2024-09-28 13:00:00,17260.35691168021
'00','total',2024-09-28 14:00:00,17079.491297179477
'00','total',2024-09-28 15:00:00,16468.786662081573
'00','total',2024-09-28 16:00:00,16196.062750519279
'00','total',2024-09-28 17:00:00,15952.558477856277
'00','total',2024-09-28 18:00:00,15879.615946062031
'00','total',2024-09-28 19:00:00,15371.306224179132
'00','total',2024-09-28 20:00:00,14883.55683799824
'00','total',2024-09-28 21:00:00,14306.52627301679
'00','total',2024-09-28 22:00:00,13822.938200514687
'00','total',2024-09-28 23:00:00,13418.358625133727
'00','total',2024-09-29 00:00:00,13112.458007713782
'00','total',2024-09-29 01:00:00,12980.327542835534
'00','total',2024-09-29 02:00:00,12990.281705813517
'00','total',2024-09-29 03:00:00,13145.434228234995
'00','total',2024-09-29 04:00:00,13837.790058434437
'00','total',2024-09-29 05:00:00,15545.180875843747
'00','total',2024-09-29 06:00:00,16928.52421737089
'00','total',2024-09-29 07:00:00,17381.192299717157
'00','total',2024-09-29 08:00:00,17545.545704899472
'00','total',2024-09-29 09:00:00,17604.126632331318
'00','total',2024-09-29 10:00:00,17532.69192594288
'00','total',2024-09-29 11:00:00,17359.82063401667
'00','total',2024-09-29 12:00:00,17351.750898101807
'00','total',2024-09-29 13:00:00,17149.139940469475
'00','total',2024-09-29 14:00:00,16883.406470657053
'00','total',2024-09-29 15:00:00,16371.545302825582
'00','total',2024-09-29 16:00:00,16085.675268900524
'00','total',2024-09-29 17:00:00,15873.078756033752
'00','total',2024-09-29 18:00:00,15741.753659444135
'00','total',2024-09-29 19:00:00,15253.52803073557
'00','total',2024-09-29 20:00:00,14726.35695644021
'00','total',2024-09-29 21:00:00,14152.095715129895
'00','total',2024-09-29 22:00:00,13687.892738442473
'00','total',2024-09-29 23:00:00,13252.516309635199
'00','total',2024-09-30 00:00:00,13042.762497914055
'00','total',2024-09-30 01:00:00,12905.717314354215
'00','total',2024-09-30 02:00:00,12920.581538108308
'00','total',2024-09-30 03:00:00,13165.739286295648
'00','total',2024-09-30 04:00:00,13897.461101648114
'00','total',2024-09-30 05:00:00,15716.965358308917
'00','total',2024-09-30 06:00:00,17140.755460284294
'00','total',2024-09-30 07:00:00,17645.126420636647
'00','total',2024-09-30 08:00:00,17794.238370067094
'00','total',2024-09-30 09:00:00,17880.487481949745
'00','total',2024-09-30 10:00:00,17760.915749027074
'00','total',2024-09-30 11:00:00,17571.25693740797
'00','total',2024-09-30 12:00:00,17438.098121485174
'00','total',2024-09-30 13:00:00,17181.394421168938
'00','total',2024-09-30 14:00:00,16909.79322059696
'00','total',2024-09-30 15:00:00,16298.208834731906
'00','total',2024-09-30 16:00:00,15991.66048355306
'00','total',2024-09-30 17:00:00,15807.264808729893
'00','total',2024-09-30 18:00:00,15654.46467655694
'00','total',2024-09-30 19:00:00,15203.684502253362
'00','total',2024-09-30 20:00:00,14722.765285272486
'00','total',2024-09-30 21:00:00,14163.27969844631
'00','total',2024-09-30 22:00:00,13734.291178283738
'00','total',2024-09-30 23:00:00,13271.970621325485
'00','total',2024-10-01 00:00:00,13939.842494867453
'00','total',2024-10-01 01:00:00,13754.46778434777
'00','total',2024-10-01 02:00:00,13788.482502943725
'00','total',2024-10-01 03:00:00,13866.664512219362
'00','total',2024-10-01 04:00:00,14377.513115540865
'00','total',2024-10-01 05:00:00,15530.55917799774
'00','total',2024-10-01 06:00:00,16935.84457531643
'00','total',2024-10-01 07:00:00,17952.724351798908
'00','total',2024-10-01 08:00:00,18312.94435618273
'00','total',2024-10-01 09:00:00,18418.940966304304
'00','total',2024-10-01 10:00:00,18451.29377843688
'00','total',2024-10-01 11:00:00,18281.772048326435
'00','total',2024-10-01 12:00:00,18123.827507633632
'00','total',2024-10-01 13:00:00,17921.42922440788
'00','total',2024-10-01 14:00:00,17730.700184853064
'00','total',2024-10-01 15:00:00,17381.44985810706
'00','total',2024-10-01 16:00:00,16897.0557050912
'00','total',2024-10-01 17:00:00,16583.773564833293
'00','total',2024-10-01 18:00:00,16227.812288610123
'00','total',2024-10-01 19:00:00,15803.819179114545
'00','total',2024-10-01 20:00:00,15288.539967439647
'00','total',2024-10-01 21:00:00,14785.133053289368
'00','total',2024-10-01 22:00:00,14289.343771747943
'00','total',2024-10-01 23:00:00,13878.039458690198
'00','total',2024-10-02 00:00:00,13510.08290074468
'00','total',2024-10-02 01:00:00,13418.296681520336
'00','total',2024-10-02 02:00:00,13367.616067652983
'00','total',2024-10-02 03:00:00,13465.074087821979
'00','total',2024-10-02 04:00:00,13895.94648988235
'00','total',2024-10-02 05:00:00,14981.745135917323
'00','total',2024-10-02 06:00:00,16167.33151332563
'00','total',2024-10-02 07:00:00,16883.954125248907
'00','total',2024-10-02 08:00:00,17103.90381161811
'00','total',2024-10-02 09:00:00,17343.45221195082
'00','total',2024-10-02 10:00:00,17371.042510519583
'00','total',2024-10-02 11:00:00,17277.98570372817
'00','total',2024-10-02 12:00:00,17217.026850052913
'00','total',2024-10-02 13:00:00,17026.131771146203
'00','total',2024-10-02 14:00:00,16892.095746045394
'00','total',2024-10-02 15:00:00,16555.005582989586
'00','total',2024-10-02 16:00:00,16311.908602475
'00','total',2024-10-02 17:00:00,16197.825589638254
'00','total',2024-10-02 18:00:00,15990.614371540025
'00','total',2024-10-02 19:00:00,15530.208350240922
'00','total',2024-10-02 20:00:00,15121.588558089348
'00','total',2024-10-02 21:00:00,14680.637815926637
'00','total',2024-10-02 22:00:00,14262.33122321208
'00','total',2024-10-02 23:00:00,13946.081219436908
'00','total',2024-10-03 00:00:00,13666.43776096577
'00','total',2024-10-03 01:00:00,13488.709290386358
'00','total',2024-10-03 02:00:00,13429.824799699922
'00','total',2024-10-03 03:00:00,13563.041284461977
'00','total',2024-10-03 04:00:00,13958.593364412018
'00','total',2024-10-03 05:00:00,15067.832888441386
'00','total',2024-10-03 06:00:00,16160.864250337081
'00','total',2024-10-03 07:00:00,16785.45342515762
'00','total',2024-10-03 08:00:00,17098.482232725157
'00','total',2024-10-03 09:00:00,17227.54640529859
'00','total',2024-10-03 10:00:00,17251.381594235016
'00','total',2024-10-03 11:00:00,17237.038263031034
'00','total',2024-10-03 12:00:00,17185.15119128166
'00','total',2024-10-03 13:00:00,17065.331847949717
'00','total',2024-10-03 14:00:00,16963.33425984184
'00','total',2024-10-03 15:00:00,16722.62971554849
'00','total',2024-10-03 16:00:00,16518.84568187314
'00','total',2024-10-03 17:00:00,16433.577184765403
'00','total',2024-10-03 18:00:00,16290.33573293379
'00','total',2024-10-03 19:00:00,15996.124112264424
'00','total',2024-10-03 20:00:00,15514.722123290197
'00','total',2024-10-03 21:00:00,15069.283548381416
'00','total',2024-10-03 22:00:00,14622.484231721746
'00','total',2024-10-03 23:00:00,14221.485131783487
'00','total',2024-10-04 00:00:00,13567.229014399363
'00','total',2024-10-04 01:00:00,13432.719374637705
'00','total',2024-10-04 02:00:00,13371.440905399068
'00','total',2024-10-04 03:00:00,13618.261392549997
'00','total',2024-10-04 04:00:00,14287.644860451885
'00','total',2024-10-04 05:00:00,15847.689448814037
'00','total',2024-10-04 06:00:00,17039.779836074515
'00','total',2024-10-04 07:00:00,17414.190981412754
'00','total',2024-10-04 08:00:00,17515.52792490595
'00','total',2024-10-04 09:00:00,17620.49228671459
'00','total',2024-10-04 10:00:00,17476.87707809628
'00','total',2024-10-04 11:00:00,17399.22404651363
'00','total',2024-10-04 12:00:00,17304.039787448608
'00','total',2024-10-04 13:00:00,17166.998147809823
'00','total',2024-10-04 14:00:00,16958.11722632195
'00','total',2024-10-04 15:00:00,16386.111324946007
'00','total',2024-10-04 16:00:00,16136.374386276215
'00','total',2024-10-04 17:00:00,15994.612237597055
'00','total',2024-10-04 18:00:00,15849.654231791688
'00','total',2024-10-04 19:00:00,15532.592235103817
'00','total',2024-10-04 20:00:00,15132.486197413054
'00','total',2024-10-04 21:00:00,14659.989719750462
'00','total',2024-10-04 22:00:00,14198.598914688064
'00','total',2024-10-04 23:00:00,13848.860908089742
'00','total',2024-10-05 00:00:00,13297.576094947633
'00','total',2024-10-05 01:00:00,13174.315271552436
'00','total',2024-10-05 02:00:00,13178.117178280072
'00','total',2024-10-05 03:00:00,13373.45963063729
'00','total',2024-10-05 04:00:00,14200.589141822667
'00','total',2024-10-05 05:00:00,16294.521986218291
'00','total',2024-10-05 06:00:00,18097.388256007216
'00','total',2024-10-05 07:00:00,18641.306480686046
'00','total',2024-10-05 08:00:00,18659.41867633177
'00','total',2024-10-05 09:00:00,18622.96015560191
'00','total',2024-10-05 10:00:00,18481.27415457483
'00','total',2024-10-05 11:00:00,18343.435404248692
'00','total',2024-10-05 12:00:00,18188.52091124742
'00','total',2024-10-05 13:00:00,18049.920523386976
'00','total',2024-10-05 14:00:00,17754.56693484458
'00','total',2024-10-05 15:00:00,16944.22313084374
'00','total',2024-10-05 16:00:00,16592.97708791145
'00','total',2024-10-05 17:00:00,16304.133455540801
'00','total',2024-10-05 18:00:00,16017.024656971242
'00','total',2024-10-05 19:00:00,15481.367588350793
'00','total',2024-10-05 20:00:00,15041.991200328786
'00','total',2024-10-05 21:00:00,14486.918853444013
'00','total',2024-10-05 22:00:00,13989.699958535262
'00','total',2024-10-05 23:00:00,13569.190610509464
'00','total',2024-10-06 00:00:00,13202.419179460141
'00','total',2024-10-06 01:00:00,13093.667581916403
'00','total',2024-10-06 02:00:00,13072.243579662452
'00','total',2024-10-06 03:00:00,13280.382730778576
'00','total',2024-10-06 04:00:00,14000.56332358463
'00','total',2024-10-06 05:00:00,16063.410317602324
'00','total',2024-10-06 06:00:00,17931.40347779121
'00','total',2024-10-06 07:00:00,18488.014735216588
'00','total',2024-10-06 08:00:00,18536.305847369673
'00','total',2024-10-06 09:00:00,18577.119389432635
'00','total',2024-10-06 10:00:00,18500.644882145123
'00','total',2024-10-06 11:00:00,18369.0450079698
'00','total',2024-10-06 12:00:00,18313.191156390825
'00','total',2024-10-06 13:00:00,18068.616881354723
'00','total',2024-10-06 14:00:00,17827.864166596653
'00','total',2024-10-06 15:00:00,17051.627035862966
'00','total',2024-10-06 16:00:00,16654.867217596715
'00','total',2024-10-06 17:00:00,16363.539899501278
'00','total',2024-10-06 18:00:00,16060.081735763735
'00','total',2024-10-06 19:00:00,15540.678095373878
'00','total',2024-10-06 20:00:00,14979.194908715786
'00','total',2024-10-06 21:00:00,14467.25163216675
'00','total',2024-10-06 22:00:00,13908.537841064526
'00','total',2024-10-06 23:00:00,13416.743454995976
'00','total',2024-10-07 00:00:00,13137.751837531776
'00','total',2024-10-07 01:00:00,12983.460698682882
'00','total',2024-10-07 02:00:00,12958.207998327192
'00','total',2024-10-07 03:00:00,13156.921530187183
'00','total',2024-10-07 04:00:00,13786.163630108273
'00','total',2024-10-07 05:00:00,15418.160047338202
'00','total',2024-10-07 06:00:00,16786.612522822972
'00','total',2024-10-07 07:00:00,17186.138006936228
'00','total',2024-10-07 08:00:00,17260.436582188435
'00','total',2024-10-07 09:00:00,17278.87761511752
'00','total',2024-10-07 10:00:00,17189.34328241898
'00','total',2024-10-07 11:00:00,17107.715902570108
'00','total',2024-10-07 12:00:00,16985.218588391734
'00','total',2024-10-07 13:00:00,16775.21649357104
'00','total',2024-10-07 14:00:00,16613.159920096456
'00','total',2024-10-07 15:00:00,16087.926992332434
'00','total',2024-10-07 16:00:00,15875.075045823683
'00','total',2024-10-07 17:00:00,15737.154731279616
'00','total',2024-10-07 18:00:00,15506.476560054112
'00','total',2024-10-07 19:00:00,15064.435086977883
'00','total',2024-10-07 20:00:00,14612.934476282237
'00','total',2024-10-07 21:00:00,14095.210309005588
'00','total',2024-10-07 22:00:00,13614.028126584628
'00','total',2024-10-07 23:00:00,13215.493757594486
'00','total',2024-10-08 00:00:00,12923.760928470541
'00','total',2024-10-08 01:00:00,12806.81008660077
'00','total',2024-10-08 02:00:00,12775.555219530781
'00','total',2024-10-08 03:00:00,12872.08311271937
'00','total',2024-10-08 04:00:00,13254.522503206834
'00','total',2024-10-08 05:00:00,14458.726339416557
'00','total',2024-10-08 06:00:00,15434.22863518073
'00','total',2024-10-08 07:00:00,15744.359118687524
'00','total',2024-10-08 08:00:00,15826.689025493228
'00','total',2024-10-08 09:00:00,15956.866617218218
'00','total',2024-10-08 10:00:00,15849.375962396443
'00','total',2024-10-08 11:00:00,15767.286945083608
'00','total',2024-10-08 12:00:00,15670.399660649113
'00','total',2024-10-08 13:00:00,15431.56467298272
'00','total',2024-10-08 14:00:00,15239.551270038197
'00','total',2024-10-08 15:00:00,14921.306262045171
'00','total',2024-10-08 16:00:00,14949.426660203013
'00','total',2024-10-08 17:00:00,14938.103655555142
'00','total',2024-10-08 18:00:00,14807.646877092171
'00','total',2024-10-08 19:00:00,14486.79491447408
'00','total',2024-10-08 20:00:00,14084.339426781487
'00','total',2024-10-08 21:00:00,13624.79584839855
'00','total',2024-10-08 22:00:00,13192.517275337776
'00','total',2024-10-08 23:00:00,12925.067529435548
'00','total',2024-10-09 00:00:00,13211.586204143074
'00','total',2024-10-09 01:00:00,13057.50350830089
'00','total',2024-10-09 02:00:00,12982.321991035913
'00','total',2024-10-09 03:00:00,13215.415115599295
'00','total',2024-10-09 04:00:00,13817.668144347466
'00','total',2024-10-09 05:00:00,15804.95789703189
'00','total',2024-10-09 06:00:00,16540.448913452306
'00','total',2024-10-09 07:00:00,16968.271626899375
'00','total',2024-10-09 08:00:00,17050.283487490775
'00','total',2024-10-09 09:00:00,17042.77810479856
'00','total',2024-10-09 10:00:00,16927.60353179875
'00','total',2024-10-09 11:00:00,16781.10702981518
'00','total',2024-10-09 12:00:00,16677.253677751763
'00','total',2024-10-09 13:00:00,16379.096422866782
'00','total',2024-10-09 14:00:00,16144.245707041604
'00','total',2024-10-09 15:00:00,15711.787147586812
'00','total',2024-10-09 16:00:00,15560.357543569951
'00','total',2024-10-09 17:00:00,15494.602132839529
'00','total',2024-10-09 18:00:00,15372.196538725646
'00','total',2024-10-09 19:00:00,15000.06849992013
'00','total',2024-10-09 20:00:00,14542.993582367739
'00','total',2024-10-09 21:00:00,14059.157182903931
'00','total',2024-10-09 22:00:00,13621.212540592194
'00','total',2024-10-09 23:00:00,13211.74565923922
'00','total',2024-10-10 00:00:00,13241.473879495405
'00','total',2024-10-10 01:00:00,13189.927609518169
'00','total',2024-10-10 02:00:00,13162.37160476068
'00','total',2024-10-10 03:00:00,13336.936893853006
'00','total',2024-10-10 04:00:00,13971.89041248603
'00','total',2024-10-10 05:00:00,15476.540726205943
'00','total',2024-10-10 06:00:00,16698.90877195337
'00','total',2024-10-10 07:00:00,17002.47094616581
'00','total',2024-10-10 08:00:00,17021.530594631673
'00','total',2024-10-10 09:00:00,17071.610510546063
'00','total',2024-10-10 10:00:00,16988.60341289994
'00','total',2024-10-10 11:00:00,16893.60186292605
'00','total',2024-10-10 12:00:00,16838.770320430038
'00','total',2024-10-10 13:00:00,16655.412401054196
'00','total',2024-10-10 14:00:00,16581.6166712666
'00','total',2024-10-10 15:00:00,16145.744276870071
'00','total',2024-10-10 16:00:00,16010.796779581156
'00','total',2024-10-10 17:00:00,15965.664206726322
'00','total',2024-10-10 18:00:00,15769.431586680153
'00','total',2024-10-10 19:00:00,15369.522698153602
'00','total',2024-10-10 20:00:00,14871.24991805483
'00','total',2024-10-10 21:00:00,14263.676404960897
'00','total',2024-10-10 22:00:00,13805.964580280384
'00','total',2024-10-10 23:00:00,13523.43472302358
'00','total',2024-10-11 00:00:00,13474.617814830537
'00','total',2024-10-11 01:00:00,13329.876191316362
'00','total',2024-10-11 02:00:00,13280.497285965715
'00','total',2024-10-11 03:00:00,13451.622084561259
'00','total',2024-10-11 04:00:00,13991.997271722787
'00','total',2024-10-11 05:00:00,15448.074239848465
'00','total',2024-10-11 06:00:00,16704.75109832
'00','total',2024-10-11 07:00:00,17063.638798741893
'00','total',2024-10-11 08:00:00,17117.592697556363
'00','total',2024-10-11 09:00:00,17218.77150883992
'00','total',2024-10-11 10:00:00,17246.358494332948
'00','total',2024-10-11 11:00:00,17190.211949935827
'00','total',2024-10-11 12:00:00,17177.91595804807
'00','total',2024-10-11 13:00:00,17066.96777216196
'00','total',2024-10-11 14:00:00,17002.628701848484
'00','total',2024-10-11 15:00:00,16613.82577030299
'00','total',2024-10-11 16:00:00,16630.68689484913
'00','total',2024-10-11 17:00:00,16637.40083469932
'00','total',2024-10-11 18:00:00,16459.250850545977
'00','total',2024-10-11 19:00:00,16087.119412815671
'00','total',2024-10-11 20:00:00,15702.26519188218
'00','total',2024-10-11 21:00:00,15151.884733685794
'00','total',2024-10-11 22:00:00,14673.686131240114
'00','total',2024-10-11 23:00:00,14294.854213478991
'00','total',2024-10-12 00:00:00,14398.658261002567
'00','total',2024-10-12 01:00:00,14243.687932998802
'00','total',2024-10-12 02:00:00,14218.945957020094
'00','total',2024-10-12 03:00:00,14380.387648766116
'00','total',2024-10-12 04:00:00,15194.993912679627
'00','total',2024-10-12 05:00:00,17107.73489362672
'00','total',2024-10-12 06:00:00,19041.472466519514
'00','total',2024-10-12 07:00:00,19923.6940412347
'00','total',2024-10-12 08:00:00,20010.90320773825
'00','total',2024-10-12 09:00:00,19986.995748689496
'00','total',2024-10-12 10:00:00,19883.1868427924
'00','total',2024-10-12 11:00:00,19604.8331298162
'00','total',2024-10-12 12:00:00,19500.454936058282
'00','total',2024-10-12 13:00:00,19412.942128219023
'00','total',2024-10-12 14:00:00,19316.6750110324
'00','total',2024-10-12 15:00:00,18772.915775519436
'00','total',2024-10-12 16:00:00,18398.388675170947
'00','total',2024-10-12 17:00:00,18097.95708297184
'00','total',2024-10-12 18:00:00,17716.27038801235
'00','total',2024-10-12 19:00:00,17184.533476346925
'00','total',2024-10-12 20:00:00,16636.36941304327
'00','total',2024-10-12 21:00:00,16007.703842205157
'00','total',2024-10-12 22:00:00,15419.147692409537
'00','total',2024-10-12 23:00:00,14905.094440913443
'00','total',2024-10-13 00:00:00,13797.180514513944
'00','total',2024-10-13 01:00:00,13685.187312247348
'00','total',2024-10-13 02:00:00,13721.09774265689
'00','total',2024-10-13 03:00:00,13956.469332824401
'00','total',2024-10-13 04:00:00,14694.206523974892
'00','total',2024-10-13 05:00:00,16522.259360596734
'00','total',2024-10-13 06:00:00,18010.91679712189
'00','total',2024-10-13 07:00:00,18333.363006445627
'00','total',2024-10-13 08:00:00,18361.980688539454
'00','total',2024-10-13 09:00:00,18224.701780772546
'00','total',2024-10-13 10:00:00,18011.91159624026
'00','total',2024-10-13 11:00:00,17824.39604195639
'00','total',2024-10-13 12:00:00,17732.865854021755
'00','total',2024-10-13 13:00:00,17573.080847382196
'00','total',2024-10-13 14:00:00,17349.410074507556
'00','total',2024-10-13 15:00:00,16902.155863247168
'00','total',2024-10-13 16:00:00,16776.18485709676
'00','total',2024-10-13 17:00:00,16683.962437540362
'00','total',2024-10-13 18:00:00,16385.842399616064
'00','total',2024-10-13 19:00:00,15869.041662263488
'00','total',2024-10-13 20:00:00,15423.737277133847
'00','total',2024-10-13 21:00:00,14825.440396905504
'00','total',2024-10-13 22:00:00,14372.205959005507
'00','total',2024-10-13 23:00:00,13894.338680306895
'00','total',2024-10-14 00:00:00,13718.96585720465
'00','total',2024-10-14 01:00:00,13582.465102358656
'00','total',2024-10-14 02:00:00,13533.060850929422
'00','total',2024-10-14 03:00:00,13771.496217678041
'00','total',2024-10-14 04:00:00,14532.746131447604
'00','total',2024-10-14 05:00:00,16363.725164279062
'00','total',2024-10-14 06:00:00,17933.5321680073
'00','total',2024-10-14 07:00:00,18388.694305790363
'00','total',2024-10-14 08:00:00,18431.069932925315
'00','total',2024-10-14 09:00:00,18438.57138739207
'00','total',2024-10-14 10:00:00,18325.892897986156
'00','total',2024-10-14 11:00:00,18185.398483876117
'00','total',2024-10-14 12:00:00,18120.768246339398
'00','total',2024-10-14 13:00:00,17840.315822593602
'00','total',2024-10-14 14:00:00,17645.975838666596
'00','total',2024-10-14 15:00:00,17049.620519507655
'00','total',2024-10-14 16:00:00,16876.790979781385
'00','total',2024-10-14 17:00:00,16729.288999361972
'00','total',2024-10-14 18:00:00,16371.69350621414
'00','total',2024-10-14 19:00:00,15959.200840582547
'00','total',2024-10-14 20:00:00,15497.788810814332
'00','total',2024-10-14 21:00:00,14909.67954282419
'00','total',2024-10-14 22:00:00,14357.191448374293
'00','total',2024-10-14 23:00:00,13980.54316819451
'00','total',2024-10-15 00:00:00,13704.187277994431
'00','total',2024-10-15 01:00:00,13598.92753073658
'00','total',2024-10-15 02:00:00,13569.169083535926
'00','total',2024-10-15 03:00:00,13720.586740214978
'00','total',2024-10-15 04:00:00,14390.628891121922
'00','total',2024-10-15 05:00:00,15865.394406501251
'00','total',2024-10-15 06:00:00,17218.531310134902
'00','total',2024-10-15 07:00:00,17663.54642192902
'00','total',2024-10-15 08:00:00,17861.089663965526
'00','total',2024-10-15 09:00:00,17832.730737924518
'00','total',2024-10-15 10:00:00,17679.562901827605
'00','total',2024-10-15 11:00:00,17550.827952546915
'00','total',2024-10-15 12:00:00,17485.413882197394
'00','total',2024-10-15 13:00:00,17255.62925273968
'00','total',2024-10-15 14:00:00,17107.666616702543
'00','total',2024-10-15 15:00:00,16655.736461516648
'00','total',2024-10-15 16:00:00,16632.064247180777
'00','total',2024-10-15 17:00:00,16511.11944805236
'00','total',2024-10-15 18:00:00,16218.70176213978
'00','total',2024-10-15 19:00:00,15810.254992288348
'00','total',2024-10-15 20:00:00,15340.829674805389
'00','total',2024-10-15 21:00:00,14765.969647815067
'00','total',2024-10-15 22:00:00,14311.673843678765
'00','total',2024-10-15 23:00:00,13953.337475621527
'00','total',2024-10-16 00:00:00,13807.046540679294
'00','total',2024-10-16 01:00:00,13706.62856853569
'00','total',2024-10-16 02:00:00,13656.51787417424
'00','total',2024-10-16 03:00:00,13817.880960791474
'00','total',2024-10-16 04:00:00,14433.5156983307
'00','total',2024-10-16 05:00:00,16027.083737694362
'00','total',2024-10-16 06:00:00,17297.383641442266
'00','total',2024-10-16 07:00:00,17637.4928765276
'00','total',2024-10-16 08:00:00,17712.125987068364
'00','total',2024-10-16 09:00:00,17674.352022989915
'00','total',2024-10-16 10:00:00,17483.934394183263
'00','total',2024-10-16 11:00:00,17329.531001267984
'00','total',2024-10-16 12:00:00,17291.864497986273
'00','total',2024-10-16 13:00:00,17067.291151197856
'00','total',2024-10-16 14:00:00,16856.172116262896
'00','total',2024-10-16 15:00:00,16472.193555037702
'00','total',2024-10-16 16:00:00,16454.996949794553
'00','total',2024-10-16 17:00:00,16379.458987099104
'00','total',2024-10-16 18:00:00,16091.452186014692
'00','total',2024-10-16 19:00:00,15691.933434870814
'00','total',2024-10-16 20:00:00,15242.202689671534
'00','total',2024-10-16 21:00:00,14781.479647931934
'00','total',2024-10-16 22:00:00,14347.09141151335
'00','total',2024-10-16 23:00:00,14025.305150815064
'00','total',2024-10-17 00:00:00,13760.670626704106
'00','total',2024-10-17 01:00:00,13655.558745245085
'00','total',2024-10-17 02:00:00,13649.902316561758
'00','total',2024-10-17 03:00:00,13878.749925481725
'00','total',2024-10-17 04:00:00,14432.524598050895
'00','total',2024-10-17 05:00:00,16043.303084157793
'00','total',2024-10-17 06:00:00,17324.264947375792
'00','total',2024-10-17 07:00:00,17569.488167763888
'00','total',2024-10-17 08:00:00,17609.51831240946
'00','total',2024-10-17 09:00:00,17596.763963835332
'00','total',2024-10-17 10:00:00,17439.70753214245
'00','total',2024-10-17 11:00:00,17289.895812425555
'00','total',2024-10-17 12:00:00,17239.684250866943
'00','total',2024-10-17 13:00:00,17124.56192133164
'00','total',2024-10-17 14:00:00,17135.18794072454
'00','total',2024-10-17 15:00:00,16785.71583425946
'00','total',2024-10-17 16:00:00,16699.53064104434
'00','total',2024-10-17 17:00:00,16512.076373201668
'00','total',2024-10-17 18:00:00,16229.19706561629
'00','total',2024-10-17 19:00:00,15780.77621115658
'00','total',2024-10-17 20:00:00,15319.760700668636
'00','total',2024-10-17 21:00:00,14769.769689135423
'00','total',2024-10-17 22:00:00,14354.707702226871
'00','total',2024-10-17 23:00:00,14004.377504845057
'00','total',2024-10-18 00:00:00,13815.733047778533
'00','total',2024-10-18 01:00:00,13681.520160046797
'00','total',2024-10-18 02:00:00,13660.24557614925
'00','total',2024-10-18 03:00:00,13892.301745824174
'00','total',2024-10-18 04:00:00,14703.355430596217
'00','total',2024-10-18 05:00:00,16555.218288667416
'00','total',2024-10-18 06:00:00,18136.233643904066
'00','total',2024-10-18 07:00:00,18525.324100082697
'00','total',2024-10-18 08:00:00,18540.464507069595
'00','total',2024-10-18 09:00:00,18549.368503813475
'00','total',2024-10-18 10:00:00,18368.21908180532
'00','total',2024-10-18 11:00:00,18172.596908534466
'00','total',2024-10-18 12:00:00,18064.425650886933
'00','total',2024-10-18 13:00:00,17792.30667455243
'00','total',2024-10-18 14:00:00,17588.695891585692
'00','total',2024-10-18 15:00:00,17141.31301769057
'00','total',2024-10-18 16:00:00,17152.439296585428
'00','total',2024-10-18 17:00:00,17031.27364330773
'00','total',2024-10-18 18:00:00,16739.541851644593
'00','total',2024-10-18 19:00:00,16240.119074694092
'00','total',2024-10-18 20:00:00,15776.580000231555
'00','total',2024-10-18 21:00:00,15253.320611352512
'00','total',2024-10-18 22:00:00,14783.200460936247
'00','total',2024-10-18 23:00:00,14435.446517051883
'00','total',2024-10-19 00:00:00,14262.67940146349
'00','total',2024-10-19 01:00:00,14164.735501376193
'00','total',2024-10-19 02:00:00,14128.846835553757
'00','total',2024-10-19 03:00:00,14382.103984254132
'00','total',2024-10-19 04:00:00,15145.484270070112
'00','total',2024-10-19 05:00:00,16997.26950175808
'00','total',2024-10-19 06:00:00,18639.338182291573
'00','total',2024-10-19 07:00:00,19035.72376444952
'00','total',2024-10-19 08:00:00,19095.24222430042
'00','total',2024-10-19 09:00:00,19072.227978502222
'00','total',2024-10-19 10:00:00,18861.404074376496
'00','total',2024-10-19 11:00:00,18699.021880898774
'00','total',2024-10-19 12:00:00,18632.224974346245
'00','total',2024-10-19 13:00:00,18482.10915768808
'00','total',2024-10-19 14:00:00,18249.35901429411
'00','total',2024-10-19 15:00:00,17756.735187606373
'00','total',2024-10-19 16:00:00,17731.87446387778
'00','total',2024-10-19 17:00:00,17579.02568744016
'00','total',2024-10-19 18:00:00,17249.195946887685
'00','total',2024-10-19 19:00:00,16772.467699758312
'00','total',2024-10-19 20:00:00,16279.036867801144
'00','total',2024-10-19 21:00:00,15638.221562217224
'00','total',2024-10-19 22:00:00,15107.817143400593
'00','total',2024-10-19 23:00:00,14662.604084488537
'00','total',2024-10-20 00:00:00,14424.64275251898
'00','total',2024-10-20 01:00:00,14332.816246035998
'00','total',2024-10-20 02:00:00,14297.407179572388
'00','total',2024-10-20 03:00:00,14566.090161107846
'00','total',2024-10-20 04:00:00,15305.087871606742
'00','total',2024-10-20 05:00:00,17155.810032096193
'00','total',2024-10-20 06:00:00,18692.609842920465
'00','total',2024-10-20 07:00:00,19104.707285028537
'00','total',2024-10-20 08:00:00,19147.26196644737
'00','total',2024-10-20 09:00:00,19065.312200233602
'00','total',2024-10-20 10:00:00,18862.93949080791
'00','total',2024-10-20 11:00:00,18736.889213953877
'00','total',2024-10-20 12:00:00,18582.25187030193
'00','total',2024-10-20 13:00:00,18388.08032250788
'00','total',2024-10-20 14:00:00,18195.589833292142
'00','total',2024-10-20 15:00:00,17700.738016387848
'00','total',2024-10-20 16:00:00,17597.33144470604
'00','total',2024-10-20 17:00:00,17401.78436632237
'00','total',2024-10-20 18:00:00,17047.385911108788
'00','total',2024-10-20 19:00:00,16541.141709884476
'00','total',2024-10-20 20:00:00,16020.852226789812
'00','total',2024-10-20 21:00:00,15384.242336923166
'00','total',2024-10-20 22:00:00,14902.279773439122
'00','total',2024-10-20 23:00:00,14537.095726226686
'00','total',2024-10-21 00:00:00,14309.771277034257
'00','total',2024-10-21 01:00:00,14168.354550871467
'00','total',2024-10-21 02:00:00,14170.170537010754
'00','total',2024-10-21 03:00:00,14401.142814197661
'00','total',2024-10-21 04:00:00,15129.675664257791
'00','total',2024-10-21 05:00:00,17022.33039164984
'00','total',2024-10-21 06:00:00,18714.70961464172
'00','total',2024-10-21 07:00:00,19217.76463987092
'00','total',2024-10-21 08:00:00,19272.169960518575
'00','total',2024-10-21 09:00:00,19351.383215765298
'00','total',2024-10-21 10:00:00,19297.0379405256
'00','total',2024-10-21 11:00:00,19119.666798132515
'00','total',2024-10-21 12:00:00,18990.780426897538
'00','total',2024-10-21 13:00:00,18692.479174347784
'00','total',2024-10-21 14:00:00,18444.843492790493
'00','total',2024-10-21 15:00:00,17858.599591831386
'00','total',2024-10-21 16:00:00,17654.450505953628
'00','total',2024-10-21 17:00:00,17336.10576571861
'00','total',2024-10-21 18:00:00,16899.708233491223
'00','total',2024-10-21 19:00:00,16293.263989651616
'00','total',2024-10-21 20:00:00,15774.848423808719
'00','total',2024-10-21 21:00:00,15215.285352021721
'00','total',2024-10-21 22:00:00,14750.841188021628
'00','total',2024-10-21 23:00:00,14337.086442511025
'00','total',2024-10-22 00:00:00,14083.135575946199
'00','total',2024-10-22 01:00:00,13928.735474121291
'00','total',2024-10-22 02:00:00,13913.130250396844
'00','total',2024-10-22 03:00:00,14067.075835117665
'00','total',2024-10-22 04:00:00,14731.937502084209
'00','total',2024-10-22 05:00:00,16252.330554964088
'00','total',2024-10-22 06:00:00,17640.24441282345
'00','total',2024-10-22 07:00:00,18050.847892870803
'00','total',2024-10-22 08:00:00,18227.37843323595
'00','total',2024-10-22 09:00:00,18245.303350198225
'00','total',2024-10-22 10:00:00,18095.993168010224
'00','total',2024-10-22 11:00:00,17984.33477801887
'00','total',2024-10-22 12:00:00,17887.031662966805
'00','total',2024-10-22 13:00:00,17654.15425907886
'00','total',2024-10-22 14:00:00,17533.858018583098
'00','total',2024-10-22 15:00:00,17107.370864534034
'00','total',2024-10-22 16:00:00,17109.835775888187
'00','total',2024-10-22 17:00:00,16820.554012219454
'00','total',2024-10-22 18:00:00,16501.704828814116
'00','total',2024-10-22 19:00:00,15976.766125343236
'00','total',2024-10-22 20:00:00,15539.531718892462
'00','total',2024-10-22 21:00:00,14885.24863819361
'00','total',2024-10-22 22:00:00,14448.27199683956
'00','total',2024-10-22 23:00:00,14061.992086952538
'00','total',2024-10-23 00:00:00,13856.919324024218
'00','total',2024-10-23 01:00:00,13718.547714050059
'00','total',2024-10-23 02:00:00,13697.352030243665
'00','total',2024-10-23 03:00:00,13952.090833338212
'00','total',2024-10-23 04:00:00,14561.36921589074
'00','total',2024-10-23 05:00:00,16187.962370657693
'00','total',2024-10-23 06:00:00,17617.829959613555
'00','total',2024-10-23 07:00:00,17993.552127612245
'00','total',2024-10-23 08:00:00,18111.38153618022
'00','total',2024-10-23 09:00:00,18110.61533051282
'00','total',2024-10-23 10:00:00,17932.64755143331
'00','total',2024-10-23 11:00:00,17790.337971310895
'00','total',2024-10-23 12:00:00,17620.99359616557
'00','total',2024-10-23 13:00:00,17464.32750400036
'00','total',2024-10-23 14:00:00,17282.797596282242
'00','total',2024-10-23 15:00:00,16924.52259869718
'00','total',2024-10-23 16:00:00,17059.541889821183
'00','total',2024-10-23 17:00:00,16872.717961994906
'00','total',2024-10-23 18:00:00,16523.48362861872
'00','total',2024-10-23 19:00:00,16087.58360739098
'00','total',2024-10-23 20:00:00,15625.644912358128
'00','total',2024-10-23 21:00:00,15138.421072003859
'00','total',2024-10-23 22:00:00,14741.730054588965
'00','total',2024-10-23 23:00:00,14316.04684098818
'00','total',2024-10-24 00:00:00,14155.757576718966
'00','total',2024-10-24 01:00:00,14019.006229987766
'00','total',2024-10-24 02:00:00,14017.98589567721
'00','total',2024-10-24 03:00:00,14257.792205422116
'00','total',2024-10-24 04:00:00,14803.349700354092
'00','total',2024-10-24 05:00:00,16303.307370881335
'00','total',2024-10-24 06:00:00,17680.152080279313
'00','total',2024-10-24 07:00:00,18014.718613178404
'00','total',2024-10-24 08:00:00,18165.07466425218
'00','total',2024-10-24 09:00:00,18163.638887584988
'00','total',2024-10-24 10:00:00,18119.688435797507
'00','total',2024-10-24 11:00:00,17907.21404103989
'00','total',2024-10-24 12:00:00,17874.402304686264
'00','total',2024-10-24 13:00:00,17701.072819931054
'00','total',2024-10-24 14:00:00,17619.538237787754
'00','total',2024-10-24 15:00:00,17262.180907952035
'00','total',2024-10-24 16:00:00,17226.72401940902
'00','total',2024-10-24 17:00:00,16984.65076404951
'00','total',2024-10-24 18:00:00,16590.920074996557
'00','total',2024-10-24 19:00:00,16179.933628501574
'00','total',2024-10-24 20:00:00,15766.340909227878
'00','total',2024-10-24 21:00:00,15144.574361148523
'00','total',2024-10-24 22:00:00,14679.962182209982
'00','total',2024-10-24 23:00:00,14215.66162823384
'00','total',2024-10-25 00:00:00,13985.627434342949
'00','total',2024-10-25 01:00:00,13840.057646903582
'00','total',2024-10-25 02:00:00,13794.224048723328
'00','total',2024-10-25 03:00:00,14012.202973584766
'00','total',2024-10-25 04:00:00,14688.838317152145
'00','total',2024-10-25 05:00:00,16475.34996723581
'00','total',2024-10-25 06:00:00,18079.210769742713
'00','total',2024-10-25 07:00:00,18475.17402057332
'00','total',2024-10-25 08:00:00,18608.45141932875
'00','total',2024-10-25 09:00:00,18684.861541601367
'00','total',2024-10-25 10:00:00,18542.35136388975
'00','total',2024-10-25 11:00:00,18488.56233929327
'00','total',2024-10-25 12:00:00,18312.81626534225
'00','total',2024-10-25 13:00:00,18009.533011325108
'00','total',2024-10-25 14:00:00,17854.90899875799
'00','total',2024-10-25 15:00:00,17408.82776407023
'00','total',2024-10-25 16:00:00,17230.69811759118
'00','total',2024-10-25 17:00:00,16981.250367637695
'00','total',2024-10-25 18:00:00,16547.77807063709
'00','total',2024-10-25 19:00:00,16101.212303735994
'00','total',2024-10-25 20:00:00,15580.224022683105
'00','total',2024-10-25 21:00:00,15026.525870900856
'00','total',2024-10-25 22:00:00,14494.62588404775
'00','total',2024-10-25 23:00:00,14138.68856184158
'00','total',2024-10-26 00:00:00,13883.33848190629
'00','total',2024-10-26 01:00:00,13742.399985189766
'00','total',2024-10-26 02:00:00,13699.700525931203
'00','total',2024-10-26 03:00:00,13864.276622038173
'00','total',2024-10-26 04:00:00,14513.427481407198
'00','total',2024-10-26 05:00:00,16058.741750224717
'00','total',2024-10-26 06:00:00,17720.311611508234
'00','total',2024-10-26 07:00:00,18381.58611003633
'00','total',2024-10-26 08:00:00,18642.597275382035
'00','total',2024-10-26 09:00:00,18689.37428400817
'00','total',2024-10-26 10:00:00,18649.285606285823
'00','total',2024-10-26 11:00:00,18548.028309394955
'00','total',2024-10-26 12:00:00,18535.777552226322
'00','total',2024-10-26 13:00:00,18433.09611734342
'00','total',2024-10-26 14:00:00,18315.820761992167
'00','total',2024-10-26 15:00:00,18001.80905954357
'00','total',2024-10-26 16:00:00,17774.163418063155
'00','total',2024-10-26 17:00:00,17439.827225849247
'00','total',2024-10-26 18:00:00,17033.409421431643
'00','total',2024-10-26 19:00:00,16521.857087824443
'00','total',2024-10-26 20:00:00,16055.217527358012
'00','total',2024-10-26 21:00:00,15496.325669921296
'00','total',2024-10-26 22:00:00,14932.114268781268
'00','total',2024-10-26 23:00:00,14511.891445480118
'00','total',2024-10-27 00:00:00,14162.571125535791
'00','total',2024-10-27 01:00:00,14009.615027210959
'00','total',2024-10-27 02:00:00,14026.946528657096
'00','total',2024-10-27 03:00:00,14180.951029373082
'00','total',2024-10-27 04:00:00,14780.730454480017
'00','total',2024-10-27 05:00:00,16286.294114359958
'00','total',2024-10-27 06:00:00,17995.55794261509
'00','total',2024-10-27 07:00:00,18684.231814103765
'00','total',2024-10-27 08:00:00,18853.897665865243
'00','total',2024-10-27 09:00:00,18904.949753878587
'00','total',2024-10-27 10:00:00,18918.66382599384
'00','total',2024-10-27 11:00:00,18785.916685811317
'00','total',2024-10-27 12:00:00,18613.606768243204
'00','total',2024-10-27 13:00:00,18421.912080334143
'00','total',2024-10-27 14:00:00,18221.676152219472
'00','total',2024-10-27 15:00:00,17906.002841048736
'00','total',2024-10-27 16:00:00,17735.879934719276
'00','total',2024-10-27 17:00:00,17469.403728769837
'00','total',2024-10-27 18:00:00,17037.30114260854
'00','total',2024-10-27 19:00:00,16529.237877452986
'00','total',2024-10-27 20:00:00,16042.545171916912
'00','total',2024-10-27 21:00:00,15507.80124665411
'00','total',2024-10-27 22:00:00,15042.113584433044
'00','total',2024-10-27 23:00:00,14616.969562383207
'00','total',2024-10-28 00:00:00,14338.96321246272
'00','total',2024-10-28 01:00:00,14185.91402546471
'00','total',2024-10-28 02:00:00,14155.250601848513
'00','total',2024-10-28 03:00:00,14247.290684276179
'00','total',2024-10-28 04:00:00,14719.98218472057
'00','total',2024-10-28 05:00:00,16029.422514238566
'00','total',2024-10-28 06:00:00,17791.424666698716
'00','total',2024-10-28 07:00:00,18750.994062389367
'00','total',2024-10-28 08:00:00,18968.35662064958
'00','total',2024-10-28 09:00:00,18968.437164695497
'00','total',2024-10-28 10:00:00,18934.629357299134
'00','total',2024-10-28 11:00:00,18764.525036882344
'00','total',2024-10-28 12:00:00,18690.965410854034
'00','total',2024-10-28 13:00:00,18567.17015390174
'00','total',2024-10-28 14:00:00,18460.47320374548
'00','total',2024-10-28 15:00:00,18258.345067327336
'00','total',2024-10-28 16:00:00,17986.731563339086
'00','total',2024-10-28 17:00:00,17608.019411681646
'00','total',2024-10-28 18:00:00,17129.66145893754
'00','total',2024-10-28 19:00:00,16685.06167290966
'00','total',2024-10-28 20:00:00,16196.689628407417
'00','total',2024-10-28 21:00:00,15537.670675447402
'00','total',2024-10-28 22:00:00,15062.918670729841
'00','total',2024-10-28 23:00:00,14614.020931518613
'00','total',2024-10-29 00:00:00,14318.149257790303
'00','total',2024-10-29 01:00:00,14187.509651701961
'00','total',2024-10-29 02:00:00,14096.38575658987
'00','total',2024-10-29 03:00:00,14244.452538882642
'00','total',2024-10-29 04:00:00,14568.468557963106
'00','total',2024-10-29 05:00:00,15508.755771501263
'00','total',2024-10-29 06:00:00,17091.095594207192
'00','total',2024-10-29 07:00:00,18021.45424048533
'00','total',2024-10-29 08:00:00,18332.66238980508
'00','total',2024-10-29 09:00:00,18415.65056527752
'00','total',2024-10-29 10:00:00,18497.00266801666
'00','total',2024-10-29 11:00:00,18372.808671686664
'00','total',2024-10-29 12:00:00,18165.892109331035
'00','total',2024-10-29 13:00:00,18016.516798573626
'00','total',2024-10-29 14:00:00,17893.45754177508
'00','total',2024-10-29 15:00:00,17805.45022504201
'00','total',2024-10-29 16:00:00,17741.121964460057
'00','total',2024-10-29 17:00:00,17600.936650998407
'00','total',2024-10-29 18:00:00,17148.934631316133
'00','total',2024-10-29 19:00:00,16700.94127305294
'00','total',2024-10-29 20:00:00,16243.99129141498
'00','total',2024-10-29 21:00:00,15789.08159068316
'00','total',2024-10-29 22:00:00,15253.2132973444
'00','total',2024-10-29 23:00:00,14841.051795097666
'00','total',2024-10-30 00:00:00,14604.368089075155
'00','total',2024-10-30 01:00:00,14411.52373718226
'00','total',2024-10-30 02:00:00,14330.131327684503
'00','total',2024-10-30 03:00:00,14370.055943988566
'00','total',2024-10-30 04:00:00,14637.089851968389
'00','total',2024-10-30 05:00:00,15261.374005810472
'00','total',2024-10-30 06:00:00,16725.131404661763
'00','total',2024-10-30 07:00:00,17927.318507909364
'00','total',2024-10-30 08:00:00,18291.159166789173
'00','total',2024-10-30 09:00:00,18356.471145781703
'00','total',2024-10-30 10:00:00,18358.229900096627
'00','total',2024-10-30 11:00:00,18203.571448597428
'00','total',2024-10-30 12:00:00,18073.610232819217
'00','total',2024-10-30 13:00:00,18010.32832826879
'00','total',2024-10-30 14:00:00,18001.931652932155
'00','total',2024-10-30 15:00:00,17976.384881516547
'00','total',2024-10-30 16:00:00,17828.27628610315
'00','total',2024-10-30 17:00:00,17529.52375660884
'00','total',2024-10-30 18:00:00,16978.154474989697
'00','total',2024-10-30 19:00:00,16584.34010548689
'00','total',2024-10-30 20:00:00,16151.894928744783
'00','total',2024-10-30 21:00:00,15724.321244595403
'00','total',2024-10-30 22:00:00,15269.430110157964
'00','total',2024-10-30 23:00:00,14956.484479483339
'00','total',2024-10-31 00:00:00,14621.812484005952
'00','total',2024-10-31 01:00:00,14388.47159814745
'00','total',2024-10-31 02:00:00,14245.277621399387
'00','total',2024-10-31 03:00:00,14240.24946351699
'00','total',2024-10-31 04:00:00,14475.578137002989
'00','total',2024-10-31 05:00:00,15009.068835350276
'00','total',2024-10-31 06:00:00,16490.009008147837
'00','total',2024-10-31 07:00:00,17632.253649450646
'00','total',2024-10-31 08:00:00,18051.00013933315
'00','total',2024-10-31 09:00:00,18134.489143388437
'00','total',2024-10-31 10:00:00,18204.211539404452
'00','total',2024-10-31 11:00:00,18215.805350799605
'00','total',2024-10-31 12:00:00,18108.12010915278
'00','total',2024-10-31 13:00:00,18126.567403397636
'00','total',2024-10-31 14:00:00,18035.33788479239
'00','total',2024-10-31 15:00:00,18200.872348306737
'00','total',2024-10-31 16:00:00,18086.273144031627
'00','total',2024-10-31 17:00:00,17843.166240562183
'00','total',2024-10-31 18:00:00,17370.691345399842
'00','total',2024-10-31 19:00:00,16951.732568730826
'00','total',2024-10-31 20:00:00,16567.681078342634
'00','total',2024-10-31 21:00:00,16021.797928696013
'00','total',2024-10-31 22:00:00,15479.468569099308
'00','total',2024-10-31 23:00:00,15111.983271575324
'00','total',2024-11-01 00:00:00,14862.84919996024
'00','total',2024-11-01 01:00:00,14618.454343407622
'00','total',2024-11-01 02:00:00,14494.99363099003
'00','total',2024-11-01 03:00:00,14523.78744210512
'00','total',2024-11-01 04:00:00,14688.761889951085
'00','total',2024-11-01 05:00:00,15335.693045075406
'00','total',2024-11-01 06:00:00,16900.44771353967
'00','total',2024-11-01 07:00:00,18207.047241346347
'00','total',2024-11-01 08:00:00,18616.004584717484
'00','total',2024-11-01 09:00:00,18748.59653304013
'00','total',2024-11-01 10:00:00,18857.003538425288
'00','total',2024-11-01 11:00:00,18776.129142771213
'00','total',2024-11-01 12:00:00,18708.390609298072
'00','total',2024-11-01 13:00:00,18746.262932340043
'00','total',2024-11-01 14:00:00,18648.950257054057
'00','total',2024-11-01 15:00:00,18610.29313207054
'00','total',2024-11-01 16:00:00,18322.492501664103
'00','total',2024-11-01 17:00:00,17945.64861887398
'00','total',2024-11-01 18:00:00,17398.962775181986
'00','total',2024-11-01 19:00:00,17017.14928009278
'00','total',2024-11-01 20:00:00,16574.20883708632
'00','total',2024-11-01 21:00:00,16060.553886341006
'00','total',2024-11-01 22:00:00,15538.665815408025
'00','total',2024-11-01 23:00:00,15078.046645248382
'00','total',2024-11-02 00:00:00,15207.358940679096
'00','total',2024-11-02 01:00:00,15025.545078266763
'00','total',2024-11-02 02:00:00,14898.813521806389
'00','total',2024-11-02 03:00:00,14892.560488599314
'00','total',2024-11-02 04:00:00,15219.046142528732
'00','total',2024-11-02 05:00:00,16068.70296119699
'00','total',2024-11-02 06:00:00,18229.841722173805
'00','total',2024-11-02 07:00:00,20078.060876147058
'00','total',2024-11-02 08:00:00,20657.982378257133
'00','total',2024-11-02 09:00:00,20752.759004935724
'00','total',2024-11-02 10:00:00,20795.847471817495
'00','total',2024-11-02 11:00:00,20667.234549496567
'00','total',2024-11-02 12:00:00,20590.010823390247
'00','total',2024-11-02 13:00:00,20619.48078421005
'00','total',2024-11-02 14:00:00,20557.545703678083
'00','total',2024-11-02 15:00:00,20502.912340075534
'00','total',2024-11-02 16:00:00,19875.20473215803
'00','total',2024-11-02 17:00:00,19399.83770975206
'00','total',2024-11-02 18:00:00,18717.108013948167
'00','total',2024-11-02 19:00:00,18236.843205790352
'00','total',2024-11-02 20:00:00,17677.98728136344
'00','total',2024-11-02 21:00:00,17178.043955451045
'00','total',2024-11-02 22:00:00,16485.99585433596
'00','total',2024-11-02 23:00:00,15917.753732917283
'00','total',2024-11-03 00:00:00,15267.852903102648
'00','total',2024-11-03 01:00:00,14981.76184065347
'00','total',2024-11-03 02:00:00,14928.93564034262
'00','total',2024-11-03 03:00:00,14949.710400767995
'00','total',2024-11-03 04:00:00,15234.24307950722
'00','total',2024-11-03 05:00:00,16172.522734753014
'00','total',2024-11-03 06:00:00,18301.546398309223
'00','total',2024-11-03 07:00:00,20039.47365805059
'00','total',2024-11-03 08:00:00,20548.16099791695
'00','total',2024-11-03 09:00:00,20675.343412437418
'00','total',2024-11-03 10:00:00,20703.82824754381
'00','total',2024-11-03 11:00:00,20533.345804983233
'00','total',2024-11-03 12:00:00,20398.40736199627
'00','total',2024-11-03 13:00:00,20389.11217411947
'00','total',2024-11-03 14:00:00,20188.357759896728
'00','total',2024-11-03 15:00:00,20140.239438914552
'00','total',2024-11-03 16:00:00,19481.25906925669
'00','total',2024-11-03 17:00:00,19079.96526629423
'00','total',2024-11-03 18:00:00,18591.181224203574
'00','total',2024-11-03 19:00:00,18177.405955670794
'00','total',2024-11-03 20:00:00,17610.94894808856
'00','total',2024-11-03 21:00:00,17025.74923032164
'00','total',2024-11-03 22:00:00,16370.119944287813
'00','total',2024-11-03 23:00:00,15824.771387414394
'00','total',2024-11-04 00:00:00,14748.01638830959
'00','total',2024-11-04 01:00:00,14528.172016051543
'00','total',2024-11-04 02:00:00,14447.935879577495
'00','total',2024-11-04 03:00:00,14500.972107256153
'00','total',2024-11-04 04:00:00,14845.603183880148
'00','total',2024-11-04 05:00:00,15668.237886243434
'00','total',2024-11-04 06:00:00,17092.376992380905
'00','total',2024-11-04 07:00:00,18085.39511183091
'00','total',2024-11-04 08:00:00,18363.568795993222
'00','total',2024-11-04 09:00:00,18428.51679000882
'00','total',2024-11-04 10:00:00,18439.880737607673
'00','total',2024-11-04 11:00:00,18356.991290257105
'00','total',2024-11-04 12:00:00,18257.257313578248
'00','total',2024-11-04 13:00:00,18139.520230749094
'00','total',2024-11-04 14:00:00,17987.301088788205
'00','total',2024-11-04 15:00:00,17790.87724913494
'00','total',2024-11-04 16:00:00,17471.513582385956
'00','total',2024-11-04 17:00:00,17186.608081492588
'00','total',2024-11-04 18:00:00,16773.46227570457
'00','total',2024-11-04 19:00:00,16452.35999040598
'00','total',2024-11-04 20:00:00,16126.225764159726
'00','total',2024-11-04 21:00:00,15662.402472337359
'00','total',2024-11-04 22:00:00,15150.966909889286
'00','total',2024-11-04 23:00:00,14702.64792078726
'00','total',2024-11-05 00:00:00,14082.106180524068
'00','total',2024-11-05 01:00:00,13874.955665898178
'00','total',2024-11-05 02:00:00,13736.174586080338
'00','total',2024-11-05 03:00:00,13739.298300108047
'00','total',2024-11-05 04:00:00,13812.596676761712
'00','total',2024-11-05 05:00:00,14385.106863318339
'00','total',2024-11-05 06:00:00,15488.408017307143
'00','total',2024-11-05 07:00:00,16414.659954578783
'00','total',2024-11-05 08:00:00,16854.439857988902
'00','total',2024-11-05 09:00:00,17014.90251394162
'00','total',2024-11-05 10:00:00,17081.98764375753
'00','total',2024-11-05 11:00:00,17041.66788694702
'00','total',2024-11-05 12:00:00,16970.078418784975
'00','total',2024-11-05 13:00:00,16868.393832167378
'00','total',2024-11-05 14:00:00,16753.409959746725
'00','total',2024-11-05 15:00:00,16725.25012101621
'00','total',2024-11-05 16:00:00,16621.703875700034
'00','total',2024-11-05 17:00:00,16343.055759569184
'00','total',2024-11-05 18:00:00,15946.091044075982
'00','total',2024-11-05 19:00:00,15577.915808059117
'00','total',2024-11-05 20:00:00,15249.388262822848
'00','total',2024-11-05 21:00:00,14832.54374209807
'00','total',2024-11-05 22:00:00,14326.71684534524
'00','total',2024-11-05 23:00:00,14029.340128870237
'00','total',2024-11-06 00:00:00,13920.060554354619
'00','total',2024-11-06 01:00:00,13702.880942418264
'00','total',2024-11-06 02:00:00,13624.103890944205
'00','total',2024-11-06 03:00:00,13620.638001643794
'00','total',2024-11-06 04:00:00,13891.115640675684
'00','total',2024-11-06 05:00:00,14754.892006835467
'00','total',2024-11-06 06:00:00,16259.055661919698
'00','total',2024-11-06 07:00:00,17288.79558427616
'00','total',2024-11-06 08:00:00,17615.71201078046
'00','total',2024-11-06 09:00:00,17754.38558849168
'00','total',2024-11-06 10:00:00,17801.310856658434
'00','total',2024-11-06 11:00:00,17765.12316063768
'00','total',2024-11-06 12:00:00,17645.7357914194
'00','total',2024-11-06 13:00:00,17619.38916907868
'00','total',2024-11-06 14:00:00,17458.362468675645
'00','total',2024-11-06 15:00:00,17358.51849417888
'00','total',2024-11-06 16:00:00,17124.353819450615
'00','total',2024-11-06 17:00:00,16834.76295652067
'00','total',2024-11-06 18:00:00,16385.12833070295
'00','total',2024-11-06 19:00:00,15939.909041201423
'00','total',2024-11-06 20:00:00,15544.41281085129
'00','total',2024-11-06 21:00:00,15165.703579839554
'00','total',2024-11-06 22:00:00,14683.288632923539
'00','total',2024-11-06 23:00:00,14300.752475013369
'00','total',2024-11-07 00:00:00,13854.56995385182
'00','total',2024-11-07 01:00:00,13691.012089061845
'00','total',2024-11-07 02:00:00,13576.134666450047
'00','total',2024-11-07 03:00:00,13591.144490075305
'00','total',2024-11-07 04:00:00,13814.375013534393
'00','total',2024-11-07 05:00:00,14511.77444506552
'00','total',2024-11-07 06:00:00,15847.21263953058
'00','total',2024-11-07 07:00:00,16873.735597320872
'00','total',2024-11-07 08:00:00,17185.483596228933
'00','total',2024-11-07 09:00:00,17381.493567493213
'00','total',2024-11-07 10:00:00,17543.993923161735
'00','total',2024-11-07 11:00:00,17476.265373636466
'00','total',2024-11-07 12:00:00,17489.11901801091
'00','total',2024-11-07 13:00:00,17520.252245277126
'00','total',2024-11-07 14:00:00,17450.859250203855
'00','total',2024-11-07 15:00:00,17446.11362466214
'00','total',2024-11-07 16:00:00,17234.483458667506
'00','total',2024-11-07 17:00:00,17030.07632377696
'00','total',2024-11-07 18:00:00,16580.098247880152
'00','total',2024-11-07 19:00:00,16238.47299189039
'00','total',2024-11-07 20:00:00,15843.353936053885
'00','total',2024-11-07 21:00:00,15451.308667070449
'00','total',2024-11-07 22:00:00,14955.516135736467
'00','total',2024-11-07 23:00:00,14542.340987118165
'00','total',2024-11-08 00:00:00,14010.060577311633
'00','total',2024-11-08 01:00:00,13907.755851185559
'00','total',2024-11-08 02:00:00,13816.211368557488
'00','total',2024-11-08 03:00:00,13779.85486061745
'00','total',2024-11-08 04:00:00,14009.155757331635
'00','total',2024-11-08 05:00:00,14616.700570387786
'00','total',2024-11-08 06:00:00,16087.977503093838
'00','total',2024-11-08 07:00:00,17320.216430244087
'00','total',2024-11-08 08:00:00,17766.93456198677
'00','total',2024-11-08 09:00:00,18011.263138657287
'00','total',2024-11-08 10:00:00,17967.79589924079
'00','total',2024-11-08 11:00:00,17903.535270231307
'00','total',2024-11-08 12:00:00,17822.109655446344
'00','total',2024-11-08 13:00:00,17869.565103466655
'00','total',2024-11-08 14:00:00,17885.787622840027
'00','total',2024-11-08 15:00:00,18035.477638492877
'00','total',2024-11-08 16:00:00,17748.17624756424
'00','total',2024-11-08 17:00:00,17452.85319921216
'00','total',2024-11-08 18:00:00,17024.1770005274
'00','total',2024-11-08 19:00:00,16720.229770662332
'00','total',2024-11-08 20:00:00,16436.330016727214
'00','total',2024-11-08 21:00:00,15959.60009916017
'00','total',2024-11-08 22:00:00,15525.768433954163
'00','total',2024-11-08 23:00:00,15056.712627239767
'00','total',2024-11-09 00:00:00,14955.363253919304
'00','total',2024-11-09 01:00:00,14734.256501561638
'00','total',2024-11-09 02:00:00,14650.612803681459
'00','total',2024-11-09 03:00:00,14731.658486923086
'00','total',2024-11-09 04:00:00,15086.015851444767
'00','total',2024-11-09 05:00:00,16123.830100839821
'00','total',2024-11-09 06:00:00,18147.167008614862
'00','total',2024-11-09 07:00:00,19743.667210301945
'00','total',2024-11-09 08:00:00,20166.80003781273
'00','total',2024-11-09 09:00:00,20284.836885664943
'00','total',2024-11-09 10:00:00,20252.395095424185
'00','total',2024-11-09 11:00:00,20212.542993600335
'00','total',2024-11-09 12:00:00,20117.78983035712
'00','total',2024-11-09 13:00:00,20108.794837324403
'00','total',2024-11-09 14:00:00,20047.472894936363
'00','total',2024-11-09 15:00:00,19880.943893400323
'00','total',2024-11-09 16:00:00,19224.57056731401
'00','total',2024-11-09 17:00:00,18690.50825319176
'00','total',2024-11-09 18:00:00,18121.268631719442
'00','total',2024-11-09 19:00:00,17659.037037932256
'00','total',2024-11-09 20:00:00,17123.906237554198
'00','total',2024-11-09 21:00:00,16577.050955843995
'00','total',2024-11-09 22:00:00,15912.157844498557
'00','total',2024-11-09 23:00:00,15284.051845214233
'00','total',2024-11-10 00:00:00,15067.41063208429
'00','total',2024-11-10 01:00:00,14812.795084544721
'00','total',2024-11-10 02:00:00,14729.965541756434
'00','total',2024-11-10 03:00:00,14792.129142638278
'00','total',2024-11-10 04:00:00,15175.53034935812
'00','total',2024-11-10 05:00:00,16348.36092821741
'00','total',2024-11-10 06:00:00,18488.329631155815
'00','total',2024-11-10 07:00:00,20076.041016544412
'00','total',2024-11-10 08:00:00,20501.0683423229
'00','total',2024-11-10 09:00:00,20543.76114043358
'00','total',2024-11-10 10:00:00,20483.48399907763
'00','total',2024-11-10 11:00:00,20312.904460503465
'00','total',2024-11-10 12:00:00,20108.0475275772
'00','total',2024-11-10 13:00:00,19979.5415862531
'00','total',2024-11-10 14:00:00,19822.012997457565
'00','total',2024-11-10 15:00:00,19673.953675186167
'00','total',2024-11-10 16:00:00,19114.31327465873
'00','total',2024-11-10 17:00:00,18700.834435714136
'00','total',2024-11-10 18:00:00,18026.205664895126
'00','total',2024-11-10 19:00:00,17552.639278387665
'00','total',2024-11-10 20:00:00,17036.129899321117
'00','total',2024-11-10 21:00:00,16449.175642168168
'00','total',2024-11-10 22:00:00,15836.280471071923
'00','total',2024-11-10 23:00:00,15384.75066490979
'00','total',2024-11-11 00:00:00,15411.136315361307
'00','total',2024-11-11 01:00:00,15156.543628153626
'00','total',2024-11-11 02:00:00,15002.203844120795
'00','total',2024-11-11 03:00:00,15035.533451732092
'00','total',2024-11-11 04:00:00,15314.50910868796
'00','total',2024-11-11 05:00:00,16054.574346883575
'00','total',2024-11-11 06:00:00,17879.531248514515
'00','total',2024-11-11 07:00:00,19564.926077430177
'00','total',2024-11-11 08:00:00,20051.48866413587
'00','total',2024-11-11 09:00:00,20197.798790970977
'00','total',2024-11-11 10:00:00,20236.726565362525
'00','total',2024-11-11 11:00:00,20208.331773558188
'00','total',2024-11-11 12:00:00,20030.860223294625
'00','total',2024-11-11 13:00:00,20008.324434477225
'00','total',2024-11-11 14:00:00,19845.916767163228
'00','total',2024-11-11 15:00:00,19835.734384751988
'00','total',2024-11-11 16:00:00,19375.969995381045
'00','total',2024-11-11 17:00:00,18873.234695474137
'00','total',2024-11-11 18:00:00,18234.64911125542
'00','total',2024-11-11 19:00:00,17789.35898388331
'00','total',2024-11-11 20:00:00,17247.245730772018
'00','total',2024-11-11 21:00:00,16724.850878880618
'00','total',2024-11-11 22:00:00,16087.389992360433
'00','total',2024-11-11 23:00:00,15577.63499125812
'00','total',2024-11-12 00:00:00,15297.812448435487
'00','total',2024-11-12 01:00:00,15045.772562461747
'00','total',2024-11-12 02:00:00,14904.224378942981
'00','total',2024-11-12 03:00:00,14916.290586735011
'00','total',2024-11-12 04:00:00,15071.428773888452
'00','total',2024-11-12 05:00:00,15684.38908386598
'00','total',2024-11-12 06:00:00,17224.33455905597
'00','total',2024-11-12 07:00:00,18561.907667097017
'00','total',2024-11-12 08:00:00,19020.674961534714
'00','total',2024-11-12 09:00:00,19152.150014709234
'00','total',2024-11-12 10:00:00,19223.080574719315
'00','total',2024-11-12 11:00:00,19135.44809854698
'00','total',2024-11-12 12:00:00,19086.15396036349
'00','total',2024-11-12 13:00:00,19087.466585104678
'00','total',2024-11-12 14:00:00,19047.43898644884
'00','total',2024-11-12 15:00:00,19091.211572452194
'00','total',2024-11-12 16:00:00,18747.163968548306
'00','total',2024-11-12 17:00:00,18350.292754697923
'00','total',2024-11-12 18:00:00,17841.686683339885
'00','total',2024-11-12 19:00:00,17447.88422639081
'00','total',2024-11-12 20:00:00,17018.930537546323
'00','total',2024-11-12 21:00:00,16557.001641275394
'00','total',2024-11-12 22:00:00,15977.003772971982
'00','total',2024-11-12 23:00:00,15577.184201909839
'00','total',2024-11-13 00:00:00,15180.620558992356
'00','total',2024-11-13 01:00:00,14958.212071201186
'00','total',2024-11-13 02:00:00,14790.572370548603
'00','total',2024-11-13 03:00:00,14745.718866215102
'00','total',2024-11-13 04:00:00,14980.404183447039
'00','total',2024-11-13 05:00:00,15571.55609075495
'00','total',2024-11-13 06:00:00,17146.339972258258
'00','total',2024-11-13 07:00:00,18489.909598414077
'00','total',2024-11-13 08:00:00,18828.92803181516
'00','total',2024-11-13 09:00:00,18982.01548620837
'00','total',2024-11-13 10:00:00,19090.716925216617
'00','total',2024-11-13 11:00:00,19036.212054049785
'00','total',2024-11-13 12:00:00,18931.611634318695
'00','total',2024-11-13 13:00:00,18929.043495957852
'00','total',2024-11-13 14:00:00,18823.66807186342
'00','total',2024-11-13 15:00:00,18902.729828261214
'00','total',2024-11-13 16:00:00,18596.566060950605
'00','total',2024-11-13 17:00:00,18226.539705458203
'00','total',2024-11-13 18:00:00,17642.530323357296
'00','total',2024-11-13 19:00:00,17284.292103143784
'00','total',2024-11-13 20:00:00,16867.665585757517
'00','total',2024-11-13 21:00:00,16351.982098855373
'00','total',2024-11-13 22:00:00,15824.024421274271
'00','total',2024-11-13 23:00:00,15441.92239834171
'00','total',2024-11-14 00:00:00,15100.614637653922
'00','total',2024-11-14 01:00:00,14905.180845606337
'00','total',2024-11-14 02:00:00,14843.712445658573
'00','total',2024-11-14 03:00:00,14809.833007672745
'00','total',2024-11-14 04:00:00,14982.05016057107
'00','total',2024-11-14 05:00:00,15614.87118859324
'00','total',2024-11-14 06:00:00,17182.084880540122
'00','total',2024-11-14 07:00:00,18523.610292706577
'00','total',2024-11-14 08:00:00,18893.385968972412
'00','total',2024-11-14 09:00:00,19051.854985773
'00','total',2024-11-14 10:00:00,19152.8995178609
'00','total',2024-11-14 11:00:00,19143.02467987942
'00','total',2024-11-14 12:00:00,19094.08416404112
'00','total',2024-11-14 13:00:00,19125.558633990215
'00','total',2024-11-14 14:00:00,19117.13582552447
'00','total',2024-11-14 15:00:00,19213.365679313534
'00','total',2024-11-14 16:00:00,18926.797619401394
'00','total',2024-11-14 17:00:00,18538.94444053964
'00','total',2024-11-14 18:00:00,18038.675615546133
'00','total',2024-11-14 19:00:00,17678.61656637363
'00','total',2024-11-14 20:00:00,17222.12723241357
'00','total',2024-11-14 21:00:00,16731.442584175034
'00','total',2024-11-14 22:00:00,16247.104676959701
'00','total',2024-11-14 23:00:00,15821.172894919206
'00','total',2024-11-15 00:00:00,15325.30708316814
'00','total',2024-11-15 01:00:00,15136.023126476966
'00','total',2024-11-15 02:00:00,15055.975268951335
'00','total',2024-11-15 03:00:00,15082.91951501519
'00','total',2024-11-15 04:00:00,15397.312658876808
'00','total',2024-11-15 05:00:00,16130.545076117514
'00','total',2024-11-15 06:00:00,18020.947121234596
'00','total',2024-11-15 07:00:00,19644.876978063778
'00','total',2024-11-15 08:00:00,20115.056703376576
'00','total',2024-11-15 09:00:00,20177.502081801646
'00','total',2024-11-15 10:00:00,20297.458645268278
'00','total',2024-11-15 11:00:00,20178.103911404658
'00','total',2024-11-15 12:00:00,20095.47587435872
'00','total',2024-11-15 13:00:00,20153.983448983137
'00','total',2024-11-15 14:00:00,20063.80797282958
'00','total',2024-11-15 15:00:00,20071.994692381657
'00','total',2024-11-15 16:00:00,19598.078973286152
'00','total',2024-11-15 17:00:00,19138.167444267136
'00','total',2024-11-15 18:00:00,18541.675173323492
'00','total',2024-11-15 19:00:00,18093.41152779057
'00','total',2024-11-15 20:00:00,17600.49472321763
'00','total',2024-11-15 21:00:00,17020.254794475844
'00','total',2024-11-15 22:00:00,16415.92440220247
'00','total',2024-11-15 23:00:00,15986.550388513338
'00','total',2024-11-16 00:00:00,15577.847243649356
'00','total',2024-11-16 01:00:00,15407.129676038827
'00','total',2024-11-16 02:00:00,15248.780218223084
'00','total',2024-11-16 03:00:00,15290.063316938918
'00','total',2024-11-16 04:00:00,15533.122438637745
'00','total',2024-11-16 05:00:00,16291.378895328768
'00','total',2024-11-16 06:00:00,18291.82851804919
'00','total',2024-11-16 07:00:00,19963.558018190965
'00','total',2024-11-16 08:00:00,20390.26623469778
'00','total',2024-11-16 09:00:00,20499.521156738356
'00','total',2024-11-16 10:00:00,20504.206476628107
'00','total',2024-11-16 11:00:00,20471.735515930442
'00','total',2024-11-16 12:00:00,20393.040984467323
'00','total',2024-11-16 13:00:00,20396.708762941795
'00','total',2024-11-16 14:00:00,20414.13422517073
'00','total',2024-11-16 15:00:00,20468.00759917149
'00','total',2024-11-16 16:00:00,19829.347348124873
'00','total',2024-11-16 17:00:00,19379.579785510832
'00','total',2024-11-16 18:00:00,18756.17005548621
'00','total',2024-11-16 19:00:00,18347.257376688263
'00','total',2024-11-16 20:00:00,17824.241451217054
'00','total',2024-11-16 21:00:00,17296.72357069403
'00','total',2024-11-16 22:00:00,16709.945733114233
'00','total',2024-11-16 23:00:00,16246.476968722021
'00','total',2024-11-17 00:00:00,15781.926842545598
'00','total',2024-11-17 01:00:00,15514.598882448734
'00','total',2024-11-17 02:00:00,15432.811749938368
'00','total',2024-11-17 03:00:00,15402.847394472023
'00','total',2024-11-17 04:00:00,15648.579314722838
'00','total',2024-11-17 05:00:00,16370.285968170961
'00','total',2024-11-17 06:00:00,18177.869831756812
'00','total',2024-11-17 07:00:00,19725.01669381172
'00','total',2024-11-17 08:00:00,20230.121120820382
'00','total',2024-11-17 09:00:00,20289.951256996625
'00','total',2024-11-17 10:00:00,20356.403301725273
'00','total',2024-11-17 11:00:00,20302.167901313416
'00','total',2024-11-17 12:00:00,20164.433865058098
'00','total',2024-11-17 13:00:00,20087.839467623544
'00','total',2024-11-17 14:00:00,20026.605843203317
'00','total',2024-11-17 15:00:00,20032.291749618984
'00','total',2024-11-17 16:00:00,19582.35800086935
'00','total',2024-11-17 17:00:00,19192.81080699527
'00','total',2024-11-17 18:00:00,18669.017638212532
'00','total',2024-11-17 19:00:00,18270.120590216586
'00','total',2024-11-17 20:00:00,17753.66381203601
'00','total',2024-11-17 21:00:00,17282.587727179543
'00','total',2024-11-17 22:00:00,16726.171783000827
'00','total',2024-11-17 23:00:00,16252.692600903212
'00','total',2024-11-18 00:00:00,15766.414160927434
'00','total',2024-11-18 01:00:00,15513.901839129163
'00','total',2024-11-18 02:00:00,15425.194025380873
'00','total',2024-11-18 03:00:00,15488.401702234522
'00','total',2024-11-18 04:00:00,15746.040565900617
'00','total',2024-11-18 05:00:00,16451.323794859836
'00','total',2024-11-18 06:00:00,18382.66842922688
'00','total',2024-11-18 07:00:00,20148.41126444962
'00','total',2024-11-18 08:00:00,20575.148979400856
'00','total',2024-11-18 09:00:00,20672.009063571197
'00','total',2024-11-18 10:00:00,20725.72467189484
'00','total',2024-11-18 11:00:00,20608.515803871716
'00','total',2024-11-18 12:00:00,20463.43530594687
'00','total',2024-11-18 13:00:00,20525.617179096804
'00','total',2024-11-18 14:00:00,20460.902474554117
'00','total',2024-11-18 15:00:00,20479.078482446526
'00','total',2024-11-18 16:00:00,19937.803289732372
'00','total',2024-11-18 17:00:00,19454.936591840815
'00','total',2024-11-18 18:00:00,18817.401918068248
'00','total',2024-11-18 19:00:00,18382.21774434825
'00','total',2024-11-18 20:00:00,17852.26853129238
'00','total',2024-11-18 21:00:00,17312.99151874243
'00','total',2024-11-18 22:00:00,16813.190377427723
'00','total',2024-11-18 23:00:00,16309.365641417106
'00','total',2024-11-19 00:00:00,15872.31610481531
'00','total',2024-11-19 01:00:00,15656.47487347429
'00','total',2024-11-19 02:00:00,15557.479891105997
'00','total',2024-11-19 03:00:00,15533.551969633629
'00','total',2024-11-19 04:00:00,15766.14286086256
'00','total',2024-11-19 05:00:00,16404.694926169617
'00','total',2024-11-19 06:00:00,17976.15307015035
'00','total',2024-11-19 07:00:00,19289.27686043796
'00','total',2024-11-19 08:00:00,19848.022756538743
'00','total',2024-11-19 09:00:00,20012.155539964304
'00','total',2024-11-19 10:00:00,20129.077420434023
'00','total',2024-11-19 11:00:00,20036.454700815226
'00','total',2024-11-19 12:00:00,19998.220551845727
'00','total',2024-11-19 13:00:00,20025.34904322691
'00','total',2024-11-19 14:00:00,19963.063178329667
'00','total',2024-11-19 15:00:00,19947.806647725767
'00','total',2024-11-19 16:00:00,19523.44010389439
'00','total',2024-11-19 17:00:00,19073.255869828274
'00','total',2024-11-19 18:00:00,18550.171619509132
'00','total',2024-11-19 19:00:00,18152.1874582592
'00','total',2024-11-19 20:00:00,17586.756039109554
'00','total',2024-11-19 21:00:00,17122.024628952848
'00','total',2024-11-19 22:00:00,16579.40325652888
'00','total',2024-11-19 23:00:00,16091.688964081852
'00','total',2024-11-20 00:00:00,15732.837111440107
'00','total',2024-11-20 01:00:00,15487.316852933687
'00','total',2024-11-20 02:00:00,15397.540729256145
'00','total',2024-11-20 03:00:00,15443.92570488865
'00','total',2024-11-20 04:00:00,15725.984643143887
'00','total',2024-11-20 05:00:00,16245.433143214339
'00','total',2024-11-20 06:00:00,17888.846712455557
'00','total',2024-11-20 07:00:00,19194.963713139372
'00','total',2024-11-20 08:00:00,19628.957836805184
'00','total',2024-11-20 09:00:00,19875.27211170856
'00','total',2024-11-20 10:00:00,19905.472172073736
'00','total',2024-11-20 11:00:00,19924.09780302747
'00','total',2024-11-20 12:00:00,19787.176873201126
'00','total',2024-11-20 13:00:00,19762.07824893648
'00','total',2024-11-20 14:00:00,19693.970408213117
'00','total',2024-11-20 15:00:00,19866.871304201966
'00','total',2024-11-20 16:00:00,19444.945758053578
'00','total',2024-11-20 17:00:00,19083.606127154515
'00','total',2024-11-20 18:00:00,18590.91316638796
'00','total',2024-11-20 19:00:00,18162.230488918533
'00','total',2024-11-20 20:00:00,17725.582920581994
'00','total',2024-11-20 21:00:00,17232.517499783753
'00','total',2024-11-20 22:00:00,16678.91228649522
'00','total',2024-11-20 23:00:00,16220.489858456647
'00','total',2024-11-21 00:00:00,15928.91038402093
'00','total',2024-11-21 01:00:00,15750.618457128034
'00','total',2024-11-21 02:00:00,15576.989839171325
'00','total',2024-11-21 03:00:00,15500.4956204604
'00','total',2024-11-21 04:00:00,15716.766340878212
'00','total',2024-11-21 05:00:00,16316.52232285731
'00','total',2024-11-21 06:00:00,17890.142718345855
'00','total',2024-11-21 07:00:00,19294.167242995096
'00','total',2024-11-21 08:00:00,19749.760376067017
'00','total',2024-11-21 09:00:00,19920.95599178437
'00','total',2024-11-21 10:00:00,20137.167727056214
'00','total',2024-11-21 11:00:00,20086.54258405639
'00','total',2024-11-21 12:00:00,20041.42733664061
'00','total',2024-11-21 13:00:00,20068.045705029243
'00','total',2024-11-21 14:00:00,20072.42837144898
'00','total',2024-11-21 15:00:00,20170.50780310688
'00','total',2024-11-21 16:00:00,19694.2838370838
'00','total',2024-11-21 17:00:00,19333.280042323706
'00','total',2024-11-21 18:00:00,18804.281167827725
'00','total',2024-11-21 19:00:00,18389.878309767515
'00','total',2024-11-21 20:00:00,17961.95723757793
'00','total',2024-11-21 21:00:00,17546.28253454983
'00','total',2024-11-21 22:00:00,16993.703988968635
'00','total',2024-11-21 23:00:00,16533.27609575486
'00','total',2024-11-22 00:00:00,16105.326853385677
'00','total',2024-11-22 01:00:00,15818.040086688856
'00','total',2024-11-22 02:00:00,15758.414254546518
'00','total',2024-11-22 03:00:00,15807.233036420217
'00','total',2024-11-22 04:00:00,16066.421282688245
'00','total',2024-11-22 05:00:00,16807.54633421236
'00','total',2024-11-22 06:00:00,18607.21029216105
'00','total',2024-11-22 07:00:00,20265.182128153134
'00','total',2024-11-22 08:00:00,20801.340518471985
'00','total',2024-11-22 09:00:00,20858.808582243662
'00','total',2024-11-22 10:00:00,20878.597491283883
'00','total',2024-11-22 11:00:00,20806.06210760246
'00','total',2024-11-22 12:00:00,20778.948410516336
'00','total',2024-11-22 13:00:00,20810.367574276603
'00','total',2024-11-22 14:00:00,20708.612163071335
'00','total',2024-11-22 15:00:00,20678.412107427164
'00','total',2024-11-22 16:00:00,20061.797865169403
'00','total',2024-11-22 17:00:00,19578.826380475064
'00','total',2024-11-22 18:00:00,18948.15382742296
'00','total',2024-11-22 19:00:00,18475.273377897447
'00','total',2024-11-22 20:00:00,17993.050770517108
'00','total',2024-11-22 21:00:00,17452.505264846717
'00','total',2024-11-22 22:00:00,16871.023496015107
'00','total',2024-11-22 23:00:00,16414.783541654757
'00','total',2024-11-23 00:00:00,15993.135494323313
'00','total',2024-11-23 01:00:00,15719.906524864813
'00','total',2024-11-23 02:00:00,15626.10343030881
'00','total',2024-11-23 03:00:00,15582.21001354635
'00','total',2024-11-23 04:00:00,15863.697076502467
'00','total',2024-11-23 05:00:00,16594.383081689273
'00','total',2024-11-23 06:00:00,18443.401285741882
'00','total',2024-11-23 07:00:00,20175.4331405555
'00','total',2024-11-23 08:00:00,20736.757893105096
'00','total',2024-11-23 09:00:00,20841.73776388673
'00','total',2024-11-23 10:00:00,20863.246922207694
'00','total',2024-11-23 11:00:00,20759.79571777753
'00','total',2024-11-23 12:00:00,20692.089962623853
'00','total',2024-11-23 13:00:00,20719.842204106368
'00','total',2024-11-23 14:00:00,20696.860410711095
'00','total',2024-11-23 15:00:00,20718.21719810845
'00','total',2024-11-23 16:00:00,20079.062677541984
'00','total',2024-11-23 17:00:00,19627.171161277256
'00','total',2024-11-23 18:00:00,18998.637664454833
'00','total',2024-11-23 19:00:00,18626.250349765283
'00','total',2024-11-23 20:00:00,18129.04657113902
'00','total',2024-11-23 21:00:00,17582.957548792856
'00','total',2024-11-23 22:00:00,16955.622020168128
'00','total',2024-11-23 23:00:00,16441.165231777497
'00','total',2024-11-24 00:00:00,15964.000896815756
'00','total',2024-11-24 01:00:00,15786.140408209234
'00','total',2024-11-24 02:00:00,15690.791898869467
'00','total',2024-11-24 03:00:00,15683.661539666604
'00','total',2024-11-24 04:00:00,15927.814845784993
'00','total',2024-11-24 05:00:00,16695.481007724306
'00','total',2024-11-24 06:00:00,18511.766745050118
'00','total',2024-11-24 07:00:00,20171.057056933852
'00','total',2024-11-24 08:00:00,20674.375892063108
'00','total',2024-11-24 09:00:00,20777.87090489753
'00','total',2024-11-24 10:00:00,20823.25833043026
'00','total',2024-11-24 11:00:00,20763.365537339712
'00','total',2024-11-24 12:00:00,20712.909124276688
'00','total',2024-11-24 13:00:00,20821.71401152276
'00','total',2024-11-24 14:00:00,20789.223600408317
'00','total',2024-11-24 15:00:00,20761.255026825926
'00','total',2024-11-24 16:00:00,20218.266974389462
'00','total',2024-11-24 17:00:00,19743.278745950258
'00','total',2024-11-24 18:00:00,19147.61877304459
'00','total',2024-11-24 19:00:00,18684.428139361
'00','total',2024-11-24 20:00:00,18148.821000250384
'00','total',2024-11-24 21:00:00,17566.135275395147
'00','total',2024-11-24 22:00:00,16972.8394445037
'00','total',2024-11-24 23:00:00,16466.336722196396
'00','total',2024-11-25 00:00:00,15997.145377722163
'00','total',2024-11-25 01:00:00,15745.90257491
'00','total',2024-11-25 02:00:00,15573.521874630092
'00','total',2024-11-25 03:00:00,15591.17306253693
'00','total',2024-11-25 04:00:00,15856.753138146752
'00','total',2024-11-25 05:00:00,16592.900338921234
'00','total',2024-11-25 06:00:00,18495.576754504982
'00','total',2024-11-25 07:00:00,20239.95690611155
'00','total',2024-11-25 08:00:00,20824.114211543092
'00','total',2024-11-25 09:00:00,20851.68327596428
'00','total',2024-11-25 10:00:00,20896.952321753753
'00','total',2024-11-25 11:00:00,20833.54671655317
'00','total',2024-11-25 12:00:00,20772.050383801812
'00','total',2024-11-25 13:00:00,20788.955117401147
'00','total',2024-11-25 14:00:00,20804.632714844618
'00','total',2024-11-25 15:00:00,20898.63271672088
'00','total',2024-11-25 16:00:00,20244.3351792385
'00','total',2024-11-25 17:00:00,19717.292773688736
'00','total',2024-11-25 18:00:00,19166.84921451505
'00','total',2024-11-25 19:00:00,18739.050725160585
'00','total',2024-11-25 20:00:00,18199.7919244456
'00','total',2024-11-25 21:00:00,17603.71055276435
'00','total',2024-11-25 22:00:00,16982.336727219077
'00','total',2024-11-25 23:00:00,16514.45460362933
'00','total',2024-11-26 00:00:00,16054.569454627532
'00','total',2024-11-26 01:00:00,15823.916056268237
'00','total',2024-11-26 02:00:00,15731.891884459621
'00','total',2024-11-26 03:00:00,15693.198207576303
'00','total',2024-11-26 04:00:00,15877.788305299495
'00','total',2024-11-26 05:00:00,16545.60899433137
'00','total',2024-11-26 06:00:00,18134.43888233997
'00','total',2024-11-26 07:00:00,19599.68007309797
'00','total',2024-11-26 08:00:00,20236.170502478068
'00','total',2024-11-26 09:00:00,20273.937677665428
'00','total',2024-11-26 10:00:00,20292.51053121772
'00','total',2024-11-26 11:00:00,20162.38918883401
'00','total',2024-11-26 12:00:00,20071.839027688762
'00','total',2024-11-26 13:00:00,20051.113784065743
'00','total',2024-11-26 14:00:00,20140.45138697835
'00','total',2024-11-26 15:00:00,20209.607464062698
'00','total',2024-11-26 16:00:00,19861.45527351716
'00','total',2024-11-26 17:00:00,19395.189560335253
'00','total',2024-11-26 18:00:00,18913.546532664936
'00','total',2024-11-26 19:00:00,18492.323199007074
'00','total',2024-11-26 20:00:00,17983.75797806041
'00','total',2024-11-26 21:00:00,17525.55852450049
'00','total',2024-11-26 22:00:00,16954.646005863637
'00','total',2024-11-26 23:00:00,16488.650555275563
'00','total',2024-11-27 00:00:00,16180.959594574637
'00','total',2024-11-27 01:00:00,15926.425365165756
'00','total',2024-11-27 02:00:00,15787.233535043206
'00','total',2024-11-27 03:00:00,15822.152450807242
'00','total',2024-11-27 04:00:00,16107.385590717124
'00','total',2024-11-27 05:00:00,16748.46252861386
'00','total',2024-11-27 06:00:00,18307.177823869202
'00','total',2024-11-27 07:00:00,19850.999107840973
'00','total',2024-11-27 08:00:00,20396.568590901767
'00','total',2024-11-27 09:00:00,20573.29978647415
'00','total',2024-11-27 10:00:00,20680.54203674059
'00','total',2024-11-27 11:00:00,20610.242599246183
'00','total',2024-11-27 12:00:00,20561.31684080124
'00','total',2024-11-27 13:00:00,20534.000137202267
'00','total',2024-11-27 14:00:00,20530.621846430822
'00','total',2024-11-27 15:00:00,20584.62095848669
'00','total',2024-11-27 16:00:00,20154.22077657758
'00','total',2024-11-27 17:00:00,19767.308086676752
'00','total',2024-11-27 18:00:00,19315.049802233832
'00','total',2024-11-27 19:00:00,18912.779387434122
'00','total',2024-11-27 20:00:00,18451.75872172636
'00','total',2024-11-27 21:00:00,17891.6532911834
'00','total',2024-11-27 22:00:00,17377.917467606883
'00','total',2024-11-27 23:00:00,16934.767360468155
'00','total',2024-11-28 00:00:00,16556.326855708856
'00','total',2024-11-28 01:00:00,16350.22626847122
'00','total',2024-11-28 02:00:00,16268.299844977608
'00','total',2024-11-28 03:00:00,16265.411425301014
'00','total',2024-11-28 04:00:00,16500.460214505973
'00','total',2024-11-28 05:00:00,17074.404066349125
'00','total',2024-11-28 06:00:00,18655.85048371757
'00','total',2024-11-28 07:00:00,20062.000213611456
'00','total',2024-11-28 08:00:00,20567.82300276722
'00','total',2024-11-28 09:00:00,20709.394011223372
'00','total',2024-11-28 10:00:00,20794.448266104766
'00','total',2024-11-28 11:00:00,20762.32595522936
'00','total',2024-11-28 12:00:00,20648.067868541297
'00','total',2024-11-28 13:00:00,20665.38955651309
'00','total',2024-11-28 14:00:00,20753.88122141895
'00','total',2024-11-28 15:00:00,20864.692497470813
'00','total',2024-11-28 16:00:00,20440.026773509428
'00','total',2024-11-28 17:00:00,20029.949202855394
'00','total',2024-11-28 18:00:00,19569.2741310802
'00','total',2024-11-28 19:00:00,19157.112182295266
'00','total',2024-11-28 20:00:00,18655.422172086503
'00','total',2024-11-28 21:00:00,18161.874626268735
'00','total',2024-11-28 22:00:00,17654.884320234913
'00','total',2024-11-28 23:00:00,17165.832726936183
'00','total',2024-11-29 00:00:00,16643.110974432322
'00','total',2024-11-29 01:00:00,16401.436774263773
'00','total',2024-11-29 02:00:00,16339.270864907645
'00','total',2024-11-29 03:00:00,16412.353978126972
'00','total',2024-11-29 04:00:00,16711.404093640653
'00','total',2024-11-29 05:00:00,17495.171622576003
'00','total',2024-11-29 06:00:00,19340.149093650485
'00','total',2024-11-29 07:00:00,21069.723467138134
'00','total',2024-11-29 08:00:00,21642.68150489506
'00','total',2024-11-29 09:00:00,21770.488593885468
'00','total',2024-11-29 10:00:00,21834.92697652321
'00','total',2024-11-29 11:00:00,21781.080040591347
'00','total',2024-11-29 12:00:00,21657.38736536804
'00','total',2024-11-29 13:00:00,21703.81704830392
'00','total',2024-11-29 14:00:00,21668.34175816684
'00','total',2024-11-29 15:00:00,21622.131756377134
'00','total',2024-11-29 16:00:00,20980.40787000527
'00','total',2024-11-29 17:00:00,20506.129352934848
'00','total',2024-11-29 18:00:00,19916.79897278753
'00','total',2024-11-29 19:00:00,19477.899660775194
'00','total',2024-11-29 20:00:00,18944.1275737654
'00','total',2024-11-29 21:00:00,18439.4578304702
'00','total',2024-11-29 22:00:00,17847.33463171381
'00','total',2024-11-29 23:00:00,17325.435964730867
'00','total',2024-11-30 00:00:00,16881.488352682292
'00','total',2024-11-30 01:00:00,16632.73608886231
'00','total',2024-11-30 02:00:00,16464.902257961734
'00','total',2024-11-30 03:00:00,16482.97199661988
'00','total',2024-11-30 04:00:00,16733.789673633382
'00','total',2024-11-30 05:00:00,17503.478455510856
'00','total',2024-11-30 06:00:00,19370.159220819653
'00','total',2024-11-30 07:00:00,21122.50329069842
'00','total',2024-11-30 08:00:00,21718.80692799941
'00','total',2024-11-30 09:00:00,21837.48009672879
'00','total',2024-11-30 10:00:00,21909.744998905306
'00','total',2024-11-30 11:00:00,21797.820818456596
'00','total',2024-11-30 12:00:00,21724.235326222293
'00','total',2024-11-30 13:00:00,21783.731781475864
'00','total',2024-11-30 14:00:00,21852.54875454285
'00','total',2024-11-30 15:00:00,21859.01818333157
'00','total',2024-11-30 16:00:00,21267.87079806867
'00','total',2024-11-30 17:00:00,20764.5489944022
'00','total',2024-11-30 18:00:00,20207.687528943814
'00','total',2024-11-30 19:00:00,19753.42958367753
'00','total',2024-11-30 20:00:00,19298.951296695606
'00','total',2024-11-30 21:00:00,18811.26002005518
'00','total',2024-11-30 22:00:00,18160.580091558237
'00','total',2024-11-30 23:00:00,17515.182290993438
'00','total',2024-12-01 00:00:00,16359.34749415728
'00','total',2024-12-01 01:00:00,16149.422755506792
'00','total',2024-12-01 02:00:00,16012.547894644042
'00','total',2024-12-01 03:00:00,16005.94479768972
'00','total',2024-12-01 04:00:00,16179.471267344266
'00','total',2024-12-01 05:00:00,16833.96237919911
'00','total',2024-12-01 06:00:00,18493.140817803553
'00','total',2024-12-01 07:00:00,19949.812484726528
'00','total',2024-12-01 08:00:00,20498.246297441
'00','total',2024-12-01 09:00:00,20629.659710273754
'00','total',2024-12-01 10:00:00,20758.287876492206
'00','total',2024-12-01 11:00:00,20758.715791207884
'00','total',2024-12-01 12:00:00,20679.32624444885
'00','total',2024-12-01 13:00:00,20737.25157698171
'00','total',2024-12-01 14:00:00,20606.28396314926
'00','total',2024-12-01 15:00:00,20631.844099257796
'00','total',2024-12-01 16:00:00,20163.913500915605
'00','total',2024-12-01 17:00:00,19699.86838763493
'00','total',2024-12-01 18:00:00,19140.326056903537
'00','total',2024-12-01 19:00:00,18706.550153953045
'00','total',2024-12-01 20:00:00,18252.24091401959
'00','total',2024-12-01 21:00:00,17770.068492383693
'00','total',2024-12-01 22:00:00,17194.68562241995
'00','total',2024-12-01 23:00:00,16756.611366163364
'00','total',2024-12-02 00:00:00,16957.444628177956
'00','total',2024-12-02 01:00:00,16732.79205733334
'00','total',2024-12-02 02:00:00,16541.473892169568
'00','total',2024-12-02 03:00:00,16527.595529097252
'00','total',2024-12-02 04:00:00,16768.688930394244
'00','total',2024-12-02 05:00:00,17612.1012544133
'00','total',2024-12-02 06:00:00,19579.412337419864
'00','total',2024-12-02 07:00:00,21417.059543868687
'00','total',2024-12-02 08:00:00,21974.763461794475
'00','total',2024-12-02 09:00:00,22013.37562679305
'00','total',2024-12-02 10:00:00,22110.698872003246
'00','total',2024-12-02 11:00:00,22019.314275418215
'00','total',2024-12-02 12:00:00,21878.323842133817
'00','total',2024-12-02 13:00:00,21859.407626010878
'00','total',2024-12-02 14:00:00,21736.03582571424
'00','total',2024-12-02 15:00:00,21714.460110210537
'00','total',2024-12-02 16:00:00,21049.47514037626
'00','total',2024-12-02 17:00:00,20555.281582583586
'00','total',2024-12-02 18:00:00,19912.282417015842
'00','total',2024-12-02 19:00:00,19439.844114538697
'00','total',2024-12-02 20:00:00,18877.316046176344
'00','total',2024-12-02 21:00:00,18404.3555018468
'00','total',2024-12-02 22:00:00,17812.050297511483
'00','total',2024-12-02 23:00:00,17318.32500679589
'00','total',2024-12-03 00:00:00,16768.39514430559
'00','total',2024-12-03 01:00:00,16558.07744228872
'00','total',2024-12-03 02:00:00,16456.760806222737
'00','total',2024-12-03 03:00:00,16446.006073246637
'00','total',2024-12-03 04:00:00,16723.047638145315
'00','total',2024-12-03 05:00:00,17416.563716139397
'00','total',2024-12-03 06:00:00,19032.09844025327
'00','total',2024-12-03 07:00:00,20477.753645488046
'00','total',2024-12-03 08:00:00,21074.664881918336
'00','total',2024-12-03 09:00:00,21209.8028947403
'00','total',2024-12-03 10:00:00,21337.649041730278
'00','total',2024-12-03 11:00:00,21252.08343765787
'00','total',2024-12-03 12:00:00,21230.562237842038
'00','total',2024-12-03 13:00:00,21182.219497541348
'00','total',2024-12-03 14:00:00,21050.218446150368
'00','total',2024-12-03 15:00:00,21027.502816562752
'00','total',2024-12-03 16:00:00,20437.1181965323
'00','total',2024-12-03 17:00:00,19999.5185540114
'00','total',2024-12-03 18:00:00,19527.189776009745
'00','total',2024-12-03 19:00:00,19120.376786867306
'00','total',2024-12-03 20:00:00,18676.67100077166
'00','total',2024-12-03 21:00:00,18212.039819054822
'00','total',2024-12-03 22:00:00,17676.291855235155
'00','total',2024-12-03 23:00:00,17176.867489785815
'00','total',2024-12-04 00:00:00,15986.728185203123
'00','total',2024-12-04 01:00:00,15855.761611641448
'00','total',2024-12-04 02:00:00,15772.616323631253
'00','total',2024-12-04 03:00:00,15820.271356415135
'00','total',2024-12-04 04:00:00,16124.035625376739
'00','total',2024-12-04 05:00:00,16787.205313974308
'00','total',2024-12-04 06:00:00,17976.777501580516
'00','total',2024-12-04 07:00:00,18893.710522044967
'00','total',2024-12-04 08:00:00,19315.94709948149
'00','total',2024-12-04 09:00:00,19438.39615898723
'00','total',2024-12-04 10:00:00,19476.610573591202
'00','total',2024-12-04 11:00:00,19374.09481982477
'00','total',2024-12-04 12:00:00,19267.713015944424
'00','total',2024-12-04 13:00:00,19105.501581825945
'00','total',2024-12-04 14:00:00,18903.30737149388
'00','total',2024-12-04 15:00:00,18711.352742690684
'00','total',2024-12-04 16:00:00,18388.780546899743
'00','total',2024-12-04 17:00:00,18081.2476993622
'00','total',2024-12-04 18:00:00,17718.051468306614
'00','total',2024-12-04 19:00:00,17565.148211902226
'00','total',2024-12-04 20:00:00,17247.889196275002
'00','total',2024-12-04 21:00:00,16835.125438178235
'00','total',2024-12-04 22:00:00,16400.68542221155
'00','total',2024-12-04 23:00:00,16067.888512916268
'00','total',2024-12-05 00:00:00,15906.43901848531
'00','total',2024-12-05 01:00:00,15791.89675508856
'00','total',2024-12-05 02:00:00,15748.843364981161
'00','total',2024-12-05 03:00:00,15723.43474118694
'00','total',2024-12-05 04:00:00,15872.040641806914
'00','total',2024-12-05 05:00:00,16402.095509296894
'00','total',2024-12-05 06:00:00,17581.85771684305
'00','total',2024-12-05 07:00:00,18738.39372878974
'00','total',2024-12-05 08:00:00,19246.92961171914
'00','total',2024-12-05 09:00:00,19408.458219275097
'00','total',2024-12-05 10:00:00,19535.047210317156
'00','total',2024-12-05 11:00:00,19500.19579976998
'00','total',2024-12-05 12:00:00,19459.992588443787
'00','total',2024-12-05 13:00:00,19507.412676254495
'00','total',2024-12-05 14:00:00,19514.534070716483
'00','total',2024-12-05 15:00:00,19572.62697465352
'00','total',2024-12-05 16:00:00,19192.618648574065
'00','total',2024-12-05 17:00:00,18854.769458912713
'00','total',2024-12-05 18:00:00,18425.332107731978
'00','total',2024-12-05 19:00:00,18128.23915757609
'00','total',2024-12-05 20:00:00,17794.758177776224
'00','total',2024-12-05 21:00:00,17388.52814055483
'00','total',2024-12-05 22:00:00,16939.960221955673
'00','total',2024-12-05 23:00:00,16555.012474966887
'00','total',2024-12-06 00:00:00,16279.302666072203
'00','total',2024-12-06 01:00:00,16108.94950690047
'00','total',2024-12-06 02:00:00,16049.717858590895
'00','total',2024-12-06 03:00:00,16068.386916826608
'00','total',2024-12-06 04:00:00,16437.692757681954
'00','total',2024-12-06 05:00:00,17346.976964698515
'00','total',2024-12-06 06:00:00,19064.374881366097
'00','total',2024-12-06 07:00:00,20409.11448317456
'00','total',2024-12-06 08:00:00,20875.789274319508
'00','total',2024-12-06 09:00:00,21021.109052843753
'00','total',2024-12-06 10:00:00,21093.854517560012
'00','total',2024-12-06 11:00:00,21026.90020441781
'00','total',2024-12-06 12:00:00,21056.191847845068
'00','total',2024-12-06 13:00:00,21057.715746838006
'00','total',2024-12-06 14:00:00,21118.86547814755
'00','total',2024-12-06 15:00:00,21014.624332320524
'00','total',2024-12-06 16:00:00,20376.357365819975
'00','total',2024-12-06 17:00:00,19861.508520146745
'00','total',2024-12-06 18:00:00,19347.778481288045
'00','total',2024-12-06 19:00:00,18899.933584864706
'00','total',2024-12-06 20:00:00,18416.773322856243
'00','total',2024-12-06 21:00:00,17995.80665791933
'00','total',2024-12-06 22:00:00,17464.738102627944
'00','total',2024-12-06 23:00:00,16980.92564477404
'00','total',2024-12-07 00:00:00,16399.9557364887
'00','total',2024-12-07 01:00:00,16208.628508280108
'00','total',2024-12-07 02:00:00,16104.475848830481
'00','total',2024-12-07 03:00:00,16123.769413036722
'00','total',2024-12-07 04:00:00,16443.059614160757
'00','total',2024-12-07 05:00:00,17482.053150816675
'00','total',2024-12-07 06:00:00,19421.504750711596
'00','total',2024-12-07 07:00:00,21105.493064970047
'00','total',2024-12-07 08:00:00,21689.357021459662
'00','total',2024-12-07 09:00:00,21792.46767954675
'00','total',2024-12-07 10:00:00,21797.1015987792
'00','total',2024-12-07 11:00:00,21648.12412517218
'00','total',2024-12-07 12:00:00,21566.566458114925
'00','total',2024-12-07 13:00:00,21583.745933645438
'00','total',2024-12-07 14:00:00,21527.650830122748
'00','total',2024-12-07 15:00:00,21362.83787914068
'00','total',2024-12-07 16:00:00,20614.282127003153
'00','total',2024-12-07 17:00:00,19957.03556197932
'00','total',2024-12-07 18:00:00,19269.326424444153
'00','total',2024-12-07 19:00:00,18792.69846649165
'00','total',2024-12-07 20:00:00,18337.978293710294
'00','total',2024-12-07 21:00:00,17810.37432947777
'00','total',2024-12-07 22:00:00,17227.20412139549
'00','total',2024-12-07 23:00:00,16759.70237565358
'00','total',2024-12-08 00:00:00,16353.330707580375
'00','total',2024-12-08 01:00:00,16090.646792762942
'00','total',2024-12-08 02:00:00,16002.382916478902
'00','total',2024-12-08 03:00:00,16069.517893443277
'00','total',2024-12-08 04:00:00,16419.148480740656
'00','total',2024-12-08 05:00:00,17469.133079171803
'00','total',2024-12-08 06:00:00,19584.157139892835
'00','total',2024-12-08 07:00:00,21322.60194607824
'00','total',2024-12-08 08:00:00,21883.52900675455
'00','total',2024-12-08 09:00:00,22050.519996167608
'00','total',2024-12-08 10:00:00,22040.10346848716
'00','total',2024-12-08 11:00:00,21931.265348361583
'00','total',2024-12-08 12:00:00,21924.517673897666
'00','total',2024-12-08 13:00:00,21855.757372510245
'00','total',2024-12-08 14:00:00,21797.74344640469
'00','total',2024-12-08 15:00:00,21498.60813734431
'00','total',2024-12-08 16:00:00,20695.244891554637
'00','total',2024-12-08 17:00:00,20031.338668112505
'00','total',2024-12-08 18:00:00,19388.16348285722
'00','total',2024-12-08 19:00:00,18891.696261465637
'00','total',2024-12-08 20:00:00,18388.849319404853
'00','total',2024-12-08 21:00:00,17812.27455418441
'00','total',2024-12-08 22:00:00,17153.86792061613
'00','total',2024-12-08 23:00:00,16625.35694697027
'00','total',2024-12-09 00:00:00,16308.448664168945
'00','total',2024-12-09 01:00:00,16045.194243615251
'00','total',2024-12-09 02:00:00,15907.77668266577
'00','total',2024-12-09 03:00:00,15885.948901349884
'00','total',2024-12-09 04:00:00,16249.33307954559
'00','total',2024-12-09 05:00:00,17206.041001011345
'00','total',2024-12-09 06:00:00,18954.902612738424
'00','total',2024-12-09 07:00:00,20425.50021320573
'00','total',2024-12-09 08:00:00,20944.667891358702
'00','total',2024-12-09 09:00:00,21069.774061329485
'00','total',2024-12-09 10:00:00,21129.76308598
'00','total',2024-12-09 11:00:00,21103.894161500957
'00','total',2024-12-09 12:00:00,21002.655165546006
'00','total',2024-12-09 13:00:00,20874.904895441883
'00','total',2024-12-09 14:00:00,20806.70080363956
'00','total',2024-12-09 15:00:00,20563.09469329352
'00','total',2024-12-09 16:00:00,19931.05667711809
'00','total',2024-12-09 17:00:00,19390.088019215727
'00','total',2024-12-09 18:00:00,18898.792545251752
'00','total',2024-12-09 19:00:00,18392.493732598337
'00','total',2024-12-09 20:00:00,17851.104447284495
'00','total',2024-12-09 21:00:00,17331.979433971355
'00','total',2024-12-09 22:00:00,16770.35185866413
'00','total',2024-12-09 23:00:00,16319.793714765281
'00','total',2024-12-10 00:00:00,16018.052231372725
'00','total',2024-12-10 01:00:00,15824.3660838988
'00','total',2024-12-10 02:00:00,15678.735152363322
'00','total',2024-12-10 03:00:00,15657.841879094938
'00','total',2024-12-10 04:00:00,15847.51738790563
'00','total',2024-12-10 05:00:00,16332.189533316026
'00','total',2024-12-10 06:00:00,17546.864028443917
'00','total',2024-12-10 07:00:00,18562.898249161815
'00','total',2024-12-10 08:00:00,19085.961597123314
'00','total',2024-12-10 09:00:00,19314.69298787777
'00','total',2024-12-10 10:00:00,19458.000001392964
'00','total',2024-12-10 11:00:00,19474.07160260988
'00','total',2024-12-10 12:00:00,19436.327622019315
'00','total',2024-12-10 13:00:00,19407.51344509001
'00','total',2024-12-10 14:00:00,19410.452532020718
'00','total',2024-12-10 15:00:00,19300.948134929353
'00','total',2024-12-10 16:00:00,18925.334954562895
'00','total',2024-12-10 17:00:00,18518.620151763345
'00','total',2024-12-10 18:00:00,18013.279276210662
'00','total',2024-12-10 19:00:00,17581.01960871758
'00','total',2024-12-10 20:00:00,17254.04870378214
'00','total',2024-12-10 21:00:00,16820.90557150961
'00','total',2024-12-10 22:00:00,16328.882344758995
'00','total',2024-12-10 23:00:00,15967.2040090879
'00','total',2024-12-11 00:00:00,16307.897037147182
'00','total',2024-12-11 01:00:00,16080.341801421402
'00','total',2024-12-11 02:00:00,15931.955845686502
'00','total',2024-12-11 03:00:00,15979.764130271482
'00','total',2024-12-11 04:00:00,16197.354438716651
'00','total',2024-12-11 05:00:00,16808.80023906677
'00','total',2024-12-11 06:00:00,18412.46826063724
'00','total',2024-12-11 07:00:00,19802.002165070022
'00','total',2024-12-11 08:00:00,20328.797214160906
'00','total',2024-12-11 09:00:00,20479.64918857763
'00','total',2024-12-11 10:00:00,20626.00088733575
'00','total',2024-12-11 11:00:00,20621.21697689798
'00','total',2024-12-11 12:00:00,20567.709227210897
'00','total',2024-12-11 13:00:00,20535.271290598685
'00','total',2024-12-11 14:00:00,20465.405312332176
'00','total',2024-12-11 15:00:00,20398.256564780862
'00','total',2024-12-11 16:00:00,19937.426847838564
'00','total',2024-12-11 17:00:00,19493.923423527445
'00','total',2024-12-11 18:00:00,18915.23054545375
'00','total',2024-12-11 19:00:00,18475.140481049435
'00','total',2024-12-11 20:00:00,18083.51274885597
'00','total',2024-12-11 21:00:00,17546.959792307483
'00','total',2024-12-11 22:00:00,17041.987929523435
'00','total',2024-12-11 23:00:00,16605.48947865852
'00','total',2024-12-12 00:00:00,16341.876346592118
'00','total',2024-12-12 01:00:00,16145.934374738898
'00','total',2024-12-12 02:00:00,16043.669323828744
'00','total',2024-12-12 03:00:00,16043.989948255105
'00','total',2024-12-12 04:00:00,16275.753571646646
'00','total',2024-12-12 05:00:00,16872.680450985874
'00','total',2024-12-12 06:00:00,18447.462300268722
'00','total',2024-12-12 07:00:00,19867.956092339344
'00','total',2024-12-12 08:00:00,20497.403986119738
'00','total',2024-12-12 09:00:00,20641.612878074997
'00','total',2024-12-12 10:00:00,20781.983368137437
'00','total',2024-12-12 11:00:00,20761.186634292717
'00','total',2024-12-12 12:00:00,20790.649352438384
'00','total',2024-12-12 13:00:00,20902.809160109802
'00','total',2024-12-12 14:00:00,20966.468153198064
'00','total',2024-12-12 15:00:00,20985.8156749672
'00','total',2024-12-12 16:00:00,20446.0406842326
'00','total',2024-12-12 17:00:00,19956.02029193506
'00','total',2024-12-12 18:00:00,19480.869433923086
'00','total',2024-12-12 19:00:00,19086.83155509765
'00','total',2024-12-12 20:00:00,18639.893895803107
'00','total',2024-12-12 21:00:00,18078.1781670263
'00','total',2024-12-12 22:00:00,17543.855739590323
'00','total',2024-12-12 23:00:00,17033.31023433624
'00','total',2024-12-13 00:00:00,16667.980435806872
'00','total',2024-12-13 01:00:00,16448.05025942336
'00','total',2024-12-13 02:00:00,16283.80528919043
'00','total',2024-12-13 03:00:00,16380.337142371322
'00','total',2024-12-13 04:00:00,16629.518293711277
'00','total',2024-12-13 05:00:00,17415.026042748483
'00','total',2024-12-13 06:00:00,19311.14435072039
'00','total',2024-12-13 07:00:00,20948.913138417614
'00','total',2024-12-13 08:00:00,21492.8841461554
'00','total',2024-12-13 09:00:00,21591.561951505424
'00','total',2024-12-13 10:00:00,21714.68219342442
'00','total',2024-12-13 11:00:00,21672.52874192754
'00','total',2024-12-13 12:00:00,21642.143352185547
'00','total',2024-12-13 13:00:00,21765.63293225635
'00','total',2024-12-13 14:00:00,21710.029045951975
'00','total',2024-12-13 15:00:00,21688.185262283114
'00','total',2024-12-13 16:00:00,21037.688667897528
'00','total',2024-12-13 17:00:00,20480.1030935629
'00','total',2024-12-13 18:00:00,19879.019467347294
'00','total',2024-12-13 19:00:00,19357.175333872412
'00','total',2024-12-13 20:00:00,18867.786849270495
'00','total',2024-12-13 21:00:00,18361.05326865191
'00','total',2024-12-13 22:00:00,17797.075994066818
'00','total',2024-12-13 23:00:00,17333.744197635333
'00','total',2024-12-14 00:00:00,16942.372300465653
'00','total',2024-12-14 01:00:00,16720.482810632766
'00','total',2024-12-14 02:00:00,16597.582489595232
'00','total',2024-12-14 03:00:00,16571.87015937495
'00','total',2024-12-14 04:00:00,16858.285676342784
'00','total',2024-12-14 05:00:00,17635.03367081754
'00','total',2024-12-14 06:00:00,19488.75093947278
'00','total',2024-12-14 07:00:00,21084.460893382253
'00','total',2024-12-14 08:00:00,21764.73915218785
'00','total',2024-12-14 09:00:00,21847.888084330138
'00','total',2024-12-14 10:00:00,21879.870325054148
'00','total',2024-12-14 11:00:00,21843.255665085755
'00','total',2024-12-14 12:00:00,21747.51654904422
'00','total',2024-12-14 13:00:00,21919.00131484497
'00','total',2024-12-14 14:00:00,21950.010733001527
'00','total',2024-12-14 15:00:00,21916.283254770533
'00','total',2024-12-14 16:00:00,21249.58773767947
'00','total',2024-12-14 17:00:00,20744.176269368258
'00','total',2024-12-14 18:00:00,20164.156024420026
'00','total',2024-12-14 19:00:00,19639.031878793743
'00','total',2024-12-14 20:00:00,19045.880522342304
'00','total',2024-12-14 21:00:00,18584.923729654944
'00','total',2024-12-14 22:00:00,18020.936545734196
'00','total',2024-12-14 23:00:00,17527.58379086688
'00','total',2024-12-15 00:00:00,17012.98463144486
'00','total',2024-12-15 01:00:00,16760.902305141415
'00','total',2024-12-15 02:00:00,16583.500593816312
'00','total',2024-12-15 03:00:00,16586.48722162947
'00','total',2024-12-15 04:00:00,16770.124084663294
'00','total',2024-12-15 05:00:00,17440.813606243722
'00','total',2024-12-15 06:00:00,19198.284082212755
'00','total',2024-12-15 07:00:00,20712.794480600394
'00','total',2024-12-15 08:00:00,21291.169351846373
'00','total',2024-12-15 09:00:00,21357.86160394462
'00','total',2024-12-15 10:00:00,21490.47994966786
'00','total',2024-12-15 11:00:00,21446.244034414623
'00','total',2024-12-15 12:00:00,21409.870884726162
'00','total',2024-12-15 13:00:00,21436.414658172685
'00','total',2024-12-15 14:00:00,21404.100467060205
'00','total',2024-12-15 15:00:00,21388.02619266626
'00','total',2024-12-15 16:00:00,20770.744067809497
'00','total',2024-12-15 17:00:00,20203.972975404882
'00','total',2024-12-15 18:00:00,19596.719082799078
'00','total',2024-12-15 19:00:00,19173.827496198086
'00','total',2024-12-15 20:00:00,18725.508804842135
'00','total',2024-12-15 21:00:00,18347.245985249974
'00','total',2024-12-15 22:00:00,17798.20798993918
'00','total',2024-12-15 23:00:00,17349.08018519592
'00','total',2024-12-16 00:00:00,16884.763342327005
'00','total',2024-12-16 01:00:00,16642.383926250015
'00','total',2024-12-16 02:00:00,16543.95112891593
'00','total',2024-12-16 03:00:00,16484.42478994307
'00','total',2024-12-16 04:00:00,16813.588349641333
'00','total',2024-12-16 05:00:00,17587.949678872712
'00','total',2024-12-16 06:00:00,19441.614151370133
'00','total',2024-12-16 07:00:00,21137.1378054824
'00','total',2024-12-16 08:00:00,21794.68954325704
'00','total',2024-12-16 09:00:00,21858.243211531462
'00','total',2024-12-16 10:00:00,21838.272790294097
'00','total',2024-12-16 11:00:00,21711.752313940942
'00','total',2024-12-16 12:00:00,21635.26453722549
'00','total',2024-12-16 13:00:00,21676.148423556293
'00','total',2024-12-16 14:00:00,21558.92277151467
'00','total',2024-12-16 15:00:00,21590.95617472111
'00','total',2024-12-16 16:00:00,20961.609851977093
'00','total',2024-12-16 17:00:00,20412.73536813554
'00','total',2024-12-16 18:00:00,19796.00475758765
'00','total',2024-12-16 19:00:00,19287.476486856158
'00','total',2024-12-16 20:00:00,18760.304067690024
'00','total',2024-12-16 21:00:00,18278.28759826718
'00','total',2024-12-16 22:00:00,17658.502453698162
'00','total',2024-12-16 23:00:00,17160.20438254628
'00','total',2024-12-17 00:00:00,16725.9394678779
'00','total',2024-12-17 01:00:00,16492.731227183114
'00','total',2024-12-17 02:00:00,16304.971367834452
'00','total',2024-12-17 03:00:00,16267.79853949806
'00','total',2024-12-17 04:00:00,16437.22553096534
'00','total',2024-12-17 05:00:00,17073.048176522105
'00','total',2024-12-17 06:00:00,18591.852845870988
'00','total',2024-12-17 07:00:00,19964.992469874418
'00','total',2024-12-17 08:00:00,20570.244069022316
'00','total',2024-12-17 09:00:00,20717.3692587681
'00','total',2024-12-17 10:00:00,20806.67054735278
'00','total',2024-12-17 11:00:00,20793.88063340212
'00','total',2024-12-17 12:00:00,20666.117577295132
'00','total',2024-12-17 13:00:00,20638.53593182392
'00','total',2024-12-17 14:00:00,20634.340449039857
'00','total',2024-12-17 15:00:00,20583.523594368573
'00','total',2024-12-17 16:00:00,20049.560963866825
'00','total',2024-12-17 17:00:00,19661.40697607305
'00','total',2024-12-17 18:00:00,19096.281705829577
'00','total',2024-12-17 19:00:00,18585.572867892526
'00','total',2024-12-17 20:00:00,18128.9658004981
'00','total',2024-12-17 21:00:00,17439.767210308746
'00','total',2024-12-17 22:00:00,16836.174749758466
'00','total',2024-12-17 23:00:00,16412.944979415126
'00','total',2024-12-18 00:00:00,16045.655273862138
'00','total',2024-12-18 01:00:00,15708.77531754016
'00','total',2024-12-18 02:00:00,15602.830660748128
'00','total',2024-12-18 03:00:00,15599.418979155806
'00','total',2024-12-18 04:00:00,15841.516371978205
'00','total',2024-12-18 05:00:00,16425.397529110807
'00','total',2024-12-18 06:00:00,17923.46543388675
'00','total',2024-12-18 07:00:00,19373.55582891339
'00','total',2024-12-18 08:00:00,19993.41444225584
'00','total',2024-12-18 09:00:00,20141.81833992291
'00','total',2024-12-18 10:00:00,20250.441960166834
'00','total',2024-12-18 11:00:00,20246.67912847903
'00','total',2024-12-18 12:00:00,20212.37291767487
'00','total',2024-12-18 13:00:00,20198.10654321497
'00','total',2024-12-18 14:00:00,20100.257113433032
'00','total',2024-12-18 15:00:00,20076.74085250544
'00','total',2024-12-18 16:00:00,19586.412281388853
'00','total',2024-12-18 17:00:00,19152.306675848067
'00','total',2024-12-18 18:00:00,18690.101520212833
'00','total',2024-12-18 19:00:00,18304.136332913462
'00','total',2024-12-18 20:00:00,17926.531827903742
'00','total',2024-12-18 21:00:00,17479.58690182929
'00','total',2024-12-18 22:00:00,16950.907630628517
'00','total',2024-12-18 23:00:00,16515.09803523997
'00','total',2024-12-19 00:00:00,16129.93683029466
'00','total',2024-12-19 01:00:00,15954.325849513045
'00','total',2024-12-19 02:00:00,15901.708570589395
'00','total',2024-12-19 03:00:00,15852.747059210102
'00','total',2024-12-19 04:00:00,16011.923355493485
'00','total',2024-12-19 05:00:00,16629.56599655065
'00','total',2024-12-19 06:00:00,18084.100754168343
'00','total',2024-12-19 07:00:00,19470.173509242988
'00','total',2024-12-19 08:00:00,20063.232277144023
'00','total',2024-12-19 09:00:00,20272.975290291128
'00','total',2024-12-19 10:00:00,20362.373709559593
'00','total',2024-12-19 11:00:00,20262.383075880978
'00','total',2024-12-19 12:00:00,20171.346757082512
'00','total',2024-12-19 13:00:00,20417.99350640393
'00','total',2024-12-19 14:00:00,20452.11282218119
'00','total',2024-12-19 15:00:00,20480.474647864874
'00','total',2024-12-19 16:00:00,20008.16581079684
'00','total',2024-12-19 17:00:00,19582.970792271954
'00','total',2024-12-19 18:00:00,19109.85848911731
'00','total',2024-12-19 19:00:00,18690.877219872687
'00','total',2024-12-19 20:00:00,18170.575332181234
'00','total',2024-12-19 21:00:00,17726.571304701585
'00','total',2024-12-19 22:00:00,17275.68454527734
'00','total',2024-12-19 23:00:00,16834.683385242457
'00','total',2024-12-20 00:00:00,16378.933734421786
'00','total',2024-12-20 01:00:00,16123.124057183757
'00','total',2024-12-20 02:00:00,16003.516509969555
'00','total',2024-12-20 03:00:00,15973.910182195246
'00','total',2024-12-20 04:00:00,16215.843598690362
'00','total',2024-12-20 05:00:00,16914.451815912027
'00','total',2024-12-20 06:00:00,18672.340246956424
'00','total',2024-12-20 07:00:00,20276.5708712281
'00','total',2024-12-20 08:00:00,20854.965675610227
'00','total',2024-12-20 09:00:00,20968.93256526232
'00','total',2024-12-20 10:00:00,21040.970562068305
'00','total',2024-12-20 11:00:00,20983.12210201403
'00','total',2024-12-20 12:00:00,21162.70250362436
'00','total',2024-12-20 13:00:00,20937.10751490999
'00','total',2024-12-20 14:00:00,20893.68836053872
'00','total',2024-12-20 15:00:00,20895.736120258636
'00','total',2024-12-20 16:00:00,20196.001216893634
'00','total',2024-12-20 17:00:00,19668.461079410616
'00','total',2024-12-20 18:00:00,19191.150410317205
'00','total',2024-12-20 19:00:00,18795.252784627646
'00','total',2024-12-20 20:00:00,18306.059405831595
'00','total',2024-12-20 21:00:00,17794.288046060232
'00','total',2024-12-20 22:00:00,17222.77182159221
'00','total',2024-12-20 23:00:00,16801.68893557801
'00','total',2024-12-21 00:00:00,16419.153379156178
'00','total',2024-12-21 01:00:00,16224.200653792723
'00','total',2024-12-21 02:00:00,16043.460217723366
'00','total',2024-12-21 03:00:00,15978.076790653515
'00','total',2024-12-21 04:00:00,16228.046832657363
'00','total',2024-12-21 05:00:00,16959.47365601292
'00','total',2024-12-21 06:00:00,18730.108752076783
'00','total',2024-12-21 07:00:00,20373.59134051809
'00','total',2024-12-21 08:00:00,21018.815390077314
'00','total',2024-12-21 09:00:00,21147.09869425277
'00','total',2024-12-21 10:00:00,21161.614549186677
'00','total',2024-12-21 11:00:00,21122.649168346823
'00','total',2024-12-21 12:00:00,21106.14289397986
'00','total',2024-12-21 13:00:00,21239.71843743968
'00','total',2024-12-21 14:00:00,21215.016451398253
'00','total',2024-12-21 15:00:00,21071.56785947897
'00','total',2024-12-21 16:00:00,20461.861490375126
'00','total',2024-12-21 17:00:00,19922.484121883906
'00','total',2024-12-21 18:00:00,19400.51696405606
'00','total',2024-12-21 19:00:00,18977.371211183887
'00','total',2024-12-21 20:00:00,18496.1673122229
'00','total',2024-12-21 21:00:00,17978.64968065607
'00','total',2024-12-21 22:00:00,17353.787016949034
'00','total',2024-12-21 23:00:00,16869.27368203627
'00','total',2024-12-22 00:00:00,16462.921579481797
'00','total',2024-12-22 01:00:00,16189.592286672005
'00','total',2024-12-22 02:00:00,16174.171086763265
'00','total',2024-12-22 03:00:00,16141.217663978667
'00','total',2024-12-22 04:00:00,16254.33340672297
'00','total',2024-12-22 05:00:00,16921.213933171497
'00','total',2024-12-22 06:00:00,18661.640932620627
'00','total',2024-12-22 07:00:00,20196.364643042256
'00','total',2024-12-22 08:00:00,20807.66187501777
'00','total',2024-12-22 09:00:00,20825.02886248852
'00','total',2024-12-22 10:00:00,20920.1379751885
'00','total',2024-12-22 11:00:00,20860.532070444344
'00','total',2024-12-22 12:00:00,20779.194440165105
'00','total',2024-12-22 13:00:00,20783.248663564234
'00','total',2024-12-22 14:00:00,20721.925595700646
'00','total',2024-12-22 15:00:00,20652.42139202027
'00','total',2024-12-22 16:00:00,20071.530052107486
'00','total',2024-12-22 17:00:00,19576.00039143063
'00','total',2024-12-22 18:00:00,19025.32664901852
'00','total',2024-12-22 19:00:00,18497.98074874669
'00','total',2024-12-22 20:00:00,18028.57009751182
'00','total',2024-12-22 21:00:00,17519.197940399925
'00','total',2024-12-22 22:00:00,16936.752792207386
'00','total',2024-12-22 23:00:00,16537.045106075806
'00','total',2024-12-23 00:00:00,16180.584907782157
'00','total',2024-12-23 01:00:00,15981.788351459132
'00','total',2024-12-23 02:00:00,15814.921591062965
'00','total',2024-12-23 03:00:00,15717.705639791753
'00','total',2024-12-23 04:00:00,15900.624991332383
'00','total',2024-12-23 05:00:00,16466.556453334102
'00','total',2024-12-23 06:00:00,17789.61342539365
'00','total',2024-12-23 07:00:00,18944.62137674728
'00','total',2024-12-23 08:00:00,19566.031500921123
'00','total',2024-12-23 09:00:00,19703.724287936988
'00','total',2024-12-23 10:00:00,19685.470978944573
'00','total',2024-12-23 11:00:00,19574.230241208686
'00','total',2024-12-23 12:00:00,19402.01792037444
'00','total',2024-12-23 13:00:00,19321.361965172622
'00','total',2024-12-23 14:00:00,19215.70323970879
'00','total',2024-12-23 15:00:00,19188.38011790352
'00','total',2024-12-23 16:00:00,18914.278700605544
'00','total',2024-12-23 17:00:00,18633.778523151464
'00','total',2024-12-23 18:00:00,18109.35492999634
'00','total',2024-12-23 19:00:00,17619.58245380347
'00','total',2024-12-23 20:00:00,17151.807318741943
'00','total',2024-12-23 21:00:00,16680.955715844
'00','total',2024-12-23 22:00:00,16185.857761116426
'00','total',2024-12-23 23:00:00,15830.630433801718
'00','total',2024-12-24 00:00:00,15623.280413550876
'00','total',2024-12-24 01:00:00,15383.19477521709
'00','total',2024-12-24 02:00:00,15319.084505026809
'00','total',2024-12-24 03:00:00,15281.920413730682
'00','total',2024-12-24 04:00:00,15393.721456849406
'00','total',2024-12-24 05:00:00,15653.43801418687
'00','total',2024-12-24 06:00:00,16219.06936728722
'00','total',2024-12-24 07:00:00,16607.418139639205
'00','total',2024-12-24 08:00:00,16971.519241936712
'00','total',2024-12-24 09:00:00,17172.635712230174
'00','total',2024-12-24 10:00:00,17194.44752131391
'00','total',2024-12-24 11:00:00,17199.805129721735
'00','total',2024-12-24 12:00:00,17152.596014393355
'00','total',2024-12-24 13:00:00,17110.501105403047
'00','total',2024-12-24 14:00:00,16959.17819170756
'00','total',2024-12-24 15:00:00,16920.521347131675
'00','total',2024-12-24 16:00:00,16786.39093145798
'00','total',2024-12-24 17:00:00,16515.39209743995
'00','total',2024-12-24 18:00:00,16218.260377559038
'00','total',2024-12-24 19:00:00,16026.363665915009
'00','total',2024-12-24 20:00:00,15828.033192094803
'00','total',2024-12-24 21:00:00,15672.566541320817
'00','total',2024-12-24 22:00:00,15443.253768698589
'00','total',2024-12-24 23:00:00,15235.351998427579
'00','total',2024-12-25 00:00:00,15111.115201917437
'00','total',2024-12-25 01:00:00,14981.897703436964
'00','total',2024-12-25 02:00:00,14879.114957019126
'00','total',2024-12-25 03:00:00,14901.343800484523
'00','total',2024-12-25 04:00:00,15049.906926021118
'00','total',2024-12-25 05:00:00,15249.64253304543
'00','total',2024-12-25 06:00:00,15767.025667656077
'00','total',2024-12-25 07:00:00,16117.35537742931
'00','total',2024-12-25 08:00:00,16394.990546126137
'00','total',2024-12-25 09:00:00,16559.040277657827
'00','total',2024-12-25 10:00:00,16665.52386746277
'00','total',2024-12-25 11:00:00,16766.116095181937
'00','total',2024-12-25 12:00:00,16854.687739055495
'00','total',2024-12-25 13:00:00,16940.508509977408
'00','total',2024-12-25 14:00:00,17123.922114712244
'00','total',2024-12-25 15:00:00,17317.37687132971
'00','total',2024-12-25 16:00:00,17393.802269996955
'00','total',2024-12-25 17:00:00,17219.33333304471
'00','total',2024-12-25 18:00:00,16914.899070021704
'00','total',2024-12-25 19:00:00,16687.251902897227
'00','total',2024-12-25 20:00:00,16401.44702942661
'00','total',2024-12-25 21:00:00,16105.827172053885
'00','total',2024-12-25 22:00:00,15782.369101040496
'00','total',2024-12-25 23:00:00,15505.449459484997
'00','total',2024-12-26 00:00:00,15244.05035464366
'00','total',2024-12-26 01:00:00,15161.516200357035
'00','total',2024-12-26 02:00:00,15060.265173551139
'00','total',2024-12-26 03:00:00,15043.351341826632
'00','total',2024-12-26 04:00:00,15173.59383884309
'00','total',2024-12-26 05:00:00,15389.983259783716
'00','total',2024-12-26 06:00:00,15973.569607754249
'00','total',2024-12-26 07:00:00,16400.122952405894
'00','total',2024-12-26 08:00:00,16825.85487327101
'00','total',2024-12-26 09:00:00,17127.402418352172
'00','total',2024-12-26 10:00:00,17328.400069046416
'00','total',2024-12-26 11:00:00,17466.980121306464
'00','total',2024-12-26 12:00:00,17522.278202578702
'00','total',2024-12-26 13:00:00,17639.05403495657
'00','total',2024-12-26 14:00:00,17748.24622568645
'00','total',2024-12-26 15:00:00,17956.09017261255
'00','total',2024-12-26 16:00:00,18006.574380005917
'00','total',2024-12-26 17:00:00,17831.04096875109
'00','total',2024-12-26 18:00:00,17461.031693761863
'00','total',2024-12-26 19:00:00,17122.936107696794
'00','total',2024-12-26 20:00:00,16858.498614038625
'00','total',2024-12-26 21:00:00,16522.65136946268
'00','total',2024-12-26 22:00:00,16106.278788760514
'00','total',2024-12-26 23:00:00,15757.93850994384
'00','total',2024-12-27 00:00:00,15533.316351054104
'00','total',2024-12-27 01:00:00,15376.570674397753
'00','total',2024-12-27 02:00:00,15334.298556725857
'00','total',2024-12-27 03:00:00,15299.834949465452
'00','total',2024-12-27 04:00:00,15514.375049988343
'00','total',2024-12-27 05:00:00,16064.590296725286
'00','total',2024-12-27 06:00:00,17320.109099658406
'00','total',2024-12-27 07:00:00,18422.661218544697
'00','total',2024-12-27 08:00:00,18907.047296829154
'00','total',2024-12-27 09:00:00,19115.821058615842
'00','total',2024-12-27 10:00:00,19272.613323855232
'00','total',2024-12-27 11:00:00,19283.056761658398
'00','total',2024-12-27 12:00:00,19268.773132349164
'00','total',2024-12-27 13:00:00,19477.419455039704
'00','total',2024-12-27 14:00:00,19620.02293116408
'00','total',2024-12-27 15:00:00,19779.98158540426
'00','total',2024-12-27 16:00:00,19532.152421744042
'00','total',2024-12-27 17:00:00,19190.55713220257
'00','total',2024-12-27 18:00:00,18678.295436965393
'00','total',2024-12-27 19:00:00,18318.378293780832
'00','total',2024-12-27 20:00:00,17938.550442770866
'00','total',2024-12-27 21:00:00,17459.222457769865
'00','total',2024-12-27 22:00:00,16946.205188586024
'00','total',2024-12-27 23:00:00,16533.628942592386
'00','total',2024-12-28 00:00:00,16297.07539934611
'00','total',2024-12-28 01:00:00,16106.634627509744
'00','total',2024-12-28 02:00:00,15920.976715271578
'00','total',2024-12-28 03:00:00,15934.70765821333
'00','total',2024-12-28 04:00:00,16150.605616922516
'00','total',2024-12-28 05:00:00,16694.833570995186
'00','total',2024-12-28 06:00:00,17902.66820906603
'00','total',2024-12-28 07:00:00,19058.454900894034
'00','total',2024-12-28 08:00:00,19557.205010175276
'00','total',2024-12-28 09:00:00,19775.0838972982
'00','total',2024-12-28 10:00:00,19934.047564983306
'00','total',2024-12-28 11:00:00,19886.218618248055
'00','total',2024-12-28 12:00:00,19925.702144623647
'00','total',2024-12-28 13:00:00,19989.01345838444
'00','total',2024-12-28 14:00:00,20022.348960637737
'00','total',2024-12-28 15:00:00,19998.435829745562
'00','total',2024-12-28 16:00:00,19515.991320701607
'00','total',2024-12-28 17:00:00,19133.5229213623
'00','total',2024-12-28 18:00:00,18615.460709957624
'00','total',2024-12-28 19:00:00,18134.104581128217
'00','total',2024-12-28 20:00:00,17609.410045145756
'00','total',2024-12-28 21:00:00,17111.285074957832
'00','total',2024-12-28 22:00:00,16559.212603235483
'00','total',2024-12-28 23:00:00,16192.815070526678
'00','total',2024-12-29 00:00:00,15926.520258614175
'00','total',2024-12-29 01:00:00,15738.553477408796
'00','total',2024-12-29 02:00:00,15619.734329124718
'00','total',2024-12-29 03:00:00,15549.987347636597
'00','total',2024-12-29 04:00:00,15750.81867323062
'00','total',2024-12-29 05:00:00,16246.640842177887
'00','total',2024-12-29 06:00:00,17489.071136618033
'00','total',2024-12-29 07:00:00,18514.13105114613
'00','total',2024-12-29 08:00:00,18959.34050312669
'00','total',2024-12-29 09:00:00,19098.749526204167
'00','total',2024-12-29 10:00:00,19225.516755573695
'00','total',2024-12-29 11:00:00,19275.12755172184
'00','total',2024-12-29 12:00:00,19312.561469937336
'00','total',2024-12-29 13:00:00,19329.262501112404
'00','total',2024-12-29 14:00:00,19323.58524413258
'00','total',2024-12-29 15:00:00,19339.311078069666
'00','total',2024-12-29 16:00:00,18933.786091167483
'00','total',2024-12-29 17:00:00,18523.960799917633
'00','total',2024-12-29 18:00:00,18076.095246361765
'00','total',2024-12-29 19:00:00,17627.882433813556
'00','total',2024-12-29 20:00:00,17114.102008484806
'00','total',2024-12-29 21:00:00,16676.92454915909
'00','total',2024-12-29 22:00:00,16139.094597488152
'00','total',2024-12-29 23:00:00,15693.695851327253
'00','total',2024-12-30 00:00:00,15333.388701674154
'00','total',2024-12-30 01:00:00,15110.40982061788
'00','total',2024-12-30 02:00:00,15018.322236488615
'00','total',2024-12-30 03:00:00,15051.971112070241
'00','total',2024-12-30 04:00:00,15287.534691747802
'00','total',2024-12-30 05:00:00,15734.323092323122
'00','total',2024-12-30 06:00:00,16815.63035608882
'00','total',2024-12-30 07:00:00,17932.988349272917
'00','total',2024-12-30 08:00:00,18494.238131845206
'00','total',2024-12-30 09:00:00,18684.341882160585
'00','total',2024-12-30 10:00:00,18769.564448737645
'00','total',2024-12-30 11:00:00,18774.788844410585
'00','total',2024-12-30 12:00:00,18703.35135458344
'00','total',2024-12-30 13:00:00,18701.46059519523
'00','total',2024-12-30 14:00:00,18678.860785575474
'00','total',2024-12-30 15:00:00,18662.34383446923
'00','total',2024-12-30 16:00:00,18463.301177179124
'00','total',2024-12-30 17:00:00,18144.338836407278
'00','total',2024-12-30 18:00:00,17591.55229990384
'00','total',2024-12-30 19:00:00,17207.230840992746
'00','total',2024-12-30 20:00:00,16798.713198786376
'00','total',2024-12-30 21:00:00,16343.736965671183
'00','total',2024-12-30 22:00:00,15806.894947796316
'00','total',2024-12-30 23:00:00,15429.254076900748
'00','total',2024-12-31 00:00:00,15138.048047997574
'00','total',2024-12-31 01:00:00,14995.751806568727
'00','total',2024-12-31 02:00:00,14807.935200661195
'00','total',2024-12-31 03:00:00,14737.655839491672
'00','total',2024-12-31 04:00:00,14796.359899419014
'00','total',2024-12-31 05:00:00,14995.948846397754
'00','total',2024-12-31 06:00:00,15484.68307144925
'00','total',2024-12-31 07:00:00,15994.313199544486
'00','total',2024-12-31 08:00:00,16356.053952697042
'00','total',2024-12-31 09:00:00,16588.731327177065
'00','total',2024-12-31 10:00:00,16787.634932245277
'00','total',2024-12-31 11:00:00,16872.91382512678
'00','total',2024-12-31 12:00:00,16822.773996411328
'00','total',2024-12-31 13:00:00,16839.433962113995
'00','total',2024-12-31 14:00:00,16872.851274865006
'00','total',2024-12-31 15:00:00,17013.87589229953
'00','total',2024-12-31 16:00:00,16982.377699140703
'00','total',2024-12-31 17:00:00,16757.62360687134
'00','total',2024-12-31 18:00:00,16290.565784718952
'00','total',2024-12-31 19:00:00,15876.944427826515
'00','total',2024-12-31 20:00:00,15484.178842116355
'00','total',2024-12-31 21:00:00,15285.612755959814
'00','total',2024-12-31 22:00:00,15055.465616277665
'00','total',2024-12-31 23:00:00,14871.168352531937
