hour,value
0,0.0001395717
1,0.0001154891
2,0.0000930478
3,0.0000737769
4,0.0000589899
5,0.0000496944
6,0.0000465238
7,0.0000496943
8,0.0000589897
9,0.0000737766
10,0.0000930472
11,0.0001154883
12,0.0001395705
13,0.0001636526
14,0.0001860934
15,0.0002053637
16,0.0002201501
17,0.0002294450
18,0.0002326150
19,0.0002294440
20,0.0002201482
21,0.0002053610
22,0.0001860902
23,0.0001636491
24,0.0001395669
25,0.0001154849
26,0.0000930441
27,0.0000737738
28,0.0000589872
29,0.0000496919
30,0.0000465214
31,0.0000496916
32,0.0000589864
33,0.0000737722
34,0.0000930414
35,0.0001154808
36,0.0001395610
37,0.0001636409
38,0.0001860796
39,0.0002053479
40,0.0002201325
41,0.0002294261
42,0.0002325951
43,0.0002294238
44,0.0002201281
45,0.0002053417
46,0.0001860722
47,0.0001636328
48,0.0001395526
49,0.0001154727
50,0.0000930340
51,0.0000737656
52,0.0000589805
53,0.0000496861
54,0.0000465158
55,0.0000496855
56,0.0000589790
57,0.0000737627
58,0.0000930292
59,0.0001154653
60,0.0001395419
61,0.0001636181
62,0.0001860531
63,0.0002053180
64,0.0002200999
65,0.0002293914
66,0.0002325594
67,0.0002293878
68,0.0002200930
69,0.0002053084
70,0.0001860415
71,0.0001636053
72,0.0001395288
73,0.0001154526
74,0.0000930176
75,0.0000737523
76,0.0000589697
77,0.0000496769
78,0.0000465071
79,0.0000496760
80,0.0000589675
81,0.0000737482
82,0.0000930107
83,0.0001154419
84,0.0001395133
85,0.0001635841
86,0.0001860139
87,0.0002052742
88,0.0002200523
89,0.0002293411
90,0.0002325077
91,0.0002293362
92,0.0002200429
93,0.0002052610
94,0.0001859980
95,0.0001635666
96,0.0001394954
97,0.0001154247
98,0.0000929948
99,0.0000737341
100,0.0000589549
101,0.0000496643
102,0.0000464952
103,0.0000496631
104,0.0000589521
105,0.0000737287
106,0.0000929858
107,0.0001154107
108,0.0001394751
109,0.0001635389
110,0.0001859620
111,0.0002052163
112,0.0002199896
113,0.0002292751
114,0.0002324401
115,0.0002292689
116,0.0002199777
117,0.0002051996
118,0.0001859419
119,0.0001635167
120,0.0001704419
121,0.0001410308
122,0.0001136247
123,0.0000900909
124,0.0000720331
125,0.0000606813
126,0.0000568090
127,0.0000606795
128,0.0000720287
129,0.0000900828
130,0.0001136111
131,0.0001410097
132,0.0001704113
133,0.0001998120
134,0.0002272079
135,0.0002507321
136,0.0002687812
137,0.0002801254
138,0.0002839916
139,0.0002801162
140,0.0002687636
141,0.0002507074
142,0.0002271782
143,0.0001997793
144,0.0001703778
145,0.0001409774
146,0.0001135813
147,0.0000900563
148,0.0000720052
149,0.0000606577
150,0.0000567867
151,0.0000606555
152,0.0000720000
153,0.0000900467
154,0.0001135651
155,0.0001409523
156,0.0001703415
157,0.0001997295
158,0.0002271135
159,0.0002506271
160,0.0002686680
161,0.0002800066
162,0.0002838703
163,0.0002799958
164,0.0002686473
165,0.0002505982
166,0.0002270786
167,0.0001996911
168,0.0001393381
169,0.0001152936
170,0.0000928884
171,0.0000736491
172,0.0000588865
173,0.0000496063
174,0.0000464404
175,0.0000496042
176,0.0000588816
177,0.0000736399
178,0.0000928730
179,0.0001152698
180,0.0001393036
181,0.0001633364
182,0.0001857302
183,0.0002049588
184,0.0002197116
185,0.0002289835
186,0.0002321425
187,0.0002289734
188,0.0002196923
189,0.0002049316
190,0.0001856974
191,0.0001633004
192,0.0001392668
193,0.0001152342
194,0.0000928403
195,0.0000736107
196,0.0000588556
197,0.0000495801
198,0.0000464158
199,0.0000495778
200,0.0000588501
201,0.0000736003
202,0.0000928228
203,0.0001152071
204,0.0001392275
205,0.0001632467
206,0.0001856277
207,0.0002048450
208,0.0002195891
209,0.0002288551
210,0.0002320117
211,0.0002288437
212,0.0002195672
213,0.0002048144
214,0.0001855907
215,0.0001632061
216,0.0001391859
217,0.0001151670
218,0.0000927858
219,0.0000735674
220,0.0000588208
221,0.0000495506
222,0.0000463881
223,0.0000495480
224,0.0000588146
225,0.0000735557
226,0.0000927663
227,0.0001151367
228,0.0001391420
229,0.0001631459
230,0.0001855125
231,0.0002047174
232,0.0002194517
233,0.0002287113
234,0.0002318652
235,0.0002286986
236,0.0002194273
237,0.0002046833
238,0.0001854714
239,0.0001631007
240,0.0001390956
241,0.0001150920
242,0.0000927251
243,0.0000735190
244,0.0000587820
245,0.0000495178
246,0.0000463572
247,0.0000495149
248,0.0000587751
249,0.0000735062
250,0.0000927035
251,0.0001150584
252,0.0001390470
253,0.0001630341
254,0.0001853849
255,0.0002045759
256,0.0002192994
257,0.0002285519
258,0.0002317030
259,0.0002285379
260,0.0002192726
261,0.0002045384
262,0.0001853395
263,0.0001629843
264,0.0001389960
265,0.0001150092
266,0.0000926582
267,0.0000734657
268,0.0000587392
269,0.0000494816
270,0.0000463232
271,0.0000494785
272,0.0000587317
273,0.0000734516
274,0.0000926345
275,0.0001149724
276,0.0001389426
277,0.0001629113
278,0.0001852447
279,0.0002044206
280,0.0002191323
281,0.0002283771
282,0.0002315251
283,0.0002283619
284,0.0002191030
285,0.0002043797
286,0.0001851952
287,0.0001628569
288,0.0001697507
289,0.0001404561
290,0.0001131594
291,0.0000897202
292,0.0000717352
293,0.0000604292
294,0.0000565719
295,0.0000604250
296,0.0000717252
297,0.0000897015
298,0.0001131279
299,0.0001404072
300,0.0001696798
301,0.0001989503
302,0.0002262236
303,0.0002496408
304,0.0002676062
305,0.0002788952
306,0.0002827387
307,0.0002788750
308,0.0002675674
309,0.0002495866
310,0.0002261580
311,0.0001988782
312,0.0001696060
313,0.0001403360
314,0.0001130623
315,0.0000896430
316,0.0000716733
317,0.0000603769
318,0.0000565227
319,0.0000603723
320,0.0000716625
321,0.0000896227
322,0.0001130282
323,0.0001402831
324,0.0001695294
325,0.0001987734
326,0.0002260218
327,0.0002494175
328,0.0002673660
329,0.0002786441
330,0.0002824834
331,0.0002786223
332,0.0002673242
333,0.0002493590
334,0.0002259512
335,0.0001986957
336,0.0001386409
337,0.0001147144
338,0.0000924199
339,0.0000732761
340,0.0000585871
341,0.0000493531
342,0.0000462025
343,0.0000493491
344,0.0000585777
345,0.0000732584
346,0.0000923899
347,0.0001146679
348,0.0001385735
349,0.0001624771
350,0.0001847495
351,0.0002038724
352,0.0002185428
353,0.0002277608
354,0.0002308983
355,0.0002277417
356,0.0002185062
357,0.0002038212
358,0.0001846876
359,0.0001624091
360,0.0001385039
361,0.0001146007
362,0.0000923280
363,0.0000732031
364,0.0000585286
365,0.0000493037
366,0.0000461561
367,0.0000492994
368,0.0000585185
369,0.0000731841
370,0.0000922961
371,0.0001145511
372,0.0001384320
373,0.0001623107
374,0.0001845597
375,0.0002036624
376,0.0002183171
377,0.0002275249
378,0.0002306585
379,0.0002275046
380,0.0002182780
381,0.0002036078
382,0.0001844937
383,0.0001622381
384,0.0001383577
385,0.0001144794
386,0.0000922301
387,0.0000731253
388,0.0000584662
389,0.0000492509
390,0.0000461066
391,0.0000492464
392,0.0000584554
393,0.0000731050
394,0.0000921961
395,0.0001144267
396,0.0001382812
397,0.0001621334
398,0.0001843576
399,0.0002034389
400,0.0002180768
401,0.0002272739
402,0.0002304034
403,0.0002272523
404,0.0002180353
405,0.0002033809
406,0.0001842875
407,0.0001620564
408,0.0001382023
409,0.0001143506
410,0.0000921260
411,0.0000730425
412,0.0000583999
413,0.0000491949
414,0.0000460540
415,0.0000491901
416,0.0000583884
417,0.0000730211
418,0.0000920899
419,0.0001142946
420,0.0001381212
421,0.0001619454
422,0.0001841433
423,0.0002032018
424,0.0002178221
425,0.0002270078
426,0.0002301330
427,0.0002269849
428,0.0002177783
429,0.0002031405
430,0.0001840692
431,0.0001618640
432,0.0001380378
433,0.0001142141
434,0.0000920158
435,0.0000729550
436,0.0000583297
437,0.0000491357
438,0.0000459984
439,0.0000491306
440,0.0000583176
441,0.0000729323
442,0.0000919777
443,0.0001141550
444,0.0001379522
445,0.0001617468
446,0.0001839169
447,0.0002029514
448,0.0002175530
449,0.0002267268
450,0.0002298475
451,0.0002267027
452,0.0002175068
453,0.0002028867
454,0.0001838387
455,0.0001616608
456,0.0001685007
457,0.0001394191
458,0.0001123217
459,0.0000890543
460,0.0000712014
461,0.0000599784
462,0.0000561487
463,0.0000599718
464,0.0000711859
465,0.0000890252
466,0.0001122727
467,0.0001393431
468,0.0001683905
469,0.0001974347
470,0.0002244958
471,0.0002477293
472,0.0002655519
473,0.0002767488
474,0.0002805572
475,0.0002767178
476,0.0002654925
477,0.0002476462
478,0.0002243954
479,0.0001973243
480,0.0001682775
481,0.0001392340
482,0.0001121723
483,0.0000889356
484,0.0000711063
485,0.0000598981
486,0.0000560733
487,0.0000598912
488,0.0000710900
489,0.0000889050
490,0.0001121208
491,0.0001391542
492,0.0001681618
493,0.0001971660
494,0.0002241896
495,0.0002473908
496,0.0002651882
497,0.0002763690
498,0.0002801715
499,0.0002763366
500,0.0002651259
501,0.0002473036
502,0.0002240843
503,0.0001970502
504,0.0001374900
505,0.0001137599
506,0.0000916491
507,0.0000726636
508,0.0000580962
509,0.0000489386
510,0.0000458136
511,0.0000489327
512,0.0000580823
513,0.0000726374
514,0.0000916050
515,0.0001136915
516,0.0001373908
517,0.0001610872
518,0.0001831654
519,0.0002021205
520,0.0002166605
521,0.0002257947
522,0.0002289007
523,0.0002257669
524,0.0002166072
525,0.0002020459
526,0.0001830753
527,0.0001609882
528,0.0001372894
529,0.0001135936
530,0.0000915149
531,0.0000725570
532,0.0000580108
533,0.0000488665
534,0.0000457460
535,0.0000488604
536,0.0000579962
537,0.0000725296
538,0.0000914688
539,0.0001135222
540,0.0001371858
541,0.0001608464
542,0.0001828911
543,0.0002018172
544,0.0002163348
545,0.0002254547
546,0.0002285553
547,0.0002254257
548,0.0002162792
549,0.0002017394
550,0.0001827971
551,0.0001607430
552,0.0001370800
553,0.0001134200
554,0.0000913748
555,0.0000724457
556,0.0000579217
557,0.0000487913
558,0.0000456754
559,0.0000487849
560,0.0000579065
561,0.0000724172
562,0.0000913268
563,0.0001133455
564,0.0001369720
565,0.0001605953
566,0.0001826050
567,0.0002015010
568,0.0002159952
569,0.0002251001
570,0.0002281953
571,0.0002250699
572,0.0002159373
573,0.0002014199
574,0.0001825071
575,0.0001604876
576,0.0001368618
577,0.0001132391
578,0.0000912288
579,0.0000723298
580,0.0000578289
581,0.0000487130
582,0.0000456020
583,0.0000487063
584,0.0000578130
585,0.0000723001
586,0.0000911788
587,0.0001131616
588,0.0001367494
589,0.0001603339
590,0.0001823073
591,0.0002011718
592,0.0002156418
593,0.0002247312
594,0.0002278206
595,0.0002246998
596,0.0002155816
597,0.0002010875
598,0.0001822054
599,0.0001602219
600,0.0001366348
601,0.0001130510
602,0.0000910770
603,0.0000722092
604,0.0000577323
605,0.0000486315
606,0.0000455256
607,0.0000486246
608,0.0000577159
609,0.0000721784
610,0.0000910251
611,0.0001129705
612,0.0001365181
613,0.0001600622
614,0.0001819979
615,0.0002008299
616,0.0002152747
617,0.0002243480
618,0.0002274315
619,0.0002243154
620,0.0002152122
621,0.0002007424
622,0.0001818922
623,0.0001599460
624,0.0001667101
625,0.0001379348
626,0.0001111238
627,0.0000881028
628,0.0000704393
629,0.0000593352
630,0.0000555455
631,0.0000593264
632,0.0000704184
633,0.0000880637
634,0.0001110580
635,0.0001378328
636,0.0001665622
637,0.0001952872
638,0.0002220497
639,0.0002450253
640,0.0002626481
641,0.0002737173
642,0.0002774787
643,0.0002736761
644,0.0002625690
645,0.0002449145
646,0.0002219158
647,0.0001951401
648,0.0001664116
649,0.0001376874
650,0.0001109242
651,0.0000879443
652,0.0000703124
653,0.0000592281
654,0.0000554451
655,0.0000592191
656,0.0000702908
657,0.0000879038
658,0.0001108561
659,0.0001375818
660,0.0001662584
661,0.0001949305
662,0.0002216435
663,0.0002445764
664,0.0002621663
665,0.0002732144
666,0.0002769681
667,0.0002731717
668,0.0002620844
669,0.0002444618
670,0.0002215050
671,0.0001947783
672,0.0001359022
673,0.0001124439
674,0.0000905871
675,0.0000718202
676,0.0000574209
677,0.0000483688
678,0.0000452792
679,0.0000483611
680,0.0000574026
681,0.0000717860
682,0.0000905296
683,0.0001123546
684,0.0001357726
685,0.0001591868
686,0.0001810011
687,0.0001997283
688,0.0002140921
689,0.0002231137
690,0.0002261784
691,0.0002230776
692,0.0002140229
693,0.0001996314
694,0.0001808840
695,0.0001590582
696,0.0001356409
697,0.0001122275
698,0.0000904125
699,0.0000716816
700,0.0000573099
701,0.0000482751
702,0.0000451914
703,0.0000482672
704,0.0000572910
705,0.0000716463
706,0.0000903531
707,0.0001121352
708,0.0001355072
709,0.0001588752
710,0.0001806462
711,0.0001993362
712,0.0002136712
713,0.0002226744
714,0.0002257325
715,0.0002226372
716,0.0002135998
717,0.0001992362
718,0.0001805255
719,0.0001587425
720,0.0001353713
721,0.0001120041
722,0.0000902323
723,0.0000715385
724,0.0000571953
725,0.0000481785
726,0.0000451009
727,0.0000481703
728,0.0000571759
729,0.0000715021
730,0.0000901710
731,0.0001119090
732,0.0001352334
733,0.0001585538
734,0.0001802803
735,0.0001989318
736,0.0002132372
737,0.0002222215
738,0.0002252728
739,0.0002221832
740,0.0002131636
741,0.0001988288
742,0.0001801558
743,0.0001584170
744,0.0001350934
745,0.0001117738
746,0.0000900466
747,0.0000713911
748,0.0000570773
749,0.0000480789
750,0.0000450075
751,0.0000480705
752,0.0000570573
753,0.0000713536
754,0.0000899835
755,0.0001116759
756,0.0001349514
757,0.0001582227
758,0.0001799033
759,0.0001985153
760,0.0002127902
761,0.0002217551
762,0.0002247993
763,0.0002217156
764,0.0002127144
765,0.0001984093
766,0.0001797752
767,0.0001580819
768,0.0001348073
769,0.0001115368
770,0.0000898554
771,0.0000712393
772,0.0000569558
773,0.0000479765
774,0.0000449115
775,0.0000479678
776,0.0000569352
777,0.0000712007
778,0.0000897904
779,0.0001114361
780,0.0001346612
781,0.0001578820
782,0.0001795155
783,0.0001980868
784,0.0002123303
785,0.0002212752
786,0.0002243122
787,0.0002212346
788,0.0002122524
789,0.0001979778
790,0.0001793838
791,0.0001577373
792,0.0001644048
793,0.0001360248
794,0.0001095829
795,0.0000868795
796,0.0000694599
797,0.0000585091
798,0.0000547711
799,0.0000584982
800,0.0000694341
801,0.0000868310
802,0.0001095014
803,0.0001358983
804,0.0001642213
805,0.0001925390
806,0.0002189206
807,0.0002415679
808,0.0002589371
809,0.0002698448
810,0.0002735477
811,0.0002697938
812,0.0002588394
813,0.0002414311
814,0.0002187553
815,0.0001923572
816,0.0001640353
817,0.0001357188
818,0.0001093361
819,0.0000866836
820,0.0000693031
821,0.0000583768
822,0.0000546471
823,0.0000583657
824,0.0000692765
825,0.0000866338
826,0.0001092523
827,0.0001355889
828,0.0001638469
829,0.0001920995
830,0.0002184204
831,0.0002410152
832,0.0002583441
833,0.0002692260
834,0.0002729197
835,0.0002691737
836,0.0002582438
837,0.0002408749
838,0.0002182508
839,0.0001919131
840,0.0001339005
841,0.0001107856
842,0.0000892495
843,0.0000707584
844,0.0000565708
845,0.0000476518
846,0.0000446072
847,0.0000476424
848,0.0000565485
849,0.0000707166
850,0.0000891792
851,0.0001106766
852,0.0001337424
853,0.0001568035
854,0.0001782878
855,0.0001967305
856,0.0002108748
857,0.0002197566
858,0.0002227710
859,0.0002197128
860,0.0002107906
861,0.0001966128
862,0.0001781455
863,0.0001566472
864,0.0001335823
865,0.0001105221
866,0.0000890370
867,0.0000705897
868,0.0000564358
869,0.0000475380
870,0.0000445005
871,0.0000475284
872,0.0000564130
873,0.0000705469
874,0.0000889650
875,0.0001104104
876,0.0001334203
877,0.0001564256
878,0.0001778576
879,0.0001962553
880,0.0002103648
881,0.0002192246
882,0.0002222311
883,0.0002191797
884,0.0002102786
885,0.0001961347
886,0.0001777119
887,0.0001562654
888,0.0001332564
889,0.0001102522
890,0.0000888193
891,0.0000704169
892,0.0000562975
893,0.0000474214
894,0.0000443913
895,0.0000474115
896,0.0000562742
897,0.0000703731
898,0.0000887456
899,0.0001101378
900,0.0001330906
901,0.0001560386
902,0.0001774170
903,0.0001957687
904,0.0002098426
905,0.0002186799
906,0.0002216783
907,0.0002186339
908,0.0002097545
909,0.0001956453
910,0.0001772679
911,0.0001558747
912,0.0001329229
913,0.0001099759
914,0.0000885965
915,0.0000702401
916,0.0000561560
917,0.0000473020
918,0.0000442794
919,0.0000472920
920,0.0000561321
921,0.0000701953
922,0.0000885211
923,0.0001098590
924,0.0001327532
925,0.0001556426
926,0.0001769664
927,0.0001952709
928,0.0002093085
929,0.0002181227
930,0.0002211129
931,0.0002180757
932,0.0002092183
933,0.0001951447
934,0.0001768139
935,0.0001554750
936,0.0001325817
937,0.0001096934
938,0.0000883686
939,0.0000700593
940,0.0000560113
941,0.0000471800
942,0.0000441651
943,0.0000471697
944,0.0000559869
945,0.0000700135
946,0.0000882916
947,0.0001095738
948,0.0001324084
949,0.0001552378
950,0.0001765057
951,0.0001947620
952,0.0002087625
953,0.0002175531
954,0.0002205349
955,0.0002175051
956,0.0002086704
957,0.0001946331
958,0.0001763499
959,0.0001550666
960,0.0001616183
961,0.0001337168
962,0.0001077216
963,0.0000854022
964,0.0000682775
965,0.0000575121
966,0.0000538368
967,0.0000574992
968,0.0000682470
969,0.0000853450
970,0.0001076254
971,0.0001335676
972,0.0001614018
973,0.0001892298
974,0.0002151541
975,0.0002374073
976,0.0002544726
977,0.0002651873
978,0.0002688213
979,0.0002651274
980,0.0002543577
981,0.0002372464
982,0.0002149597
983,0.0001890161
984,0.0001611832
985,0.0001333565
986,0.0001074310
987,0.0000851716
988,0.0000680930
989,0.0000573565
990,0.0000536910
991,0.0000573434
992,0.0000680619
993,0.0000851132
994,0.0001073328
995,0.0001332042
996,0.0001609623
997,0.0001887140
998,0.0002145670
999,0.0002367589
1000,0.0002537770
1001,0.0002644617
1002,0.0002680850
1003,0.0002644005
1004,0.0002536597
1005,0.0002365947
1006,0.0002143687
1007,0.0001884960
1008,0.0001315139
1009,0.0001088090
1010,0.0000876555
1011,0.0000694934
1012,0.0000555584
1013,0.0000467982
1014,0.0000438073
1015,0.0000467872
1016,0.0000555325
1017,0.0000694447
1018,0.0000875736
1019,0.0001086819
1020,0.0001313296
1021,0.0001539719
1022,0.0001750649
1023,0.0001931707
1024,0.0002070552
1025,0.0002157722
1026,0.0002187279
1027,0.0002157212
1028,0.0002069574
1029,0.0001930338
1030,0.0001748995
1031,0.0001537900
1032,0.0001311435
1033,0.0001085023
1034,0.0000874082
1035,0.0000692971
1036,0.0000554014
1037,0.0000466658
1038,0.0000436833
1039,0.0000466546
1040,0.0000553749
1041,0.0000692475
1042,0.0000873247
1043,0.0001083728
1044,0.0001309556
1045,0.0001535331
1046,0.0001745655
1047,0.0001926192
1048,0.0002064635
1049,0.0002151551
1050,0.0002181018
1051,0.0002151031
1052,0.0002063638
1053,0.0001924797
1054,0.0001743970
1055,0.0001533478
1056,0.0001307660
1057,0.0001081897
1058,0.0000871562
1059,0.0000690971
1060,0.0000552414
1061,0.0000465309
1062,0.0000435569
1063,0.0000465195
1064,0.0000552144
1065,0.0000690466
1066,0.0000870711
1067,0.0001080578
1068,0.0001305747
1069,0.0001530861
1070,0.0001740569
1071,0.0001920574
1072,0.0002058608
1073,0.0002145265
1074,0.0002174640
1075,0.0002144736
1076,0.0002057593
1077,0.0001919154
1078,0.0001738853
1079,0.0001528974
1080,0.0001303817
1081,0.0001078714
1082,0.0000868995
1083,0.0000688935
1084,0.0000550784
1085,0.0000463935
1086,0.0000434282
1087,0.0000463819
1088,0.0000550510
1089,0.0000688420
1090,0.0000868130
1091,0.0001077371
1092,0.0001301869
1093,0.0001526310
1094,0.0001735390
1095,0.0001914856
1096,0.0002052473
1097,0.0002138866
1098,0.0002168148
1099,0.0002138328
1100,0.0002051440
1101,0.0001913410
1102,0.0001733644
1103,0.0001524391
1104,0.0001299904
1105,0.0001075475
1106,0.0000866384
1107,0.0000686863
1108,0.0000549126
1109,0.0000462537
1110,0.0000432972
1111,0.0000462419
1112,0.0000548847
1113,0.0000686339
1114,0.0000865503
1115,0.0001074109
1116,0.0001297923
1117,0.0001521680
1118,0.0001730122
1119,0.0001909037
1120,0.0002046232
1121,0.0002132356
1122,0.0002161544
1123,0.0002131809
1124,0.0002045182
1125,0.0001907568
1126,0.0001728346
1127,0.0001519728
1128,0.0001583909
1129,0.0001310442
1130,0.0001055667
1131,0.0000836923
1132,0.0000669093
1133,0.0000563585
1134,0.0000527560
1135,0.0000563439
1136,0.0000668746
1137,0.0000836272
1138,0.0001054572
1139,0.0001308745
1140,0.0001581447
1141,0.0001854078
1142,0.0002108046
1143,0.0002326038
1144,0.0002493194
1145,0.0002598124
1146,0.0002633681
1147,0.0002597444
1148,0.0002491889
1149,0.0002324212
1150,0.0002105840
1151,0.0001851652
1152,0.0001578965
1153,0.0001306349
1154,0.0001052366
1155,0.0000834304
1156,0.0000666998
1157,0.0000561819
1158,0.0000525906
1159,0.0000561671
1160,0.0000666645
1161,0.0000833643
1162,0.0001051254
1163,0.0001304624
1164,0.0001576463
1165,0.0001848230
1166,0.0002101392
1167,0.0002318690
1168,0.0002485312
1169,0.0002589904
1170,0.0002625342
1171,0.0002589214
1172,0.0002483987
1173,0.0002316835
1174,0.0002099151
1175,0.0001845767
1176,0.0001287771
1177,0.0001065428
1178,0.0000858284
1179,0.0000680436
1180,0.0000543984
1181,0.0000458202
1182,0.0000428911
1183,0.0000458079
1184,0.0000543691
1185,0.0000679886
1186,0.0000857360
1187,0.0001063995
1188,0.0001285692
1189,0.0001507329
1190,0.0001713792
1191,0.0001891005
1192,0.0002026888
1193,0.0002112183
1194,0.0002141078
1195,0.0002111609
1196,0.0002025787
1197,0.0001889464
1198,0.0001711930
1199,0.0001505283
1200,0.0001283598
1201,0.0001061973
1202,0.0000855498
1203,0.0000678226
1204,0.0000542216
1205,0.0000456712
1206,0.0000427515
1207,0.0000456587
1208,0.0000541918
1209,0.0000677668
1210,0.0000854560
1211,0.0001060518
1212,0.0001281488
1213,0.0001502396
1214,0.0001708179
1215,0.0001884807
1216,0.0002020240
1217,0.0002105250
1218,0.0002134045
1219,0.0002104667
1220,0.0002019123
1221,0.0001883243
1222,0.0001706290
1223,0.0001500320
1224,0.0001279362
1225,0.0001058466
1226,0.0000852671
1227,0.0000675983
1228,0.0000540421
1229,0.0000455199
1230,0.0000426098
1231,0.0000455072
1232,0.0000540120
1233,0.0000675417
1234,0.0000851720
1235,0.0001056990
1236,0.0001277222
1237,0.0001497391
1238,0.0001702485
1239,0.0001878519
1240,0.0002013495
1241,0.0002098216
1242,0.0002126909
1243,0.0002097625
1244,0.0002012362
1245,0.0001876933
1246,0.0001700568
1247,0.0001495285
1248,0.0001275066
1249,0.0001054909
1250,0.0000849803
1251,0.0000673708
1252,0.0000538601
1253,0.0000453665
1254,0.0000424661
1255,0.0000453536
1256,0.0000538295
1257,0.0000673134
1258,0.0000848839
1259,0.0001053412
1260,0.0001272895
1261,0.0001492316
1262,0.0001696710
1263,0.0001872142
1264,0.0002006655
1265,0.0002091083
1266,0.0002119674
1267,0.0002090484
1268,0.0002005506
1269,0.0001870534
1270,0.0001694767
1271,0.0001490180
1272,0.0001270710
1273,0.0001051303
1274,0.0000846896
1275,0.0000671402
1276,0.0000536756
1277,0.0000452110
1278,0.0000423204
1279,0.0000451979
1280,0.0000536446
1281,0.0000670820
1282,0.0000845918
1283,0.0001049786
1284,0.0001268510
1285,0.0001487171
1286,0.0001690856
1287,0.0001865679
1288,0.0001999723
1289,0.0002083854
1290,0.0002112341
1291,0.0002083247
1292,0.0001998559
1293,0.0001864050
1294,0.0001688888
1295,0.0001485007
1296,0.0001547695
1297,0.0001280459
1298,0.0001031495
1299,0.0000817745
1300,0.0000653750
1301,0.0000550652
1302,0.0000515445
1303,0.0000550491
1304,0.0000653366
1305,0.0000817025
1306,0.0001030284
1307,0.0001278581
1308,0.0001544971
1309,0.0001811282
1310,0.0002059353
1311,0.0002272271
1312,0.0002435522
1313,0.0002537981
1314,0.0002572670
1315,0.0002537230
1316,0.0002434080
1317,0.0002270254
1318,0.0002056917
1319,0.0001808604
1320,0.0001542230
1321,0.0001275934
1322,0.0001027847
1323,0.0000814852
1324,0.0000651435
1325,0.0000548702
1326,0.0000513618
1327,0.0000548538
1328,0.0000651047
1329,0.0000814123
1330,0.0001026621
1331,0.0001274032
1332,0.0001539471
1333,0.0001804831
1334,0.0002052013
1335,0.0002264167
1336,0.0002426829
1337,0.0002528917
1338,0.0002563476
1339,0.0002528157
1340,0.0002425370
1341,0.0002262125
1342,0.0002049547
1343,0.0001802119
1344,0.0001257297
1345,0.0001040198
1346,0.0000837945
1347,0.0000664300
1348,0.0000531075
1349,0.0000447322
1350,0.0000418719
1351,0.0000447186
1352,0.0000530753
1353,0.0000663697
1354,0.0000836930
1355,0.0001038623
1356,0.0001255013
1357,0.0001471336
1358,0.0001672841
1359,0.0001845788
1360,0.0001978389
1361,0.0002061608
1362,0.0002089776
1363,0.0002060978
1364,0.0001977181
1365,0.0001844098
1366,0.0001670799
1367,0.0001469091
1368,0.0001252715
1369,0.0001036405
1370,0.0000834887
1371,0.0000661875
1372,0.0000529135
1373,0.0000445686
1374,0.0000417187
1375,0.0000445549
1376,0.0000528809
1377,0.0000661264
1378,0.0000833860
1379,0.0001034812
1380,0.0001250404
1381,0.0001465930
1382,0.0001666691
1383,0.0001838998
1384,0.0001971106
1385,0.0002054014
1386,0.0002082073
1387,0.0002053377
1388,0.0001969884
1389,0.0001837288
1390,0.0001664625
1391,0.0001463660
1392,0.0001248081
1393,0.0001032568
1394,0.0000831795
1395,0.0000659422
1396,0.0000527172
1397,0.0000444032
1398,0.0000415638
1399,0.0000443894
1400,0.0000526843
1401,0.0000658804
1402,0.0000830756
1403,0.0001030957
1404,0.0001245744
1405,0.0001460463
1406,0.0001660471
1407,0.0001832130
1408,0.0001963741
1409,0.0002046334
1410,0.0002074284
1411,0.0002045690
1412,0.0001962506
1413,0.0001830402
1414,0.0001658382
1415,0.0001458167
1416,0.0001243394
1417,0.0001028689
1418,0.0000828668
1419,0.0000656941
1420,0.0000525188
1421,0.0000442360
1422,0.0000414072
1423,0.0000442220
1424,0.0000524855
1425,0.0000656317
1426,0.0000827618
1427,0.0001027060
1428,0.0001241032
1429,0.0001454936
1430,0.0001654183
1431,0.0001825188
1432,0.0001956296
1433,0.0002038571
1434,0.0002066410
1435,0.0002037920
1436,0.0001955047
1437,0.0001823441
1438,0.0001652072
1439,0.0001452615
1440,0.0001238657
1441,0.0001024768
1442,0.0000825507
1443,0.0000654434
1444,0.0000523183
1445,0.0000440670
1446,0.0000412488
1447,0.0000440528
1448,0.0000522846
1449,0.0000653803
1450,0.0000824446
1451,0.0001023122
1452,0.0001236271
1453,0.0001449350
1454,0.0001647829
1455,0.0001818173
1456,0.0001948773
1457,0.0002030727
1458,0.0002058454
1459,0.0002030070
1460,0.0001947511
1461,0.0001816409
1462,0.0001645696
1463,0.0001447006
1464,0.0001508065
1465,0.0001247652
1466,0.0001005050
1467,0.0000796768
1468,0.0000636969
1469,0.0000536509
1470,0.0000502198
1471,0.0000536335
1472,0.0000636554
1473,0.0000795989
1474,0.0001003741
1475,0.0001245620
1476,0.0001505119
1477,0.0001764533
1478,0.0002006169
1479,0.0002213552
1480,0.0002372546
1481,0.0002472316
1482,0.0002506067
1483,0.0002471505
1484,0.0002370989
1485,0.0002211374
1486,0.0002003537
1487,0.0001761640
1488,0.0001502158
1489,0.0001242762
1490,0.0001001109
1491,0.0000793642
1492,0.0000634468
1493,0.0000534402
1494,0.0000500224
1495,0.0000534225
1496,0.0000634049
1497,0.0000792855
1498,0.0000999787
1499,0.0001240711
1500,0.0001499184
1501,0.0001757570
1502,0.0001998248
1503,0.0002204808
1504,0.0002363169
1505,0.0002462539
1506,0.0002496152
1507,0.0002461720
1508,0.0002361597
1509,0.0002202609
1510,0.0001995592
1511,0.0001754650
1512,0.0001224159
1513,0.0001012767
1514,0.0000815834
1515,0.0000646761
1516,0.0000517045
1517,0.0000435497
1518,0.0000407644
1519,0.0000435352
1520,0.0000516699
1521,0.0000646112
1522,0.0000814742
1523,0.0001011073
1524,0.0001221703
1525,0.0001432262
1526,0.0001628390
1527,0.0001796713
1528,0.0001925758
1529,0.0002006731
1530,0.0002034118
1531,0.0002006055
1532,0.0001924461
1533,0.0001794898
1534,0.0001626197
1535,0.0001429852
1536,0.0001219236
1537,0.0001008691
1538,0.0000812549
1539,0.0000644156
1540,0.0000514961
1541,0.0000433741
1542,0.0000405999
1543,0.0000433594
1544,0.0000514612
1545,0.0000643501
1546,0.0000811448
1547,0.0001006982
1548,0.0001216758
1549,0.0001426461
1550,0.0001621791
1551,0.0001789428
1552,0.0001917946
1553,0.0001998587
1554,0.0002025857
1555,0.0001997905
1556,0.0001916638
1557,0.0001787597
1558,0.0001619579
1559,0.0001424030
1560,0.0001214269
1561,0.0001004580
1562,0.0000809235
1563,0.0000641527
1564,0.0000512859
1565,0.0000431969
1566,0.0000404340
1567,0.0000431821
1568,0.0000512507
1569,0.0000640867
1570,0.0000808125
1571,0.0001002856
1572,0.0001211770
1573,0.0001420611
1574,0.0001615136
1575,0.0001782082
1576,0.0001910067
1577,0.0001990372
1578,0.0002017527
1579,0.0001989685
1580,0.0001908748
1581,0.0001780235
1582,0.0001612905
1583,0.0001418159
1584,0.0001209260
1585,0.0001000434
1586,0.0000805894
1587,0.0000638877
1588,0.0000510739
1589,0.0000430183
1590,0.0000402667
1591,0.0000430034
1592,0.0000510384
1593,0.0000638211
1594,0.0000804774
1595,0.0000998696
1596,0.0001206741
1597,0.0001414712
1598,0.0001608426
1599,0.0001774675
1600,0.0001902125
1601,0.0001982091
1602,0.0002009129
1603,0.0001981398
1604,0.0001900795
1605,0.0001772814
1606,0.0001606178
1607,0.0001412241
1608,0.0001204211
1609,0.0000996255
1610,0.0000802526
1611,0.0000636206
1612,0.0000508602
1613,0.0000428383
1614,0.0000400981
1615,0.0000428232
1616,0.0000508245
1617,0.0000635535
1618,0.0000801397
1619,0.0000994504
1620,0.0001201672
1621,0.0001408768
1622,0.0001601664
1623,0.0001767210
1624,0.0001894120
1625,0.0001973746
1626,0.0002000666
1627,0.0001973048
1628,0.0001892780
1629,0.0001765335
1630,0.0001599399
1631,0.0001406277
1632,0.0001465596
1633,0.0001212498
1634,0.0000976717
1635,0.0000774295
1636,0.0000618994
1637,0.0000521361
1638,0.0000488011
1639,0.0000521176
1640,0.0000618553
1641,0.0000773469
1642,0.0000975328
1643,0.0001210342
1644,0.0001462470
1645,0.0001714507
1646,0.0001949263
1647,0.0002150732
1648,0.0002305179
1649,0.0002402081
1650,0.0002434837
1651,0.0002401221
1652,0.0002303530
1653,0.0002148424
1654,0.0001946475
1655,0.0001711441
1656,0.0001459332
1657,0.0001207314
1658,0.0000972539
1659,0.0000770981
1660,0.0000616343
1661,0.0000519128
1662,0.0000485920
1663,0.0000518941
1664,0.0000615900
1665,0.0000770149
1666,0.0000971140
1667,0.0001205143
1668,0.0001456184
1669,0.0001707135
1670,0.0001940878
1671,0.0002141475
1672,0.0002295254
1673,0.0002391733
1674,0.0002424343
1675,0.0002390868
1676,0.0002293593
1677,0.0002139151
1678,0.0001938070
1679,0.0001704048
1680,0.0001188839
1681,0.0000983531
1682,0.0000792272
1683,0.0000628073
1684,0.0000502098
1685,0.0000422901
1686,0.0000395848
1687,0.0000422747
1688,0.0000501732
1689,0.0000627387
1690,0.0000791119
1691,0.0000981743
1692,0.0001186246
1693,0.0001390674
1694,0.0001581084
1695,0.0001744492
1696,0.0001869759
1697,0.0001948349
1698,0.0001974910
1699,0.0001947636
1700,0.0001868391
1701,0.0001742578
1702,0.0001578771
1703,0.0001388132
1704,0.0001183644
1705,0.0000979232
1706,0.0000788807
1707,0.0000625325
1708,0.0000499900
1709,0.0000421049
1710,0.0000394114
1711,0.0000420894
1712,0.0000499532
1713,0.0000624635
1714,0.0000787647
1715,0.0000977432
1716,0.0001181035
1717,0.0001384562
1718,0.0001574132
1719,0.0001736818
1720,0.0001861531
1721,0.0001939772
1722,0.0001966212
1723,0.0001939054
1724,0.0001860155
1725,0.0001734893
1726,0.0001571806
1727,0.0001382005
1728,0.0001178417
1729,0.0000974905
1730,0.0000785320
1731,0.0000622560
1732,0.0000497688
1733,0.0000419186
1734,0.0000392369
1735,0.0000419030
1736,0.0000497318
1737,0.0000621866
1738,0.0000784153
1739,0.0000973095
1740,0.0001175792
1741,0.0001378413
1742,0.0001567138
1743,0.0001729098
1744,0.0001853253
1745,0.0001931142
1746,0.0001957461
1747,0.0001930421
1748,0.0001851869
1749,0.0001727161
1750,0.0001564798
1751,0.0001375841
1752,0.0001173159
1753,0.0000970553
1754,0.0000781813
1755,0.0000619778
1756,0.0000495464
1757,0.0000417311
1758,0.0000390613
1759,0.0000417155
1760,0.0000495092
1761,0.0000619080
1762,0.0000780640
1763,0.0000968733
1764,0.0001170519
1765,0.0001372229
1766,0.0001560104
1767,0.0001721334
1768,0.0001844928
1769,0.0001922463
1770,0.0001948660
1771,0.0001921738
1772,0.0001843536
1773,0.0001719386
1774,0.0001557751
1775,0.0001369642
1776,0.0001167872
1777,0.0000966177
1778,0.0000778286
1779,0.0000616981
1780,0.0000493227
1781,0.0000415427
1782,0.0000388848
1783,0.0000415269
1784,0.0000492853
1785,0.0000616280
1786,0.0000777107
1787,0.0000964347
1788,0.0001165217
1789,0.0001366011
1790,0.0001553032
1791,0.0001713528
1792,0.0001836558
1793,0.0001913738
1794,0.0001939812
1795,0.0001913009
1796,0.0001835159
1797,0.0001711570
1798,0.0001550667
1799,0.0001363411
1800,0.0001420902
1801,0.0001175506
1802,0.0000946906
1803,0.0000750652
1804,0.0000600085
1805,0.0000505428
1806,0.0000473091
1807,0.0000505234
1808,0.0000599625
1809,0.0000749790
1810,0.0000945457
1811,0.0001173258
1812,0.0001417641
1813,0.0001661931
1814,0.0001889463
1815,0.0002084723
1816,0.0002234400
1817,0.0002328295
1818,0.0002360013
1819,0.0002327399
1820,0.0002232681
1821,0.0002082318
1822,0.0001886558
1823,0.0001658737
1824,0.0001414373
1825,0.0001170103
1826,0.0000942552
1827,0.0000747199
1828,0.0000597323
1829,0.0000503101
1830,0.0000470912
1831,0.0000502907
1832,0.0000596862
1833,0.0000746333
1834,0.0000941096
1835,0.0001167844
1836,0.0001411097
1837,0.0001654256
1838,0.0001880734
1839,0.0002075088
1840,0.0002224069
1841,0.0002317526
1842,0.0002349094
1843,0.0002316626
1844,0.0002222343
1845,0.0002072672
1846,0.0001877815
1847,0.0001651047
1848,0.0001151848
1849,0.0000952915
1850,0.0000767599
1851,0.0000608506
1852,0.0000486449
1853,0.0000409716
1854,0.0000383501
1855,0.0000409556
1856,0.0000486070
1857,0.0000607794
1858,0.0000766403
1859,0.0000951059
1860,0.0001149155
1861,0.0001347174
1862,0.0001531608
1863,0.0001689881
1864,0.0001811203
1865,0.0001887308
1866,0.0001913012
1867,0.0001886569
1868,0.0001809785
1869,0.0001687896
1870,0.0001529210
1871,0.0001344538
1872,0.0001146458
1873,0.0000948455
1874,0.0000764005
1875,0.0000605655
1876,0.0000484169
1877,0.0000407795
1878,0.0000381702
1879,0.0000407634
1880,0.0000483789
1881,0.0000604941
1882,0.0000762804
1883,0.0000946591
1884,0.0001143755
1885,0.0001340840
1886,0.0001524405
1887,0.0001681930
1888,0.0001802678
1889,0.0001878422
1890,0.0001904002
1891,0.0001877680
1892,0.0001801254
1893,0.0001679938
1894,0.0001521997
1895,0.0001338194
1896,0.0001141046
1897,0.0000943976
1898,0.0000760396
1899,0.0000602794
1900,0.0000481881
1901,0.0000405867
1902,0.0000379897
1903,0.0000405706
1904,0.0000481499
1905,0.0000602076
1906,0.0000759190
1907,0.0000942105
1908,0.0001138333
1909,0.0001334482
1910,0.0001517174
1911,0.0001673949
1912,0.0001794121
1913,0.0001869502
1914,0.0001894957
1915,0.0001868757
1916,0.0001792692
1917,0.0001671949
1918,0.0001514758
1919,0.0001331826
1920,0.0001135615
1921,0.0000939481
1922,0.0000756774
1923,0.0000599921
1924,0.0000479584
1925,0.0000403931
1926,0.0000378085
1927,0.0000403770
1928,0.0000479200
1929,0.0000599202
1930,0.0000755564
1931,0.0000937604
1932,0.0001132892
1933,0.0001328102
1934,0.0001509917
1935,0.0001665940
1936,0.0001785535
1937,0.0001860552
1938,0.0001885882
1939,0.0001859804
1940,0.0001784101
1941,0.0001663934
1942,0.0001507493
1943,0.0001325437
1944,0.0001130165
1945,0.0000934971
1946,0.0000753140
1947,0.0000597039
1948,0.0000477279
1949,0.0000401990
1950,0.0000376267
1951,0.0000401828
1952,0.0000476895
1953,0.0000596318
1954,0.0000751926
1955,0.0000933088
1956,0.0001127434
1957,0.0001321701
1958,0.0001502638
1959,0.0001657906
1960,0.0001776921
1961,0.0001851573
1962,0.0001876778
1963,0.0001850823
1964,0.0001775482
1965,0.0001655893
1966,0.0001500206
1967,0.0001319028
1968,0.0001374632
1969,0.0001137214
1970,0.0000916049
1971,0.0000726182
1972,0.0000580516
1973,0.0000488940
1974,0.0000457653
1975,0.0000488742
1976,0.0000580045
1977,0.0000725297
1978,0.0000914561
1979,0.0001134905
1980,0.0001371284
1981,0.0001607566
1982,0.0001827634
1983,0.0002016481
1984,0.0002161233
1985,0.0002252028
1986,0.0002282681
1987,0.0002251109
1988,0.0002159471
1989,0.0002014015
1990,0.0001824654
1991,0.0001604291
1992,0.0001367932
1993,0.0001131669
1994,0.0000911582
1995,0.0000722639
1996,0.0000577683
1997,0.0000486554
1998,0.0000455418
1999,0.0000486354
2000,0.0000577211
2001,0.0000721752
2002,0.0000910090
2003,0.0001129355
2004,0.0001364576
2005,0.0001599700
2006,0.0001818688
2007,0.0002006607
2008,0.0002150648
2009,0.0002240994
2010,0.0002271493
2011,0.0002240073
2012,0.0002148881
2013,0.0002004135
2014,0.0001815701
2015,0.0001596416
2016,0.0001113722
2017,0.0000921364
2018,0.0000742176
2019,0.0000588345
2020,0.0000470327
2021,0.0000396132
2022,0.0000370782
2023,0.0000395969
2024,0.0000469939
2025,0.0000587617
2026,0.0000740952
2027,0.0000919466
2028,0.0001110970
2029,0.0001302394
2030,0.0001480681
2031,0.0001633673
2032,0.0001750940
2033,0.0001824493
2034,0.0001849321
2035,0.0001823738
2036,0.0001749492
2037,0.0001631646
2038,0.0001478232
2039,0.0001299702
2040,0.0001108215
2041,0.0000916807
2042,0.0000738504
2043,0.0000585433
2044,0.0000467998
2045,0.0000394170
2046,0.0000368945
2047,0.0000394007
2048,0.0000467610
2049,0.0000584704
2050,0.0000737278
2051,0.0000914905
2052,0.0001105457
2053,0.0001295930
2054,0.0001473330
2055,0.0001625560
2056,0.0001742243
2057,0.0001815427
2058,0.0001840129
2059,0.0001814671
2060,0.0001740792
2061,0.0001623529
2062,0.0001470877
2063,0.0001293233
2064,0.0001102697
2065,0.0000912241
2066,0.0000734825
2067,0.0000582516
2068,0.0000465666
2069,0.0000392205
2070,0.0000367106
2071,0.0000392041
2072,0.0000465277
2073,0.0000581786
2074,0.0000733597
2075,0.0000910336
2076,0.0001099935
2077,0.0001289455
2078,0.0001465967
2079,0.0001617434
2080,0.0001733531
2081,0.0001806347
2082,0.0001830923
2083,0.0001805589
2084,0.0001732077
2085,0.0001615400
2086,0.0001463510
2087,0.0001286754
2088,0.0001097172
2089,0.0000907668
2090,0.0000731140
2091,0.0000579595
2092,0.0000463330
2093,0.0000390237
2094,0.0000365263
2095,0.0000390073
2096,0.0000462940
2097,0.0000578864
2098,0.0000729911
2099,0.0000905761
2100,0.0001094406
2101,0.0001282971
2102,0.0001458593
2103,0.0001609296
2104,0.0001724807
2105,0.0001797254
2106,0.0001821704
2107,0.0001796496
2108,0.0001723352
2109,0.0001607260
2110,0.0001456133
2111,0.0001280267
2112,0.0001091639
2113,0.0000903090
2114,0.0000727452
2115,0.0000576669
2116,0.0000460991
2117,0.0000388267
2118,0.0000363418
2119,0.0000388102
2120,0.0000460601
2121,0.0000575938
2122,0.0000726221
2123,0.0000901181
2124,0.0001088870
2125,0.0001276480
2126,0.0001451211
2127,0.0001601150
2128,0.0001716073
2129,0.0001788152
2130,0.0001812476
2131,0.0001787393
2132,0.0001714617
2133,0.0001599112
2134,0.0001448749
2135,0.0001273773
2136,0.0001327456
2137,0.0001098175
2138,0.0000884594
2139,0.0000701240
2140,0.0000560572
2141,0.0000472138
2142,0.0000441921
2143,0.0000471937
2144,0.0000560095
2145,0.0000700345
2146,0.0000883089
2147,0.0001095840
2148,0.0001324070
2149,0.0001552202
2150,0.0001764674
2151,0.0001946996
2152,0.0002086741
2153,0.0002174385
2154,0.0002203960
2155,0.0002173457
2156,0.0002084960
2157,0.0001944504
2158,0.0001761663
2159,0.0001548892
2160,0.0001320683
2161,0.0001092570
2162,0.0000880079
2163,0.0000697659
2164,0.0000557709
2165,0.0000469726
2166,0.0000439663
2167,0.0000469525
2168,0.0000557232
2169,0.0000696764
2170,0.0000878573
2171,0.0001090234
2172,0.0001317295
2173,0.0001544258
2174,0.0001755640
2175,0.0001937027
2176,0.0002076054
2177,0.0002163247
2178,0.0002192668
2179,0.0002162318
2180,0.0002074272
2181,0.0001934535
2182,0.0001752628
2183,0.0001540947
2184,0.0001075015
2185,0.0000889334
2186,0.0000716368
2187,0.0000567881
2188,0.0000453964
2189,0.0000382347
2190,0.0000357876
2191,0.0000382183
2192,0.0000453573
2193,0.0000567149
2194,0.0000715136
2195,0.0000887422
2196,0.0001072242
2197,0.0001256983
2198,0.0001429040
2199,0.0001576682
2200,0.0001689844
2201,0.0001760814
2202,0.0001784760
2203,0.0001760055
2204,0.0001688387
2205,0.0001574643
2206,0.0001426576
2207,0.0001254274
2208,0.0001069470
2209,0.0000884746
2210,0.0000712672
2211,0.0000564951
2212,0.0000451621
2213,0.0000380373
2214,0.0000356028
2215,0.0000380209
2216,0.0000451230
2217,0.0000564218
2218,0.0000711440
2219,0.0000882835
2220,0.0001066698
2221,0.0001250482
2222,0.0001421649
2223,0.0001568525
2224,0.0001681100
2225,0.0001751701
2226,0.0001775521
2227,0.0001750942
2228,0.0001679643
2229,0.0001566486
2230,0.0001419185
2231,0.0001247774
2232,0.0001063927
2233,0.0000880160
2234,0.0000708977
2235,0.0000562021
2236,0.0000449278
2237,0.0000378400
2238,0.0000354181
2239,0.0000378235
2240,0.0000448888
2241,0.0000561289
2242,0.0000707745
2243,0.0000878249
2244,0.0001061156
2245,0.0001243984
2246,0.0001414260
2247,0.0001560371
2248,0.0001672359
2249,0.0001742591
2250,0.0001766286
2251,0.0001741832
2252,0.0001670903
2253,0.0001558334
2254,0.0001411798
2255,0.0001241278
2256,0.0001058387
2257,0.0000875575
2258,0.0000705283
2259,0.0000559093
2260,0.0000446937
2261,0.0000376427
2262,0.0000352334
2263,0.0000376263
2264,0.0000446547
2265,0.0000558361
2266,0.0000704053
2267,0.0000873666
2268,0.0001055618
2269,0.0001237490
2270,0.0001406876
2271,0.0001552223
2272,0.0001663624
2273,0.0001733488
2274,0.0001757057
2275,0.0001732730
2276,0.0001662169
2277,0.0001550187
2278,0.0001404416
2279,0.0001234787
2280,0.0001052851
2281,0.0000870995
2282,0.0000701593
2283,0.0000556167
2284,0.0000444597
2285,0.0000374457
2286,0.0000350489
2287,0.0000374293
2288,0.0000444208
2289,0.0000555436
2290,0.0000700364
2291,0.0000869088
2292,0.0001050085
2293,0.0001231003
2294,0.0001399499
2295,0.0001544083
2296,0.0001654899
2297,0.0001724395
2298,0.0001747839
2299,0.0001723637
2300,0.0001653446
2301,0.0001542050
2302,0.0001397043
2303,0.0001228303
2304,0.0001280059
2305,0.0001058957
2306,0.0000852998
2307,0.0000676187
2308,0.0000540541
2309,0.0000455264
2310,0.0000426124
2311,0.0000455063
2312,0.0000540065
2313,0.0000675295
2314,0.0000851497
2315,0.0001056630
2316,0.0001276684
2317,0.0001496641
2318,0.0001701495
2319,0.0001877277
2320,0.0002012003
2321,0.0002096494
2322,0.0002124995
2323,0.0002095570
2324,0.0002010230
2325,0.0001874795
2326,0.0001698497
2327,0.0001493345
2328,0.0001273311
2329,0.0001053373
2330,0.0000848499
2331,0.0000672621
2332,0.0000537689
2333,0.0000452861
2334,0.0000423875
2335,0.0000452661
2336,0.0000537215
2337,0.0000671730
2338,0.0000847001
2339,0.0001051049
2340,0.0001269940
2341,0.0001488734
2342,0.0001692505
2343,0.0001867357
2344,0.0002001370
2345,0.0002085412
2346,0.0002113761
2347,0.0002084490
2348,0.0001999599
2349,0.0001864880
2350,0.0001689512
2351,0.0001485444
2352,0.0001036287
2353,0.0000857290
2354,0.0000690552
2355,0.0000547413
2356,0.0000437599
2357,0.0000368561
2358,0.0000344970
2359,0.0000368398
2360,0.0000437211
2361,0.0000546686
2362,0.0000689329
2363,0.0000855392
2364,0.0001033535
2365,0.0001211599
2366,0.0001377436
2367,0.0001519736
2368,0.0001628801
2369,0.0001697197
2370,0.0001720267
2371,0.0001696444
2372,0.0001627355
2373,0.0001517714
2374,0.0001374992
2375,0.0001208912
2376,0.0001030786
2377,0.0000852738
2378,0.0000686885
2379,0.0000544506
2380,0.0000435274
2381,0.0000366603
2382,0.0000343137
2383,0.0000366440
2384,0.0000434887
2385,0.0000543780
2386,0.0000685665
2387,0.0000850845
2388,0.0001028040
2389,0.0001205156
2390,0.0001370110
2391,0.0001511653
2392,0.0001620136
2393,0.0001688167
2394,0.0001711114
2395,0.0001687416
2396,0.0001618694
2397,0.0001509635
2398,0.0001367672
2399,0.0001202476
2400,0.0001025297
2401,0.0000848197
2402,0.0000683227
2403,0.0000541605
2404,0.0000432956
2405,0.0000364650
2406,0.0000341309
2407,0.0000364487
2408,0.0000432570
2409,0.0000540881
2410,0.0000682010
2411,0.0000846309
2412,0.0001022558
2413,0.0001198729
2414,0.0001362803
2415,0.0001503590
2416,0.0001611494
2417,0.0001679161
2418,0.0001701984
2419,0.0001678411
2420,0.0001610056
2421,0.0001501578
2422,0.0001360371
2423,0.0001196056
2424,0.0001019823
2425,0.0000843668
2426,0.0000679578
2427,0.0000538713
2428,0.0000430643
2429,0.0000362702
2430,0.0000339486
2431,0.0000362540
2432,0.0000430258
2433,0.0000537991
2434,0.0000678364
2435,0.0000841785
2436,0.0001017092
2437,0.0001192320
2438,0.0001355516
2439,0.0001495550
2440,0.0001602875
2441,0.0001670180
2442,0.0001692879
2443,0.0001669432
2444,0.0001601441
2445,0.0001493543
2446,0.0001353092
2447,0.0001189656
2448,0.0001014365
2449,0.0000839152
2450,0.0000675940
2451,0.0000535829
2452,0.0000428337
2453,0.0000360760
2454,0.0000337668
2455,0.0000360598
2456,0.0000427954
2457,0.0000535109
2458,0.0000674730
2459,0.0000837275
2460,0.0001011642
2461,0.0001185931
2462,0.0001348251
2463,0.0001487534
2464,0.0001594284
2465,0.0001661227
2466,0.0001683804
2467,0.0001660482
2468,0.0001592855
2469,0.0001485534
2470,0.0001345835
2471,0.0001183275
2472,0.0001233129
2473,0.0001020129
2474,0.0000821717
2475,0.0000651388
2476,0.0000520714
2477,0.0000438563
2478,0.0000410490
2479,0.0000438366
2480,0.0000520247
2481,0.0000650511
2482,0.0000820243
2483,0.0001017842
2484,0.0001229813
2485,0.0001441689
2486,0.0001639014
2487,0.0001808334
2488,0.0001938104
2489,0.0002019483
2490,0.0002046928
2491,0.0002018576
2492,0.0001936364
2493,0.0001805898
2494,0.0001636072
2495,0.0001438454
2496,0.0001226503
2497,0.0001014647
2498,0.0000817301
2499,0.0000647887
2500,0.0000517915
2501,0.0000436205
2502,0.0000408283
2503,0.0000436009
2504,0.0000517450
2505,0.0000647014
2506,0.0000815833
2507,0.0001012368
2508,0.0001223199
2509,0.0001433935
2510,0.0001630199
2511,0.0001798607
2512,0.0001927678
2513,0.0002008619
2514,0.0002035916
2515,0.0002007715
2516,0.0001925945
2517,0.0001796181
2518,0.0001627268
2519,0.0001430713
2520,0.0000998101
2521,0.0000825697
2522,0.0000665102
2523,0.0000527236
2524,0.0000421468
2525,0.0000354974
2526,0.0000332252
2527,0.0000354814
2528,0.0000421088
2529,0.0000526524
2530,0.0000663905
2531,0.0000823841
2532,0.0000995409
2533,0.0001166900
2534,0.0001326615
2535,0.0001463661
2536,0.0001568696
2537,0.0001634562
2538,0.0001656776
2539,0.0001633826
2540,0.0001567283
2541,0.0001461684
2542,0.0001324227
2543,0.0001164276
2544,0.0000992723
2545,0.0000821248
2546,0.0000661517
2547,0.0000524394
2548,0.0000419196
2549,0.0000353061
2550,0.0000330461
2551,0.0000352902
2552,0.0000418819
2553,0.0000523686
2554,0.0000660326
2555,0.0000819399
2556,0.0000990043
2557,0.0001160609
2558,0.0001319462
2559,0.0001455769
2560,0.0001560237
2561,0.0001625748
2562,0.0001647841
2563,0.0001625015
2564,0.0001558831
2565,0.0001453801
2566,0.0001317085
2567,0.0001157996
2568,0.0000987368
2569,0.0000816818
2570,0.0000657949
2571,0.0000521566
2572,0.0000416935
2573,0.0000351156
2574,0.0000328678
2575,0.0000350998
2576,0.0000416559
2577,0.0000520861
2578,0.0000656763
2579,0.0000814978
2580,0.0000984701
2581,0.0001154347
2582,0.0001312342
2583,0.0001447913
2584,0.0001551818
2585,0.0001616975
2586,0.0001638949
2587,0.0001616246
2588,0.0001550418
2589,0.0001445955
2590,0.0001309977
2591,0.0001151746
2592,0.0000982040
2593,0.0000812409
2594,0.0000654398
2595,0.0000518751
2596,0.0000414684
2597,0.0000349261
2598,0.0000326904
2599,0.0000349103
2600,0.0000414311
2601,0.0000518049
2602,0.0000653218
2603,0.0000810579
2604,0.0000979385
2605,0.0001148115
2606,0.0001305258
2607,0.0001440097
2608,0.0001543440
2609,0.0001608246
2610,0.0001630101
2611,0.0001607521
2612,0.0001542048
2613,0.0001438149
2614,0.0001302905
2615,0.0001145528
2616,0.0000976738
2617,0.0000808023
2618,0.0000650865
2619,0.0000515950
2620,0.0000412446
2621,0.0000347375
2622,0.0000325139
2623,0.0000347218
2624,0.0000412074
2625,0.0000515252
2626,0.0000649691
2627,0.0000806203
2628,0.0000974098
2629,0.0001141917
2630,0.0001298211
2631,0.0001432322
2632,0.0001535107
2633,0.0001599563
2634,0.0001621300
2635,0.0001598842
2636,0.0001533723
2637,0.0001430385
2638,0.0001295871
2639,0.0001139344
2640,0.0001187346
2641,0.0000982252
2642,0.0000791207
2643,0.0000627201
2644,0.0000501379
2645,0.0000422277
2646,0.0000395247
2647,0.0000422087
2648,0.0000500927
2649,0.0000626353
2650,0.0000789781
2651,0.0000980040
2652,0.0001184137
2653,0.0001388142
2654,0.0001578138
2655,0.0001741167
2656,0.0001866115
2657,0.0001944470
2658,0.0001970894
2659,0.0001943593
2660,0.0001864433
2661,0.0001738813
2662,0.0001575294
2663,0.0001385016
2664,0.0001180938
2665,0.0000976952
2666,0.0000786937
2667,0.0000623816
2668,0.0000498673
2669,0.0000419999
2670,0.0000393114
2671,0.0000419809
2672,0.0000498224
2673,0.0000622974
2674,0.0000785520
2675,0.0000974752
2676,0.0001177748
2677,0.0001380653
2678,0.0001569624
2679,0.0001731773
2680,0.0001856048
2681,0.0001933980
2682,0.0001960262
2683,0.0001933109
2684,0.0001854377
2685,0.0001729434
2686,0.0001566798
2687,0.0001377546
2688,0.0000961011
2689,0.0000795013
2690,0.0000640385
2691,0.0000507643
2692,0.0000405805
2693,0.0000341782
2694,0.0000319904
2695,0.0000341628
2696,0.0000405440
2697,0.0000506958
2698,0.0000639233
2699,0.0000793225
2700,0.0000958418
2701,0.0001123536
2702,0.0001277315
2703,0.0001409269
2704,0.0001510400
2705,0.0001573820
2706,0.0001595208
2707,0.0001573111
2708,0.0001509041
2709,0.0001407367
2710,0.0001275018
2711,0.0001121011
2712,0.0000955833
2713,0.0000790730
2714,0.0000636936
2715,0.0000504908
2716,0.0000403619
2717,0.0000339941
2718,0.0000318181
2719,0.0000339789
2720,0.0000403257
2721,0.0000504228
2722,0.0000635791
2723,0.0000788954
2724,0.0000953258
2725,0.0001117487
2726,0.0001270439
2727,0.0001401682
2728,0.0001502270
2729,0.0001565348
2730,0.0001586622
2731,0.0001564645
2732,0.0001500920
2733,0.0001399794
2734,0.0001268157
2735,0.0001114979
2736,0.0000950691
2737,0.0000786476
2738,0.0000633509
2739,0.0000502192
2740,0.0000401448
2741,0.0000338113
2742,0.0000316470
2743,0.0000337961
2744,0.0000401088
2745,0.0000501516
2746,0.0000632372
2747,0.0000784712
2748,0.0000948133
2749,0.0001111480
2750,0.0001263610
2751,0.0001394148
2752,0.0001494196
2753,0.0001556936
2754,0.0001578096
2755,0.0001556238
2756,0.0001492856
2757,0.0001392273
2758,0.0001261345
2759,0.0001108990
2760,0.0000945584
2761,0.0000782252
2762,0.0000630107
2763,0.0000499496
2764,0.0000399293
2765,0.0000336298
2766,0.0000314771
2767,0.0000336147
2768,0.0000398935
2769,0.0000498825
2770,0.0000628979
2771,0.0000780501
2772,0.0000943045
2773,0.0001105517
2774,0.0001256831
2775,0.0001386670
2776,0.0001486181
2777,0.0001548586
2778,0.0001569633
2779,0.0001547893
2780,0.0001484852
2781,0.0001384809
2782,0.0001254583
2783,0.0001103045
2784,0.0000940516
2785,0.0000778060
2786,0.0000626730
2787,0.0000496819
2788,0.0000397153
2789,0.0000334496
2790,0.0000313085
2791,0.0000334347
2792,0.0000396799
2793,0.0000496153
2794,0.0000625611
2795,0.0000776322
2796,0.0000937997
2797,0.0001099599
2798,0.0001250104
2799,0.0001379248
2800,0.0001478228
2801,0.0001540299
2802,0.0001561234
2803,0.0001539612
2804,0.0001476909
2805,0.0001377402
2806,0.0001247873
2807,0.0001097147
2808,0.0001143373
2809,0.0000945878
2810,0.0000761909
2811,0.0000603978
2812,0.0000482815
2813,0.0000406644
2814,0.0000380615
2815,0.0000406462
2816,0.0000482385
2817,0.0000603170
2818,0.0000760551
2819,0.0000943771
2820,0.0001140319
2821,0.0001336778
2822,0.0001519748
2823,0.0001676749
2824,0.0001797080
2825,0.0001872541
2826,0.0001897994
2827,0.0001871708
2828,0.0001795481
2829,0.0001674512
2830,0.0001517044
2831,0.0001333806
2832,0.0001137277
2833,0.0000940835
2834,0.0000757847
2835,0.0000600759
2836,0.0000480242
2837,0.0000404477
2838,0.0000378587
2839,0.0000404297
2840,0.0000479816
2841,0.0000599958
2842,0.0000756501
2843,0.0000938747
2844,0.0001134248
2845,0.0001329663
2846,0.0001511659
2847,0.0001667827
2848,0.0001787519
2849,0.0001862579
2850,0.0001887898
2851,0.0001861753
2852,0.0001785933
2853,0.0001665608
2854,0.0001508979
2855,0.0001326716
2856,0.0000925554
2857,0.0000765683
2858,0.0000616762
2859,0.0000488918
2860,0.0000390838
2861,0.0000329178
2862,0.0000308108
2863,0.0000329032
2864,0.0000390492
2865,0.0000488269
2866,0.0000615671
2867,0.0000763990
2868,0.0000923097
2869,0.0001082135
2870,0.0001230252
2871,0.0001357349
2872,0.0001454760
2873,0.0001515849
2874,0.0001536456
2875,0.0001515179
2876,0.0001453475
2877,0.0001355550
2878,0.0001228079
2879,0.0001079745
2880,0.0000920652
2881,0.0000761629
2882,0.0000613497
2883,0.0000486330
2884,0.0000388770
2885,0.0000327436
2886,0.0000306478
2887,0.0000327292
2888,0.0000388427
2889,0.0000485687
2890,0.0000612415
2891,0.0000759951
2892,0.0000918218
2893,0.0001076416
2894,0.0001223752
2895,0.0001350178
2896,0.0001447076
2897,0.0001507844
2898,0.0001528343
2899,0.0001507180
2900,0.0001445802
2901,0.0001348396
2902,0.0001221598
2903,0.0001074049
2904,0.0000915796
2905,0.0000757612
2906,0.0000610262
2907,0.0000483766
2908,0.0000386721
2909,0.0000325710
2910,0.0000304863
2911,0.0000325567
2912,0.0000386381
2913,0.0000483129
2914,0.0000609191
2915,0.0000755950
2916,0.0000913385
2917,0.0001070751
2918,0.0001217313
2919,0.0001343075
2920,0.0001439465
2921,0.0001499914
2922,0.0001520307
2923,0.0001499257
2924,0.0001438204
2925,0.0001341310
2926,0.0001215180
2927,0.0001068407
2928,0.0000910986
2929,0.0000753634
2930,0.0000607058
2931,0.0000481227
2932,0.0000384691
2933,0.0000324002
2934,0.0000303264
2935,0.0000323860
2936,0.0000384355
2937,0.0000480596
2938,0.0000605998
2939,0.0000751988
2940,0.0000908599
2941,0.0001065142
2942,0.0001210937
2943,0.0001336042
2944,0.0001431929
2945,0.0001492064
2946,0.0001512351
2947,0.0001491413
2948,0.0001430680
2949,0.0001334295
2950,0.0001208826
2951,0.0001062822
2952,0.0000906225
2953,0.0000749696
2954,0.0000603887
2955,0.0000478714
2956,0.0000382682
2957,0.0000322310
2958,0.0000301681
2959,0.0000322170
2960,0.0000382350
2961,0.0000478089
2962,0.0000602837
2963,0.0000748067
2964,0.0000903863
2965,0.0001059591
2966,0.0001204627
2967,0.0001329082
2968,0.0001424471
2969,0.0001484294
2970,0.0001504477
2971,0.0001483650
2972,0.0001423235
2973,0.0001327353
2974,0.0001202538
2975,0.0001057295
2976,0.0001101849
2977,0.0000911532
2978,0.0000734248
2979,0.0000582054
2980,0.0000465293
2981,0.0000391888
2982,0.0000366806
2983,0.0000391719
2984,0.0000464891
2985,0.0000581300
2986,0.0000732979
2987,0.0000909563
2988,0.0001098993
2989,0.0001288342
2990,0.0001464692
2991,0.0001616017
2992,0.0001732001
2993,0.0001804742
2994,0.0001829285
2995,0.0001803964
2996,0.0001730508
2997,0.0001613927
2998,0.0001462167
2999,0.0001285567
3000,0.0001096153
3001,0.0000906821
3002,0.0000730454
3003,0.0000579047
3004,0.0000462890
3005,0.0000389865
3006,0.0000364913
3007,0.0000389697
3008,0.0000462492
3009,0.0000578301
3010,0.0000729199
3011,0.0000904873
3012,0.0001093329
3013,0.0001281703
3014,0.0001457146
3015,0.0001607693
3016,0.0001723083
3017,0.0001795451
3018,0.0001819871
3019,0.0001794682
3020,0.0001721606
3021,0.0001605627
3022,0.0001454650
3023,0.0001278959
3024,0.0000892244
3025,0.0000738133
3026,0.0000594575
3027,0.0000471334
3028,0.0000376784
3029,0.0000317344
3030,0.0000297033
3031,0.0000317208
3032,0.0000376462
3033,0.0000470730
3034,0.0000593560
3035,0.0000736558
3036,0.0000889960
3037,0.0001043296
3038,0.0001186107
3039,0.0001308654
3040,0.0001402582
3041,0.0001461492
3042,0.0001481372
3043,0.0001460870
3044,0.0001401389
3045,0.0001306984
3046,0.0001184089
3047,0.0001041078
3048,0.0000887689
3049,0.0000734366
3050,0.0000591542
3051,0.0000468930
3052,0.0000374863
3053,0.0000315726
3054,0.0000295520
3055,0.0000315592
3056,0.0000374545
3057,0.0000468333
3058,0.0000590539
3059,0.0000732810
3060,0.0000885433
3061,0.0001037991
3062,0.0001180077
3063,0.0001302003
3064,0.0001395456
3065,0.0001454068
3066,0.0001473849
3067,0.0001453454
3068,0.0001394277
3069,0.0001300353
3070,0.0001178084
3071,0.0001035799
3072,0.0000883190
3073,0.0000730645
3074,0.0000588545
3075,0.0000466555
3076,0.0000372965
3077,0.0000314128
3078,0.0000294025
3079,0.0000313996
3080,0.0000372651
3081,0.0000465966
3082,0.0000587554
3083,0.0000729108
3084,0.0000880961
3085,0.0001032751
3086,0.0001174122
3087,0.0001295434
3088,0.0001388418
3089,0.0001446737
3090,0.0001466420
3091,0.0001446130
3092,0.0001387253
3093,0.0001293805
3094,0.0001172153
3095,0.0001030587
3096,0.0000878747
3097,0.0000726970
3098,0.0000585586
3099,0.0000464210
3100,0.0000371091
3101,0.0000312550
3102,0.0000292548
3103,0.0000312420
3104,0.0000370782
3105,0.0000463629
3106,0.0000584608
3107,0.0000725453
3108,0.0000876547
3109,0.0001027577
3110,0.0001168242
3111,0.0001288949
3112,0.0001381470
3113,0.0001439500
3114,0.0001459087
3115,0.0001438901
3116,0.0001380321
3117,0.0001287341
3118,0.0001166300
3119,0.0001025442
3120,0.0000874361
3121,0.0000723344
3122,0.0000582666
3123,0.0000461896
3124,0.0000369242
3125,0.0000310993
3126,0.0000291091
3127,0.0000310864
3128,0.0000368936
3129,0.0000461322
3130,0.0000581701
3131,0.0000721847
3132,0.0000872191
3133,0.0001022473
3134,0.0001162441
3135,0.0001282551
3136,0.0001374614
3137,0.0001432359
3138,0.0001451852
3139,0.0001431768
3140,0.0001373481
3141,0.0001280965
3142,0.0001160525
3143,0.0001020366
3144,0.0001063376
3145,0.0000879714
3146,0.0000708626
3147,0.0000561749
3148,0.0000449066
3149,0.0000378226
3150,0.0000354022
3151,0.0000378070
3152,0.0000448698
3153,0.0000561058
3154,0.0000707463
3155,0.0000877910
3156,0.0001060760
3157,0.0001243535
3158,0.0001413768
3159,0.0001559849
3160,0.0001671821
3161,0.0001742054
3162,0.0001765765
3163,0.0001741342
3164,0.0001670455
3165,0.0001557938
3166,0.0001411459
3167,0.0001240997
3168,0.0001058162
3169,0.0000875402
3170,0.0000705154
3171,0.0000558998
3172,0.0000446868
3173,0.0000376375
3174,0.0000352290
3175,0.0000376222
3176,0.0000446505
3177,0.0000558317
3178,0.0000704008
3179,0.0000873624
3180,0.0001055583
3181,0.0001237469
3182,0.0001406874
3183,0.0001552246
3184,0.0001663676
3185,0.0001733570
3186,0.0001757169
3187,0.0001732868
3188,0.0001662330
3189,0.0001550363
3190,0.0001404599
3191,0.0001234968
3192,0.0000861565
3193,0.0000712761
3194,0.0000574145
3195,0.0000455144
3196,0.0000363847
3197,0.0000306451
3198,0.0000286841
3199,0.0000306327
3200,0.0000363554
3201,0.0000454594
3202,0.0000573221
3203,0.0000711328
3204,0.0000859486
3205,0.0001007585
3206,0.0001145522
3207,0.0001263891
3208,0.0001354623
3209,0.0001411536
3210,0.0001430755
3211,0.0001410971
3212,0.0001353539
3213,0.0001262373
3214,0.0001143688
3215,0.0001005569
3216,0.0000857423
3217,0.0000709337
3218,0.0000571387
3219,0.0000452959
3220,0.0000362101
3221,0.0000304981
3222,0.0000285466
3223,0.0000304859
3224,0.0000361812
3225,0.0000452418
3226,0.0000570478
3227,0.0000707925
3228,0.0000855376
3229,0.0001002769
3230,0.0001140049
3231,0.0001257856
3232,0.0001348158
3233,0.0001404802
3234,0.0001423932
3235,0.0001404246
3236,0.0001347090
3237,0.0001256362
3238,0.0001138244
3239,0.0001000785
3240,0.0000853346
3241,0.0000705965
3242,0.0000568673
3243,0.0000450808
3244,0.0000360382
3245,0.0000303534
3246,0.0000284112
3247,0.0000303414
3248,0.0000360098
3249,0.0000450275
3250,0.0000567777
3251,0.0000704576
3252,0.0000851331
3253,0.0000998029
3254,0.0001134663
3255,0.0001251916
3256,0.0001341795
3257,0.0001398175
3258,0.0001417217
3259,0.0001397628
3260,0.0001340744
3261,0.0001250446
3262,0.0001132887
3263,0.0000996077
3264,0.0000849334
3265,0.0000702647
3266,0.0000566002
3267,0.0000448691
3268,0.0000358691
3269,0.0000302110
3270,0.0000282780
3271,0.0000301993
3272,0.0000358412
3273,0.0000448168
3274,0.0000565121
3275,0.0000701281
3276,0.0000847352
3277,0.0000993367
3278,0.0001129365
3279,0.0001246073
3280,0.0001335536
3281,0.0001391656
3282,0.0001410613
3283,0.0001391118
3284,0.0001334503
3285,0.0001244628
3286,0.0001127619
3287,0.0000991447
3288,0.0000845388
3289,0.0000699385
3290,0.0000563375
3291,0.0000446610
3292,0.0000357028
3293,0.0000300710
3294,0.0000281471
3295,0.0000300595
3296,0.0000356753
3297,0.0000446095
3298,0.0000562509
3299,0.0000698042
3300,0.0000843440
3301,0.0000988783
3302,0.0001124156
3303,0.0001240329
3304,0.0001329383
3305,0.0001385248
3306,0.0001404122
3307,0.0001384719
3308,0.0001328368
3309,0.0001238909
3310,0.0001122440
3311,0.0000986897
3312,0.0001028512
3313,0.0000850884
3314,0.0000685414
3315,0.0000543357
3316,0.0000434370
3317,0.0000365853
3318,0.0000342447
3319,0.0000365715
3320,0.0000434040
3321,0.0000542739
3322,0.0000684374
3323,0.0000849272
3324,0.0001026173
3325,0.0001203008
3326,0.0001367714
3327,0.0001509061
3328,0.0001617413
3329,0.0001685387
3330,0.0001708354
3331,0.0001684752
3332,0.0001616194
3333,0.0001507356
3334,0.0001365655
3335,0.0001200744
3336,0.0001023856
3337,0.0000847035
3338,0.0000682315
3339,0.0000540901
3340,0.0000432408
3341,0.0000364202
3342,0.0000340902
3343,0.0000364066
3344,0.0000432085
3345,0.0000540294
3346,0.0000681294
3347,0.0000845452
3348,0.0001021560
3349,0.0001197603
3350,0.0001361573
3351,0.0001502289
3352,0.0001610159
3353,0.0001677832
3354,0.0001700700
3355,0.0001677209
3356,0.0001608963
3357,0.0001500615
3358,0.0001359551
3359,0.0001195381
3360,0.0000833961
3361,0.0000689937
3362,0.0000555768
3363,0.0000440584
3364,0.0000352213
3365,0.0000296657
3366,0.0000277679
3367,0.0000296548
3368,0.0000351953
3369,0.0000440096
3370,0.0000554949
3371,0.0000688666
3372,0.0000832118
3373,0.0000975517
3374,0.0001109083
3375,0.0001223708
3376,0.0001311579
3377,0.0001366707
3378,0.0001385338
3379,0.0001366207
3380,0.0001310619
3381,0.0001222365
3382,0.0001107461
3383,0.0000973734
3384,0.0000830293
3385,0.0000686904
3386,0.0000553327
3387,0.0000438649
3388,0.0000350668
3389,0.0000295356
3390,0.0000276462
3391,0.0000295249
3392,0.0000350413
3393,0.0000438172
3394,0.0000552524
3395,0.0000685658
3396,0.0000828485
3397,0.0000971262
3398,0.0001104248
3399,0.0001218377
3400,0.0001305868
3401,0.0001360760
3402,0.0001379314
3403,0.0001360270
3404,0.0001304927
3405,0.0001217060
3406,0.0001102658
3407,0.0000969514
3408,0.0000826696
3409,0.0000683931
3410,0.0000550933
3411,0.0000436753
3412,0.0000349153
3413,0.0000294081
3414,0.0000275270
3415,0.0000293976
3416,0.0000348903
3417,0.0000436285
3418,0.0000550146
3419,0.0000682710
3420,0.0000824926
3421,0.0000967091
3422,0.0001099510
3423,0.0001213152
3424,0.0001300272
3425,0.0001354933
3426,0.0001373412
3427,0.0001354453
3428,0.0001299351
3429,0.0001211863
3430,0.0001097952
3431,0.0000965379
3432,0.0000823173
3433,0.0000681018
3434,0.0000548589
3435,0.0000434896
3436,0.0000347669
3437,0.0000292832
3438,0.0000274101
3439,0.0000292729
3440,0.0000347425
3441,0.0000434437
3442,0.0000547818
3443,0.0000679822
3444,0.0000821440
3445,0.0000963007
3446,0.0001094870
3447,0.0001208036
3448,0.0001294793
3449,0.0001349227
3450,0.0001367633
3451,0.0001348757
3452,0.0001293891
3453,0.0001206775
3454,0.0001093345
3455,0.0000961331
3456,0.0000819724
3457,0.0000678167
3458,0.0000546294
3459,0.0000433078
3460,0.0000346216
3461,0.0000291610
3462,0.0000272958
3463,0.0000291509
3464,0.0000345977
3465,0.0000432629
3466,0.0000545540
3467,0.0000676997
3468,0.0000818028
3469,0.0000959011
3470,0.0001090330
3471,0.0001203031
3472,0.0001289432
3473,0.0001343645
3474,0.0001361978
3475,0.0001343185
3476,0.0001288550
3477,0.0001201797
3478,0.0001088839
3479,0.0000957372
3480,0.0000997762
3481,0.0000825462
3482,0.0000664948
3483,0.0000527143
3484,0.0000421417
3485,0.0000354951
3486,0.0000332249
3487,0.0000354831
3488,0.0000421132
3489,0.0000526608
3490,0.0000664048
3491,0.0000824064
3492,0.0000995735
3493,0.0001167349
3494,0.0001327200
3495,0.0001464389
3496,0.0001569566
3497,0.0001635562
3498,0.0001657884
3499,0.0001635014
3500,0.0001568512
3501,0.0001462915
3502,0.0001325419
3503,0.0001165391
3504,0.0000993732
3505,0.0000822130
3506,0.0000662267
3507,0.0000525019
3508,0.0000419720
3509,0.0000353523
3510,0.0000330913
3511,0.0000353405
3512,0.0000419442
3513,0.0000524496
3514,0.0000661387
3515,0.0000820765
3516,0.0000991752
3517,0.0001162683
3518,0.0001321899
3519,0.0001458546
3520,0.0001563308
3521,0.0001629047
3522,0.0001651285
3523,0.0001628511
3524,0.0001562279
3525,0.0001457107
3526,0.0001320161
3527,0.0001160771
3528,0.0000809833
3529,0.0000669990
3530,0.0000539712
3531,0.0000427864
3532,0.0000342052
3533,0.0000288105
3534,0.0000269680
3535,0.0000288011
3536,0.0000341829
3537,0.0000427446
3538,0.0000539010
3539,0.0000668900
3540,0.0000808252
3541,0.0000947560
3542,0.0001077321
3543,0.0001188689
3544,0.0001274073
3545,0.0001327653
3546,0.0001345782
3547,0.0001327226
3548,0.0001273252
3549,0.0001187540
3550,0.0001075933
3551,0.0000946034
3552,0.0000806691
3553,0.0000667393
3554,0.0000537622
3555,0.0000426209
3556,0.0000340730
3557,0.0000286992
3558,0.0000268639
3559,0.0000286901
3560,0.0000340513
3561,0.0000425801
3562,0.0000536937
3563,0.0000666330
3564,0.0000805150
3565,0.0000943925
3566,0.0001073193
3567,0.0001184138
3568,0.0001269200
3569,0.0001322580
3570,0.0001340644
3571,0.0001322163
3572,0.0001268400
3573,0.0001183019
3574,0.0001071840
3575,0.0000942439
3576,0.0000803628
3577,0.0000664861
3578,0.0000535584
3579,0.0000424595
3580,0.0000339441
3581,0.0000285908
3582,0.0000267625
3583,0.0000285819
3584,0.0000339229
3585,0.0000424198
3586,0.0000534917
3587,0.0000663826
3588,0.0000802127
3589,0.0000940385
3590,0.0001069171
3591,0.0001179705
3592,0.0001264452
3593,0.0001317638
3594,0.0001335639
3595,0.0001317232
3596,0.0001263673
3597,0.0001178615
3598,0.0001067854
3599,0.0000938937
3600,0.0000800645
3601,0.0000662396
3602,0.0000533600
3603,0.0000423023
3604,0.0000338186
3605,0.0000284852
3606,0.0000266637
3607,0.0000284765
3608,0.0000337980
3609,0.0000422637
3610,0.0000532951
3611,0.0000661388
3612,0.0000799184
3613,0.0000936938
3614,0.0001065257
3615,0.0001175390
3616,0.0001259832
3617,0.0001312828
3618,0.0001330768
3619,0.0001312433
3620,0.0001259074
3621,0.0001174330
3622,0.0001063976
3623,0.0000935530
3624,0.0000797743
3625,0.0000659997
3626,0.0000531670
3627,0.0000421495
3628,0.0000336965
3629,0.0000283824
3630,0.0000265677
3631,0.0000283740
3632,0.0000336765
3633,0.0000421119
3634,0.0000531039
3635,0.0000659018
3636,0.0000796323
3637,0.0000933587
3638,0.0001061451
3639,0.0001171195
3640,0.0001255340
3641,0.0001308152
3642,0.0001326034
3643,0.0001307769
3644,0.0001254604
3645,0.0001170165
3646,0.0001060206
3647,0.0000932220
3648,0.0000971572
3649,0.0000803814
3650,0.0000647526
3651,0.0000513345
3652,0.0000410396
3653,0.0000345677
3654,0.0000323575
3655,0.0000345577
3656,0.0000410159
3657,0.0000512899
3658,0.0000646777
3659,0.0000802652
3660,0.0000969887
3661,0.0001137073
3662,0.0001292811
3663,0.0001426481
3664,0.0001528974
3665,0.0001593303
3666,0.0001615089
3667,0.0001592848
3668,0.0001528101
3669,0.0001425260
3670,0.0001291335
3671,0.0001135451
3672,0.0000968226
3673,0.0000801049
3674,0.0000645301
3675,0.0000511583
3676,0.0000408989
3677,0.0000344493
3678,0.0000322469
3679,0.0000344396
3680,0.0000408759
3681,0.0000511151
3682,0.0000644575
3683,0.0000799922
3684,0.0000966591
3685,0.0001133215
3686,0.0001288429
3687,0.0001421652
3688,0.0001523803
3689,0.0001587921
3690,0.0001609639
3691,0.0001587480
3692,0.0001522957
3693,0.0001420468
3694,0.0001286998
3695,0.0001131642
3696,0.0000789531
3697,0.0000653210
3698,0.0000526209
3699,0.0000417170
3700,0.0000333511
3701,0.0000280919
3702,0.0000262960
3703,0.0000280842
3704,0.0000333329
3705,0.0000416828
3706,0.0000525633
3707,0.0000652317
3708,0.0000788235
3709,0.0000924117
3710,0.0001050695
3711,0.0001159341
3712,0.0001242649
3713,0.0001294943
3714,0.0001312659
3715,0.0001294593
3716,0.0001241979
3717,0.0001158403
3718,0.0001049562
3719,0.0000922871
3720,0.0000786961
3721,0.0000651087
3722,0.0000524500
3723,0.0000415817
3724,0.0000332431
3725,0.0000280010
3726,0.0000262110
3727,0.0000279936
3728,0.0000332255
3729,0.0000415486
3730,0.0000523943
3731,0.0000650223
3732,0.0000785707
3733,0.0000921157
3734,0.0001047334
3735,0.0001155637
3736,0.0001238684
3737,0.0001290816
3738,0.0001308481
3739,0.0001290479
3740,0.0001238037
3741,0.0001154731
3742,0.0001046239
3743,0.0000919953
3744,0.0000784476
3745,0.0000649033
3746,0.0000522848
3747,0.0000414509
3748,0.0000331387
3749,0.0000279132
3750,0.0000261289
3751,0.0000279060
3752,0.0000331216
3753,0.0000414189
3754,0.0000522310
3755,0.0000648199
3756,0.0000783265
3757,0.0000918297
3758,0.0001044087
3759,0.0001152059
3760,0.0001234854
3761,0.0001286830
3762,0.0001304446
3763,0.0001286505
3764,0.0001234229
3765,0.0001151185
3766,0.0001043030
3767,0.0000917135
3768,0.0000782076
3769,0.0000647051
3770,0.0000521253
3771,0.0000413247
3772,0.0000330379
3773,0.0000278284
3774,0.0000260497
3775,0.0000278214
3776,0.0000330214
3777,0.0000412938
3778,0.0000520734
3779,0.0000646246
3780,0.0000780909
3781,0.0000915538
3782,0.0001040955
3783,0.0001148608
3784,0.0001231160
3785,0.0001282986
3786,0.0001300555
3787,0.0001282672
3788,0.0001230558
3789,0.0001147765
3790,0.0001039937
3791,0.0000914419
3792,0.0000779763
3793,0.0000645140
3794,0.0000519716
3795,0.0000412030
3796,0.0000329407
3797,0.0000277466
3798,0.0000259733
3799,0.0000277400
3800,0.0000329249
3801,0.0000411733
3802,0.0000519217
3803,0.0000644365
3804,0.0000778639
3805,0.0000912881
3806,0.0001037938
3807,0.0001145285
3808,0.0001227603
3809,0.0001279285
3810,0.0001296809
3811,0.0001278983
3812,0.0001227024
3813,0.0001144474
3814,0.0001036959
3815,0.0000911805
3816,0.0000950323
3817,0.0000786257
3818,0.0000633401
3819,0.0000502161
3820,0.0000401466
3821,0.0000338165
3822,0.0000316553
3823,0.0000338087
3824,0.0000401280
3825,0.0000501812
3826,0.0000632814
3827,0.0000785346
3828,0.0000949003
3829,0.0001112622
3830,0.0001265047
3831,0.0001395887
3832,0.0001496225
3833,0.0001559222
3834,0.0001580588
3835,0.0001558868
3836,0.0001495545
3837,0.0001394936
3838,0.0001263898
3839,0.0001111358
3840,0.0000947709
3841,0.0000784098
3842,0.0000631664
3843,0.0000500786
3844,0.0000400369
3845,0.0000337242
3846,0.0000315691
3847,0.0000337167
3848,0.0000400191
3849,0.0000500452
3850,0.0000631102
3851,0.0000783225
3852,0.0000946443
3853,0.0001109626
3854,0.0001261646
3855,0.0001392141
3856,0.0001492216
3857,0.0001555052
3858,0.0001576367
3859,0.0001554712
3860,0.0001491565
3861,0.0001391230
3862,0.0001260545
3863,0.0001108415
3864,0.0000773349
3865,0.0000639841
3866,0.0000515455
3867,0.0000408657
3868,0.0000326715
3869,0.0000275202
3870,0.0000257617
3871,0.0000275143
3872,0.0000326575
3873,0.0000408394
3874,0.0000515014
3875,0.0000639158
3876,0.0000772357
3877,0.0000905529
3878,0.0001029592
3879,0.0001136090
3880,0.0001217764
3881,0.0001269049
3882,0.0001286449
3883,0.0001268783
3884,0.0001217255
3885,0.0001135377
3886,0.0001028730
3887,0.0000904581
3888,0.0000771388
3889,0.0000638222
3890,0.0000514152
3891,0.0000407626
3892,0.0000325892
3893,0.0000274511
3894,0.0000256971
3895,0.0000274455
3896,0.0000325759
3897,0.0000407376
3898,0.0000513731
3899,0.0000637569
3900,0.0000770441
3901,0.0000903286
3902,0.0001027047
3903,0.0001133287
3904,0.0001214765
3905,0.0001265929
3906,0.0001283293
3907,0.0001265676
3908,0.0001214279
3909,0.0001132607
3910,0.0001026225
3911,0.0000902383
3912,0.0000769516
3913,0.0000636677
3914,0.0000512910
3915,0.0000406643
3916,0.0000325108
3917,0.0000273851
3918,0.0000256354
3919,0.0000273798
3920,0.0000324981
3921,0.0000406404
3922,0.0000512509
3923,0.0000636055
3924,0.0000768615
3925,0.0000901149
3926,0.0001024622
3927,0.0001130616
3928,0.0001211908
3929,0.0001262957
3930,0.0001280287
3931,0.0001262716
3932,0.0001211446
3933,0.0001129969
3934,0.0001023840
3935,0.0000900290
3936,0.0000767735
3937,0.0000635206
3938,0.0000511727
3939,0.0000405707
3940,0.0000324361
3941,0.0000273224
3942,0.0000255768
3943,0.0000273173
3944,0.0000324241
3945,0.0000405481
3946,0.0000511346
3947,0.0000634615
3948,0.0000766879
3949,0.0000899118
3950,0.0001022317
3951,0.0001128079
3952,0.0001209194
3953,0.0001260135
3954,0.0001277431
3955,0.0001259906
3956,0.0001208755
3957,0.0001127465
3958,0.0001021576
3959,0.0000898303
3960,0.0000766045
3961,0.0000633810
3962,0.0000510605
3963,0.0000404819
3964,0.0000323653
3965,0.0000272628
3966,0.0000255212
3967,0.0000272580
3968,0.0000323539
3969,0.0000404605
3970,0.0000510245
3971,0.0000633251
3972,0.0000765233
3973,0.0000897193
3974,0.0001020134
3975,0.0001125675
3976,0.0001206623
3977,0.0001257461
3978,0.0001274727
3979,0.0001257245
3980,0.0001206208
3981,0.0001125095
3982,0.0001019433
3983,0.0000896423
3984,0.0000934322
3985,0.0000773043
3986,0.0000622776
3987,0.0000493753
3988,0.0000394758
3989,0.0000332525
3990,0.0000311284
3991,0.0000332469
3992,0.0000394626
3993,0.0000493506
3994,0.0000622360
3995,0.0000772398
3996,0.0000933386
3997,0.0001094348
3998,0.0001244311
3999,0.0001373051
4000,0.0001471795
4001,0.0001533814
4002,0.0001554882
4003,0.0001533565
4004,0.0001471318
4005,0.0001372384
4006,0.0001243504
4007,0.0001093462
4008,0.0000932479
4009,0.0000771522
4010,0.0000621554
4011,0.0000492787
4012,0.0000393987
4013,0.0000331877
4014,0.0000310679
4015,0.0000331825
4016,0.0000393863
4017,0.0000492554
4018,0.0000621163
4019,0.0000770915
4020,0.0000931600
4021,0.0001092259
4022,0.0001241941
4023,0.0001370443
4024,0.0001469006
4025,0.0001530915
4026,0.0001551951
4027,0.0001530682
4028,0.0001468559
4029,0.0001369817
4030,0.0001241184
4031,0.0001091427
4032,0.0000761521
4033,0.0000630077
4034,0.0000507605
4035,0.0000402447
4036,0.0000321761
4037,0.0000271038
4038,0.0000253727
4039,0.0000270998
4040,0.0000321666
4041,0.0000402269
4042,0.0000507306
4043,0.0000629613
4044,0.0000760848
4045,0.0000892065
4046,0.0001014318
4047,0.0001119273
4048,0.0001199778
4049,0.0001250347
4050,0.0001267534
4051,0.0001250169
4052,0.0001199437
4053,0.0001118795
4054,0.0001013740
4055,0.0000891430
4056,0.0000760198
4057,0.0000628985
4058,0.0000506728
4059,0.0000401753
4060,0.0000321208
4061,0.0000270574
4062,0.0000253294
4063,0.0000270537
4064,0.0000321120
4065,0.0000401588
4066,0.0000506449
4067,0.0000628553
4068,0.0000759571
4069,0.0000890572
4070,0.0001012625
4071,0.0001117411
4072,0.0001197789
4073,0.0001248280
4074,0.0001265444
4075,0.0001248114
4076,0.0001197471
4077,0.0001116967
4078,0.0001012089
4079,0.0000889983
4080,0.0000758968
4081,0.0000627970
4082,0.0000505913
4083,0.0000401109
4084,0.0000320695
4085,0.0000270143
4086,0.0000252892
4087,0.0000270109
4088,0.0000320613
4089,0.0000400956
4090,0.0000505655
4091,0.0000627570
4092,0.0000758387
4093,0.0000889189
4094,0.0001011057
4095,0.0001115687
4096,0.0001195946
4097,0.0001246365
4098,0.0001263510
4099,0.0001246213
4100,0.0001195653
4101,0.0001115277
4102,0.0001010562
4103,0.0000888645
4104,0.0000757831
4105,0.0000627032
4106,0.0000505160
4107,0.0000400514
4108,0.0000320221
4109,0.0000269745
4110,0.0000252520
4111,0.0000269713
4112,0.0000320145
4113,0.0000400373
4114,0.0000504923
4115,0.0000626664
4116,0.0000757297
4117,0.0000887915
4118,0.0001009614
4119,0.0001114099
4120,0.0001194250
4121,0.0001244605
4122,0.0001261732
4123,0.0001244465
4124,0.0001193982
4125,0.0001113724
4126,0.0001009160
4127,0.0000887416
4128,0.0000756787
4129,0.0000626172
4130,0.0000504469
4131,0.0000399969
4132,0.0000319786
4133,0.0000269380
4134,0.0000252180
4135,0.0000269351
4136,0.0000319718
4137,0.0000399840
4138,0.0000504253
4139,0.0000625837
4140,0.0000756300
4141,0.0000886751
4142,0.0001008295
4143,0.0001112650
4144,0.0001192703
4145,0.0001242998
4146,0.0001260110
4147,0.0001242872
4148,0.0001192459
4149,0.0001112309
4150,0.0001007884
4151,0.0000886298
4152,0.0000923801
4153,0.0000764365
4154,0.0000615806
4155,0.0000488245
4156,0.0000390367
4157,0.0000328838
4158,0.0000307843
4159,0.0000328806
4160,0.0000390292
4161,0.0000488103
4162,0.0000615568
4163,0.0000763994
4164,0.0000923264
4165,0.0001082518
4166,0.0001230903
4167,0.0001358304
4168,0.0001456038
4169,0.0001517446
4170,0.0001538343
4171,0.0001517307
4172,0.0001455771
4173,0.0001357929
4174,0.0001230451
4175,0.0001082022
4176,0.0000922755
4177,0.0000763504
4178,0.0000615116
4179,0.0000487700
4180,0.0000389933
4181,0.0000328474
4182,0.0000307504
4183,0.0000328446
4184,0.0000389866
4185,0.0000487573
4186,0.0000614902
4187,0.0000763173
4188,0.0000922276
4189,0.0001081365
4190,0.0001229598
4191,0.0001356871
4192,0.0001454510
4193,0.0001515861
4194,0.0001536745
4195,0.0001515738
4196,0.0001454273
4197,0.0001356539
4198,0.0001229198
4199,0.0001080925
4200,0.0000754221
4201,0.0000624058
4202,0.0000502774
4203,0.0000398631
4204,0.0000318721
4205,0.0000268488
4206,0.0000251348
4207,0.0000268467
4208,0.0000318673
4209,0.0000398540
4210,0.0000502621
4211,0.0000623820
4212,0.0000753875
4213,0.0000883921
4214,0.0001005094
4215,0.0001109134
4216,0.0001188952
4217,0.0001239109
4218,0.0001256186
4219,0.0001239021
4220,0.0001188784
4221,0.0001108898
4222,0.0001004808
4223,0.0000883607
4224,0.0000753554
4225,0.0000623510
4226,0.0000502335
4227,0.0000398285
4228,0.0000318446
4229,0.0000268257
4230,0.0000251134
4231,0.0000268240
4232,0.0000318404
4233,0.0000398206
4234,0.0000502203
4235,0.0000623305
4236,0.0000753256
4237,0.0000883200
4238,0.0001004279
4239,0.0001108241
4240,0.0001188001
4241,0.0001238124
4242,0.0001255194
4243,0.0001238049
4244,0.0001187857
4245,0.0001108039
4246,0.0001004035
4247,0.0000882932
4248,0.0000752982
4249,0.0000623040
4250,0.0000501959
4251,0.0000397989
4252,0.0000318211
4253,0.0000268061
4254,0.0000250951
4255,0.0000268046
4256,0.0000318176
4257,0.0000397923
4258,0.0000501848
4259,0.0000622868
4260,0.0000752732
4261,0.0000882590
4262,0.0001003590
4263,0.0001107487
4264,0.0001187199
4265,0.0001237295
4266,0.0001254360
4267,0.0001237233
4268,0.0001187080
4269,0.0001107320
4270,0.0001003389
4271,0.0000882369
4272,0.0000752506
4273,0.0000622649
4274,0.0000501647
4275,0.0000397743
4276,0.0000318017
4277,0.0000267898
4278,0.0000250800
4279,0.0000267886
4280,0.0000317988
4281,0.0000397690
4282,0.0000501557
4283,0.0000622509
4284,0.0000752303
4285,0.0000882092
4286,0.0001003029
4287,0.0001106873
4288,0.0001186547
4289,0.0001236622
4290,0.0001253685
4291,0.0001236573
4292,0.0001186453
4293,0.0001106742
4294,0.0001002870
4295,0.0000881917
4296,0.0000752124
4297,0.0000622337
4298,0.0000501398
4299,0.0000397548
4300,0.0000317862
4301,0.0000267769
4302,0.0000250681
4303,0.0000267760
4304,0.0000317840
4305,0.0000397507
4306,0.0000501329
4307,0.0000622230
4308,0.0000751969
4309,0.0000881705
4310,0.0001002594
4311,0.0001106399
4312,0.0001186046
4313,0.0001236106
4314,0.0001253168
4315,0.0001236070
4316,0.0001185977
4317,0.0001106303
4318,0.0001002478
4319,0.0000881577
4320,0.0000918913
4321,0.0000760348
4322,0.0000612593
4323,0.0000485715
4324,0.0000388359
4325,0.0000327158
4326,0.0000306281
4327,0.0000327150
4328,0.0000388340
4329,0.0000485680
4330,0.0000612535
4331,0.0000760258
4332,0.0000918782
4333,0.0001077303
4334,0.0001225017
4335,0.0001351858
4336,0.0001449182
4337,0.0001510357
4338,0.0001531212
4339,0.0001510329
4340,0.0001449129
4341,0.0001351783
4342,0.0001224927
4343,0.0001077203
4344,0.0000918680
4345,0.0000760159
4346,0.0000612444
4347,0.0000485599
4348,0.0000388268
4349,0.0000327083
4350,0.0000306213
4351,0.0000327079
4352,0.0000388258
4353,0.0000485580
4354,0.0000612411
4355,0.0000760109
4356,0.0000918607
4357,0.0001077103
4358,0.0001224797
4359,0.0001351622
4360,0.0001448937
4361,0.0001510109
4362,0.0001530969
4363,0.0001510097
4364,0.0001448914
4365,0.0001351590
4366,0.0001224758
4367,0.0001077061
4368,0.0000751552
4369,0.0000621873
4370,0.0000501032
4371,0.0000397264
4372,0.0000317640
4373,0.0000267587
4374,0.0000250514
4375,0.0000267586
4376,0.0000317639
4377,0.0000397261
4378,0.0000501027
4379,0.0000621865
4380,0.0000751540
4381,0.0000881215
4382,0.0001002054
4383,0.0001105820
4384,0.0001185444
4385,0.0001235498
4386,0.0001252571
4387,0.0001235501
4388,0.0001185450
4389,0.0001105829
4390,0.0001002064
4391,0.0000881227
4392,0.0000751552
4393,0.0000621876
4394,0.0000501037
4395,0.0000397270
4396,0.0000317647
4397,0.0000267594
4398,0.0000250522
4399,0.0000267596
4400,0.0000317652
4401,0.0000397280
4402,0.0000501053
4403,0.0000621901
4404,0.0000751588
4405,0.0000881276
4406,0.0001002128
4407,0.0001105908
4408,0.0001185544
4409,0.0001235609
4410,0.0001252691
4411,0.0001235625
4412,0.0001185575
4413,0.0001105952
4414,0.0001002181
4415,0.0000881334
4416,0.0000751647
4417,0.0000621959
4418,0.0000501106
4419,0.0000397327
4420,0.0000317694
4421,0.0000267635
4422,0.0000250562
4423,0.0000267640
4424,0.0000317706
4425,0.0000397349
4426,0.0000501143
4427,0.0000622016
4428,0.0000751731
4429,0.0000881448
4430,0.0001002329
4431,0.0001106136
4432,0.0001185795
4433,0.0001235877
4434,0.0001252969
4435,0.0001235906
4436,0.0001185851
4437,0.0001106215
4438,0.0001002425
4439,0.0000881553
4440,0.0000751838
4441,0.0000622120
4442,0.0000501239
4443,0.0000397434
4444,0.0000317782
4445,0.0000267710
4446,0.0000250634
4447,0.0000267718
4448,0.0000317800
4449,0.0000397469
4450,0.0000501297
4451,0.0000622210
4452,0.0000751969
4453,0.0000881733
4454,0.0001002658
4455,0.0001106505
4456,0.0001186196
4457,0.0001236302
4458,0.0001253406
4459,0.0001236344
4460,0.0001186278
4461,0.0001106619
4462,0.0001002796
4463,0.0000881884
4464,0.0000752124
4465,0.0000622360
4466,0.0000501435
4467,0.0000397592
4468,0.0000317909
4469,0.0000267819
4470,0.0000250737
4471,0.0000267830
4472,0.0000317934
4473,0.0000397639
4474,0.0000501514
4475,0.0000622483
4476,0.0000752303
4477,0.0000882129
4478,0.0001003114
4479,0.0001107013
4480,0.0001186748
4481,0.0001236883
4482,0.0001254002
4483,0.0001236939
4484,0.0001186854
4485,0.0001107163
4486,0.0001003294
4487,0.0000882327
4488,0.0000919729
4489,0.0000761052
4490,0.0000613182
4491,0.0000486200
4492,0.0000388761
4493,0.0000327509
4494,0.0000306621
4495,0.0000327525
4496,0.0000388800
4497,0.0000486273
4498,0.0000613305
4499,0.0000761243
4500,0.0000920006
4501,0.0001078778
4502,0.0001226740
4503,0.0001353810
4504,0.0001451327
4505,0.0001512648
4506,0.0001533592
4507,0.0001512732
4508,0.0001451488
4509,0.0001354034
4510,0.0001227012
4511,0.0001079077
4512,0.0000920312
4513,0.0000761538
4514,0.0000613577
4515,0.0000486515
4516,0.0000389015
4517,0.0000327725
4518,0.0000306825
4519,0.0000327745
4520,0.0000389063
4521,0.0000486604
4522,0.0000613726
4523,0.0000761769
4524,0.0000920647
4525,0.0001079535
4526,0.0001227607
4527,0.0001354773
4528,0.0001452368
4529,0.0001513741
4530,0.0001534708
4531,0.0001513841
4532,0.0001452560
4533,0.0001355041
4534,0.0001227930
4535,0.0001079890
4536,0.0000753554
4537,0.0000623553
4538,0.0000502404
4539,0.0000398367
4540,0.0000318534
4541,0.0000268349
4542,0.0000251237
4543,0.0000268368
4544,0.0000318579
4545,0.0000398452
4546,0.0000502547
4547,0.0000623774
4548,0.0000753875
4549,0.0000883986
4550,0.0001005242
4551,0.0001109379
4552,0.0001189303
4553,0.0001239566
4554,0.0001256742
4555,0.0001239660
4556,0.0001189484
4557,0.0001109633
4558,0.0001005548
4559,0.0000884324
4560,0.0000754221
4561,0.0000624107
4562,0.0000502854
4563,0.0000398725
4564,0.0000318822
4565,0.0000268593
4566,0.0000251467
4567,0.0000268615
4568,0.0000318874
4569,0.0000398823
4570,0.0000503017
4571,0.0000624362
4572,0.0000754589
4573,0.0000884828
4574,0.0001006204
4575,0.0001110447
4576,0.0001190454
4577,0.0001240772
4578,0.0001257971
4579,0.0001240879
4580,0.0001190660
4581,0.0001110736
4582,0.0001006553
4583,0.0000885211
4584,0.0000754982
4585,0.0000624741
4586,0.0000503366
4587,0.0000399134
4588,0.0000319150
4589,0.0000268871
4590,0.0000251729
4591,0.0000268896
4592,0.0000319209
4593,0.0000399244
4594,0.0000503551
4595,0.0000625027
4596,0.0000755398
4597,0.0000885780
4598,0.0001007292
4599,0.0001111654
4600,0.0001191754
4601,0.0001242133
4602,0.0001259357
4603,0.0001242253
4604,0.0001191985
4605,0.0001111977
4606,0.0001007683
4607,0.0000886210
4608,0.0000755837
4609,0.0000625452
4610,0.0000503942
4611,0.0000399592
4612,0.0000319519
4613,0.0000269183
4614,0.0000252022
4615,0.0000269211
4616,0.0000319584
4617,0.0000399715
4618,0.0000504148
4619,0.0000625771
4620,0.0000756300
4621,0.0000886843
4622,0.0001008506
4623,0.0001112999
4624,0.0001193202
4625,0.0001243649
4626,0.0001260901
4627,0.0001243782
4628,0.0001193458
4629,0.0001113357
4630,0.0001008939
4631,0.0000887319
4632,0.0000756787
4633,0.0000626241
4634,0.0000504580
4635,0.0000400100
4636,0.0000319927
4637,0.0000269528
4638,0.0000252346
4639,0.0000269558
4640,0.0000319998
4641,0.0000400235
4642,0.0000504807
4643,0.0000626593
4644,0.0000757297
4645,0.0000888017
4646,0.0001009846
4647,0.0001114483
4648,0.0001194799
4649,0.0001245320
4650,0.0001262601
4651,0.0001245466
4652,0.0001195080
4653,0.0001114876
4654,0.0001010320
4655,0.0000888538
4656,0.0000926237
4657,0.0000766465
4658,0.0000617566
4659,0.0000489693
4660,0.0000391569
4661,0.0000329886
4662,0.0000308858
4663,0.0000329926
4664,0.0000391664
4665,0.0000489873
4666,0.0000617868
4667,0.0000766934
4668,0.0000926918
4669,0.0001086922
4670,0.0001236046
4671,0.0001364128
4672,0.0001462442
4673,0.0001524287
4674,0.0001545448
4675,0.0001524482
4676,0.0001462815
4677,0.0001364650
4678,0.0001236676
4679,0.0001087615
4680,0.0000927627
4681,0.0000767619
4682,0.0000618499
4683,0.0000490436
4684,0.0000392164
4685,0.0000330389
4686,0.0000309331
4687,0.0000330433
4688,0.0000392268
4689,0.0000490631
4690,0.0000618827
4691,0.0000768127
4692,0.0000928365
4693,0.0001088624
4694,0.0001237988
4695,0.0001366278
4696,0.0001464755
4697,0.0001526705
4698,0.0001547907
4699,0.0001526915
4700,0.0001465157
4701,0.0001366842
4702,0.0001238669
4703,0.0001089373
4704,0.0000760198
4705,0.0000629073
4706,0.0000506870
4707,0.0000401922
4708,0.0000321388
4709,0.0000270764
4710,0.0000253507
4711,0.0000270802
4712,0.0000321480
4713,0.0000402094
4714,0.0000507159
4715,0.0000629521
4716,0.0000760848
4717,0.0000892194
4718,0.0001014612
4719,0.0001119760
4720,0.0001200474
4721,0.0001251253
4722,0.0001268637
4723,0.0001251438
4724,0.0001200828
4725,0.0001120255
4726,0.0001015210
4727,0.0000892852
4728,0.0000761521
4729,0.0000630171
4730,0.0000507757
4731,0.0000402628
4732,0.0000321954
4733,0.0000271242
4734,0.0000253956
4735,0.0000271283
4736,0.0000322052
4737,0.0000402812
4738,0.0000508067
4739,0.0000630651
4740,0.0000762218
4741,0.0000893805
4742,0.0001016448
4743,0.0001121792
4744,0.0001202659
4745,0.0001253537
4746,0.0001270958
4747,0.0001253734
4748,0.0001203037
4749,0.0001122322
4750,0.0001017088
4751,0.0000894508
4752,0.0000762937
4753,0.0000631346
4754,0.0000508706
4755,0.0000403382
4756,0.0000322559
4757,0.0000271753
4758,0.0000254435
4759,0.0000271797
4760,0.0000322663
4761,0.0000403578
4762,0.0000509036
4763,0.0000631858
4764,0.0000763680
4765,0.0000895523
4766,0.0001018408
4767,0.0001123960
4768,0.0001204989
4769,0.0001255971
4770,0.0001273433
4771,0.0001256181
4772,0.0001205391
4773,0.0001124523
4774,0.0001019088
4775,0.0000896271
4776,0.0000764445
4777,0.0000632597
4778,0.0000509717
4779,0.0000404185
4780,0.0000323203
4781,0.0000272296
4782,0.0000254945
4783,0.0000272343
4784,0.0000323314
4785,0.0000404394
4786,0.0000510067
4787,0.0000633140
4788,0.0000765233
4789,0.0000897350
4790,0.0001020489
4791,0.0001126263
4792,0.0001207464
4793,0.0001258557
4794,0.0001276060
4795,0.0001258779
4796,0.0001207890
4797,0.0001126860
4798,0.0001021210
4799,0.0000898142
4800,0.0000766045
4801,0.0000633923
4802,0.0000510788
4803,0.0000405037
4804,0.0000323885
4805,0.0000272872
4806,0.0000255486
4807,0.0000272922
4808,0.0000324002
4809,0.0000405257
4810,0.0000511159
4811,0.0000634498
4812,0.0000766879
4813,0.0000899283
4814,0.0001022693
4815,0.0001128701
4816,0.0001210082
4817,0.0001261293
4818,0.0001278840
4819,0.0001261527
4820,0.0001210533
4821,0.0001129331
4822,0.0001023454
4823,0.0000900120
4824,0.0000938343
4825,0.0000776509
4826,0.0000625680
4827,0.0000496145
4828,0.0000396741
4829,0.0000334255
4830,0.0000312959
4831,0.0000334319
4832,0.0000396892
4833,0.0000496429
4834,0.0000626158
4835,0.0000777250
4836,0.0000939418
4837,0.0001101617
4838,0.0001252799
4839,0.0001382665
4840,0.0001482366
4841,0.0001545106
4842,0.0001566609
4843,0.0001545408
4844,0.0001482945
4845,0.0001383476
4846,0.0001253779
4847,0.0001102694
4848,0.0000940520
4849,0.0000778314
4850,0.0000627138
4851,0.0000497303
4852,0.0000397668
4853,0.0000335038
4854,0.0000313694
4855,0.0000335105
4856,0.0000397828
4857,0.0000497601
4858,0.0000627640
4859,0.0000779093
4860,0.0000941650
4861,0.0001104240
4862,0.0001255788
4863,0.0001385970
4864,0.0001485916
4865,0.0001548813
4866,0.0001570375
4867,0.0001549130
4868,0.0001486524
4869,0.0001386821
4870,0.0001256817
4871,0.0001105371
4872,0.0000771388
4873,0.0000638354
4874,0.0000514365
4875,0.0000407879
4876,0.0000326162
4877,0.0000274795
4878,0.0000257290
4879,0.0000274853
4880,0.0000326299
4881,0.0000408135
4882,0.0000514796
4883,0.0000639022
4884,0.0000772357
4885,0.0000905720
4886,0.0001030028
4887,0.0001136811
4888,0.0001218795
4889,0.0001270392
4890,0.0001288084
4891,0.0001270663
4892,0.0001219317
4893,0.0001137541
4894,0.0001030909
4895,0.0000906689
4896,0.0000773349
4897,0.0000639980
4898,0.0000515677
4899,0.0000408922
4900,0.0000326997
4901,0.0000275500
4902,0.0000257951
4903,0.0000275560
4904,0.0000327140
4905,0.0000409190
4906,0.0000516128
4907,0.0000640679
4908,0.0000774363
4909,0.0000908076
4910,0.0001032712
4911,0.0001139779
4912,0.0001221982
4913,0.0001273719
4914,0.0001291463
4915,0.0001274003
4916,0.0001222527
4917,0.0001140541
4918,0.0001033633
4919,0.0000909088
4920,0.0000775399
4921,0.0000641679
4922,0.0000517049
4923,0.0000410011
4924,0.0000327870
4925,0.0000276236
4926,0.0000258642
4927,0.0000276299
4928,0.0000328019
4929,0.0000410291
4930,0.0000517519
4931,0.0000642409
4932,0.0000776457
4933,0.0000910536
4934,0.0001035514
4935,0.0001142876
4936,0.0001225308
4937,0.0001277192
4938,0.0001294990
4939,0.0001277488
4940,0.0001225876
4941,0.0001143671
4942,0.0001036474
4943,0.0000911591
4944,0.0000777537
4945,0.0000643451
4946,0.0000518479
4947,0.0000411147
4948,0.0000328780
4949,0.0000277004
4950,0.0000259362
4951,0.0000277070
4952,0.0000328935
4953,0.0000411438
4954,0.0000518969
4955,0.0000644211
4956,0.0000778639
4957,0.0000913099
4958,0.0001038433
4959,0.0001146103
4960,0.0001228774
4961,0.0001280810
4962,0.0001298664
4963,0.0001281118
4964,0.0001229365
4965,0.0001146930
4966,0.0001039432
4967,0.0000914197
4968,0.0000779763
4969,0.0000645296
4970,0.0000519968
4971,0.0000412330
4972,0.0000329727
4973,0.0000277803
4974,0.0000260111
4975,0.0000277871
4976,0.0000329888
4977,0.0000412632
4978,0.0000520477
4979,0.0000646086
4980,0.0000780909
4981,0.0000915764
4982,0.0001041469
4983,0.0001149459
4984,0.0001232377
4985,0.0001284571
4986,0.0001302483
4987,0.0001284890
4988,0.0001232990
4989,0.0001150318
4990,0.0001042507
4991,0.0000916905
4992,0.0000955871
4993,0.0000791038
4994,0.0000637407
4995,0.0000505460
4996,0.0000404202
4997,0.0000340552
4998,0.0000318865
4999,0.0000340638
5000,0.0000404407
5001,0.0000505844
5002,0.0000638053
5003,0.0000792040
5004,0.0000957324
5005,0.0001122650
5006,0.0001276758
5007,0.0001409151
5008,0.0001510809
5009,0.0001574801
5010,0.0001596767
5011,0.0001575207
5012,0.0001511586
5013,0.0001410240
5014,0.0001278073
5015,0.0001124095
5016,0.0000958803
5017,0.0000793469
5018,0.0000639368
5019,0.0000507017
5020,0.0000405449
5021,0.0000341604
5022,0.0000319851
5023,0.0000341693
5024,0.0000405661
5025,0.0000507415
5026,0.0000640038
5027,0.0000794507
5028,0.0000960309
5029,0.0001126155
5030,0.0001280750
5031,0.0001413563
5032,0.0001515545
5033,0.0001579745
5034,0.0001601786
5035,0.0001580164
5036,0.0001516350
5037,0.0001414690
5038,0.0001282112
5039,0.0001127652
5040,0.0000786961
5041,0.0000651261
5042,0.0000524781
5043,0.0000416151
5044,0.0000332787
5045,0.0000280385
5046,0.0000262532
5047,0.0000280461
5048,0.0000332967
5049,0.0000416488
5050,0.0000525348
5051,0.0000652140
5052,0.0000788235
5053,0.0000924368
5054,0.0001051266
5055,0.0001160287
5056,0.0001244001
5057,0.0001296703
5058,0.0001314801
5059,0.0001297058
5060,0.0001244682
5061,0.0001161240
5062,0.0001052418
5063,0.0000925634
5064,0.0000789531
5065,0.0000653391
5066,0.0000526499
5067,0.0000417515
5068,0.0000333880
5069,0.0000281306
5070,0.0000263396
5071,0.0000281385
5072,0.0000334065
5073,0.0000417863
5074,0.0000527084
5075,0.0000654298
5076,0.0000790848
5077,0.0000927435
5078,0.0001054759
5079,0.0001164146
5080,0.0001248143
5081,0.0001301026
5082,0.0001319190
5083,0.0001301393
5084,0.0001248847
5085,0.0001165130
5086,0.0001055948
5087,0.0000928742
5088,0.0000792185
5089,0.0000655590
5090,0.0000528273
5091,0.0000418924
5092,0.0000335007
5093,0.0000282258
5094,0.0000264287
5095,0.0000282338
5096,0.0000335199
5097,0.0000419283
5098,0.0000528877
5099,0.0000656527
5100,0.0000793544
5101,0.0000930600
5102,0.0001058363
5103,0.0001168128
5104,0.0001252418
5105,0.0001305487
5106,0.0001323718
5107,0.0001305865
5108,0.0001253143
5109,0.0001169143
5110,0.0001059589
5111,0.0000931948
5112,0.0000794923
5113,0.0000657858
5114,0.0000530103
5115,0.0000420377
5116,0.0000336170
5117,0.0000283239
5118,0.0000265207
5119,0.0000283322
5120,0.0000336367
5121,0.0000420747
5122,0.0000530725
5123,0.0000658823
5124,0.0000796323
5125,0.0000933863
5126,0.0001062077
5127,0.0001172233
5128,0.0001256823
5129,0.0001310084
5130,0.0001328384
5131,0.0001310473
5132,0.0001257570
5133,0.0001173278
5134,0.0001063340
5135,0.0000935251
5136,0.0000797743
5137,0.0000660194
5138,0.0000531988
5139,0.0000421873
5140,0.0000337368
5141,0.0000284249
5142,0.0000266154
5143,0.0000284334
5144,0.0000337571
5145,0.0000422254
5146,0.0000532628
5147,0.0000661188
5148,0.0000799184
5149,0.0000937222
5150,0.0001065902
5151,0.0001176458
5152,0.0001261358
5153,0.0001314816
5154,0.0001333187
5155,0.0001315216
5156,0.0001262126
5157,0.0001177533
5158,0.0001067200
5159,0.0000938650
5160,0.0000978566
5161,0.0000809843
5162,0.0000652578
5163,0.0000517504
5164,0.0000413845
5165,0.0000348686
5166,0.0000326490
5167,0.0000348793
5168,0.0000414100
5169,0.0000517982
5170,0.0000653382
5171,0.0000811091
5172,0.0000980377
5173,0.0001149715
5174,0.0001307575
5175,0.0001443203
5176,0.0001547358
5177,0.0001612943
5178,0.0001635486
5179,0.0001613446
5180,0.0001548323
5181,0.0001444553
5182,0.0001309206
5183,0.0001151509
5184,0.0000982212
5185,0.0000812863
5186,0.0000655014
5187,0.0000519437
5188,0.0000415393
5189,0.0000349991
5190,0.0000327713
5191,0.0000350101
5192,0.0000415655
5193,0.0000519929
5194,0.0000655840
5195,0.0000814145
5196,0.0000984072
5197,0.0001154052
5198,0.0001312512
5199,0.0001448657
5200,0.0001553212
5201,0.0001619051
5202,0.0001641685
5203,0.0001619567
5204,0.0001554203
5205,0.0001450043
5206,0.0001314187
5207,0.0001155893
5208,0.0000806691
5209,0.0000667607
5210,0.0000537967
5211,0.0000426619
5212,0.0000341167
5213,0.0000287453
5214,0.0000269156
5215,0.0000287545
5216,0.0000341387
5217,0.0000427031
5218,0.0000538660
5219,0.0000668683
5220,0.0000808252
5221,0.0000947867
5222,0.0001078019
5223,0.0001189845
5224,0.0001275725
5225,0.0001329806
5226,0.0001348400
5227,0.0001330239
5228,0.0001276556
5229,0.0001191008
5230,0.0001079424
5231,0.0000949411
5232,0.0000809833
5233,0.0000670209
5234,0.0000540066
5235,0.0000428285
5236,0.0000342500
5237,0.0000288577
5238,0.0000270210
5239,0.0000288672
5240,0.0000342726
5241,0.0000428708
5242,0.0000540777
5243,0.0000671313
5244,0.0000811434
5245,0.0000951601
5246,0.0001082270
5247,0.0001194540
5248,0.0001280763
5249,0.0001335062
5250,0.0001353735
5251,0.0001335506
5252,0.0001281615
5253,0.0001195732
5254,0.0001083709
5255,0.0000953183
5256,0.0000813053
5257,0.0000672877
5258,0.0000542217
5259,0.0000429992
5260,0.0000343867
5261,0.0000289730
5262,0.0000271290
5263,0.0000289827
5264,0.0000344098
5265,0.0000430425
5266,0.0000542945
5267,0.0000674007
5268,0.0000814692
5269,0.0000955426
5270,0.0001086623
5271,0.0001199350
5272,0.0001285924
5273,0.0001340446
5274,0.0001359199
5275,0.0001340901
5276,0.0001286796
5277,0.0001200570
5278,0.0001088097
5279,0.0000957046
5280,0.0000816351
5281,0.0000675608
5282,0.0000544419
5283,0.0000431740
5284,0.0000345266
5285,0.0000290909
5286,0.0000272396
5287,0.0000291009
5288,0.0000345502
5289,0.0000432183
5290,0.0000545165
5291,0.0000676764
5292,0.0000818028
5293,0.0000959341
5294,0.0001091079
5295,0.0001204272
5296,0.0001291205
5297,0.0001345956
5298,0.0001364790
5299,0.0001346421
5300,0.0001292097
5301,0.0001205520
5302,0.0001092587
5303,0.0000960998
5304,0.0000819724
5305,0.0000678402
5306,0.0000546673
5307,0.0000433528
5308,0.0000346697
5309,0.0000292116
5310,0.0000273527
5311,0.0000292218
5312,0.0000346939
5313,0.0000433982
5314,0.0000547435
5315,0.0000679585
5316,0.0000821440
5317,0.0000963344
5318,0.0001095636
5319,0.0001209305
5320,0.0001296606
5321,0.0001351590
5322,0.0001370507
5323,0.0001352065
5324,0.0001297518
5325,0.0001210581
5326,0.0001097177
5327,0.0000965038
5328,0.0001006101
5329,0.0000832649
5330,0.0000670971
5331,0.0000532102
5332,0.0000425529
5333,0.0000358538
5334,0.0000335723
5335,0.0000358665
5336,0.0000425831
5337,0.0000532668
5338,0.0000671923
5339,0.0000834126
5340,0.0001008242
5341,0.0001182421
5342,0.0001344802
5343,0.0001484326
5344,0.0001591485
5345,0.0001658979
5346,0.0001682203
5347,0.0001659572
5348,0.0001592623
5349,0.0001485918
5350,0.0001346726
5351,0.0001184536
5352,0.0001010407
5353,0.0000836215
5354,0.0000673846
5355,0.0000534384
5356,0.0000427355
5357,0.0000360078
5358,0.0000337166
5359,0.0000360208
5360,0.0000427663
5361,0.0000534962
5362,0.0000674818
5363,0.0000837723
5364,0.0001012593
5365,0.0001187527
5366,0.0001350613
5367,0.0001490744
5368,0.0001598372
5369,0.0001666162
5370,0.0001689492
5371,0.0001666767
5372,0.0001599533
5373,0.0001492369
5374,0.0001352577
5375,0.0001189685
5376,0.0000830293
5377,0.0000687154
5378,0.0000553730
5379,0.0000439129
5380,0.0000351179
5381,0.0000295895
5382,0.0000277068
5383,0.0000296004
5384,0.0000351436
5385,0.0000439612
5386,0.0000554542
5387,0.0000688413
5388,0.0000832118
5389,0.0000975876
5390,0.0001109899
5391,0.0001225058
5392,0.0001313507
5393,0.0001369220
5394,0.0001388395
5395,0.0001369725
5396,0.0001314477
5397,0.0001226414
5398,0.0001111537
5399,0.0000977677
5400,0.0000833961
5401,0.0000690192
5402,0.0000556180
5403,0.0000441073
5404,0.0000352735
5405,0.0000297207
5406,0.0000278296
5407,0.0000297317
5408,0.0000352997
5409,0.0000441565
5410,0.0000557007
5411,0.0000691475
5412,0.0000835822
5413,0.0000980222
5414,0.0001114845
5415,0.0001230521
5416,0.0001319369
5417,0.0001375333
5418,0.0001394598
5419,0.0001375848
5420,0.0001320356
5421,0.0001231903
5422,0.0001116515
5423,0.0000982058
5424,0.0000837700
5425,0.0000693289
5426,0.0000558677
5427,0.0000443054
5428,0.0000354320
5429,0.0000298543
5430,0.0000279549
5431,0.0000298656
5432,0.0000354587
5433,0.0000443555
5434,0.0000559520
5435,0.0000694596
5436,0.0000839596
5437,0.0000984652
5438,0.0001119886
5439,0.0001236087
5440,0.0001325341
5441,0.0001381562
5442,0.0001400918
5443,0.0001382086
5444,0.0001326347
5445,0.0001237495
5446,0.0001121586
5447,0.0000986521
5448,0.0000841510
5449,0.0000696443
5450,0.0000561220
5451,0.0000445073
5452,0.0000355935
5453,0.0000299905
5454,0.0000280824
5455,0.0000300019
5456,0.0000356207
5457,0.0000445583
5458,0.0000562078
5459,0.0000697774
5460,0.0000843440
5461,0.0000989162
5462,0.0001125018
5463,0.0001241756
5464,0.0001331422
5465,0.0001387905
5466,0.0001407353
5467,0.0001388438
5468,0.0001332446
5469,0.0001243189
5470,0.0001126749
5471,0.0000991065
5472,0.0000845388
5473,0.0000699654
5474,0.0000563809
5475,0.0000447127
5476,0.0000357579
5477,0.0000301291
5478,0.0000282123
5479,0.0000301407
5480,0.0000357856
5481,0.0000447646
5482,0.0000564683
5483,0.0000701009
5484,0.0000847352
5485,0.0000993753
5486,0.0001130242
5487,0.0001247525
5488,0.0001337610
5489,0.0001394359
5490,0.0001413902
5491,0.0001394902
5492,0.0001338652
5493,0.0001248982
5494,0.0001132003
5495,0.0000995688
5496,0.0001038074
5497,0.0000859127
5498,0.0000692320
5499,0.0000549043
5500,0.0000439085
5501,0.0000369967
5502,0.0000346431
5503,0.0000370112
5504,0.0000439429
5505,0.0000549689
5506,0.0000693405
5507,0.0000860810
5508,0.0001040516
5509,0.0001220293
5510,0.0001387900
5511,0.0001531923
5512,0.0001642550
5513,0.0001712240
5514,0.0001736241
5515,0.0001712914
5516,0.0001643844
5517,0.0001533734
5518,0.0001390089
5519,0.0001222699
5520,0.0001042978
5521,0.0000863187
5522,0.0000695594
5523,0.0000551641
5524,0.0000441163
5525,0.0000371719
5526,0.0000348072
5527,0.0000371866
5528,0.0000441513
5529,0.0000552297
5530,0.0000696697
5531,0.0000864898
5532,0.0001045460
5533,0.0001226094
5534,0.0001394501
5535,0.0001539212
5536,0.0001650369
5537,0.0001720394
5538,0.0001744514
5539,0.0001721080
5540,0.0001651684
5541,0.0001541053
5542,0.0001396725
5543,0.0001228538
5544,0.0000857423
5545,0.0000709620
5546,0.0000571844
5547,0.0000453502
5548,0.0000362680
5549,0.0000305590
5550,0.0000286151
5551,0.0000305713
5552,0.0000362970
5553,0.0000454047
5554,0.0000572761
5555,0.0000711042
5556,0.0000859486
5557,0.0001007989
5558,0.0001146442
5559,0.0001265414
5560,0.0001356801
5561,0.0001414373
5562,0.0001434206
5563,0.0001414943
5564,0.0001357894
5565,0.0001266944
5566,0.0001148290
5567,0.0001010021
5568,0.0000861565
5569,0.0000713049
5570,0.0000574609
5571,0.0000455695
5572,0.0000364434
5573,0.0000307070
5574,0.0000287537
5575,0.0000307194
5576,0.0000364730
5577,0.0000456249
5578,0.0000575539
5579,0.0000714493
5580,0.0000863659
5581,0.0001012886
5582,0.0001152013
5583,0.0001271566
5584,0.0001363400
5585,0.0001421255
5586,0.0001441187
5587,0.0001421833
5588,0.0001364509
5589,0.0001273118
5590,0.0001153889
5591,0.0001014947
5592,0.0000865769
5593,0.0000716530
5594,0.0000577415
5595,0.0000457922
5596,0.0000366216
5597,0.0000308571
5598,0.0000288943
5599,0.0000308697
5600,0.0000366515
5601,0.0000458484
5602,0.0000578360
5603,0.0000717996
5604,0.0000867895
5605,0.0001017855
5606,0.0001157667
5607,0.0001277809
5608,0.0001370097
5609,0.0001428239
5610,0.0001448272
5611,0.0001428825
5612,0.0001371222
5613,0.0001279384
5614,0.0001159570
5615,0.0001019946
5616,0.0000870035
5617,0.0000720062
5618,0.0000580262
5619,0.0000460181
5620,0.0000368023
5621,0.0000310095
5622,0.0000290370
5623,0.0000310223
5624,0.0000368327
5625,0.0000460751
5626,0.0000581220
5627,0.0000721549
5628,0.0000872191
5629,0.0001022895
5630,0.0001163402
5631,0.0001284142
5632,0.0001376889
5633,0.0001435322
5634,0.0001455457
5635,0.0001435917
5636,0.0001378030
5637,0.0001285739
5638,0.0001165332
5639,0.0001025016
5640,0.0000874361
5641,0.0000723644
5642,0.0000583150
5643,0.0000462472
5644,0.0000369856
5645,0.0000311639
5646,0.0000291817
5647,0.0000311769
5648,0.0000370164
5649,0.0000463049
5650,0.0000584121
5651,0.0000725151
5652,0.0000876547
5653,0.0001028006
5654,0.0001169217
5655,0.0001290562
5656,0.0001383776
5657,0.0001442504
5658,0.0001462742
5659,0.0001443106
5660,0.0001384932
5661,0.0001292181
5662,0.0001171172
5663,0.0001030155
5664,0.0001074024
5665,0.0000888891
5666,0.0000716316
5667,0.0000568081
5668,0.0000454316
5669,0.0000382806
5670,0.0000358458
5671,0.0000382967
5672,0.0000454698
5673,0.0000568796
5674,0.0000717519
5675,0.0000890758
5676,0.0001076730
5677,0.0001262781
5678,0.0001436244
5679,0.0001585306
5680,0.0001699810
5681,0.0001771954
5682,0.0001796817
5683,0.0001772700
5684,0.0001701242
5685,0.0001587310
5686,0.0001438665
5687,0.0001265443
5688,0.0001079454
5689,0.0000893387
5690,0.0000719940
5691,0.0000570956
5692,0.0000456616
5693,0.0000384745
5694,0.0000360274
5695,0.0000384908
5696,0.0000457003
5697,0.0000571681
5698,0.0000721158
5699,0.0000895277
5700,0.0001082195
5701,0.0001269193
5702,0.0001443539
5703,0.0001593360
5704,0.0001708449
5705,0.0001780962
5706,0.0001805954
5707,0.0001781718
5708,0.0001709899
5709,0.0001595389
5710,0.0001445990
5711,0.0001271888
5712,0.0000887689
5713,0.0000734678
5714,0.0000592045
5715,0.0000469528
5716,0.0000375501
5717,0.0000316398
5718,0.0000296274
5719,0.0000316532
5720,0.0000375821
5721,0.0000470128
5722,0.0000593054
5723,0.0000736244
5724,0.0000889960
5725,0.0001043742
5726,0.0001187120
5727,0.0001310329
5728,0.0001404977
5729,0.0001464612
5730,0.0001485167
5731,0.0001465238
5732,0.0001406178
5733,0.0001312010
5734,0.0001189150
5735,0.0001045973
5736,0.0000892244
5737,0.0000738449
5738,0.0000595084
5739,0.0000471939
5740,0.0000377430
5741,0.0000318023
5742,0.0000297797
5743,0.0000318160
5744,0.0000377753
5745,0.0000472546
5746,0.0000596105
5747,0.0000740033
5748,0.0000894542
5749,0.0001049116
5750,0.0001193234
5751,0.0001317081
5752,0.0001412218
5753,0.0001472162
5754,0.0001492826
5755,0.0001472795
5756,0.0001413433
5757,0.0001318781
5758,0.0001195288
5759,0.0001051374
5760,0.0000896852
5761,0.0000742264
5762,0.0000598159
5763,0.0000474379
5764,0.0000379381
5765,0.0000319668
5766,0.0000299338
5767,0.0000319806
5768,0.0000379709
5769,0.0000474993
5770,0.0000599192
5771,0.0000743866
5772,0.0000899176
5773,0.0001054553
5774,0.0001199420
5775,0.0001323910
5776,0.0001419542
5777,0.0001479800
5778,0.0001500572
5779,0.0001480440
5780,0.0001420771
5781,0.0001325629
5782,0.0001201497
5783,0.0001056837
5784,0.0000901513
5785,0.0000746122
5786,0.0000601269
5787,0.0000476846
5788,0.0000381355
5789,0.0000321331
5790,0.0000300895
5791,0.0000321471
5792,0.0000381686
5793,0.0000477467
5794,0.0000602314
5795,0.0000747742
5796,0.0000903863
5797,0.0001060051
5798,0.0001205674
5799,0.0001330815
5800,0.0001426948
5801,0.0001487521
5802,0.0001508404
5803,0.0001488168
5804,0.0001428190
5805,0.0001332553
5806,0.0001207774
5807,0.0001062359
5808,0.0000906225
5809,0.0000750023
5810,0.0000604413
5811,0.0000479340
5812,0.0000383350
5813,0.0000323013
5814,0.0000302470
5815,0.0000323154
5816,0.0000383684
5817,0.0000479967
5818,0.0000605469
5819,0.0000751660
5820,0.0000908599
5821,0.0001065607
5822,0.0001211995
5823,0.0001337794
5824,0.0001434432
5825,0.0001495325
5826,0.0001516319
5827,0.0001495979
5828,0.0001435687
5829,0.0001339550
5830,0.0001214117
5831,0.0001067940
5832,0.0001113428
5833,0.0000921512
5834,0.0000742610
5835,0.0000588940
5836,0.0000471002
5837,0.0000396870
5838,0.0000371631
5839,0.0000397044
5840,0.0000471415
5841,0.0000589714
5842,0.0000743913
5843,0.0000923534
5844,0.0001116360
5845,0.0001309270
5846,0.0001489133
5847,0.0001643698
5848,0.0001762437
5849,0.0001837255
5850,0.0001863052
5851,0.0001838063
5852,0.0001763986
5853,0.0001645866
5854,0.0001491752
5855,0.0001312149
5856,0.0001119306
5857,0.0000926378
5858,0.0000746532
5859,0.0000592051
5860,0.0000473491
5861,0.0000398967
5862,0.0000373595
5863,0.0000399143
5864,0.0000473908
5865,0.0000592833
5866,0.0000747848
5867,0.0000928419
5868,0.0001122267
5869,0.0001316199
5870,0.0001497015
5871,0.0001652401
5872,0.0001771769
5873,0.0001846986
5874,0.0001872921
5875,0.0001847801
5876,0.0001773333
5877,0.0001654589
5878,0.0001499660
5879,0.0001319106
5880,0.0000920652
5881,0.0000761966
5882,0.0000614039
5883,0.0000486975
5884,0.0000389457
5885,0.0000328160
5886,0.0000307291
5887,0.0000328305
5888,0.0000389802
5889,0.0000487621
5890,0.0000615126
5891,0.0000763652
5892,0.0000923097
5893,0.0001082614
5894,0.0001231341
5895,0.0001359152
5896,0.0001457337
5897,0.0001519207
5898,0.0001540540
5899,0.0001519880
5900,0.0001458629
5901,0.0001360959
5902,0.0001233525
5903,0.0001085014
5904,0.0000925554
5905,0.0000766023
5906,0.0000617309
5907,0.0000489569
5908,0.0000391532
5909,0.0000329908
5910,0.0000308929
5911,0.0000330055
5912,0.0000391880
5913,0.0000490221
5914,0.0000618406
5915,0.0000767724
5916,0.0000928021
5917,0.0001088389
5918,0.0001237911
5919,0.0001366405
5920,0.0001465115
5921,0.0001527316
5922,0.0001548765
5923,0.0001527995
5924,0.0001466418
5925,0.0001368228
5926,0.0001240114
5927,0.0001090811
5928,0.0000930499
5929,0.0000770117
5930,0.0000620609
5931,0.0000492186
5932,0.0000393625
5933,0.0000331673
5934,0.0000310581
5935,0.0000331820
5936,0.0000393976
5937,0.0000492844
5938,0.0000621715
5939,0.0000771833
5940,0.0000932988
5941,0.0001094215
5942,0.0001244538
5943,0.0001373721
5944,0.0001472961
5945,0.0001535496
5946,0.0001557061
5947,0.0001536181
5948,0.0001474275
5949,0.0001375559
5950,0.0001246760
5951,0.0001096657
5952,0.0000935487
5953,0.0000774245
5954,0.0000623937
5955,0.0000494825
5956,0.0000395736
5957,0.0000333452
5958,0.0000312247
5959,0.0000333600
5960,0.0000396090
5961,0.0000495489
5962,0.0000625052
5963,0.0000775976
5964,0.0000937997
5965,0.0001100090
5966,0.0001251221
5967,0.0001381098
5968,0.0001480872
5969,0.0001543744
5970,0.0001565425
5971,0.0001544434
5972,0.0001482197
5973,0.0001382952
5974,0.0001253461
5975,0.0001102552
5976,0.0000940516
5977,0.0000778408
5978,0.0000627291
5979,0.0000497486
5980,0.0000397865
5981,0.0000335245
5982,0.0000313927
5983,0.0000335395
5984,0.0000398221
5985,0.0000498155
5986,0.0000628415
5987,0.0000780152
5988,0.0000943045
5989,0.0001106012
5990,0.0001257957
5991,0.0001388534
5992,0.0001488846
5993,0.0001552057
5994,0.0001573856
5995,0.0001552753
5996,0.0001490181
5997,0.0001390402
5998,0.0001260214
5999,0.0001108493
6000,0.0001155714
6001,0.0000956515
6002,0.0000770822
6003,0.0000611316
6004,0.0000488901
6005,0.0000411953
6006,0.0000385757
6007,0.0000412138
6008,0.0000489339
6009,0.0000612140
6010,0.0000772206
6011,0.0000958663
6012,0.0001158829
6013,0.0001359085
6014,0.0001545799
6015,0.0001706255
6016,0.0001829521
6017,0.0001907197
6018,0.0001933985
6019,0.0001908053
6020,0.0001831165
6021,0.0001708555
6022,0.0001548578
6023,0.0001362140
6024,0.0001161955
6025,0.0000961680
6026,0.0000774985
6027,0.0000614618
6028,0.0000491542
6029,0.0000414178
6030,0.0000387841
6031,0.0000414365
6032,0.0000491984
6033,0.0000615448
6034,0.0000776379
6035,0.0000963844
6036,0.0001165093
6037,0.0001366432
6038,0.0001554155
6039,0.0001715479
6040,0.0001839413
6041,0.0001917509
6042,0.0001944442
6043,0.0001918371
6044,0.0001841068
6045,0.0001717795
6046,0.0001556954
6047,0.0001369508
6048,0.0000955833
6049,0.0000791086
6050,0.0000637509
6051,0.0000505590
6052,0.0000404346
6053,0.0000340707
6054,0.0000319042
6055,0.0000340860
6056,0.0000404711
6057,0.0000506273
6058,0.0000638658
6059,0.0000792868
6060,0.0000958418
6061,0.0001124042
6062,0.0001278466
6063,0.0001411173
6064,0.0001513123
6065,0.0001577366
6066,0.0001599522
6067,0.0001578077
6068,0.0001514486
6069,0.0001413081
6070,0.0001280771
6071,0.0001126576
6072,0.0000961011
6073,0.0000795371
6074,0.0000640963
6075,0.0000508329
6076,0.0000406537
6077,0.0000342553
6078,0.0000320770
6079,0.0000342707
6080,0.0000406904
6081,0.0000509017
6082,0.0000642119
6083,0.0000797165
6084,0.0000963612
6085,0.0001130134
6086,0.0001285396
6087,0.0001418822
6088,0.0001521325
6089,0.0001585917
6090,0.0001608194
6091,0.0001586632
6092,0.0001522697
6093,0.0001420742
6094,0.0001287715
6095,0.0001132684
6096,0.0000966222
6097,0.0000799684
6098,0.0000644438
6099,0.0000511086
6100,0.0000408742
6101,0.0000344411
6102,0.0000322510
6103,0.0000344566
6104,0.0000409111
6105,0.0000511778
6106,0.0000645602
6107,0.0000801489
6108,0.0000968839
6109,0.0001136265
6110,0.0001292369
6111,0.0001426519
6112,0.0001529578
6113,0.0001594521
6114,0.0001616919
6115,0.0001595240
6116,0.0001530958
6117,0.0001428451
6118,0.0001294702
6119,0.0001138830
6120,0.0000971465
6121,0.0000804024
6122,0.0000647935
6123,0.0000513859
6124,0.0000410960
6125,0.0000346280
6126,0.0000324260
6127,0.0000346436
6128,0.0000411331
6129,0.0000514555
6130,0.0000649106
6131,0.0000805839
6132,0.0000974098
6133,0.0001142432
6134,0.0001299383
6135,0.0001434262
6136,0.0001537880
6137,0.0001603175
6138,0.0001625695
6139,0.0001603899
6140,0.0001539268
6141,0.0001436204
6142,0.0001301730
6143,0.0001145012
6144,0.0000976738
6145,0.0000808388
6146,0.0000651452
6147,0.0000516649
6148,0.0000413191
6149,0.0000348159
6150,0.0000326020
6151,0.0000348317
6152,0.0000413564
6153,0.0000517348
6154,0.0000652629
6155,0.0000810213
6156,0.0000979385
6157,0.0001148633
6158,0.0001306436
6159,0.0001442047
6160,0.0001546228
6161,0.0001611878
6162,0.0001634519
6163,0.0001612605
6164,0.0001547624
6165,0.0001444000
6166,0.0001308796
6167,0.0001151227
6168,0.0001200271
6169,0.0000993393
6170,0.0000800541
6171,0.0000634887
6172,0.0000507752
6173,0.0000427838
6174,0.0000400632
6175,0.0000428031
6176,0.0000508210
6177,0.0000635747
6178,0.0000801987
6179,0.0000995635
6180,0.0001203523
6181,0.0001411505
6182,0.0001605421
6183,0.0001772068
6184,0.0001900091
6185,0.0001980764
6186,0.0002008587
6187,0.0001981658
6188,0.0001901805
6189,0.0001774467
6190,0.0001608320
6191,0.0001414691
6192,0.0001206784
6193,0.0000998783
6194,0.0000804885
6195,0.0000638332
6196,0.0000510507
6197,0.0000430159
6198,0.0000402806
6199,0.0000430353
6200,0.0000510967
6201,0.0000639196
6202,0.0000806338
6203,0.0001001037
6204,0.0001210052
6205,0.0001419162
6206,0.0001614130
6207,0.0001781680
6208,0.0001910397
6209,0.0001991508
6210,0.0002019482
6211,0.0001992406
6212,0.0001912120
6213,0.0001784090
6214,0.0001617042
6215,0.0001422363
6216,0.0000992723
6217,0.0000821618
6218,0.0000662114
6219,0.0000525104
6220,0.0000419952
6221,0.0000353857
6222,0.0000331355
6223,0.0000354016
6224,0.0000420331
6225,0.0000525814
6226,0.0000663307
6227,0.0000823470
6228,0.0000995409
6229,0.0001167426
6230,0.0001327810
6231,0.0001465639
6232,0.0001571524
6233,0.0001638247
6234,0.0001661258
6235,0.0001638984
6236,0.0001572939
6237,0.0001467620
6238,0.0001330203
6239,0.0001170057
6240,0.0000998101
6241,0.0000826069
6242,0.0000665700
6243,0.0000527948
6244,0.0000422227
6245,0.0000355773
6246,0.0000333150
6247,0.0000355934
6248,0.0000422607
6249,0.0000528661
6250,0.0000666899
6251,0.0000827929
6252,0.0001000799
6253,0.0001173747
6254,0.0001334999
6255,0.0001473574
6256,0.0001580031
6257,0.0001647115
6258,0.0001670250
6259,0.0001647855
6260,0.0001581452
6261,0.0001475563
6262,0.0001337402
6263,0.0001176388
6264,0.0001003502
6265,0.0000830539
6266,0.0000669302
6267,0.0000530804
6268,0.0000424511
6269,0.0000357698
6270,0.0000334952
6271,0.0000357859
6272,0.0000424893
6273,0.0000531520
6274,0.0000670506
6275,0.0000832406
6276,0.0001006211
6277,0.0001180093
6278,0.0001342217
6279,0.0001481540
6280,0.0001588572
6281,0.0001656018
6282,0.0001679278
6283,0.0001656761
6284,0.0001589999
6285,0.0001483536
6286,0.0001344628
6287,0.0001182744
6288,0.0001008924
6289,0.0000835025
6290,0.0000672918
6291,0.0000533672
6292,0.0000426804
6293,0.0000359630
6294,0.0000336761
6295,0.0000359791
6296,0.0000427187
6297,0.0000534390
6298,0.0000674126
6299,0.0000836900
6300,0.0001011642
6301,0.0001186463
6302,0.0001349461
6303,0.0001489535
6304,0.0001597144
6305,0.0001664953
6306,0.0001688338
6307,0.0001665699
6308,0.0001598576
6309,0.0001491539
6310,0.0001351881
6311,0.0001189123
6312,0.0001014365
6313,0.0000839528
6314,0.0000676546
6315,0.0000536549
6316,0.0000429105
6317,0.0000361568
6318,0.0000338576
6319,0.0000361730
6320,0.0000429489
6321,0.0000537269
6322,0.0000677758
6323,0.0000841408
6324,0.0001017092
6325,0.0001192854
6326,0.0001356729
6327,0.0001497558
6328,0.0001605745
6329,0.0001673919
6330,0.0001697428
6331,0.0001674667
6332,0.0001607181
6333,0.0001499567
6334,0.0001359157
6335,0.0001195522
6336,0.0001246450
6337,0.0001031611
6338,0.0000831338
6339,0.0000659310
6340,0.0000527283
6341,0.0000444294
6342,0.0000416040
6343,0.0000444492
6344,0.0000527754
6345,0.0000660193
6346,0.0000832824
6347,0.0001033916
6348,0.0001249793
6349,0.0001465767
6350,0.0001667135
6351,0.0001840183
6352,0.0001973121
6353,0.0002056891
6354,0.0002085778
6355,0.0002057808
6356,0.0001974882
6357,0.0001842645
6358,0.0001670110
6359,0.0001469038
6360,0.0001253141
6361,0.0001037148
6362,0.0000835800
6363,0.0000662847
6364,0.0000530112
6365,0.0000446677
6366,0.0000418272
6367,0.0000446876
6368,0.0000530584
6369,0.0000663733
6370,0.0000837289
6371,0.0001039459
6372,0.0001256493
6373,0.0001473624
6374,0.0001676070
6375,0.0001850044
6376,0.0001983694
6377,0.0002067911
6378,0.0002096951
6379,0.0002068830
6380,0.0001985458
6381,0.0001852513
6382,0.0001679053
6383,0.0001476903
6384,0.0001030786
6385,0.0000853117
6386,0.0000687496
6387,0.0000545232
6388,0.0000436049
6389,0.0000367418
6390,0.0000344053
6391,0.0000367582
6392,0.0000436436
6393,0.0000545959
6394,0.0000688718
6395,0.0000855013
6396,0.0001033535
6397,0.0001212136
6398,0.0001378658
6399,0.0001521760
6400,0.0001631693
6401,0.0001700965
6402,0.0001724851
6403,0.0001701719
6404,0.0001633140
6405,0.0001523785
6406,0.0001381104
6407,0.0001214825
6408,0.0001036287
6409,0.0000857670
6410,0.0000691164
6411,0.0000548141
6412,0.0000438375
6413,0.0000369378
6414,0.0000345888
6415,0.0000369542
6416,0.0000438763
6417,0.0000548869
6418,0.0000692389
6419,0.0000859569
6420,0.0001039042
6421,0.0001218594
6422,0.0001386002
6423,0.0001529865
6424,0.0001640383
6425,0.0001710022
6426,0.0001734034
6427,0.0001710778
6428,0.0001641833
6429,0.0001531894
6430,0.0001388453
6431,0.0001221288
6432,0.0001041800
6433,0.0000862231
6434,0.0000694840
6435,0.0000551055
6436,0.0000440705
6437,0.0000371341
6438,0.0000347726
6439,0.0000371505
6440,0.0000441094
6441,0.0000551785
6442,0.0000696066
6443,0.0000864134
6444,0.0001044559
6445,0.0001225064
6446,0.0001393359
6447,0.0001537985
6448,0.0001649088
6449,0.0001719095
6450,0.0001743234
6451,0.0001719852
6452,0.0001650540
6453,0.0001540017
6454,0.0001395815
6455,0.0001227763
6456,0.0001047321
6457,0.0000866801
6458,0.0000698521
6459,0.0000553975
6460,0.0000443039
6461,0.0000373308
6462,0.0000349568
6463,0.0000373472
6464,0.0000443429
6465,0.0000554705
6466,0.0000699750
6467,0.0000868707
6468,0.0001050085
6469,0.0001231544
6470,0.0001400728
6471,0.0001546117
6472,0.0001657806
6473,0.0001728182
6474,0.0001752447
6475,0.0001728940
6476,0.0001659260
6477,0.0001548152
6478,0.0001403187
6479,0.0001234246
6480,0.0001052851
6481,0.0000871376
6482,0.0000702208
6483,0.0000556898
6484,0.0000445377
6485,0.0000375277
6486,0.0000351411
6487,0.0000375442
6488,0.0000445767
6489,0.0000557629
6490,0.0000703438
6491,0.0000873285
6492,0.0001055618
6493,0.0001238031
6494,0.0001408106
6495,0.0001554260
6496,0.0001666535
6497,0.0001737280
6498,0.0001761671
6499,0.0001738039
6500,0.0001667991
6501,0.0001556296
6502,0.0001410567
6503,0.0001240737
6504,0.0001293584
6505,0.0001070614
6506,0.0000862765
6507,0.0000684230
6508,0.0000547210
6509,0.0000461082
6510,0.0000431759
6511,0.0000461283
6512,0.0000547687
6513,0.0000685125
6514,0.0000864270
6515,0.0001072949
6516,0.0001296969
6517,0.0001521087
6518,0.0001730044
6519,0.0001909611
6520,0.0002047555
6521,0.0002134472
6522,0.0002164437
6523,0.0002135400
6524,0.0002049335
6525,0.0001912103
6526,0.0001733054
6527,0.0001524395
6528,0.0001300355
6529,0.0001076218
6530,0.0000867280
6531,0.0000687809
6532,0.0000550072
6533,0.0000463493
6534,0.0000434016
6535,0.0000463694
6536,0.0000550549
6537,0.0000688705
6538,0.0000868785
6539,0.0001078553
6540,0.0001303742
6541,0.0001529029
6542,0.0001739076
6543,0.0001919579
6544,0.0002058240
6545,0.0002145608
6546,0.0002175727
6547,0.0002146537
6548,0.0002060021
6549,0.0001922071
6550,0.0001742087
6551,0.0001532339
6552,0.0001069470
6553,0.0000885128
6554,0.0000713288
6555,0.0000565683
6556,0.0000452402
6557,0.0000381196
6558,0.0000356952
6559,0.0000381360
6560,0.0000452792
6561,0.0000566416
6562,0.0000714520
6563,0.0000887040
6564,0.0001072242
6565,0.0001257524
6566,0.0001430272
6567,0.0001578722
6568,0.0001692759
6569,0.0001764612
6570,0.0001789381
6571,0.0001765372
6572,0.0001694217
6573,0.0001580761
6574,0.0001432737
6575,0.0001260233
6576,0.0001075015
6577,0.0000889716
6578,0.0000716984
6579,0.0000568614
6580,0.0000454745
6581,0.0000383170
6582,0.0000358800
6583,0.0000383334
6584,0.0000455136
6585,0.0000569347
6586,0.0000718216
6587,0.0000891628
6588,0.0001077787
6589,0.0001264025
6590,0.0001437665
6591,0.0001586880
6592,0.0001701505
6593,0.0001773727
6594,0.0001798621
6595,0.0001774486
6596,0.0001702962
6597,0.0001588919
6598,0.0001440129
6599,0.0001266734
6600,0.0001080558
6601,0.0000894304
6602,0.0000720680
6603,0.0000571545
6604,0.0000457088
6605,0.0000385143
6606,0.0000360648
6607,0.0000385308
6608,0.0000457479
6609,0.0000572277
6610,0.0000721912
6611,0.0000896214
6612,0.0001083330
6613,0.0001270525
6614,0.0001445056
6615,0.0001595036
6616,0.0001710247
6617,0.0001782839
6618,0.0001807859
6619,0.0001783598
6620,0.0001711704
6621,0.0001597074
6622,0.0001447518
6623,0.0001273232
6624,0.0001086100
6625,0.0000898889
6626,0.0000724375
6627,0.0000574474
6628,0.0000459430
6629,0.0000387116
6630,0.0000362495
6631,0.0000387281
6632,0.0000459820
6633,0.0000575206
6634,0.0000725606
6635,0.0000900799
6636,0.0001088870
6637,0.0001277021
6638,0.0001452442
6639,0.0001603187
6640,0.0001718985
6641,0.0001791945
6642,0.0001817091
6643,0.0001792704
6644,0.0001720441
6645,0.0001605224
6646,0.0001454903
6647,0.0001279726
6648,0.0001091639
6649,0.0000903472
6650,0.0000728067
6651,0.0000577401
6652,0.0000461771
6653,0.0000389088
6654,0.0000364341
6655,0.0000389252
6656,0.0000462161
6657,0.0000578132
6658,0.0000729296
6659,0.0000905380
6660,0.0001094406
6661,0.0001283512
6662,0.0001459823
6663,0.0001611331
6664,0.0001727716
6665,0.0001801044
6666,0.0001826315
6667,0.0001801802
6668,0.0001729170
6669,0.0001613366
6670,0.0001462281
6671,0.0001286214
6672,0.0001340987
6673,0.0001109838
6674,0.0000894367
6675,0.0000709286
6676,0.0000567244
6677,0.0000477959
6678,0.0000447559
6679,0.0000478160
6680,0.0000567720
6681,0.0000710179
6682,0.0000895868
6683,0.0001112168
6684,0.0001344366
6685,0.0001576660
6686,0.0001793238
6687,0.0001979348
6688,0.0002122311
6689,0.0002212383
6690,0.0002243423
6691,0.0002213308
6692,0.0002124086
6693,0.0001981831
6694,0.0001796238
6695,0.0001579959
6696,0.0001347741
6697,0.0001115427
6698,0.0000898869
6699,0.0000712856
6700,0.0000570098
6701,0.0000480363
6702,0.0000449809
6703,0.0000480563
6704,0.0000570573
6705,0.0000713747
6706,0.0000900368
6707,0.0001117752
6708,0.0001351114
6709,0.0001584573
6710,0.0001802235
6711,0.0001989276
6712,0.0002132953
6713,0.0002223474
6714,0.0002254667
6715,0.0002224398
6716,0.0002134725
6717,0.0001991755
6718,0.0001805231
6719,0.0001587866
6720,0.0001108215
6721,0.0000917187
6722,0.0000739116
6723,0.0000586161
6724,0.0000468775
6725,0.0000394988
6726,0.0000369864
6727,0.0000395152
6728,0.0000469163
6729,0.0000586890
6730,0.0000740340
6731,0.0000919086
6732,0.0001110970
6733,0.0001302932
6734,0.0001481905
6735,0.0001635698
6736,0.0001753836
6737,0.0001828265
6738,0.0001853910
6739,0.0001829019
6740,0.0001755283
6741,0.0001637723
6742,0.0001484351
6743,0.0001305621
6744,0.0001113722
6745,0.0000921743
6746,0.0000742787
6747,0.0000589072
6748,0.0000471102
6749,0.0000396948
6750,0.0000371699
6751,0.0000397111
6752,0.0000471489
6753,0.0000589798
6754,0.0000744009
6755,0.0000923639
6756,0.0001116471
6757,0.0001309382
6758,0.0001489238
6759,0.0001643791
6760,0.0001762510
6761,0.0001837305
6762,0.0001863074
6763,0.0001838057
6764,0.0001763954
6765,0.0001645811
6766,0.0001491679
6767,0.0001312065
6768,0.0001119217
6769,0.0000926290
6770,0.0000746450
6771,0.0000591976
6772,0.0000473423
6773,0.0000398904
6774,0.0000373530
6775,0.0000399066
6776,0.0000473810
6777,0.0000592700
6778,0.0000747668
6779,0.0000928181
6780,0.0001121960
6781,0.0001315817
6782,0.0001496555
6783,0.0001651864
6784,0.0001771164
6785,0.0001846323
6786,0.0001872216
6787,0.0001847073
6788,0.0001772604
6789,0.0001653880
6790,0.0001498990
6791,0.0001318493
6792,0.0001124699
6793,0.0000930825
6794,0.0000750103
6795,0.0000594872
6796,0.0000475739
6797,0.0000400854
6798,0.0000375356
6799,0.0000401017
6800,0.0000476124
6801,0.0000595595
6802,0.0000751319
6803,0.0000932711
6804,0.0001127434
6805,0.0001322235
6806,0.0001503852
6807,0.0001659916
6808,0.0001779795
6809,0.0001855317
6810,0.0001881333
6811,0.0001856065
6812,0.0001781231
6813,0.0001661926
6814,0.0001506280
6815,0.0001324904
6816,0.0001130165
6817,0.0000935348
6818,0.0000753747
6819,0.0000597761
6820,0.0000478048
6821,0.0000402799
6822,0.0000377176
6823,0.0000402961
6824,0.0000478433
6825,0.0000598482
6826,0.0000754959
6827,0.0000937228
6828,0.0001132892
6829,0.0001328634
6830,0.0001511128
6831,0.0001667945
6832,0.0001788400
6833,0.0001864285
6834,0.0001890423
6835,0.0001865031
6836,0.0001789832
6837,0.0001669948
6838,0.0001513549
6839,0.0001331295
6840,0.0001387974
6841,0.0001148714
6842,0.0000925685
6843,0.0000734116
6844,0.0000587095
6845,0.0000494680
6846,0.0000463212
6847,0.0000494878
6848,0.0000587563
6849,0.0000734994
6850,0.0000927162
6851,0.0001151004
6852,0.0001391296
6853,0.0001631683
6854,0.0001855799
6855,0.0002048380
6856,0.0002196306
6857,0.0002289494
6858,0.0002321591
6859,0.0002290403
6860,0.0002198049
6861,0.0002050819
6862,0.0001858746
6863,0.0001634923
6864,0.0001394612
6865,0.0001154206
6866,0.0000930109
6867,0.0000737623
6868,0.0000589899
6869,0.0000497042
6870,0.0000465423
6871,0.0000497239
6872,0.0000590365
6873,0.0000738498
6874,0.0000931581
6875,0.0001156488
6876,0.0001397922
6877,0.0001639451
6878,0.0001864631
6879,0.0002058125
6880,0.0002206751
6881,0.0002300379
6882,0.0002332625
6883,0.0002301285
6884,0.0002208488
6885,0.0002060556
6886,0.0001867568
6887,0.0001642680
6888,0.0001146458
6889,0.0000948827
6890,0.0000764605
6891,0.0000606369
6892,0.0000484930
6893,0.0000408596
6894,0.0000382602
6895,0.0000408756
6896,0.0000485310
6897,0.0000607082
6898,0.0000765804
6899,0.0000950687
6900,0.0001149155
6901,0.0001347701
6902,0.0001532806
6903,0.0001691864
6904,0.0001814037
6905,0.0001891000
6906,0.0001917504
6907,0.0001891737
6908,0.0001815453
6909,0.0001693844
6910,0.0001535199
6911,0.0001350331
6912,0.0001151848
6913,0.0000953286
6914,0.0000768197
6915,0.0000609217
6916,0.0000487207
6917,0.0000410513
6918,0.0000384397
6919,0.0000410673
6920,0.0000487585
6921,0.0000609927
6922,0.0000769391
6923,0.0000955139
6924,0.0001154534
6925,0.0001354006
6926,0.0001539975
6927,0.0001699773
6928,0.0001822515
6929,0.0001899834
6930,0.0001926458
6931,0.0001900568
6932,0.0001823924
6933,0.0001701745
6934,0.0001542357
6935,0.0001356625
6936,0.0001157214
6937,0.0000957726
6938,0.0000771774
6939,0.0000612052
6940,0.0000489473
6941,0.0000412422
6942,0.0000386184
6943,0.0000412581
6944,0.0000489850
6945,0.0000612759
6946,0.0000772962
6947,0.0000959570
6948,0.0001159888
6949,0.0001360283
6950,0.0001547111
6951,0.0001707647
6952,0.0001830954
6953,0.0001908628
6954,0.0001935372
6955,0.0001909359
6956,0.0001832357
6957,0.0001709610
6958,0.0001549483
6959,0.0001362890
6960,0.0001162556
6961,0.0000962145
6962,0.0000775333
6963,0.0000614874
6964,0.0000491729
6965,0.0000414323
6966,0.0000387962
6967,0.0000414480
6968,0.0000492104
6969,0.0000615577
6970,0.0000776516
6971,0.0000963980
6972,0.0001165217
6973,0.0001366531
6974,0.0001554213
6975,0.0001715483
6976,0.0001839353
6977,0.0001917379
6978,0.0001944242
6979,0.0001918106
6980,0.0001840748
6981,0.0001717436
6982,0.0001556573
6983,0.0001369124
6984,0.0001167872
6985,0.0000966543
6986,0.0000778876
6987,0.0000617682
6988,0.0000493974
6989,0.0000416213
6990,0.0000389732
6991,0.0000416370
6992,0.0000494347
6993,0.0000618382
6994,0.0000780052
6995,0.0000968368
6996,0.0001170519
6997,0.0001372746
6998,0.0001561279
6999,0.0001723279
7000,0.0001847708
7001,0.0001926085
7002,0.0001953067
7003,0.0001926809
7004,0.0001849096
7005,0.0001725222
7006,0.0001563626
7007,0.0001375326
7008,0.0001433861
7009,0.0001186676
7010,0.0000956265
7011,0.0000758358
7012,0.0000606475
7013,0.0000511003
7014,0.0000478490
7015,0.0000511194
7016,0.0000606928
7017,0.0000759209
7018,0.0000957696
7019,0.0001188895
7020,0.0001437079
7021,0.0001685355
7022,0.0001916820
7023,0.0002115706
7024,0.0002268466
7025,0.0002364687
7026,0.0002397808
7027,0.0002365566
7028,0.0002270153
7029,0.0002118067
7030,0.0001919672
7031,0.0001688491
7032,0.0001440288
7033,0.0001191993
7034,0.0000960548
7035,0.0000761753
7036,0.0000609188
7037,0.0000513289
7038,0.0000480630
7039,0.0000513479
7040,0.0000609639
7041,0.0000762598
7042,0.0000961970
7043,0.0001194199
7044,0.0001443487
7045,0.0001692867
7046,0.0001925359
7047,0.0002125128
7048,0.0002278563
7049,0.0002375208
7050,0.0002408472
7051,0.0002376082
7052,0.0002280240
7053,0.0002127474
7054,0.0001928194
7055,0.0001695984
7056,0.0001183644
7057,0.0000979591
7058,0.0000789386
7059,0.0000626013
7060,0.0000500634
7061,0.0000421822
7062,0.0000394982
7063,0.0000421977
7064,0.0000501000
7065,0.0000626701
7066,0.0000790542
7067,0.0000981385
7068,0.0001186246
7069,0.0001391182
7070,0.0001582238
7071,0.0001746403
7072,0.0001872490
7073,0.0001951907
7074,0.0001979239
7075,0.0001952618
7076,0.0001873853
7077,0.0001748310
7078,0.0001584543
7079,0.0001393715
7080,0.0001188839
7081,0.0000983888
7082,0.0000792847
7083,0.0000628757
7084,0.0000502827
7085,0.0000423669
7086,0.0000396711
7087,0.0000423823
7088,0.0000503191
7089,0.0000629440
7090,0.0000793996
7091,0.0000985670
7092,0.0001191423
7093,0.0001397251
7094,0.0001589138
7095,0.0001754015
7096,0.0001880648
7097,0.0001960407
7098,0.0001987854
7099,0.0001961113
7100,0.0001882002
7101,0.0001755910
7102,0.0001591427
7103,0.0001399768
7104,0.0001193999
7105,0.0000988157
7106,0.0000796285
7107,0.0000631482
7108,0.0000505006
7109,0.0000425504
7110,0.0000398428
7111,0.0000425656
7112,0.0000505367
7113,0.0000632161
7114,0.0000797426
7115,0.0000989927
7116,0.0001196566
7117,0.0001403279
7118,0.0001595991
7119,0.0001761575
7120,0.0001888750
7121,0.0001968849
7122,0.0001996410
7123,0.0001969550
7124,0.0001890095
7125,0.0001763457
7126,0.0001598264
7127,0.0001405778
7128,0.0001199124
7129,0.0000992396
7130,0.0000799700
7131,0.0000634189
7132,0.0000507169
7133,0.0000427326
7134,0.0000400133
7135,0.0000427477
7136,0.0000507528
7137,0.0000634862
7138,0.0000800832
7139,0.0000994153
7140,0.0001201672
7141,0.0001409265
7142,0.0001602795
7143,0.0001769081
7144,0.0001896795
7145,0.0001977231
7146,0.0002004905
7147,0.0001977927
7148,0.0001898130
7149,0.0001770949
7150,0.0001605052
7151,0.0001411746
7152,0.0001204211
7153,0.0000996604
7154,0.0000803089
7155,0.0000636875
7156,0.0000509316
7157,0.0000429134
7158,0.0000401826
7159,0.0000429285
7160,0.0000509673
7161,0.0000637544
7162,0.0000804213
7163,0.0000998348
7164,0.0001206741
7165,0.0001415206
7166,0.0001609548
7167,0.0001776532
7168,0.0001904779
7169,0.0001985550
7170,0.0002013336
7171,0.0001986240
7172,0.0001906104
7173,0.0001778385
7174,0.0001611788
7175,0.0001417667
7176,0.0001477985
7177,0.0001223176
7178,0.0000985664
7179,0.0000781662
7180,0.0000625102
7181,0.0000526691
7182,0.0000493173
7183,0.0000526873
7184,0.0000625535
7185,0.0000782473
7186,0.0000987028
7187,0.0001225291
7188,0.0001481052
7189,0.0001736900
7190,0.0001975416
7191,0.0002180352
7192,0.0002337746
7193,0.0002436871
7194,0.0002470968
7195,0.0002437708
7196,0.0002339352
7197,0.0002182599
7198,0.0001978131
7199,0.0001739885
7200,0.0001484106
7201,0.0001228240
7202,0.0000989743
7203,0.0000784894
7204,0.0000627686
7205,0.0000528867
7206,0.0000495210
7207,0.0000529048
7208,0.0000628115
7209,0.0000785698
7210,0.0000991095
7211,0.0001230337
7212,0.0001487148
7213,0.0001744046
7214,0.0001983538
7215,0.0002189312
7216,0.0002347348
7217,0.0002446875
7218,0.0002481107
7219,0.0002447705
7220,0.0002348941
7221,0.0002191541
7222,0.0001986231
7223,0.0001747006
7224,0.0001219236
7225,0.0001009032
7226,0.0000813098
7227,0.0000644809
7228,0.0000515658
7229,0.0000434475
7230,0.0000406824
7231,0.0000434621
7232,0.0000516005
7233,0.0000645461
7234,0.0000814195
7235,0.0001010733
7236,0.0001221703
7237,0.0001432744
7238,0.0001629484
7239,0.0001798525
7240,0.0001928347
7241,0.0002010104
7242,0.0002038221
7243,0.0002010777
7244,0.0001929639
7245,0.0001800332
7246,0.0001631668
7247,0.0001435144
7248,0.0001224159
7249,0.0001013105
7250,0.0000816379
7251,0.0000647409
7252,0.0000517736
7253,0.0000436225
7254,0.0000408461
7255,0.0000436370
7256,0.0000518080
7257,0.0000648055
7258,0.0000817465
7259,0.0001014791
7260,0.0001226605
7261,0.0001438489
7262,0.0001636015
7263,0.0001805729
7264,0.0001936067
7265,0.0002018147
7266,0.0002046372
7267,0.0002018814
7268,0.0001937347
7269,0.0001807519
7270,0.0001638178
7271,0.0001440867
7272,0.0001229039
7273,0.0001017140
7274,0.0000819629
7275,0.0000649985
7276,0.0000519795
7277,0.0000437958
7278,0.0000410084
7279,0.0000438102
7280,0.0000520136
7281,0.0000650625
7282,0.0000820705
7283,0.0001018811
7284,0.0001231461
7285,0.0001444181
7286,0.0001642485
7287,0.0001812866
7288,0.0001943715
7289,0.0002026115
7290,0.0002054446
7291,0.0002026775
7292,0.0001944982
7293,0.0001814639
7294,0.0001644628
7295,0.0001446536
7296,0.0001233872
7297,0.0001021138
7298,0.0000822848
7299,0.0000652537
7300,0.0000521834
7301,0.0000439676
7302,0.0000411691
7303,0.0000439818
7304,0.0000522172
7305,0.0000653171
7306,0.0000823914
7307,0.0001022792
7308,0.0001236271
7309,0.0001449818
7310,0.0001648892
7311,0.0001819934
7312,0.0001951289
7313,0.0002034005
7314,0.0002062442
7315,0.0002034659
7316,0.0001952544
7317,0.0001821690
7318,0.0001651014
7319,0.0001452150
7320,0.0001238657
7321,0.0001025096
7322,0.0000826036
7323,0.0000655063
7324,0.0000523853
7325,0.0000441376
7326,0.0000413282
7327,0.0000441517
7328,0.0000524188
7329,0.0000655691
7330,0.0000827091
7331,0.0001026733
7332,0.0001241032
7333,0.0001455398
7334,0.0001655235
7335,0.0001826931
7336,0.0001958786
7337,0.0002041816
7338,0.0002070358
7339,0.0002042463
7340,0.0001960028
7341,0.0001828668
7342,0.0001657335
7343,0.0001457707
7344,0.0001519704
7345,0.0001257684
7346,0.0001013456
7347,0.0000803689
7348,0.0000642708
7349,0.0000541516
7350,0.0000507047
7351,0.0000541687
7352,0.0000643112
7353,0.0000804448
7354,0.0001014732
7355,0.0001259664
7356,0.0001522576
7357,0.0001785570
7358,0.0002030737
7359,0.0002241377
7360,0.0002403139
7361,0.0002504999
7362,0.0002540009
7363,0.0002505781
7364,0.0002404641
7365,0.0002243479
7366,0.0002033276
7367,0.0001788361
7368,0.0001525432
7369,0.0001262421
7370,0.0001017271
7371,0.0000806712
7372,0.0000645124
7373,0.0000543551
7374,0.0000508951
7375,0.0000543720
7376,0.0000645524
7377,0.0000807463
7378,0.0001018533
7379,0.0001264379
7380,0.0001528272
7381,0.0001792246
7382,0.0002038325
7383,0.0002249748
7384,0.0002412108
7385,0.0002514342
7386,0.0002549477
7387,0.0002515115
7388,0.0002413593
7389,0.0002251825
7390,0.0002040836
7391,0.0001795006
7392,0.0001252715
7393,0.0001036723
7394,0.0000835399
7395,0.0000662484
7396,0.0000529784
7397,0.0000446370
7398,0.0000417955
7399,0.0000446506
7400,0.0000530108
7401,0.0000663091
7402,0.0000836421
7403,0.0001038307
7404,0.0001255013
7405,0.0001471784
7406,0.0001673859
7407,0.0001847474
7408,0.0001980798
7409,0.0002064746
7410,0.0002093594
7411,0.0002065372
7412,0.0001981999
7413,0.0001849154
7414,0.0001675890
7415,0.0001474016
7416,0.0001257297
7417,0.0001040512
7418,0.0000838451
7419,0.0000664902
7420,0.0000531717
7421,0.0000447997
7422,0.0000419478
7423,0.0000448132
7424,0.0000532037
7425,0.0000665502
7426,0.0000839460
7427,0.0001042078
7428,0.0001259567
7429,0.0001477122
7430,0.0001679926
7431,0.0001854165
7432,0.0001987968
7433,0.0002072215
7434,0.0002101163
7435,0.0002072833
7436,0.0001989155
7437,0.0001855826
7438,0.0001681932
7439,0.0001479327
7440,0.0001261824
7441,0.0001044256
7442,0.0000841466
7443,0.0000667292
7444,0.0000533626
7445,0.0000449605
7446,0.0000420982
7447,0.0000449738
7448,0.0000533942
7449,0.0000667884
7450,0.0000842463
7451,0.0001045803
7452,0.0001264067
7453,0.0001482395
7454,0.0001685919
7455,0.0001860776
7456,0.0001995051
7457,0.0002079593
7458,0.0002108638
7459,0.0002080204
7460,0.0001996222
7461,0.0001862415
7462,0.0001687900
7463,0.0001484573
7464,0.0001266296
7465,0.0001047954
7466,0.0000844444
7467,0.0000669651
7468,0.0000535512
7469,0.0000451193
7470,0.0000422468
7471,0.0000451324
7472,0.0000535824
7473,0.0000670237
7474,0.0000845428
7475,0.0001049481
7476,0.0001268510
7477,0.0001487602
7478,0.0001691837
7479,0.0001867303
7480,0.0002002044
7481,0.0002086878
7482,0.0002116020
7483,0.0002087480
7484,0.0002003201
7485,0.0001868921
7486,0.0001693792
7487,0.0001489752
7488,0.0001270710
7489,0.0001051605
7490,0.0000847383
7491,0.0000671981
7492,0.0000537374
7493,0.0000452760
7494,0.0000423935
7495,0.0000452890
7496,0.0000537682
7497,0.0000672559
7498,0.0000848355
7499,0.0001053112
7500,0.0001272895
7501,0.0001492741
7502,0.0001697678
7503,0.0001873745
7504,0.0002008946
7505,0.0002094067
7506,0.0002123304
7507,0.0002094662
7508,0.0002010087
7509,0.0001875341
7510,0.0001699607
7511,0.0001494862
7512,0.0001558414
7513,0.0001289698
7514,0.0001039236
7515,0.0000824120
7516,0.0000659035
7517,0.0000555264
7518,0.0000519911
7519,0.0000555420
7520,0.0000659406
7521,0.0000824816
7522,0.0001040407
7523,0.0001291515
7524,0.0001561049
7525,0.0001830658
7526,0.0002081981
7527,0.0002297899
7528,0.0002463699
7529,0.0002568083
7530,0.0002603932
7531,0.0002568800
7532,0.0002465075
7533,0.0002299824
7534,0.0002084307
7535,0.0001833214
7536,0.0001563665
7537,0.0001294041
7538,0.0001042733
7539,0.0000826890
7540,0.0000661249
7541,0.0000557128
7542,0.0000521655
7543,0.0000557282
7544,0.0000661615
7545,0.0000827577
7546,0.0001043887
7547,0.0001295832
7548,0.0001566263
7549,0.0001836768
7550,0.0002088925
7551,0.0002305557
7552,0.0002471904
7553,0.0002576629
7554,0.0002612591
7555,0.0002577335
7556,0.0002473260
7557,0.0002307454
7558,0.0002091217
7559,0.0001839288
7560,0.0001283598
7561,0.0001062263
7562,0.0000855965
7563,0.0000678781
7564,0.0000542808
7565,0.0000457336
7566,0.0000428216
7567,0.0000457460
7568,0.0000543103
7569,0.0000679335
7570,0.0000856896
7571,0.0001063707
7572,0.0001285692
7573,0.0001507737
7574,0.0001714719
7575,0.0001892540
7576,0.0002029082
7577,0.0002115041
7578,0.0002144556
7579,0.0002115611
7580,0.0002030175
7581,0.0001894069
7582,0.0001716567
7583,0.0001509768
7584,0.0001287771
7585,0.0001065714
7586,0.0000858744
7587,0.0000680983
7588,0.0000544567
7589,0.0000458817
7590,0.0000429601
7591,0.0000458939
7592,0.0000544858
7593,0.0000681528
7594,0.0000859661
7595,0.0001067136
7596,0.0001289834
7597,0.0001512590
7598,0.0001720234
7599,0.0001898622
7600,0.0002035598
7601,0.0002121828
7602,0.0002151432
7603,0.0002122389
7604,0.0002036674
7605,0.0001900128
7606,0.0001722054
7607,0.0001514590
7608,0.0001291880
7609,0.0001069112
7610,0.0000861480
7611,0.0000683151
7612,0.0000546300
7613,0.0000460275
7614,0.0000430966
7615,0.0000460396
7616,0.0000546586
7617,0.0000683688
7618,0.0000862382
7619,0.0001070512
7620,0.0001293911
7621,0.0001517368
7622,0.0001725664
7623,0.0001904610
7624,0.0002042013
7625,0.0002128509
7626,0.0002158200
7627,0.0002129061
7628,0.0002043072
7629,0.0001906092
7630,0.0001727454
7631,0.0001519336
7632,0.0001295925
7633,0.0001072457
7634,0.0000864173
7635,0.0000685285
7636,0.0000548005
7637,0.0000461711
7638,0.0000432309
7639,0.0000461829
7640,0.0000548286
7641,0.0000685813
7642,0.0000865061
7643,0.0001073834
7644,0.0001297923
7645,0.0001522069
7646,0.0001731006
7647,0.0001910501
7648,0.0002048324
7649,0.0002135082
7650,0.0002164860
7651,0.0002135625
7652,0.0002049366
7653,0.0001911959
7654,0.0001732767
7655,0.0001524005
7656,0.0001299904
7657,0.0001075747
7658,0.0000866822
7659,0.0000687384
7660,0.0000549682
7661,0.0000463122
7662,0.0000433630
7663,0.0000463239
7664,0.0000549959
7665,0.0000687903
7666,0.0000867695
7667,0.0001077102
7668,0.0001301869
7669,0.0001526692
7670,0.0001736260
7671,0.0001916295
7672,0.0002054530
7673,0.0002141546
7674,0.0002171408
7675,0.0002142079
7676,0.0002055554
7677,0.0001917727
7678,0.0001737991
7679,0.0001528595
7680,0.0001593554
7681,0.0001318756
7682,0.0001062632
7683,0.0000842658
7684,0.0000673848
7685,0.0000567735
7686,0.0000531579
7687,0.0000567875
7688,0.0000674181
7689,0.0000843282
7690,0.0001063681
7691,0.0001320383
7692,0.0001595913
7693,0.0001871511
7694,0.0002128406
7695,0.0002349097
7696,0.0002518547
7697,0.0002625208
7698,0.0002661808
7699,0.0002625849
7700,0.0002519777
7701,0.0002350817
7702,0.0002130484
7703,0.0001873796
7704,0.0001598252
7705,0.0001322640
7706,0.0001065759
7707,0.0000845136
7708,0.0000675828
7709,0.0000569401
7710,0.0000533138
7711,0.0000569539
7712,0.0000676155
7713,0.0000845748
7714,0.0001066789
7715,0.0001324238
7716,0.0001600569
7717,0.0001876966
7718,0.0002134604
7719,0.0002355932
7720,0.0002525869
7721,0.0002632833
7722,0.0002669533
7723,0.0002633462
7724,0.0002527076
7725,0.0002357621
7726,0.0002136645
7727,0.0001879209
7728,0.0001311435
7729,0.0001085281
7730,0.0000874497
7731,0.0000693465
7732,0.0000554541
7733,0.0000467212
7734,0.0000437456
7735,0.0000467323
7736,0.0000554803
7737,0.0000693957
7738,0.0000875325
7739,0.0001086564
7740,0.0001313296
7741,0.0001540081
7742,0.0001751472
7743,0.0001933070
7744,0.0002072500
7745,0.0002160259
7746,0.0002190366
7747,0.0002160764
7748,0.0002073469
7749,0.0001934426
7750,0.0001753111
7751,0.0001541882
7752,0.0001315139
7753,0.0001088343
7754,0.0000876963
7755,0.0000695419
7756,0.0000556101
7757,0.0000468526
7758,0.0000438685
7759,0.0000468634
7760,0.0000556358
7761,0.0000695901
7762,0.0000877774
7763,0.0001089602
7764,0.0001316964
7765,0.0001544378
7766,0.0001756355
7767,0.0001938454
7768,0.0002078267
7769,0.0002166265
7770,0.0002196450
7771,0.0002166761
7772,0.0002079217
7773,0.0001939784
7774,0.0001757962
7775,0.0001546144
7776,0.0001318771
7777,0.0001091347
7778,0.0000879381
7779,0.0000697334
7780,0.0000557631
7781,0.0000469814
7782,0.0000439889
7783,0.0000469920
7784,0.0000557883
7785,0.0000697807
7786,0.0000880176
7787,0.0001092580
7788,0.0001320560
7789,0.0001548592
7790,0.0001761142
7791,0.0001943732
7792,0.0002083921
7793,0.0002172153
7794,0.0002202413
7795,0.0002172638
7796,0.0002084852
7797,0.0001945035
7798,0.0001762716
7799,0.0001550322
7800,0.0001322331
7801,0.0001094290
7802,0.0000881750
7803,0.0000699211
7804,0.0000559131
7805,0.0000471076
7806,0.0000441070
7807,0.0000471180
7808,0.0000559378
7809,0.0000699674
7810,0.0000882529
7811,0.0001095498
7812,0.0001324084
7813,0.0001552719
7814,0.0001765832
7815,0.0001948903
7816,0.0002089458
7817,0.0002177919
7818,0.0002208255
7819,0.0002178394
7820,0.0002090370
7821,0.0001950178
7822,0.0001767373
7823,0.0001554413
7824,0.0001325817
7825,0.0001097172
7826,0.0000884070
7827,0.0000701049
7828,0.0000560599
7829,0.0000472312
7830,0.0000442226
7831,0.0000472414
7832,0.0000560840
7833,0.0000701502
7834,0.0000884832
7835,0.0001098354
7836,0.0001327532
7837,0.0001556759
7838,0.0001770422
7839,0.0001953964
7840,0.0002094879
7841,0.0002183563
7842,0.0002213972
7843,0.0002184028
7844,0.0002095771
7845,0.0001955212
7846,0.0001771930
7847,0.0001558417
7848,0.0001624613
7849,0.0001344434
7850,0.0001083304
7851,0.0000859035
7852,0.0000686932
7853,0.0000578748
7854,0.0000541880
7855,0.0000578869
7856,0.0000687221
7857,0.0000859577
7858,0.0001084215
7859,0.0001345848
7860,0.0001626663
7861,0.0001907536
7862,0.0002169337
7863,0.0002394228
7864,0.0002566887
7865,0.0002675547
7866,0.0002712799
7867,0.0002676102
7868,0.0002567953
7869,0.0002395719
7870,0.0002171138
7871,0.0001909517
7872,0.0001628690
7873,0.0001347805
7874,0.0001086017
7875,0.0000861184
7876,0.0000688649
7877,0.0000580192
7878,0.0000543231
7879,0.0000580311
7880,0.0000688931
7881,0.0000861713
7882,0.0001086907
7883,0.0001349186
7884,0.0001630693
7885,0.0001912257
7886,0.0002174700
7887,0.0002400141
7888,0.0002573219
7889,0.0002682140
7890,0.0002719477
7891,0.0002682682
7892,0.0002574260
7893,0.0002401597
7894,0.0002176459
7895,0.0001914192
7896,0.0001335823
7897,0.0001105443
7898,0.0000890728
7899,0.0000706323
7900,0.0000564812
7901,0.0000475857
7902,0.0000445542
7903,0.0000475952
7904,0.0000565037
7905,0.0000706746
7906,0.0000891439
7907,0.0001106547
7908,0.0001337424
7909,0.0001568346
7910,0.0001783585
7911,0.0001968476
7912,0.0002110420
7913,0.0002199745
7914,0.0002230361
7915,0.0002200178
7916,0.0002111251
7917,0.0001969639
7918,0.0001784990
7919,0.0001569891
7920,0.0001339005
7921,0.0001108073
7922,0.0000892844
7923,0.0000707999
7924,0.0000566151
7925,0.0000476984
7926,0.0000446596
7927,0.0000477077
7928,0.0000566371
7929,0.0000708412
7930,0.0000893538
7931,0.0001109149
7932,0.0001340566
7933,0.0001572027
7934,0.0001787765
7935,0.0001973084
7936,0.0002115356
7937,0.0002204884
7938,0.0002235565
7939,0.0002205306
7940,0.0002116166
7941,0.0001974218
7942,0.0001789136
7943,0.0001573533
7944,0.0001342107
7945,0.0001110637
7946,0.0000894908
7947,0.0000709634
7948,0.0000567457
7949,0.0000478083
7950,0.0000447623
7951,0.0000478173
7952,0.0000567671
7953,0.0000710036
7954,0.0000895584
7955,0.0001111687
7956,0.0001343629
7957,0.0001575614
7958,0.0001791840
7959,0.0001977576
7960,0.0002120166
7961,0.0002209892
7962,0.0002240637
7963,0.0002210303
7964,0.0002120956
7965,0.0001978681
7966,0.0001793175
7967,0.0001577081
7968,0.0001345130
7969,0.0001113136
7970,0.0000896919
7971,0.0000711227
7972,0.0000568729
7973,0.0000479154
7974,0.0000448624
7975,0.0000479241
7976,0.0000568937
7977,0.0000711618
7978,0.0000897577
7979,0.0001114158
7980,0.0001346612
7981,0.0001579108
7982,0.0001795809
7983,0.0001981951
7984,0.0002124850
7985,0.0002214768
7986,0.0002245575
7987,0.0002215168
7988,0.0002125618
7989,0.0001983026
7990,0.0001797108
7991,0.0001580536
7992,0.0001348073
7993,0.0001115568
7994,0.0000898876
7995,0.0000712777
7996,0.0000569967
7997,0.0000480195
7998,0.0000449599
7999,0.0000480281
8000,0.0000570170
8001,0.0000713157
8002,0.0000899517
8003,0.0001116562
8004,0.0001349514
8005,0.0001582507
8006,0.0001799669
8007,0.0001986206
8008,0.0002129406
8009,0.0002219511
8010,0.0002250377
8011,0.0002219900
8012,0.0002130153
8013,0.0001987251
8014,0.0001800932
8015,0.0001583895
8016,0.0001651142
8017,0.0001366362
8018,0.0001100952
8019,0.0000873013
8020,0.0000698097
8021,0.0000588143
8022,0.0000550667
8023,0.0000588245
8024,0.0000698338
8025,0.0000873466
8026,0.0001101713
8027,0.0001367542
8028,0.0001652853
8029,0.0001938212
8030,0.0002204180
8031,0.0002432638
8032,0.0002608018
8033,0.0002718368
8034,0.0002756164
8035,0.0002718830
8036,0.0002608905
8037,0.0002433879
8038,0.0002205679
8039,0.0001939859
8040,0.0001654538
8041,0.0001369170
8042,0.0001103211
8043,0.0000874802
8044,0.0000699525
8045,0.0000589345
8046,0.0000551791
8047,0.0000589443
8048,0.0000699759
8049,0.0000875241
8050,0.0001103949
8051,0.0001370314
8052,0.0001656199
8053,0.0001942130
8054,0.0002208631
8055,0.0002437543
8056,0.0002613270
8057,0.0002723834
8058,0.0002761699
8059,0.0002724282
8060,0.0002614129
8061,0.0002438746
8062,0.0002210084
8063,0.0001943728
8064,0.0001356409
8065,0.0001122458
8066,0.0000904420
8067,0.0000717167
8068,0.0000573472
8069,0.0000483145
8070,0.0000452357
8071,0.0000483223
8072,0.0000573658
8073,0.0000717515
8074,0.0000905005
8075,0.0001123366
8076,0.0001357726
8077,0.0001592124
8078,0.0001810591
8079,0.0001998244
8080,0.0002142294
8081,0.0002232926
8082,0.0002263961
8083,0.0002233281
8084,0.0002142976
8085,0.0001999197
8086,0.0001811743
8087,0.0001593390
8088,0.0001359022
8089,0.0001124616
8090,0.0000906157
8091,0.0000718542
8092,0.0000574571
8093,0.0000484069
8094,0.0000453220
8095,0.0000484145
8096,0.0000574750
8097,0.0000718879
8098,0.0000906723
8099,0.0001125495
8100,0.0001360296
8101,0.0001595133
8102,0.0001814009
8103,0.0002002010
8104,0.0002146326
8105,0.0002237122
8106,0.0002268209
8107,0.0002237466
8108,0.0002146985
8109,0.0002002932
8110,0.0001815123
8111,0.0001596358
8112,0.0001361549
8113,0.0001126705
8114,0.0000907837
8115,0.0000719873
8116,0.0000575633
8117,0.0000484963
8118,0.0000454056
8119,0.0000485036
8120,0.0000575807
8121,0.0000720198
8122,0.0000908385
8123,0.0001127554
8124,0.0001362781
8125,0.0001598043
8126,0.0001817313
8127,0.0002005651
8128,0.0002150224
8129,0.0002241178
8130,0.0002272315
8131,0.0002241510
8132,0.0002150860
8133,0.0002006541
8134,0.0001818389
8135,0.0001599226
8136,0.0001363992
8137,0.0001128723
8138,0.0000909461
8139,0.0000721158
8140,0.0000576659
8141,0.0000485826
8142,0.0000454863
8143,0.0000485896
8144,0.0000576827
8145,0.0000721472
8146,0.0000909989
8147,0.0001129543
8148,0.0001365181
8149,0.0001600852
8150,0.0001820502
8151,0.0002009166
8152,0.0002153986
8153,0.0002245094
8154,0.0002276279
8155,0.0002245413
8156,0.0002154600
8157,0.0002010024
8158,0.0001821540
8159,0.0001601993
8160,0.0001366348
8161,0.0001130670
8162,0.0000911027
8163,0.0000722398
8164,0.0000577649
8165,0.0000486658
8166,0.0000455641
8167,0.0000486726
8168,0.0000577811
8169,0.0000722701
8170,0.0000911536
8171,0.0001131460
8172,0.0001367494
8173,0.0001603560
8174,0.0001823577
8175,0.0002012553
8176,0.0002157612
8177,0.0002248866
8178,0.0002280098
8179,0.0002249174
8180,0.0002158203
8181,0.0002013380
8182,0.0001824576
8183,0.0001604659
8184,0.0001672755
8185,0.0001384222
8186,0.0001115321
8187,0.0000884390
8188,0.0000707181
8189,0.0000595785
8190,0.0000557811
8191,0.0000595864
8192,0.0000707370
8193,0.0000884746
8194,0.0001115920
8195,0.0001385150
8196,0.0001674102
8197,0.0001963092
8198,0.0002232432
8199,0.0002463771
8200,0.0002641344
8201,0.0002753051
8202,0.0002791276
8203,0.0002753412
8204,0.0002642038
8205,0.0002464742
8206,0.0002233605
8207,0.0001964382
8208,0.0001675422
8209,0.0001386425
8210,0.0001117093
8211,0.0000885793
8212,0.0000708300
8213,0.0000596726
8214,0.0000558691
8215,0.0000596803
8216,0.0000708482
8217,0.0000886135
8218,0.0001117668
8219,0.0001387317
8220,0.0001676716
8221,0.0001966151
8222,0.0002235905
8223,0.0002467596
8224,0.0002645438
8225,0.0002757310
8226,0.0002795587
8227,0.0002757657
8228,0.0002646104
8229,0.0002468528
8230,0.0002237030
8231,0.0001967388
8232,0.0001372894
8233,0.0001136077
8234,0.0000915376
8235,0.0000725841
8236,0.0000580397
8237,0.0000488970
8238,0.0000457801
8239,0.0000489030
8240,0.0000580540
8241,0.0000726109
8242,0.0000915827
8243,0.0001136776
8244,0.0001373908
8245,0.0001611068
8246,0.0001832100
8247,0.0002021942
8248,0.0002167660
8249,0.0002259321
8250,0.0002290678
8251,0.0002259592
8252,0.0002168181
8253,0.0002022672
8254,0.0001832981
8255,0.0001612037
8256,0.0001374900
8257,0.0001137734
8258,0.0000916709
8259,0.0000726895
8260,0.0000581239
8261,0.0000489677
8262,0.0000458462
8263,0.0000489735
8264,0.0000581375
8265,0.0000727151
8266,0.0000917139
8267,0.0001138402
8268,0.0001375869
8269,0.0001613363
8270,0.0001834704
8271,0.0002024811
8272,0.0002170729
8273,0.0002262514
8274,0.0002293909
8275,0.0002262773
8276,0.0002171227
8277,0.0002025508
8278,0.0001835546
8279,0.0001614289
8280,0.0001376816
8281,0.0001139316
8282,0.0000917981
8283,0.0000727902
8284,0.0000582042
8285,0.0000490353
8286,0.0000459094
8287,0.0000490408
8288,0.0000582172
8289,0.0000728146
8290,0.0000918392
8291,0.0001139954
8292,0.0001377740
8293,0.0001615553
8294,0.0001837190
8295,0.0002027548
8296,0.0002173657
8297,0.0002265559
8298,0.0002296990
8299,0.0002265806
8300,0.0002174132
8301,0.0002028212
8302,0.0001837991
8303,0.0001616434
8304,0.0001378642
8305,0.0001140824
8306,0.0000919194
8307,0.0000728861
8308,0.0000582808
8309,0.0000490996
8310,0.0000459695
8311,0.0000491048
8312,0.0000582932
8313,0.0000729094
8314,0.0000919584
8315,0.0001141431
8316,0.0001379522
8317,0.0001617637
8318,0.0001839555
8319,0.0002030153
8320,0.0002176443
8321,0.0002268457
8322,0.0002299921
8323,0.0002268691
8324,0.0002176894
8325,0.0002030783
8326,0.0001840316
8327,0.0001618474
8328,0.0001380378
8329,0.0001142258
8330,0.0000920346
8331,0.0000729773
8332,0.0000583535
8333,0.0000491608
8334,0.0000460266
8335,0.0000491657
8336,0.0000583653
8337,0.0000729993
8338,0.0000920717
8339,0.0001142833
8340,0.0001381212
8341,0.0001619615
8342,0.0001841799
8343,0.0002032623
8344,0.0002179086
8345,0.0002271205
8346,0.0002302701
8347,0.0002271427
8348,0.0002179512
8349,0.0002033220
8350,0.0001842520
8351,0.0001620408
8352,0.0001689140
8353,0.0001397753
8354,0.0001126201
8355,0.0000893000
8356,0.0000714051
8357,0.0000601561
8358,0.0000563208
8359,0.0000601619
8360,0.0000714187
8361,0.0000893255
8362,0.0001126630
8363,0.0001398417
8364,0.0001690103
8365,0.0001981816
8366,0.0002253681
8367,0.0002487173
8368,0.0002666382
8369,0.0002779092
8370,0.0002817624
8371,0.0002779349
8372,0.0002666873
8373,0.0002487862
8374,0.0002254513
8375,0.0001982731
8376,0.0001691039
8377,0.0001399320
8378,0.0001127461
8379,0.0000893997
8380,0.0000714846
8381,0.0000602229
8382,0.0000563832
8383,0.0000602283
8384,0.0000714974
8385,0.0000894237
8386,0.0001127865
8387,0.0001399946
8388,0.0001691946
8389,0.0001983972
8390,0.0002256126
8391,0.0002489865
8392,0.0002669259
8393,0.0002782084
8394,0.0002820649
8395,0.0002782325
8396,0.0002669721
8397,0.0002490511
8398,0.0002256908
8399,0.0001984831
8400,0.0001385039
8401,0.0001146105
8402,0.0000923438
8403,0.0000732219
8404,0.0000585486
8405,0.0000493247
8406,0.0000461797
8407,0.0000493288
8408,0.0000585584
8409,0.0000732403
8410,0.0000923747
8411,0.0001146585
8412,0.0001385735
8413,0.0001624905
8414,0.0001847799
8415,0.0002039228
8416,0.0002186148
8417,0.0002278546
8418,0.0002310125
8419,0.0002278731
8420,0.0002186502
8421,0.0002039723
8422,0.0001848397
8423,0.0001625563
8424,0.0001386409
8425,0.0001147235
8426,0.0000924346
8427,0.0000732936
8428,0.0000586058
8429,0.0000493727
8430,0.0000462246
8431,0.0000493766
8432,0.0000586149
8433,0.0000733108
8434,0.0000924635
8435,0.0001147683
8436,0.0001387059
8437,0.0001626452
8438,0.0001849553
8439,0.0002041158
8440,0.0002188211
8441,0.0002280690
8442,0.0002312292
8443,0.0002280862
8444,0.0002188541
8445,0.0002041619
8446,0.0001850110
8447,0.0001627065
8448,0.0001387686
8449,0.0001148288
8450,0.0000925192
8451,0.0000733605
8452,0.0000586591
8453,0.0000494175
8454,0.0000462663
8455,0.0000494211
8456,0.0000586676
8457,0.0000733765
8458,0.0000925460
8459,0.0001148704
8460,0.0001388289
8461,0.0001627891
8462,0.0001851183
8463,0.0002042952
8464,0.0002190127
8465,0.0002282681
8466,0.0002314304
8467,0.0002282840
8468,0.0002190432
8469,0.0002043378
8470,0.0001851699
8471,0.0001628458
8472,0.0001388869
8473,0.0001149265
8474,0.0000925976
8475,0.0000734225
8476,0.0000587085
8477,0.0000494590
8478,0.0000463050
8479,0.0000494623
8480,0.0000587163
8481,0.0000734372
8482,0.0000926223
8483,0.0001149649
8484,0.0001389426
8485,0.0001629219
8486,0.0001852689
8487,0.0002044608
8488,0.0002191897
8489,0.0002284518
8490,0.0002316160
8491,0.0002284664
8492,0.0002192177
8493,0.0002045000
8494,0.0001853163
8495,0.0001629741
8496,0.0001389960
8497,0.0001150164
8498,0.0000926698
8499,0.0000734795
8500,0.0000587539
8501,0.0000494971
8502,0.0000463406
8503,0.0000495001
8504,0.0000587611
8505,0.0000734930
8506,0.0000926924
8507,0.0001150515
8508,0.0001390470
8509,0.0001630439
8510,0.0001854070
8511,0.0002046126
8512,0.0002193518
8513,0.0002286202
8514,0.0002317860
8515,0.0002286335
8516,0.0002193774
8517,0.0002046484
8518,0.0001854503
8519,0.0001630914
8520,0.0001700058
8521,0.0001406760
8522,0.0001133436
8523,0.0000898719
8524,0.0000718610
8525,0.0000605390
8526,0.0000566782
8527,0.0000605423
8528,0.0000718690
8529,0.0000898869
8530,0.0001133688
8531,0.0001407150
8532,0.0001700624
8533,0.0001994114
8534,0.0002267621
8535,0.0002502507
8536,0.0002682767
8537,0.0002796115
8538,0.0002834827
8539,0.0002796263
8540,0.0002683050
8541,0.0002502903
8542,0.0002268098
8543,0.0001994639
8544,0.0001701161
8545,0.0001407669
8546,0.0001134165
8547,0.0000899295
8548,0.0000719068
8549,0.0000605774
8550,0.0000567140
8551,0.0000605804
8552,0.0000719140
8553,0.0000899429
8554,0.0001134391
8555,0.0001408019
8556,0.0001701670
8557,0.0001995334
8558,0.0002269002
8559,0.0002504025
8560,0.0002684386
8561,0.0002797795
8562,0.0002836522
8563,0.0002797926
8564,0.0002684638
8565,0.0002504378
8566,0.0002269428
8567,0.0001995803
8568,0.0001392668
8569,0.0001152394
8570,0.0000928487
8571,0.0000736208
8572,0.0000588664
8573,0.0000495914
8574,0.0000464285
8575,0.0000495936
8576,0.0000588716
8577,0.0000736305
8578,0.0000928651
8579,0.0001152649
8580,0.0001393036
8581,0.0001633434
8582,0.0001857461
8583,0.0002049850
8584,0.0002197492
8585,0.0002290324
8586,0.0002322020
8587,0.0002290418
8588,0.0002197673
8589,0.0002050104
8590,0.0001857767
8591,0.0001633771
8592,0.0001393381
8593,0.0001152982
8594,0.0000928958
8595,0.0000736579
8596,0.0000588959
8597,0.0000496161
8598,0.0000464515
8599,0.0000496180
8600,0.0000589004
8601,0.0000736664
8602,0.0000929101
8603,0.0001153203
8604,0.0001393703
8605,0.0001634211
8606,0.0001858339
8607,0.0002050813
8608,0.0002198518
8609,0.0002291387
8610,0.0002323091
8611,0.0002291469
8612,0.0002198675
8613,0.0002051032
8614,0.0001858603
8615,0.0001634502
8616,0.0001394000
8617,0.0001153491
8618,0.0000929365
8619,0.0000736900
8620,0.0000589214
8621,0.0000496375
8622,0.0000464713
8623,0.0000496391
8624,0.0000589252
8625,0.0000736972
8626,0.0000929487
8627,0.0001153680
8628,0.0001394274
8629,0.0001634876
8630,0.0001859090
8631,0.0002051637
8632,0.0002199395
8633,0.0002292294
8634,0.0002324004
8635,0.0002292363
8636,0.0002199526
8637,0.0002051821
8638,0.0001859313
8639,0.0001635121
8640,0.0001394525
8641,0.0001153921
8642,0.0000929709
8643,0.0000737171
8644,0.0000589428
8645,0.0000496554
8646,0.0000464880
8647,0.0000496568
8648,0.0000589460
8649,0.0000737230
8650,0.0000929810
8651,0.0001154077
8652,0.0001394751
8653,0.0001635431
8654,0.0001859715
8655,0.0002052321
8656,0.0002200122
8657,0.0002293045
8658,0.0002324759
8659,0.0002293101
8660,0.0002200228
8661,0.0002052470
8662,0.0001859895
8663,0.0001635629
8664,0.0001394954
8665,0.0001154273
8666,0.0000929990
8667,0.0000737391
8668,0.0000589603
8669,0.0000496700
8670,0.0000465015
8671,0.0000496711
8672,0.0000589628
8673,0.0000737438
8674,0.0000930070
8675,0.0001154396
8676,0.0001395133
8677,0.0001635873
8678,0.0001860213
8679,0.0002052865
8680,0.0002200698
8681,0.0002293640
8682,0.0002325355
8683,0.0002293682
8684,0.0002200780
8685,0.0002052979
8686,0.0001860351
8687,0.0001636025
8688,0.0001705351
8689,0.0001411112
8690,0.0001136920
8691,0.0000901464
8692,0.0000720790
8693,0.0000607214
8694,0.0000568478
8695,0.0000607224
8696,0.0000720813
8697,0.0000901506
8698,0.0001136991
8699,0.0001411222
8700,0.0001705512
8701,0.0001999805
8702,0.0002274048
8703,0.0002509550
8704,0.0002690264
8705,0.0002803873
8706,0.0002842635
8707,0.0002803909
8708,0.0002690333
8709,0.0002509647
8710,0.0002274164
8711,0.0001999933
8712,0.0001705643
8713,0.0001411349
8714,0.0001137108
8715,0.0000901610
8716,0.0000720905
8717,0.0000607310
8718,0.0000568566
8719,0.0000607316
8720,0.0000720920
8721,0.0000901637
8722,0.0001137153
8723,0.0001411419
8724,0.0001705745
8725,0.0002000073
8726,0.0002274346
8727,0.0002509872
8728,0.0002690601
8729,0.0002804216
8730,0.0002842975
8731,0.0002804236
8732,0.0002690639
8733,0.0002509925
8734,0.0002274410
8735,0.0002000144
8736,0.0001395669
8737,0.0001154855
8738,0.0000930451
8739,0.0000737750
8740,0.0000589885
8741,0.0000496934
8742,0.0000465230
8743,0.0000496936
8744,0.0000589890
8745,0.0000737760
8746,0.0000930467
8747,0.0001154880
8748,0.0001395705
8749,0.0001636531
8750,0.0001860945
8751,0.0002053654
8752,0.0002201526
8753,0.0002294483
8754,0.0002326190
8755,0.0002294486
8756,0.0002201532
8757,0.0002053663
8758,0.0001860955
8759,0.0001636542
