hour,value
0,0.0000000000
1,0.0000047627
2,0.0000187261
3,0.0000409386
4,0.0000698866
5,0.0001035972
6,0.0001397731
7,0.0001759490
8,0.0002096596
9,0.0002386075
10,0.0002608200
11,0.0002747833
12,0.0002795458
13,0.0002747831
14,0.0002608197
15,0.0002386071
16,0.0002096591
17,0.0001759485
18,0.0001397726
19,0.0001035968
20,0.0000698862
21,0.0000409384
22,0.0000187259
23,0.0000047626
24,0.0000000000
25,0.0000047626
26,0.0000187259
27,0.0000409382
28,0.0000698859
29,0.0001035961
30,0.0001397716
31,0.0001759471
32,0.0002096571
33,0.0002386045
34,0.0002608166
35,0.0002747796
36,0.0002795419
37,0.0002747791
38,0.0002608157
39,0.0002386033
40,0.0002096556
41,0.0001759455
42,0.0001397701
43,0.0001035949
44,0.0000698849
45,0.0000409376
46,0.0000187256
47,0.0000047625
48,0.0000000000
49,0.0000047625
50,0.0000187255
51,0.0000409373
52,0.0000698843
53,0.0001035936
54,0.0001397682
55,0.0001759426
56,0.0002096517
57,0.0002385982
58,0.0002608095
59,0.0002747720
60,0.0002795340
61,0.0002747712
62,0.0002608080
63,0.0002385961
64,0.0002096492
65,0.0001759400
66,0.0001397657
67,0.0001035915
68,0.0000698826
69,0.0000409362
70,0.0000187249
71,0.0000047624
72,0.0000000000
73,0.0000047623
74,0.0000187248
75,0.0000409358
76,0.0000698816
77,0.0001035897
78,0.0001397628
79,0.0001759357
80,0.0002096433
81,0.0002385886
82,0.0002607988
83,0.0002747605
84,0.0002795222
85,0.0002747594
86,0.0002607967
87,0.0002385856
88,0.0002096399
89,0.0001759321
90,0.0001397593
91,0.0001035867
92,0.0000698793
93,0.0000409343
94,0.0000187240
95,0.0000047621
96,0.0000000000
97,0.0000047621
98,0.0000187239
99,0.0000409337
100,0.0000698780
101,0.0001035843
102,0.0001397554
103,0.0001759263
104,0.0002096320
105,0.0002385755
106,0.0002607844
107,0.0002747452
108,0.0002795064
109,0.0002747437
110,0.0002607816
111,0.0002385717
112,0.0002096276
113,0.0001759216
114,0.0001397509
115,0.0001035804
116,0.0000698751
117,0.0000409318
118,0.0000187229
119,0.0000047618
120,0.0000000000
121,0.0000023809
122,0.0000093613
123,0.0000204655
124,0.0000349367
125,0.0000517887
126,0.0000698730
127,0.0000879572
128,0.0001048089
129,0.0001192796
130,0.0001303832
131,0.0001373630
132,0.0001397434
133,0.0001373621
134,0.0001303815
135,0.0001192772
136,0.0001048061
137,0.0000879544
138,0.0000698703
139,0.0000517864
140,0.0000349349
141,0.0000204643
142,0.0000093607
143,0.0000023807
144,0.0000000000
145,0.0000023807
146,0.0000093606
147,0.0000204639
148,0.0000349339
149,0.0000517845
150,0.0000698673
151,0.0000879500
152,0.0001048002
153,0.0001192697
154,0.0001303723
155,0.0001373515
156,0.0001397315
157,0.0001373504
158,0.0001303703
159,0.0001192670
160,0.0001047970
161,0.0000879467
162,0.0000698641
163,0.0000517818
164,0.0000349318
165,0.0000204625
166,0.0000093599
167,0.0000023805
168,0.0000000000
169,0.0000047610
170,0.0000187194
171,0.0000409240
172,0.0000698613
173,0.0001035593
174,0.0001397214
175,0.0001758832
176,0.0002095803
177,0.0002385163
178,0.0002607192
179,0.0002746760
180,0.0002794355
181,0.0002746736
182,0.0002607146
183,0.0002385100
184,0.0002095729
185,0.0001758755
186,0.0001397140
187,0.0001035529
188,0.0000698564
189,0.0000409207
190,0.0000187178
191,0.0000047605
192,0.0000000000
193,0.0000047605
194,0.0000187174
195,0.0000409196
196,0.0000698538
197,0.0001035480
198,0.0001397062
199,0.0001758639
200,0.0002095572
201,0.0002384898
202,0.0002606902
203,0.0002746452
204,0.0002794041
205,0.0002746425
206,0.0002606850
207,0.0002384827
208,0.0002095489
209,0.0001758552
210,0.0001396978
211,0.0001035408
212,0.0000698482
213,0.0000409159
214,0.0000187156
215,0.0000047600
216,0.0000000000
217,0.0000047599
218,0.0000187152
219,0.0000409146
220,0.0000698452
221,0.0001035354
222,0.0001396890
223,0.0001758422
224,0.0002095312
225,0.0002384601
226,0.0002606575
227,0.0002746106
228,0.0002793687
229,0.0002746076
230,0.0002606517
231,0.0002384521
232,0.0002095218
233,0.0001758324
234,0.0001396796
235,0.0001035273
236,0.0000698390
237,0.0000409105
238,0.0000187131
239,0.0000047593
240,0.0000000000
241,0.0000047593
242,0.0000187127
243,0.0000409091
244,0.0000698357
245,0.0001035212
246,0.0001396698
247,0.0001758180
248,0.0002095022
249,0.0002384270
250,0.0002606211
251,0.0002745722
252,0.0002793295
253,0.0002745688
254,0.0002606147
255,0.0002384182
256,0.0002094919
257,0.0001758072
258,0.0001396595
259,0.0001035123
260,0.0000698289
261,0.0000409046
262,0.0000187104
263,0.0000047586
264,0.0000000000
265,0.0000047586
266,0.0000187099
267,0.0000409030
268,0.0000698253
269,0.0001035057
270,0.0001396487
271,0.0001757913
272,0.0002094704
273,0.0002383906
274,0.0002605812
275,0.0002745300
276,0.0002792863
277,0.0002745263
278,0.0002605742
279,0.0002383810
280,0.0002094591
281,0.0001757795
282,0.0001396375
283,0.0001034959
284,0.0000698178
285,0.0000408980
286,0.0000187074
287,0.0000047579
288,0.0000000000
289,0.0000023789
290,0.0000093534
291,0.0000204482
292,0.0000349069
293,0.0000517443
294,0.0000698129
295,0.0000878811
296,0.0001047178
297,0.0001191754
298,0.0001302688
299,0.0001372420
300,0.0001396197
301,0.0001372400
302,0.0001302650
303,0.0001191702
304,0.0001047117
305,0.0000878747
306,0.0000698067
307,0.0000517390
308,0.0000349029
309,0.0000204455
310,0.0000093521
311,0.0000023785
312,0.0000000000
313,0.0000023785
314,0.0000093518
315,0.0000204445
316,0.0000349007
317,0.0000517351
318,0.0000698004
319,0.0000878654
320,0.0001046990
321,0.0001191539
322,0.0001302453
323,0.0001372170
324,0.0001395942
325,0.0001372149
326,0.0001302411
327,0.0001191483
328,0.0001046924
329,0.0000878585
330,0.0000697938
331,0.0000517294
332,0.0000348963
333,0.0000204416
334,0.0000093503
335,0.0000023781
336,0.0000000000
337,0.0000047561
338,0.0000187000
339,0.0000408813
340,0.0000697881
341,0.0001034504
342,0.0001395739
343,0.0001756968
344,0.0002093574
345,0.0002382616
346,0.0002604398
347,0.0002743805
348,0.0002791338
349,0.0002743759
350,0.0002604310
351,0.0002382495
352,0.0002093432
353,0.0001756820
354,0.0001395598
355,0.0001034382
356,0.0000697787
357,0.0000408751
358,0.0000186968
359,0.0000047552
360,0.0000000000
361,0.0000047551
362,0.0000186962
363,0.0000408729
364,0.0000697738
365,0.0001034291
366,0.0001395451
367,0.0001756605
368,0.0002093140
369,0.0002382121
370,0.0002603855
371,0.0002743231
372,0.0002790753
373,0.0002743182
374,0.0002603761
375,0.0002381992
376,0.0002092989
377,0.0001756447
378,0.0001395300
379,0.0001034161
380,0.0000697637
381,0.0000408663
382,0.0000186928
383,0.0000047542
384,0.0000000000
385,0.0000047541
386,0.0000186921
387,0.0000408640
388,0.0000697585
389,0.0001034064
390,0.0001395145
391,0.0001756218
392,0.0002092677
393,0.0002381593
394,0.0002603276
395,0.0002742620
396,0.0002790130
397,0.0002742568
398,0.0002603176
399,0.0002381456
400,0.0002092517
401,0.0001756049
402,0.0001394984
403,0.0001033925
404,0.0000697478
405,0.0000408569
406,0.0000186885
407,0.0000047531
408,0.0000000000
409,0.0000047530
410,0.0000186878
411,0.0000408545
412,0.0000697423
413,0.0001033823
414,0.0001394819
415,0.0001755807
416,0.0002092186
417,0.0002381033
418,0.0002602662
419,0.0002741972
420,0.0002789469
421,0.0002741916
422,0.0002602557
423,0.0002380888
424,0.0002092016
425,0.0001755628
426,0.0001394649
427,0.0001033676
428,0.0000697310
429,0.0000408471
430,0.0000186840
431,0.0000047519
432,0.0000000000
433,0.0000047518
434,0.0000186832
435,0.0000408445
436,0.0000697252
437,0.0001033569
438,0.0001394474
439,0.0001755372
440,0.0002091667
441,0.0002380440
442,0.0002602013
443,0.0002741287
444,0.0002788770
445,0.0002741228
446,0.0002601902
447,0.0002380287
448,0.0002091487
449,0.0001755184
450,0.0001394295
451,0.0001033413
452,0.0000697132
453,0.0000408366
454,0.0000186792
455,0.0000047507
456,0.0000000000
457,0.0000023753
458,0.0000093392
459,0.0000204170
460,0.0000348535
461,0.0000516650
462,0.0000697055
463,0.0000877457
464,0.0001045560
465,0.0001189908
466,0.0001300665
467,0.0001370282
468,0.0001394017
469,0.0001370251
470,0.0001300606
471,0.0001189827
472,0.0001045465
473,0.0000877358
474,0.0000696961
475,0.0000516568
476,0.0000348473
477,0.0000204128
478,0.0000093371
479,0.0000023747
480,0.0000000000
481,0.0000023746
482,0.0000093366
483,0.0000204114
484,0.0000348440
485,0.0000516509
486,0.0000696864
487,0.0000877216
488,0.0001045272
489,0.0001189580
490,0.0001300305
491,0.0001369903
492,0.0001393630
493,0.0001369871
494,0.0001300244
495,0.0001189495
496,0.0001045173
497,0.0000877112
498,0.0000696765
499,0.0000516423
500,0.0000348374
501,0.0000204070
502,0.0000093344
503,0.0000023740
504,0.0000000000
505,0.0000047479
506,0.0000186680
507,0.0000408111
508,0.0000696681
509,0.0001032721
510,0.0001393328
511,0.0001753926
512,0.0002089941
513,0.0002378472
514,0.0002599857
515,0.0002739011
516,0.0002786450
517,0.0002738943
518,0.0002599729
519,0.0002378295
520,0.0002089733
521,0.0001753709
522,0.0001393121
523,0.0001032542
524,0.0000696543
525,0.0000408020
526,0.0000186633
527,0.0000047466
528,0.0000000000
529,0.0000047465
530,0.0000186624
531,0.0000407989
532,0.0000696472
533,0.0001032411
534,0.0001392909
535,0.0001753398
536,0.0002089310
537,0.0002377753
538,0.0002599070
539,0.0002738180
540,0.0002785603
541,0.0002738109
542,0.0002598935
543,0.0002377568
544,0.0002089093
545,0.0001753171
546,0.0001392693
547,0.0001032224
548,0.0000696328
549,0.0000407894
550,0.0000186576
551,0.0000047452
552,0.0000000000
553,0.0000047450
554,0.0000186566
555,0.0000407862
556,0.0000696254
557,0.0001032087
558,0.0001392472
559,0.0001752846
560,0.0002088652
561,0.0002377002
562,0.0002598248
563,0.0002737312
564,0.0002784719
565,0.0002737238
566,0.0002598108
567,0.0002376810
568,0.0002088426
569,0.0001752610
570,0.0001392246
571,0.0001031892
572,0.0000696104
573,0.0000407763
574,0.0000186515
575,0.0000047436
576,0.0000000000
577,0.0000047435
578,0.0000186505
579,0.0000407729
580,0.0000696027
581,0.0001031750
582,0.0001392016
583,0.0001752272
584,0.0002087966
585,0.0002376221
586,0.0002597393
587,0.0002736409
588,0.0002783799
589,0.0002736333
590,0.0002597247
591,0.0002376021
592,0.0002087732
593,0.0001752026
594,0.0001391782
595,0.0001031547
596,0.0000695871
597,0.0000407626
598,0.0000186453
599,0.0000047420
600,0.0000000000
601,0.0000047419
602,0.0000186442
603,0.0000407591
604,0.0000695791
605,0.0001031400
606,0.0001391543
607,0.0001751675
608,0.0002087254
609,0.0002375409
610,0.0002596503
611,0.0002735471
612,0.0002782843
613,0.0002735391
614,0.0002596352
615,0.0002375201
616,0.0002087010
617,0.0001751420
618,0.0001391299
619,0.0001031189
620,0.0000695629
621,0.0000407484
622,0.0000186388
623,0.0000047404
624,0.0000000000
625,0.0000023701
626,0.0000093188
627,0.0000203724
628,0.0000347773
629,0.0000515518
630,0.0000695526
631,0.0000875528
632,0.0001043257
633,0.0001187283
634,0.0001297790
635,0.0001367249
636,0.0001390926
637,0.0001367208
638,0.0001297712
639,0.0001187175
640,0.0001043131
641,0.0000875395
642,0.0000695399
643,0.0000515409
644,0.0000347689
645,0.0000203668
646,0.0000093160
647,0.0000023693
648,0.0000000000
649,0.0000023693
650,0.0000093154
651,0.0000203650
652,0.0000347646
653,0.0000515330
654,0.0000695271
655,0.0000875207
656,0.0001042874
657,0.0001186847
658,0.0001297313
659,0.0001366745
660,0.0001390412
661,0.0001366702
662,0.0001297231
663,0.0001186735
664,0.0001042744
665,0.0000875070
666,0.0000695140
667,0.0000515217
668,0.0000347559
669,0.0000203592
670,0.0000093125
671,0.0000023684
672,0.0000000000
673,0.0000047367
674,0.0000186239
675,0.0000407146
676,0.0000695030
677,0.0001030269
678,0.0001390015
679,0.0001749750
680,0.0002084956
681,0.0002372790
682,0.0002593637
683,0.0002732447
684,0.0002779762
685,0.0002732359
686,0.0002593469
687,0.0002372560
688,0.0002084686
689,0.0001749467
690,0.0001389745
691,0.0001030036
692,0.0000694850
693,0.0000407027
694,0.0000186178
695,0.0000047351
696,0.0000000000
697,0.0000047349
698,0.0000186166
699,0.0000406987
700,0.0000694759
701,0.0001029867
702,0.0001389471
703,0.0001749064
704,0.0002084138
705,0.0002371858
706,0.0002592616
707,0.0002731370
708,0.0002778665
709,0.0002731279
710,0.0002592443
711,0.0002371620
712,0.0002083859
713,0.0001748772
714,0.0001389193
715,0.0001029626
716,0.0000694573
717,0.0000406865
718,0.0000186104
719,0.0000047332
720,0.0000000000
721,0.0000047330
722,0.0000186091
723,0.0000406823
724,0.0000694479
725,0.0001029451
726,0.0001388910
727,0.0001748356
728,0.0002083293
729,0.0002370895
730,0.0002591563
731,0.0002730259
732,0.0002777533
733,0.0002730165
734,0.0002591385
735,0.0002370650
736,0.0002083006
737,0.0001748055
738,0.0001388623
739,0.0001029203
740,0.0000694287
741,0.0000406697
742,0.0000186027
743,0.0000047312
744,0.0000000000
745,0.0000047310
746,0.0000186014
747,0.0000406654
748,0.0000694190
749,0.0001029023
750,0.0001388331
751,0.0001747627
752,0.0002082423
753,0.0002369904
754,0.0002590478
755,0.0002729115
756,0.0002776368
757,0.0002729018
758,0.0002590294
759,0.0002369652
760,0.0002082128
761,0.0001747317
762,0.0001388036
763,0.0001028767
764,0.0000693993
765,0.0000406524
766,0.0000185948
767,0.0000047292
768,0.0000000000
769,0.0000047290
770,0.0000185935
771,0.0000406480
772,0.0000693893
773,0.0001028582
774,0.0001387736
775,0.0001746876
776,0.0002081528
777,0.0002368884
778,0.0002589362
779,0.0002727937
780,0.0002775168
781,0.0002727838
782,0.0002589173
783,0.0002368624
784,0.0002081224
785,0.0001746558
786,0.0001387432
787,0.0001028319
788,0.0000693690
789,0.0000406347
790,0.0000185867
791,0.0000047271
792,0.0000000000
793,0.0000023635
794,0.0000092927
795,0.0000203151
796,0.0000346794
797,0.0000514064
798,0.0000693562
799,0.0000873052
800,0.0001040304
801,0.0001183918
802,0.0001294107
803,0.0001363363
804,0.0001386968
805,0.0001363312
806,0.0001294010
807,0.0001183784
808,0.0001040148
809,0.0000872889
810,0.0000693406
811,0.0000513929
812,0.0000346690
813,0.0000203082
814,0.0000092892
815,0.0000023625
816,0.0000000000
817,0.0000023624
818,0.0000092885
819,0.0000203059
820,0.0000346637
821,0.0000513832
822,0.0000693247
823,0.0000872656
824,0.0001039831
825,0.0001183379
826,0.0001293518
827,0.0001362742
828,0.0001386335
829,0.0001362689
830,0.0001293418
831,0.0001183242
832,0.0001039671
833,0.0000872488
834,0.0000693087
835,0.0000513693
836,0.0000346530
837,0.0000202989
838,0.0000092849
839,0.0000023614
840,0.0000000000
841,0.0000047226
842,0.0000185683
843,0.0000405930
844,0.0000692952
845,0.0001027185
846,0.0001385849
847,0.0001744499
848,0.0002078692
849,0.0002365653
850,0.0002585827
851,0.0002724209
852,0.0002771371
853,0.0002724101
854,0.0002585622
855,0.0002365373
856,0.0002078364
857,0.0001744155
858,0.0001385521
859,0.0001026901
860,0.0000692733
861,0.0000405785
862,0.0000185610
863,0.0000047206
864,0.0000000000
865,0.0000047204
866,0.0000185595
867,0.0000405737
868,0.0000692622
869,0.0001026696
870,0.0001385188
871,0.0001743666
872,0.0002077698
873,0.0002364521
874,0.0002584587
875,0.0002722902
876,0.0002770040
877,0.0002722792
878,0.0002584378
879,0.0002364233
880,0.0002077361
881,0.0001743313
882,0.0001384851
883,0.0001026404
884,0.0000692397
885,0.0000405589
886,0.0000185520
887,0.0000047183
888,0.0000000000
889,0.0000047181
890,0.0000185505
891,0.0000405539
892,0.0000692284
893,0.0001026194
894,0.0001384511
895,0.0001742812
896,0.0002076680
897,0.0002363361
898,0.0002583318
899,0.0002721564
900,0.0002768677
901,0.0002721451
902,0.0002583104
903,0.0002363067
904,0.0002076335
905,0.0001742451
906,0.0001384166
907,0.0001025896
908,0.0000692054
909,0.0000405387
910,0.0000185428
911,0.0000047159
912,0.0000000000
913,0.0000047157
914,0.0000185412
915,0.0000405336
916,0.0000691938
917,0.0001025681
918,0.0001383817
919,0.0001741939
920,0.0002075638
921,0.0002362174
922,0.0002582020
923,0.0002720194
924,0.0002767283
925,0.0002720079
926,0.0002581801
927,0.0002361873
928,0.0002075286
929,0.0001741569
930,0.0001383465
931,0.0001025376
932,0.0000691703
933,0.0000405181
934,0.0000185333
935,0.0000047135
936,0.0000000000
937,0.0000047133
938,0.0000185317
939,0.0000405129
940,0.0000691584
941,0.0001025156
942,0.0001383108
943,0.0001741046
944,0.0002074573
945,0.0002360961
946,0.0002580692
947,0.0002718795
948,0.0002765858
949,0.0002718677
950,0.0002580468
951,0.0002360653
952,0.0002074213
953,0.0001740668
954,0.0001382748
955,0.0001024844
956,0.0000691344
957,0.0000404971
958,0.0000185237
959,0.0000047111
960,0.0000000000
961,0.0000023554
962,0.0000092610
963,0.0000202459
964,0.0000345611
965,0.0000512310
966,0.0000691192
967,0.0000870067
968,0.0001036742
969,0.0001179861
970,0.0001289668
971,0.0001358682
972,0.0001382201
973,0.0001358622
974,0.0001289554
975,0.0001179704
976,0.0001036558
977,0.0000869874
978,0.0000691008
979,0.0000512151
980,0.0000345489
981,0.0000202378
982,0.0000092569
983,0.0000023543
984,0.0000000000
985,0.0000023542
986,0.0000092561
987,0.0000202351
988,0.0000345427
989,0.0000512036
990,0.0000690822
991,0.0000869601
992,0.0001036187
993,0.0001179228
994,0.0001288976
995,0.0001357952
996,0.0001381458
997,0.0001357891
998,0.0001288859
999,0.0001179068
1000,0.0001035999
1001,0.0000869404
1002,0.0000690635
1003,0.0000511874
1004,0.0000345302
1005,0.0000202268
1006,0.0000092519
1007,0.0000023530
1008,0.0000000000
1009,0.0000047058
1010,0.0000185021
1011,0.0000404481
1012,0.0000690477
1013,0.0001023513
1014,0.0001380890
1015,0.0001738251
1016,0.0002071240
1017,0.0002357165
1018,0.0002576539
1019,0.0002714416
1020,0.0002761399
1021,0.0002714290
1022,0.0002576301
1023,0.0002356838
1024,0.0002070858
1025,0.0001737850
1026,0.0001380508
1027,0.0001023182
1028,0.0000690222
1029,0.0000404313
1030,0.0000184936
1031,0.0000047034
1032,0.0000000000
1033,0.0000047032
1034,0.0000184919
1035,0.0000404257
1036,0.0000690093
1037,0.0001022944
1038,0.0001380121
1039,0.0001737282
1040,0.0002070085
1041,0.0002355849
1042,0.0002575100
1043,0.0002712898
1044,0.0002759854
1045,0.0002712770
1046,0.0002574857
1047,0.0002355516
1048,0.0002069695
1049,0.0001736873
1050,0.0001379731
1051,0.0001022606
1052,0.0000689833
1053,0.0000404085
1054,0.0000184831
1055,0.0000047008
1056,0.0000000000
1057,0.0000047005
1058,0.0000184814
1059,0.0000404028
1060,0.0000689702
1061,0.0001022363
1062,0.0001379338
1063,0.0001736295
1064,0.0002068908
1065,0.0002354508
1066,0.0002573633
1067,0.0002711351
1068,0.0002758279
1069,0.0002711221
1070,0.0002573386
1071,0.0002354169
1072,0.0002068511
1073,0.0001735879
1074,0.0001378941
1075,0.0001022020
1076,0.0000689437
1077,0.0000403853
1078,0.0000184725
1079,0.0000046981
1080,0.0000000000
1081,0.0000046978
1082,0.0000184707
1083,0.0000403794
1084,0.0000689303
1085,0.0001021772
1086,0.0001378540
1087,0.0001735290
1088,0.0002067709
1089,0.0002353143
1090,0.0002572140
1091,0.0002709777
1092,0.0002756677
1093,0.0002709645
1094,0.0002571888
1095,0.0002352798
1096,0.0002067305
1097,0.0001734866
1098,0.0001378136
1099,0.0001021423
1100,0.0000689034
1101,0.0000403617
1102,0.0000184617
1103,0.0000046953
1104,0.0000000000
1105,0.0000046951
1106,0.0000184599
1107,0.0000403557
1108,0.0000688898
1109,0.0001021171
1110,0.0001377728
1111,0.0001734267
1112,0.0002066490
1113,0.0002351754
1114,0.0002570620
1115,0.0002708175
1116,0.0002755046
1117,0.0002708040
1118,0.0002570365
1119,0.0002351403
1120,0.0002066078
1121,0.0001733836
1122,0.0001377317
1123,0.0001020816
1124,0.0000688624
1125,0.0000403377
1126,0.0000184507
1127,0.0000046925
1128,0.0000000000
1129,0.0000023461
1130,0.0000092244
1131,0.0000201658
1132,0.0000344243
1133,0.0000510280
1134,0.0000688451
1135,0.0000866614
1136,0.0001032625
1137,0.0001175171
1138,0.0001284538
1139,0.0001353273
1140,0.0001376694
1141,0.0001353205
1142,0.0001284408
1143,0.0001174992
1144,0.0001032416
1145,0.0000866394
1146,0.0000688242
1147,0.0000510099
1148,0.0000344104
1149,0.0000201566
1150,0.0000092198
1151,0.0000023448
1152,0.0000000000
1153,0.0000023447
1154,0.0000092188
1155,0.0000201535
1156,0.0000344033
1157,0.0000509969
1158,0.0000688032
1159,0.0000866085
1160,0.0001031994
1161,0.0001174453
1162,0.0001283753
1163,0.0001352445
1164,0.0001375851
1165,0.0001352376
1166,0.0001283621
1167,0.0001174272
1168,0.0001031782
1169,0.0000865862
1170,0.0000687819
1171,0.0000509785
1172,0.0000343892
1173,0.0000201442
1174,0.0000092141
1175,0.0000023434
1176,0.0000000000
1177,0.0000046865
1178,0.0000184262
1179,0.0000402821
1180,0.0000687641
1181,0.0001019306
1182,0.0001375211
1183,0.0001731096
1184,0.0002062708
1185,0.0002347448
1186,0.0002565910
1187,0.0002703209
1188,0.0002749991
1189,0.0002703068
1190,0.0002565642
1191,0.0002347080
1192,0.0002062277
1193,0.0001730644
1194,0.0001374779
1195,0.0001018934
1196,0.0000687354
1197,0.0000402632
1198,0.0000184166
1199,0.0000046838
1200,0.0000000000
1201,0.0000046836
1202,0.0000184147
1203,0.0000402568
1204,0.0000687209
1205,0.0001018665
1206,0.0001374345
1207,0.0001730006
1208,0.0002061408
1209,0.0002345967
1210,0.0002564291
1211,0.0002701503
1212,0.0002748253
1213,0.0002701359
1214,0.0002564019
1215,0.0002345594
1216,0.0002060971
1217,0.0001729547
1218,0.0001373907
1219,0.0001018287
1220,0.0000686917
1221,0.0000402376
1222,0.0000184049
1223,0.0000046809
1224,0.0000000000
1225,0.0000046806
1226,0.0000184029
1227,0.0000402311
1228,0.0000686770
1229,0.0001018015
1230,0.0001373467
1231,0.0001728899
1232,0.0002060089
1233,0.0002344465
1234,0.0002562648
1235,0.0002699770
1236,0.0002746490
1237,0.0002699625
1238,0.0002562372
1239,0.0002344086
1240,0.0002059645
1241,0.0001728434
1242,0.0001373023
1243,0.0001017631
1244,0.0000686474
1245,0.0000402116
1246,0.0000183930
1247,0.0000046778
1248,0.0000000000
1249,0.0000046776
1250,0.0000183910
1251,0.0000402051
1252,0.0000686325
1253,0.0001017355
1254,0.0001372576
1255,0.0001727777
1256,0.0002058751
1257,0.0002342942
1258,0.0002560982
1259,0.0002698014
1260,0.0002744702
1261,0.0002697866
1262,0.0002560702
1263,0.0002342557
1264,0.0002058301
1265,0.0001727305
1266,0.0001372126
1267,0.0001016965
1268,0.0000686025
1269,0.0000401853
1270,0.0000183810
1271,0.0000046748
1272,0.0000000000
1273,0.0000046745
1274,0.0000183790
1275,0.0000401787
1276,0.0000685874
1277,0.0001016686
1278,0.0001371672
1279,0.0001726640
1280,0.0002057395
1281,0.0002341397
1282,0.0002559293
1283,0.0002696233
1284,0.0002742889
1285,0.0002696084
1286,0.0002559009
1287,0.0002341008
1288,0.0002056939
1289,0.0001726161
1290,0.0001371216
1291,0.0001016291
1292,0.0000685570
1293,0.0000401586
1294,0.0000183688
1295,0.0000046717
1296,0.0000000000
1297,0.0000023357
1298,0.0000091834
1299,0.0000200760
1300,0.0000342708
1301,0.0000508004
1302,0.0000685379
1303,0.0000862743
1304,0.0001028010
1305,0.0001169916
1306,0.0001278791
1307,0.0001347215
1308,0.0001370527
1309,0.0001347139
1310,0.0001278647
1311,0.0001169719
1312,0.0001027779
1313,0.0000862501
1314,0.0000685148
1315,0.0000507804
1316,0.0000342554
1317,0.0000200658
1318,0.0000091782
1319,0.0000023343
1320,0.0000000000
1321,0.0000023341
1322,0.0000091772
1323,0.0000200624
1324,0.0000342477
1325,0.0000507660
1326,0.0000684915
1327,0.0000862160
1328,0.0001027314
1329,0.0001169124
1330,0.0001277924
1331,0.0001346301
1332,0.0001369597
1333,0.0001346225
1334,0.0001277778
1335,0.0001168924
1336,0.0001027081
1337,0.0000861914
1338,0.0000684681
1339,0.0000507458
1340,0.0000342321
1341,0.0000200521
1342,0.0000091719
1343,0.0000023327
1344,0.0000000000
1345,0.0000046651
1346,0.0000183418
1347,0.0000400974
1348,0.0000684485
1349,0.0001014626
1350,0.0001368892
1351,0.0001723138
1352,0.0002053220
1353,0.0002336643
1354,0.0002554093
1355,0.0002690753
1356,0.0002737311
1357,0.0002690598
1358,0.0002553799
1359,0.0002336239
1360,0.0002052746
1361,0.0001722641
1362,0.0001368419
1363,0.0001014216
1364,0.0000684170
1365,0.0000400766
1366,0.0000183312
1367,0.0000046621
1368,0.0000000000
1369,0.0000046618
1370,0.0000183291
1371,0.0000400696
1372,0.0000684011
1373,0.0001013922
1374,0.0001367942
1375,0.0001721942
1376,0.0002051794
1377,0.0002335020
1378,0.0002552318
1379,0.0002688882
1380,0.0002735407
1381,0.0002688725
1382,0.0002552020
1383,0.0002334611
1384,0.0002051315
1385,0.0001721439
1386,0.0001367463
1387,0.0001013508
1388,0.0000683692
1389,0.0000400486
1390,0.0000183184
1391,0.0000046588
1392,0.0000000000
1393,0.0000046586
1394,0.0000183162
1395,0.0000400415
1396,0.0000683531
1397,0.0001013211
1398,0.0001366982
1399,0.0001720732
1400,0.0002050352
1401,0.0002333378
1402,0.0002550522
1403,0.0002686989
1404,0.0002733480
1405,0.0002686830
1406,0.0002550221
1407,0.0002332965
1408,0.0002049868
1409,0.0001720224
1410,0.0001366498
1411,0.0001012792
1412,0.0000683208
1413,0.0000400202
1414,0.0000183054
1415,0.0000046555
1416,0.0000000000
1417,0.0000046553
1418,0.0000183033
1419,0.0000400131
1420,0.0000683046
1421,0.0001012491
1422,0.0001366011
1423,0.0001719509
1424,0.0002048894
1425,0.0002331718
1426,0.0002548707
1427,0.0002685076
1428,0.0002731533
1429,0.0002684915
1430,0.0002548403
1431,0.0002331300
1432,0.0002048405
1433,0.0001718996
1434,0.0001365521
1435,0.0001012068
1436,0.0000682720
1437,0.0000399916
1438,0.0000182923
1439,0.0000046522
1440,0.0000000000
1441,0.0000046519
1442,0.0000182901
1443,0.0000399844
1444,0.0000682556
1445,0.0001011764
1446,0.0001365029
1447,0.0001718273
1448,0.0002047421
1449,0.0002330040
1450,0.0002546873
1451,0.0002683142
1452,0.0002729565
1453,0.0002682980
1454,0.0002546565
1455,0.0002329618
1456,0.0002046926
1457,0.0001717755
1458,0.0001364535
1459,0.0001011337
1460,0.0000682226
1461,0.0000399627
1462,0.0000182791
1463,0.0000046488
1464,0.0000000000
1465,0.0000023243
1466,0.0000091384
1467,0.0000199777
1468,0.0000341030
1469,0.0000505515
1470,0.0000682019
1471,0.0000858512
1472,0.0001022966
1473,0.0001164173
1474,0.0001272510
1475,0.0001340595
1476,0.0001363789
1477,0.0001340513
1478,0.0001272354
1479,0.0001163960
1480,0.0001022717
1481,0.0000858250
1482,0.0000681769
1483,0.0000505299
1484,0.0000340864
1485,0.0000199667
1486,0.0000091329
1487,0.0000023227
1488,0.0000000000
1489,0.0000023226
1490,0.0000091317
1491,0.0000199631
1492,0.0000340780
1493,0.0000505144
1494,0.0000681518
1495,0.0000857882
1496,0.0001022215
1497,0.0001163317
1498,0.0001271574
1499,0.0001339609
1500,0.0001362785
1501,0.0001339526
1502,0.0001271417
1503,0.0001163102
1504,0.0001021963
1505,0.0000857618
1506,0.0000681266
1507,0.0000504926
1508,0.0000340612
1509,0.0000199520
1510,0.0000091261
1511,0.0000023210
1512,0.0000000000
1513,0.0000046417
1514,0.0000182500
1515,0.0000398965
1516,0.0000681055
1517,0.0001009539
1518,0.0001362026
1519,0.0001714491
1520,0.0002042913
1521,0.0002324908
1522,0.0002541260
1523,0.0002677227
1524,0.0002723544
1525,0.0002677060
1526,0.0002540943
1527,0.0002324473
1528,0.0002042404
1529,0.0001713958
1530,0.0001361518
1531,0.0001009099
1532,0.0000680716
1533,0.0000398742
1534,0.0000182386
1535,0.0000046385
1536,0.0000000000
1537,0.0000046382
1538,0.0000182363
1539,0.0000398667
1540,0.0000680546
1541,0.0001008784
1542,0.0001361007
1543,0.0001713207
1544,0.0002041382
1545,0.0002323165
1546,0.0002539354
1547,0.0002675218
1548,0.0002721500
1549,0.0002675050
1550,0.0002539035
1551,0.0002322727
1552,0.0002040869
1553,0.0001712669
1554,0.0001360493
1555,0.0001008340
1556,0.0000680204
1557,0.0000398442
1558,0.0000182249
1559,0.0000046350
1560,0.0000000000
1561,0.0000046347
1562,0.0000182226
1563,0.0000398366
1564,0.0000680032
1565,0.0001008022
1566,0.0001359978
1567,0.0001711912
1568,0.0002039838
1569,0.0002321407
1570,0.0002537432
1571,0.0002673192
1572,0.0002719439
1573,0.0002673023
1574,0.0002537110
1575,0.0002320965
1576,0.0002039320
1577,0.0001711369
1578,0.0001359460
1579,0.0001007574
1580,0.0000679687
1581,0.0000398139
1582,0.0000182110
1583,0.0000046315
1584,0.0000000000
1585,0.0000046312
1586,0.0000182087
1587,0.0000398063
1588,0.0000679514
1589,0.0001007253
1590,0.0001358941
1591,0.0001710606
1592,0.0002038281
1593,0.0002319635
1594,0.0002535494
1595,0.0002671150
1596,0.0002717361
1597,0.0002670979
1598,0.0002535170
1599,0.0002319190
1600,0.0002037759
1601,0.0001710059
1602,0.0001358419
1603,0.0001006802
1604,0.0000679166
1605,0.0000397833
1606,0.0000181970
1607,0.0000046280
1608,0.0000000000
1609,0.0000046277
1610,0.0000181947
1611,0.0000397757
1612,0.0000678991
1613,0.0001006479
1614,0.0001357896
1615,0.0001709290
1616,0.0002036712
1617,0.0002317849
1618,0.0002533541
1619,0.0002669092
1620,0.0002715266
1621,0.0002668920
1622,0.0002533214
1623,0.0002317400
1624,0.0002036186
1625,0.0001708738
1626,0.0001357370
1627,0.0001006024
1628,0.0000678641
1629,0.0000397526
1630,0.0000181830
1631,0.0000046244
1632,0.0000000000
1633,0.0000023120
1634,0.0000090903
1635,0.0000198724
1636,0.0000339233
1637,0.0000502849
1638,0.0000678421
1639,0.0000853982
1640,0.0001017566
1641,0.0001158024
1642,0.0001265787
1643,0.0001333509
1644,0.0001356578
1645,0.0001333422
1646,0.0001265622
1647,0.0001157798
1648,0.0001017301
1649,0.0000853704
1650,0.0000678156
1651,0.0000502620
1652,0.0000339056
1653,0.0000198608
1654,0.0000090844
1655,0.0000023104
1656,0.0000000000
1657,0.0000023102
1658,0.0000090832
1659,0.0000198569
1660,0.0000338968
1661,0.0000502456
1662,0.0000677891
1663,0.0000853314
1664,0.0001016769
1665,0.0001157118
1666,0.0001264796
1667,0.0001332465
1668,0.0001355515
1669,0.0001332377
1670,0.0001264630
1671,0.0001156891
1672,0.0001016503
1673,0.0000853034
1674,0.0000677624
1675,0.0000502226
1676,0.0000338790
1677,0.0000198452
1678,0.0000090772
1679,0.0000023086
1680,0.0000000000
1681,0.0000046168
1682,0.0000181521
1683,0.0000396826
1684,0.0000677401
1685,0.0001004121
1686,0.0001354713
1687,0.0001705283
1688,0.0002031936
1689,0.0002312411
1690,0.0002527596
1691,0.0002662827
1692,0.0002708890
1693,0.0002662651
1694,0.0002527262
1695,0.0002311953
1696,0.0002031399
1697,0.0001704720
1698,0.0001354177
1699,0.0001003657
1700,0.0000677043
1701,0.0000396590
1702,0.0000181401
1703,0.0000046135
1704,0.0000000000
1705,0.0000046132
1706,0.0000181377
1707,0.0000396511
1708,0.0000676864
1709,0.0001003324
1710,0.0001353638
1711,0.0001703929
1712,0.0002030322
1713,0.0002310575
1714,0.0002525587
1715,0.0002660710
1716,0.0002706737
1717,0.0002660533
1718,0.0002525252
1719,0.0002310114
1720,0.0002029782
1721,0.0001703362
1722,0.0001353098
1723,0.0001002857
1724,0.0000676504
1725,0.0000396274
1726,0.0000181257
1727,0.0000046098
1728,0.0000000000
1729,0.0000046095
1730,0.0000181232
1731,0.0000396194
1732,0.0000676323
1733,0.0001002522
1734,0.0001352556
1735,0.0001702567
1736,0.0002028699
1737,0.0002308726
1738,0.0002523567
1739,0.0002658581
1740,0.0002704570
1741,0.0002658403
1742,0.0002523229
1743,0.0002308263
1744,0.0002028156
1745,0.0001701997
1746,0.0001352013
1747,0.0001002053
1748,0.0000675961
1749,0.0000395956
1750,0.0000181111
1751,0.0000046061
1752,0.0000000000
1753,0.0000046058
1754,0.0000181087
1755,0.0000395876
1756,0.0000675780
1757,0.0001001716
1758,0.0001351468
1759,0.0001701197
1760,0.0002027066
1761,0.0002306868
1762,0.0002521534
1763,0.0002656439
1764,0.0002702390
1765,0.0002656260
1766,0.0002521195
1767,0.0002306401
1768,0.0002026519
1769,0.0001700624
1770,0.0001350922
1771,0.0001001244
1772,0.0000675415
1773,0.0000395636
1774,0.0000180965
1775,0.0000046024
1776,0.0000000000
1777,0.0000046021
1778,0.0000180940
1779,0.0000395556
1780,0.0000675233
1781,0.0001000905
1782,0.0001350374
1783,0.0001699819
1784,0.0002025424
1785,0.0002304998
1786,0.0002519491
1787,0.0002654286
1788,0.0002700199
1789,0.0002654106
1790,0.0002519149
1791,0.0002304530
1792,0.0002024875
1793,0.0001699243
1794,0.0001349825
1795,0.0001000430
1796,0.0000674867
1797,0.0000395314
1798,0.0000180818
1799,0.0000045986
1800,0.0000000000
1801,0.0000022992
1802,0.0000090397
1803,0.0000197617
1804,0.0000337342
1805,0.0000500045
1806,0.0000674637
1807,0.0000849217
1808,0.0001011887
1809,0.0001151560
1810,0.0001258718
1811,0.0001326061
1812,0.0001348998
1813,0.0001325970
1814,0.0001258547
1815,0.0001151324
1816,0.0001011611
1817,0.0000848928
1818,0.0000674361
1819,0.0000499807
1820,0.0000337158
1821,0.0000197496
1822,0.0000090335
1823,0.0000022974
1824,0.0000000000
1825,0.0000022973
1826,0.0000090323
1827,0.0000197455
1828,0.0000337065
1829,0.0000499636
1830,0.0000674085
1831,0.0000848521
1832,0.0001011058
1833,0.0001150616
1834,0.0001257686
1835,0.0001324973
1836,0.0001347892
1837,0.0001324882
1838,0.0001257514
1839,0.0001150379
1840,0.0001010780
1841,0.0000848231
1842,0.0000673807
1843,0.0000499396
1844,0.0000336880
1845,0.0000197333
1846,0.0000090261
1847,0.0000022955
1848,0.0000000000
1849,0.0000045908
1850,0.0000180496
1851,0.0000394585
1852,0.0000673576
1853,0.0000998449
1854,0.0001347059
1855,0.0001695645
1856,0.0002020449
1857,0.0002299336
1858,0.0002513300
1859,0.0002647762
1860,0.0002693561
1861,0.0002647579
1862,0.0002512953
1863,0.0002298860
1864,0.0002019892
1865,0.0001695061
1866,0.0001346502
1867,0.0000997967
1868,0.0000673204
1869,0.0000394340
1870,0.0000180372
1871,0.0000045873
1872,0.0000000000
1873,0.0000045870
1874,0.0000180347
1875,0.0000394259
1876,0.0000673018
1877,0.0000997622
1878,0.0001345944
1879,0.0001694241
1880,0.0002018776
1881,0.0002297431
1882,0.0002511218
1883,0.0002645568
1884,0.0002691329
1885,0.0002645385
1886,0.0002510870
1887,0.0002296954
1888,0.0002018217
1889,0.0001693655
1890,0.0001345385
1891,0.0000997139
1892,0.0000672646
1893,0.0000394013
1894,0.0000180222
1895,0.0000045835
1896,0.0000000000
1897,0.0000045832
1898,0.0000180197
1899,0.0000393931
1900,0.0000672459
1901,0.0000996793
1902,0.0001344825
1903,0.0001692832
1904,0.0002017097
1905,0.0002295520
1906,0.0002509128
1907,0.0002643366
1908,0.0002689088
1909,0.0002643182
1910,0.0002508779
1911,0.0002295041
1912,0.0002016535
1913,0.0001692243
1914,0.0001344263
1915,0.0000996308
1916,0.0000672085
1917,0.0000393684
1918,0.0000180072
1919,0.0000045797
1920,0.0000000000
1921,0.0000045793
1922,0.0000180047
1923,0.0000393602
1924,0.0000671897
1925,0.0000995960
1926,0.0001343701
1927,0.0001691418
1928,0.0002015411
1929,0.0002293601
1930,0.0002507030
1931,0.0002641156
1932,0.0002686839
1933,0.0002640971
1934,0.0002506680
1935,0.0002293121
1936,0.0002014848
1937,0.0001690827
1938,0.0001343138
1939,0.0000995474
1940,0.0000671522
1941,0.0000393355
1942,0.0000179921
1943,0.0000045758
1944,0.0000000000
1945,0.0000045755
1946,0.0000179896
1947,0.0000393272
1948,0.0000671334
1949,0.0000995125
1950,0.0001342574
1951,0.0001689999
1952,0.0002013720
1953,0.0002291676
1954,0.0002504926
1955,0.0002638939
1956,0.0002684584
1957,0.0002638754
1958,0.0002504575
1959,0.0002291194
1960,0.0002013155
1961,0.0001689406
1962,0.0001342009
1963,0.0000994637
1964,0.0000670958
1965,0.0000393024
1966,0.0000179770
1967,0.0000045720
1968,0.0000000000
1969,0.0000022858
1970,0.0000089872
1971,0.0000196471
1972,0.0000335384
1973,0.0000497144
1974,0.0000670722
1975,0.0000844288
1976,0.0001006012
1977,0.0001144873
1978,0.0001251408
1979,0.0001318357
1980,0.0001341161
1981,0.0001318265
1982,0.0001251232
1983,0.0001144631
1984,0.0001005729
1985,0.0000843991
1986,0.0000670439
1987,0.0000496899
1988,0.0000335196
1989,0.0000196346
1990,0.0000089809
1991,0.0000022841
1992,0.0000000000
1993,0.0000022839
1994,0.0000089796
1995,0.0000196305
1996,0.0000335101
1997,0.0000496724
1998,0.0000670155
1999,0.0000843574
2000,0.0001005162
2001,0.0001143905
2002,0.0001250350
2003,0.0001317243
2004,0.0001340026
2005,0.0001317150
2006,0.0001250173
2007,0.0001143663
2008,0.0001004878
2009,0.0000843276
2010,0.0000669871
2011,0.0000496478
2012,0.0000334912
2013,0.0000196180
2014,0.0000089733
2015,0.0000022821
2016,0.0000000000
2017,0.0000045639
2018,0.0000179441
2019,0.0000392277
2020,0.0000669634
2021,0.0000992605
2022,0.0001339174
2023,0.0001685718
2024,0.0002008619
2025,0.0002285870
2026,0.0002498579
2027,0.0002632251
2028,0.0002677779
2029,0.0002632064
2030,0.0002498225
2031,0.0002285384
2032,0.0002008050
2033,0.0001685121
2034,0.0001338605
2035,0.0000992113
2036,0.0000669255
2037,0.0000392027
2038,0.0000179314
2039,0.0000045604
2040,0.0000000000
2041,0.0000045601
2042,0.0000179288
2043,0.0000391943
2044,0.0000669065
2045,0.0000991762
2046,0.0001338035
2047,0.0001684285
2048,0.0002006911
2049,0.0002283926
2050,0.0002496453
2051,0.0002630011
2052,0.0002675501
2053,0.0002629825
2054,0.0002496099
2055,0.0002283439
2056,0.0002006340
2057,0.0001683687
2058,0.0001337465
2059,0.0000991269
2060,0.0000668685
2061,0.0000391693
2062,0.0000179161
2063,0.0000045565
2064,0.0000000000
2065,0.0000045562
2066,0.0000179135
2067,0.0000391609
2068,0.0000668495
2069,0.0000990916
2070,0.0001336895
2071,0.0001682849
2072,0.0002005199
2073,0.0002281978
2074,0.0002494324
2075,0.0002627768
2076,0.0002673219
2077,0.0002627581
2078,0.0002493969
2079,0.0002281491
2080,0.0002004628
2081,0.0001682250
2082,0.0001336324
2083,0.0000990422
2084,0.0000668114
2085,0.0000391358
2086,0.0000179008
2087,0.0000045526
2088,0.0000000000
2089,0.0000045523
2090,0.0000178982
2091,0.0000391275
2092,0.0000667924
2093,0.0000990070
2094,0.0001335752
2095,0.0001681411
2096,0.0002003486
2097,0.0002280028
2098,0.0002492192
2099,0.0002625522
2100,0.0002670933
2101,0.0002625335
2102,0.0002491837
2103,0.0002279540
2104,0.0002002914
2105,0.0001680811
2106,0.0001335181
2107,0.0000989575
2108,0.0000667543
2109,0.0000391024
2110,0.0000178855
2111,0.0000045487
2112,0.0000000000
2113,0.0000045484
2114,0.0000178829
2115,0.0000390940
2116,0.0000667352
2117,0.0000989222
2118,0.0001334609
2119,0.0001679971
2120,0.0002001770
2121,0.0002278075
2122,0.0002490058
2123,0.0002623273
2124,0.0002668645
2125,0.0002623086
2126,0.0002489702
2127,0.0002277587
2128,0.0002001198
2129,0.0001679371
2130,0.0001334037
2131,0.0000988727
2132,0.0000666971
2133,0.0000390688
2134,0.0000178701
2135,0.0000045448
2136,0.0000000000
2137,0.0000022722
2138,0.0000089338
2139,0.0000195302
2140,0.0000333390
2141,0.0000494187
2142,0.0000666732
2143,0.0000839265
2144,0.0001000026
2145,0.0001138061
2146,0.0001243961
2147,0.0001310511
2148,0.0001333178
2149,0.0001310417
2150,0.0001243783
2151,0.0001137816
2152,0.0000999740
2153,0.0000838965
2154,0.0000666446
2155,0.0000493939
2156,0.0000333199
2157,0.0000195176
2158,0.0000089274
2159,0.0000022705
2160,0.0000000000
2161,0.0000022703
2162,0.0000089261
2163,0.0000195135
2164,0.0000333104
2165,0.0000493762
2166,0.0000666159
2167,0.0000838544
2168,0.0000999167
2169,0.0001137083
2170,0.0001242892
2171,0.0001309385
2172,0.0001332032
2173,0.0001309291
2174,0.0001242714
2175,0.0001136838
2176,0.0000998881
2177,0.0000838244
2178,0.0000665873
2179,0.0000493515
2180,0.0000332913
2181,0.0000195009
2182,0.0000089197
2183,0.0000022685
2184,0.0000000000
2185,0.0000045367
2186,0.0000178369
2187,0.0000389934
2188,0.0000665634
2189,0.0000986675
2190,0.0001331173
2191,0.0001675646
2192,0.0001996616
2193,0.0002272210
2194,0.0002483646
2195,0.0002616518
2196,0.0002661773
2197,0.0002616330
2198,0.0002483290
2199,0.0002271721
2200,0.0001996043
2201,0.0001675045
2202,0.0001330600
2203,0.0000986180
2204,0.0000665252
2205,0.0000389682
2206,0.0000178241
2207,0.0000045331
2208,0.0000000000
2209,0.0000045328
2210,0.0000178215
2211,0.0000389598
2212,0.0000665061
2213,0.0000985826
2214,0.0001330027
2215,0.0001674204
2216,0.0001994898
2217,0.0002270254
2218,0.0002481509
2219,0.0002614266
2220,0.0002659482
2221,0.0002614078
2222,0.0002481152
2223,0.0002269765
2224,0.0001994325
2225,0.0001673603
2226,0.0001329455
2227,0.0000985331
2228,0.0000664680
2229,0.0000389346
2230,0.0000178088
2231,0.0000045292
2232,0.0000000000
2233,0.0000045289
2234,0.0000178062
2235,0.0000389262
2236,0.0000664489
2237,0.0000984977
2238,0.0001328882
2239,0.0001672762
2240,0.0001993180
2241,0.0002268299
2242,0.0002479371
2243,0.0002612014
2244,0.0002657191
2245,0.0002611827
2246,0.0002479015
2247,0.0002267810
2248,0.0001992607
2249,0.0001672161
2250,0.0001328310
2251,0.0000984482
2252,0.0000664107
2253,0.0000389011
2254,0.0000177934
2255,0.0000045253
2256,0.0000000000
2257,0.0000045250
2258,0.0000177909
2259,0.0000388927
2260,0.0000663916
2261,0.0000984129
2262,0.0001327737
2263,0.0001671321
2264,0.0001991463
2265,0.0002266345
2266,0.0002477236
2267,0.0002609764
2268,0.0002654903
2269,0.0002609577
2270,0.0002476880
2271,0.0002265857
2272,0.0001990891
2273,0.0001670721
2274,0.0001327165
2275,0.0000983634
2276,0.0000663535
2277,0.0000388676
2278,0.0000177781
2279,0.0000045214
2280,0.0000000000
2281,0.0000045211
2282,0.0000177755
2283,0.0000388592
2284,0.0000663344
2285,0.0000983281
2286,0.0001326594
2287,0.0001669881
2288,0.0001989748
2289,0.0002264393
2290,0.0002475102
2291,0.0002607517
2292,0.0002652616
2293,0.0002607329
2294,0.0002474747
2295,0.0002263905
2296,0.0001989176
2297,0.0001669282
2298,0.0001326022
2299,0.0000982787
2300,0.0000662964
2301,0.0000388341
2302,0.0000177628
2303,0.0000045175
2304,0.0000000000
2305,0.0000022586
2306,0.0000088801
2307,0.0000194129
2308,0.0000331387
2309,0.0000491217
2310,0.0000662726
2311,0.0000834222
2312,0.0000994017
2313,0.0001131222
2314,0.0001236485
2315,0.0001302636
2316,0.0001325166
2317,0.0001302542
2318,0.0001236308
2319,0.0001130978
2320,0.0000993732
2321,0.0000833923
2322,0.0000662440
2323,0.0000490971
2324,0.0000331196
2325,0.0000194003
2326,0.0000088737
2327,0.0000022568
2328,0.0000000000
2329,0.0000022566
2330,0.0000088725
2331,0.0000193962
2332,0.0000331101
2333,0.0000490795
2334,0.0000662155
2335,0.0000833504
2336,0.0000993162
2337,0.0001130248
2338,0.0001235422
2339,0.0001301515
2340,0.0001324026
2341,0.0001301422
2342,0.0001235244
2343,0.0001130005
2344,0.0000992877
2345,0.0000833205
2346,0.0000661871
2347,0.0000490548
2348,0.0000330912
2349,0.0000193837
2350,0.0000088661
2351,0.0000022549
2352,0.0000000000
2353,0.0000045094
2354,0.0000177297
2355,0.0000387590
2356,0.0000661633
2357,0.0000980745
2358,0.0001323172
2359,0.0001665575
2360,0.0001984616
2361,0.0002258553
2362,0.0002468719
2363,0.0002600793
2364,0.0002645776
2365,0.0002600606
2366,0.0002468366
2367,0.0002258068
2368,0.0001984048
2369,0.0001664978
2370,0.0001322604
2371,0.0000980254
2372,0.0000661255
2373,0.0000387340
2374,0.0000177170
2375,0.0000045059
2376,0.0000000000
2377,0.0000045055
2378,0.0000177145
2379,0.0000387257
2380,0.0000661065
2381,0.0000979903
2382,0.0001322036
2383,0.0001664144
2384,0.0001982912
2385,0.0002256614
2386,0.0002466600
2387,0.0002598560
2388,0.0002643505
2389,0.0002598374
2390,0.0002466247
2391,0.0002256130
2392,0.0001982345
2393,0.0001663550
2394,0.0001321469
2395,0.0000979413
2396,0.0000660687
2397,0.0000387008
2398,0.0000177018
2399,0.0000045020
2400,0.0000000000
2401,0.0000045017
2402,0.0000176993
2403,0.0000386925
2404,0.0000660498
2405,0.0000979063
2406,0.0001320902
2407,0.0001662718
2408,0.0001981212
2409,0.0002254680
2410,0.0002464486
2411,0.0002596333
2412,0.0002641239
2413,0.0002596147
2414,0.0002464134
2415,0.0002254197
2416,0.0001980647
2417,0.0001662124
2418,0.0001320337
2419,0.0000978574
2420,0.0000660121
2421,0.0000386676
2422,0.0000176866
2423,0.0000044981
2424,0.0000000000
2425,0.0000044978
2426,0.0000176841
2427,0.0000386594
2428,0.0000659933
2429,0.0000978225
2430,0.0001319772
2431,0.0001661295
2432,0.0001979517
2433,0.0002252751
2434,0.0002462377
2435,0.0002594112
2436,0.0002638980
2437,0.0002593927
2438,0.0002462026
2439,0.0002252269
2440,0.0001978953
2441,0.0001660703
2442,0.0001319208
2443,0.0000977737
2444,0.0000659557
2445,0.0000386346
2446,0.0000176715
2447,0.0000044943
2448,0.0000000000
2449,0.0000044940
2450,0.0000176690
2451,0.0000386263
2452,0.0000659369
2453,0.0000977389
2454,0.0001318645
2455,0.0001659876
2456,0.0001977827
2457,0.0002250828
2458,0.0002460275
2459,0.0002591897
2460,0.0002636727
2461,0.0002591713
2462,0.0002459925
2463,0.0002250348
2464,0.0001977265
2465,0.0001659287
2466,0.0001318083
2467,0.0000976903
2468,0.0000658995
2469,0.0000386016
2470,0.0000176565
2471,0.0000044905
2472,0.0000000000
2473,0.0000022451
2474,0.0000088270
2475,0.0000192967
2476,0.0000329404
2477,0.0000488278
2478,0.0000658761
2479,0.0000829231
2480,0.0000988071
2481,0.0001124455
2482,0.0001229090
2483,0.0001294845
2484,0.0001317241
2485,0.0001294753
2486,0.0001228916
2487,0.0001124216
2488,0.0000987791
2489,0.0000828937
2490,0.0000658481
2491,0.0000488036
2492,0.0000329217
2493,0.0000192844
2494,0.0000088207
2495,0.0000022433
2496,0.0000000000
2497,0.0000022432
2498,0.0000088195
2499,0.0000192803
2500,0.0000329124
2501,0.0000487863
2502,0.0000658201
2503,0.0000828527
2504,0.0000987232
2505,0.0001123500
2506,0.0001228046
2507,0.0001293746
2508,0.0001316123
2509,0.0001293654
2510,0.0001227873
2511,0.0001123262
2512,0.0000986953
2513,0.0000828234
2514,0.0000657922
2515,0.0000487622
2516,0.0000328938
2517,0.0000192681
2518,0.0000088132
2519,0.0000022414
2520,0.0000000000
2521,0.0000044825
2522,0.0000176240
2523,0.0000385279
2524,0.0000657690
2525,0.0000974900
2526,0.0001315287
2527,0.0001655650
2528,0.0001972792
2529,0.0002245098
2530,0.0002454014
2531,0.0002585302
2532,0.0002630019
2533,0.0002585120
2534,0.0002453668
2535,0.0002244624
2536,0.0001972236
2537,0.0001655067
2538,0.0001314732
2539,0.0000974420
2540,0.0000657320
2541,0.0000385035
2542,0.0000176116
2543,0.0000044791
2544,0.0000000000
2545,0.0000044787
2546,0.0000176091
2547,0.0000384954
2548,0.0000657135
2549,0.0000974077
2550,0.0001314177
2551,0.0001654253
2552,0.0001971127
2553,0.0002243204
2554,0.0002451943
2555,0.0002583121
2556,0.0002627801
2557,0.0002582940
2558,0.0002451599
2559,0.0002242732
2560,0.0001970574
2561,0.0001653673
2562,0.0001313624
2563,0.0000973599
2564,0.0000656766
2565,0.0000384711
2566,0.0000175968
2567,0.0000044753
2568,0.0000000000
2569,0.0000044750
2570,0.0000175943
2571,0.0000384630
2572,0.0000656582
2573,0.0000973258
2574,0.0001313072
2575,0.0001652862
2576,0.0001969470
2577,0.0002241319
2578,0.0002449883
2579,0.0002580951
2580,0.0002625593
2581,0.0002580770
2582,0.0002449540
2583,0.0002240849
2584,0.0001968919
2585,0.0001652284
2586,0.0001312521
2587,0.0000972782
2588,0.0000656215
2589,0.0000384388
2590,0.0000175820
2591,0.0000044715
2592,0.0000000000
2593,0.0000044712
2594,0.0000175795
2595,0.0000384308
2596,0.0000656032
2597,0.0000972443
2598,0.0001311972
2599,0.0001651478
2600,0.0001967821
2601,0.0002239442
2602,0.0002447832
2603,0.0002578791
2604,0.0002623396
2605,0.0002578611
2606,0.0002447491
2607,0.0002238975
2608,0.0001967273
2609,0.0001650903
2610,0.0001311424
2611,0.0000971969
2612,0.0000655667
2613,0.0000384067
2614,0.0000175673
2615,0.0000044678
2616,0.0000000000
2617,0.0000044675
2618,0.0000175649
2619,0.0000383987
2620,0.0000655484
2621,0.0000971631
2622,0.0001310878
2623,0.0001650101
2624,0.0001966180
2625,0.0002237576
2626,0.0002445792
2627,0.0002576642
2628,0.0002621211
2629,0.0002576464
2630,0.0002445453
2631,0.0002237111
2632,0.0001965636
2633,0.0001649529
2634,0.0001310333
2635,0.0000971160
2636,0.0000655121
2637,0.0000383748
2638,0.0000175527
2639,0.0000044641
2640,0.0000000000
2641,0.0000022319
2642,0.0000087751
2643,0.0000191834
2644,0.0000327470
2645,0.0000485412
2646,0.0000654895
2647,0.0000824366
2648,0.0000982275
2649,0.0001117860
2650,0.0001221882
2651,0.0001287253
2652,0.0001309519
2653,0.0001287164
2654,0.0001221713
2655,0.0001117629
2656,0.0000982004
2657,0.0000824082
2658,0.0000654624
2659,0.0000485178
2660,0.0000327289
2661,0.0000191715
2662,0.0000087691
2663,0.0000022302
2664,0.0000000000
2665,0.0000022300
2666,0.0000087679
2667,0.0000191676
2668,0.0000327199
2669,0.0000485011
2670,0.0000654354
2671,0.0000823685
2672,0.0000981464
2673,0.0001116937
2674,0.0001220874
2675,0.0001286191
2676,0.0001308439
2677,0.0001286102
2678,0.0001220706
2679,0.0001116707
2680,0.0000981194
2681,0.0000823403
2682,0.0000654085
2683,0.0000484779
2684,0.0000327020
2685,0.0000191557
2686,0.0000087619
2687,0.0000022284
2688,0.0000000000
2689,0.0000044564
2690,0.0000175214
2691,0.0000383036
2692,0.0000653861
2693,0.0000969226
2694,0.0001307633
2695,0.0001646017
2696,0.0001961315
2697,0.0002232040
2698,0.0002439743
2699,0.0002570271
2700,0.0002614730
2701,0.0002570095
2702,0.0002439410
2703,0.0002231584
2704,0.0001960780
2705,0.0001645456
2706,0.0001307098
2707,0.0000968763
2708,0.0000653504
2709,0.0000382801
2710,0.0000175094
2711,0.0000044531
2712,0.0000000000
2713,0.0000044528
2714,0.0000175070
2715,0.0000382723
2716,0.0000653327
2717,0.0000968434
2718,0.0001306565
2719,0.0001644673
2720,0.0001959714
2721,0.0002230218
2722,0.0002437752
2723,0.0002568174
2724,0.0002612598
2725,0.0002567999
2726,0.0002437421
2727,0.0002229765
2728,0.0001959183
2729,0.0001644115
2730,0.0001306033
2731,0.0000967974
2732,0.0000652972
2733,0.0000382489
2734,0.0000174952
2735,0.0000044494
2736,0.0000000000
2737,0.0000044491
2738,0.0000174928
2739,0.0000382412
2740,0.0000652796
2741,0.0000967647
2742,0.0001305504
2743,0.0001643338
2744,0.0001958124
2745,0.0002228409
2746,0.0002435775
2747,0.0002566091
2748,0.0002610480
2749,0.0002565918
2750,0.0002435447
2751,0.0002227959
2752,0.0001957596
2753,0.0001642784
2754,0.0001304976
2755,0.0000967191
2756,0.0000652444
2757,0.0000382180
2758,0.0000174810
2759,0.0000044459
2760,0.0000000000
2761,0.0000044456
2762,0.0000174787
2763,0.0000382103
2764,0.0000652269
2765,0.0000966866
2766,0.0001304451
2767,0.0001642012
2768,0.0001956545
2769,0.0002226613
2770,0.0002433812
2771,0.0002564024
2772,0.0002608377
2773,0.0002563852
2774,0.0002433486
2775,0.0002226166
2776,0.0001956021
2777,0.0001641463
2778,0.0001303927
2779,0.0000966413
2780,0.0000651920
2781,0.0000381873
2782,0.0000174670
2783,0.0000044423
2784,0.0000000000
2785,0.0000044420
2786,0.0000174646
2787,0.0000381797
2788,0.0000651746
2789,0.0000966091
2790,0.0001303405
2791,0.0001640697
2792,0.0001954978
2793,0.0002224830
2794,0.0002431864
2795,0.0002561972
2796,0.0002606290
2797,0.0002561802
2798,0.0002431540
2799,0.0002224386
2800,0.0001954458
2801,0.0001640152
2802,0.0001302886
2803,0.0000965642
2804,0.0000651400
2805,0.0000381568
2806,0.0000174530
2807,0.0000044387
2808,0.0000000000
2809,0.0000022192
2810,0.0000087254
2811,0.0000190746
2812,0.0000325614
2813,0.0000482661
2814,0.0000651184
2815,0.0000819696
2816,0.0000976712
2817,0.0001111531
2818,0.0001214965
2819,0.0001279968
2820,0.0001302110
2821,0.0001279884
2822,0.0001214805
2823,0.0001111311
2824,0.0000976454
2825,0.0000819425
2826,0.0000650926
2827,0.0000482438
2828,0.0000325442
2829,0.0000190633
2830,0.0000087196
2831,0.0000022176
2832,0.0000000000
2833,0.0000022175
2834,0.0000087185
2835,0.0000190596
2836,0.0000325356
2837,0.0000482280
2838,0.0000650670
2839,0.0000819049
2840,0.0000975941
2841,0.0001110654
2842,0.0001214007
2843,0.0001278959
2844,0.0001301084
2845,0.0001278875
2846,0.0001213848
2847,0.0001110435
2848,0.0000975685
2849,0.0000818781
2850,0.0000650414
2851,0.0000482059
2852,0.0000325186
2853,0.0000190483
2854,0.0000087128
2855,0.0000022159
2856,0.0000000000
2857,0.0000044315
2858,0.0000174232
2859,0.0000380892
2860,0.0000650202
2861,0.0000963804
2862,0.0001300320
2863,0.0001636814
2864,0.0001950353
2865,0.0002219568
2866,0.0002426114
2867,0.0002555917
2868,0.0002600132
2869,0.0002555751
2870,0.0002425799
2871,0.0002219136
2872,0.0001949846
2873,0.0001636283
2874,0.0001299813
2875,0.0000963366
2876,0.0000649865
2877,0.0000380670
2878,0.0000174119
2879,0.0000044283
2880,0.0000000000
2881,0.0000044280
2882,0.0000174097
2883,0.0000380596
2884,0.0000649697
2885,0.0000963054
2886,0.0001299309
2887,0.0001635542
2888,0.0001948838
2889,0.0002217845
2890,0.0002424231
2891,0.0002553934
2892,0.0002598116
2893,0.0002553769
2894,0.0002423919
2895,0.0002217417
2896,0.0001948336
2897,0.0001635016
2898,0.0001298807
2899,0.0000962620
2900,0.0000649362
2901,0.0000380375
2902,0.0000173985
2903,0.0000044249
2904,0.0000000000
2905,0.0000044246
2906,0.0000173963
2907,0.0000380302
2908,0.0000649196
2909,0.0000962312
2910,0.0001298308
2911,0.0001634283
2912,0.0001947338
2913,0.0002216138
2914,0.0002422366
2915,0.0002551970
2916,0.0002596118
2917,0.0002551807
2918,0.0002422057
2919,0.0002215714
2920,0.0001946841
2921,0.0001633761
2922,0.0001297811
2923,0.0000961882
2924,0.0000648864
2925,0.0000380084
2926,0.0000173852
2927,0.0000044215
2928,0.0000000000
2929,0.0000044212
2930,0.0000173830
2931,0.0000380011
2932,0.0000648699
2933,0.0000961577
2934,0.0001297317
2935,0.0001633035
2936,0.0001945852
2937,0.0002214448
2938,0.0002420519
2939,0.0002550025
2940,0.0002594141
2941,0.0002549863
2942,0.0002420213
2943,0.0002214028
2944,0.0001945360
2945,0.0001632519
2946,0.0001296825
2947,0.0000961151
2948,0.0000648371
2949,0.0000379795
2950,0.0000173720
2951,0.0000044181
2952,0.0000000000
2953,0.0000044178
2954,0.0000173698
2955,0.0000379724
2956,0.0000648208
2957,0.0000960849
2958,0.0001296335
2959,0.0001631800
2960,0.0001944381
2961,0.0002212774
2962,0.0002418691
2963,0.0002548099
2964,0.0002592183
2965,0.0002547940
2966,0.0002418388
2967,0.0002212359
2968,0.0001943894
2969,0.0001631290
2970,0.0001295848
2971,0.0000960428
2972,0.0000647884
2973,0.0000379510
2974,0.0000173589
2975,0.0000044148
2976,0.0000000000
2977,0.0000022073
2978,0.0000086784
2979,0.0000189719
2980,0.0000323861
2981,0.0000480065
2982,0.0000647682
2983,0.0000815289
2984,0.0000971463
2985,0.0001105559
2986,0.0001208441
2987,0.0001273097
2988,0.0001295123
2989,0.0001273018
2990,0.0001208291
2991,0.0001105354
2992,0.0000971222
2993,0.0000815037
2994,0.0000647441
2995,0.0000479856
2996,0.0000323701
2997,0.0000189614
2998,0.0000086730
2999,0.0000022058
3000,0.0000000000
3001,0.0000022056
3002,0.0000086719
3003,0.0000189579
3004,0.0000323621
3005,0.0000479708
3006,0.0000647202
3007,0.0000814685
3008,0.0000970743
3009,0.0001104741
3010,0.0001207547
3011,0.0001272155
3012,0.0001294165
3013,0.0001272077
3014,0.0001207399
3015,0.0001104538
3016,0.0000970505
3017,0.0000814435
3018,0.0000646964
3019,0.0000479503
3020,0.0000323462
3021,0.0000189474
3022,0.0000086666
3023,0.0000022041
3024,0.0000000000
3025,0.0000044080
3026,0.0000173311
3027,0.0000378879
3028,0.0000646766
3029,0.0000958713
3030,0.0001293454
3031,0.0001628175
3032,0.0001940063
3033,0.0002207863
3034,0.0002413325
3035,0.0002542449
3036,0.0002586437
3037,0.0002542295
3038,0.0002413032
3039,0.0002207461
3040,0.0001939593
3041,0.0001627682
3042,0.0001292984
3043,0.0000958306
3044,0.0000646453
3045,0.0000378672
3046,0.0000173206
3047,0.0000044051
3048,0.0000000000
3049,0.0000044048
3050,0.0000173185
3051,0.0000378603
3052,0.0000646297
3053,0.0000958017
3054,0.0001292516
3055,0.0001626995
3056,0.0001938657
3057,0.0002206264
3058,0.0002411577
3059,0.0002540609
3060,0.0002584566
3061,0.0002540456
3062,0.0002411288
3063,0.0002205867
3064,0.0001938192
3065,0.0001626507
3066,0.0001292051
3067,0.0000957615
3068,0.0000645987
3069,0.0000378399
3070,0.0000173081
3071,0.0000044019
3072,0.0000000000
3073,0.0000044016
3074,0.0000173061
3075,0.0000378331
3076,0.0000645833
3077,0.0000957329
3078,0.0001291589
3079,0.0001625828
3080,0.0001937268
3081,0.0002204684
3082,0.0002409851
3083,0.0002538791
3084,0.0002582718
3085,0.0002538641
3086,0.0002409566
3087,0.0002204292
3088,0.0001936809
3089,0.0001625347
3090,0.0001291130
3091,0.0000956933
3092,0.0000645527
3093,0.0000378130
3094,0.0000172958
3095,0.0000043988
3096,0.0000000000
3097,0.0000043985
3098,0.0000172938
3099,0.0000378063
3100,0.0000645375
3101,0.0000956651
3102,0.0001290674
3103,0.0001624677
3104,0.0001935897
3105,0.0002203124
3106,0.0002408147
3107,0.0002536997
3108,0.0002580893
3109,0.0002536848
3110,0.0002407865
3111,0.0002202737
3112,0.0001935444
3113,0.0001624202
3114,0.0001290221
3115,0.0000956259
3116,0.0000645073
3117,0.0000377864
3118,0.0000172837
3119,0.0000043957
3120,0.0000000000
3121,0.0000043954
3122,0.0000172817
3123,0.0000377798
3124,0.0000644923
3125,0.0000955981
3126,0.0001289770
3127,0.0001623541
3128,0.0001934544
3129,0.0002201585
3130,0.0002406466
3131,0.0002535226
3132,0.0002579093
3133,0.0002535080
3134,0.0002406188
3135,0.0002201203
3136,0.0001934097
3137,0.0001623072
3138,0.0001289323
3139,0.0000955594
3140,0.0000644625
3141,0.0000377601
3142,0.0000172717
3143,0.0000043926
3144,0.0000000000
3145,0.0000021962
3146,0.0000086348
3147,0.0000188768
3148,0.0000322238
3149,0.0000477660
3150,0.0000644440
3151,0.0000811210
3152,0.0000966604
3153,0.0001100033
3154,0.0001202404
3155,0.0001266740
3156,0.0001288659
3157,0.0001266668
3158,0.0001202266
3159,0.0001099845
3160,0.0000966384
3161,0.0000810979
3162,0.0000644219
3163,0.0000477470
3164,0.0000322091
3165,0.0000188671
3166,0.0000086299
3167,0.0000021948
3168,0.0000000000
3169,0.0000021947
3170,0.0000086289
3171,0.0000188639
3172,0.0000322018
3173,0.0000477334
3174,0.0000644001
3175,0.0000810657
3176,0.0000965946
3177,0.0001099285
3178,0.0001201586
3179,0.0001265879
3180,0.0001287784
3181,0.0001265808
3182,0.0001201451
3183,0.0001099099
3184,0.0000965729
3185,0.0000810429
3186,0.0000643783
3187,0.0000477147
3188,0.0000321874
3189,0.0000188544
3190,0.0000086241
3191,0.0000021933
3192,0.0000000000
3193,0.0000043864
3194,0.0000172463
3195,0.0000377025
3196,0.0000643604
3197,0.0000954027
3198,0.0001287136
3199,0.0001620226
3200,0.0001930596
3201,0.0002197095
3202,0.0002401561
3203,0.0002530062
3204,0.0002573842
3205,0.0002529921
3206,0.0002401295
3207,0.0002196729
3208,0.0001930168
3209,0.0001619777
3210,0.0001286708
3211,0.0000953657
3212,0.0000643318
3213,0.0000376837
3214,0.0000172367
3215,0.0000043837
3216,0.0000000000
3217,0.0000043835
3218,0.0000172348
3219,0.0000376775
3220,0.0000643177
3221,0.0000953395
3222,0.0001286283
3223,0.0001619153
3224,0.0001929319
3225,0.0002195642
3226,0.0002399974
3227,0.0002528391
3228,0.0002572144
3229,0.0002528253
3230,0.0002399712
3231,0.0002195282
3232,0.0001928897
3233,0.0001618711
3234,0.0001285862
3235,0.0000953030
3236,0.0000642896
3237,0.0000376589
3238,0.0000172254
3239,0.0000043809
3240,0.0000000000
3241,0.0000043806
3242,0.0000172235
3243,0.0000376528
3244,0.0000642757
3245,0.0000952772
3246,0.0001285444
3247,0.0001618097
3248,0.0001928062
3249,0.0002194212
3250,0.0002398412
3251,0.0002526747
3252,0.0002570472
3253,0.0002526611
3254,0.0002398154
3255,0.0002193858
3256,0.0001927647
3257,0.0001617663
3258,0.0001285029
3259,0.0000952414
3260,0.0000642480
3261,0.0000376346
3262,0.0000172143
3263,0.0000043780
3264,0.0000000000
3265,0.0000043778
3266,0.0000172124
3267,0.0000376286
3268,0.0000642343
3269,0.0000952160
3270,0.0001284618
3271,0.0001617059
3272,0.0001926825
3273,0.0002192806
3274,0.0002396876
3275,0.0002525129
3276,0.0002568827
3277,0.0002524995
3278,0.0002396622
3279,0.0002192458
3280,0.0001926417
3281,0.0001616631
3282,0.0001284210
3283,0.0000951807
3284,0.0000642071
3285,0.0000376107
3286,0.0000172033
3287,0.0000043753
3288,0.0000000000
3289,0.0000043750
3290,0.0000172015
3291,0.0000376048
3292,0.0000641937
3293,0.0000951558
3294,0.0001283806
3295,0.0001616037
3296,0.0001925609
3297,0.0002191423
3298,0.0002395365
3299,0.0002523539
3300,0.0002567211
3301,0.0002523407
3302,0.0002395116
3303,0.0002191081
3304,0.0001925208
3305,0.0001615617
3306,0.0001283405
3307,0.0000951211
3308,0.0000641669
3309,0.0000375872
3310,0.0000171926
3311,0.0000043725
3312,0.0000000000
3313,0.0000021862
3314,0.0000085954
3315,0.0000187907
3316,0.0000320769
3317,0.0000475483
3318,0.0000641504
3319,0.0000807517
3320,0.0000962207
3321,0.0001095032
3322,0.0001196940
3323,0.0001260988
3324,0.0001282811
3325,0.0001260923
3326,0.0001196818
3327,0.0001094864
3328,0.0000962010
3329,0.0000807310
3330,0.0000641307
3331,0.0000475313
3332,0.0000320637
3333,0.0000187820
3334,0.0000085910
3335,0.0000021849
3336,0.0000000000
3337,0.0000021848
3338,0.0000085901
3339,0.0000187792
3340,0.0000320572
3341,0.0000475192
3342,0.0000641112
3343,0.0000807024
3344,0.0000961620
3345,0.0001094364
3346,0.0001196211
3347,0.0001260221
3348,0.0001282031
3349,0.0001260157
3350,0.0001196091
3351,0.0001094200
3352,0.0000961427
3353,0.0000806821
3354,0.0000640919
3355,0.0000475025
3356,0.0000320444
3357,0.0000187707
3358,0.0000085858
3359,0.0000021836
3360,0.0000000000
3361,0.0000043670
3362,0.0000171700
3363,0.0000375358
3364,0.0000640760
3365,0.0000949814
3366,0.0001281456
3367,0.0001613081
3368,0.0001922088
3369,0.0002187419
3370,0.0002390992
3371,0.0002518935
3372,0.0002562531
3373,0.0002518811
3374,0.0002390756
3375,0.0002187096
3376,0.0001921709
3377,0.0001612683
3378,0.0001281077
3379,0.0000949486
3380,0.0000640507
3381,0.0000375191
3382,0.0000171615
3383,0.0000043646
3384,0.0000000000
3385,0.0000043644
3386,0.0000171598
3387,0.0000375136
3388,0.0000640382
3389,0.0000949254
3390,0.0001280701
3391,0.0001612132
3392,0.0001920959
3393,0.0002186135
3394,0.0002389589
3395,0.0002517458
3396,0.0002561030
3397,0.0002517337
3398,0.0002389358
3399,0.0002185817
3400,0.0001920587
3401,0.0001611742
3402,0.0001280330
3403,0.0000948933
3404,0.0000640134
3405,0.0000374973
3406,0.0000171515
3407,0.0000043621
3408,0.0000000000
3409,0.0000043619
3410,0.0000171499
3411,0.0000374919
3412,0.0000640011
3413,0.0000948706
3414,0.0001279962
3415,0.0001611202
3416,0.0001919851
3417,0.0002184876
3418,0.0002388214
3419,0.0002516011
3420,0.0002559559
3421,0.0002515892
3422,0.0002387988
3423,0.0002184565
3424,0.0001919487
3425,0.0001610820
3426,0.0001279598
3427,0.0000948391
3428,0.0000639769
3429,0.0000374759
3430,0.0000171417
3431,0.0000043596
3432,0.0000000000
3433,0.0000043594
3434,0.0000171401
3435,0.0000374706
3436,0.0000639649
3437,0.0000948169
3438,0.0001279238
3439,0.0001610291
3440,0.0001918767
3441,0.0002183642
3442,0.0002386867
3443,0.0002514593
3444,0.0002558118
3445,0.0002514477
3446,0.0002386646
3447,0.0002183338
3448,0.0001918411
3449,0.0001609917
3450,0.0001278881
3451,0.0000947861
3452,0.0000639411
3453,0.0000374550
3454,0.0000171322
3455,0.0000043572
3456,0.0000000000
3457,0.0000043570
3458,0.0000171306
3459,0.0000374498
3460,0.0000639294
3461,0.0000947643
3462,0.0001278529
3463,0.0001609400
3464,0.0001917706
3465,0.0002182436
3466,0.0002385550
3467,0.0002513206
3468,0.0002556708
3469,0.0002513092
3470,0.0002385333
3471,0.0002182138
3472,0.0001917357
3473,0.0001609034
3474,0.0001278180
3475,0.0000947341
3476,0.0000639061
3477,0.0000374345
3478,0.0000171228
3479,0.0000043548
3480,0.0000000000
3481,0.0000021773
3482,0.0000085606
3483,0.0000187147
3484,0.0000319473
3485,0.0000473564
3486,0.0000638918
3487,0.0000804264
3488,0.0000958334
3489,0.0001090628
3490,0.0001192130
3491,0.0001255925
3492,0.0001277665
3493,0.0001255869
3494,0.0001192024
3495,0.0001090482
3496,0.0000958163
3497,0.0000804085
3498,0.0000638747
3499,0.0000473417
3500,0.0000319360
3501,0.0000187072
3502,0.0000085568
3503,0.0000021762
3504,0.0000000000
3505,0.0000021761
3506,0.0000085561
3507,0.0000187048
3508,0.0000319303
3509,0.0000473313
3510,0.0000638579
3511,0.0000803838
3512,0.0000957827
3513,0.0001090051
3514,0.0001191501
3515,0.0001255262
3516,0.0001276991
3517,0.0001255208
3518,0.0001191397
3519,0.0001089909
3520,0.0000957660
3521,0.0000803663
3522,0.0000638413
3523,0.0000473169
3524,0.0000319193
3525,0.0000186975
3526,0.0000085524
3527,0.0000021751
3528,0.0000000000
3529,0.0000043500
3530,0.0000171033
3531,0.0000373901
3532,0.0000638276
3533,0.0000946135
3534,0.0001276497
3535,0.0001606844
3536,0.0001914663
3537,0.0002178977
3538,0.0002381772
3539,0.0002509231
3540,0.0002552668
3541,0.0002509124
3542,0.0002381570
3543,0.0002178700
3544,0.0001914339
3545,0.0001606503
3546,0.0001276172
3547,0.0000945854
3548,0.0000638059
3549,0.0000373759
3550,0.0000170960
3551,0.0000043480
3552,0.0000000000
3553,0.0000043478
3554,0.0000170946
3555,0.0000373712
3556,0.0000637952
3557,0.0000945656
3558,0.0001275851
3559,0.0001606033
3560,0.0001913698
3561,0.0002177879
3562,0.0002380573
3563,0.0002507969
3564,0.0002551385
3565,0.0002507865
3566,0.0002380377
3567,0.0002177609
3568,0.0001913381
3569,0.0001605701
3570,0.0001275535
3571,0.0000945383
3572,0.0000637741
3573,0.0000373573
3574,0.0000170875
3575,0.0000043458
3576,0.0000000000
3577,0.0000043457
3578,0.0000170861
3579,0.0000373527
3580,0.0000637637
3581,0.0000945190
3582,0.0001275223
3583,0.0001605242
3584,0.0001912756
3585,0.0002176809
3586,0.0002379405
3587,0.0002506740
3588,0.0002550136
3589,0.0002506639
3590,0.0002379213
3591,0.0002176546
3592,0.0001912448
3593,0.0001604919
3594,0.0001274914
3595,0.0000944923
3596,0.0000637432
3597,0.0000373391
3598,0.0000170793
3599,0.0000043437
3600,0.0000000000
3601,0.0000043436
3602,0.0000170779
3603,0.0000373347
3604,0.0000637330
3605,0.0000944736
3606,0.0001274610
3607,0.0001604472
3608,0.0001911840
3609,0.0002175767
3610,0.0002378268
3611,0.0002505543
3612,0.0002548920
3613,0.0002505445
3614,0.0002378081
3615,0.0002175511
3616,0.0001911540
3617,0.0001604158
3618,0.0001274310
3619,0.0000944476
3620,0.0000637130
3621,0.0000373215
3622,0.0000170712
3623,0.0000043417
3624,0.0000000000
3625,0.0000043415
3626,0.0000170699
3627,0.0000373172
3628,0.0000637032
3629,0.0000944294
3630,0.0001274015
3631,0.0001603723
3632,0.0001910949
3633,0.0002174754
3634,0.0002377162
3635,0.0002504379
3636,0.0002547737
3637,0.0002504284
3638,0.0002376981
3639,0.0002174506
3640,0.0001910658
3641,0.0001603418
3642,0.0001273723
3643,0.0000944042
3644,0.0000636838
3645,0.0000373044
3646,0.0000170634
3647,0.0000043397
3648,0.0000000000
3649,0.0000021698
3650,0.0000085310
3651,0.0000186501
3652,0.0000318371
3653,0.0000471932
3654,0.0000636718
3655,0.0000801498
3656,0.0000955042
3657,0.0001086885
3658,0.0001188044
3659,0.0001251624
3660,0.0001273294
3661,0.0001251578
3662,0.0001187956
3663,0.0001086764
3664,0.0000954900
3665,0.0000801350
3666,0.0000636577
3667,0.0000471810
3668,0.0000318277
3669,0.0000186439
3670,0.0000085279
3671,0.0000021689
3672,0.0000000000
3673,0.0000021688
3674,0.0000085273
3675,0.0000186418
3676,0.0000318230
3677,0.0000471724
3678,0.0000636437
3679,0.0000801145
3680,0.0000954622
3681,0.0001086408
3682,0.0001187523
3683,0.0001251076
3684,0.0001272737
3685,0.0001251031
3686,0.0001187437
3687,0.0001086291
3688,0.0000954485
3689,0.0000801001
3690,0.0000636300
3691,0.0000471605
3692,0.0000318139
3693,0.0000186358
3694,0.0000085242
3695,0.0000021679
3696,0.0000000000
3697,0.0000043357
3698,0.0000170472
3699,0.0000372677
3700,0.0000636188
3701,0.0000943044
3702,0.0001272331
3703,0.0001601606
3704,0.0001908429
3705,0.0002171890
3706,0.0002374035
3707,0.0002501089
3708,0.0002544395
3709,0.0002501002
3710,0.0002373870
3711,0.0002171664
3712,0.0001908164
3713,0.0001601327
3714,0.0001272065
3715,0.0000942814
3716,0.0000636011
3717,0.0000372560
3718,0.0000170413
3719,0.0000043341
3720,0.0000000000
3721,0.0000043339
3722,0.0000170401
3723,0.0000372522
3724,0.0000635924
3725,0.0000942653
3726,0.0001271804
3727,0.0001600944
3728,0.0001907641
3729,0.0002170995
3730,0.0002373058
3731,0.0002500061
3732,0.0002543350
3733,0.0002499977
3734,0.0002372898
3735,0.0002170776
3736,0.0001907384
3737,0.0001600675
3738,0.0001271547
3739,0.0000942431
3740,0.0000635752
3741,0.0000372409
3742,0.0000170344
3743,0.0000043323
3744,0.0000000000
3745,0.0000043322
3746,0.0000170332
3747,0.0000372372
3748,0.0000635668
3749,0.0000942275
3750,0.0001271295
3751,0.0001600304
3752,0.0001906880
3753,0.0002170129
3754,0.0002372113
3755,0.0002499067
3756,0.0002542341
3757,0.0002498986
3758,0.0002371959
3759,0.0002169918
3760,0.0001906632
3761,0.0001600044
3762,0.0001271047
3763,0.0000942061
3764,0.0000635503
3765,0.0000372263
3766,0.0000170277
3767,0.0000043306
3768,0.0000000000
3769,0.0000043305
3770,0.0000170266
3771,0.0000372227
3772,0.0000635422
3773,0.0000941910
3774,0.0001270803
3775,0.0001599686
3776,0.0001906145
3777,0.0002169294
3778,0.0002371202
3779,0.0002498108
3780,0.0002541367
3781,0.0002498030
3782,0.0002371053
3783,0.0002169090
3784,0.0001905906
3785,0.0001599436
3786,0.0001270564
3787,0.0000941704
3788,0.0000635263
3789,0.0000372122
3790,0.0000170213
3791,0.0000043290
3792,0.0000000000
3793,0.0000043289
3794,0.0000170202
3795,0.0000372088
3796,0.0000635184
3797,0.0000941559
3798,0.0001270330
3799,0.0001599091
3800,0.0001905437
3801,0.0002168490
3802,0.0002370324
3803,0.0002497185
3804,0.0002540429
3805,0.0002497110
3806,0.0002370181
3807,0.0002168294
3808,0.0001905207
3809,0.0001598850
3810,0.0001270100
3811,0.0000941360
3812,0.0000635031
3813,0.0000371987
3814,0.0000170151
3815,0.0000043274
3816,0.0000000000
3817,0.0000021637
3818,0.0000085070
3819,0.0000185977
3820,0.0000317478
3821,0.0000470610
3822,0.0000634937
3823,0.0000799259
3824,0.0000952378
3825,0.0001083858
3826,0.0001184740
3827,0.0001248148
3828,0.0001269763
3829,0.0001248112
3830,0.0001184671
3831,0.0001083764
3832,0.0000952267
3833,0.0000799143
3834,0.0000634827
3835,0.0000470515
3836,0.0000317404
3837,0.0000185928
3838,0.0000085046
3839,0.0000021630
3840,0.0000000000
3841,0.0000021629
3842,0.0000085041
3843,0.0000185913
3844,0.0000317368
3845,0.0000470448
3846,0.0000634719
3847,0.0000798985
3848,0.0000952051
3849,0.0001083487
3850,0.0001184335
3851,0.0001247722
3852,0.0001269331
3853,0.0001247688
3854,0.0001184269
3855,0.0001083396
3856,0.0000951945
3857,0.0000798873
3858,0.0000634613
3859,0.0000470356
3860,0.0000317298
3861,0.0000185866
3862,0.0000085017
3863,0.0000021622
3864,0.0000000000
3865,0.0000043244
3866,0.0000170025
3867,0.0000371702
3868,0.0000634526
3869,0.0000940585
3870,0.0001269018
3871,0.0001597443
3872,0.0001903476
3873,0.0002166262
3874,0.0002367893
3875,0.0002494628
3876,0.0002537832
3877,0.0002494562
3878,0.0002367767
3879,0.0002166089
3880,0.0001903273
3881,0.0001597230
3882,0.0001268815
3883,0.0000940410
3884,0.0000634391
3885,0.0000371613
3886,0.0000169980
3887,0.0000043231
3888,0.0000000000
3889,0.0000043230
3890,0.0000169971
3891,0.0000371584
3892,0.0000634325
3893,0.0000940287
3894,0.0001268617
3895,0.0001596939
3896,0.0001902877
3897,0.0002165582
3898,0.0002367151
3899,0.0002493848
3900,0.0002537040
3901,0.0002493785
3902,0.0002367031
3903,0.0002165417
3904,0.0001902684
3905,0.0001596737
3906,0.0001268424
3907,0.0000940120
3908,0.0000634196
3909,0.0000371499
3910,0.0000169928
3911,0.0000043218
3912,0.0000000000
3913,0.0000043217
3914,0.0000169920
3915,0.0000371471
3916,0.0000634133
3917,0.0000940003
3918,0.0001268235
3919,0.0001596459
3920,0.0001902307
3921,0.0002164934
3922,0.0002366444
3923,0.0002493105
3924,0.0002536286
3925,0.0002493045
3926,0.0002366330
3927,0.0002164777
3928,0.0001902123
3929,0.0001596266
3930,0.0001268051
3931,0.0000939844
3932,0.0000634011
3933,0.0000371390
3934,0.0000169879
3935,0.0000043205
3936,0.0000000000
3937,0.0000043204
3938,0.0000169871
3939,0.0000371364
3940,0.0000633951
3941,0.0000939734
3942,0.0001267872
3943,0.0001596003
3944,0.0001901764
3945,0.0002164318
3946,0.0002365772
3947,0.0002492398
3948,0.0002535568
3949,0.0002492341
3950,0.0002365663
3951,0.0002164168
3952,0.0001901589
3953,0.0001595820
3954,0.0001267697
3955,0.0000939582
3956,0.0000633834
3957,0.0000371287
3958,0.0000169832
3959,0.0000043193
3960,0.0000000000
3961,0.0000043192
3962,0.0000169824
3963,0.0000371262
3964,0.0000633778
3965,0.0000939477
3966,0.0001267527
3967,0.0001595570
3968,0.0001901249
3969,0.0002163733
3970,0.0002365134
3971,0.0002491728
3972,0.0002534888
3973,0.0002491674
3974,0.0002365032
3975,0.0002163592
3976,0.0001901084
3977,0.0001595397
3978,0.0001267362
3979,0.0000939335
3980,0.0000633667
3981,0.0000371190
3982,0.0000169787
3983,0.0000043182
3984,0.0000000000
3985,0.0000021591
3986,0.0000084890
3987,0.0000185583
3988,0.0000316807
3989,0.0000469618
3990,0.0000633601
3991,0.0000797580
3992,0.0000950381
3993,0.0001081591
3994,0.0001182266
3995,0.0001245548
3996,0.0001267123
3997,0.0001245522
3998,0.0001182218
3999,0.0001081524
4000,0.0000950304
4001,0.0000797499
4002,0.0000633523
4003,0.0000469550
4004,0.0000316755
4005,0.0000185549
4006,0.0000084873
4007,0.0000021586
4008,0.0000000000
4009,0.0000021585
4010,0.0000084869
4011,0.0000185538
4012,0.0000316730
4013,0.0000469504
4014,0.0000633447
4015,0.0000797388
4016,0.0000950152
4017,0.0001081331
4018,0.0001181983
4019,0.0001245250
4020,0.0001266821
4021,0.0001245226
4022,0.0001181937
4023,0.0001081268
4024,0.0000950079
4025,0.0000797311
4026,0.0000633374
4027,0.0000469440
4028,0.0000316681
4029,0.0000185506
4030,0.0000084853
4031,0.0000021581
4032,0.0000000000
4033,0.0000043161
4034,0.0000169699
4035,0.0000370991
4036,0.0000633315
4037,0.0000938794
4038,0.0001266607
4039,0.0001594414
4040,0.0001899876
4041,0.0002162174
4042,0.0002363435
4043,0.0002489942
4044,0.0002533076
4045,0.0002489897
4046,0.0002363350
4047,0.0002162057
4048,0.0001899739
4049,0.0001594271
4050,0.0001266470
4051,0.0000938675
4052,0.0000633224
4053,0.0000370931
4054,0.0000169669
4055,0.0000043152
4056,0.0000000000
4057,0.0000043151
4058,0.0000169663
4059,0.0000370911
4060,0.0000633180
4061,0.0000938594
4062,0.0001266338
4063,0.0001594077
4064,0.0001899475
4065,0.0002161720
4066,0.0002362939
4067,0.0002489422
4068,0.0002532548
4069,0.0002489380
4070,0.0002362860
4071,0.0002161611
4072,0.0001899348
4073,0.0001593944
4074,0.0001266211
4075,0.0000938484
4076,0.0000633095
4077,0.0000370856
4078,0.0000169635
4079,0.0000043143
4080,0.0000000000
4081,0.0000043143
4082,0.0000169629
4083,0.0000370838
4084,0.0000633054
4085,0.0000938408
4086,0.0001266089
4087,0.0001593764
4088,0.0001899103
4089,0.0002161298
4090,0.0002362480
4091,0.0002488939
4092,0.0002532059
4093,0.0002488901
4094,0.0002362407
4095,0.0002161198
4096,0.0001898986
4097,0.0001593641
4098,0.0001265971
4099,0.0000938307
4100,0.0000632976
4101,0.0000370786
4102,0.0000169603
4103,0.0000043135
4104,0.0000000000
4105,0.0000043135
4106,0.0000169598
4107,0.0000370770
4108,0.0000632939
4109,0.0000938237
4110,0.0001265859
4111,0.0001593475
4112,0.0001898760
4113,0.0002160909
4114,0.0002362056
4115,0.0002488495
4116,0.0002531608
4117,0.0002488459
4118,0.0002361989
4119,0.0002160817
4120,0.0001898653
4121,0.0001593362
4122,0.0001265751
4123,0.0000938144
4124,0.0000632867
4125,0.0000370722
4126,0.0000169574
4127,0.0000043128
4128,0.0000000000
4129,0.0000043127
4130,0.0000169569
4131,0.0000370707
4132,0.0000632832
4133,0.0000938080
4134,0.0001265648
4135,0.0001593211
4136,0.0001898447
4137,0.0002160553
4138,0.0002361669
4139,0.0002488088
4140,0.0002531196
4141,0.0002488056
4142,0.0002361608
4143,0.0002160469
4144,0.0001898349
4145,0.0001593108
4146,0.0001265550
4147,0.0000937995
4148,0.0000632767
4149,0.0000370664
4150,0.0000169547
4151,0.0000043121
4152,0.0000000000
4153,0.0000021560
4154,0.0000084772
4155,0.0000185325
4156,0.0000316368
4157,0.0000468969
4158,0.0000632728
4159,0.0000796486
4160,0.0000949081
4161,0.0001080115
4162,0.0001180659
4163,0.0001243860
4164,0.0001265412
4165,0.0001243845
4166,0.0001180631
4167,0.0001080078
4168,0.0000949037
4169,0.0000796439
4170,0.0000632684
4171,0.0000468931
4172,0.0000316338
4173,0.0000185306
4174,0.0000084762
4175,0.0000021558
4176,0.0000000000
4177,0.0000021557
4178,0.0000084760
4179,0.0000185300
4180,0.0000316325
4181,0.0000468905
4182,0.0000632642
4183,0.0000796378
4184,0.0000948953
4185,0.0001079971
4186,0.0001180502
4187,0.0001243695
4188,0.0001265245
4189,0.0001243682
4190,0.0001180477
4191,0.0001079937
4192,0.0000948914
4193,0.0000796337
4194,0.0000632603
4195,0.0000468871
4196,0.0000316298
4197,0.0000185282
4198,0.0000084751
4199,0.0000021555
4200,0.0000000000
4201,0.0000043109
4202,0.0000169499
4203,0.0000370554
4204,0.0000632572
4205,0.0000937696
4206,0.0001265132
4207,0.0001592565
4208,0.0001897680
4209,0.0002159685
4210,0.0002360725
4211,0.0002487098
4212,0.0002530194
4213,0.0002487076
4214,0.0002360682
4215,0.0002159627
4216,0.0001897611
4217,0.0001592493
4218,0.0001265063
4219,0.0000937637
4220,0.0000632526
4221,0.0000370524
4222,0.0000169483
4223,0.0000043105
4224,0.0000000000
4225,0.0000043105
4226,0.0000169481
4227,0.0000370514
4228,0.0000632505
4229,0.0000937597
4230,0.0001264999
4231,0.0001592399
4232,0.0001897484
4233,0.0002159463
4234,0.0002360483
4235,0.0002486845
4236,0.0002529938
4237,0.0002486826
4238,0.0002360446
4239,0.0002159412
4240,0.0001897425
4241,0.0001592337
4242,0.0001264940
4243,0.0000937546
4244,0.0000632465
4245,0.0000370488
4246,0.0000169467
4247,0.0000043101
4248,0.0000000000
4249,0.0000043101
4250,0.0000169465
4251,0.0000370480
4252,0.0000632447
4253,0.0000937513
4254,0.0001264886
4255,0.0001592257
4256,0.0001897316
4257,0.0002159274
4258,0.0002360278
4259,0.0002486631
4260,0.0002529722
4261,0.0002486614
4262,0.0002360247
4263,0.0002159232
4264,0.0001897267
4265,0.0001592206
4266,0.0001264837
4267,0.0000937470
4268,0.0000632415
4269,0.0000370459
4270,0.0000169454
4271,0.0000043098
4272,0.0000000000
4273,0.0000043097
4274,0.0000169452
4275,0.0000370452
4276,0.0000632400
4277,0.0000937443
4278,0.0001264792
4279,0.0001592140
4280,0.0001897178
4281,0.0002159118
4282,0.0002360109
4283,0.0002486455
4284,0.0002529544
4285,0.0002486442
4286,0.0002360085
4287,0.0002159084
4288,0.0001897139
4289,0.0001592099
4290,0.0001264753
4291,0.0000937409
4292,0.0000632373
4293,0.0000370435
4294,0.0000169443
4295,0.0000043095
4296,0.0000000000
4297,0.0000043095
4298,0.0000169442
4299,0.0000370430
4300,0.0000632362
4301,0.0000937387
4302,0.0001264719
4303,0.0001592048
4304,0.0001897070
4305,0.0002158996
4306,0.0002359977
4307,0.0002486317
4308,0.0002529406
4309,0.0002486308
4310,0.0002359959
4311,0.0002158971
4312,0.0001897040
4313,0.0001592017
4314,0.0001264689
4315,0.0000937362
4316,0.0000632342
4317,0.0000370417
4318,0.0000169435
4319,0.0000043093
4320,0.0000000000
4321,0.0000021546
4322,0.0000084717
4323,0.0000185207
4324,0.0000316167
4325,0.0000468673
4326,0.0000632332
4327,0.0000795991
4328,0.0000948496
4329,0.0001079454
4330,0.0001179941
4331,0.0001243109
4332,0.0001264654
4333,0.0001243106
4334,0.0001179935
4335,0.0001079445
4336,0.0000948486
4337,0.0000795980
4338,0.0000632322
4339,0.0000468665
4340,0.0000316160
4341,0.0000185202
4342,0.0000084715
4343,0.0000021546
4344,0.0000000000
4345,0.0000021546
4346,0.0000084714
4347,0.0000185201
4348,0.0000316158
4349,0.0000468660
4350,0.0000632315
4351,0.0000795969
4352,0.0000948471
4353,0.0001079427
4354,0.0001179912
4355,0.0001243080
4356,0.0001264624
4357,0.0001243078
4358,0.0001179909
4359,0.0001079422
4360,0.0000948466
4361,0.0000795964
4362,0.0000632310
4363,0.0000468656
4364,0.0000316155
4365,0.0000185199
4366,0.0000084713
4367,0.0000021545
4368,0.0000000000
4369,0.0000043091
4370,0.0000169426
4371,0.0000370397
4372,0.0000632308
4373,0.0000937309
4374,0.0001264615
4375,0.0001591921
4376,0.0001896922
4377,0.0002158832
4378,0.0002359803
4379,0.0002486138
4380,0.0002529229
4381,0.0002486138
4382,0.0002359803
4383,0.0002158832
4384,0.0001896922
4385,0.0001591921
4386,0.0001264615
4387,0.0000937309
4388,0.0000632308
4389,0.0000370397
4390,0.0000169426
4391,0.0000043091
4392,0.0000000000
4393,0.0000043091
4394,0.0000169427
4395,0.0000370398
4396,0.0000632309
4397,0.0000937312
4398,0.0001264620
4399,0.0001591928
4400,0.0001896932
4401,0.0002158845
4402,0.0002359818
4403,0.0002486156
4404,0.0002529248
4405,0.0002486159
4406,0.0002359824
4407,0.0002158853
4408,0.0001896942
4409,0.0001591939
4410,0.0001264630
4411,0.0000937320
4412,0.0000632316
4413,0.0000370402
4414,0.0000169429
4415,0.0000043091
4416,0.0000000000
4417,0.0000043091
4418,0.0000169430
4419,0.0000370405
4420,0.0000632321
4421,0.0000937329
4422,0.0001264645
4423,0.0001591961
4424,0.0001896971
4425,0.0002158891
4426,0.0002359870
4427,0.0002486212
4428,0.0002529308
4429,0.0002486219
4430,0.0002359882
4431,0.0002158908
4432,0.0001896991
4433,0.0001591981
4434,0.0001264664
4435,0.0000937346
4436,0.0000632334
4437,0.0000370413
4438,0.0000169434
4439,0.0000043093
4440,0.0000000000
4441,0.0000043093
4442,0.0000169435
4443,0.0000370417
4444,0.0000632342
4445,0.0000937362
4446,0.0001264689
4447,0.0001592017
4448,0.0001897040
4449,0.0002158971
4450,0.0002359959
4451,0.0002486308
4452,0.0002529406
4453,0.0002486317
4454,0.0002359977
4455,0.0002158996
4456,0.0001897070
4457,0.0001592048
4458,0.0001264719
4459,0.0000937387
4460,0.0000632362
4461,0.0000370430
4462,0.0000169442
4463,0.0000043095
4464,0.0000000000
4465,0.0000043095
4466,0.0000169443
4467,0.0000370435
4468,0.0000632373
4469,0.0000937409
4470,0.0001264753
4471,0.0001592099
4472,0.0001897139
4473,0.0002159084
4474,0.0002360085
4475,0.0002486442
4476,0.0002529544
4477,0.0002486455
4478,0.0002360109
4479,0.0002159118
4480,0.0001897178
4481,0.0001592140
4482,0.0001264792
4483,0.0000937443
4484,0.0000632400
4485,0.0000370452
4486,0.0000169452
4487,0.0000043097
4488,0.0000000000
4489,0.0000021549
4490,0.0000084727
4491,0.0000185229
4492,0.0000316207
4493,0.0000468735
4494,0.0000632418
4495,0.0000796103
4496,0.0000948633
4497,0.0001079616
4498,0.0001180124
4499,0.0001243307
4500,0.0001264861
4501,0.0001243315
4502,0.0001180139
4503,0.0001079637
4504,0.0000948658
4505,0.0000796129
4506,0.0000632443
4507,0.0000468756
4508,0.0000316224
4509,0.0000185240
4510,0.0000084732
4511,0.0000021550
4512,0.0000000000
4513,0.0000021551
4514,0.0000084734
4515,0.0000185244
4516,0.0000316233
4517,0.0000468773
4518,0.0000632470
4519,0.0000796168
4520,0.0000948712
4521,0.0001079706
4522,0.0001180223
4523,0.0001243413
4524,0.0001264969
4525,0.0001243423
4526,0.0001180241
4527,0.0001079731
4528,0.0000948742
4529,0.0000796199
4530,0.0000632500
4531,0.0000468799
4532,0.0000316252
4533,0.0000185257
4534,0.0000084740
4535,0.0000021552
4536,0.0000000000
4537,0.0000043105
4538,0.0000169483
4539,0.0000370524
4540,0.0000632526
4541,0.0000937637
4542,0.0001265063
4543,0.0001592493
4544,0.0001897611
4545,0.0002159627
4546,0.0002360682
4547,0.0002487076
4548,0.0002530194
4549,0.0002487098
4550,0.0002360725
4551,0.0002159685
4552,0.0001897680
4553,0.0001592565
4554,0.0001265132
4555,0.0000937696
4556,0.0000632572
4557,0.0000370554
4558,0.0000169499
4559,0.0000043109
4560,0.0000000000
4561,0.0000043110
4562,0.0000169502
4563,0.0000370565
4564,0.0000632597
4565,0.0000937742
4566,0.0001265206
4567,0.0001592673
4568,0.0001897828
4569,0.0002159874
4570,0.0002360954
4571,0.0002487364
4572,0.0002530489
4573,0.0002487390
4574,0.0002361003
4575,0.0002159941
4576,0.0001897907
4577,0.0001592756
4578,0.0001265284
4579,0.0000937810
4580,0.0000632649
4581,0.0000370599
4582,0.0000169520
4583,0.0000043115
4584,0.0000000000
4585,0.0000043115
4586,0.0000169523
4587,0.0000370611
4588,0.0000632677
4589,0.0000937861
4590,0.0001265368
4591,0.0001592878
4592,0.0001898074
4593,0.0002160155
4594,0.0002361263
4595,0.0002487691
4596,0.0002530823
4597,0.0002487720
4598,0.0002361318
4599,0.0002160231
4600,0.0001898162
4601,0.0001592971
4602,0.0001265456
4603,0.0000937938
4604,0.0000632736
4605,0.0000370650
4606,0.0000169543
4607,0.0000043121
4608,0.0000000000
4609,0.0000043121
4610,0.0000169547
4611,0.0000370664
4612,0.0000632767
4613,0.0000937995
4614,0.0001265550
4615,0.0001593108
4616,0.0001898349
4617,0.0002160469
4618,0.0002361608
4619,0.0002488056
4620,0.0002531196
4621,0.0002488088
4622,0.0002361669
4623,0.0002160553
4624,0.0001898447
4625,0.0001593211
4626,0.0001265648
4627,0.0000938080
4628,0.0000632832
4629,0.0000370707
4630,0.0000169569
4631,0.0000043127
4632,0.0000000000
4633,0.0000043128
4634,0.0000169574
4635,0.0000370722
4636,0.0000632867
4637,0.0000938144
4638,0.0001265751
4639,0.0001593362
4640,0.0001898653
4641,0.0002160817
4642,0.0002361989
4643,0.0002488459
4644,0.0002531608
4645,0.0002488495
4646,0.0002362056
4647,0.0002160909
4648,0.0001898760
4649,0.0001593475
4650,0.0001265859
4651,0.0000938237
4652,0.0000632939
4653,0.0000370770
4654,0.0000169598
4655,0.0000043135
4656,0.0000000000
4657,0.0000021568
4658,0.0000084801
4659,0.0000185393
4660,0.0000316488
4661,0.0000469153
4662,0.0000632986
4663,0.0000796820
4664,0.0000949493
4665,0.0001080599
4666,0.0001181203
4667,0.0001244450
4668,0.0001266029
4669,0.0001244470
4670,0.0001181240
4671,0.0001080649
4672,0.0000949552
4673,0.0000796882
4674,0.0000633044
4675,0.0000469204
4676,0.0000316527
4677,0.0000185419
4678,0.0000084815
4679,0.0000021571
4680,0.0000000000
4681,0.0000021572
4682,0.0000084817
4683,0.0000185428
4684,0.0000316548
4685,0.0000469242
4686,0.0000633106
4687,0.0000796972
4688,0.0000949674
4689,0.0001080806
4690,0.0001181430
4691,0.0001244690
4692,0.0001266274
4693,0.0001244711
4694,0.0001181470
4695,0.0001080860
4696,0.0000949738
4697,0.0000797039
4698,0.0000633169
4699,0.0000469297
4700,0.0000316590
4701,0.0000185456
4702,0.0000084831
4703,0.0000021576
4704,0.0000000000
4705,0.0000043152
4706,0.0000169669
4707,0.0000370931
4708,0.0000633224
4709,0.0000938675
4710,0.0001266470
4711,0.0001594271
4712,0.0001899739
4713,0.0002162057
4714,0.0002363350
4715,0.0002489897
4716,0.0002533076
4717,0.0002489942
4718,0.0002363435
4719,0.0002162174
4720,0.0001899876
4721,0.0001594414
4722,0.0001266607
4723,0.0000938794
4724,0.0000633315
4725,0.0000370991
4726,0.0000169699
4727,0.0000043161
4728,0.0000000000
4729,0.0000043161
4730,0.0000169706
4731,0.0000371012
4732,0.0000633362
4733,0.0000938881
4734,0.0001266748
4735,0.0001594622
4736,0.0001900159
4737,0.0002162536
4738,0.0002363875
4739,0.0002490452
4740,0.0002533642
4741,0.0002490500
4742,0.0002363966
4743,0.0002162661
4744,0.0001900305
4745,0.0001594776
4746,0.0001266895
4747,0.0000939007
4748,0.0000633460
4749,0.0000371076
4750,0.0000169738
4751,0.0000043171
4752,0.0000000000
4753,0.0000043171
4754,0.0000169745
4755,0.0000371098
4756,0.0000633510
4757,0.0000939101
4758,0.0001267046
4759,0.0001594997
4760,0.0001900607
4761,0.0002163048
4762,0.0002364435
4763,0.0002491044
4764,0.0002534246
4765,0.0002491095
4766,0.0002364532
4767,0.0002163181
4768,0.0001900763
4769,0.0001595161
4770,0.0001267202
4771,0.0000939235
4772,0.0000633614
4773,0.0000371166
4774,0.0000169780
4775,0.0000043181
4776,0.0000000000
4777,0.0000043182
4778,0.0000169787
4779,0.0000371190
4780,0.0000633667
4781,0.0000939335
4782,0.0001267362
4783,0.0001595397
4784,0.0001901084
4785,0.0002163592
4786,0.0002365032
4787,0.0002491674
4788,0.0002534888
4789,0.0002491728
4790,0.0002365134
4791,0.0002163733
4792,0.0001901249
4793,0.0001595570
4794,0.0001267527
4795,0.0000939477
4796,0.0000633778
4797,0.0000371262
4798,0.0000169824
4799,0.0000043192
4800,0.0000000000
4801,0.0000043193
4802,0.0000169832
4803,0.0000371287
4804,0.0000633834
4805,0.0000939582
4806,0.0001267697
4807,0.0001595820
4808,0.0001901589
4809,0.0002164168
4810,0.0002365663
4811,0.0002492341
4812,0.0002535568
4813,0.0002492398
4814,0.0002365772
4815,0.0002164318
4816,0.0001901764
4817,0.0001596003
4818,0.0001267872
4819,0.0000939734
4820,0.0000633951
4821,0.0000371364
4822,0.0000169871
4823,0.0000043204
4824,0.0000000000
4825,0.0000021603
4826,0.0000084939
4827,0.0000185695
4828,0.0000317005
4829,0.0000469922
4830,0.0000634026
4831,0.0000798133
4832,0.0000951061
4833,0.0001082388
4834,0.0001183165
4835,0.0001246522
4836,0.0001268143
4837,0.0001246552
4838,0.0001183222
4839,0.0001082467
4840,0.0000951153
4841,0.0000798230
4842,0.0000634118
4843,0.0000470002
4844,0.0000317067
4845,0.0000185736
4846,0.0000084960
4847,0.0000021608
4848,0.0000000000
4849,0.0000021609
4850,0.0000084964
4851,0.0000185749
4852,0.0000317098
4853,0.0000470060
4854,0.0000634212
4855,0.0000798368
4856,0.0000951342
4857,0.0001082709
4858,0.0001183515
4859,0.0001246893
4860,0.0001268520
4861,0.0001246924
4862,0.0001183576
4863,0.0001082791
4864,0.0000951439
4865,0.0000798470
4866,0.0000634309
4867,0.0000470144
4868,0.0000317163
4869,0.0000185792
4870,0.0000084986
4871,0.0000021615
4872,0.0000000000
4873,0.0000043231
4874,0.0000169980
4875,0.0000371613
4876,0.0000634391
4877,0.0000940410
4878,0.0001268815
4879,0.0001597230
4880,0.0001903273
4881,0.0002166089
4882,0.0002367767
4883,0.0002494562
4884,0.0002537832
4885,0.0002494628
4886,0.0002367893
4887,0.0002166262
4888,0.0001903476
4889,0.0001597443
4890,0.0001269018
4891,0.0000940585
4892,0.0000634526
4893,0.0000371702
4894,0.0000170025
4895,0.0000043244
4896,0.0000000000
4897,0.0000043245
4898,0.0000170035
4899,0.0000371732
4900,0.0000634595
4901,0.0000940713
4902,0.0001269225
4903,0.0001597747
4904,0.0001903890
4905,0.0002166793
4906,0.0002368537
4907,0.0002495375
4908,0.0002538661
4909,0.0002495445
4910,0.0002368669
4911,0.0002166974
4912,0.0001904102
4913,0.0001597969
4914,0.0001269437
4915,0.0000940896
4916,0.0000634736
4917,0.0000371825
4918,0.0000170082
4919,0.0000043258
4920,0.0000000000
4921,0.0000043259
4922,0.0000170092
4923,0.0000371857
4924,0.0000634809
4925,0.0000941029
4926,0.0001269653
4927,0.0001598287
4928,0.0001904535
4929,0.0002167528
4930,0.0002369342
4931,0.0002496224
4932,0.0002539527
4933,0.0002496297
4934,0.0002369480
4935,0.0002167716
4936,0.0001904756
4937,0.0001598519
4938,0.0001269874
4939,0.0000941221
4940,0.0000634956
4941,0.0000371954
4942,0.0000170141
4943,0.0000043273
4944,0.0000000000
4945,0.0000043274
4946,0.0000170151
4947,0.0000371987
4948,0.0000635031
4949,0.0000941360
4950,0.0001270100
4951,0.0001598850
4952,0.0001905207
4953,0.0002168294
4954,0.0002370181
4955,0.0002497110
4956,0.0002540429
4957,0.0002497185
4958,0.0002370324
4959,0.0002168490
4960,0.0001905437
4961,0.0001599091
4962,0.0001270330
4963,0.0000941559
4964,0.0000635184
4965,0.0000372088
4966,0.0000170202
4967,0.0000043289
4968,0.0000000000
4969,0.0000043290
4970,0.0000170213
4971,0.0000372122
4972,0.0000635263
4973,0.0000941704
4974,0.0001270564
4975,0.0001599436
4976,0.0001905906
4977,0.0002169090
4978,0.0002371053
4979,0.0002498030
4980,0.0002541367
4981,0.0002498108
4982,0.0002371202
4983,0.0002169294
4984,0.0001906145
4985,0.0001599686
4986,0.0001270803
4987,0.0000941910
4988,0.0000635422
4989,0.0000372227
4990,0.0000170266
4991,0.0000043305
4992,0.0000000000
4993,0.0000021653
4994,0.0000085139
4995,0.0000186132
4996,0.0000317751
4997,0.0000471030
4998,0.0000635523
4999,0.0000800022
5000,0.0000953316
5001,0.0001084959
5002,0.0001185980
5003,0.0001249493
5004,0.0001271170
5005,0.0001249534
5006,0.0001186057
5007,0.0001085065
5008,0.0000953440
5009,0.0000800152
5010,0.0000635647
5011,0.0000471137
5012,0.0000317834
5013,0.0000186186
5014,0.0000085166
5015,0.0000021661
5016,0.0000000000
5017,0.0000021662
5018,0.0000085172
5019,0.0000186204
5020,0.0000317876
5021,0.0000471215
5022,0.0000635774
5023,0.0000800337
5024,0.0000953692
5025,0.0001085388
5026,0.0001186449
5027,0.0001249988
5028,0.0001271675
5029,0.0001250030
5030,0.0001186529
5031,0.0001085497
5032,0.0000953821
5033,0.0000800472
5034,0.0000635902
5035,0.0000471326
5036,0.0000317962
5037,0.0000186261
5038,0.0000085201
5039,0.0000021670
5040,0.0000000000
5041,0.0000043341
5042,0.0000170413
5043,0.0000372560
5044,0.0000636011
5045,0.0000942814
5046,0.0001272065
5047,0.0001601327
5048,0.0001908164
5049,0.0002171664
5050,0.0002373870
5051,0.0002501002
5052,0.0002544395
5053,0.0002501089
5054,0.0002374035
5055,0.0002171890
5056,0.0001908429
5057,0.0001601606
5058,0.0001272331
5059,0.0000943044
5060,0.0000636188
5061,0.0000372677
5062,0.0000170472
5063,0.0000043357
5064,0.0000000000
5065,0.0000043359
5066,0.0000170484
5067,0.0000372716
5068,0.0000636278
5069,0.0000943211
5070,0.0001272601
5071,0.0001602002
5072,0.0001908969
5073,0.0002172581
5074,0.0002374875
5075,0.0002502062
5076,0.0002545474
5077,0.0002502152
5078,0.0002375045
5079,0.0002172816
5080,0.0001909243
5081,0.0001602290
5082,0.0001272875
5083,0.0000943448
5084,0.0000636460
5085,0.0000372837
5086,0.0000170545
5087,0.0000043376
5088,0.0000000000
5089,0.0000043378
5090,0.0000170558
5091,0.0000372877
5092,0.0000636553
5093,0.0000943620
5094,0.0001273153
5095,0.0001602699
5096,0.0001909800
5097,0.0002173529
5098,0.0002375912
5099,0.0002503156
5100,0.0002546589
5101,0.0002503249
5102,0.0002376088
5103,0.0002173770
5104,0.0001910083
5105,0.0001602996
5106,0.0001273436
5107,0.0000943864
5108,0.0000636742
5109,0.0000373002
5110,0.0000170621
5111,0.0000043395
5112,0.0000000000
5113,0.0000043397
5114,0.0000170634
5115,0.0000373044
5116,0.0000636838
5117,0.0000944042
5118,0.0001273723
5119,0.0001603418
5120,0.0001910658
5121,0.0002174506
5122,0.0002376981
5123,0.0002504284
5124,0.0002547737
5125,0.0002504379
5126,0.0002377162
5127,0.0002174754
5128,0.0001910949
5129,0.0001603723
5130,0.0001274015
5131,0.0000944294
5132,0.0000637032
5133,0.0000373172
5134,0.0000170699
5135,0.0000043415
5136,0.0000000000
5137,0.0000043417
5138,0.0000170712
5139,0.0000373215
5140,0.0000637130
5141,0.0000944476
5142,0.0001274310
5143,0.0001604158
5144,0.0001911540
5145,0.0002175511
5146,0.0002378081
5147,0.0002505445
5148,0.0002548920
5149,0.0002505543
5150,0.0002378268
5151,0.0002175767
5152,0.0001911840
5153,0.0001604472
5154,0.0001274610
5155,0.0000944736
5156,0.0000637330
5157,0.0000373347
5158,0.0000170779
5159,0.0000043436
5160,0.0000000000
5161,0.0000021719
5162,0.0000085396
5163,0.0000186696
5164,0.0000318716
5165,0.0000472462
5166,0.0000637457
5167,0.0000802459
5168,0.0000956224
5169,0.0001088273
5170,0.0001189607
5171,0.0001253319
5172,0.0001275068
5173,0.0001253370
5174,0.0001189703
5175,0.0001088404
5176,0.0000956378
5177,0.0000802621
5178,0.0000637611
5179,0.0000472595
5180,0.0000318819
5181,0.0000186763
5182,0.0000085431
5183,0.0000021728
5184,0.0000000000
5185,0.0000021729
5186,0.0000085438
5187,0.0000186786
5188,0.0000318871
5189,0.0000472691
5190,0.0000637767
5191,0.0000802850
5192,0.0000956691
5193,0.0001088804
5194,0.0001190188
5195,0.0001253933
5196,0.0001275693
5197,0.0001253985
5198,0.0001190287
5199,0.0001088939
5200,0.0000956849
5201,0.0000803016
5202,0.0000637926
5203,0.0000472828
5204,0.0000318976
5205,0.0000186856
5206,0.0000085473
5207,0.0000021739
5208,0.0000000000
5209,0.0000043480
5210,0.0000170960
5211,0.0000373759
5212,0.0000638059
5213,0.0000945854
5214,0.0001276172
5215,0.0001606503
5216,0.0001914339
5217,0.0002178700
5218,0.0002381570
5219,0.0002509124
5220,0.0002552668
5221,0.0002509231
5222,0.0002381772
5223,0.0002178977
5224,0.0001914663
5225,0.0001606844
5226,0.0001276497
5227,0.0000946135
5228,0.0000638276
5229,0.0000373901
5230,0.0000171033
5231,0.0000043500
5232,0.0000000000
5233,0.0000043502
5234,0.0000171047
5235,0.0000373949
5236,0.0000638385
5237,0.0000946338
5238,0.0001276825
5239,0.0001607327
5240,0.0001915321
5241,0.0002179819
5242,0.0002382795
5243,0.0002510416
5244,0.0002553982
5245,0.0002510525
5246,0.0002383002
5247,0.0002180103
5248,0.0001915654
5249,0.0001607676
5250,0.0001277158
5251,0.0000946626
5252,0.0000638607
5253,0.0000374095
5254,0.0000171122
5255,0.0000043523
5256,0.0000000000
5257,0.0000043525
5258,0.0000171137
5259,0.0000374145
5260,0.0000638719
5261,0.0000946834
5262,0.0001277495
5263,0.0001608170
5264,0.0001916327
5265,0.0002180965
5266,0.0002384049
5267,0.0002511738
5268,0.0002555329
5269,0.0002511850
5270,0.0002384261
5271,0.0002181256
5272,0.0001916668
5273,0.0001608528
5274,0.0001277836
5275,0.0000947129
5276,0.0000638946
5277,0.0000374294
5278,0.0000171213
5279,0.0000043546
5280,0.0000000000
5281,0.0000043548
5282,0.0000171228
5283,0.0000374345
5284,0.0000639061
5285,0.0000947341
5286,0.0001278180
5287,0.0001609034
5288,0.0001917357
5289,0.0002182138
5290,0.0002385333
5291,0.0002513092
5292,0.0002556708
5293,0.0002513206
5294,0.0002385550
5295,0.0002182436
5296,0.0001917706
5297,0.0001609400
5298,0.0001278529
5299,0.0000947643
5300,0.0000639294
5301,0.0000374498
5302,0.0000171306
5303,0.0000043570
5304,0.0000000000
5305,0.0000043572
5306,0.0000171322
5307,0.0000374550
5308,0.0000639411
5309,0.0000947861
5310,0.0001278881
5311,0.0001609917
5312,0.0001918411
5313,0.0002183338
5314,0.0002386646
5315,0.0002514477
5316,0.0002558118
5317,0.0002514593
5318,0.0002386867
5319,0.0002183642
5320,0.0001918767
5321,0.0001610291
5322,0.0001279238
5323,0.0000948169
5324,0.0000639649
5325,0.0000374706
5326,0.0000171401
5327,0.0000043594
5328,0.0000000000
5329,0.0000021798
5330,0.0000085709
5331,0.0000187380
5332,0.0000319884
5333,0.0000474196
5334,0.0000639799
5335,0.0000805410
5336,0.0000959744
5337,0.0001092282
5338,0.0001193994
5339,0.0001257946
5340,0.0001279779
5341,0.0001258005
5342,0.0001194107
5343,0.0001092438
5344,0.0000959926
5345,0.0000805601
5346,0.0000639981
5347,0.0000474353
5348,0.0000320006
5349,0.0000187459
5350,0.0000085749
5351,0.0000021809
5352,0.0000000000
5353,0.0000021810
5354,0.0000085758
5355,0.0000187486
5356,0.0000320067
5357,0.0000474467
5358,0.0000640165
5359,0.0000805871
5360,0.0000960293
5361,0.0001092909
5362,0.0001194679
5363,0.0001258668
5364,0.0001280515
5365,0.0001258729
5366,0.0001194795
5367,0.0001093067
5368,0.0000960479
5369,0.0000806066
5370,0.0000640351
5371,0.0000474627
5372,0.0000320191
5373,0.0000187568
5374,0.0000085799
5375,0.0000021822
5376,0.0000000000
5377,0.0000043646
5378,0.0000171615
5379,0.0000375191
5380,0.0000640507
5381,0.0000949486
5382,0.0001281077
5383,0.0001612683
5384,0.0001921709
5385,0.0002187096
5386,0.0002390756
5387,0.0002518811
5388,0.0002562531
5389,0.0002518935
5390,0.0002390992
5391,0.0002187419
5392,0.0001922088
5393,0.0001613081
5394,0.0001281456
5395,0.0000949814
5396,0.0000640760
5397,0.0000375358
5398,0.0000171700
5399,0.0000043670
5400,0.0000000000
5401,0.0000043672
5402,0.0000171717
5403,0.0000375414
5404,0.0000640887
5405,0.0000950050
5406,0.0001281838
5407,0.0001613643
5408,0.0001922854
5409,0.0002188399
5410,0.0002392182
5411,0.0002520315
5412,0.0002564062
5413,0.0002520441
5414,0.0002392423
5415,0.0002188729
5416,0.0001923240
5417,0.0001614048
5418,0.0001282225
5419,0.0000950384
5420,0.0000641145
5421,0.0000375583
5422,0.0000171803
5423,0.0000043696
5424,0.0000000000
5425,0.0000043698
5426,0.0000171820
5427,0.0000375640
5428,0.0000641275
5429,0.0000950625
5430,0.0001282615
5431,0.0001614621
5432,0.0001924020
5433,0.0002189728
5434,0.0002393636
5435,0.0002521847
5436,0.0002565622
5437,0.0002521976
5438,0.0002393880
5439,0.0002190064
5440,0.0001924414
5441,0.0001615034
5442,0.0001283008
5443,0.0000950966
5444,0.0000641537
5445,0.0000375813
5446,0.0000171908
5447,0.0000043723
5448,0.0000000000
5449,0.0000043725
5450,0.0000171926
5451,0.0000375872
5452,0.0000641669
5453,0.0000951211
5454,0.0001283405
5455,0.0001615617
5456,0.0001925208
5457,0.0002191081
5458,0.0002395116
5459,0.0002523407
5460,0.0002567211
5461,0.0002523539
5462,0.0002395365
5463,0.0002191423
5464,0.0001925609
5465,0.0001616037
5466,0.0001283806
5467,0.0000951558
5468,0.0000641937
5469,0.0000376048
5470,0.0000172015
5471,0.0000043750
5472,0.0000000000
5473,0.0000043753
5474,0.0000172033
5475,0.0000376107
5476,0.0000642071
5477,0.0000951807
5478,0.0001284210
5479,0.0001616631
5480,0.0001926417
5481,0.0002192458
5482,0.0002396622
5483,0.0002524995
5484,0.0002568827
5485,0.0002525129
5486,0.0002396876
5487,0.0002192806
5488,0.0001926825
5489,0.0001617059
5490,0.0001284618
5491,0.0000952160
5492,0.0000642343
5493,0.0000376286
5494,0.0000172124
5495,0.0000043778
5496,0.0000000000
5497,0.0000021890
5498,0.0000086071
5499,0.0000188173
5500,0.0000321240
5501,0.0000476207
5502,0.0000642515
5503,0.0000808831
5504,0.0000963824
5505,0.0001096929
5506,0.0001199077
5507,0.0001263305
5508,0.0001285236
5509,0.0001263373
5510,0.0001199206
5511,0.0001097106
5512,0.0000964031
5513,0.0000809049
5514,0.0000642722
5515,0.0000476386
5516,0.0000321378
5517,0.0000188264
5518,0.0000086118
5519,0.0000021903
5520,0.0000000000
5521,0.0000021904
5522,0.0000086127
5523,0.0000188295
5524,0.0000321448
5525,0.0000476515
5526,0.0000642931
5527,0.0000809356
5528,0.0000964449
5529,0.0001097641
5530,0.0001199856
5531,0.0001264126
5532,0.0001286072
5533,0.0001264196
5534,0.0001199987
5535,0.0001097821
5536,0.0000964659
5537,0.0000809577
5538,0.0000643141
5539,0.0000476697
5540,0.0000321588
5541,0.0000188387
5542,0.0000086174
5543,0.0000021918
5544,0.0000000000
5545,0.0000043837
5546,0.0000172367
5547,0.0000376837
5548,0.0000643318
5549,0.0000953657
5550,0.0001286708
5551,0.0001619777
5552,0.0001930168
5553,0.0002196729
5554,0.0002401295
5555,0.0002529921
5556,0.0002573842
5557,0.0002530062
5558,0.0002401561
5559,0.0002197095
5560,0.0001930596
5561,0.0001620226
5562,0.0001287136
5563,0.0000954027
5564,0.0000643604
5565,0.0000377025
5566,0.0000172463
5567,0.0000043864
5568,0.0000000000
5569,0.0000043867
5570,0.0000172482
5571,0.0000377088
5572,0.0000643747
5573,0.0000954293
5574,0.0001287567
5575,0.0001620859
5576,0.0001931458
5577,0.0002198199
5578,0.0002402902
5579,0.0002531616
5580,0.0002575567
5581,0.0002531758
5582,0.0002403172
5583,0.0002198570
5584,0.0001931893
5585,0.0001621315
5586,0.0001288001
5587,0.0000954669
5588,0.0000644037
5589,0.0000377279
5590,0.0000172579
5591,0.0000043894
5592,0.0000000000
5593,0.0000043896
5594,0.0000172598
5595,0.0000377343
5596,0.0000644183
5597,0.0000954939
5598,0.0001288439
5599,0.0001621957
5600,0.0001932768
5601,0.0002199690
5602,0.0002404533
5603,0.0002533335
5604,0.0002577317
5605,0.0002533480
5606,0.0002404807
5607,0.0002200066
5608,0.0001933209
5609,0.0001622420
5610,0.0001288880
5611,0.0000955320
5612,0.0000644477
5613,0.0000377536
5614,0.0000172697
5615,0.0000043924
5616,0.0000000000
5617,0.0000043926
5618,0.0000172717
5619,0.0000377601
5620,0.0000644625
5621,0.0000955594
5622,0.0001289323
5623,0.0001623072
5624,0.0001934097
5625,0.0002201203
5626,0.0002406188
5627,0.0002535080
5628,0.0002579093
5629,0.0002535226
5630,0.0002406466
5631,0.0002201585
5632,0.0001934544
5633,0.0001623541
5634,0.0001289770
5635,0.0000955981
5636,0.0000644923
5637,0.0000377798
5638,0.0000172817
5639,0.0000043954
5640,0.0000000000
5641,0.0000043957
5642,0.0000172837
5643,0.0000377864
5644,0.0000645073
5645,0.0000956259
5646,0.0001290221
5647,0.0001624202
5648,0.0001935444
5649,0.0002202737
5650,0.0002407865
5651,0.0002536848
5652,0.0002580893
5653,0.0002536997
5654,0.0002408147
5655,0.0002203124
5656,0.0001935897
5657,0.0001624677
5658,0.0001290674
5659,0.0000956651
5660,0.0000645375
5661,0.0000378063
5662,0.0000172938
5663,0.0000043985
5664,0.0000000000
5665,0.0000021994
5666,0.0000086479
5667,0.0000189065
5668,0.0000322763
5669,0.0000478466
5670,0.0000645565
5671,0.0000812673
5672,0.0000968405
5673,0.0001102146
5674,0.0001204783
5675,0.0001269320
5676,0.0001291359
5677,0.0001269396
5678,0.0001204926
5679,0.0001102342
5680,0.0000968634
5681,0.0000812914
5682,0.0000645794
5683,0.0000478665
5684,0.0000322916
5685,0.0000189166
5686,0.0000086530
5687,0.0000022008
5688,0.0000000000
5689,0.0000022009
5690,0.0000086541
5691,0.0000189200
5692,0.0000322993
5693,0.0000478807
5694,0.0000646025
5695,0.0000813253
5696,0.0000969096
5697,0.0001102933
5698,0.0001205644
5699,0.0001270228
5700,0.0001292283
5701,0.0001270304
5702,0.0001205789
5703,0.0001103132
5704,0.0000969329
5705,0.0000813497
5706,0.0000646258
5707,0.0000479008
5708,0.0000323148
5709,0.0000189302
5710,0.0000086593
5711,0.0000022024
5712,0.0000000000
5713,0.0000044051
5714,0.0000173206
5715,0.0000378672
5716,0.0000646453
5717,0.0000958306
5718,0.0001292984
5719,0.0001627682
5720,0.0001939593
5721,0.0002207461
5722,0.0002413032
5723,0.0002542295
5724,0.0002586437
5725,0.0002542449
5726,0.0002413325
5727,0.0002207863
5728,0.0001940063
5729,0.0001628175
5730,0.0001293454
5731,0.0000958713
5732,0.0000646766
5733,0.0000378879
5734,0.0000173311
5735,0.0000044080
5736,0.0000000000
5737,0.0000044083
5738,0.0000173332
5739,0.0000378948
5740,0.0000646924
5741,0.0000959005
5742,0.0001293928
5743,0.0001628870
5744,0.0001941010
5745,0.0002209075
5746,0.0002414797
5747,0.0002544155
5748,0.0002588331
5749,0.0002544311
5750,0.0002415093
5751,0.0002209482
5752,0.0001941486
5753,0.0001629370
5754,0.0001294404
5755,0.0000959417
5756,0.0000647242
5757,0.0000379157
5758,0.0000173439
5759,0.0000044113
5760,0.0000000000
5761,0.0000044115
5762,0.0000173460
5763,0.0000379227
5764,0.0000647401
5765,0.0000959713
5766,0.0001294883
5767,0.0001630073
5768,0.0001942444
5769,0.0002210708
5770,0.0002416583
5771,0.0002546037
5772,0.0002590246
5773,0.0002546195
5774,0.0002416882
5775,0.0002211119
5776,0.0001942926
5777,0.0001630578
5778,0.0001295364
5779,0.0000960129
5780,0.0000647722
5781,0.0000379439
5782,0.0000173567
5783,0.0000044145
5784,0.0000000000
5785,0.0000044148
5786,0.0000173589
5787,0.0000379510
5788,0.0000647884
5789,0.0000960428
5790,0.0001295848
5791,0.0001631290
5792,0.0001943894
5793,0.0002212359
5794,0.0002418388
5795,0.0002547940
5796,0.0002592183
5797,0.0002548099
5798,0.0002418691
5799,0.0002212774
5800,0.0001944381
5801,0.0001631800
5802,0.0001296335
5803,0.0000960849
5804,0.0000648208
5805,0.0000379724
5806,0.0000173698
5807,0.0000044178
5808,0.0000000000
5809,0.0000044181
5810,0.0000173720
5811,0.0000379795
5812,0.0000648371
5813,0.0000961151
5814,0.0001296825
5815,0.0001632519
5816,0.0001945360
5817,0.0002214028
5818,0.0002420213
5819,0.0002549863
5820,0.0002594141
5821,0.0002550025
5822,0.0002420519
5823,0.0002214448
5824,0.0001945852
5825,0.0001633035
5826,0.0001297317
5827,0.0000961577
5828,0.0000648699
5829,0.0000380011
5830,0.0000173830
5831,0.0000044212
5832,0.0000000000
5833,0.0000022107
5834,0.0000086926
5835,0.0000190042
5836,0.0000324432
5837,0.0000480941
5838,0.0000648906
5839,0.0000816881
5840,0.0000973420
5841,0.0001107857
5842,0.0001211028
5843,0.0001275903
5844,0.0001298059
5845,0.0001275985
5846,0.0001211183
5847,0.0001108069
5848,0.0000973669
5849,0.0000817141
5850,0.0000649154
5851,0.0000481156
5852,0.0000324598
5853,0.0000190151
5854,0.0000086981
5855,0.0000022123
5856,0.0000000000
5857,0.0000022124
5858,0.0000086992
5859,0.0000190188
5860,0.0000324681
5861,0.0000481310
5862,0.0000649404
5863,0.0000817508
5864,0.0000974168
5865,0.0001108708
5866,0.0001211960
5867,0.0001276885
5868,0.0001299058
5869,0.0001276967
5870,0.0001212116
5871,0.0001108922
5872,0.0000974419
5873,0.0000817771
5874,0.0000649655
5875,0.0000481527
5876,0.0000324848
5877,0.0000190298
5878,0.0000087048
5879,0.0000022140
5880,0.0000000000
5881,0.0000044283
5882,0.0000174119
5883,0.0000380670
5884,0.0000649865
5885,0.0000963366
5886,0.0001299813
5887,0.0001636283
5888,0.0001949846
5889,0.0002219136
5890,0.0002425799
5891,0.0002555751
5892,0.0002600132
5893,0.0002555917
5894,0.0002426114
5895,0.0002219568
5896,0.0001950353
5897,0.0001636814
5898,0.0001300320
5899,0.0000963804
5900,0.0000650202
5901,0.0000380892
5902,0.0000174232
5903,0.0000044315
5904,0.0000000000
5905,0.0000044317
5906,0.0000174255
5907,0.0000380967
5908,0.0000650372
5909,0.0000964118
5910,0.0001300828
5911,0.0001637561
5912,0.0001951370
5913,0.0002220871
5914,0.0002427696
5915,0.0002557750
5916,0.0002602167
5917,0.0002557918
5918,0.0002428014
5919,0.0002221307
5920,0.0001951881
5921,0.0001638097
5922,0.0001301339
5923,0.0000964560
5924,0.0000650712
5925,0.0000381191
5926,0.0000174369
5927,0.0000044349
5928,0.0000000000
5929,0.0000044352
5930,0.0000174392
5931,0.0000381266
5932,0.0000650884
5933,0.0000964877
5934,0.0001301853
5935,0.0001638851
5936,0.0001952908
5937,0.0002222621
5938,0.0002429610
5939,0.0002559767
5940,0.0002604220
5941,0.0002559936
5942,0.0002429931
5943,0.0002223061
5944,0.0001953423
5945,0.0001639392
5946,0.0001302368
5947,0.0000965322
5948,0.0000651227
5949,0.0000381493
5950,0.0000174507
5951,0.0000044384
5952,0.0000000000
5953,0.0000044387
5954,0.0000174530
5955,0.0000381568
5956,0.0000651400
5957,0.0000965642
5958,0.0001302886
5959,0.0001640152
5960,0.0001954458
5961,0.0002224386
5962,0.0002431540
5963,0.0002561802
5964,0.0002606290
5965,0.0002561972
5966,0.0002431864
5967,0.0002224830
5968,0.0001954978
5969,0.0001640697
5970,0.0001303405
5971,0.0000966091
5972,0.0000651746
5973,0.0000381797
5974,0.0000174646
5975,0.0000044420
5976,0.0000000000
5977,0.0000044423
5978,0.0000174670
5979,0.0000381873
5980,0.0000651920
5981,0.0000966413
5982,0.0001303927
5983,0.0001641463
5984,0.0001956021
5985,0.0002226166
5986,0.0002433486
5987,0.0002563852
5988,0.0002608377
5989,0.0002564024
5990,0.0002433812
5991,0.0002226613
5992,0.0001956545
5993,0.0001642012
5994,0.0001304451
5995,0.0000966866
5996,0.0000652269
5997,0.0000382103
5998,0.0000174787
5999,0.0000044456
6000,0.0000000000
6001,0.0000022229
6002,0.0000087405
6003,0.0000191090
6004,0.0000326222
6005,0.0000483595
6006,0.0000652488
6007,0.0000821392
6008,0.0000978798
6009,0.0001113979
6010,0.0001217723
6011,0.0001282959
6012,0.0001305240
6013,0.0001283045
6014,0.0001217887
6015,0.0001114204
6016,0.0000979062
6017,0.0000821669
6018,0.0000652752
6019,0.0000483824
6020,0.0000326398
6021,0.0000191206
6022,0.0000087464
6023,0.0000022246
6024,0.0000000000
6025,0.0000022247
6026,0.0000087476
6027,0.0000191245
6028,0.0000326486
6029,0.0000483987
6030,0.0000653017
6031,0.0000822058
6032,0.0000979591
6033,0.0001114882
6034,0.0001218711
6035,0.0001284000
6036,0.0001306299
6037,0.0001284087
6038,0.0001218876
6039,0.0001115109
6040,0.0000979857
6041,0.0000822336
6042,0.0000653282
6043,0.0000484217
6044,0.0000326663
6045,0.0000191361
6046,0.0000087535
6047,0.0000022264
6048,0.0000000000
6049,0.0000044531
6050,0.0000175094
6051,0.0000382801
6052,0.0000653504
6053,0.0000968763
6054,0.0001307098
6055,0.0001645456
6056,0.0001960780
6057,0.0002231584
6058,0.0002439410
6059,0.0002570095
6060,0.0002614730
6061,0.0002570271
6062,0.0002439743
6063,0.0002232040
6064,0.0001961315
6065,0.0001646017
6066,0.0001307633
6067,0.0000969226
6068,0.0000653861
6069,0.0000383036
6070,0.0000175214
6071,0.0000044564
6072,0.0000000000
6073,0.0000044567
6074,0.0000175237
6075,0.0000383115
6076,0.0000654040
6077,0.0000969557
6078,0.0001308170
6079,0.0001646805
6080,0.0001962389
6081,0.0002233415
6082,0.0002441412
6083,0.0002572205
6084,0.0002616877
6085,0.0002572381
6086,0.0002441747
6087,0.0002233874
6088,0.0001962927
6089,0.0001647370
6090,0.0001308708
6091,0.0000970023
6092,0.0000654399
6093,0.0000383351
6094,0.0000175358
6095,0.0000044601
6096,0.0000000000
6097,0.0000044604
6098,0.0000175382
6099,0.0000383430
6100,0.0000654579
6101,0.0000970356
6102,0.0001309248
6103,0.0001648163
6104,0.0001964007
6105,0.0002235257
6106,0.0002443427
6107,0.0002574328
6108,0.0002619037
6109,0.0002574505
6110,0.0002443764
6111,0.0002235720
6112,0.0001964549
6113,0.0001648731
6114,0.0001309790
6115,0.0000970825
6116,0.0000654940
6117,0.0000383668
6118,0.0000175503
6119,0.0000044638
6120,0.0000000000
6121,0.0000044641
6122,0.0000175527
6123,0.0000383748
6124,0.0000655121
6125,0.0000971160
6126,0.0001310333
6127,0.0001649529
6128,0.0001965636
6129,0.0002237111
6130,0.0002445453
6131,0.0002576464
6132,0.0002621211
6133,0.0002576642
6134,0.0002445792
6135,0.0002237576
6136,0.0001966180
6137,0.0001650101
6138,0.0001310878
6139,0.0000971631
6140,0.0000655484
6141,0.0000383987
6142,0.0000175649
6143,0.0000044675
6144,0.0000000000
6145,0.0000044678
6146,0.0000175673
6147,0.0000384067
6148,0.0000655667
6149,0.0000971969
6150,0.0001311424
6151,0.0001650903
6152,0.0001967273
6153,0.0002238975
6154,0.0002447491
6155,0.0002578611
6156,0.0002623396
6157,0.0002578791
6158,0.0002447832
6159,0.0002239442
6160,0.0001967821
6161,0.0001651478
6162,0.0001311972
6163,0.0000972443
6164,0.0000656032
6165,0.0000384308
6166,0.0000175795
6167,0.0000044712
6168,0.0000000000
6169,0.0000022358
6170,0.0000087910
6171,0.0000192194
6172,0.0000328107
6173,0.0000486391
6174,0.0000656261
6175,0.0000826142
6176,0.0000984460
6177,0.0001120424
6178,0.0001224770
6179,0.0001290385
6180,0.0001312796
6181,0.0001290475
6182,0.0001224941
6183,0.0001120659
6184,0.0000984735
6185,0.0000826431
6186,0.0000656536
6187,0.0000486629
6188,0.0000328291
6189,0.0000192315
6190,0.0000087971
6191,0.0000022375
6192,0.0000000000
6193,0.0000022376
6194,0.0000087984
6195,0.0000192356
6196,0.0000328383
6197,0.0000486799
6198,0.0000656812
6199,0.0000826836
6200,0.0000985287
6201,0.0001121366
6202,0.0001225800
6203,0.0001291470
6204,0.0001313900
6205,0.0001291561
6206,0.0001225972
6207,0.0001121602
6208,0.0000985564
6209,0.0000827127
6210,0.0000657089
6211,0.0000487039
6212,0.0000328567
6213,0.0000192477
6214,0.0000088046
6215,0.0000022394
6216,0.0000000000
6217,0.0000044791
6218,0.0000176116
6219,0.0000385035
6220,0.0000657320
6221,0.0000974420
6222,0.0001314732
6223,0.0001655067
6224,0.0001972236
6225,0.0002244624
6226,0.0002453668
6227,0.0002585120
6228,0.0002630019
6229,0.0002585302
6230,0.0002454014
6231,0.0002245098
6232,0.0001972792
6233,0.0001655650
6234,0.0001315287
6235,0.0000974900
6236,0.0000657690
6237,0.0000385279
6238,0.0000176240
6239,0.0000044825
6240,0.0000000000
6241,0.0000044828
6242,0.0000176265
6243,0.0000385361
6244,0.0000657876
6245,0.0000975244
6246,0.0001315844
6247,0.0001656468
6248,0.0001973906
6249,0.0002246525
6250,0.0002455746
6251,0.0002587309
6252,0.0002632246
6253,0.0002587492
6254,0.0002456093
6255,0.0002247001
6256,0.0001974464
6257,0.0001657054
6258,0.0001316402
6259,0.0000975727
6260,0.0000658248
6261,0.0000385606
6262,0.0000176389
6263,0.0000044863
6264,0.0000000000
6265,0.0000044866
6266,0.0000176414
6267,0.0000385688
6268,0.0000658434
6269,0.0000976072
6270,0.0001316961
6271,0.0001657875
6272,0.0001975582
6273,0.0002248433
6274,0.0002457832
6275,0.0002589507
6276,0.0002634483
6277,0.0002589691
6278,0.0002458180
6279,0.0002248911
6280,0.0001976142
6281,0.0001658462
6282,0.0001317522
6283,0.0000976557
6284,0.0000658808
6285,0.0000385934
6286,0.0000176539
6287,0.0000044901
6288,0.0000000000
6289,0.0000044905
6290,0.0000176565
6291,0.0000386016
6292,0.0000658995
6293,0.0000976903
6294,0.0001318083
6295,0.0001659287
6296,0.0001977265
6297,0.0002250348
6298,0.0002459925
6299,0.0002591713
6300,0.0002636727
6301,0.0002591897
6302,0.0002460275
6303,0.0002250828
6304,0.0001977827
6305,0.0001659876
6306,0.0001318645
6307,0.0000977389
6308,0.0000659369
6309,0.0000386263
6310,0.0000176690
6311,0.0000044940
6312,0.0000000000
6313,0.0000044943
6314,0.0000176715
6315,0.0000386346
6316,0.0000659557
6317,0.0000977737
6318,0.0001319208
6319,0.0001660703
6320,0.0001978953
6321,0.0002252269
6322,0.0002462026
6323,0.0002593927
6324,0.0002638980
6325,0.0002594112
6326,0.0002462377
6327,0.0002252751
6328,0.0001979517
6329,0.0001661295
6330,0.0001319772
6331,0.0000978225
6332,0.0000659933
6333,0.0000386594
6334,0.0000176841
6335,0.0000044978
6336,0.0000000000
6337,0.0000022491
6338,0.0000088433
6339,0.0000193338
6340,0.0000330061
6341,0.0000489287
6342,0.0000660168
6343,0.0000831062
6344,0.0000990323
6345,0.0001127099
6346,0.0001232067
6347,0.0001298074
6348,0.0001320620
6349,0.0001298166
6350,0.0001232243
6351,0.0001127340
6352,0.0000990606
6353,0.0000831359
6354,0.0000660451
6355,0.0000489531
6356,0.0000330249
6357,0.0000193462
6358,0.0000088496
6359,0.0000022508
6360,0.0000000000
6361,0.0000022510
6362,0.0000088509
6363,0.0000193504
6364,0.0000330344
6365,0.0000489706
6366,0.0000660734
6367,0.0000831775
6368,0.0000991172
6369,0.0001128065
6370,0.0001233124
6371,0.0001299187
6372,0.0001321752
6373,0.0001299280
6374,0.0001233300
6375,0.0001128307
6376,0.0000991456
6377,0.0000832072
6378,0.0000661018
6379,0.0000489951
6380,0.0000330533
6381,0.0000193628
6382,0.0000088572
6383,0.0000022528
6384,0.0000000000
6385,0.0000045059
6386,0.0000177170
6387,0.0000387340
6388,0.0000661255
6389,0.0000980254
6390,0.0001322604
6391,0.0001664978
6392,0.0001984048
6393,0.0002258068
6394,0.0002468366
6395,0.0002600606
6396,0.0002645776
6397,0.0002600793
6398,0.0002468719
6399,0.0002258553
6400,0.0001984616
6401,0.0001665575
6402,0.0001323172
6403,0.0000980745
6404,0.0000661633
6405,0.0000387590
6406,0.0000177297
6407,0.0000045094
6408,0.0000000000
6409,0.0000045097
6410,0.0000177322
6411,0.0000387673
6412,0.0000661823
6413,0.0000981097
6414,0.0001323741
6415,0.0001666410
6416,0.0001985754
6417,0.0002260010
6418,0.0002470489
6419,0.0002602843
6420,0.0002648052
6421,0.0002603030
6422,0.0002470843
6423,0.0002260497
6424,0.0001986324
6425,0.0001667008
6426,0.0001324311
6427,0.0000981589
6428,0.0000662203
6429,0.0000387923
6430,0.0000177449
6431,0.0000045133
6432,0.0000000000
6433,0.0000045136
6434,0.0000177475
6435,0.0000388007
6436,0.0000662393
6437,0.0000981941
6438,0.0001324881
6439,0.0001667845
6440,0.0001987464
6441,0.0002261956
6442,0.0002472616
6443,0.0002605085
6444,0.0002650332
6445,0.0002605272
6446,0.0002472971
6447,0.0002262443
6448,0.0001988034
6449,0.0001668444
6450,0.0001325451
6451,0.0000982435
6452,0.0000662773
6453,0.0000388258
6454,0.0000177602
6455,0.0000045172
6456,0.0000000000
6457,0.0000045175
6458,0.0000177628
6459,0.0000388341
6460,0.0000662964
6461,0.0000982787
6462,0.0001326022
6463,0.0001669282
6464,0.0001989176
6465,0.0002263905
6466,0.0002474747
6467,0.0002607329
6468,0.0002652616
6469,0.0002607517
6470,0.0002475102
6471,0.0002264393
6472,0.0001989748
6473,0.0001669881
6474,0.0001326594
6475,0.0000983281
6476,0.0000663344
6477,0.0000388592
6478,0.0000177755
6479,0.0000045211
6480,0.0000000000
6481,0.0000045214
6482,0.0000177781
6483,0.0000388676
6484,0.0000663535
6485,0.0000983634
6486,0.0001327165
6487,0.0001670721
6488,0.0001990891
6489,0.0002265857
6490,0.0002476880
6491,0.0002609577
6492,0.0002654903
6493,0.0002609764
6494,0.0002477236
6495,0.0002266345
6496,0.0001991463
6497,0.0001671321
6498,0.0001327737
6499,0.0000984129
6500,0.0000663916
6501,0.0000388927
6502,0.0000177909
6503,0.0000045250
6504,0.0000000000
6505,0.0000022626
6506,0.0000088967
6507,0.0000194505
6508,0.0000332054
6509,0.0000492241
6510,0.0000664155
6511,0.0000836081
6512,0.0000996304
6513,0.0001133905
6514,0.0001239508
6515,0.0001305913
6516,0.0001328596
6517,0.0001306007
6518,0.0001239686
6519,0.0001134150
6520,0.0000996590
6521,0.0000836381
6522,0.0000664441
6523,0.0000492489
6524,0.0000332244
6525,0.0000194631
6526,0.0000089031
6527,0.0000022644
6528,0.0000000000
6529,0.0000022646
6530,0.0000089044
6531,0.0000194673
6532,0.0000332340
6533,0.0000492666
6534,0.0000664727
6535,0.0000836801
6536,0.0000997163
6537,0.0001134883
6538,0.0001240576
6539,0.0001307039
6540,0.0001329741
6541,0.0001307133
6542,0.0001240754
6543,0.0001135127
6544,0.0000997449
6545,0.0000837102
6546,0.0000665014
6547,0.0000492913
6548,0.0000332531
6549,0.0000194799
6550,0.0000089108
6551,0.0000022664
6552,0.0000000000
6553,0.0000045331
6554,0.0000178241
6555,0.0000389682
6556,0.0000665252
6557,0.0000986180
6558,0.0001330600
6559,0.0001675045
6560,0.0001996043
6561,0.0002271721
6562,0.0002483290
6563,0.0002616330
6564,0.0002661773
6565,0.0002616518
6566,0.0002483646
6567,0.0002272210
6568,0.0001996616
6569,0.0001675646
6570,0.0001331173
6571,0.0000986675
6572,0.0000665634
6573,0.0000389934
6574,0.0000178369
6575,0.0000045367
6576,0.0000000000
6577,0.0000045370
6578,0.0000178395
6579,0.0000390017
6580,0.0000665825
6581,0.0000987029
6582,0.0001331746
6583,0.0001676487
6584,0.0001997762
6585,0.0002273677
6586,0.0002485428
6587,0.0002618583
6588,0.0002664065
6589,0.0002618771
6590,0.0002485784
6591,0.0002274166
6592,0.0001998335
6593,0.0001677088
6594,0.0001332319
6595,0.0000987525
6596,0.0000666207
6597,0.0000390269
6598,0.0000178522
6599,0.0000045406
6600,0.0000000000
6601,0.0000045409
6602,0.0000178548
6603,0.0000390353
6604,0.0000666398
6605,0.0000987878
6606,0.0001332891
6607,0.0001677929
6608,0.0001999480
6609,0.0002275632
6610,0.0002487566
6611,0.0002620835
6612,0.0002666356
6613,0.0002621022
6614,0.0002487922
6615,0.0002276121
6616,0.0002000053
6617,0.0001678530
6618,0.0001333464
6619,0.0000988374
6620,0.0000666780
6621,0.0000390605
6622,0.0000178676
6623,0.0000045445
6624,0.0000000000
6625,0.0000045448
6626,0.0000178701
6627,0.0000390688
6628,0.0000666971
6629,0.0000988727
6630,0.0001334037
6631,0.0001679371
6632,0.0002001198
6633,0.0002277587
6634,0.0002489702
6635,0.0002623086
6636,0.0002668645
6637,0.0002623273
6638,0.0002490058
6639,0.0002278075
6640,0.0002001770
6641,0.0001679971
6642,0.0001334609
6643,0.0000989222
6644,0.0000667352
6645,0.0000390940
6646,0.0000178829
6647,0.0000045484
6648,0.0000000000
6649,0.0000045487
6650,0.0000178855
6651,0.0000391024
6652,0.0000667543
6653,0.0000989575
6654,0.0001335181
6655,0.0001680811
6656,0.0002002914
6657,0.0002279540
6658,0.0002491837
6659,0.0002625335
6660,0.0002670933
6661,0.0002625522
6662,0.0002492192
6663,0.0002280028
6664,0.0002003486
6665,0.0001681411
6666,0.0001335752
6667,0.0000990070
6668,0.0000667924
6669,0.0000391275
6670,0.0000178982
6671,0.0000045523
6672,0.0000000000
6673,0.0000022763
6674,0.0000089504
6675,0.0000195679
6676,0.0000334057
6677,0.0000495211
6678,0.0000668162
6679,0.0000841125
6680,0.0001002314
6681,0.0001140746
6682,0.0001246985
6683,0.0001313791
6684,0.0001336609
6685,0.0001313884
6686,0.0001247162
6687,0.0001140989
6688,0.0001002600
6689,0.0000841424
6690,0.0000668447
6691,0.0000495458
6692,0.0000334247
6693,0.0000195805
6694,0.0000089568
6695,0.0000022781
6696,0.0000000000
6697,0.0000022782
6698,0.0000089580
6699,0.0000195846
6700,0.0000334343
6701,0.0000495634
6702,0.0000668733
6703,0.0000841843
6704,0.0001003170
6705,0.0001141720
6706,0.0001248049
6707,0.0001314912
6708,0.0001337750
6709,0.0001315006
6710,0.0001248227
6711,0.0001141963
6712,0.0001003455
6713,0.0000842142
6714,0.0000669018
6715,0.0000495881
6716,0.0000334533
6717,0.0000195972
6718,0.0000089644
6719,0.0000022800
6720,0.0000000000
6721,0.0000045604
6722,0.0000179314
6723,0.0000392027
6724,0.0000669255
6725,0.0000992113
6726,0.0001338605
6727,0.0001685121
6728,0.0002008050
6729,0.0002285384
6730,0.0002498225
6731,0.0002632064
6732,0.0002677779
6733,0.0002632251
6734,0.0002498579
6735,0.0002285870
6736,0.0002008619
6737,0.0001685718
6738,0.0001339174
6739,0.0000992605
6740,0.0000669634
6741,0.0000392277
6742,0.0000179441
6743,0.0000045639
6744,0.0000000000
6745,0.0000045643
6746,0.0000179466
6747,0.0000392360
6748,0.0000669824
6749,0.0000992956
6750,0.0001339742
6751,0.0001686553
6752,0.0002009756
6753,0.0002287326
6754,0.0002500347
6755,0.0002634299
6756,0.0002680053
6757,0.0002634485
6758,0.0002500700
6759,0.0002287810
6760,0.0002010323
6761,0.0001687148
6762,0.0001340310
6763,0.0000993447
6764,0.0000670202
6765,0.0000392609
6766,0.0000179593
6767,0.0000045678
6768,0.0000000000
6769,0.0000045681
6770,0.0000179618
6771,0.0000392692
6772,0.0000670391
6773,0.0000993798
6774,0.0001340877
6775,0.0001687981
6776,0.0002011458
6777,0.0002289262
6778,0.0002502463
6779,0.0002636529
6780,0.0002682321
6781,0.0002636715
6782,0.0002502816
6783,0.0002289746
6784,0.0002012024
6785,0.0001688575
6786,0.0001341444
6787,0.0000994287
6788,0.0000670769
6789,0.0000392941
6790,0.0000179745
6791,0.0000045717
6792,0.0000000000
6793,0.0000045720
6794,0.0000179770
6795,0.0000393024
6796,0.0000670958
6797,0.0000994637
6798,0.0001342009
6799,0.0001689406
6800,0.0002013155
6801,0.0002291194
6802,0.0002504575
6803,0.0002638754
6804,0.0002684584
6805,0.0002638939
6806,0.0002504926
6807,0.0002291676
6808,0.0002013720
6809,0.0001689999
6810,0.0001342574
6811,0.0000995125
6812,0.0000671334
6813,0.0000393272
6814,0.0000179896
6815,0.0000045755
6816,0.0000000000
6817,0.0000045758
6818,0.0000179921
6819,0.0000393355
6820,0.0000671522
6821,0.0000995474
6822,0.0001343138
6823,0.0001690827
6824,0.0002014848
6825,0.0002293121
6826,0.0002506680
6827,0.0002640971
6828,0.0002686839
6829,0.0002641156
6830,0.0002507030
6831,0.0002293601
6832,0.0002015411
6833,0.0001691418
6834,0.0001343701
6835,0.0000995960
6836,0.0000671897
6837,0.0000393602
6838,0.0000180047
6839,0.0000045793
6840,0.0000000000
6841,0.0000022898
6842,0.0000090036
6843,0.0000196842
6844,0.0000336042
6845,0.0000498154
6846,0.0000672132
6847,0.0000846122
6848,0.0001008268
6849,0.0001147520
6850,0.0001254389
6851,0.0001321591
6852,0.0001344544
6853,0.0001321683
6854,0.0001254564
6855,0.0001147760
6856,0.0001008548
6857,0.0000846416
6858,0.0000672412
6859,0.0000498396
6860,0.0000336229
6861,0.0000196966
6862,0.0000090099
6863,0.0000022916
6864,0.0000000000
6865,0.0000022917
6866,0.0000090111
6867,0.0000197007
6868,0.0000336323
6869,0.0000498569
6870,0.0000672692
6871,0.0000846827
6872,0.0001009108
6873,0.0001148477
6874,0.0001255435
6875,0.0001322692
6876,0.0001345664
6877,0.0001322784
6878,0.0001255609
6879,0.0001148716
6880,0.0001009388
6881,0.0000847121
6882,0.0000672972
6883,0.0000498811
6884,0.0000336509
6885,0.0000197129
6886,0.0000090174
6887,0.0000022935
6888,0.0000000000
6889,0.0000045873
6890,0.0000180372
6891,0.0000394340
6892,0.0000673204
6893,0.0000997967
6894,0.0001346502
6895,0.0001695061
6896,0.0002019892
6897,0.0002298860
6898,0.0002512953
6899,0.0002647579
6900,0.0002693561
6901,0.0002647762
6902,0.0002513300
6903,0.0002299336
6904,0.0002020449
6905,0.0001695645
6906,0.0001347059
6907,0.0000998449
6908,0.0000673576
6909,0.0000394585
6910,0.0000180496
6911,0.0000045908
6912,0.0000000000
6913,0.0000045911
6914,0.0000180521
6915,0.0000394666
6916,0.0000673761
6917,0.0000998792
6918,0.0001347614
6919,0.0001696461
6920,0.0002021560
6921,0.0002300759
6922,0.0002515028
6923,0.0002649765
6924,0.0002695784
6925,0.0002649946
6926,0.0002515373
6927,0.0002301232
6928,0.0002022115
6929,0.0001697043
6930,0.0001348169
6931,0.0000999271
6932,0.0000674131
6933,0.0000394910
6934,0.0000180645
6935,0.0000045946
6936,0.0000000000
6937,0.0000045949
6938,0.0000180670
6939,0.0000394991
6940,0.0000674315
6941,0.0000999613
6942,0.0001348722
6943,0.0001697855
6944,0.0002023222
6945,0.0002302649
6946,0.0002517094
6947,0.0002651940
6948,0.0002697997
6949,0.0002652121
6950,0.0002517437
6951,0.0002303120
6952,0.0002023773
6953,0.0001698434
6954,0.0001349274
6955,0.0001000090
6956,0.0000674683
6957,0.0000395234
6958,0.0000180793
6959,0.0000045983
6960,0.0000000000
6961,0.0000045986
6962,0.0000180818
6963,0.0000395314
6964,0.0000674867
6965,0.0001000430
6966,0.0001349825
6967,0.0001699243
6968,0.0002024875
6969,0.0002304530
6970,0.0002519149
6971,0.0002654106
6972,0.0002700199
6973,0.0002654286
6974,0.0002519491
6975,0.0002304998
6976,0.0002025424
6977,0.0001699819
6978,0.0001350374
6979,0.0001000905
6980,0.0000675233
6981,0.0000395556
6982,0.0000180940
6983,0.0000046021
6984,0.0000000000
6985,0.0000046024
6986,0.0000180965
6987,0.0000395636
6988,0.0000675415
6989,0.0001001244
6990,0.0001350922
6991,0.0001700624
6992,0.0002026519
6993,0.0002306401
6994,0.0002521195
6995,0.0002656260
6996,0.0002702390
6997,0.0002656439
6998,0.0002521534
6999,0.0002306868
7000,0.0002027066
7001,0.0001701197
7002,0.0001351468
7003,0.0001001716
7004,0.0000675780
7005,0.0000395876
7006,0.0000181087
7007,0.0000046058
7008,0.0000000000
7009,0.0000023030
7010,0.0000090556
7011,0.0000197978
7012,0.0000337981
7013,0.0000501026
7014,0.0000676007
7015,0.0000850998
7016,0.0001014078
7017,0.0001154131
7018,0.0001261614
7019,0.0001329201
7020,0.0001352285
7021,0.0001329290
7022,0.0001261783
7023,0.0001154363
7024,0.0001014349
7025,0.0000851283
7026,0.0000676278
7027,0.0000501261
7028,0.0000338162
7029,0.0000198097
7030,0.0000090616
7031,0.0000023047
7032,0.0000000000
7033,0.0000023049
7034,0.0000090628
7035,0.0000198137
7036,0.0000338252
7037,0.0000501429
7038,0.0000676549
7039,0.0000851681
7040,0.0001014891
7041,0.0001155057
7042,0.0001262626
7043,0.0001330267
7044,0.0001353368
7045,0.0001330355
7046,0.0001262794
7047,0.0001155287
7048,0.0001015161
7049,0.0000851964
7050,0.0000676819
7051,0.0000501662
7052,0.0000338432
7053,0.0000198255
7054,0.0000090689
7055,0.0000023066
7056,0.0000000000
7057,0.0000046135
7058,0.0000181401
7059,0.0000396590
7060,0.0000677043
7061,0.0001003657
7062,0.0001354177
7063,0.0001704720
7064,0.0002031399
7065,0.0002311953
7066,0.0002527262
7067,0.0002662651
7068,0.0002708890
7069,0.0002662827
7070,0.0002527596
7071,0.0002312411
7072,0.0002031936
7073,0.0001705283
7074,0.0001354713
7075,0.0001004121
7076,0.0000677401
7077,0.0000396826
7078,0.0000181521
7079,0.0000046168
7080,0.0000000000
7081,0.0000046171
7082,0.0000181545
7083,0.0000396904
7084,0.0000677580
7085,0.0001004451
7086,0.0001355248
7087,0.0001706068
7088,0.0002033006
7089,0.0002313781
7090,0.0002529260
7091,0.0002664755
7092,0.0002711030
7093,0.0002664929
7094,0.0002529591
7095,0.0002314236
7096,0.0002033539
7097,0.0001706628
7098,0.0001355781
7099,0.0001004912
7100,0.0000677935
7101,0.0000397138
7102,0.0000181664
7103,0.0000046205
7104,0.0000000000
7105,0.0000046208
7106,0.0000181688
7107,0.0000397216
7108,0.0000678112
7109,0.0001005240
7110,0.0001356313
7111,0.0001707408
7112,0.0002034602
7113,0.0002315597
7114,0.0002531244
7115,0.0002666844
7116,0.0002713156
7117,0.0002667018
7118,0.0002531573
7119,0.0002316049
7120,0.0002035131
7121,0.0001707963
7122,0.0001356842
7123,0.0001005698
7124,0.0000678465
7125,0.0000397449
7126,0.0000181806
7127,0.0000046241
7128,0.0000000000
7129,0.0000046244
7130,0.0000181830
7131,0.0000397526
7132,0.0000678641
7133,0.0001006024
7134,0.0001357370
7135,0.0001708738
7136,0.0002036186
7137,0.0002317400
7138,0.0002533214
7139,0.0002668920
7140,0.0002715266
7141,0.0002669092
7142,0.0002533541
7143,0.0002317849
7144,0.0002036712
7145,0.0001709290
7146,0.0001357896
7147,0.0001006479
7148,0.0000678991
7149,0.0000397757
7150,0.0000181947
7151,0.0000046277
7152,0.0000000000
7153,0.0000046280
7154,0.0000181970
7155,0.0000397833
7156,0.0000679166
7157,0.0001006802
7158,0.0001358419
7159,0.0001710059
7160,0.0002037759
7161,0.0002319190
7162,0.0002535170
7163,0.0002670979
7164,0.0002717361
7165,0.0002671150
7166,0.0002535494
7167,0.0002319635
7168,0.0002038281
7169,0.0001710606
7170,0.0001358941
7171,0.0001007253
7172,0.0000679514
7173,0.0000398063
7174,0.0000182087
7175,0.0000046312
7176,0.0000000000
7177,0.0000023158
7178,0.0000091055
7179,0.0000199069
7180,0.0000339844
7181,0.0000503787
7182,0.0000679730
7183,0.0000855685
7184,0.0001019660
7185,0.0001160483
7186,0.0001268555
7187,0.0001336511
7188,0.0001359719
7189,0.0001336596
7190,0.0001268716
7191,0.0001160704
7192,0.0001019919
7193,0.0000855956
7194,0.0000679989
7195,0.0000504011
7196,0.0000340016
7197,0.0000199183
7198,0.0000091113
7199,0.0000023174
7200,0.0000000000
7201,0.0000023175
7202,0.0000091124
7203,0.0000199221
7204,0.0000340102
7205,0.0000504170
7206,0.0000680247
7207,0.0000856334
7208,0.0001020434
7209,0.0001161363
7210,0.0001269517
7211,0.0001337525
7212,0.0001360750
7213,0.0001337609
7214,0.0001269677
7215,0.0001161582
7216,0.0001020691
7217,0.0000856604
7218,0.0000680503
7219,0.0000504392
7220,0.0000340273
7221,0.0000199334
7222,0.0000091182
7223,0.0000023191
7224,0.0000000000
7225,0.0000046385
7226,0.0000182386
7227,0.0000398742
7228,0.0000680716
7229,0.0001009099
7230,0.0001361518
7231,0.0001713958
7232,0.0002042404
7233,0.0002324473
7234,0.0002540943
7235,0.0002677060
7236,0.0002723544
7237,0.0002677227
7238,0.0002541260
7239,0.0002324908
7240,0.0002042913
7241,0.0001714491
7242,0.0001362026
7243,0.0001009539
7244,0.0000681055
7245,0.0000398965
7246,0.0000182500
7247,0.0000046417
7248,0.0000000000
7249,0.0000046420
7250,0.0000182522
7251,0.0000399040
7252,0.0000681224
7253,0.0001009852
7254,0.0001362533
7255,0.0001715235
7256,0.0002043925
7257,0.0002326204
7258,0.0002542835
7259,0.0002679052
7260,0.0002725570
7261,0.0002679217
7262,0.0002543148
7263,0.0002326635
7264,0.0002044430
7265,0.0001715764
7266,0.0001363037
7267,0.0001010288
7268,0.0000681560
7269,0.0000399261
7270,0.0000182635
7271,0.0000046451
7272,0.0000000000
7273,0.0000046454
7274,0.0000182657
7275,0.0000399335
7276,0.0000681728
7277,0.0001010598
7278,0.0001363539
7279,0.0001716501
7280,0.0002045433
7281,0.0002327920
7282,0.0002544709
7283,0.0002681026
7284,0.0002727577
7285,0.0002681189
7286,0.0002545020
7287,0.0002328346
7288,0.0002045933
7289,0.0001717025
7290,0.0001364038
7291,0.0001011030
7292,0.0000682061
7293,0.0000399554
7294,0.0000182769
7295,0.0000046486
7296,0.0000000000
7297,0.0000046488
7298,0.0000182791
7299,0.0000399627
7300,0.0000682226
7301,0.0001011337
7302,0.0001364535
7303,0.0001717755
7304,0.0002046926
7305,0.0002329618
7306,0.0002546565
7307,0.0002682980
7308,0.0002729565
7309,0.0002683142
7310,0.0002546873
7311,0.0002330040
7312,0.0002047421
7313,0.0001718273
7314,0.0001365029
7315,0.0001011764
7316,0.0000682556
7317,0.0000399844
7318,0.0000182901
7319,0.0000046519
7320,0.0000000000
7321,0.0000046522
7322,0.0000182923
7323,0.0000399916
7324,0.0000682720
7325,0.0001012068
7326,0.0001365521
7327,0.0001718996
7328,0.0002048405
7329,0.0002331300
7330,0.0002548403
7331,0.0002684915
7332,0.0002731533
7333,0.0002685076
7334,0.0002548707
7335,0.0002331718
7336,0.0002048894
7337,0.0001719509
7338,0.0001366011
7339,0.0001012491
7340,0.0000683046
7341,0.0000400131
7342,0.0000183033
7343,0.0000046553
7344,0.0000000000
7345,0.0000023278
7346,0.0000091527
7347,0.0000200101
7348,0.0000341604
7349,0.0000506396
7350,0.0000683249
7351,0.0000860112
7352,0.0001024934
7353,0.0001166482
7354,0.0001275111
7355,0.0001343415
7356,0.0001366740
7357,0.0001343495
7358,0.0001275261
7359,0.0001166689
7360,0.0001025176
7361,0.0000860366
7362,0.0000683491
7363,0.0000506605
7364,0.0000341766
7365,0.0000200208
7366,0.0000091581
7367,0.0000023293
7368,0.0000000000
7369,0.0000023294
7370,0.0000091592
7371,0.0000200243
7372,0.0000341846
7373,0.0000506754
7374,0.0000683732
7375,0.0000860720
7376,0.0001025658
7377,0.0001167306
7378,0.0001276010
7379,0.0001344362
7380,0.0001367703
7381,0.0001344441
7382,0.0001276159
7383,0.0001167510
7384,0.0001025897
7385,0.0000860971
7386,0.0000683971
7387,0.0000506961
7388,0.0000342005
7389,0.0000200348
7390,0.0000091645
7391,0.0000023309
7392,0.0000000000
7393,0.0000046621
7394,0.0000183312
7395,0.0000400766
7396,0.0000684170
7397,0.0001014216
7398,0.0001368419
7399,0.0001722641
7400,0.0002052746
7401,0.0002336239
7402,0.0002553799
7403,0.0002690598
7404,0.0002737311
7405,0.0002690753
7406,0.0002554093
7407,0.0002336643
7408,0.0002053220
7409,0.0001723138
7410,0.0001368892
7411,0.0001014626
7412,0.0000684485
7413,0.0000400974
7414,0.0000183418
7415,0.0000046651
7416,0.0000000000
7417,0.0000046653
7418,0.0000183439
7419,0.0000401043
7420,0.0000684642
7421,0.0001014916
7422,0.0001369363
7423,0.0001723829
7424,0.0002054161
7425,0.0002337848
7426,0.0002555557
7427,0.0002692449
7428,0.0002739194
7429,0.0002692602
7430,0.0002555848
7431,0.0002338247
7432,0.0002054629
7433,0.0001724320
7434,0.0001369830
7435,0.0001015321
7436,0.0000684954
7437,0.0000401248
7438,0.0000183543
7439,0.0000046682
7440,0.0000000000
7441,0.0000046685
7442,0.0000183564
7443,0.0000401316
7444,0.0000685109
7445,0.0001015608
7446,0.0001370295
7447,0.0001725002
7448,0.0002055559
7449,0.0002339438
7450,0.0002557294
7451,0.0002694278
7452,0.0002741053
7453,0.0002694429
7454,0.0002557581
7455,0.0002339832
7456,0.0002056021
7457,0.0001725487
7458,0.0001370757
7459,0.0001016008
7460,0.0000685417
7461,0.0000401519
7462,0.0000183667
7463,0.0000046714
7464,0.0000000000
7465,0.0000046717
7466,0.0000183688
7467,0.0000401586
7468,0.0000685570
7469,0.0001016291
7470,0.0001371216
7471,0.0001726161
7472,0.0002056939
7473,0.0002341008
7474,0.0002559009
7475,0.0002696084
7476,0.0002742889
7477,0.0002696233
7478,0.0002559293
7479,0.0002341397
7480,0.0002057395
7481,0.0001726640
7482,0.0001371672
7483,0.0001016686
7484,0.0000685874
7485,0.0000401787
7486,0.0000183790
7487,0.0000046745
7488,0.0000000000
7489,0.0000046748
7490,0.0000183810
7491,0.0000401853
7492,0.0000686025
7493,0.0001016965
7494,0.0001372126
7495,0.0001727305
7496,0.0002058301
7497,0.0002342557
7498,0.0002560702
7499,0.0002697866
7500,0.0002744702
7501,0.0002698014
7502,0.0002560982
7503,0.0002342942
7504,0.0002058751
7505,0.0001727777
7506,0.0001372576
7507,0.0001017355
7508,0.0000686325
7509,0.0000402051
7510,0.0000183910
7511,0.0000046776
7512,0.0000000000
7513,0.0000023389
7514,0.0000091965
7515,0.0000201058
7516,0.0000343237
7517,0.0000508815
7518,0.0000686511
7519,0.0000864217
7520,0.0001029823
7521,0.0001172043
7522,0.0001281186
7523,0.0001349813
7524,0.0001373245
7525,0.0001349885
7526,0.0001281324
7527,0.0001172233
7528,0.0001030045
7529,0.0000864450
7530,0.0000686733
7531,0.0000509007
7532,0.0000343385
7533,0.0000201156
7534,0.0000092015
7535,0.0000023403
7536,0.0000000000
7537,0.0000023404
7538,0.0000092025
7539,0.0000201188
7540,0.0000343459
7541,0.0000509143
7542,0.0000686954
7543,0.0000864773
7544,0.0001030485
7545,0.0001172797
7546,0.0001282009
7547,0.0001350680
7548,0.0001374127
7549,0.0001350751
7550,0.0001282146
7551,0.0001172984
7552,0.0001030704
7553,0.0000865003
7554,0.0000687172
7555,0.0000509333
7556,0.0000343604
7557,0.0000201284
7558,0.0000092073
7559,0.0000023418
7560,0.0000000000
7561,0.0000046838
7562,0.0000184166
7563,0.0000402632
7564,0.0000687354
7565,0.0001018934
7566,0.0001374779
7567,0.0001730644
7568,0.0002062277
7569,0.0002347080
7570,0.0002565642
7571,0.0002703068
7572,0.0002749991
7573,0.0002703209
7574,0.0002565910
7575,0.0002347448
7576,0.0002062708
7577,0.0001731096
7578,0.0001375211
7579,0.0001019306
7580,0.0000687641
7581,0.0000402821
7582,0.0000184262
7583,0.0000046865
7584,0.0000000000
7585,0.0000046868
7586,0.0000184282
7587,0.0000402884
7588,0.0000687784
7589,0.0001019571
7590,0.0001375638
7591,0.0001731725
7592,0.0002063564
7593,0.0002348543
7594,0.0002567241
7595,0.0002704752
7596,0.0002751702
7597,0.0002704891
7598,0.0002567505
7599,0.0002348906
7600,0.0002063989
7601,0.0001732170
7602,0.0001376063
7603,0.0001019938
7604,0.0000688067
7605,0.0000403070
7606,0.0000184376
7607,0.0000046894
7608,0.0000000000
7609,0.0000046897
7610,0.0000184395
7611,0.0000403132
7612,0.0000688207
7613,0.0001020198
7614,0.0001376484
7615,0.0001732789
7616,0.0002064831
7617,0.0002349985
7618,0.0002568816
7619,0.0002706409
7620,0.0002753388
7621,0.0002706546
7622,0.0002569075
7623,0.0002350341
7624,0.0002065249
7625,0.0001733227
7626,0.0001376902
7627,0.0001020559
7628,0.0000688486
7629,0.0000403316
7630,0.0000184488
7631,0.0000046923
7632,0.0000000000
7633,0.0000046925
7634,0.0000184507
7635,0.0000403377
7636,0.0000688624
7637,0.0001020816
7638,0.0001377317
7639,0.0001733836
7640,0.0002066078
7641,0.0002351403
7642,0.0002570365
7643,0.0002708040
7644,0.0002755046
7645,0.0002708175
7646,0.0002570620
7647,0.0002351754
7648,0.0002066490
7649,0.0001734267
7650,0.0001377728
7651,0.0001021171
7652,0.0000688898
7653,0.0000403557
7654,0.0000184599
7655,0.0000046951
7656,0.0000000000
7657,0.0000046953
7658,0.0000184617
7659,0.0000403617
7660,0.0000689034
7661,0.0001021423
7662,0.0001378136
7663,0.0001734866
7664,0.0002067305
7665,0.0002352798
7666,0.0002571888
7667,0.0002709645
7668,0.0002756677
7669,0.0002709777
7670,0.0002572140
7671,0.0002353143
7672,0.0002067709
7673,0.0001735290
7674,0.0001378540
7675,0.0001021772
7676,0.0000689303
7677,0.0000403794
7678,0.0000184707
7679,0.0000046978
7680,0.0000000000
7681,0.0000023490
7682,0.0000092363
7683,0.0000201927
7684,0.0000344719
7685,0.0000511010
7686,0.0000689470
7687,0.0000867939
7688,0.0001034255
7689,0.0001177084
7690,0.0001286693
7691,0.0001355611
7692,0.0001379140
7693,0.0001355676
7694,0.0001286817
7695,0.0001177254
7696,0.0001034454
7697,0.0000868148
7698,0.0000689669
7699,0.0000511182
7700,0.0000344851
7701,0.0000202014
7702,0.0000092407
7703,0.0000023503
7704,0.0000000000
7705,0.0000023504
7706,0.0000092416
7707,0.0000202043
7708,0.0000344917
7709,0.0000511303
7710,0.0000689866
7711,0.0000868437
7712,0.0001034847
7713,0.0001177758
7714,0.0001287429
7715,0.0001356385
7716,0.0001379927
7717,0.0001356449
7718,0.0001287550
7719,0.0001177924
7720,0.0001035042
7721,0.0000868641
7722,0.0000690061
7723,0.0000511472
7724,0.0000345047
7725,0.0000202128
7726,0.0000092459
7727,0.0000023516
7728,0.0000000000
7729,0.0000047034
7730,0.0000184936
7731,0.0000404313
7732,0.0000690222
7733,0.0001023182
7734,0.0001380508
7735,0.0001737850
7736,0.0002070858
7737,0.0002356838
7738,0.0002576301
7739,0.0002714290
7740,0.0002761399
7741,0.0002714416
7742,0.0002576539
7743,0.0002357165
7744,0.0002071240
7745,0.0001738251
7746,0.0001380890
7747,0.0001023513
7748,0.0000690477
7749,0.0000404481
7750,0.0000185021
7751,0.0000047058
7752,0.0000000000
7753,0.0000047060
7754,0.0000185038
7755,0.0000404537
7756,0.0000690603
7757,0.0001023747
7758,0.0001381270
7759,0.0001738808
7760,0.0002071998
7761,0.0002358135
7762,0.0002577718
7763,0.0002715782
7764,0.0002762915
7765,0.0002715905
7766,0.0002577952
7767,0.0002358456
7768,0.0002072374
7769,0.0001739202
7770,0.0001381645
7771,0.0001024072
7772,0.0000690854
7773,0.0000404702
7774,0.0000185122
7775,0.0000047084
7776,0.0000000000
7777,0.0000047086
7778,0.0000185139
7779,0.0000404756
7780,0.0000690977
7781,0.0001024301
7782,0.0001382016
7783,0.0001739747
7784,0.0002073117
7785,0.0002359407
7786,0.0002579107
7787,0.0002717244
7788,0.0002764402
7789,0.0002717364
7790,0.0002579336
7791,0.0002359721
7792,0.0002073485
7793,0.0001740133
7794,0.0001382384
7795,0.0001024619
7796,0.0000691223
7797,0.0000404918
7798,0.0000185221
7799,0.0000047109
7800,0.0000000000
7801,0.0000047111
7802,0.0000185237
7803,0.0000404971
7804,0.0000691344
7805,0.0001024844
7806,0.0001382748
7807,0.0001740668
7808,0.0002074213
7809,0.0002360653
7810,0.0002580468
7811,0.0002718677
7812,0.0002765858
7813,0.0002718795
7814,0.0002580692
7815,0.0002360961
7816,0.0002074573
7817,0.0001741046
7818,0.0001383108
7819,0.0001025156
7820,0.0000691584
7821,0.0000405129
7822,0.0000185317
7823,0.0000047133
7824,0.0000000000
7825,0.0000047135
7826,0.0000185333
7827,0.0000405181
7828,0.0000691703
7829,0.0001025376
7830,0.0001383465
7831,0.0001741569
7832,0.0002075286
7833,0.0002361873
7834,0.0002581801
7835,0.0002720079
7836,0.0002767283
7837,0.0002720194
7838,0.0002582020
7839,0.0002362174
7840,0.0002075638
7841,0.0001741939
7842,0.0001383817
7843,0.0001025681
7844,0.0000691938
7845,0.0000405336
7846,0.0000185412
7847,0.0000047157
7848,0.0000000000
7849,0.0000023580
7850,0.0000092714
7851,0.0000202694
7852,0.0000346027
7853,0.0000512948
7854,0.0000692083
7855,0.0000871225
7856,0.0001038168
7857,0.0001181533
7858,0.0001291552
7859,0.0001360725
7860,0.0001384339
7861,0.0001360782
7862,0.0001291659
7863,0.0001181680
7864,0.0001038340
7865,0.0000871406
7866,0.0000692255
7867,0.0000513097
7868,0.0000346142
7869,0.0000202769
7870,0.0000092752
7871,0.0000023590
7872,0.0000000000
7873,0.0000023591
7874,0.0000092760
7875,0.0000202794
7876,0.0000346199
7877,0.0000513202
7878,0.0000692426
7879,0.0000871656
7880,0.0001038681
7881,0.0001182117
7882,0.0001292189
7883,0.0001361396
7884,0.0001385020
7885,0.0001361451
7886,0.0001292294
7887,0.0001182260
7888,0.0001038849
7889,0.0000871833
7890,0.0000692594
7891,0.0000513348
7892,0.0000346311
7893,0.0000202868
7894,0.0000092797
7895,0.0000023602
7896,0.0000000000
7897,0.0000047206
7898,0.0000185610
7899,0.0000405785
7900,0.0000692733
7901,0.0001026901
7902,0.0001385521
7903,0.0001744155
7904,0.0002078364
7905,0.0002365373
7906,0.0002585622
7907,0.0002724101
7908,0.0002771371
7909,0.0002724209
7910,0.0002585827
7911,0.0002365653
7912,0.0002078692
7913,0.0001744499
7914,0.0001385849
7915,0.0001027185
7916,0.0000692952
7917,0.0000405930
7918,0.0000185683
7919,0.0000047226
7920,0.0000000000
7921,0.0000047228
7922,0.0000185698
7923,0.0000405977
7924,0.0000693060
7925,0.0001027386
7926,0.0001386174
7927,0.0001744976
7928,0.0002079342
7929,0.0002366485
7930,0.0002586836
7931,0.0002725379
7932,0.0002772670
7933,0.0002725484
7934,0.0002587036
7935,0.0002366758
7936,0.0002079662
7937,0.0001745312
7938,0.0001386495
7939,0.0001027663
7940,0.0000693274
7941,0.0000406118
7942,0.0000185769
7943,0.0000047248
7944,0.0000000000
7945,0.0000047250
7946,0.0000185783
7947,0.0000406165
7948,0.0000693379
7949,0.0001027859
7950,0.0001386811
7951,0.0001745777
7952,0.0002080295
7953,0.0002367569
7954,0.0002588020
7955,0.0002726625
7956,0.0002773936
7957,0.0002726727
7958,0.0002588214
7959,0.0002367835
7960,0.0002080608
7961,0.0001746105
7962,0.0001387123
7963,0.0001028129
7964,0.0000693588
7965,0.0000406302
7966,0.0000185853
7967,0.0000047269
7968,0.0000000000
7969,0.0000047271
7970,0.0000185867
7971,0.0000406347
7972,0.0000693690
7973,0.0001028319
7974,0.0001387432
7975,0.0001746558
7976,0.0002081224
7977,0.0002368624
7978,0.0002589173
7979,0.0002727838
7980,0.0002775168
7981,0.0002727937
7982,0.0002589362
7983,0.0002368884
7984,0.0002081528
7985,0.0001746876
7986,0.0001387736
7987,0.0001028582
7988,0.0000693893
7989,0.0000406480
7990,0.0000185935
7991,0.0000047290
7992,0.0000000000
7993,0.0000047292
7994,0.0000185948
7995,0.0000406524
7996,0.0000693993
7997,0.0001028767
7998,0.0001388036
7999,0.0001747317
8000,0.0002082128
8001,0.0002369652
8002,0.0002590294
8003,0.0002729018
8004,0.0002776368
8005,0.0002729115
8006,0.0002590478
8007,0.0002369904
8008,0.0002082423
8009,0.0001747627
8010,0.0001388331
8011,0.0001029023
8012,0.0000694190
8013,0.0000406654
8014,0.0000186014
8015,0.0000047310
8016,0.0000000000
8017,0.0000023656
8018,0.0000093014
8019,0.0000203348
8020,0.0000347144
8021,0.0000514601
8022,0.0000694311
8023,0.0000874027
8024,0.0001041503
8025,0.0001185325
8026,0.0001295692
8027,0.0001365083
8028,0.0001388767
8029,0.0001365130
8030,0.0001295782
8031,0.0001185448
8032,0.0001041647
8033,0.0000874178
8034,0.0000694455
8035,0.0000514726
8036,0.0000347239
8037,0.0000203412
8038,0.0000093046
8039,0.0000023665
8040,0.0000000000
8041,0.0000023666
8042,0.0000093052
8043,0.0000203432
8044,0.0000347286
8045,0.0000514813
8046,0.0000694596
8047,0.0000874386
8048,0.0001041930
8049,0.0001185810
8050,0.0001296221
8051,0.0001365639
8052,0.0001389332
8053,0.0001365685
8054,0.0001296308
8055,0.0001185929
8056,0.0001042069
8057,0.0000874532
8058,0.0000694736
8059,0.0000514933
8060,0.0000347379
8061,0.0000203493
8062,0.0000093083
8063,0.0000023674
8064,0.0000000000
8065,0.0000047351
8066,0.0000186178
8067,0.0000407027
8068,0.0000694850
8069,0.0001030036
8070,0.0001389745
8071,0.0001749467
8072,0.0002084686
8073,0.0002372560
8074,0.0002593469
8075,0.0002732359
8076,0.0002779762
8077,0.0002732447
8078,0.0002593637
8079,0.0002372790
8080,0.0002084956
8081,0.0001749750
8082,0.0001390015
8083,0.0001030269
8084,0.0000695030
8085,0.0000407146
8086,0.0000186239
8087,0.0000047367
8088,0.0000000000
8089,0.0000047369
8090,0.0000186251
8091,0.0000407185
8092,0.0000695118
8093,0.0001030433
8094,0.0001390281
8095,0.0001750140
8096,0.0002085487
8097,0.0002373470
8098,0.0002594463
8099,0.0002733404
8100,0.0002780824
8101,0.0002733490
8102,0.0002594625
8103,0.0002373693
8104,0.0002085748
8105,0.0001750414
8106,0.0001390542
8107,0.0001030659
8108,0.0000695293
8109,0.0000407299
8110,0.0000186309
8111,0.0000047385
8112,0.0000000000
8113,0.0000047387
8114,0.0000186320
8115,0.0000407337
8116,0.0000695378
8117,0.0001030818
8118,0.0001390799
8119,0.0001750791
8120,0.0002086262
8121,0.0002374351
8122,0.0002595424
8123,0.0002734415
8124,0.0002781851
8125,0.0002734498
8126,0.0002595581
8127,0.0002374566
8128,0.0002086514
8129,0.0001751056
8130,0.0001391051
8131,0.0001031036
8132,0.0000695546
8133,0.0000407448
8134,0.0000186377
8135,0.0000047402
8136,0.0000000000
8137,0.0000047404
8138,0.0000186388
8139,0.0000407484
8140,0.0000695629
8141,0.0001031189
8142,0.0001391299
8143,0.0001751420
8144,0.0002087010
8145,0.0002375201
8146,0.0002596352
8147,0.0002735391
8148,0.0002782843
8149,0.0002735471
8150,0.0002596503
8151,0.0002375409
8152,0.0002087254
8153,0.0001751675
8154,0.0001391543
8155,0.0001031400
8156,0.0000695791
8157,0.0000407591
8158,0.0000186442
8159,0.0000047419
8160,0.0000000000
8161,0.0000047420
8162,0.0000186453
8163,0.0000407626
8164,0.0000695871
8165,0.0001031547
8166,0.0001391782
8167,0.0001752026
8168,0.0002087732
8169,0.0002376021
8170,0.0002597247
8171,0.0002736333
8172,0.0002783799
8173,0.0002736409
8174,0.0002597393
8175,0.0002376221
8176,0.0002087966
8177,0.0001752272
8178,0.0001392016
8179,0.0001031750
8180,0.0000696027
8181,0.0000407729
8182,0.0000186505
8183,0.0000047435
8184,0.0000000000
8185,0.0000023718
8186,0.0000093258
8187,0.0000203881
8188,0.0000348052
8189,0.0000515946
8190,0.0000696123
8191,0.0000876305
8192,0.0001044213
8193,0.0001188405
8194,0.0001299054
8195,0.0001368619
8196,0.0001392359
8197,0.0001368656
8198,0.0001299124
8199,0.0001188501
8200,0.0001044326
8201,0.0000876423
8202,0.0000696236
8203,0.0000516044
8204,0.0000348127
8205,0.0000203931
8206,0.0000093283
8207,0.0000023725
8208,0.0000000000
8209,0.0000023726
8210,0.0000093288
8211,0.0000203947
8212,0.0000348164
8213,0.0000516112
8214,0.0000696346
8215,0.0000876585
8216,0.0001044547
8217,0.0001188784
8218,0.0001299468
8219,0.0001369054
8220,0.0001392801
8221,0.0001369090
8222,0.0001299535
8223,0.0001188876
8224,0.0001044655
8225,0.0000876699
8226,0.0000696454
8227,0.0000516205
8228,0.0000348236
8229,0.0000203995
8230,0.0000093312
8231,0.0000023733
8232,0.0000000000
8233,0.0000047466
8234,0.0000186633
8235,0.0000408020
8236,0.0000696543
8237,0.0001032542
8238,0.0001393121
8239,0.0001753709
8240,0.0002089733
8241,0.0002378295
8242,0.0002599729
8243,0.0002738943
8244,0.0002786450
8245,0.0002739011
8246,0.0002599857
8247,0.0002378472
8248,0.0002089941
8249,0.0001753926
8250,0.0001393328
8251,0.0001032721
8252,0.0000696681
8253,0.0000408111
8254,0.0000186680
8255,0.0000047479
8256,0.0000000000
8257,0.0000047481
8258,0.0000186689
8259,0.0000408141
8260,0.0000696749
8261,0.0001032846
8262,0.0001393531
8263,0.0001754224
8264,0.0002090346
8265,0.0002378991
8266,0.0002600488
8267,0.0002739741
8268,0.0002787260
8269,0.0002739806
8270,0.0002600611
8271,0.0002379160
8272,0.0002090544
8273,0.0001754432
8274,0.0001393729
8275,0.0001033017
8276,0.0000696881
8277,0.0000408228
8278,0.0000186733
8279,0.0000047493
8280,0.0000000000
8281,0.0000047494
8282,0.0000186742
8283,0.0000408256
8284,0.0000696945
8285,0.0001033137
8286,0.0001393922
8287,0.0001754716
8288,0.0002090931
8289,0.0002379655
8290,0.0002601212
8291,0.0002740503
8292,0.0002788034
8293,0.0002740565
8294,0.0002601329
8295,0.0002379816
8296,0.0002091119
8297,0.0001754913
8298,0.0001394111
8299,0.0001033300
8300,0.0000697071
8301,0.0000408339
8302,0.0000186784
8303,0.0000047506
8304,0.0000000000
8305,0.0000047507
8306,0.0000186792
8307,0.0000408366
8308,0.0000697132
8309,0.0001033413
8310,0.0001394295
8311,0.0001755184
8312,0.0002091487
8313,0.0002380287
8314,0.0002601902
8315,0.0002741228
8316,0.0002788770
8317,0.0002741287
8318,0.0002602013
8319,0.0002380440
8320,0.0002091667
8321,0.0001755372
8322,0.0001394474
8323,0.0001033569
8324,0.0000697252
8325,0.0000408445
8326,0.0000186832
8327,0.0000047518
8328,0.0000000000
8329,0.0000047519
8330,0.0000186840
8331,0.0000408471
8332,0.0000697310
8333,0.0001033676
8334,0.0001394649
8335,0.0001755628
8336,0.0002092016
8337,0.0002380888
8338,0.0002602557
8339,0.0002741916
8340,0.0002789469
8341,0.0002741972
8342,0.0002602662
8343,0.0002381033
8344,0.0002092186
8345,0.0001755807
8346,0.0001394819
8347,0.0001033823
8348,0.0000697423
8349,0.0000408545
8350,0.0000186878
8351,0.0000047530
8352,0.0000000000
8353,0.0000023765
8354,0.0000093443
8355,0.0000204285
8356,0.0000348739
8357,0.0000516963
8358,0.0000697492
8359,0.0000878025
8360,0.0001046258
8361,0.0001190728
8362,0.0001301588
8363,0.0001371284
8364,0.0001395065
8365,0.0001371310
8366,0.0001301638
8367,0.0001190796
8368,0.0001046339
8369,0.0000878109
8370,0.0000697572
8371,0.0000517032
8372,0.0000348793
8373,0.0000204320
8374,0.0000093460
8375,0.0000023770
8376,0.0000000000
8377,0.0000023771
8378,0.0000093464
8379,0.0000204331
8380,0.0000348819
8381,0.0000517080
8382,0.0000697650
8383,0.0000878223
8384,0.0001046494
8385,0.0001190996
8386,0.0001301880
8387,0.0001371591
8388,0.0001395376
8389,0.0001371616
8390,0.0001301927
8391,0.0001191060
8392,0.0001046570
8393,0.0000878303
8394,0.0000697726
8395,0.0000517146
8396,0.0000348869
8397,0.0000204365
8398,0.0000093481
8399,0.0000023775
8400,0.0000000000
8401,0.0000047552
8402,0.0000186968
8403,0.0000408751
8404,0.0000697787
8405,0.0001034382
8406,0.0001395598
8407,0.0001756820
8408,0.0002093432
8409,0.0002382495
8410,0.0002604310
8411,0.0002743759
8412,0.0002791338
8413,0.0002743805
8414,0.0002604398
8415,0.0002382616
8416,0.0002093574
8417,0.0001756968
8418,0.0001395739
8419,0.0001034504
8420,0.0000697881
8421,0.0000408813
8422,0.0000187000
8423,0.0000047561
8424,0.0000000000
8425,0.0000047561
8426,0.0000187006
8427,0.0000408833
8428,0.0000697927
8429,0.0001034588
8430,0.0001395876
8431,0.0001757169
8432,0.0002093847
8433,0.0002382966
8434,0.0002604823
8435,0.0002744298
8436,0.0002791885
8437,0.0002744341
8438,0.0002604905
8439,0.0002383079
8440,0.0002093979
8441,0.0001757308
8442,0.0001396008
8443,0.0001034702
8444,0.0000698015
8445,0.0000408891
8446,0.0000187035
8447,0.0000047570
8448,0.0000000000
8449,0.0000047570
8450,0.0000187041
8451,0.0000408909
8452,0.0000698057
8453,0.0001034781
8454,0.0001396135
8455,0.0001757494
8456,0.0002094234
8457,0.0002383404
8458,0.0002605300
8459,0.0002744799
8460,0.0002792393
8461,0.0002744839
8462,0.0002605377
8463,0.0002383509
8464,0.0002094356
8465,0.0001757623
8466,0.0001396257
8467,0.0001034887
8468,0.0000698139
8469,0.0000408963
8470,0.0000187068
8471,0.0000047578
8472,0.0000000000
8473,0.0000047579
8474,0.0000187074
8475,0.0000408980
8476,0.0000698178
8477,0.0001034959
8478,0.0001396375
8479,0.0001757795
8480,0.0002094591
8481,0.0002383810
8482,0.0002605742
8483,0.0002745263
8484,0.0002792863
8485,0.0002745300
8486,0.0002605812
8487,0.0002383906
8488,0.0002094704
8489,0.0001757913
8490,0.0001396487
8491,0.0001035057
8492,0.0000698253
8493,0.0000409030
8494,0.0000187099
8495,0.0000047586
8496,0.0000000000
8497,0.0000047586
8498,0.0000187104
8499,0.0000409046
8500,0.0000698289
8501,0.0001035123
8502,0.0001396595
8503,0.0001758072
8504,0.0002094919
8505,0.0002384182
8506,0.0002606147
8507,0.0002745688
8508,0.0002793295
8509,0.0002745722
8510,0.0002606211
8511,0.0002384270
8512,0.0002095022
8513,0.0001758180
8514,0.0001396698
8515,0.0001035212
8516,0.0000698357
8517,0.0000409091
8518,0.0000187127
8519,0.0000047593
8520,0.0000000000
8521,0.0000023797
8522,0.0000093565
8523,0.0000204553
8524,0.0000349195
8525,0.0000517636
8526,0.0000698398
8527,0.0000879162
8528,0.0001047609
8529,0.0001192261
8530,0.0001303258
8531,0.0001373038
8532,0.0001396844
8533,0.0001373053
8534,0.0001303287
8535,0.0001192300
8536,0.0001047656
8537,0.0000879211
8538,0.0000698445
8539,0.0000517677
8540,0.0000349226
8541,0.0000204573
8542,0.0000093576
8543,0.0000023800
8544,0.0000000000
8545,0.0000023800
8546,0.0000093578
8547,0.0000204580
8548,0.0000349241
8549,0.0000517704
8550,0.0000698489
8551,0.0000879276
8552,0.0001047744
8553,0.0001192414
8554,0.0001303425
8555,0.0001373212
8556,0.0001397020
8557,0.0001373226
8558,0.0001303451
8559,0.0001192449
8560,0.0001047786
8561,0.0000879320
8562,0.0000698531
8563,0.0000517740
8564,0.0000349269
8565,0.0000204598
8566,0.0000093587
8567,0.0000023802
8568,0.0000000000
8569,0.0000047605
8570,0.0000187178
8571,0.0000409207
8572,0.0000698564
8573,0.0001035529
8574,0.0001397140
8575,0.0001758755
8576,0.0002095729
8577,0.0002385100
8578,0.0002607146
8579,0.0002746736
8580,0.0002794355
8581,0.0002746760
8582,0.0002607192
8583,0.0002385163
8584,0.0002095803
8585,0.0001758832
8586,0.0001397214
8587,0.0001035593
8588,0.0000698613
8589,0.0000409240
8590,0.0000187194
8591,0.0000047610
8592,0.0000000000
8593,0.0000047610
8594,0.0000187197
8595,0.0000409250
8596,0.0000698636
8597,0.0001035635
8598,0.0001397283
8599,0.0001758933
8600,0.0002095941
8601,0.0002385339
8602,0.0002607406
8603,0.0002747008
8604,0.0002794631
8605,0.0002747029
8606,0.0002607446
8607,0.0002385394
8608,0.0002096005
8609,0.0001759000
8610,0.0001397347
8611,0.0001035691
8612,0.0000698679
8613,0.0000409278
8614,0.0000187212
8615,0.0000047614
8616,0.0000000000
8617,0.0000047615
8618,0.0000187214
8619,0.0000409287
8620,0.0000698698
8621,0.0001035727
8622,0.0001397406
8623,0.0001759087
8624,0.0002096123
8625,0.0002385545
8626,0.0002607630
8627,0.0002747242
8628,0.0002794867
8629,0.0002747260
8630,0.0002607663
8631,0.0002385591
8632,0.0002096177
8633,0.0001759144
8634,0.0001397460
8635,0.0001035774
8636,0.0000698734
8637,0.0000409310
8638,0.0000187226
8639,0.0000047618
8640,0.0000000000
8641,0.0000047618
8642,0.0000187229
8643,0.0000409318
8644,0.0000698751
8645,0.0001035804
8646,0.0001397509
8647,0.0001759216
8648,0.0002096276
8649,0.0002385717
8650,0.0002607816
8651,0.0002747437
8652,0.0002795064
8653,0.0002747452
8654,0.0002607844
8655,0.0002385755
8656,0.0002096320
8657,0.0001759263
8658,0.0001397554
8659,0.0001035843
8660,0.0000698780
8661,0.0000409337
8662,0.0000187239
8663,0.0000047621
8664,0.0000000000
8665,0.0000047621
8666,0.0000187240
8667,0.0000409343
8668,0.0000698793
8669,0.0001035867
8670,0.0001397593
8671,0.0001759321
8672,0.0002096399
8673,0.0002385856
8674,0.0002607967
8675,0.0002747594
8676,0.0002795222
8677,0.0002747605
8678,0.0002607988
8679,0.0002385886
8680,0.0002096433
8681,0.0001759357
8682,0.0001397628
8683,0.0001035897
8684,0.0000698816
8685,0.0000409358
8686,0.0000187248
8687,0.0000047623
8688,0.0000000000
8689,0.0000023812
8690,0.0000093625
8691,0.0000204681
8692,0.0000349413
8693,0.0000517958
8694,0.0000698829
8695,0.0000879700
8696,0.0001048246
8697,0.0001192981
8698,0.0001304040
8699,0.0001373856
8700,0.0001397670
8701,0.0001373860
8702,0.0001304048
8703,0.0001192991
8704,0.0001048258
8705,0.0000879713
8706,0.0000698841
8707,0.0000517968
8708,0.0000349421
8709,0.0000204687
8710,0.0000093627
8711,0.0000023813
8712,0.0000000000
8713,0.0000023813
8714,0.0000093628
8715,0.0000204688
8716,0.0000349425
8717,0.0000517974
8718,0.0000698851
8719,0.0000879728
8720,0.0001048278
8721,0.0001193016
8722,0.0001304078
8723,0.0001373895
8724,0.0001397709
8725,0.0001373898
8726,0.0001304083
8727,0.0001193023
8728,0.0001048286
8729,0.0000879735
8730,0.0000698858
8731,0.0000517981
8732,0.0000349430
8733,0.0000204691
8734,0.0000093629
8735,0.0000023813
8736,0.0000000000
8737,0.0000047626
8738,0.0000187259
8739,0.0000409384
8740,0.0000698862
8741,0.0001035968
8742,0.0001397726
8743,0.0001759485
8744,0.0002096591
8745,0.0002386071
8746,0.0002608197
8747,0.0002747831
8748,0.0002795458
8749,0.0002747833
8750,0.0002608200
8751,0.0002386075
8752,0.0002096596
8753,0.0001759490
8754,0.0001397731
8755,0.0001035972
8756,0.0000698866
8757,0.0000409386
8758,0.0000187261
8759,0.0000047627
